txn_dt,brkr_id,cli_id,scrip,direction,units,rate_inr,net_val_inr
11-20-2025,ALPHA_SEC,CL884301,KOTAKBANK,B,310,1003.28,311016.8
23-Nov-25,DELTA_TRADES,CL712254,SBIN,B,82,1021.3,83746.6
26-Nov-25,DELTA_TRADES,CL814533,INFY,B,83,1850.48,153589.84
20/11/2025,OMEGA_BROKING,CL875587,LT,B,310,2086.31,646756.1
24/11/2025,DELTA_TRADES,CL402421,INFY,B,220,1545.8,340076.0
2025-11-21,OMEGA_BROKING,CL069667,TATAMOTORS,B,341,363.16,123837.56
26/11/2025,ALPHA_SEC,CL275538,ICICIBANK,B,107,564.25,60374.75
11-23-2025,DELTA_TRADES,CL557621,ITC,B,136,318.97,43379.92
25/11/2025,OMEGA_BROKING,CL169005,LT,B,262,2007.35,525925.7
24/11/2025,OMEGA_BROKING,CL899234,INFY,S,122,2242.94,273638.68
11-25-2025,OMEGA_BROKING,CL214635,KOTAKBANK,S,380,1632.77,620452.6
24/11/2025,ALPHA_SEC,CL379729,ICICIBANK,S,310,2557.52,792831.2
2025-11-24,BETA_INVEST,CL999560,RELIANCE,S,336,993.36,333768.96
20/11/2025,BETA_INVEST,CL157388,TATAMOTORS,B,224,129.67,22088.53
11-22-2025,BETA_INVEST,CL999208,ICICIBANK,B,243,2658.09,645915.87
2025-11-24,DELTA_TRADES,CL085707,TATAMOTORS,S,369,128.99,47597.31
20-Nov-25,OMEGA_BROKING,CL513627,TATAMOTORS,S,274,1406.17,385290.58
11-23-2025,OMEGA_BROKING,CL693423,TATAMOTORS,S,170,1073.36,182471.2
2025-11-20,OMEGA_BROKING,CL206755,ITC,B,200,1955.25,391050.0
11-24-2025,OMEGA_BROKING,CL990772,KOTAKBANK,S,74,297.59,22021.66
11-22-2025,BETA_INVEST,CL950408,TATAMOTORS,B,283,1607.24,454848.92
2025-11-22,OMEGA_BROKING,CL126507,ITC,S,234,947.97,221824.98
25-Nov-25,OMEGA_BROKING,CL322580,ICICIBANK,B,244,1659.64,404952.16
11-29-2025,OMEGA_BROKING,CL808318,AXISBANK,S,168,1719.01,288793.68
2025-11-24,BETA_INVEST,CL584931,RELIANCE,S,378,1005.99,380264.22
26-Nov-25,OMEGA_BROKING,CL385216,ICICIBANK,S,353,149.54,52787.62
11-25-2025,DELTA_TRADES,CL760059,HDFC,B,154,2541.7,391421.8
25-Nov-25,DELTA_TRADES,CL940069,TATAMOTORS,B,115,1469.05,168940.75
20/11/2025,DELTA_TRADES,CL081951,SBIN,S,340,1626.89,553142.6
26-Nov-25,ALPHA_SEC,CL330792,HDFC,S,208,267.93,55729.44
25-Nov-25,BETA_INVEST,CL384617,RELIANCE,S,341,606.78,206911.98
2025-11-22,BETA_INVEST,CL646674,LT,B,51,2351.15,119908.65
2025-11-23,OMEGA_BROKING,CL055940,INFY,S,302,1549.86,468057.72
26-Nov-25,BETA_INVEST,CL951769,AXISBANK,S,174,2632.96,458135.04
11-20-2025,BETA_INVEST,CL475430,HDFC,B,43,1425.34,61289.62
23/11/2025,ALPHA_SEC,CL113613,SBIN,S,106,2580.03,273483.18
2025-11-22,DELTA_TRADES,CL874206,RELIANCE,S,67,1380.96,92524.32
2025-11-26,BETA_INVEST,CL515422,RELIANCE,B,71,1202.43,85372.53
26/11/2025,BETA_INVEST,CL543620,RELIANCE,S,234,410.96,96164.64
11-25-2025,BETA_INVEST,CL480930,KOTAKBANK,S,187,997.65,186560.55
21-Nov-25,OMEGA_BROKING,CL663081,INFY,S,28,975.3,27308.4
26-Nov-25,DELTA_TRADES,CL104702,HDFC,B,68,2663.44,181113.92
11-22-2025,BETA_INVEST,CL367840,ICICIBANK,S,158,2403.23,379710.34
26/11/2025,BETA_INVEST,CL975228,TATAMOTORS,S,177,2397.87,424422.99
2025-11-24,DELTA_TRADES,CL807185,ITC,B,152,581.47,88383.44
2025-11-26,DELTA_TRADES,CL679628,KOTAKBANK,S,268,2487.57,666668.76
11-23-2025,ALPHA_SEC,CL671351,SBIN,S,143,259.93,37169.99
11-23-2025,ALPHA_SEC,CL236400,TATAMOTORS,S,88,2562.8,225526.4
2025-11-26,OMEGA_BROKING,CL251847,HDFC,B,358,1121.11,401357.38
2025-11-21,DELTA_TRADES,CL988923,ICICIBANK,S,269,2527.12,679795.28
11-22-2025,DELTA_TRADES,CL994084,ICICIBANK,S,271,580.48,157310.08
11-24-2025,ALPHA_SEC,CL439278,RELIANCE,S,54,2198.92,118741.68
2025-11-23,OMEGA_BROKING,CL272225,SBIN,B,290,2713.38,786880.2
11-29-2025,BETA_INVEST,CL298279,LT,B,233,748.75,174458.75
11-23-2025,BETA_INVEST,CL534884,KOTAKBANK,S,358,871.74,291296.48
2025-11-21,DELTA_TRADES,CL133992,KOTAKBANK,B,269,2024.75,544657.75
2025-11-25,OMEGA_BROKING,CL094723,LT,B,83,2642.62,219337.46
23-Nov-25,BETA_INVEST,CL938070,TATAMOTORS,B,366,179.95,
2025-11-25,DELTA_TRADES,CL929974,KOTAKBANK,S,180,1290.54,232297.2
26/11/2025,OMEGA_BROKING,CL382700,KOTAKBANK,S,272,428.22,116475.84
2025-11-22,DELTA_TRADES,CL282084,ICICIBANK,B,305,1818.36,554599.8
20-Nov-25,OMEGA_BROKING,CL251254,KOTAKBANK,S,8,688.88,5511.04
2025-11-21,DELTA_TRADES,CL983387,KOTAKBANK,S,157,2082.86,327009.02
26/11/2025,BETA_INVEST,CL745118,SBIN,B,339,707.33,239784.87
2025-11-21,DELTA_TRADES,CL780949,LT,S,349,695.65,242781.85
11-21-2025,ALPHA_SEC,CL104300,KOTAKBANK,S,327,2398.71,784378.17
23/11/2025,DELTA_TRADES,CL363523,ITC,S,147,2736.88,402321.36
20-Nov-25,BETA_INVEST,CL815529,TATAMOTORS,B,26,1282.83,33353.58
21-Nov-25,OMEGA_BROKING,CL384488,ITC,S,81,1382.38,111972.78
25/11/2025,ALPHA_SEC,CL406988,INFY,B,261,832.22,217209.42
25/11/2025,BETA_INVEST,CL554098,INFY,S,138,321.8,
2025-11-22,BETA_INVEST,CL529139,HDFC,S,376,492.93,185341.68
2025-11-21,ALPHA_SEC,CL944325,TATAMOTORS,S,60,2464.6,147876.0
11-21-2025,ALPHA_SEC,CL498816,LT,B,258,2752.23,710075.34
11-20-2025,BETA_INVEST,CL779303,TATAMOTORS,B,283,1312.74,245394.59
23-Nov-25,DELTA_TRADES,CL502272,INFY,B,271,1527.83,414041.93
11-22-2025,BETA_INVEST,CL149685,TATAMOTORS,S,87,2333.56,203019.72
2025-11-24,OMEGA_BROKING,CL631862,LT,B,235,375.24,88181.4
11-26-2025,OMEGA_BROKING,CL390832,INFY,B,104,688.77,71632.08
2025-11-23,OMEGA_BROKING,CL643830,AXISBANK,S,180,268.6,48348.0
23-Nov-25,OMEGA_BROKING,CL753102,SBIN,B,343,2628.9,901712.7
23/11/2025,ALPHA_SEC,CL149372,ICICIBANK,S,264,1276.24,336927.36
25/11/2025,OMEGA_BROKING,CL510752,ITC,S,4,1813.1,7252.4
11-22-2025,DELTA_TRADES,CL496616,TATAMOTORS,B,195,367.39,71641.05
26-Nov-25,BETA_INVEST,CL755274,ITC,B,162,245.18,39719.16
11-23-2025,DELTA_TRADES,CL444046,ITC,S,334,2228.49,744315.66
11-20-2025,BETA_INVEST,CL636770,LT,B,112,488.05,54661.6
23/11/2025,OMEGA_BROKING,CL338705,ITC,S,170,1454.56,247275.2
25-Nov-25,BETA_INVEST,CL277951,AXISBANK,S,292,406.99,118841.08
2025-11-22,DELTA_TRADES,CL673838,ICICIBANK,B,112,532.5,59640.0
26-Nov-25,BETA_INVEST,CL336436,INFY,S,248,1585.16,393119.68
2025-11-21,DELTA_TRADES,CL401315,SBIN,B,379,1948.52,738489.08
25-Nov-25,OMEGA_BROKING,CL915331,HDFC,S,274,2145.51,587869.74
2025-11-24,OMEGA_BROKING,CL598092,INFY,B,218,1927.31,420153.58
25/11/2025,ALPHA_SEC,CL012665,TATAMOTORS,B,63,1255.09,79070.67
21-Nov-25,OMEGA_BROKING,CL019292,KOTAKBANK,S,398,2195.97,873996.06
25-Nov-25,BETA_INVEST,CL654784,SBIN,S,348,169.32,58923.36
11-21-2025,BETA_INVEST,CL964109,SBIN,S,146,2241.46,327253.16
21/11/2025,DELTA_TRADES,CL700070,TATAMOTORS,S,181,1060.47,191945.07
2025-11-21,ALPHA_SEC,CL914487,ITC,B,21,2561.73,53796.33
2025-11-22,BETA_INVEST,CL178547,INFY,S,389,1956.56,761101.84
25/11/2025,ALPHA_SEC,CL719317,KOTAKBANK,S,300,1309.71,392913.0
2025-11-25,BETA_INVEST,CL398710,KOTAKBANK,B,269,1811.69,487344.61
11-22-2025,ALPHA_SEC,CL788791,INFY,S,74,705.42,52201.08
2025-11-25,ALPHA_SEC,CL128423,ITC,S,59,832.33,49107.47
11-26-2025,OMEGA_BROKING,CL807695,HDFC,B,273,834.08,227703.84
22-Nov-25,BETA_INVEST,CL133544,ICICIBANK,S,399,1126.05,449293.95
25-Nov-25,OMEGA_BROKING,CL662180,SBIN,B,286,2560.82,732394.52
11-29-2025,ALPHA_SEC,CL070791,LT,S,200,860.53,172106.0
25-Nov-25,ALPHA_SEC,CL228937,INFY,B,279,1140.01,318062.79
23/11/2025,DELTA_TRADES,CL606437,TATAMOTORS,B,316,2651.42,837848.72
23/11/2025,BETA_INVEST,CL113898,TATAMOTORS,B,245,2599.39,636850.55
26/11/2025,BETA_INVEST,CL682640,SBIN,B,231,2164.75,500057.25
11-22-2025,DELTA_TRADES,CL793665,INFY,S,290,2560.0,742400.0
23/11/2025,DELTA_TRADES,CL237944,TATAMOTORS,S,305,1648.27,502722.35
26-Nov-25,ALPHA_SEC,CL855758,HDFC,B,157,626.72,98395.04
29-Nov-25,ALPHA_SEC,CL542054,ICICIBANK,B,53,1947.59,103222.27
11-25-2025,BETA_INVEST,CL099638,KOTAKBANK,B,107,2668.82,285563.74
2025-11-24,OMEGA_BROKING,CL171422,KOTAKBANK,B,72,1239.75,89262.0
11-21-2025,DELTA_TRADES,CL230609,INFY,B,52,2682.41,139485.32
11-21-2025,DELTA_TRADES,CL408120,ICICIBANK,B,117,2206.12,258116.04
11-24-2025,OMEGA_BROKING,CL883824,LT,B,176,982.17,172861.92
20-Nov-25,DELTA_TRADES,CL133190,ITC,B,226,2549.26,576132.76
2025-11-24,DELTA_TRADES,CL206351,LT,S,222,1455.62,323147.64
24-Nov-25,OMEGA_BROKING,CL558894,RELIANCE,B,340,339.6,71485.15
2025-11-20,ALPHA_SEC,CL469796,ITC,B,81,493.59,39980.79
20/11/2025,ALPHA_SEC,CL894292,INFY,S,223,2496.6,556741.8
2025-11-21,OMEGA_BROKING,CL499761,RELIANCE,B,224,571.89,128103.36
11-25-2025,BETA_INVEST,CL007500,SBIN,S,124,2481.17,307665.08
23/11/2025,DELTA_TRADES,CL019441,ITC,S,353,1470.64,519135.92
24/11/2025,ALPHA_SEC,CL216855,LT,S,93,1540.1,143229.3
11-25-2025,OMEGA_BROKING,CL206791,RELIANCE,S,144,2162.16,311351.04
20-Nov-25,BETA_INVEST,CL618057,LT,B,51,1720.98,87769.98
11-22-2025,BETA_INVEST,CL372616,LT,B,70,1834.71,128429.7
11-21-2025,OMEGA_BROKING,CL193532,ITC,B,191,1756.47,335485.77
2025-11-21,BETA_INVEST,CL352699,LT,S,151,2095.44,316411.44
24-Nov-25,DELTA_TRADES,CL348723,TATAMOTORS,B,268,909.5,243746.0
2025-11-26,BETA_INVEST,CL489102,ITC,B,251,1969.44,494329.44
21-Nov-25,BETA_INVEST,CL050986,AXISBANK,S,321,2687.95,862831.95
2025-11-20,DELTA_TRADES,CL818766,AXISBANK,S,333,493.72,164408.76
20-Nov-25,ALPHA_SEC,CL633064,KOTAKBANK,S,290,1453.76,421590.4
23-Nov-25,OMEGA_BROKING,CL487436,HDFC,S,182,1779.19,323812.58
11-20-2025,OMEGA_BROKING,CL677296,TATAMOTORS,B,367,2322.38,852313.46
11-21-2025,DELTA_TRADES,CL574257,KOTAKBANK,B,11,229.26,2521.86
11-21-2025,BETA_INVEST,CL136034,ICICIBANK,S,310,2689.79,833834.9
24-Nov-25,ALPHA_SEC,CL757848,SBIN,S,180,1398.52,251733.6
11-23-2025,ALPHA_SEC,CL104033,HDFC,S,68,2214.01,150552.68
11-20-2025,DELTA_TRADES,CL384661,KOTAKBANK,B,249,2078.65,517583.85
2025-11-25,ALPHA_SEC,CL214990,ICICIBANK,B,66,1283.49,84710.34
22-Nov-25,ALPHA_SEC,CL507141,AXISBANK,B,221,1638.22,362046.62
11-26-2025,ALPHA_SEC,CL727348,KOTAKBANK,S,258,1157.26,298573.08
2025-11-20,DELTA_TRADES,CL994336,INFY,S,19,2573.22,48891.18
21/11/2025,BETA_INVEST,CL176323,HDFC,B,349,427.28,149120.72
26-Nov-25,DELTA_TRADES,CL158592,LT,S,21,2195.87,46113.27
24-Nov-25,ALPHA_SEC,CL162877,INFY,S,141,1232.52,173785.32
2025-11-21,ALPHA_SEC,CL354167,TATAMOTORS,B,342,2539.25,868423.5
2025-11-25,OMEGA_BROKING,CL635002,INFY,B,11,129.81,1427.91
2025-11-24,OMEGA_BROKING,CL578813,KOTAKBANK,B,46,1082.35,49788.1
2025-11-25,ALPHA_SEC,CL722386,HDFC,S,127,2454.67,311743.09
2025-11-21,BETA_INVEST,CL836246,INFY,B,307,224.45,68906.15
25-Nov-25,ALPHA_SEC,CL486328,HDFC,S,196,2401.07,470609.72
2025-11-23,BETA_INVEST,CL079025,LT,S,384,2451.98,941560.32
2025-11-22,DELTA_TRADES,CL927516,TATAMOTORS,B,327,2160.56,706503.12
22/11/2025,DELTA_TRADES,CL214827,RELIANCE,B,37,166.89,
21/11/2025,OMEGA_BROKING,CL196556,ICICIBANK,S,87,335.58,29195.46
11-22-2025,DELTA_TRADES,CL907727,LT,B,101,2292.8,231572.8
23-Nov-25,BETA_INVEST,CL461966,KOTAKBANK,B,165,1171.65,193322.25
11-26-2025,OMEGA_BROKING,CL502956,INFY,S,80,2312.81,185024.8
21-Nov-25,DELTA_TRADES,CL274073,HDFC,B,75,1727.5,129562.5
23/11/2025,BETA_INVEST,CL067176,HDFC,B,23,2093.22,48144.06
2025-11-29,DELTA_TRADES,CL019926,TATAMOTORS,B,279,1269.68,354240.72
26/11/2025,OMEGA_BROKING,CL678735,HDFC,B,367,1340.08,491809.36
23/11/2025,DELTA_TRADES,CL538535,AXISBANK,S,141,964.16,135946.56
11-26-2025,OMEGA_BROKING,CL257750,SBIN,S,272,2129.54,579234.88
23/11/2025,ALPHA_SEC,CL582075,AXISBANK,S,279,744.51,207718.29
20-Nov-25,OMEGA_BROKING,CL205194,AXISBANK,B,293,2427.41,711231.13
11-26-2025,ALPHA_SEC,CL228787,AXISBANK,B,110,490.95,54004.5
20-Nov-25,DELTA_TRADES,CL481856,HDFC,S,38,224.84,8543.92
20-Nov-25,OMEGA_BROKING,CL090685,HDFC,B,184,1926.45,354466.8
24/11/2025,BETA_INVEST,CL162344,ICICIBANK,B,54,548.83,29636.82
23/11/2025,DELTA_TRADES,CL638848,LT,S,71,975.48,69259.08
26-Nov-25,ALPHA_SEC,CL775944,ICICIBANK,B,87,1225.94,106656.78
23/11/2025,DELTA_TRADES,CL164015,KOTAKBANK,B,28,1242.67,34794.76
2025-11-22,OMEGA_BROKING,CL023558,TATAMOTORS,S,183,2206.84,262395.58
2025-11-22,OMEGA_BROKING,CL889653,SBIN,B,247,806.42,199185.74
2025-11-21,ALPHA_SEC,CL422546,INFY,B,272,1696.98,461578.56
23-Nov-25,OMEGA_BROKING,CL560390,RELIANCE,B,194,561.23,108878.62
11-21-2025,ALPHA_SEC,CL486786,ICICIBANK,B,138,210.72,29079.36
11-21-2025,DELTA_TRADES,CL967788,LT,B,19,1223.48,23246.12
11-25-2025,DELTA_TRADES,CL788032,AXISBANK,B,248,733.12,181813.76
23/11/2025,OMEGA_BROKING,CL519735,ICICIBANK,B,195,273.39,53311.05
26/11/2025,DELTA_TRADES,CL446145,INFY,B,383,2622.19,1004298.77
11-20-2025,OMEGA_BROKING,CL641516,ICICIBANK,B,159,357.99,56920.41
24/11/2025,DELTA_TRADES,CL594630,ITC,S,329,2099.93,690876.97
22-Nov-25,ALPHA_SEC,CL394499,AXISBANK,S,227,426.13,96731.51
21/11/2025,DELTA_TRADES,CL493167,ICICIBANK,S,291,1892.84,550816.44
25-Nov-25,BETA_INVEST,CL991871,SBIN,S,50,910.2,45510.0
26-Nov-25,OMEGA_BROKING,CL062896,AXISBANK,B,153,1072.34,164068.02
2025-11-25,ALPHA_SEC,CL406925,AXISBANK,B,94,1001.67,94156.98
24/11/2025,BETA_INVEST,CL317252,ITC,S,247,2418.06,597260.82
11-26-2025,ALPHA_SEC,CL305770,SBIN,B,299,2209.39,660607.61
23-Nov-25,BETA_INVEST,CL156952,ICICIBANK,B,29,663.53,19242.37
25/11/2025,OMEGA_BROKING,CL744855,AXISBANK,B,173,694.76,120193.48
22/11/2025,ALPHA_SEC,CL850616,KOTAKBANK,S,330,1834.84,605497.2
20/11/2025,OMEGA_BROKING,CL008429,TATAMOTORS,S,131,1917.59,251204.29
25/11/2025,BETA_INVEST,CL015829,INFY,S,85,164.83,
22-Nov-25,DELTA_TRADES,CL836138,ITC,B,201,1979.69,397917.69
26/11/2025,ALPHA_SEC,CL408799,HDFC,S,91,903.68,82234.88
2025-11-23,DELTA_TRADES,CL471203,HDFC,S,9,1441.33,12971.97
2025-11-26,ALPHA_SEC,CL916260,ITC,B,176,295.47,52002.72
25-Nov-25,OMEGA_BROKING,CL309640,HDFC,B,71,1740.7,123589.7
2025-11-20,OMEGA_BROKING,CL510755,SBIN,B,48,362.85,17416.8
2025-11-23,ALPHA_SEC,CL076671,ICICIBANK,S,25,855.43,21385.75
24/11/2025,DELTA_TRADES,CL389717,LT,S,189,2614.27,494097.03
24/11/2025,BETA_INVEST,CL335295,ICICIBANK,B,66,1263.0,83358.0
11-26-2025,DELTA_TRADES,CL118663,HDFC,S,18,2567.61,46216.98
11-26-2025,ALPHA_SEC,CL963602,INFY,B,224,1661.82,372247.68
11-26-2025,ALPHA_SEC,CL359728,KOTAKBANK,B,391,1983.98,775736.18
25/11/2025,ALPHA_SEC,CL279818,KOTAKBANK,B,303,1556.72,471686.16
26-Nov-25,BETA_INVEST,CL814086,TATAMOTORS,B,100,2489.23,132154.46
11-21-2025,OMEGA_BROKING,CL789070,LT,S,228,1723.12,392871.36
23/11/2025,ALPHA_SEC,CL733250,ITC,S,196,482.77,94622.92
2025-11-22,ALPHA_SEC,CL184914,RELIANCE,B,156,2774.17,432770.52
25-Nov-25,OMEGA_BROKING,CL750309,ICICIBANK,S,188,113.39,21317.32
26/11/2025,BETA_INVEST,CL570364,KOTAKBANK,B,163,2116.15,344932.45
22-Nov-25,DELTA_TRADES,CL438819,RELIANCE,S,393,1753.24,689023.32
25-Nov-25,DELTA_TRADES,CL399691,TATAMOTORS,S,152,279.27,42449.04
11-25-2025,BETA_INVEST,CL820079,RELIANCE,B,112,1123.93,125880.16
2025-11-23,OMEGA_BROKING,CL637229,INFY,S,140,1967.43,275440.2
11-24-2025,BETA_INVEST,CL630113,HDFC,B,389,595.43,231622.27
24/11/2025,DELTA_TRADES,CL908554,RELIANCE,S,47,1368.46,64317.62
20/11/2025,OMEGA_BROKING,CL934821,ITC,S,400,395.37,158148.0
23/11/2025,BETA_INVEST,CL946960,RELIANCE,B,379,2759.49,
11-24-2025,DELTA_TRADES,CL962397,AXISBANK,S,137,1062.42,145551.54
25-Nov-25,ALPHA_SEC,CL039722,ICICIBANK,B,197,1852.03,364849.91
25-Nov-25,DELTA_TRADES,CL191873,HDFC,B,268,2408.7,645531.6
22-Nov-25,BETA_INVEST,CL289788,TATAMOTORS,S,143,2198.34,314362.62
22-Nov-25,BETA_INVEST,CL184520,LT,S,243,2195.34,533467.62
11-26-2025,ALPHA_SEC,CL731107,ITC,S,31,1155.42,35818.02
2025-11-22,BETA_INVEST,CL312385,KOTAKBANK,S,191,2641.29,504486.39
11-21-2025,BETA_INVEST,CL392902,SBIN,B,240,355.01,85202.4
22/11/2025,BETA_INVEST,CL016329,ITC,B,330,646.9,213477.0
25/11/2025,DELTA_TRADES,CL140620,AXISBANK,S,303,360.2,109140.6
23/11/2025,DELTA_TRADES,CL427776,INFY,S,174,596.94,103867.56
11-21-2025,BETA_INVEST,CL233821,LT,S,109,309.14,33696.26
11-24-2025,OMEGA_BROKING,CL647821,HDFC,S,340,1666.45,566593.0
2025-11-25,DELTA_TRADES,CL357739,ICICIBANK,S,183,2000.85,366155.55
24-Nov-25,DELTA_TRADES,CL936416,KOTAKBANK,B,15,2733.57,41003.55
2025-11-23,ALPHA_SEC,CL397994,HDFC,S,212,1381.85,292952.2
23-Nov-25,BETA_INVEST,CL967620,ITC,S,191,618.9,118209.9
21-Nov-25,OMEGA_BROKING,CL765372,LT,B,190,2797.16,531460.4
11-22-2025,OMEGA_BROKING,CL705782,KOTAKBANK,S,336,552.43,185616.48
11-25-2025,DELTA_TRADES,CL635000,HDFC,B,385,307.88,118533.8
11-21-2025,ALPHA_SEC,CL133487,RELIANCE,B,11,1788.82,19677.02
2025-11-22,OMEGA_BROKING,CL382180,LT,B,141,1119.22,157810.02
2025-11-25,BETA_INVEST,CL163267,SBIN,S,263,284.28,74765.64
2025-11-23,BETA_INVEST,CL031199,ITC,B,301,770.39,231887.39
2025-11-21,OMEGA_BROKING,CL500282,INFY,B,241,925.01,222927.41
23-Nov-25,ALPHA_SEC,CL211864,TATAMOTORS,S,32,945.71,30262.72
11-24-2025,ALPHA_SEC,CL056690,TATAMOTORS,S,299,277.69,83029.31
25-Nov-25,BETA_INVEST,CL385806,ICICIBANK,B,28,1327.34,37165.52
25/11/2025,ALPHA_SEC,CL529030,INFY,B,247,1628.76,402303.72
20/11/2025,BETA_INVEST,CL942186,KOTAKBANK,S,364,2674.3,973445.2
26-Nov-25,OMEGA_BROKING,CL775270,LT,S,132,1685.97,222548.04
2025-11-20,DELTA_TRADES,CL097038,INFY,B,79,2570.17,203043.43
2025-11-20,BETA_INVEST,CL770468,HDFC,S,18,909.57,16372.26
21/11/2025,BETA_INVEST,CL159979,INFY,B,366,1650.76,604178.16
23/11/2025,BETA_INVEST,CL760366,KOTAKBANK,S,37,557.21,20616.77
2025-11-25,DELTA_TRADES,CL324014,TATAMOTORS,S,337,294.34,99192.58
11-20-2025,DELTA_TRADES,CL952707,AXISBANK,S,14,184.5,2583.0
2025-11-22,ALPHA_SEC,CL071726,RELIANCE,S,100,1615.59,161559.0
2025-11-20,DELTA_TRADES,CL335541,KOTAKBANK,B,82,1337.69,109690.58
26-Nov-25,OMEGA_BROKING,CL836512,LT,B,61,2445.77,149191.97
20-Nov-25,OMEGA_BROKING,CL724767,ITC,S,163,871.67,142082.21
11-21-2025,OMEGA_BROKING,CL053814,AXISBANK,S,8,2429.2,19433.6
2025-11-23,ALPHA_SEC,CL411738,RELIANCE,S,279,226.8,63277.2
2025-11-21,OMEGA_BROKING,CL860601,AXISBANK,S,47,1647.91,77451.77
2025-11-22,OMEGA_BROKING,CL891014,LT,B,298,1776.23,529316.54
11-21-2025,OMEGA_BROKING,CL143899,TATAMOTORS,B,310,2709.53,839954.3
11-26-2025,DELTA_TRADES,CL951497,LT,S,34,2775.37,94362.58
23-Nov-25,OMEGA_BROKING,CL650103,ITC,B,315,421.2,132678.0
2025-11-22,ALPHA_SEC,CL013559,TATAMOTORS,S,163,982.5,160147.5
26/11/2025,BETA_INVEST,CL334888,HDFC,B,158,507.82,80235.56
23/11/2025,DELTA_TRADES,CL351835,RELIANCE,B,154,2243.5,345499.0
11-24-2025,DELTA_TRADES,CL114638,TATAMOTORS,B,98,1002.21,98216.58
21-Nov-25,BETA_INVEST,CL231561,RELIANCE,B,25,179.63,4490.75
23/11/2025,ALPHA_SEC,CL938149,SBIN,S,244,2690.8,656555.2
2025-11-22,BETA_INVEST,CL381958,KOTAKBANK,S,192,1655.07,317773.44
24/11/2025,BETA_INVEST,CL873982,TATAMOTORS,S,68,2795.9,190121.2
11-21-2025,OMEGA_BROKING,CL710816,LT,S,155,2622.09,
24-Nov-25,BETA_INVEST,CL405429,SBIN,B,10,617.96,6179.6
2025-11-22,OMEGA_BROKING,CL080276,INFY,B,343,2343.56,803841.08
11-24-2025,OMEGA_BROKING,CL088486,LT,B,345,1653.32,570395.4
24-Nov-25,OMEGA_BROKING,CL007292,ITC,B,50,1222.01,61100.5
2025-11-24,OMEGA_BROKING,CL821845,AXISBANK,S,218,1995.03,434916.54
2025-11-24,OMEGA_BROKING,CL421162,INFY,S,52,1088.32,56592.64
11-21-2025,OMEGA_BROKING,CL814603,ITC,B,94,2013.75,189292.5
26/11/2025,DELTA_TRADES,CL877180,HDFC,B,293,1413.69,414211.17
25/11/2025,OMEGA_BROKING,CL865335,LT,S,353,1974.73,697079.69
26-Nov-25,BETA_INVEST,CL828470,SBIN,S,161,1864.14,300126.54
11-22-2025,BETA_INVEST,CL125614,LT,S,16,957.14,15314.24
23/11/2025,DELTA_TRADES,CL720039,TATAMOTORS,S,238,2534.44,603196.72
21/11/2025,ALPHA_SEC,CL629398,AXISBANK,B,55,890.08,48954.4
20/11/2025,BETA_INVEST,CL102434,ICICIBANK,B,217,1152.86,250170.62
22/11/2025,BETA_INVEST,CL740857,LT,S,65,2481.07,161269.55
21-Nov-25,ALPHA_SEC,CL571942,TATAMOTORS,S,201,1247.89,250825.89
24/11/2025,BETA_INVEST,CL496652,KOTAKBANK,S,356,1698.04,604502.24
11-23-2025,ALPHA_SEC,CL634874,KOTAKBANK,B,317,206.31,65400.27
2025-11-23,ALPHA_SEC,CL453607,INFY,B,44,666.75,29337.0
2025-11-26,DELTA_TRADES,CL066424,INFY,B,2,2792.03,5584.06
26/11/2025,OMEGA_BROKING,CL941809,ITC,S,380,1763.49,670126.2
2025-11-23,ALPHA_SEC,CL048891,ICICIBANK,B,386,559.17,215839.62
25-Nov-25,BETA_INVEST,CL964653,AXISBANK,B,285,1347.24,383963.4
22/11/2025,DELTA_TRADES,CL967232,KOTAKBANK,B,252,1563.69,394049.88
20-Nov-25,OMEGA_BROKING,CL494635,TATAMOTORS,S,231,1264.61,292124.91
24/11/2025,ALPHA_SEC,CL813859,INFY,S,290,2459.0,713110.0
11-26-2025,DELTA_TRADES,CL010793,SBIN,B,42,281.28,11813.76
2025-11-26,BETA_INVEST,CL943537,INFY,S,221,1768.62,390865.02
2025-11-21,BETA_INVEST,CL129157,ICICIBANK,B,396,2302.42,911758.32
23/11/2025,ALPHA_SEC,CL160459,RELIANCE,B,287,1565.94,
23/11/2025,DELTA_TRADES,CL737592,RELIANCE,S,278,2594.72,721332.16
21-Nov-25,BETA_INVEST,CL318584,KOTAKBANK,B,72,1567.5,112860.0
11-24-2025,OMEGA_BROKING,CL708560,ITC,B,224,1433.27,321052.48
23-Nov-25,OMEGA_BROKING,CL848406,AXISBANK,S,201,2208.07,443822.07
24-Nov-25,BETA_INVEST,CL902462,RELIANCE,S,174,1368.27,238078.98
2025-11-23,OMEGA_BROKING,CL159836,TATAMOTORS,B,28,230.61,6457.08
21-Nov-25,OMEGA_BROKING,CL549120,INFY,S,323,1523.82,492193.86
21/11/2025,BETA_INVEST,CL687384,RELIANCE,S,145,302.92,43923.4
11-26-2025,ALPHA_SEC,CL421549,KOTAKBANK,S,325,360.46,117149.5
11-26-2025,OMEGA_BROKING,CL191729,HDFC,B,191,2251.36,430009.76
20/11/2025,DELTA_TRADES,CL461017,INFY,S,142,1998.34,283764.28
26-Nov-25,OMEGA_BROKING,CL365097,RELIANCE,B,369,2699.16,995990.04
2025-11-26,OMEGA_BROKING,CL753200,LT,B,36,2521.42,90771.12
20/11/2025,BETA_INVEST,CL538060,ICICIBANK,B,179,1799.57,322123.03
25-Nov-25,ALPHA_SEC,CL497009,INFY,S,373,144.8,54010.4
2025-11-22,BETA_INVEST,CL572436,ICICIBANK,S,234,1490.65,348812.1
11-23-2025,DELTA_TRADES,CL318554,ITC,B,5,1141.17,5705.85
11-29-2025,BETA_INVEST,CL747154,LT,S,320,1964.58,628665.6
11-23-2025,BETA_INVEST,CL422034,INFY,B,165,129.35,21342.75
11-21-2025,ALPHA_SEC,CL620974,SBIN,S,306,1395.37,426983.22
26-Nov-25,BETA_INVEST,CL894970,ITC,B,216,212.94,45995.04
11-29-2025,BETA_INVEST,CL967318,ITC,B,20,1321.58,26431.6
11-22-2025,OMEGA_BROKING,CL830640,AXISBANK,B,138,1639.34,226228.92
26-Nov-25,OMEGA_BROKING,CL297733,LT,B,154,1335.68,205694.72
22/11/2025,OMEGA_BROKING,CL026835,HDFC,B,253,716.55,181287.15
24-Nov-25,OMEGA_BROKING,CL331389,RELIANCE,S,44,467.58,20573.52
23/11/2025,OMEGA_BROKING,CL336420,TATAMOTORS,S,225,255.49,57485.25
11-20-2025,DELTA_TRADES,CL184361,HDFC,B,23,558.4,12843.2
2025-11-23,ALPHA_SEC,CL200470,INFY,S,67,905.44,60664.48
22/11/2025,OMEGA_BROKING,CL592171,HDFC,S,31,329.46,10213.26
2025-11-24,OMEGA_BROKING,CL413355,ITC,S,1,2175.86,2175.86
2025-11-21,OMEGA_BROKING,CL629795,AXISBANK,B,231,1900.52,439020.12
2025-11-25,OMEGA_BROKING,CL592527,RELIANCE,S,344,1956.74,673118.56
21/11/2025,ALPHA_SEC,CL359181,HDFC,S,216,2576.03,556422.48
21/11/2025,ALPHA_SEC,CL106491,SBIN,B,48,660.5,31704.0
23-Nov-25,DELTA_TRADES,CL349179,ITC,S,184,1496.08,275278.72
25/11/2025,BETA_INVEST,CL803702,TATAMOTORS,B,192,2440.72,468618.24
2025-11-22,DELTA_TRADES,CL389286,RELIANCE,B,42,555.98,23351.16
11-25-2025,ALPHA_SEC,CL483691,TATAMOTORS,S,152,276.49,42026.48
2025-11-20,OMEGA_BROKING,CL962806,ICICIBANK,S,357,1104.9,394449.3
22/11/2025,OMEGA_BROKING,CL326878,KOTAKBANK,B,108,594.62,64218.96
24-Nov-25,DELTA_TRADES,CL061272,ICICIBANK,B,315,869.42,273867.3
21-Nov-25,ALPHA_SEC,CL956359,AXISBANK,B,240,2216.99,532077.6
2025-11-29,ALPHA_SEC,CL218333,TATAMOTORS,S,361,1279.27,
24/11/2025,BETA_INVEST,CL725499,ICICIBANK,S,215,1675.4,360211.0
26-Nov-25,ALPHA_SEC,CL909083,LT,B,73,170.79,12467.67
21/11/2025,BETA_INVEST,CL867068,INFY,S,213,2543.09,541678.17
2025-11-25,ALPHA_SEC,CL646180,LT,B,291,1881.76,547592.16
21-Nov-25,BETA_INVEST,CL138977,AXISBANK,B,309,809.28,250067.52
25/11/2025,DELTA_TRADES,CL026143,ITC,S,336,1853.01,622611.36
2025-11-22,BETA_INVEST,CL972450,SBIN,S,160,856.01,136961.6
2025-11-25,BETA_INVEST,CL567589,KOTAKBANK,S,22,1617.75,35590.5
2025-11-23,ALPHA_SEC,CL925671,INFY,S,396,1029.08,407515.68
25-Nov-25,OMEGA_BROKING,CL640137,LT,B,21,2113.5,44383.5
2025-11-25,ALPHA_SEC,CL035192,ITC,B,118,2567.67,302985.06
11-22-2025,ALPHA_SEC,CL128860,INFY,B,392,1667.7,653738.4
11-26-2025,DELTA_TRADES,CL523908,ITC,B,397,1061.02,421224.94
25/11/2025,BETA_INVEST,CL923145,HDFC,S,86,144.41,12419.26
11-22-2025,ALPHA_SEC,CL744134,ICICIBANK,B,115,2287.75,263091.25
11-26-2025,BETA_INVEST,CL191484,KOTAKBANK,B,34,1202.71,40892.14
2025-11-24,ALPHA_SEC,CL328100,TATAMOTORS,S,156,1323.05,206395.8
25/11/2025,DELTA_TRADES,CL318240,ITC,B,397,1172.58,465514.26
23/11/2025,ALPHA_SEC,CL674976,ICICIBANK,S,311,1782.7,554419.7
20-Nov-25,OMEGA_BROKING,CL998101,ITC,S,318,1208.4,384271.2
22/11/2025,OMEGA_BROKING,CL499353,ICICIBANK,S,192,121.31,23291.52
24/11/2025,OMEGA_BROKING,CL097995,RELIANCE,S,287,236.68,67927.16
22/11/2025,BETA_INVEST,CL912148,SBIN,B,98,231.34,22671.32
22-Nov-25,ALPHA_SEC,CL185367,TATAMOTORS,B,328,1915.86,628402.08
2025-11-29,ALPHA_SEC,CL701538,AXISBANK,B,15,564.55,8468.25
24/11/2025,BETA_INVEST,CL426227,LT,B,237,1399.16,331600.92
2025-11-26,OMEGA_BROKING,CL393129,TATAMOTORS,S,69,118.03,8144.07
11-26-2025,OMEGA_BROKING,CL705936,INFY,S,102,2582.1,263374.2
25-Nov-25,BETA_INVEST,CL390594,RELIANCE,S,277,1635.82,453122.14
2025-11-22,OMEGA_BROKING,CL424112,INFY,S,52,1524.22,79259.44
26-Nov-25,OMEGA_BROKING,CL103889,RELIANCE,B,6,911.12,5466.72
2025-11-23,ALPHA_SEC,CL332815,SBIN,S,71,351.61,24964.31
20-Nov-25,BETA_INVEST,CL248641,LT,B,375,1180.39,442646.25
25-Nov-25,DELTA_TRADES,CL505307,SBIN,S,351,275.04,96539.04
11-24-2025,ALPHA_SEC,CL440461,ICICIBANK,B,41,1815.2,74423.2
22-Nov-25,OMEGA_BROKING,CL084105,AXISBANK,S,75,984.72,73854.0
2025-11-26,ALPHA_SEC,CL422239,AXISBANK,S,56,349.19,19554.64
24-Nov-25,OMEGA_BROKING,CL912264,RELIANCE,S,210,906.32,190327.2
11-20-2025,DELTA_TRADES,CL552683,KOTAKBANK,S,239,473.81,113240.59
20-Nov-25,BETA_INVEST,CL016312,ICICIBANK,S,152,2096.54,318674.08
11-22-2025,OMEGA_BROKING,CL810491,SBIN,B,341,2566.61,875214.01
11-20-2025,DELTA_TRADES,CL444566,ITC,B,389,1648.99,641457.11
2025-11-26,DELTA_TRADES,CL077902,INFY,S,54,2259.49,122012.46
26-Nov-25,BETA_INVEST,CL652059,ICICIBANK,S,139,366.65,50964.35
2025-11-23,BETA_INVEST,CL578181,INFY,B,285,2468.68,703573.8
11-23-2025,ALPHA_SEC,CL776223,TATAMOTORS,B,304,289.6,88038.4
21-Nov-25,OMEGA_BROKING,CL973107,RELIANCE,S,80,2613.25,209060.0
20-Nov-25,OMEGA_BROKING,CL486989,RELIANCE,B,309,2581.0,797529.0
23/11/2025,ALPHA_SEC,CL778300,LT,B,107,444.52,47563.64
25/11/2025,DELTA_TRADES,CL077149,LT,B,171,1050.27,179596.17
11-25-2025,ALPHA_SEC,CL437670,ITC,B,198,2702.23,535041.54
2025-11-26,ALPHA_SEC,CL377475,TATAMOTORS,S,383,1733.25,663834.75
11-22-2025,OMEGA_BROKING,CL916559,ITC,S,338,2377.67,803652.46
2025-11-25,DELTA_TRADES,CL986784,ICICIBANK,B,309,1575.51,486832.59
21/11/2025,BETA_INVEST,CL693913,HDFC,S,354,438.73,155310.42
21-Nov-25,DELTA_TRADES,CL593473,KOTAKBANK,S,325,2039.96,662987.0
21/11/2025,OMEGA_BROKING,CL138983,ICICIBANK,B,72,2435.29,175340.88
26/11/2025,BETA_INVEST,CL107724,TATAMOTORS,S,360,1911.92,688291.2
24-Nov-25,ALPHA_SEC,CL818656,INFY,S,238,1185.38,282120.44
11-22-2025,BETA_INVEST,CL694808,INFY,B,344,437.02,150334.88
26-Nov-25,OMEGA_BROKING,CL189237,TATAMOTORS,B,15,1975.47,29632.05
11-26-2025,ALPHA_SEC,CL419638,AXISBANK,B,89,1546.1,137602.9
2025-11-25,DELTA_TRADES,CL855402,ITC,B,74,2558.08,189297.92
2025-11-24,OMEGA_BROKING,CL943407,AXISBANK,S,395,1801.17,711462.15
2025-11-24,DELTA_TRADES,CL903718,LT,B,250,2044.39,511097.5
11-26-2025,ALPHA_SEC,CL274843,LT,S,272,2710.77,737329.44
11-21-2025,BETA_INVEST,CL511600,LT,B,355,1081.6,383968.0
21/11/2025,ALPHA_SEC,CL788035,SBIN,S,138,166.19,22934.22
25/11/2025,DELTA_TRADES,CL856074,HDFC,B,269,2221.52,597588.88
2025-11-21,ALPHA_SEC,CL764975,ITC,S,188,271.21,50987.48
24/11/2025,ALPHA_SEC,CL715391,RELIANCE,S,10,2582.03,25820.3
21/11/2025,OMEGA_BROKING,CL828247,ICICIBANK,B,112,2770.51,310297.12
25-Nov-25,DELTA_TRADES,CL054246,HDFC,S,292,1497.64,437310.88
29-Nov-25,BETA_INVEST,CL179113,RELIANCE,S,364,1236.87,450220.68
22/11/2025,OMEGA_BROKING,CL100091,HDFC,S,135,2297.71,310190.85
24/11/2025,BETA_INVEST,CL450669,TATAMOTORS,B,359,944.38,339032.42
2025-11-24,OMEGA_BROKING,CL555842,TATAMOTORS,B,143,2178.29,
21/11/2025,ALPHA_SEC,CL973659,TATAMOTORS,B,253,1604.05,405824.65
21-Nov-25,OMEGA_BROKING,CL557450,KOTAKBANK,S,351,1946.31,683154.81
20-Nov-25,ALPHA_SEC,CL419999,KOTAKBANK,B,66,2587.98,170806.68
11-25-2025,OMEGA_BROKING,CL517586,TATAMOTORS,B,266,534.91,142286.06
11-21-2025,DELTA_TRADES,CL543379,ITC,S,194,990.9,192234.6
2025-11-21,ALPHA_SEC,CL696246,ITC,B,74,2071.99,153327.26
2025-11-20,ALPHA_SEC,CL831378,INFY,B,303,2658.29,805461.87
2025-11-24,DELTA_TRADES,CL912646,SBIN,B,141,2690.05,379297.05
2025-11-26,OMEGA_BROKING,CL361218,LT,B,264,1798.75,474870.0
11-25-2025,BETA_INVEST,CL283518,TATAMOTORS,S,295,1747.44,515494.8
20-Nov-25,OMEGA_BROKING,CL095642,ITC,B,267,1651.62,440982.54
23/11/2025,BETA_INVEST,CL675963,AXISBANK,B,400,2399.42,959768.0
21-Nov-25,DELTA_TRADES,CL159449,ITC,B,310,1216.88,377232.8
11-26-2025,DELTA_TRADES,CL056415,HDFC,S,203,756.72,153614.16
29/11/2025,ALPHA_SEC,CL595519,RELIANCE,S,303,1845.48,559180.44
11-21-2025,OMEGA_BROKING,CL481070,SBIN,S,94,2500.47,235044.18
26-Nov-25,OMEGA_BROKING,CL900490,TATAMOTORS,B,395,1189.09,469690.55
29/11/2025,BETA_INVEST,CL903779,RELIANCE,S,67,1140.98,76445.66
23/11/2025,ALPHA_SEC,CL561553,INFY,B,349,512.11,178726.39
11-26-2025,BETA_INVEST,CL522793,KOTAKBANK,S,193,741.13,143038.09
2025-11-23,ALPHA_SEC,CL202713,LT,S,341,2659.5,906889.5
11-26-2025,BETA_INVEST,CL163975,KOTAKBANK,S,186,261.34,48609.24
11-22-2025,ALPHA_SEC,CL917646,INFY,B,67,2239.03,150015.01
20-Nov-25,BETA_INVEST,CL901788,ICICIBANK,B,350,1942.8,679980.0
26-Nov-25,DELTA_TRADES,CL112588,SBIN,B,256,1294.86,331484.16
2025-11-23,BETA_INVEST,CL894402,KOTAKBANK,S,153,2192.12,335394.36
22-Nov-25,OMEGA_BROKING,CL799511,TATAMOTORS,B,314,595.15,186877.1
2025-11-24,OMEGA_BROKING,CL952672,INFY,S,51,509.69,25994.19
22-Nov-25,BETA_INVEST,CL486587,LT,S,218,187.04,40774.72
11-22-2025,BETA_INVEST,CL441081,AXISBANK,S,4,1286.03,5144.12
20/11/2025,DELTA_TRADES,CL374757,LT,B,21,1737.5,33548.72
29/11/2025,OMEGA_BROKING,CL046368,RELIANCE,S,188,1962.24,368901.12
24/11/2025,BETA_INVEST,CL502084,RELIANCE,B,188,1949.46,366498.48
2025-11-23,BETA_INVEST,CL905389,INFY,S,226,2217.34,501118.84
2025-11-23,ALPHA_SEC,CL030330,KOTAKBANK,S,150,1813.48,272022.0
2025-11-21,OMEGA_BROKING,CL112943,ITC,B,14,563.44,7888.16
23-Nov-25,OMEGA_BROKING,CL641487,RELIANCE,S,245,2545.8,623721.0
11-24-2025,BETA_INVEST,CL472931,RELIANCE,S,319,553.68,176623.92
24/11/2025,BETA_INVEST,CL509264,ICICIBANK,B,16,774.73,12395.68
2025-11-25,BETA_INVEST,CL553650,ITC,S,331,2217.03,733836.93
2025-11-23,DELTA_TRADES,CL131398,INFY,S,79,1025.04,80978.16
2025-11-24,OMEGA_BROKING,CL554926,ITC,S,298,1866.99,556363.02
11-24-2025,ALPHA_SEC,CL357688,LT,B,361,1948.99,703585.39
11-29-2025,ALPHA_SEC,CL651823,HDFC,S,209,2572.62,537677.58
24/11/2025,OMEGA_BROKING,CL566325,TATAMOTORS,B,18,1298.61,23374.98
2025-11-25,DELTA_TRADES,CL379588,ITC,B,239,1152.94,275552.66
25/11/2025,ALPHA_SEC,CL485235,TATAMOTORS,S,92,1614.05,148492.6
25/11/2025,BETA_INVEST,CL346932,ICICIBANK,B,290,1978.39,573733.1
2025-11-20,OMEGA_BROKING,CL320198,KOTAKBANK,B,161,852.61,137270.21
2025-11-22,BETA_INVEST,CL659182,RELIANCE,B,386,1106.83,427236.38
24-Nov-25,DELTA_TRADES,CL012432,SBIN,S,252,1446.84,510522.52
20-Nov-25,OMEGA_BROKING,CL825931,KOTAKBANK,B,386,1524.09,588298.74
25-Nov-25,OMEGA_BROKING,CL088207,LT,B,378,1457.58,550965.24
2025-11-24,DELTA_TRADES,CL905023,HDFC,B,391,609.41,238279.31
26-Nov-25,ALPHA_SEC,CL515893,ICICIBANK,S,15,2194.05,32910.75
23/11/2025,BETA_INVEST,CL707513,INFY,S,333,788.51,262573.83
11-22-2025,BETA_INVEST,CL256413,LT,S,34,1521.47,51729.98
22/11/2025,DELTA_TRADES,CL026338,RELIANCE,B,25,117.0,2925.0
2025-11-23,BETA_INVEST,CL856995,TATAMOTORS,S,117,2306.94,269911.98
11-22-2025,DELTA_TRADES,CL094780,INFY,S,172,1706.55,293526.6
21/11/2025,BETA_INVEST,CL015788,ITC,S,198,1627.62,322268.76
11-22-2025,DELTA_TRADES,CL026565,AXISBANK,B,362,1510.87,546934.94
20/11/2025,OMEGA_BROKING,CL775034,INFY,S,268,597.88,160231.84
22/11/2025,DELTA_TRADES,CL738643,AXISBANK,S,46,671.98,30911.08
25/11/2025,OMEGA_BROKING,CL402558,ITC,S,140,2498.92,349848.8
24/11/2025,OMEGA_BROKING,CL450096,INFY,B,281,1861.82,523171.42
25/11/2025,ALPHA_SEC,CL112576,AXISBANK,S,216,1311.46,292987.01
23-Nov-25,BETA_INVEST,CL039726,ICICIBANK,S,77,1305.8,100546.6
22/11/2025,ALPHA_SEC,CL601372,RELIANCE,S,172,1558.32,268031.04
21/11/2025,DELTA_TRADES,CL784478,ICICIBANK,S,61,2740.54,167172.94
25/11/2025,DELTA_TRADES,CL224369,HDFC,S,26,2733.6,71073.6
2025-11-22,BETA_INVEST,CL089883,SBIN,S,368,1251.67,460614.56
20/11/2025,DELTA_TRADES,CL566259,TATAMOTORS,B,388,1696.9,658397.2
2025-11-22,DELTA_TRADES,CL026554,ITC,B,80,1963.73,157098.4
22/11/2025,DELTA_TRADES,CL493572,ITC,B,79,2224.9,175767.1
26/11/2025,OMEGA_BROKING,CL160972,ITC,S,301,833.05,250748.05
11-24-2025,ALPHA_SEC,CL348379,AXISBANK,S,326,2314.47,754517.22
2025-11-25,OMEGA_BROKING,CL575483,KOTAKBANK,S,342,1832.84,626831.28
25-Nov-25,OMEGA_BROKING,CL707292,KOTAKBANK,S,231,629.9,145506.9
2025-11-21,OMEGA_BROKING,CL000793,ITC,B,201,1337.22,268781.22
2025-11-20,OMEGA_BROKING,CL765332,ITC,S,112,609.74,68290.88
2025-11-22,ALPHA_SEC,CL932906,SBIN,B,265,1923.51,509730.15
11-22-2025,BETA_INVEST,CL390670,ICICIBANK,B,198,2312.58,457890.84
11-22-2025,DELTA_TRADES,CL282681,TATAMOTORS,S,74,1415.79,104768.46
11-25-2025,BETA_INVEST,CL420687,ITC,S,394,1082.7,426583.8
2025-11-25,ALPHA_SEC,CL699193,AXISBANK,S,232,1783.74,413827.68
11-22-2025,OMEGA_BROKING,CL675236,ICICIBANK,B,181,2265.37,410031.97
22-Nov-25,BETA_INVEST,CL715263,ITC,B,179,542.63,97130.77
11-26-2025,DELTA_TRADES,CL148355,TATAMOTORS,B,64,2535.48,162270.72
2025-11-23,DELTA_TRADES,CL894566,ITC,B,309,708.38,218889.42
26-Nov-25,DELTA_TRADES,CL369670,SBIN,S,354,2555.67,904707.18
21/11/2025,ALPHA_SEC,CL106201,SBIN,S,305,922.69,281420.45
22/11/2025,DELTA_TRADES,CL426620,TATAMOTORS,S,89,516.99,65140.52
2025-11-26,ALPHA_SEC,CL375622,ICICIBANK,B,160,559.74,89558.4
2025-11-26,DELTA_TRADES,CL205703,LT,S,278,1216.96,338314.88
22/11/2025,BETA_INVEST,CL462457,ITC,S,56,976.23,54668.88
2025-11-29,ALPHA_SEC,CL577656,RELIANCE,S,89,2268.99,201940.11
22/11/2025,DELTA_TRADES,CL440759,TATAMOTORS,B,43,2487.53,136444.32
2025-11-25,ALPHA_SEC,CL417573,LT,B,132,1443.32,127152.75
11-20-2025,DELTA_TRADES,CL951734,ICICIBANK,B,236,1797.44,424195.84
11-24-2025,OMEGA_BROKING,CL930435,ITC,S,238,1785.84,425029.92
20-Nov-25,OMEGA_BROKING,CL268571,ICICIBANK,B,96,404.88,38868.48
23-Nov-25,BETA_INVEST,CL039422,ITC,B,28,1477.28,41363.84
25/11/2025,ALPHA_SEC,CL767865,ICICIBANK,B,212,1472.03,312070.36
2025-11-23,ALPHA_SEC,CL909234,ICICIBANK,B,355,2680.09,951431.95
2025-11-24,BETA_INVEST,CL767522,HDFC,S,391,983.6,384587.6
22-Nov-25,OMEGA_BROKING,CL980853,RELIANCE,B,386,125.68,48512.48
21/11/2025,DELTA_TRADES,CL688478,LT,B,156,2614.0,407784.0
23-Nov-25,ALPHA_SEC,CL899108,LT,S,55,202.97,11163.35
24-Nov-25,OMEGA_BROKING,CL505627,TATAMOTORS,B,135,1499.72,202462.2
2025-11-21,ALPHA_SEC,CL953467,AXISBANK,B,37,1057.04,39110.48
20-Nov-25,ALPHA_SEC,CL061274,HDFC,B,343,1568.7,538064.1
26-Nov-25,OMEGA_BROKING,CL794068,TATAMOTORS,S,290,2059.26,597185.4
29-Nov-25,DELTA_TRADES,CL963211,RELIANCE,B,145,557.1,80779.5
20/11/2025,DELTA_TRADES,CL437010,ICICIBANK,B,29,128.89,3737.81
11-25-2025,BETA_INVEST,CL378106,LT,S,98,1312.52,128626.96
22-Nov-25,DELTA_TRADES,CL795158,KOTAKBANK,B,82,570.21,46757.22
25/11/2025,DELTA_TRADES,CL699219,TATAMOTORS,S,72,840.27,
26/11/2025,OMEGA_BROKING,CL924315,KOTAKBANK,S,117,438.7,51327.9
20-Nov-25,OMEGA_BROKING,CL884711,TATAMOTORS,S,36,2498.19,89934.84
21-Nov-25,OMEGA_BROKING,CL520014,INFY,B,75,213.43,16007.25
11-22-2025,OMEGA_BROKING,CL860248,RELIANCE,B,67,918.9,61566.3
2025-11-25,BETA_INVEST,CL988075,TATAMOTORS,B,32,1315.52,42096.64
22-Nov-25,ALPHA_SEC,CL124627,ICICIBANK,B,81,1225.75,99285.75
2025-11-20,DELTA_TRADES,CL689544,TATAMOTORS,B,193,1352.48,261028.64
26-Nov-25,ALPHA_SEC,CL257028,RELIANCE,S,383,1095.85,353803.37
20/11/2025,BETA_INVEST,CL903540,ICICIBANK,B,281,1975.38,555081.78
11-20-2025,OMEGA_BROKING,CL710302,SBIN,S,389,309.06,120224.34
22-Nov-25,ALPHA_SEC,CL000770,LT,B,394,273.49,107755.06
2025-11-24,DELTA_TRADES,CL768138,LT,S,14,1328.16,18594.24
25/11/2025,ALPHA_SEC,CL655776,ITC,B,59,1617.53,95434.27
11-21-2025,DELTA_TRADES,CL654055,AXISBANK,B,239,2656.17,634824.63
2025-11-25,DELTA_TRADES,CL312980,HDFC,S,2,2360.94,4721.88
11-23-2025,BETA_INVEST,CL428095,TATAMOTORS,B,99,1880.22,186141.78
20-Nov-25,OMEGA_BROKING,CL588072,LT,S,383,1970.64,754755.12
23-Nov-25,ALPHA_SEC,CL397668,LT,B,376,2411.13,906584.88
24-Nov-25,ALPHA_SEC,CL384075,ITC,B,205,1354.21,
11-21-2025,ALPHA_SEC,CL897305,ITC,B,27,144.66,3905.82
22/11/2025,ALPHA_SEC,CL842275,LT,S,207,792.47,164041.29
11-26-2025,BETA_INVEST,CL855553,TATAMOTORS,B,327,1385.7,453123.9
11-25-2025,ALPHA_SEC,CL866653,AXISBANK,S,72,1665.28,119900.16
11-26-2025,ALPHA_SEC,CL090180,HDFC,B,332,2034.5,675454.0
11-24-2025,DELTA_TRADES,CL208511,AXISBANK,B,67,976.22,65406.74
24/11/2025,BETA_INVEST,CL830310,AXISBANK,S,213,2290.35,487844.55
2025-11-23,DELTA_TRADES,CL991510,ICICIBANK,B,13,258.8,3364.4
11-25-2025,ALPHA_SEC,CL936203,RELIANCE,B,239,1942.2,464185.8
11-20-2025,BETA_INVEST,CL205064,SBIN,B,143,1831.35,261883.05
2025-11-21,ALPHA_SEC,CL578247,ITC,S,237,1296.17,307192.29
22/11/2025,OMEGA_BROKING,CL023600,KOTAKBANK,S,160,2705.83,432932.8
20/11/2025,BETA_INVEST,CL969653,HDFC,S,73,2688.81,196283.13
2025-11-24,BETA_INVEST,CL423184,ITC,S,3,398.71,1196.13
2025-11-25,BETA_INVEST,CL888921,ICICIBANK,B,212,1425.87,302284.44
22/11/2025,ALPHA_SEC,CL938581,ITC,B,38,385.16,14636.08
20/11/2025,ALPHA_SEC,CL259284,LT,B,372,2512.03,934475.16
21-Nov-25,ALPHA_SEC,CL881310,RELIANCE,B,58,787.3,45663.4
25/11/2025,BETA_INVEST,CL596753,SBIN,B,126,1925.82,242653.32
20/11/2025,DELTA_TRADES,CL328085,AXISBANK,S,256,2736.18,700462.08
20/11/2025,DELTA_TRADES,CL195806,LT,S,172,2215.27,381026.44
24-Nov-25,DELTA_TRADES,CL400036,ICICIBANK,B,221,1889.82,417650.22
11-20-2025,ALPHA_SEC,CL176062,ICICIBANK,S,331,426.02,141012.62
26-Nov-25,OMEGA_BROKING,CL303774,INFY,S,225,2172.94,488911.5
2025-11-26,ALPHA_SEC,CL688382,RELIANCE,S,55,2765.02,152076.1
21/11/2025,DELTA_TRADES,CL529547,HDFC,S,73,1684.96,123002.08
24/11/2025,ALPHA_SEC,CL937060,ICICIBANK,S,8,1117.2,8937.6
24/11/2025,ALPHA_SEC,CL517103,TATAMOTORS,B,96,669.47,64269.12
2025-11-23,BETA_INVEST,CL993193,RELIANCE,S,383,137.0,52471.0
2025-11-26,DELTA_TRADES,CL399296,ITC,B,372,208.9,77710.8
11-21-2025,DELTA_TRADES,CL346953,KOTAKBANK,B,24,2755.66,66135.84
11-24-2025,OMEGA_BROKING,CL939952,RELIANCE,S,326,2390.6,779335.6
24-Nov-25,ALPHA_SEC,CL435812,HDFC,S,42,1975.26,82960.92
11-22-2025,OMEGA_BROKING,CL197159,ITC,S,307,2009.06,616781.42
21-Nov-25,ALPHA_SEC,CL715773,SBIN,S,98,954.2,93511.6
2025-11-22,OMEGA_BROKING,CL890478,HDFC,S,216,354.97,76673.52
20-Nov-25,BETA_INVEST,CL340070,SBIN,B,105,1406.3,
11-20-2025,BETA_INVEST,CL519330,SBIN,S,160,1572.33,251572.8
11-21-2025,DELTA_TRADES,CL394107,TATAMOTORS,B,37,615.36,22768.32
11-22-2025,BETA_INVEST,CL270588,ICICIBANK,B,91,2319.95,211115.45
2025-11-22,DELTA_TRADES,CL513522,KOTAKBANK,B,213,1690.08,359987.04
22-Nov-25,ALPHA_SEC,CL956324,SBIN,B,42,1500.93,63039.06
2025-11-22,ALPHA_SEC,CL665135,RELIANCE,S,96,2650.46,340604.95
2025-11-26,OMEGA_BROKING,CL997539,ITC,B,52,612.06,31827.12
2025-11-25,ALPHA_SEC,CL770443,RELIANCE,B,324,1290.96,418271.04
11-25-2025,DELTA_TRADES,CL577017,RELIANCE,S,269,1587.26,426972.94
22/11/2025,BETA_INVEST,CL040709,RELIANCE,B,339,547.36,185555.04
23/11/2025,DELTA_TRADES,CL528526,KOTAKBANK,S,110,280.33,30836.3
2025-11-22,BETA_INVEST,CL030162,SBIN,S,161,1290.34,207744.74
29/11/2025,DELTA_TRADES,CL633833,RELIANCE,S,7,681.75,4772.25
20/11/2025,ALPHA_SEC,CL655115,SBIN,B,265,471.36,124910.4
22/11/2025,DELTA_TRADES,CL061504,SBIN,B,376,1911.82,718844.32
24-Nov-25,OMEGA_BROKING,CL112600,LT,S,134,431.22,57783.48
11-29-2025,DELTA_TRADES,CL308395,ICICIBANK,B,79,1946.78,153795.62
11-22-2025,BETA_INVEST,CL437985,SBIN,B,60,836.33,50179.8
11-24-2025,BETA_INVEST,CL079701,ICICIBANK,B,378,1856.11,701609.58
23-Nov-25,ALPHA_SEC,CL560080,AXISBANK,S,149,340.6,50749.4
11-22-2025,BETA_INVEST,CL139425,HDFC,S,315,1465.49,461629.35
2025-11-20,ALPHA_SEC,CL042393,AXISBANK,S,205,506.05,103740.25
26/11/2025,BETA_INVEST,CL295315,LT,S,155,1101.61,170749.55
2025-11-24,OMEGA_BROKING,CL103158,TATAMOTORS,B,352,1606.74,565572.48
11-25-2025,DELTA_TRADES,CL244622,ICICIBANK,S,226,2365.76,534661.76
11-21-2025,BETA_INVEST,CL585828,TATAMOTORS,B,53,2707.12,143477.36
11-22-2025,OMEGA_BROKING,CL713412,AXISBANK,S,53,390.27,20684.31
21/11/2025,DELTA_TRADES,CL074696,LT,B,388,2302.11,893218.68
23-Nov-25,OMEGA_BROKING,CL746347,TATAMOTORS,B,395,1068.08,421891.6
2025-11-21,BETA_INVEST,CL881981,INFY,S,383,739.83,283354.89
11-29-2025,ALPHA_SEC,CL374629,ICICIBANK,S,269,1122.76,302022.44
24-Nov-25,BETA_INVEST,CL200370,SBIN,S,222,2351.72,522081.84
21-Nov-25,DELTA_TRADES,CL395750,SBIN,S,106,1597.77,169363.62
11-29-2025,ALPHA_SEC,CL586289,HDFC,B,292,1523.1,444745.2
2025-11-24,OMEGA_BROKING,CL440706,KOTAKBANK,B,170,1675.13,284772.1
2025-11-25,DELTA_TRADES,CL619260,KOTAKBANK,B,321,1510.96,485018.16
24/11/2025,DELTA_TRADES,CL812342,ICICIBANK,B,324,2454.83,795364.92
21-Nov-25,DELTA_TRADES,CL272674,HDFC,S,83,2755.86,228736.38
21-Nov-25,BETA_INVEST,CL823758,ITC,S,141,1004.98,141702.18
22/11/2025,DELTA_TRADES,CL903756,KOTAKBANK,S,363,215.79,78331.77
25-Nov-25,DELTA_TRADES,CL860495,TATAMOTORS,B,383,519.3,198891.9
2025-11-25,DELTA_TRADES,CL607865,AXISBANK,B,210,2228.87,468062.7
26/11/2025,DELTA_TRADES,CL961427,SBIN,B,331,1357.9,449464.9
2025-11-24,ALPHA_SEC,CL932485,SBIN,S,164,985.64,161644.96
24/11/2025,DELTA_TRADES,CL515051,INFY,B,381,1478.43,563281.83
11-25-2025,DELTA_TRADES,CL697290,TATAMOTORS,S,282,2590.66,730566.12
21/11/2025,OMEGA_BROKING,CL928593,AXISBANK,S,115,300.1,34511.5
11-24-2025,ALPHA_SEC,CL605173,LT,B,335,2798.07,937353.45
24-Nov-25,DELTA_TRADES,CL163179,KOTAKBANK,B,327,2118.52,692756.04
11-29-2025,OMEGA_BROKING,CL455890,RELIANCE,B,5,2015.71,10078.55
2025-11-22,ALPHA_SEC,CL961603,SBIN,S,8,290.7,2325.6
11-23-2025,DELTA_TRADES,CL947491,ITC,S,179,610.58,109293.82
22/11/2025,BETA_INVEST,CL842549,HDFC,S,255,1444.68,368393.4
23/11/2025,OMEGA_BROKING,CL470129,AXISBANK,B,229,1231.2,281944.8
24/11/2025,BETA_INVEST,CL789800,TATAMOTORS,S,159,2444.26,388637.34
29/11/2025,OMEGA_BROKING,CL978512,ICICIBANK,S,219,691.4,195481.35
11-20-2025,ALPHA_SEC,CL621774,ITC,S,169,140.24,23700.56
11-22-2025,OMEGA_BROKING,CL524145,RELIANCE,S,254,1821.32,462615.28
2025-11-23,OMEGA_BROKING,CL455570,ITC,S,300,291.41,87423.0
2025-11-25,OMEGA_BROKING,CL309512,ICICIBANK,B,245,1452.19,355786.55
2025-11-24,BETA_INVEST,CL968749,ITC,S,103,1975.23,203448.69
2025-11-23,OMEGA_BROKING,CL974732,ITC,B,283,488.18,138154.94
20/11/2025,BETA_INVEST,CL153538,HDFC,B,289,1000.37,289106.93
11-22-2025,OMEGA_BROKING,CL753998,ITC,S,331,227.57,75325.67
2025-11-26,ALPHA_SEC,CL753612,TATAMOTORS,S,266,378.89,
29/11/2025,BETA_INVEST,CL148317,LT,S,232,1684.98,390915.36
26-Nov-25,BETA_INVEST,CL207501,AXISBANK,B,232,1296.68,300829.76
22/11/2025,ALPHA_SEC,CL338160,AXISBANK,B,299,589.35,176215.65
25/11/2025,BETA_INVEST,CL419624,SBIN,B,41,1356.39,55611.99
11-22-2025,OMEGA_BROKING,CL910196,ITC,B,84,2744.29,230520.36
20/11/2025,OMEGA_BROKING,CL715919,AXISBANK,B,196,1625.34,318566.64
2025-11-21,DELTA_TRADES,CL504785,SBIN,B,238,2141.48,509672.24
2025-11-25,BETA_INVEST,CL433595,ICICIBANK,B,150,2706.85,406027.5
2025-11-23,OMEGA_BROKING,CL956084,KOTAKBANK,B,33,2315.39,76407.87
23/11/2025,OMEGA_BROKING,CL280476,AXISBANK,B,343,2360.55,498167.77
21-Nov-25,ALPHA_SEC,CL347804,TATAMOTORS,B,309,215.31,66530.79
26-Nov-25,OMEGA_BROKING,CL988829,LT,B,227,2459.3,558261.1
11-26-2025,OMEGA_BROKING,CL099358,RELIANCE,S,89,1970.67,175389.63
11-20-2025,OMEGA_BROKING,CL943687,HDFC,B,102,1105.04,112714.08
2025-11-26,ALPHA_SEC,CL556134,KOTAKBANK,S,229,647.58,148295.82
11-25-2025,ALPHA_SEC,CL773558,ICICIBANK,S,337,702.84,236857.08
2025-11-23,BETA_INVEST,CL752447,LT,B,108,278.48,30075.84
11-26-2025,BETA_INVEST,CL965801,RELIANCE,S,170,1287.84,218932.8
11-25-2025,DELTA_TRADES,CL529356,ICICIBANK,S,183,780.51,142833.33
2025-11-26,OMEGA_BROKING,CL902847,LT,S,124,1312.6,162762.4
23-Nov-25,ALPHA_SEC,CL688939,KOTAKBANK,B,73,177.43,12952.39
2025-11-25,OMEGA_BROKING,CL452019,HDFC,B,69,2283.1,157533.9
23/11/2025,DELTA_TRADES,CL868154,LT,S,206,1989.99,409937.94
24/11/2025,OMEGA_BROKING,CL103358,RELIANCE,S,179,1492.82,267214.78
23-Nov-25,OMEGA_BROKING,CL941901,ITC,B,91,1652.19,150349.29
24/11/2025,BETA_INVEST,CL937706,AXISBANK,B,215,473.9,101888.5
2025-11-26,BETA_INVEST,CL116754,SBIN,S,201,1211.92,243595.92
22-Nov-25,ALPHA_SEC,CL180360,ICICIBANK,B,199,244.67,48689.33
20-Nov-25,DELTA_TRADES,CL194986,SBIN,B,257,1062.31,273013.67
23/11/2025,OMEGA_BROKING,CL748396,INFY,B,180,337.07,60672.6
26/11/2025,BETA_INVEST,CL206395,ITC,B,14,635.43,8896.02
11-20-2025,DELTA_TRADES,CL041734,SBIN,B,68,1868.17,127035.56
11-29-2025,DELTA_TRADES,CL346467,HDFC,B,379,2473.76,937555.04
2025-11-21,ALPHA_SEC,CL607325,ICICIBANK,S,399,1141.9,455618.1
11-23-2025,OMEGA_BROKING,CL149160,SBIN,B,67,2360.37,158144.79
2025-11-25,OMEGA_BROKING,CL693079,INFY,S,158,1234.58,195063.64
29/11/2025,OMEGA_BROKING,CL634583,TATAMOTORS,B,363,1720.31,624472.53
2025-11-23,OMEGA_BROKING,CL077597,ICICIBANK,B,126,2524.01,318025.26
2025-11-26,BETA_INVEST,CL313080,RELIANCE,S,335,653.52,218929.2
23/11/2025,DELTA_TRADES,CL074897,SBIN,B,56,889.52,49813.12
2025-11-22,OMEGA_BROKING,CL990698,ICICIBANK,B,42,1986.66,83439.72
11-20-2025,ALPHA_SEC,CL060795,INFY,S,315,462.46,145674.9
21/11/2025,ALPHA_SEC,CL431205,TATAMOTORS,S,242,807.22,195347.24
20-Nov-25,OMEGA_BROKING,CL040872,KOTAKBANK,S,86,1175.51,
21/11/2025,DELTA_TRADES,CL243420,RELIANCE,S,313,1560.45,488420.85
24/11/2025,OMEGA_BROKING,CL273186,SBIN,S,33,2669.46,88092.18
22/11/2025,BETA_INVEST,CL582434,RELIANCE,S,106,2405.23,254954.38
29-Nov-25,BETA_INVEST,CL322637,RELIANCE,B,16,2092.5,33480.0
11-23-2025,DELTA_TRADES,CL742923,RELIANCE,S,346,1876.41,649237.86
2025-11-29,BETA_INVEST,CL246203,INFY,S,35,2713.1,94958.5
11-26-2025,BETA_INVEST,CL926180,INFY,S,335,1628.54,545560.9
11-21-2025,ALPHA_SEC,CL936468,SBIN,S,220,2722.21,598886.2
11-20-2025,DELTA_TRADES,CL098411,AXISBANK,S,24,123.15,2955.6
22/11/2025,BETA_INVEST,CL631394,SBIN,B,237,1603.22,379963.14
26/11/2025,BETA_INVEST,CL860648,SBIN,B,248,1272.36,315545.28
26/11/2025,DELTA_TRADES,CL574773,KOTAKBANK,B,26,2542.11,66094.86
11-21-2025,BETA_INVEST,CL301433,INFY,S,48,1175.96,56446.08
22-Nov-25,BETA_INVEST,CL221077,HDFC,B,216,2784.9,601538.4
22/11/2025,BETA_INVEST,CL832019,LT,S,229,402.2,92103.8
22-Nov-25,OMEGA_BROKING,CL072316,INFY,B,264,1922.37,507505.68
11-24-2025,OMEGA_BROKING,CL713133,ITC,B,173,149.89,25930.97
23/11/2025,BETA_INVEST,CL218180,INFY,B,223,2336.28,520990.44
21-Nov-25,ALPHA_SEC,CL417597,ITC,B,175,1127.53,197317.75
11-22-2025,DELTA_TRADES,CL080572,AXISBANK,B,380,839.43,318983.4
21-Nov-25,DELTA_TRADES,CL335778,AXISBANK,S,123,2586.88,318186.24
11-23-2025,OMEGA_BROKING,CL183989,TATAMOTORS,B,267,432.9,115584.3
2025-11-20,ALPHA_SEC,CL028081,AXISBANK,S,43,602.81,25920.83
24/11/2025,ALPHA_SEC,CL344809,RELIANCE,S,225,1434.95,322863.75
24-Nov-25,ALPHA_SEC,CL768116,LT,B,57,1761.31,
25-Nov-25,OMEGA_BROKING,CL931082,HDFC,B,202,1513.38,305702.76
20-Nov-25,BETA_INVEST,CL757358,AXISBANK,B,347,1204.56,417982.32
23/11/2025,BETA_INVEST,CL822425,LT,B,276,996.86,275133.36
2025-11-25,DELTA_TRADES,CL772422,ICICIBANK,B,234,2539.75,594301.5
21/11/2025,DELTA_TRADES,CL962272,RELIANCE,B,30,1683.18,50495.4
23-Nov-25,DELTA_TRADES,CL101412,ITC,S,286,1110.04,317471.44
2025-11-26,OMEGA_BROKING,CL615039,TATAMOTORS,S,397,796.11,316055.67
25/11/2025,BETA_INVEST,CL887001,TATAMOTORS,S,366,2637.98,965500.68
23/11/2025,BETA_INVEST,CL863120,HDFC,S,374,2370.27,886480.98
24/11/2025,BETA_INVEST,CL356471,RELIANCE,S,88,331.43,29165.84
26-Nov-25,DELTA_TRADES,CL454064,RELIANCE,S,382,2448.24,935227.68
21-Nov-25,ALPHA_SEC,CL371044,ITC,S,99,2650.87,262436.13
2025-11-20,DELTA_TRADES,CL867623,RELIANCE,S,175,2088.14,365424.5
22/11/2025,OMEGA_BROKING,CL618467,INFY,B,96,1151.44,110538.24
2025-11-21,DELTA_TRADES,CL157880,RELIANCE,B,143,2348.42,335824.06
2025-11-22,DELTA_TRADES,CL629438,ICICIBANK,S,14,2753.49,38548.86
2025-11-25,DELTA_TRADES,CL192893,INFY,S,259,2189.51,567083.09
22/11/2025,ALPHA_SEC,CL442804,RELIANCE,B,244,857.11,209134.84
22/11/2025,BETA_INVEST,CL179708,RELIANCE,B,108,2223.64,240153.12
2025-11-23,OMEGA_BROKING,CL327586,INFY,S,54,2484.43,134159.22
26-Nov-25,OMEGA_BROKING,CL758434,LT,B,160,570.19,91230.4
21/11/2025,OMEGA_BROKING,CL779078,TATAMOTORS,S,214,1502.87,321614.18
26/11/2025,BETA_INVEST,CL098593,RELIANCE,B,125,553.26,69157.5
11-20-2025,OMEGA_BROKING,CL342145,AXISBANK,S,149,2231.08,332430.92
22-Nov-25,ALPHA_SEC,CL849352,HDFC,S,212,2259.4,478992.8
23/11/2025,BETA_INVEST,CL649284,ITC,B,139,700.51,97370.89
29-Nov-25,ALPHA_SEC,CL821426,INFY,S,175,1329.88,232729.0
22-Nov-25,ALPHA_SEC,CL736220,AXISBANK,B,244,1575.64,384456.16
20/11/2025,OMEGA_BROKING,CL390706,RELIANCE,B,87,311.34,27086.58
2025-11-20,ALPHA_SEC,CL732779,ITC,S,149,764.43,113900.07
2025-11-26,BETA_INVEST,CL786959,AXISBANK,S,336,1855.64,623495.04
20/11/2025,OMEGA_BROKING,CL788331,ITC,B,91,1866.95,169892.45
23/11/2025,DELTA_TRADES,CL969675,HDFC,S,78,2510.72,195836.16
11-22-2025,DELTA_TRADES,CL172223,ITC,S,98,2266.53,222119.94
24/11/2025,ALPHA_SEC,CL956749,SBIN,B,193,1622.06,313057.58
11-23-2025,OMEGA_BROKING,CL104249,KOTAKBANK,B,376,2744.74,1032022.24
26-Nov-25,BETA_INVEST,CL328567,AXISBANK,B,365,2491.44,909375.6
26/11/2025,OMEGA_BROKING,CL593268,AXISBANK,B,95,2644.64,251240.8
29-Nov-25,ALPHA_SEC,CL518826,ITC,S,388,1418.56,550401.28
11-25-2025,DELTA_TRADES,CL198022,KOTAKBANK,S,269,1713.13,460831.97
25/11/2025,BETA_INVEST,CL301829,ICICIBANK,B,345,1724.95,595107.75
11-26-2025,BETA_INVEST,CL932306,AXISBANK,B,148,2698.73,399412.04
11-24-2025,ALPHA_SEC,CL846890,RELIANCE,S,298,943.54,204160.05
23-Nov-25,DELTA_TRADES,CL696649,INFY,S,116,1511.55,175339.8
11-23-2025,ALPHA_SEC,CL189984,ITC,S,394,2542.97,1001930.18
2025-11-20,DELTA_TRADES,CL646667,AXISBANK,B,139,942.08,130949.12
2025-11-22,DELTA_TRADES,CL718760,ITC,B,83,103.08,8555.64
2025-11-21,ALPHA_SEC,CL034467,SBIN,S,162,589.28,95463.36
11-22-2025,BETA_INVEST,CL677019,ITC,B,303,228.69,69293.07
20/11/2025,ALPHA_SEC,CL669125,RELIANCE,S,264,1683.24,444375.36
2025-11-23,BETA_INVEST,CL432143,ICICIBANK,S,229,2443.81,559632.49
2025-11-22,DELTA_TRADES,CL362412,LT,B,215,628.71,135172.65
11-21-2025,ALPHA_SEC,CL331766,RELIANCE,S,137,384.71,52705.27
23/11/2025,BETA_INVEST,CL192952,ITC,S,179,974.66,174464.14
26-Nov-25,ALPHA_SEC,CL408582,ITC,B,182,1097.37,199721.34
11-26-2025,ALPHA_SEC,CL294314,KOTAKBANK,S,50,809.97,40498.5
22/11/2025,OMEGA_BROKING,CL849613,INFY,S,267,2218.96,592462.32
11-21-2025,DELTA_TRADES,CL364457,HDFC,S,301,1539.19,463296.19
25-Nov-25,OMEGA_BROKING,CL010268,RELIANCE,S,64,1973.82,126324.48
2025-11-20,OMEGA_BROKING,CL293738,KOTAKBANK,S,215,1184.34,254633.1
26-Nov-25,ALPHA_SEC,CL543783,ICICIBANK,B,260,1724.8,448448.0
23/11/2025,ALPHA_SEC,CL945437,AXISBANK,B,92,126.56,11643.52
24-Nov-25,OMEGA_BROKING,CL441987,ITC,S,269,921.67,247929.23
2025-11-21,BETA_INVEST,CL754849,SBIN,B,188,1142.1,214714.8
23-Nov-25,ALPHA_SEC,CL382900,RELIANCE,B,243,1859.8,
11-26-2025,ALPHA_SEC,CL464079,SBIN,S,129,157.06,20260.74
2025-11-26,OMEGA_BROKING,CL397857,KOTAKBANK,S,343,214.03,73412.29
25-Nov-25,DELTA_TRADES,CL925857,HDFC,S,170,2596.61,441423.7
2025-11-21,BETA_INVEST,CL647028,ICICIBANK,B,200,1426.5,285300.0
22-Nov-25,BETA_INVEST,CL139451,SBIN,B,298,349.23,104070.54
25/11/2025,OMEGA_BROKING,CL847879,LT,S,147,159.23,23406.81
11-21-2025,BETA_INVEST,CL292671,KOTAKBANK,S,262,1415.46,370850.52
22-Nov-25,OMEGA_BROKING,CL090043,HDFC,S,73,1004.95,73361.35
23/11/2025,OMEGA_BROKING,CL176341,ICICIBANK,S,217,1838.32,398915.44
11-24-2025,ALPHA_SEC,CL643795,KOTAKBANK,B,85,1913.39,162638.15
25/11/2025,OMEGA_BROKING,CL554139,ITC,S,306,2348.42,718616.52
20-Nov-25,BETA_INVEST,CL989792,RELIANCE,S,164,1939.47,318073.08
11-25-2025,ALPHA_SEC,CL571892,INFY,B,87,2220.83,193212.21
24-Nov-25,OMEGA_BROKING,CL717429,INFY,B,284,1554.55,441492.2
11-21-2025,BETA_INVEST,CL307947,SBIN,S,341,1221.36,
11-21-2025,BETA_INVEST,CL812259,ICICIBANK,B,328,1962.07,643558.96
11-24-2025,BETA_INVEST,CL286415,RELIANCE,S,195,1854.04,361537.8
11-22-2025,OMEGA_BROKING,CL505286,ICICIBANK,B,56,115.78,6483.68
26-Nov-25,OMEGA_BROKING,CL918874,HDFC,S,37,2503.88,92643.56
11-26-2025,OMEGA_BROKING,CL303492,AXISBANK,S,349,978.89,341632.61
22/11/2025,ALPHA_SEC,CL751547,HDFC,S,249,2429.75,605007.75
24-Nov-25,DELTA_TRADES,CL976069,INFY,B,243,150.5,36571.5
22-Nov-25,OMEGA_BROKING,CL670624,HDFC,B,99,1459.69,144509.31
2025-11-25,ALPHA_SEC,CL018648,ITC,S,166,2640.93,438394.38
22/11/2025,BETA_INVEST,CL337088,LT,B,71,498.22,35373.62
2025-11-20,OMEGA_BROKING,CL779479,HDFC,S,398,208.29,82899.42
2025-11-20,OMEGA_BROKING,CL664092,ITC,S,299,993.0,296907.0
2025-11-25,DELTA_TRADES,CL641992,INFY,B,106,2720.13,
2025-11-23,OMEGA_BROKING,CL327393,KOTAKBANK,B,268,2120.32,568245.76
11-29-2025,ALPHA_SEC,CL916955,KOTAKBANK,B,234,2727.51,638237.34
20/11/2025,OMEGA_BROKING,CL930530,HDFC,S,112,861.83,96524.96
11-23-2025,DELTA_TRADES,CL998480,AXISBANK,B,276,1883.05,519721.8
11-20-2025,BETA_INVEST,CL066317,ICICIBANK,B,233,2127.44,495693.52
23-Nov-25,OMEGA_BROKING,CL117651,KOTAKBANK,B,82,2380.35,195188.7
26-Nov-25,DELTA_TRADES,CL015428,SBIN,S,184,2637.64,485325.76
20/11/2025,OMEGA_BROKING,CL063502,KOTAKBANK,B,217,2621.64,568895.88
2025-11-20,OMEGA_BROKING,CL869557,KOTAKBANK,S,315,2742.83,863991.45
2025-11-22,ALPHA_SEC,CL826021,ICICIBANK,B,182,1078.92,196363.44
2025-11-26,DELTA_TRADES,CL834826,INFY,S,252,1874.43,472356.36
26/11/2025,BETA_INVEST,CL409407,LT,B,71,626.63,44490.73
24/11/2025,DELTA_TRADES,CL378101,LT,S,335,744.95,249558.25
23/11/2025,BETA_INVEST,CL480023,SBIN,B,188,971.0,182548.0
26/11/2025,ALPHA_SEC,CL855587,KOTAKBANK,S,144,1169.56,168416.64
29-Nov-25,BETA_INVEST,CL758329,KOTAKBANK,S,392,558.81,219053.52
20-Nov-25,BETA_INVEST,CL260558,LT,B,237,691.2,163814.4
20-Nov-25,DELTA_TRADES,CL109278,TATAMOTORS,B,212,2067.63,438337.56
11-20-2025,OMEGA_BROKING,CL377214,TATAMOTORS,B,65,325.75,17885.33
20-Nov-25,DELTA_TRADES,CL476369,LT,B,212,1140.89,241868.68
20-Nov-25,ALPHA_SEC,CL346593,ITC,S,341,810.88,276510.08
11-24-2025,ALPHA_SEC,CL543949,RELIANCE,B,302,2498.94,754679.88
11-21-2025,DELTA_TRADES,CL555634,RELIANCE,B,93,1853.17,172344.81
22-Nov-25,OMEGA_BROKING,CL150676,LT,B,333,1952.52,650189.16
2025-11-26,OMEGA_BROKING,CL692655,AXISBANK,B,164,1341.26,219966.64
21-Nov-25,OMEGA_BROKING,CL467121,RELIANCE,B,213,253.87,54074.31
2025-11-25,ALPHA_SEC,CL744185,HDFC,S,53,172.81,9158.93
2025-11-22,DELTA_TRADES,CL310063,TATAMOTORS,S,327,347.36,113586.72
22-Nov-25,ALPHA_SEC,CL143978,LT,B,356,2447.88,871445.28
2025-11-25,ALPHA_SEC,CL309384,INFY,B,111,1667.59,185102.49
26/11/2025,BETA_INVEST,CL466325,RELIANCE,B,300,1148.31,344493.0
2025-11-20,DELTA_TRADES,CL225856,SBIN,S,4,1068.67,4274.68
11-22-2025,OMEGA_BROKING,CL139629,SBIN,S,104,2200.62,228864.48
21-Nov-25,BETA_INVEST,CL947279,ICICIBANK,B,169,1750.78,295881.82
11-29-2025,OMEGA_BROKING,CL711689,INFY,B,326,512.3,167009.8
11-26-2025,OMEGA_BROKING,CL110701,HDFC,B,119,2705.91,322003.29
20/11/2025,OMEGA_BROKING,CL313088,SBIN,B,41,2238.38,91773.58
24-Nov-25,ALPHA_SEC,CL506536,ICICIBANK,S,237,1419.34,336383.58
20-Nov-25,BETA_INVEST,CL045955,RELIANCE,B,377,1123.66,423619.82
24-Nov-25,OMEGA_BROKING,CL555221,AXISBANK,B,14,2661.22,37257.08
21-Nov-25,BETA_INVEST,CL046737,TATAMOTORS,B,162,668.12,108235.44
29-Nov-25,DELTA_TRADES,CL031634,RELIANCE,B,274,1098.25,300920.5
26/11/2025,BETA_INVEST,CL587911,RELIANCE,B,82,1931.0,215345.19
2025-11-21,OMEGA_BROKING,CL367438,KOTAKBANK,S,384,1939.93,744933.12
23/11/2025,OMEGA_BROKING,CL787811,TATAMOTORS,B,250,2418.46,604615.0
23/11/2025,BETA_INVEST,CL066056,KOTAKBANK,B,369,2740.86,1011377.34
11-23-2025,ALPHA_SEC,CL379906,ITC,S,373,1950.26,727446.98
25-Nov-25,OMEGA_BROKING,CL652821,INFY,S,283,1679.77,475374.91
22/11/2025,BETA_INVEST,CL994553,TATAMOTORS,S,270,452.83,122264.1
24-Nov-25,ALPHA_SEC,CL625671,TATAMOTORS,S,153,2711.95,414928.35
21-Nov-25,OMEGA_BROKING,CL088994,RELIANCE,S,97,2048.11,198666.67
22-Nov-25,DELTA_TRADES,CL803211,TATAMOTORS,B,141,1183.67,166897.47
11-20-2025,BETA_INVEST,CL821813,KOTAKBANK,B,42,1396.03,58633.26
29/11/2025,DELTA_TRADES,CL711863,HDFC,B,17,2530.92,43025.64
2025-11-24,OMEGA_BROKING,CL630462,ITC,B,56,2199.69,123182.64
25/11/2025,ALPHA_SEC,CL078047,TATAMOTORS,S,45,2744.76,123514.2
2025-11-21,OMEGA_BROKING,CL753582,ITC,S,393,488.47,191968.71
25/11/2025,DELTA_TRADES,CL609750,KOTAKBANK,S,256,519.31,132943.36
25/11/2025,DELTA_TRADES,CL588841,ITC,S,91,651.97,59329.27
11-23-2025,ALPHA_SEC,CL156582,HDFC,S,183,934.24,170965.92
20/11/2025,BETA_INVEST,CL667790,SBIN,B,231,1158.56,267627.36
22/11/2025,DELTA_TRADES,CL919351,RELIANCE,S,250,1746.3,436575.0
23/11/2025,OMEGA_BROKING,CL752795,KOTAKBANK,S,116,1110.65,128835.4
23/11/2025,OMEGA_BROKING,CL311640,RELIANCE,S,345,1110.4,383088.0
2025-11-25,ALPHA_SEC,CL856734,LT,B,287,933.78,267994.86
23-Nov-25,DELTA_TRADES,CL936555,ITC,B,371,1524.46,565574.66
2025-11-21,ALPHA_SEC,CL787559,AXISBANK,B,197,191.94,37812.18
11-21-2025,BETA_INVEST,CL275322,LT,B,230,661.6,152168.0
2025-11-26,ALPHA_SEC,CL283647,LT,B,282,1867.49,526632.18
2025-11-26,ALPHA_SEC,CL522698,HDFC,S,234,123.8,28969.2
2025-11-25,OMEGA_BROKING,CL857986,LT,S,217,211.71,45941.07
11-24-2025,BETA_INVEST,CL741386,RELIANCE,S,50,2621.62,131081.0
2025-11-22,BETA_INVEST,CL558106,SBIN,S,102,2229.25,227383.5
20/11/2025,DELTA_TRADES,CL650859,SBIN,B,197,1954.1,384957.7
29/11/2025,DELTA_TRADES,CL419918,ITC,B,351,2333.79,819160.29
22-Nov-25,ALPHA_SEC,CL478705,HDFC,B,210,562.29,118080.9
2025-11-23,BETA_INVEST,CL884228,LT,S,307,649.4,199365.8
24/11/2025,BETA_INVEST,CL162996,AXISBANK,S,389,1725.23,
11-22-2025,DELTA_TRADES,CL405701,INFY,S,200,2309.76,461952.0
26/11/2025,BETA_INVEST,CL252105,ICICIBANK,S,247,2644.77,653258.19
21-Nov-25,BETA_INVEST,CL990124,HDFC,S,224,1269.69,284410.56
26/11/2025,ALPHA_SEC,CL232414,ICICIBANK,S,18,1178.65,21215.7
25/11/2025,ALPHA_SEC,CL643913,HDFC,S,113,156.22,17652.86
24-Nov-25,ALPHA_SEC,CL114032,LT,S,258,113.3,29231.4
25-Nov-25,DELTA_TRADES,CL111482,INFY,S,146,1091.32,159332.72
11-21-2025,DELTA_TRADES,CL653235,TATAMOTORS,S,168,1408.32,236597.76
23/11/2025,BETA_INVEST,CL146316,RELIANCE,B,65,2470.02,160551.3
11-24-2025,BETA_INVEST,CL642868,HDFC,S,369,411.52,151850.88
22/11/2025,ALPHA_SEC,CL414637,ICICIBANK,S,252,1919.61,
25/11/2025,BETA_INVEST,CL473908,ITC,B,146,743.39,108534.94
24-Nov-25,ALPHA_SEC,CL666441,ICICIBANK,B,24,2444.08,58657.92
11-26-2025,BETA_INVEST,CL612791,TATAMOTORS,B,6,2067.6,12405.6
2025-11-24,BETA_INVEST,CL741056,LT,B,88,114.59,10083.92
11-26-2025,ALPHA_SEC,CL987021,HDFC,S,81,1201.78,97344.18
11-25-2025,DELTA_TRADES,CL194849,RELIANCE,B,365,2771.15,1011469.75
2025-11-26,BETA_INVEST,CL397441,AXISBANK,S,107,1791.89,191732.23
25/11/2025,BETA_INVEST,CL778095,HDFC,S,243,1171.28,284621.04
22/11/2025,BETA_INVEST,CL032360,TATAMOTORS,B,297,2522.93,749310.21
2025-11-22,OMEGA_BROKING,CL668959,INFY,B,347,466.49,161872.03
26/11/2025,DELTA_TRADES,CL350198,ICICIBANK,B,149,1844.76,274869.24
2025-11-24,BETA_INVEST,CL158918,TATAMOTORS,B,381,2060.25,784955.25
21/11/2025,ALPHA_SEC,CL294071,INFY,S,125,978.84,122355.0
22/11/2025,OMEGA_BROKING,CL691544,INFY,S,392,1962.11,769147.12
25/11/2025,OMEGA_BROKING,CL624954,AXISBANK,S,20,1614.58,32291.6
21-Nov-25,OMEGA_BROKING,CL400916,ICICIBANK,B,347,744.55,258358.85
22-Nov-25,ALPHA_SEC,CL904754,INFY,B,336,2608.56,876476.16
11-21-2025,BETA_INVEST,CL466995,AXISBANK,B,190,804.27,152811.3
11-24-2025,ALPHA_SEC,CL370075,ICICIBANK,B,33,653.07,21551.31
11-24-2025,OMEGA_BROKING,CL446507,SBIN,B,363,449.45,163150.35
2025-11-20,ALPHA_SEC,CL750527,TATAMOTORS,S,265,2258.9,598608.5
20/11/2025,OMEGA_BROKING,CL944831,KOTAKBANK,B,231,725.95,167694.45
11-21-2025,DELTA_TRADES,CL253682,KOTAKBANK,S,45,1793.92,80726.4
2025-11-21,OMEGA_BROKING,CL793905,LT,S,42,905.38,38025.96
24-Nov-25,ALPHA_SEC,CL676938,ITC,B,257,1229.24,315914.68
22-Nov-25,BETA_INVEST,CL065434,AXISBANK,B,35,867.66,30368.1
26/11/2025,ALPHA_SEC,CL713932,TATAMOTORS,S,36,192.57,6932.52
24/11/2025,OMEGA_BROKING,CL282227,TATAMOTORS,B,281,811.5,228031.5
22-Nov-25,BETA_INVEST,CL942068,KOTAKBANK,S,125,1723.01,215376.25
21/11/2025,OMEGA_BROKING,CL283293,RELIANCE,B,373,1915.09,
11-25-2025,ALPHA_SEC,CL244408,AXISBANK,B,198,806.55,
2025-11-22,DELTA_TRADES,CL734173,SBIN,S,132,1786.52,235820.64
21-Nov-25,OMEGA_BROKING,CL748923,ITC,B,307,2383.41,731706.87
24/11/2025,DELTA_TRADES,CL947553,TATAMOTORS,S,198,2411.63,477502.74
11-25-2025,DELTA_TRADES,CL459776,AXISBANK,S,352,1548.43,545047.36
22/11/2025,ALPHA_SEC,CL738791,LT,B,76,1613.47,122623.72
11-23-2025,DELTA_TRADES,CL577614,TATAMOTORS,S,81,1220.76,98881.56
22-Nov-25,OMEGA_BROKING,CL391535,RELIANCE,B,398,1311.15,521837.7
11-23-2025,OMEGA_BROKING,CL208852,AXISBANK,B,50,1945.56,97278.0
11-24-2025,ALPHA_SEC,CL345769,RELIANCE,S,239,2075.1,495948.9
2025-11-24,ALPHA_SEC,CL900394,HDFC,B,138,2789.47,384946.86
11-24-2025,BETA_INVEST,CL888073,ITC,S,134,234.68,31447.12
22/11/2025,DELTA_TRADES,CL722149,RELIANCE,S,71,1491.99,105931.29
11-29-2025,ALPHA_SEC,CL510530,HDFC,B,381,2407.0,917067.0
23-Nov-25,OMEGA_BROKING,CL763838,HDFC,B,175,2268.02,396903.5
2025-11-24,BETA_INVEST,CL645904,INFY,B,59,1671.62,98625.58
2025-11-22,ALPHA_SEC,CL177793,ICICIBANK,B,365,2548.77,1331634.76
11-29-2025,OMEGA_BROKING,CL164130,SBIN,B,312,666.35,207901.2
2025-11-21,DELTA_TRADES,CL049054,INFY,B,308,1849.67,569698.36
23-Nov-25,BETA_INVEST,CL974355,TATAMOTORS,B,140,2516.43,352300.2
23-Nov-25,ALPHA_SEC,CL542869,KOTAKBANK,S,35,2662.77,
25-Nov-25,DELTA_TRADES,CL906088,ITC,S,296,431.03,127584.88
23-Nov-25,ALPHA_SEC,CL885370,TATAMOTORS,B,13,2068.31,26888.03
2025-11-23,BETA_INVEST,CL860685,ICICIBANK,S,86,1397.35,134583.07
11-24-2025,OMEGA_BROKING,CL867844,KOTAKBANK,B,122,642.04,78328.88
23/11/2025,BETA_INVEST,CL061715,LT,S,22,1950.77,42916.94
2025-11-20,BETA_INVEST,CL490764,HDFC,B,200,2709.81,541962.0
11-26-2025,BETA_INVEST,CL926222,SBIN,S,189,2250.47,
11-26-2025,ALPHA_SEC,CL106954,HDFC,S,360,1308.71,471135.6
25/11/2025,DELTA_TRADES,CL024599,INFY,S,242,2641.57,639259.94
2025-11-25,BETA_INVEST,CL600060,ITC,B,81,1496.82,121242.42
26-Nov-25,BETA_INVEST,CL100552,KOTAKBANK,B,360,2239.68,806284.8
2025-11-20,BETA_INVEST,CL574642,ITC,S,278,1258.05,349737.9
2025-11-21,OMEGA_BROKING,CL240947,SBIN,S,61,872.25,53207.25
26-Nov-25,OMEGA_BROKING,CL910986,ITC,S,198,1008.96,199774.08
22/11/2025,BETA_INVEST,CL456944,TATAMOTORS,S,142,2047.89,290800.38
22-Nov-25,BETA_INVEST,CL139984,TATAMOTORS,S,116,2571.56,298300.96
2025-11-26,DELTA_TRADES,CL912375,LT,B,108,2397.16,258893.28
24/11/2025,OMEGA_BROKING,CL708924,HDFC,S,333,995.6,331534.8
24/11/2025,ALPHA_SEC,CL658270,ITC,B,395,2067.03,816476.85
2025-11-20,BETA_INVEST,CL420926,ITC,B,180,1597.71,287587.8
11-26-2025,ALPHA_SEC,CL960603,INFY,S,111,1308.86,145283.46
11-23-2025,ALPHA_SEC,CL474048,AXISBANK,S,84,742.26,62349.84
2025-11-23,ALPHA_SEC,CL144348,KOTAKBANK,S,151,143.65,19598.84
26/11/2025,OMEGA_BROKING,CL862058,ITC,B,34,2092.56,71147.04
2025-11-20,ALPHA_SEC,CL222842,LT,B,301,2062.28,620746.28
20/11/2025,DELTA_TRADES,CL995617,AXISBANK,S,341,1726.14,588613.74
2025-11-21,BETA_INVEST,CL593543,INFY,B,70,1968.69,137808.3
2025-11-23,DELTA_TRADES,CL458558,INFY,B,79,737.29,58245.91
11-20-2025,DELTA_TRADES,CL157629,AXISBANK,B,197,1596.31,314473.07
23/11/2025,BETA_INVEST,CL592553,INFY,S,175,2215.09,387640.75
23/11/2025,OMEGA_BROKING,CL695026,LT,B,268,2378.83,637526.44
21-Nov-25,OMEGA_BROKING,CL868395,RELIANCE,S,354,2166.91,767086.14
21/11/2025,BETA_INVEST,CL160637,HDFC,S,333,105.81,35234.73
21/11/2025,ALPHA_SEC,CL856146,TATAMOTORS,S,90,1050.87,94578.3
25-Nov-25,ALPHA_SEC,CL656939,ITC,S,204,1264.25,257907.0
23/11/2025,OMEGA_BROKING,CL896448,ICICIBANK,B,160,1578.03,252484.8
11-24-2025,OMEGA_BROKING,CL648503,RELIANCE,B,268,1025.59,274858.12
2025-11-25,OMEGA_BROKING,CL523185,HDFC,S,65,2591.04,168417.6
20-Nov-25,DELTA_TRADES,CL460478,SBIN,B,76,2158.14,164018.64
25/11/2025,OMEGA_BROKING,CL416194,LT,B,245,2102.5,515112.5
11-24-2025,DELTA_TRADES,CL576380,ICICIBANK,B,79,1999.36,157949.44
2025-11-29,ALPHA_SEC,CL987859,INFY,B,237,2264.01,536570.37
2025-11-24,BETA_INVEST,CL665682,AXISBANK,S,63,1148.56,72359.28
11-26-2025,DELTA_TRADES,CL444741,ICICIBANK,S,387,1624.35,628623.45
21-Nov-25,ALPHA_SEC,CL354722,ICICIBANK,S,59,2118.36,124983.24
21-Nov-25,BETA_INVEST,CL584051,AXISBANK,S,393,1521.66,598012.38
21/11/2025,DELTA_TRADES,CL377114,LT,S,216,420.36,90797.76
2025-11-23,BETA_INVEST,CL761599,AXISBANK,S,17,2651.8,45080.6
20/11/2025,ALPHA_SEC,CL255581,LT,S,220,896.77,197289.4
29/11/2025,DELTA_TRADES,CL903444,TATAMOTORS,S,217,1173.52,254653.84
11-25-2025,ALPHA_SEC,CL928506,KOTAKBANK,B,11,453.81,2765.05
22-Nov-25,OMEGA_BROKING,CL963737,LT,B,183,2792.24,510979.92
11-23-2025,OMEGA_BROKING,CL959467,HDFC,B,200,2706.44,541288.0
2025-11-26,BETA_INVEST,CL199975,TATAMOTORS,B,261,1264.48,330029.28
26/11/2025,DELTA_TRADES,CL986959,HDFC,B,4,1482.89,5931.56
2025-11-23,BETA_INVEST,CL803302,TATAMOTORS,B,263,686.14,180454.82
11-23-2025,BETA_INVEST,CL397174,KOTAKBANK,B,161,119.77,19282.97
22/11/2025,OMEGA_BROKING,CL582622,INFY,S,361,758.36,273767.96
2025-11-20,DELTA_TRADES,CL873804,SBIN,B,195,222.89,43463.55
2025-11-23,OMEGA_BROKING,CL873701,HDFC,B,293,1094.41,320662.13
24/11/2025,BETA_INVEST,CL906026,ICICIBANK,B,349,1323.91,462044.59
11-21-2025,DELTA_TRADES,CL586608,INFY,B,395,698.19,275785.05
25/11/2025,DELTA_TRADES,CL999512,ICICIBANK,B,147,181.47,26676.09
2025-11-26,OMEGA_BROKING,CL967454,RELIANCE,B,326,1449.98,472693.48
22-Nov-25,ALPHA_SEC,CL800089,ITC,B,167,495.21,82700.07
11-20-2025,DELTA_TRADES,CL839088,ITC,S,80,525.53,42042.4
11-21-2025,ALPHA_SEC,CL599254,TATAMOTORS,B,286,620.78,177543.08
11-20-2025,BETA_INVEST,CL654267,SBIN,S,21,1594.04,33474.84
11-25-2025,DELTA_TRADES,CL568944,TATAMOTORS,S,10,2500.56,25005.6
25/11/2025,BETA_INVEST,CL595939,ICICIBANK,B,8,172.32,1164.42
26/11/2025,OMEGA_BROKING,CL581007,SBIN,S,67,2628.61,176116.87
2025-11-26,DELTA_TRADES,CL801501,SBIN,S,304,1472.23,447557.92
29-Nov-25,BETA_INVEST,CL822133,AXISBANK,B,319,852.25,271867.75
23/11/2025,BETA_INVEST,CL191086,LT,S,11,1965.6,
24/11/2025,DELTA_TRADES,CL705877,AXISBANK,S,78,2578.57,201128.46
2025-11-23,OMEGA_BROKING,CL541667,INFY,B,64,2616.1,167430.4
11-23-2025,DELTA_TRADES,CL774198,SBIN,S,288,900.87,259450.56
20-Nov-25,DELTA_TRADES,CL503772,SBIN,B,224,2337.02,523492.48
11-21-2025,DELTA_TRADES,CL238706,SBIN,B,84,2097.71,176207.64
26-Nov-25,DELTA_TRADES,CL631806,RELIANCE,S,209,2298.16,480315.44
25-Nov-25,DELTA_TRADES,CL606087,SBIN,B,45,2103.49,94657.05
2025-11-23,OMEGA_BROKING,CL908270,AXISBANK,S,168,843.85,141766.8
2025-11-21,DELTA_TRADES,CL225129,INFY,B,211,1671.83,352756.13
29-Nov-25,BETA_INVEST,CL997008,INFY,S,39,556.19,21691.41
25/11/2025,ALPHA_SEC,CL417049,SBIN,S,341,227.77,77669.57
2025-11-20,ALPHA_SEC,CL083913,INFY,S,135,1225.21,165403.35
2025-11-22,DELTA_TRADES,CL286771,ICICIBANK,B,116,1615.77,187429.32
24-Nov-25,ALPHA_SEC,CL159084,ICICIBANK,B,255,111.21,28358.55
22-Nov-25,ALPHA_SEC,CL727841,KOTAKBANK,S,298,2003.01,596896.98
2025-11-20,BETA_INVEST,CL215507,ITC,B,32,2677.58,85682.56
11-21-2025,ALPHA_SEC,CL925789,SBIN,S,269,1902.19,511689.11
2025-11-20,OMEGA_BROKING,CL556372,RELIANCE,S,370,2259.66,836074.2
25/11/2025,OMEGA_BROKING,CL880868,SBIN,B,211,1695.12,357670.32
22-Nov-25,DELTA_TRADES,CL550257,SBIN,B,23,1157.33,26618.59
25/11/2025,OMEGA_BROKING,CL148857,RELIANCE,S,95,1855.43,176265.85
25/11/2025,ALPHA_SEC,CL427133,TATAMOTORS,B,10,1642.46,16424.6
11-22-2025,BETA_INVEST,CL098545,SBIN,B,223,419.02,93441.46
25/11/2025,OMEGA_BROKING,CL191127,HDFC,S,153,2022.03,309370.59
2025-11-29,BETA_INVEST,CL610733,ITC,S,125,616.59,77073.75
11-21-2025,ALPHA_SEC,CL120440,RELIANCE,S,64,2537.54,162402.56
11-21-2025,ALPHA_SEC,CL190104,HDFC,S,86,2698.83,232099.38
25-Nov-25,ALPHA_SEC,CL139775,HDFC,S,292,1279.74,373684.08
2025-11-20,DELTA_TRADES,CL392283,LT,B,186,1828.26,340056.36
11-22-2025,BETA_INVEST,CL919301,ITC,B,44,686.77,30217.88
26/11/2025,OMEGA_BROKING,CL545574,LT,S,41,2571.97,105450.77
11-20-2025,OMEGA_BROKING,CL657437,ITC,B,199,1240.42,246843.58
11-22-2025,ALPHA_SEC,CL780628,LT,S,353,1459.78,515302.34
26/11/2025,ALPHA_SEC,CL722470,ITC,B,293,278.13,81492.09
2025-11-24,OMEGA_BROKING,CL408646,AXISBANK,B,233,1653.29,385216.57
26-Nov-25,BETA_INVEST,CL503661,TATAMOTORS,B,2,980.36,1960.72
11-29-2025,DELTA_TRADES,CL283957,AXISBANK,S,337,481.18,162157.66
11-25-2025,OMEGA_BROKING,CL960275,SBIN,B,267,828.15,221116.05
11-20-2025,DELTA_TRADES,CL130936,TATAMOTORS,S,106,2627.16,278478.96
21/11/2025,ALPHA_SEC,CL362340,HDFC,S,97,1230.98,119405.06
24/11/2025,BETA_INVEST,CL309405,RELIANCE,B,129,155.4,20046.6
2025-11-22,BETA_INVEST,CL376033,SBIN,S,374,338.82,126718.68
2025-11-26,ALPHA_SEC,CL066135,TATAMOTORS,S,229,271.99,62285.71
25-Nov-25,OMEGA_BROKING,CL585866,ICICIBANK,B,189,2559.97,483834.33
11-25-2025,DELTA_TRADES,CL016970,ITC,B,366,2304.46,843432.36
22/11/2025,DELTA_TRADES,CL175344,HDFC,B,113,978.74,110597.62
25-Nov-25,DELTA_TRADES,CL670384,RELIANCE,S,350,101.67,
2025-11-20,ALPHA_SEC,CL755874,LT,S,309,402.23,124289.07
26-Nov-25,ALPHA_SEC,CL093398,RELIANCE,B,256,1195.48,306042.88
11-29-2025,BETA_INVEST,CL586993,RELIANCE,B,343,1471.83,504837.69
22/11/2025,DELTA_TRADES,CL663104,INFY,B,377,553.09,208514.93
20/11/2025,ALPHA_SEC,CL757101,HDFC,B,74,1427.67,105647.58
11-22-2025,OMEGA_BROKING,CL799637,HDFC,S,90,2185.55,196699.5
11-21-2025,DELTA_TRADES,CL717784,LT,S,338,1348.76,455880.88
11-26-2025,BETA_INVEST,CL229978,RELIANCE,S,186,1357.11,252422.46
11-21-2025,ALPHA_SEC,CL642686,ICICIBANK,S,352,2757.46,970625.92
11-23-2025,DELTA_TRADES,CL378884,LT,S,290,1871.94,542862.6
11-23-2025,DELTA_TRADES,CL145375,HDFC,S,360,1706.72,614419.2
2025-11-22,BETA_INVEST,CL582812,SBIN,B,238,581.5,138397.0
2025-11-26,OMEGA_BROKING,CL253821,INFY,B,269,1951.77,525026.13
2025-11-21,BETA_INVEST,CL865866,AXISBANK,S,9,2319.54,
11-21-2025,DELTA_TRADES,CL539947,KOTAKBANK,B,116,2172.42,252000.72
25/11/2025,OMEGA_BROKING,CL466371,SBIN,B,373,2502.52,933439.96
11-23-2025,OMEGA_BROKING,CL325382,AXISBANK,B,57,232.18,13234.26
11-23-2025,ALPHA_SEC,CL822459,SBIN,S,133,2692.17,358058.61
2025-11-20,DELTA_TRADES,CL082657,TATAMOTORS,S,246,1333.72,328095.12
11-20-2025,OMEGA_BROKING,CL742771,LT,S,364,527.27,
2025-11-24,DELTA_TRADES,CL402541,HDFC,B,178,949.92,169085.76
23/11/2025,DELTA_TRADES,CL382861,INFY,S,281,1905.5,535445.5
11-20-2025,DELTA_TRADES,CL904959,SBIN,B,159,2177.78,346267.02
11-22-2025,ALPHA_SEC,CL369486,KOTAKBANK,B,362,2517.69,911403.78
20/11/2025,OMEGA_BROKING,CL432017,ITC,B,101,914.39,92353.39
11-25-2025,BETA_INVEST,CL010753,ICICIBANK,B,374,1179.35,441076.9
2025-11-29,DELTA_TRADES,CL066704,AXISBANK,S,61,2413.8,147241.8
20-Nov-25,BETA_INVEST,CL082374,SBIN,B,365,1370.48,500225.2
11-25-2025,ALPHA_SEC,CL067627,SBIN,B,127,2044.92,259704.84
11-20-2025,BETA_INVEST,CL355481,ICICIBANK,S,139,2446.93,340123.27
23-Nov-25,OMEGA_BROKING,CL826957,SBIN,B,276,1441.59,397878.84
11-22-2025,DELTA_TRADES,CL145910,ITC,B,328,630.03,206649.84
21/11/2025,ALPHA_SEC,CL937967,RELIANCE,S,138,2446.7,337644.6
11-20-2025,BETA_INVEST,CL897646,ITC,S,269,783.56,210777.64
2025-11-22,ALPHA_SEC,CL550166,TATAMOTORS,B,226,1658.87,374904.62
2025-11-20,DELTA_TRADES,CL833831,RELIANCE,S,362,498.4,180420.8
23-Nov-25,ALPHA_SEC,CL491620,ICICIBANK,S,195,2134.9,416305.5
29-Nov-25,ALPHA_SEC,CL598912,TATAMOTORS,S,176,752.07,132364.32
2025-11-25,ALPHA_SEC,CL672480,SBIN,B,329,2487.48,818380.92
23/11/2025,DELTA_TRADES,CL949158,INFY,B,355,1031.13,366051.15
11-24-2025,ALPHA_SEC,CL203113,TATAMOTORS,B,83,1255.72,102650.49
2025-11-26,OMEGA_BROKING,CL553434,AXISBANK,S,221,816.53,180453.13
23/11/2025,BETA_INVEST,CL860841,AXISBANK,S,219,2316.29,507267.51
22-Nov-25,BETA_INVEST,CL407029,SBIN,S,189,1259.44,238034.16
2025-11-25,OMEGA_BROKING,CL042267,ITC,B,178,1234.63,219764.14
22-Nov-25,OMEGA_BROKING,CL330173,HDFC,S,379,2779.34,1053369.86
11-24-2025,ALPHA_SEC,CL334154,ICICIBANK,B,322,536.84,172862.48
21/11/2025,OMEGA_BROKING,CL908248,TATAMOTORS,S,68,1316.1,89494.8
25-Nov-25,DELTA_TRADES,CL630453,TATAMOTORS,B,173,108.84,18829.32
20-Nov-25,OMEGA_BROKING,CL937653,TATAMOTORS,B,15,575.34,8630.1
21-Nov-25,BETA_INVEST,CL347425,INFY,S,309,1031.74,318807.66
20/11/2025,BETA_INVEST,CL439901,RELIANCE,S,265,1996.97,529197.05
20/11/2025,DELTA_TRADES,CL078491,KOTAKBANK,S,98,241.17,23634.66
11-20-2025,BETA_INVEST,CL080983,INFY,B,254,1956.01,496826.54
2025-11-25,ALPHA_SEC,CL100455,HDFC,B,303,2128.65,644980.95
11-22-2025,DELTA_TRADES,CL533158,HDFC,S,128,1862.82,238440.96
29/11/2025,DELTA_TRADES,CL963110,ITC,B,370,462.28,171043.6
29/11/2025,DELTA_TRADES,CL529949,RELIANCE,S,30,268.03,8040.9
20-Nov-25,OMEGA_BROKING,CL094854,TATAMOTORS,B,285,653.57,186267.45
11-21-2025,ALPHA_SEC,CL704201,ITC,B,207,226.82,46951.74
26/11/2025,BETA_INVEST,CL526715,ICICIBANK,S,291,2421.72,704720.52
2025-11-24,DELTA_TRADES,CL895199,ITC,S,352,412.62,145242.24
11-24-2025,BETA_INVEST,CL283477,INFY,B,366,916.06,335277.96
23/11/2025,BETA_INVEST,CL343193,RELIANCE,S,50,2256.71,112835.5
22/11/2025,ALPHA_SEC,CL478322,ICICIBANK,B,128,704.74,90206.72
24-Nov-25,BETA_INVEST,CL851919,SBIN,B,1,2489.59,2489.59
25-Nov-25,DELTA_TRADES,CL880342,KOTAKBANK,B,242,1609.04,389387.68
11-22-2025,ALPHA_SEC,CL051392,ITC,B,247,2656.82,656234.54
24-Nov-25,OMEGA_BROKING,CL628811,LT,S,203,240.8,48882.4
26/11/2025,ALPHA_SEC,CL077091,SBIN,S,334,1514.18,505736.12
22-Nov-25,DELTA_TRADES,CL163851,HDFC,B,19,2069.39,58470.3
2025-11-26,DELTA_TRADES,CL614824,TATAMOTORS,B,30,2424.84,72745.2
21-Nov-25,BETA_INVEST,CL600575,SBIN,B,226,2238.79,505966.54
25-Nov-25,ALPHA_SEC,CL491876,ITC,B,169,2364.79,399649.51
2025-11-22,OMEGA_BROKING,CL128005,INFY,B,99,671.54,66482.46
21-Nov-25,DELTA_TRADES,CL684668,AXISBANK,S,104,140.68,14630.72
29/11/2025,ALPHA_SEC,CL331168,TATAMOTORS,B,78,1448.56,112987.68
2025-11-22,OMEGA_BROKING,CL185936,ICICIBANK,S,25,605.84,15146.0
11-26-2025,DELTA_TRADES,CL635383,TATAMOTORS,B,100,2375.82,237582.0
22-Nov-25,OMEGA_BROKING,CL312503,LT,B,249,710.21,176842.29
24/11/2025,OMEGA_BROKING,CL766297,RELIANCE,S,150,460.67,69100.5
26-Nov-25,OMEGA_BROKING,CL129379,TATAMOTORS,S,295,2449.7,722661.5
25/11/2025,ALPHA_SEC,CL979690,AXISBANK,B,250,1619.85,404962.5
21-Nov-25,ALPHA_SEC,CL203827,HDFC,S,120,1496.44,179572.8
26-Nov-25,BETA_INVEST,CL658863,TATAMOTORS,B,392,2393.0,938056.0
24-Nov-25,BETA_INVEST,CL020140,LT,B,105,684.38,71859.9
23/11/2025,OMEGA_BROKING,CL887768,ITC,B,288,2752.9,792835.2
2025-11-24,BETA_INVEST,CL000793,RELIANCE,S,106,540.27,
29-Nov-25,DELTA_TRADES,CL286057,KOTAKBANK,B,32,2185.69,69942.08
21-Nov-25,OMEGA_BROKING,CL925549,RELIANCE,S,246,2074.82,510405.72
25/11/2025,BETA_INVEST,CL763282,INFY,B,96,1018.47,97773.12
11-22-2025,ALPHA_SEC,CL522691,KOTAKBANK,S,394,1625.77,640553.38
11-25-2025,OMEGA_BROKING,CL119046,HDFC,B,317,1869.15,300666.19
29/11/2025,DELTA_TRADES,CL627788,TATAMOTORS,B,232,2233.71,518220.72
11-20-2025,ALPHA_SEC,CL259169,RELIANCE,S,139,2400.58,333680.62
24/11/2025,DELTA_TRADES,CL631327,ICICIBANK,B,204,1476.24,301152.96
11-21-2025,ALPHA_SEC,CL323422,INFY,B,113,602.33,68063.29
11-22-2025,DELTA_TRADES,CL742130,KOTAKBANK,S,237,221.84,52576.08
2025-11-20,ALPHA_SEC,CL147178,ICICIBANK,S,23,1869.12,42989.76
2025-11-25,DELTA_TRADES,CL930585,RELIANCE,B,28,2214.45,62004.6
22-Nov-25,ALPHA_SEC,CL714930,ICICIBANK,B,75,451.56,33867.0
11-24-2025,OMEGA_BROKING,CL875661,ICICIBANK,B,355,1018.14,361439.7
22/11/2025,DELTA_TRADES,CL203260,LT,B,81,1401.5,113521.5
11-26-2025,OMEGA_BROKING,CL497294,KOTAKBANK,S,135,1956.28,264097.8
2025-11-20,OMEGA_BROKING,CL416813,HDFC,S,340,1948.04,
2025-11-22,OMEGA_BROKING,CL331625,SBIN,S,197,868.55,171104.35
20-Nov-25,BETA_INVEST,CL971475,RELIANCE,S,110,719.19,79110.9
23/11/2025,BETA_INVEST,CL155575,KOTAKBANK,B,181,2680.59,485186.79
21-Nov-25,ALPHA_SEC,CL964155,SBIN,S,186,678.96,126286.56
2025-11-26,DELTA_TRADES,CL280654,LT,B,40,810.86,
25/11/2025,DELTA_TRADES,CL584215,INFY,B,189,921.07,174082.23
11-24-2025,OMEGA_BROKING,CL150929,AXISBANK,B,143,906.06,129566.58
20/11/2025,ALPHA_SEC,CL371695,AXISBANK,B,291,2305.2,636269.11
11-26-2025,BETA_INVEST,CL335954,INFY,B,82,715.21,58647.22
26-Nov-25,BETA_INVEST,CL965869,LT,S,124,1370.13,169896.12
11-20-2025,OMEGA_BROKING,CL695390,TATAMOTORS,B,19,1015.94,19302.86
2025-11-24,OMEGA_BROKING,CL901130,AXISBANK,B,400,1008.5,403400.0
2025-11-23,ALPHA_SEC,CL579455,TATAMOTORS,B,270,1325.93,358001.1
20-Nov-25,DELTA_TRADES,CL094965,KOTAKBANK,S,112,550.38,61642.56
2025-11-29,OMEGA_BROKING,CL623253,AXISBANK,B,225,147.15,33108.75
11-23-2025,DELTA_TRADES,CL021829,ICICIBANK,B,81,1493.45,120969.45
24/11/2025,ALPHA_SEC,CL863554,HDFC,S,374,659.16,246525.84
11-23-2025,DELTA_TRADES,CL266365,TATAMOTORS,B,89,2743.32,244155.48
11-22-2025,DELTA_TRADES,CL232800,RELIANCE,B,368,923.74,339936.32
2025-11-21,DELTA_TRADES,CL853595,INFY,B,8,1463.48,11707.84
2025-11-20,OMEGA_BROKING,CL956137,AXISBANK,S,240,2353.8,564912.0
22-Nov-25,ALPHA_SEC,CL709882,ITC,B,229,2278.17,521700.93
24-Nov-25,BETA_INVEST,CL165196,HDFC,B,66,2724.42,179811.72
2025-11-20,ALPHA_SEC,CL808728,KOTAKBANK,B,52,1639.45,85251.4
11-23-2025,DELTA_TRADES,CL485510,ITC,B,125,1953.01,244126.25
26-Nov-25,ALPHA_SEC,CL360427,INFY,S,141,890.02,125492.82
11-20-2025,ALPHA_SEC,CL696579,KOTAKBANK,B,375,155.16,58185.0
11-23-2025,OMEGA_BROKING,CL016051,ICICIBANK,B,387,510.78,197671.86
23/11/2025,OMEGA_BROKING,CL782619,SBIN,B,247,1901.33,469628.51
11-21-2025,ALPHA_SEC,CL997979,TATAMOTORS,B,252,1407.32,354644.64
20-Nov-25,BETA_INVEST,CL617028,HDFC,B,38,372.29,14147.02
29/11/2025,OMEGA_BROKING,CL224203,ICICIBANK,B,267,900.45,240420.15
11-21-2025,BETA_INVEST,CL645881,INFY,B,66,2057.35,135785.1
2025-11-21,DELTA_TRADES,CL008352,INFY,B,324,1106.4,358473.6
23/11/2025,DELTA_TRADES,CL743097,INFY,B,218,2332.69,508526.42
22/11/2025,DELTA_TRADES,CL135438,AXISBANK,S,297,736.41,218713.77
26-Nov-25,OMEGA_BROKING,CL970413,AXISBANK,B,68,656.25,44625.0
2025-11-23,OMEGA_BROKING,CL191266,HDFC,B,228,1977.96,450974.88
11-21-2025,BETA_INVEST,CL626600,RELIANCE,S,363,552.76,200651.88
21/11/2025,BETA_INVEST,CL234156,SBIN,S,352,2247.13,790989.76
25-Nov-25,BETA_INVEST,CL023354,AXISBANK,B,396,1307.9,517928.4
25-Nov-25,ALPHA_SEC,CL203605,RELIANCE,B,73,814.97,59492.81
2025-11-21,BETA_INVEST,CL167142,ICICIBANK,B,354,1993.5,705699.0
26/11/2025,OMEGA_BROKING,CL646039,SBIN,S,140,1734.81,242873.4
21-Nov-25,DELTA_TRADES,CL390787,ITC,S,293,612.72,243039.38
2025-11-26,ALPHA_SEC,CL837668,HDFC,S,115,2022.86,232628.9
2025-11-25,BETA_INVEST,CL910619,AXISBANK,S,148,762.48,112847.04
2025-11-24,ALPHA_SEC,CL013284,TATAMOTORS,B,192,313.75,60240.0
21/11/2025,OMEGA_BROKING,CL533827,HDFC,S,93,195.63,18193.59
21-Nov-25,ALPHA_SEC,CL992329,INFY,B,135,2640.31,356441.85
11-25-2025,BETA_INVEST,CL725983,RELIANCE,S,75,840.52,63039.0
11-25-2025,ALPHA_SEC,CL675361,HDFC,B,216,1491.68,322202.88
11-22-2025,ALPHA_SEC,CL141852,RELIANCE,B,44,1080.31,47533.64
24-Nov-25,DELTA_TRADES,CL292298,AXISBANK,S,166,1332.0,221112.0
2025-11-22,ALPHA_SEC,CL128113,ICICIBANK,S,97,936.12,90803.64
11-29-2025,BETA_INVEST,CL005216,LT,S,377,1321.14,498069.78
22/11/2025,OMEGA_BROKING,CL622762,ITC,B,275,1116.09,306924.75
11-24-2025,ALPHA_SEC,CL845210,HDFC,S,330,2568.07,847463.1
26-Nov-25,DELTA_TRADES,CL085589,RELIANCE,B,232,1823.59,423072.88
24/11/2025,OMEGA_BROKING,CL184361,LT,B,68,239.65,16296.2
25/11/2025,ALPHA_SEC,CL162122,KOTAKBANK,S,137,1104.6,151330.2
21/11/2025,ALPHA_SEC,CL915811,SBIN,B,1,2505.61,2505.61
24/11/2025,DELTA_TRADES,CL141921,ITC,S,173,2478.41,428764.93
26-Nov-25,ALPHA_SEC,CL425970,RELIANCE,B,390,2795.98,1090432.2
23-Nov-25,BETA_INVEST,CL195956,TATAMOTORS,S,360,2442.12,879163.2
20-Nov-25,DELTA_TRADES,CL638582,KOTAKBANK,S,298,1435.45,427764.1
2025-11-26,ALPHA_SEC,CL924420,SBIN,S,42,1890.29,79392.18
26/11/2025,BETA_INVEST,CL067887,LT,B,163,747.28,121806.64
22-Nov-25,BETA_INVEST,CL927776,ICICIBANK,B,109,2657.67,289686.03
25-Nov-25,DELTA_TRADES,CL216938,INFY,S,112,2693.13,301630.56
21-Nov-25,ALPHA_SEC,CL834018,KOTAKBANK,B,205,1904.6,390443.0
20/11/2025,ALPHA_SEC,CL443157,HDFC,S,136,653.05,88814.8
2025-11-24,OMEGA_BROKING,CL079890,AXISBANK,S,224,604.9,135497.6
22-Nov-25,ALPHA_SEC,CL204682,HDFC,S,247,1670.25,412551.75
26/11/2025,BETA_INVEST,CL033521,HDFC,S,313,992.15,310542.95
23-Nov-25,OMEGA_BROKING,CL909460,HDFC,B,21,726.93,15265.53
29-Nov-25,DELTA_TRADES,CL679334,HDFC,S,223,2777.83,619456.09
2025-11-20,OMEGA_BROKING,CL754378,AXISBANK,S,217,1240.39,269164.63
26-Nov-25,BETA_INVEST,CL651093,INFY,B,37,2294.95,84913.15
21/11/2025,BETA_INVEST,CL492727,TATAMOTORS,B,124,709.19,87939.56
11-22-2025,BETA_INVEST,CL406229,KOTAKBANK,B,279,853.94,238249.26
24/11/2025,BETA_INVEST,CL590004,ITC,B,389,2697.51,1049331.39
2025-11-21,OMEGA_BROKING,CL027770,AXISBANK,S,34,895.25,30438.5
2025-11-26,OMEGA_BROKING,CL297617,RELIANCE,S,107,840.9,89976.3
23-Nov-25,OMEGA_BROKING,CL548841,KOTAKBANK,S,4,1635.09,6540.36
2025-11-26,OMEGA_BROKING,CL571468,INFY,B,166,2401.26,398609.16
2025-11-21,ALPHA_SEC,CL389944,ITC,B,368,2641.61,972112.48
11-25-2025,BETA_INVEST,CL389831,ICICIBANK,S,148,1662.84,246100.32
24/11/2025,DELTA_TRADES,CL471389,AXISBANK,S,272,804.21,218745.12
11-26-2025,ALPHA_SEC,CL237844,KOTAKBANK,B,130,452.57,58834.1
22-Nov-25,ALPHA_SEC,CL461364,SBIN,B,249,2113.16,526176.84
25-Nov-25,OMEGA_BROKING,CL206620,ICICIBANK,B,354,774.03,274006.62
21-Nov-25,BETA_INVEST,CL481293,RELIANCE,S,330,2781.95,918043.5
20/11/2025,DELTA_TRADES,CL875512,TATAMOTORS,B,295,2440.9,720065.5
26/11/2025,ALPHA_SEC,CL465702,ICICIBANK,B,134,1743.58,233639.72
11-24-2025,OMEGA_BROKING,CL392303,TATAMOTORS,B,271,2385.53,646478.63
2025-11-26,OMEGA_BROKING,CL223340,ICICIBANK,S,397,589.86,234174.42
21-Nov-25,ALPHA_SEC,CL354755,ITC,S,74,1808.3,133814.2
11-20-2025,ALPHA_SEC,CL852945,INFY,B,38,1573.47,59791.86
22-Nov-25,OMEGA_BROKING,CL163449,INFY,S,47,2518.15,91682.35
11-26-2025,DELTA_TRADES,CL015075,TATAMOTORS,S,364,2155.68,784667.52
21-Nov-25,ALPHA_SEC,CL237465,AXISBANK,B,328,1618.77,530956.56
11-29-2025,BETA_INVEST,CL889602,ICICIBANK,B,20,1433.32,28666.4
20/11/2025,OMEGA_BROKING,CL410135,RELIANCE,S,176,1215.88,
20/11/2025,ALPHA_SEC,CL675876,AXISBANK,B,184,2674.44,492096.96
2025-11-21,BETA_INVEST,CL139907,LT,B,123,2303.63,283346.49
25-Nov-25,ALPHA_SEC,CL646203,INFY,S,121,1615.69,195498.49
11-25-2025,ALPHA_SEC,CL254466,SBIN,S,345,1004.44,346531.8
24-Nov-25,BETA_INVEST,CL744284,INFY,S,367,265.61,97478.87
23/11/2025,DELTA_TRADES,CL888039,KOTAKBANK,S,248,984.78,244225.44
2025-11-24,BETA_INVEST,CL027874,HDFC,B,379,1956.22,741407.38
26-Nov-25,ALPHA_SEC,CL701960,HDFC,S,151,557.02,84110.02
2025-11-26,OMEGA_BROKING,CL660809,LT,B,345,140.82,48582.9
24/11/2025,BETA_INVEST,CL672903,TATAMOTORS,B,48,153.43,7364.64
2025-11-22,BETA_INVEST,CL997936,LT,B,164,1655.2,271452.8
23/11/2025,OMEGA_BROKING,CL229216,HDFC,B,22,613.93,13506.46
24/11/2025,OMEGA_BROKING,CL134861,KOTAKBANK,B,352,1773.86,624398.72
26-Nov-25,ALPHA_SEC,CL070040,LT,S,399,1024.69,408851.31
22-Nov-25,DELTA_TRADES,CL034558,LT,S,194,468.89,90964.66
26/11/2025,DELTA_TRADES,CL258340,AXISBANK,B,345,1585.95,547152.75
24/11/2025,BETA_INVEST,CL610935,HDFC,B,248,2342.77,581006.96
21/11/2025,BETA_INVEST,CL533617,ITC,B,215,468.98,100830.7
24-Nov-25,ALPHA_SEC,CL205423,INFY,S,229,135.66,31066.14
2025-11-26,DELTA_TRADES,CL343711,ICICIBANK,B,170,2495.04,424156.8
2025-11-22,ALPHA_SEC,CL876900,ITC,S,322,1860.57,599103.54
11-24-2025,OMEGA_BROKING,CL948922,KOTAKBANK,B,326,2632.28,858123.28
23-Nov-25,BETA_INVEST,CL019842,INFY,B,308,406.75,125279.0
11-23-2025,OMEGA_BROKING,CL870386,AXISBANK,B,41,2455.64,100681.24
2025-11-21,ALPHA_SEC,CL949442,TATAMOTORS,B,185,1880.88,347962.8
11-20-2025,OMEGA_BROKING,CL060610,KOTAKBANK,B,289,1570.35,453831.15
21-Nov-25,ALPHA_SEC,CL390680,ITC,S,390,296.27,115545.3
29/11/2025,OMEGA_BROKING,CL145410,SBIN,B,74,694.85,51418.9
29/11/2025,DELTA_TRADES,CL072887,HDFC,S,301,2337.55,703602.55
26/11/2025,BETA_INVEST,CL359293,INFY,B,89,2342.11,208447.79
11-29-2025,BETA_INVEST,CL660936,AXISBANK,S,291,941.11,273463.89
25-Nov-25,BETA_INVEST,CL039544,HDFC,S,32,1078.57,34514.24
11-25-2025,BETA_INVEST,CL793377,ICICIBANK,S,323,701.99,226742.77
2025-11-26,ALPHA_SEC,CL830798,ICICIBANK,S,216,865.46,186939.36
22-Nov-25,BETA_INVEST,CL499196,TATAMOTORS,B,39,1354.26,52816.14
22-Nov-25,BETA_INVEST,CL145729,KOTAKBANK,B,235,2692.42,632718.7
2025-11-26,OMEGA_BROKING,CL363654,RELIANCE,S,303,1232.59,373474.77
2025-11-20,DELTA_TRADES,CL760766,RELIANCE,S,199,224.16,44607.84
2025-11-23,OMEGA_BROKING,CL005222,LT,S,106,158.75,16827.5
25-Nov-25,OMEGA_BROKING,CL071545,RELIANCE,S,352,158.18,55679.36
2025-11-29,DELTA_TRADES,CL652411,AXISBANK,B,349,2156.12,752485.88
26-Nov-25,ALPHA_SEC,CL747254,SBIN,S,44,1075.79,47334.76
23-Nov-25,ALPHA_SEC,CL630554,TATAMOTORS,B,373,2219.4,827836.2
11-20-2025,OMEGA_BROKING,CL058498,LT,S,242,1928.74,466755.08
2025-11-24,BETA_INVEST,CL473462,SBIN,B,88,1311.27,115391.76
11-22-2025,ALPHA_SEC,CL766991,ICICIBANK,B,15,2325.75,34886.25
2025-11-26,OMEGA_BROKING,CL725977,LT,S,261,2754.66,718966.26
20-Nov-25,ALPHA_SEC,CL294412,SBIN,B,377,552.47,208281.19
23-Nov-25,BETA_INVEST,CL727560,ITC,S,196,2009.36,393834.56
2025-11-26,ALPHA_SEC,CL701645,KOTAKBANK,S,220,2506.6,551452.0
24-Nov-25,ALPHA_SEC,CL354151,RELIANCE,B,275,589.18,162024.5
25-Nov-25,OMEGA_BROKING,CL634614,ICICIBANK,S,76,1940.47,147475.72
25/11/2025,DELTA_TRADES,CL848441,LT,B,351,1064.26,373555.26
11-26-2025,BETA_INVEST,CL305472,INFY,S,12,107.99,1295.88
24-Nov-25,BETA_INVEST,CL227569,SBIN,S,207,152.39,31544.73
2025-11-26,BETA_INVEST,CL417557,SBIN,S,340,118.32,40228.8
25/11/2025,DELTA_TRADES,CL209131,SBIN,B,234,1890.58,442395.72
2025-11-21,OMEGA_BROKING,CL790675,HDFC,S,213,1569.03,334203.39
29-Nov-25,ALPHA_SEC,CL409382,ICICIBANK,S,90,843.54,75918.6
22-Nov-25,DELTA_TRADES,CL570651,ICICIBANK,B,238,878.79,209152.02
11-22-2025,DELTA_TRADES,CL621471,RELIANCE,B,138,1677.15,231446.7
11-20-2025,BETA_INVEST,CL762093,KOTAKBANK,B,150,2721.74,408261.0
23-Nov-25,ALPHA_SEC,CL079848,TATAMOTORS,B,389,1784.83,694298.87
22/11/2025,ALPHA_SEC,CL469045,HDFC,B,281,2075.28,583153.68
11-24-2025,ALPHA_SEC,CL785540,LT,B,229,2358.14,540014.06
2025-11-23,BETA_INVEST,CL042025,LT,B,166,2386.09,396090.94
2025-11-22,BETA_INVEST,CL038741,ITC,B,208,379.67,
23-Nov-25,OMEGA_BROKING,CL322671,TATAMOTORS,B,302,2505.39,756627.78
2025-11-23,OMEGA_BROKING,CL490928,KOTAKBANK,B,310,1949.5,604345.0
21-Nov-25,DELTA_TRADES,CL914905,SBIN,B,359,2171.73,779651.07
21/11/2025,ALPHA_SEC,CL091944,SBIN,S,158,626.13,98928.54
11-25-2025,ALPHA_SEC,CL414629,ITC,S,355,625.2,221946.0
24-Nov-25,DELTA_TRADES,CL343694,KOTAKBANK,S,272,661.8,180009.6
11-25-2025,BETA_INVEST,CL295390,LT,B,232,1326.98,307859.36
22/11/2025,DELTA_TRADES,CL313191,AXISBANK,B,182,2660.1,484138.2
11-26-2025,DELTA_TRADES,CL408270,INFY,B,383,1783.27,682992.41
24/11/2025,OMEGA_BROKING,CL477920,TATAMOTORS,B,207,2010.71,416216.97
11-22-2025,DELTA_TRADES,CL971748,LT,B,285,528.8,150708.0
2025-11-26,ALPHA_SEC,CL208374,TATAMOTORS,S,235,2027.85,476544.75
11-24-2025,ALPHA_SEC,CL919053,AXISBANK,B,77,172.7,13297.9
22/11/2025,OMEGA_BROKING,CL169073,LT,S,345,2319.28,800151.6
21-Nov-25,BETA_INVEST,CL406722,KOTAKBANK,S,358,1775.06,635471.48
21-Nov-25,OMEGA_BROKING,CL968529,KOTAKBANK,S,352,1074.35,378171.2
24-Nov-25,BETA_INVEST,CL688261,AXISBANK,S,367,1033.87,379430.29
24/11/2025,DELTA_TRADES,CL828293,AXISBANK,S,382,292.56,111757.92
22/11/2025,OMEGA_BROKING,CL341343,LT,B,354,2248.63,796015.02
23-Nov-25,BETA_INVEST,CL479703,ITC,S,306,1755.33,537130.98
11-26-2025,DELTA_TRADES,CL487396,AXISBANK,S,333,2645.62,880991.46
24/11/2025,ALPHA_SEC,CL186986,AXISBANK,B,104,268.48,27921.92
25/11/2025,DELTA_TRADES,CL256797,AXISBANK,B,20,1618.58,32371.6
24-Nov-25,BETA_INVEST,CL672491,LT,S,335,1389.46,465469.1
11-26-2025,DELTA_TRADES,CL399051,ITC,B,340,2653.06,902040.4
20/11/2025,ALPHA_SEC,CL077794,KOTAKBANK,B,222,2242.18,497763.96
24/11/2025,BETA_INVEST,CL951926,TATAMOTORS,B,140,194.42,27218.8
22/11/2025,OMEGA_BROKING,CL311162,TATAMOTORS,S,24,837.05,20089.2
22/11/2025,DELTA_TRADES,CL313498,RELIANCE,B,81,1210.16,
23/11/2025,OMEGA_BROKING,CL250828,SBIN,B,50,824.17,41208.5
2025-11-20,OMEGA_BROKING,CL083639,TATAMOTORS,B,62,2280.32,141379.84
24/11/2025,BETA_INVEST,CL070918,SBIN,S,388,503.54,195373.52
11-21-2025,OMEGA_BROKING,CL596957,RELIANCE,B,156,1868.05,291415.8
26-Nov-25,BETA_INVEST,CL117976,INFY,S,94,1042.94,98036.36
2025-11-22,OMEGA_BROKING,CL167394,SBIN,B,300,2012.63,603789.0
11-22-2025,OMEGA_BROKING,CL132066,SBIN,B,335,1070.2,358517.0
20/11/2025,BETA_INVEST,CL970196,HDFC,B,52,1175.14,61107.28
2025-11-29,OMEGA_BROKING,CL944491,LT,S,382,1353.8,517151.6
24-Nov-25,ALPHA_SEC,CL611704,KOTAKBANK,S,359,2755.22,989123.98
2025-11-21,BETA_INVEST,CL851668,ITC,S,3,870.9,2612.7
11-20-2025,OMEGA_BROKING,CL274046,HDFC,S,379,2065.88,782968.52
11-25-2025,DELTA_TRADES,CL516241,ITC,B,302,1242.03,375093.06
26/11/2025,ALPHA_SEC,CL120318,KOTAKBANK,S,34,936.1,31827.4
11-24-2025,OMEGA_BROKING,CL111365,SBIN,S,281,2170.82,610000.42
11-22-2025,DELTA_TRADES,CL495825,RELIANCE,B,345,2716.93,937340.85
2025-11-25,DELTA_TRADES,CL667835,RELIANCE,S,247,1857.18,458723.46
11-22-2025,DELTA_TRADES,CL440896,INFY,S,375,1469.23,550961.25
20/11/2025,BETA_INVEST,CL569088,AXISBANK,S,300,2599.74,779922.0
11-29-2025,ALPHA_SEC,CL114286,INFY,S,314,1603.55,503514.7
11-23-2025,OMEGA_BROKING,CL563079,AXISBANK,B,238,2521.65,600152.7
22/11/2025,BETA_INVEST,CL471825,INFY,B,57,2153.32,122739.24
21/11/2025,OMEGA_BROKING,CL853947,HDFC,B,25,1895.79,47394.75
22-Nov-25,OMEGA_BROKING,CL226819,AXISBANK,B,141,1012.89,142817.49
22-Nov-25,DELTA_TRADES,CL945141,ICICIBANK,S,30,1405.56,42166.8
2025-11-21,OMEGA_BROKING,CL815629,ITC,B,131,2462.07,322531.17
2025-11-29,OMEGA_BROKING,CL099825,TATAMOTORS,B,56,1566.49,87723.44
11-21-2025,OMEGA_BROKING,CL902183,RELIANCE,S,302,2473.14,746888.28
20/11/2025,DELTA_TRADES,CL416938,HDFC,B,72,2075.01,149400.72
2025-11-26,BETA_INVEST,CL745921,INFY,B,386,1869.84,721758.24
11-20-2025,ALPHA_SEC,CL724974,KOTAKBANK,S,99,2187.06,216518.94
11-26-2025,ALPHA_SEC,CL112817,RELIANCE,B,320,2584.42,827014.4
11-20-2025,ALPHA_SEC,CL611933,INFY,B,89,2310.27,205614.03
21-Nov-25,ALPHA_SEC,CL076722,HDFC,B,220,2659.28,585041.6
2025-11-26,OMEGA_BROKING,CL228320,ICICIBANK,B,49,1881.97,92216.53
22-Nov-25,BETA_INVEST,CL792382,AXISBANK,B,89,1137.18,101209.02
11-21-2025,OMEGA_BROKING,CL570368,LT,B,70,183.59,12851.3
2025-11-25,BETA_INVEST,CL974151,AXISBANK,S,134,799.04,139289.95
26/11/2025,ALPHA_SEC,CL522508,ICICIBANK,B,121,1949.53,235893.13
24-Nov-25,OMEGA_BROKING,CL049522,KOTAKBANK,S,32,458.44,14670.08
2025-11-25,OMEGA_BROKING,CL490985,INFY,B,352,404.24,142292.48
11-23-2025,ALPHA_SEC,CL267250,INFY,S,335,1337.57,448085.95
2025-11-21,OMEGA_BROKING,CL694387,AXISBANK,B,240,2767.1,664104.0
11-24-2025,DELTA_TRADES,CL315883,RELIANCE,S,173,151.74,26251.02
11-24-2025,ALPHA_SEC,CL744575,RELIANCE,B,330,1441.72,475767.6
25-Nov-25,ALPHA_SEC,CL543943,SBIN,B,1,1821.07,
24-Nov-25,OMEGA_BROKING,CL434432,RELIANCE,B,154,488.62,75247.48
21-Nov-25,BETA_INVEST,CL564405,SBIN,S,193,2481.69,478966.17
20/11/2025,DELTA_TRADES,CL821683,ICICIBANK,S,67,2554.47,171149.49
22-Nov-25,ALPHA_SEC,CL846281,INFY,S,160,712.13,113940.8
22/11/2025,BETA_INVEST,CL283667,KOTAKBANK,S,341,1539.77,525061.57
2025-11-26,OMEGA_BROKING,CL156414,RELIANCE,S,304,2116.8,643507.2
11-20-2025,OMEGA_BROKING,CL861222,ITC,S,248,167.11,41443.28
2025-11-22,ALPHA_SEC,CL478815,LT,S,49,1861.58,91217.42
11-23-2025,DELTA_TRADES,CL145088,AXISBANK,B,223,1474.71,328860.33
2025-11-26,ALPHA_SEC,CL225656,INFY,S,341,695.37,237121.17
25/11/2025,BETA_INVEST,CL385302,LT,S,187,858.69,160575.03
11-23-2025,ALPHA_SEC,CL426767,AXISBANK,S,313,238.67,74703.71
2025-11-22,DELTA_TRADES,CL378750,ITC,S,292,2337.76,682625.92
22-Nov-25,DELTA_TRADES,CL994147,SBIN,B,390,152.86,59615.4
23/11/2025,OMEGA_BROKING,CL810822,SBIN,B,274,1431.69,392283.06
22/11/2025,BETA_INVEST,CL310579,SBIN,S,32,1806.23,57799.36
11-22-2025,BETA_INVEST,CL961108,SBIN,B,77,1219.09,93869.93
2025-11-22,BETA_INVEST,CL620035,INFY,S,382,1238.54,473122.28
2025-11-24,DELTA_TRADES,CL555614,HDFC,B,223,1625.92,362580.16
2025-11-25,OMEGA_BROKING,CL706023,SBIN,S,100,910.06,91006.0
22-Nov-25,BETA_INVEST,CL839477,AXISBANK,S,292,2735.87,798874.04
24-Nov-25,DELTA_TRADES,CL157587,KOTAKBANK,S,120,1582.35,189882.0
11-24-2025,DELTA_TRADES,CL336806,AXISBANK,S,269,1402.82,
26-Nov-25,ALPHA_SEC,CL560594,LT,B,245,193.63,47439.35
25-Nov-25,DELTA_TRADES,CL568013,RELIANCE,B,124,2513.69,311697.56
25-Nov-25,DELTA_TRADES,CL844664,ICICIBANK,S,370,466.92,172760.4
2025-11-22,OMEGA_BROKING,CL086505,AXISBANK,B,328,1973.75,647390.0
11-22-2025,BETA_INVEST,CL502154,INFY,S,95,545.98,51868.1
11-21-2025,ALPHA_SEC,CL203460,ICICIBANK,B,307,747.25,229405.75
20-Nov-25,ALPHA_SEC,CL478702,SBIN,S,309,1111.68,220972.45
20/11/2025,DELTA_TRADES,CL666626,SBIN,B,334,1888.64,630805.76
2025-11-23,ALPHA_SEC,CL006013,TATAMOTORS,S,66,911.09,60131.94
2025-11-24,OMEGA_BROKING,CL247757,INFY,B,108,2592.82,280024.56
11-24-2025,OMEGA_BROKING,CL687071,HDFC,S,98,911.31,89308.38
22/11/2025,ALPHA_SEC,CL208997,TATAMOTORS,S,114,614.61,70065.54
24/11/2025,ALPHA_SEC,CL671434,RELIANCE,S,4,805.2,3220.8
11-26-2025,BETA_INVEST,CL682919,SBIN,S,172,729.9,125542.8
11-23-2025,OMEGA_BROKING,CL806404,LT,S,240,1421.76,341222.4
2025-11-29,DELTA_TRADES,CL283657,KOTAKBANK,S,20,278.99,5579.8
22/11/2025,ALPHA_SEC,CL165298,LT,B,204,2627.0,535908.0
22/11/2025,ALPHA_SEC,CL247449,ITC,B,245,2188.16,536099.2
26/11/2025,BETA_INVEST,CL991747,INFY,S,255,2716.82,692789.1
11-21-2025,OMEGA_BROKING,CL878039,LT,B,14,409.62,5734.68
20/11/2025,DELTA_TRADES,CL254035,ICICIBANK,S,189,2221.78,419916.42
26/11/2025,OMEGA_BROKING,CL034920,AXISBANK,B,206,2459.33,506621.98
2025-11-26,ALPHA_SEC,CL376622,TATAMOTORS,S,369,1975.53,728970.57
11-24-2025,BETA_INVEST,CL429330,SBIN,B,92,389.07,35794.44
2025-11-21,DELTA_TRADES,CL603149,RELIANCE,B,80,139.43,11154.4
20-Nov-25,OMEGA_BROKING,CL799244,ITC,B,287,277.89,79754.43
29/11/2025,DELTA_TRADES,CL275756,HDFC,S,143,1953.67,279374.81
21-Nov-25,DELTA_TRADES,CL519784,ICICIBANK,B,210,1809.94,380087.4
11-26-2025,DELTA_TRADES,CL463115,INFY,S,296,562.13,166390.48
26-Nov-25,OMEGA_BROKING,CL742196,LT,S,159,2333.27,370989.93
21-Nov-25,BETA_INVEST,CL242087,HDFC,S,238,858.9,204418.2
2025-11-26,DELTA_TRADES,CL254988,SBIN,S,5,1309.91,6549.55
23-Nov-25,OMEGA_BROKING,CL841692,ITC,B,148,2196.26,325046.48
2025-11-29,BETA_INVEST,CL911658,ICICIBANK,B,119,2242.87,150128.96
2025-11-22,DELTA_TRADES,CL366899,INFY,S,140,1621.68,227035.2
25-Nov-25,OMEGA_BROKING,CL019835,INFY,S,299,1118.16,334329.84
22/11/2025,ALPHA_SEC,CL212547,TATAMOTORS,S,281,369.97,103961.57
22-Nov-25,BETA_INVEST,CL362587,TATAMOTORS,S,90,2784.36,
11-20-2025,DELTA_TRADES,CL695328,AXISBANK,S,142,1814.63,257677.46
2025-11-24,DELTA_TRADES,CL574998,INFY,S,399,1819.18,725852.82
20/11/2025,OMEGA_BROKING,CL108493,KOTAKBANK,B,279,787.81,219798.99
11-20-2025,OMEGA_BROKING,CL661993,SBIN,S,260,418.94,108924.4
20-Nov-25,BETA_INVEST,CL448212,INFY,B,306,2077.85,635822.1
29-Nov-25,OMEGA_BROKING,CL025182,INFY,B,258,2065.78,532971.24
2025-11-24,BETA_INVEST,CL523846,TATAMOTORS,S,24,1475.83,35419.92
2025-11-20,DELTA_TRADES,CL892029,AXISBANK,B,130,1832.27,238195.1
20-Nov-25,ALPHA_SEC,CL533061,KOTAKBANK,S,78,1594.22,124349.16
2025-11-24,ALPHA_SEC,CL835961,INFY,B,22,2154.93,47408.46
2025-11-29,ALPHA_SEC,CL310133,KOTAKBANK,B,116,1212.18,140612.88
11-22-2025,ALPHA_SEC,CL112295,TATAMOTORS,B,282,1306.46,368421.72
2025-11-23,BETA_INVEST,CL315470,ITC,S,68,2602.55,176973.4
2025-11-20,OMEGA_BROKING,CL041101,KOTAKBANK,S,26,1257.96,32706.96
21-Nov-25,BETA_INVEST,CL434832,AXISBANK,B,316,1222.91,386439.56
11-22-2025,ALPHA_SEC,CL698296,SBIN,B,288,1034.73,298002.24
22/11/2025,BETA_INVEST,CL277832,INFY,S,366,2677.99,980144.34
11-24-2025,DELTA_TRADES,CL160059,ITC,S,360,1727.69,
22-Nov-25,BETA_INVEST,CL437795,HDFC,S,68,1059.28,72031.04
2025-11-21,BETA_INVEST,CL980147,KOTAKBANK,B,180,1399.51,251911.8
20/11/2025,DELTA_TRADES,CL835263,INFY,S,89,1636.28,145628.92
2025-11-26,ALPHA_SEC,CL306804,RELIANCE,B,293,1120.95,328438.35
11-24-2025,DELTA_TRADES,CL711904,HDFC,S,135,999.68,134956.8
11-25-2025,BETA_INVEST,CL196857,ICICIBANK,B,209,905.45,189239.05
25-Nov-25,OMEGA_BROKING,CL029433,ICICIBANK,B,199,131.71,26210.29
21-Nov-25,ALPHA_SEC,CL583524,TATAMOTORS,S,28,333.14,9327.92
2025-11-24,ALPHA_SEC,CL018767,AXISBANK,S,214,1104.35,236330.9
24/11/2025,BETA_INVEST,CL205969,KOTAKBANK,B,317,1998.8,633619.6
24/11/2025,DELTA_TRADES,CL086318,AXISBANK,S,76,814.85,61928.6
22-Nov-25,BETA_INVEST,CL413834,INFY,B,351,1875.74,658384.74
20-Nov-25,BETA_INVEST,CL546430,TATAMOTORS,S,283,431.69,122168.27
11-21-2025,BETA_INVEST,CL554698,AXISBANK,S,28,1749.26,48979.28
22/11/2025,ALPHA_SEC,CL508837,LT,B,362,190.95,69123.9
2025-11-26,OMEGA_BROKING,CL057703,AXISBANK,S,208,1867.17,388371.36
21/11/2025,OMEGA_BROKING,CL378909,HDFC,B,293,269.93,79089.49
22/11/2025,ALPHA_SEC,CL112181,TATAMOTORS,S,266,2439.74,648970.84
11-23-2025,ALPHA_SEC,CL329135,HDFC,B,212,616.2,130634.4
2025-11-24,ALPHA_SEC,CL288856,RELIANCE,B,375,625.5,234562.5
20/11/2025,OMEGA_BROKING,CL393883,HDFC,S,121,2268.36,274471.56
24/11/2025,BETA_INVEST,CL168764,ITC,S,222,171.85,38150.7
22/11/2025,ALPHA_SEC,CL218344,ITC,S,144,1664.57,239698.08
2025-11-20,BETA_INVEST,CL536191,ITC,B,71,1475.78,104780.38
2025-11-20,DELTA_TRADES,CL065586,RELIANCE,S,222,981.82,217964.04
11-23-2025,BETA_INVEST,CL428505,SBIN,B,181,1645.62,297857.22
25-Nov-25,ALPHA_SEC,CL783357,ICICIBANK,B,285,2361.75,673098.75
2025-11-23,BETA_INVEST,CL203909,INFY,B,318,701.57,223099.26
2025-11-29,ALPHA_SEC,CL428304,RELIANCE,B,224,2768.33,620105.92
25/11/2025,OMEGA_BROKING,CL872319,AXISBANK,S,224,2069.46,463559.04
2025-11-20,ALPHA_SEC,CL993699,RELIANCE,B,302,492.81,148828.62
2025-11-22,BETA_INVEST,CL572879,RELIANCE,S,102,1208.73,123290.46
23-Nov-25,DELTA_TRADES,CL219929,INFY,B,211,948.47,200127.17
23/11/2025,DELTA_TRADES,CL338008,KOTAKBANK,B,36,2213.15,79673.4
25-Nov-25,OMEGA_BROKING,CL737998,TATAMOTORS,B,120,465.76,55891.2
11-26-2025,DELTA_TRADES,CL871006,SBIN,S,201,858.15,172488.15
21/11/2025,BETA_INVEST,CL440148,TATAMOTORS,S,261,1132.51,295585.11
11-23-2025,ALPHA_SEC,CL282841,TATAMOTORS,S,74,497.07,36783.18
23/11/2025,OMEGA_BROKING,CL775151,SBIN,B,351,381.87,134036.37
2025-11-24,BETA_INVEST,CL751084,TATAMOTORS,S,159,2569.43,408539.37
22/11/2025,ALPHA_SEC,CL984022,ICICIBANK,S,339,2090.87,
2025-11-23,ALPHA_SEC,CL558743,ICICIBANK,B,280,505.12,141433.6
26/11/2025,OMEGA_BROKING,CL717012,AXISBANK,S,147,728.03,107020.41
23/11/2025,ALPHA_SEC,CL841632,INFY,B,216,1665.9,359834.4
20/11/2025,BETA_INVEST,CL148943,SBIN,B,202,262.74,53073.48
2025-11-24,OMEGA_BROKING,CL980061,KOTAKBANK,B,324,1324.05,428992.2
21/11/2025,ALPHA_SEC,CL503645,KOTAKBANK,S,174,2274.32,395731.68
11-29-2025,OMEGA_BROKING,CL563650,SBIN,S,360,2237.41,805467.6
11-23-2025,DELTA_TRADES,CL117338,ITC,S,203,2763.07,560903.21
23/11/2025,DELTA_TRADES,CL551429,TATAMOTORS,B,33,2100.86,69328.38
26-Nov-25,DELTA_TRADES,CL304226,HDFC,S,179,727.31,
11-25-2025,DELTA_TRADES,CL549719,KOTAKBANK,S,348,974.76,339216.48
24/11/2025,BETA_INVEST,CL597104,SBIN,B,105,861.65,90473.25
2025-11-24,OMEGA_BROKING,CL964248,AXISBANK,B,27,2266.15,61186.05
2025-11-26,OMEGA_BROKING,CL161533,LT,B,293,390.11,114302.23
25/11/2025,ALPHA_SEC,CL582395,ICICIBANK,B,71,1710.96,121478.16
11-22-2025,ALPHA_SEC,CL619348,AXISBANK,B,207,530.85,109885.95
29/11/2025,ALPHA_SEC,CL569477,SBIN,S,200,906.58,181316.0
22/11/2025,DELTA_TRADES,CL562204,KOTAKBANK,B,170,2480.12,421620.4
21/11/2025,OMEGA_BROKING,CL353842,AXISBANK,B,168,457.76,76903.68
25-Nov-25,BETA_INVEST,CL065605,HDFC,B,373,774.33,288825.09
24-Nov-25,BETA_INVEST,CL559170,ICICIBANK,S,280,2601.89,728529.2
11-25-2025,ALPHA_SEC,CL584477,AXISBANK,S,254,1544.61,392330.94
20-Nov-25,DELTA_TRADES,CL466362,TATAMOTORS,B,211,1529.8,468325.18
20/11/2025,DELTA_TRADES,CL684894,HDFC,S,321,1201.64,385726.44
11-21-2025,OMEGA_BROKING,CL314923,ICICIBANK,B,399,110.29,44005.71
24-Nov-25,OMEGA_BROKING,CL108177,AXISBANK,B,160,376.19,60190.4
2025-11-23,BETA_INVEST,CL230901,ITC,S,347,291.1,101011.7
21/11/2025,DELTA_TRADES,CL017973,AXISBANK,S,48,1497.36,71873.28
23/11/2025,BETA_INVEST,CL441091,ITC,S,121,1662.64,201179.44
22/11/2025,OMEGA_BROKING,CL663311,ICICIBANK,S,102,2208.18,225234.36
20-Nov-25,BETA_INVEST,CL009529,ITC,S,362,1563.8,566095.6
2025-11-24,OMEGA_BROKING,CL108325,SBIN,B,69,411.6,28400.4
22/11/2025,BETA_INVEST,CL914290,HDFC,S,346,1394.85,482618.1
2025-11-22,ALPHA_SEC,CL241144,AXISBANK,S,291,2401.1,698720.1
22-Nov-25,BETA_INVEST,CL434682,AXISBANK,B,221,1095.41,242085.61
11-22-2025,OMEGA_BROKING,CL501014,ICICIBANK,B,139,268.39,37306.21
24/11/2025,ALPHA_SEC,CL726024,HDFC,B,63,251.46,15841.98
26-Nov-25,DELTA_TRADES,CL200257,KOTAKBANK,S,75,2424.58,181843.5
2025-11-20,DELTA_TRADES,CL944531,RELIANCE,B,289,1176.92,340129.88
2025-11-21,BETA_INVEST,CL189738,HDFC,S,282,1680.91,474016.62
26/11/2025,DELTA_TRADES,CL466919,LT,B,379,2634.09,998320.11
29/11/2025,ALPHA_SEC,CL925570,LT,B,304,2338.5,
2025-11-24,BETA_INVEST,CL581104,KOTAKBANK,S,41,2005.38,82220.58
11-20-2025,OMEGA_BROKING,CL638664,ICICIBANK,S,329,1606.08,528400.32
22-Nov-25,BETA_INVEST,CL349621,ITC,S,161,2416.4,389040.4
11-24-2025,OMEGA_BROKING,CL662868,TATAMOTORS,S,151,2787.39,420895.89
11-25-2025,ALPHA_SEC,CL581759,RELIANCE,B,207,399.25,82644.75
11-22-2025,OMEGA_BROKING,CL285363,ITC,S,231,522.69,120741.39
2025-11-24,ALPHA_SEC,CL646177,ITC,S,370,877.06,324512.2
20-Nov-25,OMEGA_BROKING,CL751255,ITC,S,34,1261.78,
25-Nov-25,BETA_INVEST,CL725674,KOTAKBANK,B,348,1779.4,619231.2
2025-11-21,BETA_INVEST,CL681988,ICICIBANK,B,207,2497.76,517036.32
21-Nov-25,ALPHA_SEC,CL647719,TATAMOTORS,B,366,968.27,354386.82
11-26-2025,DELTA_TRADES,CL735000,ICICIBANK,B,26,778.53,20241.78
11-26-2025,BETA_INVEST,CL612188,INFY,S,115,2624.78,301849.7
11-23-2025,BETA_INVEST,CL284901,TATAMOTORS,B,4,198.2,792.8
23/11/2025,DELTA_TRADES,CL278298,AXISBANK,S,1,2283.65,2283.65
21-Nov-25,OMEGA_BROKING,CL306966,SBIN,B,146,1368.77,199840.42
11-21-2025,ALPHA_SEC,CL778308,KOTAKBANK,B,267,786.5,209995.5
2025-11-24,ALPHA_SEC,CL088020,TATAMOTORS,B,81,825.47,66863.07
11-21-2025,DELTA_TRADES,CL040094,TATAMOTORS,B,45,408.27,18372.15
11-25-2025,DELTA_TRADES,CL896740,INFY,B,249,909.48,226460.52
24/11/2025,DELTA_TRADES,CL978657,KOTAKBANK,S,397,526.06,208845.82
21-Nov-25,OMEGA_BROKING,CL890771,SBIN,S,64,2236.11,143111.04
20-Nov-25,ALPHA_SEC,CL184099,RELIANCE,S,184,1744.39,320967.76
24/11/2025,ALPHA_SEC,CL256585,AXISBANK,S,280,145.9,40852.0
29/11/2025,OMEGA_BROKING,CL900231,RELIANCE,S,387,1994.33,771805.71
11-22-2025,BETA_INVEST,CL936043,ICICIBANK,B,390,166.68,65005.2
2025-11-26,OMEGA_BROKING,CL655795,KOTAKBANK,S,235,774.79,182075.65
11-22-2025,ALPHA_SEC,CL937938,TATAMOTORS,B,343,2100.24,720382.32
2025-11-21,OMEGA_BROKING,CL367527,ITC,S,101,200.82,19292.3
11-20-2025,DELTA_TRADES,CL917694,RELIANCE,S,59,1776.74,104827.66
24/11/2025,DELTA_TRADES,CL957773,RELIANCE,S,246,2754.38,677577.48
22-Nov-25,ALPHA_SEC,CL502526,RELIANCE,S,343,1191.69,408749.67
2025-11-24,DELTA_TRADES,CL567158,HDFC,S,32,141.27,4520.64
11-20-2025,BETA_INVEST,CL712595,SBIN,S,136,365.29,49679.44
11-23-2025,DELTA_TRADES,CL775979,HDFC,S,240,543.59,130461.6
2025-11-24,OMEGA_BROKING,CL976554,AXISBANK,S,242,708.93,171561.06
2025-11-25,BETA_INVEST,CL581783,HDFC,B,301,772.35,232477.35
2025-11-22,ALPHA_SEC,CL745664,INFY,S,101,2416.64,244080.64
11-23-2025,DELTA_TRADES,CL225042,ICICIBANK,S,211,2526.81,533156.91
2025-11-23,BETA_INVEST,CL636852,INFY,S,154,1900.74,292713.96
11-25-2025,DELTA_TRADES,CL193449,ICICIBANK,S,115,162.23,18656.45
11-21-2025,DELTA_TRADES,CL940686,KOTAKBANK,S,8,795.58,6364.64
11-21-2025,ALPHA_SEC,CL589240,ITC,B,213,205.67,43807.71
25/11/2025,ALPHA_SEC,CL929353,KOTAKBANK,B,93,1967.32,182960.76
22/11/2025,DELTA_TRADES,CL374907,KOTAKBANK,B,375,2421.49,908058.75
26-Nov-25,OMEGA_BROKING,CL767138,HDFC,B,348,1679.5,584466.0
2025-11-22,BETA_INVEST,CL451930,INFY,B,116,1789.03,207527.48
11-20-2025,OMEGA_BROKING,CL924972,HDFC,B,314,1324.85,416002.9
25/11/2025,OMEGA_BROKING,CL864096,INFY,B,315,502.16,158180.4
21/11/2025,DELTA_TRADES,CL627753,SBIN,S,167,1630.41,272278.47
11-25-2025,ALPHA_SEC,CL925119,ITC,B,140,2291.05,320747.0
2025-11-23,OMEGA_BROKING,CL528437,ICICIBANK,S,161,838.36,134975.96
22/11/2025,BETA_INVEST,CL716149,AXISBANK,S,230,1122.66,258211.8
2025-11-22,ALPHA_SEC,CL344369,INFY,S,18,722.56,13006.08
11-25-2025,DELTA_TRADES,CL286574,INFY,B,55,1275.01,70125.55
11-22-2025,BETA_INVEST,CL261853,AXISBANK,S,156,474.92,74087.52
22/11/2025,OMEGA_BROKING,CL109306,INFY,S,136,376.83,51248.88
26/11/2025,ALPHA_SEC,CL197909,ITC,S,92,1441.39,132607.88
11-24-2025,DELTA_TRADES,CL383221,RELIANCE,S,337,389.62,131301.94
25-Nov-25,DELTA_TRADES,CL392481,RELIANCE,S,1,1767.68,1767.68
11-20-2025,OMEGA_BROKING,CL734212,AXISBANK,B,28,2699.21,75577.88
24-Nov-25,ALPHA_SEC,CL240684,RELIANCE,S,132,2298.3,303375.6
2025-11-24,BETA_INVEST,CL035732,ICICIBANK,S,182,2548.85,463890.7
11-20-2025,ALPHA_SEC,CL651230,ITC,B,223,1104.11,246216.53
11-23-2025,ALPHA_SEC,CL081191,ICICIBANK,B,156,1328.44,207236.64
25-Nov-25,ALPHA_SEC,CL153717,ITC,B,244,163.86,39981.84
11-29-2025,ALPHA_SEC,CL008752,INFY,S,79,2089.97,165107.63
11-20-2025,ALPHA_SEC,CL571249,TATAMOTORS,S,131,566.57,74220.67
2025-11-21,ALPHA_SEC,CL920746,LT,B,221,588.1,129970.1
23/11/2025,OMEGA_BROKING,CL777954,RELIANCE,S,51,1309.45,66781.95
24/11/2025,DELTA_TRADES,CL093293,SBIN,S,160,318.11,50897.6
23-Nov-25,OMEGA_BROKING,CL938152,SBIN,B,149,805.93,120083.57
11-22-2025,BETA_INVEST,CL324704,RELIANCE,S,341,2777.69,831506.5
24/11/2025,BETA_INVEST,CL356537,TATAMOTORS,S,257,1955.45,502550.65
11-26-2025,DELTA_TRADES,CL352647,RELIANCE,B,128,317.41,40628.48
2025-11-23,OMEGA_BROKING,CL140896,AXISBANK,S,282,2446.42,689890.44
23-Nov-25,BETA_INVEST,CL531964,RELIANCE,B,163,1672.43,272606.09
29-Nov-25,DELTA_TRADES,CL582415,ICICIBANK,S,18,953.7,17166.6
20/11/2025,BETA_INVEST,CL899451,RELIANCE,B,316,657.5,207770.0
21-Nov-25,ALPHA_SEC,CL052456,ITC,S,46,315.54,14514.84
21-Nov-25,OMEGA_BROKING,CL869116,KOTAKBANK,S,80,1736.06,138884.8
22-Nov-25,DELTA_TRADES,CL760428,ITC,B,137,1136.89,155753.93
11-21-2025,BETA_INVEST,CL479614,RELIANCE,B,180,119.22,21459.6
11-25-2025,DELTA_TRADES,CL074645,AXISBANK,B,331,2568.85,850289.35
24/11/2025,BETA_INVEST,CL106226,AXISBANK,S,195,1430.48,278943.6
2025-11-20,ALPHA_SEC,CL088274,LT,B,74,1339.68,99136.32
22/11/2025,ALPHA_SEC,CL351429,ITC,B,16,1338.11,21409.76
11-22-2025,DELTA_TRADES,CL679353,INFY,B,195,1741.67,339625.65
21-Nov-25,BETA_INVEST,CL162571,ICICIBANK,B,225,1950.13,438779.25
11-24-2025,DELTA_TRADES,CL076029,INFY,B,337,2108.74,710645.38
11-24-2025,BETA_INVEST,CL239618,ICICIBANK,B,291,1290.96,375669.36
21-Nov-25,OMEGA_BROKING,CL586017,LT,B,26,2055.48,53442.48
11-26-2025,ALPHA_SEC,CL589283,RELIANCE,S,352,1060.58,373324.16
22/11/2025,BETA_INVEST,CL730575,KOTAKBANK,S,259,817.86,211825.74
11-20-2025,OMEGA_BROKING,CL348568,SBIN,S,187,1467.71,274461.77
24-Nov-25,BETA_INVEST,CL548590,TATAMOTORS,S,383,1156.73,443027.59
11-23-2025,ALPHA_SEC,CL418136,LT,S,259,432.99,112144.41
11-20-2025,BETA_INVEST,CL563100,ITC,S,25,2197.78,54944.5
2025-11-26,BETA_INVEST,CL770504,RELIANCE,S,131,427.02,55939.62
2025-11-22,OMEGA_BROKING,CL092921,RELIANCE,B,305,1309.58,399421.9
2025-11-26,DELTA_TRADES,CL257120,HDFC,B,26,2594.26,67450.76
11-25-2025,ALPHA_SEC,CL624248,INFY,S,257,2016.82,518322.74
11-22-2025,BETA_INVEST,CL794047,INFY,B,273,480.32,131127.36
2025-11-22,ALPHA_SEC,CL917371,KOTAKBANK,B,394,1263.14,497677.16
2025-11-22,BETA_INVEST,CL277973,TATAMOTORS,S,127,1558.07,197874.89
2025-11-20,OMEGA_BROKING,CL661102,INFY,S,225,1462.73,329114.25
2025-11-25,ALPHA_SEC,CL028638,RELIANCE,B,44,2683.06,118054.64
20-Nov-25,OMEGA_BROKING,CL782543,SBIN,B,74,2137.47,158172.78
11-26-2025,OMEGA_BROKING,CL112791,ITC,B,144,1487.13,214146.72
11-22-2025,BETA_INVEST,CL391314,HDFC,B,119,608.48,72409.12
2025-11-21,ALPHA_SEC,CL738185,HDFC,B,288,1724.76,496730.88
24-Nov-25,BETA_INVEST,CL582405,RELIANCE,B,325,193.52,62894.0
2025-11-21,BETA_INVEST,CL996585,HDFC,B,179,1905.79,341136.41
11-26-2025,OMEGA_BROKING,CL590885,ITC,B,109,222.78,24283.02
29-Nov-25,ALPHA_SEC,CL160469,LT,S,7,2015.21,14106.47
21-Nov-25,ALPHA_SEC,CL822875,ITC,S,358,2449.26,876835.08
29/11/2025,OMEGA_BROKING,CL781692,ITC,S,61,1470.89,89724.29
22/11/2025,OMEGA_BROKING,CL225285,SBIN,B,188,1334.75,250933.0
11-23-2025,OMEGA_BROKING,CL562810,RELIANCE,B,168,1254.74,210796.32
2025-11-20,OMEGA_BROKING,CL244960,ITC,B,51,725.18,36984.18
2025-11-20,OMEGA_BROKING,CL771429,AXISBANK,S,392,925.99,362988.08
11-22-2025,ALPHA_SEC,CL718612,KOTAKBANK,B,16,1919.25,30708.0
20/11/2025,BETA_INVEST,CL068907,HDFC,S,90,234.64,
25-Nov-25,ALPHA_SEC,CL225933,AXISBANK,B,354,1402.63,496531.02
22-Nov-25,BETA_INVEST,CL604748,SBIN,B,286,1172.84,335432.24
24/11/2025,BETA_INVEST,CL147026,TATAMOTORS,S,196,958.77,187918.92
11-24-2025,OMEGA_BROKING,CL455749,SBIN,B,57,2222.04,126656.28
2025-11-24,DELTA_TRADES,CL028739,KOTAKBANK,B,263,748.24,196787.12
11-24-2025,ALPHA_SEC,CL458282,KOTAKBANK,B,157,2061.23,323613.11
22/11/2025,DELTA_TRADES,CL919642,HDFC,B,337,133.01,44824.37
26-Nov-25,DELTA_TRADES,CL961037,SBIN,B,367,213.97,78526.99
24/11/2025,BETA_INVEST,CL724074,LT,S,181,2651.84,479983.04
20-Nov-25,OMEGA_BROKING,CL676234,ITC,B,236,2290.89,540650.04
11-20-2025,ALPHA_SEC,CL020120,INFY,B,270,2481.75,670072.5
11-25-2025,BETA_INVEST,CL115936,INFY,S,276,938.14,258926.64
11-26-2025,BETA_INVEST,CL041471,SBIN,B,96,1598.22,153429.12
20/11/2025,OMEGA_BROKING,CL733278,AXISBANK,B,241,2664.05,642036.05
11-21-2025,ALPHA_SEC,CL504723,ITC,S,74,1489.99,110259.26
26/11/2025,BETA_INVEST,CL618739,ITC,S,48,468.12,22469.76
26-Nov-25,OMEGA_BROKING,CL062277,INFY,S,369,1236.26,456179.94
25/11/2025,ALPHA_SEC,CL444270,KOTAKBANK,B,6,2271.66,13629.96
20/11/2025,DELTA_TRADES,CL224904,HDFC,S,349,2047.76,714668.24
23-Nov-25,OMEGA_BROKING,CL955907,LT,B,224,846.71,184967.21
2025-11-22,DELTA_TRADES,CL578848,RELIANCE,B,277,173.75,48128.75
11-26-2025,BETA_INVEST,CL996440,KOTAKBANK,B,33,223.34,
22-Nov-25,DELTA_TRADES,CL504929,TATAMOTORS,B,200,350.2,70040.0
2025-11-26,OMEGA_BROKING,CL073197,INFY,S,315,632.88,199357.2
20-Nov-25,ALPHA_SEC,CL918450,AXISBANK,B,36,729.92,26277.12
11-23-2025,DELTA_TRADES,CL267682,KOTAKBANK,S,113,350.52,39608.76
11-25-2025,OMEGA_BROKING,CL833425,KOTAKBANK,S,189,2389.63,451640.07
2025-11-24,ALPHA_SEC,CL582207,RELIANCE,B,379,482.48,182859.92
21-Nov-25,ALPHA_SEC,CL741630,RELIANCE,B,227,2415.44,548304.88
22-Nov-25,ALPHA_SEC,CL271039,INFY,B,384,228.23,87640.32
11-21-2025,DELTA_TRADES,CL620908,ITC,B,373,829.79,309511.67
23/11/2025,DELTA_TRADES,CL341864,AXISBANK,B,223,2479.35,552895.05
2025-11-29,ALPHA_SEC,CL295495,HDFC,B,386,215.57,83210.02
11-26-2025,BETA_INVEST,CL974066,ITC,S,263,1923.1,505775.3
22/11/2025,BETA_INVEST,CL995189,ICICIBANK,B,11,499.03,5489.33
11-22-2025,OMEGA_BROKING,CL299149,KOTAKBANK,S,184,1732.02,318691.68
26-Nov-25,ALPHA_SEC,CL863527,ITC,S,65,814.0,52910.0
11-23-2025,OMEGA_BROKING,CL288375,AXISBANK,B,122,1541.59,188073.98
2025-11-24,ALPHA_SEC,CL506457,ICICIBANK,S,365,739.46,269902.9
2025-11-25,ALPHA_SEC,CL499006,KOTAKBANK,B,235,891.04,209394.4
2025-11-24,BETA_INVEST,CL751515,HDFC,S,105,292.87,30751.35
24/11/2025,DELTA_TRADES,CL345392,INFY,B,264,1879.87,496285.68
24-Nov-25,ALPHA_SEC,CL509760,ITC,B,30,1084.09,
21/11/2025,OMEGA_BROKING,CL519671,INFY,S,145,1898.82,275328.9
20-Nov-25,BETA_INVEST,CL112782,SBIN,S,48,856.72,41122.56
11-25-2025,BETA_INVEST,CL935857,TATAMOTORS,S,279,1625.61,453545.19
25/11/2025,ALPHA_SEC,CL719613,LT,S,228,811.79,185088.12
20/11/2025,ALPHA_SEC,CL205234,RELIANCE,B,130,676.19,87904.7
29-Nov-25,OMEGA_BROKING,CL022906,HDFC,S,375,112.54,42202.5
11-25-2025,BETA_INVEST,CL586084,KOTAKBANK,S,156,1154.5,180102.0
20-Nov-25,ALPHA_SEC,CL673323,AXISBANK,S,187,2283.56,427025.72
11-26-2025,BETA_INVEST,CL880992,INFY,S,321,923.29,296376.09
2025-11-26,ALPHA_SEC,CL191907,ICICIBANK,S,128,1456.35,186412.8
25/11/2025,OMEGA_BROKING,CL492208,LT,S,117,2086.64,244136.88
26/11/2025,DELTA_TRADES,CL654458,RELIANCE,B,384,100.74,38684.16
11-29-2025,DELTA_TRADES,CL152451,AXISBANK,S,371,374.25,138846.75
11-22-2025,BETA_INVEST,CL642127,RELIANCE,B,198,214.55,42480.9
26/11/2025,DELTA_TRADES,CL670618,SBIN,B,65,2240.96,145662.4
24-Nov-25,OMEGA_BROKING,CL189309,SBIN,S,28,136.19,3813.32
24-Nov-25,BETA_INVEST,CL538400,HDFC,S,12,849.47,10193.64
2025-11-26,DELTA_TRADES,CL616252,SBIN,B,110,232.1,25531.0
23-Nov-25,ALPHA_SEC,CL118621,INFY,S,359,1871.35,671814.65
23-Nov-25,ALPHA_SEC,CL792034,KOTAKBANK,S,25,802.04,20051.0
21/11/2025,ALPHA_SEC,CL656590,ICICIBANK,S,175,356.28,62349.0
2025-11-25,OMEGA_BROKING,CL359657,TATAMOTORS,S,255,1459.13,372078.15
11-29-2025,DELTA_TRADES,CL693924,RELIANCE,S,381,2741.15,1044378.15
29/11/2025,DELTA_TRADES,CL065946,ITC,S,383,197.9,75795.7
11-23-2025,OMEGA_BROKING,CL168370,RELIANCE,S,184,514.36,94642.24
26/11/2025,OMEGA_BROKING,CL540376,HDFC,B,178,1832.53,326190.34
2025-11-25,ALPHA_SEC,CL529438,AXISBANK,B,379,1750.27,663352.33
11-23-2025,DELTA_TRADES,CL764965,RELIANCE,S,43,1133.9,48757.7
2025-11-22,BETA_INVEST,CL007462,ICICIBANK,B,322,941.8,303259.6
21-Nov-25,DELTA_TRADES,CL921430,ICICIBANK,S,170,885.95,150611.5
11-23-2025,OMEGA_BROKING,CL503719,AXISBANK,B,57,475.83,27122.31
2025-11-20,ALPHA_SEC,CL278272,KOTAKBANK,S,58,962.04,55798.32
22/11/2025,OMEGA_BROKING,CL754547,TATAMOTORS,S,72,1935.09,139326.48
2025-11-26,BETA_INVEST,CL485892,KOTAKBANK,S,341,2578.62,879309.42
23-Nov-25,ALPHA_SEC,CL719284,AXISBANK,B,22,183.77,4042.94
11-24-2025,OMEGA_BROKING,CL581469,KOTAKBANK,B,386,2238.01,863871.86
22/11/2025,DELTA_TRADES,CL533534,AXISBANK,B,173,1309.68,226574.64
2025-11-22,BETA_INVEST,CL618636,SBIN,B,119,1099.25,130810.75
2025-11-26,DELTA_TRADES,CL265369,LT,S,117,1639.97,191876.49
21/11/2025,BETA_INVEST,CL243914,LT,S,281,1995.79,560816.99
26/11/2025,ALPHA_SEC,CL717976,RELIANCE,S,30,997.08,29912.4
11-22-2025,ALPHA_SEC,CL613513,AXISBANK,B,309,790.56,244283.04
22-Nov-25,ALPHA_SEC,CL465463,TATAMOTORS,S,283,1765.59,499661.97
11-21-2025,DELTA_TRADES,CL358969,KOTAKBANK,S,254,1300.8,330403.2
20-Nov-25,ALPHA_SEC,CL566083,AXISBANK,S,242,1302.7,315253.4
11-22-2025,BETA_INVEST,CL922625,ITC,B,295,1232.66,363634.7
21/11/2025,DELTA_TRADES,CL396407,INFY,B,206,1814.44,373774.64
11-21-2025,ALPHA_SEC,CL738546,INFY,S,249,2394.26,596170.74
11-26-2025,OMEGA_BROKING,CL260993,ITC,B,168,2749.53,461921.04
26/11/2025,BETA_INVEST,CL784809,LT,S,291,1941.07,564851.37
2025-11-25,BETA_INVEST,CL953364,HDFC,S,55,2724.91,149870.05
25/11/2025,OMEGA_BROKING,CL804241,ICICIBANK,S,143,2750.53,393325.79
11-20-2025,OMEGA_BROKING,CL369636,RELIANCE,B,112,1543.37,172857.44
11-26-2025,ALPHA_SEC,CL279614,TATAMOTORS,B,208,1410.22,293325.76
2025-11-24,DELTA_TRADES,CL989486,INFY,B,225,203.34,45097.89
24-Nov-25,ALPHA_SEC,CL637082,LT,S,157,1424.63,223666.91
2025-11-25,ALPHA_SEC,CL726509,HDFC,B,52,2029.33,105525.16
24/11/2025,OMEGA_BROKING,CL403745,SBIN,B,290,1455.51,422097.9
26/11/2025,BETA_INVEST,CL648462,ITC,S,253,1618.25,409417.25
11-26-2025,BETA_INVEST,CL509886,TATAMOTORS,S,208,534.38,111151.04
11-20-2025,BETA_INVEST,CL787243,HDFC,S,13,1366.5,17764.5
11-20-2025,BETA_INVEST,CL059146,ICICIBANK,B,27,2478.54,66920.58
24-Nov-25,BETA_INVEST,CL015416,TATAMOTORS,B,14,303.55,4249.7
11-23-2025,OMEGA_BROKING,CL223883,KOTAKBANK,B,345,1374.86,474326.7
20/11/2025,OMEGA_BROKING,CL324595,RELIANCE,B,174,1866.9,470171.98
24/11/2025,BETA_INVEST,CL824751,TATAMOTORS,B,197,767.71,151238.87
26/11/2025,ALPHA_SEC,CL162030,HDFC,S,26,1554.49,40416.74
26-Nov-25,ALPHA_SEC,CL565045,TATAMOTORS,B,279,383.42,106974.18
2025-11-23,DELTA_TRADES,CL939180,TATAMOTORS,B,165,861.12,142084.8
11-20-2025,DELTA_TRADES,CL157616,TATAMOTORS,B,85,1645.73,139887.05
20/11/2025,BETA_INVEST,CL653474,KOTAKBANK,B,311,125.94,39167.34
24/11/2025,BETA_INVEST,CL644685,LT,B,257,226.14,58117.98
11-20-2025,OMEGA_BROKING,CL605445,TATAMOTORS,B,134,2345.18,314254.12
2025-11-24,DELTA_TRADES,CL983304,KOTAKBANK,S,92,1902.28,175009.76
25/11/2025,OMEGA_BROKING,CL619553,ICICIBANK,B,14,2397.36,33563.04
22-Nov-25,ALPHA_SEC,CL777544,AXISBANK,B,98,2335.96,228924.08
22-Nov-25,OMEGA_BROKING,CL384753,SBIN,S,265,2138.56,566718.4
2025-11-22,DELTA_TRADES,CL066546,TATAMOTORS,B,376,194.06,72966.56
2025-11-26,ALPHA_SEC,CL384196,INFY,B,38,2014.07,76534.66
24-Nov-25,ALPHA_SEC,CL023298,ICICIBANK,S,47,1261.96,59312.12
20-Nov-25,DELTA_TRADES,CL094196,AXISBANK,B,309,2091.18,646174.62
2025-11-23,ALPHA_SEC,CL559276,TATAMOTORS,S,135,265.03,35779.05
23/11/2025,DELTA_TRADES,CL750742,SBIN,S,297,2286.3,679031.1
26/11/2025,BETA_INVEST,CL468998,ITC,S,163,710.88,115873.44
2025-11-26,BETA_INVEST,CL050990,INFY,B,273,1938.07,529093.11
24/11/2025,DELTA_TRADES,CL227650,KOTAKBANK,B,372,805.69,299716.68
11-26-2025,DELTA_TRADES,CL706725,INFY,B,59,2733.39,
11-24-2025,OMEGA_BROKING,CL601002,ICICIBANK,B,211,464.9,98093.9
11-22-2025,OMEGA_BROKING,CL159033,INFY,B,265,1738.52,460707.8
11-20-2025,ALPHA_SEC,CL145669,KOTAKBANK,B,84,2131.78,179069.52
2025-11-26,BETA_INVEST,CL062657,AXISBANK,B,287,2553.59,732880.33
20-Nov-25,OMEGA_BROKING,CL715051,RELIANCE,S,233,1863.74,434251.42
23-Nov-25,BETA_INVEST,CL612568,TATAMOTORS,B,372,120.14,44692.08
2025-11-22,BETA_INVEST,CL129607,KOTAKBANK,B,335,2644.07,885763.45
11-25-2025,OMEGA_BROKING,CL741411,ITC,S,356,2519.84,897063.04
24/11/2025,BETA_INVEST,CL897867,TATAMOTORS,S,183,287.86,52678.38
11-22-2025,BETA_INVEST,CL496722,ITC,S,372,2423.64,901594.08
2025-11-23,ALPHA_SEC,CL839445,RELIANCE,S,276,1949.56,538078.56
22/11/2025,ALPHA_SEC,CL382052,LT,S,338,2117.98,715877.24
29/11/2025,OMEGA_BROKING,CL024855,AXISBANK,S,80,1877.31,150184.8
11-23-2025,ALPHA_SEC,CL402239,LT,S,152,2327.0,353704.0
25/11/2025,ALPHA_SEC,CL150466,ICICIBANK,B,9,335.16,3016.44
23-Nov-25,DELTA_TRADES,CL853435,AXISBANK,S,94,1854.35,174308.9
11-25-2025,BETA_INVEST,CL509440,KOTAKBANK,B,85,1416.11,120369.35
23/11/2025,BETA_INVEST,CL104726,ICICIBANK,S,170,291.28,49517.6
2025-11-25,DELTA_TRADES,CL770182,AXISBANK,S,17,2489.89,42328.13
22/11/2025,BETA_INVEST,CL938515,INFY,S,174,329.4,57315.6
2025-11-24,OMEGA_BROKING,CL342542,LT,B,296,2757.25,816146.0
25-Nov-25,DELTA_TRADES,CL678751,LT,S,394,1844.18,726606.92
11-29-2025,DELTA_TRADES,CL617634,INFY,S,77,2353.44,181214.88
2025-11-23,OMEGA_BROKING,CL334182,RELIANCE,S,368,402.33,148057.44
11-23-2025,ALPHA_SEC,CL625683,AXISBANK,B,101,1830.58,184888.58
2025-11-26,OMEGA_BROKING,CL868478,LT,B,32,2206.0,38439.87
21/11/2025,OMEGA_BROKING,CL803330,INFY,S,314,1777.01,557981.14
11-25-2025,BETA_INVEST,CL883020,AXISBANK,B,134,1293.43,173319.62
11-20-2025,DELTA_TRADES,CL196188,LT,B,266,1652.44,439549.04
24-Nov-25,DELTA_TRADES,CL286786,RELIANCE,B,8,686.17,5489.36
24-Nov-25,BETA_INVEST,CL186420,LT,B,270,2351.04,634780.8
2025-11-26,BETA_INVEST,CL105343,KOTAKBANK,S,52,329.24,17120.48
11-26-2025,BETA_INVEST,CL125293,AXISBANK,S,197,398.15,78435.55
11-21-2025,OMEGA_BROKING,CL063819,ICICIBANK,S,266,1512.3,402271.8
11-25-2025,OMEGA_BROKING,CL555393,ICICIBANK,S,257,1282.12,389852.95
24-Nov-25,ALPHA_SEC,CL016324,ITC,S,123,1867.96,229759.08
11-21-2025,DELTA_TRADES,CL682062,TATAMOTORS,B,136,1697.65,230880.4
26-Nov-25,ALPHA_SEC,CL851872,AXISBANK,S,280,1096.58,307042.4
23/11/2025,OMEGA_BROKING,CL735986,KOTAKBANK,S,340,238.54,81103.6
20-Nov-25,ALPHA_SEC,CL293451,RELIANCE,S,207,1962.01,333705.02
11-25-2025,ALPHA_SEC,CL765210,TATAMOTORS,S,391,1785.28,698044.48
23-Nov-25,BETA_INVEST,CL029210,HDFC,S,43,1709.35,73502.05
20/11/2025,DELTA_TRADES,CL579543,KOTAKBANK,S,378,2221.49,839723.22
23/11/2025,ALPHA_SEC,CL854392,ITC,B,128,2142.38,274224.64
29/11/2025,DELTA_TRADES,CL880400,KOTAKBANK,B,170,2001.3,340221.0
11-20-2025,ALPHA_SEC,CL006815,INFY,B,99,335.02,33166.98
22/11/2025,DELTA_TRADES,CL651974,INFY,S,73,290.53,21208.69
25/11/2025,OMEGA_BROKING,CL207007,HDFC,B,353,2406.57,849519.21
23-Nov-25,ALPHA_SEC,CL951539,ICICIBANK,S,79,2331.3,184172.7
21-Nov-25,BETA_INVEST,CL174696,INFY,B,130,1155.5,150215.0
22/11/2025,OMEGA_BROKING,CL666965,ICICIBANK,S,370,226.04,83634.8
2025-11-21,DELTA_TRADES,CL478511,ITC,B,114,2077.11,236790.54
2025-11-23,OMEGA_BROKING,CL622864,INFY,B,205,1048.48,214938.4
11-24-2025,OMEGA_BROKING,CL867527,KOTAKBANK,S,336,1027.48,345233.28
2025-11-26,BETA_INVEST,CL672363,INFY,B,26,2516.94,65440.44
20-Nov-25,BETA_INVEST,CL129295,LT,B,325,2346.25,762531.25
11-24-2025,OMEGA_BROKING,CL965874,ITC,B,378,104.0,39312.0
2025-11-20,ALPHA_SEC,CL022845,INFY,B,390,1168.28,455629.2
11-26-2025,OMEGA_BROKING,CL464301,INFY,B,132,1391.85,183724.2
11-22-2025,OMEGA_BROKING,CL751240,ITC,S,35,173.06,6057.1
11-22-2025,ALPHA_SEC,CL764433,INFY,B,197,1498.27,295159.19
24-Nov-25,DELTA_TRADES,CL616950,KOTAKBANK,B,98,549.3,53831.4
24-Nov-25,OMEGA_BROKING,CL604525,LT,S,145,214.44,31093.8
11-26-2025,BETA_INVEST,CL382514,LT,B,242,1227.85,297139.7
11-29-2025,OMEGA_BROKING,CL821478,INFY,B,205,1281.27,262660.35
2025-11-23,DELTA_TRADES,CL706777,KOTAKBANK,B,395,103.31,40807.45
25/11/2025,DELTA_TRADES,CL702358,TATAMOTORS,B,57,1818.83,103673.31
25-Nov-25,OMEGA_BROKING,CL710303,TATAMOTORS,B,362,180.73,65424.26
11-23-2025,DELTA_TRADES,CL698904,AXISBANK,S,151,363.57,54899.07
2025-11-21,DELTA_TRADES,CL958971,RELIANCE,B,346,1549.5,301967.57
11-20-2025,BETA_INVEST,CL761838,SBIN,S,358,1136.72,406945.76
11-23-2025,BETA_INVEST,CL297068,SBIN,B,4,1665.09,6660.36
29/11/2025,BETA_INVEST,CL767110,HDFC,S,145,2349.26,340642.7
2025-11-20,BETA_INVEST,CL978329,ICICIBANK,S,305,458.87,139955.35
24/11/2025,OMEGA_BROKING,CL060265,AXISBANK,B,143,1346.28,192518.04
11-21-2025,BETA_INVEST,CL393278,AXISBANK,S,266,583.58,155232.28
20/11/2025,OMEGA_BROKING,CL451895,SBIN,B,2,792.05,1584.1
23-Nov-25,BETA_INVEST,CL152308,AXISBANK,B,28,2517.34,70485.52
25-Nov-25,DELTA_TRADES,CL601931,ICICIBANK,S,218,967.23,210856.14
2025-11-23,ALPHA_SEC,CL728988,RELIANCE,B,195,1277.38,249089.1
2025-11-26,DELTA_TRADES,CL359699,LT,B,301,2516.15,757361.15
22-Nov-25,OMEGA_BROKING,CL192122,TATAMOTORS,S,123,2319.19,285260.37
2025-11-26,OMEGA_BROKING,CL902692,LT,S,304,697.68,212094.72
11-24-2025,BETA_INVEST,CL004686,HDFC,B,117,1775.8,207768.6
22/11/2025,DELTA_TRADES,CL131449,AXISBANK,S,184,335.45,61722.8
21-Nov-25,OMEGA_BROKING,CL206282,ITC,B,148,1646.8,243726.4
11-26-2025,OMEGA_BROKING,CL067899,TATAMOTORS,B,227,2272.0,515744.0
22-Nov-25,DELTA_TRADES,CL066380,INFY,B,214,2346.6,502172.4
20-Nov-25,DELTA_TRADES,CL076990,HDFC,S,282,2581.49,727980.18
11-23-2025,ALPHA_SEC,CL680402,SBIN,B,108,2799.94,302393.52
26/11/2025,DELTA_TRADES,CL690008,ITC,B,220,2640.75,580965.0
26/11/2025,OMEGA_BROKING,CL166239,INFY,S,295,2240.53,660956.35
11-25-2025,BETA_INVEST,CL181194,RELIANCE,S,153,551.55,84387.15
11-29-2025,OMEGA_BROKING,CL076267,SBIN,B,328,741.68,243271.04
25-Nov-25,DELTA_TRADES,CL516417,KOTAKBANK,S,368,2384.34,877437.12
2025-11-25,DELTA_TRADES,CL748616,TATAMOTORS,S,217,1755.75,380997.75
2025-11-26,DELTA_TRADES,CL905875,ICICIBANK,B,42,1869.41,78515.22
11-21-2025,ALPHA_SEC,CL763069,SBIN,B,209,2718.08,568078.72
23-Nov-25,BETA_INVEST,CL797746,HDFC,S,97,301.25,29221.25
23-Nov-25,DELTA_TRADES,CL077855,KOTAKBANK,B,44,1394.2,61344.8
26/11/2025,BETA_INVEST,CL985205,ITC,S,7,2126.94,14888.58
22-Nov-25,BETA_INVEST,CL233297,TATAMOTORS,S,328,1988.46,652214.88
23-Nov-25,DELTA_TRADES,CL410017,AXISBANK,B,46,2464.11,113349.06
2025-11-25,OMEGA_BROKING,CL777413,AXISBANK,B,264,2276.83,601083.12
23/11/2025,OMEGA_BROKING,CL323569,HDFC,S,385,2730.9,1051396.5
22-Nov-25,DELTA_TRADES,CL796361,INFY,S,21,1800.91,37819.11
11-25-2025,OMEGA_BROKING,CL629280,RELIANCE,S,103,1516.0,156148.0
11-21-2025,DELTA_TRADES,CL366987,TATAMOTORS,B,280,564.11,157950.8
2025-11-22,ALPHA_SEC,CL180033,INFY,S,104,2174.67,226165.68
2025-11-25,DELTA_TRADES,CL782278,SBIN,S,82,1713.21,140483.22
11-24-2025,ALPHA_SEC,CL145092,ITC,S,172,1726.58,296971.76
20/11/2025,BETA_INVEST,CL957495,TATAMOTORS,B,98,2313.4,226713.2
22-Nov-25,ALPHA_SEC,CL717941,INFY,B,385,460.5,177292.5
20-Nov-25,DELTA_TRADES,CL079126,SBIN,S,244,355.27,86685.88
23-Nov-25,OMEGA_BROKING,CL307676,KOTAKBANK,B,238,942.83,224393.54
23/11/2025,DELTA_TRADES,CL864896,TATAMOTORS,B,203,616.28,125104.84
21-Nov-25,OMEGA_BROKING,CL411834,ITC,S,123,345.15,42453.45
20-Nov-25,BETA_INVEST,CL217410,SBIN,S,236,2343.0,552948.0
2025-11-25,DELTA_TRADES,CL038492,AXISBANK,B,382,774.15,295725.3
2025-11-29,DELTA_TRADES,CL422065,HDFC,S,133,1970.76,262111.08
26-Nov-25,OMEGA_BROKING,CL743415,ICICIBANK,S,74,700.6,51844.4
22/11/2025,BETA_INVEST,CL067132,INFY,S,53,2154.94,114211.82
11-21-2025,OMEGA_BROKING,CL946406,ICICIBANK,S,355,1355.11,481064.05
2025-11-20,BETA_INVEST,CL972981,HDFC,B,128,228.71,29274.88
20/11/2025,BETA_INVEST,CL707487,TATAMOTORS,B,218,581.91,126856.38
11-26-2025,DELTA_TRADES,CL501101,ICICIBANK,S,246,1527.3,375715.8
2025-11-24,OMEGA_BROKING,CL421635,KOTAKBANK,S,303,2782.67,843149.01
23/11/2025,BETA_INVEST,CL171348,SBIN,B,17,695.22,11818.74
23-Nov-25,OMEGA_BROKING,CL447060,ITC,S,66,2203.8,145450.8
22/11/2025,BETA_INVEST,CL924500,TATAMOTORS,S,163,2033.01,331380.63
25-Nov-25,OMEGA_BROKING,CL804471,INFY,S,291,2469.66,718671.06
23/11/2025,BETA_INVEST,CL540374,ITC,B,330,473.56,
2025-11-26,OMEGA_BROKING,CL312476,ITC,S,63,338.03,
11-23-2025,BETA_INVEST,CL683232,RELIANCE,S,48,1694.43,81332.64
21/11/2025,ALPHA_SEC,CL508653,LT,B,26,2281.73,
11-24-2025,DELTA_TRADES,CL611852,HDFC,S,375,686.46,257422.5
11-21-2025,BETA_INVEST,CL288583,HDFC,S,11,2162.33,23785.63
2025-11-20,ALPHA_SEC,CL454223,TATAMOTORS,S,30,2320.42,69612.6
2025-11-24,DELTA_TRADES,CL927651,HDFC,B,135,2227.52,300715.2
22-Nov-25,OMEGA_BROKING,CL797977,RELIANCE,S,172,872.23,150023.56
26-Nov-25,DELTA_TRADES,CL651459,TATAMOTORS,S,267,482.6,128854.2
11-22-2025,BETA_INVEST,CL986215,INFY,S,325,459.42,149311.5
11-22-2025,OMEGA_BROKING,CL703109,KOTAKBANK,B,170,535.26,90994.2
23/11/2025,OMEGA_BROKING,CL131095,KOTAKBANK,B,318,1920.85,610830.3
2025-11-20,DELTA_TRADES,CL820429,SBIN,B,62,747.43,46340.66
26-Nov-25,DELTA_TRADES,CL507170,INFY,S,342,221.87,75879.54
2025-11-29,BETA_INVEST,CL389875,KOTAKBANK,B,62,1328.68,82378.16
23/11/2025,DELTA_TRADES,CL405608,INFY,B,72,2492.23,179440.56
11-21-2025,OMEGA_BROKING,CL594150,HDFC,B,289,849.37,245467.93
2025-11-22,DELTA_TRADES,CL496467,TATAMOTORS,B,174,1040.05,180968.7
26/11/2025,BETA_INVEST,CL045269,INFY,B,15,1476.13,22141.95
11-23-2025,ALPHA_SEC,CL028236,HDFC,B,213,1633.57,347950.41
25/11/2025,DELTA_TRADES,CL354659,INFY,S,275,134.99,37122.25
2025-11-23,DELTA_TRADES,CL437085,LT,S,43,2000.95,86040.85
11-29-2025,ALPHA_SEC,CL024029,RELIANCE,S,220,2657.39,584625.8
23-Nov-25,DELTA_TRADES,CL912968,INFY,B,151,2005.73,302865.23
11-29-2025,ALPHA_SEC,CL507808,TATAMOTORS,B,69,1747.66,120588.54
29-Nov-25,OMEGA_BROKING,CL119984,SBIN,B,389,318.36,123842.04
2025-11-25,BETA_INVEST,CL733996,KOTAKBANK,S,34,2124.62,72237.08
25/11/2025,DELTA_TRADES,CL197172,HDFC,S,221,980.05,216591.05
11-21-2025,BETA_INVEST,CL886617,AXISBANK,S,72,753.43,54246.96
26-Nov-25,DELTA_TRADES,CL553042,KOTAKBANK,S,80,754.88,60390.4
22-Nov-25,OMEGA_BROKING,CL688952,AXISBANK,B,338,2727.94,922043.72
11-25-2025,BETA_INVEST,CL473389,INFY,S,26,1559.57,40548.82
24/11/2025,DELTA_TRADES,CL266223,AXISBANK,S,353,2719.85,960107.05
26-Nov-25,ALPHA_SEC,CL839795,RELIANCE,B,393,1051.95,413416.35
24/11/2025,BETA_INVEST,CL771311,AXISBANK,S,67,2360.08,158125.36
11-22-2025,DELTA_TRADES,CL162133,TATAMOTORS,B,373,589.08,219726.84
2025-11-21,BETA_INVEST,CL919749,LT,S,304,1158.36,352141.44
20-Nov-25,ALPHA_SEC,CL687963,HDFC,B,270,260.52,70340.4
2025-11-25,BETA_INVEST,CL477826,TATAMOTORS,B,191,854.79,163264.89
2025-11-20,OMEGA_BROKING,CL391662,LT,S,390,2498.2,974298.0
22-Nov-25,DELTA_TRADES,CL256713,KOTAKBANK,S,276,2340.3,645922.8
2025-11-26,ALPHA_SEC,CL692160,KOTAKBANK,S,351,2343.15,822445.65
25/11/2025,ALPHA_SEC,CL419992,INFY,S,47,282.97,13299.59
2025-11-29,DELTA_TRADES,CL469204,INFY,B,61,143.3,8741.3
25/11/2025,BETA_INVEST,CL343511,SBIN,S,76,2018.11,153376.36
11-22-2025,ALPHA_SEC,CL806054,LT,S,234,1086.4,254217.6
20/11/2025,ALPHA_SEC,CL506776,SBIN,S,357,869.35,310357.95
23-Nov-25,OMEGA_BROKING,CL145161,KOTAKBANK,S,377,952.14,358956.78
2025-11-26,DELTA_TRADES,CL959508,AXISBANK,S,378,2633.08,995304.24
23/11/2025,OMEGA_BROKING,CL583539,AXISBANK,B,330,1939.37,639992.1
11-22-2025,DELTA_TRADES,CL227172,TATAMOTORS,B,248,2320.21,575412.08
22-Nov-25,BETA_INVEST,CL216468,ICICIBANK,B,3,1691.19,5073.57
20/11/2025,ALPHA_SEC,CL952027,KOTAKBANK,B,153,395.38,60493.14
21-Nov-25,ALPHA_SEC,CL199527,RELIANCE,S,285,2231.21,635894.85
2025-11-26,DELTA_TRADES,CL507586,ITC,B,43,567.56,
2025-11-20,OMEGA_BROKING,CL840382,HDFC,B,191,1276.27,243767.57
23-Nov-25,ALPHA_SEC,CL445031,ICICIBANK,S,354,422.76,149657.04
24/11/2025,ALPHA_SEC,CL914614,INFY,S,231,167.21,38625.51
11-24-2025,BETA_INVEST,CL711191,TATAMOTORS,B,323,292.48,94471.04
21/11/2025,BETA_INVEST,CL357048,SBIN,B,85,2516.68,213917.8
20-Nov-25,DELTA_TRADES,CL952182,RELIANCE,S,25,1993.2,49830.0
25-Nov-25,ALPHA_SEC,CL017511,RELIANCE,B,313,1628.86,509833.18
25-Nov-25,OMEGA_BROKING,CL898158,TATAMOTORS,S,202,1502.31,303466.62
11-25-2025,OMEGA_BROKING,CL087908,ICICIBANK,B,268,1071.11,287057.48
11-23-2025,DELTA_TRADES,CL210588,KOTAKBANK,S,87,1477.12,128509.44
26-Nov-25,BETA_INVEST,CL077144,AXISBANK,S,360,1351.68,486604.8
21/11/2025,BETA_INVEST,CL122048,KOTAKBANK,B,333,613.37,204252.21
25/11/2025,ALPHA_SEC,CL197556,ITC,S,112,2735.44,306369.28
22-Nov-25,DELTA_TRADES,CL107290,KOTAKBANK,B,173,2221.22,384271.06
2025-11-22,DELTA_TRADES,CL038701,KOTAKBANK,B,304,1109.96,337427.84
2025-11-25,BETA_INVEST,CL185615,RELIANCE,S,12,1243.77,14925.24
2025-11-21,ALPHA_SEC,CL154450,LT,B,108,611.62,66054.96
2025-11-25,OMEGA_BROKING,CL346541,SBIN,B,378,1099.77,415713.06
11-22-2025,DELTA_TRADES,CL174536,SBIN,S,170,659.65,112140.5
26-Nov-25,BETA_INVEST,CL761126,LT,S,136,2248.2,305755.2
2025-11-24,OMEGA_BROKING,CL625295,AXISBANK,B,374,1515.13,566658.62
11-22-2025,ALPHA_SEC,CL761972,INFY,S,237,297.37,70476.69
2025-11-24,OMEGA_BROKING,CL974909,TATAMOTORS,S,263,2025.09,532598.67
2025-11-23,ALPHA_SEC,CL926402,LT,S,366,2091.95,765653.7
2025-11-22,DELTA_TRADES,CL526616,RELIANCE,S,114,1369.93,156172.02
26/11/2025,ALPHA_SEC,CL426742,INFY,B,395,833.19,329110.05
2025-11-25,OMEGA_BROKING,CL986651,RELIANCE,S,374,1908.31,713707.94
25-Nov-25,DELTA_TRADES,CL577561,AXISBANK,S,85,1848.48,157120.8
11-22-2025,ALPHA_SEC,CL524154,ICICIBANK,B,393,1064.15,418210.95
25/11/2025,DELTA_TRADES,CL927143,LT,S,104,1181.64,122890.56
25-Nov-25,BETA_INVEST,CL783898,AXISBANK,S,28,503.34,14093.52
11-20-2025,BETA_INVEST,CL036285,KOTAKBANK,S,171,1549.83,265020.93
11-22-2025,ALPHA_SEC,CL949253,AXISBANK,S,299,2313.08,691610.92
26-Nov-25,OMEGA_BROKING,CL079382,LT,S,41,1179.88,48375.08
11-25-2025,DELTA_TRADES,CL144048,ICICIBANK,B,347,642.81,170902.13
23-Nov-25,ALPHA_SEC,CL960105,RELIANCE,B,34,590.75,20085.5
24/11/2025,BETA_INVEST,CL149588,LT,S,98,1972.94,193348.12
25-Nov-25,DELTA_TRADES,CL216716,ICICIBANK,S,251,1570.05,394082.55
11-25-2025,OMEGA_BROKING,CL985320,RELIANCE,S,270,929.35,250924.5
2025-11-25,DELTA_TRADES,CL337390,KOTAKBANK,B,262,882.92,231325.04
2025-11-26,BETA_INVEST,CL279141,RELIANCE,S,389,202.82,78896.98
24-Nov-25,OMEGA_BROKING,CL764626,INFY,S,111,2631.36,292080.96
25/11/2025,ALPHA_SEC,CL692339,AXISBANK,S,386,749.74,289399.64
2025-11-22,BETA_INVEST,CL000652,KOTAKBANK,B,36,2153.63,77530.68
11-26-2025,BETA_INVEST,CL464391,RELIANCE,S,375,560.36,210135.0
11-23-2025,DELTA_TRADES,CL812312,KOTAKBANK,S,362,1595.15,577444.3
11-26-2025,BETA_INVEST,CL877374,INFY,S,384,2645.63,1015921.92
23-Nov-25,BETA_INVEST,CL024304,AXISBANK,B,277,1325.7,
25-Nov-25,OMEGA_BROKING,CL973095,HDFC,S,168,591.7,99405.6
2025-11-26,ALPHA_SEC,CL205575,AXISBANK,B,111,2344.43,260231.73
24-Nov-25,OMEGA_BROKING,CL673501,KOTAKBANK,S,121,480.93,58192.53
11-20-2025,OMEGA_BROKING,CL217406,AXISBANK,B,383,1622.22,621310.26
20/11/2025,ALPHA_SEC,CL608023,KOTAKBANK,S,215,2334.68,501956.2
11-26-2025,OMEGA_BROKING,CL865286,HDFC,B,368,2034.8,748806.4
22/11/2025,OMEGA_BROKING,CL235304,SBIN,S,392,1445.86,566777.12
11-24-2025,ALPHA_SEC,CL046852,ITC,B,110,1975.09,217259.9
11-29-2025,ALPHA_SEC,CL616112,ICICIBANK,S,321,1132.47,363522.87
11-23-2025,DELTA_TRADES,CL793045,LT,S,203,2280.68,462978.04
2025-11-21,DELTA_TRADES,CL069614,ICICIBANK,S,324,2348.46,760901.04
11-21-2025,DELTA_TRADES,CL930758,TATAMOTORS,B,118,775.0,91450.0
20/11/2025,DELTA_TRADES,CL854818,SBIN,B,202,2044.5,412989.0
21-Nov-25,DELTA_TRADES,CL359139,INFY,S,348,458.9,159697.2
24/11/2025,BETA_INVEST,CL030027,KOTAKBANK,B,202,644.22,130132.44
11-26-2025,OMEGA_BROKING,CL492788,SBIN,S,258,1309.67,337894.86
26/11/2025,ALPHA_SEC,CL933887,RELIANCE,S,210,2292.94,481517.4
29-Nov-25,DELTA_TRADES,CL991796,RELIANCE,S,375,552.58,207217.5
2025-11-23,DELTA_TRADES,CL259520,HDFC,B,298,2026.27,603828.46
2025-11-21,OMEGA_BROKING,CL652696,SBIN,S,200,806.83,161366.0
22-Nov-25,DELTA_TRADES,CL484993,LT,S,140,755.24,105733.6
2025-11-23,DELTA_TRADES,CL134138,LT,B,58,1918.69,111284.02
23-Nov-25,DELTA_TRADES,CL798650,TATAMOTORS,S,305,478.16,145838.8
22/11/2025,BETA_INVEST,CL755718,HDFC,S,325,462.06,150169.5
11-24-2025,DELTA_TRADES,CL195181,TATAMOTORS,B,29,2423.49,70281.21
22/11/2025,BETA_INVEST,CL352588,AXISBANK,B,186,1719.87,319895.82
2025-11-25,DELTA_TRADES,CL486025,SBIN,S,315,290.7,91570.5
22/11/2025,ALPHA_SEC,CL446094,ITC,B,144,1890.46,
11-25-2025,BETA_INVEST,CL209360,TATAMOTORS,B,202,1075.94,217339.88
2025-11-26,ALPHA_SEC,CL129673,RELIANCE,B,208,2762.27,574552.16
2025-11-26,BETA_INVEST,CL478334,KOTAKBANK,B,69,2236.0,154284.0
2025-11-24,BETA_INVEST,CL253419,ITC,B,398,2403.66,956656.68
24/11/2025,ALPHA_SEC,CL620872,TATAMOTORS,S,255,369.58,94242.9
11-23-2025,ALPHA_SEC,CL155915,ITC,B,39,689.1,26874.9
29-Nov-25,ALPHA_SEC,CL287558,AXISBANK,S,328,1897.82,622484.96
22/11/2025,OMEGA_BROKING,CL141134,TATAMOTORS,B,256,503.05,128780.8
11-22-2025,ALPHA_SEC,CL788231,ICICIBANK,B,240,617.99,148317.6
26/11/2025,ALPHA_SEC,CL137125,SBIN,S,204,231.76,47279.04
11-22-2025,ALPHA_SEC,CL286243,HDFC,S,364,1596.93,581282.52
11-26-2025,OMEGA_BROKING,CL026141,LT,S,166,1803.86,299440.76
11-24-2025,ALPHA_SEC,CL868693,SBIN,B,272,338.08,91957.76
11-23-2025,ALPHA_SEC,CL032721,AXISBANK,S,341,1655.12,564395.92
24-Nov-25,OMEGA_BROKING,CL908442,RELIANCE,S,86,873.66,75134.76
20/11/2025,DELTA_TRADES,CL431270,AXISBANK,B,23,2715.59,62458.57
20/11/2025,OMEGA_BROKING,CL351754,TATAMOTORS,B,149,949.86,141529.14
11-25-2025,DELTA_TRADES,CL924475,AXISBANK,S,330,872.29,
11-22-2025,ALPHA_SEC,CL325644,KOTAKBANK,B,243,1804.06,438386.58
11-22-2025,OMEGA_BROKING,CL861608,TATAMOTORS,S,395,2375.96,938504.2
11-22-2025,DELTA_TRADES,CL524480,RELIANCE,S,323,843.69,272511.87
23-Nov-25,DELTA_TRADES,CL914165,KOTAKBANK,B,9,620.92,5588.28
2025-11-22,ALPHA_SEC,CL913122,LT,B,131,419.86,55001.66
29/11/2025,ALPHA_SEC,CL322671,HDFC,S,167,1084.77,181156.59
11-20-2025,OMEGA_BROKING,CL539502,HDFC,B,265,2126.44,563506.6
11-21-2025,ALPHA_SEC,CL988160,ITC,B,98,1592.13,156028.74
22/11/2025,BETA_INVEST,CL603474,SBIN,S,254,1273.88,323565.52
21/11/2025,ALPHA_SEC,CL586846,RELIANCE,S,13,2553.99,33201.87
22-Nov-25,OMEGA_BROKING,CL213670,AXISBANK,S,317,1105.43,350421.31
20/11/2025,OMEGA_BROKING,CL355721,ICICIBANK,S,183,1423.14,260434.62
11-21-2025,BETA_INVEST,CL457799,LT,B,263,1272.97,334791.11
24-Nov-25,DELTA_TRADES,CL310147,RELIANCE,B,264,1812.25,478434.0
21/11/2025,DELTA_TRADES,CL908801,LT,S,381,1695.76,646084.56
11-23-2025,DELTA_TRADES,CL758273,ITC,B,100,1707.44,170744.0
26-Nov-25,OMEGA_BROKING,CL874993,LT,B,214,1596.37,341623.18
11-29-2025,ALPHA_SEC,CL187045,AXISBANK,S,373,2731.49,1018845.77
21/11/2025,BETA_INVEST,CL684866,HDFC,B,398,1165.56,463892.88
23-Nov-25,ALPHA_SEC,CL667843,SBIN,S,375,1536.89,576333.75
21-Nov-25,OMEGA_BROKING,CL705895,SBIN,S,359,107.44,38570.96
11-29-2025,BETA_INVEST,CL602815,ITC,B,43,1544.03,66393.29
22/11/2025,ALPHA_SEC,CL455106,ITC,S,97,1921.62,186397.14
26/11/2025,DELTA_TRADES,CL605324,HDFC,B,173,345.65,59797.45
11-22-2025,BETA_INVEST,CL699011,SBIN,B,213,1254.65,267240.45
23/11/2025,BETA_INVEST,CL390406,AXISBANK,B,157,974.16,152943.12
2025-11-23,BETA_INVEST,CL934272,INFY,S,304,1930.94,587005.76
2025-11-26,BETA_INVEST,CL217346,INFY,B,87,1470.36,127921.32
11-23-2025,BETA_INVEST,CL291456,ITC,B,74,729.98,54018.52
2025-11-25,DELTA_TRADES,CL977391,HDFC,S,377,1561.01,588500.77
25-Nov-25,OMEGA_BROKING,CL698716,TATAMOTORS,B,107,2217.79,237303.53
21-Nov-25,ALPHA_SEC,CL478254,KOTAKBANK,B,71,998.03,70860.13
24-Nov-25,BETA_INVEST,CL972810,RELIANCE,B,95,1619.66,153867.7
22-Nov-25,DELTA_TRADES,CL279299,LT,S,101,1081.41,109222.41
22/11/2025,BETA_INVEST,CL983279,TATAMOTORS,B,134,1011.75,135574.5
2025-11-23,BETA_INVEST,CL429256,ICICIBANK,S,32,2142.14,68548.48
21/11/2025,DELTA_TRADES,CL230714,HDFC,S,202,2678.71,541099.42
2025-11-22,ALPHA_SEC,CL408134,ITC,B,7,513.59,3595.13
11-20-2025,DELTA_TRADES,CL825114,ITC,S,397,115.95,46032.15
22-Nov-25,OMEGA_BROKING,CL620165,HDFC,B,24,1331.68,31960.32
2025-11-20,ALPHA_SEC,CL721695,LT,S,299,823.58,246250.42
23/11/2025,DELTA_TRADES,CL449900,TATAMOTORS,B,25,2644.65,
20-Nov-25,BETA_INVEST,CL862774,SBIN,S,167,2587.12,432049.04
2025-11-25,DELTA_TRADES,CL619157,RELIANCE,B,225,2629.18,591565.5
2025-11-20,BETA_INVEST,CL505866,LT,B,34,459.36,15618.24
29-Nov-25,ALPHA_SEC,CL835534,KOTAKBANK,S,36,382.38,13765.68
2025-11-25,OMEGA_BROKING,CL034603,AXISBANK,S,173,2603.33,450376.09
2025-11-20,ALPHA_SEC,CL422622,AXISBANK,S,71,524.71,37254.41
29/11/2025,DELTA_TRADES,CL062800,ITC,B,298,2350.55,700463.9
20/11/2025,BETA_INVEST,CL371610,TATAMOTORS,S,306,1792.84,548609.04
23-Nov-25,BETA_INVEST,CL995839,ITC,B,81,2001.14,162092.34
2025-11-22,OMEGA_BROKING,CL899045,SBIN,B,380,2349.1,892658.0
22/11/2025,ALPHA_SEC,CL386360,KOTAKBANK,B,360,2086.2,751032.0
20/11/2025,ALPHA_SEC,CL848478,KOTAKBANK,B,347,1324.34,459545.98
11-20-2025,BETA_INVEST,CL499574,KOTAKBANK,B,200,2057.54,411508.0
22-Nov-25,ALPHA_SEC,CL430292,RELIANCE,S,68,569.48,38724.64
26-Nov-25,OMEGA_BROKING,CL243897,ITC,S,37,2412.61,89266.57
26/11/2025,DELTA_TRADES,CL767890,INFY,S,20,514.84,10296.8
24-Nov-25,OMEGA_BROKING,CL032651,ITC,B,154,1257.25,193616.5
11-23-2025,ALPHA_SEC,CL726255,ITC,B,61,796.51,48587.11
24/11/2025,OMEGA_BROKING,CL184786,SBIN,B,167,2178.98,363889.66
11-22-2025,OMEGA_BROKING,CL430965,LT,S,103,1046.05,107743.15
2025-11-20,DELTA_TRADES,CL151245,AXISBANK,S,349,1886.15,658266.35
2025-11-21,OMEGA_BROKING,CL592810,LT,S,355,656.88,233192.4
23/11/2025,BETA_INVEST,CL280979,ITC,S,53,2267.95,120201.35
22-Nov-25,BETA_INVEST,CL647781,TATAMOTORS,B,86,2297.7,197602.2
2025-11-24,OMEGA_BROKING,CL643735,ICICIBANK,S,303,531.69,161102.07
2025-11-26,DELTA_TRADES,CL562145,TATAMOTORS,S,125,1543.11,192888.75
24/11/2025,DELTA_TRADES,CL754743,HDFC,S,255,1139.89,290671.95
23/11/2025,DELTA_TRADES,CL995689,RELIANCE,S,69,1967.74,
26-Nov-25,ALPHA_SEC,CL861631,RELIANCE,B,348,2341.99,815012.52
11-21-2025,BETA_INVEST,CL789753,SBIN,B,379,451.69,171190.51
2025-11-24,BETA_INVEST,CL893971,SBIN,B,65,517.31,33625.15
23-Nov-25,BETA_INVEST,CL196685,INFY,B,190,2531.26,480939.4
22-Nov-25,BETA_INVEST,CL818970,LT,S,293,2093.66,613442.38
11-21-2025,ALPHA_SEC,CL620581,TATAMOTORS,B,214,2737.23,585767.22
11-22-2025,BETA_INVEST,CL374651,ITC,B,330,1923.8,634854.0
20-Nov-25,OMEGA_BROKING,CL434522,LT,B,302,690.77,208612.54
11-25-2025,DELTA_TRADES,CL624879,TATAMOTORS,B,222,1982.2,440048.4
2025-11-26,BETA_INVEST,CL996764,ITC,B,390,1672.16,652142.4
21/11/2025,ALPHA_SEC,CL846880,SBIN,B,84,1207.75,101451.0
11-22-2025,OMEGA_BROKING,CL257137,AXISBANK,S,394,1814.83,715043.02
20/11/2025,DELTA_TRADES,CL976231,TATAMOTORS,B,223,2744.09,
22-Nov-25,BETA_INVEST,CL665907,SBIN,B,282,2625.54,740402.28
26/11/2025,BETA_INVEST,CL284863,KOTAKBANK,S,320,310.42,99334.4
22-Nov-25,DELTA_TRADES,CL367573,SBIN,S,140,2242.91,
20-Nov-25,ALPHA_SEC,CL630940,TATAMOTORS,B,149,1428.34,212822.66
2025-11-23,DELTA_TRADES,CL794603,SBIN,S,161,2536.66,408402.26
2025-11-21,ALPHA_SEC,CL652296,ITC,B,379,138.36,52438.44
20-Nov-25,BETA_INVEST,CL500191,AXISBANK,B,360,187.8,67608.0
22-Nov-25,DELTA_TRADES,CL780479,SBIN,S,182,1049.31,190974.42
23-Nov-25,ALPHA_SEC,CL034934,ICICIBANK,B,240,984.0,236160.0
25/11/2025,OMEGA_BROKING,CL074886,AXISBANK,S,68,1901.74,129318.32
2025-11-20,BETA_INVEST,CL923444,ICICIBANK,S,300,2070.79,621237.0
11-23-2025,ALPHA_SEC,CL241327,HDFC,B,175,1481.34,259234.5
2025-11-25,ALPHA_SEC,CL970314,TATAMOTORS,S,317,1215.6,385345.2
26/11/2025,OMEGA_BROKING,CL532485,RELIANCE,B,332,1807.01,599927.32
20/11/2025,DELTA_TRADES,CL589581,ICICIBANK,B,106,357.74,37920.44
25-Nov-25,ALPHA_SEC,CL541577,ITC,S,221,573.09,126652.89
21/11/2025,ALPHA_SEC,CL093401,HDFC,S,295,2081.69,614098.55
11-20-2025,OMEGA_BROKING,CL480808,SBIN,S,44,1344.28,59148.32
24/11/2025,DELTA_TRADES,CL521137,ITC,S,82,2129.02,174579.64
24-Nov-25,ALPHA_SEC,CL619055,INFY,S,86,483.32,41565.52
11-25-2025,OMEGA_BROKING,CL833923,ITC,B,60,1275.82,76549.2
22/11/2025,BETA_INVEST,CL656899,ITC,S,229,650.59,148985.11
22/11/2025,ALPHA_SEC,CL422223,LT,S,86,773.64,66533.04
25-Nov-25,ALPHA_SEC,CL862343,RELIANCE,B,160,1161.86,185897.6
2025-11-21,BETA_INVEST,CL475825,TATAMOTORS,B,270,699.04,188740.8
2025-11-22,OMEGA_BROKING,CL888200,KOTAKBANK,B,256,1820.18,465966.08
22/11/2025,BETA_INVEST,CL150307,HDFC,B,303,966.59,292876.77
24-Nov-25,DELTA_TRADES,CL986848,LT,B,51,1148.25,58560.75
25/11/2025,ALPHA_SEC,CL637579,INFY,S,355,1206.59,428339.45
29/11/2025,DELTA_TRADES,CL482220,ITC,S,286,1975.1,421680.5
11-26-2025,DELTA_TRADES,CL345605,ICICIBANK,B,43,2776.25,119378.75
2025-11-25,BETA_INVEST,CL723954,LT,B,172,2051.28,352820.16
26/11/2025,BETA_INVEST,CL427254,RELIANCE,B,120,1491.63,178995.6
25/11/2025,BETA_INVEST,CL262544,INFY,S,253,895.79,226634.87
2025-11-22,BETA_INVEST,CL392642,ITC,S,260,1191.99,309917.4
11-25-2025,DELTA_TRADES,CL635232,RELIANCE,S,385,933.2,359282.0
2025-11-22,OMEGA_BROKING,CL222350,ITC,S,78,2611.77,203718.06
11-21-2025,DELTA_TRADES,CL947138,HDFC,S,83,879.55,73002.65
23-Nov-25,OMEGA_BROKING,CL995941,AXISBANK,S,175,706.37,93440.97
25/11/2025,DELTA_TRADES,CL827953,INFY,B,372,1384.7,515108.4
11-25-2025,OMEGA_BROKING,CL782632,HDFC,B,349,2579.77,900339.73
24/11/2025,OMEGA_BROKING,CL118915,INFY,S,257,1560.48,401043.36
26-Nov-25,DELTA_TRADES,CL076717,HDFC,S,119,1145.34,136295.46
11-22-2025,OMEGA_BROKING,CL308001,RELIANCE,B,34,1053.92,35833.28
25-Nov-25,DELTA_TRADES,CL151877,AXISBANK,S,290,2532.07,734300.3
11-24-2025,OMEGA_BROKING,CL773585,AXISBANK,S,354,362.04,128162.16
11-21-2025,OMEGA_BROKING,CL779924,LT,B,398,843.02,335521.96
20/11/2025,ALPHA_SEC,CL480794,HDFC,B,352,2095.55,737633.6
20-Nov-25,DELTA_TRADES,CL183087,INFY,S,251,351.51,88229.01
25-Nov-25,DELTA_TRADES,CL148650,LT,S,350,1700.36,595126.0
21/11/2025,OMEGA_BROKING,CL565410,TATAMOTORS,S,21,2679.75,56274.75
2025-11-21,DELTA_TRADES,CL741197,LT,S,224,1802.22,403697.28
11-23-2025,ALPHA_SEC,CL841568,KOTAKBANK,B,284,2349.93,667380.12
20-Nov-25,BETA_INVEST,CL198596,ICICIBANK,S,169,882.31,149110.39
11-23-2025,BETA_INVEST,CL106921,LT,S,88,1233.35,108534.8
2025-11-22,OMEGA_BROKING,CL841302,INFY,S,206,1968.11,373652.32
2025-11-20,DELTA_TRADES,CL398334,INFY,S,155,128.87,19974.85
2025-11-22,OMEGA_BROKING,CL545557,RELIANCE,S,386,143.8,55506.8
22/11/2025,OMEGA_BROKING,CL773812,ITC,S,206,1530.88,315361.28
2025-11-26,OMEGA_BROKING,CL261187,RELIANCE,S,304,1032.27,313810.08
2025-11-23,ALPHA_SEC,CL994444,ITC,B,55,789.84,43441.2
2025-11-22,BETA_INVEST,CL893948,SBIN,B,235,922.28,216735.8
11-21-2025,OMEGA_BROKING,CL344830,ICICIBANK,S,176,167.54,29487.04
20/11/2025,BETA_INVEST,CL154509,LT,B,94,2778.94,261220.36
11-23-2025,OMEGA_BROKING,CL694400,KOTAKBANK,S,335,1440.66,482621.1
24-Nov-25,OMEGA_BROKING,CL107669,LT,B,207,2676.84,554105.88
11-26-2025,ALPHA_SEC,CL037190,ICICIBANK,B,80,393.41,31472.8
11-24-2025,BETA_INVEST,CL148825,TATAMOTORS,B,68,1641.29,111607.72
25-Nov-25,BETA_INVEST,CL682915,TATAMOTORS,B,360,1905.54,685994.4
23/11/2025,DELTA_TRADES,CL351970,INFY,B,285,397.05,113159.25
26/11/2025,DELTA_TRADES,CL872930,ICICIBANK,S,37,2744.79,
23/11/2025,ALPHA_SEC,CL769700,HDFC,S,308,2082.83,641511.64
11-25-2025,BETA_INVEST,CL840572,ITC,B,289,1232.91,356310.99
2025-11-24,OMEGA_BROKING,CL081560,SBIN,B,248,1202.87,298311.76
21/11/2025,ALPHA_SEC,CL265604,ITC,B,214,2173.66,465163.24
2025-11-20,ALPHA_SEC,CL999962,TATAMOTORS,S,165,2043.2,337128.0
2025-11-23,ALPHA_SEC,CL350428,TATAMOTORS,B,144,1283.15,184773.6
25/11/2025,BETA_INVEST,CL445645,LT,B,117,2783.28,325643.76
11-24-2025,ALPHA_SEC,CL918077,SBIN,B,105,194.3,20401.5
11-29-2025,BETA_INVEST,CL305309,ITC,B,252,2555.21,643912.92
20/11/2025,DELTA_TRADES,CL405314,RELIANCE,S,228,807.65,184144.2
26/11/2025,OMEGA_BROKING,CL500092,ICICIBANK,S,85,1811.1,153943.5
2025-11-22,ALPHA_SEC,CL613038,HDFC,B,78,160.9,12550.2
24/11/2025,ALPHA_SEC,CL404733,TATAMOTORS,B,374,1824.38,682318.12
2025-11-20,ALPHA_SEC,CL055561,HDFC,B,274,679.47,186174.78
2025-11-26,DELTA_TRADES,CL588010,LT,B,59,1005.5,59324.5
21-Nov-25,OMEGA_BROKING,CL780209,AXISBANK,S,368,2371.81,872826.08
11-23-2025,ALPHA_SEC,CL955562,KOTAKBANK,S,303,1131.66,342892.98
21/11/2025,ALPHA_SEC,CL086176,AXISBANK,B,374,1728.11,646313.14
22-Nov-25,DELTA_TRADES,CL037445,RELIANCE,B,172,291.72,50175.84
2025-11-21,ALPHA_SEC,CL419927,SBIN,B,175,690.98,120921.5
11-23-2025,DELTA_TRADES,CL555919,LT,B,201,884.0,177684.0
11-25-2025,BETA_INVEST,CL406828,LT,B,172,504.3,86739.6
21/11/2025,BETA_INVEST,CL415289,LT,S,337,2010.09,677400.33
2025-11-23,BETA_INVEST,CL537391,TATAMOTORS,B,269,2643.74,711166.06
26/11/2025,ALPHA_SEC,CL656567,AXISBANK,S,298,239.17,71272.66
24/11/2025,BETA_INVEST,CL845774,KOTAKBANK,B,191,301.68,57620.88
21/11/2025,BETA_INVEST,CL434130,INFY,B,199,1617.51,321884.49
26-Nov-25,DELTA_TRADES,CL050669,AXISBANK,B,72,1223.35,88081.2
20/11/2025,DELTA_TRADES,CL537204,KOTAKBANK,S,48,559.0,26832.0
11-23-2025,BETA_INVEST,CL797103,INFY,B,73,175.05,12778.65
11-20-2025,OMEGA_BROKING,CL289754,ITC,S,326,251.32,81930.32
24-Nov-25,OMEGA_BROKING,CL950350,INFY,S,265,962.31,255012.15
11-24-2025,BETA_INVEST,CL073645,LT,S,265,645.28,170999.2
2025-11-22,ALPHA_SEC,CL220696,INFY,S,301,672.4,202392.4
11-23-2025,DELTA_TRADES,CL864681,TATAMOTORS,B,390,2506.35,977476.5
2025-11-20,ALPHA_SEC,CL725537,AXISBANK,S,139,2149.88,298833.32
26/11/2025,ALPHA_SEC,CL414108,HDFC,S,123,1834.79,225679.17
25-Nov-25,BETA_INVEST,CL581848,AXISBANK,S,370,850.71,314762.7
20/11/2025,DELTA_TRADES,CL132916,ICICIBANK,B,17,909.93,15468.81
2025-11-29,ALPHA_SEC,CL233287,SBIN,B,291,361.71,105257.61
11-21-2025,DELTA_TRADES,CL868896,HDFC,B,239,946.33,226172.87
11-26-2025,ALPHA_SEC,CL466448,ICICIBANK,B,271,1877.11,508696.81
2025-11-24,OMEGA_BROKING,CL246817,RELIANCE,B,137,1098.86,150543.82
22/11/2025,OMEGA_BROKING,CL132366,SBIN,B,352,425.39,149737.28
11-20-2025,BETA_INVEST,CL931989,RELIANCE,B,79,1550.19,122465.01
20/11/2025,BETA_INVEST,CL751934,HDFC,B,330,1203.44,397135.2
11-24-2025,ALPHA_SEC,CL100161,KOTAKBANK,S,155,2369.58,367284.9
2025-11-25,OMEGA_BROKING,CL841154,INFY,B,292,1336.6,390287.2
2025-11-24,BETA_INVEST,CL524082,SBIN,S,187,2693.39,503663.93
2025-11-24,ALPHA_SEC,CL810913,INFY,B,269,2538.48,682851.12
11-25-2025,OMEGA_BROKING,CL998365,TATAMOTORS,S,104,1121.29,116614.16
2025-11-24,BETA_INVEST,CL579330,LT,B,298,1811.55,539841.9
11-25-2025,BETA_INVEST,CL731448,KOTAKBANK,S,99,2485.14,246028.86
2025-11-26,OMEGA_BROKING,CL579224,HDFC,S,357,705.38,251820.66
11-26-2025,ALPHA_SEC,CL245257,INFY,B,204,787.68,160686.72
21-Nov-25,DELTA_TRADES,CL637179,SBIN,B,204,792.91,161753.64
11-21-2025,OMEGA_BROKING,CL072293,RELIANCE,S,377,2657.07,1001715.39
24-Nov-25,ALPHA_SEC,CL423962,SBIN,B,160,173.8,27808.0
2025-11-24,BETA_INVEST,CL996621,ICICIBANK,S,41,2708.74,111058.34
2025-11-24,DELTA_TRADES,CL684715,AXISBANK,B,70,1826.56,127859.2
25/11/2025,OMEGA_BROKING,CL400343,TATAMOTORS,S,151,1679.79,253648.29
29/11/2025,DELTA_TRADES,CL012564,HDFC,S,65,1331.16,86525.4
11-24-2025,OMEGA_BROKING,CL462155,ICICIBANK,S,42,2379.2,99926.4
2025-11-25,OMEGA_BROKING,CL793110,HDFC,S,248,1877.52,465624.96
2025-11-29,BETA_INVEST,CL636329,TATAMOTORS,S,120,1649.81,197977.2
22/11/2025,BETA_INVEST,CL918054,ICICIBANK,B,245,1474.95,361362.75
11-22-2025,DELTA_TRADES,CL665738,AXISBANK,B,374,1802.14,674000.36
21/11/2025,OMEGA_BROKING,CL346865,ITC,B,307,1964.34,603052.38
11-23-2025,BETA_INVEST,CL600789,ITC,B,173,1736.26,300372.98
11-29-2025,ALPHA_SEC,CL732378,RELIANCE,B,61,901.94,55018.34
11-23-2025,BETA_INVEST,CL004117,LT,B,21,845.28,17750.88
24/11/2025,DELTA_TRADES,CL367939,AXISBANK,S,166,797.26,132345.16
22/11/2025,DELTA_TRADES,CL941969,SBIN,B,207,868.86,179854.02
29/11/2025,OMEGA_BROKING,CL345075,INFY,S,205,2179.12,446719.6
21-Nov-25,BETA_INVEST,CL017818,ITC,S,89,1071.83,95392.87
2025-11-26,DELTA_TRADES,CL524824,ICICIBANK,B,101,239.53,24192.53
11-22-2025,ALPHA_SEC,CL905571,ICICIBANK,B,341,644.93,219921.13
20/11/2025,ALPHA_SEC,CL395089,INFY,B,131,826.73,108301.63
29/11/2025,DELTA_TRADES,CL904066,AXISBANK,B,226,2589.03,585120.78
26/11/2025,ALPHA_SEC,CL562071,KOTAKBANK,S,305,1857.08,566409.4
2025-11-21,DELTA_TRADES,CL951157,LT,S,258,1236.35,318978.3
11-25-2025,BETA_INVEST,CL118045,TATAMOTORS,B,340,1154.7,392598.0
22-Nov-25,DELTA_TRADES,CL326643,ITC,B,90,1120.75,100867.5
2025-11-20,OMEGA_BROKING,CL730449,TATAMOTORS,S,122,1622.24,197913.28
21/11/2025,ALPHA_SEC,CL492690,LT,B,387,2051.0,399316.98
2025-11-20,BETA_INVEST,CL622707,TATAMOTORS,S,214,1075.86,230234.04
11-22-2025,BETA_INVEST,CL395723,TATAMOTORS,B,114,2008.31,228947.34
29/11/2025,BETA_INVEST,CL283393,ITC,B,300,331.11,99333.0
20/11/2025,ALPHA_SEC,CL101932,ICICIBANK,B,119,1564.92,186225.48
11-24-2025,BETA_INVEST,CL891503,HDFC,B,167,2687.64,448835.88
25-Nov-25,DELTA_TRADES,CL962453,LT,S,308,1650.39,508320.12
23/11/2025,DELTA_TRADES,CL549919,KOTAKBANK,B,99,2775.4,274764.6
26-Nov-25,ALPHA_SEC,CL195379,ICICIBANK,B,111,2588.95,287373.45
2025-11-22,ALPHA_SEC,CL771724,INFY,B,50,1238.23,61911.5
21/11/2025,DELTA_TRADES,CL934205,HDFC,B,253,2287.54,578747.62
2025-11-22,OMEGA_BROKING,CL240891,HDFC,B,376,589.36,221599.36
2025-11-23,OMEGA_BROKING,CL445459,TATAMOTORS,S,394,1112.0,438128.0
2025-11-21,OMEGA_BROKING,CL583091,INFY,S,56,629.59,35257.04
26/11/2025,DELTA_TRADES,CL925925,TATAMOTORS,B,326,2345.39,764597.14
25-Nov-25,BETA_INVEST,CL823753,ITC,S,379,2171.7,823074.3
21/11/2025,OMEGA_BROKING,CL058207,TATAMOTORS,B,327,2611.13,853839.51
20-Nov-25,DELTA_TRADES,CL298651,RELIANCE,S,40,1570.15,62806.0
20-Nov-25,ALPHA_SEC,CL659647,SBIN,S,40,2130.47,85218.8
11-26-2025,BETA_INVEST,CL553152,TATAMOTORS,B,223,2102.17,468783.91
2025-11-26,DELTA_TRADES,CL551589,KOTAKBANK,B,266,919.41,244563.06
2025-11-22,BETA_INVEST,CL135881,AXISBANK,B,374,206.18,77111.32
2025-11-21,ALPHA_SEC,CL105779,RELIANCE,S,146,1949.5,284627.0
23/11/2025,BETA_INVEST,CL438289,KOTAKBANK,S,256,1590.04,407050.24
21-Nov-25,ALPHA_SEC,CL751915,TATAMOTORS,S,242,562.0,136004.0
2025-11-20,DELTA_TRADES,CL985386,TATAMOTORS,B,400,1582.43,632972.0
11-22-2025,BETA_INVEST,CL392677,LT,S,260,1704.5,443170.0
25/11/2025,ALPHA_SEC,CL929798,SBIN,S,75,2059.02,154426.5
25-Nov-25,OMEGA_BROKING,CL298517,AXISBANK,S,96,1163.56,111701.76
21-Nov-25,DELTA_TRADES,CL421459,RELIANCE,S,227,683.6,155177.2
11-22-2025,BETA_INVEST,CL321324,AXISBANK,B,16,671.39,10742.24
24/11/2025,ALPHA_SEC,CL315002,HDFC,S,318,812.57,258397.26
11-21-2025,OMEGA_BROKING,CL035178,SBIN,B,90,1113.89,100250.1
23-Nov-25,BETA_INVEST,CL087489,KOTAKBANK,B,245,1184.16,290119.2
22-Nov-25,DELTA_TRADES,CL875645,HDFC,S,286,1760.94,503628.84
20-Nov-25,DELTA_TRADES,CL506936,RELIANCE,B,3,2456.44,7369.32
25-Nov-25,BETA_INVEST,CL037659,LT,S,153,2173.27,332510.31
24/11/2025,OMEGA_BROKING,CL233306,KOTAKBANK,S,211,1302.74,274878.14
26-Nov-25,OMEGA_BROKING,CL853757,TATAMOTORS,B,123,888.65,109303.95
2025-11-20,OMEGA_BROKING,CL631485,HDFC,S,248,1122.42,278360.16
23-Nov-25,OMEGA_BROKING,CL221538,LT,S,278,1791.96,498164.88
11-23-2025,DELTA_TRADES,CL614949,HDFC,S,134,1665.3,223150.2
2025-11-22,ALPHA_SEC,CL364937,LT,B,294,1113.19,327277.86
2025-11-26,BETA_INVEST,CL168133,LT,S,57,300.71,17140.47
2025-11-26,BETA_INVEST,CL931091,HDFC,B,94,835.51,78537.94
20-Nov-25,ALPHA_SEC,CL778120,SBIN,B,287,2664.59,764737.33
11-22-2025,OMEGA_BROKING,CL172796,AXISBANK,B,206,286.39,58996.34
26/11/2025,DELTA_TRADES,CL972326,ICICIBANK,B,305,2216.54,676044.7
2025-11-20,OMEGA_BROKING,CL709943,ICICIBANK,B,342,1736.33,593824.86
20/11/2025,OMEGA_BROKING,CL302718,KOTAKBANK,S,348,862.57,300174.36
22-Nov-25,BETA_INVEST,CL068592,TATAMOTORS,B,354,1914.03,677566.62
2025-11-26,OMEGA_BROKING,CL300691,TATAMOTORS,B,332,1617.9,537142.8
11-25-2025,ALPHA_SEC,CL436209,ICICIBANK,B,151,379.26,57268.26
11-25-2025,DELTA_TRADES,CL072536,ICICIBANK,B,138,353.0,48714.0
25-Nov-25,ALPHA_SEC,CL212478,INFY,S,274,1896.1,519531.4
2025-11-25,OMEGA_BROKING,CL511557,ITC,S,378,955.16,361050.48
22/11/2025,DELTA_TRADES,CL977493,AXISBANK,S,312,495.55,154611.6
23/11/2025,BETA_INVEST,CL843066,SBIN,S,396,1534.82,607788.72
25-Nov-25,DELTA_TRADES,CL573344,ICICIBANK,B,178,1772.64,315529.92
11-20-2025,OMEGA_BROKING,CL513552,SBIN,B,71,414.69,29442.99
2025-11-21,DELTA_TRADES,CL184368,AXISBANK,B,232,365.23,84733.36
23/11/2025,OMEGA_BROKING,CL503082,ITC,B,364,947.96,345057.44
25/11/2025,OMEGA_BROKING,CL069753,SBIN,S,285,1161.45,331013.25
21/11/2025,DELTA_TRADES,CL166956,AXISBANK,B,282,100.75,28411.5
11-25-2025,ALPHA_SEC,CL326695,AXISBANK,B,156,942.67,147056.52
11-23-2025,DELTA_TRADES,CL861039,KOTAKBANK,B,351,968.58,339971.58
23-Nov-25,DELTA_TRADES,CL869482,KOTAKBANK,B,299,1710.83,511538.17
21-Nov-25,ALPHA_SEC,CL867127,SBIN,S,123,710.64,87408.72
20/11/2025,OMEGA_BROKING,CL352660,INFY,S,339,1132.18,383809.02
2025-11-22,DELTA_TRADES,CL743056,ITC,B,32,2298.6,
23-Nov-25,OMEGA_BROKING,CL212741,ICICIBANK,B,257,1806.82,464352.74
26-Nov-25,BETA_INVEST,CL433218,AXISBANK,S,58,1889.45,109588.1
2025-11-26,DELTA_TRADES,CL912440,ITC,S,296,2793.45,826861.2
20-Nov-25,BETA_INVEST,CL790376,SBIN,S,34,1524.84,51844.56
2025-11-22,ALPHA_SEC,CL065466,ITC,B,105,2703.71,283889.55
11-24-2025,OMEGA_BROKING,CL407658,SBIN,B,50,2637.22,131861.0
11-25-2025,ALPHA_SEC,CL915450,RELIANCE,B,364,1838.28,669133.92
11-24-2025,BETA_INVEST,CL353089,SBIN,B,164,1232.25,202089.0
22/11/2025,BETA_INVEST,CL118840,KOTAKBANK,S,77,2627.57,202322.89
22/11/2025,OMEGA_BROKING,CL151076,TATAMOTORS,S,13,284.82,3702.66
26-Nov-25,OMEGA_BROKING,CL836629,INFY,B,37,606.09,22425.33
22/11/2025,ALPHA_SEC,CL603616,SBIN,S,61,534.12,32581.32
29-Nov-25,ALPHA_SEC,CL977269,KOTAKBANK,S,335,1486.02,497816.7
29-Nov-25,ALPHA_SEC,CL627361,RELIANCE,B,306,693.21,212122.26
29/11/2025,BETA_INVEST,CL957592,AXISBANK,S,87,763.11,66390.57
11-20-2025,ALPHA_SEC,CL933591,SBIN,B,395,842.28,332700.6
22/11/2025,OMEGA_BROKING,CL836371,HDFC,B,29,1481.0,42949.0
11-22-2025,ALPHA_SEC,CL959273,ITC,S,266,961.16,255668.56
2025-11-25,OMEGA_BROKING,CL948414,LT,B,306,2583.88,790667.28
26/11/2025,OMEGA_BROKING,CL826589,TATAMOTORS,S,283,2724.28,770971.24
2025-11-24,BETA_INVEST,CL014381,HDFC,B,38,819.07,31124.66
22/11/2025,ALPHA_SEC,CL708587,TATAMOTORS,B,260,914.07,237658.2
2025-11-26,BETA_INVEST,CL193143,SBIN,S,254,875.27,222318.58
22/11/2025,OMEGA_BROKING,CL920700,HDFC,B,21,1860.91,39079.11
2025-11-25,OMEGA_BROKING,CL305739,INFY,S,130,1507.35,195955.5
29/11/2025,BETA_INVEST,CL952550,LT,S,41,2710.46,111128.86
11-22-2025,OMEGA_BROKING,CL449465,AXISBANK,B,230,473.85,108985.5
20-Nov-25,BETA_INVEST,CL243061,RELIANCE,B,60,2429.76,145785.6
22/11/2025,ALPHA_SEC,CL942762,KOTAKBANK,B,112,2771.99,310462.88
23-Nov-25,BETA_INVEST,CL196090,TATAMOTORS,B,227,157.66,35788.82
23-Nov-25,OMEGA_BROKING,CL222383,HDFC,B,387,1367.07,529056.09
23-Nov-25,DELTA_TRADES,CL160648,ITC,B,366,908.92,
22-Nov-25,BETA_INVEST,CL232120,ICICIBANK,S,350,2207.14,772499.0
11-25-2025,OMEGA_BROKING,CL550151,ITC,B,300,1565.41,469623.0
11-20-2025,ALPHA_SEC,CL206317,HDFC,S,88,612.84,53929.92
11-25-2025,BETA_INVEST,CL132878,ICICIBANK,S,154,1003.48,154535.92
21-Nov-25,DELTA_TRADES,CL692252,ITC,S,188,1009.21,189731.48
11-24-2025,ALPHA_SEC,CL197672,KOTAKBANK,S,399,2757.81,1100366.19
11-23-2025,ALPHA_SEC,CL174990,HDFC,B,16,923.41,14774.56
21/11/2025,ALPHA_SEC,CL104259,AXISBANK,B,71,1240.26,88058.46
21-Nov-25,DELTA_TRADES,CL790839,HDFC,B,359,430.66,154606.94
11-21-2025,OMEGA_BROKING,CL637835,ICICIBANK,B,71,2326.96,156971.73
11-22-2025,ALPHA_SEC,CL871450,HDFC,S,303,1248.96,378434.88
21-Nov-25,BETA_INVEST,CL352475,AXISBANK,B,396,2120.48,839710.08
20-Nov-25,OMEGA_BROKING,CL294485,LT,S,355,2788.97,990084.35
26-Nov-25,DELTA_TRADES,CL548657,ICICIBANK,S,116,2499.59,289952.44
11-21-2025,DELTA_TRADES,CL837759,ICICIBANK,S,325,1633.28,530816.0
24-Nov-25,OMEGA_BROKING,CL687424,AXISBANK,B,288,2515.98,724602.24
21-Nov-25,DELTA_TRADES,CL410132,SBIN,S,134,545.17,73052.78
2025-11-24,ALPHA_SEC,CL971363,AXISBANK,S,120,2710.07,325208.4
2025-11-21,OMEGA_BROKING,CL690442,KOTAKBANK,B,13,458.01,5954.13
11-21-2025,OMEGA_BROKING,CL736879,HDFC,B,286,1740.23,497705.78
11-22-2025,ALPHA_SEC,CL743316,SBIN,B,71,1115.58,79206.18
11-24-2025,DELTA_TRADES,CL505232,LT,S,222,1179.8,261915.6
20/11/2025,OMEGA_BROKING,CL146858,ICICIBANK,B,104,265.82,27645.28
2025-11-26,ALPHA_SEC,CL446709,RELIANCE,B,296,2480.87,812909.59
2025-11-25,DELTA_TRADES,CL391257,ICICIBANK,S,275,1327.56,365079.0
11-21-2025,OMEGA_BROKING,CL197758,AXISBANK,B,163,942.25,153586.75
26-Nov-25,OMEGA_BROKING,CL937452,AXISBANK,S,121,2041.03,246964.63
21/11/2025,OMEGA_BROKING,CL416272,ICICIBANK,S,378,2046.05,773406.9
21/11/2025,BETA_INVEST,CL737634,RELIANCE,S,177,2203.5,390019.5
11-26-2025,BETA_INVEST,CL751673,AXISBANK,S,75,1809.46,135709.5
2025-11-20,ALPHA_SEC,CL669601,AXISBANK,S,380,2637.5,1002250.0
23-Nov-25,ALPHA_SEC,CL559769,KOTAKBANK,B,351,1015.21,356338.71
11-24-2025,OMEGA_BROKING,CL437939,HDFC,B,286,2674.36,764866.96
25-Nov-25,ALPHA_SEC,CL465281,LT,S,241,1526.63,367917.83
25/11/2025,ALPHA_SEC,CL985972,TATAMOTORS,B,5,2208.45,11042.25
21-Nov-25,DELTA_TRADES,CL832884,SBIN,S,400,1832.19,732876.0
11-23-2025,BETA_INVEST,CL474980,LT,B,176,955.86,168231.36
23-Nov-25,ALPHA_SEC,CL683863,LT,B,322,1256.04,404444.88
21/11/2025,ALPHA_SEC,CL011820,ITC,B,258,984.17,253915.86
24/11/2025,BETA_INVEST,CL979748,ITC,S,280,2423.22,678501.6
21/11/2025,BETA_INVEST,CL054792,LT,S,166,573.87,95262.42
23-Nov-25,BETA_INVEST,CL063668,ICICIBANK,S,131,1639.01,214710.31
11-20-2025,ALPHA_SEC,CL954185,SBIN,S,266,1623.78,431925.48
21-Nov-25,ALPHA_SEC,CL421556,TATAMOTORS,S,349,448.46,156512.54
11-20-2025,OMEGA_BROKING,CL102847,LT,S,64,1882.57,120484.48
29-Nov-25,OMEGA_BROKING,CL744735,RELIANCE,B,378,1294.74,489411.72
2025-11-21,ALPHA_SEC,CL569415,LT,B,57,2600.63,148235.91
2025-11-21,OMEGA_BROKING,CL764563,TATAMOTORS,B,14,1086.37,15209.18
20/11/2025,DELTA_TRADES,CL682235,KOTAKBANK,B,14,1278.31,17896.34
26/11/2025,DELTA_TRADES,CL796171,ICICIBANK,B,387,1570.37,607733.19
23/11/2025,OMEGA_BROKING,CL283332,INFY,S,172,1266.11,217770.92
2025-11-21,BETA_INVEST,CL251689,AXISBANK,B,172,1609.09,276763.48
23/11/2025,ALPHA_SEC,CL023417,SBIN,S,385,2023.55,779066.75
24/11/2025,ALPHA_SEC,CL375510,SBIN,S,170,1280.91,217754.7
11-24-2025,BETA_INVEST,CL608130,SBIN,S,128,636.27,83556.79
11-21-2025,ALPHA_SEC,CL246984,SBIN,S,174,822.22,143066.28
2025-11-29,OMEGA_BROKING,CL055198,INFY,S,17,2778.51,47234.67
23/11/2025,OMEGA_BROKING,CL289436,HDFC,S,345,808.54,278946.3
2025-11-21,DELTA_TRADES,CL042833,SBIN,S,213,222.91,47479.83
2025-11-26,OMEGA_BROKING,CL758811,ICICIBANK,B,322,2377.55,765571.1
2025-11-20,BETA_INVEST,CL468773,RELIANCE,S,74,2602.19,192562.06
2025-11-25,ALPHA_SEC,CL736856,INFY,S,395,1826.41,721431.95
2025-11-20,OMEGA_BROKING,CL734098,AXISBANK,B,65,1633.88,106202.2
11-25-2025,OMEGA_BROKING,CL814379,KOTAKBANK,B,335,202.07,67693.45
11-23-2025,OMEGA_BROKING,CL396503,ITC,S,303,833.31,252492.93
26-Nov-25,BETA_INVEST,CL865356,AXISBANK,S,168,2574.43,432504.24
24-Nov-25,OMEGA_BROKING,CL630330,HDFC,S,204,821.43,167571.72
2025-11-22,DELTA_TRADES,CL296143,ICICIBANK,S,16,1087.94,17407.04
22-Nov-25,ALPHA_SEC,CL301317,KOTAKBANK,B,23,638.27,14680.21
20-Nov-25,ALPHA_SEC,CL001075,ITC,B,223,1340.24,298873.52
2025-11-20,ALPHA_SEC,CL757647,RELIANCE,S,89,1923.49,171190.61
22/11/2025,ALPHA_SEC,CL169663,ICICIBANK,B,183,2339.07,428049.81
11-24-2025,ALPHA_SEC,CL593077,KOTAKBANK,S,301,293.76,88421.76
21-Nov-25,DELTA_TRADES,CL155964,KOTAKBANK,S,296,235.04,69571.84
2025-11-21,OMEGA_BROKING,CL269000,KOTAKBANK,S,186,1823.85,339236.1
11-22-2025,OMEGA_BROKING,CL166103,ITC,S,118,2290.86,270321.48
2025-11-26,DELTA_TRADES,CL797998,ITC,S,311,1976.51,614694.61
2025-11-20,OMEGA_BROKING,CL864073,INFY,S,187,2514.11,470138.57
24/11/2025,OMEGA_BROKING,CL114717,HDFC,S,72,2417.19,174037.68
11-23-2025,BETA_INVEST,CL273325,ITC,B,114,438.74,50016.36
22-Nov-25,ALPHA_SEC,CL861419,ICICIBANK,S,73,1441.68,105242.64
2025-11-22,OMEGA_BROKING,CL941126,INFY,B,318,2758.6,877234.8
20/11/2025,ALPHA_SEC,CL416085,ICICIBANK,S,82,290.95,23857.9
2025-11-21,DELTA_TRADES,CL357580,TATAMOTORS,B,123,1682.38,206932.74
11-26-2025,OMEGA_BROKING,CL124391,AXISBANK,S,163,1015.98,165604.74
2025-11-22,DELTA_TRADES,CL178544,SBIN,S,343,1954.63,670438.09
29/11/2025,DELTA_TRADES,CL008557,TATAMOTORS,S,125,1071.13,133891.25
22/11/2025,BETA_INVEST,CL736356,TATAMOTORS,S,333,1122.56,373812.48
2025-11-22,DELTA_TRADES,CL455608,RELIANCE,S,197,681.03,134162.91
11-25-2025,OMEGA_BROKING,CL094268,RELIANCE,B,130,1787.07,232319.1
11-23-2025,OMEGA_BROKING,CL299686,INFY,B,263,1898.31,499255.53
11-25-2025,BETA_INVEST,CL363670,LT,B,2,1631.68,3263.36
2025-11-20,DELTA_TRADES,CL377616,INFY,B,12,2103.74,25244.88
21-Nov-25,BETA_INVEST,CL841731,TATAMOTORS,B,12,1457.28,17487.36
2025-11-24,OMEGA_BROKING,CL784621,ICICIBANK,B,252,2597.96,654685.92
21/11/2025,BETA_INVEST,CL515320,AXISBANK,B,384,2372.95,
2025-11-26,OMEGA_BROKING,CL233399,ICICIBANK,S,153,2325.76,355841.28
11-20-2025,ALPHA_SEC,CL877639,AXISBANK,S,176,257.09,45247.84
20-Nov-25,DELTA_TRADES,CL110389,LT,S,259,2220.3,575057.7
20/11/2025,OMEGA_BROKING,CL634170,AXISBANK,S,275,2763.94,760083.5
22/11/2025,ALPHA_SEC,CL969673,INFY,S,339,560.5,190009.5
11-21-2025,OMEGA_BROKING,CL306730,SBIN,B,212,2783.72,590148.64
21/11/2025,ALPHA_SEC,CL474032,AXISBANK,B,55,292.94,16111.7
11-25-2025,ALPHA_SEC,CL520672,HDFC,S,149,109.41,16302.09
24-Nov-25,ALPHA_SEC,CL485184,SBIN,S,273,2310.67,630812.91
24-Nov-25,BETA_INVEST,CL719620,ICICIBANK,S,173,932.03,161241.19
21/11/2025,ALPHA_SEC,CL299578,ICICIBANK,S,55,1634.35,89889.25
23-Nov-25,DELTA_TRADES,CL483261,AXISBANK,S,303,2288.36,693373.08
2025-11-23,BETA_INVEST,CL268182,LT,B,165,1151.57,190009.05
21-Nov-25,BETA_INVEST,CL100720,TATAMOTORS,S,395,1431.79,565557.05
21-Nov-25,OMEGA_BROKING,CL097675,AXISBANK,B,297,1202.16,357041.52
23-Nov-25,OMEGA_BROKING,CL867618,LT,B,180,1410.51,253891.8
2025-11-21,DELTA_TRADES,CL973362,LT,S,241,1270.5,306190.5
22/11/2025,OMEGA_BROKING,CL372823,LT,S,121,1325.77,160418.17
11-25-2025,BETA_INVEST,CL136132,HDFC,B,70,1094.68,76627.6
2025-11-25,BETA_INVEST,CL742595,SBIN,B,11,1418.45,15602.95
11-22-2025,ALPHA_SEC,CL828675,ITC,B,224,2039.29,456800.96
26/11/2025,OMEGA_BROKING,CL600039,KOTAKBANK,B,212,949.88,201374.56
11-24-2025,BETA_INVEST,CL638013,ITC,S,249,1167.2,435837.83
2025-11-20,BETA_INVEST,CL217823,SBIN,B,334,1832.13,611931.42
23-Nov-25,ALPHA_SEC,CL321785,ICICIBANK,B,212,2707.99,574093.88
20/11/2025,BETA_INVEST,CL046449,TATAMOTORS,S,4,2125.88,8503.52
2025-11-22,BETA_INVEST,CL411007,HDFC,B,65,2123.01,137995.65
11-24-2025,ALPHA_SEC,CL833696,LT,B,66,2580.33,170301.78
24/11/2025,BETA_INVEST,CL196257,KOTAKBANK,B,4,1030.87,4123.48
2025-11-21,DELTA_TRADES,CL612660,AXISBANK,S,270,1638.25,442327.5
2025-11-25,DELTA_TRADES,CL224759,KOTAKBANK,S,271,1632.52,442412.92
24-Nov-25,BETA_INVEST,CL961095,KOTAKBANK,B,193,2658.23,513038.39
25/11/2025,OMEGA_BROKING,CL397446,HDFC,S,70,2089.44,146260.8
21/11/2025,BETA_INVEST,CL345662,HDFC,S,190,2415.69,458981.1
11-25-2025,ALPHA_SEC,CL574869,AXISBANK,B,305,1679.56,512265.8
24/11/2025,BETA_INVEST,CL685966,KOTAKBANK,B,251,2177.81,546630.31
24-Nov-25,BETA_INVEST,CL794936,INFY,S,110,1751.82,192700.2
2025-11-21,BETA_INVEST,CL873055,LT,S,30,214.78,6443.4
21-Nov-25,OMEGA_BROKING,CL260728,AXISBANK,B,322,262.84,84634.48
29-Nov-25,BETA_INVEST,CL964094,ITC,S,161,2113.82,340325.02
24-Nov-25,ALPHA_SEC,CL362275,RELIANCE,B,35,853.06,32327.75
2025-11-26,OMEGA_BROKING,CL578844,LT,S,75,1495.36,112152.0
23-Nov-25,ALPHA_SEC,CL925707,AXISBANK,B,267,1405.49,375265.83
11-25-2025,OMEGA_BROKING,CL671518,LT,B,293,1414.56,414466.08
11-22-2025,DELTA_TRADES,CL734170,LT,S,100,2006.78,200678.0
29/11/2025,OMEGA_BROKING,CL089531,KOTAKBANK,B,84,1433.15,120384.6
25/11/2025,DELTA_TRADES,CL922602,KOTAKBANK,B,384,1409.51,541251.84
24-Nov-25,ALPHA_SEC,CL651660,TATAMOTORS,B,256,801.0,205056.0
23-Nov-25,DELTA_TRADES,CL077664,AXISBANK,B,395,2025.77,800179.15
25/11/2025,OMEGA_BROKING,CL095656,SBIN,S,296,294.07,108855.36
26/11/2025,ALPHA_SEC,CL289383,KOTAKBANK,B,355,862.12,306052.6
20-Nov-25,OMEGA_BROKING,CL756548,TATAMOTORS,S,85,2608.63,221733.55
23-Nov-25,DELTA_TRADES,CL751721,AXISBANK,B,16,2275.29,36404.64
2025-11-24,DELTA_TRADES,CL276266,SBIN,B,181,2055.46,372038.26
23-Nov-25,DELTA_TRADES,CL595252,KOTAKBANK,S,127,363.02,46103.54
25-Nov-25,ALPHA_SEC,CL434728,SBIN,S,135,980.1,132313.5
22/11/2025,BETA_INVEST,CL658693,AXISBANK,S,397,216.82,86077.54
23/11/2025,DELTA_TRADES,CL100282,ICICIBANK,B,331,436.81,144584.11
11-24-2025,OMEGA_BROKING,CL518662,SBIN,S,108,1213.6,131068.8
24/11/2025,BETA_INVEST,CL882127,INFY,S,190,1415.41,268927.9
20-Nov-25,ALPHA_SEC,CL915072,ITC,S,121,837.57,101345.97
2025-11-29,DELTA_TRADES,CL622687,LT,S,122,1668.11,203509.42
2025-11-22,BETA_INVEST,CL810613,TATAMOTORS,S,319,2393.63,763567.97
2025-11-20,OMEGA_BROKING,CL790338,ICICIBANK,S,8,210.32,1682.56
11-21-2025,ALPHA_SEC,CL001591,HDFC,S,129,408.74,52727.46
21-Nov-25,ALPHA_SEC,CL994480,ITC,S,353,1376.85,486028.05
23/11/2025,ALPHA_SEC,CL586928,ITC,S,83,729.77,60570.91
26-Nov-25,BETA_INVEST,CL296154,TATAMOTORS,S,373,1294.39,482807.47
2025-11-24,OMEGA_BROKING,CL670564,ICICIBANK,B,243,293.04,71208.72
29-Nov-25,DELTA_TRADES,CL426645,INFY,B,247,1903.34,470124.98
11-22-2025,OMEGA_BROKING,CL642354,ICICIBANK,B,156,220.63,34418.28
2025-11-25,ALPHA_SEC,CL963667,INFY,B,381,1464.69,558046.89
11-22-2025,BETA_INVEST,CL416615,AXISBANK,B,156,397.56,62019.36
22-Nov-25,BETA_INVEST,CL982615,RELIANCE,B,101,1684.42,170126.42
2025-11-24,OMEGA_BROKING,CL579433,ITC,B,142,292.73,41567.66
2025-11-24,OMEGA_BROKING,CL171856,TATAMOTORS,S,357,256.61,91609.77
22-Nov-25,DELTA_TRADES,CL163039,AXISBANK,S,340,2059.91,897995.88
29/11/2025,DELTA_TRADES,CL415556,HDFC,S,62,146.84,9104.08
20/11/2025,ALPHA_SEC,CL816911,ITC,S,89,1185.19,105481.91
24/11/2025,DELTA_TRADES,CL825677,AXISBANK,B,221,150.07,33165.47
11-24-2025,ALPHA_SEC,CL743104,RELIANCE,B,370,1867.49,690971.3
2025-11-25,ALPHA_SEC,CL191234,SBIN,S,189,745.94,140982.66
2025-11-26,OMEGA_BROKING,CL466555,LT,B,293,882.01,258428.93
21-Nov-25,BETA_INVEST,CL017441,ICICIBANK,S,24,364.33,8743.92
2025-11-22,OMEGA_BROKING,CL918568,ICICIBANK,B,11,672.22,7394.42
2025-11-24,OMEGA_BROKING,CL401561,AXISBANK,B,126,1424.28,179459.28
2025-11-24,ALPHA_SEC,CL516551,TATAMOTORS,S,92,791.62,72829.04
2025-11-23,OMEGA_BROKING,CL949145,ICICIBANK,B,144,933.13,134370.72
2025-11-21,ALPHA_SEC,CL457792,TATAMOTORS,S,96,2413.92,231736.32
2025-11-20,ALPHA_SEC,CL968364,KOTAKBANK,S,370,1858.25,687552.5
21-Nov-25,ALPHA_SEC,CL720020,SBIN,B,231,1998.19,461581.89
26-Nov-25,OMEGA_BROKING,CL086706,INFY,B,80,216.54,17323.2
21-Nov-25,OMEGA_BROKING,CL838481,HDFC,B,280,663.21,185698.8
2025-11-26,DELTA_TRADES,CL190613,TATAMOTORS,S,364,1524.93,555074.52
11-23-2025,DELTA_TRADES,CL910949,KOTAKBANK,S,230,2099.82,482958.6
26-Nov-25,OMEGA_BROKING,CL853862,LT,B,219,2693.07,589782.33
25-Nov-25,DELTA_TRADES,CL485247,LT,S,188,2761.15,519096.2
11-23-2025,OMEGA_BROKING,CL799502,ICICIBANK,B,234,1470.63,344127.42
25-Nov-25,DELTA_TRADES,CL752325,LT,B,112,2751.7,308190.4
24/11/2025,OMEGA_BROKING,CL239785,INFY,S,316,2026.43,640351.88
20/11/2025,ALPHA_SEC,CL517108,RELIANCE,S,40,786.72,31468.8
29-Nov-25,OMEGA_BROKING,CL257250,HDFC,B,260,611.59,159013.4
23/11/2025,DELTA_TRADES,CL982090,KOTAKBANK,S,196,708.6,138885.6
11-21-2025,DELTA_TRADES,CL228055,HDFC,B,387,1188.16,459817.92
2025-11-24,OMEGA_BROKING,CL093643,RELIANCE,S,249,1243.27,309574.23
11-21-2025,ALPHA_SEC,CL803967,SBIN,B,365,1342.02,489837.3
11-25-2025,OMEGA_BROKING,CL871642,HDFC,B,387,1983.96,767792.52
2025-11-22,BETA_INVEST,CL930167,LT,B,28,2387.65,98310.6
23-Nov-25,DELTA_TRADES,CL260251,SBIN,S,141,348.13,49086.33
2025-11-25,BETA_INVEST,CL485095,AXISBANK,B,370,1583.18,585776.6
24/11/2025,DELTA_TRADES,CL507439,AXISBANK,B,299,268.69,80338.31
26/11/2025,ALPHA_SEC,CL498357,ICICIBANK,B,354,759.7,268933.8
2025-11-23,DELTA_TRADES,CL393346,ICICIBANK,S,208,1680.3,349502.4
2025-11-26,ALPHA_SEC,CL399974,TATAMOTORS,S,285,1147.98,327174.3
25/11/2025,DELTA_TRADES,CL185706,ICICIBANK,B,344,1659.38,570826.72
26/11/2025,BETA_INVEST,CL549015,HDFC,B,87,2577.35,224229.45
22-Nov-25,BETA_INVEST,CL886352,SBIN,B,248,1910.41,473781.68
23-Nov-25,DELTA_TRADES,CL890658,ITC,S,256,2264.35,579673.6
11-25-2025,BETA_INVEST,CL932045,ICICIBANK,S,62,2158.25,133811.5
2025-11-24,DELTA_TRADES,CL295957,ICICIBANK,S,206,2342.35,482524.1
26-Nov-25,OMEGA_BROKING,CL441532,KOTAKBANK,B,51,1045.33,53311.83
2025-11-24,OMEGA_BROKING,CL465920,SBIN,S,359,1263.86,
24-Nov-25,BETA_INVEST,CL818649,ICICIBANK,B,86,1939.94,166834.84
2025-11-29,ALPHA_SEC,CL926354,TATAMOTORS,S,56,1195.13,66927.28
2025-11-22,DELTA_TRADES,CL611650,SBIN,B,284,978.83,277987.72
22-Nov-25,OMEGA_BROKING,CL550831,INFY,S,261,989.57,258277.77
2025-11-22,ALPHA_SEC,CL104711,KOTAKBANK,B,212,2640.72,559832.64
26-Nov-25,OMEGA_BROKING,CL845368,KOTAKBANK,B,308,637.49,196346.92
24/11/2025,OMEGA_BROKING,CL503494,ICICIBANK,S,369,2472.96,912522.24
24-Nov-25,ALPHA_SEC,CL776597,ITC,B,79,2360.74,186498.46
2025-11-29,ALPHA_SEC,CL916341,INFY,S,41,627.93,25745.13
22/11/2025,ALPHA_SEC,CL114436,AXISBANK,S,83,1497.51,124293.33
11-24-2025,ALPHA_SEC,CL675543,AXISBANK,B,51,2795.91,142591.41
2025-11-25,ALPHA_SEC,CL173402,INFY,S,60,1679.65,69343.14
2025-11-21,BETA_INVEST,CL023142,RELIANCE,S,209,2575.59,538298.31
24-Nov-25,OMEGA_BROKING,CL321395,ICICIBANK,S,236,1317.24,310868.64
22/11/2025,BETA_INVEST,CL929211,TATAMOTORS,S,58,161.88,9389.04
22/11/2025,ALPHA_SEC,CL432042,HDFC,S,111,386.49,42900.39
11-23-2025,ALPHA_SEC,CL047855,LT,B,203,1214.56,246555.68
11-29-2025,BETA_INVEST,CL664114,KOTAKBANK,S,269,1791.97,482039.93
25-Nov-25,OMEGA_BROKING,CL232415,HDFC,B,195,992.25,193488.75
2025-11-20,DELTA_TRADES,CL551668,AXISBANK,B,215,1254.23,269659.45
20/11/2025,OMEGA_BROKING,CL576433,SBIN,S,325,1301.69,423049.25
22/11/2025,ALPHA_SEC,CL976310,RELIANCE,B,230,764.47,175828.1
21/11/2025,OMEGA_BROKING,CL293729,ICICIBANK,B,116,2707.08,314021.28
22/11/2025,BETA_INVEST,CL576636,TATAMOTORS,B,394,1437.83,566505.02
29-Nov-25,DELTA_TRADES,CL944403,KOTAKBANK,S,329,2464.65,810869.85
26/11/2025,BETA_INVEST,CL366194,KOTAKBANK,B,24,2222.47,53339.28
21-Nov-25,DELTA_TRADES,CL851270,AXISBANK,B,341,569.7,194267.7
11-26-2025,OMEGA_BROKING,CL574906,KOTAKBANK,B,188,598.26,112472.88
11-25-2025,BETA_INVEST,CL566656,HDFC,B,88,1427.85,125650.8
11-22-2025,ALPHA_SEC,CL024676,INFY,S,334,312.33,104318.22
29/11/2025,DELTA_TRADES,CL567531,ITC,S,109,488.89,53289.01
11-24-2025,DELTA_TRADES,CL203358,RELIANCE,S,265,490.6,130009.0
23/11/2025,DELTA_TRADES,CL017402,LT,S,34,1123.32,38192.88
24/11/2025,DELTA_TRADES,CL908917,HDFC,S,342,1846.25,631417.5
2025-11-26,DELTA_TRADES,CL749173,ITC,B,190,2107.07,400343.3
2025-11-20,OMEGA_BROKING,CL210049,RELIANCE,S,112,989.56,110830.72
22/11/2025,OMEGA_BROKING,CL660825,AXISBANK,B,85,1712.49,145561.65
2025-11-23,DELTA_TRADES,CL476553,TATAMOTORS,B,236,2058.37,485775.32
11-24-2025,ALPHA_SEC,CL885886,ICICIBANK,S,152,1069.05,162495.6
20-Nov-25,ALPHA_SEC,CL582740,LT,S,76,1835.28,139481.28
11-25-2025,BETA_INVEST,CL217790,HDFC,S,201,2298.18,461934.18
20/11/2025,BETA_INVEST,CL971977,ICICIBANK,B,326,753.0,245478.0
2025-11-25,ALPHA_SEC,CL626347,INFY,B,192,1936.83,371871.36
20/11/2025,OMEGA_BROKING,CL246890,HDFC,B,103,2272.21,234037.63
23-Nov-25,ALPHA_SEC,CL709724,HDFC,B,155,2660.59,412391.45
23-Nov-25,OMEGA_BROKING,CL999191,ICICIBANK,S,155,1090.44,169018.2
23-Nov-25,ALPHA_SEC,CL253915,TATAMOTORS,S,390,2692.33,1050008.7
21/11/2025,DELTA_TRADES,CL922265,ICICIBANK,S,172,1515.77,260712.44
24/11/2025,BETA_INVEST,CL481612,HDFC,B,395,1751.0,691645.0
11-21-2025,BETA_INVEST,CL603270,RELIANCE,S,111,1293.82,143614.02
11-25-2025,BETA_INVEST,CL595323,KOTAKBANK,B,304,490.65,149157.6
22-Nov-25,DELTA_TRADES,CL198061,AXISBANK,B,232,1864.52,432568.64
21-Nov-25,DELTA_TRADES,CL705974,RELIANCE,B,209,2551.56,533276.04
25-Nov-25,DELTA_TRADES,CL651459,TATAMOTORS,B,142,2425.95,344484.9
22/11/2025,DELTA_TRADES,CL282445,AXISBANK,S,163,1356.51,221111.13
26/11/2025,OMEGA_BROKING,CL001231,RELIANCE,S,35,1163.52,40723.2
25/11/2025,OMEGA_BROKING,CL662543,LT,S,333,1930.51,725543.74
11-22-2025,BETA_INVEST,CL973645,KOTAKBANK,B,346,712.66,246580.36
29-Nov-25,DELTA_TRADES,CL143356,SBIN,B,20,1022.66,20453.2
11-25-2025,DELTA_TRADES,CL681284,AXISBANK,B,136,1779.0,241944.0
11-22-2025,BETA_INVEST,CL185235,KOTAKBANK,S,398,150.88,60050.24
2025-11-25,BETA_INVEST,CL941888,KOTAKBANK,S,288,2481.07,714548.16
22/11/2025,DELTA_TRADES,CL450768,INFY,B,207,1990.2,411971.4
11-22-2025,OMEGA_BROKING,CL629063,ICICIBANK,S,158,291.68,46085.44
22/11/2025,BETA_INVEST,CL450529,RELIANCE,S,319,2087.11,665788.09
26/11/2025,BETA_INVEST,CL584866,TATAMOTORS,S,346,930.2,321849.2
22/11/2025,OMEGA_BROKING,CL738770,INFY,B,87,690.98,60115.26
2025-11-23,BETA_INVEST,CL323954,KOTAKBANK,B,140,1991.93,278870.2
20/11/2025,ALPHA_SEC,CL839561,ICICIBANK,B,203,1532.16,311028.48
22/11/2025,BETA_INVEST,CL469697,ICICIBANK,S,47,1284.33,60363.51
22-Nov-25,BETA_INVEST,CL752276,RELIANCE,B,260,2095.4,544804.0
2025-11-26,BETA_INVEST,CL831587,ITC,B,85,1655.93,140754.05
2025-11-23,DELTA_TRADES,CL438144,INFY,S,25,2054.77,51369.25
22-Nov-25,ALPHA_SEC,CL477133,ITC,B,342,1377.96,471262.32
26-Nov-25,ALPHA_SEC,CL124748,AXISBANK,B,246,1908.76,469554.96
24/11/2025,DELTA_TRADES,CL361044,RELIANCE,S,310,1800.87,558269.7
11-21-2025,ALPHA_SEC,CL447775,SBIN,B,47,2035.02,95645.94
2025-11-22,DELTA_TRADES,CL796901,ITC,S,158,1945.3,307357.4
21-Nov-25,ALPHA_SEC,CL582503,TATAMOTORS,S,248,2592.47,642932.56
2025-11-22,BETA_INVEST,CL057573,HDFC,B,52,833.7,43352.4
2025-11-22,DELTA_TRADES,CL789641,AXISBANK,B,176,2401.94,422741.44
11-20-2025,DELTA_TRADES,CL960527,KOTAKBANK,S,203,2230.88,452868.64
2025-11-22,OMEGA_BROKING,CL551051,AXISBANK,S,33,988.8,32630.4
26-Nov-25,OMEGA_BROKING,CL170408,LT,S,284,836.68,237617.12
22-Nov-25,ALPHA_SEC,CL354155,INFY,B,33,1985.06,65506.98
22-Nov-25,ALPHA_SEC,CL883140,LT,S,28,176.1,4930.8
26-Nov-25,DELTA_TRADES,CL133320,TATAMOTORS,S,143,2752.3,393578.9
2025-11-20,OMEGA_BROKING,CL575345,ICICIBANK,B,98,2230.62,218600.76
11-21-2025,OMEGA_BROKING,CL456995,ITC,B,63,254.0,16002.0
11-22-2025,ALPHA_SEC,CL380667,AXISBANK,S,303,1730.82,524438.46
11-24-2025,DELTA_TRADES,CL485280,RELIANCE,B,173,1391.19,240675.87
22-Nov-25,OMEGA_BROKING,CL618685,RELIANCE,S,31,409.65,12699.15
22-Nov-25,BETA_INVEST,CL565165,TATAMOTORS,S,4,1966.96,7867.84
22/11/2025,ALPHA_SEC,CL564476,LT,B,293,2396.41,702148.13
2025-11-21,OMEGA_BROKING,CL057428,ICICIBANK,B,323,1433.34,462968.82
11-22-2025,DELTA_TRADES,CL383285,AXISBANK,B,224,2303.48,515979.52
24-Nov-25,ALPHA_SEC,CL931113,ICICIBANK,S,373,2082.44,776750.12
2025-11-24,ALPHA_SEC,CL609682,INFY,B,277,2068.43,572955.11
29/11/2025,DELTA_TRADES,CL993690,KOTAKBANK,S,332,1603.5,532362.0
2025-11-22,ALPHA_SEC,CL011208,LT,B,10,1355.32,13553.2
26-Nov-25,DELTA_TRADES,CL024252,KOTAKBANK,S,383,2707.23,1036869.09
22/11/2025,OMEGA_BROKING,CL590145,SBIN,S,368,2458.87,904864.16
11-24-2025,OMEGA_BROKING,CL546396,KOTAKBANK,B,352,1972.61,694358.72
11-22-2025,OMEGA_BROKING,CL528950,AXISBANK,B,305,840.01,256203.05
2025-11-25,BETA_INVEST,CL143229,ICICIBANK,B,169,1068.44,180566.36
21-Nov-25,DELTA_TRADES,CL700672,SBIN,B,176,2629.34,462763.84
2025-11-26,OMEGA_BROKING,CL987623,ITC,B,397,1443.77,
11-26-2025,DELTA_TRADES,CL097428,KOTAKBANK,S,383,1237.88,474108.04
2025-11-26,BETA_INVEST,CL761197,ITC,B,400,721.8,288720.0
20-Nov-25,ALPHA_SEC,CL043683,KOTAKBANK,S,11,2593.17,39590.9
2025-11-26,ALPHA_SEC,CL500369,ITC,S,10,182.54,1825.4
21-Nov-25,BETA_INVEST,CL149488,KOTAKBANK,B,311,704.18,218999.98
22/11/2025,OMEGA_BROKING,CL949936,SBIN,S,221,486.1,107428.1
11-21-2025,DELTA_TRADES,CL481531,TATAMOTORS,B,244,2355.51,574744.44
29-Nov-25,DELTA_TRADES,CL651850,RELIANCE,B,210,548.27,115136.7
20/11/2025,DELTA_TRADES,CL026411,HDFC,B,86,1807.81,155471.66
25-Nov-25,ALPHA_SEC,CL969171,ICICIBANK,B,62,1357.33,84154.46
20-Nov-25,BETA_INVEST,CL899629,SBIN,B,86,2564.63,220558.18
29/11/2025,OMEGA_BROKING,CL460652,ICICIBANK,S,156,1886.04,294222.24
2025-11-23,DELTA_TRADES,CL523984,RELIANCE,B,220,1424.93,313484.6
2025-11-22,BETA_INVEST,CL640337,LT,S,171,618.05,105686.55
29-Nov-25,BETA_INVEST,CL897408,SBIN,B,66,2055.8,135682.8
2025-11-26,OMEGA_BROKING,CL134215,KOTAKBANK,B,361,202.08,72950.88
21/11/2025,BETA_INVEST,CL682328,AXISBANK,B,23,1719.03,39537.69
23-Nov-25,ALPHA_SEC,CL785449,LT,S,179,351.45,62909.55
21-Nov-25,OMEGA_BROKING,CL796511,SBIN,S,239,2359.69,
22/11/2025,DELTA_TRADES,CL342905,AXISBANK,B,221,1991.87,440203.27
26/11/2025,OMEGA_BROKING,CL151929,RELIANCE,B,113,1836.82,207560.66
2025-11-23,OMEGA_BROKING,CL765149,KOTAKBANK,S,206,1450.99,298903.94
23/11/2025,BETA_INVEST,CL669077,HDFC,S,358,1288.17,461164.86
11-21-2025,BETA_INVEST,CL249914,KOTAKBANK,S,377,331.96,125148.92
20/11/2025,OMEGA_BROKING,CL481086,AXISBANK,B,112,962.0,107744.0
26-Nov-25,OMEGA_BROKING,CL416892,TATAMOTORS,S,50,1890.52,94526.0
24/11/2025,BETA_INVEST,CL861651,ITC,S,383,263.09,100763.47
22-Nov-25,OMEGA_BROKING,CL687154,RELIANCE,S,199,547.62,108976.38
24/11/2025,OMEGA_BROKING,CL070067,INFY,B,14,2092.09,42887.0
11-23-2025,OMEGA_BROKING,CL886292,AXISBANK,B,84,842.82,70796.88
24-Nov-25,OMEGA_BROKING,CL896430,ITC,B,11,842.28,9265.08
21-Nov-25,BETA_INVEST,CL088033,AXISBANK,B,122,979.28,144424.45
2025-11-24,OMEGA_BROKING,CL664482,SBIN,B,236,308.95,72912.2
24-Nov-25,OMEGA_BROKING,CL699697,RELIANCE,S,374,560.13,209488.62
11-24-2025,DELTA_TRADES,CL637998,AXISBANK,B,291,2339.41,680768.31
24-Nov-25,BETA_INVEST,CL152996,ICICIBANK,B,56,725.95,40653.2
21-Nov-25,BETA_INVEST,CL870948,KOTAKBANK,S,235,2641.41,620731.35
21-Nov-25,ALPHA_SEC,CL678838,SBIN,B,342,2597.9,888481.8
24/11/2025,DELTA_TRADES,CL395315,KOTAKBANK,S,168,707.8,118910.4
22-Nov-25,DELTA_TRADES,CL346622,ICICIBANK,B,318,1569.87,499218.66
23-Nov-25,DELTA_TRADES,CL619630,ICICIBANK,S,97,2366.1,229511.7
22-Nov-25,BETA_INVEST,CL903776,AXISBANK,B,69,1898.16,130973.04
23/11/2025,OMEGA_BROKING,CL749401,ICICIBANK,S,266,2514.09,668747.94
23/11/2025,ALPHA_SEC,CL470282,KOTAKBANK,S,303,501.11,151836.33
23-Nov-25,ALPHA_SEC,CL099056,LT,B,90,1315.49,118394.1
23-Nov-25,BETA_INVEST,CL348146,LT,S,224,2608.73,584355.52
11-20-2025,DELTA_TRADES,CL792400,TATAMOTORS,B,198,1635.17,323763.66
2025-11-29,OMEGA_BROKING,CL765527,ICICIBANK,B,73,2057.46,150194.58
11-20-2025,DELTA_TRADES,CL685052,INFY,B,267,1834.74,489875.58
25-Nov-25,DELTA_TRADES,CL087192,SBIN,B,5,1304.34,6521.7
11-25-2025,OMEGA_BROKING,CL418806,TATAMOTORS,S,39,772.23,30116.97
26-Nov-25,ALPHA_SEC,CL523035,ICICIBANK,S,351,273.16,95879.16
21-Nov-25,ALPHA_SEC,CL809683,HDFC,S,19,175.22,3329.18
20-Nov-25,BETA_INVEST,CL345706,HDFC,B,181,221.86,40156.66
22/11/2025,DELTA_TRADES,CL154189,INFY,S,274,876.59,240185.66
21-Nov-25,DELTA_TRADES,CL174360,KOTAKBANK,B,158,2323.78,367157.24
2025-11-23,OMEGA_BROKING,CL601401,ITC,B,363,1750.25,635340.75
11-20-2025,DELTA_TRADES,CL847904,RELIANCE,B,330,1139.25,375952.5
2025-11-26,OMEGA_BROKING,CL118760,KOTAKBANK,S,159,193.22,30721.98
25/11/2025,OMEGA_BROKING,CL775666,SBIN,S,34,2530.64,86041.76
22/11/2025,DELTA_TRADES,CL295352,LT,S,215,240.94,51802.1
2025-11-21,BETA_INVEST,CL199618,ICICIBANK,B,303,1350.61,409234.83
11-20-2025,OMEGA_BROKING,CL794272,KOTAKBANK,S,208,1465.42,304807.36
11-25-2025,OMEGA_BROKING,CL623969,RELIANCE,S,110,1288.28,141710.8
20/11/2025,DELTA_TRADES,CL196870,TATAMOTORS,B,181,1609.49,291317.69
2025-11-25,BETA_INVEST,CL782001,HDFC,B,372,2768.07,1029722.04
11-23-2025,OMEGA_BROKING,CL752576,RELIANCE,S,222,526.05,116783.1
2025-11-24,ALPHA_SEC,CL174334,ICICIBANK,S,84,2302.06,193373.04
2025-11-24,BETA_INVEST,CL098213,AXISBANK,S,155,2210.64,342649.2
22/11/2025,OMEGA_BROKING,CL758915,TATAMOTORS,B,30,1484.81,44544.3
29-Nov-25,ALPHA_SEC,CL819768,LT,B,187,688.81,128807.47
2025-11-23,BETA_INVEST,CL978703,AXISBANK,S,44,363.81,16007.64
11-26-2025,ALPHA_SEC,CL052741,HDFC,S,339,2654.86,899997.54
11-25-2025,BETA_INVEST,CL096415,HDFC,S,202,2218.11,448058.22
2025-11-26,ALPHA_SEC,CL487140,RELIANCE,S,390,1865.99,727736.1
20/11/2025,OMEGA_BROKING,CL097987,HDFC,S,59,2317.95,136759.05
2025-11-22,BETA_INVEST,CL250977,LT,S,13,2352.8,30586.4
23/11/2025,DELTA_TRADES,CL493020,KOTAKBANK,B,276,1673.19,461800.44
23-Nov-25,DELTA_TRADES,CL776148,KOTAKBANK,S,266,193.52,51476.32
11-20-2025,DELTA_TRADES,CL680604,HDFC,S,308,907.07,279377.56
2025-11-20,ALPHA_SEC,CL941880,INFY,B,34,2439.93,82957.62
24/11/2025,BETA_INVEST,CL144859,RELIANCE,S,28,168.31,4712.68
24/11/2025,BETA_INVEST,CL503896,TATAMOTORS,S,142,2338.48,332064.16
24-Nov-25,ALPHA_SEC,CL076568,ICICIBANK,B,76,2171.06,165000.56
25/11/2025,OMEGA_BROKING,CL019861,KOTAKBANK,B,388,1538.46,596922.48
24/11/2025,DELTA_TRADES,CL043721,INFY,B,140,2564.91,359087.4
25-Nov-25,BETA_INVEST,CL444974,ICICIBANK,S,86,1604.72,138005.92
22/11/2025,DELTA_TRADES,CL224219,LT,S,206,2341.41,482330.46
24/11/2025,DELTA_TRADES,CL437497,HDFC,B,194,887.38,172151.72
24/11/2025,ALPHA_SEC,CL092232,AXISBANK,S,167,2200.25,367441.75
11-24-2025,BETA_INVEST,CL379984,TATAMOTORS,B,129,2358.03,304185.87
24-Nov-25,BETA_INVEST,CL537890,ICICIBANK,B,254,878.04,223022.16
22-Nov-25,OMEGA_BROKING,CL119707,HDFC,S,360,1669.28,600940.8
2025-11-25,OMEGA_BROKING,CL070186,INFY,S,358,244.64,87581.12
22-Nov-25,DELTA_TRADES,CL528718,HDFC,S,19,1249.71,23744.49
29/11/2025,OMEGA_BROKING,CL515978,TATAMOTORS,S,336,2305.05,774496.8
26/11/2025,OMEGA_BROKING,CL072523,INFY,S,236,813.98,192099.28
2025-11-22,ALPHA_SEC,CL664881,TATAMOTORS,B,107,569.02,60885.14
2025-11-22,DELTA_TRADES,CL809619,AXISBANK,S,10,1968.41,19684.1
2025-11-21,OMEGA_BROKING,CL266939,AXISBANK,B,265,2762.19,731980.35
2025-11-25,OMEGA_BROKING,CL522982,ICICIBANK,S,209,1846.92,386006.28
2025-11-23,ALPHA_SEC,CL259065,SBIN,B,72,1533.93,110442.96
23/11/2025,ALPHA_SEC,CL752881,LT,B,137,559.67,76674.79
2025-11-22,ALPHA_SEC,CL675795,TATAMOTORS,S,71,2054.15,145844.65
22/11/2025,ALPHA_SEC,CL925125,ITC,B,27,2018.0,54486.0
2025-11-24,BETA_INVEST,CL120537,TATAMOTORS,B,76,683.33,51933.08
26-Nov-25,DELTA_TRADES,CL963365,HDFC,S,240,262.1,62904.0
24/11/2025,ALPHA_SEC,CL107962,TATAMOTORS,S,326,1660.22,
2025-11-25,DELTA_TRADES,CL797567,SBIN,S,52,318.24,16548.48
25-Nov-25,ALPHA_SEC,CL090421,RELIANCE,S,355,1408.94,500173.7
26/11/2025,ALPHA_SEC,CL179050,RELIANCE,B,362,2514.72,910328.64
22-Nov-25,BETA_INVEST,CL128206,LT,S,51,2784.92,142030.92
23/11/2025,OMEGA_BROKING,CL969909,HDFC,S,1,2569.72,2569.72
23/11/2025,ALPHA_SEC,CL955058,KOTAKBANK,B,400,202.93,81172.0
2025-11-20,BETA_INVEST,CL450219,RELIANCE,S,261,585.44,152799.84
20-Nov-25,BETA_INVEST,CL285988,TATAMOTORS,S,299,2706.2,809153.8
25-Nov-25,OMEGA_BROKING,CL060538,ITC,S,298,239.77,71451.46
25/11/2025,BETA_INVEST,CL201390,KOTAKBANK,B,343,2119.91,727129.13
25/11/2025,ALPHA_SEC,CL998354,AXISBANK,B,151,1249.78,188716.78
22/11/2025,DELTA_TRADES,CL494409,AXISBANK,B,171,182.67,31236.57
2025-11-20,OMEGA_BROKING,CL789102,INFY,S,255,622.76,158803.8
2025-11-25,DELTA_TRADES,CL159257,RELIANCE,B,224,841.48,188491.52
23/11/2025,DELTA_TRADES,CL889136,HDFC,B,223,1929.58,430296.34
22-Nov-25,BETA_INVEST,CL316264,ITC,B,124,1757.64,217947.36
24/11/2025,BETA_INVEST,CL567164,KOTAKBANK,S,87,2021.82,175898.34
11-26-2025,BETA_INVEST,CL462715,ICICIBANK,B,324,1863.12,603650.88
2025-11-24,ALPHA_SEC,CL094787,RELIANCE,B,126,309.22,38961.72
2025-11-22,OMEGA_BROKING,CL435242,LT,B,262,690.98,181036.76
22-Nov-25,DELTA_TRADES,CL592575,HDFC,S,210,2100.54,441113.4
2025-11-24,BETA_INVEST,CL188933,LT,B,266,2163.0,575358.0
2025-11-22,DELTA_TRADES,CL246342,KOTAKBANK,B,394,2428.98,957018.12
23/11/2025,DELTA_TRADES,CL379044,TATAMOTORS,S,97,1094.76,106191.72
2025-11-26,OMEGA_BROKING,CL292466,LT,S,388,626.61,243124.68
23-Nov-25,DELTA_TRADES,CL576751,ICICIBANK,S,109,2768.93,301813.37
29-Nov-25,OMEGA_BROKING,CL704973,ITC,S,166,238.94,39664.04
11-29-2025,OMEGA_BROKING,CL634804,KOTAKBANK,B,18,168.85,3039.3
11-24-2025,DELTA_TRADES,CL186354,AXISBANK,S,201,2132.41,428614.41
24/11/2025,ALPHA_SEC,CL064794,HDFC,S,23,623.55,14341.65
24/11/2025,BETA_INVEST,CL361697,LT,B,43,576.0,24768.0
25/11/2025,DELTA_TRADES,CL211859,RELIANCE,S,12,2675.38,32104.56
26/11/2025,BETA_INVEST,CL184911,ICICIBANK,B,221,879.88,194453.48
24-Nov-25,BETA_INVEST,CL153378,HDFC,S,68,590.54,40156.72
11-20-2025,DELTA_TRADES,CL916393,LT,B,398,2043.03,813125.94
26/11/2025,BETA_INVEST,CL521721,SBIN,S,111,2093.11,232335.21
22-Nov-25,BETA_INVEST,CL055967,RELIANCE,S,19,2629.2,65436.93
2025-11-26,OMEGA_BROKING,CL794585,AXISBANK,B,165,2603.27,429539.55
22-Nov-25,ALPHA_SEC,CL242435,AXISBANK,B,323,1402.02,452852.46
22-Nov-25,BETA_INVEST,CL007253,RELIANCE,S,93,2144.71,199458.03
20-Nov-25,OMEGA_BROKING,CL555172,INFY,S,366,657.97,240817.02
11-24-2025,ALPHA_SEC,CL915711,ICICIBANK,B,18,2635.16,47432.88
26-Nov-25,ALPHA_SEC,CL960402,KOTAKBANK,S,333,2126.04,707971.32
2025-11-24,BETA_INVEST,CL654963,INFY,S,102,750.94,76595.88
2025-11-22,BETA_INVEST,CL503142,ICICIBANK,S,360,403.1,145116.0
26-Nov-25,ALPHA_SEC,CL472411,AXISBANK,S,348,1752.37,609824.76
2025-11-22,OMEGA_BROKING,CL850989,AXISBANK,B,10,1233.03,12330.3
25/11/2025,DELTA_TRADES,CL440341,ITC,S,346,2786.53,964139.38
23-Nov-25,DELTA_TRADES,CL950369,TATAMOTORS,B,150,2502.28,375342.0
2025-11-22,BETA_INVEST,CL620412,LT,B,283,1052.96,297987.68
11-25-2025,BETA_INVEST,CL761638,KOTAKBANK,S,58,929.6,53916.8
24/11/2025,BETA_INVEST,CL870549,ITC,S,163,297.9,48557.7
26-Nov-25,ALPHA_SEC,CL851909,RELIANCE,S,362,1575.49,570327.38
26/11/2025,DELTA_TRADES,CL345776,AXISBANK,B,56,350.45,19625.2
2025-11-23,BETA_INVEST,CL581122,KOTAKBANK,S,284,2592.5,736270.0
24-Nov-25,DELTA_TRADES,CL560555,HDFC,B,268,2131.09,571132.12
2025-11-22,ALPHA_SEC,CL064280,TATAMOTORS,S,213,1289.84,274735.92
11-22-2025,BETA_INVEST,CL939368,ICICIBANK,B,133,2454.67,326471.11
11-22-2025,DELTA_TRADES,CL181897,TATAMOTORS,S,287,627.85,180192.95
2025-11-29,BETA_INVEST,CL976115,ICICIBANK,S,347,1571.02,545143.94
22-Nov-25,BETA_INVEST,CL357601,KOTAKBANK,B,289,1574.98,455169.22
11-22-2025,DELTA_TRADES,CL532191,AXISBANK,B,248,656.92,162916.16
24/11/2025,DELTA_TRADES,CL851624,SBIN,S,310,2157.48,668818.8
20-Nov-25,DELTA_TRADES,CL905666,AXISBANK,S,218,148.11,32287.98
11-25-2025,DELTA_TRADES,CL505521,RELIANCE,S,278,1164.35,323689.3
25/11/2025,ALPHA_SEC,CL132546,SBIN,S,237,1263.29,299399.73
25-Nov-25,ALPHA_SEC,CL919116,HDFC,B,361,1499.32,541254.52
23/11/2025,ALPHA_SEC,CL324471,SBIN,B,58,1589.35,92182.3
2025-11-24,OMEGA_BROKING,CL415002,KOTAKBANK,S,343,682.2,233994.6
2025-11-20,ALPHA_SEC,CL746260,HDFC,B,272,1213.57,330091.04
26/11/2025,DELTA_TRADES,CL493971,SBIN,S,46,1390.88,63980.48
2025-11-22,OMEGA_BROKING,CL008419,TATAMOTORS,B,281,631.68,177502.08
11-22-2025,DELTA_TRADES,CL086174,LT,B,251,648.74,162833.74
21/11/2025,ALPHA_SEC,CL137448,AXISBANK,S,17,462.0,7854.0
20/11/2025,BETA_INVEST,CL731487,HDFC,B,377,1009.07,380419.39
2025-11-25,OMEGA_BROKING,CL088391,TATAMOTORS,S,200,1869.49,373898.0
11-25-2025,BETA_INVEST,CL961530,SBIN,B,22,528.24,11621.28
2025-11-21,BETA_INVEST,CL101583,KOTAKBANK,S,300,915.74,274722.0
2025-11-22,DELTA_TRADES,CL601373,KOTAKBANK,S,127,1241.38,145806.64
20/11/2025,OMEGA_BROKING,CL989713,LT,B,252,2071.01,521894.52
2025-11-21,ALPHA_SEC,CL348001,AXISBANK,S,322,690.38,222302.36
2025-11-21,DELTA_TRADES,CL075985,ICICIBANK,B,23,1278.7,29410.1
23/11/2025,DELTA_TRADES,CL373418,SBIN,B,331,2092.36,692571.16
2025-11-21,OMEGA_BROKING,CL332629,LT,S,262,1763.28,461979.36
21/11/2025,BETA_INVEST,CL464608,ICICIBANK,B,155,107.31,16633.05
23-Nov-25,ALPHA_SEC,CL382823,ICICIBANK,B,256,1803.27,461637.12
21/11/2025,DELTA_TRADES,CL088307,ITC,B,289,335.67,97008.63
23/11/2025,DELTA_TRADES,CL795126,INFY,S,212,290.95,61681.4
20/11/2025,ALPHA_SEC,CL362630,RELIANCE,S,265,1611.63,427081.95
21/11/2025,OMEGA_BROKING,CL408546,AXISBANK,S,1,341.46,341.46
23-Nov-25,BETA_INVEST,CL778897,SBIN,S,302,2057.71,621428.42
2025-11-21,DELTA_TRADES,CL698942,KOTAKBANK,S,317,2169.37,687690.29
25-Nov-25,BETA_INVEST,CL883461,RELIANCE,B,54,1609.09,86890.86
2025-11-20,ALPHA_SEC,CL453611,ICICIBANK,S,99,1520.22,150501.78
26/11/2025,BETA_INVEST,CL477540,KOTAKBANK,B,89,2180.51,194065.39
23-Nov-25,ALPHA_SEC,CL743367,LT,S,150,1225.75,183862.5
2025-11-26,BETA_INVEST,CL009152,SBIN,S,385,1612.89,620962.65
11-26-2025,ALPHA_SEC,CL351267,HDFC,S,306,1626.38,497672.28
23-Nov-25,OMEGA_BROKING,CL991702,SBIN,S,366,215.54,78887.64
29/11/2025,OMEGA_BROKING,CL513667,RELIANCE,B,236,1721.27,406219.72
11-26-2025,ALPHA_SEC,CL653914,TATAMOTORS,S,12,1135.76,13629.12
24-Nov-25,ALPHA_SEC,CL464448,SBIN,B,72,447.62,32228.64
11-26-2025,DELTA_TRADES,CL846921,INFY,S,388,2230.66,865496.08
2025-11-20,ALPHA_SEC,CL032389,KOTAKBANK,B,58,2272.07,131780.06
21/11/2025,BETA_INVEST,CL151970,HDFC,B,388,919.37,356715.56
22/11/2025,DELTA_TRADES,CL457965,HDFC,B,44,1599.01,70356.44
23/11/2025,BETA_INVEST,CL506403,ICICIBANK,B,149,2394.85,356832.65
11-25-2025,ALPHA_SEC,CL715111,INFY,S,348,602.16,209551.68
11-25-2025,ALPHA_SEC,CL699287,TATAMOTORS,B,383,2082.24,797497.92
22/11/2025,OMEGA_BROKING,CL925475,LT,B,174,1535.57,267189.18
20/11/2025,DELTA_TRADES,CL478501,ITC,S,156,2479.51,386803.56
20-Nov-25,DELTA_TRADES,CL296468,RELIANCE,B,35,1231.99,43119.65
2025-11-20,BETA_INVEST,CL629357,TATAMOTORS,B,240,2713.61,651266.4
2025-11-22,DELTA_TRADES,CL609709,LT,B,258,704.75,181825.5
23-Nov-25,ALPHA_SEC,CL522507,KOTAKBANK,B,158,2072.58,
11-24-2025,OMEGA_BROKING,CL780710,ITC,S,149,2654.24,395481.76
24-Nov-25,ALPHA_SEC,CL207356,ICICIBANK,B,1,1472.12,1472.12
11-23-2025,DELTA_TRADES,CL175521,KOTAKBANK,B,152,1457.24,221500.48
29/11/2025,OMEGA_BROKING,CL990875,ICICIBANK,S,219,1969.03,431217.57
2025-11-24,OMEGA_BROKING,CL720561,LT,B,247,1010.51,249595.97
11-21-2025,BETA_INVEST,CL121407,AXISBANK,S,25,704.49,17612.25
11-25-2025,DELTA_TRADES,CL436617,KOTAKBANK,S,18,2690.35,49308.51
23-Nov-25,DELTA_TRADES,CL376224,SBIN,B,350,982.75,343962.5
2025-11-20,BETA_INVEST,CL596245,INFY,B,294,906.94,266640.36
21-Nov-25,ALPHA_SEC,CL676959,TATAMOTORS,B,207,368.83,
21-Nov-25,ALPHA_SEC,CL790987,LT,S,352,519.94,183018.88
2025-11-21,BETA_INVEST,CL286237,KOTAKBANK,S,15,1264.46,18966.9
2025-11-26,OMEGA_BROKING,CL850222,LT,B,270,2393.0,646110.0
22-Nov-25,DELTA_TRADES,CL380181,INFY,B,146,296.39,43272.94
24-Nov-25,ALPHA_SEC,CL908481,HDFC,B,172,2058.46,354055.12
2025-11-20,DELTA_TRADES,CL316027,SBIN,B,88,2609.69,229652.72
2025-11-22,ALPHA_SEC,CL129758,AXISBANK,S,168,2721.5,457212.0
2025-11-26,DELTA_TRADES,CL363527,SBIN,S,150,1946.0,291900.0
20-Nov-25,ALPHA_SEC,CL228176,AXISBANK,B,169,433.56,73271.64
11-26-2025,OMEGA_BROKING,CL150664,HDFC,S,77,2167.79,166919.83
21/11/2025,DELTA_TRADES,CL426726,TATAMOTORS,S,44,2708.69,119182.36
26/11/2025,BETA_INVEST,CL244799,LT,S,294,2689.53,
11-20-2025,BETA_INVEST,CL777440,RELIANCE,B,242,2756.72,667126.24
11-26-2025,DELTA_TRADES,CL254627,RELIANCE,B,81,799.06,64723.86
25-Nov-25,DELTA_TRADES,CL608580,AXISBANK,S,203,2579.93,523725.79
20/11/2025,DELTA_TRADES,CL308592,LT,B,20,2310.08,46201.6
22-Nov-25,BETA_INVEST,CL408945,KOTAKBANK,S,96,1402.81,134669.76
22/11/2025,ALPHA_SEC,CL236976,TATAMOTORS,B,240,960.87,230608.8
2025-11-23,ALPHA_SEC,CL464312,KOTAKBANK,S,84,2765.18,232275.12
24-Nov-25,DELTA_TRADES,CL672325,KOTAKBANK,B,82,338.27,27738.14
26/11/2025,OMEGA_BROKING,CL979124,TATAMOTORS,S,83,2771.65,230046.95
22-Nov-25,BETA_INVEST,CL829811,KOTAKBANK,B,150,396.95,59542.5
11-24-2025,ALPHA_SEC,CL156646,RELIANCE,S,251,694.01,174196.51
23-Nov-25,ALPHA_SEC,CL636013,HDFC,S,202,1707.25,344864.5
11-20-2025,BETA_INVEST,CL407731,LT,B,377,319.09,120296.93
26-Nov-25,BETA_INVEST,CL217787,SBIN,S,336,2212.7,743467.2
24/11/2025,ALPHA_SEC,CL842038,RELIANCE,B,89,2633.13,234348.57
2025-11-21,DELTA_TRADES,CL055112,ICICIBANK,B,251,730.88,183450.88
25-Nov-25,OMEGA_BROKING,CL580963,ITC,S,184,1074.79,236974.29
25/11/2025,ALPHA_SEC,CL078082,LT,S,237,1780.89,422070.93
11-25-2025,BETA_INVEST,CL101344,INFY,B,195,2289.81,446512.95
11-24-2025,DELTA_TRADES,CL856375,LT,S,200,2148.89,429778.0
2025-11-24,OMEGA_BROKING,CL973344,ICICIBANK,B,54,296.75,16024.5
22-Nov-25,BETA_INVEST,CL767374,ICICIBANK,B,339,1126.88,382012.32
2025-11-25,DELTA_TRADES,CL741757,LT,S,334,932.29,311384.86
23/11/2025,DELTA_TRADES,CL452193,SBIN,B,66,2437.85,160898.1
11-25-2025,ALPHA_SEC,CL450424,ITC,S,30,2219.1,66573.0
2025-11-25,ALPHA_SEC,CL996707,ITC,B,346,972.85,336606.1
11-25-2025,DELTA_TRADES,CL968217,ITC,B,243,2574.75,625664.25
2025-11-22,DELTA_TRADES,CL337721,TATAMOTORS,S,195,450.24,87796.8
11-25-2025,OMEGA_BROKING,CL694032,ICICIBANK,S,240,2288.82,549316.8
2025-11-24,ALPHA_SEC,CL102548,LT,S,111,2234.16,247991.76
11-25-2025,DELTA_TRADES,CL388376,AXISBANK,S,235,817.28,192060.8
11-23-2025,DELTA_TRADES,CL875858,TATAMOTORS,B,267,758.64,202556.88
2025-11-24,OMEGA_BROKING,CL834512,LT,B,26,908.24,23614.24
22/11/2025,ALPHA_SEC,CL930877,TATAMOTORS,B,384,674.61,259050.24
11-23-2025,BETA_INVEST,CL642447,AXISBANK,S,264,501.59,132419.76
11-22-2025,BETA_INVEST,CL339482,ITC,B,171,555.56,95000.76
23/11/2025,ALPHA_SEC,CL288722,INFY,B,287,1114.0,319718.0
11-26-2025,DELTA_TRADES,CL794292,KOTAKBANK,S,217,1880.88,408150.96
20-Nov-25,BETA_INVEST,CL514528,INFY,S,310,1263.51,391688.1
26/11/2025,ALPHA_SEC,CL658940,INFY,S,363,624.93,226849.59
2025-11-21,DELTA_TRADES,CL551192,ITC,B,112,122.35,13703.2
20/11/2025,ALPHA_SEC,CL967098,HDFC,S,161,398.73,64195.53
20/11/2025,DELTA_TRADES,CL214189,RELIANCE,B,177,1600.98,283373.46
26/11/2025,DELTA_TRADES,CL142861,AXISBANK,S,204,2000.4,408081.6
11-20-2025,DELTA_TRADES,CL439990,SBIN,S,282,1458.19,411209.58
2025-11-26,BETA_INVEST,CL621121,SBIN,B,154,441.24,67950.96
22/11/2025,ALPHA_SEC,CL137277,HDFC,S,98,960.16,94095.68
22-Nov-25,DELTA_TRADES,CL130603,ITC,B,105,1384.9,145414.5
2025-11-20,DELTA_TRADES,CL324556,SBIN,S,251,221.81,55674.31
26-Nov-25,BETA_INVEST,CL706025,HDFC,S,149,1934.9,288300.1
29-Nov-25,ALPHA_SEC,CL229404,INFY,B,118,2293.36,270616.48
23/11/2025,OMEGA_BROKING,CL600328,SBIN,B,386,1225.05,472869.3
26/11/2025,BETA_INVEST,CL490897,ITC,S,360,255.56,92001.6
2025-11-26,DELTA_TRADES,CL391804,TATAMOTORS,B,295,2748.36,810766.2
25/11/2025,OMEGA_BROKING,CL692858,ICICIBANK,B,227,568.23,128988.21
11-22-2025,BETA_INVEST,CL533381,HDFC,S,351,839.02,294496.02
2025-11-23,OMEGA_BROKING,CL855352,HDFC,S,183,1683.6,247321.69
11-22-2025,OMEGA_BROKING,CL994851,ITC,S,212,310.49,65823.88
25-Nov-25,OMEGA_BROKING,CL875409,INFY,B,298,1121.52,334212.96
23/11/2025,ALPHA_SEC,CL750094,SBIN,S,86,2652.33,228100.38
2025-11-29,DELTA_TRADES,CL588072,KOTAKBANK,B,307,1655.75,508315.25
29-Nov-25,OMEGA_BROKING,CL083138,ITC,S,13,1272.58,16543.54
11-23-2025,ALPHA_SEC,CL218651,ICICIBANK,B,215,1650.67,354894.05
21-Nov-25,BETA_INVEST,CL814806,TATAMOTORS,B,312,1659.11,517642.32
23/11/2025,DELTA_TRADES,CL207843,INFY,S,153,438.6,67105.8
11-20-2025,OMEGA_BROKING,CL032051,INFY,S,184,191.21,35182.64
23/11/2025,DELTA_TRADES,CL840277,TATAMOTORS,S,388,343.23,133173.24
2025-11-21,BETA_INVEST,CL579872,SBIN,B,352,338.4,119116.8
25-Nov-25,BETA_INVEST,CL210238,TATAMOTORS,B,255,284.66,72588.3
20-Nov-25,DELTA_TRADES,CL084650,LT,S,247,761.11,187994.17
11-22-2025,BETA_INVEST,CL899275,HDFC,S,364,2116.51,770409.64
22-Nov-25,DELTA_TRADES,CL810687,KOTAKBANK,S,88,1580.51,139084.88
2025-11-29,BETA_INVEST,CL339554,TATAMOTORS,B,253,1126.67,285047.51
25/11/2025,BETA_INVEST,CL977388,INFY,S,239,1633.37,390375.43
22-Nov-25,ALPHA_SEC,CL708855,LT,S,380,1140.52,433397.6
2025-11-21,OMEGA_BROKING,CL529204,RELIANCE,B,40,197.51,7900.4
29-Nov-25,DELTA_TRADES,CL201279,RELIANCE,S,15,2440.01,36600.15
11-24-2025,BETA_INVEST,CL463661,HDFC,B,102,2696.75,275068.5
2025-11-20,OMEGA_BROKING,CL362048,ICICIBANK,B,156,2339.65,364985.4
23/11/2025,ALPHA_SEC,CL952040,AXISBANK,S,87,1613.16,140344.92
11-25-2025,OMEGA_BROKING,CL689868,ITC,S,16,1488.87,23821.92
11-22-2025,DELTA_TRADES,CL128721,AXISBANK,B,308,999.81,307941.48
20/11/2025,ALPHA_SEC,CL100898,INFY,S,165,576.44,109717.6
24/11/2025,ALPHA_SEC,CL851101,SBIN,B,135,1430.41,193105.35
22-Nov-25,ALPHA_SEC,CL509150,ICICIBANK,B,101,2415.13,243928.13
29-Nov-25,OMEGA_BROKING,CL739533,RELIANCE,B,271,1502.96,407302.16
22-Nov-25,DELTA_TRADES,CL143605,INFY,S,369,1718.59,634159.71
2025-11-23,DELTA_TRADES,CL150139,ITC,S,212,2554.76,541609.12
11-23-2025,BETA_INVEST,CL359786,ITC,B,144,2627.25,378324.0
2025-11-20,BETA_INVEST,CL294951,SBIN,S,371,1920.55,712524.05
22-Nov-25,BETA_INVEST,CL528046,LT,B,130,2763.15,359209.5
11-26-2025,DELTA_TRADES,CL197318,HDFC,S,122,206.04,25136.88
23-Nov-25,OMEGA_BROKING,CL095168,SBIN,S,252,1472.0,370944.0
23/11/2025,OMEGA_BROKING,CL415597,LT,S,296,951.47,281635.12
22-Nov-25,BETA_INVEST,CL839245,ITC,S,47,2312.13,108670.11
2025-11-23,BETA_INVEST,CL306666,RELIANCE,B,310,798.83,247637.3
11-23-2025,DELTA_TRADES,CL749711,ICICIBANK,S,96,347.31,33341.76
23/11/2025,DELTA_TRADES,CL081250,SBIN,B,64,937.59,60005.76
11-20-2025,DELTA_TRADES,CL260045,INFY,S,165,207.33,34209.45
2025-11-26,OMEGA_BROKING,CL739738,SBIN,B,301,1527.59,459804.59
11-20-2025,OMEGA_BROKING,CL654824,RELIANCE,B,214,963.18,206120.52
22-Nov-25,DELTA_TRADES,CL246496,ICICIBANK,B,47,1915.19,90013.93
2025-11-24,ALPHA_SEC,CL202796,AXISBANK,B,120,173.58,20829.6
11-25-2025,OMEGA_BROKING,CL667765,AXISBANK,B,373,832.02,310343.46
24/11/2025,ALPHA_SEC,CL511806,TATAMOTORS,S,304,881.73,268045.92
11-20-2025,BETA_INVEST,CL883144,KOTAKBANK,B,340,1231.18,418601.2
2025-11-21,OMEGA_BROKING,CL279562,LT,S,265,978.25,181828.57
11-24-2025,DELTA_TRADES,CL788587,HDFC,B,374,296.55,110909.7
26-Nov-25,OMEGA_BROKING,CL488601,HDFC,S,204,808.88,165011.52
20/11/2025,BETA_INVEST,CL479537,RELIANCE,B,9,2585.6,23270.4
26/11/2025,BETA_INVEST,CL228563,ICICIBANK,S,259,1505.8,390002.2
2025-11-22,BETA_INVEST,CL653223,INFY,B,249,2038.26,507526.74
11-25-2025,OMEGA_BROKING,CL480295,LT,B,381,424.37,161684.97
24/11/2025,ALPHA_SEC,CL679696,LT,B,184,1341.26,246791.84
25-Nov-25,DELTA_TRADES,CL534092,KOTAKBANK,S,183,2501.74,252843.37
22/11/2025,DELTA_TRADES,CL139570,RELIANCE,B,160,396.95,63512.0
20-Nov-25,BETA_INVEST,CL917142,KOTAKBANK,B,222,923.98,205123.56
25/11/2025,OMEGA_BROKING,CL659216,AXISBANK,B,161,393.76,63395.36
2025-11-29,ALPHA_SEC,CL928902,KOTAKBANK,B,99,667.44,66076.56
20-Nov-25,ALPHA_SEC,CL747156,ICICIBANK,S,198,2581.2,511077.6
23/11/2025,DELTA_TRADES,CL056197,HDFC,S,339,2284.68,774506.52
2025-11-22,DELTA_TRADES,CL485224,ICICIBANK,B,202,2642.46,533776.92
11-21-2025,BETA_INVEST,CL040114,ICICIBANK,S,108,596.89,64464.12
11-25-2025,BETA_INVEST,CL187908,ICICIBANK,B,129,2680.43,345775.47
25-Nov-25,OMEGA_BROKING,CL861595,ICICIBANK,B,263,2686.5,706549.5
2025-11-29,DELTA_TRADES,CL162172,ICICIBANK,B,308,2610.69,804092.52
2025-11-25,DELTA_TRADES,CL205042,KOTAKBANK,B,173,505.72,87489.56
21-Nov-25,BETA_INVEST,CL319985,TATAMOTORS,S,260,2565.25,666965.0
11-26-2025,OMEGA_BROKING,CL370859,AXISBANK,S,328,2391.7,784477.6
11-23-2025,DELTA_TRADES,CL305666,ITC,S,189,2422.98,457943.22
2025-11-21,DELTA_TRADES,CL402565,KOTAKBANK,B,86,1006.16,59673.36
11-22-2025,ALPHA_SEC,CL502708,KOTAKBANK,B,175,2216.44,387877.0
2025-11-22,ALPHA_SEC,CL455106,SBIN,B,136,615.0,83640.0
11-20-2025,OMEGA_BROKING,CL622943,SBIN,B,319,1221.52,389664.88
2025-11-20,BETA_INVEST,CL591737,LT,B,217,264.5,57396.5
24/11/2025,OMEGA_BROKING,CL773995,ITC,S,394,1058.89,417202.66
23-Nov-25,ALPHA_SEC,CL324837,KOTAKBANK,B,208,1486.06,309100.48
11-21-2025,ALPHA_SEC,CL821713,KOTAKBANK,S,306,915.26,280069.56
21-Nov-25,BETA_INVEST,CL551270,RELIANCE,B,79,1926.87,152222.73
26/11/2025,DELTA_TRADES,CL657833,INFY,B,9,2653.18,23878.62
23/11/2025,ALPHA_SEC,CL865539,KOTAKBANK,S,23,2723.73,62645.79
26/11/2025,DELTA_TRADES,CL363877,ICICIBANK,S,170,2395.39,407216.3
11-24-2025,DELTA_TRADES,CL787678,RELIANCE,B,220,637.61,140274.2
11-22-2025,BETA_INVEST,CL674866,ICICIBANK,S,338,1464.11,494869.18
2025-11-24,BETA_INVEST,CL346385,SBIN,B,30,2390.24,65726.95
23/11/2025,OMEGA_BROKING,CL323158,KOTAKBANK,B,17,716.78,12185.26
11-23-2025,OMEGA_BROKING,CL980859,TATAMOTORS,B,319,918.93,293138.67
11-21-2025,DELTA_TRADES,CL990763,ICICIBANK,B,325,2472.69,803624.25
11-21-2025,ALPHA_SEC,CL073322,HDFC,S,210,1288.77,
11-20-2025,OMEGA_BROKING,CL092854,LT,S,115,349.63,40207.45
11-22-2025,DELTA_TRADES,CL915987,LT,S,55,2179.48,119871.4
22/11/2025,OMEGA_BROKING,CL147714,SBIN,S,367,863.87,317040.29
23-Nov-25,BETA_INVEST,CL050132,KOTAKBANK,B,15,2474.23,37113.45
23-Nov-25,DELTA_TRADES,CL904622,SBIN,B,345,2278.15,785961.75
2025-11-21,BETA_INVEST,CL502855,ITC,S,47,1360.89,63961.83
21-Nov-25,ALPHA_SEC,CL577591,HDFC,S,35,565.88,25741.3
11-26-2025,BETA_INVEST,CL677169,KOTAKBANK,B,86,2712.14,233244.04
26/11/2025,ALPHA_SEC,CL360630,SBIN,B,374,1345.27,503130.98
2025-11-26,BETA_INVEST,CL780424,TATAMOTORS,S,253,189.53,47951.09
24/11/2025,BETA_INVEST,CL448163,ICICIBANK,S,352,2285.91,804640.32
20/11/2025,BETA_INVEST,CL740758,INFY,B,91,1988.4,180944.4
25/11/2025,DELTA_TRADES,CL073252,KOTAKBANK,S,125,1777.04,222130.0
11-23-2025,OMEGA_BROKING,CL460149,SBIN,B,155,938.74,145504.7
11-23-2025,DELTA_TRADES,CL047766,LT,S,29,2542.95,73745.55
2025-11-24,DELTA_TRADES,CL757701,LT,S,307,1534.13,470977.91
25-Nov-25,ALPHA_SEC,CL818946,RELIANCE,S,353,2328.64,822009.92
11-26-2025,BETA_INVEST,CL926800,AXISBANK,B,165,987.62,162957.3
23/11/2025,OMEGA_BROKING,CL659487,KOTAKBANK,B,97,1366.84,132583.48
23-Nov-25,ALPHA_SEC,CL255936,ICICIBANK,S,199,825.69,164312.31
11-21-2025,BETA_INVEST,CL078653,LT,B,279,198.22,55303.38
26-Nov-25,DELTA_TRADES,CL424648,RELIANCE,B,315,455.88,143602.2
26/11/2025,DELTA_TRADES,CL274515,LT,B,311,2530.7,787047.7
11-24-2025,OMEGA_BROKING,CL906191,RELIANCE,B,311,1719.6,534795.6
11-23-2025,OMEGA_BROKING,CL322184,HDFC,B,330,1816.9,599577.0
2025-11-26,DELTA_TRADES,CL237528,HDFC,S,123,809.95,99623.85
22-Nov-25,ALPHA_SEC,CL362491,RELIANCE,B,203,464.88,94370.64
24/11/2025,OMEGA_BROKING,CL682704,RELIANCE,S,156,613.09,95642.04
11-21-2025,BETA_INVEST,CL951051,RELIANCE,B,11,659.92,7259.12
20-Nov-25,BETA_INVEST,CL723971,ITC,B,149,629.84,93846.16
11-22-2025,DELTA_TRADES,CL770158,KOTAKBANK,B,384,1763.05,677011.2
22-Nov-25,OMEGA_BROKING,CL514925,RELIANCE,S,386,1226.71,473510.06
11-22-2025,BETA_INVEST,CL901880,TATAMOTORS,S,170,126.68,21535.6
20/11/2025,DELTA_TRADES,CL998671,ITC,B,390,2184.24,851853.6
20/11/2025,ALPHA_SEC,CL514176,LT,B,387,1715.01,663708.87
24-Nov-25,ALPHA_SEC,CL746187,KOTAKBANK,S,74,1947.68,144128.32
21/11/2025,ALPHA_SEC,CL606063,AXISBANK,B,107,1464.52,156703.64
21/11/2025,OMEGA_BROKING,CL559227,HDFC,B,24,335.39,8049.36
21/11/2025,DELTA_TRADES,CL357712,INFY,B,275,1691.06,465041.5
21/11/2025,OMEGA_BROKING,CL904971,TATAMOTORS,S,125,2729.25,341156.25
2025-11-26,ALPHA_SEC,CL475117,ITC,B,95,210.13,19962.35
20-Nov-25,DELTA_TRADES,CL576918,RELIANCE,B,289,207.81,60057.09
22/11/2025,BETA_INVEST,CL081715,INFY,B,303,738.37,223726.11
2025-11-20,OMEGA_BROKING,CL013670,ICICIBANK,S,191,1962.33,374805.03
20/11/2025,DELTA_TRADES,CL424799,HDFC,S,192,2162.75,415248.0
11-22-2025,OMEGA_BROKING,CL734101,LT,S,240,2425.13,582031.2
21/11/2025,DELTA_TRADES,CL106203,ICICIBANK,B,138,2213.71,305491.98
29-Nov-25,ALPHA_SEC,CL328870,SBIN,S,116,698.02,80970.32
2025-11-20,BETA_INVEST,CL027212,RELIANCE,S,114,1521.24,173421.36
23/11/2025,ALPHA_SEC,CL748232,TATAMOTORS,S,101,2775.44,280319.44
2025-11-26,ALPHA_SEC,CL954301,SBIN,S,336,2069.78,816530.19
24-Nov-25,OMEGA_BROKING,CL590264,HDFC,S,29,536.36,15554.44
11-20-2025,ALPHA_SEC,CL510201,AXISBANK,B,264,1561.4,412209.6
23/11/2025,BETA_INVEST,CL325968,ITC,S,345,2088.57,720556.65
22-Nov-25,DELTA_TRADES,CL152119,AXISBANK,S,346,2032.94,
2025-11-26,ALPHA_SEC,CL521817,ICICIBANK,B,257,1017.77,261566.89
22-Nov-25,ALPHA_SEC,CL564689,AXISBANK,S,259,2601.24,673721.16
11-20-2025,DELTA_TRADES,CL760357,SBIN,B,290,1366.66,396331.4
22-Nov-25,OMEGA_BROKING,CL788336,AXISBANK,B,30,1252.15,37564.5
26-Nov-25,DELTA_TRADES,CL598595,AXISBANK,B,239,517.96,123792.44
26/11/2025,OMEGA_BROKING,CL763960,KOTAKBANK,B,302,2414.39,729145.78
2025-11-24,ALPHA_SEC,CL888843,LT,S,397,2214.12,879005.64
11-25-2025,BETA_INVEST,CL103898,TATAMOTORS,B,241,330.76,79713.16
25-Nov-25,BETA_INVEST,CL585701,RELIANCE,B,11,2347.53,25822.83
11-21-2025,OMEGA_BROKING,CL558310,AXISBANK,S,399,765.87,305582.13
2025-11-25,DELTA_TRADES,CL086487,RELIANCE,S,305,271.48,82801.4
25/11/2025,BETA_INVEST,CL038165,ICICIBANK,B,384,1583.95,608236.8
2025-11-29,ALPHA_SEC,CL890705,LT,S,229,2641.09,734598.5
2025-11-21,OMEGA_BROKING,CL067535,KOTAKBANK,S,254,2372.47,602607.38
25-Nov-25,DELTA_TRADES,CL095256,TATAMOTORS,B,137,2177.1,298262.7
23/11/2025,BETA_INVEST,CL012694,RELIANCE,B,144,2735.8,393955.2
11-26-2025,BETA_INVEST,CL170150,SBIN,B,354,1690.71,598511.34
11-21-2025,DELTA_TRADES,CL748357,RELIANCE,S,332,407.81,135392.92
25-Nov-25,ALPHA_SEC,CL380570,RELIANCE,B,287,2711.56,778217.72
22/11/2025,ALPHA_SEC,CL912889,LT,S,332,839.81,278816.92
29-Nov-25,ALPHA_SEC,CL618282,RELIANCE,S,58,751.89,43609.62
2025-11-26,BETA_INVEST,CL802101,HDFC,B,368,1959.17,720974.56
11-26-2025,OMEGA_BROKING,CL949062,KOTAKBANK,S,205,747.06,153147.3
2025-11-23,OMEGA_BROKING,CL546254,ICICIBANK,S,11,1410.89,15519.79
11-22-2025,DELTA_TRADES,CL890712,TATAMOTORS,B,232,471.9,109480.8
2025-11-23,ALPHA_SEC,CL314573,HDFC,B,192,611.45,117398.4
11-23-2025,DELTA_TRADES,CL169555,INFY,S,238,467.08,111165.04
11-21-2025,ALPHA_SEC,CL180331,ICICIBANK,B,289,222.19,64212.91
11-20-2025,DELTA_TRADES,CL563276,AXISBANK,S,174,361.13,62836.62
20-Nov-25,ALPHA_SEC,CL759295,RELIANCE,S,148,282.19,41764.12
22/11/2025,BETA_INVEST,CL472651,LT,B,248,2759.61,684383.28
11-25-2025,BETA_INVEST,CL402598,SBIN,S,341,1459.18,497580.38
26-Nov-25,BETA_INVEST,CL950322,AXISBANK,B,308,2149.73,662116.84
24/11/2025,BETA_INVEST,CL342490,HDFC,B,1,1304.46,
26-Nov-25,DELTA_TRADES,CL705586,KOTAKBANK,S,338,2548.06,861244.28
2025-11-20,BETA_INVEST,CL490527,ITC,S,34,2797.59,95118.06
25/11/2025,OMEGA_BROKING,CL361439,ITC,S,391,465.0,181815.0
2025-11-24,DELTA_TRADES,CL959192,LT,S,147,1002.4,147352.8
23-Nov-25,ALPHA_SEC,CL922144,LT,S,39,1923.21,75005.19
21-Nov-25,ALPHA_SEC,CL759118,ITC,B,341,1509.52,514746.32
2025-11-23,ALPHA_SEC,CL988395,LT,S,312,1943.2,606278.4
22/11/2025,ALPHA_SEC,CL009996,ICICIBANK,S,273,1151.55,314373.15
2025-11-25,OMEGA_BROKING,CL665354,SBIN,B,58,2055.16,119199.28
20/11/2025,DELTA_TRADES,CL005733,SBIN,B,56,1736.87,97264.72
11-26-2025,DELTA_TRADES,CL070101,RELIANCE,S,119,1251.3,148904.7
2025-11-20,DELTA_TRADES,CL791946,SBIN,B,308,746.37,229881.96
11-20-2025,OMEGA_BROKING,CL953438,ICICIBANK,B,52,493.29,25651.08
22/11/2025,ALPHA_SEC,CL458914,ITC,B,251,2091.72,525021.72
2025-11-23,BETA_INVEST,CL801331,INFY,B,331,2776.48,919014.88
2025-11-22,ALPHA_SEC,CL496810,KOTAKBANK,S,191,2573.36,491511.76
2025-11-22,OMEGA_BROKING,CL364743,KOTAKBANK,B,129,493.31,63636.99
25-Nov-25,ALPHA_SEC,CL229469,LT,S,376,839.5,315652.0
29-Nov-25,BETA_INVEST,CL837773,ITC,B,209,2004.2,418877.8
20/11/2025,ALPHA_SEC,CL850161,TATAMOTORS,S,285,2190.3,624235.5
23/11/2025,ALPHA_SEC,CL584161,KOTAKBANK,S,218,162.24,35368.32
20/11/2025,BETA_INVEST,CL367835,HDFC,B,221,749.55,165650.55
11-24-2025,BETA_INVEST,CL686104,KOTAKBANK,B,78,1542.74,120333.72
11-22-2025,ALPHA_SEC,CL584400,RELIANCE,B,115,2151.84,247461.6
23-Nov-25,BETA_INVEST,CL588140,ICICIBANK,B,28,1343.56,37619.68
2025-11-20,DELTA_TRADES,CL547527,RELIANCE,S,251,957.79,240405.29
2025-11-23,ALPHA_SEC,CL355382,INFY,S,17,532.58,9053.86
11-22-2025,OMEGA_BROKING,CL168851,HDFC,B,338,1703.9,575918.2
2025-11-22,ALPHA_SEC,CL848185,RELIANCE,S,132,369.97,48836.04
11-29-2025,ALPHA_SEC,CL778945,TATAMOTORS,S,369,1094.61,403911.09
21/11/2025,DELTA_TRADES,CL807595,INFY,B,107,1779.31,190386.17
26-Nov-25,ALPHA_SEC,CL036083,ITC,B,41,2568.49,105308.09
24-Nov-25,OMEGA_BROKING,CL339082,ICICIBANK,B,341,1713.99,584470.59
11-26-2025,OMEGA_BROKING,CL061909,KOTAKBANK,B,140,1794.52,251232.8
11-22-2025,OMEGA_BROKING,CL689303,AXISBANK,S,223,445.92,99440.16
21/11/2025,BETA_INVEST,CL972438,AXISBANK,S,53,1689.09,89521.77
11-24-2025,OMEGA_BROKING,CL034731,LT,S,222,2399.94,532786.68
11-26-2025,BETA_INVEST,CL748281,INFY,B,195,619.98,120896.1
2025-11-20,OMEGA_BROKING,CL980304,ITC,B,267,1338.57,357398.19
2025-11-23,DELTA_TRADES,CL718814,RELIANCE,B,240,1260.47,302512.8
20-Nov-25,DELTA_TRADES,CL898993,TATAMOTORS,S,209,2275.37,475552.33
2025-11-25,ALPHA_SEC,CL326972,ITC,S,181,404.42,73200.02
2025-11-22,OMEGA_BROKING,CL720990,TATAMOTORS,S,396,648.59,256841.64
11-25-2025,BETA_INVEST,CL143495,LT,B,28,914.55,25607.4
23/11/2025,OMEGA_BROKING,CL378077,ITC,B,337,843.8,284360.6
2025-11-23,BETA_INVEST,CL614864,RELIANCE,S,244,2026.9,494563.6
25-Nov-25,BETA_INVEST,CL410455,RELIANCE,B,317,781.91,247865.47
22-Nov-25,OMEGA_BROKING,CL976282,RELIANCE,S,36,2667.72,96037.92
11-20-2025,OMEGA_BROKING,CL347977,SBIN,B,80,1966.19,157295.2
11-21-2025,ALPHA_SEC,CL823498,AXISBANK,B,141,2402.56,338760.96
21-Nov-25,OMEGA_BROKING,CL534921,INFY,B,301,1503.94,452685.94
25/11/2025,BETA_INVEST,CL621876,AXISBANK,S,45,1683.12,75740.4
25-Nov-25,BETA_INVEST,CL252659,HDFC,S,197,436.32,85955.04
2025-11-25,OMEGA_BROKING,CL011747,RELIANCE,B,264,2537.57,669918.48
22-Nov-25,DELTA_TRADES,CL059431,ICICIBANK,S,189,111.58,21088.62
22/11/2025,BETA_INVEST,CL119781,AXISBANK,B,190,203.39,38644.1
2025-11-24,ALPHA_SEC,CL111697,SBIN,B,49,2713.77,132974.73
23/11/2025,DELTA_TRADES,CL170763,RELIANCE,B,272,2655.86,722393.92
2025-11-22,ALPHA_SEC,CL427251,AXISBANK,S,121,2403.27,290795.67
26/11/2025,DELTA_TRADES,CL708884,KOTAKBANK,S,35,1805.15,63180.25
11-23-2025,DELTA_TRADES,CL785247,SBIN,B,217,1618.4,351192.8
29/11/2025,BETA_INVEST,CL771070,LT,S,399,2584.82,1031343.18
2025-11-22,BETA_INVEST,CL892257,INFY,S,163,1017.22,165806.86
29/11/2025,OMEGA_BROKING,CL700165,KOTAKBANK,B,391,971.62,379903.42
22/11/2025,OMEGA_BROKING,CL133970,INFY,S,65,336.82,21893.3
21-Nov-25,BETA_INVEST,CL801964,KOTAKBANK,B,386,2183.96,843008.56
21/11/2025,DELTA_TRADES,CL584467,AXISBANK,S,360,2668.1,960516.0
2025-11-23,ALPHA_SEC,CL980387,LT,B,93,1037.03,96443.79
2025-11-22,OMEGA_BROKING,CL091283,LT,B,207,687.62,142337.34
24/11/2025,OMEGA_BROKING,CL663555,AXISBANK,S,214,115.66,24751.24
21/11/2025,ALPHA_SEC,CL968639,HDFC,S,91,2637.86,240045.26
23-Nov-25,ALPHA_SEC,CL164593,ITC,S,57,195.86,11164.02
21/11/2025,BETA_INVEST,CL779197,INFY,S,322,232.22,74774.84
20/11/2025,ALPHA_SEC,CL747858,SBIN,S,344,1690.64,
11-22-2025,ALPHA_SEC,CL431973,SBIN,S,61,1612.37,98354.57
2025-11-23,OMEGA_BROKING,CL869930,RELIANCE,S,194,2468.71,478929.74
11-29-2025,ALPHA_SEC,CL685836,ITC,B,68,2075.63,141142.84
2025-11-26,BETA_INVEST,CL410612,KOTAKBANK,S,336,1534.56,515612.16
2025-11-23,OMEGA_BROKING,CL120921,RELIANCE,B,138,983.29,135694.02
23/11/2025,BETA_INVEST,CL980240,LT,B,377,2032.79,766361.83
2025-11-21,OMEGA_BROKING,CL296121,ITC,B,113,1853.44,209438.72
26-Nov-25,OMEGA_BROKING,CL876719,ITC,B,206,2199.83,453164.98
11-23-2025,OMEGA_BROKING,CL666593,LT,B,96,1961.99,188351.04
2025-11-24,ALPHA_SEC,CL455603,ITC,S,103,1933.79,199180.37
2025-11-20,DELTA_TRADES,CL930634,SBIN,S,88,1828.92,160944.96
26-Nov-25,BETA_INVEST,CL027974,ICICIBANK,S,391,1124.34,439616.94
25/11/2025,OMEGA_BROKING,CL577535,ICICIBANK,B,158,1612.09,254710.22
2025-11-26,BETA_INVEST,CL557259,AXISBANK,S,191,1609.64,307441.24
2025-11-29,OMEGA_BROKING,CL745683,RELIANCE,S,73,2298.55,167794.15
2025-11-24,ALPHA_SEC,CL523639,INFY,B,86,787.93,67761.98
2025-11-26,ALPHA_SEC,CL895701,ICICIBANK,B,396,1494.62,591869.52
23/11/2025,DELTA_TRADES,CL532809,HDFC,S,275,1211.78,333239.5
25-Nov-25,ALPHA_SEC,CL728654,TATAMOTORS,S,61,147.4,8991.4
21-Nov-25,BETA_INVEST,CL143166,HDFC,B,129,2143.25,276479.25
11-24-2025,ALPHA_SEC,CL752250,AXISBANK,B,8,2327.72,18621.76
2025-11-21,OMEGA_BROKING,CL113685,RELIANCE,B,190,2571.51,488586.9
2025-11-25,ALPHA_SEC,CL809407,ITC,S,383,874.49,334929.67
26-Nov-25,BETA_INVEST,CL411531,KOTAKBANK,B,7,1485.59,10399.13
22/11/2025,ALPHA_SEC,CL651029,KOTAKBANK,B,275,2190.33,602340.75
20/11/2025,DELTA_TRADES,CL406673,ICICIBANK,S,55,1779.53,97874.15
2025-11-26,BETA_INVEST,CL775556,LT,B,166,2413.87,400702.42
11-24-2025,OMEGA_BROKING,CL497607,HDFC,S,136,228.65,31096.4
2025-11-22,DELTA_TRADES,CL387487,INFY,B,194,1422.73,276009.62
26/11/2025,ALPHA_SEC,CL030609,INFY,S,71,1946.47,138199.37
2025-11-26,BETA_INVEST,CL832863,INFY,S,310,445.2,138012.0
25/11/2025,OMEGA_BROKING,CL585467,KOTAKBANK,B,152,2153.28,327298.56
23-Nov-25,ALPHA_SEC,CL456454,SBIN,B,333,1785.48,594564.84
11-22-2025,BETA_INVEST,CL324016,ITC,S,160,2431.93,389108.8
20/11/2025,ALPHA_SEC,CL174090,HDFC,S,330,887.81,292977.3
24/11/2025,BETA_INVEST,CL598948,ICICIBANK,B,36,1142.85,41142.6
2025-11-21,DELTA_TRADES,CL748562,KOTAKBANK,B,394,710.6,279976.4
20-Nov-25,OMEGA_BROKING,CL470805,RELIANCE,S,278,2248.64,625121.92
11-25-2025,ALPHA_SEC,CL290975,KOTAKBANK,S,260,2019.97,656568.64
29/11/2025,DELTA_TRADES,CL190423,KOTAKBANK,S,322,473.65,152515.3
2025-11-24,DELTA_TRADES,CL116718,SBIN,B,183,2255.89,412827.87
2025-11-22,BETA_INVEST,CL259877,ITC,S,140,1772.97,248215.8
11-29-2025,BETA_INVEST,CL489159,ICICIBANK,S,285,1912.5,545062.5
22/11/2025,OMEGA_BROKING,CL623889,ICICIBANK,S,235,2474.16,581427.6
11-23-2025,BETA_INVEST,CL030612,ICICIBANK,B,352,1426.6,502163.2
22-Nov-25,BETA_INVEST,CL249235,TATAMOTORS,S,19,2399.21,45584.99
11-21-2025,BETA_INVEST,CL879683,LT,S,287,2376.87,682161.69
22-Nov-25,OMEGA_BROKING,CL392984,AXISBANK,S,281,458.15,128740.15
11-22-2025,ALPHA_SEC,CL703112,SBIN,B,32,102.18,3269.76
26-Nov-25,OMEGA_BROKING,CL415919,SBIN,B,84,461.54,38769.36
23-Nov-25,BETA_INVEST,CL052159,SBIN,B,132,1791.86,236525.52
2025-11-22,DELTA_TRADES,CL734783,HDFC,B,76,1421.39,108025.64
20/11/2025,BETA_INVEST,CL193156,SBIN,S,364,539.42,196348.88
21-Nov-25,DELTA_TRADES,CL019301,KOTAKBANK,S,270,2037.39,550095.3
21-Nov-25,OMEGA_BROKING,CL593364,TATAMOTORS,S,76,398.59,30292.84
25-Nov-25,ALPHA_SEC,CL280318,LT,B,104,525.73,54675.92
11-22-2025,OMEGA_BROKING,CL817518,HDFC,S,294,2192.45,644580.3
11-26-2025,BETA_INVEST,CL418294,TATAMOTORS,S,243,2297.82,558370.26
2025-11-23,DELTA_TRADES,CL886402,KOTAKBANK,S,129,193.1,24909.9
25/11/2025,ALPHA_SEC,CL629322,ITC,B,124,1311.29,162599.96
2025-11-25,OMEGA_BROKING,CL438163,RELIANCE,B,253,1524.95,385812.35
22-Nov-25,ALPHA_SEC,CL537881,RELIANCE,S,239,2601.18,621682.02
25-Nov-25,DELTA_TRADES,CL512676,RELIANCE,B,337,2431.99,819580.63
2025-11-20,OMEGA_BROKING,CL375277,INFY,B,267,1853.96,495007.32
2025-11-23,BETA_INVEST,CL424723,SBIN,S,250,2478.71,619677.5
21/11/2025,OMEGA_BROKING,CL786754,RELIANCE,B,300,288.38,86514.0
2025-11-24,OMEGA_BROKING,CL341873,ICICIBANK,B,223,823.54,183649.42
11-29-2025,DELTA_TRADES,CL428229,SBIN,S,181,530.98,96107.38
11-22-2025,OMEGA_BROKING,CL578710,AXISBANK,B,86,2144.61,
24/11/2025,ALPHA_SEC,CL901447,HDFC,S,150,938.44,140766.0
2025-11-25,DELTA_TRADES,CL129121,INFY,S,270,2030.86,548332.2
11-20-2025,OMEGA_BROKING,CL725587,AXISBANK,B,368,1804.87,664192.16
2025-11-20,BETA_INVEST,CL895160,HDFC,S,308,2076.81,639657.48
11-20-2025,OMEGA_BROKING,CL068218,HDFC,S,25,2351.72,58793.0
20/11/2025,OMEGA_BROKING,CL750061,RELIANCE,S,369,2128.03,
2025-11-24,OMEGA_BROKING,CL735713,SBIN,S,184,2160.58,397546.72
22/11/2025,ALPHA_SEC,CL548301,HDFC,B,60,2697.94,161876.4
11-21-2025,DELTA_TRADES,CL581836,KOTAKBANK,B,395,863.73,341173.35
20-Nov-25,ALPHA_SEC,CL296989,HDFC,S,1,1122.93,1122.93
11-25-2025,DELTA_TRADES,CL170765,AXISBANK,S,392,1759.83,
24-Nov-25,DELTA_TRADES,CL567723,ITC,B,243,2141.86,520471.98
26-Nov-25,OMEGA_BROKING,CL628419,KOTAKBANK,S,210,2195.84,461126.4
20-Nov-25,BETA_INVEST,CL697550,RELIANCE,S,181,1782.08,322556.48
11-20-2025,BETA_INVEST,CL918423,KOTAKBANK,S,305,1701.51,518960.55
2025-11-21,ALPHA_SEC,CL987234,TATAMOTORS,S,369,1530.15,564625.35
25-Nov-25,DELTA_TRADES,CL923601,KOTAKBANK,S,6,1729.98,10379.88
25/11/2025,OMEGA_BROKING,CL283015,AXISBANK,B,278,238.36,66264.08
2025-11-21,DELTA_TRADES,CL970436,ITC,B,344,1678.43,577379.92
26-Nov-25,ALPHA_SEC,CL211965,KOTAKBANK,S,173,1447.59,250433.07
2025-11-25,DELTA_TRADES,CL930994,LT,B,129,2423.91,312684.39
2025-11-29,OMEGA_BROKING,CL747454,TATAMOTORS,S,218,2235.72,487386.96
2025-11-23,BETA_INVEST,CL093545,ICICIBANK,S,153,1107.74,169484.22
11-20-2025,ALPHA_SEC,CL720524,AXISBANK,B,371,2679.55,
26/11/2025,OMEGA_BROKING,CL227046,ITC,B,292,1861.2,543470.4
24/11/2025,BETA_INVEST,CL950816,SBIN,B,290,2527.56,732992.4
11-25-2025,DELTA_TRADES,CL658280,LT,S,22,2307.25,50759.5
11-22-2025,BETA_INVEST,CL912305,ITC,B,245,1065.16,260964.2
23/11/2025,ALPHA_SEC,CL237242,AXISBANK,S,293,418.19,122529.67
22/11/2025,DELTA_TRADES,CL723344,TATAMOTORS,B,225,1998.96,449766.0
2025-11-29,OMEGA_BROKING,CL466202,SBIN,S,318,352.95,112238.1
2025-11-22,ALPHA_SEC,CL036613,SBIN,S,8,2584.08,20672.64
2025-11-23,ALPHA_SEC,CL685817,SBIN,S,394,1853.29,730196.26
25/11/2025,OMEGA_BROKING,CL620836,LT,S,204,2350.87,479577.48
23-Nov-25,DELTA_TRADES,CL273388,SBIN,B,342,2277.48,778898.16
2025-11-20,BETA_INVEST,CL176990,TATAMOTORS,S,205,2373.62,
22-Nov-25,DELTA_TRADES,CL458287,AXISBANK,S,61,484.1,29530.1
2025-11-25,DELTA_TRADES,CL687773,TATAMOTORS,S,320,249.5,79840.0
23-Nov-25,DELTA_TRADES,CL831076,INFY,S,381,390.26,148689.06
23-Nov-25,BETA_INVEST,CL494155,LT,B,267,1622.21,433130.07
24/11/2025,DELTA_TRADES,CL483524,INFY,S,231,485.8,112219.8
11-23-2025,OMEGA_BROKING,CL178168,TATAMOTORS,B,117,291.27,34078.59
2025-11-20,ALPHA_SEC,CL822637,AXISBANK,S,4,2620.14,10480.56
26/11/2025,ALPHA_SEC,CL554613,LT,S,346,2453.49,848907.54
23-Nov-25,OMEGA_BROKING,CL991598,KOTAKBANK,B,68,389.2,26465.6
23-Nov-25,OMEGA_BROKING,CL023495,HDFC,B,221,2213.96,489285.16
2025-11-23,OMEGA_BROKING,CL780484,KOTAKBANK,S,182,1132.51,206116.82
20-Nov-25,DELTA_TRADES,CL636188,ICICIBANK,B,239,140.83,33658.37
20/11/2025,BETA_INVEST,CL743194,KOTAKBANK,S,62,1409.47,87387.14
11-20-2025,ALPHA_SEC,CL951580,SBIN,S,84,245.86,20652.24
22/11/2025,OMEGA_BROKING,CL300238,AXISBANK,S,353,1893.38,668363.14
25/11/2025,ALPHA_SEC,CL318988,KOTAKBANK,S,36,2705.73,97406.28
25-Nov-25,OMEGA_BROKING,CL488583,TATAMOTORS,S,16,1265.94,20255.04
20-Nov-25,ALPHA_SEC,CL945730,KOTAKBANK,S,29,972.41,28199.89
11-22-2025,OMEGA_BROKING,CL435258,HDFC,B,224,1739.06,389549.44
2025-11-21,ALPHA_SEC,CL893662,RELIANCE,S,300,1190.66,357198.0
26/11/2025,OMEGA_BROKING,CL173200,RELIANCE,S,76,1394.25,105963.0
26-Nov-25,DELTA_TRADES,CL016844,RELIANCE,B,45,2248.79,101195.55
24/11/2025,DELTA_TRADES,CL716140,ICICIBANK,B,39,790.01,30810.39
22/11/2025,BETA_INVEST,CL636471,TATAMOTORS,S,78,1780.05,
26/11/2025,DELTA_TRADES,CL513006,TATAMOTORS,B,5,1144.73,5723.65
2025-11-20,DELTA_TRADES,CL608493,HDFC,S,240,2402.25,
11-23-2025,OMEGA_BROKING,CL254835,LT,B,77,2686.26,206842.02
2025-11-26,BETA_INVEST,CL852809,LT,B,75,2380.71,178553.25
11-25-2025,ALPHA_SEC,CL737719,KOTAKBANK,S,225,1688.13,379829.25
24-Nov-25,ALPHA_SEC,CL490152,INFY,B,303,1104.6,334693.8
25/11/2025,BETA_INVEST,CL079122,AXISBANK,S,68,2056.24,139824.32
20/11/2025,DELTA_TRADES,CL356601,INFY,B,258,1430.77,369138.66
11-25-2025,ALPHA_SEC,CL341356,ICICIBANK,S,265,798.28,211544.2
23/11/2025,OMEGA_BROKING,CL154320,ITC,B,107,2779.08,297361.56
11-20-2025,DELTA_TRADES,CL024853,HDFC,S,289,167.06,48280.34
11-25-2025,DELTA_TRADES,CL022251,RELIANCE,S,363,479.26,173971.38
22/11/2025,OMEGA_BROKING,CL558522,RELIANCE,B,98,979.76,96016.48
11-22-2025,DELTA_TRADES,CL495066,SBIN,B,137,1589.55,217768.35
2025-11-22,BETA_INVEST,CL999314,HDFC,S,244,1141.14,278438.16
23-Nov-25,ALPHA_SEC,CL912460,LT,B,313,525.28,164412.64
20/11/2025,ALPHA_SEC,CL575524,SBIN,B,1,1590.64,1590.64
24/11/2025,ALPHA_SEC,CL646841,KOTAKBANK,S,116,2559.04,296848.64
21-Nov-25,ALPHA_SEC,CL196147,TATAMOTORS,S,299,1609.23,481159.77
11-20-2025,OMEGA_BROKING,CL405092,HDFC,B,116,563.44,65359.04
25/11/2025,ALPHA_SEC,CL109592,HDFC,B,129,2022.14,260856.06
2025-11-22,DELTA_TRADES,CL056254,SBIN,S,185,673.49,124595.65
11-25-2025,ALPHA_SEC,CL356083,ITC,B,172,885.89,152373.08
11-29-2025,DELTA_TRADES,CL114488,ITC,B,326,2131.68,694927.68
21/11/2025,ALPHA_SEC,CL437841,TATAMOTORS,S,75,272.53,20439.75
2025-11-23,BETA_INVEST,CL598224,LT,S,319,2579.86,822975.34
11-29-2025,OMEGA_BROKING,CL323593,RELIANCE,S,76,811.08,61642.08
11-22-2025,BETA_INVEST,CL610685,AXISBANK,B,97,2405.89,233371.33
2025-11-25,DELTA_TRADES,CL729051,HDFC,B,319,2236.52,713449.88
22/11/2025,OMEGA_BROKING,CL921214,HDFC,S,321,253.04,81225.84
2025-11-22,ALPHA_SEC,CL514607,RELIANCE,S,136,2756.22,374845.92
24/11/2025,OMEGA_BROKING,CL365601,INFY,B,109,1103.04,120231.36
25/11/2025,ALPHA_SEC,CL638371,AXISBANK,S,268,2136.01,572450.68
11-24-2025,BETA_INVEST,CL882699,AXISBANK,B,308,1909.5,588126.0
11-20-2025,ALPHA_SEC,CL811004,KOTAKBANK,B,120,2089.51,250741.2
11-29-2025,OMEGA_BROKING,CL551758,ICICIBANK,S,350,579.9,202965.0
24/11/2025,ALPHA_SEC,CL372314,HDFC,S,254,1142.16,290108.64
11-24-2025,DELTA_TRADES,CL892627,SBIN,S,64,1013.3,64851.2
26-Nov-25,DELTA_TRADES,CL448017,AXISBANK,B,79,2757.95,217878.05
11-23-2025,DELTA_TRADES,CL181791,RELIANCE,B,81,2233.32,101214.71
2025-11-21,BETA_INVEST,CL640279,INFY,B,39,2275.9,88760.1
2025-11-29,DELTA_TRADES,CL913945,HDFC,B,257,1193.0,306601.0
23/11/2025,DELTA_TRADES,CL230096,RELIANCE,B,232,1559.05,361699.6
21-Nov-25,ALPHA_SEC,CL582774,TATAMOTORS,S,41,1189.13,48754.33
24/11/2025,ALPHA_SEC,CL612497,KOTAKBANK,B,35,2190.71,76674.85
11-26-2025,DELTA_TRADES,CL671978,RELIANCE,B,244,433.74,105832.56
11-21-2025,BETA_INVEST,CL309364,INFY,S,354,1546.01,547287.54
23-Nov-25,BETA_INVEST,CL061147,LT,S,58,1639.22,95074.76
24-Nov-25,ALPHA_SEC,CL273835,RELIANCE,B,202,709.15,143248.3
25/11/2025,ALPHA_SEC,CL116875,INFY,B,188,590.16,110950.08
2025-11-26,DELTA_TRADES,CL651579,TATAMOTORS,S,334,1477.36,493438.24
11-20-2025,OMEGA_BROKING,CL537257,INFY,S,31,1521.23,47158.13
23-Nov-25,BETA_INVEST,CL210180,TATAMOTORS,B,190,2054.03,390265.7
25-Nov-25,DELTA_TRADES,CL754578,INFY,B,168,1140.98,191684.64
20-Nov-25,DELTA_TRADES,CL450930,ITC,S,26,2775.27,72157.02
24/11/2025,ALPHA_SEC,CL345326,INFY,S,262,901.78,236266.36
11-22-2025,DELTA_TRADES,CL483386,RELIANCE,S,151,2075.16,313349.16
11-20-2025,ALPHA_SEC,CL386600,ITC,B,269,629.81,169418.89
22/11/2025,OMEGA_BROKING,CL666627,TATAMOTORS,S,374,289.74,108362.76
2025-11-21,DELTA_TRADES,CL224758,KOTAKBANK,S,192,1907.9,366316.8
20/11/2025,OMEGA_BROKING,CL564908,RELIANCE,S,261,687.63,179471.43
2025-11-20,ALPHA_SEC,CL474360,LT,S,49,2223.08,108930.92
26-Nov-25,ALPHA_SEC,CL507954,TATAMOTORS,S,331,1826.93,604713.83
11-21-2025,ALPHA_SEC,CL655721,KOTAKBANK,B,177,1490.2,263765.4
2025-11-21,BETA_INVEST,CL547876,RELIANCE,B,364,1585.58,577151.12
2025-11-24,OMEGA_BROKING,CL998847,ICICIBANK,S,377,914.51,344770.27
2025-11-26,OMEGA_BROKING,CL371039,KOTAKBANK,B,151,2450.35,370002.85
26-Nov-25,OMEGA_BROKING,CL705931,KOTAKBANK,S,91,1913.27,174107.57
22-Nov-25,DELTA_TRADES,CL671071,INFY,B,392,1860.42,729284.64
23/11/2025,DELTA_TRADES,CL442306,HDFC,S,219,619.75,135725.25
11-22-2025,BETA_INVEST,CL649690,INFY,B,364,1101.59,400978.76
26/11/2025,DELTA_TRADES,CL332815,ITC,B,115,1707.78,196394.7
11-22-2025,ALPHA_SEC,CL611122,KOTAKBANK,S,13,1348.4,17529.2
11-24-2025,BETA_INVEST,CL172555,AXISBANK,S,205,577.43,118373.15
11-25-2025,OMEGA_BROKING,CL957982,AXISBANK,S,35,1519.03,53166.05
24/11/2025,OMEGA_BROKING,CL847356,ITC,B,131,2145.51,281061.81
26-Nov-25,BETA_INVEST,CL043524,TATAMOTORS,B,336,594.75,199836.0
11-29-2025,BETA_INVEST,CL165360,ITC,B,356,1800.7,641049.2
11-26-2025,OMEGA_BROKING,CL350090,HDFC,S,250,841.26,210315.0
23-Nov-25,BETA_INVEST,CL416456,KOTAKBANK,B,21,558.19,11721.99
23-Nov-25,ALPHA_SEC,CL884358,AXISBANK,B,199,1556.64,309771.36
22/11/2025,ALPHA_SEC,CL927999,SBIN,S,103,1787.05,184066.15
23/11/2025,ALPHA_SEC,CL452065,RELIANCE,S,319,610.34,194698.46
23/11/2025,ALPHA_SEC,CL882193,LT,B,365,1305.94,476668.1
24/11/2025,ALPHA_SEC,CL927917,AXISBANK,S,211,2128.33,449077.63
22-Nov-25,DELTA_TRADES,CL268330,TATAMOTORS,S,312,1843.43,575150.16
20/11/2025,BETA_INVEST,CL297019,LT,S,10,1375.07,13750.7
2025-11-22,BETA_INVEST,CL960415,SBIN,B,50,1945.5,97275.0
26/11/2025,ALPHA_SEC,CL226669,SBIN,B,94,609.1,57255.4
24-Nov-25,ALPHA_SEC,CL363491,AXISBANK,S,262,1308.18,342743.16
11-23-2025,BETA_INVEST,CL968839,AXISBANK,S,12,2072.48,24869.76
2025-11-22,ALPHA_SEC,CL787328,TATAMOTORS,S,215,2556.43,549632.45
20-Nov-25,DELTA_TRADES,CL336438,ICICIBANK,S,357,1929.85,688956.45
11-23-2025,BETA_INVEST,CL157216,KOTAKBANK,S,400,1490.45,416886.13
2025-11-26,DELTA_TRADES,CL795637,SBIN,B,97,2599.0,252103.0
24/11/2025,DELTA_TRADES,CL217137,RELIANCE,B,340,2683.29,912318.6
25-Nov-25,OMEGA_BROKING,CL617844,LT,B,350,528.16,184856.0
2025-11-24,DELTA_TRADES,CL525205,TATAMOTORS,B,332,519.82,172580.24
23/11/2025,DELTA_TRADES,CL548623,AXISBANK,B,161,2543.49,409501.89
20/11/2025,ALPHA_SEC,CL080154,ICICIBANK,B,72,1575.84,113460.48
2025-11-25,BETA_INVEST,CL363375,LT,S,251,1124.17,282166.67
2025-11-20,BETA_INVEST,CL305985,INFY,S,246,277.52,68269.92
2025-11-25,ALPHA_SEC,CL062553,LT,B,399,1316.98,525475.02
25-Nov-25,OMEGA_BROKING,CL979416,RELIANCE,S,210,870.69,182844.9
2025-11-26,OMEGA_BROKING,CL404672,HDFC,S,343,2187.11,750178.73
11-22-2025,ALPHA_SEC,CL522822,AXISBANK,S,109,2313.41,252161.69
2025-11-26,DELTA_TRADES,CL553219,LT,B,308,386.27,115617.01
25/11/2025,BETA_INVEST,CL977799,RELIANCE,B,394,1913.77,754025.38
22/11/2025,BETA_INVEST,CL429259,HDFC,S,122,1458.58,177946.76
21-Nov-25,ALPHA_SEC,CL267368,ITC,B,259,961.75,249093.25
2025-11-21,OMEGA_BROKING,CL664810,ICICIBANK,B,147,440.66,64777.02
22/11/2025,BETA_INVEST,CL945634,RELIANCE,S,362,991.98,359096.76
2025-11-21,ALPHA_SEC,CL703320,SBIN,B,258,2331.33,601483.14
11-24-2025,ALPHA_SEC,CL018010,INFY,S,383,1496.51,573163.33
11-26-2025,OMEGA_BROKING,CL893584,ICICIBANK,B,396,410.73,162649.08
26/11/2025,ALPHA_SEC,CL766065,TATAMOTORS,S,36,1218.39,43862.04
11-22-2025,DELTA_TRADES,CL614687,ICICIBANK,B,366,1999.99,731996.34
23-Nov-25,ALPHA_SEC,CL167077,LT,B,229,1912.77,438024.33
11-26-2025,DELTA_TRADES,CL082678,INFY,B,339,2119.41,718479.99
22-Nov-25,DELTA_TRADES,CL025125,ICICIBANK,S,152,721.5,109668.0
11-22-2025,ALPHA_SEC,CL052259,SBIN,B,93,1631.72,151749.96
2025-11-26,BETA_INVEST,CL406919,ITC,S,197,1808.38,356250.86
22/11/2025,OMEGA_BROKING,CL076257,RELIANCE,B,333,2259.66,752466.78
24/11/2025,BETA_INVEST,CL238931,ITC,B,116,2354.18,273084.88
25-Nov-25,DELTA_TRADES,CL760589,ITC,B,226,1222.08,276190.08
11-23-2025,OMEGA_BROKING,CL308818,LT,B,236,2459.35,580406.6
11-26-2025,OMEGA_BROKING,CL864125,ICICIBANK,B,78,734.71,57307.38
2025-11-22,ALPHA_SEC,CL032052,INFY,S,222,1212.34,269139.48
11-24-2025,DELTA_TRADES,CL773128,HDFC,S,167,1280.48,213840.16
11-25-2025,OMEGA_BROKING,CL272247,AXISBANK,S,349,1911.42,
2025-11-26,DELTA_TRADES,CL960361,ITC,B,361,1140.19,231557.3
2025-11-21,OMEGA_BROKING,CL719027,ITC,S,12,685.08,
23-Nov-25,OMEGA_BROKING,CL371739,ICICIBANK,S,202,773.47,156240.94
2025-11-23,BETA_INVEST,CL425467,LT,S,8,276.67,2213.36
11-26-2025,ALPHA_SEC,CL488027,RELIANCE,S,156,417.41,65115.96
11-23-2025,OMEGA_BROKING,CL791749,INFY,B,236,1455.58,343516.88
21-Nov-25,BETA_INVEST,CL128880,TATAMOTORS,B,224,229.26,51354.24
21/11/2025,ALPHA_SEC,CL701414,ICICIBANK,B,206,2230.73,459530.38
2025-11-20,OMEGA_BROKING,CL358361,TATAMOTORS,B,208,1101.12,229032.96
11-29-2025,DELTA_TRADES,CL766958,TATAMOTORS,S,231,580.71,134144.01
29-Nov-25,DELTA_TRADES,CL987352,HDFC,S,396,2587.59,1024685.64
23-Nov-25,BETA_INVEST,CL106696,SBIN,S,299,264.43,79064.57
2025-11-20,OMEGA_BROKING,CL181347,INFY,B,248,2759.95,684467.6
22/11/2025,OMEGA_BROKING,CL805242,ITC,S,105,219.23,23019.15
25/11/2025,OMEGA_BROKING,CL028081,INFY,B,77,1548.95,119269.15
11-22-2025,OMEGA_BROKING,CL890603,ITC,B,265,2070.63,548716.95
11-24-2025,DELTA_TRADES,CL094209,LT,B,295,412.17,121590.15
22/11/2025,ALPHA_SEC,CL191242,HDFC,B,333,605.84,201744.72
11-23-2025,BETA_INVEST,CL878397,INFY,S,298,2029.6,604820.8
26/11/2025,DELTA_TRADES,CL876752,AXISBANK,S,179,1415.32,253342.28
26/11/2025,ALPHA_SEC,CL226589,RELIANCE,B,183,1221.63,223558.29
2025-11-21,DELTA_TRADES,CL806113,SBIN,B,132,2729.38,360278.16
22/11/2025,BETA_INVEST,CL495093,ICICIBANK,S,349,707.55,246934.95
2025-11-23,OMEGA_BROKING,CL297554,RELIANCE,S,380,1268.65,482087.0
2025-11-24,DELTA_TRADES,CL399760,INFY,S,80,2058.44,164675.2
24-Nov-25,OMEGA_BROKING,CL570970,LT,B,300,2283.19,684957.0
2025-11-24,OMEGA_BROKING,CL420118,AXISBANK,B,178,527.91,93967.98
25-Nov-25,BETA_INVEST,CL479632,KOTAKBANK,B,44,2035.57,89565.08
20/11/2025,ALPHA_SEC,CL471296,ICICIBANK,S,256,2532.21,648245.76
11-26-2025,BETA_INVEST,CL122090,AXISBANK,S,313,159.63,49964.19
24-Nov-25,ALPHA_SEC,CL582471,HDFC,S,222,1695.21,376336.62
2025-11-24,ALPHA_SEC,CL219864,RELIANCE,B,9,1797.73,16179.57
20-Nov-25,ALPHA_SEC,CL035819,LT,B,21,237.84,4994.64
29/11/2025,DELTA_TRADES,CL343455,KOTAKBANK,S,216,640.83,138419.28
24-Nov-25,DELTA_TRADES,CL480303,ITC,B,191,503.54,96176.14
2025-11-22,OMEGA_BROKING,CL948251,RELIANCE,S,341,1222.53,416882.73
25/11/2025,BETA_INVEST,CL282575,SBIN,S,279,2493.93,695806.47
2025-11-24,DELTA_TRADES,CL552522,RELIANCE,S,133,1990.91,264791.03
23-Nov-25,BETA_INVEST,CL244187,KOTAKBANK,B,230,2200.63,506144.9
11-20-2025,OMEGA_BROKING,CL986427,HDFC,B,359,1689.86,606659.74
24/11/2025,ALPHA_SEC,CL569861,HDFC,S,155,2166.09,335743.95
11-21-2025,ALPHA_SEC,CL760357,TATAMOTORS,B,1,270.07,270.07
20-Nov-25,DELTA_TRADES,CL352463,ICICIBANK,B,90,1265.69,113912.1
23/11/2025,OMEGA_BROKING,CL786392,HDFC,S,164,1415.05,232068.2
2025-11-22,OMEGA_BROKING,CL891591,INFY,S,134,2309.94,309531.96
20-Nov-25,DELTA_TRADES,CL747281,SBIN,S,298,2401.31,715590.38
11-26-2025,OMEGA_BROKING,CL416990,TATAMOTORS,S,194,728.9,141406.6
24-Nov-25,DELTA_TRADES,CL665461,TATAMOTORS,B,102,2775.43,283093.86
2025-11-23,BETA_INVEST,CL110837,INFY,B,398,1911.77,760884.46
24/11/2025,BETA_INVEST,CL121846,ITC,B,375,991.44,371790.0
25-Nov-25,ALPHA_SEC,CL906572,ICICIBANK,S,38,333.18,12660.84
2025-11-23,BETA_INVEST,CL780581,TATAMOTORS,S,285,1246.98,355389.3
21/11/2025,BETA_INVEST,CL799290,ITC,B,25,898.82,22470.5
2025-11-22,ALPHA_SEC,CL189725,RELIANCE,B,375,1880.25,705093.75
2025-11-26,DELTA_TRADES,CL843213,KOTAKBANK,B,197,1567.37,308771.89
2025-11-23,BETA_INVEST,CL689660,INFY,B,335,1192.44,238371.36
23-Nov-25,OMEGA_BROKING,CL434946,TATAMOTORS,S,184,2293.63,422027.92
11-23-2025,ALPHA_SEC,CL163503,SBIN,B,138,1102.21,152104.98
2025-11-22,OMEGA_BROKING,CL894281,RELIANCE,S,252,320.51,80768.52
2025-11-26,OMEGA_BROKING,CL798375,KOTAKBANK,B,140,1522.71,213179.4
24-Nov-25,DELTA_TRADES,CL612040,INFY,B,328,1513.8,496526.4
2025-11-22,BETA_INVEST,CL765798,ITC,B,194,1249.29,242362.26
26-Nov-25,OMEGA_BROKING,CL185606,AXISBANK,S,127,2722.92,345810.84
2025-11-23,DELTA_TRADES,CL126973,KOTAKBANK,S,167,1326.8,221575.6
2025-11-23,BETA_INVEST,CL151028,AXISBANK,S,213,1125.58,239748.54
25/11/2025,ALPHA_SEC,CL842918,TATAMOTORS,B,186,245.02,45573.72
11-21-2025,OMEGA_BROKING,CL164228,INFY,S,94,431.69,40578.86
2025-11-23,BETA_INVEST,CL148672,RELIANCE,S,155,808.32,125289.6
26/11/2025,ALPHA_SEC,CL163310,TATAMOTORS,B,361,2390.67,863031.87
11-21-2025,BETA_INVEST,CL375513,KOTAKBANK,B,77,1520.98,117115.46
11-29-2025,BETA_INVEST,CL756796,KOTAKBANK,S,313,1241.76,388670.88
2025-11-24,OMEGA_BROKING,CL702307,AXISBANK,S,1,2730.64,2730.64
26/11/2025,ALPHA_SEC,CL095752,HDFC,S,227,2266.81,514565.87
24/11/2025,ALPHA_SEC,CL669489,TATAMOTORS,B,45,2777.08,124968.6
22-Nov-25,BETA_INVEST,CL248024,INFY,B,400,1491.27,596508.0
11-21-2025,ALPHA_SEC,CL761618,LT,B,358,2088.83,747801.14
22-Nov-25,BETA_INVEST,CL645117,SBIN,S,370,2460.34,910325.8
11-20-2025,ALPHA_SEC,CL971417,LT,B,399,2457.19,980418.81
2025-11-22,DELTA_TRADES,CL705462,ICICIBANK,B,129,340.58,43934.82
2025-11-22,OMEGA_BROKING,CL479283,ICICIBANK,S,391,1742.4,681278.4
2025-11-24,DELTA_TRADES,CL660013,ICICIBANK,S,347,2790.7,968372.9
11-20-2025,ALPHA_SEC,CL545394,KOTAKBANK,B,40,2615.75,104630.0
11-26-2025,BETA_INVEST,CL004051,RELIANCE,B,291,757.17,220336.47
21-Nov-25,ALPHA_SEC,CL283028,AXISBANK,B,273,1627.68,444356.64
21/11/2025,OMEGA_BROKING,CL446516,ICICIBANK,B,16,1504.34,24069.44
11-24-2025,OMEGA_BROKING,CL780690,INFY,B,72,922.64,66430.08
25-Nov-25,BETA_INVEST,CL206328,RELIANCE,B,75,632.05,47403.75
23-Nov-25,OMEGA_BROKING,CL581638,INFY,S,22,2510.73,55236.06
11-20-2025,ALPHA_SEC,CL139153,ITC,B,276,963.55,
29/11/2025,ALPHA_SEC,CL098481,SBIN,S,208,342.11,71158.88
2025-11-21,ALPHA_SEC,CL464517,ICICIBANK,S,261,777.03,202804.83
20/11/2025,DELTA_TRADES,CL432099,RELIANCE,B,167,792.91,132415.97
22/11/2025,DELTA_TRADES,CL042562,RELIANCE,B,249,993.57,247398.93
26-Nov-25,ALPHA_SEC,CL076113,TATAMOTORS,S,371,1069.2,396673.2
22/11/2025,ALPHA_SEC,CL615807,HDFC,S,66,195.18,
23/11/2025,OMEGA_BROKING,CL888365,ICICIBANK,S,118,936.8,
11-26-2025,DELTA_TRADES,CL456514,ITC,S,184,574.95,105790.8
22/11/2025,BETA_INVEST,CL940484,ITC,S,364,1028.23,374275.72
20/11/2025,DELTA_TRADES,CL136756,SBIN,B,3,737.86,2213.58
11-29-2025,BETA_INVEST,CL332012,SBIN,S,290,1970.75,571517.5
2025-11-25,DELTA_TRADES,CL940674,HDFC,B,49,2699.23,132262.27
11-24-2025,BETA_INVEST,CL614190,AXISBANK,S,9,2158.85,19429.65
26-Nov-25,BETA_INVEST,CL063770,INFY,B,76,409.39,31113.64
2025-11-25,OMEGA_BROKING,CL518135,ITC,B,388,1731.6,671860.8
24/11/2025,DELTA_TRADES,CL513309,AXISBANK,B,218,619.81,135118.58
11-26-2025,ALPHA_SEC,CL688123,AXISBANK,B,381,362.88,138257.28
21/11/2025,ALPHA_SEC,CL556442,HDFC,S,238,1041.33,247836.54
2025-11-26,DELTA_TRADES,CL970293,LT,S,334,2571.95,859031.3
26-Nov-25,ALPHA_SEC,CL222689,ICICIBANK,B,36,1135.4,40874.4
29/11/2025,DELTA_TRADES,CL968924,INFY,S,387,1662.6,643426.2
11-24-2025,ALPHA_SEC,CL690714,SBIN,S,310,2778.82,861434.2
2025-11-22,DELTA_TRADES,CL171158,LT,B,388,675.28,262008.64
29/11/2025,BETA_INVEST,CL355071,INFY,B,150,597.8,89670.0
11-21-2025,ALPHA_SEC,CL943285,INFY,B,172,1733.68,298192.96
23-Nov-25,OMEGA_BROKING,CL848535,RELIANCE,B,394,597.22,235304.68
26/11/2025,ALPHA_SEC,CL422665,LT,S,84,640.35,53789.4
26/11/2025,OMEGA_BROKING,CL308584,HDFC,B,300,1312.83,393849.0
11-25-2025,ALPHA_SEC,CL943347,SBIN,S,245,1561.86,382655.7
11-21-2025,BETA_INVEST,CL681785,INFY,B,53,2147.46,113815.38
11-21-2025,OMEGA_BROKING,CL339322,KOTAKBANK,B,157,456.21,87389.24
23-Nov-25,OMEGA_BROKING,CL214985,LT,S,138,1587.99,219142.62
29-Nov-25,OMEGA_BROKING,CL563167,LT,S,274,2284.6,625980.4
25-Nov-25,ALPHA_SEC,CL370684,INFY,S,195,2075.44,404710.8
23/11/2025,BETA_INVEST,CL869632,TATAMOTORS,B,19,1848.78,35126.82
2025-11-25,DELTA_TRADES,CL280040,ICICIBANK,S,364,440.86,160473.04
11-25-2025,BETA_INVEST,CL110580,ITC,S,326,1479.6,
11-21-2025,BETA_INVEST,CL174239,ITC,S,255,857.81,218741.55
22/11/2025,ALPHA_SEC,CL689223,LT,B,161,1246.13,200626.93
22-Nov-25,ALPHA_SEC,CL590120,TATAMOTORS,S,138,1028.14,141883.32
21/11/2025,BETA_INVEST,CL524980,TATAMOTORS,B,384,1988.63,763633.92
24/11/2025,BETA_INVEST,CL983465,AXISBANK,S,386,1849.61,713949.46
25-Nov-25,BETA_INVEST,CL731883,RELIANCE,S,232,1235.62,286663.84
11-25-2025,BETA_INVEST,CL975891,AXISBANK,B,240,481.97,115672.8
11-29-2025,ALPHA_SEC,CL703502,ICICIBANK,S,246,1557.86,383233.56
24/11/2025,DELTA_TRADES,CL185367,ITC,S,135,1340.36,180948.6
11-24-2025,BETA_INVEST,CL820448,RELIANCE,S,23,152.06,3497.38
11-20-2025,DELTA_TRADES,CL524055,AXISBANK,S,342,603.32,206335.44
11-26-2025,ALPHA_SEC,CL934690,INFY,S,329,1208.89,397724.81
24-Nov-25,ALPHA_SEC,CL320776,KOTAKBANK,B,180,181.87,32736.6
22/11/2025,ALPHA_SEC,CL215024,ICICIBANK,S,99,1582.54,156671.46
2025-11-20,BETA_INVEST,CL532213,INFY,S,257,537.53,138145.21
11-23-2025,DELTA_TRADES,CL810211,KOTAKBANK,B,338,2273.1,768307.8
26/11/2025,BETA_INVEST,CL058536,TATAMOTORS,S,204,1440.08,293776.32
23/11/2025,DELTA_TRADES,CL684999,RELIANCE,S,215,175.76,37788.4
23-Nov-25,BETA_INVEST,CL065188,TATAMOTORS,S,285,1844.2,525597.0
26-Nov-25,OMEGA_BROKING,CL351665,LT,S,114,1264.25,144124.5
2025-11-21,DELTA_TRADES,CL983969,KOTAKBANK,B,158,1592.43,251603.94
11-21-2025,BETA_INVEST,CL913081,AXISBANK,B,298,2557.16,762033.68
2025-11-20,OMEGA_BROKING,CL271466,TATAMOTORS,S,67,1123.06,75245.02
25-Nov-25,BETA_INVEST,CL073217,AXISBANK,B,213,1367.91,291364.83
2025-11-22,ALPHA_SEC,CL388714,RELIANCE,S,256,273.07,69905.92
11-21-2025,DELTA_TRADES,CL841226,ICICIBANK,S,2,2534.44,5068.88
2025-11-23,DELTA_TRADES,CL095452,LT,B,384,802.29,308079.36
20-Nov-25,ALPHA_SEC,CL896078,AXISBANK,B,151,2135.14,322406.14
2025-11-20,ALPHA_SEC,CL383897,INFY,B,27,1025.73,27694.71
24-Nov-25,BETA_INVEST,CL795615,AXISBANK,B,212,1522.27,322721.24
2025-11-29,ALPHA_SEC,CL244105,ICICIBANK,S,285,1631.56,464994.6
26/11/2025,OMEGA_BROKING,CL106183,SBIN,B,267,2078.09,554850.03
2025-11-21,OMEGA_BROKING,CL156615,ICICIBANK,B,195,2199.61,428923.95
26-Nov-25,OMEGA_BROKING,CL158798,SBIN,S,35,1933.3,67665.5
23-Nov-25,OMEGA_BROKING,CL730263,ITC,B,288,2605.33,750335.04
2025-11-23,OMEGA_BROKING,CL694414,INFY,S,83,502.2,41682.6
21/11/2025,BETA_INVEST,CL928038,RELIANCE,S,267,2429.34,648633.78
2025-11-26,ALPHA_SEC,CL284744,HDFC,B,304,223.87,68056.48
23-Nov-25,OMEGA_BROKING,CL723813,HDFC,B,203,1595.1,323805.3
11-24-2025,ALPHA_SEC,CL006036,KOTAKBANK,B,253,785.79,198804.87
11-23-2025,OMEGA_BROKING,CL720392,KOTAKBANK,B,30,2706.68,81200.4
25-Nov-25,OMEGA_BROKING,CL936785,INFY,B,68,486.58,33087.44
11-25-2025,DELTA_TRADES,CL172153,LT,B,263,2614.65,687652.95
11-29-2025,DELTA_TRADES,CL536599,KOTAKBANK,S,5,1818.21,9091.05
11-20-2025,ALPHA_SEC,CL758035,AXISBANK,S,309,2192.99,535857.1
21/11/2025,OMEGA_BROKING,CL609117,LT,B,109,2212.47,241159.23
23/11/2025,BETA_INVEST,CL760989,LT,S,126,1218.94,153586.44
29-Nov-25,DELTA_TRADES,CL775199,INFY,B,282,2786.86,785894.52
20-Nov-25,BETA_INVEST,CL970530,TATAMOTORS,B,71,789.89,56082.19
2025-11-26,BETA_INVEST,CL134217,RELIANCE,B,174,552.89,96202.86
11-25-2025,DELTA_TRADES,CL038112,LT,S,78,2731.07,213023.46
11-22-2025,OMEGA_BROKING,CL126642,AXISBANK,S,55,441.77,24297.35
25/11/2025,ALPHA_SEC,CL177297,KOTAKBANK,S,272,503.47,136943.84
11-24-2025,ALPHA_SEC,CL623277,ITC,S,235,304.14,71472.9
20/11/2025,OMEGA_BROKING,CL947833,SBIN,B,304,1318.15,400717.6
26-Nov-25,DELTA_TRADES,CL127721,RELIANCE,B,300,712.35,213705.0
2025-11-26,DELTA_TRADES,CL215164,RELIANCE,B,200,1821.46,364292.0
21/11/2025,OMEGA_BROKING,CL251593,AXISBANK,B,268,1035.84,277605.12
21-Nov-25,ALPHA_SEC,CL060411,LT,B,196,864.64,169469.44
11-20-2025,OMEGA_BROKING,CL775259,LT,B,157,2561.17,402103.69
11-21-2025,OMEGA_BROKING,CL981832,INFY,S,278,1425.98,396422.44
22/11/2025,DELTA_TRADES,CL076053,TATAMOTORS,S,339,1461.47,495438.33
20/11/2025,OMEGA_BROKING,CL501790,ICICIBANK,B,50,987.5,49375.0
11-26-2025,BETA_INVEST,CL213212,ICICIBANK,B,59,1573.65,92845.35
11-21-2025,ALPHA_SEC,CL568328,ITC,S,203,2023.36,410742.08
11-21-2025,BETA_INVEST,CL858275,TATAMOTORS,S,233,927.48,216102.84
20-Nov-25,BETA_INVEST,CL435707,ITC,S,70,981.02,68671.4
11-23-2025,OMEGA_BROKING,CL777019,TATAMOTORS,S,209,2233.28,
21-Nov-25,OMEGA_BROKING,CL884647,KOTAKBANK,B,118,1260.19,148702.42
2025-11-26,ALPHA_SEC,CL794386,ICICIBANK,S,39,533.4,20802.6
25/11/2025,OMEGA_BROKING,CL983329,SBIN,B,172,785.48,135102.56
11-22-2025,ALPHA_SEC,CL858918,KOTAKBANK,S,215,2301.14,494745.1
11-26-2025,OMEGA_BROKING,CL859710,SBIN,S,254,1784.85,453351.9
2025-11-21,DELTA_TRADES,CL486401,RELIANCE,B,319,2408.1,768183.9
24-Nov-25,ALPHA_SEC,CL083991,KOTAKBANK,S,289,137.39,39705.71
2025-11-22,DELTA_TRADES,CL960221,AXISBANK,B,323,2013.51,650363.73
22/11/2025,BETA_INVEST,CL662427,ICICIBANK,S,106,2359.86,250145.16
2025-11-21,OMEGA_BROKING,CL086633,AXISBANK,S,315,2103.05,662460.75
11-21-2025,ALPHA_SEC,CL331066,HDFC,B,371,496.24,184105.04
22/11/2025,BETA_INVEST,CL679008,LT,B,41,610.1,25014.1
25/11/2025,OMEGA_BROKING,CL040956,RELIANCE,B,252,1319.33,332471.16
2025-11-25,DELTA_TRADES,CL363310,ITC,S,304,2776.99,844204.96
26/11/2025,ALPHA_SEC,CL308595,ICICIBANK,S,47,295.36,13881.92
11-21-2025,DELTA_TRADES,CL421327,INFY,S,263,1033.51,271813.13
23/11/2025,BETA_INVEST,CL583360,HDFC,S,31,2540.59,78758.29
22/11/2025,BETA_INVEST,CL320581,RELIANCE,S,1,1547.24,1547.24
20/11/2025,OMEGA_BROKING,CL464282,TATAMOTORS,B,244,2014.56,491552.64
22-Nov-25,DELTA_TRADES,CL444874,ICICIBANK,S,381,1558.19,593670.39
2025-11-20,ALPHA_SEC,CL848999,LT,B,360,1848.78,665560.8
2025-11-22,ALPHA_SEC,CL527092,ICICIBANK,B,271,1024.73,277701.83
22-Nov-25,BETA_INVEST,CL726306,KOTAKBANK,B,226,1195.01,270072.26
21-Nov-25,ALPHA_SEC,CL296734,ITC,S,202,746.59,150811.18
11-26-2025,OMEGA_BROKING,CL761220,ICICIBANK,S,19,1572.9,29885.1
2025-11-22,OMEGA_BROKING,CL212762,TATAMOTORS,S,205,2235.98,458375.9
2025-11-21,BETA_INVEST,CL686339,AXISBANK,S,115,2784.65,320234.75
24-Nov-25,OMEGA_BROKING,CL714095,AXISBANK,S,113,768.38,
11-25-2025,ALPHA_SEC,CL848092,LT,S,183,590.15,107997.45
11-25-2025,ALPHA_SEC,CL438369,ITC,B,131,951.9,124698.9
2025-11-22,ALPHA_SEC,CL632844,RELIANCE,B,176,2584.41,454856.16
2025-11-24,BETA_INVEST,CL541444,ITC,S,58,1322.13,76683.54
22-Nov-25,ALPHA_SEC,CL236646,KOTAKBANK,S,103,1273.01,131120.03
24/11/2025,BETA_INVEST,CL556440,SBIN,S,95,1429.07,135761.65
11-20-2025,DELTA_TRADES,CL392855,INFY,B,133,2701.47,359295.51
20-Nov-25,ALPHA_SEC,CL880312,RELIANCE,B,190,188.16,35750.4
20-Nov-25,DELTA_TRADES,CL513169,LT,B,193,1872.81,361452.33
11-25-2025,OMEGA_BROKING,CL350781,AXISBANK,B,274,1853.03,507730.22
2025-11-22,ALPHA_SEC,CL641413,ITC,S,137,858.86,117663.82
11-23-2025,DELTA_TRADES,CL206906,AXISBANK,B,396,635.08,251491.68
22/11/2025,DELTA_TRADES,CL764523,LT,S,240,1672.8,401472.0
24-Nov-25,BETA_INVEST,CL237917,ITC,B,242,921.33,222961.86
2025-11-21,DELTA_TRADES,CL487268,SBIN,B,210,628.44,
22/11/2025,OMEGA_BROKING,CL552960,ICICIBANK,B,43,2532.36,108891.48
24-Nov-25,BETA_INVEST,CL424069,RELIANCE,S,194,1826.58,354356.52
25/11/2025,OMEGA_BROKING,CL897992,RELIANCE,S,356,2698.55,960683.8
24/11/2025,OMEGA_BROKING,CL708137,AXISBANK,B,382,1103.84,
11-21-2025,BETA_INVEST,CL350375,ICICIBANK,B,304,1615.01,254926.65
26/11/2025,DELTA_TRADES,CL364997,INFY,B,55,2537.43,139558.65
26/11/2025,BETA_INVEST,CL478509,RELIANCE,S,49,316.65,15515.85
2025-11-23,ALPHA_SEC,CL931771,ICICIBANK,S,388,1305.94,506704.72
22/11/2025,BETA_INVEST,CL153712,SBIN,S,91,2729.84,248415.44
24-Nov-25,DELTA_TRADES,CL202089,SBIN,B,75,1943.1,145732.5
11-23-2025,ALPHA_SEC,CL888710,LT,B,183,1543.98,282548.34
11-22-2025,ALPHA_SEC,CL161601,HDFC,B,221,1797.41,397227.61
2025-11-22,OMEGA_BROKING,CL932728,SBIN,S,45,759.64,34183.8
23/11/2025,ALPHA_SEC,CL654587,ITC,S,181,1971.89,356912.09
11-23-2025,ALPHA_SEC,CL920547,INFY,S,162,1932.57,313076.34
20/11/2025,OMEGA_BROKING,CL994762,ITC,S,161,1482.07,238613.27
21-Nov-25,OMEGA_BROKING,CL915870,SBIN,S,181,1399.83,253369.23
26/11/2025,BETA_INVEST,CL921710,HDFC,S,151,1237.64,186883.64
22-Nov-25,OMEGA_BROKING,CL396416,LT,B,131,1029.73,105531.06
20-Nov-25,BETA_INVEST,CL436156,HDFC,S,58,168.81,9790.98
25/11/2025,DELTA_TRADES,CL829112,ICICIBANK,B,254,2432.67,334971.35
24-Nov-25,ALPHA_SEC,CL946829,LT,B,250,1312.11,328027.5
25-Nov-25,OMEGA_BROKING,CL648161,RELIANCE,B,342,1558.3,532938.6
11-29-2025,OMEGA_BROKING,CL334354,SBIN,S,379,1440.91,546104.89
22-Nov-25,ALPHA_SEC,CL917381,RELIANCE,S,45,175.16,7882.2
21-Nov-25,DELTA_TRADES,CL206865,ICICIBANK,S,350,2001.1,700385.0
2025-11-24,OMEGA_BROKING,CL987435,RELIANCE,B,190,729.53,138610.7
2025-11-22,DELTA_TRADES,CL628010,HDFC,B,281,2728.84,766804.04
2025-11-26,DELTA_TRADES,CL194710,AXISBANK,S,174,627.93,109259.82
26-Nov-25,ALPHA_SEC,CL073483,KOTAKBANK,S,161,1274.68,205223.48
25/11/2025,ALPHA_SEC,CL962297,TATAMOTORS,B,94,2360.09,221848.46
21-Nov-25,BETA_INVEST,CL992013,ITC,B,311,1234.91,384057.01
2025-11-23,DELTA_TRADES,CL081926,HDFC,S,375,543.28,203730.0
20-Nov-25,BETA_INVEST,CL537921,TATAMOTORS,S,327,442.66,144749.82
11-23-2025,ALPHA_SEC,CL860180,ICICIBANK,S,280,2695.69,754793.2
2025-11-23,BETA_INVEST,CL014202,HDFC,S,228,1228.05,279995.4
11-24-2025,ALPHA_SEC,CL752207,KOTAKBANK,B,52,2599.24,107567.78
11-26-2025,BETA_INVEST,CL848586,AXISBANK,S,156,417.56,65139.36
26-Nov-25,ALPHA_SEC,CL496271,HDFC,B,287,1853.4,531925.8
25/11/2025,ALPHA_SEC,CL234747,ITC,B,397,1078.4,428124.8
21/11/2025,OMEGA_BROKING,CL752421,KOTAKBANK,S,90,772.31,69507.9
21-Nov-25,BETA_INVEST,CL963089,RELIANCE,S,339,1000.29,339098.31
11-23-2025,DELTA_TRADES,CL370301,TATAMOTORS,B,262,424.46,111208.52
21/11/2025,OMEGA_BROKING,CL459135,ITC,S,151,2443.51,368970.01
2025-11-22,BETA_INVEST,CL576650,ITC,B,155,2035.57,315513.35
29-Nov-25,OMEGA_BROKING,CL398254,ITC,S,107,1910.65,204439.55
23-Nov-25,OMEGA_BROKING,CL760847,HDFC,B,81,2696.31,164834.95
25/11/2025,BETA_INVEST,CL096482,KOTAKBANK,B,278,248.06,68960.68
2025-11-24,OMEGA_BROKING,CL759704,AXISBANK,S,115,2460.84,282996.6
22-Nov-25,DELTA_TRADES,CL831526,TATAMOTORS,S,174,2365.0,411510.0
26/11/2025,BETA_INVEST,CL529999,ITC,S,285,1474.08,420112.8
25-Nov-25,BETA_INVEST,CL450000,AXISBANK,B,288,1953.62,562642.56
2025-11-23,ALPHA_SEC,CL586116,LT,B,291,1269.02,369284.82
11-24-2025,OMEGA_BROKING,CL575979,AXISBANK,B,36,478.96,17242.56
2025-11-23,DELTA_TRADES,CL856069,SBIN,B,300,2208.62,662586.0
2025-11-23,DELTA_TRADES,CL200551,KOTAKBANK,S,101,1578.63,159441.63
21-Nov-25,DELTA_TRADES,CL923635,RELIANCE,B,171,304.24,52025.04
26/11/2025,ALPHA_SEC,CL866450,KOTAKBANK,B,366,1121.05,410304.3
25-Nov-25,DELTA_TRADES,CL381101,ITC,B,191,901.16,172121.56
22-Nov-25,DELTA_TRADES,CL629168,ITC,S,61,1384.16,84433.76
25-Nov-25,OMEGA_BROKING,CL278576,AXISBANK,S,390,1999.28,779719.2
2025-11-24,BETA_INVEST,CL630679,KOTAKBANK,S,42,2728.6,114601.2
29/11/2025,ALPHA_SEC,CL069671,SBIN,S,133,2674.08,355652.64
11-25-2025,ALPHA_SEC,CL400997,RELIANCE,B,372,1848.8,687753.6
24/11/2025,OMEGA_BROKING,CL763482,RELIANCE,S,123,529.04,65071.92
2025-11-25,ALPHA_SEC,CL239530,LT,B,197,2276.04,448379.88
11-22-2025,DELTA_TRADES,CL495849,AXISBANK,B,222,392.84,87210.48
26/11/2025,DELTA_TRADES,CL461670,SBIN,S,21,2002.01,42042.21
22/11/2025,DELTA_TRADES,CL345957,LT,B,139,707.7,98370.3
11-23-2025,ALPHA_SEC,CL459040,SBIN,S,241,522.04,125811.64
2025-11-20,OMEGA_BROKING,CL602880,LT,S,351,1312.5,
22-Nov-25,ALPHA_SEC,CL928982,SBIN,S,188,1562.93,293830.84
26/11/2025,OMEGA_BROKING,CL978933,SBIN,S,114,1851.95,211122.3
11-24-2025,ALPHA_SEC,CL427695,RELIANCE,B,207,1768.28,366033.96
11-23-2025,ALPHA_SEC,CL095011,RELIANCE,B,159,2512.34,399462.06
11-20-2025,DELTA_TRADES,CL866170,ICICIBANK,B,197,1035.62,204017.14
20-Nov-25,ALPHA_SEC,CL268399,ICICIBANK,S,374,1615.91,604350.34
11-25-2025,DELTA_TRADES,CL320983,SBIN,S,216,1181.78,255264.48
20-Nov-25,ALPHA_SEC,CL860470,SBIN,B,317,791.71,250972.07
21/11/2025,BETA_INVEST,CL059139,LT,B,119,1108.38,131897.22
25-Nov-25,BETA_INVEST,CL904723,LT,S,225,1725.36,388206.0
2025-11-21,BETA_INVEST,CL180731,HDFC,B,364,441.88,160844.32
2025-11-29,BETA_INVEST,CL169531,TATAMOTORS,S,21,2469.91,51868.11
22/11/2025,BETA_INVEST,CL803169,INFY,B,19,2447.37,46500.03
22/11/2025,BETA_INVEST,CL765144,KOTAKBANK,S,103,501.91,51696.73
24/11/2025,DELTA_TRADES,CL845325,ITC,S,25,1458.96,36474.0
2025-11-23,ALPHA_SEC,CL046890,SBIN,S,73,2167.9,158256.7
20/11/2025,BETA_INVEST,CL112241,LT,S,286,2399.87,686362.82
2025-11-24,ALPHA_SEC,CL964245,HDFC,S,103,2057.17,211888.51
11-23-2025,OMEGA_BROKING,CL049553,TATAMOTORS,B,376,1712.39,643858.64
20-Nov-25,OMEGA_BROKING,CL418356,TATAMOTORS,B,375,2260.27,847601.25
22-Nov-25,ALPHA_SEC,CL126765,HDFC,B,340,765.88,260399.2
2025-11-25,DELTA_TRADES,CL050355,LT,B,57,1668.48,95103.36
25-Nov-25,BETA_INVEST,CL529467,LT,S,36,1638.8,58996.8
22/11/2025,BETA_INVEST,CL818835,HDFC,S,398,1414.46,
23-Nov-25,DELTA_TRADES,CL642991,SBIN,S,206,899.03,185200.18
26/11/2025,DELTA_TRADES,CL594712,HDFC,S,350,284.74,99659.0
11-22-2025,DELTA_TRADES,CL884955,INFY,B,184,1017.85,187284.4
25/11/2025,OMEGA_BROKING,CL050702,RELIANCE,B,81,2289.38,185439.78
2025-11-26,OMEGA_BROKING,CL762405,HDFC,S,5,2584.29,12921.45
2025-11-23,OMEGA_BROKING,CL351429,ICICIBANK,B,106,1032.83,109479.98
22/11/2025,DELTA_TRADES,CL347559,ICICIBANK,S,241,605.07,145821.87
21/11/2025,ALPHA_SEC,CL432929,ITC,B,28,1534.14,42955.92
25/11/2025,ALPHA_SEC,CL970681,RELIANCE,B,362,2611.5,945363.0
26/11/2025,OMEGA_BROKING,CL913471,INFY,B,146,2209.59,322600.14
26/11/2025,DELTA_TRADES,CL630870,LT,S,328,327.12,107295.36
2025-11-26,DELTA_TRADES,CL448339,SBIN,S,189,1693.35,320043.15
2025-11-21,OMEGA_BROKING,CL646640,SBIN,B,143,1520.37,217412.91
21/11/2025,OMEGA_BROKING,CL060379,TATAMOTORS,S,145,2582.64,374482.8
11-25-2025,OMEGA_BROKING,CL133118,ICICIBANK,B,173,2356.17,407617.41
29/11/2025,OMEGA_BROKING,CL373570,ITC,B,366,939.21,343750.86
26-Nov-25,DELTA_TRADES,CL952361,HDFC,S,70,1447.42,101319.4
2025-11-23,DELTA_TRADES,CL129926,TATAMOTORS,B,398,182.02,72443.96
2025-11-23,BETA_INVEST,CL879384,ITC,S,341,928.71,316690.11
26-Nov-25,DELTA_TRADES,CL605986,KOTAKBANK,B,290,879.31,254999.9
11-25-2025,OMEGA_BROKING,CL437880,LT,S,233,869.33,202553.89
11-25-2025,ALPHA_SEC,CL943410,LT,S,46,2068.37,95145.02
25/11/2025,OMEGA_BROKING,CL618820,INFY,B,277,529.63,146707.51
20-Nov-25,OMEGA_BROKING,CL938125,ICICIBANK,B,371,2380.92,883321.32
22/11/2025,DELTA_TRADES,CL770903,KOTAKBANK,S,243,2798.12,679943.16
23/11/2025,OMEGA_BROKING,CL808641,ICICIBANK,B,279,1721.79,480379.41
2025-11-23,DELTA_TRADES,CL607879,AXISBANK,B,44,1292.1,56852.4
26/11/2025,ALPHA_SEC,CL048263,ITC,S,212,1025.39,217382.68
24-Nov-25,BETA_INVEST,CL821167,AXISBANK,S,115,523.16,60163.4
20/11/2025,DELTA_TRADES,CL245774,HDFC,S,395,875.46,345806.7
21-Nov-25,OMEGA_BROKING,CL219376,TATAMOTORS,S,99,2499.43,247443.57
2025-11-22,ALPHA_SEC,CL432809,ITC,B,40,1113.16,44526.4
21/11/2025,OMEGA_BROKING,CL828855,SBIN,B,117,996.55,116596.35
11-29-2025,ALPHA_SEC,CL216778,ITC,B,70,1469.76,102883.2
11-22-2025,DELTA_TRADES,CL531136,ITC,B,283,765.61,216667.63
23-Nov-25,BETA_INVEST,CL091782,SBIN,S,330,1451.91,479130.3
29/11/2025,ALPHA_SEC,CL719876,SBIN,S,294,2515.88,739668.72
22/11/2025,DELTA_TRADES,CL646906,RELIANCE,B,19,737.65,14015.35
20-Nov-25,OMEGA_BROKING,CL748586,HDFC,S,206,485.78,100070.68
2025-11-20,ALPHA_SEC,CL856984,INFY,B,15,1497.26,22458.9
20-Nov-25,BETA_INVEST,CL549968,KOTAKBANK,B,112,1860.89,208419.68
2025-11-23,OMEGA_BROKING,CL125709,LT,B,341,361.21,123172.61
20-Nov-25,ALPHA_SEC,CL426241,TATAMOTORS,B,338,2608.22,881578.36
22/11/2025,ALPHA_SEC,CL445247,RELIANCE,S,279,115.65,32266.35
2025-11-20,DELTA_TRADES,CL879120,RELIANCE,S,354,1915.02,677917.08
26-Nov-25,DELTA_TRADES,CL723415,LT,B,385,1413.06,
2025-11-20,ALPHA_SEC,CL758358,KOTAKBANK,B,328,1061.35,348122.8
24-Nov-25,ALPHA_SEC,CL781676,KOTAKBANK,S,347,1993.9,691883.3
25-Nov-25,ALPHA_SEC,CL743616,SBIN,B,238,708.74,168680.12
24-Nov-25,DELTA_TRADES,CL947365,HDFC,S,90,1556.0,140040.0
22/11/2025,DELTA_TRADES,CL134212,RELIANCE,B,31,1423.6,44131.6
2025-11-25,DELTA_TRADES,CL478393,SBIN,B,87,315.53,27451.11
26/11/2025,ALPHA_SEC,CL763475,SBIN,S,378,1548.34,585272.52
2025-11-23,ALPHA_SEC,CL945464,KOTAKBANK,S,370,1736.75,642597.5
24/11/2025,ALPHA_SEC,CL040099,KOTAKBANK,B,187,960.53,179619.11
25/11/2025,OMEGA_BROKING,CL372651,SBIN,B,174,543.21,94518.54
2025-11-25,BETA_INVEST,CL072447,INFY,B,237,929.73,220346.01
11-24-2025,OMEGA_BROKING,CL706213,ICICIBANK,S,143,965.27,138033.61
11-26-2025,DELTA_TRADES,CL698566,ITC,B,179,1480.93,265086.47
2025-11-20,DELTA_TRADES,CL713380,RELIANCE,B,243,1168.64,283979.52
11-26-2025,OMEGA_BROKING,CL075598,KOTAKBANK,S,396,959.9,380120.4
25-Nov-25,BETA_INVEST,CL445783,INFY,S,165,1630.58,269045.7
2025-11-22,OMEGA_BROKING,CL906897,INFY,B,161,2458.36,395795.96
2025-11-26,OMEGA_BROKING,CL858651,TATAMOTORS,B,319,104.58,33361.02
25/11/2025,ALPHA_SEC,CL194625,ITC,S,123,1169.73,143876.79
21-Nov-25,DELTA_TRADES,CL309790,AXISBANK,S,51,1146.89,58491.39
24-Nov-25,DELTA_TRADES,CL270614,INFY,S,396,2354.34,932318.64
11-24-2025,OMEGA_BROKING,CL902160,INFY,B,50,1796.65,89832.5
23/11/2025,BETA_INVEST,CL201370,AXISBANK,S,232,1291.64,299660.48
21-Nov-25,ALPHA_SEC,CL140691,SBIN,B,6,2245.45,13472.7
23-Nov-25,DELTA_TRADES,CL062880,INFY,S,50,2684.97,134248.5
23-Nov-25,OMEGA_BROKING,CL064258,ITC,B,384,276.33,106110.72
26/11/2025,ALPHA_SEC,CL105405,ICICIBANK,B,109,480.18,52339.62
21-Nov-25,BETA_INVEST,CL997891,HDFC,S,251,1044.7,262219.7
20-Nov-25,OMEGA_BROKING,CL832440,LT,B,204,1684.72,343682.88
2025-11-22,DELTA_TRADES,CL440158,HDFC,B,40,1218.75,48750.0
26/11/2025,DELTA_TRADES,CL153855,TATAMOTORS,B,325,1834.48,596206.0
26-Nov-25,DELTA_TRADES,CL811479,ICICIBANK,S,276,1459.09,402708.84
22-Nov-25,ALPHA_SEC,CL422785,SBIN,B,84,2374.02,199417.68
11-26-2025,BETA_INVEST,CL818272,AXISBANK,B,102,1949.27,198825.54
26/11/2025,ALPHA_SEC,CL741396,TATAMOTORS,B,33,1486.63,49058.79
11-22-2025,BETA_INVEST,CL309829,ICICIBANK,B,245,746.47,182885.15
21-Nov-25,OMEGA_BROKING,CL839105,HDFC,B,146,355.6,51917.6
25/11/2025,ALPHA_SEC,CL011193,TATAMOTORS,B,333,1354.22,450955.26
29-Nov-25,DELTA_TRADES,CL405842,LT,S,18,2631.09,47359.62
20/11/2025,DELTA_TRADES,CL026697,ITC,S,200,2706.89,541378.0
2025-11-22,BETA_INVEST,CL822952,LT,B,323,1970.37,636429.51
21-Nov-25,DELTA_TRADES,CL401864,KOTAKBANK,S,327,2243.92,733761.84
11-21-2025,BETA_INVEST,CL163441,SBIN,S,358,1424.33,509910.14
24/11/2025,DELTA_TRADES,CL397052,AXISBANK,B,20,1768.51,35370.2
23-Nov-25,OMEGA_BROKING,CL224411,LT,B,121,473.35,57275.35
2025-11-25,DELTA_TRADES,CL840929,TATAMOTORS,S,359,2040.96,975111.17
20/11/2025,ALPHA_SEC,CL675455,LT,S,121,537.44,65030.24
2025-11-24,BETA_INVEST,CL214499,ICICIBANK,S,52,1139.51,59254.52
25-Nov-25,ALPHA_SEC,CL670985,ICICIBANK,B,331,2257.51,747235.81
29-Nov-25,BETA_INVEST,CL498249,ITC,B,248,1416.12,351197.76
11-22-2025,ALPHA_SEC,CL532961,ICICIBANK,S,314,1830.77,574861.78
2025-11-21,OMEGA_BROKING,CL256330,LT,S,96,176.42,16936.32
26-Nov-25,DELTA_TRADES,CL875649,ICICIBANK,S,321,952.5,305752.5
26/11/2025,BETA_INVEST,CL010854,RELIANCE,S,138,1833.65,253043.7
2025-11-26,DELTA_TRADES,CL750227,RELIANCE,B,193,1988.5,383780.5
11-22-2025,DELTA_TRADES,CL117383,KOTAKBANK,S,230,2221.48,510940.4
11-22-2025,OMEGA_BROKING,CL238730,LT,S,105,1106.68,116201.4
24/11/2025,DELTA_TRADES,CL431085,SBIN,S,362,2254.38,816085.56
22/11/2025,DELTA_TRADES,CL339563,SBIN,B,204,460.82,94007.28
11-22-2025,DELTA_TRADES,CL801377,ICICIBANK,B,321,2682.31,861021.51
20-Nov-25,OMEGA_BROKING,CL380766,KOTAKBANK,B,399,1977.95,789202.05
2025-11-26,BETA_INVEST,CL733848,ICICIBANK,S,219,1043.84,228600.96
22-Nov-25,ALPHA_SEC,CL522650,ITC,S,275,2501.81,687997.75
11-26-2025,BETA_INVEST,CL002934,ICICIBANK,S,93,2519.11,234277.23
11-24-2025,DELTA_TRADES,CL865276,AXISBANK,S,397,913.56,189367.83
25/11/2025,DELTA_TRADES,CL185352,KOTAKBANK,S,147,430.35,63261.45
22-Nov-25,ALPHA_SEC,CL362703,ITC,B,175,1276.12,223321.0
22-Nov-25,BETA_INVEST,CL196075,KOTAKBANK,S,125,391.96,48995.0
11-20-2025,OMEGA_BROKING,CL854244,LT,B,74,2102.57,155590.18
11-24-2025,DELTA_TRADES,CL287033,ITC,B,95,1691.41,160683.95
22/11/2025,BETA_INVEST,CL042667,SBIN,S,304,2022.48,614833.92
2025-11-21,OMEGA_BROKING,CL047129,INFY,B,29,331.12,9602.48
22-Nov-25,BETA_INVEST,CL097408,INFY,B,107,2348.0,251236.0
2025-11-20,DELTA_TRADES,CL303749,KOTAKBANK,S,68,2007.2,136489.6
26/11/2025,BETA_INVEST,CL828549,KOTAKBANK,B,356,1565.35,557264.6
2025-11-26,BETA_INVEST,CL797628,HDFC,S,131,889.45,116517.95
20/11/2025,ALPHA_SEC,CL198474,RELIANCE,S,202,1493.68,301723.36
2025-11-24,OMEGA_BROKING,CL763572,AXISBANK,S,124,129.0,15996.0
11-25-2025,DELTA_TRADES,CL004001,SBIN,B,168,2624.58,440929.44
22/11/2025,ALPHA_SEC,CL786954,LT,B,19,2396.62,45535.78
2025-11-25,BETA_INVEST,CL446166,KOTAKBANK,S,249,222.42,55382.58
11-21-2025,BETA_INVEST,CL527522,LT,B,353,2215.36,782022.08
11-26-2025,DELTA_TRADES,CL510691,HDFC,B,373,627.25,233964.25
2025-11-29,DELTA_TRADES,CL804888,ICICIBANK,S,124,800.77,99295.48
25-Nov-25,OMEGA_BROKING,CL136832,HDFC,B,252,1249.2,314798.4
20/11/2025,OMEGA_BROKING,CL173582,ITC,B,249,1343.56,334546.44
11-21-2025,OMEGA_BROKING,CL257862,AXISBANK,B,100,1466.71,146671.0
2025-11-24,DELTA_TRADES,CL848009,INFY,S,27,422.99,11420.73
24/11/2025,ALPHA_SEC,CL106219,INFY,B,83,1884.04,156375.32
11-20-2025,ALPHA_SEC,CL500869,INFY,S,116,1296.07,150344.12
21-Nov-25,BETA_INVEST,CL842262,ICICIBANK,S,2,2687.66,5375.32
23/11/2025,OMEGA_BROKING,CL227737,RELIANCE,B,151,2501.22,377684.22
25-Nov-25,ALPHA_SEC,CL367025,SBIN,S,397,222.51,88336.47
11-22-2025,DELTA_TRADES,CL749166,TATAMOTORS,B,148,1364.81,201991.88
11-20-2025,ALPHA_SEC,CL137944,INFY,S,179,2015.22,360724.38
11-25-2025,DELTA_TRADES,CL405447,ITC,S,196,130.75,25627.0
20-Nov-25,DELTA_TRADES,CL324667,KOTAKBANK,S,184,1739.22,320016.48
21/11/2025,BETA_INVEST,CL713836,KOTAKBANK,B,58,584.64,33909.12
21/11/2025,BETA_INVEST,CL378355,HDFC,S,17,564.8,9601.6
24-Nov-25,DELTA_TRADES,CL420811,RELIANCE,B,369,1116.8,412099.2
11-29-2025,DELTA_TRADES,CL253719,TATAMOTORS,S,252,415.19,104627.88
2025-11-23,BETA_INVEST,CL390411,INFY,B,386,1333.61,514773.46
11-25-2025,OMEGA_BROKING,CL860593,KOTAKBANK,B,53,1867.1,98956.3
2025-11-26,ALPHA_SEC,CL176196,LT,B,273,1745.42,476499.66
23/11/2025,ALPHA_SEC,CL744569,TATAMOTORS,B,240,954.05,228972.0
24-Nov-25,ALPHA_SEC,CL760734,LT,S,82,2492.69,204400.58
2025-11-26,BETA_INVEST,CL297804,SBIN,S,50,389.48,19474.0
25/11/2025,ALPHA_SEC,CL547910,SBIN,B,204,1265.52,258166.08
26/11/2025,ALPHA_SEC,CL834951,LT,S,276,2722.74,751476.24
11-22-2025,OMEGA_BROKING,CL464321,RELIANCE,S,142,1791.18,142163.45
11-26-2025,ALPHA_SEC,CL592707,RELIANCE,S,139,333.59,46369.01
25/11/2025,OMEGA_BROKING,CL412817,HDFC,B,359,1560.1,560075.9
11-24-2025,ALPHA_SEC,CL611017,HDFC,S,16,2192.91,35086.56
11-29-2025,DELTA_TRADES,CL505893,LT,B,240,702.44,168585.6
11-21-2025,OMEGA_BROKING,CL952613,SBIN,B,109,1642.95,179081.55
2025-11-24,ALPHA_SEC,CL784381,AXISBANK,B,389,555.76,216190.64
11-20-2025,BETA_INVEST,CL490806,ICICIBANK,S,221,900.24,198953.04
26/11/2025,DELTA_TRADES,CL712684,RELIANCE,B,285,1702.28,485149.8
25-Nov-25,DELTA_TRADES,CL121571,TATAMOTORS,S,202,1067.28,215590.56
23/11/2025,DELTA_TRADES,CL185268,INFY,B,350,2194.72,768152.0
11-20-2025,ALPHA_SEC,CL675305,INFY,S,38,1895.02,72010.76
22-Nov-25,BETA_INVEST,CL907761,TATAMOTORS,S,20,2157.87,43157.4
11-25-2025,DELTA_TRADES,CL319925,INFY,B,33,2787.66,91992.78
11-22-2025,OMEGA_BROKING,CL005956,SBIN,S,240,1105.26,265262.4
20/11/2025,BETA_INVEST,CL884887,AXISBANK,B,1,1647.32,1647.32
20/11/2025,OMEGA_BROKING,CL413249,LT,B,173,2048.15,354329.95
22-Nov-25,DELTA_TRADES,CL570537,INFY,B,345,894.95,308757.75
2025-11-25,ALPHA_SEC,CL489361,SBIN,B,43,1052.33,45250.19
25/11/2025,OMEGA_BROKING,CL885382,LT,S,87,1158.81,100816.47
2025-11-22,ALPHA_SEC,CL497409,KOTAKBANK,B,9,904.79,8143.11
25/11/2025,BETA_INVEST,CL795466,TATAMOTORS,S,294,1213.75,356842.5
2025-11-20,OMEGA_BROKING,CL815386,RELIANCE,B,122,1078.92,131628.24
23/11/2025,OMEGA_BROKING,CL107949,TATAMOTORS,B,94,1317.63,123857.22
24/11/2025,BETA_INVEST,CL115941,RELIANCE,B,298,1994.91,594483.18
21/11/2025,OMEGA_BROKING,CL151486,RELIANCE,S,50,550.32,27516.0
23/11/2025,BETA_INVEST,CL513768,LT,S,94,704.05,66180.7
2025-11-20,OMEGA_BROKING,CL782289,HDFC,B,223,1771.23,394984.29
22-Nov-25,ALPHA_SEC,CL779549,AXISBANK,S,240,1242.26,298142.4
21-Nov-25,DELTA_TRADES,CL428591,SBIN,B,123,1686.52,207441.96
22/11/2025,DELTA_TRADES,CL317999,TATAMOTORS,B,365,1718.03,
11-22-2025,OMEGA_BROKING,CL500403,ICICIBANK,S,141,545.0,76845.0
2025-11-26,ALPHA_SEC,CL671494,ITC,S,317,213.3,67616.1
22/11/2025,BETA_INVEST,CL170412,KOTAKBANK,B,83,517.67,42966.61
26-Nov-25,OMEGA_BROKING,CL839242,ITC,S,38,355.83,13521.54
24/11/2025,ALPHA_SEC,CL860758,TATAMOTORS,B,44,505.44,22239.36
26/11/2025,DELTA_TRADES,CL188850,ITC,S,300,636.25,190875.0
2025-11-24,ALPHA_SEC,CL042616,LT,S,265,388.17,102865.05
11-25-2025,ALPHA_SEC,CL500911,LT,B,248,833.85,206794.8
23/11/2025,BETA_INVEST,CL878390,RELIANCE,B,219,2163.49,473804.31
2025-11-25,DELTA_TRADES,CL384768,ITC,S,27,2763.48,
20/11/2025,BETA_INVEST,CL427738,RELIANCE,S,61,1723.44,105129.84
2025-11-21,ALPHA_SEC,CL164209,ICICIBANK,B,367,2728.79,1001465.93
11-20-2025,DELTA_TRADES,CL888726,HDFC,B,358,684.25,244961.5
2025-11-26,DELTA_TRADES,CL807649,SBIN,B,266,493.17,131183.22
2025-11-25,OMEGA_BROKING,CL254336,TATAMOTORS,S,48,2414.81,115910.88
20/11/2025,DELTA_TRADES,CL304666,AXISBANK,S,104,2415.45,251206.8
22-Nov-25,DELTA_TRADES,CL086713,ITC,B,133,1700.19,226125.27
11-25-2025,DELTA_TRADES,CL738332,AXISBANK,S,153,138.92,21254.76
24/11/2025,OMEGA_BROKING,CL163577,AXISBANK,B,265,958.89,254105.85
20-Nov-25,BETA_INVEST,CL475598,SBIN,B,343,356.57,122303.51
2025-11-21,OMEGA_BROKING,CL264869,RELIANCE,S,84,1756.21,147521.64
22/11/2025,BETA_INVEST,CL997764,SBIN,S,70,1635.35,114474.5
20-Nov-25,DELTA_TRADES,CL974065,HDFC,S,248,1479.87,367007.76
20-Nov-25,OMEGA_BROKING,CL571341,TATAMOTORS,S,101,1298.69,174028.21
2025-11-24,BETA_INVEST,CL082654,KOTAKBANK,S,69,996.71,68772.99
11-26-2025,DELTA_TRADES,CL188702,RELIANCE,S,159,1395.97,221959.23
25-Nov-25,BETA_INVEST,CL742364,RELIANCE,S,67,2377.76,159309.92
2025-11-23,OMEGA_BROKING,CL154165,RELIANCE,S,180,2688.69,483964.2
2025-11-22,DELTA_TRADES,CL101397,TATAMOTORS,S,222,156.88,34827.36
25/11/2025,DELTA_TRADES,CL737585,ITC,S,253,2115.53,535229.09
2025-11-25,DELTA_TRADES,CL567780,AXISBANK,B,355,2106.87,747938.85
11-26-2025,ALPHA_SEC,CL759927,LT,B,125,1219.8,152475.0
20-Nov-25,BETA_INVEST,CL980023,SBIN,B,205,2512.13,514986.65
26/11/2025,DELTA_TRADES,CL759843,AXISBANK,S,235,2606.44,612513.4
2025-11-25,ALPHA_SEC,CL756392,ITC,S,122,311.8,38039.6
11-26-2025,ALPHA_SEC,CL634899,AXISBANK,B,361,1925.2,694997.2
26/11/2025,DELTA_TRADES,CL395326,HDFC,B,364,2787.41,1014617.24
11-24-2025,ALPHA_SEC,CL925964,ICICIBANK,B,12,697.44,8369.28
11-22-2025,ALPHA_SEC,CL413252,LT,S,319,419.84,133928.96
11-25-2025,BETA_INVEST,CL477943,INFY,S,177,1077.41,190701.57
26/11/2025,BETA_INVEST,CL849911,ICICIBANK,B,20,1070.7,21414.0
21/11/2025,DELTA_TRADES,CL473400,TATAMOTORS,B,69,2105.41,145273.29
20/11/2025,ALPHA_SEC,CL168429,INFY,B,21,2343.33,49209.93
2025-11-21,DELTA_TRADES,CL745355,HDFC,S,293,1506.98,441545.14
11-26-2025,ALPHA_SEC,CL636472,HDFC,B,67,171.62,11498.54
21-Nov-25,DELTA_TRADES,CL993778,SBIN,S,191,1329.73,253978.43
25/11/2025,ALPHA_SEC,CL012917,LT,S,237,538.01,127508.37
23-Nov-25,DELTA_TRADES,CL438979,ITC,B,381,1229.13,468298.53
11-24-2025,BETA_INVEST,CL373247,LT,B,170,982.86,167086.2
21-Nov-25,ALPHA_SEC,CL865676,LT,S,299,2772.61,829010.39
2025-11-26,DELTA_TRADES,CL836076,SBIN,B,111,1640.39,182083.29
11-22-2025,BETA_INVEST,CL481106,ITC,B,395,2715.38,1072575.1
2025-11-20,DELTA_TRADES,CL838271,HDFC,S,93,685.65,63765.45
23/11/2025,DELTA_TRADES,CL922038,ICICIBANK,S,331,1952.28,646204.68
2025-11-25,DELTA_TRADES,CL082039,ICICIBANK,B,46,2032.52,93495.92
2025-11-26,OMEGA_BROKING,CL608065,AXISBANK,S,194,2368.57,459502.58
2025-11-23,DELTA_TRADES,CL246466,ITC,S,333,178.86,59560.38
11-29-2025,BETA_INVEST,CL509260,ITC,B,260,2405.94,625544.4
24/11/2025,ALPHA_SEC,CL263235,ICICIBANK,S,161,1000.74,161119.14
11-22-2025,DELTA_TRADES,CL709122,INFY,B,163,875.53,142711.39
21/11/2025,ALPHA_SEC,CL232039,HDFC,S,263,221.09,58146.67
2025-11-21,DELTA_TRADES,CL513226,TATAMOTORS,S,352,1900.81,669085.12
11-21-2025,BETA_INVEST,CL348759,SBIN,S,335,2437.86,816683.1
21-Nov-25,DELTA_TRADES,CL309711,TATAMOTORS,S,12,2271.3,27255.6
23-Nov-25,BETA_INVEST,CL706014,KOTAKBANK,B,377,527.58,198897.66
2025-11-24,ALPHA_SEC,CL757105,TATAMOTORS,S,308,2327.2,716777.6
26-Nov-25,DELTA_TRADES,CL646422,RELIANCE,B,128,2052.74,262750.72
2025-11-21,BETA_INVEST,CL126398,TATAMOTORS,B,153,1180.39,180599.67
25-Nov-25,DELTA_TRADES,CL552658,AXISBANK,S,185,556.9,103026.5
21/11/2025,BETA_INVEST,CL177832,TATAMOTORS,S,169,1855.7,313613.3
2025-11-25,ALPHA_SEC,CL671510,LT,B,18,2548.05,45864.9
11-20-2025,ALPHA_SEC,CL568103,ICICIBANK,S,60,843.39,50603.4
26-Nov-25,OMEGA_BROKING,CL482097,ITC,S,93,2720.08,252967.44
11-22-2025,ALPHA_SEC,CL317513,ICICIBANK,B,140,1803.83,252536.2
2025-11-26,DELTA_TRADES,CL394304,RELIANCE,B,355,482.03,171120.65
23/11/2025,OMEGA_BROKING,CL705386,ICICIBANK,B,375,905.86,339697.5
11-23-2025,DELTA_TRADES,CL563141,SBIN,S,389,1139.64,443319.96
11-25-2025,OMEGA_BROKING,CL188216,TATAMOTORS,S,319,198.42,63295.98
24-Nov-25,BETA_INVEST,CL509290,ITC,S,225,1286.7,289507.5
11-24-2025,OMEGA_BROKING,CL466296,TATAMOTORS,S,86,2773.66,238534.76
23-Nov-25,ALPHA_SEC,CL906112,INFY,B,22,1416.48,31162.56
23-Nov-25,DELTA_TRADES,CL062786,ICICIBANK,S,250,157.1,39275.0
11-25-2025,BETA_INVEST,CL539652,TATAMOTORS,S,126,2208.57,278279.82
11-23-2025,ALPHA_SEC,CL894481,AXISBANK,S,49,1528.86,74914.14
26/11/2025,OMEGA_BROKING,CL746811,ITC,B,67,1451.59,97256.53
21-Nov-25,ALPHA_SEC,CL354157,HDFC,B,302,761.34,229924.68
2025-11-21,BETA_INVEST,CL486420,ITC,B,23,851.51,19584.73
11-24-2025,BETA_INVEST,CL215214,AXISBANK,B,149,2354.22,350778.78
2025-11-20,ALPHA_SEC,CL907266,TATAMOTORS,S,294,1926.45,566376.3
11-25-2025,ALPHA_SEC,CL056049,SBIN,S,352,819.75,288552.0
26/11/2025,BETA_INVEST,CL348839,AXISBANK,S,26,894.9,23267.4
24-Nov-25,DELTA_TRADES,CL033827,AXISBANK,B,390,804.08,313591.2
21/11/2025,BETA_INVEST,CL428000,SBIN,S,242,2304.36,557655.12
24/11/2025,OMEGA_BROKING,CL145746,ITC,S,218,1687.71,367920.78
25-Nov-25,OMEGA_BROKING,CL660858,TATAMOTORS,S,101,2171.87,219358.87
2025-11-23,ALPHA_SEC,CL068893,SBIN,B,349,2446.59,853859.91
2025-11-25,OMEGA_BROKING,CL185628,ICICIBANK,B,252,1201.17,302694.84
2025-11-21,OMEGA_BROKING,CL119512,INFY,B,68,1651.53,112304.04
2025-11-23,BETA_INVEST,CL751373,ITC,B,330,208.45,68788.5
24-Nov-25,ALPHA_SEC,CL674401,LT,B,129,553.99,71464.71
23/11/2025,ALPHA_SEC,CL808921,KOTAKBANK,B,41,1724.32,70697.12
22-Nov-25,ALPHA_SEC,CL580356,HDFC,S,218,1905.89,415484.02
22/11/2025,OMEGA_BROKING,CL657332,AXISBANK,S,128,1816.56,232519.68
2025-11-22,ALPHA_SEC,CL146368,AXISBANK,B,299,1212.14,362429.86
22/11/2025,OMEGA_BROKING,CL527141,TATAMOTORS,B,333,2340.13,779263.29
2025-11-29,BETA_INVEST,CL629085,TATAMOTORS,S,334,2502.33,835778.22
25/11/2025,OMEGA_BROKING,CL701590,SBIN,B,350,2101.06,735371.0
2025-11-20,DELTA_TRADES,CL741535,LT,S,283,2791.92,790113.36
26-Nov-25,OMEGA_BROKING,CL386408,HDFC,B,127,1241.32,157647.64
2025-11-23,ALPHA_SEC,CL145892,ICICIBANK,B,382,146.57,55989.74
2025-11-26,ALPHA_SEC,CL376800,LT,S,124,2157.4,267517.6
22/11/2025,DELTA_TRADES,CL913456,KOTAKBANK,B,275,553.43,152193.25
2025-11-26,ALPHA_SEC,CL147158,SBIN,B,133,2531.53,336693.49
2025-11-24,OMEGA_BROKING,CL419249,HDFC,B,344,904.39,311110.16
21-Nov-25,DELTA_TRADES,CL715057,INFY,S,107,2093.17,223969.19
11-23-2025,BETA_INVEST,CL763729,HDFC,B,118,2206.66,260385.88
21-Nov-25,DELTA_TRADES,CL961775,LT,B,127,1609.03,
11-25-2025,ALPHA_SEC,CL680370,SBIN,S,237,1334.72,316328.64
22-Nov-25,BETA_INVEST,CL925405,TATAMOTORS,S,200,1052.45,210490.0
2025-11-23,OMEGA_BROKING,CL546933,LT,S,288,965.6,278092.8
23/11/2025,ALPHA_SEC,CL617496,RELIANCE,S,281,2117.85,595115.85
22-Nov-25,ALPHA_SEC,CL537641,ICICIBANK,B,339,797.2,270250.8
11-21-2025,BETA_INVEST,CL424554,KOTAKBANK,B,310,689.76,213825.6
11-26-2025,OMEGA_BROKING,CL523143,ITC,S,321,651.32,209073.72
22/11/2025,OMEGA_BROKING,CL647747,RELIANCE,S,30,492.06,14761.8
2025-11-24,BETA_INVEST,CL694631,ICICIBANK,S,395,2252.12,889587.4
21-Nov-25,OMEGA_BROKING,CL812059,TATAMOTORS,S,113,1302.47,147179.11
23/11/2025,DELTA_TRADES,CL503210,INFY,B,77,1677.1,129136.7
26/11/2025,BETA_INVEST,CL619168,INFY,B,353,2764.41,975836.73
11-21-2025,ALPHA_SEC,CL341198,HDFC,S,101,1845.66,186411.66
11-25-2025,OMEGA_BROKING,CL050957,INFY,B,390,1095.82,381788.99
2025-11-26,BETA_INVEST,CL724356,SBIN,B,162,2724.87,441428.94
24/11/2025,BETA_INVEST,CL505924,AXISBANK,S,197,2202.08,433809.76
2025-11-24,BETA_INVEST,CL274419,KOTAKBANK,S,317,1514.86,480210.62
2025-11-20,DELTA_TRADES,CL695348,RELIANCE,S,82,1373.45,112622.9
26/11/2025,BETA_INVEST,CL022265,HDFC,S,29,972.08,28190.32
2025-11-26,ALPHA_SEC,CL249923,ITC,B,146,1239.18,180920.28
22-Nov-25,BETA_INVEST,CL808671,ITC,B,273,967.61,264157.53
11-22-2025,DELTA_TRADES,CL764503,LT,S,221,159.13,35167.73
2025-11-20,ALPHA_SEC,CL681461,ICICIBANK,B,70,562.51,39375.7
22/11/2025,BETA_INVEST,CL392490,RELIANCE,B,283,2370.68,670902.44
22-Nov-25,OMEGA_BROKING,CL244381,LT,S,56,2769.1,155069.6
2025-11-23,BETA_INVEST,CL009705,RELIANCE,B,105,1078.08,113198.4
22-Nov-25,OMEGA_BROKING,CL073243,ICICIBANK,S,226,2099.37,474457.62
23-Nov-25,OMEGA_BROKING,CL054721,LT,S,368,1286.89,473575.52
26/11/2025,DELTA_TRADES,CL475569,AXISBANK,B,274,2351.17,644220.58
25-Nov-25,DELTA_TRADES,CL950880,INFY,B,229,2713.83,621467.07
11-22-2025,ALPHA_SEC,CL803471,HDFC,B,155,1966.79,304852.45
2025-11-22,ALPHA_SEC,CL930371,AXISBANK,B,14,1554.12,21757.68
2025-11-24,BETA_INVEST,CL305286,KOTAKBANK,B,296,2141.65,633928.4
23/11/2025,DELTA_TRADES,CL104765,RELIANCE,B,171,2020.83,345561.93
26/11/2025,ALPHA_SEC,CL384195,ITC,S,198,685.42,135713.16
22/11/2025,DELTA_TRADES,CL939728,KOTAKBANK,S,342,1475.14,504497.88
22-Nov-25,OMEGA_BROKING,CL062823,INFY,S,48,2631.72,126322.56
20/11/2025,OMEGA_BROKING,CL431312,INFY,S,299,1459.84,436492.16
11-22-2025,BETA_INVEST,CL672399,TATAMOTORS,B,150,2409.65,361447.5
2025-11-25,BETA_INVEST,CL130899,SBIN,S,283,2702.03,764674.49
20/11/2025,OMEGA_BROKING,CL781158,INFY,B,52,938.87,48821.24
20-Nov-25,DELTA_TRADES,CL365390,TATAMOTORS,B,105,2418.03,253893.15
20/11/2025,DELTA_TRADES,CL150082,ITC,S,323,2298.54,742428.42
2025-11-25,OMEGA_BROKING,CL386320,TATAMOTORS,B,180,2126.74,382813.2
21-Nov-25,DELTA_TRADES,CL934192,SBIN,B,320,490.73,157033.6
2025-11-25,BETA_INVEST,CL741528,SBIN,S,354,1842.66,817503.22
11-25-2025,BETA_INVEST,CL907622,RELIANCE,S,151,310.11,46826.61
11-24-2025,BETA_INVEST,CL593483,TATAMOTORS,S,375,1521.38,570517.5
23-Nov-25,ALPHA_SEC,CL858119,SBIN,B,48,1527.09,73300.32
29-Nov-25,DELTA_TRADES,CL828055,TATAMOTORS,S,55,261.87,14402.85
2025-11-25,DELTA_TRADES,CL452267,ITC,S,256,1845.54,472458.24
2025-11-23,OMEGA_BROKING,CL879054,LT,B,146,1843.57,269161.22
11-21-2025,DELTA_TRADES,CL718422,SBIN,S,268,2409.85,645839.8
20/11/2025,BETA_INVEST,CL635652,KOTAKBANK,B,184,2610.16,480269.44
23/11/2025,ALPHA_SEC,CL262287,KOTAKBANK,B,343,2478.06,849974.58
11-21-2025,DELTA_TRADES,CL595267,AXISBANK,S,221,1223.15,270316.15
23/11/2025,DELTA_TRADES,CL566312,LT,B,10,793.69,7936.9
21-Nov-25,DELTA_TRADES,CL009879,KOTAKBANK,S,27,1560.07,42121.89
11-24-2025,BETA_INVEST,CL862972,AXISBANK,S,253,452.51,114485.03
2025-11-23,BETA_INVEST,CL490992,ICICIBANK,S,23,2794.12,64264.76
22-Nov-25,DELTA_TRADES,CL789207,HDFC,B,369,1214.92,448305.48
21-Nov-25,DELTA_TRADES,CL060421,LT,S,159,606.55,96441.45
21-Nov-25,BETA_INVEST,CL914146,RELIANCE,B,74,1551.83,114835.42
24/11/2025,BETA_INVEST,CL932030,ICICIBANK,S,293,1323.13,387677.09
21-Nov-25,BETA_INVEST,CL774993,ICICIBANK,S,287,1146.95,329174.65
11-22-2025,OMEGA_BROKING,CL843465,TATAMOTORS,S,10,815.03,8150.3
23/11/2025,DELTA_TRADES,CL542508,HDFC,S,80,2343.2,187456.0
23/11/2025,OMEGA_BROKING,CL830748,ICICIBANK,S,43,2236.14,96154.02
2025-11-23,ALPHA_SEC,CL025581,LT,S,98,1246.93,122199.14
20/11/2025,ALPHA_SEC,CL396823,KOTAKBANK,S,250,1197.03,299257.5
22-Nov-25,ALPHA_SEC,CL410115,INFY,B,260,683.88,177808.8
22/11/2025,OMEGA_BROKING,CL720927,INFY,B,111,2527.47,280549.17
11-20-2025,DELTA_TRADES,CL774576,HDFC,B,43,2791.27,120024.61
20-Nov-25,ALPHA_SEC,CL683288,INFY,S,98,1882.26,184461.48
11-24-2025,BETA_INVEST,CL096719,KOTAKBANK,S,396,1150.32,455526.72
11-26-2025,OMEGA_BROKING,CL383181,RELIANCE,S,212,2235.8,473989.6
11-23-2025,BETA_INVEST,CL903496,SBIN,B,96,1130.89,108565.44
11-22-2025,OMEGA_BROKING,CL443371,TATAMOTORS,B,301,1056.76,318084.76
21-Nov-25,DELTA_TRADES,CL889319,KOTAKBANK,B,361,2296.85,829162.85
24-Nov-25,OMEGA_BROKING,CL055870,TATAMOTORS,B,370,2693.98,996772.6
2025-11-20,DELTA_TRADES,CL893116,SBIN,B,47,884.68,41579.96
2025-11-23,BETA_INVEST,CL795230,KOTAKBANK,S,212,2603.7,551984.4
20-Nov-25,OMEGA_BROKING,CL599071,RELIANCE,S,165,1239.91,204585.15
21/11/2025,OMEGA_BROKING,CL589134,RELIANCE,S,63,1820.77,114708.51
26/11/2025,OMEGA_BROKING,CL192585,RELIANCE,S,19,2660.13,26675.85
23/11/2025,ALPHA_SEC,CL519726,TATAMOTORS,S,71,727.96,51685.16
2025-11-24,ALPHA_SEC,CL989128,TATAMOTORS,S,55,747.98,41138.9
23-Nov-25,DELTA_TRADES,CL579458,SBIN,S,299,1435.75,429289.25
11-21-2025,OMEGA_BROKING,CL034339,ICICIBANK,S,22,2549.71,56093.62
23/11/2025,ALPHA_SEC,CL347461,KOTAKBANK,B,156,2404.07,375034.92
2025-11-24,DELTA_TRADES,CL179378,LT,S,170,952.66,161952.2
11-24-2025,BETA_INVEST,CL354963,ITC,B,269,145.8,39220.2
20-Nov-25,DELTA_TRADES,CL152338,ICICIBANK,S,203,1533.57,311314.71
25-Nov-25,OMEGA_BROKING,CL226730,SBIN,S,86,632.69,54411.34
2025-11-23,DELTA_TRADES,CL577175,TATAMOTORS,S,181,2073.3,375267.3
11-26-2025,BETA_INVEST,CL627596,TATAMOTORS,S,150,1583.54,237531.0
2025-11-21,ALPHA_SEC,CL027947,SBIN,S,219,1536.29,336447.51
21-Nov-25,BETA_INVEST,CL310153,LT,S,98,1617.84,158548.32
2025-11-22,ALPHA_SEC,CL921240,HDFC,S,152,1555.39,236419.28
26/11/2025,BETA_INVEST,CL958284,KOTAKBANK,S,129,1467.28,
2025-11-23,OMEGA_BROKING,CL188857,ITC,B,244,919.31,224311.64
22/11/2025,BETA_INVEST,CL577721,AXISBANK,B,321,1143.05,366919.05
24/11/2025,BETA_INVEST,CL963891,INFY,B,154,1021.86,157366.44
2025-11-22,DELTA_TRADES,CL028506,AXISBANK,S,99,1647.77,163129.23
2025-11-26,ALPHA_SEC,CL373155,INFY,B,382,1258.6,480785.2
26/11/2025,ALPHA_SEC,CL930164,ICICIBANK,B,326,2188.39,713415.14
2025-11-26,BETA_INVEST,CL887328,KOTAKBANK,B,56,249.42,13967.52
23/11/2025,BETA_INVEST,CL782685,AXISBANK,S,210,325.17,68285.7
26/11/2025,OMEGA_BROKING,CL056227,ITC,B,114,527.02,60080.28
25-Nov-25,ALPHA_SEC,CL321748,RELIANCE,B,298,686.07,204448.86
11-22-2025,BETA_INVEST,CL516302,KOTAKBANK,B,177,1796.08,317906.16
2025-11-22,BETA_INVEST,CL118947,KOTAKBANK,B,170,1312.31,223092.7
2025-11-23,DELTA_TRADES,CL851056,LT,B,138,2353.74,
11-23-2025,BETA_INVEST,CL784331,KOTAKBANK,B,30,1844.83,55344.9
2025-11-22,OMEGA_BROKING,CL137178,SBIN,S,218,439.5,95811.0
2025-11-20,DELTA_TRADES,CL903413,INFY,B,376,2445.15,919376.4
11-20-2025,DELTA_TRADES,CL072465,RELIANCE,B,169,205.44,34719.36
11-24-2025,ALPHA_SEC,CL804147,HDFC,B,107,1967.41,210512.87
22/11/2025,BETA_INVEST,CL365208,TATAMOTORS,S,341,2743.33,935475.53
2025-11-20,BETA_INVEST,CL687029,INFY,B,323,1223.88,395313.24
11-24-2025,DELTA_TRADES,CL605347,RELIANCE,B,151,1671.13,252340.63
21/11/2025,ALPHA_SEC,CL089152,KOTAKBANK,B,234,2774.58,649251.72
24/11/2025,DELTA_TRADES,CL321850,TATAMOTORS,B,303,1732.02,524802.06
21-Nov-25,BETA_INVEST,CL138786,TATAMOTORS,B,56,2631.65,147372.4
2025-11-24,ALPHA_SEC,CL465394,AXISBANK,S,335,1792.35,600437.25
11-23-2025,BETA_INVEST,CL129169,RELIANCE,S,210,1367.0,287070.0
11-24-2025,BETA_INVEST,CL561823,KOTAKBANK,S,24,1507.26,36174.24
24/11/2025,DELTA_TRADES,CL482227,KOTAKBANK,B,44,1606.82,70700.08
11-20-2025,OMEGA_BROKING,CL879935,INFY,S,197,1976.71,389411.87
24/11/2025,DELTA_TRADES,CL253983,RELIANCE,S,363,261.66,94982.58
2025-11-20,BETA_INVEST,CL355375,HDFC,S,291,2111.2,614359.2
29-Nov-25,DELTA_TRADES,CL441900,TATAMOTORS,S,161,1927.66,310353.26
26/11/2025,OMEGA_BROKING,CL441932,HDFC,S,309,2452.13,757708.17
11-25-2025,BETA_INVEST,CL588246,SBIN,S,284,1608.71,456873.64
11-24-2025,BETA_INVEST,CL014502,LT,S,361,2470.38,891807.18
29-Nov-25,OMEGA_BROKING,CL511581,LT,S,216,2594.38,560386.08
2025-11-24,ALPHA_SEC,CL269233,SBIN,S,255,1493.95,380957.25
22-Nov-25,BETA_INVEST,CL084349,TATAMOTORS,S,157,2200.8,345525.6
20-Nov-25,DELTA_TRADES,CL944480,HDFC,B,126,2722.94,343090.44
11-20-2025,OMEGA_BROKING,CL055995,HDFC,B,377,1001.69,377637.13
22-Nov-25,DELTA_TRADES,CL568299,ICICIBANK,S,181,2490.75,450825.75
2025-11-22,BETA_INVEST,CL535710,TATAMOTORS,B,359,2605.74,935460.66
11-26-2025,OMEGA_BROKING,CL469637,RELIANCE,B,278,2002.05,556569.9
11-21-2025,BETA_INVEST,CL994278,RELIANCE,S,346,548.5,189781.0
23/11/2025,BETA_INVEST,CL429252,ITC,B,331,1811.18,599500.58
22/11/2025,BETA_INVEST,CL439904,SBIN,B,105,1280.69,134472.45
26/11/2025,ALPHA_SEC,CL235426,LT,S,115,1489.08,171244.2
11-22-2025,ALPHA_SEC,CL960455,TATAMOTORS,B,125,450.35,56293.75
2025-11-23,ALPHA_SEC,CL989810,HDFC,S,13,208.01,2704.13
24/11/2025,BETA_INVEST,CL051153,INFY,S,203,720.6,
11-24-2025,BETA_INVEST,CL747463,SBIN,S,144,2018.18,290617.92
2025-11-20,DELTA_TRADES,CL301952,KOTAKBANK,B,34,1432.96,48720.64
2025-11-25,BETA_INVEST,CL516044,KOTAKBANK,S,84,820.43,68916.12
2025-11-25,ALPHA_SEC,CL124304,INFY,S,390,1498.58,584446.2
2025-11-21,OMEGA_BROKING,CL716319,RELIANCE,S,206,514.04,105892.24
11-25-2025,ALPHA_SEC,CL251126,ICICIBANK,S,350,1823.49,638221.5
29/11/2025,OMEGA_BROKING,CL876658,INFY,B,177,1437.46,254430.42
11-23-2025,DELTA_TRADES,CL503007,INFY,B,198,326.29,64605.42
2025-11-26,ALPHA_SEC,CL546621,TATAMOTORS,S,74,111.81,8273.94
2025-11-21,OMEGA_BROKING,CL972769,SBIN,B,30,2502.99,75089.7
22-Nov-25,BETA_INVEST,CL380822,TATAMOTORS,B,13,1203.06,15639.78
11-26-2025,OMEGA_BROKING,CL221117,INFY,S,171,933.99,159712.29
23-Nov-25,OMEGA_BROKING,CL346890,HDFC,B,129,1599.17,206292.93
21-Nov-25,OMEGA_BROKING,CL116713,LT,S,242,1227.34,297016.28
2025-11-25,ALPHA_SEC,CL632643,HDFC,S,312,718.98,224321.76
11-22-2025,OMEGA_BROKING,CL391211,INFY,B,306,1804.19,552082.14
25-Nov-25,OMEGA_BROKING,CL508886,TATAMOTORS,B,102,440.03,
2025-11-25,BETA_INVEST,CL919112,ITC,B,268,1676.04,449178.72
20/11/2025,BETA_INVEST,CL490553,SBIN,B,313,1251.77,391804.01
11-20-2025,BETA_INVEST,CL877772,ICICIBANK,S,344,1843.07,634016.08
22/11/2025,ALPHA_SEC,CL551872,TATAMOTORS,B,389,1717.68,668177.52
2025-11-26,OMEGA_BROKING,CL468248,HDFC,S,66,1286.95,84938.7
2025-11-26,ALPHA_SEC,CL557140,INFY,B,298,798.95,238087.1
2025-11-26,ALPHA_SEC,CL774316,KOTAKBANK,S,141,694.64,97944.24
20/11/2025,DELTA_TRADES,CL824298,LT,B,188,2546.99,478834.12
2025-11-22,OMEGA_BROKING,CL576255,AXISBANK,S,357,1846.86,659329.02
11-20-2025,DELTA_TRADES,CL308705,HDFC,S,73,1376.23,100464.79
26/11/2025,ALPHA_SEC,CL151947,KOTAKBANK,B,75,235.2,17640.0
25/11/2025,BETA_INVEST,CL167772,LT,S,356,699.91,249167.96
11-25-2025,ALPHA_SEC,CL465895,LT,B,282,2291.51,646205.82
20-Nov-25,ALPHA_SEC,CL623840,KOTAKBANK,S,8,2164.36,17314.88
23/11/2025,ALPHA_SEC,CL390300,SBIN,S,253,859.56,217468.68
11-29-2025,BETA_INVEST,CL849488,AXISBANK,B,143,1909.9,273115.7
11-21-2025,BETA_INVEST,CL334201,LT,B,299,1788.22,534677.78
11-26-2025,ALPHA_SEC,CL177567,RELIANCE,B,250,833.92,208480.0
11-26-2025,ALPHA_SEC,CL466715,INFY,S,129,2089.78,269581.62
2025-11-23,ALPHA_SEC,CL645498,LT,B,396,819.61,324565.56
11-20-2025,BETA_INVEST,CL084199,AXISBANK,B,229,2520.3,577148.7
20/11/2025,DELTA_TRADES,CL923246,RELIANCE,B,111,2501.99,
21-Nov-25,OMEGA_BROKING,CL570846,ITC,B,330,1102.37,363782.1
21/11/2025,ALPHA_SEC,CL048323,RELIANCE,S,173,144.31,24965.63
23/11/2025,OMEGA_BROKING,CL620600,ITC,B,345,734.29,253330.05
11-25-2025,ALPHA_SEC,CL583278,RELIANCE,B,301,1667.08,501791.08
21-Nov-25,DELTA_TRADES,CL965018,LT,B,287,594.67,170670.29
11-26-2025,BETA_INVEST,CL863376,SBIN,B,381,1358.39,517546.59
26-Nov-25,ALPHA_SEC,CL594892,ICICIBANK,S,79,238.22,18819.38
22-Nov-25,DELTA_TRADES,CL798543,TATAMOTORS,B,368,1498.42,551418.56
2025-11-22,ALPHA_SEC,CL987224,RELIANCE,S,188,1757.69,330445.72
21-Nov-25,ALPHA_SEC,CL211717,ICICIBANK,B,327,2502.84,818428.68
25/11/2025,BETA_INVEST,CL085245,ICICIBANK,B,233,1474.05,343453.65
26-Nov-25,OMEGA_BROKING,CL520592,ITC,S,70,2527.48,176923.6
11-20-2025,DELTA_TRADES,CL148828,HDFC,B,306,1392.87,426218.22
11-20-2025,OMEGA_BROKING,CL529711,HDFC,S,78,541.12,42207.36
2025-11-29,ALPHA_SEC,CL028630,TATAMOTORS,B,296,2116.41,626457.36
2025-11-23,OMEGA_BROKING,CL196606,AXISBANK,S,100,1968.59,196859.0
11-26-2025,DELTA_TRADES,CL883097,AXISBANK,B,90,1971.21,177408.9
22/11/2025,BETA_INVEST,CL866746,ICICIBANK,S,129,259.84,33519.36
21-Nov-25,ALPHA_SEC,CL829526,KOTAKBANK,S,9,1414.94,12734.46
2025-11-25,BETA_INVEST,CL186452,INFY,S,187,2491.52,465914.24
21-Nov-25,OMEGA_BROKING,CL714795,AXISBANK,S,173,2144.49,370996.77
20/11/2025,BETA_INVEST,CL487634,AXISBANK,S,297,433.23,128669.31
21-Nov-25,ALPHA_SEC,CL827266,RELIANCE,S,379,1489.13,564380.27
2025-11-23,OMEGA_BROKING,CL031588,TATAMOTORS,B,347,688.64,238958.08
26-Nov-25,OMEGA_BROKING,CL982237,RELIANCE,B,270,2727.64,736462.8
23-Nov-25,OMEGA_BROKING,CL771290,HDFC,S,193,1907.3,368108.9
29-Nov-25,OMEGA_BROKING,CL385951,TATAMOTORS,B,7,1406.82,9847.74
24-Nov-25,BETA_INVEST,CL734121,RELIANCE,B,25,2790.86,69771.5
22/11/2025,DELTA_TRADES,CL683038,ITC,B,389,2611.18,1015749.02
11-21-2025,ALPHA_SEC,CL628242,SBIN,B,147,1000.4,147058.8
21/11/2025,ALPHA_SEC,CL162073,TATAMOTORS,B,298,2003.48,597037.04
11-22-2025,ALPHA_SEC,CL902562,SBIN,S,349,495.94,173083.06
2025-11-26,DELTA_TRADES,CL890466,HDFC,B,134,472.14,63266.76
11-22-2025,DELTA_TRADES,CL562906,AXISBANK,B,140,1451.21,203169.4
22-Nov-25,ALPHA_SEC,CL648709,HDFC,S,58,469.18,27212.44
2025-11-26,OMEGA_BROKING,CL745739,AXISBANK,B,392,113.07,44323.44
2025-11-23,ALPHA_SEC,CL143987,RELIANCE,B,72,256.6,18475.2
11-26-2025,DELTA_TRADES,CL764493,SBIN,B,197,2379.09,468680.73
20/11/2025,OMEGA_BROKING,CL535795,TATAMOTORS,S,66,434.6,28683.6
24-Nov-25,OMEGA_BROKING,CL976230,LT,B,62,2546.59,157888.58
24/11/2025,BETA_INVEST,CL231459,LT,S,345,956.25,329906.25
24/11/2025,ALPHA_SEC,CL823672,INFY,B,321,805.38,258526.98
11-22-2025,DELTA_TRADES,CL148819,ITC,S,184,2103.4,387025.6
23-Nov-25,DELTA_TRADES,CL189147,HDFC,B,250,1954.93,488732.5
11-25-2025,DELTA_TRADES,CL857328,INFY,B,101,2184.55,220639.55
26-Nov-25,OMEGA_BROKING,CL902450,SBIN,S,163,2319.75,378119.25
11-22-2025,DELTA_TRADES,CL802920,RELIANCE,S,334,1303.37,435325.58
11-21-2025,DELTA_TRADES,CL102631,AXISBANK,B,20,1562.95,31259.0
25/11/2025,ALPHA_SEC,CL697858,SBIN,S,197,831.4,163785.8
2025-11-22,BETA_INVEST,CL617848,ITC,B,31,2597.81,80532.11
23/11/2025,ALPHA_SEC,CL781245,KOTAKBANK,S,363,284.55,103291.65
11-24-2025,ALPHA_SEC,CL609100,KOTAKBANK,S,331,2204.84,729802.04
11-26-2025,DELTA_TRADES,CL951978,AXISBANK,B,108,693.97,74948.76
2025-11-22,BETA_INVEST,CL323078,ITC,S,370,1211.72,448336.4
11-22-2025,BETA_INVEST,CL862378,ICICIBANK,S,225,2088.65,469946.25
2025-11-26,OMEGA_BROKING,CL628425,INFY,B,121,1923.84,232784.64
21-Nov-25,OMEGA_BROKING,CL860777,HDFC,B,49,138.85,6803.65
2025-11-26,ALPHA_SEC,CL167246,KOTAKBANK,S,84,1036.95,87103.8
2025-11-22,ALPHA_SEC,CL012920,TATAMOTORS,S,340,1027.29,349278.6
2025-11-24,DELTA_TRADES,CL043591,INFY,S,119,730.05,86875.95
2025-11-26,BETA_INVEST,CL301299,INFY,S,245,1685.22,412878.9
21-Nov-25,OMEGA_BROKING,CL277127,RELIANCE,S,320,1368.49,437916.8
25-Nov-25,DELTA_TRADES,CL937018,ITC,S,215,1570.98,
23-Nov-25,DELTA_TRADES,CL702693,AXISBANK,S,335,1364.88,457234.8
26-Nov-25,DELTA_TRADES,CL182668,HDFC,S,265,2015.48,534102.2
29-Nov-25,DELTA_TRADES,CL549397,TATAMOTORS,B,293,1502.62,440267.66
2025-11-21,ALPHA_SEC,CL173573,ICICIBANK,B,223,519.51,115850.73
11-21-2025,ALPHA_SEC,CL138943,HDFC,B,391,2372.46,927631.86
29/11/2025,OMEGA_BROKING,CL303715,INFY,S,104,2213.08,
29-Nov-25,OMEGA_BROKING,CL544841,RELIANCE,B,189,2533.65,478859.85
2025-11-22,OMEGA_BROKING,CL236219,ICICIBANK,S,38,1029.99,39139.62
21/11/2025,ALPHA_SEC,CL362265,TATAMOTORS,B,322,1999.75,643919.5
11-25-2025,DELTA_TRADES,CL712873,HDFC,S,97,2399.72,
11-25-2025,ALPHA_SEC,CL073907,INFY,B,163,2604.43,424522.09
20/11/2025,DELTA_TRADES,CL864577,ITC,B,261,153.79,40139.19
25-Nov-25,BETA_INVEST,CL699301,ITC,B,322,1214.9,391197.8
2025-11-21,ALPHA_SEC,CL620038,KOTAKBANK,S,97,2037.54,
11-20-2025,OMEGA_BROKING,CL761705,ICICIBANK,B,36,2327.33,83783.88
24-Nov-25,DELTA_TRADES,CL488113,LT,S,234,1651.13,386364.42
20-Nov-25,ALPHA_SEC,CL900811,SBIN,B,94,2645.35,248662.9
21/11/2025,OMEGA_BROKING,CL807706,ICICIBANK,S,228,1609.81,367036.68
23/11/2025,DELTA_TRADES,CL439295,HDFC,S,257,621.35,159686.95
2025-11-26,ALPHA_SEC,CL367004,INFY,S,316,520.39,164443.24
22-Nov-25,ALPHA_SEC,CL534071,HDFC,S,80,1991.23,159298.4
2025-11-24,BETA_INVEST,CL400581,AXISBANK,S,362,2526.04,914426.48
23-Nov-25,OMEGA_BROKING,CL294083,INFY,B,161,2782.87,448042.07
11-23-2025,BETA_INVEST,CL824739,ITC,S,270,1605.34,433441.8
2025-11-21,OMEGA_BROKING,CL106004,KOTAKBANK,S,36,816.01,29376.36
26/11/2025,ALPHA_SEC,CL624815,INFY,B,175,2258.7,395272.5
2025-11-23,BETA_INVEST,CL217660,LT,B,232,317.16,73581.12
24-Nov-25,OMEGA_BROKING,CL694008,TATAMOTORS,S,123,232.11,28549.53
20/11/2025,BETA_INVEST,CL557901,ICICIBANK,S,174,2268.08,394645.92
26/11/2025,ALPHA_SEC,CL077537,KOTAKBANK,S,398,2759.45,1098261.1
2025-11-22,OMEGA_BROKING,CL985863,TATAMOTORS,S,297,348.52,103510.44
22-Nov-25,DELTA_TRADES,CL443182,KOTAKBANK,S,282,1429.7,403175.4
11-21-2025,DELTA_TRADES,CL391183,RELIANCE,B,240,2470.86,593006.4
11-26-2025,OMEGA_BROKING,CL363895,SBIN,B,319,1873.16,597538.04
21/11/2025,OMEGA_BROKING,CL935983,HDFC,S,157,573.93,
11-25-2025,BETA_INVEST,CL744449,INFY,B,391,213.54,83494.14
2025-11-25,OMEGA_BROKING,CL410693,SBIN,B,110,2473.83,272121.3
26-Nov-25,ALPHA_SEC,CL516272,TATAMOTORS,B,120,1301.78,156213.6
2025-11-25,BETA_INVEST,CL346694,RELIANCE,B,227,715.2,162350.4
20/11/2025,BETA_INVEST,CL663233,TATAMOTORS,S,93,537.32,49970.76
24-Nov-25,DELTA_TRADES,CL414393,KOTAKBANK,S,146,357.51,52196.46
24-Nov-25,DELTA_TRADES,CL270652,ICICIBANK,B,50,2511.55,100166.27
26/11/2025,BETA_INVEST,CL920759,HDFC,S,235,1223.62,287550.7
11-22-2025,DELTA_TRADES,CL589297,ICICIBANK,B,149,2701.68,402550.32
21-Nov-25,OMEGA_BROKING,CL617231,RELIANCE,S,195,2561.9,499570.5
21-Nov-25,DELTA_TRADES,CL059637,LT,B,163,1409.64,229771.32
23-Nov-25,DELTA_TRADES,CL659835,ITC,B,272,2608.29,709454.88
20-Nov-25,DELTA_TRADES,CL894007,TATAMOTORS,B,98,2487.71,243795.58
2025-11-22,OMEGA_BROKING,CL421370,ITC,B,220,2628.82,578340.4
22-Nov-25,ALPHA_SEC,CL039570,ICICIBANK,S,49,2068.38,101350.62
22-Nov-25,OMEGA_BROKING,CL732405,LT,B,38,2408.61,91527.18
11-21-2025,OMEGA_BROKING,CL246981,INFY,B,172,609.95,70361.81
2025-11-21,BETA_INVEST,CL224477,HDFC,S,78,871.86,68005.08
2025-11-29,BETA_INVEST,CL834054,RELIANCE,B,7,1991.66,13941.62
22-Nov-25,DELTA_TRADES,CL359744,RELIANCE,B,195,2386.0,465270.0
26-Nov-25,BETA_INVEST,CL159188,HDFC,B,255,1353.21,345068.55
2025-11-20,OMEGA_BROKING,CL814146,INFY,S,40,989.93,39597.2
2025-11-22,DELTA_TRADES,CL782992,ICICIBANK,B,162,516.31,83642.22
11-26-2025,DELTA_TRADES,CL799278,SBIN,S,322,1327.55,427471.1
20/11/2025,BETA_INVEST,CL969148,HDFC,B,73,397.44,29013.12
25-Nov-25,ALPHA_SEC,CL835565,ICICIBANK,S,318,1234.79,392663.22
2025-11-24,OMEGA_BROKING,CL365325,RELIANCE,S,321,1101.79,353674.59
24-Nov-25,DELTA_TRADES,CL260751,LT,S,183,1312.2,240132.6
2025-11-24,BETA_INVEST,CL765017,SBIN,S,94,2055.47,193214.18
11-23-2025,ALPHA_SEC,CL571276,LT,B,112,796.63,89222.56
29/11/2025,ALPHA_SEC,CL865960,INFY,S,315,998.91,314656.65
24/11/2025,ALPHA_SEC,CL579494,ITC,B,97,608.71,59044.87
24/11/2025,ALPHA_SEC,CL026397,INFY,S,161,807.56,130017.16
2025-11-22,DELTA_TRADES,CL011902,ICICIBANK,B,25,2664.98,66624.5
11-26-2025,ALPHA_SEC,CL276004,SBIN,B,215,1406.59,302416.85
24-Nov-25,ALPHA_SEC,CL653206,INFY,S,23,2123.74,48846.02
23/11/2025,ALPHA_SEC,CL689187,LT,S,134,2107.45,282398.3
11-22-2025,OMEGA_BROKING,CL145823,AXISBANK,B,81,516.25,41816.25
11-24-2025,BETA_INVEST,CL962421,AXISBANK,B,23,1494.51,34373.73
11-23-2025,ALPHA_SEC,CL961064,HDFC,B,354,1759.49,
20-Nov-25,ALPHA_SEC,CL297128,KOTAKBANK,S,98,2388.54,234076.92
11-24-2025,ALPHA_SEC,CL521864,SBIN,S,360,1621.43,583714.8
2025-11-20,DELTA_TRADES,CL749655,LT,B,374,1895.92,709074.08
11-23-2025,DELTA_TRADES,CL532691,RELIANCE,B,381,1400.93,533754.33
11-29-2025,ALPHA_SEC,CL381845,KOTAKBANK,B,155,2555.08,404249.33
21/11/2025,DELTA_TRADES,CL372840,LT,S,139,2003.26,278453.14
22/11/2025,BETA_INVEST,CL330065,INFY,S,106,2244.0,237864.0
2025-11-22,ALPHA_SEC,CL249890,KOTAKBANK,S,107,645.79,69099.53
11-26-2025,ALPHA_SEC,CL222310,KOTAKBANK,B,385,2300.35,885634.75
11-23-2025,ALPHA_SEC,CL371860,LT,B,274,1063.86,291497.64
2025-11-20,DELTA_TRADES,CL904049,KOTAKBANK,S,30,1245.11,37353.3
11-20-2025,BETA_INVEST,CL054755,SBIN,B,265,2421.02,641570.3
25/11/2025,ALPHA_SEC,CL826045,ITC,B,36,1957.88,70483.68
21-Nov-25,ALPHA_SEC,CL482590,INFY,B,296,2301.71,681306.16
2025-11-26,OMEGA_BROKING,CL964291,RELIANCE,B,382,2087.24,797325.68
20-Nov-25,DELTA_TRADES,CL350920,KOTAKBANK,S,238,2176.35,517971.3
11-23-2025,BETA_INVEST,CL373182,TATAMOTORS,S,220,1244.56,273803.2
2025-11-22,DELTA_TRADES,CL940455,KOTAKBANK,B,139,814.66,113237.74
11-21-2025,BETA_INVEST,CL219560,TATAMOTORS,B,31,1660.02,51460.62
2025-11-20,ALPHA_SEC,CL132080,ITC,B,146,2176.19,317723.74
2025-11-21,BETA_INVEST,CL812220,AXISBANK,B,294,121.71,35782.74
2025-11-29,ALPHA_SEC,CL318353,RELIANCE,S,245,1891.46,463407.7
11-25-2025,DELTA_TRADES,CL081192,ITC,B,162,2072.83,335798.46
23/11/2025,DELTA_TRADES,CL829322,TATAMOTORS,S,100,435.17,43517.0
21-Nov-25,OMEGA_BROKING,CL246719,INFY,B,359,294.64,105775.76
21-Nov-25,DELTA_TRADES,CL172638,HDFC,S,384,1230.06,472343.04
2025-11-24,BETA_INVEST,CL107004,AXISBANK,B,110,1861.38,204751.8
2025-11-25,ALPHA_SEC,CL123804,INFY,S,361,853.43,308088.23
11-22-2025,DELTA_TRADES,CL656945,AXISBANK,S,91,1845.65,135399.43
2025-11-22,DELTA_TRADES,CL436458,ICICIBANK,S,316,999.84,315949.44
23/11/2025,DELTA_TRADES,CL469811,LT,B,374,2277.9,851934.6
2025-11-23,BETA_INVEST,CL665164,RELIANCE,B,319,644.22,205506.18
11-25-2025,ALPHA_SEC,CL428459,KOTAKBANK,S,158,2213.3,349701.4
2025-11-20,DELTA_TRADES,CL936051,TATAMOTORS,B,210,2712.0,569520.0
24-Nov-25,DELTA_TRADES,CL669376,AXISBANK,B,212,504.46,106945.52
23/11/2025,DELTA_TRADES,CL205851,SBIN,B,348,2690.84,936412.32
11-26-2025,ALPHA_SEC,CL860690,AXISBANK,S,110,2049.87,225485.7
2025-11-25,OMEGA_BROKING,CL825440,HDFC,S,57,830.01,47310.57
2025-11-21,OMEGA_BROKING,CL924432,ICICIBANK,S,134,767.02,102780.68
11-23-2025,DELTA_TRADES,CL456875,SBIN,S,366,2273.61,832141.26
20-Nov-25,ALPHA_SEC,CL221830,RELIANCE,B,60,825.29,49517.4
24-Nov-25,BETA_INVEST,CL489056,SBIN,S,339,1546.59,524294.01
23-Nov-25,OMEGA_BROKING,CL440940,TATAMOTORS,S,73,2189.09,159803.57
25/11/2025,BETA_INVEST,CL394886,INFY,B,5,1317.34,6586.7
2025-11-24,ALPHA_SEC,CL297353,AXISBANK,S,190,2761.68,524719.2
25-Nov-25,ALPHA_SEC,CL776432,ITC,S,362,218.98,79270.76
2025-11-21,OMEGA_BROKING,CL665878,LT,S,347,2089.05,724900.35
20-Nov-25,DELTA_TRADES,CL002510,INFY,B,393,1383.39,543672.27
26/11/2025,BETA_INVEST,CL502302,RELIANCE,B,325,2644.35,859413.75
11-25-2025,BETA_INVEST,CL284259,SBIN,B,214,2017.25,431691.5
11-26-2025,ALPHA_SEC,CL525957,SBIN,S,260,909.31,236420.6
21-Nov-25,ALPHA_SEC,CL834867,RELIANCE,B,197,1222.59,240850.23
2025-11-26,ALPHA_SEC,CL173505,AXISBANK,B,248,999.11,247779.28
21-Nov-25,ALPHA_SEC,CL471645,SBIN,S,235,1824.72,428809.2
11-26-2025,DELTA_TRADES,CL733034,SBIN,B,73,2417.83,176501.59
21-Nov-25,ALPHA_SEC,CL201232,ICICIBANK,S,181,382.0,69142.0
11-23-2025,BETA_INVEST,CL846908,HDFC,S,280,1915.66,536384.8
2025-11-21,DELTA_TRADES,CL066419,KOTAKBANK,S,365,370.23,135133.95
2025-11-29,OMEGA_BROKING,CL518784,ITC,S,245,420.89,103118.05
25/11/2025,DELTA_TRADES,CL505496,TATAMOTORS,B,137,1692.52,231875.24
2025-11-24,OMEGA_BROKING,CL916854,TATAMOTORS,S,390,2288.44,892491.6
29/11/2025,DELTA_TRADES,CL664360,AXISBANK,B,241,1380.06,332594.46
22-Nov-25,DELTA_TRADES,CL574772,HDFC,S,178,1508.49,268511.22
24/11/2025,OMEGA_BROKING,CL195544,SBIN,B,151,2104.06,317713.06
2025-11-20,ALPHA_SEC,CL639686,ICICIBANK,B,131,704.03,92227.93
23/11/2025,DELTA_TRADES,CL555544,HDFC,S,106,310.2,32881.2
24-Nov-25,ALPHA_SEC,CL963401,LT,S,209,2548.0,532532.0
2025-11-21,BETA_INVEST,CL703816,RELIANCE,S,285,1227.14,349734.9
2025-11-26,BETA_INVEST,CL560867,ITC,B,183,2775.42,507901.86
11-26-2025,OMEGA_BROKING,CL438724,LT,B,204,1628.1,332132.4
2025-11-20,DELTA_TRADES,CL463928,LT,B,146,950.86,138825.56
11-24-2025,OMEGA_BROKING,CL328576,INFY,S,129,1907.77,246102.33
22-Nov-25,ALPHA_SEC,CL544615,ITC,S,298,1046.95,311991.1
25-Nov-25,BETA_INVEST,CL321593,HDFC,B,50,1370.84,68542.0
11-22-2025,OMEGA_BROKING,CL010167,ITC,S,212,759.45,161003.4
25-Nov-25,OMEGA_BROKING,CL035413,LT,S,90,1641.07,147696.3
25/11/2025,DELTA_TRADES,CL814662,ITC,B,400,229.0,91600.0
2025-11-25,BETA_INVEST,CL270091,ITC,B,99,1548.22,153273.78
11-25-2025,DELTA_TRADES,CL806638,AXISBANK,B,1,460.81,460.81
2025-11-21,ALPHA_SEC,CL295659,SBIN,B,330,2450.5,808665.0
22-Nov-25,ALPHA_SEC,CL218200,SBIN,B,114,2706.03,308487.42
22/11/2025,DELTA_TRADES,CL272420,KOTAKBANK,B,126,687.87,86671.62
26-Nov-25,ALPHA_SEC,CL436877,ITC,S,180,1134.16,204148.8
22/11/2025,BETA_INVEST,CL765100,HDFC,B,15,108.66,1629.9
11-21-2025,OMEGA_BROKING,CL162549,SBIN,B,376,346.64,130336.64
22-Nov-25,OMEGA_BROKING,CL268068,ITC,S,162,1335.98,216428.76
21-Nov-25,ALPHA_SEC,CL879961,HDFC,B,127,1244.21,158014.67
24-Nov-25,BETA_INVEST,CL636008,HDFC,S,318,1715.41,545500.38
23-Nov-25,OMEGA_BROKING,CL591748,TATAMOTORS,S,354,2523.94,893474.76
11-26-2025,BETA_INVEST,CL811101,RELIANCE,B,359,2711.57,973453.63
2025-11-22,BETA_INVEST,CL272698,ICICIBANK,S,7,1689.47,11826.29
24-Nov-25,OMEGA_BROKING,CL345658,LT,B,159,185.76,29535.84
11-21-2025,DELTA_TRADES,CL204730,HDFC,S,145,1950.86,282874.7
23-Nov-25,BETA_INVEST,CL047328,LT,B,210,1065.17,223685.7
2025-11-22,DELTA_TRADES,CL785186,AXISBANK,S,15,1606.63,24099.45
24/11/2025,BETA_INVEST,CL774046,HDFC,S,392,1285.31,503841.52
2025-11-25,BETA_INVEST,CL625490,ICICIBANK,S,260,2328.8,605488.0
26-Nov-25,BETA_INVEST,CL100470,LT,B,334,1295.03,432540.02
2025-11-26,BETA_INVEST,CL659348,ICICIBANK,B,126,467.01,58843.26
11-22-2025,ALPHA_SEC,CL373918,LT,S,109,818.74,89242.66
2025-11-23,ALPHA_SEC,CL305806,KOTAKBANK,S,283,1528.16,432469.28
21-Nov-25,BETA_INVEST,CL549189,KOTAKBANK,S,232,1477.72,342831.04
2025-11-29,DELTA_TRADES,CL508753,SBIN,B,328,468.25,153586.0
2025-11-25,DELTA_TRADES,CL672155,ITC,S,184,1602.7,294896.8
21/11/2025,DELTA_TRADES,CL547338,INFY,B,121,2541.15,307479.15
20-Nov-25,OMEGA_BROKING,CL118311,ICICIBANK,S,354,2654.56,939714.24
11-26-2025,ALPHA_SEC,CL732774,ICICIBANK,B,351,1047.83,367788.33
22-Nov-25,DELTA_TRADES,CL600597,INFY,S,114,1258.19,143433.66
24/11/2025,DELTA_TRADES,CL222123,LT,B,344,2144.21,737608.24
2025-11-25,DELTA_TRADES,CL343288,LT,B,234,2401.35,561915.9
11-22-2025,DELTA_TRADES,CL217720,TATAMOTORS,S,113,1745.76,197270.88
11-22-2025,DELTA_TRADES,CL899929,ICICIBANK,S,115,790.3,90884.5
29/11/2025,ALPHA_SEC,CL706238,KOTAKBANK,B,93,2488.74,231452.82
2025-11-20,DELTA_TRADES,CL019462,LT,B,30,2220.89,66626.7
29-Nov-25,BETA_INVEST,CL894018,SBIN,B,389,2734.46,1063704.94
11-25-2025,OMEGA_BROKING,CL793745,HDFC,B,313,1070.49,335063.37
2025-11-22,DELTA_TRADES,CL576823,AXISBANK,B,364,2395.88,872100.32
11-26-2025,OMEGA_BROKING,CL395745,HDFC,B,164,635.11,104158.04
22-Nov-25,DELTA_TRADES,CL703913,INFY,S,64,334.79,21426.56
21/11/2025,DELTA_TRADES,CL373645,LT,B,374,1435.91,537030.34
22/11/2025,ALPHA_SEC,CL217190,SBIN,B,163,771.94,125826.22
23/11/2025,OMEGA_BROKING,CL426798,INFY,B,104,247.49,25738.96
22-Nov-25,BETA_INVEST,CL509173,SBIN,S,225,1717.75,386493.75
11-24-2025,DELTA_TRADES,CL471967,LT,B,214,1178.6,252220.4
2025-11-21,OMEGA_BROKING,CL506536,SBIN,S,370,1961.65,725810.5
25-Nov-25,DELTA_TRADES,CL094894,RELIANCE,S,372,2473.59,920175.48
25-Nov-25,DELTA_TRADES,CL480514,SBIN,B,20,1546.25,30925.0
20/11/2025,OMEGA_BROKING,CL033807,HDFC,S,155,693.31,107463.05
23/11/2025,OMEGA_BROKING,CL231531,SBIN,S,286,2715.25,776561.5
22/11/2025,OMEGA_BROKING,CL367518,RELIANCE,S,235,2363.04,555314.4
2025-11-21,BETA_INVEST,CL046030,KOTAKBANK,B,297,536.11,159224.67
21/11/2025,OMEGA_BROKING,CL888414,RELIANCE,S,109,191.2,20840.8
24/11/2025,BETA_INVEST,CL327096,RELIANCE,S,311,1104.64,464749.97
20-Nov-25,OMEGA_BROKING,CL452595,KOTAKBANK,B,250,2197.61,549402.5
23-Nov-25,BETA_INVEST,CL106649,AXISBANK,S,326,1760.27,573848.02
2025-11-29,BETA_INVEST,CL760357,AXISBANK,B,285,380.28,108379.8
2025-11-22,ALPHA_SEC,CL845482,TATAMOTORS,S,189,711.81,134532.09
2025-11-23,ALPHA_SEC,CL255939,ITC,B,378,2686.0,1015308.0
22-Nov-25,ALPHA_SEC,CL676498,ITC,B,291,1903.42,553895.22
11-29-2025,DELTA_TRADES,CL052388,RELIANCE,B,120,2489.87,298784.4
11-22-2025,ALPHA_SEC,CL340840,INFY,B,328,430.62,141243.36
25/11/2025,OMEGA_BROKING,CL912987,AXISBANK,S,184,2724.2,501252.8
25/11/2025,DELTA_TRADES,CL924200,ICICIBANK,B,66,2028.15,133857.9
11-26-2025,OMEGA_BROKING,CL042745,HDFC,S,322,2214.29,713001.38
2025-11-23,DELTA_TRADES,CL539560,LT,B,351,575.25,201912.75
11-22-2025,OMEGA_BROKING,CL620074,ICICIBANK,S,45,704.03,31681.35
11-25-2025,OMEGA_BROKING,CL497166,SBIN,S,63,1049.58,66123.54
26-Nov-25,BETA_INVEST,CL134244,KOTAKBANK,S,21,395.74,8310.54
23-Nov-25,BETA_INVEST,CL297077,RELIANCE,S,208,2054.29,427292.32
2025-11-23,DELTA_TRADES,CL552568,ITC,S,53,1345.62,54176.6
2025-11-26,BETA_INVEST,CL188221,ITC,B,107,2132.21,228146.47
23-Nov-25,OMEGA_BROKING,CL468389,SBIN,B,48,187.49,8999.52
2025-11-24,DELTA_TRADES,CL481198,ICICIBANK,S,222,1441.4,319990.8
2025-11-21,DELTA_TRADES,CL038286,LT,S,16,2613.4,41814.4
22/11/2025,OMEGA_BROKING,CL968366,HDFC,B,219,2701.34,591593.46
24-Nov-25,ALPHA_SEC,CL895804,HDFC,B,264,2599.39,686238.96
2025-11-20,DELTA_TRADES,CL871154,ICICIBANK,B,376,326.01,122579.76
2025-11-29,ALPHA_SEC,CL018674,AXISBANK,S,291,1500.81,436735.71
2025-11-26,DELTA_TRADES,CL463404,KOTAKBANK,S,346,367.31,127089.26
25/11/2025,OMEGA_BROKING,CL537244,TATAMOTORS,B,266,2132.98,567372.68
2025-11-24,ALPHA_SEC,CL812617,LT,S,11,171.34,2240.07
11-21-2025,OMEGA_BROKING,CL650513,HDFC,B,210,2660.64,586154.1
23/11/2025,BETA_INVEST,CL483546,SBIN,S,127,1926.66,244685.82
2025-11-25,BETA_INVEST,CL231061,ITC,S,110,1857.27,204299.7
24-Nov-25,BETA_INVEST,CL582007,INFY,B,65,1555.47,101105.55
2025-11-25,OMEGA_BROKING,CL968853,KOTAKBANK,S,105,1227.37,128873.85
2025-11-22,ALPHA_SEC,CL372699,HDFC,S,256,1737.4,444774.4
11-24-2025,BETA_INVEST,CL264490,TATAMOTORS,B,139,171.4,23824.6
21-Nov-25,DELTA_TRADES,CL791960,KOTAKBANK,S,147,369.77,54356.19
2025-11-24,ALPHA_SEC,CL861835,HDFC,B,256,1894.77,485061.12
2025-11-24,BETA_INVEST,CL333676,RELIANCE,B,178,1205.67,214609.26
26-Nov-25,BETA_INVEST,CL090928,TATAMOTORS,S,235,387.23,90999.05
23/11/2025,BETA_INVEST,CL691199,KOTAKBANK,B,378,2089.3,789755.4
2025-11-22,ALPHA_SEC,CL492479,HDFC,B,36,970.21,34927.56
22/11/2025,DELTA_TRADES,CL692009,HDFC,B,327,1402.11,458489.97
2025-11-22,BETA_INVEST,CL121558,SBIN,B,317,281.92,89368.64
11-26-2025,OMEGA_BROKING,CL357154,TATAMOTORS,S,160,791.73,126676.8
2025-11-24,DELTA_TRADES,CL898507,LT,B,144,699.3,100699.2
11-29-2025,ALPHA_SEC,CL692462,KOTAKBANK,B,201,1558.21,313200.21
2025-11-24,ALPHA_SEC,CL390092,ICICIBANK,S,151,2206.55,333189.05
11-26-2025,ALPHA_SEC,CL915583,INFY,S,265,664.57,176111.05
11-25-2025,DELTA_TRADES,CL708448,SBIN,B,189,1887.9,356813.1
11-22-2025,OMEGA_BROKING,CL996705,ITC,B,310,562.1,174251.0
2025-11-20,ALPHA_SEC,CL148587,KOTAKBANK,B,84,1846.38,
20/11/2025,OMEGA_BROKING,CL862291,INFY,S,59,1077.58,63577.22
25-Nov-25,ALPHA_SEC,CL565972,KOTAKBANK,S,72,626.45,45104.4
20/11/2025,DELTA_TRADES,CL653890,INFY,S,318,202.36,64350.48
2025-11-22,BETA_INVEST,CL018618,SBIN,S,392,847.0,332024.0
2025-11-24,ALPHA_SEC,CL108598,TATAMOTORS,B,153,687.61,105204.33
21-Nov-25,OMEGA_BROKING,CL839765,TATAMOTORS,S,222,2123.34,471381.48
20-Nov-25,BETA_INVEST,CL287470,HDFC,B,285,1876.93,534925.05
2025-11-22,OMEGA_BROKING,CL716234,SBIN,S,165,2033.34,335501.1
11-26-2025,OMEGA_BROKING,CL762909,ICICIBANK,B,399,445.37,177702.63
21-Nov-25,DELTA_TRADES,CL991535,ICICIBANK,B,382,574.36,219405.52
2025-11-20,ALPHA_SEC,CL721221,ICICIBANK,B,321,2680.02,860286.42
11-20-2025,DELTA_TRADES,CL613658,ICICIBANK,S,293,1962.49,575009.57
2025-11-25,DELTA_TRADES,CL830342,AXISBANK,S,89,2009.69,178862.41
26/11/2025,ALPHA_SEC,CL435690,SBIN,S,16,1100.9,17614.4
23-Nov-25,BETA_INVEST,CL049182,ICICIBANK,S,357,647.43,231132.51
2025-11-22,OMEGA_BROKING,CL755575,LT,B,126,2365.55,298059.3
2025-11-22,BETA_INVEST,CL410409,AXISBANK,S,229,973.01,222819.29
26/11/2025,DELTA_TRADES,CL132264,SBIN,B,168,1101.31,185020.08
26-Nov-25,OMEGA_BROKING,CL845378,KOTAKBANK,S,20,1782.96,35659.2
2025-11-26,ALPHA_SEC,CL424377,HDFC,B,236,2140.93,505259.48
24-Nov-25,DELTA_TRADES,CL079377,SBIN,B,174,724.68,126094.32
24-Nov-25,ALPHA_SEC,CL040967,KOTAKBANK,B,255,1194.95,304712.25
2025-11-21,OMEGA_BROKING,CL419075,LT,B,303,2521.7,764075.1
24-Nov-25,ALPHA_SEC,CL740037,SBIN,S,352,984.65,346596.8
26/11/2025,BETA_INVEST,CL914589,KOTAKBANK,B,145,484.92,70313.4
2025-11-20,DELTA_TRADES,CL479088,HDFC,S,123,2541.94,312658.62
2025-11-26,OMEGA_BROKING,CL140812,RELIANCE,B,257,800.23,205659.11
24/11/2025,ALPHA_SEC,CL651242,ICICIBANK,S,337,1798.9,606229.3
11-20-2025,DELTA_TRADES,CL550379,ICICIBANK,B,308,1210.99,372984.92
11-24-2025,ALPHA_SEC,CL288285,TATAMOTORS,B,364,800.65,291436.6
2025-11-21,BETA_INVEST,CL190295,HDFC,B,191,2653.26,506772.66
11-22-2025,BETA_INVEST,CL026273,HDFC,S,3,641.11,1923.33
22-Nov-25,BETA_INVEST,CL269736,LT,S,207,2009.69,416005.83
11-20-2025,ALPHA_SEC,CL040453,KOTAKBANK,S,136,1607.08,218562.88
25/11/2025,DELTA_TRADES,CL773282,RELIANCE,S,242,838.61,202943.62
22-Nov-25,OMEGA_BROKING,CL101573,ICICIBANK,B,144,2472.01,355969.44
11-24-2025,OMEGA_BROKING,CL468754,INFY,S,178,282.78,50334.84
24-Nov-25,ALPHA_SEC,CL699105,HDFC,B,201,2054.4,412934.4
11-21-2025,DELTA_TRADES,CL143272,KOTAKBANK,B,180,769.61,138529.8
2025-11-22,DELTA_TRADES,CL775934,HDFC,B,111,1895.77,210430.47
2025-11-26,DELTA_TRADES,CL808379,TATAMOTORS,B,45,1594.07,71733.15
11-23-2025,BETA_INVEST,CL613377,ITC,B,218,2238.98,488097.64
25/11/2025,ALPHA_SEC,CL150852,INFY,B,240,202.8,48672.0
2025-11-20,DELTA_TRADES,CL247970,ICICIBANK,B,290,340.0,98600.0
11-24-2025,OMEGA_BROKING,CL208588,AXISBANK,B,362,2722.25,985454.5
2025-11-20,ALPHA_SEC,CL029193,LT,S,365,1929.49,704263.85
2025-11-20,DELTA_TRADES,CL159804,AXISBANK,S,231,1185.1,273758.1
25-Nov-25,DELTA_TRADES,CL155006,LT,B,75,697.68,52326.0
2025-11-24,DELTA_TRADES,CL361956,LT,S,326,251.0,81826.0
2025-11-23,BETA_INVEST,CL359675,ICICIBANK,S,148,2349.17,347677.16
24/11/2025,DELTA_TRADES,CL327427,ICICIBANK,S,178,2544.83,452979.74
23/11/2025,BETA_INVEST,CL865257,ICICIBANK,B,231,2324.1,444786.81
24/11/2025,BETA_INVEST,CL144636,ITC,B,363,581.11,210942.93
2025-11-26,DELTA_TRADES,CL708708,KOTAKBANK,B,320,612.43,195977.6
21-Nov-25,BETA_INVEST,CL166158,TATAMOTORS,S,240,243.72,58492.8
2025-11-25,ALPHA_SEC,CL809311,SBIN,B,150,2643.7,396555.0
11-20-2025,DELTA_TRADES,CL090980,KOTAKBANK,B,112,386.03,43235.36
2025-11-20,BETA_INVEST,CL448736,TATAMOTORS,S,289,2484.75,718092.75
25/11/2025,BETA_INVEST,CL109665,SBIN,B,340,1143.11,545461.87
22/11/2025,ALPHA_SEC,CL636286,ICICIBANK,S,265,1214.72,321900.8
26-Nov-25,DELTA_TRADES,CL274909,HDFC,B,64,601.12,39230.01
2025-11-22,ALPHA_SEC,CL191749,INFY,B,129,2645.58,341279.82
22-Nov-25,OMEGA_BROKING,CL934256,ICICIBANK,B,115,433.39,49839.85
11-26-2025,BETA_INVEST,CL203179,KOTAKBANK,B,22,1127.32,24801.04
2025-11-20,ALPHA_SEC,CL483450,ICICIBANK,S,369,2216.72,817969.68
2025-11-20,DELTA_TRADES,CL663329,HDFC,B,194,727.26,141088.44
11-23-2025,DELTA_TRADES,CL810213,AXISBANK,S,172,2496.2,429346.4
22/11/2025,DELTA_TRADES,CL759553,SBIN,S,118,661.32,78035.76
22/11/2025,BETA_INVEST,CL843468,ICICIBANK,B,102,1629.0,166158.0
24-Nov-25,OMEGA_BROKING,CL902043,SBIN,S,243,1673.81,406735.83
22/11/2025,BETA_INVEST,CL258586,AXISBANK,B,363,2366.34,858981.42
22/11/2025,BETA_INVEST,CL066783,KOTAKBANK,S,299,146.62,43839.38
2025-11-24,OMEGA_BROKING,CL233414,INFY,B,297,1133.73,336717.81
2025-11-21,DELTA_TRADES,CL036238,ICICIBANK,S,222,2191.33,486475.26
11-23-2025,BETA_INVEST,CL948971,AXISBANK,B,395,1251.06,494168.7
29/11/2025,DELTA_TRADES,CL315018,TATAMOTORS,S,63,1049.92,66144.96
26/11/2025,ALPHA_SEC,CL435716,ICICIBANK,S,265,2300.67,609677.55
21-Nov-25,ALPHA_SEC,CL844374,SBIN,S,158,1095.72,173123.76
24-Nov-25,BETA_INVEST,CL979947,RELIANCE,B,381,1064.23,405471.63
11-22-2025,DELTA_TRADES,CL115541,RELIANCE,S,323,857.03,276820.69
24/11/2025,OMEGA_BROKING,CL272564,HDFC,B,33,1364.7,45035.1
26/11/2025,ALPHA_SEC,CL749907,HDFC,B,227,1890.64,429175.28
2025-11-29,ALPHA_SEC,CL126722,TATAMOTORS,S,8,1400.17,11201.36
2025-11-25,ALPHA_SEC,CL019540,HDFC,B,20,1571.51,31430.2
20/11/2025,BETA_INVEST,CL372559,HDFC,S,256,2435.76,623554.56
22-Nov-25,ALPHA_SEC,CL781206,KOTAKBANK,S,164,565.32,92712.48
23/11/2025,BETA_INVEST,CL784645,LT,S,164,1551.45,254437.8
23-Nov-25,OMEGA_BROKING,CL412315,TATAMOTORS,S,84,1791.03,150446.52
21/11/2025,OMEGA_BROKING,CL130002,AXISBANK,S,271,798.22,216317.62
21/11/2025,OMEGA_BROKING,CL362976,KOTAKBANK,S,42,526.37,22107.54
20-Nov-25,DELTA_TRADES,CL089651,INFY,B,392,822.82,322545.44
2025-11-22,ALPHA_SEC,CL507450,TATAMOTORS,S,223,2308.7,514840.1
2025-11-22,ALPHA_SEC,CL477439,KOTAKBANK,B,116,945.78,109710.48
11-29-2025,DELTA_TRADES,CL584934,RELIANCE,S,325,2369.23,769999.75
20/11/2025,DELTA_TRADES,CL375215,ICICIBANK,B,4,1929.38,7717.52
21-Nov-25,DELTA_TRADES,CL002267,LT,S,392,2206.37,864897.04
24/11/2025,ALPHA_SEC,CL824400,TATAMOTORS,B,95,1623.19,154203.05
11-24-2025,DELTA_TRADES,CL056203,AXISBANK,S,385,571.7,220104.5
22-Nov-25,DELTA_TRADES,CL770688,INFY,S,9,239.11,2151.99
2025-11-26,OMEGA_BROKING,CL184947,LT,S,354,1565.83,554303.82
25-Nov-25,OMEGA_BROKING,CL937807,TATAMOTORS,S,267,846.37,225980.79
26-Nov-25,DELTA_TRADES,CL841607,INFY,B,207,1555.81,322052.67
22/11/2025,DELTA_TRADES,CL743829,AXISBANK,B,63,1045.5,40278.65
26-Nov-25,ALPHA_SEC,CL587107,ICICIBANK,S,23,2502.95,57567.85
2025-11-25,DELTA_TRADES,CL183777,HDFC,B,290,2199.48,637849.2
29/11/2025,DELTA_TRADES,CL633852,ITC,S,27,2076.8,56073.6
22-Nov-25,BETA_INVEST,CL268311,INFY,S,75,2702.4,202680.0
21-Nov-25,DELTA_TRADES,CL517344,RELIANCE,S,319,2691.15,858476.85
22/11/2025,ALPHA_SEC,CL209624,ITC,S,168,108.97,18306.96
11-22-2025,OMEGA_BROKING,CL734223,LT,B,146,983.36,143570.56
2025-11-26,BETA_INVEST,CL924664,ITC,S,301,1266.13,381105.13
2025-11-20,DELTA_TRADES,CL054390,RELIANCE,B,79,2794.11,220734.69
24-Nov-25,OMEGA_BROKING,CL607098,AXISBANK,S,317,1222.95,387675.15
2025-11-23,DELTA_TRADES,CL974022,AXISBANK,B,144,1853.03,266836.32
26-Nov-25,OMEGA_BROKING,CL155170,SBIN,S,221,2347.36,518766.56
22/11/2025,DELTA_TRADES,CL159277,INFY,B,356,1544.47,549831.32
11-26-2025,ALPHA_SEC,CL930595,RELIANCE,S,192,354.28,68021.76
22/11/2025,OMEGA_BROKING,CL723566,HDFC,S,25,1638.26,40956.5
11-24-2025,OMEGA_BROKING,CL684299,TATAMOTORS,S,23,1517.49,24463.31
23-Nov-25,ALPHA_SEC,CL662215,INFY,S,74,1752.15,129659.1
11-26-2025,DELTA_TRADES,CL320968,LT,B,301,921.56,277389.56
2025-11-20,DELTA_TRADES,CL663026,HDFC,B,155,896.49,138955.95
22/11/2025,OMEGA_BROKING,CL611696,SBIN,B,394,1949.18,767976.92
29-Nov-25,OMEGA_BROKING,CL888036,SBIN,S,289,673.83,194736.87
2025-11-22,DELTA_TRADES,CL147347,INFY,B,213,413.6,65782.47
2025-11-21,DELTA_TRADES,CL846393,HDFC,B,298,2070.69,617065.62
11-21-2025,DELTA_TRADES,CL899000,ITC,B,172,1074.0,184728.0
11-26-2025,BETA_INVEST,CL394576,AXISBANK,B,353,759.46,268089.38
11-23-2025,OMEGA_BROKING,CL694125,INFY,S,307,1259.28,386598.96
2025-11-26,DELTA_TRADES,CL392256,INFY,S,99,1709.53,169243.47
25-Nov-25,DELTA_TRADES,CL116842,SBIN,S,341,1990.43,678736.63
2025-11-25,BETA_INVEST,CL429545,RELIANCE,B,41,527.51,21627.91
25-Nov-25,DELTA_TRADES,CL361692,KOTAKBANK,B,175,2493.73,436402.75
2025-11-24,BETA_INVEST,CL718804,INFY,B,263,2492.85,655619.55
23-Nov-25,OMEGA_BROKING,CL799163,AXISBANK,B,231,961.75,222164.25
11-29-2025,DELTA_TRADES,CL673583,KOTAKBANK,B,380,2245.07,853126.6
11-26-2025,DELTA_TRADES,CL599628,RELIANCE,S,332,2230.15,740409.8
21-Nov-25,DELTA_TRADES,CL926365,TATAMOTORS,B,363,761.11,276282.93
11-20-2025,BETA_INVEST,CL198661,AXISBANK,S,85,2602.5,221212.5
11-25-2025,BETA_INVEST,CL515250,KOTAKBANK,S,229,338.87,77601.23
11-22-2025,BETA_INVEST,CL168081,HDFC,S,265,1723.02,456600.3
11-23-2025,OMEGA_BROKING,CL243897,INFY,B,78,1864.14,145402.92
11-22-2025,DELTA_TRADES,CL468774,LT,S,64,231.43,14811.52
25/11/2025,ALPHA_SEC,CL175775,INFY,S,79,993.49,78485.71
11-21-2025,ALPHA_SEC,CL016748,KOTAKBANK,S,44,423.29,18624.76
2025-11-24,OMEGA_BROKING,CL976660,AXISBANK,B,350,1366.33,478215.5
11-29-2025,BETA_INVEST,CL322143,SBIN,S,214,1117.58,239162.12
25/11/2025,BETA_INVEST,CL139588,TATAMOTORS,B,162,392.23,63541.26
2025-11-23,BETA_INVEST,CL478951,ITC,S,137,1196.88,163972.56
25/11/2025,OMEGA_BROKING,CL246052,ITC,B,253,132.73,33580.69
2025-11-22,ALPHA_SEC,CL405387,TATAMOTORS,S,370,1895.82,701453.4
2025-11-21,OMEGA_BROKING,CL990458,ITC,S,357,1705.35,608809.95
25-Nov-25,OMEGA_BROKING,CL492809,RELIANCE,B,45,2327.66,104744.7
11-24-2025,OMEGA_BROKING,CL480045,ICICIBANK,B,87,2566.08,223248.96
11-25-2025,DELTA_TRADES,CL766538,ITC,S,379,1809.25,685705.75
2025-11-20,ALPHA_SEC,CL876085,KOTAKBANK,S,222,1759.49,390606.78
21/11/2025,OMEGA_BROKING,CL342824,KOTAKBANK,S,236,1791.37,422763.32
11-26-2025,OMEGA_BROKING,CL838645,HDFC,S,173,2374.53,410793.69
29-Nov-25,DELTA_TRADES,CL966612,LT,S,226,1597.51,361037.26
11-25-2025,DELTA_TRADES,CL077283,AXISBANK,B,303,2461.19,745740.57
20-Nov-25,OMEGA_BROKING,CL833460,SBIN,B,398,179.99,71636.02
26/11/2025,OMEGA_BROKING,CL851515,RELIANCE,S,57,2171.23,123760.11
11-20-2025,ALPHA_SEC,CL194670,SBIN,B,61,375.42,22900.62
22-Nov-25,OMEGA_BROKING,CL642852,ICICIBANK,B,285,2598.98,740709.3
23/11/2025,ALPHA_SEC,CL435446,ITC,S,168,2149.87,361178.16
25/11/2025,OMEGA_BROKING,CL976473,HDFC,B,30,2168.09,65042.7
2025-11-21,ALPHA_SEC,CL548576,INFY,S,387,827.84,320374.08
22/11/2025,BETA_INVEST,CL854818,INFY,S,286,1895.16,
21-Nov-25,BETA_INVEST,CL226432,ITC,B,123,2595.53,319250.19
26/11/2025,DELTA_TRADES,CL580928,RELIANCE,B,251,796.43,199903.93
2025-11-20,OMEGA_BROKING,CL641182,AXISBANK,B,42,1646.38,69147.96
2025-11-26,BETA_INVEST,CL929356,KOTAKBANK,S,365,1904.9,695288.5
22/11/2025,DELTA_TRADES,CL274386,HDFC,S,85,1775.43,150911.55
2025-11-21,DELTA_TRADES,CL139248,HDFC,B,99,2158.29,213670.71
25/11/2025,DELTA_TRADES,CL029487,INFY,B,306,1444.32,441961.92
23-Nov-25,DELTA_TRADES,CL622406,RELIANCE,B,56,1996.65,111812.4
25/11/2025,DELTA_TRADES,CL182001,TATAMOTORS,S,312,452.29,141114.48
11-25-2025,DELTA_TRADES,CL254883,ITC,B,90,780.58,70252.2
21/11/2025,BETA_INVEST,CL473160,SBIN,S,143,920.62,131648.66
11-25-2025,DELTA_TRADES,CL838304,ITC,S,235,2550.89,599459.15
2025-11-25,DELTA_TRADES,CL469696,LT,B,149,1495.75,222866.75
29-Nov-25,DELTA_TRADES,CL507516,ICICIBANK,S,393,1689.26,663879.18
2025-11-23,OMEGA_BROKING,CL441692,RELIANCE,S,26,265.37,6899.62
25-Nov-25,BETA_INVEST,CL361908,TATAMOTORS,B,234,1468.68,343671.12
24/11/2025,BETA_INVEST,CL363474,HDFC,B,256,1249.85,319961.6
11-21-2025,DELTA_TRADES,CL732085,TATAMOTORS,B,270,1261.8,340686.0
2025-11-22,OMEGA_BROKING,CL775268,SBIN,S,352,1464.62,515546.24
20-Nov-25,DELTA_TRADES,CL711413,SBIN,S,186,219.28,40786.08
20-Nov-25,DELTA_TRADES,CL383798,ITC,B,179,2270.37,406396.23
2025-11-25,OMEGA_BROKING,CL712890,SBIN,B,364,952.64,346760.96
26-Nov-25,OMEGA_BROKING,CL721417,AXISBANK,B,389,1297.38,504680.82
11-20-2025,DELTA_TRADES,CL106302,SBIN,B,283,1986.94,562304.02
2025-11-21,ALPHA_SEC,CL857508,INFY,S,127,2324.42,295201.34
20-Nov-25,BETA_INVEST,CL367135,RELIANCE,S,204,1163.8,240066.41
2025-11-20,ALPHA_SEC,CL537492,ITC,S,169,2234.45,377622.05
20-Nov-25,DELTA_TRADES,CL700835,ITC,B,183,2671.12,488814.96
2025-11-26,OMEGA_BROKING,CL260973,INFY,S,105,1165.91,122420.55
22/11/2025,OMEGA_BROKING,CL135469,SBIN,S,383,2345.52,898334.16
11-26-2025,OMEGA_BROKING,CL915493,KOTAKBANK,S,355,2025.91,719198.05
2025-11-20,OMEGA_BROKING,CL067155,INFY,S,301,2066.32,621962.32
22-Nov-25,OMEGA_BROKING,CL278158,HDFC,S,380,2358.76,896328.8
2025-11-23,OMEGA_BROKING,CL605460,ICICIBANK,S,102,1400.47,142847.94
2025-11-22,DELTA_TRADES,CL604315,ITC,B,10,2412.14,24121.4
2025-11-25,ALPHA_SEC,CL450781,RELIANCE,B,288,404.89,116608.32
2025-11-24,OMEGA_BROKING,CL282696,KOTAKBANK,B,382,1038.38,396661.16
2025-11-25,DELTA_TRADES,CL368482,KOTAKBANK,B,263,1987.63,522746.69
11-26-2025,BETA_INVEST,CL235894,SBIN,S,326,1542.69,502916.94
20/11/2025,ALPHA_SEC,CL469583,INFY,B,164,784.27,128620.28
25/11/2025,BETA_INVEST,CL808212,HDFC,S,105,2372.78,249141.9
23-Nov-25,DELTA_TRADES,CL058834,KOTAKBANK,S,378,2689.95,1016801.1
21-Nov-25,OMEGA_BROKING,CL121391,SBIN,B,377,660.54,249023.58
2025-11-29,ALPHA_SEC,CL362691,SBIN,S,94,1156.68,108727.92
11-24-2025,ALPHA_SEC,CL140023,LT,S,264,1167.84,308309.76
2025-11-26,DELTA_TRADES,CL200484,TATAMOTORS,B,272,2263.71,615729.12
11-29-2025,BETA_INVEST,CL079558,ITC,S,325,1163.96,378287.0
20/11/2025,OMEGA_BROKING,CL362790,INFY,S,326,1605.39,523357.14
2025-11-25,DELTA_TRADES,CL774016,TATAMOTORS,B,327,1752.9,573198.3
2025-11-24,BETA_INVEST,CL243343,HDFC,S,87,443.99,38627.13
24/11/2025,ALPHA_SEC,CL243682,AXISBANK,B,35,2498.66,87453.1
2025-11-22,ALPHA_SEC,CL211950,SBIN,S,243,530.96,129023.28
2025-11-24,BETA_INVEST,CL629955,HDFC,S,292,2454.17,716617.64
2025-11-21,BETA_INVEST,CL425105,SBIN,S,190,1357.28,257883.2
11-21-2025,ALPHA_SEC,CL325633,INFY,B,2,303.56,607.12
2025-11-23,OMEGA_BROKING,CL261082,AXISBANK,B,345,977.93,337385.85
23/11/2025,DELTA_TRADES,CL680892,HDFC,B,211,1158.15,244369.65
22-Nov-25,ALPHA_SEC,CL694937,AXISBANK,B,213,940.32,200288.16
26/11/2025,BETA_INVEST,CL257545,ICICIBANK,S,30,1054.32,31629.6
25-Nov-25,ALPHA_SEC,CL458545,ICICIBANK,S,353,690.71,243820.63
2025-11-24,DELTA_TRADES,CL029083,HDFC,B,190,2077.84,394789.6
23-Nov-25,DELTA_TRADES,CL419412,AXISBANK,B,95,2587.31,245794.45
25/11/2025,ALPHA_SEC,CL049707,INFY,S,10,474.58,4745.8
20/11/2025,DELTA_TRADES,CL287125,HDFC,B,38,2649.74,100690.12
25-Nov-25,OMEGA_BROKING,CL956895,RELIANCE,B,67,405.74,27184.58
20-Nov-25,BETA_INVEST,CL996802,ITC,S,150,2466.62,369993.0
21-Nov-25,OMEGA_BROKING,CL302067,TATAMOTORS,S,358,1490.28,533520.24
2025-11-23,ALPHA_SEC,CL947200,AXISBANK,B,264,2072.9,547245.6
24/11/2025,DELTA_TRADES,CL490630,HDFC,B,15,1651.89,24778.35
11-24-2025,BETA_INVEST,CL864925,INFY,B,229,455.66,104346.14
20/11/2025,DELTA_TRADES,CL136404,KOTAKBANK,S,321,293.52,94219.92
11-25-2025,ALPHA_SEC,CL244744,TATAMOTORS,B,106,1506.02,159638.12
21-Nov-25,BETA_INVEST,CL548409,AXISBANK,B,2,2172.16,4344.32
11-20-2025,BETA_INVEST,CL366862,RELIANCE,S,263,565.71,148781.73
2025-11-26,BETA_INVEST,CL987596,AXISBANK,B,341,479.2,163407.2
21/11/2025,BETA_INVEST,CL275986,TATAMOTORS,B,175,938.01,164151.75
21-Nov-25,BETA_INVEST,CL558548,TATAMOTORS,S,20,806.47,16129.4
25-Nov-25,DELTA_TRADES,CL401913,TATAMOTORS,B,134,2235.58,299567.72
2025-11-24,OMEGA_BROKING,CL632963,ITC,S,236,191.15,45111.4
23/11/2025,DELTA_TRADES,CL973262,INFY,S,152,1697.47,258015.44
11-20-2025,OMEGA_BROKING,CL494222,SBIN,B,256,235.07,60177.92
22/11/2025,ALPHA_SEC,CL091470,ITC,S,360,116.05,41778.0
21-Nov-25,ALPHA_SEC,CL861412,AXISBANK,B,34,2349.68,79889.12
11-24-2025,OMEGA_BROKING,CL301582,ICICIBANK,B,34,1359.81,46233.54
2025-11-26,OMEGA_BROKING,CL370446,ITC,B,72,1303.06,93820.32
2025-11-21,DELTA_TRADES,CL546257,HDFC,B,125,2616.73,327091.25
2025-11-25,OMEGA_BROKING,CL595097,SBIN,S,100,1867.7,186770.0
23-Nov-25,DELTA_TRADES,CL682572,AXISBANK,B,135,784.57,105916.95
23/11/2025,ALPHA_SEC,CL681918,KOTAKBANK,S,383,2466.73,944757.59
24-Nov-25,OMEGA_BROKING,CL613799,TATAMOTORS,S,66,2073.94,136880.04
11-21-2025,ALPHA_SEC,CL919050,TATAMOTORS,S,289,293.05,84691.45
20/11/2025,DELTA_TRADES,CL154187,HDFC,B,233,2026.55,472186.15
22-Nov-25,BETA_INVEST,CL855273,HDFC,B,240,106.62,25588.8
25/11/2025,BETA_INVEST,CL240211,RELIANCE,S,62,1285.24,79684.88
11-24-2025,ALPHA_SEC,CL712545,LT,S,382,265.32,
11-26-2025,BETA_INVEST,CL188467,ITC,B,179,581.57,104101.03
21-Nov-25,OMEGA_BROKING,CL415486,HDFC,B,367,1644.54,603546.18
2025-11-26,OMEGA_BROKING,CL088722,ICICIBANK,B,276,160.12,44193.12
2025-11-20,OMEGA_BROKING,CL530317,TATAMOTORS,B,22,1969.37,43326.14
22-Nov-25,OMEGA_BROKING,CL594652,INFY,S,88,425.19,37416.72
11-23-2025,BETA_INVEST,CL415551,ITC,S,228,125.23,28552.44
11-20-2025,OMEGA_BROKING,CL047658,LT,B,225,202.91,45654.75
21/11/2025,BETA_INVEST,CL036715,TATAMOTORS,S,179,699.48,125206.92
23/11/2025,ALPHA_SEC,CL416627,RELIANCE,S,265,101.81,26979.65
26-Nov-25,OMEGA_BROKING,CL277171,LT,B,270,799.55,215878.5
20/11/2025,ALPHA_SEC,CL539346,ITC,S,364,225.41,82049.24
24/11/2025,DELTA_TRADES,CL245741,TATAMOTORS,S,144,1634.75,235404.0
26/11/2025,OMEGA_BROKING,CL726133,AXISBANK,B,269,1408.14,378789.66
2025-11-21,ALPHA_SEC,CL284577,KOTAKBANK,B,72,784.3,56469.6
25-Nov-25,DELTA_TRADES,CL455616,ICICIBANK,S,261,1389.01,362531.61
20/11/2025,ALPHA_SEC,CL865501,ITC,B,9,366.81,3301.29
11-21-2025,DELTA_TRADES,CL064910,SBIN,S,69,634.51,43781.19
25/11/2025,BETA_INVEST,CL397875,LT,S,270,1282.83,346364.1
21-Nov-25,BETA_INVEST,CL696387,ITC,S,382,1042.8,398349.6
23/11/2025,DELTA_TRADES,CL354932,TATAMOTORS,S,17,2081.05,35377.85
25/11/2025,ALPHA_SEC,CL182000,LT,S,60,1340.18,80410.8
11-26-2025,OMEGA_BROKING,CL792263,RELIANCE,B,374,910.09,340373.66
11-23-2025,ALPHA_SEC,CL245610,ICICIBANK,B,320,1887.5,604000.0
24-Nov-25,ALPHA_SEC,CL658103,INFY,S,6,138.55,831.3
25-Nov-25,DELTA_TRADES,CL055623,RELIANCE,B,215,639.31,168068.95
26-Nov-25,ALPHA_SEC,CL545738,ICICIBANK,S,354,1277.06,452079.24
23/11/2025,DELTA_TRADES,CL797497,ITC,S,148,1545.59,228747.32
11-25-2025,OMEGA_BROKING,CL658606,RELIANCE,B,25,2788.31,69707.75
11-21-2025,ALPHA_SEC,CL986792,KOTAKBANK,S,386,2245.13,866620.18
11-24-2025,BETA_INVEST,CL624208,SBIN,B,177,1566.08,277196.16
2025-11-26,BETA_INVEST,CL747155,KOTAKBANK,B,31,2506.28,77694.68
11-24-2025,ALPHA_SEC,CL017071,TATAMOTORS,B,286,2713.14,775958.04
2025-11-21,ALPHA_SEC,CL440297,SBIN,B,104,944.51,98229.04
11-21-2025,OMEGA_BROKING,CL814389,HDFC,B,59,1476.67,87123.53
26/11/2025,BETA_INVEST,CL172509,RELIANCE,S,267,2119.55,565919.85
26-Nov-25,OMEGA_BROKING,CL813298,AXISBANK,S,336,917.94,308427.84
25-Nov-25,BETA_INVEST,CL155875,RELIANCE,B,119,2464.7,293299.3
23-Nov-25,ALPHA_SEC,CL319345,KOTAKBANK,B,97,366.21,35522.37
20/11/2025,ALPHA_SEC,CL447420,RELIANCE,B,216,516.63,111592.08
11-26-2025,BETA_INVEST,CL914344,RELIANCE,B,62,1384.54,85841.48
24-Nov-25,BETA_INVEST,CL507959,SBIN,B,390,1379.8,538122.0
2025-11-23,OMEGA_BROKING,CL436892,RELIANCE,S,33,1725.65,56946.45
2025-11-23,OMEGA_BROKING,CL621282,AXISBANK,S,13,1612.66,20964.58
2025-11-23,BETA_INVEST,CL347642,ITC,S,185,978.14,180955.9
20-Nov-25,OMEGA_BROKING,CL399127,INFY,B,367,1735.13,636792.71
23-Nov-25,DELTA_TRADES,CL322783,ICICIBANK,S,18,968.93,17440.74
2025-11-25,BETA_INVEST,CL512053,RELIANCE,S,305,1317.96,401977.8
2025-11-20,OMEGA_BROKING,CL614776,LT,B,81,2047.39,165838.59
2025-11-22,DELTA_TRADES,CL730730,KOTAKBANK,S,176,2053.65,361442.4
2025-11-20,OMEGA_BROKING,CL378526,ITC,S,299,1188.03,355220.97
11-20-2025,BETA_INVEST,CL489606,ICICIBANK,S,116,1368.61,158758.76
2025-11-24,DELTA_TRADES,CL236402,TATAMOTORS,S,115,1882.24,216457.6
21-Nov-25,DELTA_TRADES,CL580223,ICICIBANK,B,29,1374.8,39869.2
23/11/2025,BETA_INVEST,CL176062,KOTAKBANK,B,300,1595.96,478788.0
11-20-2025,DELTA_TRADES,CL097323,LT,B,318,2529.92,804514.56
24-Nov-25,OMEGA_BROKING,CL800606,TATAMOTORS,B,360,1008.16,362937.6
2025-11-26,DELTA_TRADES,CL337959,KOTAKBANK,B,226,1013.53,229057.78
2025-11-24,DELTA_TRADES,CL632656,HDFC,S,363,1471.11,534012.93
2025-11-23,OMEGA_BROKING,CL552679,LT,S,18,961.8,17312.4
24-Nov-25,ALPHA_SEC,CL765974,HDFC,S,30,517.28,15518.4
2025-11-21,BETA_INVEST,CL547893,INFY,B,197,1530.82,301571.54
25-Nov-25,BETA_INVEST,CL765543,SBIN,S,277,263.11,72881.47
23/11/2025,ALPHA_SEC,CL357737,ICICIBANK,S,162,146.5,23733.0
22/11/2025,BETA_INVEST,CL265277,HDFC,B,166,257.54,42751.64
11-25-2025,DELTA_TRADES,CL574263,AXISBANK,S,10,2667.34,26673.4
22/11/2025,BETA_INVEST,CL161147,TATAMOTORS,B,211,872.11,
11-23-2025,BETA_INVEST,CL755231,KOTAKBANK,B,357,2308.98,824305.86
2025-11-22,DELTA_TRADES,CL936324,TATAMOTORS,S,84,413.66,34747.44
26-Nov-25,DELTA_TRADES,CL294133,ITC,S,226,2194.37,495927.62
22-Nov-25,DELTA_TRADES,CL125962,SBIN,B,334,2441.62,815501.08
22/11/2025,DELTA_TRADES,CL783571,RELIANCE,B,301,650.94,195932.94
29/11/2025,ALPHA_SEC,CL472995,INFY,B,205,1073.01,219967.05
2025-11-21,ALPHA_SEC,CL489736,AXISBANK,B,253,1057.54,
23/11/2025,OMEGA_BROKING,CL630177,INFY,B,14,105.39,1475.46
2025-11-22,ALPHA_SEC,CL882507,KOTAKBANK,B,304,2654.67,807019.68
22/11/2025,ALPHA_SEC,CL916367,SBIN,S,78,1286.68,100361.04
11-24-2025,ALPHA_SEC,CL406591,ITC,S,22,1506.81,33149.82
21-Nov-25,DELTA_TRADES,CL319923,LT,B,169,1500.67,253613.23
21/11/2025,DELTA_TRADES,CL940391,TATAMOTORS,S,313,1512.29,473346.77
22-Nov-25,DELTA_TRADES,CL285219,LT,B,339,651.7,
11-21-2025,BETA_INVEST,CL472626,RELIANCE,B,223,2725.84,607862.32
24-Nov-25,ALPHA_SEC,CL459422,TATAMOTORS,B,281,2114.91,594289.71
11-21-2025,ALPHA_SEC,CL025487,ICICIBANK,S,58,1878.16,108933.28
2025-11-24,DELTA_TRADES,CL434592,ITC,B,133,206.52,27467.16
22-Nov-25,ALPHA_SEC,CL673302,RELIANCE,B,213,253.74,54046.62
11-22-2025,DELTA_TRADES,CL912062,RELIANCE,S,225,468.38,105385.5
11-21-2025,OMEGA_BROKING,CL674113,HDFC,B,355,419.64,148972.2
2025-11-22,ALPHA_SEC,CL351559,RELIANCE,B,222,2053.12,455792.64
2025-11-24,ALPHA_SEC,CL826842,ITC,S,346,823.4,284896.4
22-Nov-25,OMEGA_BROKING,CL417374,TATAMOTORS,B,83,1412.81,117263.23
24-Nov-25,DELTA_TRADES,CL419536,TATAMOTORS,B,285,2589.81,738095.85
22-Nov-25,OMEGA_BROKING,CL089335,ICICIBANK,B,154,1715.94,264254.76
11-23-2025,DELTA_TRADES,CL827408,ICICIBANK,S,136,518.42,70505.12
11-25-2025,OMEGA_BROKING,CL904041,ITC,B,123,1584.39,194879.97
24-Nov-25,BETA_INVEST,CL102428,ITC,S,384,2202.21,845648.64
23/11/2025,DELTA_TRADES,CL060047,ICICIBANK,S,192,604.68,116098.56
20/11/2025,BETA_INVEST,CL612476,SBIN,B,85,1332.05,113224.25
26-Nov-25,ALPHA_SEC,CL205379,KOTAKBANK,B,117,2620.16,306558.72
11-22-2025,DELTA_TRADES,CL730626,INFY,B,210,159.33,33459.3
2025-11-26,BETA_INVEST,CL763968,TATAMOTORS,S,226,2771.04,626255.04
22/11/2025,DELTA_TRADES,CL572116,ITC,B,144,1092.84,157368.96
2025-11-20,ALPHA_SEC,CL547603,HDFC,S,196,866.63,169859.48
20/11/2025,OMEGA_BROKING,CL266060,ITC,S,218,114.74,25013.32
24/11/2025,OMEGA_BROKING,CL030060,LT,B,275,1513.79,416292.25
2025-11-22,OMEGA_BROKING,CL828232,TATAMOTORS,S,166,1329.45,
20/11/2025,ALPHA_SEC,CL537702,HDFC,S,258,1934.22,499028.76
24/11/2025,BETA_INVEST,CL826013,ITC,B,194,452.16,87719.04
25-Nov-25,ALPHA_SEC,CL313012,RELIANCE,B,286,2489.91,712114.26
11-26-2025,DELTA_TRADES,CL291345,AXISBANK,B,202,1443.82,291651.64
22-Nov-25,BETA_INVEST,CL378263,RELIANCE,B,7,2197.56,15382.92
2025-11-20,OMEGA_BROKING,CL539214,HDFC,B,193,685.9,132378.7
2025-11-26,OMEGA_BROKING,CL158815,ITC,B,175,907.72,217864.24
24-Nov-25,ALPHA_SEC,CL138826,HDFC,S,245,1830.09,448372.05
20/11/2025,DELTA_TRADES,CL339150,KOTAKBANK,B,299,1722.22,514943.78
11-21-2025,BETA_INVEST,CL584447,RELIANCE,S,80,1872.25,149780.0
20-Nov-25,ALPHA_SEC,CL579685,SBIN,S,13,794.76,10331.88
11-25-2025,ALPHA_SEC,CL178187,KOTAKBANK,B,139,2090.6,290593.4
25-Nov-25,BETA_INVEST,CL520983,RELIANCE,S,390,2241.09,874025.1
25-Nov-25,ALPHA_SEC,CL664245,ICICIBANK,S,7,718.11,5026.77
11-22-2025,OMEGA_BROKING,CL477519,SBIN,S,319,1222.49,389974.31
2025-11-26,OMEGA_BROKING,CL448426,TATAMOTORS,B,104,1064.46,110703.84
2025-11-20,ALPHA_SEC,CL807739,SBIN,B,261,479.19,125068.59
11-26-2025,ALPHA_SEC,CL419770,LT,S,211,1967.96,415239.56
20-Nov-25,OMEGA_BROKING,CL673206,INFY,B,400,1029.75,411900.0
26-Nov-25,BETA_INVEST,CL606455,KOTAKBANK,S,41,548.64,22494.24
25/11/2025,BETA_INVEST,CL590287,ITC,S,30,1438.77,43163.1
26/11/2025,ALPHA_SEC,CL616427,HDFC,S,109,1941.59,211633.31
22-Nov-25,OMEGA_BROKING,CL783017,ICICIBANK,S,54,2122.49,114614.46
11-24-2025,DELTA_TRADES,CL672519,INFY,S,75,432.01,32400.75
2025-11-20,ALPHA_SEC,CL997616,ICICIBANK,S,361,1126.73,406749.53
11-20-2025,OMEGA_BROKING,CL080648,INFY,S,156,1792.43,279619.08
23/11/2025,OMEGA_BROKING,CL137521,RELIANCE,B,40,2107.45,84298.0
25/11/2025,DELTA_TRADES,CL154068,INFY,B,319,2245.77,716400.63
2025-11-25,BETA_INVEST,CL523202,HDFC,B,91,2186.39,198961.49
11-25-2025,OMEGA_BROKING,CL638942,HDFC,B,389,1557.31,605793.59
2025-11-24,BETA_INVEST,CL738804,TATAMOTORS,B,348,241.71,84115.08
22-Nov-25,BETA_INVEST,CL326083,LT,B,202,2448.66,494629.32
23/11/2025,OMEGA_BROKING,CL909285,LT,S,372,1434.62,533678.64
2025-11-22,OMEGA_BROKING,CL579821,KOTAKBANK,B,325,458.82,149116.5
20-Nov-25,ALPHA_SEC,CL665513,SBIN,S,68,354.55,24109.4
2025-11-25,DELTA_TRADES,CL813494,ITC,S,383,1273.61,487792.63
11-29-2025,ALPHA_SEC,CL298681,RELIANCE,S,363,1672.13,606983.19
23/11/2025,OMEGA_BROKING,CL920751,SBIN,B,289,478.58,138309.62
26/11/2025,BETA_INVEST,CL230866,LT,B,135,1548.59,209059.65
2025-11-21,BETA_INVEST,CL751971,RELIANCE,S,20,2030.62,40612.4
2025-11-25,ALPHA_SEC,CL633408,AXISBANK,B,28,275.01,7700.28
2025-11-24,ALPHA_SEC,CL038207,SBIN,S,198,2418.14,478791.72
22-Nov-25,ALPHA_SEC,CL807212,LT,S,120,195.58,23469.6
2025-11-29,DELTA_TRADES,CL152876,ICICIBANK,B,40,2520.86,100834.4
2025-11-29,ALPHA_SEC,CL931282,AXISBANK,B,65,355.87,23131.55
11-23-2025,ALPHA_SEC,CL690053,ICICIBANK,S,106,283.5,30051.0
11-25-2025,DELTA_TRADES,CL117315,TATAMOTORS,S,168,2366.29,397536.72
11-25-2025,DELTA_TRADES,CL871435,KOTAKBANK,B,233,2333.88,543794.04
20-Nov-25,OMEGA_BROKING,CL072803,AXISBANK,S,370,2037.66,753934.2
24/11/2025,ALPHA_SEC,CL735465,HDFC,B,225,1452.01,326702.25
22-Nov-25,BETA_INVEST,CL563461,RELIANCE,B,310,1461.54,453077.4
2025-11-25,BETA_INVEST,CL703958,TATAMOTORS,B,70,1995.35,139674.5
25-Nov-25,OMEGA_BROKING,CL646876,TATAMOTORS,B,96,2541.1,243945.6
21/11/2025,DELTA_TRADES,CL878440,ICICIBANK,S,359,2397.53,
23/11/2025,OMEGA_BROKING,CL754587,TATAMOTORS,B,273,746.31,203742.63
2025-11-25,OMEGA_BROKING,CL525079,RELIANCE,S,169,2664.93,450373.17
23/11/2025,BETA_INVEST,CL516367,HDFC,B,53,1549.53,82125.09
11-22-2025,ALPHA_SEC,CL921702,RELIANCE,B,19,2740.07,52061.33
22-Nov-25,ALPHA_SEC,CL420155,SBIN,B,202,888.6,179497.2
2025-11-24,DELTA_TRADES,CL646705,INFY,B,33,163.15,5383.95
22/11/2025,BETA_INVEST,CL759133,INFY,B,25,2776.42,69410.5
25/11/2025,OMEGA_BROKING,CL963783,ICICIBANK,S,207,2223.49,460262.43
25/11/2025,BETA_INVEST,CL655204,SBIN,B,310,2194.99,680446.9
11-25-2025,DELTA_TRADES,CL914155,TATAMOTORS,S,307,559.42,171741.94
20-Nov-25,OMEGA_BROKING,CL300803,AXISBANK,B,331,2207.69,730745.39
2025-11-22,DELTA_TRADES,CL257370,HDFC,B,303,755.46,228904.38
2025-11-24,DELTA_TRADES,CL363547,AXISBANK,S,278,1461.18,406208.04
2025-11-21,OMEGA_BROKING,CL883128,ICICIBANK,B,38,2077.84,78957.92
11-21-2025,ALPHA_SEC,CL098636,AXISBANK,S,147,1546.9,227394.3
2025-11-21,DELTA_TRADES,CL242789,HDFC,S,321,891.45,286155.45
22-Nov-25,DELTA_TRADES,CL718366,INFY,B,127,302.34,38397.18
25-Nov-25,BETA_INVEST,CL825249,TATAMOTORS,S,131,2569.4,336591.4
25/11/2025,BETA_INVEST,CL098331,RELIANCE,B,326,1008.05,328624.3
21/11/2025,DELTA_TRADES,CL184661,ITC,B,35,227.37,7957.95
2025-11-22,OMEGA_BROKING,CL302497,ICICIBANK,S,137,2535.12,347311.44
23/11/2025,DELTA_TRADES,CL884558,TATAMOTORS,S,233,405.74,94537.42
2025-11-21,ALPHA_SEC,CL088743,ITC,B,181,307.56,55668.36
11-26-2025,DELTA_TRADES,CL087603,INFY,B,67,547.79,36701.93
20-Nov-25,BETA_INVEST,CL466774,ITC,S,290,2492.24,
21-Nov-25,OMEGA_BROKING,CL354282,TATAMOTORS,B,322,2626.07,845594.54
11-22-2025,BETA_INVEST,CL332436,AXISBANK,B,8,1019.29,8154.32
23-Nov-25,ALPHA_SEC,CL748265,INFY,B,213,2518.28,536393.64
26-Nov-25,OMEGA_BROKING,CL768804,TATAMOTORS,B,204,2451.91,405190.42
24/11/2025,OMEGA_BROKING,CL424774,TATAMOTORS,B,169,2616.86,442249.34
11-21-2025,ALPHA_SEC,CL322297,RELIANCE,B,334,1320.49,441043.66
20-Nov-25,OMEGA_BROKING,CL890782,AXISBANK,B,292,841.88,245828.96
24-Nov-25,DELTA_TRADES,CL673626,TATAMOTORS,B,342,758.76,259495.92
2025-11-20,OMEGA_BROKING,CL317532,SBIN,S,398,689.1,274261.8
11-24-2025,OMEGA_BROKING,CL178127,HDFC,B,16,1499.28,23988.48
2025-11-22,ALPHA_SEC,CL954340,ITC,B,196,1015.23,198985.08
26/11/2025,DELTA_TRADES,CL093907,RELIANCE,S,43,1856.94,79848.42
20/11/2025,BETA_INVEST,CL802257,ITC,S,18,731.99,13175.82
2025-11-24,OMEGA_BROKING,CL634758,SBIN,B,38,835.58,31752.04
2025-11-25,ALPHA_SEC,CL643997,INFY,B,175,1692.39,296168.25
24/11/2025,DELTA_TRADES,CL659589,SBIN,B,54,1412.89,76296.06
11-23-2025,OMEGA_BROKING,CL261863,INFY,S,230,1331.13,306159.9
25/11/2025,BETA_INVEST,CL693601,TATAMOTORS,B,372,1545.05,574758.6
20/11/2025,DELTA_TRADES,CL694576,RELIANCE,S,304,1378.94,419197.76
26/11/2025,DELTA_TRADES,CL327437,KOTAKBANK,B,13,2343.65,30467.45
26/11/2025,OMEGA_BROKING,CL530005,INFY,B,224,2737.67,613238.08
24/11/2025,BETA_INVEST,CL015140,ICICIBANK,S,159,1595.28,253649.52
11-25-2025,OMEGA_BROKING,CL455021,SBIN,S,100,350.82,35082.0
23/11/2025,DELTA_TRADES,CL903302,LT,S,240,2330.86,559406.4
2025-11-22,BETA_INVEST,CL148445,RELIANCE,S,99,525.61,52035.39
22-Nov-25,BETA_INVEST,CL103393,RELIANCE,B,106,2525.63,267716.78
11-25-2025,BETA_INVEST,CL356577,TATAMOTORS,S,11,2021.75,22239.25
25-Nov-25,BETA_INVEST,CL622727,RELIANCE,S,163,2249.57,366679.91
2025-11-23,DELTA_TRADES,CL330373,HDFC,B,206,2717.62,559829.72
23/11/2025,ALPHA_SEC,CL976602,LT,S,337,2776.22,935586.14
24-Nov-25,BETA_INVEST,CL405614,RELIANCE,B,36,2562.18,92238.48
2025-11-24,OMEGA_BROKING,CL144829,ICICIBANK,B,373,151.01,56326.73
22-Nov-25,ALPHA_SEC,CL679085,RELIANCE,B,184,1898.43,349311.12
25/11/2025,BETA_INVEST,CL323035,ICICIBANK,S,120,542.41,65089.2
2025-11-24,BETA_INVEST,CL776588,AXISBANK,B,28,1718.43,48116.04
2025-11-21,OMEGA_BROKING,CL299674,TATAMOTORS,S,97,436.85,42374.45
11-20-2025,BETA_INVEST,CL439804,AXISBANK,B,217,1629.52,353605.84
11-25-2025,DELTA_TRADES,CL354890,ICICIBANK,B,68,162.53,11052.04
25/11/2025,ALPHA_SEC,CL306495,RELIANCE,S,156,2415.98,230408.06
2025-11-25,DELTA_TRADES,CL726753,RELIANCE,S,88,1383.46,121744.48
22/11/2025,DELTA_TRADES,CL837319,HDFC,B,249,2303.3,573521.7
24/11/2025,ALPHA_SEC,CL619721,HDFC,S,40,2732.37,109294.8
23/11/2025,BETA_INVEST,CL519867,SBIN,B,126,1025.82,129253.32
11-21-2025,OMEGA_BROKING,CL756998,ITC,B,37,1588.29,58766.73
11-25-2025,DELTA_TRADES,CL130775,HDFC,S,133,1585.68,210895.44
22/11/2025,DELTA_TRADES,CL147288,SBIN,S,169,352.75,59614.75
26-Nov-25,DELTA_TRADES,CL690681,SBIN,S,244,1873.39,457107.16
22-Nov-25,OMEGA_BROKING,CL980596,TATAMOTORS,B,358,1381.82,494691.56
29-Nov-25,OMEGA_BROKING,CL005998,KOTAKBANK,S,185,688.69,
23-Nov-25,BETA_INVEST,CL746828,RELIANCE,S,103,2327.67,239750.01
2025-11-23,BETA_INVEST,CL230276,ITC,B,175,2646.46,463130.5
11-22-2025,DELTA_TRADES,CL867158,ITC,S,149,1190.53,
2025-11-24,ALPHA_SEC,CL139340,SBIN,S,308,433.61,133551.88
11-22-2025,OMEGA_BROKING,CL233281,SBIN,B,255,1311.29,334378.95
2025-11-22,OMEGA_BROKING,CL819433,AXISBANK,B,146,1694.7,247426.2
11-26-2025,ALPHA_SEC,CL615088,SBIN,S,47,1407.3,66143.1
25/11/2025,DELTA_TRADES,CL467847,SBIN,S,351,1151.94,404330.94
24/11/2025,BETA_INVEST,CL051431,TATAMOTORS,S,317,2445.75,775302.75
11-22-2025,DELTA_TRADES,CL599091,RELIANCE,B,164,2042.26,334930.64
2025-11-24,BETA_INVEST,CL579990,HDFC,S,78,1562.09,121843.02
11-29-2025,ALPHA_SEC,CL730358,ICICIBANK,S,174,293.22,51020.28
23-Nov-25,DELTA_TRADES,CL854636,ICICIBANK,B,141,140.54,19816.14
11-21-2025,BETA_INVEST,CL507951,AXISBANK,S,213,1950.0,415350.0
23-Nov-25,ALPHA_SEC,CL841318,ITC,S,74,2426.66,179572.84
11-22-2025,ALPHA_SEC,CL100432,TATAMOTORS,S,137,1042.51,142823.87
20-Nov-25,ALPHA_SEC,CL089826,ITC,B,195,2190.76,427198.2
11-24-2025,DELTA_TRADES,CL500049,HDFC,B,266,2288.11,608637.26
22/11/2025,ALPHA_SEC,CL579189,AXISBANK,B,297,2400.78,713031.66
11-24-2025,BETA_INVEST,CL491130,ITC,B,300,322.09,96627.0
20/11/2025,DELTA_TRADES,CL843778,TATAMOTORS,S,357,824.0,294168.0
23/11/2025,ALPHA_SEC,CL080296,ICICIBANK,B,105,1489.61,156409.05
26/11/2025,ALPHA_SEC,CL374891,HDFC,B,160,2084.73,333556.8
21-Nov-25,OMEGA_BROKING,CL043374,TATAMOTORS,B,362,2548.89,922698.18
2025-11-26,BETA_INVEST,CL559984,HDFC,S,394,644.97,254118.18
22-Nov-25,DELTA_TRADES,CL888181,SBIN,S,11,1011.38,11125.18
21/11/2025,BETA_INVEST,CL882567,LT,B,303,1302.32,394602.96
22/11/2025,DELTA_TRADES,CL379650,KOTAKBANK,S,320,2073.7,663584.0
21/11/2025,ALPHA_SEC,CL908860,ITC,B,166,2465.03,409194.98
11-20-2025,DELTA_TRADES,CL561765,ITC,S,388,111.54,43277.52
11-21-2025,DELTA_TRADES,CL038778,HDFC,S,21,105.34,2212.14
20/11/2025,ALPHA_SEC,CL922917,LT,B,289,1907.52,551273.28
2025-11-26,ALPHA_SEC,CL364846,INFY,S,199,962.36,191509.64
23-Nov-25,OMEGA_BROKING,CL261164,RELIANCE,B,8,2071.22,16569.76
20/11/2025,OMEGA_BROKING,CL168835,INFY,B,54,772.99,41741.46
20/11/2025,BETA_INVEST,CL191178,HDFC,S,207,2241.68,
25/11/2025,ALPHA_SEC,CL303534,ICICIBANK,S,284,2466.45,700471.8
23-Nov-25,DELTA_TRADES,CL754427,HDFC,B,109,2596.69,283039.21
11-20-2025,ALPHA_SEC,CL242677,INFY,B,254,2275.45,577964.3
11-22-2025,ALPHA_SEC,CL272112,KOTAKBANK,B,166,1400.37,232461.42
11-23-2025,ALPHA_SEC,CL526596,INFY,S,191,2098.88,400886.08
2025-11-29,OMEGA_BROKING,CL964680,TATAMOTORS,S,361,2679.76,967393.36
11-29-2025,ALPHA_SEC,CL991585,KOTAKBANK,S,155,2320.07,359610.85
2025-11-25,DELTA_TRADES,CL135649,AXISBANK,B,164,1808.27,296556.28
2025-11-20,ALPHA_SEC,CL155958,ITC,B,156,1020.85,159252.6
2025-11-21,BETA_INVEST,CL997324,TATAMOTORS,S,278,718.87,199845.86
11-26-2025,BETA_INVEST,CL502153,ITC,B,324,1546.36,501020.64
11-21-2025,OMEGA_BROKING,CL645404,RELIANCE,S,29,1110.12,32193.48
11-20-2025,DELTA_TRADES,CL757322,ITC,S,64,1597.38,102232.32
2025-11-22,ALPHA_SEC,CL611036,HDFC,B,183,420.87,77019.21
2025-11-23,BETA_INVEST,CL657346,ICICIBANK,B,3,145.14,435.42
11-25-2025,DELTA_TRADES,CL118110,ITC,B,218,1393.73,303833.14
11-21-2025,ALPHA_SEC,CL957629,INFY,B,129,218.18,28145.22
11-23-2025,DELTA_TRADES,CL340455,LT,B,31,2507.79,77741.49
26-Nov-25,DELTA_TRADES,CL626028,INFY,S,300,2410.81,723243.0
11-23-2025,OMEGA_BROKING,CL763868,TATAMOTORS,S,110,182.61,20087.1
11-26-2025,OMEGA_BROKING,CL940404,HDFC,S,114,767.28,87469.92
20-Nov-25,BETA_INVEST,CL960021,ITC,S,39,823.1,32100.9
24-Nov-25,OMEGA_BROKING,CL786688,LT,B,9,281.46,2533.14
23/11/2025,DELTA_TRADES,CL241780,ITC,S,352,1400.8,493081.6
25-Nov-25,BETA_INVEST,CL102728,HDFC,S,344,467.57,160844.08
11-20-2025,BETA_INVEST,CL444658,AXISBANK,B,161,1976.72,318251.92
2025-11-23,BETA_INVEST,CL027010,LT,B,49,666.49,32658.01
11-25-2025,BETA_INVEST,CL590902,SBIN,S,39,2578.01,
2025-11-24,BETA_INVEST,CL874792,INFY,B,141,1155.37,162907.17
2025-11-22,BETA_INVEST,CL651373,SBIN,B,332,1185.81,393688.92
29-Nov-25,DELTA_TRADES,CL162726,TATAMOTORS,B,267,2476.24,661156.08
2025-11-23,ALPHA_SEC,CL993198,HDFC,B,365,1852.88,676301.2
2025-11-22,OMEGA_BROKING,CL648302,TATAMOTORS,B,353,442.75,156290.75
21/11/2025,OMEGA_BROKING,CL492049,TATAMOTORS,S,61,502.58,30657.38
11-29-2025,ALPHA_SEC,CL841679,SBIN,S,87,1970.81,171460.47
25-Nov-25,BETA_INVEST,CL314130,LT,B,17,1338.65,22757.05
2025-11-23,ALPHA_SEC,CL261585,AXISBANK,S,245,1899.06,465269.7
11-25-2025,BETA_INVEST,CL960556,LT,S,335,282.1,94503.5
22-Nov-25,OMEGA_BROKING,CL117871,ICICIBANK,S,47,1808.21,84985.87
22-Nov-25,BETA_INVEST,CL515862,ITC,B,133,1068.83,142154.39
25/11/2025,OMEGA_BROKING,CL395856,AXISBANK,B,318,2206.96,701813.28
25/11/2025,OMEGA_BROKING,CL447486,KOTAKBANK,S,34,1514.27,51485.18
2025-11-23,BETA_INVEST,CL060802,ICICIBANK,S,254,2446.39,621383.06
26/11/2025,DELTA_TRADES,CL779398,AXISBANK,B,393,2244.85,882226.05
25-Nov-25,DELTA_TRADES,CL689185,RELIANCE,S,306,2286.59,699696.54
2025-11-21,ALPHA_SEC,CL683166,RELIANCE,B,167,2569.95,
25-Nov-25,OMEGA_BROKING,CL689425,ITC,S,217,1977.49,429115.33
22-Nov-25,ALPHA_SEC,CL977717,KOTAKBANK,B,243,500.93,121725.99
11-21-2025,OMEGA_BROKING,CL713422,TATAMOTORS,B,72,2295.12,165248.64
29/11/2025,DELTA_TRADES,CL860711,AXISBANK,B,263,2537.06,667246.78
26/11/2025,ALPHA_SEC,CL584587,INFY,B,132,818.91,108096.12
2025-11-22,BETA_INVEST,CL189602,ICICIBANK,S,234,1422.31,332820.54
29/11/2025,BETA_INVEST,CL462390,AXISBANK,B,363,364.02,132139.26
29/11/2025,BETA_INVEST,CL388164,ITC,S,25,326.52,8163.0
22-Nov-25,OMEGA_BROKING,CL774662,TATAMOTORS,S,351,832.0,292032.0
2025-11-22,DELTA_TRADES,CL267154,TATAMOTORS,B,242,1075.42,250154.16
11-23-2025,ALPHA_SEC,CL611718,RELIANCE,S,246,1407.99,346365.54
21-Nov-25,DELTA_TRADES,CL988372,ICICIBANK,B,243,2594.0,630342.0
24-Nov-25,BETA_INVEST,CL338310,HDFC,B,60,1268.97,76138.2
23/11/2025,OMEGA_BROKING,CL853470,KOTAKBANK,B,2,1782.94,3565.88
23-Nov-25,OMEGA_BROKING,CL028415,ICICIBANK,S,78,848.98,66220.44
2025-11-23,ALPHA_SEC,CL502246,RELIANCE,B,56,2679.92,150075.52
11-25-2025,BETA_INVEST,CL539377,INFY,S,385,2607.06,1003718.1
25/11/2025,ALPHA_SEC,CL254959,LT,S,13,2562.86,33317.18
2025-11-22,DELTA_TRADES,CL028727,LT,B,379,1022.0,387338.0
22-Nov-25,BETA_INVEST,CL838519,KOTAKBANK,B,370,1015.08,375579.6
23/11/2025,DELTA_TRADES,CL539030,SBIN,B,112,471.82,52843.84
11-23-2025,DELTA_TRADES,CL492959,ICICIBANK,B,157,2376.88,373170.16
22/11/2025,DELTA_TRADES,CL570915,INFY,B,359,297.69,106870.71
23/11/2025,DELTA_TRADES,CL224176,ICICIBANK,B,190,1482.48,281671.2
11-20-2025,DELTA_TRADES,CL790729,LT,S,261,756.79,197522.19
21-Nov-25,OMEGA_BROKING,CL391010,ITC,S,100,2463.75,246375.0
24-Nov-25,BETA_INVEST,CL233913,LT,S,64,578.08,36997.12
25/11/2025,ALPHA_SEC,CL334662,ITC,S,102,137.3,
11-22-2025,BETA_INVEST,CL785616,ICICIBANK,S,205,2436.16,499412.8
11-21-2025,ALPHA_SEC,CL305835,HDFC,S,91,514.08,46781.28
21/11/2025,DELTA_TRADES,CL756832,KOTAKBANK,B,33,1888.19,62310.27
2025-11-20,OMEGA_BROKING,CL378625,RELIANCE,B,118,1745.91,206017.38
25-Nov-25,DELTA_TRADES,CL889403,RELIANCE,B,128,249.05,31878.4
2025-11-21,BETA_INVEST,CL303561,RELIANCE,S,191,257.85,49249.35
2025-11-23,ALPHA_SEC,CL597495,SBIN,B,51,1031.16,52589.16
20-Nov-25,ALPHA_SEC,CL735102,SBIN,S,153,367.24,56187.72
22/11/2025,BETA_INVEST,CL744474,KOTAKBANK,S,143,2781.64,397774.52
11-25-2025,ALPHA_SEC,CL413117,LT,S,292,1411.38,412122.96
23/11/2025,OMEGA_BROKING,CL988047,KOTAKBANK,B,14,306.83,4295.62
26/11/2025,BETA_INVEST,CL565356,ITC,S,200,622.77,124554.0
25/11/2025,DELTA_TRADES,CL172316,SBIN,S,307,240.15,73726.05
21-Nov-25,DELTA_TRADES,CL559279,RELIANCE,B,144,2246.71,323526.24
2025-11-22,BETA_INVEST,CL235218,HDFC,B,296,246.83,73061.68
20/11/2025,BETA_INVEST,CL533966,ITC,S,54,1174.28,63411.12
26/11/2025,OMEGA_BROKING,CL131295,AXISBANK,B,185,2777.11,513765.35
25/11/2025,BETA_INVEST,CL754808,LT,S,53,1181.55,62622.15
29-Nov-25,ALPHA_SEC,CL291059,SBIN,B,125,2063.27,257908.75
2025-11-23,ALPHA_SEC,CL374726,SBIN,B,31,596.97,18506.07
26-Nov-25,OMEGA_BROKING,CL157570,TATAMOTORS,S,244,1728.49,421751.56
21-Nov-25,ALPHA_SEC,CL736706,INFY,B,18,1778.45,32012.1
11-22-2025,DELTA_TRADES,CL637999,RELIANCE,S,82,2284.41,187321.62
23-Nov-25,OMEGA_BROKING,CL488183,AXISBANK,B,335,1023.82,342979.7
24/11/2025,BETA_INVEST,CL694460,ICICIBANK,B,207,2433.6,503755.2
23-Nov-25,OMEGA_BROKING,CL524389,LT,B,352,2178.57,766856.64
2025-11-21,DELTA_TRADES,CL736349,ITC,B,2,2415.81,4831.62
21/11/2025,OMEGA_BROKING,CL523879,AXISBANK,B,303,287.74,87185.22
29-Nov-25,DELTA_TRADES,CL734143,HDFC,B,206,1387.6,285845.6
22/11/2025,BETA_INVEST,CL170310,AXISBANK,B,194,1050.52,203800.88
11-21-2025,OMEGA_BROKING,CL134518,LT,B,363,967.08,351050.04
2025-11-22,ALPHA_SEC,CL645389,INFY,S,13,1573.25,20452.25
24/11/2025,BETA_INVEST,CL591723,ITC,B,264,1671.51,441278.64
21-Nov-25,ALPHA_SEC,CL701630,INFY,B,258,479.78,123783.24
2025-11-20,ALPHA_SEC,CL073452,ITC,B,287,1603.87,460310.69
2025-11-25,BETA_INVEST,CL723321,AXISBANK,S,124,1100.57,136470.68
2025-11-22,OMEGA_BROKING,CL050192,TATAMOTORS,S,306,1400.72,428620.32
2025-11-23,ALPHA_SEC,CL317359,ICICIBANK,S,205,699.55,143407.75
26/11/2025,DELTA_TRADES,CL336583,SBIN,B,112,394.95,44234.4
21-Nov-25,OMEGA_BROKING,CL785022,ICICIBANK,S,106,738.46,78276.76
24-Nov-25,DELTA_TRADES,CL725435,KOTAKBANK,S,7,1706.33,11944.31
11-20-2025,ALPHA_SEC,CL760406,RELIANCE,B,258,2019.65,521069.7
20-Nov-25,BETA_INVEST,CL082316,ICICIBANK,B,328,741.19,243110.32
20/11/2025,BETA_INVEST,CL672883,HDFC,B,79,2198.29,173664.91
11-22-2025,ALPHA_SEC,CL875475,SBIN,S,253,324.63,82131.39
11-22-2025,ALPHA_SEC,CL451254,ICICIBANK,S,345,2137.72,737513.4
22/11/2025,BETA_INVEST,CL794377,SBIN,B,199,2250.4,447829.6
21-Nov-25,BETA_INVEST,CL374863,ITC,B,310,1099.76,340925.6
23/11/2025,ALPHA_SEC,CL389395,INFY,B,227,1943.76,441233.52
2025-11-21,OMEGA_BROKING,CL657937,INFY,B,211,861.92,181865.12
11-26-2025,DELTA_TRADES,CL985514,AXISBANK,S,11,1146.32,12609.52
26/11/2025,BETA_INVEST,CL636652,RELIANCE,S,243,917.81,223027.83
2025-11-22,ALPHA_SEC,CL836415,INFY,S,272,2123.48,577586.56
2025-11-20,ALPHA_SEC,CL033455,INFY,S,44,1080.33,47534.52
11-21-2025,OMEGA_BROKING,CL915061,ICICIBANK,S,377,875.55,330082.35
22-Nov-25,ALPHA_SEC,CL917252,LT,B,320,1427.98,456953.6
2025-11-25,DELTA_TRADES,CL152151,TATAMOTORS,B,98,2068.71,202733.58
11-24-2025,ALPHA_SEC,CL585082,TATAMOTORS,S,184,602.4,110841.6
2025-11-20,BETA_INVEST,CL951772,LT,S,64,1751.39,112088.96
26/11/2025,DELTA_TRADES,CL227138,INFY,S,378,1571.1,593875.8
11-24-2025,OMEGA_BROKING,CL629064,AXISBANK,S,288,361.56,104129.28
11-21-2025,OMEGA_BROKING,CL030162,KOTAKBANK,S,12,475.57,5706.84
21/11/2025,DELTA_TRADES,CL559468,TATAMOTORS,S,169,1979.14,334474.66
21-Nov-25,ALPHA_SEC,CL838165,LT,S,226,427.72,96664.72
2025-11-26,DELTA_TRADES,CL010684,ICICIBANK,B,183,2617.71,479040.93
2025-11-22,DELTA_TRADES,CL607354,INFY,S,68,2638.71,179432.28
22/11/2025,OMEGA_BROKING,CL696064,ICICIBANK,S,367,844.69,310001.23
25/11/2025,OMEGA_BROKING,CL920432,INFY,S,200,171.27,34254.0
2025-11-22,BETA_INVEST,CL360297,SBIN,S,371,836.9,310489.9
11-26-2025,ALPHA_SEC,CL690051,SBIN,S,229,1335.6,305852.4
20-Nov-25,DELTA_TRADES,CL159698,AXISBANK,S,375,164.31,61616.25
2025-11-22,DELTA_TRADES,CL825391,SBIN,B,379,1045.81,396361.99
22-Nov-25,DELTA_TRADES,CL289758,ITC,B,308,196.84,60626.72
2025-11-24,DELTA_TRADES,CL887428,HDFC,B,35,1335.59,46745.65
23/11/2025,BETA_INVEST,CL399115,ICICIBANK,B,129,1754.83,226373.07
11-20-2025,BETA_INVEST,CL026145,ITC,S,181,177.58,32141.98
25/11/2025,DELTA_TRADES,CL119844,ICICIBANK,S,200,1553.86,310772.0
2025-11-25,ALPHA_SEC,CL984169,RELIANCE,B,393,1490.84,585900.12
22-Nov-25,BETA_INVEST,CL736145,SBIN,B,105,1881.29,197535.45
2025-11-25,BETA_INVEST,CL195870,TATAMOTORS,B,121,2550.97,308667.37
21-Nov-25,DELTA_TRADES,CL471659,KOTAKBANK,B,50,1259.44,
21/11/2025,BETA_INVEST,CL608195,AXISBANK,S,57,2567.26,146333.82
24-Nov-25,OMEGA_BROKING,CL594749,LT,B,131,1284.95,168328.45
2025-11-20,OMEGA_BROKING,CL263013,TATAMOTORS,S,122,904.88,110395.36
25/11/2025,OMEGA_BROKING,CL001963,ICICIBANK,S,211,435.42,91873.62
22-Nov-25,BETA_INVEST,CL732097,SBIN,B,374,384.55,143821.7
23/11/2025,DELTA_TRADES,CL159249,HDFC,S,178,1311.2,233393.6
2025-11-22,BETA_INVEST,CL928392,HDFC,S,15,2534.42,38016.3
24-Nov-25,OMEGA_BROKING,CL200493,INFY,S,59,2263.12,133524.08
22/11/2025,DELTA_TRADES,CL578430,AXISBANK,S,244,762.15,
22/11/2025,DELTA_TRADES,CL113046,SBIN,B,373,2693.61,1004716.53
2025-11-22,ALPHA_SEC,CL607172,ITC,B,231,628.33,145144.23
11-20-2025,DELTA_TRADES,CL356805,ITC,B,277,1347.33,373210.41
24-Nov-25,BETA_INVEST,CL528028,KOTAKBANK,S,33,582.12,19209.96
22/11/2025,OMEGA_BROKING,CL532751,LT,S,361,1347.28,486368.08
2025-11-23,OMEGA_BROKING,CL157102,SBIN,B,36,2018.46,72664.56
11-26-2025,OMEGA_BROKING,CL152181,KOTAKBANK,S,301,578.29,174065.29
11-22-2025,OMEGA_BROKING,CL086162,RELIANCE,S,81,1058.17,85711.77
20-Nov-25,DELTA_TRADES,CL383866,KOTAKBANK,B,252,586.13,147704.76
26-Nov-25,BETA_INVEST,CL417890,LT,S,245,1453.02,355989.9
11-24-2025,BETA_INVEST,CL894183,KOTAKBANK,S,381,1703.51,649037.31
2025-11-24,DELTA_TRADES,CL896270,TATAMOTORS,B,201,2386.2,479626.2
22-Nov-25,DELTA_TRADES,CL955219,HDFC,B,333,744.11,247788.63
20-Nov-25,OMEGA_BROKING,CL995481,SBIN,B,231,1701.62,393074.22
24-Nov-25,ALPHA_SEC,CL151645,SBIN,S,325,2228.44,724243.0
11-26-2025,ALPHA_SEC,CL280105,SBIN,S,398,640.36,254863.28
20/11/2025,BETA_INVEST,CL788792,KOTAKBANK,S,220,2469.64,543320.8
21/11/2025,OMEGA_BROKING,CL122358,TATAMOTORS,B,90,2437.15,219343.5
20/11/2025,BETA_INVEST,CL878604,KOTAKBANK,B,299,439.17,131311.83
24/11/2025,BETA_INVEST,CL986673,LT,B,311,2449.68,761850.48
11-24-2025,ALPHA_SEC,CL698301,ITC,S,382,2311.84,883122.88
21/11/2025,OMEGA_BROKING,CL809499,AXISBANK,B,229,2066.26,473173.54
11-25-2025,BETA_INVEST,CL854850,TATAMOTORS,S,336,1634.54,549205.44
21-Nov-25,OMEGA_BROKING,CL559239,LT,S,53,377.33,19998.49
21/11/2025,BETA_INVEST,CL662004,TATAMOTORS,B,95,408.43,38800.85
21/11/2025,OMEGA_BROKING,CL960648,KOTAKBANK,S,92,1787.98,164494.16
23/11/2025,ALPHA_SEC,CL395284,TATAMOTORS,B,63,1857.7,117035.1
21/11/2025,DELTA_TRADES,CL266105,RELIANCE,B,157,1392.94,218691.58
2025-11-22,ALPHA_SEC,CL504626,INFY,S,322,1815.71,584658.62
2025-11-21,BETA_INVEST,CL024045,INFY,S,346,559.49,193583.54
23-Nov-25,BETA_INVEST,CL282237,AXISBANK,S,174,2230.38,388086.12
20-Nov-25,OMEGA_BROKING,CL468561,ITC,B,24,1335.82,32059.68
25/11/2025,BETA_INVEST,CL507501,KOTAKBANK,S,135,1750.42,236306.7
25/11/2025,DELTA_TRADES,CL735363,INFY,B,195,295.68,57657.6
20-Nov-25,DELTA_TRADES,CL328419,KOTAKBANK,B,62,411.2,25494.4
11-29-2025,OMEGA_BROKING,CL659253,INFY,B,80,1326.5,106120.0
20/11/2025,OMEGA_BROKING,CL436391,SBIN,S,373,680.55,253845.15
25/11/2025,BETA_INVEST,CL415661,INFY,B,359,2020.25,725269.75
22/11/2025,ALPHA_SEC,CL936942,AXISBANK,B,177,802.48,142038.96
11-23-2025,ALPHA_SEC,CL017829,LT,S,320,267.33,85545.6
24-Nov-25,DELTA_TRADES,CL940232,KOTAKBANK,B,57,1884.19,107398.83
22/11/2025,BETA_INVEST,CL351269,AXISBANK,S,286,1479.9,423251.4
23-Nov-25,ALPHA_SEC,CL644152,LT,S,149,583.21,86898.29
11-22-2025,ALPHA_SEC,CL781782,SBIN,B,70,2049.98,143498.6
11-26-2025,ALPHA_SEC,CL285871,LT,S,210,2442.3,512883.0
11-20-2025,BETA_INVEST,CL835475,HDFC,S,140,2577.04,360785.6
21-Nov-25,OMEGA_BROKING,CL787858,RELIANCE,B,96,730.59,70136.64
20-Nov-25,ALPHA_SEC,CL267960,AXISBANK,B,289,2798.31,808711.59
20/11/2025,DELTA_TRADES,CL324324,HDFC,S,32,1705.14,54564.48
26/11/2025,OMEGA_BROKING,CL465618,ITC,B,272,2614.08,711029.76
20/11/2025,ALPHA_SEC,CL978599,ICICIBANK,S,3,1008.33,3024.99
24/11/2025,ALPHA_SEC,CL611623,TATAMOTORS,B,79,1187.4,93804.6
25-Nov-25,BETA_INVEST,CL620303,RELIANCE,B,351,1303.47,457517.97
11-21-2025,ALPHA_SEC,CL998129,HDFC,S,139,785.26,109151.14
11-24-2025,DELTA_TRADES,CL374999,KOTAKBANK,B,280,1686.19,472133.2
11-23-2025,OMEGA_BROKING,CL993355,KOTAKBANK,S,381,1821.91,694147.71
20/11/2025,DELTA_TRADES,CL627138,AXISBANK,B,352,1579.49,555980.48
2025-11-25,OMEGA_BROKING,CL519904,HDFC,B,330,1496.51,493848.3
2025-11-23,ALPHA_SEC,CL257910,RELIANCE,B,212,2114.06,448180.72
22-Nov-25,BETA_INVEST,CL779501,HDFC,S,248,906.94,224921.12
22-Nov-25,DELTA_TRADES,CL687191,ICICIBANK,B,170,1510.02,256703.4
2025-11-26,ALPHA_SEC,CL577242,ICICIBANK,B,86,241.27,20749.22
24-Nov-25,DELTA_TRADES,CL123148,RELIANCE,B,145,429.85,62328.25
2025-11-20,ALPHA_SEC,CL924793,AXISBANK,B,77,618.05,47589.85
20-Nov-25,ALPHA_SEC,CL858578,ITC,S,63,547.16,34471.08
11-22-2025,DELTA_TRADES,CL079193,SBIN,B,101,468.76,47344.76
23/11/2025,OMEGA_BROKING,CL398059,LT,B,346,1238.93,428669.78
2025-11-20,DELTA_TRADES,CL923583,ICICIBANK,B,221,1523.5,336693.5
2025-11-23,BETA_INVEST,CL648166,HDFC,B,357,238.52,85151.64
11-23-2025,ALPHA_SEC,CL404148,INFY,S,244,503.5,122854.0
2025-11-21,BETA_INVEST,CL243019,TATAMOTORS,S,81,186.63,15117.03
24/11/2025,BETA_INVEST,CL198151,ITC,S,253,2312.05,584948.65
23-Nov-25,BETA_INVEST,CL741176,AXISBANK,S,316,2254.93,712557.88
11-23-2025,DELTA_TRADES,CL771192,ICICIBANK,B,72,861.98,62062.56
25/11/2025,ALPHA_SEC,CL531895,SBIN,B,131,2616.78,342798.18
2025-11-25,DELTA_TRADES,CL502266,KOTAKBANK,S,323,2043.14,659934.22
11-26-2025,OMEGA_BROKING,CL211634,SBIN,B,58,1782.24,103369.92
23/11/2025,BETA_INVEST,CL993031,TATAMOTORS,S,53,525.12,27831.36
2025-11-24,ALPHA_SEC,CL322533,INFY,B,355,2458.98,872937.9
11-25-2025,BETA_INVEST,CL276192,ITC,B,226,976.56,220702.56
2025-11-22,DELTA_TRADES,CL101504,KOTAKBANK,B,362,2039.11,738157.82
26-Nov-25,BETA_INVEST,CL554904,AXISBANK,B,361,1150.1,415186.1
2025-11-23,BETA_INVEST,CL886375,LT,S,264,494.98,130674.72
11-29-2025,OMEGA_BROKING,CL442060,ITC,S,386,579.11,223536.46
11-22-2025,BETA_INVEST,CL155966,HDFC,S,313,146.08,45723.04
11-23-2025,ALPHA_SEC,CL109939,ICICIBANK,B,251,278.2,69828.2
2025-11-24,ALPHA_SEC,CL237891,HDFC,B,194,1144.12,221959.28
22-Nov-25,ALPHA_SEC,CL389506,ICICIBANK,B,262,1179.07,308916.34
25/11/2025,OMEGA_BROKING,CL328828,LT,S,170,595.1,101167.0
2025-11-23,BETA_INVEST,CL760638,TATAMOTORS,B,282,2421.57,682882.74
11-26-2025,DELTA_TRADES,CL349054,ITC,B,83,1955.91,162340.53
24-Nov-25,ALPHA_SEC,CL100307,ITC,S,285,732.48,208756.8
11-20-2025,DELTA_TRADES,CL496420,ICICIBANK,S,259,2177.3,563920.7
2025-11-20,DELTA_TRADES,CL562242,KOTAKBANK,S,395,1364.24,538874.8
11-25-2025,DELTA_TRADES,CL811346,KOTAKBANK,B,158,1968.39,311005.62
2025-11-23,BETA_INVEST,CL088721,AXISBANK,B,297,1464.02,434813.94
2025-11-21,BETA_INVEST,CL248954,KOTAKBANK,B,229,1775.48,406584.92
11-23-2025,OMEGA_BROKING,CL056023,HDFC,S,48,2657.24,127547.52
22/11/2025,BETA_INVEST,CL795762,AXISBANK,S,292,522.14,152464.88
2025-11-20,BETA_INVEST,CL076642,LT,B,267,2152.2,574637.4
21/11/2025,BETA_INVEST,CL171300,INFY,S,292,924.33,269904.36
11-24-2025,ALPHA_SEC,CL466479,LT,S,338,1321.84,446781.92
2025-11-29,DELTA_TRADES,CL749626,AXISBANK,B,172,1425.22,245137.84
2025-11-29,DELTA_TRADES,CL752951,SBIN,S,269,420.14,113017.66
11-24-2025,OMEGA_BROKING,CL237310,SBIN,B,9,1681.74,15135.66
24/11/2025,BETA_INVEST,CL297874,KOTAKBANK,S,392,210.73,
22/11/2025,ALPHA_SEC,CL004164,ICICIBANK,S,160,1073.99,171838.4
11-26-2025,OMEGA_BROKING,CL683770,SBIN,S,245,1966.04,481679.8
2025-11-23,BETA_INVEST,CL575388,ITC,S,308,1088.21,335168.68
23-Nov-25,BETA_INVEST,CL713017,LT,B,224,2544.28,569918.72
11-23-2025,ALPHA_SEC,CL184891,INFY,S,8,620.01,4960.08
24/11/2025,ALPHA_SEC,CL004282,INFY,S,28,816.2,22853.6
26/11/2025,BETA_INVEST,CL876708,HDFC,B,362,2198.83,795976.46
2025-11-25,ALPHA_SEC,CL882768,ICICIBANK,S,109,1036.99,113031.91
11-20-2025,DELTA_TRADES,CL921911,LT,S,369,1612.14,594879.66
25-Nov-25,OMEGA_BROKING,CL010478,SBIN,B,149,582.76,86831.24
22-Nov-25,ALPHA_SEC,CL381020,ICICIBANK,B,61,2142.74,130707.14
25-Nov-25,ALPHA_SEC,CL755059,SBIN,B,398,2310.41,919543.18
26-Nov-25,DELTA_TRADES,CL898615,AXISBANK,B,253,2035.14,514890.42
21-Nov-25,OMEGA_BROKING,CL837509,AXISBANK,S,128,397.5,50880.0
11-26-2025,BETA_INVEST,CL840841,LT,B,171,2316.63,396143.73
11-26-2025,DELTA_TRADES,CL482912,LT,S,139,573.21,79676.19
20-Nov-25,ALPHA_SEC,CL862399,INFY,S,164,1849.17,303263.88
11-23-2025,ALPHA_SEC,CL874211,LT,S,350,2172.6,760410.0
2025-11-23,BETA_INVEST,CL662188,ICICIBANK,B,12,1386.36,16636.32
22-Nov-25,ALPHA_SEC,CL324841,TATAMOTORS,S,17,1405.71,23897.07
2025-11-25,BETA_INVEST,CL299277,TATAMOTORS,B,336,1834.74,616472.64
25/11/2025,ALPHA_SEC,CL631401,ICICIBANK,S,162,1778.11,288053.82
2025-11-21,ALPHA_SEC,CL944795,RELIANCE,B,364,1275.68,464347.52
25/11/2025,DELTA_TRADES,CL491455,HDFC,S,369,880.46,324889.74
11-29-2025,BETA_INVEST,CL915550,RELIANCE,S,160,2084.12,333459.2
26-Nov-25,OMEGA_BROKING,CL077262,INFY,B,158,1801.32,284608.56
25/11/2025,ALPHA_SEC,CL657040,RELIANCE,S,280,2394.47,670451.6
26/11/2025,ALPHA_SEC,CL469658,RELIANCE,B,140,1540.57,215679.8
11-24-2025,ALPHA_SEC,CL605431,INFY,S,344,2548.64,876732.16
23/11/2025,OMEGA_BROKING,CL992294,RELIANCE,B,30,830.1,24903.0
2025-11-22,BETA_INVEST,CL883181,ITC,B,73,512.71,37427.83
2025-11-21,DELTA_TRADES,CL584737,TATAMOTORS,B,325,2146.37,697570.25
2025-11-22,DELTA_TRADES,CL819153,AXISBANK,B,315,860.2,270963.0
11-22-2025,DELTA_TRADES,CL986888,SBIN,B,47,2397.45,112680.15
2025-11-26,BETA_INVEST,CL274652,TATAMOTORS,B,40,1228.39,49135.6
26/11/2025,ALPHA_SEC,CL713000,ITC,S,338,1308.85,442391.3
23/11/2025,ALPHA_SEC,CL444808,HDFC,B,113,814.78,92070.14
2025-11-22,DELTA_TRADES,CL801870,LT,S,5,2444.64,12223.2
22-Nov-25,DELTA_TRADES,CL780821,ITC,S,257,1516.35,389701.95
25-Nov-25,ALPHA_SEC,CL143813,INFY,S,51,148.06,7781.73
2025-11-26,ALPHA_SEC,CL508935,LT,B,270,1905.08,514371.6
22-Nov-25,BETA_INVEST,CL850378,TATAMOTORS,B,354,2213.08,783430.32
11-23-2025,DELTA_TRADES,CL014474,AXISBANK,B,207,1823.44,377452.08
23-Nov-25,DELTA_TRADES,CL541585,HDFC,S,341,124.79,42553.39
26-Nov-25,DELTA_TRADES,CL313576,TATAMOTORS,B,116,356.03,41299.48
22-Nov-25,ALPHA_SEC,CL745519,SBIN,B,42,2707.06,113696.52
23/11/2025,OMEGA_BROKING,CL520296,RELIANCE,S,219,1945.71,426110.49
2025-11-25,BETA_INVEST,CL967973,HDFC,S,127,2120.96,269361.92
11-24-2025,OMEGA_BROKING,CL711841,INFY,S,157,1978.26,310586.82
2025-11-23,OMEGA_BROKING,CL860948,INFY,S,107,1566.07,167569.49
2025-11-22,OMEGA_BROKING,CL946621,RELIANCE,S,284,1026.65,291568.6
2025-11-26,ALPHA_SEC,CL502672,RELIANCE,B,306,549.12,168030.72
21/11/2025,ALPHA_SEC,CL530996,TATAMOTORS,S,143,404.17,57796.31
24-Nov-25,DELTA_TRADES,CL863011,INFY,B,17,494.97,8414.49
23-Nov-25,DELTA_TRADES,CL319625,LT,B,99,1134.61,112326.39
24/11/2025,BETA_INVEST,CL304453,AXISBANK,S,209,656.08,137120.72
25/11/2025,BETA_INVEST,CL117615,SBIN,B,296,109.47,31138.66
11-20-2025,ALPHA_SEC,CL430900,TATAMOTORS,B,42,388.3,16308.6
11-23-2025,ALPHA_SEC,CL779465,HDFC,S,217,1425.82,309402.94
2025-11-24,OMEGA_BROKING,CL036293,AXISBANK,S,96,1941.69,186402.24
22/11/2025,OMEGA_BROKING,CL252315,INFY,B,308,809.04,249184.32
2025-11-23,BETA_INVEST,CL736653,AXISBANK,S,370,2527.89,935319.3
25/11/2025,BETA_INVEST,CL732329,TATAMOTORS,S,293,2323.32,680732.76
11-20-2025,DELTA_TRADES,CL788923,AXISBANK,B,397,1859.8,738340.6
21/11/2025,DELTA_TRADES,CL792260,INFY,B,291,2568.14,747328.74
11-25-2025,BETA_INVEST,CL166491,KOTAKBANK,S,70,113.41,7938.7
11-26-2025,BETA_INVEST,CL221779,ITC,S,389,680.14,264574.46
29/11/2025,BETA_INVEST,CL530747,LT,S,36,158.23,5696.28
23/11/2025,DELTA_TRADES,CL511771,KOTAKBANK,S,368,1009.05,371330.4
2025-11-20,DELTA_TRADES,CL876117,KOTAKBANK,B,141,1250.31,176293.71
29-Nov-25,DELTA_TRADES,CL860108,INFY,B,82,131.51,10783.82
2025-11-21,OMEGA_BROKING,CL380984,KOTAKBANK,S,242,1744.11,
11-20-2025,BETA_INVEST,CL681331,LT,B,328,2546.75,835334.0
20/11/2025,ALPHA_SEC,CL194212,HDFC,B,207,2631.66,544753.62
25/11/2025,ALPHA_SEC,CL897539,SBIN,B,250,1868.18,467045.0
2025-11-21,ALPHA_SEC,CL008739,SBIN,S,14,1570.86,21992.04
2025-11-22,ALPHA_SEC,CL817913,RELIANCE,B,122,487.24,59443.28
11-29-2025,DELTA_TRADES,CL324143,TATAMOTORS,B,272,187.24,50929.28
11-20-2025,ALPHA_SEC,CL761528,LT,S,379,2554.28,968072.12
2025-11-26,DELTA_TRADES,CL737924,LT,B,398,203.97,81180.06
24-Nov-25,DELTA_TRADES,CL257263,ITC,B,137,949.25,130047.25
11-23-2025,ALPHA_SEC,CL390562,ITC,S,344,1106.07,380488.08
11-25-2025,ALPHA_SEC,CL040297,HDFC,S,5,542.71,2713.55
2025-11-23,OMEGA_BROKING,CL242674,ICICIBANK,S,388,1458.22,565789.36
11-22-2025,DELTA_TRADES,CL074021,ICICIBANK,B,3,1168.32,3504.96
22/11/2025,DELTA_TRADES,CL503125,INFY,B,399,1045.68,399106.58
22-Nov-25,BETA_INVEST,CL900999,TATAMOTORS,S,40,1473.96,58958.4
21-Nov-25,BETA_INVEST,CL021712,TATAMOTORS,S,123,2093.99,257560.77
2025-11-23,DELTA_TRADES,CL522522,INFY,B,80,461.16,36892.8
29-Nov-25,ALPHA_SEC,CL032486,LT,S,22,398.88,8775.36
2025-11-23,DELTA_TRADES,CL970676,TATAMOTORS,B,159,1664.41,264641.19
2025-11-26,OMEGA_BROKING,CL864096,INFY,S,147,2502.7,367896.9
2025-11-25,BETA_INVEST,CL254273,AXISBANK,S,62,1567.65,
26/11/2025,BETA_INVEST,CL453438,INFY,B,28,2608.94,73050.32
11-21-2025,BETA_INVEST,CL897081,AXISBANK,B,152,1021.59,155281.68
21/11/2025,OMEGA_BROKING,CL479117,KOTAKBANK,B,51,768.93,
22-Nov-25,OMEGA_BROKING,CL592771,SBIN,B,217,1388.32,301265.44
2025-11-23,ALPHA_SEC,CL633276,HDFC,S,273,2265.87,618582.51
20-Nov-25,ALPHA_SEC,CL473437,AXISBANK,B,91,1634.29,148720.39
2025-11-24,OMEGA_BROKING,CL621842,KOTAKBANK,B,6,1344.23,8065.38
26/11/2025,OMEGA_BROKING,CL201788,LT,S,85,1289.54,109610.9
23/11/2025,ALPHA_SEC,CL281921,TATAMOTORS,B,17,1575.83,26789.11
21-Nov-25,BETA_INVEST,CL763125,SBIN,B,180,2546.62,458391.6
2025-11-20,DELTA_TRADES,CL300673,ITC,S,143,2607.42,372861.06
29-Nov-25,DELTA_TRADES,CL312522,LT,B,93,969.73,90184.89
11-23-2025,OMEGA_BROKING,CL363401,ITC,B,61,2186.73,133390.53
11-20-2025,BETA_INVEST,CL098433,ITC,B,211,873.72,184354.92
2025-11-20,DELTA_TRADES,CL860178,RELIANCE,B,277,1902.5,526992.5
22/11/2025,DELTA_TRADES,CL625014,RELIANCE,B,334,1557.42,520178.28
2025-11-21,ALPHA_SEC,CL124400,AXISBANK,B,156,641.81,100122.36
23-Nov-25,DELTA_TRADES,CL889446,ICICIBANK,S,112,1632.85,182879.2
24-Nov-25,DELTA_TRADES,CL364397,ITC,S,18,860.6,15490.8
11-20-2025,BETA_INVEST,CL830637,SBIN,S,160,2711.25,433800.0
11-26-2025,OMEGA_BROKING,CL211752,AXISBANK,S,111,2675.34,296962.74
2025-11-24,OMEGA_BROKING,CL199203,HDFC,B,342,954.66,326493.72
26-Nov-25,BETA_INVEST,CL070920,KOTAKBANK,S,93,1112.46,103458.78
29/11/2025,ALPHA_SEC,CL777652,ITC,S,389,971.81,378034.09
22-Nov-25,OMEGA_BROKING,CL855740,INFY,B,56,2279.25,127638.0
11-29-2025,ALPHA_SEC,CL229206,LT,B,313,1830.26,572871.38
2025-11-21,ALPHA_SEC,CL064222,RELIANCE,S,136,951.76,
2025-11-29,BETA_INVEST,CL275644,LT,S,367,1328.32,487493.44
11-26-2025,ALPHA_SEC,CL413229,TATAMOTORS,S,172,2472.27,425230.44
11-21-2025,OMEGA_BROKING,CL459058,ITC,S,121,888.0,107448.0
2025-11-24,ALPHA_SEC,CL115641,AXISBANK,S,147,1070.22,157322.34
2025-11-24,OMEGA_BROKING,CL219695,ICICIBANK,B,276,2520.28,695597.28
26-Nov-25,OMEGA_BROKING,CL364470,SBIN,B,193,233.28,45023.04
23/11/2025,ALPHA_SEC,CL722648,ICICIBANK,B,154,1341.57,
25-Nov-25,OMEGA_BROKING,CL885996,ICICIBANK,S,84,1638.83,137661.72
2025-11-24,BETA_INVEST,CL735857,KOTAKBANK,B,302,2346.1,708522.2
22-Nov-25,ALPHA_SEC,CL874759,ICICIBANK,B,239,2167.57,518049.23
2025-11-25,ALPHA_SEC,CL337401,RELIANCE,S,385,492.28,189527.8
25/11/2025,OMEGA_BROKING,CL430544,KOTAKBANK,B,316,2659.44,840383.04
11-24-2025,DELTA_TRADES,CL248881,HDFC,B,344,619.59,213138.96
2025-11-20,OMEGA_BROKING,CL368520,HDFC,B,180,650.14,117025.2
29-Nov-25,ALPHA_SEC,CL672784,LT,B,278,568.7,158098.6
20-Nov-25,ALPHA_SEC,CL328256,TATAMOTORS,S,174,1355.6,235874.4
25-Nov-25,DELTA_TRADES,CL539124,RELIANCE,B,48,239.11,11477.28
11-24-2025,OMEGA_BROKING,CL748350,KOTAKBANK,S,338,999.38,337790.44
23-Nov-25,ALPHA_SEC,CL921500,RELIANCE,S,243,2073.54,503870.22
11-21-2025,OMEGA_BROKING,CL786423,TATAMOTORS,B,318,1574.73,500764.14
11-29-2025,ALPHA_SEC,CL483313,HDFC,S,357,1760.46,628484.22
11-23-2025,BETA_INVEST,CL764760,LT,S,391,2399.21,938091.11
20/11/2025,ALPHA_SEC,CL042939,ICICIBANK,S,378,1166.32,440868.96
2025-11-20,OMEGA_BROKING,CL720618,TATAMOTORS,B,261,692.69,
11-22-2025,BETA_INVEST,CL678690,KOTAKBANK,S,60,1101.22,66073.2
29-Nov-25,ALPHA_SEC,CL166110,INFY,B,235,2496.86,586762.1
23-Nov-25,DELTA_TRADES,CL368327,RELIANCE,B,230,2362.86,543457.8
20/11/2025,DELTA_TRADES,CL110466,RELIANCE,B,193,2150.74,415092.82
21/11/2025,OMEGA_BROKING,CL944762,INFY,B,72,1995.71,143691.12
24-Nov-25,ALPHA_SEC,CL265460,SBIN,B,228,636.16,145044.48
2025-11-20,ALPHA_SEC,CL009611,ITC,B,27,928.46,25068.42
24-Nov-25,OMEGA_BROKING,CL853234,KOTAKBANK,S,352,266.38,93765.76
20/11/2025,OMEGA_BROKING,CL340514,TATAMOTORS,S,367,1672.46,613792.82
11-20-2025,DELTA_TRADES,CL502028,TATAMOTORS,S,192,546.92,105008.64
26/11/2025,OMEGA_BROKING,CL885382,RELIANCE,S,179,1571.75,281343.25
24/11/2025,ALPHA_SEC,CL047057,HDFC,S,132,2547.8,336309.6
2025-11-24,BETA_INVEST,CL562490,AXISBANK,B,195,2645.52,515876.4
23/11/2025,OMEGA_BROKING,CL554844,RELIANCE,B,367,2274.46,516356.1
21-Nov-25,ALPHA_SEC,CL949754,INFY,S,163,907.3,147889.9
2025-11-26,OMEGA_BROKING,CL374016,KOTAKBANK,B,180,2506.91,451243.8
29-Nov-25,OMEGA_BROKING,CL377510,SBIN,B,229,2178.16,498798.64
2025-11-20,DELTA_TRADES,CL721617,SBIN,S,374,2252.44,842412.56
11-26-2025,ALPHA_SEC,CL642904,RELIANCE,S,396,1565.67,620005.32
11-26-2025,OMEGA_BROKING,CL772537,INFY,B,155,476.48,73854.4
23/11/2025,OMEGA_BROKING,CL620659,KOTAKBANK,S,299,252.11,75380.89
2025-11-23,ALPHA_SEC,CL924764,LT,S,313,1954.2,611664.6
29-Nov-25,BETA_INVEST,CL703239,LT,S,328,2395.14,785605.92
22/11/2025,DELTA_TRADES,CL017036,INFY,B,233,1428.38,332812.54
11-26-2025,BETA_INVEST,CL788816,LT,S,41,2592.04,106273.64
11-23-2025,ALPHA_SEC,CL341895,INFY,S,97,305.31,29615.07
11-20-2025,ALPHA_SEC,CL888493,ICICIBANK,S,267,2272.75,606824.25
22-Nov-25,ALPHA_SEC,CL861983,TATAMOTORS,B,60,1543.89,92633.4
20-Nov-25,ALPHA_SEC,CL613906,SBIN,B,34,1151.1,39137.4
11-23-2025,ALPHA_SEC,CL849995,ICICIBANK,B,224,2206.7,494300.8
22-Nov-25,DELTA_TRADES,CL996833,RELIANCE,B,275,2231.49,613659.75
21-Nov-25,OMEGA_BROKING,CL625293,HDFC,B,70,1499.58,104970.6
11-22-2025,DELTA_TRADES,CL992552,HDFC,B,244,426.29,104014.76
11-25-2025,OMEGA_BROKING,CL481904,ITC,B,227,2495.48,566473.96
21-Nov-25,OMEGA_BROKING,CL164102,AXISBANK,B,121,1632.5,197532.5
21/11/2025,ALPHA_SEC,CL840147,ICICIBANK,S,236,1339.8,316192.8
11-22-2025,OMEGA_BROKING,CL081055,ITC,B,277,1013.46,280728.42
25/11/2025,OMEGA_BROKING,CL839168,RELIANCE,B,312,1795.51,560199.12
11-20-2025,ALPHA_SEC,CL900243,AXISBANK,B,333,1327.24,441970.92
2025-11-22,BETA_INVEST,CL060133,INFY,B,57,1244.4,70930.8
24/11/2025,DELTA_TRADES,CL195323,INFY,S,97,757.39,73466.83
2025-11-24,ALPHA_SEC,CL128131,TATAMOTORS,S,293,1236.16,362194.88
26/11/2025,ALPHA_SEC,CL566590,INFY,B,33,361.38,11925.54
25-Nov-25,BETA_INVEST,CL620465,ITC,B,145,1547.78,224428.1
2025-11-21,BETA_INVEST,CL253628,RELIANCE,B,107,1101.9,117903.3
2025-11-22,DELTA_TRADES,CL392512,LT,B,130,1137.87,147923.1
2025-11-21,BETA_INVEST,CL169707,RELIANCE,B,88,238.61,20997.68
2025-11-20,BETA_INVEST,CL033420,INFY,S,164,1867.48,306266.72
26/11/2025,ALPHA_SEC,CL093713,AXISBANK,S,203,2527.55,513092.65
25-Nov-25,BETA_INVEST,CL310450,TATAMOTORS,B,113,2376.11,268500.43
2025-11-22,ALPHA_SEC,CL208607,HDFC,B,150,829.21,124381.5
26/11/2025,ALPHA_SEC,CL148535,INFY,B,90,1689.16,152024.4
25/11/2025,DELTA_TRADES,CL838547,RELIANCE,B,383,155.35,59499.05
21-Nov-25,DELTA_TRADES,CL828513,RELIANCE,S,95,1122.94,106679.3
2025-11-25,OMEGA_BROKING,CL773260,LT,B,54,604.71,32654.34
24/11/2025,BETA_INVEST,CL300589,HDFC,B,23,189.86,4366.78
21-Nov-25,OMEGA_BROKING,CL644359,LT,S,261,466.28,121699.08
24/11/2025,OMEGA_BROKING,CL374442,AXISBANK,B,161,2532.54,407738.94
23-Nov-25,OMEGA_BROKING,CL558372,ITC,B,181,2574.76,466031.56
20-Nov-25,DELTA_TRADES,CL058656,RELIANCE,B,61,2010.12,122617.32
25/11/2025,DELTA_TRADES,CL119849,SBIN,S,224,672.62,150666.88
22-Nov-25,OMEGA_BROKING,CL531048,ICICIBANK,S,314,1849.09,580614.26
11-25-2025,DELTA_TRADES,CL378991,HDFC,B,388,1796.34,696979.92
24-Nov-25,DELTA_TRADES,CL894406,ITC,B,249,591.76,147348.24
11-21-2025,OMEGA_BROKING,CL700473,LT,S,70,2269.68,158877.6
2025-11-20,DELTA_TRADES,CL948476,LT,B,21,756.08,15877.68
2025-11-25,BETA_INVEST,CL333955,KOTAKBANK,B,349,677.94,236601.06
26-Nov-25,DELTA_TRADES,CL413465,ITC,S,358,370.41,132606.78
2025-11-23,BETA_INVEST,CL636312,TATAMOTORS,B,86,1085.63,93364.18
11-26-2025,DELTA_TRADES,CL967651,INFY,B,141,1743.2,245791.2
11-22-2025,BETA_INVEST,CL165764,INFY,S,34,1460.87,49669.58
23-Nov-25,ALPHA_SEC,CL434475,ICICIBANK,S,251,2672.72,670852.72
2025-11-25,BETA_INVEST,CL594851,ICICIBANK,B,176,1175.32,206856.32
11-23-2025,BETA_INVEST,CL009447,LT,B,200,808.44,161688.0
25-Nov-25,BETA_INVEST,CL954857,SBIN,S,276,2640.42,728755.92
11-20-2025,ALPHA_SEC,CL610733,ITC,S,254,827.81,210263.74
11-29-2025,OMEGA_BROKING,CL664067,ITC,B,165,569.0,93885.0
2025-11-21,BETA_INVEST,CL969114,KOTAKBANK,B,138,343.71,47431.98
2025-11-24,BETA_INVEST,CL561562,RELIANCE,B,102,1549.37,158035.74
20-Nov-25,ALPHA_SEC,CL951443,RELIANCE,B,321,341.49,109618.29
11-25-2025,BETA_INVEST,CL089318,KOTAKBANK,S,352,2623.1,
11-22-2025,OMEGA_BROKING,CL030020,HDFC,B,304,1317.02,400374.08
20-Nov-25,DELTA_TRADES,CL220953,RELIANCE,S,32,1259.45,40302.4
11-23-2025,DELTA_TRADES,CL119141,LT,S,103,1526.6,157239.8
21/11/2025,DELTA_TRADES,CL218669,KOTAKBANK,B,37,742.33,27466.21
25-Nov-25,BETA_INVEST,CL468838,ITC,S,318,236.5,75207.0
11-20-2025,DELTA_TRADES,CL591485,KOTAKBANK,B,69,2008.75,138603.75
11-20-2025,BETA_INVEST,CL038699,RELIANCE,B,368,2478.68,912154.24
20/11/2025,OMEGA_BROKING,CL165286,TATAMOTORS,B,126,1096.95,138215.7
11-20-2025,ALPHA_SEC,CL384909,ITC,S,252,252.72,63685.44
2025-11-23,OMEGA_BROKING,CL389653,ICICIBANK,B,141,770.39,108624.99
23/11/2025,OMEGA_BROKING,CL745678,LT,B,240,2734.39,656253.6
23-Nov-25,OMEGA_BROKING,CL025085,LT,B,163,948.59,154620.17
22-Nov-25,BETA_INVEST,CL687889,ICICIBANK,S,35,913.3,
2025-11-22,DELTA_TRADES,CL277900,LT,B,384,973.77,373927.68
2025-11-22,BETA_INVEST,CL631706,SBIN,S,303,2584.08,1145208.24
26-Nov-25,BETA_INVEST,CL895894,RELIANCE,B,318,518.24,164800.32
2025-11-26,DELTA_TRADES,CL998920,SBIN,B,352,1617.23,599836.29
2025-11-20,ALPHA_SEC,CL694346,ITC,S,278,1569.12,
2025-11-20,OMEGA_BROKING,CL654658,ICICIBANK,B,277,850.16,235494.32
11-20-2025,OMEGA_BROKING,CL584781,RELIANCE,B,353,1016.35,358771.55
11-23-2025,DELTA_TRADES,CL544675,ITC,B,172,1607.74,276531.28
2025-11-25,OMEGA_BROKING,CL788890,ICICIBANK,B,6,2385.08,14310.48
2025-11-22,DELTA_TRADES,CL168467,AXISBANK,S,197,2160.13,
20/11/2025,DELTA_TRADES,CL643585,SBIN,S,229,128.32,29385.28
20/11/2025,DELTA_TRADES,CL521438,HDFC,B,48,797.5,38280.0
24-Nov-25,ALPHA_SEC,CL323573,RELIANCE,B,268,1967.31,527239.08
11-23-2025,ALPHA_SEC,CL468106,ITC,S,191,1626.86,310730.26
22/11/2025,ALPHA_SEC,CL329416,ITC,B,178,2741.7,488022.6
25-Nov-25,ALPHA_SEC,CL691769,AXISBANK,S,36,1872.02,67392.72
21-Nov-25,DELTA_TRADES,CL263783,HDFC,B,242,397.95,96303.9
11-22-2025,BETA_INVEST,CL458505,TATAMOTORS,B,293,545.91,159951.63
23-Nov-25,BETA_INVEST,CL311522,HDFC,S,368,1909.54,702710.72
11-26-2025,OMEGA_BROKING,CL206345,INFY,S,330,721.54,238108.2
24-Nov-25,DELTA_TRADES,CL198151,KOTAKBANK,S,324,1001.75,324567.0
11-20-2025,OMEGA_BROKING,CL118290,LT,S,40,642.08,25683.2
20/11/2025,ALPHA_SEC,CL896640,ITC,B,157,1409.4,221275.8
2025-11-24,ALPHA_SEC,CL271129,RELIANCE,S,270,2557.4,690498.0
24-Nov-25,OMEGA_BROKING,CL712386,LT,S,69,2042.32,140920.08
29/11/2025,DELTA_TRADES,CL966875,RELIANCE,S,78,1076.44,83962.32
23/11/2025,DELTA_TRADES,CL540668,SBIN,B,343,2689.33,922440.19
21-Nov-25,ALPHA_SEC,CL971162,INFY,B,378,213.48,80695.44
23-Nov-25,OMEGA_BROKING,CL071890,HDFC,S,380,2746.25,1043575.0
11-29-2025,OMEGA_BROKING,CL849318,KOTAKBANK,S,313,637.38,199499.94
2025-11-22,BETA_INVEST,CL952484,ICICIBANK,S,272,451.72,122867.84
26/11/2025,OMEGA_BROKING,CL724041,LT,B,394,104.92,41338.48
20-Nov-25,BETA_INVEST,CL838729,KOTAKBANK,B,34,549.92,18697.28
11-21-2025,OMEGA_BROKING,CL372058,TATAMOTORS,B,395,2177.99,860306.05
2025-11-29,OMEGA_BROKING,CL427854,AXISBANK,B,274,301.84,82704.16
22-Nov-25,DELTA_TRADES,CL286849,HDFC,B,160,780.17,124827.2
11-24-2025,ALPHA_SEC,CL363924,TATAMOTORS,S,290,2778.83,805860.7
23-Nov-25,OMEGA_BROKING,CL311222,LT,B,281,2002.8,562786.8
20/11/2025,ALPHA_SEC,CL446061,HDFC,S,135,2653.86,358271.1
21/11/2025,DELTA_TRADES,CL828943,ITC,B,352,457.44,161018.88
11-22-2025,DELTA_TRADES,CL925721,TATAMOTORS,B,114,701.09,79924.26
11-25-2025,DELTA_TRADES,CL532909,TATAMOTORS,B,172,2663.53,458127.16
23-Nov-25,OMEGA_BROKING,CL565591,SBIN,S,147,1132.44,166468.68
22-Nov-25,OMEGA_BROKING,CL991860,AXISBANK,B,204,490.84,100131.36
2025-11-23,BETA_INVEST,CL371133,SBIN,S,308,978.99,301528.92
11-24-2025,ALPHA_SEC,CL560459,INFY,S,230,1450.11,333525.3
22/11/2025,ALPHA_SEC,CL398288,LT,S,324,1027.71,332978.04
23/11/2025,DELTA_TRADES,CL807657,KOTAKBANK,B,278,1920.56,533915.68
26-Nov-25,ALPHA_SEC,CL979291,HDFC,B,103,1449.71,149320.13
11-22-2025,ALPHA_SEC,CL951916,KOTAKBANK,S,118,2277.25,268715.5
22/11/2025,BETA_INVEST,CL926979,RELIANCE,B,164,426.48,69942.72
11-22-2025,BETA_INVEST,CL950218,HDFC,S,339,1569.8,532162.2
11-21-2025,BETA_INVEST,CL386263,HDFC,B,380,728.32,276761.6
11-26-2025,OMEGA_BROKING,CL700776,HDFC,S,148,1920.91,284294.68
26-Nov-25,BETA_INVEST,CL921595,RELIANCE,B,357,1746.18,623386.26
2025-11-23,ALPHA_SEC,CL841670,AXISBANK,B,33,2502.93,82596.69
2025-11-20,BETA_INVEST,CL325971,TATAMOTORS,B,242,1447.55,350307.1
20/11/2025,BETA_INVEST,CL252011,RELIANCE,B,205,371.48,76153.4
2025-11-24,BETA_INVEST,CL948481,KOTAKBANK,B,104,2645.64,275146.56
2025-11-24,ALPHA_SEC,CL380757,KOTAKBANK,S,115,2695.52,309984.8
24-Nov-25,DELTA_TRADES,CL393134,SBIN,B,38,2530.3,96151.4
29-Nov-25,OMEGA_BROKING,CL569209,SBIN,B,338,1741.38,588586.44
23/11/2025,DELTA_TRADES,CL304772,ICICIBANK,S,198,286.4,56707.2
2025-11-21,BETA_INVEST,CL037353,LT,B,222,419.17,93055.74
11-26-2025,ALPHA_SEC,CL779209,TATAMOTORS,S,9,2515.35,22638.15
22-Nov-25,DELTA_TRADES,CL005811,TATAMOTORS,S,209,2182.72,456188.48
24/11/2025,DELTA_TRADES,CL892700,LT,B,380,1368.03,519851.4
23-Nov-25,ALPHA_SEC,CL251964,INFY,S,360,1226.54,441554.4
24-Nov-25,OMEGA_BROKING,CL888638,ITC,B,105,1026.7,107803.5
24-Nov-25,OMEGA_BROKING,CL251037,KOTAKBANK,S,233,494.22,115153.26
26/11/2025,DELTA_TRADES,CL336216,LT,B,228,2774.32,632544.96
26-Nov-25,ALPHA_SEC,CL798187,INFY,B,69,2158.49,148935.81
11-25-2025,ALPHA_SEC,CL789068,AXISBANK,B,77,2656.19,204526.63
11-23-2025,BETA_INVEST,CL619824,INFY,B,203,169.56,34420.68
25-Nov-25,BETA_INVEST,CL520557,ICICIBANK,B,114,1984.58,226242.12
11-23-2025,ALPHA_SEC,CL155576,ITC,S,396,1008.39,399322.44
23-Nov-25,OMEGA_BROKING,CL950594,KOTAKBANK,S,176,649.53,114317.28
24-Nov-25,OMEGA_BROKING,CL663719,KOTAKBANK,B,351,2513.78,882336.78
11-21-2025,DELTA_TRADES,CL623872,ITC,B,277,1976.03,547360.31
11-24-2025,ALPHA_SEC,CL744972,TATAMOTORS,B,275,1013.11,278605.25
22-Nov-25,ALPHA_SEC,CL552631,ITC,B,223,1460.65,325724.95
26/11/2025,ALPHA_SEC,CL740331,SBIN,S,88,286.1,25176.8
11-20-2025,ALPHA_SEC,CL536504,KOTAKBANK,B,220,1742.95,383449.0
11-26-2025,OMEGA_BROKING,CL175252,TATAMOTORS,B,97,2358.32,228757.04
20/11/2025,BETA_INVEST,CL284027,INFY,S,92,906.21,83371.32
20-Nov-25,ALPHA_SEC,CL608234,LT,S,392,1491.13,584522.96
23/11/2025,OMEGA_BROKING,CL398942,ICICIBANK,B,39,1619.03,63142.17
11-20-2025,OMEGA_BROKING,CL796427,LT,B,400,1605.28,642112.0
26/11/2025,ALPHA_SEC,CL664654,ICICIBANK,S,171,1633.85,279388.35
23/11/2025,OMEGA_BROKING,CL773420,INFY,S,379,635.97,241032.63
29/11/2025,DELTA_TRADES,CL177956,HDFC,S,174,2219.8,386245.2
22/11/2025,BETA_INVEST,CL084671,INFY,S,324,2123.72,688085.28
26/11/2025,OMEGA_BROKING,CL071294,ICICIBANK,S,172,1840.27,316526.44
21-Nov-25,ALPHA_SEC,CL964090,TATAMOTORS,S,317,2783.77,882455.09
11-21-2025,BETA_INVEST,CL355247,HDFC,B,249,2672.79,665524.71
2025-11-25,DELTA_TRADES,CL593233,TATAMOTORS,B,379,1608.69,609693.51
29/11/2025,ALPHA_SEC,CL837372,SBIN,B,359,929.42,333661.78
23-Nov-25,ALPHA_SEC,CL745865,TATAMOTORS,B,298,1867.01,556368.98
2025-11-20,BETA_INVEST,CL131712,SBIN,S,391,1567.21,612779.11
2025-11-21,OMEGA_BROKING,CL173657,TATAMOTORS,S,235,527.15,123880.25
22/11/2025,BETA_INVEST,CL733770,SBIN,S,399,1697.31,677226.69
29-Nov-25,OMEGA_BROKING,CL210306,ITC,S,346,1375.66,475978.36
25/11/2025,ALPHA_SEC,CL957074,INFY,B,227,1602.9,363858.3
23-Nov-25,ALPHA_SEC,CL450734,ITC,B,158,465.74,73586.92
24-Nov-25,ALPHA_SEC,CL835761,RELIANCE,S,356,941.65,335227.4
11-26-2025,OMEGA_BROKING,CL940064,SBIN,S,135,988.98,133512.3
24-Nov-25,ALPHA_SEC,CL742083,TATAMOTORS,B,392,477.38,187132.96
20-Nov-25,DELTA_TRADES,CL070370,SBIN,S,27,134.28,3625.56
25/11/2025,DELTA_TRADES,CL537313,RELIANCE,B,249,2375.09,591397.41
11-23-2025,BETA_INVEST,CL078353,INFY,S,117,1091.5,
21-Nov-25,OMEGA_BROKING,CL609119,KOTAKBANK,S,195,1916.83,373781.85
24/11/2025,BETA_INVEST,CL462805,LT,S,395,1770.68,699418.6
24-Nov-25,BETA_INVEST,CL003364,KOTAKBANK,B,40,1775.45,71018.0
2025-11-26,DELTA_TRADES,CL784057,SBIN,B,361,1666.62,601649.82
2025-11-23,DELTA_TRADES,CL715616,INFY,S,142,343.71,48806.82
22/11/2025,OMEGA_BROKING,CL488624,ICICIBANK,S,254,1743.59,442871.86
22/11/2025,OMEGA_BROKING,CL118920,INFY,B,61,1322.45,80669.45
2025-11-26,ALPHA_SEC,CL937280,RELIANCE,B,187,421.2,78764.4
11-24-2025,BETA_INVEST,CL159602,TATAMOTORS,S,28,1170.2,32765.6
11-25-2025,DELTA_TRADES,CL295712,RELIANCE,S,306,2584.19,790762.14
2025-11-22,BETA_INVEST,CL798266,INFY,B,121,689.43,83421.03
2025-11-22,OMEGA_BROKING,CL052980,TATAMOTORS,B,139,1347.08,187244.12
22-Nov-25,BETA_INVEST,CL531106,LT,B,23,1848.68,42519.64
26-Nov-25,ALPHA_SEC,CL170461,HDFC,B,44,359.21,15805.24
26-Nov-25,ALPHA_SEC,CL826030,AXISBANK,S,268,1039.68,278634.24
11-24-2025,BETA_INVEST,CL108395,KOTAKBANK,B,325,486.61,158148.25
2025-11-26,OMEGA_BROKING,CL381960,SBIN,S,243,834.23,202717.89
20-Nov-25,BETA_INVEST,CL207044,TATAMOTORS,S,383,1231.37,471614.71
11-23-2025,OMEGA_BROKING,CL985102,LT,S,157,931.65,146269.05
11-22-2025,DELTA_TRADES,CL303714,ITC,B,283,590.91,167227.53
2025-11-24,ALPHA_SEC,CL848423,SBIN,S,175,2586.34,452609.5
11-25-2025,ALPHA_SEC,CL549861,SBIN,B,155,2540.48,251819.31
11-20-2025,ALPHA_SEC,CL789149,KOTAKBANK,S,98,161.79,15855.42
22-Nov-25,ALPHA_SEC,CL649982,LT,B,240,1683.7,404088.0
21-Nov-25,ALPHA_SEC,CL575774,RELIANCE,S,300,1107.42,332226.0
11-21-2025,DELTA_TRADES,CL495431,SBIN,S,282,929.41,262093.62
11-24-2025,OMEGA_BROKING,CL616641,AXISBANK,B,152,1051.7,159858.4
26/11/2025,BETA_INVEST,CL417276,LT,B,315,442.91,139516.65
22/11/2025,OMEGA_BROKING,CL024912,ITC,S,253,1104.05,279324.65
20/11/2025,BETA_INVEST,CL955537,AXISBANK,B,299,396.72,118619.28
22-Nov-25,DELTA_TRADES,CL853621,RELIANCE,S,354,1351.28,478353.12
11-25-2025,BETA_INVEST,CL148269,AXISBANK,B,363,2384.18,865457.34
2025-11-20,OMEGA_BROKING,CL881722,RELIANCE,S,272,549.14,149366.08
11-24-2025,BETA_INVEST,CL238409,SBIN,S,11,2382.63,26208.93
11-26-2025,ALPHA_SEC,CL868008,AXISBANK,S,207,181.14,37495.98
11-24-2025,DELTA_TRADES,CL220273,TATAMOTORS,S,352,1813.66,638408.32
2025-11-23,BETA_INVEST,CL346741,AXISBANK,S,95,1302.72,123758.4
11-24-2025,DELTA_TRADES,CL349381,TATAMOTORS,B,393,1112.41,437177.13
20/11/2025,ALPHA_SEC,CL254341,KOTAKBANK,B,283,2180.98,617217.34
23-Nov-25,DELTA_TRADES,CL803010,RELIANCE,B,305,1128.31,344134.55
2025-11-24,OMEGA_BROKING,CL705731,ITC,B,366,2394.52,876394.32
11-24-2025,ALPHA_SEC,CL228498,HDFC,S,310,1135.2,351912.0
20-Nov-25,OMEGA_BROKING,CL305376,HDFC,B,132,2665.45,351839.4
29-Nov-25,BETA_INVEST,CL021210,KOTAKBANK,B,212,1828.88,387722.56
23-Nov-25,BETA_INVEST,CL558679,KOTAKBANK,B,224,2205.69,494074.56
23-Nov-25,BETA_INVEST,CL778321,ITC,B,42,1328.5,55797.0
26-Nov-25,OMEGA_BROKING,CL631050,SBIN,S,125,1392.98,174122.5
11-25-2025,OMEGA_BROKING,CL346942,HDFC,B,38,2186.67,83093.46
23/11/2025,BETA_INVEST,CL215683,AXISBANK,B,211,347.07,73231.77
23-Nov-25,DELTA_TRADES,CL685185,ICICIBANK,S,116,1057.14,122628.24
2025-11-21,BETA_INVEST,CL274330,HDFC,S,344,635.7,218680.8
2025-11-26,DELTA_TRADES,CL221817,RELIANCE,S,124,2127.04,263752.96
11-22-2025,BETA_INVEST,CL696454,TATAMOTORS,B,345,632.57,218236.65
20-Nov-25,ALPHA_SEC,CL004171,SBIN,B,349,1366.01,476737.49
22-Nov-25,OMEGA_BROKING,CL922263,RELIANCE,B,293,1052.13,308274.09
23/11/2025,ALPHA_SEC,CL903601,ICICIBANK,S,54,963.72,52040.88
2025-11-23,OMEGA_BROKING,CL055271,KOTAKBANK,S,154,2210.36,340395.44
11-22-2025,OMEGA_BROKING,CL326249,LT,B,222,1430.49,317568.78
11-20-2025,DELTA_TRADES,CL513461,LT,B,150,914.54,137181.0
26/11/2025,BETA_INVEST,CL581443,TATAMOTORS,B,193,963.53,185961.29
11-22-2025,ALPHA_SEC,CL443060,HDFC,S,227,1531.68,
2025-11-20,OMEGA_BROKING,CL322216,RELIANCE,B,146,246.52,35991.92
20/11/2025,BETA_INVEST,CL901506,AXISBANK,B,347,2455.08,851912.76
11-21-2025,BETA_INVEST,CL687521,KOTAKBANK,S,190,454.35,86326.5
11-23-2025,DELTA_TRADES,CL116790,INFY,S,88,441.06,38813.28
24-Nov-25,ALPHA_SEC,CL890076,ITC,B,288,835.84,240721.92
11-25-2025,DELTA_TRADES,CL491057,ITC,B,328,2534.42,831289.76
2025-11-24,OMEGA_BROKING,CL936657,INFY,S,73,330.98,24161.54
2025-11-21,OMEGA_BROKING,CL959410,KOTAKBANK,S,269,330.23,88831.87
21/11/2025,ALPHA_SEC,CL196058,TATAMOTORS,S,127,2722.25,345725.75
23-Nov-25,OMEGA_BROKING,CL706839,ICICIBANK,S,121,2113.64,255750.44
25/11/2025,ALPHA_SEC,CL427234,ICICIBANK,B,330,2387.78,787967.4
11-20-2025,ALPHA_SEC,CL840247,KOTAKBANK,B,72,1121.85,80773.2
11-26-2025,DELTA_TRADES,CL307562,INFY,B,114,1260.25,143668.5
11-29-2025,OMEGA_BROKING,CL579301,ICICIBANK,B,397,1053.4,418199.8
2025-11-25,OMEGA_BROKING,CL565785,INFY,B,118,531.07,62666.26
11-24-2025,DELTA_TRADES,CL907278,TATAMOTORS,S,345,181.03,62455.35
11-25-2025,BETA_INVEST,CL838423,SBIN,B,115,1084.65,124734.75
2025-11-24,ALPHA_SEC,CL616370,ICICIBANK,B,332,1797.4,596736.8
2025-11-23,OMEGA_BROKING,CL677653,KOTAKBANK,S,74,2056.67,152193.58
11-23-2025,DELTA_TRADES,CL214836,ITC,B,212,1533.57,325116.84
29/11/2025,DELTA_TRADES,CL499584,INFY,S,106,491.7,
11-21-2025,BETA_INVEST,CL216685,AXISBANK,S,297,1906.03,566090.91
21/11/2025,ALPHA_SEC,CL287478,KOTAKBANK,S,210,627.19,131709.9
2025-11-21,BETA_INVEST,CL097045,TATAMOTORS,S,131,559.14,73247.34
22/11/2025,BETA_INVEST,CL833526,AXISBANK,B,30,1021.77,30653.1
23-Nov-25,BETA_INVEST,CL454572,ICICIBANK,S,67,2213.82,148325.94
22-Nov-25,DELTA_TRADES,CL816577,TATAMOTORS,B,395,1474.83,582557.85
23/11/2025,BETA_INVEST,CL834698,LT,S,50,1499.58,74979.0
22/11/2025,ALPHA_SEC,CL278276,AXISBANK,B,367,2470.99,906853.33
26/11/2025,DELTA_TRADES,CL613039,RELIANCE,B,99,407.64,40356.36
20/11/2025,OMEGA_BROKING,CL728597,ICICIBANK,S,356,966.3,344002.8
2025-11-21,BETA_INVEST,CL381610,RELIANCE,B,201,1666.93,335052.93
2025-11-20,OMEGA_BROKING,CL994576,INFY,B,234,2215.58,292326.92
2025-11-25,BETA_INVEST,CL040353,HDFC,B,290,547.59,158801.1
2025-11-26,OMEGA_BROKING,CL632506,HDFC,S,397,2076.54,824386.38
24-Nov-25,OMEGA_BROKING,CL416995,RELIANCE,B,169,2682.06,453268.14
23-Nov-25,OMEGA_BROKING,CL548323,TATAMOTORS,B,273,2643.38,721642.74
23/11/2025,OMEGA_BROKING,CL976738,HDFC,B,245,331.96,81330.2
2025-11-25,DELTA_TRADES,CL352498,LT,S,371,1880.78,697769.38
11-21-2025,DELTA_TRADES,CL747035,RELIANCE,S,304,1703.6,517894.4
23-Nov-25,ALPHA_SEC,CL656138,ITC,S,211,2085.36,440010.96
11-23-2025,ALPHA_SEC,CL155155,INFY,B,118,2032.22,239801.96
26-Nov-25,ALPHA_SEC,CL481001,RELIANCE,S,301,2333.31,702326.31
22/11/2025,ALPHA_SEC,CL937861,RELIANCE,S,186,1137.18,211515.48
22-Nov-25,OMEGA_BROKING,CL744994,RELIANCE,S,64,776.26,49680.64
21/11/2025,OMEGA_BROKING,CL192381,KOTAKBANK,S,207,439.68,91013.76
26/11/2025,BETA_INVEST,CL135093,ICICIBANK,B,294,1467.08,431321.52
11-25-2025,BETA_INVEST,CL178018,SBIN,B,56,2119.95,118717.2
23-Nov-25,BETA_INVEST,CL777269,LT,B,198,2193.93,441325.15
20/11/2025,DELTA_TRADES,CL563139,RELIANCE,S,208,2461.5,511992.0
11-25-2025,DELTA_TRADES,CL505006,ITC,S,151,259.36,39163.36
2025-11-21,BETA_INVEST,CL201290,TATAMOTORS,B,71,2238.72,158949.12
22-Nov-25,OMEGA_BROKING,CL798752,RELIANCE,B,352,1174.55,413441.6
2025-11-26,OMEGA_BROKING,CL471844,ITC,S,63,1551.13,97721.19
25-Nov-25,OMEGA_BROKING,CL676837,TATAMOTORS,S,331,2654.43,878616.33
2025-11-22,DELTA_TRADES,CL636029,RELIANCE,B,54,1273.96,68793.84
11-23-2025,BETA_INVEST,CL312610,KOTAKBANK,S,162,2243.89,363510.18
11-25-2025,BETA_INVEST,CL573947,ITC,B,285,1262.33,359764.05
11-23-2025,DELTA_TRADES,CL352356,ITC,S,147,283.86,41727.42
22-Nov-25,ALPHA_SEC,CL110962,ITC,B,389,374.28,145594.92
22-Nov-25,DELTA_TRADES,CL105094,AXISBANK,B,274,611.14,167452.36
2025-11-21,ALPHA_SEC,CL219203,ICICIBANK,B,76,2135.34,162285.84
11-20-2025,BETA_INVEST,CL998386,SBIN,S,301,1315.37,395926.37
2025-11-22,BETA_INVEST,CL871860,HDFC,S,4,880.21,3520.84
11-29-2025,BETA_INVEST,CL030110,AXISBANK,S,166,2505.38,415893.08
25/11/2025,BETA_INVEST,CL711846,HDFC,B,86,2616.82,225046.52
11-26-2025,BETA_INVEST,CL765253,SBIN,B,303,443.63,134419.89
24-Nov-25,DELTA_TRADES,CL902748,ITC,B,83,649.43,53902.69
22-Nov-25,OMEGA_BROKING,CL478037,ICICIBANK,B,57,1084.2,61799.4
25/11/2025,OMEGA_BROKING,CL190745,INFY,S,356,1596.49,568350.44
24-Nov-25,ALPHA_SEC,CL267510,AXISBANK,S,155,2600.16,403024.8
11-22-2025,ALPHA_SEC,CL811820,LT,S,244,2186.5,533506.0
11-20-2025,BETA_INVEST,CL234765,INFY,S,188,1457.8,274066.4
2025-11-24,ALPHA_SEC,CL489614,ICICIBANK,B,267,1036.68,276793.56
21/11/2025,DELTA_TRADES,CL861366,ICICIBANK,B,97,1471.46,142731.62
20-Nov-25,OMEGA_BROKING,CL696969,INFY,B,332,1720.93,571348.76
23/11/2025,DELTA_TRADES,CL660289,ICICIBANK,B,239,169.47,40503.33
26-Nov-25,DELTA_TRADES,CL160801,ITC,B,83,2238.31,185779.73
24-Nov-25,OMEGA_BROKING,CL639673,ICICIBANK,B,377,2002.87,755081.99
11-22-2025,DELTA_TRADES,CL595563,SBIN,B,282,936.75,264163.5
11-21-2025,OMEGA_BROKING,CL995823,LT,S,181,1105.14,200030.34
24/11/2025,ALPHA_SEC,CL609289,KOTAKBANK,B,60,2061.74,123704.4
11-29-2025,ALPHA_SEC,CL925947,AXISBANK,B,119,624.58,74325.02
2025-11-23,DELTA_TRADES,CL147227,SBIN,S,59,504.18,29746.62
25-Nov-25,OMEGA_BROKING,CL894868,SBIN,S,226,1167.67,263893.42
2025-11-24,ALPHA_SEC,CL097527,AXISBANK,S,323,2386.89,770965.47
2025-11-24,ALPHA_SEC,CL946539,AXISBANK,S,381,2649.74,1009550.94
11-21-2025,ALPHA_SEC,CL879864,HDFC,B,277,332.87,92204.99
2025-11-25,OMEGA_BROKING,CL700167,TATAMOTORS,B,200,2039.87,407974.0
2025-11-21,ALPHA_SEC,CL120530,SBIN,S,10,305.61,3056.1
11-22-2025,OMEGA_BROKING,CL604912,ITC,S,219,705.44,154491.36
23-Nov-25,DELTA_TRADES,CL446090,RELIANCE,B,75,1604.13,120309.75
23-Nov-25,OMEGA_BROKING,CL206371,TATAMOTORS,S,125,1030.73,128841.25
21/11/2025,BETA_INVEST,CL617164,ICICIBANK,B,228,1098.02,250348.56
11-26-2025,BETA_INVEST,CL739572,ITC,B,62,2290.58,142015.96
11-29-2025,ALPHA_SEC,CL543249,KOTAKBANK,B,54,2303.69,124399.26
26/11/2025,BETA_INVEST,CL217195,LT,B,237,1203.03,285118.11
22-Nov-25,ALPHA_SEC,CL950547,HDFC,S,196,220.77,43270.92
11-26-2025,OMEGA_BROKING,CL591630,LT,B,386,2781.31,1073585.66
2025-11-24,OMEGA_BROKING,CL365742,ICICIBANK,B,13,210.22,2732.86
2025-11-22,BETA_INVEST,CL341907,ITC,B,384,1079.74,414620.16
11-26-2025,BETA_INVEST,CL716386,LT,S,357,1667.43,595272.51
11-21-2025,OMEGA_BROKING,CL490903,SBIN,B,208,1446.08,300784.64
23-Nov-25,OMEGA_BROKING,CL533312,SBIN,B,207,831.53,172126.71
11-29-2025,DELTA_TRADES,CL156847,ITC,S,237,2495.38,591405.06
23-Nov-25,OMEGA_BROKING,CL429089,INFY,B,74,955.66,70718.84
25/11/2025,DELTA_TRADES,CL194607,ITC,S,227,1521.1,345289.7
24/11/2025,OMEGA_BROKING,CL517182,AXISBANK,B,162,696.42,112820.04
25/11/2025,OMEGA_BROKING,CL463018,LT,B,104,2696.81,280468.24
22-Nov-25,OMEGA_BROKING,CL669253,ICICIBANK,S,5,2219.81,11099.05
2025-11-23,DELTA_TRADES,CL974828,RELIANCE,B,32,802.66,25685.12
2025-11-20,DELTA_TRADES,CL804732,TATAMOTORS,B,106,2772.12,293844.72
24-Nov-25,BETA_INVEST,CL041441,AXISBANK,S,13,1410.38,18334.94
24-Nov-25,ALPHA_SEC,CL311332,KOTAKBANK,B,322,1510.61,486416.42
22/11/2025,OMEGA_BROKING,CL929408,AXISBANK,S,395,2471.82,976368.9
2025-11-21,OMEGA_BROKING,CL916828,RELIANCE,B,221,1519.74,335862.54
2025-11-25,BETA_INVEST,CL506325,ITC,B,144,1322.76,190477.44
2025-11-25,ALPHA_SEC,CL612035,AXISBANK,B,110,1624.76,178723.6
22/11/2025,OMEGA_BROKING,CL159259,KOTAKBANK,B,176,1086.06,191146.56
20-Nov-25,DELTA_TRADES,CL880695,AXISBANK,B,362,766.68,277538.16
11-22-2025,DELTA_TRADES,CL644482,LT,S,203,2011.55,408344.65
23/11/2025,BETA_INVEST,CL786911,TATAMOTORS,B,227,1964.3,445896.1
29/11/2025,OMEGA_BROKING,CL645595,INFY,S,82,1226.87,100603.34
2025-11-24,OMEGA_BROKING,CL264932,KOTAKBANK,S,286,2220.38,635028.68
11-20-2025,ALPHA_SEC,CL009333,ICICIBANK,B,179,1045.57,187157.03
2025-11-21,BETA_INVEST,CL133620,AXISBANK,B,111,1086.53,120604.83
11-22-2025,BETA_INVEST,CL821314,KOTAKBANK,B,256,1171.13,299809.28
11-22-2025,OMEGA_BROKING,CL307334,TATAMOTORS,B,281,1172.31,329419.11
25-Nov-25,BETA_INVEST,CL191746,SBIN,B,174,800.77,139333.98
21-Nov-25,BETA_INVEST,CL763673,RELIANCE,S,355,2581.11,916294.05
21-Nov-25,OMEGA_BROKING,CL007559,HDFC,S,317,2395.0,759215.0
20/11/2025,DELTA_TRADES,CL194210,SBIN,S,390,1206.03,470351.7
25-Nov-25,BETA_INVEST,CL424076,TATAMOTORS,S,292,714.35,208590.2
25-Nov-25,ALPHA_SEC,CL849502,LT,S,60,466.53,27991.8
11-22-2025,OMEGA_BROKING,CL603535,HDFC,S,119,253.25,30136.75
25/11/2025,BETA_INVEST,CL770607,RELIANCE,S,11,2239.98,24639.78
2025-11-25,ALPHA_SEC,CL020871,AXISBANK,S,226,500.23,113051.98
25-Nov-25,BETA_INVEST,CL873605,SBIN,B,161,1609.13,259069.93
2025-11-29,OMEGA_BROKING,CL920895,SBIN,S,45,2658.17,119617.65
11-25-2025,BETA_INVEST,CL678128,KOTAKBANK,S,360,1712.34,616442.4
11-24-2025,OMEGA_BROKING,CL105076,SBIN,S,309,894.55,276415.95
11-21-2025,BETA_INVEST,CL059906,INFY,B,173,351.18,60754.14
21-Nov-25,ALPHA_SEC,CL287001,AXISBANK,B,88,2050.54,180447.52
11-29-2025,DELTA_TRADES,CL311735,KOTAKBANK,B,345,1124.82,285556.92
25-Nov-25,ALPHA_SEC,CL647498,RELIANCE,S,314,1585.07,497711.98
11-20-2025,OMEGA_BROKING,CL764383,HDFC,B,246,2634.0,647964.0
2025-11-25,BETA_INVEST,CL279562,TATAMOTORS,B,399,2046.65,816613.35
2025-11-23,ALPHA_SEC,CL625871,KOTAKBANK,B,127,2482.67,315299.09
2025-11-25,DELTA_TRADES,CL479900,TATAMOTORS,B,341,2532.05,863429.05
22-Nov-25,BETA_INVEST,CL117346,AXISBANK,S,163,2249.74,366707.62
22/11/2025,BETA_INVEST,CL378997,SBIN,S,213,540.42,115109.46
2025-11-21,BETA_INVEST,CL744039,HDFC,S,102,1889.1,192688.2
26-Nov-25,OMEGA_BROKING,CL870979,HDFC,B,78,531.61,41465.58
2025-11-21,ALPHA_SEC,CL266579,LT,B,2,1664.58,3329.16
20-Nov-25,ALPHA_SEC,CL431859,ITC,S,378,2611.18,987026.04
29-Nov-25,OMEGA_BROKING,CL659175,SBIN,S,251,1282.84,321992.84
2025-11-21,DELTA_TRADES,CL904893,RELIANCE,S,73,2197.17,160393.41
24/11/2025,ALPHA_SEC,CL676411,RELIANCE,S,352,111.29,
2025-11-21,ALPHA_SEC,CL748256,SBIN,S,331,1540.44,509885.64
20-Nov-25,ALPHA_SEC,CL612632,AXISBANK,B,53,1590.74,84309.22
26-Nov-25,DELTA_TRADES,CL051634,RELIANCE,S,369,651.12,240263.28
11-26-2025,ALPHA_SEC,CL825434,AXISBANK,S,105,894.88,93962.4
2025-11-24,OMEGA_BROKING,CL690743,INFY,B,201,2509.09,504327.09
11-23-2025,DELTA_TRADES,CL148965,TATAMOTORS,S,78,266.73,20804.94
2025-11-26,BETA_INVEST,CL791814,HDFC,S,22,2759.47,60708.34
22/11/2025,ALPHA_SEC,CL607007,TATAMOTORS,S,186,2330.18,433413.48
11-29-2025,OMEGA_BROKING,CL541351,TATAMOTORS,B,55,1091.23,60017.65
24-Nov-25,DELTA_TRADES,CL139740,TATAMOTORS,B,93,2057.39,191337.27
21/11/2025,OMEGA_BROKING,CL347028,KOTAKBANK,S,286,2110.43,775884.7
2025-11-23,ALPHA_SEC,CL058427,KOTAKBANK,S,191,441.17,84263.47
2025-11-21,DELTA_TRADES,CL404293,SBIN,S,165,1235.41,203842.65
11-25-2025,ALPHA_SEC,CL321197,ITC,B,124,2658.82,329693.68
2025-11-22,ALPHA_SEC,CL872984,KOTAKBANK,S,329,1416.97,466183.13
26-Nov-25,DELTA_TRADES,CL138062,ICICIBANK,B,364,1667.62,607013.68
22/11/2025,BETA_INVEST,CL462799,TATAMOTORS,S,311,733.74,228193.14
11-20-2025,BETA_INVEST,CL293898,KOTAKBANK,B,256,1888.28,483399.68
20/11/2025,DELTA_TRADES,CL731464,ITC,S,253,123.66,31285.98
2025-11-25,ALPHA_SEC,CL531153,HDFC,B,152,2787.87,269292.13
11-22-2025,OMEGA_BROKING,CL756067,ITC,S,201,2021.98,406417.98
11-20-2025,ALPHA_SEC,CL716698,ITC,B,64,244.66,15658.24
11-23-2025,ALPHA_SEC,CL866135,INFY,B,205,1852.77,379817.85
11-20-2025,DELTA_TRADES,CL896261,KOTAKBANK,B,41,1776.56,72838.96
23-Nov-25,DELTA_TRADES,CL884916,LT,S,203,1570.18,318746.54
22/11/2025,OMEGA_BROKING,CL852201,ICICIBANK,B,97,324.53,31479.41
11-26-2025,OMEGA_BROKING,CL563539,LT,S,313,2394.45,749462.85
2025-11-22,DELTA_TRADES,CL782123,RELIANCE,S,96,401.91,38583.36
26-Nov-25,DELTA_TRADES,CL213074,SBIN,S,87,1461.62,127160.94
2025-11-22,OMEGA_BROKING,CL062324,TATAMOTORS,B,104,1907.05,198333.2
11-24-2025,ALPHA_SEC,CL807152,TATAMOTORS,S,46,1972.57,90738.22
22/11/2025,BETA_INVEST,CL501173,HDFC,S,217,1749.52,379645.84
2025-11-24,BETA_INVEST,CL887304,HDFC,B,257,393.45,101116.65
23/11/2025,OMEGA_BROKING,CL313514,LT,S,238,2088.74,497120.12
20/11/2025,OMEGA_BROKING,CL144554,ICICIBANK,S,315,2197.77,692297.55
25/11/2025,BETA_INVEST,CL498912,RELIANCE,B,202,1176.69,237691.38
2025-11-26,BETA_INVEST,CL227564,INFY,B,56,1916.7,107335.2
11-23-2025,ALPHA_SEC,CL157818,TATAMOTORS,B,111,1766.51,196082.61
11-26-2025,BETA_INVEST,CL275839,AXISBANK,S,246,1297.39,319157.94
11-24-2025,ALPHA_SEC,CL537263,INFY,S,21,2025.73,42540.33
22/11/2025,ALPHA_SEC,CL754779,HDFC,B,95,2760.38,262236.1
20/11/2025,ALPHA_SEC,CL352372,ITC,B,24,1230.54,29532.96
2025-11-23,OMEGA_BROKING,CL046722,SBIN,B,152,1365.47,207551.44
29-Nov-25,ALPHA_SEC,CL280751,ICICIBANK,B,343,2109.15,723438.45
2025-11-23,BETA_INVEST,CL180176,KOTAKBANK,B,87,572.68,49823.16
11-21-2025,OMEGA_BROKING,CL112760,INFY,S,12,1956.64,23479.68
24/11/2025,BETA_INVEST,CL013989,AXISBANK,B,303,651.37,197365.11
25/11/2025,ALPHA_SEC,CL492234,HDFC,S,45,2592.04,116641.8
2025-11-20,ALPHA_SEC,CL829561,ICICIBANK,B,316,2450.71,774424.36
2025-11-29,ALPHA_SEC,CL213325,KOTAKBANK,B,387,2593.2,1003568.4
2025-11-22,DELTA_TRADES,CL528675,AXISBANK,B,127,2100.66,
26/11/2025,ALPHA_SEC,CL305215,INFY,B,306,1751.28,535891.68
20-Nov-25,ALPHA_SEC,CL595643,AXISBANK,B,351,485.19,170301.69
2025-11-24,DELTA_TRADES,CL132716,RELIANCE,S,279,1504.11,419646.69
22-Nov-25,ALPHA_SEC,CL497191,HDFC,S,128,251.13,32144.64
25-Nov-25,BETA_INVEST,CL640279,HDFC,B,228,271.0,61788.0
21-Nov-25,DELTA_TRADES,CL292172,KOTAKBANK,S,98,2008.85,196867.3
11-20-2025,ALPHA_SEC,CL048348,TATAMOTORS,S,228,1399.25,319029.0
26/11/2025,DELTA_TRADES,CL924288,AXISBANK,B,209,1438.05,300552.45
24-Nov-25,BETA_INVEST,CL038816,AXISBANK,B,389,1761.53,685235.17
21-Nov-25,ALPHA_SEC,CL314550,KOTAKBANK,S,118,2145.16,
24-Nov-25,DELTA_TRADES,CL643639,TATAMOTORS,B,344,1300.57,447396.08
23-Nov-25,DELTA_TRADES,CL245400,TATAMOTORS,B,258,1584.43,408782.94
2025-11-20,ALPHA_SEC,CL393182,AXISBANK,S,346,2173.9,752169.4
11-25-2025,ALPHA_SEC,CL787713,KOTAKBANK,B,49,2667.7,130717.3
2025-11-22,DELTA_TRADES,CL861204,RELIANCE,B,261,1328.85,346829.85
23-Nov-25,DELTA_TRADES,CL790747,AXISBANK,B,85,203.18,17270.3
22-Nov-25,BETA_INVEST,CL264317,SBIN,B,191,966.24,184551.84
24-Nov-25,DELTA_TRADES,CL645193,HDFC,S,167,297.9,49749.3
11-20-2025,ALPHA_SEC,CL889671,RELIANCE,S,103,1427.12,146993.36
2025-11-20,OMEGA_BROKING,CL987502,ITC,S,169,2058.39,347867.91
2025-11-24,ALPHA_SEC,CL638495,RELIANCE,S,178,587.76,104621.28
25/11/2025,OMEGA_BROKING,CL226739,ICICIBANK,S,310,779.55,241660.5
2025-11-22,BETA_INVEST,CL997953,SBIN,S,353,2205.56,778562.68
25-Nov-25,DELTA_TRADES,CL072794,ICICIBANK,S,389,1150.85,447680.65
2025-11-26,OMEGA_BROKING,CL347265,TATAMOTORS,S,361,878.41,317106.01
2025-11-21,OMEGA_BROKING,CL003259,INFY,S,307,1495.07,458986.49
11-21-2025,OMEGA_BROKING,CL616468,TATAMOTORS,B,118,862.25,101745.5
23-Nov-25,OMEGA_BROKING,CL819806,LT,B,109,286.87,31268.83
11-22-2025,ALPHA_SEC,CL224881,ITC,S,95,1515.92,144012.4
2025-11-20,ALPHA_SEC,CL750492,KOTAKBANK,B,138,2531.92,349404.96
11-22-2025,OMEGA_BROKING,CL417848,TATAMOTORS,B,84,483.89,40646.76
25-Nov-25,BETA_INVEST,CL790472,ITC,B,380,1421.29,540090.2
11-22-2025,DELTA_TRADES,CL388561,TATAMOTORS,S,165,2615.93,431628.45
26/11/2025,BETA_INVEST,CL309513,KOTAKBANK,B,109,1024.85,111708.65
2025-11-25,OMEGA_BROKING,CL990882,ICICIBANK,S,77,990.81,76292.37
2025-11-25,DELTA_TRADES,CL287463,TATAMOTORS,B,365,2206.54,805387.1
2025-11-26,ALPHA_SEC,CL004261,RELIANCE,S,245,983.23,240891.35
11-22-2025,ALPHA_SEC,CL923180,ICICIBANK,S,317,2335.69,740413.73
21-Nov-25,DELTA_TRADES,CL059450,TATAMOTORS,S,98,1965.61,192629.78
26-Nov-25,OMEGA_BROKING,CL698606,SBIN,B,256,2733.84,699863.04
23-Nov-25,DELTA_TRADES,CL638993,INFY,B,118,104.26,12302.68
26-Nov-25,ALPHA_SEC,CL944064,KOTAKBANK,B,156,2371.59,369968.04
22/11/2025,ALPHA_SEC,CL228631,ITC,S,149,793.24,81376.31
11-24-2025,ALPHA_SEC,CL262514,TATAMOTORS,S,62,1587.12,98401.44
2025-11-20,OMEGA_BROKING,CL864849,RELIANCE,S,364,2213.98,805888.72
2025-11-20,BETA_INVEST,CL529074,INFY,B,166,2013.41,
24/11/2025,OMEGA_BROKING,CL520032,KOTAKBANK,S,383,2559.42,980257.86
11-21-2025,ALPHA_SEC,CL186560,TATAMOTORS,S,324,2094.06,678475.44
25-Nov-25,OMEGA_BROKING,CL692647,AXISBANK,S,202,1151.59,232621.18
24-Nov-25,BETA_INVEST,CL352130,TATAMOTORS,S,283,2152.68,609208.44
26/11/2025,OMEGA_BROKING,CL775490,INFY,B,197,1836.8,361849.6
2025-11-29,ALPHA_SEC,CL119757,LT,S,245,2038.01,499312.45
22/11/2025,BETA_INVEST,CL862917,INFY,S,177,2408.98,426389.46
11-26-2025,BETA_INVEST,CL133251,TATAMOTORS,S,39,2353.63,91791.57
23/11/2025,DELTA_TRADES,CL141517,LT,B,197,1591.2,313466.4
2025-11-26,DELTA_TRADES,CL805683,ICICIBANK,S,360,488.8,175968.0
11-20-2025,BETA_INVEST,CL099163,RELIANCE,B,212,1259.75,267067.0
26/11/2025,BETA_INVEST,CL645891,ICICIBANK,S,117,2772.94,324433.98
2025-11-20,DELTA_TRADES,CL238315,HDFC,B,260,1158.89,301311.4
11-23-2025,BETA_INVEST,CL488177,LT,S,312,469.11,146362.32
26-Nov-25,DELTA_TRADES,CL785475,TATAMOTORS,B,385,701.44,270054.4
29/11/2025,BETA_INVEST,CL160918,KOTAKBANK,B,155,2657.41,481476.2
11-24-2025,DELTA_TRADES,CL680593,KOTAKBANK,B,106,1808.9,191743.4
11-23-2025,ALPHA_SEC,CL723779,RELIANCE,S,201,1024.42,205908.42
11-22-2025,ALPHA_SEC,CL773039,INFY,B,392,1056.5,414148.0
2025-11-25,ALPHA_SEC,CL389388,TATAMOTORS,B,311,405.07,125976.77
20/11/2025,ALPHA_SEC,CL843302,AXISBANK,S,299,2422.76,724405.24
2025-11-24,ALPHA_SEC,CL505270,LT,S,168,1651.95,
11-25-2025,ALPHA_SEC,CL077083,SBIN,B,41,310.32,12723.12
2025-11-25,BETA_INVEST,CL920046,INFY,B,200,829.22,165844.0
2025-11-29,DELTA_TRADES,CL604937,RELIANCE,S,84,743.34,62440.56
11-24-2025,BETA_INVEST,CL541878,ITC,S,354,258.99,90028.13
2025-11-24,DELTA_TRADES,CL315093,INFY,B,178,2301.82,409723.96
2025-11-26,ALPHA_SEC,CL179080,KOTAKBANK,B,255,642.13,163743.15
11-24-2025,BETA_INVEST,CL188835,RELIANCE,B,391,2032.89,794859.99
2025-11-21,OMEGA_BROKING,CL085942,RELIANCE,S,190,877.91,166802.9
21/11/2025,OMEGA_BROKING,CL253805,SBIN,S,129,1201.54,154998.66
11-23-2025,OMEGA_BROKING,CL555505,TATAMOTORS,S,224,1519.35,340334.4
24/11/2025,BETA_INVEST,CL823307,SBIN,B,234,900.22,210651.48
29-Nov-25,BETA_INVEST,CL733476,HDFC,B,132,124.57,16443.24
2025-11-23,DELTA_TRADES,CL613367,RELIANCE,B,320,2477.06,792659.2
20/11/2025,OMEGA_BROKING,CL758020,LT,S,396,1096.18,434087.28
11-26-2025,DELTA_TRADES,CL207337,RELIANCE,S,289,1321.17,550756.12
23-Nov-25,BETA_INVEST,CL515760,HDFC,S,199,2708.07,538905.93
24-Nov-25,OMEGA_BROKING,CL939399,INFY,S,60,1362.87,81772.2
2025-11-26,BETA_INVEST,CL896429,KOTAKBANK,S,70,2657.56,186029.2
2025-11-22,ALPHA_SEC,CL160659,AXISBANK,S,170,802.01,136341.7
20/11/2025,ALPHA_SEC,CL831688,KOTAKBANK,B,275,128.08,35222.0
11-23-2025,DELTA_TRADES,CL977807,KOTAKBANK,B,190,151.24,28735.6
29/11/2025,BETA_INVEST,CL596573,TATAMOTORS,B,118,1577.04,186090.72
20-Nov-25,ALPHA_SEC,CL617329,HDFC,B,383,303.41,116206.03
11-22-2025,BETA_INVEST,CL740699,INFY,B,146,236.71,34559.66
22/11/2025,DELTA_TRADES,CL654820,INFY,S,120,1645.7,197484.0
2025-11-20,DELTA_TRADES,CL444060,HDFC,S,260,1338.69,348059.4
22/11/2025,DELTA_TRADES,CL355660,SBIN,B,329,843.48,323236.95
29-Nov-25,DELTA_TRADES,CL769457,INFY,S,15,928.68,13930.2
11-22-2025,DELTA_TRADES,CL505809,TATAMOTORS,S,236,2475.86,584302.96
22/11/2025,BETA_INVEST,CL974092,ITC,S,14,2718.22,38055.08
23/11/2025,ALPHA_SEC,CL320731,KOTAKBANK,B,313,1072.27,335620.51
11-26-2025,OMEGA_BROKING,CL387049,SBIN,S,353,288.89,101978.17
26-Nov-25,ALPHA_SEC,CL697981,RELIANCE,B,274,242.78,66521.72
22-Nov-25,DELTA_TRADES,CL949853,LT,B,97,191.7,18594.9
2025-11-21,ALPHA_SEC,CL894388,ICICIBANK,B,8,1753.96,14031.68
24-Nov-25,ALPHA_SEC,CL938068,KOTAKBANK,S,214,2675.91,572644.74
25-Nov-25,ALPHA_SEC,CL824447,INFY,B,171,772.1,132029.1
11-26-2025,ALPHA_SEC,CL425100,TATAMOTORS,S,385,2095.96,806944.6
25-Nov-25,DELTA_TRADES,CL374239,HDFC,S,13,2397.26,31164.38
25/11/2025,BETA_INVEST,CL976419,INFY,S,42,1678.91,70514.22
2025-11-22,OMEGA_BROKING,CL996236,INFY,S,398,305.88,121740.24
29-Nov-25,OMEGA_BROKING,CL088495,RELIANCE,S,55,2100.28,115515.4
2025-11-21,DELTA_TRADES,CL213071,INFY,B,34,760.53,25858.02
2025-11-22,ALPHA_SEC,CL814465,LT,S,201,1283.31,257945.31
24/11/2025,OMEGA_BROKING,CL239554,ITC,B,370,2321.34,858895.8
20-Nov-25,DELTA_TRADES,CL803966,LT,S,175,2291.81,401066.75
23/11/2025,ALPHA_SEC,CL063509,TATAMOTORS,B,134,533.1,71435.4
21/11/2025,DELTA_TRADES,CL961292,RELIANCE,B,338,577.96,195350.48
21-Nov-25,DELTA_TRADES,CL339293,HDFC,S,190,2106.51,400236.9
11-26-2025,ALPHA_SEC,CL886481,TATAMOTORS,B,336,2526.23,848813.28
22-Nov-25,DELTA_TRADES,CL300721,ICICIBANK,S,381,1731.08,659541.48
11-26-2025,DELTA_TRADES,CL537149,ITC,B,368,1687.49,620996.32
2025-11-23,BETA_INVEST,CL044960,KOTAKBANK,B,47,2764.18,129916.46
2025-11-24,OMEGA_BROKING,CL815895,AXISBANK,B,221,1086.39,
20-Nov-25,BETA_INVEST,CL357970,ITC,S,358,1058.01,378767.58
21/11/2025,BETA_INVEST,CL794183,AXISBANK,B,352,1084.96,381905.92
21-Nov-25,OMEGA_BROKING,CL579206,KOTAKBANK,B,329,2565.97,844204.13
11-20-2025,ALPHA_SEC,CL464567,TATAMOTORS,B,334,1565.6,
22/11/2025,DELTA_TRADES,CL280719,ITC,B,361,1781.77,643218.97
11-20-2025,OMEGA_BROKING,CL774551,HDFC,B,30,1663.4,46600.81
2025-11-21,OMEGA_BROKING,CL180654,AXISBANK,S,70,2714.86,195014.21
2025-11-20,OMEGA_BROKING,CL110565,ICICIBANK,S,135,133.38,18006.3
2025-11-26,BETA_INVEST,CL464045,TATAMOTORS,B,259,168.91,43747.69
2025-11-22,OMEGA_BROKING,CL568836,HDFC,S,215,718.73,154526.95
29-Nov-25,BETA_INVEST,CL851532,INFY,S,358,1250.54,447693.32
21/11/2025,BETA_INVEST,CL590673,ICICIBANK,B,219,2366.43,518248.17
24/11/2025,BETA_INVEST,CL959517,HDFC,B,114,2313.64,263754.96
24-Nov-25,DELTA_TRADES,CL281334,AXISBANK,S,369,821.2,303022.8
22/11/2025,DELTA_TRADES,CL290931,ITC,S,349,704.49,245867.01
2025-11-25,BETA_INVEST,CL081445,HDFC,B,47,1131.88,53198.36
26/11/2025,OMEGA_BROKING,CL241323,LT,S,142,2220.96,315376.32
2025-11-26,DELTA_TRADES,CL315715,KOTAKBANK,B,376,1088.18,409155.68
24-Nov-25,OMEGA_BROKING,CL766345,ICICIBANK,B,53,2684.7,142289.1
22-Nov-25,ALPHA_SEC,CL234940,LT,S,343,1403.85,481520.55
22/11/2025,ALPHA_SEC,CL086701,TATAMOTORS,B,162,1705.02,276213.24
11-29-2025,BETA_INVEST,CL066970,RELIANCE,B,21,2331.92,48970.32
11-23-2025,ALPHA_SEC,CL979401,LT,S,365,161.69,59016.85
11-24-2025,ALPHA_SEC,CL083368,HDFC,S,208,2192.94,456131.52
11-25-2025,DELTA_TRADES,CL420076,ICICIBANK,B,141,430.25,60665.25
2025-11-23,OMEGA_BROKING,CL436498,AXISBANK,S,48,855.06,41042.88
23/11/2025,ALPHA_SEC,CL882195,LT,B,229,1910.44,437490.76
22-Nov-25,OMEGA_BROKING,CL300863,LT,B,94,1032.54,97058.76
11-29-2025,DELTA_TRADES,CL125479,RELIANCE,S,244,2069.54,504967.76
25-Nov-25,OMEGA_BROKING,CL764063,HDFC,B,53,1774.22,94033.66
22-Nov-25,OMEGA_BROKING,CL299722,HDFC,B,271,2233.84,605370.64
11-21-2025,BETA_INVEST,CL421608,ICICIBANK,S,43,2317.85,99667.55
2025-11-25,BETA_INVEST,CL596926,TATAMOTORS,B,73,1130.32,82513.36
11-24-2025,ALPHA_SEC,CL598595,TATAMOTORS,B,108,823.56,88944.48
22/11/2025,DELTA_TRADES,CL538119,AXISBANK,B,200,2128.85,425770.0
11-23-2025,BETA_INVEST,CL754888,HDFC,S,101,1857.53,187610.53
2025-11-23,DELTA_TRADES,CL914202,RELIANCE,S,380,1436.76,545968.8
11-26-2025,ALPHA_SEC,CL356491,SBIN,B,247,279.19,68959.93
23-Nov-25,BETA_INVEST,CL066446,KOTAKBANK,B,369,892.87,329469.03
2025-11-20,ALPHA_SEC,CL516313,HDFC,B,162,313.86,50845.32
25/11/2025,DELTA_TRADES,CL399468,ICICIBANK,B,33,2073.88,68438.04
2025-11-21,DELTA_TRADES,CL013283,SBIN,B,59,1922.69,113438.71
24/11/2025,OMEGA_BROKING,CL072277,INFY,B,250,1416.18,354045.0
26-Nov-25,ALPHA_SEC,CL557560,HDFC,B,112,1940.74,217362.88
2025-11-20,OMEGA_BROKING,CL971002,HDFC,S,211,2267.29,478398.19
24/11/2025,ALPHA_SEC,CL084569,AXISBANK,S,314,813.11,255316.54
25/11/2025,BETA_INVEST,CL165799,HDFC,B,192,2135.55,410025.6
21-Nov-25,BETA_INVEST,CL965145,RELIANCE,S,312,1828.96,570635.52
2025-11-22,BETA_INVEST,CL989367,ICICIBANK,S,129,1528.75,197208.75
21/11/2025,OMEGA_BROKING,CL636477,KOTAKBANK,S,243,528.03,128311.29
24/11/2025,ALPHA_SEC,CL509912,LT,B,173,1970.58,340910.34
11-22-2025,ALPHA_SEC,CL442930,TATAMOTORS,B,294,878.82,258373.08
11-23-2025,OMEGA_BROKING,CL726208,ITC,S,108,834.36,90110.88
11-26-2025,OMEGA_BROKING,CL890562,ITC,S,59,1304.38,76958.42
24-Nov-25,BETA_INVEST,CL794953,SBIN,S,132,1681.85,222004.2
21/11/2025,DELTA_TRADES,CL776607,ICICIBANK,S,28,2766.7,77467.6
25/11/2025,BETA_INVEST,CL233252,SBIN,S,181,2614.92,473300.52
21-Nov-25,OMEGA_BROKING,CL027459,HDFC,S,366,1197.18,438167.88
2025-11-20,BETA_INVEST,CL271513,HDFC,B,292,636.38,185822.96
22/11/2025,DELTA_TRADES,CL461393,LT,S,37,891.79,32996.23
22/11/2025,BETA_INVEST,CL229701,INFY,B,329,1919.49,631512.21
2025-11-23,ALPHA_SEC,CL757947,INFY,B,328,1616.12,530087.36
11-25-2025,ALPHA_SEC,CL397489,SBIN,S,27,1419.9,38337.3
2025-11-26,OMEGA_BROKING,CL418628,LT,B,295,1558.95,459890.25
2025-11-20,OMEGA_BROKING,CL826230,KOTAKBANK,B,287,2515.24,721873.88
20-Nov-25,DELTA_TRADES,CL534066,AXISBANK,B,289,2647.73,765193.97
11-25-2025,BETA_INVEST,CL868774,TATAMOTORS,B,333,2219.62,739133.46
11-25-2025,DELTA_TRADES,CL160364,KOTAKBANK,B,306,1720.36,526430.16
11-25-2025,DELTA_TRADES,CL804779,RELIANCE,S,321,997.67,320252.07
23-Nov-25,ALPHA_SEC,CL531413,AXISBANK,B,155,297.06,42526.14
23-Nov-25,DELTA_TRADES,CL317305,INFY,B,329,1659.06,545830.74
29/11/2025,DELTA_TRADES,CL549053,INFY,S,7,1624.91,11374.37
25/11/2025,BETA_INVEST,CL622726,ITC,S,88,1461.52,128613.76
24-Nov-25,OMEGA_BROKING,CL719525,ICICIBANK,B,218,102.47,22338.46
2025-11-24,DELTA_TRADES,CL729759,AXISBANK,B,65,2209.56,143621.4
2025-11-21,BETA_INVEST,CL405179,ICICIBANK,B,160,2104.42,336707.2
11-25-2025,DELTA_TRADES,CL467740,KOTAKBANK,B,203,2189.19,444405.57
22/11/2025,ALPHA_SEC,CL119424,LT,S,201,1450.5,291550.5
26-Nov-25,DELTA_TRADES,CL261146,SBIN,S,294,2358.88,693510.72
20-Nov-25,BETA_INVEST,CL965047,TATAMOTORS,S,194,416.38,80777.72
20-Nov-25,DELTA_TRADES,CL668387,KOTAKBANK,S,39,359.66,14026.74
11-25-2025,OMEGA_BROKING,CL427516,SBIN,B,1,1361.16,1361.16
11-22-2025,ALPHA_SEC,CL259143,RELIANCE,B,365,933.5,340727.5
2025-11-20,DELTA_TRADES,CL937333,RELIANCE,B,82,237.74,19494.68
25-Nov-25,ALPHA_SEC,CL603693,AXISBANK,B,190,2561.58,486700.2
25/11/2025,ALPHA_SEC,CL626242,AXISBANK,S,329,1192.5,392332.5
24/11/2025,DELTA_TRADES,CL180814,KOTAKBANK,S,385,1387.83,534314.55
2025-11-24,OMEGA_BROKING,CL769396,INFY,B,191,2194.13,284901.9
22-Nov-25,DELTA_TRADES,CL368643,INFY,S,4,1844.44,7377.76
2025-11-21,OMEGA_BROKING,CL903602,KOTAKBANK,B,334,848.2,257020.26
20/11/2025,ALPHA_SEC,CL234381,INFY,S,82,504.36,41357.52
25/11/2025,DELTA_TRADES,CL470125,HDFC,B,46,1114.33,51259.18
21/11/2025,BETA_INVEST,CL469789,AXISBANK,S,320,1930.89,617884.8
26-Nov-25,DELTA_TRADES,CL523100,KOTAKBANK,S,346,1994.15,689975.9
2025-11-23,ALPHA_SEC,CL146251,ITC,S,321,776.85,249368.85
2025-11-25,BETA_INVEST,CL843576,ICICIBANK,B,318,722.85,229866.3
11-23-2025,ALPHA_SEC,CL857887,INFY,S,8,1678.01,13424.08
2025-11-21,BETA_INVEST,CL100700,TATAMOTORS,B,101,1540.43,155583.43
20-Nov-25,ALPHA_SEC,CL244077,KOTAKBANK,B,400,2046.28,818512.0
2025-11-20,DELTA_TRADES,CL978523,AXISBANK,B,259,107.3,27790.7
20-Nov-25,DELTA_TRADES,CL121916,ICICIBANK,B,155,2494.76,386687.8
2025-11-23,OMEGA_BROKING,CL148856,RELIANCE,B,265,2656.15,703879.75
22/11/2025,OMEGA_BROKING,CL711771,ITC,B,390,620.27,241905.3
25/11/2025,BETA_INVEST,CL873820,INFY,B,312,2653.43,827870.16
26/11/2025,DELTA_TRADES,CL567950,LT,B,343,1414.07,485026.01
24-Nov-25,DELTA_TRADES,CL271576,AXISBANK,S,29,1362.25,39505.25
20/11/2025,OMEGA_BROKING,CL519878,TATAMOTORS,B,7,1884.16,13189.12
2025-11-20,BETA_INVEST,CL019989,ITC,S,325,127.72,41509.0
20-Nov-25,ALPHA_SEC,CL117853,TATAMOTORS,B,128,137.15,17555.2
2025-11-23,DELTA_TRADES,CL966675,SBIN,B,228,1032.89,235498.92
11-25-2025,OMEGA_BROKING,CL511759,INFY,S,313,1557.11,487375.43
11-20-2025,ALPHA_SEC,CL960415,SBIN,S,121,1217.25,147287.25
26-Nov-25,OMEGA_BROKING,CL561083,ITC,B,397,229.87,91258.39
26/11/2025,ALPHA_SEC,CL922167,RELIANCE,B,214,568.83,121729.62
22-Nov-25,BETA_INVEST,CL273640,LT,S,88,1249.81,109983.28
2025-11-26,DELTA_TRADES,CL327144,TATAMOTORS,B,31,724.83,22469.73
23-Nov-25,OMEGA_BROKING,CL431098,ITC,S,390,1550.16,604562.4
11-20-2025,DELTA_TRADES,CL186430,HDFC,S,286,2443.78,698921.08
2025-11-24,DELTA_TRADES,CL466850,AXISBANK,S,110,1833.64,201700.4
11-20-2025,BETA_INVEST,CL193460,RELIANCE,B,368,634.08,233341.44
24/11/2025,DELTA_TRADES,CL283411,RELIANCE,S,83,1025.14,85086.62
21-Nov-25,BETA_INVEST,CL715857,HDFC,S,279,998.5,278581.5
11-24-2025,OMEGA_BROKING,CL874148,HDFC,S,215,2755.74,592484.1
11-23-2025,DELTA_TRADES,CL981641,INFY,B,389,2745.58,1068030.62
2025-11-20,BETA_INVEST,CL295378,RELIANCE,B,343,1161.1,398257.3
24/11/2025,BETA_INVEST,CL825257,ITC,S,11,608.32,6691.52
11-23-2025,DELTA_TRADES,CL132265,LT,B,299,621.31,185771.69
25/11/2025,DELTA_TRADES,CL198388,ICICIBANK,B,1,2554.32,2554.32
11-23-2025,BETA_INVEST,CL461239,INFY,S,119,145.57,17322.83
24/11/2025,ALPHA_SEC,CL033201,HDFC,B,129,2548.1,328704.9
2025-11-25,OMEGA_BROKING,CL625676,ITC,S,325,628.49,204259.25
25/11/2025,DELTA_TRADES,CL348068,ITC,B,229,1279.87,293090.23
11-23-2025,DELTA_TRADES,CL670826,INFY,S,63,933.37,58802.31
24-Nov-25,BETA_INVEST,CL335796,AXISBANK,S,37,2466.86,91273.82
26-Nov-25,BETA_INVEST,CL471639,ICICIBANK,S,22,269.0,5918.0
22-Nov-25,DELTA_TRADES,CL763299,HDFC,B,318,1391.06,442357.08
11-23-2025,OMEGA_BROKING,CL827820,INFY,S,205,2654.23,544117.15
21-Nov-25,OMEGA_BROKING,CL008246,RELIANCE,S,217,2608.12,565962.04
22-Nov-25,ALPHA_SEC,CL928774,TATAMOTORS,B,387,1721.33,666154.71
2025-11-24,DELTA_TRADES,CL504708,ITC,S,213,2581.73,549908.49
11-29-2025,OMEGA_BROKING,CL265996,AXISBANK,S,40,1767.85,70714.0
11-20-2025,BETA_INVEST,CL860206,HDFC,B,294,2415.14,710051.16
2025-11-22,BETA_INVEST,CL464397,TATAMOTORS,S,227,2455.59,557418.93
21/11/2025,OMEGA_BROKING,CL143671,INFY,B,145,1418.97,205750.65
26-Nov-25,DELTA_TRADES,CL575690,SBIN,S,148,922.98,136601.04
26/11/2025,DELTA_TRADES,CL534426,INFY,B,264,2549.56,673083.84
24/11/2025,ALPHA_SEC,CL887103,ICICIBANK,S,70,2152.89,150702.3
23/11/2025,ALPHA_SEC,CL052528,LT,B,73,1799.05,131330.65
11-25-2025,ALPHA_SEC,CL274208,INFY,B,381,1279.94,487657.14
2025-11-25,BETA_INVEST,CL452050,AXISBANK,S,288,920.3,146194.42
2025-11-26,ALPHA_SEC,CL412394,KOTAKBANK,S,229,312.67,71601.43
24/11/2025,ALPHA_SEC,CL362720,AXISBANK,B,162,912.22,147779.64
11-21-2025,BETA_INVEST,CL502086,SBIN,B,371,1373.3,
2025-11-23,BETA_INVEST,CL922959,SBIN,B,270,260.36,70297.2
11-26-2025,BETA_INVEST,CL963189,HDFC,S,113,709.82,80209.66
2025-11-23,DELTA_TRADES,CL094295,SBIN,S,79,1111.49,87807.71
23-Nov-25,ALPHA_SEC,CL440981,TATAMOTORS,S,161,528.71,85122.31
11-24-2025,DELTA_TRADES,CL098648,SBIN,S,253,1305.84,330377.52
2025-11-23,DELTA_TRADES,CL089649,ITC,B,189,1616.76,305567.64
23-Nov-25,OMEGA_BROKING,CL551341,RELIANCE,B,319,2508.92,800345.48
21/11/2025,BETA_INVEST,CL177900,INFY,B,278,1448.09,402569.02
24-Nov-25,ALPHA_SEC,CL380078,ICICIBANK,B,258,1421.73,366806.34
24/11/2025,OMEGA_BROKING,CL671023,TATAMOTORS,S,49,2669.53,130806.97
11-20-2025,BETA_INVEST,CL038352,HDFC,B,305,2385.51,727580.55
2025-11-29,ALPHA_SEC,CL664837,HDFC,B,125,497.74,62217.5
11-21-2025,BETA_INVEST,CL428963,HDFC,S,199,1402.94,279185.06
11-21-2025,ALPHA_SEC,CL023928,AXISBANK,S,365,2020.74,737570.1
24-Nov-25,DELTA_TRADES,CL670066,RELIANCE,B,241,1037.32,249994.12
2025-11-25,OMEGA_BROKING,CL566615,LT,S,99,326.86,32359.14
21/11/2025,DELTA_TRADES,CL424410,RELIANCE,S,228,2649.33,604047.24
11-25-2025,BETA_INVEST,CL576774,KOTAKBANK,B,54,1002.02,54109.08
11-25-2025,ALPHA_SEC,CL046777,HDFC,B,340,1469.41,499599.4
11-23-2025,DELTA_TRADES,CL198495,KOTAKBANK,S,66,1218.58,80426.28
20/11/2025,DELTA_TRADES,CL299458,ICICIBANK,B,152,2083.99,316766.48
22/11/2025,DELTA_TRADES,CL557041,HDFC,S,93,1744.57,162245.01
11-20-2025,DELTA_TRADES,CL291571,SBIN,S,148,1330.89,196971.72
11-21-2025,BETA_INVEST,CL309558,KOTAKBANK,S,49,1058.65,51873.85
21-Nov-25,ALPHA_SEC,CL744278,ITC,S,65,2113.93,137405.45
2025-11-26,OMEGA_BROKING,CL481208,ICICIBANK,S,55,168.75,9281.25
2025-11-20,BETA_INVEST,CL517278,HDFC,B,202,2491.42,503266.84
11-25-2025,ALPHA_SEC,CL585390,ICICIBANK,B,293,1766.81,517675.33
23/11/2025,BETA_INVEST,CL064099,ICICIBANK,B,72,1501.74,108125.28
11-20-2025,ALPHA_SEC,CL332481,INFY,S,106,2517.74,266880.44
11-21-2025,BETA_INVEST,CL167732,SBIN,S,192,2754.67,528896.64
2025-11-23,BETA_INVEST,CL548415,AXISBANK,B,46,543.86,25017.56
2025-11-22,ALPHA_SEC,CL071773,ITC,S,232,1988.2,461262.4
11-24-2025,OMEGA_BROKING,CL094667,HDFC,B,289,2393.87,691828.43
25-Nov-25,ALPHA_SEC,CL373126,ITC,B,157,165.95,26054.15
11-22-2025,BETA_INVEST,CL288488,LT,B,328,532.89,174787.92
21/11/2025,DELTA_TRADES,CL623174,ITC,S,233,1643.77,382998.41
2025-11-25,ALPHA_SEC,CL860588,INFY,S,273,1083.24,295724.52
11-26-2025,ALPHA_SEC,CL752578,HDFC,B,156,1745.38,272279.28
11-22-2025,DELTA_TRADES,CL879858,SBIN,S,339,460.57,156133.23
2025-11-26,OMEGA_BROKING,CL963221,LT,S,385,633.59,243932.15
2025-11-22,ALPHA_SEC,CL258302,SBIN,B,266,2660.23,707621.18
22-Nov-25,DELTA_TRADES,CL847612,ITC,S,175,1014.76,177583.0
2025-11-23,ALPHA_SEC,CL281170,KOTAKBANK,S,233,2693.47,627578.51
23-Nov-25,ALPHA_SEC,CL592313,LT,B,41,718.12,29442.92
11-24-2025,OMEGA_BROKING,CL417247,ICICIBANK,B,307,2580.44,792195.08
11-20-2025,ALPHA_SEC,CL687345,RELIANCE,S,222,570.27,126599.94
11-23-2025,DELTA_TRADES,CL979352,ICICIBANK,S,63,495.68,31227.84
11-22-2025,ALPHA_SEC,CL056436,KOTAKBANK,S,107,2247.61,240494.27
22-Nov-25,DELTA_TRADES,CL555111,ICICIBANK,B,190,2790.17,530132.3
11-21-2025,OMEGA_BROKING,CL061198,RELIANCE,B,38,1206.9,45862.2
2025-11-20,OMEGA_BROKING,CL069384,HDFC,B,108,2267.08,244844.64
21-Nov-25,OMEGA_BROKING,CL979639,INFY,S,297,2009.23,596741.31
2025-11-23,BETA_INVEST,CL772105,SBIN,S,33,1226.49,40474.17
11-20-2025,BETA_INVEST,CL809468,AXISBANK,B,118,655.29,77324.22
2025-11-23,BETA_INVEST,CL078382,AXISBANK,S,378,2174.2,821847.6
22/11/2025,ALPHA_SEC,CL047830,RELIANCE,S,86,1608.45,138326.7
11-22-2025,DELTA_TRADES,CL623227,LT,B,98,306.59,30045.82
2025-11-22,OMEGA_BROKING,CL355370,ICICIBANK,B,62,922.53,57196.86
25/11/2025,ALPHA_SEC,CL425455,TATAMOTORS,S,27,1001.81,27048.87
2025-11-22,BETA_INVEST,CL684758,ICICIBANK,B,62,1069.56,66312.72
2025-11-25,ALPHA_SEC,CL856152,SBIN,S,56,2558.12,143254.72
11-25-2025,BETA_INVEST,CL616509,SBIN,S,365,1307.46,477222.9
21-Nov-25,OMEGA_BROKING,CL797693,HDFC,B,247,834.2,206047.4
2025-11-26,DELTA_TRADES,CL096688,SBIN,B,163,1067.95,174075.85
26/11/2025,DELTA_TRADES,CL575234,SBIN,S,139,748.9,104097.1
11-26-2025,ALPHA_SEC,CL840000,RELIANCE,S,6,1243.26,7459.56
2025-11-20,OMEGA_BROKING,CL802811,ICICIBANK,B,318,2748.44,874003.92
26/11/2025,OMEGA_BROKING,CL419450,HDFC,B,245,1111.4,272293.0
21/11/2025,BETA_INVEST,CL025358,SBIN,B,117,660.86,77320.62
11-20-2025,ALPHA_SEC,CL709634,INFY,S,129,195.11,25169.19
25/11/2025,BETA_INVEST,CL653791,HDFC,S,42,311.36,13077.12
11-20-2025,OMEGA_BROKING,CL085984,KOTAKBANK,S,277,2051.81,568351.37
20/11/2025,DELTA_TRADES,CL060839,AXISBANK,S,142,2189.9,310965.8
23/11/2025,ALPHA_SEC,CL628727,AXISBANK,B,378,2194.05,829350.9
2025-11-22,ALPHA_SEC,CL138651,HDFC,B,104,1341.04,139468.16
26/11/2025,DELTA_TRADES,CL714966,AXISBANK,B,367,946.18,347248.06
23/11/2025,OMEGA_BROKING,CL000357,INFY,B,290,263.04,76281.6
2025-11-22,BETA_INVEST,CL640467,KOTAKBANK,B,293,676.54,198226.22
25-Nov-25,BETA_INVEST,CL492971,INFY,S,46,1884.29,86677.34
26-Nov-25,OMEGA_BROKING,CL366882,RELIANCE,S,183,1330.72,243521.76
11-20-2025,BETA_INVEST,CL232928,KOTAKBANK,B,223,152.07,33911.61
2025-11-24,DELTA_TRADES,CL528631,LT,S,349,1832.66,639598.34
22/11/2025,BETA_INVEST,CL435506,HDFC,B,333,889.57,296226.81
11-23-2025,BETA_INVEST,CL241064,RELIANCE,B,131,1024.31,134184.61
23/11/2025,DELTA_TRADES,CL236865,RELIANCE,S,308,680.74,209667.92
22/11/2025,BETA_INVEST,CL234120,LT,B,210,838.84,176156.4
2025-11-21,BETA_INVEST,CL359790,LT,S,304,2634.17,800787.68
2025-11-23,OMEGA_BROKING,CL251158,TATAMOTORS,B,88,903.86,
11-21-2025,BETA_INVEST,CL863147,KOTAKBANK,S,32,1640.16,52485.12
11-22-2025,DELTA_TRADES,CL495936,INFY,B,168,506.8,85142.4
22-Nov-25,OMEGA_BROKING,CL419432,SBIN,B,234,2135.37,
2025-11-20,ALPHA_SEC,CL397831,RELIANCE,B,187,1495.56,279669.72
2025-11-22,OMEGA_BROKING,CL814700,LT,B,340,1575.34,535615.6
24/11/2025,BETA_INVEST,CL785412,TATAMOTORS,B,64,1929.02,123457.28
2025-11-20,OMEGA_BROKING,CL787474,LT,B,109,879.5,95865.5
20-Nov-25,BETA_INVEST,CL732721,KOTAKBANK,B,350,1571.88,550158.0
2025-11-26,DELTA_TRADES,CL462124,HDFC,S,325,1209.45,393071.25
2025-11-20,OMEGA_BROKING,CL682035,AXISBANK,S,390,2158.71,841896.9
11-25-2025,BETA_INVEST,CL775432,KOTAKBANK,S,315,2275.4,
24-Nov-25,DELTA_TRADES,CL870618,TATAMOTORS,B,89,940.29,83685.81
11-24-2025,DELTA_TRADES,CL070461,INFY,B,308,2598.59,800365.72
2025-11-22,DELTA_TRADES,CL207303,HDFC,S,139,1499.85,208479.15
11-25-2025,OMEGA_BROKING,CL042469,HDFC,S,221,1162.65,256945.65
2025-11-20,DELTA_TRADES,CL568590,TATAMOTORS,B,264,929.64,245424.96
2025-11-24,BETA_INVEST,CL255773,SBIN,B,358,941.67,337117.86
11-23-2025,OMEGA_BROKING,CL562746,RELIANCE,S,202,460.49,93018.98
24/11/2025,DELTA_TRADES,CL400528,ICICIBANK,S,162,209.91,34005.42
11-23-2025,DELTA_TRADES,CL943416,ITC,B,189,2543.94,480804.66
11-25-2025,BETA_INVEST,CL713693,AXISBANK,B,303,2180.82,660788.46
23-Nov-25,ALPHA_SEC,CL236459,INFY,S,312,1118.07,348837.84
11-22-2025,ALPHA_SEC,CL504381,LT,B,280,866.88,242726.4
22/11/2025,OMEGA_BROKING,CL956208,HDFC,S,154,2380.43,366586.22
11-22-2025,BETA_INVEST,CL315227,HDFC,B,176,2365.23,416280.48
26/11/2025,OMEGA_BROKING,CL086903,INFY,B,74,501.49,37110.26
24-Nov-25,DELTA_TRADES,CL376157,AXISBANK,B,178,1989.74,354173.72
26/11/2025,DELTA_TRADES,CL110313,HDFC,S,112,2159.4,241852.8
2025-11-23,ALPHA_SEC,CL470930,AXISBANK,B,380,2787.28,1059166.4
11-20-2025,OMEGA_BROKING,CL356499,INFY,S,316,2400.61,758592.76
23-Nov-25,ALPHA_SEC,CL578056,HDFC,B,383,285.9,109499.7
24-Nov-25,DELTA_TRADES,CL243795,ITC,B,64,311.87,19959.68
20-Nov-25,ALPHA_SEC,CL051255,INFY,S,373,1751.36,653257.28
2025-11-22,OMEGA_BROKING,CL373004,RELIANCE,S,211,149.04,31447.44
11-20-2025,BETA_INVEST,CL059388,SBIN,S,262,153.94,40332.28
21-Nov-25,OMEGA_BROKING,CL867461,TATAMOTORS,S,219,2433.36,532905.84
24-Nov-25,ALPHA_SEC,CL658598,ITC,S,231,774.96,179015.76
25-Nov-25,BETA_INVEST,CL028979,ICICIBANK,S,106,843.2,89379.2
23/11/2025,DELTA_TRADES,CL793208,INFY,S,89,1670.47,113037.46
11-23-2025,ALPHA_SEC,CL203162,SBIN,B,362,129.58,46907.96
24-Nov-25,DELTA_TRADES,CL198150,AXISBANK,S,85,236.64,20114.4
23/11/2025,DELTA_TRADES,CL414439,LT,B,83,498.23,41353.09
29-Nov-25,ALPHA_SEC,CL182663,SBIN,S,75,224.35,16826.25
20/11/2025,ALPHA_SEC,CL324498,INFY,B,156,1801.53,323994.27
11-22-2025,BETA_INVEST,CL899082,ITC,B,259,992.3,257005.7
11-26-2025,ALPHA_SEC,CL113074,INFY,S,294,2379.83,699670.02
24-Nov-25,ALPHA_SEC,CL111887,HDFC,B,37,2103.68,77836.16
23/11/2025,OMEGA_BROKING,CL754168,ICICIBANK,S,38,1462.0,55556.0
11-21-2025,BETA_INVEST,CL822749,AXISBANK,S,203,557.43,113158.29
11-26-2025,DELTA_TRADES,CL759602,AXISBANK,S,120,684.76,82171.2
23/11/2025,DELTA_TRADES,CL642042,ICICIBANK,S,82,2677.92,219589.44
2025-11-29,BETA_INVEST,CL253738,AXISBANK,B,293,156.57,45875.01
20/11/2025,ALPHA_SEC,CL599104,AXISBANK,B,255,2554.43,888333.67
2025-11-26,OMEGA_BROKING,CL600762,AXISBANK,S,337,1478.37,498210.69
11-24-2025,ALPHA_SEC,CL105646,RELIANCE,B,179,1842.25,329762.75
21/11/2025,DELTA_TRADES,CL955452,LT,S,238,1711.1,
21/11/2025,ALPHA_SEC,CL570014,AXISBANK,B,145,1483.31,215079.95
21/11/2025,DELTA_TRADES,CL407351,KOTAKBANK,S,397,746.4,296320.8
11-23-2025,DELTA_TRADES,CL026887,RELIANCE,S,53,1147.5,60817.5
22-Nov-25,ALPHA_SEC,CL794053,HDFC,S,22,2697.63,59347.86
26/11/2025,OMEGA_BROKING,CL833862,KOTAKBANK,B,387,2614.63,1011861.81
24/11/2025,BETA_INVEST,CL902695,HDFC,S,264,2404.36,634751.04
2025-11-25,DELTA_TRADES,CL361160,HDFC,B,345,173.96,60016.2
11-24-2025,BETA_INVEST,CL439719,RELIANCE,S,41,456.37,18711.17
11-22-2025,DELTA_TRADES,CL864027,SBIN,B,294,359.29,105631.26
2025-11-20,DELTA_TRADES,CL817602,RELIANCE,B,286,1052.38,300980.68
20-Nov-25,OMEGA_BROKING,CL919954,TATAMOTORS,S,122,2026.13,247187.86
25/11/2025,OMEGA_BROKING,CL837273,LT,S,249,1402.39,349195.11
20/11/2025,ALPHA_SEC,CL562428,ITC,B,84,787.19,66123.96
25/11/2025,BETA_INVEST,CL961913,TATAMOTORS,B,369,124.31,29794.97
2025-11-24,BETA_INVEST,CL426155,SBIN,S,335,2279.74,763712.9
20/11/2025,BETA_INVEST,CL014076,RELIANCE,B,174,2699.84,469772.16
24/11/2025,BETA_INVEST,CL899278,ICICIBANK,S,280,965.65,270382.0
11-22-2025,BETA_INVEST,CL326674,HDFC,B,279,1882.43,525197.97
2025-11-26,DELTA_TRADES,CL542993,KOTAKBANK,S,70,394.1,27587.0
11-22-2025,ALPHA_SEC,CL284776,SBIN,S,287,1447.35,415389.45
11-22-2025,ALPHA_SEC,CL457702,INFY,S,30,595.11,17853.3
2025-11-24,OMEGA_BROKING,CL555433,LT,S,329,2564.35,843671.15
2025-11-26,ALPHA_SEC,CL656940,KOTAKBANK,B,115,2360.4,271446.0
2025-11-23,ALPHA_SEC,CL419579,ICICIBANK,S,346,2232.24,772355.04
26-Nov-25,BETA_INVEST,CL984504,ITC,S,336,1574.09,528894.24
25-Nov-25,ALPHA_SEC,CL093204,ICICIBANK,S,137,206.09,28234.33
24/11/2025,OMEGA_BROKING,CL165336,ITC,S,345,1055.45,364130.25
2025-11-25,DELTA_TRADES,CL222200,ITC,B,331,2514.37,832256.47
20/11/2025,OMEGA_BROKING,CL559653,TATAMOTORS,B,331,2422.72,801920.32
23/11/2025,OMEGA_BROKING,CL002804,ICICIBANK,S,195,1383.55,269792.25
26-Nov-25,ALPHA_SEC,CL054458,INFY,B,382,2280.93,871315.26
11-21-2025,ALPHA_SEC,CL664209,TATAMOTORS,B,69,780.49,53853.81
23/11/2025,OMEGA_BROKING,CL944900,SBIN,S,314,981.54,308203.56
20/11/2025,OMEGA_BROKING,CL134626,RELIANCE,S,8,1629.19,13033.52
11-24-2025,BETA_INVEST,CL978277,SBIN,B,8,1832.08,14656.64
25-Nov-25,DELTA_TRADES,CL579286,ICICIBANK,B,264,2487.21,656623.44
26-Nov-25,ALPHA_SEC,CL227148,KOTAKBANK,B,304,713.7,216964.8
2025-11-23,DELTA_TRADES,CL102668,HDFC,S,361,1213.7,438145.7
24/11/2025,DELTA_TRADES,CL788528,ICICIBANK,S,384,1428.6,548582.4
25-Nov-25,DELTA_TRADES,CL885076,KOTAKBANK,B,147,1776.97,261214.59
23-Nov-25,ALPHA_SEC,CL874726,RELIANCE,B,167,1047.65,174957.55
26/11/2025,DELTA_TRADES,CL166692,ICICIBANK,B,184,842.25,154974.0
11-24-2025,ALPHA_SEC,CL946672,HDFC,S,398,320.74,127654.52
11-25-2025,DELTA_TRADES,CL950000,TATAMOTORS,S,53,2423.81,128461.93
2025-11-22,ALPHA_SEC,CL521714,INFY,S,125,1810.46,226307.5
2025-11-20,ALPHA_SEC,CL416162,RELIANCE,S,266,1593.88,423972.08
2025-11-20,BETA_INVEST,CL245625,SBIN,S,33,1446.26,47726.58
22-Nov-25,ALPHA_SEC,CL261868,RELIANCE,B,164,1621.98,266004.72
21-Nov-25,BETA_INVEST,CL070641,ICICIBANK,S,104,2403.88,250003.52
2025-11-25,DELTA_TRADES,CL830365,RELIANCE,S,39,1062.64,41442.96
11-25-2025,DELTA_TRADES,CL038381,RELIANCE,B,329,2162.17,711353.93
22/11/2025,OMEGA_BROKING,CL644644,INFY,B,335,2199.17,736721.95
22/11/2025,DELTA_TRADES,CL652646,AXISBANK,S,253,1070.01,270712.53
11-25-2025,OMEGA_BROKING,CL589977,AXISBANK,B,29,1264.38,36667.02
2025-11-29,OMEGA_BROKING,CL769291,ITC,S,280,1166.88,326726.4
24/11/2025,OMEGA_BROKING,CL374059,LT,S,322,2762.08,889389.76
2025-11-29,OMEGA_BROKING,CL796381,ITC,B,209,1615.51,337641.59
11-23-2025,OMEGA_BROKING,CL052618,ICICIBANK,B,298,1163.23,346642.54
2025-11-26,ALPHA_SEC,CL386200,SBIN,B,197,957.12,188552.64
26-Nov-25,ALPHA_SEC,CL879646,SBIN,S,239,339.67,81181.13
11-20-2025,ALPHA_SEC,CL589159,ICICIBANK,S,255,2595.37,661819.35
2025-11-25,BETA_INVEST,CL267829,RELIANCE,B,32,2441.85,78139.2
26/11/2025,OMEGA_BROKING,CL000595,HDFC,B,167,307.92,51422.64
2025-11-22,ALPHA_SEC,CL517179,LT,B,50,1262.29,63114.5
25/11/2025,OMEGA_BROKING,CL836859,TATAMOTORS,B,303,2105.02,637821.06
2025-11-26,BETA_INVEST,CL671027,ITC,S,302,685.16,206918.32
23-Nov-25,BETA_INVEST,CL016841,KOTAKBANK,B,382,355.66,135862.12
23/11/2025,OMEGA_BROKING,CL469400,ICICIBANK,S,126,915.37,115336.62
29-Nov-25,DELTA_TRADES,CL931341,LT,B,324,1203.42,389908.08
2025-11-22,OMEGA_BROKING,CL486123,RELIANCE,S,245,1242.55,304424.75
11-21-2025,BETA_INVEST,CL470979,HDFC,B,143,1809.6,258772.8
2025-11-26,DELTA_TRADES,CL066770,HDFC,B,386,1660.29,640871.94
2025-11-26,ALPHA_SEC,CL786087,KOTAKBANK,B,96,1612.62,154811.52
21-Nov-25,DELTA_TRADES,CL857701,SBIN,S,363,2570.61,933131.43
21/11/2025,DELTA_TRADES,CL071292,ICICIBANK,B,181,1107.7,200493.7
11-22-2025,OMEGA_BROKING,CL594447,HDFC,B,397,2641.49,1048671.53
24/11/2025,ALPHA_SEC,CL297232,LT,S,281,1643.73,461888.13
21/11/2025,BETA_INVEST,CL143345,KOTAKBANK,S,35,1640.66,57423.1
11-26-2025,ALPHA_SEC,CL794805,TATAMOTORS,B,288,2754.56,793313.28
11-20-2025,BETA_INVEST,CL837317,ITC,S,150,2595.69,401388.01
11-20-2025,OMEGA_BROKING,CL566154,HDFC,B,183,1491.18,272885.94
2025-11-26,OMEGA_BROKING,CL632469,INFY,S,379,2626.25,
2025-11-22,DELTA_TRADES,CL743551,KOTAKBANK,S,292,361.84,105657.28
11-24-2025,OMEGA_BROKING,CL858030,ITC,B,227,2012.49,456835.23
2025-11-26,DELTA_TRADES,CL670801,KOTAKBANK,B,132,1025.25,135333.0
2025-11-22,DELTA_TRADES,CL453772,TATAMOTORS,S,209,731.09,152797.81
2025-11-25,OMEGA_BROKING,CL739815,KOTAKBANK,B,64,2762.98,176830.72
22/11/2025,ALPHA_SEC,CL177433,KOTAKBANK,B,109,1985.18,216384.62
2025-11-25,OMEGA_BROKING,CL796702,INFY,B,301,725.2,218285.2
21-Nov-25,BETA_INVEST,CL704919,ICICIBANK,B,231,1575.81,364012.11
22/11/2025,ALPHA_SEC,CL975028,AXISBANK,B,388,1164.24,451725.12
11-25-2025,ALPHA_SEC,CL341435,TATAMOTORS,S,309,2101.11,649242.99
21/11/2025,DELTA_TRADES,CL669839,AXISBANK,S,254,613.16,155742.64
11-22-2025,DELTA_TRADES,CL664832,AXISBANK,B,131,883.63,115755.53
29-Nov-25,OMEGA_BROKING,CL437053,LT,S,125,2414.93,301866.25
11-25-2025,ALPHA_SEC,CL476058,LT,B,94,2521.96,237064.24
21-Nov-25,ALPHA_SEC,CL386521,HDFC,B,137,1905.81,261095.97
23/11/2025,ALPHA_SEC,CL049837,RELIANCE,B,56,2055.64,115115.84
26/11/2025,DELTA_TRADES,CL445973,KOTAKBANK,B,46,1630.14,74986.44
20/11/2025,ALPHA_SEC,CL240247,KOTAKBANK,S,129,912.29,117685.41
23/11/2025,OMEGA_BROKING,CL098402,ICICIBANK,B,384,661.52,254023.68
29-Nov-25,BETA_INVEST,CL704716,HDFC,B,188,259.33,48754.04
26-Nov-25,BETA_INVEST,CL754514,KOTAKBANK,B,368,1845.33,679081.44
11-24-2025,OMEGA_BROKING,CL877877,ITC,B,161,825.78,132950.58
26/11/2025,DELTA_TRADES,CL616056,ICICIBANK,B,178,1295.61,230618.58
25-Nov-25,DELTA_TRADES,CL685333,ICICIBANK,B,367,1700.52,624090.84
2025-11-26,BETA_INVEST,CL921965,INFY,S,66,779.59,51452.94
20-Nov-25,OMEGA_BROKING,CL999823,AXISBANK,B,344,1664.37,572543.28
2025-11-29,OMEGA_BROKING,CL347870,KOTAKBANK,B,75,471.06,35329.5
25-Nov-25,ALPHA_SEC,CL781069,SBIN,S,108,2447.59,264339.72
11-22-2025,BETA_INVEST,CL250685,HDFC,S,294,1528.73,449446.62
2025-11-22,OMEGA_BROKING,CL775908,SBIN,B,360,2310.39,831740.4
21-Nov-25,DELTA_TRADES,CL762595,INFY,B,363,1877.63,681579.69
11-25-2025,OMEGA_BROKING,CL055597,KOTAKBANK,B,285,2356.99,671742.15
2025-11-23,OMEGA_BROKING,CL812662,INFY,S,376,2077.4,781102.4
11-22-2025,BETA_INVEST,CL144130,RELIANCE,S,267,1442.12,385046.04
24/11/2025,OMEGA_BROKING,CL128166,ICICIBANK,S,15,177.94,2669.1
11-25-2025,BETA_INVEST,CL080647,INFY,B,340,2616.86,889732.4
2025-11-24,ALPHA_SEC,CL347563,INFY,S,166,1497.69,248616.54
21/11/2025,ALPHA_SEC,CL353616,ITC,S,223,1724.39,384538.97
20-Nov-25,OMEGA_BROKING,CL261090,KOTAKBANK,B,81,1584.24,128323.44
25/11/2025,BETA_INVEST,CL398058,KOTAKBANK,B,358,1187.73,425207.34
20-Nov-25,DELTA_TRADES,CL186664,KOTAKBANK,B,277,1319.15,365404.55
20/11/2025,BETA_INVEST,CL646438,HDFC,S,358,1470.27,526356.66
11-29-2025,DELTA_TRADES,CL699658,ITC,B,331,759.49,251391.19
11-23-2025,BETA_INVEST,CL809404,RELIANCE,S,241,1111.66,267910.06
25-Nov-25,ALPHA_SEC,CL485254,TATAMOTORS,B,228,2223.81,507028.68
21-Nov-25,ALPHA_SEC,CL805047,ICICIBANK,B,229,821.21,188057.09
21/11/2025,ALPHA_SEC,CL448767,ITC,S,65,2580.87,167756.55
11-23-2025,BETA_INVEST,CL139077,INFY,B,26,2203.67,
11-26-2025,OMEGA_BROKING,CL098411,LT,S,376,185.87,69887.12
11-22-2025,OMEGA_BROKING,CL675179,RELIANCE,S,394,618.37,243637.78
21/11/2025,OMEGA_BROKING,CL721151,HDFC,S,214,906.37,193963.18
23-Nov-25,DELTA_TRADES,CL899515,HDFC,B,385,1698.92,654084.2
2025-11-25,DELTA_TRADES,CL265502,TATAMOTORS,B,238,1856.82,441923.16
2025-11-25,DELTA_TRADES,CL840021,ICICIBANK,B,72,666.25,47970.0
22/11/2025,ALPHA_SEC,CL597323,HDFC,S,361,1305.92,471437.12
11-26-2025,BETA_INVEST,CL574051,SBIN,B,189,1979.22,374072.58
2025-11-26,OMEGA_BROKING,CL578585,TATAMOTORS,B,192,2585.24,496366.08
11-26-2025,BETA_INVEST,CL364969,RELIANCE,S,223,131.37,29295.51
11-20-2025,ALPHA_SEC,CL862120,LT,B,291,2186.91,636390.81
2025-11-21,DELTA_TRADES,CL873921,INFY,S,218,1437.07,313281.26
26/11/2025,ALPHA_SEC,CL668201,ITC,S,268,1680.98,450502.64
11-24-2025,BETA_INVEST,CL842402,HDFC,S,228,196.05,44699.4
11-22-2025,BETA_INVEST,CL794763,AXISBANK,B,150,2360.05,354007.5
21-Nov-25,OMEGA_BROKING,CL401545,ITC,B,129,428.2,55237.8
2025-11-22,OMEGA_BROKING,CL176423,KOTAKBANK,S,348,2448.11,851942.28
2025-11-26,DELTA_TRADES,CL230828,ICICIBANK,B,187,320.92,60012.04
2025-11-21,DELTA_TRADES,CL004651,KOTAKBANK,S,6,2442.73,14656.38
25-Nov-25,DELTA_TRADES,CL415002,SBIN,B,49,641.09,31413.41
21/11/2025,OMEGA_BROKING,CL057545,KOTAKBANK,B,8,182.0,1456.0
2025-11-20,ALPHA_SEC,CL604900,SBIN,S,398,774.17,308119.66
2025-11-22,BETA_INVEST,CL344821,HDFC,S,305,1270.72,387569.6
11-24-2025,ALPHA_SEC,CL440522,ITC,B,202,1522.23,307490.46
11-22-2025,DELTA_TRADES,CL042447,HDFC,S,370,2430.14,899151.8
11-26-2025,DELTA_TRADES,CL850704,HDFC,S,383,1310.28,501837.24
22-Nov-25,OMEGA_BROKING,CL486106,HDFC,B,146,138.49,20219.54
2025-11-26,BETA_INVEST,CL451678,ITC,S,128,2207.73,282589.44
24/11/2025,ALPHA_SEC,CL639640,AXISBANK,S,141,140.5,19810.5
26-Nov-25,BETA_INVEST,CL415088,RELIANCE,S,27,1193.02,32211.54
29/11/2025,BETA_INVEST,CL112631,INFY,S,283,814.86,230605.38
2025-11-29,BETA_INVEST,CL415976,SBIN,B,51,333.79,17023.29
29/11/2025,DELTA_TRADES,CL410339,TATAMOTORS,S,365,340.05,124118.25
2025-11-22,ALPHA_SEC,CL896582,TATAMOTORS,S,393,2367.01,930234.93
2025-11-20,OMEGA_BROKING,CL671391,LT,S,218,1581.6,344788.8
11-26-2025,ALPHA_SEC,CL305254,AXISBANK,S,59,2142.3,126395.7
23/11/2025,BETA_INVEST,CL306481,INFY,B,84,2081.5,174846.0
11-26-2025,BETA_INVEST,CL096040,RELIANCE,B,342,312.85,106994.7
25/11/2025,DELTA_TRADES,CL977760,INFY,B,136,2609.29,354863.44
25/11/2025,ALPHA_SEC,CL246885,AXISBANK,B,104,525.46,54647.84
11-24-2025,OMEGA_BROKING,CL074594,INFY,S,104,543.43,56516.72
2025-11-22,BETA_INVEST,CL154432,RELIANCE,B,389,392.33,152616.37
11-23-2025,ALPHA_SEC,CL325271,KOTAKBANK,S,379,673.64,255309.56
11-25-2025,DELTA_TRADES,CL571373,SBIN,S,294,2414.7,709921.8
11-26-2025,ALPHA_SEC,CL716650,AXISBANK,B,328,2793.31,916205.68
2025-11-24,DELTA_TRADES,CL979034,KOTAKBANK,B,197,411.71,81106.87
2025-11-23,OMEGA_BROKING,CL532079,ICICIBANK,S,392,776.52,304395.84
21/11/2025,ALPHA_SEC,CL601907,LT,S,267,1188.44,317313.48
2025-11-24,DELTA_TRADES,CL759382,TATAMOTORS,S,118,769.68,90822.24
21-Nov-25,DELTA_TRADES,CL429048,AXISBANK,S,258,1352.66,348986.28
22-Nov-25,OMEGA_BROKING,CL720268,ICICIBANK,B,46,703.56,32363.76
2025-11-24,DELTA_TRADES,CL810082,LT,S,321,2006.03,643935.63
25-Nov-25,ALPHA_SEC,CL069424,RELIANCE,S,52,2205.74,114698.48
23/11/2025,BETA_INVEST,CL798775,AXISBANK,S,357,2738.52,977651.64
2025-11-26,DELTA_TRADES,CL670363,INFY,B,251,1219.12,305999.12
21-Nov-25,ALPHA_SEC,CL944409,LT,B,118,280.99,33156.82
2025-11-20,DELTA_TRADES,CL734170,SBIN,S,202,696.46,140684.92
2025-11-24,OMEGA_BROKING,CL314156,ICICIBANK,B,115,1959.93,225391.95
2025-11-22,ALPHA_SEC,CL217571,HDFC,B,29,1382.37,40088.73
23-Nov-25,ALPHA_SEC,CL164028,TATAMOTORS,S,151,2603.21,393084.71
26/11/2025,ALPHA_SEC,CL981520,KOTAKBANK,B,10,565.19,5651.9
11-21-2025,OMEGA_BROKING,CL358138,SBIN,B,212,2100.05,445210.6
2025-11-23,DELTA_TRADES,CL256694,KOTAKBANK,B,121,326.67,39527.07
2025-11-20,OMEGA_BROKING,CL930296,SBIN,B,115,285.43,32824.45
22/11/2025,OMEGA_BROKING,CL413581,LT,B,359,2060.21,739615.39
26/11/2025,BETA_INVEST,CL783099,ITC,S,209,1309.12,273606.08
2025-11-23,OMEGA_BROKING,CL549208,LT,B,133,258.55,34387.15
26-Nov-25,BETA_INVEST,CL484102,HDFC,S,369,629.37,232237.53
2025-11-21,ALPHA_SEC,CL463844,INFY,S,136,2103.08,286018.88
23/11/2025,BETA_INVEST,CL434990,INFY,B,333,751.09,250112.97
20-Nov-25,OMEGA_BROKING,CL103779,AXISBANK,B,118,1241.47,146493.46
11-24-2025,ALPHA_SEC,CL134055,LT,S,357,1092.07,539246.39
2025-11-23,OMEGA_BROKING,CL455091,TATAMOTORS,B,34,765.57,26029.38
26/11/2025,OMEGA_BROKING,CL821159,HDFC,S,136,1872.43,254650.48
2025-11-26,BETA_INVEST,CL512950,AXISBANK,S,396,2106.96,834356.16
25-Nov-25,DELTA_TRADES,CL185135,RELIANCE,S,136,850.39,115653.04
2025-11-29,BETA_INVEST,CL487594,SBIN,S,286,2089.72,597659.92
11-23-2025,BETA_INVEST,CL259279,TATAMOTORS,S,115,879.09,101095.35
25-Nov-25,OMEGA_BROKING,CL944020,LT,B,379,2531.18,1003692.84
11-26-2025,ALPHA_SEC,CL530270,ICICIBANK,B,281,1613.04,453264.24
11-23-2025,OMEGA_BROKING,CL374346,ITC,S,78,1088.54,84906.12
22/11/2025,OMEGA_BROKING,CL228673,RELIANCE,S,341,376.85,128505.85
26/11/2025,ALPHA_SEC,CL114779,ITC,B,249,481.32,119848.68
24/11/2025,OMEGA_BROKING,CL851347,KOTAKBANK,S,25,594.94,14873.5
21-Nov-25,ALPHA_SEC,CL379190,ICICIBANK,S,277,2317.53,641955.81
26-Nov-25,DELTA_TRADES,CL659531,ICICIBANK,S,292,234.57,68494.44
11-26-2025,BETA_INVEST,CL911577,ICICIBANK,S,388,841.01,326311.88
11-21-2025,BETA_INVEST,CL629541,INFY,B,272,1825.61,496565.92
2025-11-21,OMEGA_BROKING,CL951408,HDFC,B,15,1805.09,27076.35
2025-11-25,OMEGA_BROKING,CL986533,KOTAKBANK,S,276,915.45,252664.2
26-Nov-25,OMEGA_BROKING,CL840493,SBIN,B,274,2464.18,675185.32
24/11/2025,BETA_INVEST,CL123153,AXISBANK,S,145,1813.01,262886.45
20-Nov-25,DELTA_TRADES,CL339971,LT,S,208,2220.25,461812.0
24/11/2025,DELTA_TRADES,CL022221,HDFC,S,57,2726.08,155386.56
2025-11-25,BETA_INVEST,CL657111,INFY,B,390,1767.25,689227.5
2025-11-22,BETA_INVEST,CL593138,INFY,B,285,2653.08,756127.8
22-Nov-25,DELTA_TRADES,CL349387,RELIANCE,B,378,2465.61,932000.58
24/11/2025,OMEGA_BROKING,CL800996,ICICIBANK,S,89,2052.31,227496.02
11-29-2025,DELTA_TRADES,CL497013,KOTAKBANK,S,340,1939.31,659365.4
2025-11-21,ALPHA_SEC,CL533027,AXISBANK,B,20,2313.11,46262.2
11-22-2025,ALPHA_SEC,CL764428,TATAMOTORS,B,273,1403.09,383043.57
11-22-2025,BETA_INVEST,CL005313,INFY,S,44,2401.07,105647.08
25-Nov-25,OMEGA_BROKING,CL195158,ICICIBANK,S,360,1406.42,506311.2
2025-11-20,DELTA_TRADES,CL429101,KOTAKBANK,S,84,2624.44,220452.96
22-Nov-25,DELTA_TRADES,CL103618,KOTAKBANK,B,10,2380.99,23809.9
22-Nov-25,BETA_INVEST,CL270189,ITC,S,109,2045.52,222961.68
2025-11-21,ALPHA_SEC,CL119631,INFY,S,98,2004.6,196450.8
21/11/2025,BETA_INVEST,CL268022,HDFC,S,17,1612.57,27413.69
29-Nov-25,ALPHA_SEC,CL453745,TATAMOTORS,B,329,1259.27,414299.83
2025-11-22,DELTA_TRADES,CL021821,ITC,S,320,892.02,285446.4
22-Nov-25,OMEGA_BROKING,CL500653,KOTAKBANK,B,182,1336.46,243235.72
2025-11-25,OMEGA_BROKING,CL242190,AXISBANK,B,288,1945.79,560387.52
23-Nov-25,ALPHA_SEC,CL885389,HDFC,B,188,112.97,21238.36
11-24-2025,ALPHA_SEC,CL134320,HDFC,B,153,1518.99,232405.47
11-21-2025,ALPHA_SEC,CL829347,ICICIBANK,B,263,1758.95,462603.85
21/11/2025,ALPHA_SEC,CL040811,KOTAKBANK,B,175,2297.71,402099.25
2025-11-25,OMEGA_BROKING,CL839539,ICICIBANK,S,227,902.79,204933.33
24/11/2025,OMEGA_BROKING,CL709284,RELIANCE,B,31,1123.02,34813.62
22/11/2025,BETA_INVEST,CL098288,ITC,S,348,383.59,133489.32
2025-11-20,BETA_INVEST,CL230386,SBIN,S,61,1579.11,96325.71
11-24-2025,ALPHA_SEC,CL012220,AXISBANK,B,95,2366.26,224794.7
2025-11-20,ALPHA_SEC,CL262158,LT,B,331,548.29,181483.99
22/11/2025,DELTA_TRADES,CL054631,RELIANCE,B,182,972.44,176984.08
20-Nov-25,OMEGA_BROKING,CL074741,RELIANCE,S,110,1230.12,135313.2
25-Nov-25,OMEGA_BROKING,CL493294,ITC,S,381,441.8,
11-24-2025,ALPHA_SEC,CL455599,LT,S,31,1375.15,42629.65
20-Nov-25,OMEGA_BROKING,CL637769,ITC,S,182,2199.27,400267.14
25/11/2025,DELTA_TRADES,CL883605,RELIANCE,B,247,1499.67,370418.49
24/11/2025,BETA_INVEST,CL964167,KOTAKBANK,B,222,727.2,161438.4
11-20-2025,OMEGA_BROKING,CL108098,TATAMOTORS,B,46,2474.28,113816.88
2025-11-21,BETA_INVEST,CL450978,KOTAKBANK,S,308,356.74,109875.92
20/11/2025,ALPHA_SEC,CL046451,RELIANCE,B,324,1239.62,401636.88
22-Nov-25,DELTA_TRADES,CL276147,ITC,B,329,925.3,304423.7
26/11/2025,ALPHA_SEC,CL529172,ITC,B,373,1415.02,527802.46
2025-11-24,DELTA_TRADES,CL308905,AXISBANK,B,295,2476.79,730653.05
11-26-2025,ALPHA_SEC,CL915473,ITC,B,134,1051.65,140921.1
11-29-2025,DELTA_TRADES,CL302555,KOTAKBANK,S,324,1305.73,
2025-11-23,OMEGA_BROKING,CL367593,ITC,S,12,216.97,2603.64
2025-11-21,ALPHA_SEC,CL460538,LT,S,144,1441.3,207547.2
2025-11-23,DELTA_TRADES,CL028530,AXISBANK,B,56,2795.74,156561.44
24/11/2025,BETA_INVEST,CL527579,KOTAKBANK,S,330,1779.6,587268.0
2025-11-21,BETA_INVEST,CL729505,AXISBANK,S,128,2168.31,277543.68
2025-11-22,BETA_INVEST,CL056827,ICICIBANK,B,57,1940.23,110593.11
2025-11-23,DELTA_TRADES,CL755140,ICICIBANK,S,398,1586.76,631530.48
2025-11-23,ALPHA_SEC,CL307794,AXISBANK,S,126,1026.6,129351.6
20-Nov-25,DELTA_TRADES,CL294420,KOTAKBANK,S,286,343.45,98226.7
11-29-2025,ALPHA_SEC,CL291209,ICICIBANK,B,236,2752.99,649705.64
20-Nov-25,ALPHA_SEC,CL287176,AXISBANK,S,235,2117.11,497520.85
22-Nov-25,ALPHA_SEC,CL237581,TATAMOTORS,B,251,2744.04,688754.04
2025-11-21,ALPHA_SEC,CL857358,KOTAKBANK,S,284,575.27,163376.68
2025-11-24,ALPHA_SEC,CL659274,INFY,S,8,449.84,3598.72
11-22-2025,BETA_INVEST,CL465393,AXISBANK,S,36,2661.75,95823.0
11-22-2025,BETA_INVEST,CL231283,KOTAKBANK,B,14,2365.31,33114.34
2025-11-20,BETA_INVEST,CL938127,INFY,B,336,2384.69,801255.84
2025-11-23,DELTA_TRADES,CL452833,AXISBANK,S,162,1730.19,280290.78
11-24-2025,DELTA_TRADES,CL336754,RELIANCE,S,303,2622.61,794650.83
2025-11-23,BETA_INVEST,CL559552,HDFC,B,135,1473.17,198877.95
22/11/2025,BETA_INVEST,CL593044,HDFC,B,358,946.71,338922.18
29/11/2025,DELTA_TRADES,CL037441,HDFC,B,398,2508.33,998315.34
22/11/2025,DELTA_TRADES,CL620868,ICICIBANK,B,72,2603.12,187424.64
22-Nov-25,OMEGA_BROKING,CL984097,SBIN,B,75,1550.8,116310.0
11-26-2025,OMEGA_BROKING,CL581819,ITC,B,254,1672.76,
2025-11-20,BETA_INVEST,CL827059,TATAMOTORS,B,93,1477.5,137407.5
11-23-2025,OMEGA_BROKING,CL491779,LT,B,326,1891.45,616612.7
22/11/2025,DELTA_TRADES,CL225912,INFY,S,83,874.12,72551.96
2025-11-29,ALPHA_SEC,CL062070,HDFC,B,230,815.24,187505.2
23-Nov-25,OMEGA_BROKING,CL410415,RELIANCE,S,224,2223.24,498005.76
22/11/2025,DELTA_TRADES,CL244897,TATAMOTORS,B,390,2774.06,1081883.4
2025-11-23,OMEGA_BROKING,CL281637,KOTAKBANK,S,346,881.05,304843.3
2025-11-26,ALPHA_SEC,CL045737,ITC,B,67,1384.37,92752.79
2025-11-23,BETA_INVEST,CL973632,RELIANCE,B,64,231.24,14799.36
23/11/2025,OMEGA_BROKING,CL659854,INFY,S,184,2796.26,514511.84
11-23-2025,ALPHA_SEC,CL442919,INFY,B,316,2023.16,639318.56
26-Nov-25,BETA_INVEST,CL213935,ICICIBANK,S,227,674.03,153004.81
11-22-2025,OMEGA_BROKING,CL856581,ITC,B,43,1462.61,62892.23
20/11/2025,DELTA_TRADES,CL689389,RELIANCE,S,336,2074.13,696907.68
22/11/2025,ALPHA_SEC,CL137133,AXISBANK,B,368,167.48,61632.64
20-Nov-25,DELTA_TRADES,CL567371,AXISBANK,S,126,372.21,46898.46
23-Nov-25,DELTA_TRADES,CL917538,RELIANCE,B,178,539.26,95988.28
20/11/2025,BETA_INVEST,CL690991,ITC,S,344,2358.6,811358.4
25/11/2025,DELTA_TRADES,CL751544,RELIANCE,S,156,2195.18,342448.08
2025-11-25,BETA_INVEST,CL688945,AXISBANK,B,374,1213.73,453935.02
25/11/2025,ALPHA_SEC,CL894830,SBIN,S,317,1316.36,417286.12
2025-11-21,ALPHA_SEC,CL985833,SBIN,B,137,350.26,47985.62
22/11/2025,DELTA_TRADES,CL815464,ICICIBANK,S,227,2297.19,521462.13
24-Nov-25,BETA_INVEST,CL758502,AXISBANK,B,31,926.17,28711.27
23/11/2025,DELTA_TRADES,CL419379,HDFC,B,396,2406.88,953124.48
21/11/2025,OMEGA_BROKING,CL857828,RELIANCE,B,55,2171.26,119419.3
2025-11-26,ALPHA_SEC,CL773850,INFY,S,365,233.22,85125.3
22/11/2025,DELTA_TRADES,CL265254,ICICIBANK,B,23,155.37,3573.51
20-Nov-25,OMEGA_BROKING,CL843765,SBIN,B,90,222.16,19994.4
2025-11-22,DELTA_TRADES,CL759150,LT,B,126,260.46,22454.35
25-Nov-25,BETA_INVEST,CL470491,HDFC,S,103,776.88,80018.64
2025-11-23,ALPHA_SEC,CL751624,SBIN,S,392,2203.09,863611.28
11-24-2025,DELTA_TRADES,CL382574,SBIN,S,311,1632.79,507797.69
20/11/2025,OMEGA_BROKING,CL863223,INFY,S,276,1617.87,446532.12
11-24-2025,ALPHA_SEC,CL149962,LT,B,235,1490.31,350222.85
2025-11-22,BETA_INVEST,CL086451,SBIN,S,228,817.39,186364.92
2025-11-21,BETA_INVEST,CL352746,KOTAKBANK,S,214,815.35,174484.9
11-21-2025,OMEGA_BROKING,CL403689,HDFC,S,155,1276.44,197848.2
11-23-2025,OMEGA_BROKING,CL366923,LT,B,359,680.75,244389.25
11-25-2025,BETA_INVEST,CL495716,LT,S,82,131.53,10785.46
20-Nov-25,OMEGA_BROKING,CL296325,LT,S,254,2626.16,393509.78
23/11/2025,BETA_INVEST,CL030230,ITC,B,93,1137.35,105773.55
2025-11-21,ALPHA_SEC,CL628603,SBIN,S,27,1506.42,40673.34
2025-11-23,ALPHA_SEC,CL856647,AXISBANK,B,88,601.92,52968.96
11-25-2025,OMEGA_BROKING,CL994396,LT,B,4,908.6,3634.4
24/11/2025,OMEGA_BROKING,CL677248,ITC,S,95,1094.18,92153.3
22/11/2025,OMEGA_BROKING,CL846561,AXISBANK,S,400,544.9,217960.0
23/11/2025,OMEGA_BROKING,CL346189,ITC,S,322,2472.64,796190.08
2025-11-26,OMEGA_BROKING,CL073938,HDFC,B,339,900.67,305327.13
26-Nov-25,ALPHA_SEC,CL581829,SBIN,S,335,2021.88,677329.8
22-Nov-25,OMEGA_BROKING,CL963152,ITC,B,78,1701.96,132752.88
20/11/2025,OMEGA_BROKING,CL822655,RELIANCE,B,163,836.31,136318.53
11-23-2025,ALPHA_SEC,CL263549,ICICIBANK,B,94,628.28,59058.32
11-21-2025,ALPHA_SEC,CL159226,AXISBANK,B,316,1028.14,324892.24
11-22-2025,BETA_INVEST,CL312611,HDFC,B,36,1517.48,54629.28
2025-11-23,DELTA_TRADES,CL456048,LT,S,204,1954.94,398807.76
2025-11-21,ALPHA_SEC,CL013580,SBIN,S,188,1629.45,306336.6
11-23-2025,ALPHA_SEC,CL031204,KOTAKBANK,B,362,1221.86,646408.65
11-23-2025,DELTA_TRADES,CL066008,KOTAKBANK,B,103,743.8,76611.4
20/11/2025,BETA_INVEST,CL202263,LT,S,396,1409.46,558146.16
11-26-2025,DELTA_TRADES,CL616243,ICICIBANK,S,306,1314.72,402304.32
26-Nov-25,ALPHA_SEC,CL311939,INFY,B,1,1657.36,1657.36
20/11/2025,BETA_INVEST,CL914791,INFY,S,25,1017.86,25446.5
21/11/2025,DELTA_TRADES,CL958490,ICICIBANK,B,343,1066.95,365963.85
2025-11-24,OMEGA_BROKING,CL774880,SBIN,S,345,2655.12,916016.4
25-Nov-25,OMEGA_BROKING,CL401212,AXISBANK,B,121,408.34,49409.14
23-Nov-25,ALPHA_SEC,CL181495,KOTAKBANK,S,369,1679.63,619783.47
11-26-2025,BETA_INVEST,CL830609,KOTAKBANK,S,92,1741.92,160256.64
22/11/2025,OMEGA_BROKING,CL364879,ITC,B,202,2208.33,446082.66
21/11/2025,OMEGA_BROKING,CL998960,SBIN,B,33,1928.95,63655.35
2025-11-23,DELTA_TRADES,CL190047,INFY,S,356,1840.89,655356.84
11-26-2025,ALPHA_SEC,CL363670,SBIN,B,179,545.18,97587.22
20-Nov-25,ALPHA_SEC,CL726909,RELIANCE,S,192,197.43,37906.56
2025-11-29,OMEGA_BROKING,CL711568,TATAMOTORS,S,82,2531.38,207573.16
26-Nov-25,OMEGA_BROKING,CL816656,HDFC,B,265,1834.05,486023.25
20/11/2025,OMEGA_BROKING,CL500047,HDFC,B,208,1803.82,375194.56
22/11/2025,OMEGA_BROKING,CL805166,ITC,B,78,2138.79,166825.62
2025-11-23,BETA_INVEST,CL892634,SBIN,S,23,253.17,5822.91
25/11/2025,BETA_INVEST,CL078825,INFY,S,371,2051.07,760946.97
21/11/2025,ALPHA_SEC,CL042030,AXISBANK,B,398,2329.5,927141.0
11-24-2025,ALPHA_SEC,CL604754,KOTAKBANK,S,66,1943.22,128252.52
23/11/2025,OMEGA_BROKING,CL022360,ICICIBANK,S,113,707.46,79942.98
2025-11-20,ALPHA_SEC,CL817802,LT,S,17,1100.44,18707.48
11-25-2025,OMEGA_BROKING,CL687703,TATAMOTORS,B,169,2737.7,462671.3
25/11/2025,OMEGA_BROKING,CL409308,SBIN,S,245,2040.51,499924.95
2025-11-23,OMEGA_BROKING,CL012841,INFY,B,93,2596.09,241436.37
11-25-2025,ALPHA_SEC,CL770651,SBIN,S,154,1150.97,177249.38
2025-11-20,ALPHA_SEC,CL536508,ITC,S,248,1907.79,473131.92
29-Nov-25,OMEGA_BROKING,CL814842,RELIANCE,B,57,194.99,11114.43
24/11/2025,BETA_INVEST,CL919100,AXISBANK,S,190,1621.57,308098.3
25-Nov-25,OMEGA_BROKING,CL185284,ITC,S,203,242.16,49158.48
2025-11-23,BETA_INVEST,CL620126,INFY,S,9,2291.54,20623.86
20/11/2025,BETA_INVEST,CL920216,ICICIBANK,S,61,496.63,30294.43
24/11/2025,OMEGA_BROKING,CL814875,ICICIBANK,S,77,1722.38,132623.26
11-24-2025,DELTA_TRADES,CL762685,AXISBANK,S,131,542.48,
23-Nov-25,BETA_INVEST,CL275904,INFY,S,243,1982.27,481691.61
2025-11-24,BETA_INVEST,CL730578,ITC,B,346,1452.4,502530.4
22-Nov-25,ALPHA_SEC,CL629728,LT,S,123,1031.73,126902.79
22-Nov-25,DELTA_TRADES,CL169096,AXISBANK,S,84,301.09,25291.56
2025-11-23,OMEGA_BROKING,CL629708,SBIN,B,275,2412.29,663379.75
24/11/2025,OMEGA_BROKING,CL939425,KOTAKBANK,B,286,533.18,152489.48
2025-11-22,ALPHA_SEC,CL753202,RELIANCE,S,363,1954.24,709389.12
24/11/2025,OMEGA_BROKING,CL669866,INFY,B,98,2330.91,228429.18
21-Nov-25,OMEGA_BROKING,CL294434,ICICIBANK,S,159,984.32,156506.88
23/11/2025,DELTA_TRADES,CL881739,RELIANCE,S,102,1621.04,
26-Nov-25,DELTA_TRADES,CL085830,TATAMOTORS,B,338,1566.38,529436.44
2025-11-24,OMEGA_BROKING,CL944351,INFY,S,339,1170.74,396880.86
2025-11-22,BETA_INVEST,CL084645,SBIN,B,138,1448.49,199891.62
11-26-2025,OMEGA_BROKING,CL779830,SBIN,B,248,793.21,196716.08
2025-11-21,ALPHA_SEC,CL004991,LT,B,2,615.13,1230.26
26/11/2025,OMEGA_BROKING,CL981578,KOTAKBANK,S,98,188.12,18435.76
25-Nov-25,OMEGA_BROKING,CL506398,AXISBANK,B,169,2394.61,404689.09
2025-11-24,ALPHA_SEC,CL787315,ITC,S,161,1295.73,208612.53
2025-11-22,OMEGA_BROKING,CL674734,TATAMOTORS,S,216,265.41,57328.56
22-Nov-25,BETA_INVEST,CL255911,ITC,B,161,1959.74,315518.14
24/11/2025,OMEGA_BROKING,CL437403,SBIN,S,101,2361.12,238473.12
24/11/2025,DELTA_TRADES,CL486738,LT,S,134,763.09,102254.06
21/11/2025,BETA_INVEST,CL605400,LT,B,325,1549.59,503616.75
22-Nov-25,DELTA_TRADES,CL313255,AXISBANK,B,179,1587.02,284076.58
23/11/2025,ALPHA_SEC,CL246237,INFY,S,326,1354.6,441599.6
11-22-2025,DELTA_TRADES,CL741480,HDFC,S,388,1074.94,417076.72
2025-11-25,ALPHA_SEC,CL657280,ICICIBANK,S,367,2272.79,834113.93
24-Nov-25,DELTA_TRADES,CL636264,ICICIBANK,S,367,837.06,307201.02
11-22-2025,DELTA_TRADES,CL326132,TATAMOTORS,B,13,1552.75,20185.75
2025-11-25,DELTA_TRADES,CL558397,TATAMOTORS,B,192,190.0,36480.0
23/11/2025,BETA_INVEST,CL877110,AXISBANK,S,371,1960.66,727404.86
2025-11-26,ALPHA_SEC,CL317357,SBIN,S,294,1800.54,529358.76
29/11/2025,OMEGA_BROKING,CL090055,INFY,S,256,1831.91,468968.96
2025-11-26,BETA_INVEST,CL537918,AXISBANK,S,384,692.76,266019.84
2025-11-23,DELTA_TRADES,CL146600,HDFC,B,43,1150.71,49480.53
11-22-2025,OMEGA_BROKING,CL385725,AXISBANK,S,117,402.52,47094.84
26/11/2025,DELTA_TRADES,CL329079,LT,S,75,1824.52,136839.0
20/11/2025,BETA_INVEST,CL655842,AXISBANK,B,299,504.51,150848.49
2025-11-23,DELTA_TRADES,CL331102,ICICIBANK,B,118,1585.62,187103.16
2025-11-21,DELTA_TRADES,CL699571,KOTAKBANK,B,89,2383.91,212167.99
25-Nov-25,BETA_INVEST,CL082373,INFY,B,377,2156.89,813147.53
20/11/2025,ALPHA_SEC,CL165768,TATAMOTORS,B,132,2521.99,332902.68
24-Nov-25,OMEGA_BROKING,CL056060,ICICIBANK,S,135,2634.32,355633.2
2025-11-24,ALPHA_SEC,CL680541,AXISBANK,B,391,2104.46,822843.86
2025-11-26,DELTA_TRADES,CL698334,RELIANCE,B,255,1836.81,468386.55
22-Nov-25,BETA_INVEST,CL203136,ITC,B,46,2138.27,124299.41
22-Nov-25,ALPHA_SEC,CL238746,SBIN,B,141,318.94,44970.54
20-Nov-25,ALPHA_SEC,CL617191,TATAMOTORS,S,330,2367.09,781139.7
2025-11-24,ALPHA_SEC,CL789478,HDFC,B,283,1735.73,491211.59
22-Nov-25,ALPHA_SEC,CL682312,SBIN,B,278,1722.07,478735.46
2025-11-29,ALPHA_SEC,CL612240,KOTAKBANK,B,32,2690.42,86093.44
2025-11-24,DELTA_TRADES,CL477014,RELIANCE,S,155,1954.55,302955.25
2025-11-22,OMEGA_BROKING,CL640709,AXISBANK,B,16,1558.69,24939.04
11-29-2025,BETA_INVEST,CL302090,ICICIBANK,S,142,1486.96,211148.32
21/11/2025,DELTA_TRADES,CL978381,TATAMOTORS,S,57,1855.24,105748.68
29/11/2025,ALPHA_SEC,CL484630,LT,B,109,346.46,37764.14
26/11/2025,OMEGA_BROKING,CL202534,AXISBANK,S,214,1995.6,427058.4
21-Nov-25,ALPHA_SEC,CL690377,ICICIBANK,B,380,1571.65,597227.0
22/11/2025,OMEGA_BROKING,CL689203,INFY,B,305,1597.07,487106.35
2025-11-29,OMEGA_BROKING,CL989104,HDFC,S,112,2169.86,243024.32
11-29-2025,DELTA_TRADES,CL775316,SBIN,B,263,1060.41,278887.83
11-25-2025,ALPHA_SEC,CL904708,SBIN,B,145,780.22,113131.9
20/11/2025,OMEGA_BROKING,CL697274,SBIN,S,224,967.5,216720.0
11-21-2025,BETA_INVEST,CL447550,KOTAKBANK,S,178,738.59,131469.02
20/11/2025,DELTA_TRADES,CL708660,SBIN,S,307,2662.67,817439.69
22-Nov-25,DELTA_TRADES,CL232735,INFY,B,353,2755.29,972617.37
23-Nov-25,OMEGA_BROKING,CL360399,INFY,B,96,1118.76,107400.96
25-Nov-25,ALPHA_SEC,CL984595,ITC,S,312,113.94,35549.28
11-21-2025,BETA_INVEST,CL328412,RELIANCE,S,114,1465.77,167097.78
11-23-2025,ALPHA_SEC,CL878207,ITC,S,6,933.54,5601.24
11-20-2025,ALPHA_SEC,CL540562,KOTAKBANK,S,192,2592.89,497834.88
25/11/2025,ALPHA_SEC,CL001124,LT,B,284,1823.63,517910.92
2025-11-26,DELTA_TRADES,CL019854,AXISBANK,S,285,1971.58,561900.3
11-22-2025,ALPHA_SEC,CL001902,KOTAKBANK,S,268,2281.22,611366.96
26/11/2025,OMEGA_BROKING,CL657419,RELIANCE,S,364,2074.03,754946.92
2025-11-25,DELTA_TRADES,CL266012,ICICIBANK,S,85,2370.91,201527.35
2025-11-22,OMEGA_BROKING,CL081776,AXISBANK,B,339,901.96,305764.44
2025-11-20,DELTA_TRADES,CL733881,HDFC,S,193,2697.17,520553.81
11-23-2025,OMEGA_BROKING,CL428343,HDFC,S,94,1709.53,160695.82
26/11/2025,BETA_INVEST,CL208096,HDFC,B,95,2523.55,239737.25
23-Nov-25,OMEGA_BROKING,CL529595,ITC,S,208,153.06,31836.48
2025-11-26,OMEGA_BROKING,CL883455,HDFC,S,396,1056.06,418199.76
11-25-2025,DELTA_TRADES,CL826892,SBIN,S,198,2504.57,495904.86
21/11/2025,ALPHA_SEC,CL257182,ICICIBANK,S,116,1547.27,179483.32
24/11/2025,ALPHA_SEC,CL875284,HDFC,S,219,2363.98,517711.62
2025-11-21,ALPHA_SEC,CL291540,INFY,B,111,2170.42,240916.62
11-29-2025,BETA_INVEST,CL996728,KOTAKBANK,B,316,1553.04,490760.64
24-Nov-25,ALPHA_SEC,CL569948,TATAMOTORS,S,26,879.34,22862.84
23/11/2025,OMEGA_BROKING,CL071218,TATAMOTORS,S,50,2489.98,124499.0
20/11/2025,OMEGA_BROKING,CL466019,LT,B,88,141.29,12433.52
20/11/2025,ALPHA_SEC,CL421375,ITC,S,221,1264.7,279498.7
22-Nov-25,ALPHA_SEC,CL867092,ITC,S,163,1679.84,273813.92
23-Nov-25,DELTA_TRADES,CL247266,RELIANCE,S,22,2078.69,45731.18
22-Nov-25,OMEGA_BROKING,CL200677,KOTAKBANK,B,200,1659.56,331912.0
26-Nov-25,ALPHA_SEC,CL245336,KOTAKBANK,B,189,1741.53,329149.17
24-Nov-25,DELTA_TRADES,CL848866,AXISBANK,S,18,774.47,13940.46
23-Nov-25,BETA_INVEST,CL709177,ICICIBANK,B,152,1228.72,186765.44
29-Nov-25,BETA_INVEST,CL386727,HDFC,S,321,1452.0,466092.0
23-Nov-25,OMEGA_BROKING,CL286227,ITC,B,92,1558.46,143378.32
11-22-2025,DELTA_TRADES,CL932109,KOTAKBANK,B,186,2051.32,381545.52
23/11/2025,BETA_INVEST,CL297298,ITC,B,149,1479.78,220487.22
25-Nov-25,OMEGA_BROKING,CL036924,RELIANCE,S,239,2415.21,577235.19
2025-11-25,ALPHA_SEC,CL309263,ITC,S,260,2534.65,659009.0
25-Nov-25,ALPHA_SEC,CL920321,ICICIBANK,S,255,1110.52,283182.6
24-Nov-25,ALPHA_SEC,CL730308,ICICIBANK,S,322,1208.98,389291.56
20/11/2025,BETA_INVEST,CL875388,TATAMOTORS,S,82,430.1,35268.2
2025-11-26,BETA_INVEST,CL625293,INFY,S,226,716.71,161976.46
25/11/2025,BETA_INVEST,CL279611,LT,S,394,449.49,177099.06
11-29-2025,OMEGA_BROKING,CL651725,SBIN,S,331,1672.86,553716.66
24/11/2025,OMEGA_BROKING,CL954951,RELIANCE,B,304,2537.65,771445.6
24-Nov-25,BETA_INVEST,CL661336,INFY,S,35,391.89,13716.15
2025-11-23,DELTA_TRADES,CL482588,SBIN,B,229,1153.93,264249.97
26-Nov-25,DELTA_TRADES,CL165466,INFY,B,305,821.62,250594.1
23-Nov-25,ALPHA_SEC,CL863536,SBIN,B,303,635.79,192644.37
11-25-2025,OMEGA_BROKING,CL750427,KOTAKBANK,B,176,1031.02,181459.52
11-20-2025,BETA_INVEST,CL414146,TATAMOTORS,S,49,1192.73,58443.77
22-Nov-25,OMEGA_BROKING,CL341730,LT,S,307,1869.54,573948.78
11-20-2025,DELTA_TRADES,CL562473,AXISBANK,B,150,110.96,16644.0
2025-11-22,BETA_INVEST,CL583197,INFY,B,223,1586.21,353724.83
2025-11-25,DELTA_TRADES,CL157453,SBIN,S,121,850.18,102871.78
26/11/2025,DELTA_TRADES,CL992356,ICICIBANK,S,92,270.25,24863.0
11-29-2025,ALPHA_SEC,CL964058,AXISBANK,B,349,2700.76,942565.24
21-Nov-25,DELTA_TRADES,CL933276,KOTAKBANK,B,304,1425.4,433321.6
2025-11-26,OMEGA_BROKING,CL551961,KOTAKBANK,S,273,2438.15,665614.95
26/11/2025,BETA_INVEST,CL244712,ITC,B,391,2443.32,955338.12
2025-11-26,ALPHA_SEC,CL056045,LT,B,309,2483.44,767382.96
11-20-2025,BETA_INVEST,CL207863,ICICIBANK,S,3,226.28,678.84
2025-11-20,OMEGA_BROKING,CL444182,ICICIBANK,S,170,561.07,95381.9
21/11/2025,BETA_INVEST,CL474342,AXISBANK,B,343,1888.69,647820.67
11-20-2025,OMEGA_BROKING,CL953146,TATAMOTORS,B,397,2037.22,808776.34
2025-11-21,BETA_INVEST,CL114311,RELIANCE,B,232,1799.32,417442.24
29-Nov-25,DELTA_TRADES,CL483048,LT,S,320,1068.96,342067.2
26/11/2025,ALPHA_SEC,CL304438,ICICIBANK,S,21,1112.48,23362.08
25-Nov-25,OMEGA_BROKING,CL809951,INFY,S,336,454.02,152550.72
21/11/2025,OMEGA_BROKING,CL068846,SBIN,B,377,1766.64,
22-Nov-25,OMEGA_BROKING,CL103949,TATAMOTORS,B,309,2796.87,864232.83
20-Nov-25,BETA_INVEST,CL492911,RELIANCE,B,296,2760.37,
2025-11-20,ALPHA_SEC,CL445357,KOTAKBANK,B,324,101.0,32724.0
26/11/2025,OMEGA_BROKING,CL932886,INFY,S,375,1933.71,725141.25
11-23-2025,BETA_INVEST,CL702355,ITC,B,140,401.78,56249.2
25-Nov-25,BETA_INVEST,CL066673,TATAMOTORS,B,104,1202.09,125017.36
11-26-2025,DELTA_TRADES,CL157145,TATAMOTORS,S,280,553.13,154876.4
11-20-2025,DELTA_TRADES,CL687113,ITC,S,347,1093.35,379392.45
11-23-2025,ALPHA_SEC,CL927301,ITC,S,156,2769.45,432034.2
2025-11-24,DELTA_TRADES,CL496074,ITC,B,323,1154.94,373045.62
11-20-2025,DELTA_TRADES,CL356226,RELIANCE,B,176,1247.31,219526.56
11-25-2025,DELTA_TRADES,CL575909,RELIANCE,S,75,411.95,30896.25
26/11/2025,BETA_INVEST,CL658016,AXISBANK,B,259,1277.57,330890.63
24/11/2025,BETA_INVEST,CL665301,ICICIBANK,B,228,1559.61,355591.08
26-Nov-25,DELTA_TRADES,CL307688,AXISBANK,S,354,2018.72,714626.88
23-Nov-25,OMEGA_BROKING,CL566573,RELIANCE,B,317,1055.55,334609.35
24-Nov-25,DELTA_TRADES,CL837789,TATAMOTORS,S,319,2201.37,702237.03
24/11/2025,OMEGA_BROKING,CL542012,KOTAKBANK,B,25,1617.14,40428.5
23-Nov-25,OMEGA_BROKING,CL513934,ITC,B,48,1723.68,82736.64
23-Nov-25,ALPHA_SEC,CL124253,HDFC,B,150,950.97,142645.5
11-23-2025,DELTA_TRADES,CL883726,LT,B,106,191.44,20292.64
20/11/2025,ALPHA_SEC,CL552245,INFY,B,123,1870.15,230028.45
29/11/2025,BETA_INVEST,CL964202,ITC,B,22,706.89,15551.58
21/11/2025,BETA_INVEST,CL798762,HDFC,B,361,1477.93,533532.73
2025-11-22,DELTA_TRADES,CL907176,RELIANCE,S,66,1646.72,108683.52
2025-11-20,DELTA_TRADES,CL084252,TATAMOTORS,S,162,1868.09,302630.58
24-Nov-25,OMEGA_BROKING,CL919276,RELIANCE,B,351,2123.71,1062073.41
11-20-2025,BETA_INVEST,CL353166,AXISBANK,B,273,2330.42,636204.66
29-Nov-25,BETA_INVEST,CL691951,SBIN,S,221,1426.17,315183.57
11-22-2025,ALPHA_SEC,CL291923,TATAMOTORS,B,310,2662.59,825402.9
2025-11-22,DELTA_TRADES,CL579916,ITC,B,71,765.0,54315.0
20/11/2025,OMEGA_BROKING,CL509874,INFY,B,355,532.5,189037.5
11-20-2025,DELTA_TRADES,CL871601,ICICIBANK,S,174,673.69,117222.06
2025-11-24,OMEGA_BROKING,CL665678,ICICIBANK,B,191,2193.11,418884.01
2025-11-23,OMEGA_BROKING,CL646330,KOTAKBANK,B,29,1763.08,51129.32
11-24-2025,DELTA_TRADES,CL374543,LT,B,169,2399.18,405461.42
26-Nov-25,BETA_INVEST,CL419184,LT,B,75,1541.74,
26-Nov-25,DELTA_TRADES,CL658089,HDFC,S,82,1799.88,147590.16
20/11/2025,DELTA_TRADES,CL043057,HDFC,B,370,934.15,345635.5
21-Nov-25,OMEGA_BROKING,CL503100,HDFC,S,324,1308.81,424054.44
2025-11-24,DELTA_TRADES,CL193803,AXISBANK,S,17,1029.43,17500.31
22/11/2025,BETA_INVEST,CL045136,HDFC,S,400,529.97,211988.0
11-20-2025,ALPHA_SEC,CL198528,ICICIBANK,B,81,1586.33,128492.73
25-Nov-25,ALPHA_SEC,CL055088,INFY,B,66,659.93,43555.38
22-Nov-25,OMEGA_BROKING,CL952995,ICICIBANK,S,187,975.35,182390.45
11-26-2025,DELTA_TRADES,CL212080,INFY,B,285,1609.49,458704.65
2025-11-24,BETA_INVEST,CL924009,SBIN,S,65,1947.03,126556.95
23/11/2025,OMEGA_BROKING,CL322242,TATAMOTORS,B,157,1287.07,202069.99
2025-11-21,ALPHA_SEC,CL741368,TATAMOTORS,S,382,461.72,176377.04
2025-11-26,BETA_INVEST,CL396656,LT,B,32,731.56,23409.92
2025-11-24,DELTA_TRADES,CL075903,ICICIBANK,S,75,2616.44,196233.0
20-Nov-25,BETA_INVEST,CL676794,INFY,B,63,2705.18,170426.34
11-26-2025,DELTA_TRADES,CL561256,KOTAKBANK,B,217,280.4,60846.8
26/11/2025,DELTA_TRADES,CL642463,INFY,B,193,246.64,47601.52
2025-11-25,BETA_INVEST,CL727103,SBIN,B,277,2481.39,687345.03
22-Nov-25,ALPHA_SEC,CL453394,INFY,B,174,615.77,107143.98
23/11/2025,ALPHA_SEC,CL168009,TATAMOTORS,B,258,2174.76,561088.08
2025-11-21,OMEGA_BROKING,CL232583,ITC,S,76,683.82,51970.32
21-Nov-25,OMEGA_BROKING,CL019629,SBIN,B,219,2655.62,581580.78
29-Nov-25,DELTA_TRADES,CL231464,TATAMOTORS,S,399,2083.27,831224.73
2025-11-25,ALPHA_SEC,CL246253,HDFC,S,253,2093.99,529779.47
11-23-2025,DELTA_TRADES,CL827600,TATAMOTORS,B,34,2009.26,68314.84
26-Nov-25,BETA_INVEST,CL601038,LT,B,246,2229.85,548543.1
20-Nov-25,BETA_INVEST,CL116124,LT,S,164,880.43,144390.52
2025-11-24,ALPHA_SEC,CL475725,SBIN,S,257,641.76,164932.32
29-Nov-25,DELTA_TRADES,CL762064,RELIANCE,B,294,2464.28,724498.32
20-Nov-25,ALPHA_SEC,CL651646,INFY,B,162,2181.55,353411.1
23-Nov-25,DELTA_TRADES,CL025178,LT,B,273,811.67,221585.91
22/11/2025,ALPHA_SEC,CL922795,KOTAKBANK,S,109,1248.29,136063.61
2025-11-21,ALPHA_SEC,CL481420,SBIN,S,309,2123.29,656096.61
11-26-2025,ALPHA_SEC,CL177875,AXISBANK,S,299,1872.29,559814.71
25/11/2025,ALPHA_SEC,CL780941,HDFC,B,325,1555.37,505495.25
11-20-2025,BETA_INVEST,CL963185,SBIN,S,244,994.73,242714.12
2025-11-20,DELTA_TRADES,CL783950,TATAMOTORS,B,219,1052.97,230600.43
11-20-2025,ALPHA_SEC,CL614637,HDFC,B,46,182.92,8414.32
24/11/2025,DELTA_TRADES,CL679269,LT,S,55,2247.63,123619.65
2025-11-24,DELTA_TRADES,CL822551,ICICIBANK,B,245,1420.83,348103.35
11-23-2025,BETA_INVEST,CL407157,SBIN,B,172,1315.06,226190.32
25-Nov-25,BETA_INVEST,CL781901,KOTAKBANK,S,290,2377.1,689359.0
11-21-2025,ALPHA_SEC,CL556341,SBIN,S,285,2536.61,722933.85
2025-11-20,ALPHA_SEC,CL094873,SBIN,S,167,1405.4,234701.8
11-22-2025,OMEGA_BROKING,CL910018,LT,B,342,2266.56,775163.52
20/11/2025,DELTA_TRADES,CL774289,AXISBANK,S,284,2783.98,790650.32
25-Nov-25,BETA_INVEST,CL843118,TATAMOTORS,B,69,596.02,41125.38
24/11/2025,DELTA_TRADES,CL121923,HDFC,B,341,644.98,219938.18
22-Nov-25,ALPHA_SEC,CL283532,KOTAKBANK,S,82,2068.13,169586.66
25-Nov-25,ALPHA_SEC,CL758197,HDFC,S,384,2481.71,952976.64
25/11/2025,BETA_INVEST,CL179206,HDFC,B,306,776.64,237651.84
26/11/2025,DELTA_TRADES,CL577945,INFY,S,200,2551.99,510398.0
2025-11-25,OMEGA_BROKING,CL229748,SBIN,B,47,2192.58,103051.26
11-24-2025,OMEGA_BROKING,CL786464,KOTAKBANK,S,180,2430.47,437484.6
2025-11-22,DELTA_TRADES,CL663056,ICICIBANK,S,40,1844.82,73792.8
2025-11-21,ALPHA_SEC,CL625073,KOTAKBANK,S,348,1260.79,438754.92
23-Nov-25,OMEGA_BROKING,CL285920,INFY,B,349,1288.59,449717.91
24/11/2025,ALPHA_SEC,CL753679,TATAMOTORS,B,278,1562.32,225695.78
11-26-2025,OMEGA_BROKING,CL641469,AXISBANK,S,145,2329.21,337735.45
11-23-2025,OMEGA_BROKING,CL771597,LT,B,196,692.35,135700.6
11-20-2025,BETA_INVEST,CL795112,ITC,B,385,2099.65,808365.25
20/11/2025,OMEGA_BROKING,CL027041,HDFC,B,335,1198.75,401581.25
2025-11-20,OMEGA_BROKING,CL726108,AXISBANK,B,166,471.65,78293.9
11-23-2025,DELTA_TRADES,CL259748,RELIANCE,S,67,765.79,51307.93
2025-11-26,OMEGA_BROKING,CL824680,ICICIBANK,S,347,440.3,152784.1
2025-11-23,DELTA_TRADES,CL880923,AXISBANK,B,100,2053.33,205333.0
26-Nov-25,BETA_INVEST,CL208881,ITC,B,124,2449.88,303785.12
22-Nov-25,DELTA_TRADES,CL176577,AXISBANK,B,145,1346.8,195286.0
2025-11-23,DELTA_TRADES,CL710275,RELIANCE,S,93,2401.33,223323.69
22/11/2025,DELTA_TRADES,CL994202,KOTAKBANK,S,384,155.28,59627.52
2025-11-26,BETA_INVEST,CL673049,INFY,B,144,1115.6,160646.4
11-25-2025,BETA_INVEST,CL131712,TATAMOTORS,S,166,2472.71,410469.86
24/11/2025,OMEGA_BROKING,CL316993,LT,B,311,2764.83,859862.13
2025-11-20,ALPHA_SEC,CL369781,ICICIBANK,S,212,699.4,148272.8
11-25-2025,ALPHA_SEC,CL692531,AXISBANK,S,399,912.51,
26/11/2025,DELTA_TRADES,CL488487,HDFC,B,202,1927.4,389334.8
26/11/2025,DELTA_TRADES,CL058716,ITC,B,103,2716.48,279797.44
2025-11-26,BETA_INVEST,CL440577,KOTAKBANK,S,97,2753.3,267070.1
20-Nov-25,OMEGA_BROKING,CL454695,AXISBANK,B,372,342.98,127588.56
29/11/2025,BETA_INVEST,CL664221,LT,B,53,2367.09,125455.77
23/11/2025,OMEGA_BROKING,CL477116,RELIANCE,B,250,257.09,64272.5
11-25-2025,DELTA_TRADES,CL447372,ICICIBANK,S,27,2272.37,61353.99
22-Nov-25,DELTA_TRADES,CL671077,SBIN,S,363,699.79,254023.77
11-24-2025,ALPHA_SEC,CL915868,LT,S,64,1500.44,96028.16
20-Nov-25,ALPHA_SEC,CL134287,HDFC,S,150,1005.07,150760.5
11-22-2025,BETA_INVEST,CL674336,ITC,B,347,241.2,83696.4
20/11/2025,BETA_INVEST,CL639794,RELIANCE,B,236,1502.92,354689.12
20-Nov-25,ALPHA_SEC,CL536860,RELIANCE,S,201,2770.09,556788.09
20-Nov-25,ALPHA_SEC,CL615089,KOTAKBANK,S,135,274.18,37014.3
23/11/2025,DELTA_TRADES,CL098891,ICICIBANK,B,119,510.41,60738.79
2025-11-23,OMEGA_BROKING,CL751414,ITC,B,54,964.53,52084.62
22-Nov-25,OMEGA_BROKING,CL607702,SBIN,B,64,1183.19,75724.16
22/11/2025,OMEGA_BROKING,CL881152,AXISBANK,B,46,528.42,24307.32
21-Nov-25,ALPHA_SEC,CL151386,TATAMOTORS,S,202,2355.72,475855.44
11-22-2025,ALPHA_SEC,CL242525,TATAMOTORS,B,64,2658.19,170124.16
24/11/2025,BETA_INVEST,CL964291,KOTAKBANK,S,55,1643.76,90406.8
21/11/2025,OMEGA_BROKING,CL934471,AXISBANK,S,42,2098.93,88155.06
11-26-2025,OMEGA_BROKING,CL064187,TATAMOTORS,B,231,567.44,131078.64
25/11/2025,BETA_INVEST,CL463795,SBIN,B,184,2257.09,415304.56
20/11/2025,BETA_INVEST,CL833174,INFY,B,261,285.47,74507.67
22/11/2025,BETA_INVEST,CL179227,KOTAKBANK,S,205,1698.9,348274.5
26-Nov-25,OMEGA_BROKING,CL132954,LT,B,106,1699.11,180105.66
26/11/2025,OMEGA_BROKING,CL077998,LT,B,204,608.63,124160.52
22/11/2025,BETA_INVEST,CL066581,ITC,S,133,1059.79,140952.07
21-Nov-25,ALPHA_SEC,CL785317,LT,B,195,2169.51,423054.45
22/11/2025,BETA_INVEST,CL335947,RELIANCE,B,310,1365.62,
23-Nov-25,ALPHA_SEC,CL396710,SBIN,B,201,926.13,186152.13
20/11/2025,ALPHA_SEC,CL824650,TATAMOTORS,S,1,1269.76,1269.76
26-Nov-25,BETA_INVEST,CL364354,LT,B,197,731.08,144022.76
11-22-2025,OMEGA_BROKING,CL113683,LT,B,51,122.36,6240.36
26-Nov-25,ALPHA_SEC,CL162102,AXISBANK,S,297,861.45,255850.65
29/11/2025,OMEGA_BROKING,CL550920,INFY,S,25,1317.96,32949.0
2025-11-24,OMEGA_BROKING,CL144910,LT,S,209,297.82,62244.38
11-22-2025,OMEGA_BROKING,CL768675,LT,B,37,1002.85,37105.45
2025-11-26,OMEGA_BROKING,CL782190,LT,S,302,531.84,160615.68
2025-11-25,DELTA_TRADES,CL899109,ITC,S,183,218.11,39914.13
11-21-2025,DELTA_TRADES,CL855081,TATAMOTORS,B,102,800.28,81628.56
25/11/2025,DELTA_TRADES,CL410752,INFY,B,200,2358.83,629869.37
24-Nov-25,OMEGA_BROKING,CL698036,HDFC,B,396,1596.82,632340.72
2025-11-22,ALPHA_SEC,CL075411,TATAMOTORS,S,381,1022.87,389713.47
2025-11-20,DELTA_TRADES,CL460958,AXISBANK,S,118,1198.46,141418.28
11-24-2025,ALPHA_SEC,CL879607,ICICIBANK,B,361,720.14,259970.54
22-Nov-25,OMEGA_BROKING,CL716242,HDFC,B,387,107.96,41780.52
11-21-2025,BETA_INVEST,CL564208,RELIANCE,S,106,1019.17,108032.02
20-Nov-25,ALPHA_SEC,CL476561,ITC,S,350,170.31,59608.5
26-Nov-25,ALPHA_SEC,CL149620,ITC,S,150,159.79,23968.5
20-Nov-25,BETA_INVEST,CL309872,RELIANCE,S,42,2567.94,107853.48
11-26-2025,BETA_INVEST,CL415422,AXISBANK,B,144,744.01,107137.44
23/11/2025,DELTA_TRADES,CL271751,ICICIBANK,B,174,525.23,91390.02
2025-11-22,ALPHA_SEC,CL177883,AXISBANK,S,6,341.14,2046.84
2025-11-22,ALPHA_SEC,CL736650,INFY,B,140,1084.83,151876.2
21/11/2025,DELTA_TRADES,CL926178,SBIN,B,74,2321.48,171789.52
25-Nov-25,BETA_INVEST,CL123084,KOTAKBANK,S,61,205.15,12514.15
11-26-2025,BETA_INVEST,CL426637,ITC,S,84,2557.32,214814.88
25-Nov-25,BETA_INVEST,CL161000,RELIANCE,S,72,656.9,47296.8
2025-11-24,BETA_INVEST,CL520494,ICICIBANK,B,105,606.7,63703.5
20/11/2025,DELTA_TRADES,CL471082,INFY,S,182,363.35,66129.7
21-Nov-25,BETA_INVEST,CL544708,TATAMOTORS,B,258,1393.74,359584.92
2025-11-22,BETA_INVEST,CL564157,SBIN,B,264,554.01,146258.64
2025-11-25,BETA_INVEST,CL752596,SBIN,S,240,847.76,246191.72
22/11/2025,ALPHA_SEC,CL041635,TATAMOTORS,S,143,2334.54,333839.22
11-24-2025,BETA_INVEST,CL123494,LT,B,269,719.3,193491.7
25-Nov-25,OMEGA_BROKING,CL304997,KOTAKBANK,B,192,1695.26,325489.92
22-Nov-25,DELTA_TRADES,CL808757,RELIANCE,S,16,728.47,11655.52
2025-11-24,BETA_INVEST,CL929651,HDFC,B,208,1353.18,281461.44
24-Nov-25,ALPHA_SEC,CL195151,INFY,B,146,2366.9,345567.4
25-Nov-25,BETA_INVEST,CL340331,ITC,S,353,1231.78,434818.34
2025-11-23,DELTA_TRADES,CL315249,ITC,S,100,446.26,
2025-11-25,BETA_INVEST,CL907962,TATAMOTORS,S,230,1981.46,455735.8
2025-11-22,DELTA_TRADES,CL500557,KOTAKBANK,B,226,1959.91,442939.66
2025-11-20,BETA_INVEST,CL223809,ICICIBANK,S,260,1753.11,455808.6
25-Nov-25,OMEGA_BROKING,CL800371,KOTAKBANK,S,359,804.87,288948.33
2025-11-20,OMEGA_BROKING,CL940486,ICICIBANK,B,285,2646.9,754366.5
24/11/2025,BETA_INVEST,CL252154,INFY,S,215,677.32,145623.8
20/11/2025,OMEGA_BROKING,CL964779,ICICIBANK,B,226,2288.96,517304.96
25-Nov-25,OMEGA_BROKING,CL617818,AXISBANK,B,387,2574.34,996269.58
11-25-2025,BETA_INVEST,CL882901,SBIN,S,265,561.07,148683.55
20/11/2025,OMEGA_BROKING,CL300089,TATAMOTORS,B,117,408.44,47787.48
22-Nov-25,DELTA_TRADES,CL029813,HDFC,B,247,330.92,81737.24
11-21-2025,ALPHA_SEC,CL153564,KOTAKBANK,S,332,1652.76,
2025-11-20,ALPHA_SEC,CL980706,INFY,B,25,2482.61,62065.25
22-Nov-25,ALPHA_SEC,CL252525,KOTAKBANK,S,279,1672.44,466610.76
26-Nov-25,DELTA_TRADES,CL165261,LT,B,313,1171.57,366701.41
22-Nov-25,BETA_INVEST,CL792941,AXISBANK,B,71,895.0,63545.0
22-Nov-25,ALPHA_SEC,CL182901,ITC,S,252,2778.04,700066.08
25/11/2025,OMEGA_BROKING,CL524239,LT,B,49,1441.42,70629.58
2025-11-22,DELTA_TRADES,CL664734,HDFC,B,171,592.63,101339.73
24-Nov-25,BETA_INVEST,CL292619,RELIANCE,B,279,2577.91,719236.89
26/11/2025,ALPHA_SEC,CL008268,RELIANCE,B,225,505.64,113769.0
29/11/2025,BETA_INVEST,CL180707,KOTAKBANK,B,127,1377.04,174884.08
29-Nov-25,ALPHA_SEC,CL176253,ICICIBANK,S,142,1768.63,251145.46
2025-11-22,BETA_INVEST,CL598809,LT,B,352,2043.36,719262.72
11-25-2025,BETA_INVEST,CL528328,AXISBANK,B,129,1116.06,143971.74
11-21-2025,OMEGA_BROKING,CL361607,RELIANCE,S,199,265.04,52742.96
23/11/2025,OMEGA_BROKING,CL590385,RELIANCE,B,302,704.69,212816.38
20/11/2025,DELTA_TRADES,CL704470,AXISBANK,S,15,1257.21,18858.15
11-26-2025,OMEGA_BROKING,CL042116,HDFC,S,393,953.91,374886.63
2025-11-23,BETA_INVEST,CL055379,RELIANCE,S,237,597.78,141673.86
2025-11-22,ALPHA_SEC,CL559992,TATAMOTORS,B,256,2550.59,652951.04
11-26-2025,OMEGA_BROKING,CL054464,KOTAKBANK,B,31,2421.65,
23/11/2025,BETA_INVEST,CL309573,TATAMOTORS,S,182,2454.38,446697.16
25/11/2025,ALPHA_SEC,CL124193,TATAMOTORS,S,391,1942.71,575895.98
2025-11-23,BETA_INVEST,CL449375,AXISBANK,B,265,1363.56,361343.4
23/11/2025,ALPHA_SEC,CL788484,ICICIBANK,B,212,1134.68,240552.16
23-Nov-25,OMEGA_BROKING,CL545254,INFY,S,269,1383.26,372096.94
21-Nov-25,OMEGA_BROKING,CL467751,INFY,B,391,2306.04,901661.64
22/11/2025,BETA_INVEST,CL268106,SBIN,B,81,2229.48,180587.88
2025-11-24,BETA_INVEST,CL683367,AXISBANK,B,372,390.83,145388.76
2025-11-29,OMEGA_BROKING,CL103947,AXISBANK,B,105,927.66,97404.3
22/11/2025,BETA_INVEST,CL400589,ITC,B,227,2001.7,454385.9
2025-11-22,OMEGA_BROKING,CL046762,ICICIBANK,B,193,785.16,151535.88
2025-11-25,OMEGA_BROKING,CL992433,LT,B,210,2437.97,511973.7
22-Nov-25,OMEGA_BROKING,CL560572,INFY,B,45,1307.14,58821.3
24-Nov-25,OMEGA_BROKING,CL250593,ITC,S,374,2168.61,811060.14
11-20-2025,DELTA_TRADES,CL048946,TATAMOTORS,B,1,1428.24,1428.24
11-25-2025,ALPHA_SEC,CL977654,RELIANCE,S,255,1260.82,
25/11/2025,DELTA_TRADES,CL379093,TATAMOTORS,B,146,840.88,122768.48
20-Nov-25,BETA_INVEST,CL658834,HDFC,B,80,722.77,57821.6
11-20-2025,ALPHA_SEC,CL567251,HDFC,B,227,1033.35,234570.45
22/11/2025,ALPHA_SEC,CL967790,TATAMOTORS,B,141,2273.32,320538.12
22/11/2025,DELTA_TRADES,CL922685,INFY,B,344,106.58,36663.52
11-24-2025,DELTA_TRADES,CL704066,ITC,S,325,1822.99,592471.75
23-Nov-25,OMEGA_BROKING,CL731047,INFY,S,358,410.68,147023.44
26-Nov-25,BETA_INVEST,CL835184,HDFC,S,346,1991.5,689059.0
2025-11-21,BETA_INVEST,CL385030,LT,S,267,1665.4,444661.8
20/11/2025,ALPHA_SEC,CL499454,LT,B,96,1859.6,178521.6
2025-11-24,DELTA_TRADES,CL209232,SBIN,S,84,410.51,34482.84
26/11/2025,BETA_INVEST,CL001805,SBIN,B,374,1428.08,534101.92
11-20-2025,ALPHA_SEC,CL907052,KOTAKBANK,B,204,1098.72,224138.88
2025-11-21,ALPHA_SEC,CL390864,AXISBANK,B,382,490.86,187508.52
11-21-2025,ALPHA_SEC,CL521508,LT,B,171,779.82,133349.22
26-Nov-25,OMEGA_BROKING,CL035077,TATAMOTORS,S,211,697.73,155384.05
23-Nov-25,ALPHA_SEC,CL881659,SBIN,S,12,2497.99,29975.88
11-22-2025,BETA_INVEST,CL807673,HDFC,B,65,1867.81,117147.84
22-Nov-25,OMEGA_BROKING,CL425270,ICICIBANK,B,190,1784.66,339085.4
2025-11-25,OMEGA_BROKING,CL296579,ITC,S,92,1265.43,116419.56
26-Nov-25,BETA_INVEST,CL565682,ICICIBANK,S,183,2314.01,423463.83
20/11/2025,ALPHA_SEC,CL510859,HDFC,B,7,2239.38,15675.66
21-Nov-25,BETA_INVEST,CL442704,KOTAKBANK,S,224,378.97,84889.28
25/11/2025,DELTA_TRADES,CL841731,RELIANCE,S,306,1028.35,314675.1
23/11/2025,ALPHA_SEC,CL057058,INFY,S,128,1370.54,175429.12
20-Nov-25,BETA_INVEST,CL484939,ITC,S,276,793.13,218903.88
11-22-2025,DELTA_TRADES,CL210212,SBIN,S,274,656.62,179913.88
23-Nov-25,BETA_INVEST,CL964002,SBIN,S,254,1659.66,421553.64
23/11/2025,DELTA_TRADES,CL782610,ICICIBANK,B,310,781.8,242358.0
11-21-2025,ALPHA_SEC,CL954456,ITC,B,104,282.84,29415.36
11-22-2025,BETA_INVEST,CL388581,HDFC,B,106,229.9,24369.4
21/11/2025,DELTA_TRADES,CL779947,SBIN,S,205,1666.61,341655.05
11-26-2025,BETA_INVEST,CL018281,AXISBANK,S,206,1692.75,348706.5
25-Nov-25,OMEGA_BROKING,CL665053,ICICIBANK,S,382,1371.04,523737.28
22/11/2025,DELTA_TRADES,CL995887,LT,B,338,324.4,109647.2
26/11/2025,OMEGA_BROKING,CL178850,HDFC,S,323,818.82,264478.86
11-20-2025,ALPHA_SEC,CL575577,KOTAKBANK,S,119,1839.76,218931.44
20-Nov-25,BETA_INVEST,CL819486,INFY,S,340,1083.18,368281.2
2025-11-25,DELTA_TRADES,CL476208,SBIN,S,370,1495.34,553275.8
25/11/2025,DELTA_TRADES,CL985548,RELIANCE,B,244,581.06,141778.64
24-Nov-25,OMEGA_BROKING,CL990582,KOTAKBANK,B,301,481.97,145072.97
2025-11-23,DELTA_TRADES,CL408823,LT,B,360,1317.67,474361.2
11-21-2025,ALPHA_SEC,CL182849,TATAMOTORS,B,45,794.17,35737.65
2025-11-21,BETA_INVEST,CL023227,SBIN,B,174,452.31,78701.94
11-29-2025,DELTA_TRADES,CL953178,ITC,B,375,128.66,48247.5
11-29-2025,OMEGA_BROKING,CL782161,TATAMOTORS,B,122,267.29,32609.38
2025-11-29,DELTA_TRADES,CL614007,KOTAKBANK,B,315,1255.44,
2025-11-22,BETA_INVEST,CL380474,LT,B,35,946.66,33133.1
11-24-2025,BETA_INVEST,CL583243,INFY,B,399,654.83,261277.17
11-20-2025,DELTA_TRADES,CL543931,HDFC,B,49,491.27,24072.23
20-Nov-25,DELTA_TRADES,CL358487,LT,S,273,2335.78,637667.94
2025-11-21,DELTA_TRADES,CL232760,HDFC,B,276,728.95,201190.2
11-20-2025,OMEGA_BROKING,CL975765,KOTAKBANK,B,365,1893.26,691039.9
2025-11-22,BETA_INVEST,CL691959,AXISBANK,S,211,196.84,41533.24
22/11/2025,BETA_INVEST,CL297614,SBIN,S,295,1077.53,317871.35
2025-11-25,DELTA_TRADES,CL081394,TATAMOTORS,B,322,672.03,216393.66
22-Nov-25,OMEGA_BROKING,CL161976,HDFC,B,209,2294.74,479600.66
2025-11-21,BETA_INVEST,CL114626,KOTAKBANK,B,169,1035.27,174960.63
26-Nov-25,OMEGA_BROKING,CL210320,HDFC,B,380,1425.16,541560.8
2025-11-21,BETA_INVEST,CL950227,TATAMOTORS,S,190,1989.52,378008.8
11-21-2025,DELTA_TRADES,CL155138,INFY,B,47,1960.79,92157.13
11-20-2025,BETA_INVEST,CL401070,INFY,S,148,2707.33,400684.84
24/11/2025,ALPHA_SEC,CL357356,RELIANCE,S,114,2285.26,260519.64
26-Nov-25,BETA_INVEST,CL520891,TATAMOTORS,S,88,121.4,10683.2
11-26-2025,DELTA_TRADES,CL032285,AXISBANK,B,307,1208.76,371089.32
2025-11-21,ALPHA_SEC,CL936661,HDFC,B,158,690.63,109119.54
26-Nov-25,ALPHA_SEC,CL034202,ITC,B,9,1379.89,12419.01
20-Nov-25,ALPHA_SEC,CL281926,INFY,S,210,2154.78,452503.8
11-25-2025,DELTA_TRADES,CL885531,LT,S,16,773.37,12373.92
21/11/2025,BETA_INVEST,CL807627,ITC,B,170,204.94,34839.8
11-21-2025,DELTA_TRADES,CL262721,TATAMOTORS,B,319,2635.65,840772.35
2025-11-24,OMEGA_BROKING,CL555807,TATAMOTORS,B,391,1885.27,737140.57
22-Nov-25,DELTA_TRADES,CL015789,INFY,S,161,1097.35,176673.35
11-23-2025,OMEGA_BROKING,CL496115,ICICIBANK,B,39,1436.16,56010.24
25/11/2025,BETA_INVEST,CL294816,ITC,B,343,792.07,271680.01
20-Nov-25,BETA_INVEST,CL057113,RELIANCE,B,336,940.29,315937.44
11-22-2025,DELTA_TRADES,CL672271,ITC,B,321,2314.16,742845.36
11-26-2025,ALPHA_SEC,CL058119,ICICIBANK,S,212,767.13,162631.56
23/11/2025,OMEGA_BROKING,CL950482,ICICIBANK,S,314,1433.89,450241.46
23/11/2025,OMEGA_BROKING,CL379359,TATAMOTORS,B,199,1314.14,261513.86
21-Nov-25,ALPHA_SEC,CL015173,LT,S,345,961.29,331645.05
2025-11-23,ALPHA_SEC,CL068995,HDFC,S,130,1795.56,233422.8
2025-11-20,ALPHA_SEC,CL792349,AXISBANK,S,136,855.27,116316.72
21/11/2025,BETA_INVEST,CL729295,AXISBANK,B,280,382.13,106996.4
23-Nov-25,BETA_INVEST,CL221722,ITC,S,210,595.37,125027.7
11-21-2025,ALPHA_SEC,CL724339,ICICIBANK,S,94,1733.27,162927.38
23/11/2025,ALPHA_SEC,CL767050,SBIN,S,8,1429.87,11438.96
2025-11-22,ALPHA_SEC,CL800156,HDFC,B,351,1032.35,362354.85
25-Nov-25,OMEGA_BROKING,CL819867,KOTAKBANK,B,129,1078.1,139074.9
11-26-2025,ALPHA_SEC,CL647105,KOTAKBANK,S,140,913.75,127925.0
21/11/2025,BETA_INVEST,CL532013,AXISBANK,S,47,1040.97,48925.59
2025-11-26,ALPHA_SEC,CL100617,ITC,S,220,1699.97,373993.4
23/11/2025,ALPHA_SEC,CL806413,TATAMOTORS,S,84,2292.18,192543.12
22/11/2025,BETA_INVEST,CL284414,ICICIBANK,B,182,518.13,94299.66
25-Nov-25,OMEGA_BROKING,CL717412,RELIANCE,S,313,705.9,220946.7
11-22-2025,BETA_INVEST,CL957738,ITC,S,284,1240.93,352424.12
2025-11-21,BETA_INVEST,CL699026,KOTAKBANK,B,5,1985.14,9925.7
25/11/2025,OMEGA_BROKING,CL776881,LT,B,101,811.28,81939.28
2025-11-20,OMEGA_BROKING,CL789977,LT,S,96,1690.11,162250.56
25/11/2025,BETA_INVEST,CL841317,SBIN,S,269,1167.33,314011.77
24-Nov-25,ALPHA_SEC,CL345076,KOTAKBANK,S,95,1207.24,114687.8
22/11/2025,OMEGA_BROKING,CL185871,LT,B,349,657.49,229464.01
2025-11-25,OMEGA_BROKING,CL736226,KOTAKBANK,B,8,744.89,5959.12
11-26-2025,BETA_INVEST,CL349513,TATAMOTORS,B,328,2303.51,755551.28
11-21-2025,BETA_INVEST,CL651459,TATAMOTORS,B,62,2377.4,147398.8
25-Nov-25,ALPHA_SEC,CL972885,LT,S,95,916.26,87044.7
2025-11-20,ALPHA_SEC,CL093548,ITC,S,205,1548.43,317428.15
23/11/2025,ALPHA_SEC,CL777502,ITC,S,388,2732.05,1060035.4
20/11/2025,BETA_INVEST,CL367566,SBIN,S,184,1604.39,295207.76
29/11/2025,ALPHA_SEC,CL412784,ITC,S,224,2571.22,575953.28
2025-11-22,BETA_INVEST,CL428934,INFY,B,58,2424.97,140648.26
11-22-2025,ALPHA_SEC,CL206878,AXISBANK,S,324,1110.93,359941.32
29/11/2025,DELTA_TRADES,CL899084,AXISBANK,B,304,1969.99,598876.96
11-24-2025,BETA_INVEST,CL424340,SBIN,B,83,2024.77,168055.91
26-Nov-25,OMEGA_BROKING,CL535770,SBIN,B,186,343.28,63850.08
2025-11-20,OMEGA_BROKING,CL876419,ICICIBANK,S,188,1136.32,213628.16
2025-11-29,BETA_INVEST,CL134573,TATAMOTORS,B,145,2709.46,392871.7
24-Nov-25,OMEGA_BROKING,CL958553,KOTAKBANK,B,353,1159.14,409176.42
24/11/2025,OMEGA_BROKING,CL245498,TATAMOTORS,S,111,2568.08,285056.88
11-21-2025,ALPHA_SEC,CL255681,SBIN,B,186,1250.11,232520.46
11-22-2025,DELTA_TRADES,CL429487,ICICIBANK,B,43,1248.09,52712.19
24-Nov-25,OMEGA_BROKING,CL315390,HDFC,S,218,1295.07,185485.1
2025-11-26,DELTA_TRADES,CL722054,TATAMOTORS,B,347,2611.98,906357.06
20-Nov-25,ALPHA_SEC,CL386877,HDFC,S,290,1377.12,399364.8
23/11/2025,OMEGA_BROKING,CL314826,AXISBANK,B,312,2642.25,824382.0
11-21-2025,ALPHA_SEC,CL581123,RELIANCE,B,261,1730.66,451702.26
11-24-2025,OMEGA_BROKING,CL527294,ICICIBANK,B,217,2508.5,544344.5
25/11/2025,DELTA_TRADES,CL802444,RELIANCE,B,162,1011.62,163882.44
23/11/2025,OMEGA_BROKING,CL571499,TATAMOTORS,B,299,885.51,264767.49
2025-11-21,OMEGA_BROKING,CL425797,TATAMOTORS,B,365,2095.74,764945.1
2025-11-22,OMEGA_BROKING,CL801991,ITC,B,281,1627.11,457217.91
23-Nov-25,ALPHA_SEC,CL054187,RELIANCE,B,163,2570.5,418991.5
21-Nov-25,ALPHA_SEC,CL528774,KOTAKBANK,B,154,1014.44,156223.76
24/11/2025,OMEGA_BROKING,CL252529,ICICIBANK,B,201,721.0,144921.0
21/11/2025,ALPHA_SEC,CL322984,RELIANCE,B,15,1104.58,16568.7
11-29-2025,DELTA_TRADES,CL145163,ITC,S,315,114.5,36067.5
20-Nov-25,DELTA_TRADES,CL782449,TATAMOTORS,B,162,1898.42,307544.04
20/11/2025,BETA_INVEST,CL754839,LT,B,121,2459.12,297553.52
24-Nov-25,BETA_INVEST,CL685844,INFY,S,303,1773.03,
21-Nov-25,BETA_INVEST,CL294881,SBIN,S,188,762.86,143417.68
2025-11-25,BETA_INVEST,CL818600,ITC,B,142,1007.35,143043.7
11-20-2025,DELTA_TRADES,CL830031,AXISBANK,B,173,1064.81,184212.13
23/11/2025,ALPHA_SEC,CL078102,HDFC,S,124,1209.22,149943.28
2025-11-20,OMEGA_BROKING,CL013129,KOTAKBANK,B,120,2493.44,299212.8
11-22-2025,OMEGA_BROKING,CL525125,TATAMOTORS,S,394,479.37,188871.78
20/11/2025,DELTA_TRADES,CL822796,INFY,B,263,657.65,172961.95
22-Nov-25,BETA_INVEST,CL274021,LT,S,298,646.76,192734.48
11-20-2025,DELTA_TRADES,CL020494,SBIN,B,268,305.35,81833.8
2025-11-26,ALPHA_SEC,CL661856,INFY,S,284,159.89,45408.76
26/11/2025,DELTA_TRADES,CL513319,AXISBANK,S,363,1089.82,395604.66
2025-11-22,DELTA_TRADES,CL724164,INFY,B,84,1574.57,132263.88
21/11/2025,BETA_INVEST,CL575055,HDFC,S,365,310.66,113390.9
11-25-2025,OMEGA_BROKING,CL918920,SBIN,B,102,2672.9,272635.8
22/11/2025,BETA_INVEST,CL314359,ITC,S,371,1454.87,539756.77
23/11/2025,DELTA_TRADES,CL496594,KOTAKBANK,S,253,795.52,201266.56
11-22-2025,BETA_INVEST,CL224347,SBIN,B,261,1790.77,467390.97
11-24-2025,ALPHA_SEC,CL667800,ITC,S,71,275.35,19549.85
23/11/2025,BETA_INVEST,CL352461,KOTAKBANK,S,197,1298.04,255713.88
23-Nov-25,ALPHA_SEC,CL792656,ICICIBANK,S,200,2150.83,430166.0
2025-11-24,DELTA_TRADES,CL725089,INFY,S,301,737.54,221999.54
11-22-2025,DELTA_TRADES,CL690484,RELIANCE,B,137,2650.15,363070.55
20-Nov-25,BETA_INVEST,CL947707,ICICIBANK,B,158,680.47,107514.26
21/11/2025,DELTA_TRADES,CL437778,LT,S,75,2328.81,174660.75
23-Nov-25,ALPHA_SEC,CL942487,KOTAKBANK,B,52,1856.33,96529.16
2025-11-24,BETA_INVEST,CL098800,ICICIBANK,S,348,1591.63,553887.24
24-Nov-25,OMEGA_BROKING,CL931823,TATAMOTORS,B,211,1562.55,329698.05
25/11/2025,DELTA_TRADES,CL301204,TATAMOTORS,S,2,887.02,1774.04
22/11/2025,OMEGA_BROKING,CL376623,AXISBANK,S,200,427.53,85506.0
2025-11-21,ALPHA_SEC,CL296510,KOTAKBANK,B,265,1764.04,467470.6
2025-11-21,OMEGA_BROKING,CL047649,KOTAKBANK,S,400,1732.89,693156.0
25-Nov-25,DELTA_TRADES,CL373804,ITC,B,251,2413.49,605785.99
11-22-2025,BETA_INVEST,CL749822,RELIANCE,S,15,2324.1,34861.5
22/11/2025,DELTA_TRADES,CL671345,ICICIBANK,S,210,677.33,142239.3
25/11/2025,BETA_INVEST,CL118813,LT,S,65,1704.98,110823.7
11-21-2025,ALPHA_SEC,CL378454,AXISBANK,S,359,1825.33,655293.47
2025-11-22,OMEGA_BROKING,CL720721,KOTAKBANK,S,6,2211.83,13270.98
25/11/2025,DELTA_TRADES,CL685916,SBIN,B,104,1519.45,158022.8
11-21-2025,OMEGA_BROKING,CL526093,ITC,B,342,792.32,270973.44
11-21-2025,OMEGA_BROKING,CL389380,ITC,B,240,1664.51,399482.4
24/11/2025,OMEGA_BROKING,CL556690,HDFC,B,81,2191.64,177522.84
2025-11-26,BETA_INVEST,CL712410,ICICIBANK,B,253,1345.35,340373.55
2025-11-26,BETA_INVEST,CL315247,RELIANCE,S,354,110.57,39141.78
29-Nov-25,OMEGA_BROKING,CL398677,ITC,S,276,2740.2,756295.2
22/11/2025,DELTA_TRADES,CL511379,KOTAKBANK,B,313,2167.45,678411.85
22-Nov-25,BETA_INVEST,CL623269,KOTAKBANK,B,173,127.97,22138.81
2025-11-21,OMEGA_BROKING,CL181336,ITC,B,186,1085.79,201956.94
2025-11-23,DELTA_TRADES,CL808994,INFY,B,162,718.01,116317.62
2025-11-22,BETA_INVEST,CL245657,INFY,S,190,1262.93,239956.7
11-21-2025,OMEGA_BROKING,CL602716,TATAMOTORS,S,70,1000.19,86626.24
25-Nov-25,ALPHA_SEC,CL168349,RELIANCE,S,205,1877.5,384887.5
20-Nov-25,OMEGA_BROKING,CL344283,KOTAKBANK,B,175,1905.21,
11-20-2025,DELTA_TRADES,CL236188,HDFC,B,126,2346.17,295617.42
23/11/2025,ALPHA_SEC,CL469326,LT,S,298,2245.44,669141.12
22-Nov-25,DELTA_TRADES,CL537484,AXISBANK,S,337,2146.41,723340.17
11-25-2025,BETA_INVEST,CL970749,ICICIBANK,S,189,1157.45,218758.05
21-Nov-25,OMEGA_BROKING,CL534404,LT,S,316,420.74,132953.84
24-Nov-25,ALPHA_SEC,CL226366,SBIN,B,69,937.38,64679.22
26/11/2025,BETA_INVEST,CL936782,SBIN,B,319,879.79,280653.01
11-22-2025,DELTA_TRADES,CL848550,AXISBANK,S,302,1362.65,411520.3
26-Nov-25,OMEGA_BROKING,CL141459,HDFC,B,72,840.43,60510.96
21-Nov-25,BETA_INVEST,CL664642,INFY,S,48,1311.98,62975.04
24-Nov-25,OMEGA_BROKING,CL556238,ICICIBANK,B,69,828.33,57154.77
11-29-2025,BETA_INVEST,CL720895,HDFC,S,296,1355.4,401198.4
23/11/2025,OMEGA_BROKING,CL423834,RELIANCE,B,217,2708.9,587831.3
11-26-2025,DELTA_TRADES,CL355344,RELIANCE,S,283,575.08,162747.64
22/11/2025,OMEGA_BROKING,CL723275,SBIN,B,265,604.0,160060.0
11-21-2025,DELTA_TRADES,CL922037,TATAMOTORS,B,346,1343.1,464712.6
11-25-2025,DELTA_TRADES,CL027586,KOTAKBANK,S,37,2254.26,83407.62
2025-11-29,ALPHA_SEC,CL775418,ICICIBANK,B,346,1037.62,359016.52
2025-11-25,OMEGA_BROKING,CL043341,INFY,S,362,2295.42,830942.04
24/11/2025,OMEGA_BROKING,CL048485,SBIN,S,336,207.79,69817.44
23/11/2025,DELTA_TRADES,CL931686,ITC,S,129,1304.17,168237.93
2025-11-22,ALPHA_SEC,CL146782,ITC,B,28,1878.37,52594.36
22-Nov-25,BETA_INVEST,CL060161,KOTAKBANK,B,256,1264.06,323599.36
25-Nov-25,ALPHA_SEC,CL153597,AXISBANK,S,253,359.53,90961.09
24-Nov-25,BETA_INVEST,CL856377,HDFC,B,115,429.86,49433.9
11-24-2025,BETA_INVEST,CL602856,ICICIBANK,B,338,419.83,141902.54
26-Nov-25,ALPHA_SEC,CL081022,LT,S,315,2669.5,840892.5
23/11/2025,OMEGA_BROKING,CL707942,INFY,B,122,1155.79,141006.38
24/11/2025,DELTA_TRADES,CL995312,SBIN,B,374,577.8,216097.2
24-Nov-25,DELTA_TRADES,CL379893,RELIANCE,S,362,2064.29,747272.98
20/11/2025,DELTA_TRADES,CL399770,ICICIBANK,S,93,1575.52,146523.36
2025-11-26,DELTA_TRADES,CL148463,SBIN,B,157,1368.52,214857.64
26-Nov-25,DELTA_TRADES,CL359571,RELIANCE,S,234,1313.71,
22/11/2025,DELTA_TRADES,CL323315,RELIANCE,S,4,1732.33,6929.32
2025-11-21,BETA_INVEST,CL729462,LT,S,248,2220.97,550800.56
20-Nov-25,BETA_INVEST,CL358049,ICICIBANK,B,211,1176.54,248249.94
23/11/2025,BETA_INVEST,CL013658,LT,S,334,2776.03,927194.02
2025-11-23,BETA_INVEST,CL899992,TATAMOTORS,S,284,1912.95,543277.8
11-24-2025,DELTA_TRADES,CL824401,SBIN,B,311,2088.57,649545.27
2025-11-23,OMEGA_BROKING,CL933024,AXISBANK,B,352,2194.62,772506.24
11-20-2025,DELTA_TRADES,CL642904,TATAMOTORS,B,212,1774.93,376285.16
2025-11-25,BETA_INVEST,CL681366,LT,S,378,1320.06,498982.68
2025-11-22,BETA_INVEST,CL144615,ITC,S,91,1372.85,124929.35
24/11/2025,DELTA_TRADES,CL290479,LT,S,207,1021.21,211390.47
11-26-2025,BETA_INVEST,CL374049,INFY,S,54,1019.34,55044.36
11-25-2025,ALPHA_SEC,CL441160,AXISBANK,B,132,2163.84,285626.88
11-24-2025,BETA_INVEST,CL327402,TATAMOTORS,S,374,2192.63,820043.62
11-25-2025,ALPHA_SEC,CL539868,INFY,S,35,522.28,18279.8
11-25-2025,ALPHA_SEC,CL606343,HDFC,B,357,928.11,331335.27
11-20-2025,ALPHA_SEC,CL837743,SBIN,B,223,918.49,204823.27
11-24-2025,BETA_INVEST,CL569445,ITC,B,40,766.96,30678.4
22/11/2025,BETA_INVEST,CL689779,INFY,B,148,1245.75,184371.0
20/11/2025,ALPHA_SEC,CL098748,INFY,S,4,2052.37,8209.48
25-Nov-25,ALPHA_SEC,CL243513,TATAMOTORS,B,71,497.0,35287.0
2025-11-24,OMEGA_BROKING,CL561920,RELIANCE,B,115,1404.85,
2025-11-20,BETA_INVEST,CL246843,SBIN,S,246,787.65,193761.9
24/11/2025,BETA_INVEST,CL888086,SBIN,S,80,2121.48,169718.4
25/11/2025,OMEGA_BROKING,CL233807,LT,S,79,135.21,10681.59
2025-11-25,ALPHA_SEC,CL554952,TATAMOTORS,B,380,1585.96,602664.8
2025-11-23,DELTA_TRADES,CL114905,LT,S,278,861.67,239544.26
11-25-2025,DELTA_TRADES,CL111981,ITC,B,2,2243.32,4486.64
11-23-2025,OMEGA_BROKING,CL996228,HDFC,B,249,898.36,223691.64
11-22-2025,BETA_INVEST,CL238963,INFY,S,19,975.23,18529.37
20-Nov-25,OMEGA_BROKING,CL998037,KOTAKBANK,B,305,196.47,59923.35
20-Nov-25,DELTA_TRADES,CL559511,HDFC,B,96,1000.9,96086.4
2025-11-24,ALPHA_SEC,CL456693,INFY,B,15,2136.34,32045.1
2025-11-21,OMEGA_BROKING,CL446349,INFY,B,29,457.95,13280.55
2025-11-25,BETA_INVEST,CL768965,INFY,S,282,887.97,250407.54
22-Nov-25,ALPHA_SEC,CL350724,TATAMOTORS,B,217,2475.26,537131.42
22/11/2025,BETA_INVEST,CL718044,SBIN,S,344,1752.37,602815.28
2025-11-26,OMEGA_BROKING,CL271736,RELIANCE,S,207,1614.84,334271.88
11-21-2025,OMEGA_BROKING,CL056910,LT,B,262,1097.08,287434.96
2025-11-20,OMEGA_BROKING,CL566654,TATAMOTORS,S,345,2123.47,732597.15
26/11/2025,BETA_INVEST,CL093923,ITC,B,273,2624.9,716597.7
23-Nov-25,ALPHA_SEC,CL719049,ICICIBANK,B,217,365.35,79280.95
11-26-2025,OMEGA_BROKING,CL846244,ICICIBANK,S,308,2465.14,759263.12
2025-11-22,ALPHA_SEC,CL703710,LT,B,317,2323.13,736432.21
2025-11-21,OMEGA_BROKING,CL159908,ICICIBANK,S,256,2461.94,630256.64
25/11/2025,ALPHA_SEC,CL229194,HDFC,S,250,865.15,137838.49
11-25-2025,ALPHA_SEC,CL655977,INFY,S,228,806.96,183986.88
21/11/2025,BETA_INVEST,CL514623,KOTAKBANK,B,392,2503.38,981324.96
23/11/2025,ALPHA_SEC,CL549817,TATAMOTORS,B,240,2441.09,585861.6
26/11/2025,OMEGA_BROKING,CL319926,TATAMOTORS,S,360,1159.15,417294.0
2025-11-21,OMEGA_BROKING,CL877846,INFY,B,347,2507.04,869942.88
2025-11-24,OMEGA_BROKING,CL990681,LT,S,50,1095.89,54794.5
24-Nov-25,ALPHA_SEC,CL200111,SBIN,S,351,2125.36,746001.36
20-Nov-25,ALPHA_SEC,CL031280,HDFC,S,368,1611.31,592962.08
24-Nov-25,DELTA_TRADES,CL924181,LT,B,28,718.22,20110.16
21-Nov-25,ALPHA_SEC,CL215994,SBIN,B,62,516.15,32001.3
23/11/2025,BETA_INVEST,CL988217,ICICIBANK,S,12,688.39,8260.68
2025-11-22,OMEGA_BROKING,CL675348,AXISBANK,S,243,1120.72,272334.96
11-25-2025,OMEGA_BROKING,CL759161,ITC,S,154,637.03,98102.62
22/11/2025,ALPHA_SEC,CL404082,INFY,B,361,2093.44,755731.84
2025-11-26,OMEGA_BROKING,CL518902,ITC,B,52,2000.8,104041.6
20/11/2025,DELTA_TRADES,CL270339,RELIANCE,S,90,710.1,63909.0
23/11/2025,ALPHA_SEC,CL581405,INFY,B,280,1698.19,475493.2
22-Nov-25,OMEGA_BROKING,CL965016,HDFC,B,354,1999.97,707989.38
26/11/2025,ALPHA_SEC,CL780580,KOTAKBANK,S,290,957.29,277614.1
11-24-2025,ALPHA_SEC,CL995549,AXISBANK,B,17,1653.57,28110.69
21/11/2025,BETA_INVEST,CL400762,AXISBANK,S,280,562.97,157631.6
21-Nov-25,ALPHA_SEC,CL667928,LT,B,22,1667.86,36692.92
20-Nov-25,OMEGA_BROKING,CL922074,AXISBANK,B,80,1096.81,87744.8
24-Nov-25,BETA_INVEST,CL892481,RELIANCE,B,398,1678.83,668174.34
25/11/2025,DELTA_TRADES,CL133837,HDFC,B,343,2630.27,902182.61
2025-11-21,DELTA_TRADES,CL349886,KOTAKBANK,B,275,794.41,218462.75
20/11/2025,BETA_INVEST,CL621715,RELIANCE,B,283,1054.93,298545.19
11-26-2025,ALPHA_SEC,CL624982,SBIN,B,315,2767.41,871734.15
11-26-2025,OMEGA_BROKING,CL673427,HDFC,S,33,1109.45,36611.85
2025-11-26,OMEGA_BROKING,CL793716,INFY,B,362,1540.92,557813.04
29-Nov-25,BETA_INVEST,CL893342,TATAMOTORS,S,321,1827.3,586563.3
2025-11-26,DELTA_TRADES,CL989471,KOTAKBANK,B,181,1889.12,341930.72
21-Nov-25,ALPHA_SEC,CL293486,ICICIBANK,S,350,1287.83,450740.5
2025-11-21,ALPHA_SEC,CL254174,KOTAKBANK,S,25,1444.6,26338.35
25/11/2025,DELTA_TRADES,CL768563,KOTAKBANK,S,228,2154.7,491271.6
2025-11-22,BETA_INVEST,CL114011,LT,B,50,2110.62,105531.0
2025-11-22,OMEGA_BROKING,CL025756,AXISBANK,S,205,1472.71,403764.63
21/11/2025,DELTA_TRADES,CL034888,RELIANCE,B,208,164.67,34251.36
24/11/2025,DELTA_TRADES,CL465467,TATAMOTORS,B,247,1153.22,284845.34
2025-11-24,BETA_INVEST,CL353250,SBIN,B,91,1310.88,119290.08
22-Nov-25,BETA_INVEST,CL691342,KOTAKBANK,B,70,1255.11,87857.7
24/11/2025,ALPHA_SEC,CL775393,ITC,S,263,152.6,40133.8
11-24-2025,ALPHA_SEC,CL365968,AXISBANK,B,314,747.69,234774.66
2025-11-29,ALPHA_SEC,CL153418,HDFC,B,116,620.74,72005.84
11-24-2025,BETA_INVEST,CL847236,INFY,S,204,1362.74,277998.96
2025-11-26,OMEGA_BROKING,CL911472,AXISBANK,S,237,1615.16,382792.92
2025-11-24,BETA_INVEST,CL009374,TATAMOTORS,B,255,2675.02,682130.1
20-Nov-25,BETA_INVEST,CL243160,SBIN,S,119,2199.01,261682.19
21/11/2025,BETA_INVEST,CL704735,LT,B,30,2686.42,80592.6
21-Nov-25,BETA_INVEST,CL828231,KOTAKBANK,S,54,2219.72,119864.88
22-Nov-25,OMEGA_BROKING,CL943427,SBIN,S,144,432.59,62292.96
2025-11-24,DELTA_TRADES,CL056276,HDFC,B,377,2081.65,784782.05
24-Nov-25,OMEGA_BROKING,CL362524,INFY,S,65,178.8,11622.0
20-Nov-25,OMEGA_BROKING,CL233827,LT,S,35,1811.76,63411.6
2025-11-21,DELTA_TRADES,CL559389,LT,S,148,1650.15,244222.2
20-Nov-25,BETA_INVEST,CL262324,RELIANCE,B,76,1000.58,76044.08
20-Nov-25,BETA_INVEST,CL981705,LT,B,8,2621.78,20974.24
11-22-2025,OMEGA_BROKING,CL459582,INFY,B,302,477.54,144217.08
24-Nov-25,ALPHA_SEC,CL776288,HDFC,S,335,224.9,75341.5
24-Nov-25,ALPHA_SEC,CL620563,ICICIBANK,B,336,2562.42,860973.12
23/11/2025,OMEGA_BROKING,CL272739,ITC,B,67,1076.67,72136.89
25/11/2025,OMEGA_BROKING,CL349432,AXISBANK,B,130,2774.06,360627.8
22/11/2025,OMEGA_BROKING,CL776178,INFY,S,83,2515.75,208807.25
22-Nov-25,OMEGA_BROKING,CL060121,INFY,S,2,1753.22,3506.44
22-Nov-25,BETA_INVEST,CL341433,ICICIBANK,S,12,2747.48,32969.76
11-23-2025,OMEGA_BROKING,CL146705,RELIANCE,S,387,176.33,68239.71
11-26-2025,BETA_INVEST,CL843418,AXISBANK,B,91,2716.09,247164.19
2025-11-26,DELTA_TRADES,CL859933,RELIANCE,S,334,954.54,318816.36
22/11/2025,BETA_INVEST,CL329295,SBIN,S,122,2576.47,314329.34
24-Nov-25,OMEGA_BROKING,CL481526,AXISBANK,B,349,178.0,62122.0
21-Nov-25,ALPHA_SEC,CL906241,TATAMOTORS,S,247,1930.9,476932.3
2025-11-25,DELTA_TRADES,CL673749,TATAMOTORS,B,389,889.39,345972.71
21/11/2025,OMEGA_BROKING,CL884872,RELIANCE,S,366,2295.03,839980.98
26/11/2025,OMEGA_BROKING,CL582118,INFY,B,269,650.59,175008.71
2025-11-25,BETA_INVEST,CL500811,HDFC,S,222,539.94,119866.68
11-21-2025,ALPHA_SEC,CL225458,RELIANCE,S,381,942.86,359229.66
24/11/2025,BETA_INVEST,CL085008,INFY,S,138,2197.23,303217.74
22/11/2025,DELTA_TRADES,CL205317,INFY,S,14,159.45,2232.3
2025-11-25,DELTA_TRADES,CL280961,HDFC,S,240,1019.47,244672.8
11-26-2025,OMEGA_BROKING,CL449144,KOTAKBANK,B,216,1797.58,388277.28
26/11/2025,ALPHA_SEC,CL310296,KOTAKBANK,S,248,1607.78,398729.44
29/11/2025,DELTA_TRADES,CL111378,RELIANCE,S,145,2458.12,356427.4
2025-11-26,BETA_INVEST,CL473156,ITC,S,76,1900.6,144445.6
24/11/2025,ALPHA_SEC,CL213308,HDFC,B,257,941.27,241906.39
21-Nov-25,ALPHA_SEC,CL018363,TATAMOTORS,B,8,1933.79,15470.32
2025-11-23,BETA_INVEST,CL037127,LT,B,139,2733.96,380020.44
2025-11-23,DELTA_TRADES,CL345421,INFY,B,306,1257.48,384788.88
11-25-2025,BETA_INVEST,CL737279,LT,B,143,1796.12,256845.16
11-21-2025,BETA_INVEST,CL972411,ICICIBANK,B,312,1804.33,562950.96
11-22-2025,BETA_INVEST,CL245151,HDFC,B,397,713.04,283076.88
2025-11-25,OMEGA_BROKING,CL168450,KOTAKBANK,B,342,286.29,97911.18
26/11/2025,DELTA_TRADES,CL960576,AXISBANK,S,316,1667.18,526828.88
11-24-2025,ALPHA_SEC,CL513858,SBIN,S,133,161.3,21452.9
22/11/2025,DELTA_TRADES,CL093683,RELIANCE,B,229,219.27,50212.83
11-22-2025,ALPHA_SEC,CL704488,KOTAKBANK,B,238,2625.28,624816.64
24/11/2025,BETA_INVEST,CL096448,LT,B,199,314.75,62635.25
11-23-2025,ALPHA_SEC,CL020748,LT,S,182,1004.38,182797.16
2025-11-26,BETA_INVEST,CL296350,KOTAKBANK,S,208,1794.94,373347.52
11-23-2025,OMEGA_BROKING,CL527074,AXISBANK,S,172,1649.22,
11-21-2025,DELTA_TRADES,CL859832,TATAMOTORS,B,85,2657.15,225857.75
2025-11-29,OMEGA_BROKING,CL806288,INFY,B,252,1270.01,320042.52
2025-11-26,ALPHA_SEC,CL315108,AXISBANK,B,154,1456.05,224231.7
11-25-2025,DELTA_TRADES,CL796015,RELIANCE,B,173,1426.05,246706.65
22-Nov-25,OMEGA_BROKING,CL309397,ICICIBANK,S,364,1461.61,532026.04
11-23-2025,ALPHA_SEC,CL286610,AXISBANK,B,399,2123.21,847160.79
20-Nov-25,OMEGA_BROKING,CL415531,RELIANCE,B,353,548.15,193496.95
2025-11-24,DELTA_TRADES,CL241433,ICICIBANK,B,244,2485.46,606452.24
11-25-2025,BETA_INVEST,CL567310,TATAMOTORS,S,106,1593.26,168885.56
22-Nov-25,BETA_INVEST,CL205990,SBIN,S,213,911.78,194209.14
20/11/2025,BETA_INVEST,CL476537,HDFC,B,150,2535.38,380307.0
11-24-2025,DELTA_TRADES,CL014518,KOTAKBANK,S,249,1671.58,416223.42
23-Nov-25,OMEGA_BROKING,CL191018,RELIANCE,S,230,924.71,212683.3
26-Nov-25,ALPHA_SEC,CL393632,ICICIBANK,S,312,858.93,267986.16
23-Nov-25,OMEGA_BROKING,CL128164,INFY,S,396,1560.49,617954.04
2025-11-22,OMEGA_BROKING,CL446249,ICICIBANK,B,25,368.15,9203.75
2025-11-24,DELTA_TRADES,CL864598,ICICIBANK,B,143,912.86,130538.98
24/11/2025,ALPHA_SEC,CL401604,TATAMOTORS,B,72,2112.41,152093.52
29-Nov-25,BETA_INVEST,CL574998,LT,S,19,1806.62,34325.78
11-22-2025,DELTA_TRADES,CL665153,KOTAKBANK,B,199,282.03,56123.97
20/11/2025,OMEGA_BROKING,CL059463,INFY,B,203,2661.53,540290.59
2025-11-22,BETA_INVEST,CL675592,SBIN,B,172,448.57,77154.04
2025-11-24,DELTA_TRADES,CL382951,SBIN,S,102,1356.96,138409.92
23/11/2025,BETA_INVEST,CL429770,ITC,S,96,1343.43,128969.28
11-24-2025,ALPHA_SEC,CL174423,RELIANCE,B,179,122.24,21880.96
24-Nov-25,DELTA_TRADES,CL811235,HDFC,B,363,1257.85,456599.55
2025-11-23,ALPHA_SEC,CL472134,INFY,B,20,1627.87,32557.4
26-Nov-25,ALPHA_SEC,CL059195,SBIN,B,286,2544.69,727781.34
2025-11-25,ALPHA_SEC,CL403075,ITC,S,250,1430.86,357715.0
2025-11-20,DELTA_TRADES,CL991626,RELIANCE,B,163,889.38,144968.94
26-Nov-25,ALPHA_SEC,CL369360,RELIANCE,B,41,2682.61,109987.01
24/11/2025,BETA_INVEST,CL280909,INFY,B,326,2326.33,758383.58
29-Nov-25,BETA_INVEST,CL118624,TATAMOTORS,B,32,211.35,6763.2
25/11/2025,OMEGA_BROKING,CL156986,LT,S,177,1245.82,220510.14
22-Nov-25,DELTA_TRADES,CL163747,TATAMOTORS,S,128,276.61,35406.08
26-Nov-25,DELTA_TRADES,CL482266,SBIN,B,313,1775.39,555697.07
2025-11-23,BETA_INVEST,CL805881,SBIN,B,73,2098.1,153161.3
2025-11-22,OMEGA_BROKING,CL102521,KOTAKBANK,B,339,559.26,189589.14
22-Nov-25,OMEGA_BROKING,CL419620,HDFC,S,376,440.0,165440.0
22-Nov-25,DELTA_TRADES,CL001487,KOTAKBANK,B,285,267.2,76152.0
20-Nov-25,DELTA_TRADES,CL409499,TATAMOTORS,S,287,1802.36,517277.32
23-Nov-25,BETA_INVEST,CL984125,ICICIBANK,S,70,1600.52,
22-Nov-25,ALPHA_SEC,CL755287,TATAMOTORS,S,282,2665.9,751783.8
2025-11-25,DELTA_TRADES,CL436970,LT,S,29,1319.56,38267.24
26/11/2025,BETA_INVEST,CL844073,SBIN,B,224,855.68,191672.32
2025-11-23,ALPHA_SEC,CL122553,ICICIBANK,S,87,1555.12,135295.44
11-25-2025,OMEGA_BROKING,CL274251,LT,B,345,2227.58,768515.1
2025-11-24,ALPHA_SEC,CL844121,RELIANCE,B,46,1579.45,72654.7
2025-11-23,BETA_INVEST,CL405797,HDFC,S,239,1257.58,300561.62
23-Nov-25,ALPHA_SEC,CL161241,AXISBANK,S,212,877.42,186013.04
11-20-2025,DELTA_TRADES,CL322749,RELIANCE,B,114,1511.54,172315.56
21/11/2025,ALPHA_SEC,CL436079,RELIANCE,S,105,1804.73,189496.65
2025-11-20,BETA_INVEST,CL862812,AXISBANK,B,396,2621.05,1037935.8
11-26-2025,DELTA_TRADES,CL094371,RELIANCE,S,70,1196.36,83745.2
20/11/2025,ALPHA_SEC,CL255564,SBIN,B,76,554.2,42119.2
22/11/2025,DELTA_TRADES,CL137247,INFY,S,191,2117.77,404494.07
2025-11-23,OMEGA_BROKING,CL677497,SBIN,B,64,726.15,46473.6
25/11/2025,ALPHA_SEC,CL982810,TATAMOTORS,S,130,1270.38,165149.4
22/11/2025,OMEGA_BROKING,CL894463,TATAMOTORS,S,74,2206.28,163264.72
11-25-2025,BETA_INVEST,CL504672,RELIANCE,B,364,432.59,157462.76
11-21-2025,BETA_INVEST,CL667965,AXISBANK,S,275,2523.41,693937.75
11-22-2025,DELTA_TRADES,CL700674,ITC,S,380,1004.71,381789.8
2025-11-24,OMEGA_BROKING,CL674720,HDFC,S,112,1972.68,220940.16
11-26-2025,ALPHA_SEC,CL014480,HDFC,S,129,1475.67,190361.43
11-22-2025,DELTA_TRADES,CL170938,SBIN,S,6,2559.22,15355.32
11-25-2025,BETA_INVEST,CL083570,SBIN,S,212,2367.03,
11-22-2025,DELTA_TRADES,CL340568,RELIANCE,B,6,1848.54,11091.24
21-Nov-25,OMEGA_BROKING,CL261550,AXISBANK,B,190,818.72,155556.8
2025-11-20,BETA_INVEST,CL124224,ITC,S,22,1162.63,25577.86
24/11/2025,BETA_INVEST,CL427977,RELIANCE,S,298,2257.82,672830.36
21/11/2025,OMEGA_BROKING,CL626444,SBIN,B,220,1694.46,372781.2
2025-11-26,BETA_INVEST,CL662879,TATAMOTORS,B,79,1794.48,141763.92
2025-11-20,DELTA_TRADES,CL231662,RELIANCE,S,224,1344.5,301168.0
25-Nov-25,DELTA_TRADES,CL500304,HDFC,S,36,115.87,4171.32
26/11/2025,DELTA_TRADES,CL334453,TATAMOTORS,S,326,568.34,185278.84
21/11/2025,OMEGA_BROKING,CL962424,AXISBANK,S,286,319.65,116968.55
23-Nov-25,DELTA_TRADES,CL501373,ITC,S,48,1430.19,68649.12
23-Nov-25,DELTA_TRADES,CL811850,AXISBANK,B,273,375.49,102508.77
26-Nov-25,BETA_INVEST,CL932002,TATAMOTORS,S,168,1594.38,267855.84
2025-11-21,DELTA_TRADES,CL295943,ITC,S,278,1314.91,365544.98
11-20-2025,DELTA_TRADES,CL824840,HDFC,B,120,1889.49,226738.8
2025-11-26,OMEGA_BROKING,CL227928,TATAMOTORS,B,96,2426.98,232990.08
24/11/2025,OMEGA_BROKING,CL690577,SBIN,B,102,1296.74,132267.48
2025-11-24,DELTA_TRADES,CL785500,ICICIBANK,B,134,2641.06,353902.04
2025-11-25,OMEGA_BROKING,CL330596,ITC,B,310,1549.31,480286.1
23/11/2025,OMEGA_BROKING,CL994670,KOTAKBANK,S,397,2545.48,1010555.56
2025-11-22,OMEGA_BROKING,CL380091,ITC,B,359,813.43,292021.37
11-25-2025,OMEGA_BROKING,CL016010,ICICIBANK,B,318,2128.29,676796.22
20-Nov-25,ALPHA_SEC,CL414371,LT,B,192,1678.21,322216.32
2025-11-23,OMEGA_BROKING,CL074998,HDFC,B,3,2726.04,8178.12
21-Nov-25,ALPHA_SEC,CL127970,AXISBANK,S,106,626.41,66399.46
25-Nov-25,ALPHA_SEC,CL741981,TATAMOTORS,B,17,2548.56,43325.52
2025-11-24,ALPHA_SEC,CL590112,RELIANCE,S,169,1334.56,225540.64
11-23-2025,ALPHA_SEC,CL544940,TATAMOTORS,B,85,1698.2,144347.0
24/11/2025,BETA_INVEST,CL569751,RELIANCE,S,296,2211.16,654503.36
22/11/2025,DELTA_TRADES,CL381438,LT,B,72,395.84,28500.48
2025-11-23,DELTA_TRADES,CL440886,KOTAKBANK,S,111,2659.53,295207.83
23/11/2025,BETA_INVEST,CL579287,HDFC,S,329,1927.18,634042.22
2025-11-26,BETA_INVEST,CL232133,ITC,S,192,1214.8,233241.6
22-Nov-25,ALPHA_SEC,CL185717,TATAMOTORS,S,67,2354.25,157734.75
20-Nov-25,BETA_INVEST,CL360350,SBIN,B,124,674.31,83614.44
2025-11-23,OMEGA_BROKING,CL765032,TATAMOTORS,B,48,2775.14,133206.72
20/11/2025,OMEGA_BROKING,CL259676,HDFC,S,95,644.48,61225.6
2025-11-20,BETA_INVEST,CL368202,RELIANCE,B,123,2515.53,309410.19
26/11/2025,ALPHA_SEC,CL532939,ICICIBANK,S,223,1292.6,
11-26-2025,DELTA_TRADES,CL758903,ITC,S,137,644.43,88286.91
20/11/2025,OMEGA_BROKING,CL038706,HDFC,S,148,2483.45,367550.6
2025-11-21,BETA_INVEST,CL469541,INFY,B,399,1908.4,761451.6
2025-11-29,BETA_INVEST,CL958218,SBIN,S,388,1129.99,438436.12
11-20-2025,DELTA_TRADES,CL758308,LT,B,212,1374.7,291436.4
11-26-2025,ALPHA_SEC,CL582906,ICICIBANK,B,110,1291.52,142067.2
24-Nov-25,ALPHA_SEC,CL382733,LT,B,56,854.41,47846.96
22-Nov-25,OMEGA_BROKING,CL740139,RELIANCE,B,390,200.77,78300.3
22-Nov-25,BETA_INVEST,CL120566,KOTAKBANK,S,357,2179.63,778127.91
26-Nov-25,ALPHA_SEC,CL797261,SBIN,S,334,1413.08,471968.72
22-Nov-25,DELTA_TRADES,CL990343,INFY,S,292,1162.36,339409.12
2025-11-29,OMEGA_BROKING,CL324975,SBIN,B,125,2144.9,268112.5
11-20-2025,ALPHA_SEC,CL265967,INFY,S,171,902.09,154257.39
22-Nov-25,OMEGA_BROKING,CL510146,HDFC,B,3,196.08,588.24
11-25-2025,DELTA_TRADES,CL412623,RELIANCE,S,222,222.69,49437.18
2025-11-24,OMEGA_BROKING,CL366893,LT,B,313,1820.67,569869.71
26/11/2025,DELTA_TRADES,CL475804,ICICIBANK,B,85,189.3,16090.5
2025-11-25,DELTA_TRADES,CL060506,HDFC,B,68,671.4,45655.2
22/11/2025,BETA_INVEST,CL212419,LT,S,383,2056.7,787716.1
20-Nov-25,OMEGA_BROKING,CL890637,KOTAKBANK,B,79,1479.41,116873.39
2025-11-20,ALPHA_SEC,CL312710,AXISBANK,B,160,448.56,71769.6
23-Nov-25,ALPHA_SEC,CL097248,RELIANCE,B,259,1471.29,381064.11
2025-11-21,DELTA_TRADES,CL793105,LT,B,71,1770.93,125736.03
2025-11-26,ALPHA_SEC,CL987986,ICICIBANK,S,77,1840.62,141727.74
20-Nov-25,DELTA_TRADES,CL319169,TATAMOTORS,B,381,2494.88,950549.28
11-26-2025,ALPHA_SEC,CL661418,RELIANCE,B,9,644.34,5799.06
25-Nov-25,OMEGA_BROKING,CL537552,LT,S,179,1425.85,255227.15
11-22-2025,DELTA_TRADES,CL292540,TATAMOTORS,S,73,2444.99,178484.27
25-Nov-25,OMEGA_BROKING,CL338309,ICICIBANK,S,63,1368.95,86243.85
21-Nov-25,DELTA_TRADES,CL850867,INFY,B,199,1136.24,226111.76
11-22-2025,BETA_INVEST,CL211481,ICICIBANK,B,263,1796.21,472403.23
2025-11-26,DELTA_TRADES,CL767315,AXISBANK,S,83,585.52,48598.16
25-Nov-25,DELTA_TRADES,CL252816,TATAMOTORS,B,82,403.77,33109.14
24-Nov-25,DELTA_TRADES,CL283882,INFY,S,198,697.83,138170.34
2025-11-23,DELTA_TRADES,CL593622,ICICIBANK,B,299,2670.3,798419.7
11-20-2025,BETA_INVEST,CL144429,RELIANCE,B,315,2395.77,754667.55
2025-11-22,DELTA_TRADES,CL768690,AXISBANK,B,130,1760.47,228861.1
2025-11-29,BETA_INVEST,CL496495,KOTAKBANK,B,319,1755.85,560116.15
23-Nov-25,DELTA_TRADES,CL664788,ITC,S,305,805.63,245717.15
2025-11-21,OMEGA_BROKING,CL670792,LT,S,196,750.13,147025.48
2025-11-21,BETA_INVEST,CL961693,AXISBANK,S,279,684.57,190995.03
29/11/2025,ALPHA_SEC,CL615281,AXISBANK,S,87,741.85,64540.95
11-23-2025,OMEGA_BROKING,CL285512,SBIN,B,290,2518.35,730321.5
11-21-2025,BETA_INVEST,CL542202,AXISBANK,B,251,1123.93,282106.43
24/11/2025,DELTA_TRADES,CL829628,LT,B,129,285.03,24809.31
11-22-2025,ALPHA_SEC,CL396138,KOTAKBANK,S,397,126.78,50331.66
21-Nov-25,BETA_INVEST,CL248934,ICICIBANK,S,387,850.6,329182.2
2025-11-24,ALPHA_SEC,CL013998,ICICIBANK,B,14,2385.11,33391.54
24/11/2025,BETA_INVEST,CL430645,ITC,S,398,389.16,154885.68
11-25-2025,ALPHA_SEC,CL250659,ITC,B,78,2641.41,206029.98
24/11/2025,ALPHA_SEC,CL797794,AXISBANK,B,169,399.2,67464.8
2025-11-26,OMEGA_BROKING,CL949109,INFY,B,112,238.12,26669.44
2025-11-21,OMEGA_BROKING,CL412437,ITC,B,300,1013.19,303957.0
2025-11-29,ALPHA_SEC,CL860326,RELIANCE,S,343,2711.88,930174.84
2025-11-24,DELTA_TRADES,CL983639,LT,B,142,1773.74,251871.08
24/11/2025,OMEGA_BROKING,CL953212,ITC,B,323,927.33,299527.59
21/11/2025,BETA_INVEST,CL263869,ITC,S,373,928.29,346252.17
2025-11-22,DELTA_TRADES,CL516902,ITC,B,236,1836.2,433343.2
25/11/2025,DELTA_TRADES,CL457011,INFY,B,234,909.18,212748.12
2025-11-25,OMEGA_BROKING,CL244444,TATAMOTORS,B,45,248.19,11168.55
2025-11-21,ALPHA_SEC,CL469752,ICICIBANK,B,75,285.12,21384.0
2025-11-23,DELTA_TRADES,CL938321,KOTAKBANK,B,109,1618.21,176384.89
22-Nov-25,ALPHA_SEC,CL377476,RELIANCE,B,275,1118.81,307672.75
11-25-2025,DELTA_TRADES,CL333168,LT,B,164,1419.74,232837.36
11-26-2025,OMEGA_BROKING,CL609361,AXISBANK,S,270,2134.61,576344.7
2025-11-26,OMEGA_BROKING,CL088060,TATAMOTORS,B,81,1933.45,156609.45
11-23-2025,ALPHA_SEC,CL994237,INFY,S,251,424.93,106657.43
21-Nov-25,ALPHA_SEC,CL386351,AXISBANK,S,176,1623.07,285660.32
22-Nov-25,OMEGA_BROKING,CL042069,TATAMOTORS,B,300,2509.98,752994.0
2025-11-21,OMEGA_BROKING,CL148480,RELIANCE,S,281,1103.24,310010.44
2025-11-21,OMEGA_BROKING,CL475590,LT,B,263,777.14,204387.82
11-26-2025,ALPHA_SEC,CL771574,HDFC,S,348,959.84,334024.32
2025-11-26,ALPHA_SEC,CL108337,HDFC,B,23,426.47,9808.81
21-Nov-25,BETA_INVEST,CL339655,LT,B,152,2796.22,425025.44
11-26-2025,BETA_INVEST,CL241143,KOTAKBANK,B,295,2172.09,640766.55
11-26-2025,ALPHA_SEC,CL441021,HDFC,S,177,452.33,80062.41
11-26-2025,OMEGA_BROKING,CL161662,TATAMOTORS,B,265,943.27,249966.55
25-Nov-25,BETA_INVEST,CL935733,KOTAKBANK,S,28,1368.85,38327.8
29/11/2025,ALPHA_SEC,CL658733,INFY,S,298,180.45,53774.1
29/11/2025,DELTA_TRADES,CL224302,RELIANCE,B,351,1075.03,377335.53
11-26-2025,DELTA_TRADES,CL941252,AXISBANK,S,242,342.74,82943.08
22-Nov-25,ALPHA_SEC,CL064687,INFY,S,378,1350.06,510322.68
2025-11-20,OMEGA_BROKING,CL684230,TATAMOTORS,S,390,1389.08,541741.2
21/11/2025,ALPHA_SEC,CL858245,LT,S,254,2798.93,710928.22
21-Nov-25,ALPHA_SEC,CL438469,HDFC,S,257,858.69,220683.33
2025-11-25,ALPHA_SEC,CL780761,SBIN,B,116,878.31,101883.96
11-21-2025,OMEGA_BROKING,CL963872,TATAMOTORS,B,290,454.19,131715.1
11-22-2025,DELTA_TRADES,CL227705,ICICIBANK,S,128,1239.79,158693.12
11-24-2025,OMEGA_BROKING,CL204955,ITC,S,194,1339.17,259798.98
21/11/2025,ALPHA_SEC,CL570137,SBIN,B,278,1549.33,430713.74
23/11/2025,BETA_INVEST,CL401232,LT,B,302,1061.09,320449.18
22-Nov-25,BETA_INVEST,CL774546,INFY,S,317,2576.65,816798.05
25/11/2025,ALPHA_SEC,CL751323,KOTAKBANK,B,307,2051.9,629933.3
25/11/2025,BETA_INVEST,CL952388,AXISBANK,B,317,1474.58,467441.86
20-Nov-25,DELTA_TRADES,CL201571,INFY,S,152,1530.63,232655.76
11-22-2025,OMEGA_BROKING,CL419693,ITC,S,213,1181.02,251557.26
24-Nov-25,OMEGA_BROKING,CL968048,TATAMOTORS,B,383,1432.12,548501.96
11-25-2025,DELTA_TRADES,CL855471,ITC,B,341,556.03,189606.23
26-Nov-25,DELTA_TRADES,CL244919,HDFC,B,269,2106.76,566718.44
21/11/2025,DELTA_TRADES,CL152469,RELIANCE,B,42,221.99,9323.58
22/11/2025,DELTA_TRADES,CL933330,LT,B,143,1440.88,206045.84
26-Nov-25,DELTA_TRADES,CL446705,RELIANCE,B,55,512.42,28183.1
21/11/2025,BETA_INVEST,CL918679,RELIANCE,B,103,1705.64,175680.92
11-21-2025,BETA_INVEST,CL637842,ICICIBANK,B,291,2252.45,655462.95
26/11/2025,DELTA_TRADES,CL919365,LT,S,319,847.23,270266.37
2025-11-22,DELTA_TRADES,CL326394,AXISBANK,B,285,2531.83,721571.55
25-Nov-25,OMEGA_BROKING,CL194135,ICICIBANK,S,49,1227.68,60156.32
11-23-2025,ALPHA_SEC,CL222260,HDFC,B,386,1667.34,643593.24
26/11/2025,BETA_INVEST,CL775447,ICICIBANK,S,19,2068.09,39293.71
2025-11-21,DELTA_TRADES,CL240173,AXISBANK,B,164,2773.5,454854.0
20-Nov-25,DELTA_TRADES,CL701667,AXISBANK,B,263,2769.83,728465.29
23-Nov-25,DELTA_TRADES,CL683209,ITC,S,360,2191.75,789030.0
11-26-2025,ALPHA_SEC,CL703521,ICICIBANK,S,165,1259.26,207777.9
2025-11-25,OMEGA_BROKING,CL859248,RELIANCE,S,380,2401.88,912714.4
20-Nov-25,ALPHA_SEC,CL906669,SBIN,B,293,356.12,104343.16
11-20-2025,DELTA_TRADES,CL744057,LT,S,206,1110.8,228824.8
11-20-2025,BETA_INVEST,CL161551,ITC,S,145,1325.06,192133.7
11-22-2025,OMEGA_BROKING,CL918515,LT,B,209,1973.97,412559.73
22-Nov-25,BETA_INVEST,CL575169,LT,S,225,223.79,50352.75
24/11/2025,DELTA_TRADES,CL474927,ITC,S,145,2624.94,380616.3
2025-11-24,BETA_INVEST,CL719438,SBIN,B,58,2176.14,126216.12
23/11/2025,BETA_INVEST,CL180690,INFY,B,94,1444.0,135736.0
21/11/2025,OMEGA_BROKING,CL742761,ICICIBANK,S,157,209.69,32921.33
20-Nov-25,ALPHA_SEC,CL873360,ITC,S,20,1046.55,20931.0
2025-11-21,ALPHA_SEC,CL824176,INFY,S,334,240.06,80180.04
11-22-2025,OMEGA_BROKING,CL892325,TATAMOTORS,B,50,2524.11,126205.5
2025-11-25,DELTA_TRADES,CL884874,LT,B,263,592.46,155816.98
21-Nov-25,BETA_INVEST,CL332860,KOTAKBANK,S,324,229.65,74406.6
2025-11-24,OMEGA_BROKING,CL091332,TATAMOTORS,B,275,997.43,274293.25
24/11/2025,DELTA_TRADES,CL601617,AXISBANK,B,377,2098.13,790995.01
21/11/2025,OMEGA_BROKING,CL512337,INFY,S,365,1267.32,462571.8
2025-11-22,BETA_INVEST,CL882584,HDFC,B,105,353.21,37087.05
22-Nov-25,BETA_INVEST,CL621245,LT,S,105,2442.26,256437.3
2025-11-23,OMEGA_BROKING,CL725993,LT,B,107,1950.7,208724.9
22-Nov-25,DELTA_TRADES,CL341480,HDFC,S,269,982.22,264217.18
23-Nov-25,BETA_INVEST,CL051417,RELIANCE,S,96,196.58,18871.68
11-25-2025,ALPHA_SEC,CL434230,INFY,B,390,2347.33,915458.7
11-20-2025,OMEGA_BROKING,CL522958,ITC,B,308,1790.58,551498.64
25/11/2025,OMEGA_BROKING,CL184744,RELIANCE,S,319,1505.66,480305.54
26-Nov-25,DELTA_TRADES,CL628602,RELIANCE,S,38,1927.74,73254.12
2025-11-24,BETA_INVEST,CL160444,KOTAKBANK,B,115,936.53,107700.95
22/11/2025,ALPHA_SEC,CL983388,SBIN,B,62,492.72,30548.64
11-22-2025,BETA_INVEST,CL464675,SBIN,B,207,1413.24,292540.68
2025-11-23,DELTA_TRADES,CL898677,SBIN,B,111,1694.11,188046.21
26/11/2025,OMEGA_BROKING,CL062581,RELIANCE,B,111,1971.06,218787.66
25/11/2025,BETA_INVEST,CL530269,SBIN,B,121,2763.52,334385.92
25/11/2025,BETA_INVEST,CL144091,INFY,S,83,2450.65,203403.95
2025-11-23,OMEGA_BROKING,CL559029,INFY,B,102,1778.46,181402.92
11-24-2025,ALPHA_SEC,CL717232,KOTAKBANK,B,361,2227.14,803997.54
2025-11-22,DELTA_TRADES,CL619903,HDFC,S,194,907.01,175959.94
11-20-2025,DELTA_TRADES,CL635994,RELIANCE,B,174,179.13,31168.62
2025-11-22,ALPHA_SEC,CL997710,ICICIBANK,B,278,1023.08,284416.24
26-Nov-25,BETA_INVEST,CL000113,ICICIBANK,S,378,1875.79,709048.62
24-Nov-25,DELTA_TRADES,CL353776,ICICIBANK,B,247,1409.44,348131.68
20-Nov-25,DELTA_TRADES,CL266847,AXISBANK,B,103,871.82,89797.46
11-20-2025,OMEGA_BROKING,CL940568,ITC,B,285,1500.68,427693.8
11-22-2025,BETA_INVEST,CL862403,INFY,B,234,1067.59,249816.06
2025-11-21,BETA_INVEST,CL767953,SBIN,S,60,1379.52,82771.2
11-23-2025,BETA_INVEST,CL588885,RELIANCE,S,52,2006.36,104330.72
2025-11-20,DELTA_TRADES,CL031324,HDFC,S,259,2228.15,577090.85
2025-11-26,BETA_INVEST,CL285585,RELIANCE,B,277,268.19,74288.63
21/11/2025,ALPHA_SEC,CL816520,ITC,S,355,1208.45,428999.75
21/11/2025,OMEGA_BROKING,CL308881,LT,B,228,617.75,140847.0
2025-11-21,DELTA_TRADES,CL776161,AXISBANK,B,308,192.98,59437.84
2025-11-25,OMEGA_BROKING,CL828143,AXISBANK,B,49,1753.36,85914.64
21/11/2025,ALPHA_SEC,CL956466,KOTAKBANK,B,126,2598.67,327432.42
21/11/2025,ALPHA_SEC,CL397992,HDFC,S,383,1133.54,434145.82
2025-11-22,OMEGA_BROKING,CL272179,KOTAKBANK,S,192,471.66,90558.72
21/11/2025,ALPHA_SEC,CL936213,TATAMOTORS,S,199,1825.68,363310.32
2025-11-24,OMEGA_BROKING,CL864816,HDFC,S,339,688.83,233513.37
25/11/2025,OMEGA_BROKING,CL713270,INFY,S,358,1272.63,455601.54
21/11/2025,DELTA_TRADES,CL584759,AXISBANK,S,181,1732.45,313573.45
11-23-2025,OMEGA_BROKING,CL984297,KOTAKBANK,S,13,2355.95,30627.35
21/11/2025,BETA_INVEST,CL512647,KOTAKBANK,S,17,1254.93,21333.81
2025-11-21,BETA_INVEST,CL479521,TATAMOTORS,S,99,2730.83,270352.17
11-21-2025,BETA_INVEST,CL302618,AXISBANK,S,65,1366.19,88802.35
2025-11-22,BETA_INVEST,CL168210,TATAMOTORS,B,206,703.72,144966.32
2025-11-22,DELTA_TRADES,CL397704,ICICIBANK,B,281,2542.8,714526.8
2025-11-26,ALPHA_SEC,CL877684,TATAMOTORS,S,105,2397.2,251706.0
23-Nov-25,OMEGA_BROKING,CL290218,LT,B,295,2161.09,637521.55
26/11/2025,BETA_INVEST,CL579007,KOTAKBANK,B,184,1155.3,212575.2
24/11/2025,OMEGA_BROKING,CL953431,SBIN,B,228,2531.36,577150.08
11-20-2025,DELTA_TRADES,CL085760,LT,B,160,2054.87,328779.2
21/11/2025,DELTA_TRADES,CL428620,AXISBANK,S,217,1941.05,421207.85
2025-11-23,DELTA_TRADES,CL909987,INFY,B,43,2500.77,107533.11
2025-11-20,BETA_INVEST,CL805184,KOTAKBANK,B,381,779.7,297065.7
21-Nov-25,OMEGA_BROKING,CL266180,ITC,B,336,161.44,54243.84
20-Nov-25,BETA_INVEST,CL294200,TATAMOTORS,S,166,257.33,42716.78
11-24-2025,BETA_INVEST,CL555011,HDFC,B,219,873.85,191373.15
26-Nov-25,OMEGA_BROKING,CL851205,HDFC,S,229,1889.11,432606.19
22-Nov-25,BETA_INVEST,CL135887,RELIANCE,B,275,207.94,57183.5
2025-11-21,DELTA_TRADES,CL493660,KOTAKBANK,B,158,1027.89,162406.62
11-22-2025,ALPHA_SEC,CL454276,ICICIBANK,B,340,673.4,228956.0
11-24-2025,OMEGA_BROKING,CL564183,LT,S,113,2662.63,300877.19
20/11/2025,OMEGA_BROKING,CL322893,TATAMOTORS,S,263,903.41,237596.83
21-Nov-25,OMEGA_BROKING,CL158276,HDFC,B,41,997.1,33254.22
23-Nov-25,OMEGA_BROKING,CL323777,HDFC,S,216,986.55,213094.8
2025-11-26,DELTA_TRADES,CL099461,RELIANCE,B,194,2778.6,539048.4
23-Nov-25,OMEGA_BROKING,CL123975,INFY,B,294,1376.7,404749.8
11-25-2025,DELTA_TRADES,CL020926,RELIANCE,B,117,1595.81,186709.77
11-20-2025,BETA_INVEST,CL065223,LT,S,42,2745.24,115300.08
2025-11-24,OMEGA_BROKING,CL426579,RELIANCE,B,286,1197.55,342499.3
29/11/2025,ALPHA_SEC,CL535644,SBIN,B,4,2445.47,9781.88
25-Nov-25,BETA_INVEST,CL468354,KOTAKBANK,S,95,580.92,55187.4
23-Nov-25,OMEGA_BROKING,CL283085,LT,B,120,488.1,58572.0
2025-11-25,ALPHA_SEC,CL496996,RELIANCE,S,243,1581.06,496513.16
25-Nov-25,OMEGA_BROKING,CL248456,AXISBANK,B,324,616.36,199700.64
23/11/2025,DELTA_TRADES,CL873979,RELIANCE,S,105,1329.7,139618.5
2025-11-20,ALPHA_SEC,CL127293,INFY,S,392,1650.35,646937.2
20/11/2025,DELTA_TRADES,CL281385,INFY,S,125,2134.35,266793.75
2025-11-26,ALPHA_SEC,CL804739,AXISBANK,B,29,939.41,27242.89
11-26-2025,OMEGA_BROKING,CL751564,SBIN,B,216,2324.18,502022.88
11-26-2025,ALPHA_SEC,CL027455,HDFC,B,196,387.21,75893.16
26/11/2025,OMEGA_BROKING,CL167209,LT,S,210,1117.7,234717.0
11-26-2025,OMEGA_BROKING,CL637385,TATAMOTORS,B,172,273.16,46983.52
21/11/2025,BETA_INVEST,CL739372,INFY,S,210,1778.1,373401.0
2025-11-22,BETA_INVEST,CL234781,TATAMOTORS,S,400,717.83,287132.0
21-Nov-25,DELTA_TRADES,CL638496,INFY,B,215,1737.86,373639.9
11-23-2025,BETA_INVEST,CL383573,KOTAKBANK,B,296,2613.86,773702.56
25-Nov-25,BETA_INVEST,CL664720,HDFC,B,319,1450.54,462722.26
2025-11-21,DELTA_TRADES,CL252564,SBIN,B,162,1580.66,256066.92
2025-11-23,BETA_INVEST,CL239895,RELIANCE,S,12,890.86,10690.32
26-Nov-25,BETA_INVEST,CL886937,ICICIBANK,S,170,286.58,48718.6
2025-11-21,BETA_INVEST,CL080433,TATAMOTORS,S,187,312.24,58388.88
21/11/2025,DELTA_TRADES,CL320140,ITC,B,35,636.06,22262.1
21-Nov-25,ALPHA_SEC,CL757424,RELIANCE,S,36,174.49,6281.64
11-24-2025,DELTA_TRADES,CL392113,RELIANCE,S,11,966.03,10626.33
2025-11-21,BETA_INVEST,CL152813,LT,B,231,570.96,131891.76
11-26-2025,ALPHA_SEC,CL667024,ITC,B,133,1327.66,176578.78
24/11/2025,BETA_INVEST,CL553841,AXISBANK,S,91,100.82,9174.62
25-Nov-25,BETA_INVEST,CL052517,AXISBANK,S,217,499.76,108447.92
11-26-2025,OMEGA_BROKING,CL319512,LT,S,70,2792.64,195484.8
11-22-2025,OMEGA_BROKING,CL353645,ICICIBANK,B,324,246.44,79846.56
24-Nov-25,BETA_INVEST,CL492957,ITC,S,351,1269.84,445713.84
11-21-2025,DELTA_TRADES,CL055132,RELIANCE,B,264,1083.26,285980.64
23/11/2025,BETA_INVEST,CL562449,AXISBANK,B,276,275.12,75933.12
2025-11-23,DELTA_TRADES,CL601043,LT,B,117,767.21,86067.25
20/11/2025,DELTA_TRADES,CL016220,AXISBANK,S,10,1555.66,15556.6
22/11/2025,BETA_INVEST,CL957517,AXISBANK,B,17,1790.32,30435.44
24/11/2025,OMEGA_BROKING,CL606509,RELIANCE,B,255,1149.87,365558.47
2025-11-24,ALPHA_SEC,CL131126,INFY,S,127,1010.39,128319.53
26/11/2025,ALPHA_SEC,CL452042,HDFC,S,330,737.83,243483.9
26/11/2025,ALPHA_SEC,CL539904,ITC,S,199,256.59,51061.41
11-23-2025,ALPHA_SEC,CL909957,HDFC,B,192,2256.21,
25-Nov-25,DELTA_TRADES,CL074404,KOTAKBANK,B,307,517.37,158832.59
24/11/2025,DELTA_TRADES,CL670980,AXISBANK,S,272,1320.71,359233.12
22/11/2025,OMEGA_BROKING,CL446499,KOTAKBANK,S,241,1786.73,430601.93
20-Nov-25,ALPHA_SEC,CL201589,AXISBANK,B,253,1367.53,345985.09
11-21-2025,OMEGA_BROKING,CL128305,HDFC,B,180,2553.22,459579.6
11-22-2025,DELTA_TRADES,CL477463,INFY,S,339,1832.68,621278.52
2025-11-25,BETA_INVEST,CL645004,TATAMOTORS,B,62,1718.61,106553.82
22-Nov-25,DELTA_TRADES,CL654584,RELIANCE,B,150,279.71,41956.5
2025-11-26,OMEGA_BROKING,CL344356,LT,B,391,1937.13,757417.83
2025-11-24,OMEGA_BROKING,CL945142,INFY,B,388,2796.04,1084863.52
23-Nov-25,OMEGA_BROKING,CL083279,RELIANCE,B,15,1088.11,16321.65
11-22-2025,BETA_INVEST,CL901785,ICICIBANK,B,189,2066.99,390661.11
22/11/2025,ALPHA_SEC,CL702123,ITC,B,135,1865.79,251881.65
21/11/2025,OMEGA_BROKING,CL848267,HDFC,S,227,915.75,207875.25
23-Nov-25,DELTA_TRADES,CL404768,AXISBANK,S,91,136.61,12431.51
22-Nov-25,BETA_INVEST,CL007232,INFY,B,53,1244.41,65953.73
11-20-2025,OMEGA_BROKING,CL989132,LT,S,64,273.46,17501.44
23-Nov-25,ALPHA_SEC,CL980551,TATAMOTORS,S,303,1519.63,460447.89
11-29-2025,BETA_INVEST,CL004657,SBIN,S,179,1458.71,261109.09
11-26-2025,ALPHA_SEC,CL623680,INFY,B,184,2641.49,486034.16
2025-11-26,ALPHA_SEC,CL664168,LT,S,197,1682.67,331485.99
2025-11-21,OMEGA_BROKING,CL943874,KOTAKBANK,B,153,2183.24,334035.72
11-20-2025,BETA_INVEST,CL254631,INFY,B,261,987.82,257821.02
2025-11-20,BETA_INVEST,CL885507,ITC,S,205,655.32,134340.6
11-20-2025,DELTA_TRADES,CL973367,RELIANCE,S,124,2057.42,255120.08
22-Nov-25,ALPHA_SEC,CL648114,LT,S,115,879.56,101149.4
24-Nov-25,BETA_INVEST,CL610559,HDFC,B,235,737.75,134031.33
11-26-2025,DELTA_TRADES,CL926883,ITC,S,19,861.29,16364.51
24/11/2025,DELTA_TRADES,CL737778,ICICIBANK,S,117,1134.37,132721.29
11-20-2025,DELTA_TRADES,CL934943,AXISBANK,S,213,2756.56,587147.28
11-20-2025,BETA_INVEST,CL308060,ITC,S,101,685.26,69211.26
22/11/2025,ALPHA_SEC,CL551325,KOTAKBANK,B,343,2537.31,870297.33
24-Nov-25,OMEGA_BROKING,CL902420,ITC,S,228,462.22,105386.16
26/11/2025,BETA_INVEST,CL073426,ICICIBANK,S,157,306.25,48081.25
11-24-2025,ALPHA_SEC,CL483477,AXISBANK,B,366,415.77,152171.82
11-23-2025,DELTA_TRADES,CL760409,HDFC,S,220,1821.9,400818.0
2025-11-20,DELTA_TRADES,CL701788,INFY,S,87,174.13,15149.31
23/11/2025,OMEGA_BROKING,CL020698,KOTAKBANK,S,396,1107.34,438506.64
21/11/2025,DELTA_TRADES,CL911018,KOTAKBANK,S,173,816.26,141212.98
11-23-2025,OMEGA_BROKING,CL743685,HDFC,B,292,2261.95,660489.4
2025-11-24,DELTA_TRADES,CL409622,HDFC,B,319,1048.3,334407.7
26/11/2025,ALPHA_SEC,CL571586,TATAMOTORS,S,38,1209.55,45962.9
23-Nov-25,DELTA_TRADES,CL314488,ICICIBANK,S,212,375.17,79536.04
11-23-2025,DELTA_TRADES,CL774010,INFY,S,217,2175.48,472079.16
2025-11-21,ALPHA_SEC,CL210457,SBIN,S,357,1615.93,576887.01
2025-11-23,DELTA_TRADES,CL104401,TATAMOTORS,S,232,2724.49,632081.68
26/11/2025,OMEGA_BROKING,CL222403,KOTAKBANK,B,207,1451.46,300452.22
29/11/2025,DELTA_TRADES,CL875879,SBIN,S,215,1679.45,361081.75
21-Nov-25,BETA_INVEST,CL803684,HDFC,B,389,939.77,365570.53
11-23-2025,DELTA_TRADES,CL628000,ITC,S,326,2302.3,750549.8
11-23-2025,BETA_INVEST,CL817600,KOTAKBANK,B,289,2742.25,792510.25
11-22-2025,BETA_INVEST,CL234592,INFY,S,396,2515.8,996256.8
21/11/2025,ALPHA_SEC,CL725306,SBIN,B,309,2769.14,855664.26
11-24-2025,BETA_INVEST,CL561461,HDFC,S,245,1940.58,475442.1
25/11/2025,BETA_INVEST,CL296093,AXISBANK,B,95,1402.86,133271.7
20/11/2025,BETA_INVEST,CL372856,KOTAKBANK,S,53,390.21,20681.13
2025-11-24,DELTA_TRADES,CL492648,AXISBANK,S,372,1915.51,712569.72
11-25-2025,ALPHA_SEC,CL741145,RELIANCE,B,216,2722.31,588018.96
21/11/2025,BETA_INVEST,CL211738,ITC,S,216,381.9,82490.4
21-Nov-25,OMEGA_BROKING,CL958288,ICICIBANK,S,350,899.86,
22-Nov-25,ALPHA_SEC,CL031804,ICICIBANK,B,171,2026.91,346601.61
20/11/2025,BETA_INVEST,CL348065,TATAMOTORS,S,207,790.48,163629.36
24/11/2025,DELTA_TRADES,CL537210,KOTAKBANK,B,274,1973.78,540815.72
22/11/2025,OMEGA_BROKING,CL577276,SBIN,S,366,597.34,218626.44
11-22-2025,DELTA_TRADES,CL297475,SBIN,S,86,1962.11,168741.46
21/11/2025,BETA_INVEST,CL117546,LT,B,289,1663.53,480760.17
11-21-2025,ALPHA_SEC,CL137477,LT,S,142,2395.58,340172.36
11-23-2025,DELTA_TRADES,CL367862,KOTAKBANK,B,383,2698.77,1033628.91
24-Nov-25,DELTA_TRADES,CL481096,RELIANCE,S,365,602.39,219872.35
22-Nov-25,DELTA_TRADES,CL735097,RELIANCE,S,198,822.19,162793.62
2025-11-24,ALPHA_SEC,CL180359,TATAMOTORS,B,179,2570.16,460058.64
11-26-2025,OMEGA_BROKING,CL289240,HDFC,S,285,268.69,76576.65
2025-11-25,BETA_INVEST,CL605406,INFY,S,175,1919.88,335979.0
2025-11-21,DELTA_TRADES,CL385145,TATAMOTORS,S,90,1654.53,148907.7
2025-11-21,DELTA_TRADES,CL539171,INFY,B,309,2391.09,738846.81
26/11/2025,OMEGA_BROKING,CL499529,RELIANCE,S,353,1974.14,696871.42
20-Nov-25,OMEGA_BROKING,CL772751,SBIN,S,382,1262.79,482385.78
23-Nov-25,ALPHA_SEC,CL046636,RELIANCE,B,392,2661.87,1043453.04
23/11/2025,ALPHA_SEC,CL182586,KOTAKBANK,S,160,1570.42,251267.2
24-Nov-25,DELTA_TRADES,CL310424,SBIN,B,219,101.25,22173.75
2025-11-21,BETA_INVEST,CL008449,TATAMOTORS,S,281,2381.66,580286.47
11-24-2025,DELTA_TRADES,CL121154,SBIN,S,191,2764.71,528059.61
2025-11-29,DELTA_TRADES,CL666154,INFY,B,356,2530.75,900947.0
2025-11-24,BETA_INVEST,CL002727,TATAMOTORS,S,224,872.76,195498.24
11-24-2025,OMEGA_BROKING,CL709058,RELIANCE,S,243,2143.48,520865.64
20-Nov-25,DELTA_TRADES,CL423750,ICICIBANK,B,396,345.16,136683.36
23/11/2025,OMEGA_BROKING,CL059286,KOTAKBANK,S,183,2207.1,403899.3
2025-11-29,DELTA_TRADES,CL814050,LT,B,193,2483.77,479367.61
23/11/2025,ALPHA_SEC,CL801183,LT,B,94,1283.65,120663.1
21-Nov-25,ALPHA_SEC,CL720344,TATAMOTORS,B,332,1562.52,
25-Nov-25,ALPHA_SEC,CL114111,ICICIBANK,S,144,2787.95,401464.8
11-23-2025,DELTA_TRADES,CL147142,AXISBANK,S,136,2224.72,302561.92
11-20-2025,OMEGA_BROKING,CL079362,RELIANCE,S,117,479.13,56058.21
24/11/2025,DELTA_TRADES,CL587304,ITC,B,360,2118.45,762642.0
20/11/2025,DELTA_TRADES,CL392001,LT,S,100,1235.99,123599.0
22/11/2025,ALPHA_SEC,CL609276,KOTAKBANK,B,188,277.94,52252.72
23-Nov-25,ALPHA_SEC,CL034980,ITC,S,328,516.79,169507.12
26-Nov-25,ALPHA_SEC,CL520210,SBIN,S,59,302.74,17861.66
21/11/2025,OMEGA_BROKING,CL535653,RELIANCE,S,224,396.06,104746.14
26-Nov-25,BETA_INVEST,CL596879,RELIANCE,B,8,1525.42,12203.36
20-Nov-25,ALPHA_SEC,CL104933,RELIANCE,S,25,2304.33,57608.25
2025-11-23,OMEGA_BROKING,CL568869,TATAMOTORS,B,195,2081.47,405886.65
25-Nov-25,ALPHA_SEC,CL184691,TATAMOTORS,S,290,640.0,185600.0
11-23-2025,BETA_INVEST,CL745602,HDFC,B,79,2597.93,205236.47
11-22-2025,ALPHA_SEC,CL999018,LT,S,242,188.59,45638.78
2025-11-20,ALPHA_SEC,CL133121,ICICIBANK,B,114,1731.25,197362.5
23-Nov-25,ALPHA_SEC,CL336448,HDFC,S,369,1971.28,727402.32
11-20-2025,OMEGA_BROKING,CL993499,HDFC,B,131,594.03,77817.93
2025-11-24,DELTA_TRADES,CL012522,AXISBANK,S,279,1687.25,470742.75
25/11/2025,ALPHA_SEC,CL637191,LT,S,254,690.88,175483.52
23-Nov-25,BETA_INVEST,CL355784,ICICIBANK,S,312,1867.69,
25/11/2025,BETA_INVEST,CL310944,KOTAKBANK,S,211,1670.41,352456.51
2025-11-23,ALPHA_SEC,CL908294,LT,S,180,381.92,77425.96
2025-11-22,OMEGA_BROKING,CL408606,INFY,B,289,2614.04,755457.56
11-20-2025,BETA_INVEST,CL768048,SBIN,S,163,2600.62,423901.06
23-Nov-25,DELTA_TRADES,CL254218,HDFC,S,180,1892.06,340570.8
21/11/2025,DELTA_TRADES,CL269708,ITC,B,275,2185.88,601117.0
11-21-2025,DELTA_TRADES,CL019591,LT,B,303,1408.04,426636.12
11-29-2025,DELTA_TRADES,CL015893,SBIN,B,22,1194.98,26289.56
11-20-2025,ALPHA_SEC,CL847619,INFY,B,220,1343.4,295548.0
2025-11-25,DELTA_TRADES,CL145891,INFY,B,199,2427.14,483000.86
11-21-2025,ALPHA_SEC,CL888278,LT,B,272,2126.58,
11-22-2025,OMEGA_BROKING,CL578623,AXISBANK,B,209,2312.35,483281.15
2025-11-22,OMEGA_BROKING,CL233705,ITC,B,384,1916.46,735920.64
21-Nov-25,OMEGA_BROKING,CL765989,LT,S,363,1986.49,721095.87
2025-11-21,OMEGA_BROKING,CL220348,SBIN,S,203,1309.3,265787.9
25-Nov-25,ALPHA_SEC,CL915416,LT,B,174,2644.19,460089.06
2025-11-22,OMEGA_BROKING,CL214706,KOTAKBANK,B,267,1052.66,281060.22
2025-11-24,BETA_INVEST,CL220691,INFY,B,200,475.33,95066.0
26-Nov-25,ALPHA_SEC,CL369047,HDFC,S,244,1939.6,473262.4
11-26-2025,ALPHA_SEC,CL175954,HDFC,B,205,1274.04,261178.2
11-24-2025,DELTA_TRADES,CL593990,RELIANCE,B,104,335.86,34929.44
20/11/2025,OMEGA_BROKING,CL712070,INFY,S,353,157.33,55537.49
2025-11-23,ALPHA_SEC,CL522771,ITC,B,268,1734.78,464921.04
22/11/2025,DELTA_TRADES,CL633508,RELIANCE,B,389,1633.41,635396.49
11-22-2025,DELTA_TRADES,CL439494,TATAMOTORS,S,217,2190.99,601599.51
2025-11-24,DELTA_TRADES,CL301851,AXISBANK,S,201,1401.89,281779.89
2025-11-20,BETA_INVEST,CL400073,LT,S,335,945.33,316685.55
2025-11-24,BETA_INVEST,CL705862,HDFC,B,135,104.41,14095.35
20-Nov-25,DELTA_TRADES,CL118122,TATAMOTORS,B,343,997.15,342022.45
2025-11-20,BETA_INVEST,CL076970,HDFC,B,149,1754.61,261436.89
22/11/2025,DELTA_TRADES,CL142344,KOTAKBANK,B,164,901.16,147790.24
2025-11-20,DELTA_TRADES,CL103880,SBIN,B,206,2630.18,541817.08
21/11/2025,ALPHA_SEC,CL540514,RELIANCE,S,157,1342.02,210697.14
23/11/2025,BETA_INVEST,CL140630,ITC,B,297,2353.23,698909.31
11-24-2025,BETA_INVEST,CL799074,HDFC,B,384,2136.37,820366.08
20/11/2025,OMEGA_BROKING,CL519113,TATAMOTORS,B,56,298.03,16689.68
2025-11-26,OMEGA_BROKING,CL196136,LT,S,58,150.91,8752.78
2025-11-21,DELTA_TRADES,CL724611,KOTAKBANK,S,282,528.19,148949.58
11-29-2025,BETA_INVEST,CL432767,ICICIBANK,S,134,804.63,107820.42
29/11/2025,DELTA_TRADES,CL003449,ICICIBANK,B,29,1520.14,44084.06
11-22-2025,BETA_INVEST,CL026076,SBIN,B,263,1960.02,515485.26
23-Nov-25,DELTA_TRADES,CL963403,LT,B,261,2632.81,687163.41
20-Nov-25,OMEGA_BROKING,CL956869,AXISBANK,B,318,640.91,203809.38
25/11/2025,BETA_INVEST,CL524126,AXISBANK,B,214,709.69,151873.66
11-21-2025,OMEGA_BROKING,CL983915,AXISBANK,B,105,1309.26,137472.3
25-Nov-25,OMEGA_BROKING,CL018229,INFY,B,1,2786.38,2786.38
11-22-2025,OMEGA_BROKING,CL448322,ITC,B,251,1526.53,383159.03
11-26-2025,DELTA_TRADES,CL284204,RELIANCE,B,271,540.28,146415.88
11-26-2025,ALPHA_SEC,CL575891,KOTAKBANK,B,160,986.66,157865.6
24/11/2025,OMEGA_BROKING,CL725477,HDFC,S,236,1438.64,339519.04
11-24-2025,BETA_INVEST,CL912282,AXISBANK,S,341,388.13,132352.33
25-Nov-25,ALPHA_SEC,CL298885,AXISBANK,S,126,389.21,49040.46
24-Nov-25,OMEGA_BROKING,CL646287,KOTAKBANK,S,112,1840.32,206115.84
25/11/2025,OMEGA_BROKING,CL569572,AXISBANK,B,213,1368.52,291494.76
26-Nov-25,ALPHA_SEC,CL611594,AXISBANK,B,334,1694.56,565983.04
2025-11-22,DELTA_TRADES,CL246711,TATAMOTORS,S,109,1385.48,151017.32
21-Nov-25,ALPHA_SEC,CL058345,LT,B,313,2729.95,854474.35
11-23-2025,BETA_INVEST,CL522031,HDFC,S,34,1900.08,64602.72
24/11/2025,OMEGA_BROKING,CL616186,TATAMOTORS,S,241,1937.14,466850.74
2025-11-26,BETA_INVEST,CL059884,AXISBANK,S,225,1814.68,408303.0
11-23-2025,DELTA_TRADES,CL010412,ITC,B,215,946.84,203570.6
25-Nov-25,BETA_INVEST,CL937782,AXISBANK,B,202,332.9,67245.8
11-26-2025,DELTA_TRADES,CL997102,ICICIBANK,B,309,1639.17,506503.53
2025-11-23,OMEGA_BROKING,CL576563,TATAMOTORS,S,132,114.1,15061.2
2025-11-21,DELTA_TRADES,CL580489,INFY,S,334,1213.6,405342.4
11-23-2025,BETA_INVEST,CL347126,SBIN,S,227,2341.82,531593.14
20/11/2025,OMEGA_BROKING,CL304446,ICICIBANK,B,275,1243.67,342009.25
21/11/2025,BETA_INVEST,CL823132,INFY,B,35,131.18,4591.3
22-Nov-25,OMEGA_BROKING,CL659918,INFY,B,280,1160.17,324847.6
22-Nov-25,ALPHA_SEC,CL137674,TATAMOTORS,S,83,877.87,72863.21
11-23-2025,DELTA_TRADES,CL387593,HDFC,S,11,1163.05,12793.55
20-Nov-25,ALPHA_SEC,CL609992,KOTAKBANK,S,165,1831.6,302214.0
11-22-2025,ALPHA_SEC,CL670611,KOTAKBANK,B,211,225.0,47475.0
2025-11-24,DELTA_TRADES,CL035528,LT,B,265,489.67,129762.55
24/11/2025,ALPHA_SEC,CL191238,LT,B,174,141.54,24627.96
11-23-2025,ALPHA_SEC,CL364587,AXISBANK,B,265,480.01,127202.65
11-26-2025,OMEGA_BROKING,CL119424,KOTAKBANK,B,173,1883.84,325904.32
11-26-2025,DELTA_TRADES,CL662905,SBIN,S,297,1485.73,441261.81
23-Nov-25,BETA_INVEST,CL603211,TATAMOTORS,B,368,1505.36,553972.48
11-20-2025,DELTA_TRADES,CL326061,LT,B,233,1789.07,416853.31
2025-11-23,OMEGA_BROKING,CL618486,INFY,B,381,2761.95,1052302.95
2025-11-23,BETA_INVEST,CL492722,LT,B,124,2199.97,272796.28
21-Nov-25,BETA_INVEST,CL362031,KOTAKBANK,S,163,478.86,78054.18
20/11/2025,ALPHA_SEC,CL943520,ITC,S,311,1466.29,456016.19
26/11/2025,DELTA_TRADES,CL671097,AXISBANK,B,102,1091.0,111282.0
22-Nov-25,DELTA_TRADES,CL260509,KOTAKBANK,B,372,590.0,219480.0
2025-11-21,BETA_INVEST,CL787396,ITC,B,28,364.11,10195.08
2025-11-23,BETA_INVEST,CL255453,LT,S,303,2695.69,816794.07
2025-11-24,DELTA_TRADES,CL766956,HDFC,S,351,1418.82,498005.82
25/11/2025,BETA_INVEST,CL516025,SBIN,B,238,2601.17,619078.46
26/11/2025,OMEGA_BROKING,CL837271,KOTAKBANK,B,96,2285.98,219454.08
11-24-2025,ALPHA_SEC,CL663863,ICICIBANK,B,40,1239.01,49560.4
22/11/2025,DELTA_TRADES,CL047331,HDFC,S,97,629.27,61039.19
20-Nov-25,OMEGA_BROKING,CL647038,RELIANCE,B,209,1709.2,357222.8
11-26-2025,BETA_INVEST,CL982681,ICICIBANK,B,156,1518.87,236943.72
2025-11-26,DELTA_TRADES,CL454643,HDFC,S,374,2396.52,896298.48
20-Nov-25,OMEGA_BROKING,CL711341,TATAMOTORS,B,41,1463.68,60010.88
11-20-2025,ALPHA_SEC,CL150809,SBIN,B,400,1777.1,710840.0
22-Nov-25,DELTA_TRADES,CL156725,SBIN,B,110,2426.7,266937.0
11-25-2025,BETA_INVEST,CL519533,TATAMOTORS,S,292,1627.95,475361.4
24-Nov-25,BETA_INVEST,CL284308,LT,B,154,2121.87,326767.98
2025-11-21,OMEGA_BROKING,CL436921,INFY,S,124,2235.73,277230.52
22-Nov-25,DELTA_TRADES,CL746884,KOTAKBANK,B,385,2475.43,953040.55
2025-11-26,DELTA_TRADES,CL525772,KOTAKBANK,B,211,2489.69,525324.59
2025-11-23,DELTA_TRADES,CL685295,RELIANCE,S,356,219.44,78120.64
11-23-2025,ALPHA_SEC,CL170608,LT,B,196,1535.42,300942.32
11-26-2025,OMEGA_BROKING,CL066607,INFY,B,151,2713.24,409699.24
2025-11-24,DELTA_TRADES,CL081065,ICICIBANK,S,294,977.8,287473.2
11-23-2025,DELTA_TRADES,CL856020,SBIN,S,133,109.75,14596.75
2025-11-29,ALPHA_SEC,CL253055,ITC,S,19,1354.97,25744.43
11-20-2025,DELTA_TRADES,CL055428,AXISBANK,S,154,2108.47,324704.38
23/11/2025,DELTA_TRADES,CL316144,ITC,S,102,874.75,
20/11/2025,DELTA_TRADES,CL492643,RELIANCE,S,334,922.95,308265.3
2025-11-22,DELTA_TRADES,CL235752,SBIN,S,199,903.27,179750.73
23/11/2025,OMEGA_BROKING,CL966784,ITC,S,125,990.25,123781.25
21-Nov-25,OMEGA_BROKING,CL360854,ITC,B,255,2565.04,654085.2
11-23-2025,ALPHA_SEC,CL983878,RELIANCE,S,38,1059.92,40276.96
24-Nov-25,ALPHA_SEC,CL765868,INFY,B,399,1724.94,688251.06
21/11/2025,ALPHA_SEC,CL898980,ITC,B,185,240.73,44535.05
23-Nov-25,DELTA_TRADES,CL852016,LT,S,174,1959.16,340893.84
21/11/2025,ALPHA_SEC,CL791597,INFY,B,126,1719.88,216704.88
26-Nov-25,DELTA_TRADES,CL423844,ICICIBANK,S,197,1795.83,353778.51
2025-11-22,ALPHA_SEC,CL318248,AXISBANK,S,158,2476.99,391364.42
23-Nov-25,DELTA_TRADES,CL615306,INFY,S,148,466.13,68987.24
11-23-2025,DELTA_TRADES,CL953247,RELIANCE,S,237,623.65,147805.05
2025-11-25,BETA_INVEST,CL338448,AXISBANK,S,286,849.15,242856.9
23/11/2025,BETA_INVEST,CL430126,ICICIBANK,B,397,1727.14,685674.58
11-20-2025,BETA_INVEST,CL522404,HDFC,B,84,2380.25,199941.0
2025-11-26,DELTA_TRADES,CL304618,INFY,S,19,1680.78,31934.82
22/11/2025,ALPHA_SEC,CL694460,AXISBANK,B,340,1581.24,537621.6
11-24-2025,DELTA_TRADES,CL651023,RELIANCE,S,325,430.57,139935.25
21-Nov-25,ALPHA_SEC,CL799605,INFY,B,239,1352.77,323312.03
11-29-2025,BETA_INVEST,CL644233,INFY,B,27,1983.5,53554.5
20-Nov-25,BETA_INVEST,CL667980,ICICIBANK,S,84,670.14,56291.76
22/11/2025,DELTA_TRADES,CL763615,SBIN,B,68,572.17,38907.56
23/11/2025,BETA_INVEST,CL327517,HDFC,B,378,575.9,217690.2
24-Nov-25,BETA_INVEST,CL112372,ICICIBANK,S,35,176.0,6160.0
20-Nov-25,OMEGA_BROKING,CL282166,ICICIBANK,S,379,1603.64,514550.03
23/11/2025,DELTA_TRADES,CL541470,AXISBANK,S,203,820.1,166480.3
25/11/2025,OMEGA_BROKING,CL173010,ICICIBANK,S,165,608.87,100463.55
23-Nov-25,OMEGA_BROKING,CL062551,ITC,B,288,656.6,189100.8
21-Nov-25,BETA_INVEST,CL584987,AXISBANK,S,151,508.27,76748.77
2025-11-20,DELTA_TRADES,CL788790,HDFC,B,222,2592.19,575466.18
11-25-2025,DELTA_TRADES,CL166810,SBIN,S,360,2660.21,957675.6
20/11/2025,BETA_INVEST,CL441975,LT,S,125,1379.92,172490.0
2025-11-22,OMEGA_BROKING,CL676952,ITC,B,385,533.62,205443.7
11-26-2025,ALPHA_SEC,CL918241,AXISBANK,S,323,2758.55,891011.65
11-24-2025,BETA_INVEST,CL173211,ITC,S,282,1264.01,356450.82
20-Nov-25,ALPHA_SEC,CL942868,INFY,S,274,205.08,56191.92
25/11/2025,DELTA_TRADES,CL737475,LT,B,230,1279.74,294340.2
20/11/2025,DELTA_TRADES,CL619788,INFY,S,255,1972.43,502969.65
2025-11-22,DELTA_TRADES,CL432979,ITC,B,387,1975.42,764487.54
2025-11-24,ALPHA_SEC,CL156213,RELIANCE,B,370,766.15,283475.5
11-22-2025,DELTA_TRADES,CL122034,HDFC,S,211,348.26,73482.86
20/11/2025,OMEGA_BROKING,CL394847,HDFC,B,222,1187.86,263704.92
11-22-2025,OMEGA_BROKING,CL975894,ITC,B,298,669.05,199376.9
26/11/2025,DELTA_TRADES,CL476536,LT,B,14,217.3,3042.2
11-21-2025,DELTA_TRADES,CL942444,AXISBANK,S,337,1020.68,343969.16
26/11/2025,ALPHA_SEC,CL333630,INFY,B,122,898.17,109576.74
11-26-2025,ALPHA_SEC,CL471146,SBIN,S,108,233.35,25201.8
2025-11-21,BETA_INVEST,CL969320,LT,B,391,2799.71,1094686.61
2025-11-23,DELTA_TRADES,CL127086,ICICIBANK,S,391,790.61,309128.51
25/11/2025,OMEGA_BROKING,CL265529,ICICIBANK,B,399,1352.8,539767.2
11-25-2025,OMEGA_BROKING,CL627047,TATAMOTORS,S,189,2506.64,473754.96
23-Nov-25,BETA_INVEST,CL995804,RELIANCE,B,12,705.53,8466.36
25-Nov-25,BETA_INVEST,CL487811,TATAMOTORS,B,43,2530.96,108831.28
24-Nov-25,OMEGA_BROKING,CL450474,HDFC,S,230,1270.51,292217.3
11-20-2025,BETA_INVEST,CL282190,TATAMOTORS,B,87,159.64,13888.68
26/11/2025,ALPHA_SEC,CL251634,ICICIBANK,S,180,2119.22,
11-22-2025,OMEGA_BROKING,CL531676,HDFC,B,353,2252.05,794973.65
11-20-2025,OMEGA_BROKING,CL644536,ITC,B,281,1558.79,438019.99
2025-11-23,OMEGA_BROKING,CL414700,TATAMOTORS,B,116,1792.18,207892.88
23-Nov-25,DELTA_TRADES,CL129675,AXISBANK,S,375,1335.66,500872.5
2025-11-26,ALPHA_SEC,CL515111,KOTAKBANK,B,233,2611.61,
11-26-2025,BETA_INVEST,CL310300,ITC,B,385,2213.63,852247.55
2025-11-29,OMEGA_BROKING,CL936842,KOTAKBANK,B,62,2513.32,155825.84
11-23-2025,DELTA_TRADES,CL768110,KOTAKBANK,B,197,1839.6,362401.2
26/11/2025,ALPHA_SEC,CL131425,AXISBANK,S,349,1080.69,346802.85
24-Nov-25,OMEGA_BROKING,CL449667,LT,S,312,2531.26,789753.12
24/11/2025,BETA_INVEST,CL200186,ITC,B,276,1656.37,457158.12
26-Nov-25,ALPHA_SEC,CL404822,ITC,B,6,2632.64,15795.84
2025-11-25,DELTA_TRADES,CL280446,HDFC,B,163,1186.28,193363.64
25/11/2025,ALPHA_SEC,CL970394,ITC,S,294,1024.77,301282.38
2025-11-20,OMEGA_BROKING,CL047537,RELIANCE,S,194,980.96,190306.24
11-20-2025,ALPHA_SEC,CL259291,INFY,S,367,108.88,39958.96
2025-11-20,BETA_INVEST,CL824503,SBIN,B,128,1611.21,206234.88
20/11/2025,DELTA_TRADES,CL907193,ITC,S,27,2287.4,61759.8
2025-11-24,OMEGA_BROKING,CL612388,AXISBANK,S,195,2389.15,465884.25
2025-11-23,ALPHA_SEC,CL363972,TATAMOTORS,B,71,1975.64,140270.44
2025-11-25,ALPHA_SEC,CL093072,RELIANCE,S,220,2075.23,456550.6
11-21-2025,BETA_INVEST,CL818651,ITC,S,361,1837.97,663507.17
2025-11-25,BETA_INVEST,CL406929,TATAMOTORS,S,48,2065.89,99162.72
23/11/2025,ALPHA_SEC,CL080674,SBIN,B,327,2561.14,837492.78
21-Nov-25,OMEGA_BROKING,CL071318,HDFC,B,369,2104.52,
11-21-2025,BETA_INVEST,CL526296,INFY,B,188,365.3,68676.4
2025-11-20,ALPHA_SEC,CL734560,INFY,S,394,780.62,307564.28
2025-11-29,ALPHA_SEC,CL759954,AXISBANK,S,126,766.29,96552.54
22-Nov-25,ALPHA_SEC,CL103793,RELIANCE,B,386,2146.54,828564.44
2025-11-20,DELTA_TRADES,CL541581,ICICIBANK,S,255,1478.19,376938.45
23/11/2025,ALPHA_SEC,CL705713,LT,S,8,1804.84,14438.72
2025-11-29,ALPHA_SEC,CL379540,SBIN,B,241,363.9,87699.9
24/11/2025,OMEGA_BROKING,CL036738,ICICIBANK,S,289,1714.11,495377.79
11-24-2025,ALPHA_SEC,CL826890,KOTAKBANK,B,369,851.42,314173.98
21/11/2025,BETA_INVEST,CL342824,TATAMOTORS,B,251,472.57,118615.07
2025-11-25,ALPHA_SEC,CL165153,TATAMOTORS,S,362,274.45,99350.9
25/11/2025,DELTA_TRADES,CL911715,TATAMOTORS,S,138,385.71,53227.98
22/11/2025,ALPHA_SEC,CL597558,HDFC,S,310,1796.17,556812.7
2025-11-24,BETA_INVEST,CL112749,RELIANCE,B,281,300.85,84538.85
11-22-2025,ALPHA_SEC,CL683195,INFY,B,367,2729.88,1001865.96
2025-11-20,OMEGA_BROKING,CL495053,SBIN,S,311,512.98,159536.78
2025-11-25,BETA_INVEST,CL590592,RELIANCE,B,326,2207.38,719605.88
24-Nov-25,BETA_INVEST,CL440064,KOTAKBANK,S,205,1980.23,405947.15
21/11/2025,ALPHA_SEC,CL969503,LT,B,337,2133.28,718915.36
25/11/2025,DELTA_TRADES,CL893181,INFY,B,238,1251.14,297771.32
24/11/2025,BETA_INVEST,CL303326,LT,S,208,256.72,53397.76
22-Nov-25,OMEGA_BROKING,CL920150,KOTAKBANK,B,277,2616.14,724670.78
29/11/2025,BETA_INVEST,CL921389,LT,S,16,1394.05,22304.8
29/11/2025,BETA_INVEST,CL932968,LT,B,22,1365.78,30047.16
29-Nov-25,ALPHA_SEC,CL264666,RELIANCE,S,312,445.54,139008.48
22/11/2025,DELTA_TRADES,CL008852,AXISBANK,S,132,2400.88,316916.16
11-22-2025,DELTA_TRADES,CL545662,SBIN,B,89,2659.87,236728.43
21/11/2025,BETA_INVEST,CL663258,INFY,B,164,2658.17,435939.88
22/11/2025,BETA_INVEST,CL244868,RELIANCE,S,287,1172.55,336521.85
20-Nov-25,BETA_INVEST,CL945344,KOTAKBANK,S,395,1382.47,546075.65
22/11/2025,BETA_INVEST,CL152173,KOTAKBANK,S,277,2134.31,591203.87
20-Nov-25,BETA_INVEST,CL573262,HDFC,S,74,1241.39,91862.86
2025-11-25,DELTA_TRADES,CL135287,RELIANCE,B,342,101.99,34880.58
24/11/2025,OMEGA_BROKING,CL465921,SBIN,S,176,1300.94,228965.44
23/11/2025,ALPHA_SEC,CL582118,ICICIBANK,S,53,110.97,5881.41
22-Nov-25,ALPHA_SEC,CL304691,RELIANCE,B,333,1474.71,491078.43
22/11/2025,ALPHA_SEC,CL741132,INFY,B,19,1307.9,24850.1
11-22-2025,DELTA_TRADES,CL050550,TATAMOTORS,B,113,1524.65,172285.45
11-20-2025,ALPHA_SEC,CL736071,AXISBANK,S,156,2761.31,430764.36
25/11/2025,ALPHA_SEC,CL696341,TATAMOTORS,S,45,1400.52,63023.4
22/11/2025,BETA_INVEST,CL279755,INFY,S,211,152.06,32084.66
2025-11-26,BETA_INVEST,CL597266,ITC,S,188,697.34,131099.92
2025-11-29,OMEGA_BROKING,CL855273,TATAMOTORS,B,335,1896.36,635280.6
26-Nov-25,DELTA_TRADES,CL414408,ITC,B,104,2265.96,235659.84
21/11/2025,ALPHA_SEC,CL348260,HDFC,S,378,812.19,307007.82
24/11/2025,BETA_INVEST,CL389064,KOTAKBANK,S,85,1908.18,
2025-11-21,OMEGA_BROKING,CL457207,HDFC,S,139,935.78,130073.42
11-21-2025,OMEGA_BROKING,CL179172,HDFC,B,277,366.13,101418.01
24/11/2025,BETA_INVEST,CL330158,KOTAKBANK,B,277,2355.75,652542.75
26-Nov-25,DELTA_TRADES,CL948745,INFY,B,329,2583.45,849955.05
23/11/2025,ALPHA_SEC,CL303987,RELIANCE,S,348,865.06,301040.88
11-24-2025,BETA_INVEST,CL622288,KOTAKBANK,B,287,1676.55,481169.85
2025-11-20,DELTA_TRADES,CL212213,RELIANCE,B,266,700.5,186333.0
29/11/2025,ALPHA_SEC,CL999095,SBIN,B,131,556.8,72940.8
11-23-2025,DELTA_TRADES,CL844951,SBIN,S,56,2745.34,153739.04
11-20-2025,ALPHA_SEC,CL663080,KOTAKBANK,S,181,2126.98,384983.38
20-Nov-25,ALPHA_SEC,CL501355,ICICIBANK,B,386,2537.2,979359.2
26-Nov-25,OMEGA_BROKING,CL751029,ITC,S,222,1953.56,433690.32
24/11/2025,ALPHA_SEC,CL944779,SBIN,B,222,2344.91,520570.02
2025-11-29,DELTA_TRADES,CL955037,HDFC,S,245,2460.83,602903.35
2025-11-21,ALPHA_SEC,CL527696,RELIANCE,B,220,2489.11,547604.2
22/11/2025,BETA_INVEST,CL513622,HDFC,S,97,2285.4,221683.8
11-25-2025,BETA_INVEST,CL264974,HDFC,S,87,1398.89,121703.43
26-Nov-25,OMEGA_BROKING,CL362951,RELIANCE,B,183,1312.86,240253.38
22-Nov-25,OMEGA_BROKING,CL533822,LT,B,174,1563.38,272028.12
11-29-2025,OMEGA_BROKING,CL262489,ITC,S,213,1827.93,389349.09
2025-11-21,BETA_INVEST,CL921351,ITC,S,255,1066.87,272051.85
26/11/2025,BETA_INVEST,CL175991,INFY,B,390,553.11,215712.9
26/11/2025,DELTA_TRADES,CL273958,ITC,B,311,2735.44,850721.84
26-Nov-25,ALPHA_SEC,CL928281,SBIN,B,296,1394.78,412854.88
26/11/2025,DELTA_TRADES,CL771332,KOTAKBANK,S,37,438.97,16241.89
26-Nov-25,BETA_INVEST,CL759717,RELIANCE,S,400,1486.64,594656.0
29/11/2025,BETA_INVEST,CL905912,KOTAKBANK,S,175,1469.01,257076.75
21/11/2025,DELTA_TRADES,CL077861,KOTAKBANK,S,336,128.47,43165.92
11-22-2025,OMEGA_BROKING,CL639971,SBIN,S,93,2610.39,242766.27
11-24-2025,BETA_INVEST,CL601112,AXISBANK,S,107,779.63,83420.41
11-24-2025,BETA_INVEST,CL618802,AXISBANK,B,80,148.02,11841.6
26/11/2025,ALPHA_SEC,CL973488,ICICIBANK,S,342,897.96,307102.32
2025-11-20,ALPHA_SEC,CL935297,SBIN,B,255,1240.47,316319.85
2025-11-29,BETA_INVEST,CL632875,SBIN,B,182,2453.59,446553.38
24/11/2025,BETA_INVEST,CL998721,ITC,B,359,1837.44,659640.96
21-Nov-25,DELTA_TRADES,CL911301,TATAMOTORS,S,375,2354.92,883095.0
29-Nov-25,BETA_INVEST,CL625271,KOTAKBANK,S,358,799.03,286052.74
2025-11-23,BETA_INVEST,CL169768,AXISBANK,B,187,1180.18,220693.66
29-Nov-25,ALPHA_SEC,CL835941,ICICIBANK,S,360,1132.72,407779.2
2025-11-25,BETA_INVEST,CL154176,KOTAKBANK,S,114,1700.77,193887.78
21-Nov-25,BETA_INVEST,CL513824,LT,B,146,2030.44,296444.24
25/11/2025,BETA_INVEST,CL014563,AXISBANK,B,198,1594.35,315681.3
20/11/2025,DELTA_TRADES,CL676063,TATAMOTORS,B,182,1165.16,212059.12
24-Nov-25,ALPHA_SEC,CL363976,LT,B,392,1422.33,557553.36
11-20-2025,OMEGA_BROKING,CL240658,RELIANCE,B,299,352.48,105391.52
2025-11-22,ALPHA_SEC,CL696555,KOTAKBANK,B,326,400.98,130719.48
26/11/2025,DELTA_TRADES,CL787180,LT,B,175,2462.37,430914.75
24/11/2025,BETA_INVEST,CL996574,SBIN,B,211,618.71,130547.81
24/11/2025,DELTA_TRADES,CL957375,KOTAKBANK,S,345,2781.59,959648.55
22/11/2025,DELTA_TRADES,CL284923,KOTAKBANK,S,200,1021.79,204358.0
2025-11-20,OMEGA_BROKING,CL837729,AXISBANK,S,171,1285.63,219842.73
2025-11-22,ALPHA_SEC,CL093883,AXISBANK,B,61,2644.32,161303.52
2025-11-24,DELTA_TRADES,CL788995,ICICIBANK,S,288,1229.69,354150.72
2025-11-24,BETA_INVEST,CL131565,ITC,B,317,2631.63,834226.71
29-Nov-25,DELTA_TRADES,CL942069,AXISBANK,S,321,858.81,275678.01
11-26-2025,BETA_INVEST,CL609382,AXISBANK,B,290,990.01,287102.9
20/11/2025,BETA_INVEST,CL998889,HDFC,S,370,1753.15,648665.5
20-Nov-25,ALPHA_SEC,CL670939,SBIN,B,2,250.96,501.92
11-24-2025,OMEGA_BROKING,CL505863,ICICIBANK,B,55,1358.65,74725.75
2025-11-22,BETA_INVEST,CL504931,LT,S,378,140.18,52988.04
25/11/2025,DELTA_TRADES,CL629047,INFY,B,316,566.64,179058.24
21-Nov-25,BETA_INVEST,CL421344,SBIN,B,175,1676.22,293338.5
2025-11-22,DELTA_TRADES,CL085639,ICICIBANK,S,182,2413.0,607729.76
2025-11-25,OMEGA_BROKING,CL463065,SBIN,B,48,2238.84,107464.32
2025-11-22,DELTA_TRADES,CL665335,AXISBANK,B,304,860.54,261604.16
11-22-2025,ALPHA_SEC,CL437527,ICICIBANK,B,28,2725.74,100245.22
22-Nov-25,OMEGA_BROKING,CL486335,ITC,S,5,1768.98,8844.9
26-Nov-25,DELTA_TRADES,CL461137,KOTAKBANK,B,48,406.25,19500.0
21/11/2025,DELTA_TRADES,CL377185,ITC,B,326,1494.18,487102.68
11-20-2025,DELTA_TRADES,CL510205,TATAMOTORS,S,148,1555.32,230187.36
11-20-2025,BETA_INVEST,CL145419,ICICIBANK,B,141,2132.83,
25-Nov-25,OMEGA_BROKING,CL797769,ITC,B,184,2523.04,464239.36
22/11/2025,OMEGA_BROKING,CL762160,INFY,B,307,800.25,245676.75
11-25-2025,ALPHA_SEC,CL381944,AXISBANK,B,240,2326.8,558432.0
2025-11-26,ALPHA_SEC,CL095504,KOTAKBANK,S,327,904.87,295892.49
25/11/2025,DELTA_TRADES,CL141630,LT,S,226,2685.63,606952.38
11-21-2025,OMEGA_BROKING,CL293193,ICICIBANK,S,97,1333.39,129338.83
24/11/2025,OMEGA_BROKING,CL392315,INFY,S,61,2638.05,160921.05
21/11/2025,BETA_INVEST,CL776766,ICICIBANK,B,325,1391.77,452325.25
24-Nov-25,ALPHA_SEC,CL707468,ITC,B,195,1156.15,225449.25
2025-11-22,BETA_INVEST,CL098008,RELIANCE,S,389,2400.22,933685.58
22/11/2025,BETA_INVEST,CL262082,ICICIBANK,B,301,510.7,153720.7
11-23-2025,DELTA_TRADES,CL184729,ITC,S,240,949.61,139879.05
11-25-2025,ALPHA_SEC,CL807175,TATAMOTORS,S,119,1946.24,231602.56
23-Nov-25,OMEGA_BROKING,CL812812,KOTAKBANK,B,257,1502.73,521446.86
2025-11-24,OMEGA_BROKING,CL083831,AXISBANK,B,150,1242.93,
11-26-2025,ALPHA_SEC,CL732998,KOTAKBANK,B,347,405.09,140566.23
22-Nov-25,DELTA_TRADES,CL633973,LT,B,167,2156.59,360150.53
22-Nov-25,ALPHA_SEC,CL453531,HDFC,B,382,1256.85,480116.7
2025-11-26,DELTA_TRADES,CL359574,ICICIBANK,B,104,1036.77,107824.08
11-21-2025,DELTA_TRADES,CL349413,AXISBANK,B,13,1437.54,18688.02
20-Nov-25,OMEGA_BROKING,CL562040,LT,S,272,1749.65,475904.8
11-20-2025,OMEGA_BROKING,CL584535,KOTAKBANK,S,343,1276.58,437866.94
29-Nov-25,DELTA_TRADES,CL106117,ITC,B,234,1860.98,435469.32
25-Nov-25,OMEGA_BROKING,CL911528,LT,B,232,2761.04,640561.28
11-23-2025,BETA_INVEST,CL870356,RELIANCE,B,399,1754.09,699881.91
2025-11-23,BETA_INVEST,CL460207,LT,B,94,1119.81,105262.14
20/11/2025,DELTA_TRADES,CL721344,ITC,B,109,1758.47,191673.23
25/11/2025,OMEGA_BROKING,CL209641,INFY,B,298,1450.83,432347.34
2025-11-26,DELTA_TRADES,CL115863,TATAMOTORS,B,245,441.62,108196.9
23-Nov-25,DELTA_TRADES,CL303916,TATAMOTORS,B,300,2430.15,729045.0
2025-11-25,OMEGA_BROKING,CL014137,INFY,S,393,421.16,165515.88
2025-11-24,BETA_INVEST,CL804631,TATAMOTORS,B,95,1285.5,122122.5
2025-11-20,OMEGA_BROKING,CL722308,TATAMOTORS,S,139,1377.46,191466.94
23/11/2025,DELTA_TRADES,CL519840,RELIANCE,S,334,424.86,141903.24
2025-11-23,ALPHA_SEC,CL593549,AXISBANK,S,295,1514.26,446706.7
11-29-2025,ALPHA_SEC,CL151176,SBIN,S,147,2279.88,335142.36
29-Nov-25,BETA_INVEST,CL735231,SBIN,B,387,872.16,337525.92
11-26-2025,DELTA_TRADES,CL043889,AXISBANK,B,45,199.52,8978.4
22/11/2025,OMEGA_BROKING,CL119164,RELIANCE,S,124,2351.84,216374.06
26-Nov-25,ALPHA_SEC,CL230617,HDFC,B,183,389.84,71340.72
20-Nov-25,BETA_INVEST,CL940390,TATAMOTORS,S,88,2181.79,191997.52
21/11/2025,ALPHA_SEC,CL496026,HDFC,B,299,1047.38,313166.62
26-Nov-25,OMEGA_BROKING,CL037973,HDFC,B,222,2008.45,445875.9
20/11/2025,OMEGA_BROKING,CL346360,LT,B,387,1938.81,750319.47
2025-11-23,DELTA_TRADES,CL515520,ICICIBANK,B,263,879.34,
11-22-2025,ALPHA_SEC,CL461350,RELIANCE,S,280,2220.72,621801.6
2025-11-25,BETA_INVEST,CL152702,LT,S,60,1574.61,94476.6
2025-11-20,OMEGA_BROKING,CL063332,ICICIBANK,B,81,937.24,75916.44
2025-11-20,OMEGA_BROKING,CL395400,TATAMOTORS,B,306,2007.45,888998.29
24-Nov-25,OMEGA_BROKING,CL496348,INFY,B,314,2374.48,745586.72
24-Nov-25,ALPHA_SEC,CL759150,SBIN,S,295,228.32,67354.4
2025-11-23,BETA_INVEST,CL995978,KOTAKBANK,S,239,1693.09,404648.51
26/11/2025,OMEGA_BROKING,CL990944,LT,S,125,1122.16,140270.0
2025-11-26,OMEGA_BROKING,CL800803,ICICIBANK,S,214,120.46,25778.44
2025-11-20,BETA_INVEST,CL167852,SBIN,B,380,1292.97,491328.6
11-20-2025,ALPHA_SEC,CL493802,ITC,B,301,2746.7,826756.7
11-20-2025,OMEGA_BROKING,CL550920,LT,B,362,1884.18,682073.16
2025-11-26,DELTA_TRADES,CL338847,SBIN,S,38,2455.15,93295.7
20-Nov-25,DELTA_TRADES,CL517448,KOTAKBANK,S,87,205.67,17893.29
23/11/2025,BETA_INVEST,CL309083,ICICIBANK,S,360,2666.92,960091.2
2025-11-24,DELTA_TRADES,CL309348,SBIN,S,281,1055.02,296460.62
20-Nov-25,ALPHA_SEC,CL752553,LT,B,310,644.88,199912.8
23-Nov-25,OMEGA_BROKING,CL159763,HDFC,B,154,960.61,147933.94
11-26-2025,OMEGA_BROKING,CL573945,ICICIBANK,B,54,1279.8,69109.2
2025-11-26,DELTA_TRADES,CL390470,ICICIBANK,B,336,2190.15,735890.4
24/11/2025,OMEGA_BROKING,CL863129,INFY,B,164,647.57,106201.48
2025-11-25,DELTA_TRADES,CL966435,ITC,B,126,1520.64,191600.64
2025-11-20,ALPHA_SEC,CL513140,HDFC,S,19,1085.74,20629.06
11-21-2025,DELTA_TRADES,CL452144,HDFC,S,173,2717.24,470082.52
22/11/2025,OMEGA_BROKING,CL988621,TATAMOTORS,S,270,2131.37,575469.9
22-Nov-25,ALPHA_SEC,CL684896,KOTAKBANK,B,384,1459.15,560313.6
2025-11-22,DELTA_TRADES,CL323018,SBIN,S,338,599.35,202580.3
11-23-2025,DELTA_TRADES,CL936177,ITC,B,8,489.92,3919.36
24/11/2025,OMEGA_BROKING,CL883009,RELIANCE,B,100,830.55,83055.0
20/11/2025,OMEGA_BROKING,CL417357,INFY,S,15,1420.04,21300.6
11-21-2025,OMEGA_BROKING,CL171275,SBIN,S,389,2233.81,868952.09
21/11/2025,DELTA_TRADES,CL310035,ITC,B,127,325.6,41351.2
23/11/2025,BETA_INVEST,CL221318,RELIANCE,S,37,782.41,28949.17
2025-11-23,ALPHA_SEC,CL538864,KOTAKBANK,B,388,2344.26,909572.88
22-Nov-25,BETA_INVEST,CL175365,AXISBANK,S,36,1353.16,48713.76
26/11/2025,BETA_INVEST,CL596395,LT,S,345,1998.92,689627.4
2025-11-20,BETA_INVEST,CL962019,AXISBANK,S,38,1028.86,39096.68
2025-11-20,ALPHA_SEC,CL922080,ITC,S,170,2607.28,443237.6
11-21-2025,OMEGA_BROKING,CL639306,RELIANCE,S,191,1574.09,300651.19
2025-11-25,BETA_INVEST,CL220880,AXISBANK,B,222,892.72,198183.84
11-24-2025,OMEGA_BROKING,CL112773,INFY,B,238,2796.28,665514.64
11-26-2025,ALPHA_SEC,CL422108,INFY,B,325,223.56,72657.0
2025-11-25,DELTA_TRADES,CL769883,RELIANCE,B,295,2460.26,725776.7
2025-11-24,ALPHA_SEC,CL580201,AXISBANK,S,211,2769.92,584453.12
11-26-2025,OMEGA_BROKING,CL735162,TATAMOTORS,S,140,349.95,48993.0
11-25-2025,OMEGA_BROKING,CL779787,INFY,S,368,2352.93,
11-21-2025,ALPHA_SEC,CL886277,ITC,B,295,989.48,291896.6
25/11/2025,DELTA_TRADES,CL885780,SBIN,S,382,2355.05,899629.1
11-24-2025,DELTA_TRADES,CL442265,TATAMOTORS,B,82,2419.63,198409.66
25/11/2025,OMEGA_BROKING,CL324457,LT,B,286,2444.27,699061.22
11-25-2025,OMEGA_BROKING,CL952247,INFY,S,244,564.77,137803.88
21/11/2025,DELTA_TRADES,CL571015,ITC,S,258,260.8,67286.4
2025-11-20,DELTA_TRADES,CL886410,ICICIBANK,S,195,2689.61,524473.95
11-29-2025,ALPHA_SEC,CL273322,HDFC,B,127,663.49,84263.23
11-22-2025,ALPHA_SEC,CL778606,AXISBANK,S,261,1035.75,270330.75
11-20-2025,BETA_INVEST,CL555436,ICICIBANK,S,267,2750.02,734255.34
21/11/2025,BETA_INVEST,CL490218,RELIANCE,S,255,1903.11,485293.05
25/11/2025,BETA_INVEST,CL124259,LT,S,304,2162.46,657387.84
22-Nov-25,BETA_INVEST,CL174276,SBIN,B,182,1077.6,196123.2
20/11/2025,BETA_INVEST,CL413565,ICICIBANK,B,97,393.12,38132.64
2025-11-24,BETA_INVEST,CL117921,KOTAKBANK,S,203,831.13,168719.39
11-23-2025,DELTA_TRADES,CL190581,KOTAKBANK,B,293,214.19,62757.67
2025-11-22,BETA_INVEST,CL636331,LT,B,380,1525.48,579682.4
26/11/2025,DELTA_TRADES,CL902082,ICICIBANK,S,273,1751.63,478194.99
11-25-2025,DELTA_TRADES,CL218017,LT,S,330,1429.67,471791.1
11-24-2025,OMEGA_BROKING,CL935456,HDFC,B,66,154.04,10166.64
23/11/2025,ALPHA_SEC,CL761909,ICICIBANK,S,271,1045.94,283449.74
26-Nov-25,ALPHA_SEC,CL949743,AXISBANK,B,225,1584.67,356550.75
2025-11-23,OMEGA_BROKING,CL377949,KOTAKBANK,B,144,2531.6,364550.4
2025-11-23,DELTA_TRADES,CL960113,LT,S,40,470.48,18819.2
2025-11-25,DELTA_TRADES,CL681174,HDFC,B,78,2149.07,167627.46
11-24-2025,ALPHA_SEC,CL806871,RELIANCE,B,93,1213.54,112859.22
2025-11-23,BETA_INVEST,CL751557,LT,B,340,2090.75,710855.0
11-23-2025,ALPHA_SEC,CL305993,SBIN,B,177,1578.74,279436.98
2025-11-20,DELTA_TRADES,CL224264,ICICIBANK,S,238,1436.8,341958.4
25-Nov-25,BETA_INVEST,CL557803,LT,S,163,1399.44,228108.72
21/11/2025,OMEGA_BROKING,CL645806,RELIANCE,B,25,1785.03,44625.75
2025-11-22,DELTA_TRADES,CL385608,ICICIBANK,B,258,1160.28,299352.24
11-22-2025,ALPHA_SEC,CL595443,RELIANCE,B,248,1212.7,300749.6
20-Nov-25,ALPHA_SEC,CL917759,KOTAKBANK,S,314,2314.99,726906.86
29/11/2025,DELTA_TRADES,CL883226,AXISBANK,B,160,563.66,90185.6
2025-11-22,BETA_INVEST,CL699135,ICICIBANK,S,40,1379.63,55185.2
2025-11-21,OMEGA_BROKING,CL254005,INFY,S,371,2219.19,823319.49
2025-11-21,DELTA_TRADES,CL395357,ICICIBANK,S,76,2509.99,190759.24
2025-11-24,ALPHA_SEC,CL833194,INFY,B,119,1292.05,153753.95
22-Nov-25,ALPHA_SEC,CL115068,TATAMOTORS,B,233,1199.85,279565.05
11-25-2025,ALPHA_SEC,CL625244,HDFC,S,49,585.88,28708.12
2025-11-23,OMEGA_BROKING,CL941185,KOTAKBANK,B,164,676.37,110924.68
26/11/2025,OMEGA_BROKING,CL357018,KOTAKBANK,S,376,2009.98,755752.48
2025-11-21,ALPHA_SEC,CL438386,LT,S,349,1212.81,423270.69
25/11/2025,ALPHA_SEC,CL144270,KOTAKBANK,S,352,430.46,151521.92
24/11/2025,DELTA_TRADES,CL320302,ICICIBANK,S,385,2210.77,851146.45
2025-11-26,BETA_INVEST,CL950299,SBIN,B,117,2503.28,292883.76
2025-11-21,BETA_INVEST,CL454225,SBIN,B,106,519.26,55041.56
23/11/2025,ALPHA_SEC,CL153861,INFY,B,115,2352.43,270529.45
20/11/2025,ALPHA_SEC,CL285637,ICICIBANK,B,212,1291.67,273834.04
29-Nov-25,OMEGA_BROKING,CL710184,ICICIBANK,S,384,219.3,84211.2
26-Nov-25,OMEGA_BROKING,CL442008,ICICIBANK,B,272,2051.35,557967.2
22-Nov-25,ALPHA_SEC,CL462563,RELIANCE,B,214,464.62,99428.68
11-26-2025,ALPHA_SEC,CL069399,ITC,S,397,2563.1,1017550.7
11-23-2025,BETA_INVEST,CL829905,ICICIBANK,S,327,1608.5,525979.5
25-Nov-25,ALPHA_SEC,CL274061,LT,S,219,2572.65,563410.35
11-22-2025,BETA_INVEST,CL260012,HDFC,B,123,1561.1,192015.3
11-26-2025,BETA_INVEST,CL766497,SBIN,S,130,680.84,68592.93
23-Nov-25,DELTA_TRADES,CL796386,INFY,B,270,243.89,65850.3
2025-11-26,DELTA_TRADES,CL191436,RELIANCE,B,121,738.36,89341.56
22-Nov-25,DELTA_TRADES,CL640555,ITC,B,365,1913.79,698533.35
23-Nov-25,OMEGA_BROKING,CL261059,LT,B,28,875.74,24520.72
2025-11-21,OMEGA_BROKING,CL159344,ITC,S,48,755.95,36285.6
11-21-2025,OMEGA_BROKING,CL729276,HDFC,S,138,1524.08,210323.04
22/11/2025,BETA_INVEST,CL967606,KOTAKBANK,S,55,1137.49,62561.95
24/11/2025,OMEGA_BROKING,CL406067,LT,S,142,317.51,45086.42
24-Nov-25,DELTA_TRADES,CL015793,TATAMOTORS,B,144,2353.35,338882.4
11-26-2025,OMEGA_BROKING,CL661788,HDFC,B,88,2033.48,178946.24
20/11/2025,ALPHA_SEC,CL450055,AXISBANK,S,184,2416.43,444623.12
22-Nov-25,ALPHA_SEC,CL529385,SBIN,S,127,350.2,44475.4
23/11/2025,BETA_INVEST,CL180558,ITC,B,188,477.89,89843.32
26-Nov-25,BETA_INVEST,CL345102,ICICIBANK,S,66,1591.59,105044.94
22-Nov-25,ALPHA_SEC,CL048599,HDFC,B,249,1939.37,482903.13
26/11/2025,DELTA_TRADES,CL315966,AXISBANK,B,222,209.91,46600.02
24/11/2025,ALPHA_SEC,CL898564,INFY,S,97,2415.41,234294.77
2025-11-26,DELTA_TRADES,CL873764,KOTAKBANK,B,30,2583.7,77511.0
20/11/2025,ALPHA_SEC,CL866013,INFY,S,317,476.83,151155.11
25-Nov-25,DELTA_TRADES,CL941070,RELIANCE,B,328,1591.84,522123.52
29-Nov-25,OMEGA_BROKING,CL174671,ITC,B,291,2645.6,769869.6
23/11/2025,ALPHA_SEC,CL445715,ICICIBANK,S,210,2726.87,572642.7
22/11/2025,ALPHA_SEC,CL755635,TATAMOTORS,B,131,811.45,106299.95
11-22-2025,OMEGA_BROKING,CL359471,KOTAKBANK,B,155,1561.5,242032.5
25/11/2025,OMEGA_BROKING,CL058817,LT,S,331,2678.15,886467.65
2025-11-22,BETA_INVEST,CL033243,HDFC,S,214,1552.65,332267.1
11-22-2025,BETA_INVEST,CL571769,INFY,B,239,121.47,29031.33
25/11/2025,ALPHA_SEC,CL776479,KOTAKBANK,S,374,605.58,226486.92
11-22-2025,DELTA_TRADES,CL527199,HDFC,S,299,432.88,129431.12
22/11/2025,OMEGA_BROKING,CL856288,RELIANCE,B,92,2655.99,244351.08
22/11/2025,OMEGA_BROKING,CL253496,AXISBANK,B,367,431.01,158180.67
24-Nov-25,DELTA_TRADES,CL341207,INFY,B,65,2190.08,142355.2
21-Nov-25,ALPHA_SEC,CL222138,INFY,B,386,2334.66,901178.76
22-Nov-25,OMEGA_BROKING,CL033397,AXISBANK,S,1,162.55,162.55
2025-11-22,BETA_INVEST,CL244714,RELIANCE,B,118,1192.71,140739.78
2025-11-25,DELTA_TRADES,CL863631,ITC,B,95,2660.2,252719.0
2025-11-25,BETA_INVEST,CL035804,SBIN,B,333,1389.02,462543.66
11-29-2025,DELTA_TRADES,CL370486,LT,B,230,1720.37,395685.1
2025-11-23,ALPHA_SEC,CL578383,ICICIBANK,S,318,1643.51,522636.18
24/11/2025,ALPHA_SEC,CL814973,HDFC,S,339,295.83,100286.37
11-26-2025,ALPHA_SEC,CL931326,ICICIBANK,B,93,2541.15,236326.95
26/11/2025,OMEGA_BROKING,CL296800,INFY,S,125,236.23,29528.75
25-Nov-25,BETA_INVEST,CL321246,HDFC,S,323,449.32,145130.36
24/11/2025,ALPHA_SEC,CL492912,HDFC,S,110,1672.75,184002.5
11-20-2025,BETA_INVEST,CL546911,SBIN,S,240,2501.77,600424.8
26-Nov-25,BETA_INVEST,CL956971,LT,B,269,888.37,238971.53
2025-11-20,ALPHA_SEC,CL167843,AXISBANK,S,61,2652.8,161820.8
11-20-2025,OMEGA_BROKING,CL839701,RELIANCE,B,329,1890.84,622086.36
23/11/2025,ALPHA_SEC,CL479290,SBIN,B,195,1775.87,346294.65
2025-11-21,OMEGA_BROKING,CL904031,HDFC,S,300,490.99,147297.0
11-29-2025,BETA_INVEST,CL204426,ICICIBANK,S,378,827.45,312776.1
11-24-2025,BETA_INVEST,CL477395,LT,B,40,2101.52,84060.8
2025-11-24,OMEGA_BROKING,CL022020,ICICIBANK,S,90,890.84,80175.6
11-25-2025,BETA_INVEST,CL543349,TATAMOTORS,B,19,2696.9,51241.1
24-Nov-25,DELTA_TRADES,CL348293,ITC,S,382,1362.0,520284.0
11-21-2025,DELTA_TRADES,CL883581,ICICIBANK,B,148,1313.86,194451.28
24/11/2025,ALPHA_SEC,CL929012,KOTAKBANK,S,368,2373.11,873304.48
26-Nov-25,ALPHA_SEC,CL978278,SBIN,S,200,2211.75,442350.0
11-22-2025,ALPHA_SEC,CL660110,LT,S,55,1750.44,96274.2
2025-11-24,DELTA_TRADES,CL822053,TATAMOTORS,B,164,1173.8,192503.2
2025-11-26,OMEGA_BROKING,CL620388,SBIN,S,143,737.92,105522.56
20-Nov-25,ALPHA_SEC,CL114766,RELIANCE,B,280,1590.46,445328.8
2025-11-25,OMEGA_BROKING,CL828206,ICICIBANK,B,385,243.95,93920.75
21/11/2025,DELTA_TRADES,CL864542,ITC,S,275,980.94,269758.5
11-22-2025,DELTA_TRADES,CL660446,INFY,S,197,2398.65,472534.05
24-Nov-25,DELTA_TRADES,CL209627,HDFC,B,387,818.71,316840.77
23/11/2025,BETA_INVEST,CL494832,ICICIBANK,S,148,852.24,126131.52
2025-11-22,BETA_INVEST,CL642846,AXISBANK,B,103,840.79,86601.37
23-Nov-25,ALPHA_SEC,CL630741,TATAMOTORS,S,378,1951.93,737829.54
11-24-2025,BETA_INVEST,CL675865,KOTAKBANK,S,181,2695.83,487945.23
23/11/2025,OMEGA_BROKING,CL984635,ITC,B,137,195.95,26845.15
2025-11-22,OMEGA_BROKING,CL495902,KOTAKBANK,S,377,2425.93,914575.61
22-Nov-25,OMEGA_BROKING,CL096852,LT,B,222,925.71,205507.62
22-Nov-25,BETA_INVEST,CL718701,LT,S,326,1831.3,597003.8
2025-11-24,DELTA_TRADES,CL747186,TATAMOTORS,S,215,1092.92,234977.8
2025-11-25,DELTA_TRADES,CL672828,INFY,S,198,2178.21,431285.58
2025-11-25,OMEGA_BROKING,CL732429,TATAMOTORS,B,251,1970.38,494565.38
22-Nov-25,BETA_INVEST,CL521847,RELIANCE,S,264,716.98,189282.72
11-24-2025,OMEGA_BROKING,CL387839,HDFC,B,274,1183.14,324180.36
22-Nov-25,OMEGA_BROKING,CL307459,AXISBANK,S,325,1379.86,448454.5
2025-11-21,OMEGA_BROKING,CL214263,KOTAKBANK,S,182,2574.24,468511.68
22-Nov-25,ALPHA_SEC,CL371735,INFY,B,48,170.76,
2025-11-23,OMEGA_BROKING,CL484034,RELIANCE,S,190,2317.49,440323.1
22-Nov-25,BETA_INVEST,CL704832,TATAMOTORS,B,22,1802.08,39645.76
2025-11-25,DELTA_TRADES,CL223093,ICICIBANK,S,92,638.57,58748.44
2025-11-22,BETA_INVEST,CL550164,RELIANCE,B,18,904.47,16280.46
23-Nov-25,OMEGA_BROKING,CL262942,ITC,B,238,1707.15,406301.7
24/11/2025,BETA_INVEST,CL123855,ITC,B,234,1648.25,385690.5
11-24-2025,ALPHA_SEC,CL576896,ITC,S,339,337.97,114571.83
29-Nov-25,DELTA_TRADES,CL111158,HDFC,B,157,1430.86,224645.02
22/11/2025,DELTA_TRADES,CL435903,LT,B,373,586.21,218656.33
11-22-2025,OMEGA_BROKING,CL106578,RELIANCE,B,239,1592.61,380633.79
23/11/2025,BETA_INVEST,CL652987,TATAMOTORS,S,63,116.78,7357.14
24-Nov-25,OMEGA_BROKING,CL023892,HDFC,S,122,1488.05,181542.1
11-23-2025,BETA_INVEST,CL950376,SBIN,S,237,1760.56,417252.72
22/11/2025,BETA_INVEST,CL559230,TATAMOTORS,B,101,1337.38,135075.38
11-21-2025,ALPHA_SEC,CL957637,LT,S,280,1920.99,537877.2
23-Nov-25,OMEGA_BROKING,CL881506,ICICIBANK,B,160,1251.64,200262.4
2025-11-25,DELTA_TRADES,CL463903,ICICIBANK,B,89,1140.42,101497.38
2025-11-26,ALPHA_SEC,CL357270,AXISBANK,S,290,473.68,137367.2
11-23-2025,BETA_INVEST,CL385670,LT,S,140,1610.88,
23-Nov-25,DELTA_TRADES,CL614839,LT,B,135,315.39,42577.65
26-Nov-25,BETA_INVEST,CL869940,LT,S,379,796.33,301809.07
24/11/2025,OMEGA_BROKING,CL320990,RELIANCE,S,286,1363.68,390012.48
26-Nov-25,OMEGA_BROKING,CL511790,LT,S,55,131.56,7235.8
11-20-2025,BETA_INVEST,CL361309,ITC,S,121,2084.02,252166.42
2025-11-25,DELTA_TRADES,CL536774,AXISBANK,B,312,2547.99,794972.88
25-Nov-25,OMEGA_BROKING,CL981158,KOTAKBANK,B,226,1163.58,262969.08
11-24-2025,DELTA_TRADES,CL645195,HDFC,S,133,2607.29,346769.57
22-Nov-25,OMEGA_BROKING,CL472300,INFY,B,228,904.78,
11-23-2025,OMEGA_BROKING,CL729331,KOTAKBANK,B,16,2058.06,32928.96
23-Nov-25,DELTA_TRADES,CL231605,RELIANCE,B,355,2696.05,957097.75
2025-11-23,DELTA_TRADES,CL292545,AXISBANK,B,321,396.84,170983.25
11-22-2025,OMEGA_BROKING,CL033174,RELIANCE,S,284,311.8,88551.2
23-Nov-25,OMEGA_BROKING,CL080260,RELIANCE,S,101,2086.01,210687.01
2025-11-24,BETA_INVEST,CL227705,HDFC,B,107,1734.38,185578.66
24-Nov-25,OMEGA_BROKING,CL312972,KOTAKBANK,B,147,1458.02,214328.94
2025-11-26,BETA_INVEST,CL797464,INFY,B,90,2625.2,236268.0
2025-11-20,DELTA_TRADES,CL886417,ICICIBANK,S,187,1794.71,335610.77
20-Nov-25,BETA_INVEST,CL383026,TATAMOTORS,B,120,500.25,60030.0
20/11/2025,DELTA_TRADES,CL506866,ITC,S,396,2102.57,832617.72
21-Nov-25,DELTA_TRADES,CL454114,TATAMOTORS,S,335,1762.79,590534.65
11-24-2025,DELTA_TRADES,CL191144,ITC,S,20,826.62,16532.4
23/11/2025,DELTA_TRADES,CL558656,ICICIBANK,B,348,1993.46,693724.08
25/11/2025,OMEGA_BROKING,CL258029,INFY,S,38,909.58,34564.04
26/11/2025,BETA_INVEST,CL768659,AXISBANK,S,175,1490.63,260860.25
2025-11-23,ALPHA_SEC,CL518511,INFY,S,82,2350.14,192711.48
21-Nov-25,DELTA_TRADES,CL876567,RELIANCE,S,359,2626.07,942759.13
11-20-2025,OMEGA_BROKING,CL311405,INFY,B,294,1363.43,400848.42
22/11/2025,OMEGA_BROKING,CL911601,RELIANCE,B,284,1364.64,387557.76
2025-11-26,BETA_INVEST,CL848188,SBIN,B,133,2314.0,307762.0
23/11/2025,BETA_INVEST,CL268579,AXISBANK,B,275,1857.85,510908.75
26/11/2025,DELTA_TRADES,CL707121,TATAMOTORS,B,307,1817.1,557849.7
21/11/2025,DELTA_TRADES,CL478695,INFY,B,99,2489.68,246478.32
23/11/2025,BETA_INVEST,CL482668,AXISBANK,S,145,901.99,130788.55
11-21-2025,ALPHA_SEC,CL841621,SBIN,S,344,297.37,102295.28
11-21-2025,DELTA_TRADES,CL895256,SBIN,B,227,1573.1,357093.7
11-23-2025,DELTA_TRADES,CL892385,HDFC,S,1,1421.72,1421.72
2025-11-23,DELTA_TRADES,CL347948,INFY,B,318,2597.84,826113.12
21/11/2025,ALPHA_SEC,CL172913,SBIN,S,325,780.69,253724.25
21/11/2025,OMEGA_BROKING,CL257161,ITC,S,300,2599.1,493393.45
20/11/2025,BETA_INVEST,CL883464,INFY,B,84,1851.83,155553.72
23/11/2025,BETA_INVEST,CL664025,ITC,S,105,1593.19,229622.89
2025-11-21,ALPHA_SEC,CL825603,RELIANCE,B,137,2332.43,319542.91
22/11/2025,DELTA_TRADES,CL884983,ITC,B,109,2040.39,222402.51
11-25-2025,OMEGA_BROKING,CL318765,ICICIBANK,B,365,2343.55,855395.75
24-Nov-25,BETA_INVEST,CL333691,ITC,B,184,1040.01,191361.84
2025-11-24,DELTA_TRADES,CL277013,RELIANCE,S,49,998.44,48923.56
2025-11-22,OMEGA_BROKING,CL917783,SBIN,S,358,1869.72,669359.76
2025-11-23,DELTA_TRADES,CL189665,ITC,S,244,899.15,219392.6
21-Nov-25,BETA_INVEST,CL391537,TATAMOTORS,B,14,2347.07,32858.98
2025-11-22,DELTA_TRADES,CL741317,TATAMOTORS,B,157,324.7,50977.9
2025-11-23,DELTA_TRADES,CL384939,SBIN,S,149,1970.17,293555.33
20-Nov-25,DELTA_TRADES,CL001399,HDFC,B,237,579.77,137405.49
23/11/2025,DELTA_TRADES,CL056285,KOTAKBANK,B,115,2050.46,235802.9
24-Nov-25,OMEGA_BROKING,CL285314,ITC,S,379,514.71,195075.09
23-Nov-25,DELTA_TRADES,CL747670,KOTAKBANK,S,147,2122.42,311995.74
23/11/2025,OMEGA_BROKING,CL922387,HDFC,S,41,2469.18,101236.38
20/11/2025,BETA_INVEST,CL228779,KOTAKBANK,B,85,2756.87,234333.95
2025-11-21,BETA_INVEST,CL406058,SBIN,S,315,577.57,181934.55
11-26-2025,OMEGA_BROKING,CL543213,INFY,S,200,1466.02,293204.0
2025-11-20,ALPHA_SEC,CL884347,AXISBANK,S,70,1012.69,70888.3
23-Nov-25,DELTA_TRADES,CL154595,TATAMOTORS,S,51,678.82,34619.82
26-Nov-25,DELTA_TRADES,CL335795,KOTAKBANK,B,296,756.34,223876.64
20-Nov-25,BETA_INVEST,CL870688,RELIANCE,S,348,1761.57,613026.36
23-Nov-25,ALPHA_SEC,CL484078,RELIANCE,B,279,860.06,239956.74
26/11/2025,ALPHA_SEC,CL457509,ITC,S,7,759.68,5317.76
11-20-2025,ALPHA_SEC,CL655104,KOTAKBANK,S,146,2386.9,348487.4
23/11/2025,DELTA_TRADES,CL311895,HDFC,B,185,160.34,29662.9
22/11/2025,ALPHA_SEC,CL873372,AXISBANK,B,154,110.85,17070.9
11-25-2025,BETA_INVEST,CL863867,ICICIBANK,B,5,113.42,567.1
2025-11-24,ALPHA_SEC,CL711969,ICICIBANK,S,162,820.79,132967.98
11-23-2025,BETA_INVEST,CL881847,TATAMOTORS,S,365,423.91,154727.15
26-Nov-25,BETA_INVEST,CL737977,SBIN,S,160,2770.9,443344.0
23-Nov-25,ALPHA_SEC,CL026912,ICICIBANK,S,128,1803.95,230905.6
26/11/2025,OMEGA_BROKING,CL441235,TATAMOTORS,B,29,617.56,17909.24
26/11/2025,DELTA_TRADES,CL376120,TATAMOTORS,S,348,115.51,40197.48
26-Nov-25,OMEGA_BROKING,CL046970,AXISBANK,S,91,2762.6,251396.6
2025-11-23,DELTA_TRADES,CL454944,ICICIBANK,B,339,149.13,50555.07
26/11/2025,ALPHA_SEC,CL304936,ICICIBANK,B,392,2705.92,1060720.64
24-Nov-25,BETA_INVEST,CL444483,ICICIBANK,B,254,1168.69,296847.26
11-23-2025,DELTA_TRADES,CL795749,SBIN,B,368,288.61,106208.48
24-Nov-25,BETA_INVEST,CL805199,TATAMOTORS,S,133,2435.67,323944.11
11-26-2025,BETA_INVEST,CL654063,HDFC,S,55,2639.19,145155.45
29/11/2025,BETA_INVEST,CL962147,INFY,B,255,1628.36,415231.8
23-Nov-25,OMEGA_BROKING,CL440130,SBIN,B,181,2533.29,458525.49
22/11/2025,BETA_INVEST,CL823164,AXISBANK,B,319,2410.42,768923.98
26-Nov-25,OMEGA_BROKING,CL125501,INFY,B,254,669.19,169974.26
2025-11-25,ALPHA_SEC,CL807242,ITC,S,191,413.72,79020.52
20-Nov-25,ALPHA_SEC,CL430599,RELIANCE,S,346,1831.75,633785.5
23-Nov-25,DELTA_TRADES,CL121925,AXISBANK,B,274,1295.86,355065.64
20-Nov-25,ALPHA_SEC,CL707523,LT,S,252,1852.42,466809.84
2025-11-20,DELTA_TRADES,CL842248,HDFC,B,8,480.38,3843.04
20-Nov-25,DELTA_TRADES,CL820738,INFY,S,5,1615.9,8079.5
21-Nov-25,ALPHA_SEC,CL833549,KOTAKBANK,B,373,251.15,93678.95
2025-11-26,OMEGA_BROKING,CL346278,SBIN,B,68,498.22,33878.96
25/11/2025,BETA_INVEST,CL680300,ITC,B,58,732.98,42512.84
11-23-2025,BETA_INVEST,CL426064,TATAMOTORS,S,2,2113.01,4226.02
11-23-2025,ALPHA_SEC,CL876203,ICICIBANK,S,57,1510.97,86125.29
22-Nov-25,BETA_INVEST,CL817776,AXISBANK,B,369,2292.35,845877.15
11-23-2025,ALPHA_SEC,CL399243,ITC,S,32,1911.39,61164.48
21-Nov-25,BETA_INVEST,CL709693,SBIN,B,260,1795.54,466840.4
26/11/2025,OMEGA_BROKING,CL626763,SBIN,B,146,118.42,17289.32
2025-11-21,BETA_INVEST,CL651250,LT,B,95,544.22,51700.9
2025-11-24,ALPHA_SEC,CL366390,INFY,S,300,695.26,208578.0
26/11/2025,OMEGA_BROKING,CL976623,INFY,B,27,2300.23,62106.21
21-Nov-25,DELTA_TRADES,CL019760,RELIANCE,B,173,1051.73,181949.29
29-Nov-25,ALPHA_SEC,CL073647,ITC,S,210,2319.07,487004.7
22/11/2025,OMEGA_BROKING,CL794556,SBIN,S,70,2188.83,153218.1
20-Nov-25,BETA_INVEST,CL043020,TATAMOTORS,B,150,241.04,36156.0
25-Nov-25,DELTA_TRADES,CL813773,RELIANCE,B,322,2778.45,894660.9
11-26-2025,DELTA_TRADES,CL463997,RELIANCE,S,306,1146.32,350773.92
11-21-2025,DELTA_TRADES,CL831007,LT,S,385,1706.52,657010.2
22-Nov-25,OMEGA_BROKING,CL409825,INFY,S,151,160.23,24194.73
20-Nov-25,ALPHA_SEC,CL321865,INFY,B,86,1150.69,98959.34
20-Nov-25,ALPHA_SEC,CL276886,INFY,B,253,2329.52,589368.56
22/11/2025,OMEGA_BROKING,CL049600,ITC,B,17,1050.81,
25-Nov-25,BETA_INVEST,CL626988,INFY,S,17,2609.81,44366.77
26-Nov-25,ALPHA_SEC,CL592874,ITC,S,142,1655.32,235055.44
23-Nov-25,ALPHA_SEC,CL397081,RELIANCE,S,356,2332.58,830398.48
11-23-2025,OMEGA_BROKING,CL542527,AXISBANK,B,195,1412.64,275464.8
25-Nov-25,OMEGA_BROKING,CL372441,LT,S,143,2766.65,395630.95
22/11/2025,DELTA_TRADES,CL757929,ITC,B,162,329.62,53398.44
22-Nov-25,DELTA_TRADES,CL173236,AXISBANK,B,58,1479.87,85832.46
22/11/2025,BETA_INVEST,CL385079,ICICIBANK,B,146,2645.83,386291.18
22/11/2025,BETA_INVEST,CL884378,KOTAKBANK,S,363,2686.71,975275.73
26/11/2025,OMEGA_BROKING,CL635635,TATAMOTORS,S,371,2313.01,858126.71
22-Nov-25,OMEGA_BROKING,CL636177,ITC,S,208,2798.28,582042.24
11-24-2025,OMEGA_BROKING,CL225575,RELIANCE,S,233,145.55,33913.15
22/11/2025,DELTA_TRADES,CL490400,AXISBANK,B,28,1496.57,41903.96
24-Nov-25,ALPHA_SEC,CL489863,TATAMOTORS,B,136,1680.05,228486.8
29-Nov-25,DELTA_TRADES,CL773183,SBIN,S,394,2533.61,998242.34
11-20-2025,DELTA_TRADES,CL265673,KOTAKBANK,B,120,508.28,60993.6
11-26-2025,ALPHA_SEC,CL310831,INFY,S,265,1103.26,292363.9
2025-11-24,OMEGA_BROKING,CL714519,SBIN,B,172,2785.34,479078.48
11-20-2025,DELTA_TRADES,CL573803,AXISBANK,S,20,1509.56,30191.2
2025-11-29,DELTA_TRADES,CL742383,HDFC,B,18,412.9,7432.2
21/11/2025,ALPHA_SEC,CL305449,AXISBANK,S,358,443.12,158636.96
20-Nov-25,DELTA_TRADES,CL373052,RELIANCE,S,212,926.92,196507.04
22-Nov-25,DELTA_TRADES,CL976007,HDFC,S,286,2653.44,758883.84
22-Nov-25,ALPHA_SEC,CL016735,LT,B,348,2369.92,824732.16
22-Nov-25,OMEGA_BROKING,CL056218,KOTAKBANK,S,287,1101.58,316153.46
2025-11-24,DELTA_TRADES,CL716550,TATAMOTORS,S,374,1412.03,528099.22
11-22-2025,DELTA_TRADES,CL041467,LT,S,30,2160.16,64804.8
11-20-2025,ALPHA_SEC,CL087661,ICICIBANK,B,9,570.22,5131.98
2025-11-24,ALPHA_SEC,CL296886,SBIN,B,276,2389.3,659446.8
11-22-2025,ALPHA_SEC,CL643573,KOTAKBANK,B,191,1623.15,310021.65
2025-11-26,BETA_INVEST,CL481675,ICICIBANK,B,89,298.0,26522.0
21/11/2025,BETA_INVEST,CL376899,AXISBANK,B,14,2568.86,35964.04
11-25-2025,BETA_INVEST,CL108421,ICICIBANK,B,105,272.46,28608.3
29/11/2025,OMEGA_BROKING,CL205284,KOTAKBANK,S,33,1830.45,90312.53
2025-11-22,DELTA_TRADES,CL098457,RELIANCE,B,345,1404.19,484445.55
2025-11-24,DELTA_TRADES,CL855320,SBIN,B,264,787.39,207870.96
20/11/2025,OMEGA_BROKING,CL428895,ICICIBANK,B,383,1165.57,446413.31
25/11/2025,BETA_INVEST,CL579254,LT,S,86,358.98,30872.28
11-25-2025,OMEGA_BROKING,CL280725,HDFC,B,169,1172.82,198206.58
21/11/2025,OMEGA_BROKING,CL814574,AXISBANK,S,233,523.56,121989.48
11-21-2025,ALPHA_SEC,CL775413,INFY,S,125,566.07,70758.75
11-22-2025,BETA_INVEST,CL003880,ICICIBANK,B,50,558.75,27937.5
2025-11-26,ALPHA_SEC,CL456354,RELIANCE,S,135,616.67,83250.45
24/11/2025,DELTA_TRADES,CL962035,ICICIBANK,B,23,431.37,9921.51
11-20-2025,ALPHA_SEC,CL715038,TATAMOTORS,B,246,2487.99,612045.54
23/11/2025,BETA_INVEST,CL321480,INFY,S,292,2107.99,615533.08
24/11/2025,ALPHA_SEC,CL743529,LT,S,61,154.66,9434.26
11-22-2025,BETA_INVEST,CL061109,HDFC,B,63,1088.56,68579.28
20/11/2025,OMEGA_BROKING,CL429543,SBIN,B,254,2268.69,576247.26
2025-11-20,BETA_INVEST,CL194629,RELIANCE,S,125,1676.26,209532.5
2025-11-21,DELTA_TRADES,CL002095,ICICIBANK,S,100,804.79,80479.0
23/11/2025,DELTA_TRADES,CL340052,LT,B,178,2188.6,389570.8
25/11/2025,DELTA_TRADES,CL009222,SBIN,S,22,2080.39,45768.58
21/11/2025,OMEGA_BROKING,CL360258,ITC,S,332,1262.47,419140.04
11-22-2025,ALPHA_SEC,CL719930,TATAMOTORS,B,237,1713.36,406066.32
2025-11-22,BETA_INVEST,CL388321,HDFC,S,39,914.56,35667.84
25/11/2025,ALPHA_SEC,CL987473,ICICIBANK,S,54,1385.57,74820.78
11-24-2025,OMEGA_BROKING,CL756919,TATAMOTORS,S,142,1335.25,189605.5
11-20-2025,OMEGA_BROKING,CL242153,RELIANCE,B,19,1866.57,35464.83
21/11/2025,BETA_INVEST,CL648917,RELIANCE,S,186,257.52,47898.72
2025-11-23,ALPHA_SEC,CL513844,INFY,S,157,2587.69,406267.33
22/11/2025,DELTA_TRADES,CL265025,ITC,B,104,346.54,36040.16
11-23-2025,DELTA_TRADES,CL623270,RELIANCE,S,103,2563.63,264053.89
26/11/2025,DELTA_TRADES,CL061517,ICICIBANK,S,15,597.78,8966.7
11-20-2025,DELTA_TRADES,CL888872,KOTAKBANK,B,50,1551.81,77590.5
24-Nov-25,OMEGA_BROKING,CL533780,KOTAKBANK,S,250,1624.18,406045.0
11-21-2025,ALPHA_SEC,CL751970,TATAMOTORS,S,336,2709.85,910509.6
22-Nov-25,BETA_INVEST,CL085908,HDFC,S,129,636.3,82082.7
20/11/2025,DELTA_TRADES,CL775214,TATAMOTORS,S,344,685.52,235818.88
11-26-2025,DELTA_TRADES,CL276642,LT,B,371,2622.71,973025.41
25-Nov-25,DELTA_TRADES,CL805038,INFY,B,153,2165.53,331326.09
23/11/2025,BETA_INVEST,CL264377,ITC,S,310,1173.22,363698.2
22-Nov-25,DELTA_TRADES,CL961923,KOTAKBANK,S,186,2163.4,402392.4
11-24-2025,OMEGA_BROKING,CL808967,ICICIBANK,B,77,2357.59,181534.43
21-Nov-25,DELTA_TRADES,CL024951,ICICIBANK,S,54,2207.56,119208.24
2025-11-23,ALPHA_SEC,CL692380,RELIANCE,S,360,192.93,69454.8
11-22-2025,DELTA_TRADES,CL940224,LT,S,202,1536.47,310366.94
11-21-2025,OMEGA_BROKING,CL227176,KOTAKBANK,B,238,1735.69,413094.22
26-Nov-25,BETA_INVEST,CL793130,HDFC,S,153,2366.87,362131.11
2025-11-24,OMEGA_BROKING,CL726242,KOTAKBANK,B,172,2191.48,376934.56
11-20-2025,DELTA_TRADES,CL709239,ITC,B,393,690.67,271433.31
2025-11-20,BETA_INVEST,CL015547,SBIN,S,325,1662.73,540387.25
26/11/2025,OMEGA_BROKING,CL954138,SBIN,B,161,2478.91,399104.51
2025-11-21,OMEGA_BROKING,CL533025,INFY,S,12,945.44,11345.28
26/11/2025,OMEGA_BROKING,CL756560,SBIN,S,396,1895.13,750471.48
21/11/2025,BETA_INVEST,CL103954,AXISBANK,S,169,1100.46,185977.74
20-Nov-25,OMEGA_BROKING,CL500745,AXISBANK,B,345,2589.28,893301.6
2025-11-24,BETA_INVEST,CL034598,TATAMOTORS,B,348,134.42,46778.16
11-20-2025,ALPHA_SEC,CL141643,HDFC,B,67,2687.59,180068.53
2025-11-23,DELTA_TRADES,CL703465,ICICIBANK,S,234,447.55,104726.7
11-24-2025,BETA_INVEST,CL303505,LT,B,230,494.38,113707.4
11-26-2025,BETA_INVEST,CL708729,ICICIBANK,S,166,276.96,45975.36
11-22-2025,BETA_INVEST,CL814502,AXISBANK,S,20,315.23,6304.6
20/11/2025,OMEGA_BROKING,CL082917,RELIANCE,S,327,1731.89,566328.03
20/11/2025,DELTA_TRADES,CL781063,TATAMOTORS,S,399,148.28,59163.72
25/11/2025,DELTA_TRADES,CL169441,SBIN,B,229,142.35,32598.15
25/11/2025,OMEGA_BROKING,CL420916,SBIN,B,61,2752.82,167922.02
26/11/2025,OMEGA_BROKING,CL354961,ICICIBANK,B,210,423.02,88834.2
11-22-2025,OMEGA_BROKING,CL492150,KOTAKBANK,S,67,1389.07,93067.69
23/11/2025,DELTA_TRADES,CL121468,TATAMOTORS,S,75,1504.45,112833.75
2025-11-22,OMEGA_BROKING,CL915051,LT,S,385,2476.15,953317.75
21/11/2025,BETA_INVEST,CL317149,HDFC,B,320,1365.9,437088.0
22-Nov-25,ALPHA_SEC,CL585511,INFY,B,88,1946.29,171273.52
20/11/2025,OMEGA_BROKING,CL954216,RELIANCE,S,20,2400.74,48014.8
21/11/2025,DELTA_TRADES,CL718995,TATAMOTORS,S,262,120.92,31681.04
2025-11-25,ALPHA_SEC,CL910290,RELIANCE,S,192,2115.69,406212.48
11-21-2025,DELTA_TRADES,CL158047,RELIANCE,B,340,2696.97,1072343.34
2025-11-20,OMEGA_BROKING,CL264857,SBIN,S,150,1554.41,233161.5
2025-11-26,BETA_INVEST,CL237643,RELIANCE,B,234,2571.63,601761.42
22/11/2025,ALPHA_SEC,CL149064,ITC,B,164,1668.69,273665.16
2025-11-25,DELTA_TRADES,CL786086,LT,B,228,378.86,86380.08
11-25-2025,DELTA_TRADES,CL777768,KOTAKBANK,S,215,2139.81,460059.15
20-Nov-25,ALPHA_SEC,CL982106,ITC,S,382,2152.05,822083.1
22-Nov-25,DELTA_TRADES,CL304090,ITC,B,187,1961.7,366837.9
11-29-2025,BETA_INVEST,CL077900,INFY,B,357,285.76,102016.32
2025-11-24,ALPHA_SEC,CL786586,SBIN,S,357,490.72,175187.04
21/11/2025,DELTA_TRADES,CL864811,ICICIBANK,S,265,1448.47,383844.55
11-26-2025,OMEGA_BROKING,CL728167,SBIN,S,152,766.15,116454.8
2025-11-20,ALPHA_SEC,CL219163,RELIANCE,S,153,1386.71,212166.63
11-20-2025,DELTA_TRADES,CL268250,AXISBANK,S,304,2542.47,772910.88
2025-11-22,OMEGA_BROKING,CL991511,ITC,S,255,2239.67,571115.85
11-29-2025,OMEGA_BROKING,CL897162,KOTAKBANK,S,141,1701.21,239870.61
24/11/2025,BETA_INVEST,CL003360,HDFC,S,39,256.29,9995.31
24/11/2025,ALPHA_SEC,CL944788,ITC,S,73,2246.62,164003.26
25-Nov-25,DELTA_TRADES,CL611385,AXISBANK,S,377,1859.99,701216.23
11-20-2025,OMEGA_BROKING,CL254345,TATAMOTORS,S,321,2063.24,662300.04
2025-11-23,OMEGA_BROKING,CL737991,HDFC,B,164,1920.05,314888.2
24/11/2025,BETA_INVEST,CL750724,TATAMOTORS,S,214,1695.96,362935.44
24-Nov-25,ALPHA_SEC,CL255071,KOTAKBANK,S,175,2036.28,356349.0
11-26-2025,OMEGA_BROKING,CL732405,RELIANCE,S,133,1916.99,254959.67
23-Nov-25,DELTA_TRADES,CL685114,RELIANCE,S,104,569.19,59195.76
11-20-2025,ALPHA_SEC,CL511933,SBIN,S,204,1157.9,236211.6
26/11/2025,DELTA_TRADES,CL249109,AXISBANK,S,185,545.19,100860.15
29/11/2025,DELTA_TRADES,CL323702,LT,B,344,2723.98,937049.12
26-Nov-25,ALPHA_SEC,CL806331,HDFC,B,265,1500.79,397709.35
2025-11-24,ALPHA_SEC,CL310688,AXISBANK,S,400,631.33,252532.0
25/11/2025,ALPHA_SEC,CL609646,HDFC,B,212,1870.47,396539.64
2025-11-23,DELTA_TRADES,CL926294,ITC,S,226,2253.36,509259.36
2025-11-21,OMEGA_BROKING,CL400020,RELIANCE,B,163,817.87,133312.81
11-26-2025,DELTA_TRADES,CL918261,RELIANCE,B,264,1896.93,500789.52
22-Nov-25,OMEGA_BROKING,CL763898,SBIN,B,56,738.53,41357.68
2025-11-20,ALPHA_SEC,CL682684,RELIANCE,B,382,2769.69,1058021.58
11-25-2025,BETA_INVEST,CL941821,RELIANCE,B,314,1315.46,413054.44
25/11/2025,ALPHA_SEC,CL056788,KOTAKBANK,B,382,481.63,183982.66
2025-11-25,DELTA_TRADES,CL356436,HDFC,S,49,2513.75,123173.75
11-23-2025,ALPHA_SEC,CL453877,LT,S,124,266.36,33028.64
2025-11-21,BETA_INVEST,CL719361,RELIANCE,B,190,152.83,22513.36
11-25-2025,ALPHA_SEC,CL042703,ICICIBANK,S,22,1372.49,30194.78
24/11/2025,ALPHA_SEC,CL156875,AXISBANK,S,317,2314.04,733550.68
11-26-2025,OMEGA_BROKING,CL599032,INFY,B,136,109.6,14905.6
11-22-2025,DELTA_TRADES,CL092059,ICICIBANK,S,69,299.04,20633.76
22-Nov-25,BETA_INVEST,CL537037,HDFC,S,80,2676.06,214084.8
23-Nov-25,DELTA_TRADES,CL979604,TATAMOTORS,S,396,708.05,280387.8
24-Nov-25,OMEGA_BROKING,CL624700,INFY,S,350,224.28,78498.0
22/11/2025,DELTA_TRADES,CL958524,TATAMOTORS,S,68,2755.45,187370.6
2025-11-24,DELTA_TRADES,CL953276,HDFC,S,26,310.76,8079.76
2025-11-22,BETA_INVEST,CL964268,AXISBANK,B,280,1172.27,328235.6
2025-11-29,BETA_INVEST,CL186418,TATAMOTORS,B,211,1512.54,319145.94
26/11/2025,DELTA_TRADES,CL438441,KOTAKBANK,S,270,1549.62,274017.9
23/11/2025,OMEGA_BROKING,CL866345,TATAMOTORS,B,302,907.91,274188.82
11-23-2025,DELTA_TRADES,CL602844,KOTAKBANK,B,97,857.02,83130.94
2025-11-22,DELTA_TRADES,CL258060,KOTAKBANK,S,69,136.68,9430.92
20/11/2025,ALPHA_SEC,CL164288,AXISBANK,S,230,1001.06,230243.8
21-Nov-25,OMEGA_BROKING,CL473996,ICICIBANK,S,99,2557.19,253161.81
24-Nov-25,ALPHA_SEC,CL695349,AXISBANK,S,339,1967.46,666968.94
23-Nov-25,OMEGA_BROKING,CL201053,LT,S,287,594.68,170673.16
29-Nov-25,ALPHA_SEC,CL970884,INFY,S,343,2587.35,887461.05
11-20-2025,OMEGA_BROKING,CL362019,RELIANCE,B,384,1169.21,448976.64
21/11/2025,DELTA_TRADES,CL561791,RELIANCE,B,345,565.79,195197.55
11-21-2025,ALPHA_SEC,CL823715,RELIANCE,S,326,1269.69,413918.94
2025-11-26,BETA_INVEST,CL676815,ICICIBANK,S,291,1423.33,414189.03
24/11/2025,BETA_INVEST,CL874520,RELIANCE,B,54,1922.45,103812.3
2025-11-20,DELTA_TRADES,CL115439,TATAMOTORS,B,245,1432.01,350842.45
23-Nov-25,ALPHA_SEC,CL065157,SBIN,S,361,1856.87,670330.07
25/11/2025,ALPHA_SEC,CL605887,SBIN,B,363,739.46,268423.98
24/11/2025,BETA_INVEST,CL880688,INFY,S,32,1601.3,51241.6
24-Nov-25,BETA_INVEST,CL949670,SBIN,B,171,2624.51,448791.21
2025-11-20,DELTA_TRADES,CL056413,KOTAKBANK,B,280,1904.12,533153.6
2025-11-26,ALPHA_SEC,CL929446,LT,S,165,681.02,112368.3
11-23-2025,OMEGA_BROKING,CL459031,HDFC,B,333,446.19,148581.27
24-Nov-25,BETA_INVEST,CL260562,ITC,S,29,2703.34,78396.86
22-Nov-25,OMEGA_BROKING,CL173832,LT,B,273,2702.23,737708.79
21/11/2025,BETA_INVEST,CL332248,INFY,S,54,491.14,26521.56
11-22-2025,DELTA_TRADES,CL575223,LT,S,12,2249.46,26993.52
2025-11-22,DELTA_TRADES,CL357884,SBIN,S,146,2635.83,384831.18
11-25-2025,ALPHA_SEC,CL766846,INFY,B,351,1268.83,445359.33
2025-11-20,ALPHA_SEC,CL991125,ICICIBANK,S,161,250.15,40274.15
26-Nov-25,BETA_INVEST,CL940064,TATAMOTORS,B,383,1654.48,633665.84
11-22-2025,DELTA_TRADES,CL297893,KOTAKBANK,B,289,1464.79,423324.31
20-Nov-25,BETA_INVEST,CL035507,INFY,B,234,823.57,192715.38
24-Nov-25,ALPHA_SEC,CL628485,ICICIBANK,B,284,658.23,186937.32
11-23-2025,BETA_INVEST,CL196330,KOTAKBANK,B,127,1886.55,239591.85
11-23-2025,OMEGA_BROKING,CL266221,ICICIBANK,B,318,737.08,234391.44
25-Nov-25,OMEGA_BROKING,CL844318,TATAMOTORS,S,220,833.85,183447.0
23/11/2025,OMEGA_BROKING,CL462133,ICICIBANK,B,96,1217.9,116918.4
23-Nov-25,ALPHA_SEC,CL545318,AXISBANK,S,208,2385.91,496269.28
25/11/2025,BETA_INVEST,CL454974,RELIANCE,B,220,1830.91,402800.2
23/11/2025,OMEGA_BROKING,CL638110,SBIN,B,246,246.04,60525.84
21/11/2025,BETA_INVEST,CL119466,ITC,S,265,2301.35,609857.75
11-23-2025,DELTA_TRADES,CL026117,AXISBANK,B,251,2367.39,594214.89
21-Nov-25,OMEGA_BROKING,CL301379,ICICIBANK,B,190,2600.39,494074.1
11-21-2025,ALPHA_SEC,CL199604,HDFC,B,56,1387.47,77698.32
22/11/2025,ALPHA_SEC,CL046904,ICICIBANK,B,318,2508.71,797769.78
2025-11-26,OMEGA_BROKING,CL921267,AXISBANK,S,66,1611.71,106372.86
22/11/2025,ALPHA_SEC,CL520317,INFY,B,211,2584.02,545228.22
26-Nov-25,OMEGA_BROKING,CL510946,ICICIBANK,B,333,1283.62,427445.46
25/11/2025,DELTA_TRADES,CL899587,INFY,B,103,602.25,62031.75
21-Nov-25,BETA_INVEST,CL035297,RELIANCE,S,328,1772.86,581498.08
20/11/2025,DELTA_TRADES,CL020352,INFY,B,316,1248.64,394570.24
21/11/2025,BETA_INVEST,CL057689,TATAMOTORS,S,247,1054.98,260580.06
2025-11-21,OMEGA_BROKING,CL005704,AXISBANK,B,43,546.9,23516.7
11-26-2025,BETA_INVEST,CL131040,ICICIBANK,S,354,1109.02,392593.08
11-21-2025,OMEGA_BROKING,CL440566,KOTAKBANK,S,96,2333.88,224052.48
21/11/2025,OMEGA_BROKING,CL255898,KOTAKBANK,B,392,2044.04,801263.68
26/11/2025,ALPHA_SEC,CL312726,RELIANCE,B,122,779.47,95095.34
22-Nov-25,OMEGA_BROKING,CL223651,AXISBANK,S,125,305.76,38220.0
22-Nov-25,BETA_INVEST,CL027321,KOTAKBANK,S,17,2533.77,43074.09
11-22-2025,DELTA_TRADES,CL446204,HDFC,B,388,968.69,375851.72
26/11/2025,OMEGA_BROKING,CL650486,TATAMOTORS,S,60,1510.41,90624.6
24/11/2025,ALPHA_SEC,CL501573,TATAMOTORS,B,52,2648.47,137720.44
22-Nov-25,OMEGA_BROKING,CL164465,ITC,S,205,2255.54,462385.7
25/11/2025,DELTA_TRADES,CL808134,SBIN,B,159,1236.11,196541.49
11-24-2025,OMEGA_BROKING,CL804058,HDFC,S,149,2116.27,315324.23
23/11/2025,ALPHA_SEC,CL105586,KOTAKBANK,B,394,1780.7,701595.8
2025-11-26,ALPHA_SEC,CL556119,TATAMOTORS,B,356,1366.85,486598.6
23-Nov-25,BETA_INVEST,CL248930,LT,S,237,146.39,34694.43
29/11/2025,DELTA_TRADES,CL282036,INFY,S,123,2726.59,335370.57
2025-11-22,DELTA_TRADES,CL923918,SBIN,S,267,2435.82,650363.94
21-Nov-25,BETA_INVEST,CL296578,TATAMOTORS,B,298,1588.39,473340.22
20-Nov-25,ALPHA_SEC,CL803780,RELIANCE,B,355,2157.12,
23/11/2025,OMEGA_BROKING,CL210056,HDFC,S,376,136.75,51418.0
24/11/2025,BETA_INVEST,CL062102,RELIANCE,S,267,2175.4,580831.8
22-Nov-25,BETA_INVEST,CL427298,AXISBANK,B,23,281.2,6467.6
26-Nov-25,OMEGA_BROKING,CL242085,SBIN,S,377,814.67,307130.59
11-21-2025,BETA_INVEST,CL079269,LT,B,116,2673.61,310138.76
11-22-2025,ALPHA_SEC,CL987036,HDFC,S,128,1378.11,176398.08
11-26-2025,BETA_INVEST,CL146186,KOTAKBANK,S,335,1126.33,377320.55
24-Nov-25,ALPHA_SEC,CL533731,LT,S,368,2233.57,821953.76
11-25-2025,BETA_INVEST,CL711311,RELIANCE,B,54,275.31,14866.74
11-21-2025,DELTA_TRADES,CL176457,ITC,B,45,2710.45,121970.25
22/11/2025,OMEGA_BROKING,CL841831,ITC,B,215,973.11,209218.65
24-Nov-25,BETA_INVEST,CL614795,ICICIBANK,S,351,657.08,230635.08
21-Nov-25,BETA_INVEST,CL277491,ITC,B,128,130.33,16682.24
2025-11-20,BETA_INVEST,CL143493,AXISBANK,S,300,2148.24,644472.0
21-Nov-25,BETA_INVEST,CL726095,INFY,B,181,2018.31,365314.11
11-29-2025,DELTA_TRADES,CL685176,SBIN,S,66,1914.96,126387.36
26-Nov-25,DELTA_TRADES,CL568953,INFY,S,158,1080.51,170720.58
2025-11-20,DELTA_TRADES,CL126898,INFY,S,227,955.97,217005.19
21-Nov-25,ALPHA_SEC,CL550993,LT,S,271,2293.45,621524.95
2025-11-26,OMEGA_BROKING,CL358558,AXISBANK,S,363,225.63,81903.69
11-22-2025,OMEGA_BROKING,CL719247,INFY,S,324,1570.92,508978.08
26-Nov-25,BETA_INVEST,CL705724,LT,B,318,2744.36,872706.48
24-Nov-25,OMEGA_BROKING,CL885266,ICICIBANK,S,393,1345.96,528962.28
2025-11-25,OMEGA_BROKING,CL728526,INFY,B,9,398.19,3583.71
2025-11-24,ALPHA_SEC,CL391817,KOTAKBANK,B,121,854.19,103356.99
21-Nov-25,BETA_INVEST,CL623228,RELIANCE,S,101,1140.65,115205.65
11-25-2025,OMEGA_BROKING,CL827700,RELIANCE,B,380,1991.51,756773.8
20/11/2025,DELTA_TRADES,CL918457,SBIN,S,267,1905.02,508640.34
21/11/2025,DELTA_TRADES,CL010763,RELIANCE,B,38,234.82,8923.16
24-Nov-25,DELTA_TRADES,CL793403,TATAMOTORS,S,369,2561.85,945322.65
11-23-2025,OMEGA_BROKING,CL133080,ITC,S,237,231.47,54858.39
21/11/2025,DELTA_TRADES,CL448416,KOTAKBANK,B,172,2259.82,388689.04
11-24-2025,BETA_INVEST,CL276261,SBIN,B,320,1110.76,355443.2
20-Nov-25,DELTA_TRADES,CL363148,ICICIBANK,S,29,195.11,5658.19
20-Nov-25,DELTA_TRADES,CL611798,ITC,S,64,901.07,57668.48
2025-11-20,ALPHA_SEC,CL665875,HDFC,B,88,278.65,24521.2
2025-11-26,ALPHA_SEC,CL600994,INFY,B,349,2629.75,917782.75
2025-11-22,ALPHA_SEC,CL832527,TATAMOTORS,B,334,1216.84,406424.56
11-21-2025,DELTA_TRADES,CL711452,ICICIBANK,S,14,937.63,13126.82
2025-11-22,OMEGA_BROKING,CL514951,INFY,S,345,1868.56,644653.2
29-Nov-25,BETA_INVEST,CL960826,KOTAKBANK,S,357,2711.72,968084.04
29/11/2025,DELTA_TRADES,CL598848,RELIANCE,S,34,2397.85,81526.9
2025-11-23,DELTA_TRADES,CL207132,HDFC,S,215,1831.68,393811.2
11-26-2025,OMEGA_BROKING,CL535647,LT,B,16,1398.71,22379.36
20/11/2025,BETA_INVEST,CL897772,TATAMOTORS,S,79,675.01,53325.79
25/11/2025,OMEGA_BROKING,CL209185,RELIANCE,B,273,1563.28,349372.66
23/11/2025,BETA_INVEST,CL516343,ITC,S,155,1897.81,294160.55
11-21-2025,BETA_INVEST,CL115665,ITC,S,165,500.67,82610.55
20/11/2025,OMEGA_BROKING,CL470902,HDFC,B,112,2100.6,235267.2
11-23-2025,ALPHA_SEC,CL981424,KOTAKBANK,B,270,1490.84,402526.8
22-Nov-25,ALPHA_SEC,CL572573,ITC,B,392,228.12,89423.04
11-26-2025,BETA_INVEST,CL625384,ITC,S,154,2709.0,417186.0
23-Nov-25,ALPHA_SEC,CL568838,SBIN,B,29,2225.5,63569.15
11-25-2025,OMEGA_BROKING,CL885930,KOTAKBANK,S,239,677.43,161905.77
24/11/2025,ALPHA_SEC,CL672138,TATAMOTORS,S,392,2433.63,953982.96
20/11/2025,BETA_INVEST,CL378659,ICICIBANK,B,363,658.26,238948.38
25/11/2025,ALPHA_SEC,CL722430,TATAMOTORS,B,199,1988.79,395769.21
29/11/2025,ALPHA_SEC,CL392078,HDFC,S,90,542.38,48814.2
2025-11-26,BETA_INVEST,CL324261,SBIN,S,11,683.67,7520.37
11-21-2025,ALPHA_SEC,CL140704,ICICIBANK,S,3,993.73,2981.19
29/11/2025,DELTA_TRADES,CL710980,HDFC,S,34,1872.66,63670.44
2025-11-26,BETA_INVEST,CL162807,RELIANCE,B,66,1038.25,68524.5
20/11/2025,DELTA_TRADES,CL024989,SBIN,S,131,2583.4,338425.4
11-20-2025,DELTA_TRADES,CL533032,SBIN,B,330,2524.25,833002.5
11-22-2025,BETA_INVEST,CL123483,AXISBANK,S,174,1194.33,207813.42
2025-11-21,ALPHA_SEC,CL925117,KOTAKBANK,S,329,532.55,175208.95
11-22-2025,BETA_INVEST,CL667422,RELIANCE,B,286,1959.21,560334.06
25/11/2025,BETA_INVEST,CL374912,ICICIBANK,B,56,2442.43,136776.08
2025-11-21,OMEGA_BROKING,CL582234,HDFC,B,26,1276.22,33181.72
2025-11-24,ALPHA_SEC,CL675437,ITC,S,107,870.65,93159.55
2025-11-23,DELTA_TRADES,CL337867,TATAMOTORS,S,280,1109.98,310794.4
20-Nov-25,DELTA_TRADES,CL218147,ICICIBANK,B,310,808.14,250523.4
2025-11-21,ALPHA_SEC,CL212158,TATAMOTORS,S,100,2752.99,275299.0
2025-11-21,OMEGA_BROKING,CL056039,RELIANCE,S,337,1888.41,636394.17
21/11/2025,ALPHA_SEC,CL495284,ITC,S,26,413.21,10743.46
24/11/2025,DELTA_TRADES,CL841285,KOTAKBANK,B,54,1485.34,80208.36
25-Nov-25,OMEGA_BROKING,CL741075,ITC,S,113,1904.46,215203.98
11-24-2025,OMEGA_BROKING,CL445150,AXISBANK,B,224,667.6,
11-23-2025,BETA_INVEST,CL033490,AXISBANK,B,191,2652.97,506717.27
2025-11-20,ALPHA_SEC,CL240663,INFY,S,79,374.86,29613.94
11-23-2025,ALPHA_SEC,CL042263,KOTAKBANK,B,349,2286.86,798114.14
26-Nov-25,DELTA_TRADES,CL046646,ITC,S,44,958.87,42190.28
11-25-2025,ALPHA_SEC,CL792393,LT,S,135,2154.92,290914.2
22-Nov-25,DELTA_TRADES,CL140389,ICICIBANK,B,313,1349.73,422465.49
22/11/2025,BETA_INVEST,CL862811,KOTAKBANK,B,352,1650.08,580828.16
11-22-2025,BETA_INVEST,CL985028,LT,S,249,2337.48,582032.52
11-25-2025,ALPHA_SEC,CL920395,HDFC,S,6,527.05,3162.3
25-Nov-25,BETA_INVEST,CL966580,AXISBANK,S,120,1457.61,174913.2
22/11/2025,OMEGA_BROKING,CL649323,KOTAKBANK,S,267,2321.23,619768.41
11-24-2025,DELTA_TRADES,CL272630,ITC,B,57,2384.89,135938.73
2025-11-29,OMEGA_BROKING,CL310788,ICICIBANK,S,105,341.71,35879.55
2025-11-29,OMEGA_BROKING,CL229117,LT,S,315,1296.29,408331.35
20-Nov-25,DELTA_TRADES,CL159651,HDFC,B,149,732.48,109139.52
21-Nov-25,ALPHA_SEC,CL961794,ICICIBANK,S,163,1697.83,276746.29
2025-11-22,OMEGA_BROKING,CL119156,INFY,B,114,1905.82,217263.48
26-Nov-25,BETA_INVEST,CL301712,ITC,B,382,1290.47,595640.44
20-Nov-25,OMEGA_BROKING,CL763287,INFY,S,3,1553.25,4659.75
23/11/2025,BETA_INVEST,CL084528,ICICIBANK,S,68,1150.97,78265.96
25-Nov-25,ALPHA_SEC,CL862081,RELIANCE,B,39,1236.27,48214.53
29/11/2025,DELTA_TRADES,CL995316,TATAMOTORS,S,136,2668.81,362958.16
2025-11-23,OMEGA_BROKING,CL867168,ITC,B,70,2604.11,182287.7
2025-11-21,ALPHA_SEC,CL528611,INFY,B,253,2110.8,534032.4
24/11/2025,OMEGA_BROKING,CL880213,TATAMOTORS,S,2,528.03,1056.06
11-26-2025,OMEGA_BROKING,CL772440,RELIANCE,B,132,2526.08,333442.56
11-23-2025,BETA_INVEST,CL007456,HDFC,B,170,505.72,
2025-11-26,BETA_INVEST,CL883322,SBIN,S,249,1509.1,375765.9
11-22-2025,OMEGA_BROKING,CL772689,ICICIBANK,S,45,1542.92,69431.4
2025-11-21,BETA_INVEST,CL625774,TATAMOTORS,B,223,2395.66,534232.18
11-21-2025,BETA_INVEST,CL790416,LT,B,362,737.16,266851.92
11-20-2025,BETA_INVEST,CL318068,AXISBANK,S,312,444.38,138646.56
2025-11-22,DELTA_TRADES,CL964785,ITC,S,20,534.93,10698.6
21-Nov-25,OMEGA_BROKING,CL585075,RELIANCE,B,385,2502.91,963620.35
26/11/2025,DELTA_TRADES,CL780121,ICICIBANK,B,388,575.26,223200.88
24/11/2025,ALPHA_SEC,CL600625,RELIANCE,B,11,232.08,2552.88
25/11/2025,ALPHA_SEC,CL535129,AXISBANK,S,349,2585.16,902220.84
11-26-2025,ALPHA_SEC,CL211244,INFY,S,150,301.57,45235.5
11-26-2025,DELTA_TRADES,CL802668,HDFC,B,75,2090.17,156762.75
26/11/2025,OMEGA_BROKING,CL434186,RELIANCE,S,285,1321.91,376744.35
11-20-2025,ALPHA_SEC,CL804542,ITC,S,33,2596.87,116065.27
2025-11-20,ALPHA_SEC,CL461718,ITC,S,379,526.32,199475.28
22/11/2025,ALPHA_SEC,CL535867,ITC,B,63,2662.12,167713.56
25-Nov-25,BETA_INVEST,CL108341,ITC,B,249,2097.49,522275.01
11-22-2025,ALPHA_SEC,CL842656,KOTAKBANK,S,233,1472.38,343064.54
11-22-2025,DELTA_TRADES,CL633896,SBIN,B,310,2428.93,752968.3
21-Nov-25,DELTA_TRADES,CL982653,ITC,B,241,809.32,
11-24-2025,ALPHA_SEC,CL401275,SBIN,S,44,829.96,36518.24
11-23-2025,OMEGA_BROKING,CL591547,ITC,S,327,2414.82,789646.14
26/11/2025,OMEGA_BROKING,CL867282,SBIN,S,393,1901.46,747273.78
22-Nov-25,ALPHA_SEC,CL853361,SBIN,B,303,1185.96,359345.88
2025-11-24,BETA_INVEST,CL025634,KOTAKBANK,S,364,1004.87,365772.68
11-20-2025,DELTA_TRADES,CL507657,HDFC,B,11,1868.18,20549.98
11-21-2025,BETA_INVEST,CL864778,SBIN,S,283,581.33,164516.39
22/11/2025,BETA_INVEST,CL905529,TATAMOTORS,S,49,382.73,18753.77
23/11/2025,DELTA_TRADES,CL066537,LT,S,97,1967.55,190852.35
2025-11-23,ALPHA_SEC,CL564637,HDFC,B,14,2704.19,37858.66
23/11/2025,OMEGA_BROKING,CL003614,TATAMOTORS,S,93,2680.84,249318.12
29/11/2025,DELTA_TRADES,CL876086,RELIANCE,B,366,590.74,216210.84
2025-11-24,DELTA_TRADES,CL526311,AXISBANK,B,225,2759.66,620923.5
23-Nov-25,ALPHA_SEC,CL978611,ICICIBANK,S,288,2086.16,600814.08
11-21-2025,OMEGA_BROKING,CL946243,ICICIBANK,S,46,924.03,42505.38
2025-11-22,DELTA_TRADES,CL163856,TATAMOTORS,B,104,694.85,72264.4
11-25-2025,ALPHA_SEC,CL483809,HDFC,S,245,2779.56,680992.2
21-Nov-25,ALPHA_SEC,CL958045,INFY,S,298,1881.66,560734.68
11-21-2025,ALPHA_SEC,CL972574,HDFC,S,282,607.89,171424.98
21/11/2025,DELTA_TRADES,CL915421,TATAMOTORS,B,22,353.68,7780.96
11-22-2025,ALPHA_SEC,CL923505,TATAMOTORS,B,175,2538.55,444246.25
11-29-2025,OMEGA_BROKING,CL903687,AXISBANK,S,318,1794.39,570616.02
2025-11-24,DELTA_TRADES,CL921619,ITC,B,383,1950.84,747171.72
25/11/2025,ALPHA_SEC,CL344147,ITC,S,252,2115.98,533226.96
2025-11-25,BETA_INVEST,CL378298,HDFC,B,312,1820.21,567905.52
11-22-2025,OMEGA_BROKING,CL417296,SBIN,B,268,1667.27,446828.36
25/11/2025,ALPHA_SEC,CL912150,RELIANCE,S,374,2502.34,935875.16
11-23-2025,BETA_INVEST,CL075061,HDFC,S,11,1725.62,18981.82
24/11/2025,DELTA_TRADES,CL953651,ICICIBANK,S,343,2719.99,932956.57
2025-11-20,BETA_INVEST,CL755454,SBIN,B,398,2110.87,840126.26
23/11/2025,DELTA_TRADES,CL280394,KOTAKBANK,S,341,1967.73,670995.93
23/11/2025,OMEGA_BROKING,CL636643,ICICIBANK,S,32,1119.74,35831.68
22/11/2025,OMEGA_BROKING,CL209110,AXISBANK,S,149,1806.59,269181.91
2025-11-25,BETA_INVEST,CL535495,KOTAKBANK,S,4,1002.25,4009.0
23-Nov-25,DELTA_TRADES,CL772350,ITC,B,317,1150.89,364832.13
23-Nov-25,OMEGA_BROKING,CL071891,SBIN,S,355,2530.36,898277.8
23/11/2025,ALPHA_SEC,CL268909,INFY,S,192,1318.38,253128.96
2025-11-24,BETA_INVEST,CL237685,RELIANCE,B,272,1736.19,472243.68
22-Nov-25,OMEGA_BROKING,CL330527,HDFC,B,197,2298.43,452790.71
11-22-2025,DELTA_TRADES,CL377105,AXISBANK,B,45,389.01,17505.45
26-Nov-25,DELTA_TRADES,CL428127,TATAMOTORS,B,188,2037.35,383021.8
20-Nov-25,DELTA_TRADES,CL451152,RELIANCE,S,304,2548.18,774646.72
11-23-2025,OMEGA_BROKING,CL578436,RELIANCE,B,110,394.61,43407.1
11-22-2025,BETA_INVEST,CL693036,TATAMOTORS,B,376,1747.64,657112.64
24/11/2025,BETA_INVEST,CL400697,LT,S,111,1529.01,169720.11
2025-11-21,OMEGA_BROKING,CL522252,ICICIBANK,B,259,911.12,235980.08
23-Nov-25,OMEGA_BROKING,CL766575,LT,B,115,607.35,69845.25
21-Nov-25,ALPHA_SEC,CL357101,ITC,S,152,2619.82,398212.64
20-Nov-25,BETA_INVEST,CL618116,LT,S,252,1437.51,362252.52
25/11/2025,ALPHA_SEC,CL633155,KOTAKBANK,B,85,1278.41,108664.85
24-Nov-25,BETA_INVEST,CL306630,INFY,S,61,2185.5,
21/11/2025,DELTA_TRADES,CL740317,TATAMOTORS,B,35,1839.51,64382.85
26-Nov-25,OMEGA_BROKING,CL831778,AXISBANK,S,191,2573.7,491576.7
22-Nov-25,OMEGA_BROKING,CL032855,AXISBANK,B,276,2690.19,742492.44
2025-11-22,DELTA_TRADES,CL618673,LT,S,226,817.65,184788.9
29/11/2025,ALPHA_SEC,CL645223,ITC,S,5,222.78,1113.9
29-Nov-25,ALPHA_SEC,CL318701,ICICIBANK,S,263,1905.49,501143.87
22/11/2025,OMEGA_BROKING,CL867927,RELIANCE,B,395,1421.35,561433.25
21-Nov-25,DELTA_TRADES,CL026133,KOTAKBANK,B,347,378.91,131481.77
11-22-2025,OMEGA_BROKING,CL539520,AXISBANK,S,28,2617.48,73289.44
11-24-2025,BETA_INVEST,CL432447,TATAMOTORS,B,57,1441.03,82138.71
2025-11-25,ALPHA_SEC,CL953435,AXISBANK,B,119,345.64,41131.16
29/11/2025,ALPHA_SEC,CL176334,INFY,B,151,356.06,53765.06
2025-11-25,BETA_INVEST,CL968882,AXISBANK,S,57,1001.02,57058.14
2025-11-22,DELTA_TRADES,CL850721,ITC,B,327,1720.99,562763.73
11-23-2025,OMEGA_BROKING,CL262948,ITC,B,195,654.18,127565.1
26-Nov-25,ALPHA_SEC,CL541658,SBIN,S,181,612.81,110918.61
2025-11-26,OMEGA_BROKING,CL711530,KOTAKBANK,B,87,2032.31,176810.97
24-Nov-25,OMEGA_BROKING,CL477925,TATAMOTORS,S,311,1749.57,764662.3
2025-11-26,BETA_INVEST,CL555563,RELIANCE,B,40,2092.31,83692.4
11-22-2025,ALPHA_SEC,CL811717,ICICIBANK,S,266,1451.7,386152.2
23/11/2025,ALPHA_SEC,CL508721,AXISBANK,B,325,471.85,153351.25
29-Nov-25,DELTA_TRADES,CL451223,INFY,B,250,776.7,194175.0
20-Nov-25,ALPHA_SEC,CL545167,KOTAKBANK,B,318,550.75,175138.5
11-22-2025,ALPHA_SEC,CL781094,LT,S,231,180.12,41607.72
2025-11-23,BETA_INVEST,CL862680,KOTAKBANK,B,378,1197.32,452586.96
11-22-2025,OMEGA_BROKING,CL449611,AXISBANK,S,22,624.67,13742.74
11-22-2025,ALPHA_SEC,CL924663,TATAMOTORS,S,148,1573.59,232891.32
26/11/2025,ALPHA_SEC,CL479469,HDFC,B,245,1409.69,345374.05
24-Nov-25,ALPHA_SEC,CL950711,AXISBANK,B,116,787.93,91399.88
29/11/2025,BETA_INVEST,CL243094,ITC,S,20,141.97,2839.4
11-23-2025,OMEGA_BROKING,CL496369,RELIANCE,S,337,572.75,193016.75
11-23-2025,ALPHA_SEC,CL334295,ITC,B,328,419.58,137622.24
26-Nov-25,DELTA_TRADES,CL009359,RELIANCE,B,292,2006.51,337720.87
2025-11-22,BETA_INVEST,CL532026,SBIN,B,146,1728.41,252347.86
2025-11-22,BETA_INVEST,CL197483,ITC,S,261,2278.5,594688.5
2025-11-24,BETA_INVEST,CL373639,KOTAKBANK,B,39,2517.17,98169.63
2025-11-25,DELTA_TRADES,CL366952,TATAMOTORS,S,251,678.97,170421.47
2025-11-23,DELTA_TRADES,CL310278,AXISBANK,B,197,2396.62,472134.14
2025-11-22,OMEGA_BROKING,CL770722,KOTAKBANK,S,297,948.43,281683.71
25/11/2025,ALPHA_SEC,CL310572,ICICIBANK,S,53,2183.61,115731.33
2025-11-22,OMEGA_BROKING,CL008656,SBIN,S,341,1981.76,675780.16
21/11/2025,ALPHA_SEC,CL199497,AXISBANK,B,306,2318.89,709580.34
2025-11-25,BETA_INVEST,CL401980,INFY,S,6,425.43,2552.58
2025-11-21,BETA_INVEST,CL067747,RELIANCE,B,194,1716.86,333070.84
22-Nov-25,BETA_INVEST,CL741883,TATAMOTORS,B,297,139.49,41428.53
23-Nov-25,ALPHA_SEC,CL911674,INFY,S,122,468.68,57178.96
21/11/2025,BETA_INVEST,CL301852,ITC,S,114,2344.48,267270.72
22/11/2025,ALPHA_SEC,CL408348,INFY,B,323,830.61,
11-23-2025,ALPHA_SEC,CL460350,SBIN,B,184,1876.7,345312.8
25-Nov-25,ALPHA_SEC,CL913761,LT,S,334,541.11,180730.74
22-Nov-25,ALPHA_SEC,CL004859,HDFC,B,380,2273.97,864108.6
11-22-2025,BETA_INVEST,CL463713,INFY,S,391,649.61,253997.51
2025-11-26,DELTA_TRADES,CL997396,ITC,B,64,2565.0,164160.0
2025-11-23,ALPHA_SEC,CL641918,KOTAKBANK,S,132,1931.12,254907.84
2025-11-25,DELTA_TRADES,CL502538,TATAMOTORS,S,224,1402.55,314171.2
2025-11-26,OMEGA_BROKING,CL637704,ITC,B,297,915.42,271879.74
11-24-2025,BETA_INVEST,CL762893,HDFC,S,42,2192.89,92101.38
11-23-2025,BETA_INVEST,CL153976,TATAMOTORS,S,374,1020.95,381835.3
11-24-2025,BETA_INVEST,CL566953,INFY,S,379,513.4,194578.6
2025-11-22,BETA_INVEST,CL959032,SBIN,B,184,2587.36,476074.24
22-Nov-25,DELTA_TRADES,CL509672,INFY,B,144,2181.78,314176.32
2025-11-24,ALPHA_SEC,CL592294,ITC,B,299,1995.45,596639.55
11-26-2025,DELTA_TRADES,CL874896,ICICIBANK,B,66,111.95,7388.7
25/11/2025,BETA_INVEST,CL302300,KOTAKBANK,B,378,2557.13,966595.14
2025-11-22,ALPHA_SEC,CL589779,HDFC,B,306,399.43,122225.58
23-Nov-25,DELTA_TRADES,CL332786,LT,S,256,1110.02,284165.12
11-20-2025,OMEGA_BROKING,CL355688,TATAMOTORS,S,28,177.03,4956.84
24/11/2025,OMEGA_BROKING,CL407261,HDFC,S,305,853.38,260280.9
22/11/2025,DELTA_TRADES,CL794045,SBIN,B,279,1902.76,530870.04
29-Nov-25,BETA_INVEST,CL799969,SBIN,B,311,1661.27,516654.97
23-Nov-25,DELTA_TRADES,CL184975,LT,S,72,1860.03,133922.16
2025-11-20,ALPHA_SEC,CL933334,KOTAKBANK,B,78,1493.35,116481.3
11-22-2025,DELTA_TRADES,CL033517,RELIANCE,B,121,2163.88,261829.48
2025-11-23,OMEGA_BROKING,CL230467,SBIN,S,286,565.92,161853.12
11-24-2025,ALPHA_SEC,CL108256,SBIN,S,129,2770.69,357419.01
2025-11-26,ALPHA_SEC,CL727071,TATAMOTORS,B,339,265.43,89980.77
11-26-2025,DELTA_TRADES,CL137213,TATAMOTORS,S,217,2794.26,606354.42
2025-11-22,OMEGA_BROKING,CL984913,HDFC,B,74,1492.24,110425.76
2025-11-21,OMEGA_BROKING,CL161346,TATAMOTORS,B,334,1323.41,442018.94
26-Nov-25,OMEGA_BROKING,CL563321,INFY,B,19,664.64,
26/11/2025,BETA_INVEST,CL789437,TATAMOTORS,B,350,1523.76,533316.0
24/11/2025,DELTA_TRADES,CL847210,TATAMOTORS,S,122,588.41,71786.02
11-26-2025,ALPHA_SEC,CL647521,ITC,S,241,228.35,55032.35
11-24-2025,OMEGA_BROKING,CL885521,RELIANCE,B,252,1074.27,270716.04
20-Nov-25,DELTA_TRADES,CL120607,INFY,S,390,2608.17,1017186.3
11-23-2025,ALPHA_SEC,CL416928,ITC,S,99,2714.51,268736.49
2025-11-21,ALPHA_SEC,CL010258,INFY,S,332,1031.4,342424.8
25-Nov-25,OMEGA_BROKING,CL755484,HDFC,B,357,2385.39,851584.23
23/11/2025,BETA_INVEST,CL979766,LT,S,212,202.02,42828.24
2025-11-22,BETA_INVEST,CL839793,ICICIBANK,B,279,1994.9,
11-22-2025,ALPHA_SEC,CL977367,HDFC,S,321,2260.57,725642.97
2025-11-23,OMEGA_BROKING,CL688841,HDFC,B,288,711.57,204932.16
11-20-2025,ALPHA_SEC,CL522515,ICICIBANK,B,192,1479.27,284019.84
23-Nov-25,OMEGA_BROKING,CL525707,ICICIBANK,B,58,2617.8,151832.4
24-Nov-25,BETA_INVEST,CL818040,TATAMOTORS,S,353,2072.64,731641.92
20-Nov-25,ALPHA_SEC,CL767875,ICICIBANK,S,298,1624.61,484133.78
11-25-2025,DELTA_TRADES,CL120647,KOTAKBANK,B,137,1461.42,200214.54
23-Nov-25,OMEGA_BROKING,CL486295,KOTAKBANK,B,234,2510.55,587468.7
22-Nov-25,ALPHA_SEC,CL418918,RELIANCE,S,61,2769.51,168940.11
11-24-2025,DELTA_TRADES,CL703287,INFY,B,292,2489.07,726808.44
26/11/2025,DELTA_TRADES,CL286013,LT,B,100,2160.89,216089.0
11-21-2025,ALPHA_SEC,CL109374,INFY,B,306,2235.84,684167.04
11-22-2025,BETA_INVEST,CL173317,INFY,B,381,123.58,47083.98
11-25-2025,OMEGA_BROKING,CL302770,INFY,S,161,350.31,56399.91
21/11/2025,BETA_INVEST,CL651020,HDFC,B,390,998.26,389321.4
11-24-2025,DELTA_TRADES,CL951219,ICICIBANK,B,342,1214.0,409708.39
2025-11-25,BETA_INVEST,CL134993,RELIANCE,B,264,608.01,160514.64
22-Nov-25,DELTA_TRADES,CL248054,SBIN,B,164,1324.9,217283.6
2025-11-20,BETA_INVEST,CL222383,SBIN,S,133,575.59,76553.47
20/11/2025,DELTA_TRADES,CL067537,RELIANCE,B,211,714.19,150694.09
2025-11-23,ALPHA_SEC,CL015006,TATAMOTORS,B,203,604.27,122666.81
2025-11-24,ALPHA_SEC,CL335885,LT,B,303,456.87,138431.61
2025-11-25,OMEGA_BROKING,CL529718,RELIANCE,B,238,324.93,77333.34
23-Nov-25,DELTA_TRADES,CL097636,RELIANCE,B,223,2159.66,481604.18
11-23-2025,OMEGA_BROKING,CL764721,HDFC,B,22,405.54,8921.88
20-Nov-25,ALPHA_SEC,CL174489,SBIN,S,69,450.1,31056.9
11-26-2025,ALPHA_SEC,CL956083,LT,B,180,1988.86,327959.95
26-Nov-25,ALPHA_SEC,CL730130,LT,S,142,558.74,79341.08
11-21-2025,DELTA_TRADES,CL430068,ICICIBANK,S,316,952.94,301129.04
22/11/2025,BETA_INVEST,CL246462,AXISBANK,B,359,160.37,57572.83
11-24-2025,BETA_INVEST,CL872200,SBIN,B,271,248.82,67430.22
2025-11-22,DELTA_TRADES,CL580615,KOTAKBANK,B,305,1937.09,590812.45
25/11/2025,OMEGA_BROKING,CL607039,AXISBANK,S,285,535.41,152591.85
2025-11-26,ALPHA_SEC,CL644713,AXISBANK,B,177,1500.17,265530.09
2025-11-24,BETA_INVEST,CL579981,AXISBANK,B,182,198.01,36037.82
26/11/2025,ALPHA_SEC,CL651928,ICICIBANK,B,105,530.78,55731.9
11-21-2025,DELTA_TRADES,CL666300,INFY,B,377,947.97,357384.69
22/11/2025,DELTA_TRADES,CL570961,SBIN,B,266,2144.25,570370.5
21-Nov-25,OMEGA_BROKING,CL088402,AXISBANK,B,371,132.44,49135.24
22-Nov-25,ALPHA_SEC,CL436764,ITC,B,230,2766.51,636297.3
2025-11-25,DELTA_TRADES,CL867144,AXISBANK,B,354,2549.89,902661.06
21/11/2025,ALPHA_SEC,CL450015,INFY,S,38,1925.86,73182.68
2025-11-22,DELTA_TRADES,CL134529,AXISBANK,S,224,2566.98,575003.52
21/11/2025,DELTA_TRADES,CL934736,ICICIBANK,S,46,366.9,16877.4
11-21-2025,BETA_INVEST,CL044796,AXISBANK,B,254,2001.21,508307.34
24-Nov-25,OMEGA_BROKING,CL164101,SBIN,B,20,2276.28,45525.6
26/11/2025,DELTA_TRADES,CL130465,KOTAKBANK,S,260,2562.49,666247.4
2025-11-21,ALPHA_SEC,CL776991,RELIANCE,B,325,2628.63,854304.75
26/11/2025,OMEGA_BROKING,CL092583,RELIANCE,S,334,685.29,228886.86
22-Nov-25,DELTA_TRADES,CL100670,LT,B,346,2165.31,749197.26
11-24-2025,OMEGA_BROKING,CL656671,LT,B,370,2671.86,988588.2
2025-11-24,OMEGA_BROKING,CL255142,HDFC,S,75,2656.08,199206.0
2025-11-26,DELTA_TRADES,CL639811,AXISBANK,S,90,2298.02,291274.4
26-Nov-25,OMEGA_BROKING,CL844447,AXISBANK,B,338,1582.37,
24/11/2025,DELTA_TRADES,CL859034,ICICIBANK,S,105,1239.97,130196.85
2025-11-23,BETA_INVEST,CL119128,KOTAKBANK,S,129,1566.0,
11-25-2025,ALPHA_SEC,CL817017,ICICIBANK,B,291,594.33,172950.03
2025-11-25,ALPHA_SEC,CL959795,ITC,S,199,117.94,23470.06
25-Nov-25,ALPHA_SEC,CL747757,INFY,B,286,521.23,149071.78
22/11/2025,OMEGA_BROKING,CL803839,ICICIBANK,B,369,1105.11,407785.59
2025-11-25,DELTA_TRADES,CL408257,KOTAKBANK,S,339,2100.22,711974.58
29-Nov-25,BETA_INVEST,CL614133,TATAMOTORS,S,299,894.81,267548.19
11-23-2025,OMEGA_BROKING,CL284966,AXISBANK,B,107,2430.8,260095.6
24-Nov-25,DELTA_TRADES,CL419388,LT,B,67,2288.04,153298.68
2025-11-21,ALPHA_SEC,CL031600,RELIANCE,B,216,714.57,154347.12
20/11/2025,DELTA_TRADES,CL768170,KOTAKBANK,B,336,1953.03,656218.08
2025-11-26,ALPHA_SEC,CL215295,TATAMOTORS,B,69,830.03,57272.07
11-20-2025,ALPHA_SEC,CL019188,ITC,S,2,493.43,986.86
11-22-2025,BETA_INVEST,CL785851,SBIN,B,360,2192.38,789256.8
11-20-2025,DELTA_TRADES,CL194066,LT,B,84,2756.05,231508.2
21/11/2025,OMEGA_BROKING,CL007482,INFY,B,173,1233.46,213388.58
2025-11-25,OMEGA_BROKING,CL940678,RELIANCE,B,356,732.65,260823.4
2025-11-21,BETA_INVEST,CL357413,SBIN,S,69,1994.31,137607.39
21-Nov-25,DELTA_TRADES,CL991455,KOTAKBANK,B,249,1458.81,363243.69
20-Nov-25,BETA_INVEST,CL095577,AXISBANK,S,251,2024.42,508129.42
26/11/2025,DELTA_TRADES,CL355739,KOTAKBANK,B,145,1683.12,244052.4
21-Nov-25,OMEGA_BROKING,CL660961,HDFC,S,20,2159.92,43198.4
23/11/2025,BETA_INVEST,CL928438,RELIANCE,S,69,1728.35,119256.15
2025-11-21,OMEGA_BROKING,CL087961,RELIANCE,S,312,1597.2,498326.4
2025-11-21,DELTA_TRADES,CL269950,ITC,B,372,450.61,167626.92
24-Nov-25,ALPHA_SEC,CL296380,SBIN,S,148,1832.98,271281.04
11-22-2025,BETA_INVEST,CL873247,LT,S,66,1593.78,105189.48
20/11/2025,OMEGA_BROKING,CL119529,SBIN,S,82,1689.41,138531.62
11-29-2025,BETA_INVEST,CL451296,TATAMOTORS,S,115,548.56,63084.4
25-Nov-25,ALPHA_SEC,CL062294,ITC,B,294,412.76,121351.44
20/11/2025,ALPHA_SEC,CL124865,HDFC,S,209,2244.79,469161.11
25/11/2025,OMEGA_BROKING,CL747057,LT,B,348,1438.17,500483.16
2025-11-23,BETA_INVEST,CL399154,RELIANCE,S,167,1433.59,239409.53
23/11/2025,ALPHA_SEC,CL941042,ICICIBANK,B,352,1513.34,532695.68
25-Nov-25,ALPHA_SEC,CL040226,HDFC,B,392,2362.61,926143.12
26/11/2025,ALPHA_SEC,CL301001,TATAMOTORS,B,145,1021.85,148168.25
23/11/2025,OMEGA_BROKING,CL737532,TATAMOTORS,B,144,1015.04,146165.76
25-Nov-25,BETA_INVEST,CL662834,INFY,B,353,1650.12,582492.36
2025-11-29,OMEGA_BROKING,CL440455,LT,S,150,712.38,106857.0
20/11/2025,ALPHA_SEC,CL422764,LT,S,183,2412.95,441569.85
11-21-2025,DELTA_TRADES,CL245955,KOTAKBANK,B,301,233.29,70220.29
2025-11-22,BETA_INVEST,CL079144,LT,B,384,2022.19,776520.96
2025-11-23,BETA_INVEST,CL696505,TATAMOTORS,B,137,1670.02,228792.74
24-Nov-25,DELTA_TRADES,CL353102,KOTAKBANK,B,79,1887.81,149136.99
20-Nov-25,ALPHA_SEC,CL675648,AXISBANK,B,199,505.0,100495.0
23-Nov-25,DELTA_TRADES,CL689736,AXISBANK,S,182,473.43,86164.26
2025-11-22,DELTA_TRADES,CL609940,AXISBANK,B,4,1527.51,6110.04
23/11/2025,OMEGA_BROKING,CL727789,ITC,B,231,2029.92,468911.52
2025-11-23,ALPHA_SEC,CL556461,AXISBANK,S,353,2626.9,927295.7
24/11/2025,BETA_INVEST,CL121194,TATAMOTORS,B,111,251.83,27953.13
2025-11-24,ALPHA_SEC,CL463196,AXISBANK,S,350,758.04,265314.0
2025-11-25,OMEGA_BROKING,CL168912,HDFC,B,20,1133.27,22665.4
2025-11-25,OMEGA_BROKING,CL596018,SBIN,S,239,526.84,125914.76
2025-11-25,DELTA_TRADES,CL431719,KOTAKBANK,S,186,779.99,144422.28
11-21-2025,ALPHA_SEC,CL796741,RELIANCE,B,226,2661.88,601584.88
11-25-2025,BETA_INVEST,CL173875,KOTAKBANK,S,301,802.9,241672.9
2025-11-20,DELTA_TRADES,CL749161,ITC,S,250,779.33,
22-Nov-25,ALPHA_SEC,CL536046,HDFC,S,114,360.44,41090.16
22-Nov-25,OMEGA_BROKING,CL544106,RELIANCE,B,130,249.47,32431.1
26-Nov-25,DELTA_TRADES,CL238381,KOTAKBANK,B,158,1504.38,237692.04
23-Nov-25,OMEGA_BROKING,CL286490,KOTAKBANK,S,345,1505.33,519338.85
20-Nov-25,ALPHA_SEC,CL896000,INFY,S,26,1462.03,38012.78
11-26-2025,BETA_INVEST,CL186881,HDFC,S,321,1344.88,431706.48
11-21-2025,BETA_INVEST,CL961946,LT,B,63,279.07,17581.41
2025-11-24,OMEGA_BROKING,CL251815,RELIANCE,B,357,2313.26,825833.82
2025-11-24,DELTA_TRADES,CL193332,RELIANCE,S,147,718.59,105632.73
11-22-2025,BETA_INVEST,CL532973,KOTAKBANK,B,284,1260.88,358089.92
24-Nov-25,ALPHA_SEC,CL694200,ITC,B,172,1134.72,195171.84
11-25-2025,ALPHA_SEC,CL363194,AXISBANK,S,154,968.44,149139.76
2025-11-20,OMEGA_BROKING,CL655780,TATAMOTORS,B,273,1360.29,371359.17
26-Nov-25,DELTA_TRADES,CL712153,ITC,S,11,447.75,4849.7
11-25-2025,BETA_INVEST,CL268471,KOTAKBANK,S,293,1225.71,359133.03
24-Nov-25,OMEGA_BROKING,CL072375,SBIN,S,335,1291.89,432783.15
11-22-2025,DELTA_TRADES,CL223583,ICICIBANK,S,40,111.39,4455.6
21-Nov-25,BETA_INVEST,CL355342,TATAMOTORS,B,211,1343.43,283463.73
2025-11-22,DELTA_TRADES,CL984395,AXISBANK,B,379,147.43,55875.97
29/11/2025,BETA_INVEST,CL533150,ITC,B,327,2615.03,855114.81
26-Nov-25,OMEGA_BROKING,CL392804,RELIANCE,B,249,172.01,42830.49
23-Nov-25,DELTA_TRADES,CL896529,AXISBANK,S,397,1127.2,447498.4
11-21-2025,OMEGA_BROKING,CL580653,RELIANCE,B,206,254.07,52338.42
11-25-2025,OMEGA_BROKING,CL104231,LT,B,246,2061.12,507035.52
2025-11-21,ALPHA_SEC,CL068528,ICICIBANK,S,12,1167.59,14011.08
2025-11-24,BETA_INVEST,CL709165,TATAMOTORS,S,61,1215.04,
22/11/2025,OMEGA_BROKING,CL011422,ICICIBANK,B,71,198.96,14126.16
21/11/2025,DELTA_TRADES,CL396777,ITC,S,279,1114.27,310881.33
26-Nov-25,DELTA_TRADES,CL923063,LT,S,86,2322.39,199725.54
2025-11-22,BETA_INVEST,CL188156,KOTAKBANK,B,139,636.68,88498.52
20/11/2025,DELTA_TRADES,CL562643,SBIN,B,232,1807.7,419386.4
11-20-2025,BETA_INVEST,CL947650,KOTAKBANK,S,39,1952.4,76143.6
21-Nov-25,OMEGA_BROKING,CL095995,TATAMOTORS,B,341,1665.48,567928.68
2025-11-26,ALPHA_SEC,CL624682,INFY,B,319,1975.81,630283.39
2025-11-24,ALPHA_SEC,CL176739,INFY,S,139,166.84,23190.76
11-20-2025,ALPHA_SEC,CL276217,SBIN,B,77,2592.15,199595.55
2025-11-24,DELTA_TRADES,CL863537,ITC,S,233,1815.18,422936.94
26/11/2025,BETA_INVEST,CL784616,TATAMOTORS,S,295,1765.8,520911.0
20-Nov-25,ALPHA_SEC,CL757836,KOTAKBANK,S,369,1074.15,396361.35
11-24-2025,OMEGA_BROKING,CL034840,RELIANCE,S,49,893.53,43782.97
22-Nov-25,BETA_INVEST,CL959687,SBIN,B,184,2271.37,417932.08
11-20-2025,DELTA_TRADES,CL782708,TATAMOTORS,S,100,1314.97,131497.0
29-Nov-25,ALPHA_SEC,CL787059,ITC,S,273,977.03,266729.19
24-Nov-25,ALPHA_SEC,CL803719,ICICIBANK,B,130,1851.15,240649.5
25/11/2025,BETA_INVEST,CL270229,INFY,S,17,1276.43,21699.31
2025-11-23,BETA_INVEST,CL589000,HDFC,S,15,139.34,2090.1
2025-11-24,ALPHA_SEC,CL405821,TATAMOTORS,S,387,1764.51,682865.37
22/11/2025,BETA_INVEST,CL115611,TATAMOTORS,B,161,898.65,144682.65
2025-11-22,ALPHA_SEC,CL281935,TATAMOTORS,S,37,220.79,8169.23
11-26-2025,BETA_INVEST,CL155835,ITC,S,101,911.81,
2025-11-21,ALPHA_SEC,CL750671,ITC,S,328,1929.05,632728.4
26-Nov-25,BETA_INVEST,CL141312,ICICIBANK,S,319,204.88,65356.72
11-23-2025,ALPHA_SEC,CL188368,SBIN,S,59,2768.84,163361.56
29/11/2025,BETA_INVEST,CL205854,RELIANCE,S,199,260.02,51743.98
11-29-2025,DELTA_TRADES,CL702279,ITC,S,187,1156.12,216194.44
25/11/2025,ALPHA_SEC,CL313163,ITC,B,33,1953.83,64476.39
11-22-2025,DELTA_TRADES,CL051456,ICICIBANK,S,113,548.57,61988.41
25-Nov-25,BETA_INVEST,CL691475,RELIANCE,B,369,2396.94,884470.86
11-20-2025,DELTA_TRADES,CL336304,ITC,B,220,2319.34,510254.8
24/11/2025,ALPHA_SEC,CL490906,HDFC,S,199,2223.39,442454.61
29-Nov-25,OMEGA_BROKING,CL101394,KOTAKBANK,B,85,1276.92,108538.2
11-23-2025,DELTA_TRADES,CL439828,INFY,S,137,672.09,92076.33
23-Nov-25,OMEGA_BROKING,CL163633,AXISBANK,B,77,888.91,68446.07
2025-11-25,OMEGA_BROKING,CL016197,SBIN,S,345,2778.36,958534.2
2025-11-26,BETA_INVEST,CL825329,INFY,S,41,2252.97,92371.77
25/11/2025,BETA_INVEST,CL019976,SBIN,S,52,1860.66,96754.32
11-22-2025,OMEGA_BROKING,CL081748,HDFC,B,10,2346.95,23469.5
11-23-2025,ALPHA_SEC,CL905419,AXISBANK,S,121,2283.92,276354.32
11-24-2025,DELTA_TRADES,CL266436,INFY,B,299,271.93,81307.07
21-Nov-25,ALPHA_SEC,CL508260,TATAMOTORS,S,258,680.06,175455.48
24-Nov-25,OMEGA_BROKING,CL629785,ICICIBANK,B,353,1810.24,639014.72
2025-11-25,BETA_INVEST,CL788448,LT,S,19,1087.72,20666.68
2025-11-25,DELTA_TRADES,CL857499,ICICIBANK,S,310,2272.69,704533.9
2025-11-23,ALPHA_SEC,CL508957,RELIANCE,B,351,471.52,165503.52
20/11/2025,OMEGA_BROKING,CL824087,TATAMOTORS,S,335,2055.12,688465.2
20/11/2025,OMEGA_BROKING,CL327093,TATAMOTORS,S,234,2576.52,602905.68
25-Nov-25,OMEGA_BROKING,CL147832,INFY,S,251,890.78,223585.78
11-26-2025,BETA_INVEST,CL020008,ICICIBANK,B,182,1334.26,242835.32
2025-11-25,BETA_INVEST,CL058278,TATAMOTORS,B,20,2307.68,46153.6
2025-11-20,DELTA_TRADES,CL023402,SBIN,S,289,1370.01,395932.89
21-Nov-25,ALPHA_SEC,CL737925,TATAMOTORS,S,251,510.5,128135.5
2025-11-22,BETA_INVEST,CL529227,ITC,S,16,1398.97,22383.52
2025-11-20,OMEGA_BROKING,CL381284,ICICIBANK,S,249,1482.91,369244.59
2025-11-23,BETA_INVEST,CL321039,RELIANCE,S,159,1992.28,414100.83
24-Nov-25,ALPHA_SEC,CL507193,ICICIBANK,B,181,944.91,171028.71
24/11/2025,BETA_INVEST,CL008123,SBIN,S,183,1083.17,198220.11
20/11/2025,BETA_INVEST,CL902467,SBIN,S,251,1399.86,351364.86
2025-11-24,DELTA_TRADES,CL189427,INFY,B,227,2728.38,619342.26
2025-11-20,BETA_INVEST,CL373463,KOTAKBANK,S,277,1362.09,377298.93
11-23-2025,BETA_INVEST,CL152252,HDFC,S,384,213.96,82160.64
29-Nov-25,BETA_INVEST,CL786628,SBIN,S,98,579.35,56776.3
11-22-2025,OMEGA_BROKING,CL475385,HDFC,S,155,781.21,121087.55
2025-11-25,OMEGA_BROKING,CL712852,ICICIBANK,S,157,2616.13,410732.41
23-Nov-25,OMEGA_BROKING,CL726438,ICICIBANK,S,144,152.01,21889.44
22-Nov-25,DELTA_TRADES,CL819650,HDFC,S,17,1405.67,23896.39
2025-11-21,BETA_INVEST,CL839995,ICICIBANK,S,307,455.52,139844.64
20/11/2025,BETA_INVEST,CL411423,ICICIBANK,B,50,1156.11,57805.5
2025-11-21,DELTA_TRADES,CL104040,ICICIBANK,B,362,2224.23,805171.26
11-23-2025,OMEGA_BROKING,CL097509,RELIANCE,S,272,1011.92,275242.24
2025-11-22,OMEGA_BROKING,CL817825,AXISBANK,B,341,1413.51,482006.91
11-24-2025,ALPHA_SEC,CL271887,ITC,B,395,1640.17,647867.15
22-Nov-25,OMEGA_BROKING,CL962557,AXISBANK,B,1,1118.98,1118.98
20-Nov-25,ALPHA_SEC,CL840460,HDFC,B,53,158.42,8396.26
11-21-2025,DELTA_TRADES,CL328638,ICICIBANK,B,279,1460.96,407607.84
21-Nov-25,BETA_INVEST,CL719164,TATAMOTORS,S,347,682.75,236914.25
11-22-2025,ALPHA_SEC,CL124597,RELIANCE,S,140,2363.0,330820.0
2025-11-23,ALPHA_SEC,CL819684,ITC,S,399,2010.93,802361.07
25-Nov-25,DELTA_TRADES,CL618703,LT,B,10,1469.15,18951.12
2025-11-25,BETA_INVEST,CL318138,ITC,B,121,830.26,100461.46
11-22-2025,ALPHA_SEC,CL893506,ICICIBANK,B,358,981.55,351394.9
11-21-2025,DELTA_TRADES,CL039326,HDFC,S,228,2293.08,522822.24
23-Nov-25,ALPHA_SEC,CL788650,TATAMOTORS,B,226,1219.74,275661.24
23/11/2025,DELTA_TRADES,CL666861,RELIANCE,S,182,2164.42,393924.44
29/11/2025,DELTA_TRADES,CL005768,LT,S,20,2364.29,47285.8
11-21-2025,BETA_INVEST,CL152171,SBIN,B,334,306.73,102447.82
26/11/2025,DELTA_TRADES,CL516638,ICICIBANK,S,368,1974.66,726674.88
11-23-2025,OMEGA_BROKING,CL928907,TATAMOTORS,S,317,824.33,261312.61
23-Nov-25,DELTA_TRADES,CL093201,AXISBANK,S,40,1970.27,78810.8
2025-11-25,ALPHA_SEC,CL812492,SBIN,B,388,394.19,152945.72
25/11/2025,OMEGA_BROKING,CL374503,SBIN,S,251,761.03,191018.53
11-22-2025,OMEGA_BROKING,CL892476,LT,S,176,192.8,33932.8
2025-11-21,DELTA_TRADES,CL033898,TATAMOTORS,B,381,1485.45,565956.45
2025-11-22,DELTA_TRADES,CL230216,AXISBANK,B,109,1498.95,163385.55
2025-11-29,BETA_INVEST,CL647619,LT,B,194,2138.61,414890.34
21/11/2025,ALPHA_SEC,CL163212,SBIN,B,99,1792.64,177471.36
11-21-2025,BETA_INVEST,CL234771,TATAMOTORS,B,269,185.2,49818.8
2025-11-24,OMEGA_BROKING,CL601971,LT,S,307,252.04,77376.28
24-Nov-25,OMEGA_BROKING,CL763077,TATAMOTORS,B,9,718.08,6462.72
11-26-2025,OMEGA_BROKING,CL435428,LT,B,346,729.57,252431.22
11-21-2025,DELTA_TRADES,CL484461,ITC,S,256,1391.43,356206.08
11-29-2025,DELTA_TRADES,CL079144,HDFC,S,335,1410.9,472651.5
24-Nov-25,OMEGA_BROKING,CL076542,KOTAKBANK,B,193,1627.16,
2025-11-21,BETA_INVEST,CL925192,LT,B,228,1142.2,260421.6
11-26-2025,OMEGA_BROKING,CL061736,ITC,S,81,278.08,
23-Nov-25,ALPHA_SEC,CL339823,AXISBANK,S,133,2637.75,350820.75
25/11/2025,ALPHA_SEC,CL847242,ITC,S,291,1440.09,419066.19
22-Nov-25,DELTA_TRADES,CL588642,SBIN,B,323,1641.99,530362.77
2025-11-25,DELTA_TRADES,CL978811,RELIANCE,B,121,370.48,44828.08
11-25-2025,ALPHA_SEC,CL132442,RELIANCE,B,113,1714.92,193785.96
11-20-2025,ALPHA_SEC,CL256748,HDFC,S,351,2199.9,772164.9
23/11/2025,BETA_INVEST,CL091550,ICICIBANK,B,37,2671.42,98842.54
23/11/2025,DELTA_TRADES,CL436574,AXISBANK,S,364,542.15,197342.6
11-21-2025,ALPHA_SEC,CL944935,ICICIBANK,B,160,1302.98,208476.8
25-Nov-25,ALPHA_SEC,CL768563,INFY,B,139,2063.1,286770.9
20/11/2025,OMEGA_BROKING,CL445971,LT,S,156,472.5,73710.0
2025-11-25,BETA_INVEST,CL826510,SBIN,B,355,1448.28,514139.4
11-22-2025,ALPHA_SEC,CL923869,ICICIBANK,S,134,2417.71,323973.14
11-25-2025,BETA_INVEST,CL759642,ICICIBANK,B,46,1250.47,57521.62
2025-11-25,BETA_INVEST,CL261231,KOTAKBANK,B,268,151.89,40706.52
22/11/2025,ALPHA_SEC,CL356902,RELIANCE,B,65,907.22,58969.3
11-24-2025,DELTA_TRADES,CL703154,RELIANCE,B,10,952.52,9525.2
2025-11-21,ALPHA_SEC,CL302126,LT,S,130,1141.77,166275.74
11-26-2025,OMEGA_BROKING,CL776460,TATAMOTORS,B,326,367.35,119756.1
21/11/2025,BETA_INVEST,CL972919,INFY,B,116,2409.97,279556.52
22/11/2025,DELTA_TRADES,CL429410,AXISBANK,B,54,321.02,17335.08
2025-11-23,DELTA_TRADES,CL176240,KOTAKBANK,B,242,1522.23,368379.66
24/11/2025,BETA_INVEST,CL845441,SBIN,S,40,1716.31,68652.4
11-26-2025,DELTA_TRADES,CL374584,LT,B,170,1691.89,287621.3
24-Nov-25,BETA_INVEST,CL637789,SBIN,S,244,333.91,81474.04
2025-11-26,OMEGA_BROKING,CL759129,TATAMOTORS,B,242,272.09,65845.78
20/11/2025,DELTA_TRADES,CL214633,SBIN,S,196,1428.24,279935.04
24/11/2025,OMEGA_BROKING,CL766615,TATAMOTORS,S,116,702.07,81440.12
2025-11-20,ALPHA_SEC,CL739575,LT,S,306,1637.2,500983.2
26/11/2025,DELTA_TRADES,CL395435,SBIN,S,104,2021.22,210206.88
2025-11-25,ALPHA_SEC,CL079365,RELIANCE,S,391,1625.38,635523.58
25-Nov-25,OMEGA_BROKING,CL623093,AXISBANK,S,271,2716.71,736228.41
2025-11-24,ALPHA_SEC,CL404816,ICICIBANK,B,50,1003.49,
11-20-2025,BETA_INVEST,CL008241,TATAMOTORS,B,209,556.47,116302.23
2025-11-22,OMEGA_BROKING,CL791270,AXISBANK,S,384,488.53,187595.52
25-Nov-25,DELTA_TRADES,CL545479,INFY,B,196,2539.79,497798.84
25-Nov-25,DELTA_TRADES,CL319905,TATAMOTORS,S,372,2253.04,838130.88
25/11/2025,OMEGA_BROKING,CL439603,SBIN,S,306,171.32,52423.92
11-24-2025,BETA_INVEST,CL177618,HDFC,S,108,2531.9,273445.2
20-Nov-25,ALPHA_SEC,CL947581,ICICIBANK,B,313,162.13,50746.69
21/11/2025,DELTA_TRADES,CL229641,RELIANCE,S,153,692.22,105909.66
22/11/2025,ALPHA_SEC,CL678506,LT,S,292,2649.88,453052.82
2025-11-21,BETA_INVEST,CL734108,RELIANCE,B,282,1415.19,399083.58
25/11/2025,OMEGA_BROKING,CL125854,TATAMOTORS,B,65,292.75,19028.75
26/11/2025,DELTA_TRADES,CL069806,TATAMOTORS,B,14,951.67,13323.38
26/11/2025,ALPHA_SEC,CL707473,SBIN,B,395,2548.96,
2025-11-22,DELTA_TRADES,CL211553,ICICIBANK,S,42,236.05,9914.1
26/11/2025,DELTA_TRADES,CL636555,SBIN,S,18,154.98,2789.64
2025-11-23,ALPHA_SEC,CL550459,SBIN,B,323,928.4,299873.2
22-Nov-25,ALPHA_SEC,CL767855,RELIANCE,S,281,2647.92,744065.52
22-Nov-25,OMEGA_BROKING,CL382287,ICICIBANK,S,62,375.44,23277.28
23/11/2025,DELTA_TRADES,CL044465,LT,S,27,1324.59,35763.93
2025-11-24,ALPHA_SEC,CL052012,LT,B,319,760.87,242717.53
21-Nov-25,DELTA_TRADES,CL296771,RELIANCE,S,235,1773.85,416854.75
2025-11-25,BETA_INVEST,CL789101,AXISBANK,B,49,2360.04,115641.96
2025-11-23,DELTA_TRADES,CL531492,TATAMOTORS,B,232,1627.27,377526.64
20/11/2025,DELTA_TRADES,CL844495,INFY,S,325,453.01,147228.25
2025-11-24,BETA_INVEST,CL088804,TATAMOTORS,B,389,960.12,373486.68
2025-11-21,BETA_INVEST,CL163935,ITC,B,179,2326.58,416457.82
11-23-2025,ALPHA_SEC,CL034016,KOTAKBANK,B,215,2544.96,547166.4
2025-11-20,BETA_INVEST,CL851197,AXISBANK,S,306,2628.23,804238.38
21-Nov-25,DELTA_TRADES,CL806995,ICICIBANK,B,65,2388.78,155270.7
21/11/2025,BETA_INVEST,CL504171,AXISBANK,S,286,1987.59,568450.74
20-Nov-25,BETA_INVEST,CL660682,ITC,S,130,2311.37,300478.1
2025-11-22,DELTA_TRADES,CL652265,TATAMOTORS,S,257,482.64,124038.48
24/11/2025,ALPHA_SEC,CL913665,HDFC,S,92,549.16,50522.72
11-26-2025,DELTA_TRADES,CL888797,HDFC,B,310,478.91,
22-Nov-25,OMEGA_BROKING,CL656469,AXISBANK,B,135,147.71,19940.85
25-Nov-25,DELTA_TRADES,CL839025,KOTAKBANK,S,142,1078.27,153114.34
2025-11-22,BETA_INVEST,CL599133,HDFC,B,196,1902.93,372974.28
20-Nov-25,OMEGA_BROKING,CL034898,RELIANCE,S,87,2317.0,201579.0
2025-11-25,DELTA_TRADES,CL811451,INFY,S,32,2654.05,84929.6
2025-11-20,ALPHA_SEC,CL581389,INFY,S,344,2293.49,788960.56
29/11/2025,BETA_INVEST,CL392095,LT,B,25,737.8,18445.0
2025-11-20,ALPHA_SEC,CL852708,TATAMOTORS,B,155,1619.69,251051.95
2025-11-20,DELTA_TRADES,CL868470,SBIN,B,187,2619.54,489853.98
11-22-2025,BETA_INVEST,CL206601,INFY,B,129,758.63,97863.27
2025-11-23,ALPHA_SEC,CL963207,AXISBANK,S,183,1289.12,235908.96
23/11/2025,BETA_INVEST,CL655196,ITC,S,125,1244.39,155548.75
21/11/2025,BETA_INVEST,CL961937,LT,S,394,1487.9,586232.6
23-Nov-25,OMEGA_BROKING,CL106815,ITC,S,331,1940.24,642219.44
11-20-2025,DELTA_TRADES,CL021631,AXISBANK,S,58,597.75,34669.5
25-Nov-25,OMEGA_BROKING,CL475142,HDFC,S,245,1474.03,361137.35
2025-11-25,DELTA_TRADES,CL326575,LT,B,382,2430.73,928538.86
2025-11-20,ALPHA_SEC,CL325266,TATAMOTORS,S,253,539.77,136561.81
2025-11-22,OMEGA_BROKING,CL643888,ITC,S,237,2182.56,517266.72
29-Nov-25,ALPHA_SEC,CL290134,AXISBANK,B,340,2186.25,743325.0
21/11/2025,ALPHA_SEC,CL930255,AXISBANK,S,368,2459.39,905055.52
24-Nov-25,BETA_INVEST,CL796370,HDFC,B,394,943.07,371569.58
23/11/2025,OMEGA_BROKING,CL370414,LT,S,56,942.74,
26/11/2025,ALPHA_SEC,CL312011,KOTAKBANK,B,127,1752.01,222505.27
2025-11-22,ALPHA_SEC,CL509610,KOTAKBANK,B,278,1621.58,450799.24
25-Nov-25,DELTA_TRADES,CL202069,RELIANCE,S,126,1200.4,151250.4
11-21-2025,DELTA_TRADES,CL476332,RELIANCE,S,365,1539.05,561753.25
26/11/2025,ALPHA_SEC,CL014234,KOTAKBANK,B,75,1012.8,75960.0
24-Nov-25,DELTA_TRADES,CL913661,INFY,B,286,330.27,94457.22
23-Nov-25,BETA_INVEST,CL782800,AXISBANK,B,68,1436.44,97677.92
11-23-2025,DELTA_TRADES,CL986264,ITC,S,159,2248.1,357447.9
11-22-2025,BETA_INVEST,CL251521,ICICIBANK,S,108,2505.1,270550.8
21/11/2025,BETA_INVEST,CL304376,SBIN,S,67,2269.22,152037.74
26/11/2025,OMEGA_BROKING,CL803029,HDFC,S,41,2004.23,
24/11/2025,OMEGA_BROKING,CL651011,HDFC,S,231,871.0,201201.0
2025-11-25,BETA_INVEST,CL183973,AXISBANK,S,123,2699.33,332017.59
2025-11-24,ALPHA_SEC,CL184842,KOTAKBANK,S,39,2595.69,101231.91
21/11/2025,OMEGA_BROKING,CL534510,RELIANCE,B,298,1713.57,510643.86
11-24-2025,ALPHA_SEC,CL211039,SBIN,S,203,283.47,57544.41
21-Nov-25,DELTA_TRADES,CL921760,SBIN,B,61,2161.33,131841.13
11-20-2025,OMEGA_BROKING,CL025629,AXISBANK,S,372,2530.07,941186.04
21-Nov-25,BETA_INVEST,CL899637,RELIANCE,B,352,1543.8,543417.6
25/11/2025,ALPHA_SEC,CL128794,ICICIBANK,B,39,396.4,15459.6
23-Nov-25,DELTA_TRADES,CL660353,KOTAKBANK,B,248,1546.16,383447.68
11-24-2025,DELTA_TRADES,CL161653,ICICIBANK,B,28,1772.63,49633.64
2025-11-26,OMEGA_BROKING,CL341537,TATAMOTORS,B,41,1192.7,48900.7
20-Nov-25,BETA_INVEST,CL493948,HDFC,S,225,1606.29,361415.25
21-Nov-25,BETA_INVEST,CL715966,ITC,B,304,389.06,118274.24
2025-11-22,DELTA_TRADES,CL267639,RELIANCE,B,24,396.17,9508.08
29/11/2025,ALPHA_SEC,CL488072,LT,S,155,735.11,113942.05
11-26-2025,ALPHA_SEC,CL261734,RELIANCE,B,185,1218.65,225450.25
22-Nov-25,ALPHA_SEC,CL528966,INFY,B,120,511.2,61344.0
23/11/2025,OMEGA_BROKING,CL331432,INFY,B,369,2081.07,767914.83
21-Nov-25,OMEGA_BROKING,CL950150,HDFC,S,384,2528.5,970944.0
11-24-2025,ALPHA_SEC,CL641566,AXISBANK,B,198,711.57,140890.86
2025-11-24,ALPHA_SEC,CL151153,SBIN,S,338,1847.71,624525.98
11-26-2025,ALPHA_SEC,CL009943,KOTAKBANK,B,252,1095.16,275980.32
11-21-2025,BETA_INVEST,CL530434,ICICIBANK,B,14,676.63,9472.82
2025-11-22,ALPHA_SEC,CL154957,AXISBANK,S,76,1483.45,112742.2
11-22-2025,DELTA_TRADES,CL963292,TATAMOTORS,B,1,697.77,697.77
11-23-2025,DELTA_TRADES,CL263131,AXISBANK,S,331,962.1,318455.1
2025-11-25,DELTA_TRADES,CL570105,SBIN,B,304,1665.97,506454.88
11-20-2025,OMEGA_BROKING,CL633602,KOTAKBANK,B,185,1468.57,271685.45
23/11/2025,DELTA_TRADES,CL344968,TATAMOTORS,B,265,2424.4,642466.0
23/11/2025,BETA_INVEST,CL167359,HDFC,S,185,283.83,52508.55
23-Nov-25,OMEGA_BROKING,CL181569,AXISBANK,S,148,1148.37,169958.76
20-Nov-25,DELTA_TRADES,CL246204,AXISBANK,S,155,1893.76,293532.8
11-22-2025,BETA_INVEST,CL046520,TATAMOTORS,B,35,420.7,14724.5
2025-11-20,DELTA_TRADES,CL882433,ICICIBANK,B,226,753.22,
2025-11-26,BETA_INVEST,CL490664,ITC,B,93,810.02,75331.86
2025-11-24,BETA_INVEST,CL272208,TATAMOTORS,S,65,1926.45,125219.25
2025-11-24,OMEGA_BROKING,CL014601,TATAMOTORS,S,199,2102.58,418413.42
26/11/2025,DELTA_TRADES,CL009859,ICICIBANK,B,350,447.18,156513.0
11-22-2025,OMEGA_BROKING,CL892952,ITC,S,173,507.64,87821.72
25/11/2025,OMEGA_BROKING,CL212115,ICICIBANK,S,2,2344.7,4689.4
11-21-2025,ALPHA_SEC,CL674418,LT,B,391,677.08,264738.28
11-23-2025,ALPHA_SEC,CL337995,RELIANCE,B,276,459.26,126755.76
29/11/2025,DELTA_TRADES,CL861253,RELIANCE,B,109,1824.16,198833.44
22-Nov-25,BETA_INVEST,CL594309,SBIN,S,84,413.32,34718.88
24-Nov-25,OMEGA_BROKING,CL382070,INFY,B,219,1806.95,395722.05
11-20-2025,OMEGA_BROKING,CL227557,TATAMOTORS,B,94,221.58,20828.52
20-Nov-25,OMEGA_BROKING,CL038280,LT,B,200,1983.68,396736.0
26-Nov-25,OMEGA_BROKING,CL835681,AXISBANK,B,321,928.42,298022.82
11-23-2025,ALPHA_SEC,CL584952,ITC,B,154,629.56,96952.24
22-Nov-25,ALPHA_SEC,CL475166,KOTAKBANK,B,393,1566.58,615665.94
2025-11-24,DELTA_TRADES,CL529639,ITC,B,223,2576.99,574668.77
24/11/2025,DELTA_TRADES,CL721593,KOTAKBANK,S,176,2434.87,428537.12
21/11/2025,OMEGA_BROKING,CL600664,HDFC,B,39,1316.08,51327.12
2025-11-23,DELTA_TRADES,CL031590,ICICIBANK,S,155,2089.17,323821.35
24/11/2025,ALPHA_SEC,CL670772,ITC,B,309,423.74,
25/11/2025,OMEGA_BROKING,CL058523,AXISBANK,S,134,764.7,102469.8
2025-11-24,OMEGA_BROKING,CL748186,AXISBANK,S,7,850.32,5952.24
26-Nov-25,ALPHA_SEC,CL058353,RELIANCE,S,84,936.83,78693.72
11-23-2025,ALPHA_SEC,CL979743,LT,S,257,2578.79,662749.03
20/11/2025,DELTA_TRADES,CL682093,SBIN,B,329,902.66,296975.14
21-Nov-25,OMEGA_BROKING,CL754603,LT,S,134,2303.41,308656.94
2025-11-24,ALPHA_SEC,CL499622,ITC,B,180,1656.9,298242.0
2025-11-25,OMEGA_BROKING,CL064482,ITC,B,126,2494.73,314335.98
25-Nov-25,ALPHA_SEC,CL234569,LT,B,204,1845.47,376475.88
2025-11-26,BETA_INVEST,CL591022,TATAMOTORS,B,327,2105.19,688397.13
11-26-2025,OMEGA_BROKING,CL488990,ITC,B,194,2162.19,419464.86
2025-11-26,OMEGA_BROKING,CL903239,INFY,B,20,2413.27,48265.4
11-25-2025,DELTA_TRADES,CL876265,HDFC,B,254,1163.08,295422.32
11-23-2025,DELTA_TRADES,CL351634,HDFC,S,188,1870.4,351635.2
2025-11-23,BETA_INVEST,CL178209,AXISBANK,B,395,579.32,228831.4
25-Nov-25,BETA_INVEST,CL082937,AXISBANK,S,97,843.33,81803.01
23-Nov-25,ALPHA_SEC,CL263784,ICICIBANK,S,41,2167.22,88856.02
25-Nov-25,ALPHA_SEC,CL519970,RELIANCE,S,319,163.2,52060.8
23/11/2025,ALPHA_SEC,CL463694,KOTAKBANK,S,64,2347.59,150245.76
20/11/2025,DELTA_TRADES,CL248052,KOTAKBANK,B,76,248.58,18892.08
23-Nov-25,OMEGA_BROKING,CL033600,AXISBANK,S,40,2321.04,92841.6
22-Nov-25,OMEGA_BROKING,CL663861,RELIANCE,B,193,2414.43,465984.99
11-29-2025,BETA_INVEST,CL240266,INFY,B,50,698.36,34918.0
2025-11-23,BETA_INVEST,CL432722,TATAMOTORS,B,204,1022.43,208575.72
11-21-2025,ALPHA_SEC,CL347522,INFY,B,373,414.54,154623.42
2025-11-26,BETA_INVEST,CL447568,INFY,B,174,360.48,62723.52
24-Nov-25,DELTA_TRADES,CL816001,TATAMOTORS,B,208,1807.27,375912.16
2025-11-24,DELTA_TRADES,CL055522,INFY,B,1,2127.74,2127.74
21/11/2025,BETA_INVEST,CL829182,HDFC,B,60,2176.45,130587.0
24-Nov-25,OMEGA_BROKING,CL400267,SBIN,S,298,2452.09,730722.82
2025-11-25,OMEGA_BROKING,CL036682,HDFC,S,283,1582.08,447728.64
2025-11-26,ALPHA_SEC,CL839266,INFY,B,7,1139.48,7976.36
29/11/2025,DELTA_TRADES,CL226491,TATAMOTORS,B,35,1124.96,39373.6
11-22-2025,BETA_INVEST,CL517145,INFY,B,103,1185.75,122132.25
26-Nov-25,DELTA_TRADES,CL876875,HDFC,S,236,1510.95,356584.2
2025-11-29,BETA_INVEST,CL220863,TATAMOTORS,B,393,1186.26,466200.18
22/11/2025,DELTA_TRADES,CL358434,AXISBANK,B,208,1523.19,316823.52
11-23-2025,BETA_INVEST,CL313222,LT,B,282,626.34,176627.88
20-Nov-25,ALPHA_SEC,CL183783,INFY,S,376,1484.83,558296.08
24-Nov-25,DELTA_TRADES,CL336234,LT,S,104,2318.33,241106.32
23/11/2025,ALPHA_SEC,CL938869,AXISBANK,B,122,2703.97,329884.34
11-23-2025,OMEGA_BROKING,CL047201,KOTAKBANK,S,62,1998.23,123890.26
22/11/2025,BETA_INVEST,CL861990,SBIN,S,138,1867.57,257724.66
2025-11-26,ALPHA_SEC,CL353252,AXISBANK,B,176,1544.0,271744.0
2025-11-26,DELTA_TRADES,CL042600,ITC,B,97,674.58,65434.26
20-Nov-25,OMEGA_BROKING,CL322939,RELIANCE,B,277,1796.0,497492.0
11-26-2025,BETA_INVEST,CL244015,INFY,S,23,1799.73,41393.79
20/11/2025,OMEGA_BROKING,CL765326,HDFC,S,21,189.26,3974.46
11-23-2025,OMEGA_BROKING,CL729006,AXISBANK,S,140,2660.99,372538.6
23/11/2025,BETA_INVEST,CL568164,AXISBANK,B,305,968.66,295441.3
20-Nov-25,ALPHA_SEC,CL702380,ITC,S,181,1958.65,354515.65
24-Nov-25,BETA_INVEST,CL689492,RELIANCE,B,27,1206.65,32579.55
23/11/2025,ALPHA_SEC,CL998948,ICICIBANK,S,256,1740.63,445601.28
26-Nov-25,ALPHA_SEC,CL544371,TATAMOTORS,S,132,683.25,90189.0
11-26-2025,ALPHA_SEC,CL292201,INFY,S,31,1745.85,
22/11/2025,OMEGA_BROKING,CL562040,RELIANCE,B,331,1805.87,597742.97
23/11/2025,BETA_INVEST,CL204664,ITC,S,174,2705.15,470696.1
26-Nov-25,ALPHA_SEC,CL086305,TATAMOTORS,B,99,134.5,13315.5
22/11/2025,ALPHA_SEC,CL667020,KOTAKBANK,S,373,1086.68,405331.64
11-24-2025,ALPHA_SEC,CL674912,LT,S,40,909.3,36372.0
2025-11-23,BETA_INVEST,CL287275,LT,S,274,890.95,244120.3
2025-11-22,OMEGA_BROKING,CL939262,RELIANCE,B,169,1396.09,235939.21
23/11/2025,BETA_INVEST,CL308522,ITC,S,326,821.82,267913.32
26/11/2025,ALPHA_SEC,CL738601,TATAMOTORS,S,200,1915.02,383004.0
2025-11-29,DELTA_TRADES,CL626851,TATAMOTORS,B,262,874.09,229011.58
11-21-2025,ALPHA_SEC,CL110975,KOTAKBANK,B,188,2735.11,514200.68
23/11/2025,DELTA_TRADES,CL222541,TATAMOTORS,S,210,1898.76,398739.6
11-21-2025,DELTA_TRADES,CL977026,RELIANCE,S,83,567.27,47083.41
22-Nov-25,ALPHA_SEC,CL620383,HDFC,B,22,2079.34,45745.48
2025-11-21,BETA_INVEST,CL481431,SBIN,S,215,1111.76,239028.4
21-Nov-25,OMEGA_BROKING,CL761108,ITC,S,385,1725.13,664175.05
11-25-2025,BETA_INVEST,CL144446,LT,B,370,471.57,174480.9
29-Nov-25,OMEGA_BROKING,CL727229,AXISBANK,S,252,1449.38,365243.76
21/11/2025,BETA_INVEST,CL710470,INFY,B,122,340.63,41556.86
22-Nov-25,BETA_INVEST,CL779582,TATAMOTORS,B,90,782.76,70448.4
2025-11-21,BETA_INVEST,CL827672,INFY,B,105,1718.26,180417.3
11-25-2025,ALPHA_SEC,CL413256,ICICIBANK,B,174,298.36,51914.64
2025-11-20,OMEGA_BROKING,CL796150,SBIN,B,141,840.06,118448.46
11-26-2025,ALPHA_SEC,CL376194,HDFC,B,216,236.32,51045.12
24-Nov-25,ALPHA_SEC,CL547533,HDFC,B,186,1384.6,257535.6
26-Nov-25,ALPHA_SEC,CL864326,KOTAKBANK,S,110,2423.41,266575.1
23-Nov-25,DELTA_TRADES,CL541336,LT,S,378,2440.83,922633.74
2025-11-21,OMEGA_BROKING,CL280454,SBIN,B,59,2114.03,124727.77
2025-11-20,BETA_INVEST,CL842246,AXISBANK,S,197,294.82,58079.54
20/11/2025,BETA_INVEST,CL907125,INFY,S,144,2695.04,388085.76
2025-11-24,DELTA_TRADES,CL285985,KOTAKBANK,S,324,630.42,204256.08
2025-11-21,ALPHA_SEC,CL400343,ITC,B,336,1078.81,362480.16
11-20-2025,DELTA_TRADES,CL773601,HDFC,S,340,1672.77,568741.8
22/11/2025,ALPHA_SEC,CL203383,ITC,S,104,2464.21,256277.84
11-24-2025,ALPHA_SEC,CL598094,INFY,B,221,1864.18,411983.78
25-Nov-25,BETA_INVEST,CL175080,RELIANCE,B,81,2193.88,177704.28
11-25-2025,OMEGA_BROKING,CL545726,RELIANCE,S,348,1133.22,394360.56
25-Nov-25,ALPHA_SEC,CL852451,HDFC,S,390,584.17,227826.3
2025-11-22,ALPHA_SEC,CL201051,ITC,B,259,1877.66,486313.94
2025-11-22,OMEGA_BROKING,CL012167,LT,S,188,1025.47,192788.36
2025-11-24,DELTA_TRADES,CL057904,ITC,B,272,1236.86,336425.92
2025-11-26,DELTA_TRADES,CL236727,TATAMOTORS,B,187,1871.14,349903.18
2025-11-24,BETA_INVEST,CL678501,HDFC,S,118,1321.22,155903.96
11-25-2025,ALPHA_SEC,CL422979,HDFC,B,225,741.53,166844.25
23-Nov-25,BETA_INVEST,CL246868,ITC,B,189,797.61,150748.29
2025-11-23,BETA_INVEST,CL186817,INFY,S,37,1121.42,41492.54
11-24-2025,ALPHA_SEC,CL743187,HDFC,S,362,1064.89,385490.18
26-Nov-25,BETA_INVEST,CL498758,KOTAKBANK,B,283,2368.91,670401.53
11-22-2025,DELTA_TRADES,CL939191,RELIANCE,S,113,1648.91,186326.83
2025-11-21,OMEGA_BROKING,CL043911,INFY,S,290,1590.96,461378.4
20/11/2025,ALPHA_SEC,CL202035,RELIANCE,B,137,1324.17,133949.87
11-24-2025,DELTA_TRADES,CL744521,ICICIBANK,S,330,836.87,276167.1
2025-11-20,ALPHA_SEC,CL698682,SBIN,B,64,242.96,15549.44
24-Nov-25,ALPHA_SEC,CL633187,ICICIBANK,B,301,1117.49,336364.49
11-21-2025,BETA_INVEST,CL113579,ITC,S,99,140.07,13866.93
22-Nov-25,DELTA_TRADES,CL783142,TATAMOTORS,B,367,2225.61,816798.87
25-Nov-25,OMEGA_BROKING,CL556044,ICICIBANK,B,190,1774.93,337236.7
2025-11-29,BETA_INVEST,CL715025,AXISBANK,B,151,2628.49,212082.34
21/11/2025,BETA_INVEST,CL656393,INFY,S,217,2041.09,442916.53
2025-11-21,ALPHA_SEC,CL611876,INFY,S,193,631.08,121798.44
22/11/2025,ALPHA_SEC,CL913079,INFY,B,394,1146.46,451705.24
11-20-2025,OMEGA_BROKING,CL303180,INFY,S,45,2036.23,91630.35
20/11/2025,BETA_INVEST,CL891763,LT,B,350,1139.97,398989.5
29/11/2025,OMEGA_BROKING,CL152773,SBIN,S,71,2308.11,163875.81
2025-11-22,ALPHA_SEC,CL266766,LT,S,293,2309.02,676542.86
2025-11-25,BETA_INVEST,CL037928,KOTAKBANK,S,285,1131.57,322497.45
21/11/2025,ALPHA_SEC,CL676521,KOTAKBANK,B,174,1523.25,265045.5
20-Nov-25,BETA_INVEST,CL656236,RELIANCE,B,15,2641.57,39623.55
25-Nov-25,ALPHA_SEC,CL090259,LT,S,10,965.03,9650.3
11-24-2025,BETA_INVEST,CL575143,TATAMOTORS,B,160,604.68,96748.8
11-20-2025,DELTA_TRADES,CL252821,HDFC,B,132,1966.41,259566.12
2025-11-21,DELTA_TRADES,CL305034,HDFC,B,363,665.98,241750.74
23-Nov-25,ALPHA_SEC,CL343182,LT,B,224,2359.35,528494.4
24-Nov-25,DELTA_TRADES,CL791074,TATAMOTORS,B,6,509.8,
23-Nov-25,OMEGA_BROKING,CL578890,RELIANCE,S,30,2047.82,61434.6
23-Nov-25,OMEGA_BROKING,CL886059,HDFC,B,221,1796.79,397090.59
24-Nov-25,ALPHA_SEC,CL974682,ITC,B,365,1175.06,428896.9
26/11/2025,ALPHA_SEC,CL296972,TATAMOTORS,B,166,2310.72,383579.52
23/11/2025,OMEGA_BROKING,CL955752,HDFC,B,109,2416.4,263387.6
2025-11-26,ALPHA_SEC,CL824472,INFY,S,68,290.27,16444.69
11-29-2025,DELTA_TRADES,CL591582,HDFC,B,175,1858.79,325288.25
20/11/2025,BETA_INVEST,CL146118,SBIN,S,245,773.63,189539.35
11-21-2025,BETA_INVEST,CL605301,HDFC,S,399,547.43,218424.57
11-24-2025,OMEGA_BROKING,CL276241,SBIN,B,263,201.68,53041.84
11-22-2025,ALPHA_SEC,CL057034,TATAMOTORS,B,24,700.75,16818.0
2025-11-21,DELTA_TRADES,CL135374,ITC,B,257,872.77,224301.89
11-23-2025,ALPHA_SEC,CL230194,ITC,S,366,1797.51,657888.66
23/11/2025,OMEGA_BROKING,CL648934,ICICIBANK,B,244,2389.41,583016.04
23/11/2025,ALPHA_SEC,CL818196,INFY,S,325,326.81,106213.25
11-23-2025,ALPHA_SEC,CL773005,INFY,S,133,1240.71,165014.43
25-Nov-25,ALPHA_SEC,CL484295,SBIN,S,184,2306.5,424396.0
11-20-2025,OMEGA_BROKING,CL495222,TATAMOTORS,B,281,1963.05,551617.05
11-22-2025,ALPHA_SEC,CL857688,RELIANCE,B,299,1871.22,559494.78
2025-11-20,BETA_INVEST,CL709345,ICICIBANK,B,327,1742.14,569679.78
26-Nov-25,DELTA_TRADES,CL936909,ITC,B,376,2247.54,845075.04
22-Nov-25,DELTA_TRADES,CL540868,KOTAKBANK,S,290,2031.74,589204.6
20/11/2025,ALPHA_SEC,CL690479,SBIN,B,16,1889.54,30232.64
11-23-2025,BETA_INVEST,CL351744,ICICIBANK,B,227,812.89,184526.03
23-Nov-25,OMEGA_BROKING,CL825159,SBIN,S,331,1919.34,635301.54
29/11/2025,BETA_INVEST,CL665760,ICICIBANK,S,288,2458.44,708030.72
2025-11-22,OMEGA_BROKING,CL512865,AXISBANK,B,75,1380.35,103526.25
11-21-2025,ALPHA_SEC,CL898157,ITC,B,177,1319.33,233521.41
2025-11-23,ALPHA_SEC,CL235703,SBIN,S,316,409.61,129436.76
25-Nov-25,ALPHA_SEC,CL899034,KOTAKBANK,S,18,241.54,4347.72
20/11/2025,DELTA_TRADES,CL936152,LT,B,267,1296.66,346208.22
11-25-2025,DELTA_TRADES,CL381241,HDFC,B,351,1785.3,626640.3
29/11/2025,DELTA_TRADES,CL557580,TATAMOTORS,B,176,2009.12,353605.12
11-25-2025,OMEGA_BROKING,CL807940,TATAMOTORS,B,161,1116.0,179676.0
26-Nov-25,DELTA_TRADES,CL403291,SBIN,B,180,1909.1,343638.0
11-25-2025,DELTA_TRADES,CL569890,TATAMOTORS,S,253,2592.58,655922.74
26/11/2025,BETA_INVEST,CL847444,INFY,B,293,2092.36,613061.48
24-Nov-25,OMEGA_BROKING,CL056167,LT,B,295,2749.02,810960.9
21-Nov-25,DELTA_TRADES,CL733688,INFY,B,231,1471.05,339812.55
22/11/2025,BETA_INVEST,CL019151,LT,S,327,2573.4,841501.8
26/11/2025,ALPHA_SEC,CL125850,ITC,B,297,457.37,135838.89
21/11/2025,BETA_INVEST,CL568206,KOTAKBANK,B,244,944.81,230533.64
11-26-2025,ALPHA_SEC,CL332448,RELIANCE,B,378,1909.4,721753.2
23/11/2025,OMEGA_BROKING,CL516433,SBIN,S,88,1675.75,147466.0
24-Nov-25,BETA_INVEST,CL551724,TATAMOTORS,S,349,1425.85,497621.65
23-Nov-25,BETA_INVEST,CL567047,ITC,B,106,2233.74,236776.44
24-Nov-25,OMEGA_BROKING,CL914978,AXISBANK,S,25,319.75,7993.75
11-29-2025,ALPHA_SEC,CL192556,INFY,B,7,1828.34,12798.38
26-Nov-25,ALPHA_SEC,CL009280,ITC,S,257,1406.89,361570.73
22/11/2025,DELTA_TRADES,CL547192,HDFC,B,354,398.28,140991.12
23/11/2025,ALPHA_SEC,CL411565,LT,B,294,675.72,198661.68
11-26-2025,DELTA_TRADES,CL477288,TATAMOTORS,S,125,364.88,45610.0
2025-11-25,BETA_INVEST,CL786689,RELIANCE,B,377,2661.07,1003223.39
11-25-2025,ALPHA_SEC,CL650842,AXISBANK,S,62,2193.57,136001.34
20-Nov-25,ALPHA_SEC,CL288454,HDFC,B,101,2030.77,205107.77
2025-11-29,DELTA_TRADES,CL230821,ITC,S,160,2017.59,322814.4
20/11/2025,OMEGA_BROKING,CL608936,HDFC,B,25,2536.13,63403.25
23/11/2025,ALPHA_SEC,CL554262,RELIANCE,S,162,2242.22,363239.64
11-22-2025,ALPHA_SEC,CL296528,TATAMOTORS,B,52,296.57,15421.64
20-Nov-25,BETA_INVEST,CL842290,ICICIBANK,S,226,885.93,200220.18
11-20-2025,ALPHA_SEC,CL560278,KOTAKBANK,S,45,171.79,7730.55
22-Nov-25,BETA_INVEST,CL816873,SBIN,S,273,2552.54,696843.42
11-24-2025,BETA_INVEST,CL988800,RELIANCE,B,256,1162.96,297717.76
22-Nov-25,ALPHA_SEC,CL561098,AXISBANK,B,251,1403.83,352361.33
26/11/2025,ALPHA_SEC,CL859704,TATAMOTORS,S,313,1662.75,520440.75
21/11/2025,OMEGA_BROKING,CL216373,AXISBANK,S,228,222.7,50775.6
2025-11-21,OMEGA_BROKING,CL035074,INFY,B,202,1303.56,263319.12
11-26-2025,BETA_INVEST,CL496315,TATAMOTORS,S,312,2361.48,736781.76
11-26-2025,ALPHA_SEC,CL218168,RELIANCE,B,49,1842.3,90272.7
11-21-2025,DELTA_TRADES,CL947429,LT,S,5,256.83,1284.15
2025-11-24,DELTA_TRADES,CL596238,ICICIBANK,B,281,1326.7,372802.7
11-20-2025,ALPHA_SEC,CL837170,ITC,B,202,2284.32,461432.64
26-Nov-25,ALPHA_SEC,CL815774,LT,B,115,2119.72,243767.8
22/11/2025,OMEGA_BROKING,CL528213,ITC,S,26,1781.07,46307.82
2025-11-24,ALPHA_SEC,CL515498,TATAMOTORS,S,191,811.29,154956.39
24/11/2025,OMEGA_BROKING,CL138584,ITC,S,143,1337.48,191259.64
11-23-2025,ALPHA_SEC,CL068006,ICICIBANK,B,266,2523.95,671370.7
23-Nov-25,OMEGA_BROKING,CL822148,KOTAKBANK,S,72,317.94,22891.68
23/11/2025,ALPHA_SEC,CL348397,KOTAKBANK,S,232,170.81,39627.92
26-Nov-25,ALPHA_SEC,CL234003,INFY,B,338,1748.99,591158.62
11-20-2025,ALPHA_SEC,CL824253,TATAMOTORS,B,34,2402.74,81693.16
2025-11-25,OMEGA_BROKING,CL470305,SBIN,S,280,1569.12,439353.6
21/11/2025,BETA_INVEST,CL128320,LT,B,151,1725.03,260479.53
11-23-2025,DELTA_TRADES,CL317162,ICICIBANK,B,46,275.58,12676.68
22/11/2025,OMEGA_BROKING,CL791221,TATAMOTORS,S,285,2046.47,583243.95
2025-11-24,BETA_INVEST,CL205557,KOTAKBANK,B,298,1386.1,413057.8
11-22-2025,ALPHA_SEC,CL423354,KOTAKBANK,B,165,2603.48,429574.2
25-Nov-25,ALPHA_SEC,CL555233,RELIANCE,B,15,2072.89,31093.35
2025-11-22,ALPHA_SEC,CL743278,RELIANCE,S,126,2426.68,305761.68
21/11/2025,OMEGA_BROKING,CL778045,ITC,S,333,1945.47,647841.51
2025-11-21,OMEGA_BROKING,CL480087,AXISBANK,B,309,348.76,107766.84
21-Nov-25,ALPHA_SEC,CL108291,SBIN,S,65,852.03,55381.95
22/11/2025,OMEGA_BROKING,CL229829,HDFC,B,359,1740.35,624785.65
21-Nov-25,DELTA_TRADES,CL285452,SBIN,S,57,411.93,23480.01
11-23-2025,OMEGA_BROKING,CL475422,HDFC,B,34,562.52,19125.68
11-22-2025,DELTA_TRADES,CL856802,RELIANCE,S,252,1611.17,406014.84
11-26-2025,DELTA_TRADES,CL890631,INFY,B,370,138.57,51270.9
11-24-2025,DELTA_TRADES,CL585970,ICICIBANK,B,383,349.37,133808.71
25/11/2025,OMEGA_BROKING,CL281047,TATAMOTORS,S,132,256.78,33894.96
2025-11-21,BETA_INVEST,CL257023,ICICIBANK,B,321,1888.88,606330.48
2025-11-21,ALPHA_SEC,CL584445,ICICIBANK,B,246,637.56,156839.76
26-Nov-25,DELTA_TRADES,CL069582,TATAMOTORS,B,398,280.63,111690.74
2025-11-22,BETA_INVEST,CL674267,LT,S,335,845.07,283098.45
23-Nov-25,ALPHA_SEC,CL286541,ITC,S,191,450.17,85982.47
20-Nov-25,BETA_INVEST,CL771396,AXISBANK,B,245,2630.36,644438.2
24-Nov-25,OMEGA_BROKING,CL077972,ITC,S,333,2456.7,818081.1
11-22-2025,ALPHA_SEC,CL396425,SBIN,S,93,2007.79,186724.47
11-21-2025,BETA_INVEST,CL489437,INFY,B,5,999.75,3245.13
26-Nov-25,DELTA_TRADES,CL134580,SBIN,S,207,1799.91,372581.37
2025-11-29,DELTA_TRADES,CL792456,TATAMOTORS,B,287,1223.45,351130.15
22/11/2025,BETA_INVEST,CL965365,SBIN,S,112,1185.3,132753.6
11-23-2025,DELTA_TRADES,CL699020,INFY,B,226,471.57,106574.82
2025-11-26,OMEGA_BROKING,CL995669,TATAMOTORS,S,362,2404.58,870457.96
21/11/2025,OMEGA_BROKING,CL662963,TATAMOTORS,B,80,1630.22,130417.6
24/11/2025,BETA_INVEST,CL348260,KOTAKBANK,B,13,1384.34,17996.42
2025-11-26,BETA_INVEST,CL440025,HDFC,B,120,2475.71,297085.2
22-Nov-25,BETA_INVEST,CL154278,ICICIBANK,B,54,316.26,
24-Nov-25,ALPHA_SEC,CL303631,RELIANCE,S,260,408.01,106082.6
24-Nov-25,BETA_INVEST,CL792028,SBIN,B,191,788.07,150521.37
25-Nov-25,OMEGA_BROKING,CL180833,AXISBANK,S,76,1069.24,81262.24
25/11/2025,DELTA_TRADES,CL018749,SBIN,B,196,1338.99,262442.04
11-29-2025,DELTA_TRADES,CL660455,LT,B,112,855.18,95780.16
22-Nov-25,BETA_INVEST,CL137099,ICICIBANK,S,204,2534.0,516936.0
2025-11-21,OMEGA_BROKING,CL335479,RELIANCE,S,292,1974.94,576682.48
11-29-2025,DELTA_TRADES,CL463849,SBIN,S,8,2249.53,17996.24
11-23-2025,ALPHA_SEC,CL434021,SBIN,S,198,2571.36,509129.28
11-21-2025,ALPHA_SEC,CL560343,RELIANCE,S,316,1881.33,594500.28
26-Nov-25,OMEGA_BROKING,CL124528,ITC,S,23,2328.36,53552.28
24/11/2025,ALPHA_SEC,CL027043,ITC,S,248,2031.41,503789.68
25/11/2025,OMEGA_BROKING,CL317539,HDFC,B,336,2534.4,
2025-11-20,OMEGA_BROKING,CL880748,ICICIBANK,B,294,1087.32,319672.08
25/11/2025,ALPHA_SEC,CL873896,RELIANCE,S,284,2620.95,744349.8
22-Nov-25,ALPHA_SEC,CL728379,ITC,B,202,2109.98,426215.96
2025-11-26,DELTA_TRADES,CL340060,ICICIBANK,B,49,1145.22,56115.78
11-20-2025,BETA_INVEST,CL025504,HDFC,B,209,1722.97,360100.73
23-Nov-25,OMEGA_BROKING,CL828567,RELIANCE,B,127,1475.85,187432.95
26/11/2025,ALPHA_SEC,CL170359,SBIN,S,358,2200.52,787786.16
26/11/2025,BETA_INVEST,CL160656,RELIANCE,S,337,249.82,84189.34
11-29-2025,BETA_INVEST,CL818449,RELIANCE,B,368,1923.03,707675.04
11-29-2025,DELTA_TRADES,CL222407,ICICIBANK,B,39,2696.11,105148.29
26-Nov-25,OMEGA_BROKING,CL343805,ITC,S,190,1360.1,258419.0
21-Nov-25,BETA_INVEST,CL348978,ITC,S,197,2012.38,396438.86
23/11/2025,ALPHA_SEC,CL335973,SBIN,B,209,1890.27,395066.43
22-Nov-25,ALPHA_SEC,CL840591,SBIN,S,156,2648.37,413145.72
2025-11-20,ALPHA_SEC,CL325862,ICICIBANK,S,292,111.67,32607.64
29-Nov-25,OMEGA_BROKING,CL986264,ITC,B,164,971.66,159352.24
21/11/2025,BETA_INVEST,CL468474,LT,S,200,1263.12,252624.0
2025-11-22,OMEGA_BROKING,CL882133,SBIN,B,378,505.97,191256.66
26/11/2025,DELTA_TRADES,CL843710,RELIANCE,S,321,1631.79,523804.59
11-24-2025,OMEGA_BROKING,CL916232,RELIANCE,B,376,593.05,222986.8
22/11/2025,ALPHA_SEC,CL463522,INFY,B,2,593.12,1186.24
22-Nov-25,ALPHA_SEC,CL019947,RELIANCE,S,281,2786.55,783020.55
11-21-2025,ALPHA_SEC,CL135792,ITC,B,189,2536.0,479304.0
20/11/2025,BETA_INVEST,CL203253,INFY,S,348,2198.81,
11-23-2025,OMEGA_BROKING,CL555227,TATAMOTORS,B,92,1040.81,95754.52
24/11/2025,OMEGA_BROKING,CL304509,KOTAKBANK,B,323,790.13,255211.99
2025-11-21,OMEGA_BROKING,CL352442,ICICIBANK,B,279,2238.1,624429.9
11-26-2025,DELTA_TRADES,CL370241,AXISBANK,B,88,607.6,53468.8
25-Nov-25,BETA_INVEST,CL501704,INFY,S,347,151.41,52539.27
29-Nov-25,DELTA_TRADES,CL060259,INFY,B,89,619.79,55161.31
20-Nov-25,DELTA_TRADES,CL955780,KOTAKBANK,S,29,2077.49,60247.21
11-23-2025,ALPHA_SEC,CL370133,SBIN,B,314,2559.79,803774.06
2025-11-20,OMEGA_BROKING,CL480613,ICICIBANK,S,144,992.15,142869.6
22-Nov-25,BETA_INVEST,CL941225,AXISBANK,S,291,1427.82,415495.62
11-22-2025,ALPHA_SEC,CL998272,LT,B,68,1471.56,112734.29
11-20-2025,DELTA_TRADES,CL396004,INFY,S,266,753.9,200537.4
20/11/2025,BETA_INVEST,CL072016,KOTAKBANK,B,247,362.58,89557.26
21-Nov-25,DELTA_TRADES,CL880440,AXISBANK,S,97,1341.32,130108.04
25-Nov-25,BETA_INVEST,CL696570,ICICIBANK,B,71,1072.64,76157.44
21-Nov-25,BETA_INVEST,CL753746,SBIN,S,396,1892.55,749449.8
22/11/2025,DELTA_TRADES,CL631628,INFY,B,169,2261.52,382196.88
20-Nov-25,DELTA_TRADES,CL271396,ITC,S,290,2406.47,697876.3
26-Nov-25,BETA_INVEST,CL293697,INFY,S,330,1684.93,556026.9
2025-11-21,BETA_INVEST,CL681664,SBIN,B,156,1050.74,163915.44
20/11/2025,DELTA_TRADES,CL599879,ICICIBANK,B,72,285.82,20579.04
11-24-2025,ALPHA_SEC,CL720660,SBIN,S,335,2270.92,760758.2
25/11/2025,BETA_INVEST,CL471211,TATAMOTORS,S,214,2453.24,524993.36
20/11/2025,ALPHA_SEC,CL200884,ITC,S,281,187.28,52625.68
2025-11-24,DELTA_TRADES,CL092566,AXISBANK,B,238,466.66,111065.08
2025-11-22,DELTA_TRADES,CL385929,LT,B,268,2425.82,650119.76
2025-11-20,DELTA_TRADES,CL571019,TATAMOTORS,B,79,2237.59,176769.61
11-20-2025,BETA_INVEST,CL221750,ITC,S,228,1929.86,293554.78
2025-11-25,BETA_INVEST,CL117651,INFY,B,213,1509.46,321514.98
26-Nov-25,ALPHA_SEC,CL870431,RELIANCE,B,313,2369.61,942528.84
2025-11-26,DELTA_TRADES,CL172348,RELIANCE,S,187,1177.94,220274.78
2025-11-22,ALPHA_SEC,CL336182,ITC,B,125,178.23,22278.75
11-26-2025,ALPHA_SEC,CL097314,ITC,S,295,2008.08,592383.6
11-21-2025,ALPHA_SEC,CL473432,ICICIBANK,B,209,616.91,128934.19
11-24-2025,DELTA_TRADES,CL320529,AXISBANK,S,339,319.34,108256.26
11-26-2025,ALPHA_SEC,CL160224,RELIANCE,B,85,330.46,28089.1
24/11/2025,OMEGA_BROKING,CL240270,AXISBANK,B,53,2360.46,125104.38
26/11/2025,OMEGA_BROKING,CL840405,HDFC,S,226,1162.0,262612.0
22/11/2025,DELTA_TRADES,CL045598,RELIANCE,S,205,484.9,99404.5
22/11/2025,DELTA_TRADES,CL162866,LT,S,15,1304.62,19569.3
2025-11-26,OMEGA_BROKING,CL176299,ITC,B,134,2086.02,279526.68
26-Nov-25,BETA_INVEST,CL238641,INFY,B,341,602.09,205312.69
23-Nov-25,DELTA_TRADES,CL100646,RELIANCE,B,94,1787.31,168007.14
23/11/2025,DELTA_TRADES,CL960717,RELIANCE,S,60,1094.93,65695.8
21/11/2025,OMEGA_BROKING,CL568548,ICICIBANK,S,341,1484.8,506316.8
26-Nov-25,DELTA_TRADES,CL948741,TATAMOTORS,S,172,2682.14,461328.08
20-Nov-25,OMEGA_BROKING,CL592795,KOTAKBANK,S,143,2712.38,387870.34
26/11/2025,DELTA_TRADES,CL349700,RELIANCE,S,128,771.08,98698.24
2025-11-26,OMEGA_BROKING,CL620671,INFY,S,308,1257.39,387276.12
26-Nov-25,OMEGA_BROKING,CL808775,ICICIBANK,B,195,949.08,185070.6
25/11/2025,BETA_INVEST,CL126561,RELIANCE,B,68,1278.85,86961.8
2025-11-25,DELTA_TRADES,CL507691,TATAMOTORS,S,126,384.03,48387.78
2025-11-25,DELTA_TRADES,CL963257,SBIN,S,212,2269.61,481157.32
2025-11-21,ALPHA_SEC,CL126955,KOTAKBANK,S,107,958.76,102587.32
11-21-2025,ALPHA_SEC,CL636925,HDFC,B,21,986.2,20710.2
26-Nov-25,DELTA_TRADES,CL750234,TATAMOTORS,B,123,134.54,16548.42
11-23-2025,OMEGA_BROKING,CL230107,AXISBANK,S,367,1016.32,372989.44
11-21-2025,OMEGA_BROKING,CL874494,LT,B,268,967.58,259311.44
11-29-2025,DELTA_TRADES,CL855794,ITC,B,245,1551.42,380097.9
22/11/2025,OMEGA_BROKING,CL692346,INFY,S,385,1396.95,537825.75
22-Nov-25,ALPHA_SEC,CL561825,LT,S,53,233.03,12350.59
25-Nov-25,BETA_INVEST,CL362680,KOTAKBANK,S,251,2392.76,600582.76
26/11/2025,OMEGA_BROKING,CL627451,RELIANCE,B,352,2526.76,889419.52
11-22-2025,BETA_INVEST,CL798383,TATAMOTORS,S,83,1713.38,142210.54
11-26-2025,BETA_INVEST,CL260215,ICICIBANK,S,339,2295.81,
25-Nov-25,ALPHA_SEC,CL501558,HDFC,S,324,1006.05,325960.2
23-Nov-25,ALPHA_SEC,CL678715,SBIN,S,151,1701.86,256980.86
2025-11-25,OMEGA_BROKING,CL420909,TATAMOTORS,S,306,1060.19,324418.14
26-Nov-25,DELTA_TRADES,CL737234,TATAMOTORS,S,151,2784.79,420503.29
2025-11-22,OMEGA_BROKING,CL429912,KOTAKBANK,S,354,722.78,255864.12
2025-11-26,ALPHA_SEC,CL107375,AXISBANK,B,240,1695.12,406828.8
25-Nov-25,DELTA_TRADES,CL783547,TATAMOTORS,B,292,1675.41,489219.72
20/11/2025,OMEGA_BROKING,CL172027,ITC,B,165,288.89,47666.85
24/11/2025,OMEGA_BROKING,CL948846,ICICIBANK,B,120,848.81,101857.2
2025-11-25,ALPHA_SEC,CL385679,KOTAKBANK,S,251,2162.14,542697.14
11-24-2025,BETA_INVEST,CL797635,LT,S,324,529.0,171396.0
20/11/2025,OMEGA_BROKING,CL293050,KOTAKBANK,S,6,1392.86,8357.16
2025-11-25,DELTA_TRADES,CL947351,ITC,B,159,2595.65,412708.35
21-Nov-25,ALPHA_SEC,CL119958,LT,S,251,707.14,177492.14
26/11/2025,OMEGA_BROKING,CL895018,ICICIBANK,S,218,938.68,204632.24
23/11/2025,OMEGA_BROKING,CL612616,HDFC,S,110,308.31,33914.1
25-Nov-25,DELTA_TRADES,CL362917,ITC,B,233,1707.87,397933.71
22/11/2025,OMEGA_BROKING,CL191601,ICICIBANK,B,16,1942.96,31087.36
11-23-2025,DELTA_TRADES,CL707160,ICICIBANK,B,59,1454.87,85837.33
20/11/2025,ALPHA_SEC,CL043000,ITC,S,240,2447.78,587467.2
2025-11-23,BETA_INVEST,CL663758,RELIANCE,S,362,2119.4,767222.8
22/11/2025,DELTA_TRADES,CL794247,LT,S,318,698.22,222033.96
2025-11-24,OMEGA_BROKING,CL188114,AXISBANK,B,389,2095.62,815196.18
24/11/2025,BETA_INVEST,CL282660,TATAMOTORS,S,154,2521.26,388274.04
2025-11-22,OMEGA_BROKING,CL835928,RELIANCE,S,245,1896.87,464733.15
11-23-2025,DELTA_TRADES,CL534925,ICICIBANK,S,37,2652.26,98133.62
11-23-2025,BETA_INVEST,CL345979,RELIANCE,B,170,781.02,132773.4
24/11/2025,DELTA_TRADES,CL846542,RELIANCE,S,304,467.99,142268.96
2025-11-25,DELTA_TRADES,CL198213,RELIANCE,B,287,2395.51,687511.37
24-Nov-25,OMEGA_BROKING,CL838428,LT,B,101,2214.76,223690.76
20/11/2025,OMEGA_BROKING,CL894260,ICICIBANK,S,280,985.0,275800.0
20/11/2025,OMEGA_BROKING,CL373632,ICICIBANK,B,221,851.42,188163.82
26-Nov-25,DELTA_TRADES,CL607894,SBIN,B,73,2785.31,203327.63
22/11/2025,ALPHA_SEC,CL736749,TATAMOTORS,S,250,771.76,192940.0
23-Nov-25,OMEGA_BROKING,CL478874,KOTAKBANK,S,113,2374.58,268327.54
2025-11-23,ALPHA_SEC,CL456168,RELIANCE,S,324,155.37,50339.88
29-Nov-25,ALPHA_SEC,CL836091,HDFC,B,255,2503.64,638428.2
2025-11-21,ALPHA_SEC,CL978286,LT,B,129,1446.02,186536.58
2025-11-22,ALPHA_SEC,CL814442,INFY,B,352,1346.57,473992.64
22-Nov-25,BETA_INVEST,CL813817,HDFC,S,22,2042.8,44941.6
29-Nov-25,BETA_INVEST,CL117495,ICICIBANK,S,304,162.05,49263.2
11-25-2025,BETA_INVEST,CL402023,SBIN,B,312,2049.77,639528.24
29/11/2025,ALPHA_SEC,CL600311,ICICIBANK,S,149,661.83,98612.67
22/11/2025,BETA_INVEST,CL761346,RELIANCE,B,394,998.7,393487.8
22-Nov-25,ALPHA_SEC,CL296131,AXISBANK,B,84,2208.73,185533.32
11-23-2025,DELTA_TRADES,CL984286,ICICIBANK,S,321,900.61,289095.81
23/11/2025,DELTA_TRADES,CL798492,HDFC,B,316,2681.72,847423.52
11-20-2025,BETA_INVEST,CL165631,RELIANCE,S,148,161.27,23867.96
11-21-2025,ALPHA_SEC,CL765363,INFY,S,63,1763.77,111117.51
25/11/2025,DELTA_TRADES,CL210099,HDFC,B,357,746.94,266657.58
2025-11-29,ALPHA_SEC,CL490106,INFY,B,371,2440.81,905540.51
11-25-2025,DELTA_TRADES,CL526441,ITC,B,367,894.64,328332.88
24-Nov-25,ALPHA_SEC,CL695010,INFY,S,348,903.83,314532.84
21/11/2025,DELTA_TRADES,CL533009,KOTAKBANK,B,103,863.88,88979.64
26/11/2025,ALPHA_SEC,CL058228,ICICIBANK,B,380,2531.37,961920.6
2025-11-23,BETA_INVEST,CL536273,AXISBANK,B,190,1162.3,220837.0
24-Nov-25,ALPHA_SEC,CL328330,LT,S,176,360.61,63467.36
2025-11-20,DELTA_TRADES,CL145821,HDFC,B,349,1880.09,656151.41
21/11/2025,OMEGA_BROKING,CL234728,RELIANCE,S,304,2014.72,612474.88
24/11/2025,OMEGA_BROKING,CL242982,ITC,B,10,1497.41,14974.1
2025-11-24,BETA_INVEST,CL873568,INFY,S,192,644.15,123676.8
11-21-2025,ALPHA_SEC,CL599147,TATAMOTORS,B,400,2582.92,1033168.0
26-Nov-25,ALPHA_SEC,CL716862,SBIN,S,319,2241.94,715178.86
29-Nov-25,BETA_INVEST,CL317631,AXISBANK,B,68,1651.65,
24/11/2025,ALPHA_SEC,CL148747,AXISBANK,S,217,725.42,157416.14
11-22-2025,OMEGA_BROKING,CL019941,SBIN,S,19,2613.18,49650.42
20/11/2025,DELTA_TRADES,CL248403,SBIN,S,246,1048.06,257822.76
20-Nov-25,ALPHA_SEC,CL937984,ITC,B,357,1426.98,509431.86
29-Nov-25,DELTA_TRADES,CL369593,LT,S,121,1115.53,134979.13
2025-11-22,BETA_INVEST,CL142647,AXISBANK,B,40,333.16,13326.4
26/11/2025,OMEGA_BROKING,CL011661,AXISBANK,S,112,1502.05,168229.6
2025-11-20,ALPHA_SEC,CL453516,ITC,B,234,827.24,193574.16
2025-11-24,OMEGA_BROKING,CL830589,HDFC,B,239,616.99,147460.61
11-26-2025,BETA_INVEST,CL923553,ICICIBANK,B,203,1925.32,390839.96
20/11/2025,ALPHA_SEC,CL355827,AXISBANK,B,330,2138.5,705705.0
22/11/2025,BETA_INVEST,CL975312,TATAMOTORS,B,84,2710.35,227669.4
24/11/2025,ALPHA_SEC,CL689855,INFY,S,205,1725.26,353678.3
2025-11-24,ALPHA_SEC,CL319485,LT,B,340,1577.67,536407.8
20-Nov-25,DELTA_TRADES,CL220858,AXISBANK,B,365,1099.61,401357.65
11-21-2025,DELTA_TRADES,CL107473,KOTAKBANK,S,146,1756.02,256378.92
29/11/2025,DELTA_TRADES,CL105477,TATAMOTORS,S,97,450.96,43743.12
2025-11-21,BETA_INVEST,CL967047,HDFC,S,127,1084.85,137775.95
11-25-2025,ALPHA_SEC,CL932303,AXISBANK,S,252,1435.3,361695.6
26-Nov-25,OMEGA_BROKING,CL854292,SBIN,S,283,1907.69,539876.27
2025-11-23,OMEGA_BROKING,CL141857,KOTAKBANK,B,355,1019.13,361791.15
21-Nov-25,BETA_INVEST,CL471373,ICICIBANK,S,125,1511.74,188967.5
26-Nov-25,BETA_INVEST,CL704358,ITC,S,178,678.84,120833.52
11-24-2025,BETA_INVEST,CL590967,INFY,B,367,1466.4,538168.8
2025-11-22,OMEGA_BROKING,CL834034,RELIANCE,S,100,670.13,67013.0
2025-11-20,ALPHA_SEC,CL045234,ICICIBANK,B,71,1895.41,
11-21-2025,BETA_INVEST,CL549697,TATAMOTORS,B,15,1371.89,20578.35
24/11/2025,ALPHA_SEC,CL210640,HDFC,S,298,745.5,222159.0
22/11/2025,DELTA_TRADES,CL852652,ICICIBANK,B,224,1326.52,297140.48
2025-11-24,ALPHA_SEC,CL144442,AXISBANK,B,11,1519.59,16715.49
2025-11-25,DELTA_TRADES,CL478018,RELIANCE,S,169,971.82,164237.58
22-Nov-25,DELTA_TRADES,CL590282,TATAMOTORS,S,2,866.44,1732.88
2025-11-21,BETA_INVEST,CL916422,TATAMOTORS,B,197,2680.99,528155.03
11-26-2025,ALPHA_SEC,CL489645,SBIN,S,40,433.18,17327.2
2025-11-21,BETA_INVEST,CL671244,SBIN,S,274,1574.72,431473.28
26/11/2025,DELTA_TRADES,CL336033,SBIN,S,353,2332.76,823464.28
2025-11-24,OMEGA_BROKING,CL608992,KOTAKBANK,S,332,1168.37,387898.84
26-Nov-25,DELTA_TRADES,CL374464,RELIANCE,B,187,2049.01,383164.87
22/11/2025,ALPHA_SEC,CL365528,HDFC,S,252,2189.96,551869.92
11-21-2025,OMEGA_BROKING,CL463435,KOTAKBANK,S,265,2774.0,735110.0
11-20-2025,ALPHA_SEC,CL902595,INFY,B,28,1696.05,47489.4
24-Nov-25,BETA_INVEST,CL044040,RELIANCE,B,229,2701.66,618680.14
11-25-2025,BETA_INVEST,CL086239,LT,S,65,751.79,48866.35
26-Nov-25,DELTA_TRADES,CL840610,AXISBANK,B,252,1791.43,451440.36
23-Nov-25,DELTA_TRADES,CL456780,KOTAKBANK,B,294,1609.94,473322.36
2025-11-23,ALPHA_SEC,CL571524,HDFC,B,37,1999.41,73978.17
20/11/2025,BETA_INVEST,CL662084,TATAMOTORS,B,265,2348.97,622477.05
25-Nov-25,ALPHA_SEC,CL107434,ITC,S,223,2714.72,605382.56
20/11/2025,ALPHA_SEC,CL404429,RELIANCE,B,90,578.66,52079.4
2025-11-22,BETA_INVEST,CL686866,RELIANCE,B,372,2604.66,968933.52
2025-11-29,ALPHA_SEC,CL630980,KOTAKBANK,B,286,2728.18,780259.48
20/11/2025,DELTA_TRADES,CL733927,INFY,B,366,996.83,364839.78
21-Nov-25,ALPHA_SEC,CL545816,HDFC,B,235,1565.94,367995.9
11-22-2025,OMEGA_BROKING,CL520526,TATAMOTORS,B,176,748.61,131755.36
2025-11-22,OMEGA_BROKING,CL687339,INFY,B,6,2637.03,15822.18
11-25-2025,ALPHA_SEC,CL074819,INFY,S,113,1167.68,131947.84
11-26-2025,OMEGA_BROKING,CL476195,INFY,S,313,2665.6,834332.8
11-26-2025,ALPHA_SEC,CL263201,INFY,B,4,2585.33,10341.32
11-24-2025,OMEGA_BROKING,CL088914,RELIANCE,B,86,1085.45,93348.7
2025-11-22,BETA_INVEST,CL461098,KOTAKBANK,S,328,1134.91,372250.48
26/11/2025,DELTA_TRADES,CL959856,KOTAKBANK,S,297,1883.57,559420.29
2025-11-25,BETA_INVEST,CL763912,AXISBANK,S,95,332.33,31571.35
2025-11-23,BETA_INVEST,CL002160,LT,S,22,493.75,10862.5
11-23-2025,ALPHA_SEC,CL260028,KOTAKBANK,B,33,678.9,22403.7
11-23-2025,DELTA_TRADES,CL244608,AXISBANK,S,207,2372.13,491030.91
2025-11-26,DELTA_TRADES,CL931911,HDFC,B,317,505.35,160195.95
11-20-2025,BETA_INVEST,CL166867,AXISBANK,B,180,748.79,134782.2
11-24-2025,OMEGA_BROKING,CL052655,RELIANCE,B,337,906.35,305439.95
2025-11-22,BETA_INVEST,CL751701,ITC,S,385,2154.39,829440.15
11-26-2025,ALPHA_SEC,CL665333,SBIN,B,80,2216.07,177285.6
2025-11-21,ALPHA_SEC,CL337438,HDFC,S,284,1725.17,489948.28
26/11/2025,ALPHA_SEC,CL362064,RELIANCE,B,58,1869.7,108442.6
2025-11-26,OMEGA_BROKING,CL874095,LT,S,142,1244.01,176649.42
24/11/2025,ALPHA_SEC,CL651862,HDFC,S,245,869.13,212936.85
24/11/2025,ALPHA_SEC,CL983520,RELIANCE,S,214,1514.27,324053.78
11-29-2025,ALPHA_SEC,CL158605,HDFC,S,376,2473.91,930190.16
26/11/2025,DELTA_TRADES,CL180436,INFY,B,348,1033.11,359522.28
22-Nov-25,OMEGA_BROKING,CL361336,ICICIBANK,S,349,1495.79,522030.71
11-25-2025,OMEGA_BROKING,CL893662,HDFC,B,199,2754.32,548109.68
11-23-2025,BETA_INVEST,CL475145,INFY,S,233,346.86,80818.38
29/11/2025,OMEGA_BROKING,CL692911,LT,S,129,1069.73,137995.17
20-Nov-25,OMEGA_BROKING,CL420604,ICICIBANK,S,80,908.4,72672.0
23/11/2025,BETA_INVEST,CL099344,AXISBANK,S,204,2753.04,561620.16
24-Nov-25,OMEGA_BROKING,CL159889,ICICIBANK,S,274,186.17,51010.58
11-21-2025,DELTA_TRADES,CL503708,KOTAKBANK,S,35,1552.38,54333.3
29/11/2025,ALPHA_SEC,CL266696,RELIANCE,B,210,1346.64,282794.4
29/11/2025,BETA_INVEST,CL313299,TATAMOTORS,S,176,1206.52,212347.52
11-25-2025,ALPHA_SEC,CL992662,AXISBANK,B,10,924.45,9244.5
23-Nov-25,DELTA_TRADES,CL224667,INFY,S,101,1638.82,165520.82
2025-11-24,OMEGA_BROKING,CL900591,LT,B,78,2751.74,214635.72
25/11/2025,ALPHA_SEC,CL189883,KOTAKBANK,S,174,1412.34,245747.16
20/11/2025,BETA_INVEST,CL714746,LT,S,50,1181.9,59095.0
11-22-2025,BETA_INVEST,CL709064,RELIANCE,B,101,1881.92,190073.92
21-Nov-25,ALPHA_SEC,CL508668,HDFC,B,100,1983.61,198361.0
25/11/2025,ALPHA_SEC,CL984275,LT,S,176,1598.72,281374.72
2025-11-25,ALPHA_SEC,CL355552,HDFC,S,337,576.65,194331.05
11-26-2025,DELTA_TRADES,CL035376,ITC,B,361,764.95,276146.95
26/11/2025,OMEGA_BROKING,CL042751,INFY,B,252,355.75,89649.0
29-Nov-25,ALPHA_SEC,CL647907,AXISBANK,S,192,2114.69,406020.48
24-Nov-25,OMEGA_BROKING,CL834145,INFY,S,66,1979.76,130664.16
29-Nov-25,ALPHA_SEC,CL382807,INFY,S,200,1588.82,317764.0
2025-11-25,BETA_INVEST,CL041520,SBIN,B,219,380.99,83436.81
11-25-2025,BETA_INVEST,CL925704,AXISBANK,B,295,1639.4,483623.0
23-Nov-25,DELTA_TRADES,CL245175,SBIN,S,82,309.73,25397.86
21/11/2025,ALPHA_SEC,CL471644,KOTAKBANK,S,155,2132.87,330594.85
11-22-2025,OMEGA_BROKING,CL150345,AXISBANK,B,336,2245.68,754548.48
2025-11-23,ALPHA_SEC,CL665899,RELIANCE,S,327,1035.33,338552.91
25-Nov-25,BETA_INVEST,CL078520,KOTAKBANK,B,164,968.59,158848.76
2025-11-23,BETA_INVEST,CL140165,RELIANCE,B,217,2210.61,637287.32
11-21-2025,BETA_INVEST,CL345735,RELIANCE,B,13,157.16,2043.08
11-25-2025,ALPHA_SEC,CL737456,SBIN,B,202,187.09,37792.18
2025-11-26,ALPHA_SEC,CL386041,AXISBANK,S,298,864.32,257567.36
21/11/2025,ALPHA_SEC,CL032546,HDFC,B,352,1514.52,
11-23-2025,DELTA_TRADES,CL014743,RELIANCE,S,15,1599.77,23996.55
11-29-2025,DELTA_TRADES,CL494466,AXISBANK,S,41,713.02,29233.82
25/11/2025,OMEGA_BROKING,CL667833,ICICIBANK,S,34,797.37,27110.58
2025-11-21,DELTA_TRADES,CL525686,HDFC,S,383,1302.89,499006.87
2025-11-23,DELTA_TRADES,CL392318,HDFC,B,287,129.31,43798.5
20/11/2025,ALPHA_SEC,CL392071,TATAMOTORS,B,145,2545.57,369107.65
22/11/2025,ALPHA_SEC,CL144997,INFY,S,343,902.49,309554.07
26/11/2025,DELTA_TRADES,CL069645,TATAMOTORS,B,43,2119.21,91126.03
11-21-2025,DELTA_TRADES,CL238795,INFY,S,144,2164.52,311690.88
2025-11-20,BETA_INVEST,CL929389,SBIN,B,279,2170.23,605494.17
20-Nov-25,OMEGA_BROKING,CL671398,RELIANCE,B,279,752.34,209902.86
22-Nov-25,OMEGA_BROKING,CL645704,ICICIBANK,B,175,1386.23,242590.25
11-23-2025,DELTA_TRADES,CL935888,ITC,S,212,1967.35,417078.2
22-Nov-25,OMEGA_BROKING,CL734147,SBIN,S,80,1334.48,106758.4
25-Nov-25,BETA_INVEST,CL899448,INFY,S,47,1276.7,60004.9
25/11/2025,DELTA_TRADES,CL926929,KOTAKBANK,S,122,1721.78,210057.16
11-20-2025,ALPHA_SEC,CL953410,KOTAKBANK,S,380,153.61,58371.8
2025-11-21,DELTA_TRADES,CL324729,AXISBANK,B,21,1245.41,26153.61
22-Nov-25,OMEGA_BROKING,CL563514,KOTAKBANK,S,73,1944.01,141912.73
11-20-2025,DELTA_TRADES,CL191013,HDFC,B,14,1474.44,20642.16
2025-11-23,DELTA_TRADES,CL004648,LT,B,157,2481.96,389667.72
11-21-2025,ALPHA_SEC,CL914214,RELIANCE,S,214,1285.72,275144.08
25-Nov-25,DELTA_TRADES,CL406922,KOTAKBANK,B,282,2095.07,590809.74
2025-11-21,BETA_INVEST,CL433775,SBIN,B,251,2173.93,545656.43
2025-11-25,ALPHA_SEC,CL635010,HDFC,S,192,1509.28,289781.76
21-Nov-25,ALPHA_SEC,CL111213,ITC,B,77,1191.89,91775.53
2025-11-22,BETA_INVEST,CL377553,LT,B,84,1243.81,104480.04
24-Nov-25,BETA_INVEST,CL306389,ICICIBANK,B,186,2645.48,492059.28
22-Nov-25,ALPHA_SEC,CL165145,SBIN,B,226,458.34,103584.84
22/11/2025,BETA_INVEST,CL538446,KOTAKBANK,S,322,383.85,123599.7
26-Nov-25,ALPHA_SEC,CL570405,ICICIBANK,S,330,2759.14,910516.2
25/11/2025,BETA_INVEST,CL649506,HDFC,S,356,1882.48,670162.88
2025-11-23,BETA_INVEST,CL418051,RELIANCE,S,43,2132.86,91712.98
11-21-2025,BETA_INVEST,CL121806,AXISBANK,S,99,755.98,74842.02
11-22-2025,ALPHA_SEC,CL367924,TATAMOTORS,S,104,1058.27,110060.08
11-20-2025,DELTA_TRADES,CL814958,TATAMOTORS,S,80,1519.7,121576.0
26-Nov-25,ALPHA_SEC,CL218821,HDFC,B,332,829.73,275470.36
2025-11-22,ALPHA_SEC,CL759328,LT,B,109,2014.45,219575.05
22/11/2025,OMEGA_BROKING,CL753627,KOTAKBANK,S,284,1378.45,391479.8
26/11/2025,OMEGA_BROKING,CL542007,ICICIBANK,B,109,1166.19,127114.71
25-Nov-25,DELTA_TRADES,CL611184,INFY,S,106,2264.43,240029.58
24/11/2025,ALPHA_SEC,CL661123,TATAMOTORS,S,11,1491.3,16404.3
22-Nov-25,DELTA_TRADES,CL515869,SBIN,S,393,2727.35,1071848.55
2025-11-22,ALPHA_SEC,CL865080,AXISBANK,S,41,1199.98,49199.18
26/11/2025,DELTA_TRADES,CL064785,KOTAKBANK,B,3,2710.07,8130.21
2025-11-23,OMEGA_BROKING,CL061493,INFY,B,309,1883.53,582010.77
26-Nov-25,ALPHA_SEC,CL641881,SBIN,B,85,2665.88,226599.8
29-Nov-25,DELTA_TRADES,CL963318,AXISBANK,B,390,771.91,301044.9
11-21-2025,BETA_INVEST,CL096717,ITC,S,301,1752.63,527541.63
2025-11-25,BETA_INVEST,CL734278,ITC,S,14,2241.21,31376.94
2025-11-21,DELTA_TRADES,CL734639,ICICIBANK,B,29,2136.93,61970.97
11-22-2025,DELTA_TRADES,CL886509,HDFC,S,77,2379.04,183186.08
11-20-2025,DELTA_TRADES,CL846334,KOTAKBANK,S,160,2572.82,411651.2
20/11/2025,DELTA_TRADES,CL886541,ICICIBANK,S,60,1570.8,94248.0
26/11/2025,OMEGA_BROKING,CL111789,HDFC,S,159,1009.65,160534.35
11-25-2025,ALPHA_SEC,CL815870,AXISBANK,S,351,1922.74,674881.74
20/11/2025,BETA_INVEST,CL348123,KOTAKBANK,B,206,2220.28,457377.68
22-Nov-25,DELTA_TRADES,CL438760,ICICIBANK,S,370,1378.19,509930.3
11-25-2025,BETA_INVEST,CL848149,HDFC,S,183,2347.68,429625.44
11-25-2025,OMEGA_BROKING,CL173990,INFY,B,272,1374.27,373801.44
11-25-2025,DELTA_TRADES,CL575553,RELIANCE,S,35,1568.94,54912.9
2025-11-26,OMEGA_BROKING,CL926719,HDFC,S,159,811.2,128980.8
11-22-2025,ALPHA_SEC,CL315795,TATAMOTORS,B,104,112.14,11662.56
2025-11-21,OMEGA_BROKING,CL617262,HDFC,B,241,431.97,104104.77
2025-11-26,BETA_INVEST,CL745761,ICICIBANK,B,231,831.25,192018.75
23/11/2025,BETA_INVEST,CL061930,ICICIBANK,S,24,2014.35,48344.4
2025-11-20,ALPHA_SEC,CL546188,ICICIBANK,B,280,1931.59,540845.2
20-Nov-25,ALPHA_SEC,CL183104,SBIN,B,170,1879.45,319506.5
11-24-2025,ALPHA_SEC,CL324232,HDFC,B,113,2059.54,232728.02
11-22-2025,DELTA_TRADES,CL548272,ITC,S,230,977.46,224815.8
11-26-2025,ALPHA_SEC,CL243040,INFY,S,65,426.45,27719.25
11-23-2025,DELTA_TRADES,CL952998,RELIANCE,B,82,1512.86,124054.52
23/11/2025,ALPHA_SEC,CL878405,TATAMOTORS,B,332,1436.17,476808.44
2025-11-29,OMEGA_BROKING,CL613336,ICICIBANK,B,113,1035.45,117005.85
23-Nov-25,DELTA_TRADES,CL909069,KOTAKBANK,B,305,2642.95,806099.75
2025-11-25,BETA_INVEST,CL128182,ICICIBANK,B,371,1152.94,427740.74
2025-11-22,BETA_INVEST,CL502143,ITC,B,264,860.44,227156.16
2025-11-22,BETA_INVEST,CL533786,HDFC,S,54,2103.04,113564.16
26-Nov-25,DELTA_TRADES,CL779253,AXISBANK,S,79,830.26,65590.54
2025-11-24,DELTA_TRADES,CL724408,LT,B,104,599.94,62393.76
21/11/2025,DELTA_TRADES,CL315110,HDFC,B,79,326.51,25794.29
11-23-2025,DELTA_TRADES,CL586482,LT,S,57,452.72,25805.04
2025-11-20,DELTA_TRADES,CL215520,KOTAKBANK,S,52,190.61,9911.72
2025-11-20,BETA_INVEST,CL477591,SBIN,S,190,1980.35,376266.5
11-24-2025,ALPHA_SEC,CL112236,SBIN,S,321,1798.25,577238.25
25-Nov-25,ALPHA_SEC,CL054347,HDFC,S,358,2296.65,822200.7
11-29-2025,BETA_INVEST,CL847184,KOTAKBANK,B,136,1838.64,250055.04
22/11/2025,OMEGA_BROKING,CL408044,RELIANCE,S,54,387.23,20910.42
11-23-2025,OMEGA_BROKING,CL041535,ITC,S,242,1847.67,447136.14
26/11/2025,BETA_INVEST,CL226758,AXISBANK,S,245,2568.87,629373.15
2025-11-21,DELTA_TRADES,CL982868,KOTAKBANK,B,32,1309.34,41898.88
2025-11-22,ALPHA_SEC,CL230664,TATAMOTORS,S,303,2147.71,650756.13
2025-11-24,ALPHA_SEC,CL448652,KOTAKBANK,S,263,623.8,164059.4
2025-11-23,BETA_INVEST,CL482883,KOTAKBANK,B,258,1055.39,272290.62
20-Nov-25,BETA_INVEST,CL713443,LT,S,5,1809.48,9047.4
20-Nov-25,OMEGA_BROKING,CL582443,ICICIBANK,B,328,2711.37,889329.36
11-22-2025,BETA_INVEST,CL138686,ICICIBANK,B,387,2128.15,823594.05
23/11/2025,DELTA_TRADES,CL757095,INFY,B,165,992.9,163828.5
2025-11-25,BETA_INVEST,CL351075,AXISBANK,B,150,2486.0,372900.0
11-26-2025,OMEGA_BROKING,CL952966,RELIANCE,S,342,2356.81,806029.02
29/11/2025,ALPHA_SEC,CL451991,SBIN,B,129,2434.44,314042.76
22-Nov-25,DELTA_TRADES,CL920398,TATAMOTORS,S,329,220.08,72406.32
24/11/2025,DELTA_TRADES,CL495650,LT,S,375,2009.99,753746.25
2025-11-22,OMEGA_BROKING,CL447125,AXISBANK,S,192,528.88,101544.96
23-Nov-25,OMEGA_BROKING,CL870877,KOTAKBANK,S,111,418.85,46492.35
26/11/2025,OMEGA_BROKING,CL373782,ICICIBANK,S,22,153.21,3370.62
24-Nov-25,BETA_INVEST,CL449565,SBIN,S,69,1885.0,130065.0
2025-11-21,BETA_INVEST,CL207712,AXISBANK,S,275,841.17,231321.75
2025-11-20,BETA_INVEST,CL088531,KOTAKBANK,B,19,162.16,3081.04
22/11/2025,BETA_INVEST,CL158564,LT,B,334,1089.12,363766.08
25/11/2025,OMEGA_BROKING,CL336150,TATAMOTORS,B,87,2545.81,221485.47
26-Nov-25,DELTA_TRADES,CL966137,AXISBANK,S,204,1979.87,403893.48
22-Nov-25,OMEGA_BROKING,CL999688,ICICIBANK,S,107,599.93,64192.51
2025-11-26,DELTA_TRADES,CL671472,TATAMOTORS,B,293,2555.0,748615.0
2025-11-20,DELTA_TRADES,CL202010,ICICIBANK,S,305,1683.41,513440.05
23-Nov-25,DELTA_TRADES,CL039065,RELIANCE,B,315,2653.62,835890.3
11-25-2025,BETA_INVEST,CL042161,INFY,S,186,1940.69,360968.34
29-Nov-25,ALPHA_SEC,CL777208,KOTAKBANK,S,249,490.08,122029.92
26-Nov-25,OMEGA_BROKING,CL106505,HDFC,S,224,2474.22,554225.28
22/11/2025,ALPHA_SEC,CL784836,INFY,B,52,2273.18,118205.36
11-20-2025,OMEGA_BROKING,CL798057,INFY,S,158,779.17,123108.86
25/11/2025,ALPHA_SEC,CL892567,KOTAKBANK,S,143,1711.44,244735.92
11-20-2025,OMEGA_BROKING,CL333962,ITC,B,398,2799.26,1114105.48
20-Nov-25,OMEGA_BROKING,CL592680,ITC,S,64,922.44,59036.16
23/11/2025,DELTA_TRADES,CL603156,RELIANCE,B,83,2071.57,171940.31
26-Nov-25,OMEGA_BROKING,CL829847,ITC,S,220,1053.65,231803.0
2025-11-25,BETA_INVEST,CL571416,ITC,S,273,990.52,270411.96
24-Nov-25,OMEGA_BROKING,CL076319,ITC,B,349,1549.24,540684.76
25/11/2025,DELTA_TRADES,CL355060,INFY,S,196,171.41,33596.36
20/11/2025,OMEGA_BROKING,CL994567,ICICIBANK,B,212,1406.07,298086.84
24-Nov-25,DELTA_TRADES,CL040884,KOTAKBANK,S,38,934.26,35501.88
21/11/2025,ALPHA_SEC,CL003361,KOTAKBANK,S,38,308.44,11720.72
21-Nov-25,DELTA_TRADES,CL923106,AXISBANK,S,382,168.28,64282.96
24/11/2025,ALPHA_SEC,CL548292,SBIN,B,372,1022.23,380269.56
11-20-2025,OMEGA_BROKING,CL808275,LT,B,375,1115.98,418492.5
23/11/2025,BETA_INVEST,CL947149,INFY,S,258,1534.16,395813.28
24-Nov-25,DELTA_TRADES,CL360987,ITC,B,354,1347.01,476841.54
11-21-2025,OMEGA_BROKING,CL415471,RELIANCE,B,147,2688.43,395199.21
23-Nov-25,OMEGA_BROKING,CL958823,TATAMOTORS,B,218,661.85,144283.3
20/11/2025,ALPHA_SEC,CL457749,ITC,B,292,262.91,76769.72
23/11/2025,BETA_INVEST,CL683603,RELIANCE,S,229,2617.09,599313.61
25-Nov-25,OMEGA_BROKING,CL330329,TATAMOTORS,S,142,698.34,99164.28
20/11/2025,ALPHA_SEC,CL102672,AXISBANK,S,160,888.66,142185.6
26-Nov-25,DELTA_TRADES,CL409311,LT,S,35,2256.49,78977.15
25-Nov-25,DELTA_TRADES,CL355934,KOTAKBANK,S,157,522.35,82008.95
11-20-2025,BETA_INVEST,CL773140,ITC,S,257,684.2,175839.4
23/11/2025,BETA_INVEST,CL884295,KOTAKBANK,S,124,2736.19,281155.76
21/11/2025,DELTA_TRADES,CL323145,INFY,S,349,555.21,193768.29
20-Nov-25,ALPHA_SEC,CL908900,HDFC,S,225,972.05,218711.25
26/11/2025,DELTA_TRADES,CL031488,SBIN,S,213,1877.37,399879.81
11-25-2025,OMEGA_BROKING,CL889579,HDFC,S,391,1633.66,638761.06
20/11/2025,DELTA_TRADES,CL060130,KOTAKBANK,S,86,2679.07,230400.02
25-Nov-25,DELTA_TRADES,CL948183,AXISBANK,B,308,932.38,
21-Nov-25,BETA_INVEST,CL476591,INFY,S,86,2119.05,182238.3
22/11/2025,BETA_INVEST,CL560360,ICICIBANK,B,374,1859.89,695598.86
23/11/2025,DELTA_TRADES,CL291931,INFY,B,36,1060.99,38195.64
11-20-2025,ALPHA_SEC,CL387217,KOTAKBANK,S,98,2381.05,233342.9
23/11/2025,BETA_INVEST,CL183446,SBIN,B,339,1609.74,545701.86
23-Nov-25,BETA_INVEST,CL912301,LT,S,335,1961.8,657203.0
2025-11-20,BETA_INVEST,CL978301,KOTAKBANK,B,144,2700.52,388874.88
26/11/2025,ALPHA_SEC,CL351296,ICICIBANK,B,368,217.68,80106.24
26-Nov-25,ALPHA_SEC,CL704031,ICICIBANK,S,265,1328.33,352007.45
11-20-2025,OMEGA_BROKING,CL824267,KOTAKBANK,B,276,2598.53,717194.28
23/11/2025,ALPHA_SEC,CL615602,ICICIBANK,S,380,2640.37,1003340.6
22/11/2025,DELTA_TRADES,CL255153,SBIN,B,122,834.12,101762.64
26-Nov-25,OMEGA_BROKING,CL087794,ICICIBANK,S,108,1718.55,185603.4
24-Nov-25,ALPHA_SEC,CL937972,HDFC,S,367,2748.5,1008699.5
11-23-2025,ALPHA_SEC,CL983719,HDFC,B,218,480.53,104755.54
11-23-2025,ALPHA_SEC,CL254682,INFY,B,40,270.02,10800.8
2025-11-26,ALPHA_SEC,CL027829,INFY,B,177,1746.87,309195.99
2025-11-26,ALPHA_SEC,CL268708,SBIN,B,119,1382.31,164494.89
11-22-2025,DELTA_TRADES,CL685225,TATAMOTORS,B,11,2453.12,26984.32
23-Nov-25,OMEGA_BROKING,CL224054,TATAMOTORS,B,7,1760.53,12323.71
23-Nov-25,DELTA_TRADES,CL933844,ITC,B,81,2139.26,173280.06
2025-11-23,OMEGA_BROKING,CL513575,ITC,S,4,1844.88,7379.52
2025-11-24,DELTA_TRADES,CL471790,TATAMOTORS,B,305,432.72,131979.6
11-24-2025,ALPHA_SEC,CL370559,LT,B,84,1211.48,101764.32
24/11/2025,BETA_INVEST,CL983292,TATAMOTORS,S,222,1891.26,419859.72
2025-11-23,ALPHA_SEC,CL015433,ICICIBANK,B,57,281.37,16038.09
21-Nov-25,BETA_INVEST,CL395473,AXISBANK,B,48,730.98,35087.04
11-29-2025,ALPHA_SEC,CL844585,AXISBANK,B,343,451.21,154765.03
2025-11-26,ALPHA_SEC,CL005913,ITC,B,288,2694.55,776030.4
22/11/2025,ALPHA_SEC,CL816014,INFY,B,133,1146.14,152436.62
11-25-2025,BETA_INVEST,CL932920,ICICIBANK,S,149,1114.7,166090.3
11-22-2025,DELTA_TRADES,CL766419,TATAMOTORS,S,305,1069.49,326194.45
11-24-2025,DELTA_TRADES,CL162393,HDFC,S,133,180.31,23981.23
20-Nov-25,OMEGA_BROKING,CL615811,KOTAKBANK,S,208,2545.41,529445.28
26/11/2025,BETA_INVEST,CL273435,SBIN,S,82,1273.07,104391.74
24-Nov-25,ALPHA_SEC,CL979096,HDFC,B,111,2688.0,298368.0
2025-11-22,BETA_INVEST,CL698899,RELIANCE,B,220,1838.1,404382.0
26-Nov-25,BETA_INVEST,CL413070,SBIN,B,173,2199.62,380534.26
24/11/2025,ALPHA_SEC,CL377819,INFY,B,42,2381.79,
2025-11-25,BETA_INVEST,CL094835,ITC,S,372,2273.15,845611.8
26-Nov-25,OMEGA_BROKING,CL016099,KOTAKBANK,B,99,2673.25,264651.75
11-26-2025,OMEGA_BROKING,CL421295,TATAMOTORS,S,34,432.11,18992.62
11-22-2025,OMEGA_BROKING,CL818903,HDFC,S,5,1944.14,9720.7
2025-11-22,DELTA_TRADES,CL935638,HDFC,S,324,1042.87,337889.88
20/11/2025,DELTA_TRADES,CL406718,AXISBANK,S,303,1293.81,392024.43
22-Nov-25,OMEGA_BROKING,CL137455,SBIN,S,248,929.91,230617.68
26-Nov-25,ALPHA_SEC,CL427286,AXISBANK,S,325,2293.19,958809.3
24-Nov-25,DELTA_TRADES,CL443717,AXISBANK,S,222,1210.24,268673.28
20/11/2025,BETA_INVEST,CL038546,RELIANCE,S,229,914.99,209532.71
25/11/2025,BETA_INVEST,CL684179,KOTAKBANK,S,111,1436.21,159419.31
26-Nov-25,ALPHA_SEC,CL444327,LT,B,40,2786.29,111451.6
21/11/2025,OMEGA_BROKING,CL598854,TATAMOTORS,S,2,521.03,1042.06
22/11/2025,OMEGA_BROKING,CL242018,LT,S,115,2373.91,272999.65
23-Nov-25,ALPHA_SEC,CL922495,KOTAKBANK,B,369,2690.94,992956.86
11-24-2025,OMEGA_BROKING,CL582901,SBIN,B,308,2532.16,779905.28
23-Nov-25,OMEGA_BROKING,CL971864,ITC,S,96,1605.83,154159.68
11-25-2025,ALPHA_SEC,CL693232,HDFC,S,214,371.29,79456.06
2025-11-22,OMEGA_BROKING,CL035071,RELIANCE,B,7,1658.53,11609.71
11-20-2025,DELTA_TRADES,CL150687,KOTAKBANK,S,298,1838.14,547765.72
26-Nov-25,OMEGA_BROKING,CL875094,ITC,S,3,822.0,2466.0
2025-11-23,OMEGA_BROKING,CL999532,ICICIBANK,S,392,550.21,
11-25-2025,ALPHA_SEC,CL651189,RELIANCE,B,381,1968.63,750048.03
26/11/2025,ALPHA_SEC,CL277823,AXISBANK,S,113,2317.53,261880.89
11-21-2025,ALPHA_SEC,CL313213,AXISBANK,S,334,899.29,300362.86
2025-11-21,OMEGA_BROKING,CL285353,KOTAKBANK,S,83,2721.52,225886.16
23-Nov-25,ALPHA_SEC,CL883455,HDFC,S,394,522.46,205849.24
11-29-2025,OMEGA_BROKING,CL308619,ITC,S,40,603.72,24148.8
25-Nov-25,DELTA_TRADES,CL908462,HDFC,B,349,1131.99,
21/11/2025,OMEGA_BROKING,CL684382,ITC,S,131,1151.69,150871.39
11-26-2025,OMEGA_BROKING,CL514037,RELIANCE,B,170,396.97,67484.9
11-22-2025,ALPHA_SEC,CL048457,LT,S,224,520.8,116659.2
25/11/2025,BETA_INVEST,CL029071,ICICIBANK,B,2,1358.96,2717.92
11-21-2025,BETA_INVEST,CL960844,INFY,B,372,958.1,356413.2
2025-11-26,OMEGA_BROKING,CL484610,HDFC,S,146,1790.38,261395.48
11-24-2025,DELTA_TRADES,CL784239,ICICIBANK,B,236,277.21,65421.56
11-25-2025,OMEGA_BROKING,CL044335,HDFC,B,203,802.0,162806.0
26-Nov-25,DELTA_TRADES,CL613588,AXISBANK,S,306,1532.17,
21/11/2025,OMEGA_BROKING,CL071857,SBIN,B,186,2696.06,501467.16
11-23-2025,ALPHA_SEC,CL268852,RELIANCE,S,134,199.36,19908.53
24-Nov-25,ALPHA_SEC,CL715062,TATAMOTORS,S,297,1360.38,404032.86
23-Nov-25,OMEGA_BROKING,CL611132,SBIN,S,58,2400.51,139229.58
21-Nov-25,DELTA_TRADES,CL885819,AXISBANK,S,350,2504.51,876578.5
11-21-2025,ALPHA_SEC,CL535215,KOTAKBANK,B,96,1484.43,142505.28
11-23-2025,DELTA_TRADES,CL167792,ITC,B,201,579.28,116435.28
22/11/2025,BETA_INVEST,CL569400,RELIANCE,B,96,2462.76,236424.96
2025-11-26,ALPHA_SEC,CL816095,HDFC,B,102,2640.64,269345.28
25/11/2025,DELTA_TRADES,CL516028,LT,S,118,2353.69,277735.42
11-21-2025,DELTA_TRADES,CL776059,HDFC,B,222,421.03,93468.66
22-Nov-25,ALPHA_SEC,CL094886,ICICIBANK,B,222,2515.57,558456.54
20/11/2025,ALPHA_SEC,CL540602,KOTAKBANK,S,109,1922.73,209577.57
24/11/2025,BETA_INVEST,CL978869,ITC,B,174,234.24,40757.76
11-26-2025,BETA_INVEST,CL302268,ICICIBANK,B,139,2738.58,380662.62
2025-11-21,OMEGA_BROKING,CL490308,AXISBANK,B,272,806.82,219455.04
11-23-2025,OMEGA_BROKING,CL725927,TATAMOTORS,S,200,2567.2,513440.0
26/11/2025,ALPHA_SEC,CL485540,KOTAKBANK,B,250,326.86,81715.0
25-Nov-25,OMEGA_BROKING,CL843255,LT,S,169,434.61,73449.09
26/11/2025,BETA_INVEST,CL576668,ITC,B,84,1697.97,142629.48
25/11/2025,OMEGA_BROKING,CL261007,RELIANCE,S,61,682.13,41609.93
2025-11-26,OMEGA_BROKING,CL696460,AXISBANK,B,87,2102.65,182930.55
21/11/2025,BETA_INVEST,CL715632,TATAMOTORS,S,204,1944.11,396598.44
11-26-2025,OMEGA_BROKING,CL869970,HDFC,S,185,2783.87,515015.95
23/11/2025,OMEGA_BROKING,CL423521,ICICIBANK,B,274,1172.37,321229.38
25-Nov-25,DELTA_TRADES,CL267598,KOTAKBANK,B,233,2280.53,531363.49
26/11/2025,BETA_INVEST,CL090986,LT,B,353,1627.1,574366.3
2025-11-22,OMEGA_BROKING,CL870592,RELIANCE,S,21,2078.67,43652.07
2025-11-23,ALPHA_SEC,CL197269,LT,B,339,152.95,51850.05
2025-11-21,BETA_INVEST,CL934265,TATAMOTORS,B,135,926.52,125080.2
11-24-2025,ALPHA_SEC,CL383960,KOTAKBANK,S,62,2011.04,124684.48
24/11/2025,ALPHA_SEC,CL736433,KOTAKBANK,B,134,2041.98,273625.32
11-20-2025,OMEGA_BROKING,CL652494,TATAMOTORS,S,152,2443.54,371418.08
2025-11-23,DELTA_TRADES,CL751934,LT,S,271,2688.27,728521.17
11-24-2025,OMEGA_BROKING,CL456059,KOTAKBANK,S,189,567.9,107333.1
22-Nov-25,DELTA_TRADES,CL465727,KOTAKBANK,B,199,2656.94,528731.06
25/11/2025,DELTA_TRADES,CL826884,ICICIBANK,S,135,397.23,53626.05
23-Nov-25,DELTA_TRADES,CL592728,ICICIBANK,B,46,1035.18,47618.28
11-22-2025,BETA_INVEST,CL315391,LT,S,377,2653.71,1000448.67
2025-11-26,BETA_INVEST,CL338151,RELIANCE,S,294,541.59,159227.46
11-22-2025,ALPHA_SEC,CL328008,HDFC,S,251,559.98,140554.98
11-23-2025,BETA_INVEST,CL593315,KOTAKBANK,B,350,2320.49,812171.5
26/11/2025,OMEGA_BROKING,CL560074,INFY,B,386,2189.67,845212.62
2025-11-20,BETA_INVEST,CL061400,SBIN,B,80,2065.98,165278.4
11-21-2025,BETA_INVEST,CL090317,ICICIBANK,B,347,1951.95,677326.65
26-Nov-25,BETA_INVEST,CL852004,AXISBANK,S,81,214.83,17401.23
11-22-2025,ALPHA_SEC,CL806024,SBIN,S,249,815.62,203089.38
29-Nov-25,DELTA_TRADES,CL865623,TATAMOTORS,S,372,1664.92,619350.24
23-Nov-25,BETA_INVEST,CL419519,TATAMOTORS,S,235,1202.59,282608.65
25-Nov-25,DELTA_TRADES,CL102620,ICICIBANK,S,174,2594.07,451368.18
11-25-2025,OMEGA_BROKING,CL455817,HDFC,B,248,2046.26,507472.48
22/11/2025,ALPHA_SEC,CL980886,INFY,B,299,845.2,252714.8
11-23-2025,DELTA_TRADES,CL319197,SBIN,B,317,1256.07,398174.19
26-Nov-25,ALPHA_SEC,CL694159,ICICIBANK,S,5,1109.37,5546.85
26/11/2025,ALPHA_SEC,CL968055,RELIANCE,B,34,722.84,24576.56
22-Nov-25,BETA_INVEST,CL305967,AXISBANK,S,165,2402.6,396429.0
11-25-2025,OMEGA_BROKING,CL815143,SBIN,B,38,495.52,18829.76
11-25-2025,OMEGA_BROKING,CL142694,AXISBANK,B,361,1702.29,614526.69
24/11/2025,OMEGA_BROKING,CL932497,TATAMOTORS,B,51,1696.75,86534.25
25/11/2025,BETA_INVEST,CL376409,INFY,B,45,2559.69,115186.05
20/11/2025,ALPHA_SEC,CL460481,KOTAKBANK,S,72,1004.93,72354.96
11-22-2025,OMEGA_BROKING,CL118191,LT,S,38,410.07,15582.66
11-20-2025,OMEGA_BROKING,CL634219,ICICIBANK,B,96,128.55,
22-Nov-25,ALPHA_SEC,CL042649,KOTAKBANK,B,1,2490.53,2490.53
26-Nov-25,DELTA_TRADES,CL917907,HDFC,S,322,2564.19,825669.18
20/11/2025,OMEGA_BROKING,CL999839,ICICIBANK,B,7,2750.43,19253.01
11-25-2025,BETA_INVEST,CL151773,TATAMOTORS,B,258,1679.31,433261.98
2025-11-22,OMEGA_BROKING,CL391517,KOTAKBANK,B,110,255.37,28090.7
20-Nov-25,DELTA_TRADES,CL998489,INFY,S,4,1085.51,4342.04
2025-11-26,BETA_INVEST,CL736658,TATAMOTORS,B,225,2593.79,583602.75
2025-11-24,DELTA_TRADES,CL875072,SBIN,B,235,2296.02,539564.7
11-25-2025,OMEGA_BROKING,CL378035,KOTAKBANK,S,318,2146.32,682529.76
2025-11-26,ALPHA_SEC,CL008637,ITC,B,57,468.04,26678.28
25/11/2025,BETA_INVEST,CL548050,TATAMOTORS,S,152,2795.15,424862.8
11-22-2025,BETA_INVEST,CL155387,SBIN,S,178,125.68,22371.04
11-25-2025,OMEGA_BROKING,CL786355,ICICIBANK,B,179,570.65,102146.35
11-21-2025,ALPHA_SEC,CL550044,TATAMOTORS,B,250,2644.8,661200.0
24/11/2025,OMEGA_BROKING,CL214919,AXISBANK,S,138,1605.79,221599.02
2025-11-23,DELTA_TRADES,CL589935,ICICIBANK,B,296,721.76,213640.96
11-22-2025,ALPHA_SEC,CL240329,HDFC,S,176,2340.14,411864.64
2025-11-21,ALPHA_SEC,CL481808,TATAMOTORS,S,376,663.14,249340.64
2025-11-22,DELTA_TRADES,CL488369,ICICIBANK,B,387,687.45,266043.15
2025-11-22,BETA_INVEST,CL602244,KOTAKBANK,S,376,2440.94,917793.44
11-23-2025,BETA_INVEST,CL739485,RELIANCE,B,371,2058.08,763547.68
11-24-2025,DELTA_TRADES,CL167825,TATAMOTORS,B,347,1841.69,639066.43
2025-11-25,ALPHA_SEC,CL026334,KOTAKBANK,S,158,505.75,79908.5
2025-11-21,OMEGA_BROKING,CL996281,INFY,S,82,656.23,53810.86
21/11/2025,BETA_INVEST,CL544249,TATAMOTORS,B,292,2336.45,682243.4
11-29-2025,DELTA_TRADES,CL496867,KOTAKBANK,S,161,2434.15,391898.15
22/11/2025,OMEGA_BROKING,CL255300,KOTAKBANK,S,206,1815.05,373900.3
21-Nov-25,BETA_INVEST,CL128838,INFY,B,116,2415.28,280172.48
2025-11-22,OMEGA_BROKING,CL700942,INFY,B,128,2290.03,293123.84
11-26-2025,ALPHA_SEC,CL311833,INFY,B,203,723.93,146957.79
11-21-2025,ALPHA_SEC,CL371111,TATAMOTORS,S,300,206.53,61959.0
11-22-2025,BETA_INVEST,CL853266,INFY,B,45,1383.97,62278.65
20/11/2025,OMEGA_BROKING,CL275838,ITC,B,28,1801.75,50449.0
11-25-2025,BETA_INVEST,CL995777,ICICIBANK,S,167,1518.07,253517.69
11-24-2025,BETA_INVEST,CL982652,TATAMOTORS,B,77,1891.27,145627.79
11-26-2025,ALPHA_SEC,CL560428,LT,S,162,1644.87,266468.94
2025-11-29,OMEGA_BROKING,CL829805,SBIN,S,308,1734.94,534361.52
11-22-2025,BETA_INVEST,CL486984,ICICIBANK,B,389,2168.45,843527.05
11-20-2025,ALPHA_SEC,CL085220,TATAMOTORS,B,390,2051.7,800163.0
24-Nov-25,BETA_INVEST,CL763062,HDFC,S,391,2004.34,783696.94
2025-11-23,ALPHA_SEC,CL694490,SBIN,S,15,509.46,7641.9
20-Nov-25,BETA_INVEST,CL779941,LT,B,365,208.38,76058.7
2025-11-21,OMEGA_BROKING,CL652320,ICICIBANK,S,199,1914.3,380945.7
22/11/2025,OMEGA_BROKING,CL854957,INFY,B,89,1985.13,176676.57
22-Nov-25,ALPHA_SEC,CL901991,INFY,S,264,2268.66,598926.24
22/11/2025,ALPHA_SEC,CL123463,SBIN,B,240,2236.14,536673.6
23/11/2025,OMEGA_BROKING,CL194670,RELIANCE,S,384,374.49,143804.16
2025-11-21,DELTA_TRADES,CL903962,TATAMOTORS,S,125,2703.0,337875.0
2025-11-23,OMEGA_BROKING,CL765938,TATAMOTORS,S,4,1516.08,6064.32
11-26-2025,ALPHA_SEC,CL034097,SBIN,B,368,2399.37,882968.16
11-20-2025,OMEGA_BROKING,CL794166,ITC,S,13,1017.42,13226.46
11-20-2025,BETA_INVEST,CL489898,ICICIBANK,B,144,404.63,58266.72
22/11/2025,ALPHA_SEC,CL085934,HDFC,S,304,1549.87,471160.48
22-Nov-25,OMEGA_BROKING,CL983187,ITC,B,49,1835.99,89963.51
20-Nov-25,ALPHA_SEC,CL958759,AXISBANK,S,256,1999.04,
2025-11-26,OMEGA_BROKING,CL015604,RELIANCE,S,392,1775.46,695980.32
11-20-2025,OMEGA_BROKING,CL496622,INFY,S,393,1474.98,579667.14
22/11/2025,BETA_INVEST,CL700722,KOTAKBANK,B,298,2391.1,712547.8
21-Nov-25,ALPHA_SEC,CL109551,RELIANCE,B,51,1473.64,75155.64
2025-11-21,DELTA_TRADES,CL971471,ICICIBANK,B,282,201.91,56938.62
2025-11-24,ALPHA_SEC,CL845991,KOTAKBANK,S,60,618.89,37133.4
11-20-2025,DELTA_TRADES,CL696645,ITC,B,271,512.14,138789.94
11-25-2025,BETA_INVEST,CL969837,SBIN,S,126,752.44,94807.44
11-29-2025,ALPHA_SEC,CL860688,KOTAKBANK,B,65,2292.46,149009.9
25-Nov-25,DELTA_TRADES,CL854969,LT,B,123,1580.95,194456.85
2025-11-24,BETA_INVEST,CL431173,KOTAKBANK,B,349,839.03,292821.47
11-22-2025,OMEGA_BROKING,CL701061,INFY,B,257,889.68,228647.76
22-Nov-25,ALPHA_SEC,CL266649,RELIANCE,B,326,1428.08,465554.08
2025-11-25,ALPHA_SEC,CL374559,KOTAKBANK,B,346,2412.09,834583.14
2025-11-26,OMEGA_BROKING,CL468135,AXISBANK,B,357,579.73,206963.61
26-Nov-25,ALPHA_SEC,CL238285,HDFC,S,214,522.96,111913.44
21/11/2025,DELTA_TRADES,CL587174,KOTAKBANK,S,329,2512.18,826507.22
25/11/2025,ALPHA_SEC,CL163795,KOTAKBANK,S,36,2445.27,88029.72
29/11/2025,BETA_INVEST,CL152207,RELIANCE,S,157,1955.55,307021.35
21-Nov-25,BETA_INVEST,CL514273,LT,B,363,533.61,193700.43
26/11/2025,DELTA_TRADES,CL189641,INFY,B,331,347.54,115035.74
11-24-2025,OMEGA_BROKING,CL497062,SBIN,B,187,2614.68,488945.16
11-21-2025,DELTA_TRADES,CL224246,HDFC,B,220,778.84,171344.8
11-23-2025,OMEGA_BROKING,CL876447,INFY,B,374,2609.71,976031.54
11-22-2025,BETA_INVEST,CL360888,ITC,S,366,1631.0,596946.0
2025-11-26,BETA_INVEST,CL998564,HDFC,S,174,509.05,88574.7
11-25-2025,DELTA_TRADES,CL278022,INFY,S,355,195.27,69320.85
2025-11-23,BETA_INVEST,CL063569,AXISBANK,S,93,2283.7,212384.1
11-26-2025,ALPHA_SEC,CL958450,HDFC,S,153,240.9,36857.7
23-Nov-25,BETA_INVEST,CL609327,ICICIBANK,B,138,2077.55,286701.9
2025-11-22,ALPHA_SEC,CL479761,LT,S,103,1529.91,157580.73
2025-11-21,OMEGA_BROKING,CL076294,SBIN,B,89,1260.23,112160.47
2025-11-20,BETA_INVEST,CL934261,LT,S,94,2011.18,189050.92
23-Nov-25,BETA_INVEST,CL888581,HDFC,B,92,1587.8,146077.6
20-Nov-25,BETA_INVEST,CL695273,AXISBANK,S,102,1225.34,124984.68
11-25-2025,DELTA_TRADES,CL159303,TATAMOTORS,S,391,144.24,56397.84
11-23-2025,OMEGA_BROKING,CL133894,AXISBANK,B,246,1888.06,464462.76
2025-11-20,OMEGA_BROKING,CL185692,ITC,B,369,972.11,358708.59
11-22-2025,DELTA_TRADES,CL653352,AXISBANK,S,187,885.19,165530.53
11-26-2025,OMEGA_BROKING,CL430063,KOTAKBANK,S,366,2690.78,984825.48
2025-11-24,BETA_INVEST,CL623148,TATAMOTORS,B,152,1510.09,229533.68
2025-11-20,ALPHA_SEC,CL107242,KOTAKBANK,B,42,898.26,37726.92
23/11/2025,OMEGA_BROKING,CL154329,TATAMOTORS,S,207,438.01,90668.07
11-21-2025,BETA_INVEST,CL489042,ITC,S,82,1979.16,162291.12
11-24-2025,OMEGA_BROKING,CL980248,ITC,S,178,633.24,112716.72
24/11/2025,OMEGA_BROKING,CL220439,LT,B,291,1136.48,330715.68
2025-11-23,OMEGA_BROKING,CL808778,ICICIBANK,B,110,1747.01,192171.1
20-Nov-25,BETA_INVEST,CL469865,LT,S,349,781.14,272617.86
11-20-2025,OMEGA_BROKING,CL315896,ITC,S,309,237.29,73322.61
11-20-2025,BETA_INVEST,CL578476,AXISBANK,S,365,1019.03,371945.95
2025-11-22,DELTA_TRADES,CL036907,AXISBANK,S,330,2370.53,782274.9
21-Nov-25,OMEGA_BROKING,CL646109,ICICIBANK,S,37,2403.25,88920.25
29-Nov-25,BETA_INVEST,CL716091,KOTAKBANK,S,112,1195.88,128908.81
23-Nov-25,BETA_INVEST,CL357385,KOTAKBANK,S,65,2743.37,178319.05
20-Nov-25,ALPHA_SEC,CL988858,ICICIBANK,S,76,877.37,66680.12
20-Nov-25,ALPHA_SEC,CL398755,INFY,B,82,1487.51,121975.82
22-Nov-25,DELTA_TRADES,CL802274,RELIANCE,B,130,1308.13,170056.9
11-22-2025,DELTA_TRADES,CL887637,RELIANCE,B,246,2667.91,656305.86
11-25-2025,OMEGA_BROKING,CL514421,TATAMOTORS,S,230,2154.29,495486.7
22-Nov-25,DELTA_TRADES,CL999788,HDFC,S,17,2596.93,44147.81
20-Nov-25,OMEGA_BROKING,CL115096,ICICIBANK,B,142,860.54,122196.68
24-Nov-25,DELTA_TRADES,CL712401,ICICIBANK,S,121,1572.12,190226.52
11-21-2025,OMEGA_BROKING,CL359116,SBIN,B,157,407.64,63999.48
2025-11-22,OMEGA_BROKING,CL890605,HDFC,S,81,1894.31,153439.11
2025-11-20,BETA_INVEST,CL404103,AXISBANK,B,171,1730.31,295883.01
23/11/2025,DELTA_TRADES,CL169547,RELIANCE,S,186,1055.86,196389.96
11-20-2025,DELTA_TRADES,CL132107,KOTAKBANK,S,78,2208.17,172237.26
11-21-2025,DELTA_TRADES,CL059037,ITC,B,361,1456.32,302513.82
2025-11-23,DELTA_TRADES,CL783313,LT,S,355,1286.49,456703.95
22/11/2025,ALPHA_SEC,CL083825,HDFC,S,210,2697.94,566567.4
20-Nov-25,OMEGA_BROKING,CL925449,KOTAKBANK,B,178,2342.0,416876.0
26/11/2025,OMEGA_BROKING,CL562194,RELIANCE,S,304,785.81,238886.24
25/11/2025,OMEGA_BROKING,CL075338,AXISBANK,B,212,2659.99,563917.88
26/11/2025,DELTA_TRADES,CL169642,KOTAKBANK,S,71,951.07,67525.97
2025-11-23,DELTA_TRADES,CL623585,ICICIBANK,B,150,2781.9,417285.0
23-Nov-25,BETA_INVEST,CL844634,SBIN,B,65,1108.7,72065.5
11-23-2025,ALPHA_SEC,CL917589,INFY,S,197,1050.79,207005.63
29-Nov-25,BETA_INVEST,CL624521,HDFC,B,36,421.14,15161.04
23-Nov-25,OMEGA_BROKING,CL178598,TATAMOTORS,S,180,2714.28,488570.4
24/11/2025,BETA_INVEST,CL757631,KOTAKBANK,S,190,468.53,89020.7
25-Nov-25,BETA_INVEST,CL521747,HDFC,S,384,2372.71,911120.64
2025-11-24,BETA_INVEST,CL869980,TATAMOTORS,S,355,387.1,137420.5
11-29-2025,OMEGA_BROKING,CL624501,SBIN,B,16,1458.55,23336.8
11-29-2025,DELTA_TRADES,CL241451,SBIN,B,327,1955.26,639370.02
11-22-2025,ALPHA_SEC,CL844270,SBIN,B,148,2347.79,347472.92
23/11/2025,ALPHA_SEC,CL206150,HDFC,B,170,2585.6,439552.0
24-Nov-25,DELTA_TRADES,CL678339,RELIANCE,S,336,1827.72,614113.92
20-Nov-25,OMEGA_BROKING,CL985199,HDFC,B,190,984.52,187058.8
22-Nov-25,BETA_INVEST,CL069623,ITC,B,278,312.28,86813.84
22-Nov-25,OMEGA_BROKING,CL663333,RELIANCE,S,36,2342.71,84337.56
11-25-2025,OMEGA_BROKING,CL092861,AXISBANK,S,392,734.2,287806.4
2025-11-25,BETA_INVEST,CL848688,TATAMOTORS,S,31,1472.93,45660.83
2025-11-21,OMEGA_BROKING,CL651826,KOTAKBANK,B,193,899.09,150923.79
22-Nov-25,ALPHA_SEC,CL969958,INFY,S,392,1052.02,412391.84
2025-11-24,BETA_INVEST,CL612426,AXISBANK,B,86,2460.03,211562.58
11-25-2025,DELTA_TRADES,CL983482,KOTAKBANK,S,211,1823.48,
11-23-2025,DELTA_TRADES,CL638288,TATAMOTORS,B,217,1284.54,278745.18
11-25-2025,BETA_INVEST,CL416697,KOTAKBANK,S,141,1352.62,190719.42
2025-11-26,DELTA_TRADES,CL034649,KOTAKBANK,S,72,2202.11,158551.92
11-23-2025,OMEGA_BROKING,CL441327,TATAMOTORS,B,222,1034.42,229641.24
11-25-2025,ALPHA_SEC,CL655379,KOTAKBANK,S,110,1212.57,133382.7
11-20-2025,BETA_INVEST,CL049005,RELIANCE,B,254,1744.03,442983.62
2025-11-26,DELTA_TRADES,CL076444,KOTAKBANK,S,219,1249.81,273708.39
25/11/2025,OMEGA_BROKING,CL466731,ITC,B,45,1662.65,74819.25
25/11/2025,DELTA_TRADES,CL666509,LT,S,267,2760.18,736968.06
21/11/2025,OMEGA_BROKING,CL645020,ITC,B,219,1465.48,320940.12
21/11/2025,ALPHA_SEC,CL663753,AXISBANK,S,377,2410.71,908837.67
2025-11-26,DELTA_TRADES,CL850782,KOTAKBANK,B,392,1759.04,689543.68
2025-11-23,BETA_INVEST,CL434433,RELIANCE,B,137,211.79,29015.23
25/11/2025,BETA_INVEST,CL941513,ICICIBANK,B,98,1471.44,144201.12
22-Nov-25,BETA_INVEST,CL145758,RELIANCE,B,101,103.16,10419.16
11-26-2025,OMEGA_BROKING,CL688360,SBIN,S,222,2493.75,553612.5
22/11/2025,ALPHA_SEC,CL250113,KOTAKBANK,S,250,555.81,138952.5
2025-11-25,DELTA_TRADES,CL262074,LT,S,9,448.05,4032.45
22-Nov-25,DELTA_TRADES,CL646228,HDFC,S,56,2061.79,115460.24
24-Nov-25,DELTA_TRADES,CL094072,SBIN,B,133,1958.36,260461.88
21-Nov-25,BETA_INVEST,CL129771,LT,B,70,931.91,
2025-11-22,DELTA_TRADES,CL763179,AXISBANK,B,24,2212.8,53107.2
20-Nov-25,ALPHA_SEC,CL436205,SBIN,B,304,2105.27,640002.08
26-Nov-25,ALPHA_SEC,CL193512,ITC,B,216,2627.85,567615.6
2025-11-24,ALPHA_SEC,CL325537,KOTAKBANK,S,274,1787.88,489879.12
26-Nov-25,OMEGA_BROKING,CL256981,INFY,S,177,564.9,99987.3
11-25-2025,BETA_INVEST,CL289167,TATAMOTORS,S,373,917.06,342063.38
2025-11-22,OMEGA_BROKING,CL468724,TATAMOTORS,S,359,561.47,201567.73
2025-11-21,ALPHA_SEC,CL607799,RELIANCE,S,309,183.05,56562.45
11-22-2025,ALPHA_SEC,CL163169,INFY,B,394,2322.31,914990.14
24-Nov-25,OMEGA_BROKING,CL380396,AXISBANK,B,369,2370.4,874677.6
11-23-2025,OMEGA_BROKING,CL142967,AXISBANK,S,226,1685.9,381013.4
2025-11-20,ALPHA_SEC,CL249735,LT,B,175,1666.87,291702.25
11-22-2025,BETA_INVEST,CL164699,AXISBANK,B,254,1517.28,385389.12
11-23-2025,BETA_INVEST,CL427406,ICICIBANK,S,291,2038.12,593092.92
20/11/2025,DELTA_TRADES,CL023315,SBIN,B,34,2552.16,86773.44
11-23-2025,DELTA_TRADES,CL400858,RELIANCE,S,223,234.65,52326.95
21-Nov-25,OMEGA_BROKING,CL924044,INFY,B,165,151.47,24992.55
20/11/2025,DELTA_TRADES,CL805546,ITC,B,153,1369.29,209501.37
11-26-2025,DELTA_TRADES,CL044451,ITC,S,196,408.16,79999.36
11-29-2025,DELTA_TRADES,CL719647,RELIANCE,S,298,698.12,208039.76
11-22-2025,BETA_INVEST,CL592903,KOTAKBANK,B,194,2620.73,508421.62
2025-11-25,ALPHA_SEC,CL611737,ICICIBANK,S,108,2680.8,289526.4
21/11/2025,ALPHA_SEC,CL462150,LT,S,17,1078.46,18333.82
11-23-2025,DELTA_TRADES,CL237580,ICICIBANK,B,256,2011.57,514961.92
2025-11-23,ALPHA_SEC,CL715791,TATAMOTORS,S,337,567.41,191217.17
11-26-2025,BETA_INVEST,CL902566,TATAMOTORS,B,317,1226.47,388790.99
23-Nov-25,DELTA_TRADES,CL151276,ICICIBANK,S,61,1748.49,
2025-11-26,BETA_INVEST,CL053834,RELIANCE,S,121,809.95,98003.95
2025-11-29,OMEGA_BROKING,CL086758,ITC,B,306,1058.09,323775.54
2025-11-22,ALPHA_SEC,CL905223,AXISBANK,S,159,931.97,148183.23
11-23-2025,ALPHA_SEC,CL937750,AXISBANK,B,250,815.79,203947.5
2025-11-26,OMEGA_BROKING,CL957744,AXISBANK,S,254,2002.99,508759.46
26/11/2025,DELTA_TRADES,CL031589,TATAMOTORS,S,223,521.64,116325.72
24-Nov-25,DELTA_TRADES,CL838551,ITC,B,65,2539.14,165044.1
2025-11-21,ALPHA_SEC,CL431863,ITC,B,288,1829.26,526826.88
21/11/2025,ALPHA_SEC,CL430845,AXISBANK,S,15,1960.6,29409.0
24-Nov-25,BETA_INVEST,CL312366,HDFC,S,93,1057.02,98302.86
2025-11-24,DELTA_TRADES,CL012544,INFY,B,390,1354.66,528317.4
11-25-2025,BETA_INVEST,CL539228,RELIANCE,B,249,804.56,200335.44
2025-11-20,ALPHA_SEC,CL159284,TATAMOTORS,B,111,698.37,77519.07
11-23-2025,ALPHA_SEC,CL363459,SBIN,S,49,264.32,12951.68
21-Nov-25,OMEGA_BROKING,CL933539,INFY,S,107,1116.52,119467.64
2025-11-25,DELTA_TRADES,CL811796,ITC,S,322,1487.9,479103.8
2025-11-23,BETA_INVEST,CL593931,INFY,S,176,1235.39,217428.64
22/11/2025,ALPHA_SEC,CL752352,LT,S,357,981.84,350516.88
11-20-2025,OMEGA_BROKING,CL510775,KOTAKBANK,B,123,2774.73,341291.79
23-Nov-25,OMEGA_BROKING,CL047662,LT,B,172,2041.22,351089.84
11-20-2025,DELTA_TRADES,CL679273,ITC,S,113,1651.44,186612.72
21-Nov-25,DELTA_TRADES,CL382660,RELIANCE,B,397,2624.65,1041986.05
23/11/2025,ALPHA_SEC,CL205237,SBIN,B,394,349.46,137687.24
2025-11-23,ALPHA_SEC,CL553304,INFY,S,53,2183.49,115724.97
11-25-2025,BETA_INVEST,CL618733,RELIANCE,S,138,1885.01,260131.38
23-Nov-25,DELTA_TRADES,CL880398,TATAMOTORS,S,268,958.43,256859.24
2025-11-24,DELTA_TRADES,CL419136,HDFC,B,235,760.98,178830.3
24-Nov-25,BETA_INVEST,CL092814,ITC,B,133,894.59,118980.47
11-23-2025,ALPHA_SEC,CL123219,AXISBANK,S,202,919.24,185686.48
2025-11-20,ALPHA_SEC,CL072096,AXISBANK,S,281,432.83,121625.23
26/11/2025,DELTA_TRADES,CL241303,KOTAKBANK,S,138,408.11,56319.18
11-23-2025,DELTA_TRADES,CL482145,HDFC,B,71,1321.36,93816.56
11-29-2025,ALPHA_SEC,CL498847,INFY,B,295,956.17,282070.15
24-Nov-25,BETA_INVEST,CL331074,TATAMOTORS,S,308,933.33,287465.64
25/11/2025,OMEGA_BROKING,CL011940,ITC,S,285,157.64,44927.4
21-Nov-25,DELTA_TRADES,CL311011,ITC,B,300,1945.13,583539.0
22/11/2025,BETA_INVEST,CL759097,SBIN,B,331,1725.62,571180.22
29-Nov-25,ALPHA_SEC,CL115557,INFY,S,277,2461.07,681716.39
11-21-2025,BETA_INVEST,CL540331,LT,B,199,503.37,100170.63
26-Nov-25,OMEGA_BROKING,CL656172,KOTAKBANK,B,28,1030.06,28841.68
26/11/2025,DELTA_TRADES,CL828955,KOTAKBANK,B,219,1022.32,223888.08
23-Nov-25,BETA_INVEST,CL547755,ITC,S,42,1125.04,47251.68
11-26-2025,ALPHA_SEC,CL217578,ICICIBANK,S,74,2243.53,166021.22
11-21-2025,DELTA_TRADES,CL633489,TATAMOTORS,B,266,2674.62,
23/11/2025,OMEGA_BROKING,CL156112,RELIANCE,B,167,1578.33,263581.11
2025-11-23,OMEGA_BROKING,CL946438,HDFC,S,285,2046.44,583235.4
24/11/2025,ALPHA_SEC,CL578195,TATAMOTORS,B,156,461.99,72070.44
23/11/2025,BETA_INVEST,CL521759,LT,B,179,670.26,119976.54
21-Nov-25,ALPHA_SEC,CL042793,KOTAKBANK,B,387,1350.47,522631.89
25/11/2025,ALPHA_SEC,CL062779,INFY,S,63,2524.77,159060.51
11-23-2025,DELTA_TRADES,CL512630,ICICIBANK,S,326,2496.83,813966.58
23-Nov-25,OMEGA_BROKING,CL177559,LT,B,223,1479.76,329986.48
2025-11-26,ALPHA_SEC,CL684071,HDFC,S,178,1625.24,289292.72
23/11/2025,BETA_INVEST,CL318918,RELIANCE,S,382,571.43,218286.26
26-Nov-25,ALPHA_SEC,CL607505,KOTAKBANK,B,189,1643.02,310530.78
11-25-2025,ALPHA_SEC,CL547822,ICICIBANK,S,70,2126.83,148878.1
23-Nov-25,ALPHA_SEC,CL603607,TATAMOTORS,B,298,1758.91,524155.18
26/11/2025,BETA_INVEST,CL035032,KOTAKBANK,B,30,2379.66,71389.8
22-Nov-25,BETA_INVEST,CL965392,INFY,B,29,1810.39,52501.31
2025-11-22,DELTA_TRADES,CL412171,ICICIBANK,B,321,2745.98,881459.58
11-23-2025,DELTA_TRADES,CL559968,ICICIBANK,B,117,1540.67,180258.39
2025-11-20,DELTA_TRADES,CL148780,AXISBANK,B,238,1729.89,411713.82
11-25-2025,ALPHA_SEC,CL106913,TATAMOTORS,B,165,724.65,119567.25
11-21-2025,OMEGA_BROKING,CL321929,ITC,S,164,694.27,113860.28
2025-11-22,BETA_INVEST,CL063149,LT,S,267,2229.5,595276.5
11-25-2025,DELTA_TRADES,CL249955,INFY,S,297,1624.97,482616.09
24-Nov-25,OMEGA_BROKING,CL020160,HDFC,S,311,716.92,222962.12
2025-11-22,OMEGA_BROKING,CL004085,ICICIBANK,S,317,1201.4,380843.8
26-Nov-25,ALPHA_SEC,CL807357,LT,B,339,880.27,298411.53
11-22-2025,OMEGA_BROKING,CL487777,KOTAKBANK,B,264,1782.53,470587.92
11-25-2025,BETA_INVEST,CL421189,ICICIBANK,B,147,1963.78,288675.66
22-Nov-25,ALPHA_SEC,CL911086,HDFC,S,376,2143.32,805888.32
2025-11-20,ALPHA_SEC,CL464565,ICICIBANK,B,346,1856.68,642411.28
2025-11-21,OMEGA_BROKING,CL088199,ITC,S,260,1717.78,446622.8
2025-11-25,BETA_INVEST,CL721099,TATAMOTORS,S,100,2082.53,208253.0
20/11/2025,OMEGA_BROKING,CL936923,TATAMOTORS,S,271,1061.44,287650.24
23/11/2025,BETA_INVEST,CL367602,HDFC,B,263,215.73,56736.99
24-Nov-25,OMEGA_BROKING,CL914898,RELIANCE,B,250,437.61,109402.5
11-24-2025,DELTA_TRADES,CL039432,LT,S,240,1843.85,442524.0
24-Nov-25,OMEGA_BROKING,CL591241,LT,B,52,1857.55,96592.6
2025-11-20,ALPHA_SEC,CL383160,LT,S,157,2150.75,337667.75
2025-11-21,ALPHA_SEC,CL502216,ITC,B,124,1495.19,185403.56
2025-11-21,DELTA_TRADES,CL294435,INFY,S,327,129.59,42375.93
24/11/2025,ALPHA_SEC,CL326215,HDFC,S,149,2186.44,325779.56
29/11/2025,OMEGA_BROKING,CL024922,KOTAKBANK,S,276,948.85,261882.6
25/11/2025,ALPHA_SEC,CL866935,RELIANCE,B,24,919.58,22069.92
11-21-2025,OMEGA_BROKING,CL731339,SBIN,S,267,640.93,171128.31
21-Nov-25,OMEGA_BROKING,CL881323,HDFC,S,167,596.95,99690.65
2025-11-20,DELTA_TRADES,CL475512,ICICIBANK,S,205,904.72,185467.6
24/11/2025,BETA_INVEST,CL813001,RELIANCE,B,189,2504.56,473361.84
2025-11-25,DELTA_TRADES,CL772060,LT,S,344,336.14,115632.16
21-Nov-25,DELTA_TRADES,CL085833,HDFC,B,46,2634.4,121182.4
2025-11-22,DELTA_TRADES,CL576502,SBIN,S,203,1086.82,220624.46
21/11/2025,DELTA_TRADES,CL549489,INFY,B,276,219.83,60673.08
2025-11-26,BETA_INVEST,CL741772,INFY,B,95,2626.95,249560.25
21/11/2025,BETA_INVEST,CL722560,LT,B,148,2417.38,357772.24
23/11/2025,ALPHA_SEC,CL583964,ICICIBANK,B,187,488.77,91399.99
11-22-2025,ALPHA_SEC,CL088324,ICICIBANK,S,263,182.92,48107.96
22-Nov-25,BETA_INVEST,CL873243,ITC,S,126,2570.71,323909.46
24-Nov-25,OMEGA_BROKING,CL828723,RELIANCE,B,109,2320.88,252975.92
11-20-2025,DELTA_TRADES,CL843152,AXISBANK,S,309,1064.3,328868.7
24/11/2025,ALPHA_SEC,CL466561,KOTAKBANK,S,44,1842.47,81068.68
2025-11-29,BETA_INVEST,CL280945,SBIN,S,275,2628.67,722884.25
26-Nov-25,BETA_INVEST,CL967259,HDFC,S,15,2630.34,39455.1
2025-11-26,DELTA_TRADES,CL644979,SBIN,S,178,1999.82,355967.96
24-Nov-25,DELTA_TRADES,CL206132,ICICIBANK,B,140,142.77,19987.8
2025-11-25,ALPHA_SEC,CL262356,KOTAKBANK,S,122,835.31,101907.82
24-Nov-25,BETA_INVEST,CL447526,ICICIBANK,S,296,1481.65,438568.4
26/11/2025,OMEGA_BROKING,CL134421,LT,S,200,2660.62,532124.0
11-24-2025,BETA_INVEST,CL851945,SBIN,B,311,435.17,135337.87
22-Nov-25,OMEGA_BROKING,CL167793,ITC,B,279,2695.77,752119.83
25-Nov-25,DELTA_TRADES,CL971438,RELIANCE,B,125,1830.79,228848.75
25-Nov-25,BETA_INVEST,CL351622,HDFC,B,232,2188.7,507778.4
2025-11-22,BETA_INVEST,CL114622,ICICIBANK,S,28,2192.54,61391.12
11-22-2025,DELTA_TRADES,CL824800,ITC,S,355,1512.53,536948.15
22/11/2025,OMEGA_BROKING,CL441574,LT,S,219,2116.26,463460.94
2025-11-25,DELTA_TRADES,CL332652,LT,S,129,1755.73,226489.17
22-Nov-25,DELTA_TRADES,CL472587,AXISBANK,B,251,2754.35,691341.85
11-21-2025,DELTA_TRADES,CL496888,LT,S,148,946.45,140074.6
23/11/2025,OMEGA_BROKING,CL344052,INFY,B,69,317.32,21895.08
2025-11-23,BETA_INVEST,CL077976,TATAMOTORS,B,279,651.4,181740.6
11-20-2025,BETA_INVEST,CL193668,AXISBANK,B,50,504.74,25237.0
20-Nov-25,BETA_INVEST,CL294478,AXISBANK,B,79,2773.28,219089.12
29/11/2025,ALPHA_SEC,CL388762,ICICIBANK,S,185,371.1,68653.5
20/11/2025,BETA_INVEST,CL128737,INFY,S,329,1939.85,638210.65
22/11/2025,ALPHA_SEC,CL005172,INFY,S,351,1827.45,641434.95
24-Nov-25,DELTA_TRADES,CL286312,AXISBANK,B,109,2265.38,246926.42
23-Nov-25,BETA_INVEST,CL245470,ICICIBANK,B,321,1498.84,481127.64
26/11/2025,ALPHA_SEC,CL528055,TATAMOTORS,B,35,1010.59,35370.65
2025-11-26,OMEGA_BROKING,CL850467,ICICIBANK,B,204,2027.64,413638.56
22-Nov-25,ALPHA_SEC,CL934916,ICICIBANK,B,276,126.79,34994.04
11-25-2025,BETA_INVEST,CL778374,INFY,B,124,251.26,31156.24
23/11/2025,ALPHA_SEC,CL856610,ICICIBANK,B,6,1842.31,11053.86
2025-11-23,OMEGA_BROKING,CL791079,ITC,B,185,331.44,61316.4
21-Nov-25,ALPHA_SEC,CL150460,KOTAKBANK,S,28,1058.63,29641.64
26/11/2025,BETA_INVEST,CL029484,HDFC,S,25,1545.76,38644.0
21-Nov-25,BETA_INVEST,CL674025,ICICIBANK,B,295,1935.37,570934.15
20/11/2025,OMEGA_BROKING,CL782207,SBIN,S,348,770.49,268130.52
11-21-2025,ALPHA_SEC,CL732206,SBIN,B,90,1861.93,167573.7
11-24-2025,BETA_INVEST,CL866541,AXISBANK,B,400,2189.25,875700.0
29/11/2025,DELTA_TRADES,CL556036,RELIANCE,S,340,1579.99,
11-22-2025,OMEGA_BROKING,CL710224,KOTAKBANK,S,9,2277.23,20495.07
24/11/2025,OMEGA_BROKING,CL938420,LT,B,110,898.81,98869.1
2025-11-21,OMEGA_BROKING,CL583353,ICICIBANK,S,333,994.88,331295.04
20-Nov-25,OMEGA_BROKING,CL933520,KOTAKBANK,B,119,2616.26,311334.94
20-Nov-25,DELTA_TRADES,CL404178,ITC,S,7,1506.41,10544.87
11-21-2025,OMEGA_BROKING,CL624466,SBIN,S,202,178.23,36002.46
11-23-2025,DELTA_TRADES,CL139539,AXISBANK,S,28,689.73,
25/11/2025,ALPHA_SEC,CL462993,ITC,B,23,1325.84,30494.32
21/11/2025,BETA_INVEST,CL578956,INFY,S,244,2539.13,619547.72
21-Nov-25,DELTA_TRADES,CL406534,RELIANCE,S,203,1396.56,283501.68
23-Nov-25,BETA_INVEST,CL200444,SBIN,B,363,2665.22,967474.86
2025-11-20,BETA_INVEST,CL201318,LT,B,142,2067.96,293650.32
25/11/2025,DELTA_TRADES,CL164282,ICICIBANK,S,230,2448.27,563102.1
2025-11-24,OMEGA_BROKING,CL794910,INFY,B,126,1347.43,169776.18
21/11/2025,DELTA_TRADES,CL678068,SBIN,B,15,2551.48,38272.2
23-Nov-25,DELTA_TRADES,CL971226,HDFC,B,322,2253.29,725559.38
26/11/2025,DELTA_TRADES,CL253112,SBIN,S,179,824.15,147522.85
21/11/2025,BETA_INVEST,CL020919,ICICIBANK,S,280,202.18,56610.4
2025-11-21,DELTA_TRADES,CL800920,AXISBANK,S,158,2556.89,
20-Nov-25,BETA_INVEST,CL170736,SBIN,B,91,319.45,29069.95
26/11/2025,BETA_INVEST,CL123570,ICICIBANK,S,142,1955.4,277666.8
11-23-2025,ALPHA_SEC,CL557943,LT,S,262,2635.63,690535.06
11-26-2025,ALPHA_SEC,CL785717,RELIANCE,S,364,1279.66,465796.24
24/11/2025,BETA_INVEST,CL713756,ICICIBANK,S,27,1674.91,45222.57
20-Nov-25,DELTA_TRADES,CL936985,HDFC,B,183,1718.19,314428.77
26-Nov-25,ALPHA_SEC,CL981912,TATAMOTORS,S,64,2714.59,173733.76
2025-11-20,DELTA_TRADES,CL487101,SBIN,B,301,1516.96,456604.96
11-23-2025,ALPHA_SEC,CL055208,INFY,B,259,766.51,198526.09
20-Nov-25,DELTA_TRADES,CL158118,HDFC,B,32,1430.59,45778.88
24-Nov-25,ALPHA_SEC,CL001605,LT,B,302,2688.3,811866.6
11-20-2025,BETA_INVEST,CL906495,ICICIBANK,B,325,321.97,104640.25
2025-11-23,DELTA_TRADES,CL583450,INFY,S,141,304.23,42896.43
2025-11-20,OMEGA_BROKING,CL768490,LT,B,341,2062.67,703370.47
26-Nov-25,BETA_INVEST,CL080413,TATAMOTORS,B,252,2507.74,631950.48
2025-11-25,ALPHA_SEC,CL458358,SBIN,S,213,1825.91,388918.83
11-20-2025,BETA_INVEST,CL245662,INFY,B,34,848.65,28854.1
2025-11-20,OMEGA_BROKING,CL985934,ICICIBANK,B,361,1893.31,683484.91
21-Nov-25,OMEGA_BROKING,CL083984,RELIANCE,B,122,107.5,13115.0
2025-11-21,ALPHA_SEC,CL358088,RELIANCE,B,354,225.84,79947.36
11-22-2025,OMEGA_BROKING,CL786766,ITC,S,109,576.38,62825.42
21-Nov-25,OMEGA_BROKING,CL738448,AXISBANK,S,315,1597.87,503329.05
20/11/2025,BETA_INVEST,CL366365,KOTAKBANK,S,160,1265.93,202548.8
25/11/2025,OMEGA_BROKING,CL263301,LT,S,229,1115.38,255422.02
26-Nov-25,BETA_INVEST,CL343314,AXISBANK,B,114,945.32,108849.49
2025-11-26,OMEGA_BROKING,CL735618,TATAMOTORS,B,262,2785.23,729730.26
2025-11-22,ALPHA_SEC,CL616463,SBIN,S,251,1963.05,492725.55
26-Nov-25,ALPHA_SEC,CL668858,SBIN,B,66,1268.96,83751.36
23/11/2025,OMEGA_BROKING,CL890979,ITC,B,217,1408.95,305742.15
21/11/2025,DELTA_TRADES,CL125146,SBIN,S,385,2371.87,913169.95
11-20-2025,ALPHA_SEC,CL844730,LT,S,186,143.23,26640.78
24-Nov-25,DELTA_TRADES,CL196379,TATAMOTORS,S,29,483.09,14009.61
23/11/2025,BETA_INVEST,CL868411,LT,B,280,2789.77,781135.6
20/11/2025,OMEGA_BROKING,CL644175,RELIANCE,B,185,1130.0,209050.0
26-Nov-25,DELTA_TRADES,CL086837,INFY,S,398,1247.18,496377.64
11-29-2025,BETA_INVEST,CL351751,HDFC,S,90,2523.99,227159.1
11-23-2025,OMEGA_BROKING,CL802410,LT,S,324,879.75,285039.0
11-26-2025,OMEGA_BROKING,CL941608,ICICIBANK,S,39,2153.0,83967.0
2025-11-21,DELTA_TRADES,CL274547,TATAMOTORS,B,91,709.25,64541.75
11-26-2025,DELTA_TRADES,CL825113,HDFC,S,196,1317.59,258247.64
23/11/2025,OMEGA_BROKING,CL979392,ICICIBANK,S,176,263.39,46356.64
26/11/2025,BETA_INVEST,CL030649,ICICIBANK,S,92,2675.71,246165.32
2025-11-25,ALPHA_SEC,CL374683,ITC,S,355,2219.58,787950.9
25-Nov-25,OMEGA_BROKING,CL190568,INFY,B,207,674.66,139654.62
11-23-2025,ALPHA_SEC,CL870906,LT,S,219,2192.37,480129.03
2025-11-21,DELTA_TRADES,CL219115,HDFC,B,348,1646.85,573103.8
23/11/2025,ALPHA_SEC,CL459113,LT,B,43,778.25,33464.75
22/11/2025,OMEGA_BROKING,CL305728,AXISBANK,S,247,1648.18,407100.46
23-Nov-25,BETA_INVEST,CL034625,HDFC,S,106,208.12,22060.72
26-Nov-25,BETA_INVEST,CL034669,INFY,S,42,1647.34,69188.28
22/11/2025,ALPHA_SEC,CL971807,KOTAKBANK,B,255,897.73,228921.15
11-20-2025,ALPHA_SEC,CL539984,TATAMOTORS,B,49,648.74,31788.26
20/11/2025,OMEGA_BROKING,CL215232,KOTAKBANK,S,383,450.49,172537.67
2025-11-20,ALPHA_SEC,CL778808,LT,B,19,2675.88,50841.72
11-26-2025,DELTA_TRADES,CL408333,AXISBANK,B,135,2432.09,328332.15
2025-11-24,OMEGA_BROKING,CL608756,ITC,S,229,1400.38,320687.02
25-Nov-25,ALPHA_SEC,CL153495,RELIANCE,S,214,991.39,212157.46
11-23-2025,BETA_INVEST,CL629235,HDFC,B,273,2619.65,715164.45
2025-11-22,DELTA_TRADES,CL239887,RELIANCE,B,215,2491.57,535687.55
26-Nov-25,ALPHA_SEC,CL768486,INFY,B,328,805.23,264115.44
11-23-2025,OMEGA_BROKING,CL249662,INFY,B,365,1226.62,447716.3
2025-11-22,BETA_INVEST,CL869677,KOTAKBANK,B,71,2318.01,164578.71
2025-11-22,OMEGA_BROKING,CL350246,INFY,B,229,125.28,28689.12
2025-11-20,BETA_INVEST,CL927889,TATAMOTORS,S,168,622.06,104506.08
20-Nov-25,OMEGA_BROKING,CL915412,KOTAKBANK,B,376,2616.53,983815.28
11-25-2025,OMEGA_BROKING,CL535399,KOTAKBANK,B,39,499.68,19487.52
25-Nov-25,BETA_INVEST,CL790177,ICICIBANK,B,72,1923.92,138522.24
2025-11-23,OMEGA_BROKING,CL587995,ICICIBANK,B,89,2179.52,115524.04
25-Nov-25,BETA_INVEST,CL772921,TATAMOTORS,B,30,832.86,24985.8
21/11/2025,OMEGA_BROKING,CL821346,AXISBANK,B,353,222.91,78687.23
22/11/2025,BETA_INVEST,CL424103,SBIN,B,131,502.48,65824.88
26/11/2025,DELTA_TRADES,CL345079,SBIN,S,369,946.48,349251.12
2025-11-24,DELTA_TRADES,CL263573,KOTAKBANK,B,318,631.31,200756.58
20-Nov-25,BETA_INVEST,CL352122,KOTAKBANK,S,105,1387.28,145664.4
2025-11-20,OMEGA_BROKING,CL390419,KOTAKBANK,S,285,2378.21,677789.85
20-Nov-25,ALPHA_SEC,CL852377,SBIN,B,352,2737.63,963645.76
26-Nov-25,DELTA_TRADES,CL916802,ICICIBANK,S,163,2770.31,451560.53
24-Nov-25,BETA_INVEST,CL294378,ITC,S,101,161.75,16336.75
11-21-2025,DELTA_TRADES,CL147667,RELIANCE,B,321,367.11,117842.31
20/11/2025,DELTA_TRADES,CL772952,LT,S,267,2448.32,653701.44
2025-11-25,ALPHA_SEC,CL179630,ICICIBANK,B,170,269.27,45775.9
22/11/2025,OMEGA_BROKING,CL348263,AXISBANK,B,386,2334.3,901039.8
22/11/2025,DELTA_TRADES,CL320085,INFY,B,23,570.05,13111.15
21/11/2025,DELTA_TRADES,CL585368,TATAMOTORS,S,305,1636.04,498992.2
11-23-2025,BETA_INVEST,CL010900,LT,S,192,835.11,160341.12
23/11/2025,OMEGA_BROKING,CL774734,KOTAKBANK,B,361,597.62,215740.82
22-Nov-25,DELTA_TRADES,CL411256,ICICIBANK,S,15,1496.04,22440.6
11-22-2025,ALPHA_SEC,CL334669,RELIANCE,B,388,2628.41,1019823.08
24-Nov-25,BETA_INVEST,CL903787,ITC,S,19,2356.05,44764.95
11-26-2025,OMEGA_BROKING,CL351610,TATAMOTORS,S,296,1616.08,478359.68
26/11/2025,ALPHA_SEC,CL176662,RELIANCE,B,118,2783.88,328497.84
2025-11-25,ALPHA_SEC,CL086689,INFY,B,335,1750.74,586497.9
22/11/2025,DELTA_TRADES,CL624399,RELIANCE,S,351,1338.47,469802.97
23/11/2025,DELTA_TRADES,CL489800,TATAMOTORS,S,27,2728.93,73681.11
11-23-2025,OMEGA_BROKING,CL448468,RELIANCE,B,243,2597.99,631311.57
25/11/2025,ALPHA_SEC,CL750846,RELIANCE,B,54,1398.74,75531.96
21-Nov-25,BETA_INVEST,CL771863,RELIANCE,B,260,1243.3,323258.0
11-24-2025,BETA_INVEST,CL998068,AXISBANK,B,66,2795.41,184497.06
2025-11-21,OMEGA_BROKING,CL254668,INFY,B,158,446.54,70553.32
11-23-2025,DELTA_TRADES,CL503812,KOTAKBANK,B,134,2230.85,298933.9
11-23-2025,ALPHA_SEC,CL610965,INFY,S,195,2675.2,521664.0
26-Nov-25,BETA_INVEST,CL932082,INFY,B,160,1896.71,303473.6
21/11/2025,DELTA_TRADES,CL835547,LT,S,222,176.58,39200.76
2025-11-22,DELTA_TRADES,CL380060,AXISBANK,B,64,1461.79,93554.56
26/11/2025,OMEGA_BROKING,CL702786,INFY,B,162,1070.02,173343.24
26-Nov-25,OMEGA_BROKING,CL454570,LT,B,237,1023.25,242510.25
2025-11-23,BETA_INVEST,CL170104,HDFC,B,170,555.6,
25/11/2025,OMEGA_BROKING,CL052138,LT,B,20,255.89,5117.8
2025-11-24,DELTA_TRADES,CL513573,ITC,B,357,988.95,353055.15
25-Nov-25,BETA_INVEST,CL950593,KOTAKBANK,B,324,2799.01,906879.24
21/11/2025,DELTA_TRADES,CL689861,AXISBANK,S,227,2190.61,497268.47
22-Nov-25,BETA_INVEST,CL155418,ICICIBANK,B,69,1382.89,95419.41
2025-11-21,OMEGA_BROKING,CL821853,TATAMOTORS,B,380,1306.53,496481.4
2025-11-22,DELTA_TRADES,CL831244,ITC,S,214,1634.08,349693.12
23-Nov-25,DELTA_TRADES,CL006042,SBIN,S,42,2205.0,92610.0
26-Nov-25,OMEGA_BROKING,CL163796,HDFC,S,120,940.95,112914.0
2025-11-26,OMEGA_BROKING,CL073284,LT,B,189,380.41,71897.49
22/11/2025,ALPHA_SEC,CL794415,KOTAKBANK,B,185,2515.89,465439.65
21-Nov-25,DELTA_TRADES,CL104656,HDFC,B,212,1292.7,274052.4
25/11/2025,DELTA_TRADES,CL125399,AXISBANK,B,101,1419.16,143335.16
20/11/2025,DELTA_TRADES,CL695492,HDFC,B,394,133.41,52563.54
2025-11-22,ALPHA_SEC,CL196580,ICICIBANK,B,19,547.81,10408.39
22/11/2025,BETA_INVEST,CL249857,HDFC,S,120,284.47,34136.4
11-24-2025,BETA_INVEST,CL122598,SBIN,B,45,1474.6,66357.0
11-22-2025,BETA_INVEST,CL774056,TATAMOTORS,S,293,246.74,72294.82
11-22-2025,ALPHA_SEC,CL889283,HDFC,S,358,609.01,218025.58
26-Nov-25,BETA_INVEST,CL318168,AXISBANK,B,109,1592.41,173572.69
2025-11-24,OMEGA_BROKING,CL852938,LT,B,375,1537.34,576502.5
2025-11-26,OMEGA_BROKING,CL679241,ITC,S,243,1738.69,422501.67
25-Nov-25,DELTA_TRADES,CL133400,ICICIBANK,S,25,1381.52,34538.0
29-Nov-25,OMEGA_BROKING,CL973043,KOTAKBANK,B,11,1994.18,21935.98
2025-11-22,BETA_INVEST,CL576673,ITC,S,87,1047.29,
11-25-2025,OMEGA_BROKING,CL755244,INFY,S,157,2313.48,363216.36
2025-11-25,DELTA_TRADES,CL963326,RELIANCE,B,255,445.08,113495.4
24/11/2025,BETA_INVEST,CL654802,HDFC,B,215,1843.23,396294.45
21-Nov-25,DELTA_TRADES,CL692020,ITC,B,210,2197.05,461380.5
2025-11-29,DELTA_TRADES,CL173047,ICICIBANK,B,303,1371.67,415616.01
2025-11-23,OMEGA_BROKING,CL455479,LT,S,294,542.29,159433.26
25-Nov-25,BETA_INVEST,CL015835,TATAMOTORS,S,382,744.07,284234.74
2025-11-29,DELTA_TRADES,CL624596,ICICIBANK,S,196,2564.17,502577.32
22/11/2025,ALPHA_SEC,CL635922,KOTAKBANK,B,195,1609.45,313842.75
11-23-2025,BETA_INVEST,CL081708,HDFC,B,89,1987.02,176844.78
11-24-2025,OMEGA_BROKING,CL648641,RELIANCE,B,351,1656.21,581329.71
25/11/2025,ALPHA_SEC,CL760733,AXISBANK,B,398,919.37,365909.26
22-Nov-25,BETA_INVEST,CL657059,AXISBANK,S,35,742.73,25995.55
11-25-2025,OMEGA_BROKING,CL231688,LT,S,252,506.01,127514.52
11-29-2025,BETA_INVEST,CL808603,TATAMOTORS,S,340,2789.94,948579.6
25/11/2025,OMEGA_BROKING,CL870002,ICICIBANK,S,399,1850.58,738381.42
20/11/2025,DELTA_TRADES,CL930583,RELIANCE,S,183,1250.05,228759.15
2025-11-22,ALPHA_SEC,CL229007,ICICIBANK,S,303,2301.41,697327.23
2025-11-23,ALPHA_SEC,CL029025,ICICIBANK,S,220,1811.08,398437.6
2025-11-22,BETA_INVEST,CL902176,AXISBANK,S,157,1107.2,173830.4
11-26-2025,ALPHA_SEC,CL832201,ITC,B,201,1126.99,232671.33
2025-11-22,OMEGA_BROKING,CL929202,SBIN,S,162,1091.77,176866.74
26-Nov-25,ALPHA_SEC,CL012107,LT,S,133,1494.56,198776.48
22-Nov-25,BETA_INVEST,CL683688,TATAMOTORS,S,16,222.65,3562.4
24-Nov-25,OMEGA_BROKING,CL253397,LT,S,330,2793.17,921746.1
11-22-2025,OMEGA_BROKING,CL091163,LT,S,23,759.29,17463.67
2025-11-23,BETA_INVEST,CL178205,KOTAKBANK,B,201,1071.26,215323.26
25/11/2025,BETA_INVEST,CL453944,ICICIBANK,S,172,1024.08,176141.76
11-20-2025,ALPHA_SEC,CL076111,RELIANCE,B,156,2392.64,373251.84
24/11/2025,OMEGA_BROKING,CL471418,LT,S,265,2711.05,718428.25
2025-11-20,BETA_INVEST,CL120354,TATAMOTORS,S,6,594.69,3568.14
29/11/2025,DELTA_TRADES,CL612282,RELIANCE,S,383,1101.81,421993.23
26/11/2025,ALPHA_SEC,CL664956,AXISBANK,B,206,2386.54,
24-Nov-25,OMEGA_BROKING,CL214454,AXISBANK,B,151,248.94,
20/11/2025,BETA_INVEST,CL762450,LT,B,143,2271.12,324770.16
2025-11-25,ALPHA_SEC,CL721074,HDFC,B,92,2228.82,205051.44
11-24-2025,BETA_INVEST,CL949622,LT,B,118,2643.19,311896.42
23/11/2025,OMEGA_BROKING,CL824842,TATAMOTORS,S,114,1284.19,146397.66
11-25-2025,ALPHA_SEC,CL150810,ITC,B,162,2006.47,325048.14
11-22-2025,BETA_INVEST,CL002549,ITC,B,345,719.54,248241.3
25-Nov-25,BETA_INVEST,CL214084,TATAMOTORS,B,112,1513.11,169468.32
24-Nov-25,BETA_INVEST,CL913414,AXISBANK,B,352,2569.16,904344.32
21-Nov-25,OMEGA_BROKING,CL170311,KOTAKBANK,B,309,2413.05,745632.45
20/11/2025,OMEGA_BROKING,CL970295,LT,B,314,2687.59,843903.26
23/11/2025,BETA_INVEST,CL291244,HDFC,S,76,2170.14,164930.64
20-Nov-25,DELTA_TRADES,CL132187,ITC,S,229,2182.46,499783.34
11-23-2025,DELTA_TRADES,CL522250,SBIN,B,223,890.86,198661.78
2025-11-22,DELTA_TRADES,CL580337,INFY,S,94,1449.03,136208.82
25/11/2025,BETA_INVEST,CL194191,RELIANCE,S,143,999.45,142921.35
11-20-2025,OMEGA_BROKING,CL621074,INFY,B,286,1627.96,465596.56
11-24-2025,ALPHA_SEC,CL482677,LT,S,121,267.23,32334.83
2025-11-26,OMEGA_BROKING,CL859035,LT,B,390,458.94,178986.6
11-25-2025,ALPHA_SEC,CL597327,TATAMOTORS,S,132,2613.26,344950.32
2025-11-25,DELTA_TRADES,CL457129,HDFC,S,123,1449.18,178249.14
20/11/2025,OMEGA_BROKING,CL353814,KOTAKBANK,B,133,196.05,30779.94
11-21-2025,ALPHA_SEC,CL324661,AXISBANK,S,173,742.34,128424.82
11-25-2025,OMEGA_BROKING,CL574180,HDFC,S,58,2606.62,151183.96
26/11/2025,BETA_INVEST,CL878113,ICICIBANK,B,202,1330.71,268803.42
2025-11-26,OMEGA_BROKING,CL036167,ITC,B,337,949.02,319819.74
21-Nov-25,BETA_INVEST,CL584336,KOTAKBANK,S,29,1617.2,46898.8
23/11/2025,ALPHA_SEC,CL903405,KOTAKBANK,S,278,1726.17,479875.26
11-22-2025,DELTA_TRADES,CL084002,TATAMOTORS,S,189,1810.25,342137.25
11-20-2025,ALPHA_SEC,CL366418,TATAMOTORS,B,229,2780.59,636755.11
23-Nov-25,ALPHA_SEC,CL221865,INFY,S,7,458.19,3207.33
24/11/2025,ALPHA_SEC,CL670356,HDFC,B,110,155.65,17121.5
20/11/2025,DELTA_TRADES,CL524877,RELIANCE,S,233,1639.95,382108.35
2025-11-23,BETA_INVEST,CL428275,ICICIBANK,S,292,2205.46,643994.32
2025-11-26,OMEGA_BROKING,CL607313,RELIANCE,S,241,1396.0,336436.0
25-Nov-25,ALPHA_SEC,CL994717,KOTAKBANK,S,183,823.62,150722.46
2025-11-24,ALPHA_SEC,CL392550,HDFC,S,133,2527.19,336116.27
26-Nov-25,BETA_INVEST,CL135890,LT,S,150,1651.31,154099.82
22-Nov-25,BETA_INVEST,CL258909,RELIANCE,S,380,2404.67,913774.6
11-26-2025,DELTA_TRADES,CL120204,INFY,S,376,2245.69,844379.44
2025-11-25,OMEGA_BROKING,CL944574,SBIN,S,217,1378.41,299114.97
20/11/2025,BETA_INVEST,CL926051,LT,B,208,823.07,171198.56
2025-11-23,ALPHA_SEC,CL032844,ICICIBANK,S,365,937.73,342271.45
2025-11-22,BETA_INVEST,CL197770,ICICIBANK,S,167,1472.66,245934.22
20/11/2025,ALPHA_SEC,CL450320,ITC,B,140,2607.27,365017.8
21/11/2025,ALPHA_SEC,CL356754,TATAMOTORS,S,341,1440.33,491152.53
20/11/2025,BETA_INVEST,CL837124,SBIN,B,101,2297.74,232071.74
26-Nov-25,OMEGA_BROKING,CL386910,HDFC,B,165,2636.19,434971.35
23-Nov-25,BETA_INVEST,CL316254,AXISBANK,B,14,255.14,3571.96
24-Nov-25,OMEGA_BROKING,CL165519,KOTAKBANK,B,164,2200.04,360806.56
11-20-2025,ALPHA_SEC,CL563062,LT,B,273,1739.75,474951.75
22/11/2025,OMEGA_BROKING,CL716966,KOTAKBANK,S,386,1165.39,449840.54
22/11/2025,OMEGA_BROKING,CL433786,HDFC,S,193,507.55,97957.15
2025-11-24,DELTA_TRADES,CL781236,ICICIBANK,S,61,2482.61,151439.21
2025-11-26,OMEGA_BROKING,CL495300,KOTAKBANK,B,368,2349.6,864652.8
2025-11-20,ALPHA_SEC,CL918461,SBIN,B,294,1381.79,406246.26
21-Nov-25,ALPHA_SEC,CL627105,AXISBANK,B,393,1952.77,767438.61
11-23-2025,DELTA_TRADES,CL682738,RELIANCE,S,153,2587.1,395826.3
22-Nov-25,OMEGA_BROKING,CL358211,TATAMOTORS,B,50,2603.39,130169.5
11-21-2025,BETA_INVEST,CL133482,LT,S,167,586.67,
2025-11-26,DELTA_TRADES,CL922828,LT,B,319,2022.9,645305.1
11-20-2025,OMEGA_BROKING,CL283941,KOTAKBANK,B,122,1330.18,162281.96
25/11/2025,ALPHA_SEC,CL176309,ICICIBANK,B,269,719.29,193489.01
2025-11-24,OMEGA_BROKING,CL184171,ICICIBANK,S,77,2734.53,210558.81
25-Nov-25,BETA_INVEST,CL249982,KOTAKBANK,B,264,2720.35,718172.4
20-Nov-25,OMEGA_BROKING,CL946319,RELIANCE,B,120,678.22,81386.4
11-26-2025,DELTA_TRADES,CL812901,SBIN,S,67,1220.49,
11-24-2025,ALPHA_SEC,CL845638,TATAMOTORS,B,288,419.57,120836.16
2025-11-25,ALPHA_SEC,CL751595,TATAMOTORS,S,93,1481.0,137733.0
2025-11-29,BETA_INVEST,CL207368,ITC,B,96,1957.56,187925.76
2025-11-21,ALPHA_SEC,CL099834,HDFC,B,385,397.63,153087.55
22-Nov-25,DELTA_TRADES,CL031871,AXISBANK,S,78,1910.36,149008.08
29-Nov-25,BETA_INVEST,CL302716,TATAMOTORS,B,77,415.62,
25/11/2025,ALPHA_SEC,CL946730,KOTAKBANK,B,337,1351.11,455324.07
11-24-2025,BETA_INVEST,CL086839,LT,B,51,1258.1,64163.1
2025-11-24,DELTA_TRADES,CL036333,AXISBANK,S,37,1834.04,67859.48
26/11/2025,BETA_INVEST,CL803747,INFY,S,140,743.76,104126.4
11-26-2025,OMEGA_BROKING,CL244716,ITC,S,49,1621.75,79465.75
2025-11-22,BETA_INVEST,CL916552,TATAMOTORS,S,139,752.11,104543.29
2025-11-23,DELTA_TRADES,CL036720,HDFC,S,349,1369.78,478053.22
24-Nov-25,DELTA_TRADES,CL987948,ICICIBANK,S,273,1221.83,333559.59
2025-11-20,DELTA_TRADES,CL591240,RELIANCE,S,23,1753.96,40341.08
2025-11-21,BETA_INVEST,CL717394,KOTAKBANK,B,91,946.86,86164.26
25-Nov-25,DELTA_TRADES,CL131646,TATAMOTORS,B,273,2776.85,758080.05
20/11/2025,BETA_INVEST,CL753478,INFY,S,46,599.3,27567.8
24/11/2025,OMEGA_BROKING,CL523451,TATAMOTORS,B,20,185.44,3708.8
11-23-2025,DELTA_TRADES,CL156110,AXISBANK,B,28,1046.59,29304.52
2025-11-25,DELTA_TRADES,CL918538,TATAMOTORS,S,32,472.26,15112.32
11-21-2025,BETA_INVEST,CL496894,LT,S,326,1068.3,348265.8
2025-11-22,OMEGA_BROKING,CL545071,SBIN,B,213,668.93,142482.09
2025-11-25,DELTA_TRADES,CL081538,LT,S,311,1873.22,582571.42
29/11/2025,OMEGA_BROKING,CL690085,ICICIBANK,S,18,1544.8,
21/11/2025,BETA_INVEST,CL556054,ITC,S,197,447.97,88250.09
24/11/2025,DELTA_TRADES,CL664447,HDFC,S,324,198.57,64336.68
2025-11-21,OMEGA_BROKING,CL581207,ITC,S,247,2026.22,500476.34
25-Nov-25,BETA_INVEST,CL502750,ITC,S,87,356.58,31022.46
11-20-2025,BETA_INVEST,CL557455,TATAMOTORS,S,180,1058.27,190488.6
11-26-2025,OMEGA_BROKING,CL494278,TATAMOTORS,B,122,1344.98,164087.56
11-21-2025,OMEGA_BROKING,CL450890,RELIANCE,B,147,497.7,73161.9
11-21-2025,OMEGA_BROKING,CL636841,SBIN,B,324,2096.72,679337.28
25-Nov-25,ALPHA_SEC,CL258264,INFY,B,62,737.05,45697.1
23-Nov-25,DELTA_TRADES,CL067228,AXISBANK,B,247,1653.04,408300.88
22/11/2025,OMEGA_BROKING,CL547030,RELIANCE,S,345,1297.38,447596.1
22-Nov-25,BETA_INVEST,CL123737,SBIN,B,148,2513.59,372011.32
2025-11-26,OMEGA_BROKING,CL259150,ITC,S,118,341.24,40266.32
11-25-2025,ALPHA_SEC,CL560959,KOTAKBANK,S,350,2133.23,
2025-11-23,BETA_INVEST,CL016260,RELIANCE,S,115,961.61,110585.15
21/11/2025,OMEGA_BROKING,CL517252,SBIN,B,210,2792.4,586404.0
25/11/2025,ALPHA_SEC,CL813882,RELIANCE,S,224,1838.22,411761.28
2025-11-24,DELTA_TRADES,CL726910,ITC,S,167,2790.22,465966.74
22/11/2025,BETA_INVEST,CL734272,INFY,B,289,443.06,128044.34
2025-11-20,DELTA_TRADES,CL881053,AXISBANK,B,261,503.1,131309.1
11-26-2025,DELTA_TRADES,CL499392,AXISBANK,B,216,1211.96,261783.36
23-Nov-25,BETA_INVEST,CL449536,TATAMOTORS,B,129,2426.69,313043.01
26-Nov-25,BETA_INVEST,CL799939,ITC,B,74,126.08,9329.92
24/11/2025,ALPHA_SEC,CL776876,KOTAKBANK,S,116,2749.81,318977.96
24-Nov-25,ALPHA_SEC,CL438567,KOTAKBANK,B,348,2291.31,797375.88
26-Nov-25,ALPHA_SEC,CL915132,HDFC,B,332,2726.5,905198.0
22-Nov-25,BETA_INVEST,CL233713,ICICIBANK,B,24,1887.54,45300.96
25/11/2025,BETA_INVEST,CL609214,SBIN,B,163,494.38,80583.94
2025-11-23,BETA_INVEST,CL215834,ITC,S,88,2252.98,198262.24
25-Nov-25,ALPHA_SEC,CL344854,AXISBANK,B,16,645.52,10328.32
2025-11-24,OMEGA_BROKING,CL727937,TATAMOTORS,B,283,999.31,282804.73
2025-11-26,ALPHA_SEC,CL205051,INFY,B,60,1615.99,96959.4
23-Nov-25,ALPHA_SEC,CL130327,TATAMOTORS,B,194,1614.14,313143.16
11-25-2025,BETA_INVEST,CL991707,LT,B,142,841.3,119464.6
22-Nov-25,BETA_INVEST,CL977997,ICICIBANK,S,208,917.55,190850.4
22-Nov-25,ALPHA_SEC,CL497621,ITC,B,346,1773.68,613693.28
22-Nov-25,BETA_INVEST,CL356446,LT,S,256,1898.57,486033.92
11-29-2025,DELTA_TRADES,CL879475,LT,S,333,2510.43,835973.19
24-Nov-25,OMEGA_BROKING,CL732475,INFY,S,313,1167.49,365424.37
11-20-2025,ALPHA_SEC,CL899709,AXISBANK,B,242,1585.83,383770.86
11-20-2025,OMEGA_BROKING,CL782031,KOTAKBANK,S,25,663.61,16590.25
22/11/2025,ALPHA_SEC,CL431578,HDFC,B,313,2294.97,718325.61
21/11/2025,ALPHA_SEC,CL478642,AXISBANK,B,374,1233.77,461429.98
25/11/2025,OMEGA_BROKING,CL820876,ITC,B,5,810.65,4053.25
22/11/2025,OMEGA_BROKING,CL923399,TATAMOTORS,S,92,1013.93,93281.56
26/11/2025,OMEGA_BROKING,CL508453,AXISBANK,B,285,871.84,248474.4
21/11/2025,OMEGA_BROKING,CL109032,TATAMOTORS,S,174,1967.98,342428.52
24-Nov-25,DELTA_TRADES,CL738408,KOTAKBANK,B,215,243.89,52436.35
24/11/2025,ALPHA_SEC,CL647661,RELIANCE,B,32,2486.72,79575.04
20-Nov-25,BETA_INVEST,CL221267,TATAMOTORS,S,30,1005.4,24019.07
22-Nov-25,BETA_INVEST,CL396428,SBIN,B,269,1457.97,392193.93
11-23-2025,DELTA_TRADES,CL714755,INFY,S,270,1181.96,319129.2
11-20-2025,ALPHA_SEC,CL321648,ICICIBANK,S,48,1560.11,74885.28
26/11/2025,OMEGA_BROKING,CL580873,ITC,B,76,1236.19,93950.44
26/11/2025,ALPHA_SEC,CL921873,AXISBANK,B,362,809.33,292977.46
11-21-2025,BETA_INVEST,CL144265,ICICIBANK,B,43,895.3,38497.9
20-Nov-25,ALPHA_SEC,CL615027,INFY,S,11,2035.07,
20-Nov-25,ALPHA_SEC,CL189945,INFY,B,105,327.61,34399.05
24/11/2025,OMEGA_BROKING,CL126798,AXISBANK,B,2,1021.95,2043.9
11-22-2025,OMEGA_BROKING,CL909232,ICICIBANK,S,173,1867.76,323122.48
22/11/2025,OMEGA_BROKING,CL232499,LT,B,149,853.35,127149.15
2025-11-21,BETA_INVEST,CL512300,ICICIBANK,B,314,1994.33,626219.62
11-23-2025,DELTA_TRADES,CL625975,RELIANCE,S,308,2302.76,709250.08
29-Nov-25,DELTA_TRADES,CL073008,LT,S,335,1623.25,543788.75
11-22-2025,OMEGA_BROKING,CL666988,INFY,S,292,627.95,183361.4
20/11/2025,OMEGA_BROKING,CL831752,KOTAKBANK,S,29,2572.77,74610.33
21-Nov-25,BETA_INVEST,CL665625,ICICIBANK,S,124,2196.05,272310.2
11-26-2025,BETA_INVEST,CL228912,INFY,S,23,1733.14,39862.22
2025-11-26,BETA_INVEST,CL566769,LT,S,55,1727.0,94985.0
23-Nov-25,ALPHA_SEC,CL360767,LT,S,254,2654.8,674319.2
26-Nov-25,OMEGA_BROKING,CL738513,SBIN,B,381,494.83,188530.23
2025-11-26,BETA_INVEST,CL375161,SBIN,B,61,469.39,28632.79
24-Nov-25,OMEGA_BROKING,CL524438,RELIANCE,B,213,2306.19,491218.47
2025-11-26,BETA_INVEST,CL338983,TATAMOTORS,B,109,178.3,19434.7
22/11/2025,ALPHA_SEC,CL188796,ITC,S,231,2793.01,645185.31
25/11/2025,ALPHA_SEC,CL312101,ITC,B,51,1383.95,70581.45
22-Nov-25,BETA_INVEST,CL059308,RELIANCE,B,388,1960.83,760802.04
25-Nov-25,OMEGA_BROKING,CL643864,KOTAKBANK,S,132,1580.79,208664.28
29-Nov-25,BETA_INVEST,CL431786,SBIN,B,154,448.92,69133.68
11-23-2025,DELTA_TRADES,CL861555,KOTAKBANK,S,99,374.38,37063.62
22/11/2025,DELTA_TRADES,CL380635,LT,B,43,2750.13,118255.59
20-Nov-25,ALPHA_SEC,CL297974,LT,S,26,2355.82,61251.32
2025-11-22,OMEGA_BROKING,CL983027,HDFC,S,397,2235.08,887326.76
21/11/2025,OMEGA_BROKING,CL022788,RELIANCE,B,60,549.32,32959.2
26-Nov-25,DELTA_TRADES,CL789639,SBIN,B,221,395.0,87295.0
22-Nov-25,ALPHA_SEC,CL382307,SBIN,S,16,1981.52,31704.32
2025-11-24,OMEGA_BROKING,CL511616,ICICIBANK,S,266,2273.12,604649.92
11-24-2025,BETA_INVEST,CL935018,KOTAKBANK,B,170,1434.98,243946.6
2025-11-24,DELTA_TRADES,CL324238,KOTAKBANK,S,191,2036.44,388960.04
11-22-2025,OMEGA_BROKING,CL377870,ICICIBANK,S,180,1342.72,241689.6
11-25-2025,OMEGA_BROKING,CL223220,HDFC,B,100,1857.3,185730.0
24/11/2025,OMEGA_BROKING,CL687848,INFY,S,311,1419.25,441386.75
2025-11-25,BETA_INVEST,CL145465,KOTAKBANK,S,275,466.67,128334.25
21/11/2025,OMEGA_BROKING,CL437588,INFY,B,266,2686.27,714547.82
21-Nov-25,OMEGA_BROKING,CL087420,HDFC,S,390,2252.35,878416.5
25/11/2025,BETA_INVEST,CL983557,KOTAKBANK,B,85,919.39,78148.15
22-Nov-25,OMEGA_BROKING,CL538329,HDFC,S,139,2022.58,281138.62
11-26-2025,ALPHA_SEC,CL646258,KOTAKBANK,S,341,149.05,50826.05
2025-11-26,BETA_INVEST,CL979380,KOTAKBANK,S,178,1219.01,216983.78
11-26-2025,DELTA_TRADES,CL404121,HDFC,B,84,717.25,60249.0
2025-11-21,BETA_INVEST,CL564460,AXISBANK,B,358,1468.28,525644.24
2025-11-29,OMEGA_BROKING,CL174853,SBIN,S,192,1196.06,229643.52
22/11/2025,BETA_INVEST,CL458135,AXISBANK,B,274,768.59,210593.66
11-22-2025,DELTA_TRADES,CL767978,LT,B,352,2504.11,881446.72
11-23-2025,DELTA_TRADES,CL848806,INFY,B,182,2241.66,407982.12
11-20-2025,ALPHA_SEC,CL996507,ITC,S,1,551.59,551.59
11-22-2025,BETA_INVEST,CL001161,HDFC,B,263,474.04,124672.52
11-20-2025,OMEGA_BROKING,CL522063,LT,S,166,680.45,165553.03
2025-11-29,ALPHA_SEC,CL633464,TATAMOTORS,B,153,2121.54,324595.62
11-26-2025,OMEGA_BROKING,CL504701,SBIN,B,356,1730.82,616171.92
26/11/2025,OMEGA_BROKING,CL371833,ITC,S,102,635.56,64827.12
11-24-2025,DELTA_TRADES,CL519970,ICICIBANK,S,296,293.98,87018.08
22-Nov-25,DELTA_TRADES,CL365590,ITC,B,252,319.8,80589.6
20/11/2025,ALPHA_SEC,CL357324,RELIANCE,B,122,1496.21,182537.62
2025-11-21,OMEGA_BROKING,CL986245,AXISBANK,B,215,1234.4,265396.0
23-Nov-25,BETA_INVEST,CL565339,KOTAKBANK,S,200,745.83,149166.0
11-23-2025,BETA_INVEST,CL883511,LT,B,151,2594.32,569390.43
25/11/2025,DELTA_TRADES,CL458067,KOTAKBANK,B,147,2100.53,308777.91
2025-11-26,OMEGA_BROKING,CL880136,SBIN,B,318,2102.44,668575.92
11-24-2025,OMEGA_BROKING,CL661993,KOTAKBANK,B,54,1685.38,91010.52
2025-11-22,OMEGA_BROKING,CL852391,RELIANCE,S,228,2490.31,567790.68
11-26-2025,DELTA_TRADES,CL400463,HDFC,B,79,2489.16,196643.64
26/11/2025,ALPHA_SEC,CL742571,HDFC,S,396,1779.52,704689.92
25-Nov-25,ALPHA_SEC,CL943248,KOTAKBANK,B,212,1383.21,293240.52
23-Nov-25,BETA_INVEST,CL687058,RELIANCE,S,239,1029.83,246129.37
2025-11-24,OMEGA_BROKING,CL930983,AXISBANK,S,377,843.57,318025.89
2025-11-23,BETA_INVEST,CL462827,INFY,B,383,1964.83,752529.89
24-Nov-25,ALPHA_SEC,CL669703,HDFC,B,313,2405.61,752955.93
20/11/2025,OMEGA_BROKING,CL365028,LT,B,155,597.43,92601.65
2025-11-26,BETA_INVEST,CL275976,ICICIBANK,S,349,930.84,324863.16
2025-11-25,ALPHA_SEC,CL691728,INFY,S,378,887.97,335652.66
11-25-2025,OMEGA_BROKING,CL155519,RELIANCE,B,245,2176.22,533173.9
2025-11-29,DELTA_TRADES,CL277828,ITC,B,5,2790.71,13953.55
2025-11-20,DELTA_TRADES,CL415324,INFY,B,18,942.81,16970.58
21/11/2025,BETA_INVEST,CL390671,INFY,B,236,2606.04,615025.44
2025-11-20,DELTA_TRADES,CL527706,ITC,S,168,1675.02,281403.36
25-Nov-25,DELTA_TRADES,CL606159,KOTAKBANK,B,120,2607.0,312840.0
22-Nov-25,ALPHA_SEC,CL148341,HDFC,S,303,2265.69,686504.07
23/11/2025,BETA_INVEST,CL084475,LT,S,362,2786.65,1008767.3
22/11/2025,OMEGA_BROKING,CL454241,KOTAKBANK,S,61,714.32,43573.52
11-22-2025,BETA_INVEST,CL530619,SBIN,B,349,1010.37,
25/11/2025,BETA_INVEST,CL843200,ICICIBANK,B,58,2758.94,160018.52
24-Nov-25,OMEGA_BROKING,CL113661,ITC,B,12,2356.37,28276.44
22/11/2025,ALPHA_SEC,CL807936,HDFC,B,173,679.42,117539.66
2025-11-20,BETA_INVEST,CL497202,SBIN,S,307,2455.55,753853.85
21/11/2025,ALPHA_SEC,CL971793,KOTAKBANK,S,121,195.06,33360.53
2025-11-22,ALPHA_SEC,CL802335,SBIN,S,10,186.21,1862.1
2025-11-25,DELTA_TRADES,CL884501,HDFC,B,42,1481.49,62222.58
22/11/2025,ALPHA_SEC,CL976449,INFY,S,245,268.22,65713.9
25-Nov-25,DELTA_TRADES,CL159966,KOTAKBANK,S,155,887.59,137576.45
11-20-2025,OMEGA_BROKING,CL445190,LT,B,246,1244.32,306102.72
2025-11-21,ALPHA_SEC,CL257944,SBIN,S,131,865.99,113444.69
2025-11-26,BETA_INVEST,CL367960,HDFC,S,384,2380.69,914184.96
2025-11-23,DELTA_TRADES,CL799724,LT,S,93,396.62,36885.66
2025-11-25,OMEGA_BROKING,CL443650,AXISBANK,S,224,882.84,197756.16
2025-11-22,BETA_INVEST,CL310296,LT,S,78,1576.73,
11-24-2025,OMEGA_BROKING,CL701656,RELIANCE,B,45,2403.55,108159.75
23-Nov-25,DELTA_TRADES,CL508272,INFY,B,58,2175.2,126161.6
26-Nov-25,ALPHA_SEC,CL496553,ICICIBANK,S,362,648.98,234930.76
22-Nov-25,ALPHA_SEC,CL284405,AXISBANK,S,344,831.02,285870.88
22-Nov-25,OMEGA_BROKING,CL959175,ICICIBANK,B,44,1517.46,66768.24
21/11/2025,ALPHA_SEC,CL225101,SBIN,B,162,535.46,86744.52
20-Nov-25,BETA_INVEST,CL883389,ITC,B,343,2675.42,917669.06
11-26-2025,OMEGA_BROKING,CL783090,TATAMOTORS,S,361,2242.97,809712.17
2025-11-22,BETA_INVEST,CL076631,INFY,S,400,2745.54,1098216.0
2025-11-22,BETA_INVEST,CL458038,LT,S,225,422.21,94997.25
2025-11-26,ALPHA_SEC,CL297702,INFY,S,277,1160.85,321555.45
11-24-2025,ALPHA_SEC,CL483625,SBIN,S,133,1448.17,192606.61
21/11/2025,DELTA_TRADES,CL632325,SBIN,B,344,2189.03,
20/11/2025,ALPHA_SEC,CL277305,ITC,S,69,856.12,59072.28
25-Nov-25,DELTA_TRADES,CL801880,ITC,B,198,641.48,127013.04
11-29-2025,ALPHA_SEC,CL816847,SBIN,S,311,1046.23,325377.53
21/11/2025,OMEGA_BROKING,CL562220,KOTAKBANK,B,94,1772.7,166633.8
11-26-2025,BETA_INVEST,CL320880,LT,S,367,368.9,135386.3
11-21-2025,BETA_INVEST,CL818621,ICICIBANK,B,53,345.61,18317.33
23-Nov-25,DELTA_TRADES,CL559745,RELIANCE,B,276,1687.11,656578.2
24-Nov-25,DELTA_TRADES,CL203178,KOTAKBANK,S,234,2181.65,510506.1
20-Nov-25,ALPHA_SEC,CL510460,ICICIBANK,S,24,952.4,22857.6
26-Nov-25,OMEGA_BROKING,CL141502,LT,S,276,1485.07,409879.32
11-21-2025,BETA_INVEST,CL316696,AXISBANK,S,99,486.92,48205.08
22-Nov-25,OMEGA_BROKING,CL768633,ITC,B,96,540.7,
11-26-2025,DELTA_TRADES,CL952655,SBIN,B,21,1708.17,35871.57
20/11/2025,OMEGA_BROKING,CL608784,SBIN,S,326,315.87,102973.62
2025-11-29,DELTA_TRADES,CL018092,ITC,B,126,949.69,119660.94
22-Nov-25,ALPHA_SEC,CL702997,ICICIBANK,B,223,1765.99,393815.77
25-Nov-25,ALPHA_SEC,CL246319,SBIN,B,310,2612.26,809800.6
11-24-2025,BETA_INVEST,CL368674,HDFC,S,356,652.38,232247.28
11-21-2025,DELTA_TRADES,CL708173,SBIN,B,14,1758.37,24617.18
22-Nov-25,BETA_INVEST,CL519771,INFY,S,331,649.3,
29-Nov-25,ALPHA_SEC,CL971531,TATAMOTORS,S,14,2485.34,34794.76
11-20-2025,OMEGA_BROKING,CL523171,TATAMOTORS,B,105,570.76,59929.8
2025-11-26,BETA_INVEST,CL726414,RELIANCE,B,174,2563.45,446040.3
11-26-2025,ALPHA_SEC,CL911100,RELIANCE,B,338,1928.03,651674.14
11-29-2025,DELTA_TRADES,CL933810,TATAMOTORS,B,205,2707.24,554984.2
23/11/2025,OMEGA_BROKING,CL283440,KOTAKBANK,B,389,2388.26,929033.14
11-25-2025,OMEGA_BROKING,CL235826,INFY,B,115,1292.6,148649.0
11-20-2025,BETA_INVEST,CL270216,KOTAKBANK,B,138,2226.87,307308.06
11-26-2025,ALPHA_SEC,CL589786,TATAMOTORS,B,116,1488.26,
22/11/2025,ALPHA_SEC,CL419289,ICICIBANK,S,221,127.07,28082.47
20/11/2025,OMEGA_BROKING,CL070985,HDFC,S,37,2240.83,82910.71
29-Nov-25,BETA_INVEST,CL303595,ICICIBANK,B,128,2287.33,292778.24
23/11/2025,DELTA_TRADES,CL196937,ITC,S,139,2346.77,326201.03
11-22-2025,DELTA_TRADES,CL695540,ICICIBANK,B,359,146.98,52765.82
2025-11-22,DELTA_TRADES,CL280345,HDFC,B,32,821.69,26294.08
26-Nov-25,ALPHA_SEC,CL230157,SBIN,S,386,516.51,199372.86
2025-11-25,BETA_INVEST,CL937366,INFY,B,53,2792.59,148007.27
11-23-2025,BETA_INVEST,CL584504,INFY,B,34,2252.67,76590.78
11-21-2025,OMEGA_BROKING,CL522807,HDFC,B,2,1687.55,3375.1
24/11/2025,ALPHA_SEC,CL760624,TATAMOTORS,B,79,2287.7,180728.3
2025-11-20,ALPHA_SEC,CL344916,AXISBANK,B,61,1287.3,78525.3
23-Nov-25,OMEGA_BROKING,CL277061,HDFC,B,235,511.67,120242.45
25/11/2025,BETA_INVEST,CL816096,LT,B,308,659.29,203061.32
22/11/2025,BETA_INVEST,CL654422,SBIN,B,325,151.53,49247.25
20-Nov-25,BETA_INVEST,CL042931,AXISBANK,B,270,265.96,57413.34
11-25-2025,ALPHA_SEC,CL120631,SBIN,S,387,2401.06,929210.22
26/11/2025,ALPHA_SEC,CL442884,HDFC,S,314,1316.93,413516.02
25-Nov-25,OMEGA_BROKING,CL854172,TATAMOTORS,S,87,1664.93,144848.91
26/11/2025,DELTA_TRADES,CL182680,INFY,S,149,812.93,121126.57
26/11/2025,DELTA_TRADES,CL134537,RELIANCE,S,80,638.37,51069.6
11-22-2025,ALPHA_SEC,CL157744,LT,S,33,697.18,23006.94
11-20-2025,ALPHA_SEC,CL458684,INFY,B,230,2505.61,576290.3
22-Nov-25,ALPHA_SEC,CL783074,AXISBANK,S,304,2783.67,846235.68
2025-11-29,DELTA_TRADES,CL601100,KOTAKBANK,S,255,2748.14,700775.7
22-Nov-25,DELTA_TRADES,CL538088,LT,B,141,2199.97,310195.77
2025-11-21,BETA_INVEST,CL958002,KOTAKBANK,S,104,751.59,78165.36
2025-11-20,OMEGA_BROKING,CL555344,ITC,B,5,1419.85,7099.25
20-Nov-25,ALPHA_SEC,CL527269,KOTAKBANK,B,151,2467.52,
21-Nov-25,BETA_INVEST,CL138788,RELIANCE,B,198,212.99,42172.02
22/11/2025,ALPHA_SEC,CL173810,TATAMOTORS,S,59,694.63,40983.17
26/11/2025,ALPHA_SEC,CL764359,TATAMOTORS,S,326,2028.5,661291.0
2025-11-20,BETA_INVEST,CL014732,INFY,B,399,2189.93,873782.07
11-25-2025,OMEGA_BROKING,CL216080,KOTAKBANK,B,202,180.06,36372.12
23-Nov-25,DELTA_TRADES,CL636433,AXISBANK,S,218,2413.5,526143.0
11-20-2025,DELTA_TRADES,CL302910,ICICIBANK,S,287,835.66,239834.42
24-Nov-25,BETA_INVEST,CL286068,SBIN,S,271,574.05,155567.55
2025-11-21,DELTA_TRADES,CL075526,SBIN,S,84,2213.32,185918.88
11-22-2025,ALPHA_SEC,CL434624,TATAMOTORS,S,188,336.4,63243.2
21-Nov-25,OMEGA_BROKING,CL894578,INFY,B,133,745.43,99142.19
21-Nov-25,DELTA_TRADES,CL461556,TATAMOTORS,B,101,2697.01,272398.01
2025-11-26,BETA_INVEST,CL778633,KOTAKBANK,S,79,1174.39,92776.81
25-Nov-25,BETA_INVEST,CL992860,AXISBANK,B,123,2773.26,341110.98
23/11/2025,OMEGA_BROKING,CL821459,HDFC,B,82,826.11,67741.02
11-20-2025,OMEGA_BROKING,CL973009,SBIN,S,373,1142.88,426294.24
2025-11-23,BETA_INVEST,CL427102,INFY,S,190,2708.59,514632.1
25/11/2025,ALPHA_SEC,CL346911,RELIANCE,B,33,1045.83,34512.39
11-26-2025,ALPHA_SEC,CL524717,ITC,S,100,1366.13,136613.0
2025-11-22,BETA_INVEST,CL384836,KOTAKBANK,B,108,1697.06,183282.48
11-21-2025,ALPHA_SEC,CL379350,KOTAKBANK,B,382,1653.52,631644.64
2025-11-21,OMEGA_BROKING,CL618212,AXISBANK,B,33,935.09,30857.97
26-Nov-25,ALPHA_SEC,CL259364,RELIANCE,B,237,1260.3,298691.1
11-24-2025,DELTA_TRADES,CL816618,TATAMOTORS,S,274,463.96,127125.04
2025-11-29,BETA_INVEST,CL949264,ITC,B,138,1377.88,190147.44
11-25-2025,OMEGA_BROKING,CL332532,SBIN,B,343,169.37,58093.91
2025-11-23,ALPHA_SEC,CL263753,SBIN,B,21,1175.08,24676.68
26-Nov-25,OMEGA_BROKING,CL292319,INFY,S,176,760.49,133846.24
22-Nov-25,DELTA_TRADES,CL186235,AXISBANK,B,66,1325.49,87482.34
11-24-2025,BETA_INVEST,CL192175,TATAMOTORS,B,259,2039.25,528165.75
22/11/2025,ALPHA_SEC,CL707707,ITC,S,218,1226.03,267274.54
11-29-2025,ALPHA_SEC,CL510907,KOTAKBANK,S,254,2573.7,653719.8
2025-11-29,ALPHA_SEC,CL826177,RELIANCE,S,308,1174.81,361841.48
2025-11-23,ALPHA_SEC,CL326035,KOTAKBANK,B,351,536.07,188160.57
11-20-2025,DELTA_TRADES,CL214408,ICICIBANK,B,388,2015.82,782138.16
22-Nov-25,ALPHA_SEC,CL787634,INFY,S,173,1193.73,206515.29
22-Nov-25,BETA_INVEST,CL653834,ICICIBANK,B,40,612.63,24505.2
11-22-2025,ALPHA_SEC,CL146319,RELIANCE,S,280,1193.57,334199.6
2025-11-21,OMEGA_BROKING,CL671369,AXISBANK,S,241,2367.42,570548.22
22-Nov-25,ALPHA_SEC,CL458530,HDFC,B,334,343.71,114799.14
2025-11-21,ALPHA_SEC,CL971196,TATAMOTORS,S,124,2752.16,341267.84
25-Nov-25,BETA_INVEST,CL790417,HDFC,B,34,1811.2,61580.8
2025-11-23,ALPHA_SEC,CL270823,AXISBANK,B,164,2284.07,374587.48
26/11/2025,ALPHA_SEC,CL911710,INFY,B,235,2475.1,581648.5
2025-11-22,ALPHA_SEC,CL327947,LT,S,108,1009.48,109023.84
23/11/2025,DELTA_TRADES,CL912111,HDFC,B,242,1686.69,408178.98
2025-11-21,BETA_INVEST,CL229702,HDFC,B,303,1860.81,563825.43
21/11/2025,DELTA_TRADES,CL194892,HDFC,B,117,1162.32,135991.44
20-Nov-25,ALPHA_SEC,CL360407,LT,S,324,360.03,116649.72
22/11/2025,DELTA_TRADES,CL182251,AXISBANK,B,315,1493.87,470569.05
24-Nov-25,DELTA_TRADES,CL827987,INFY,B,307,2278.74,699573.18
22-Nov-25,BETA_INVEST,CL985618,SBIN,S,251,810.82,203515.82
2025-11-23,OMEGA_BROKING,CL308804,KOTAKBANK,B,207,1565.03,323961.21
11-22-2025,DELTA_TRADES,CL229981,ITC,S,353,1646.87,581345.11
20-Nov-25,ALPHA_SEC,CL750593,SBIN,S,302,263.16,79474.32
20/11/2025,OMEGA_BROKING,CL512160,KOTAKBANK,S,217,620.51,134650.67
11-21-2025,OMEGA_BROKING,CL431941,ICICIBANK,B,134,1753.8,235009.2
25/11/2025,BETA_INVEST,CL032540,KOTAKBANK,B,253,2791.38,706219.14
25/11/2025,BETA_INVEST,CL058292,INFY,S,7,2461.17,17228.19
21/11/2025,OMEGA_BROKING,CL851638,AXISBANK,B,305,839.03,255904.15
2025-11-25,BETA_INVEST,CL401794,LT,B,287,1426.67,409454.29
22/11/2025,OMEGA_BROKING,CL925842,SBIN,S,150,209.57,31435.5
25-Nov-25,DELTA_TRADES,CL264230,HDFC,S,294,378.96,111414.24
2025-11-25,OMEGA_BROKING,CL101392,KOTAKBANK,S,216,2568.64,554826.24
11-23-2025,DELTA_TRADES,CL708888,SBIN,B,195,2410.59,470065.05
20-Nov-25,BETA_INVEST,CL614311,TATAMOTORS,S,331,2414.41,799169.71
2025-11-22,BETA_INVEST,CL021154,INFY,S,28,1228.29,34392.12
11-22-2025,DELTA_TRADES,CL744864,HDFC,S,280,754.08,211142.4
11-22-2025,BETA_INVEST,CL902002,TATAMOTORS,B,318,751.47,238967.46
25-Nov-25,DELTA_TRADES,CL027321,ICICIBANK,S,133,1857.55,247054.15
20-Nov-25,DELTA_TRADES,CL210896,SBIN,S,24,529.73,12713.52
21-Nov-25,DELTA_TRADES,CL044101,KOTAKBANK,B,243,1812.84,440520.12
11-26-2025,OMEGA_BROKING,CL125202,INFY,S,196,1211.83,237518.68
22-Nov-25,ALPHA_SEC,CL180139,TATAMOTORS,S,230,1685.58,387683.4
25/11/2025,DELTA_TRADES,CL076602,LT,S,7,2609.2,18264.4
22-Nov-25,BETA_INVEST,CL276093,ICICIBANK,B,165,831.11,137133.15
25/11/2025,DELTA_TRADES,CL661305,ITC,S,265,1425.31,377707.15
2025-11-22,DELTA_TRADES,CL565885,HDFC,S,273,609.67,166439.91
11-25-2025,OMEGA_BROKING,CL485163,RELIANCE,B,131,2174.69,284884.39
11-25-2025,ALPHA_SEC,CL512600,ITC,B,26,2202.76,57271.76
2025-11-26,BETA_INVEST,CL889102,AXISBANK,B,97,2123.24,205954.28
2025-11-26,DELTA_TRADES,CL628813,SBIN,B,128,2380.61,304718.08
2025-11-22,ALPHA_SEC,CL295305,AXISBANK,B,268,1391.86,373018.48
11-22-2025,OMEGA_BROKING,CL147718,KOTAKBANK,S,247,1014.75,
20/11/2025,OMEGA_BROKING,CL109632,INFY,B,341,2279.65,777360.65
26-Nov-25,BETA_INVEST,CL508593,LT,S,132,865.03,114183.96
22-Nov-25,BETA_INVEST,CL219120,ICICIBANK,S,303,571.23,173082.69
29-Nov-25,OMEGA_BROKING,CL251167,ITC,S,259,605.48,156819.32
2025-11-21,OMEGA_BROKING,CL430103,INFY,B,292,2580.91,753625.72
21/11/2025,OMEGA_BROKING,CL821744,RELIANCE,B,198,2197.56,435116.88
22-Nov-25,ALPHA_SEC,CL320445,HDFC,B,192,2074.63,398328.96
2025-11-23,OMEGA_BROKING,CL499801,LT,S,354,1736.57,614745.78
29-Nov-25,OMEGA_BROKING,CL157359,KOTAKBANK,S,186,2399.44,446295.84
11-25-2025,ALPHA_SEC,CL266774,RELIANCE,S,72,2654.95,191156.4
22-Nov-25,ALPHA_SEC,CL495487,KOTAKBANK,B,28,747.04,20917.12
24-Nov-25,DELTA_TRADES,CL801788,INFY,S,357,2685.95,958884.15
2025-11-23,BETA_INVEST,CL979016,TATAMOTORS,S,159,2692.52,428110.68
23/11/2025,DELTA_TRADES,CL894611,INFY,B,227,1209.81,274626.87
11-23-2025,OMEGA_BROKING,CL929230,ITC,S,219,1829.53,
11-23-2025,ALPHA_SEC,CL869153,LT,S,299,2656.25,794218.75
11-24-2025,ALPHA_SEC,CL972614,INFY,B,387,2603.89,1007705.43
23/11/2025,BETA_INVEST,CL856930,ICICIBANK,B,46,1023.31,47072.26
2025-11-21,DELTA_TRADES,CL787135,ICICIBANK,S,58,1721.56,99850.48
2025-11-23,BETA_INVEST,CL664280,RELIANCE,S,391,202.76,79279.16
11-21-2025,ALPHA_SEC,CL006088,RELIANCE,S,43,1589.14,68333.02
2025-11-25,OMEGA_BROKING,CL214311,INFY,B,324,2476.8,802483.2
2025-11-22,BETA_INVEST,CL301915,RELIANCE,S,8,1639.9,13119.2
2025-11-21,ALPHA_SEC,CL139979,ICICIBANK,B,123,2719.6,334510.8
23-Nov-25,DELTA_TRADES,CL008407,LT,B,357,1679.62,599624.34
20/11/2025,ALPHA_SEC,CL665463,ICICIBANK,B,361,2602.43,939477.23
2025-11-29,OMEGA_BROKING,CL781629,INFY,B,191,1561.06,298162.46
26/11/2025,OMEGA_BROKING,CL661862,ICICIBANK,S,320,176.65,56528.0
25-Nov-25,OMEGA_BROKING,CL011188,LT,B,254,1985.79,504390.66
29-Nov-25,ALPHA_SEC,CL804377,LT,S,104,355.2,36940.8
2025-11-20,BETA_INVEST,CL659634,RELIANCE,B,328,218.43,71645.04
2025-11-23,OMEGA_BROKING,CL963625,ICICIBANK,B,116,1243.55,144251.8
11-24-2025,OMEGA_BROKING,CL971238,HDFC,B,226,1318.38,297953.88
11-22-2025,OMEGA_BROKING,CL317112,AXISBANK,S,392,1603.89,628724.88
26/11/2025,OMEGA_BROKING,CL875653,AXISBANK,S,113,2125.24,240152.12
20/11/2025,ALPHA_SEC,CL833105,TATAMOTORS,B,332,1014.89,336943.48
11-24-2025,OMEGA_BROKING,CL300817,SBIN,S,290,411.14,119230.6
25-Nov-25,BETA_INVEST,CL484956,AXISBANK,B,136,2137.81,290742.16
11-23-2025,ALPHA_SEC,CL046457,KOTAKBANK,B,347,1674.62,581093.14
2025-11-21,OMEGA_BROKING,CL376558,ITC,S,234,618.18,144654.12
11-23-2025,OMEGA_BROKING,CL548382,HDFC,B,252,2181.05,549624.6
2025-11-26,BETA_INVEST,CL261466,SBIN,S,235,1051.95,247208.25
2025-11-24,DELTA_TRADES,CL755820,TATAMOTORS,B,35,2211.97,77418.95
20-Nov-25,ALPHA_SEC,CL197615,SBIN,S,387,621.79,240632.73
11-22-2025,OMEGA_BROKING,CL426582,TATAMOTORS,B,148,2794.47,413581.56
11-22-2025,BETA_INVEST,CL973802,AXISBANK,B,57,1368.26,77990.82
2025-11-25,ALPHA_SEC,CL563341,HDFC,B,360,977.42,351871.2
11-25-2025,ALPHA_SEC,CL682645,SBIN,S,188,483.25,90851.0
21/11/2025,BETA_INVEST,CL993593,SBIN,B,107,2756.48,294943.36
22-Nov-25,DELTA_TRADES,CL714019,ICICIBANK,B,241,1444.57,348141.37
11-22-2025,OMEGA_BROKING,CL548214,HDFC,B,2,279.35,558.7
24/11/2025,BETA_INVEST,CL720942,HDFC,B,155,1911.84,296335.2
11-22-2025,DELTA_TRADES,CL934937,HDFC,S,20,2716.25,54325.0
20/11/2025,OMEGA_BROKING,CL254020,LT,S,240,2245.3,538872.0
22/11/2025,BETA_INVEST,CL787256,LT,B,158,911.28,143982.24
2025-11-23,OMEGA_BROKING,CL220480,TATAMOTORS,B,327,903.71,295513.17
2025-11-26,BETA_INVEST,CL965243,ICICIBANK,B,259,937.27,242752.93
21-Nov-25,ALPHA_SEC,CL702804,INFY,S,74,1872.32,138551.68
2025-11-26,BETA_INVEST,CL019265,TATAMOTORS,B,349,2492.3,869812.7
11-23-2025,ALPHA_SEC,CL896075,AXISBANK,S,194,1280.57,248430.58
23/11/2025,BETA_INVEST,CL862295,INFY,B,130,1417.92,184329.6
25-Nov-25,OMEGA_BROKING,CL377023,ICICIBANK,S,291,307.41,89456.31
23-Nov-25,OMEGA_BROKING,CL979436,HDFC,S,287,342.28,98234.36
2025-11-22,DELTA_TRADES,CL128511,AXISBANK,B,329,2478.12,815301.48
2025-11-20,DELTA_TRADES,CL367547,ICICIBANK,B,307,1821.28,559132.96
2025-11-21,BETA_INVEST,CL065753,AXISBANK,S,233,1804.14,420364.62
22-Nov-25,DELTA_TRADES,CL163232,TATAMOTORS,B,256,101.1,25881.6
11-25-2025,BETA_INVEST,CL077868,RELIANCE,S,178,1867.28,332375.84
25/11/2025,DELTA_TRADES,CL500165,ITC,B,366,1621.02,593293.32
26/11/2025,ALPHA_SEC,CL353914,TATAMOTORS,S,308,2583.3,795656.4
26-Nov-25,OMEGA_BROKING,CL943049,LT,B,375,1025.93,384723.75
2025-11-20,BETA_INVEST,CL321972,LT,B,27,1482.09,40016.43
23-Nov-25,DELTA_TRADES,CL924885,SBIN,B,102,865.84,88315.68
22-Nov-25,OMEGA_BROKING,CL093999,TATAMOTORS,S,73,881.3,64334.9
22/11/2025,DELTA_TRADES,CL542811,HDFC,S,57,1897.25,108143.25
22/11/2025,ALPHA_SEC,CL660007,KOTAKBANK,B,61,717.41,43762.01
24-Nov-25,OMEGA_BROKING,CL668144,TATAMOTORS,B,369,101.81,37567.89
20-Nov-25,BETA_INVEST,CL608287,ICICIBANK,B,368,2271.49,835908.32
20/11/2025,DELTA_TRADES,CL413978,AXISBANK,B,70,2663.07,186414.9
26-Nov-25,BETA_INVEST,CL697340,TATAMOTORS,S,312,761.26,237513.12
23-Nov-25,ALPHA_SEC,CL169926,HDFC,B,151,585.35,88387.85
22/11/2025,OMEGA_BROKING,CL222750,ICICIBANK,S,31,573.04,17764.24
22/11/2025,BETA_INVEST,CL951943,KOTAKBANK,S,114,1862.38,212311.32
11-25-2025,ALPHA_SEC,CL678597,TATAMOTORS,S,121,2355.73,285043.33
2025-11-26,OMEGA_BROKING,CL649928,AXISBANK,S,375,1648.09,618033.75
20/11/2025,BETA_INVEST,CL177979,RELIANCE,S,353,2559.25,903415.25
11-26-2025,OMEGA_BROKING,CL120455,ITC,S,280,474.27,132795.6
11-20-2025,ALPHA_SEC,CL047691,TATAMOTORS,S,194,1597.72,309957.68
25-Nov-25,DELTA_TRADES,CL846683,KOTAKBANK,S,169,1141.43,192901.67
21/11/2025,DELTA_TRADES,CL200146,SBIN,B,168,1128.72,189624.96
2025-11-25,DELTA_TRADES,CL102163,KOTAKBANK,B,46,1596.53,73440.38
2025-11-23,DELTA_TRADES,CL307188,RELIANCE,S,372,1530.02,569167.44
2025-11-24,OMEGA_BROKING,CL284014,SBIN,B,95,1908.62,181318.9
11-25-2025,DELTA_TRADES,CL864511,LT,S,154,2701.02,415957.08
22-Nov-25,ALPHA_SEC,CL802351,RELIANCE,S,333,2307.28,768324.24
24/11/2025,ALPHA_SEC,CL109170,HDFC,S,345,2119.7,731296.5
2025-11-22,DELTA_TRADES,CL780442,INFY,B,199,1675.53,333430.47
2025-11-21,BETA_INVEST,CL999118,TATAMOTORS,S,68,1485.11,100987.48
11-26-2025,ALPHA_SEC,CL655002,LT,S,123,685.47,84312.81
2025-11-21,DELTA_TRADES,CL654285,INFY,B,91,2320.79,211191.89
24/11/2025,ALPHA_SEC,CL746388,LT,B,395,864.08,341311.6
11-21-2025,OMEGA_BROKING,CL910572,ITC,S,289,938.75,271298.75
23-Nov-25,ALPHA_SEC,CL157822,INFY,B,162,668.74,88953.69
23/11/2025,OMEGA_BROKING,CL069182,HDFC,B,211,2227.57,470017.27
2025-11-20,ALPHA_SEC,CL415979,SBIN,B,95,912.17,86656.15
2025-11-23,ALPHA_SEC,CL583378,ICICIBANK,S,188,2157.91,405687.08
25-Nov-25,DELTA_TRADES,CL335265,RELIANCE,B,92,853.64,78534.88
11-24-2025,BETA_INVEST,CL342466,HDFC,S,299,1031.55,308433.45
11-20-2025,ALPHA_SEC,CL244533,HDFC,B,246,468.36,115216.56
20-Nov-25,ALPHA_SEC,CL363978,ICICIBANK,B,360,1615.17,581461.2
2025-11-29,ALPHA_SEC,CL197284,TATAMOTORS,S,100,2192.98,219298.0
24-Nov-25,BETA_INVEST,CL590638,SBIN,S,220,1302.6,286572.0
29-Nov-25,OMEGA_BROKING,CL102322,LT,S,354,2206.68,781164.72
2025-11-29,DELTA_TRADES,CL841598,KOTAKBANK,S,78,2177.08,169812.24
20-Nov-25,OMEGA_BROKING,CL125548,AXISBANK,B,185,1136.54,210259.9
20/11/2025,BETA_INVEST,CL222789,TATAMOTORS,S,236,2250.59,531139.24
2025-11-24,BETA_INVEST,CL980769,HDFC,S,142,1544.6,219333.2
24/11/2025,DELTA_TRADES,CL142637,ITC,B,329,2705.61,890145.69
21-Nov-25,OMEGA_BROKING,CL630194,INFY,S,241,726.73,175141.93
26/11/2025,ALPHA_SEC,CL423175,SBIN,S,42,1718.45,72174.9
11-22-2025,OMEGA_BROKING,CL187743,TATAMOTORS,S,228,1964.33,447867.24
25-Nov-25,OMEGA_BROKING,CL252920,TATAMOTORS,B,301,287.71,86600.71
11-29-2025,DELTA_TRADES,CL681737,AXISBANK,B,374,363.93,136109.82
2025-11-24,ALPHA_SEC,CL437732,SBIN,B,364,1707.71,621606.44
20/11/2025,OMEGA_BROKING,CL508421,HDFC,S,123,2780.01,341941.23
11-29-2025,DELTA_TRADES,CL434684,AXISBANK,B,177,116.33,20590.41
11-24-2025,ALPHA_SEC,CL634789,KOTAKBANK,S,160,825.74,132118.4
11-25-2025,DELTA_TRADES,CL398600,ICICIBANK,B,388,2523.87,979261.56
21-Nov-25,OMEGA_BROKING,CL832163,LT,S,192,2149.25,412656.0
11-24-2025,OMEGA_BROKING,CL507541,RELIANCE,B,113,1662.53,187865.89
11-21-2025,DELTA_TRADES,CL114139,LT,S,383,1616.37,619069.71
11-21-2025,DELTA_TRADES,CL217190,HDFC,S,108,1249.04,134896.32
2025-11-25,ALPHA_SEC,CL833879,TATAMOTORS,S,59,106.16,6263.44
26/11/2025,OMEGA_BROKING,CL900934,TATAMOTORS,B,233,2230.96,519813.68
2025-11-22,DELTA_TRADES,CL992661,AXISBANK,S,260,2058.63,535243.8
23-Nov-25,DELTA_TRADES,CL360490,KOTAKBANK,B,308,1176.67,362414.36
2025-11-20,BETA_INVEST,CL328743,INFY,B,32,225.65,7220.8
11-24-2025,ALPHA_SEC,CL122504,KOTAKBANK,S,283,421.93,119406.19
26-Nov-25,ALPHA_SEC,CL225146,RELIANCE,B,320,1622.02,519046.4
22-Nov-25,OMEGA_BROKING,CL339406,TATAMOTORS,S,156,2637.14,411393.84
25-Nov-25,DELTA_TRADES,CL160246,RELIANCE,S,16,2005.2,32083.2
22-Nov-25,ALPHA_SEC,CL118731,KOTAKBANK,B,336,1723.93,579240.48
2025-11-24,DELTA_TRADES,CL721393,TATAMOTORS,B,114,318.16,36270.24
11-23-2025,BETA_INVEST,CL701053,AXISBANK,S,395,841.66,332455.7
21-Nov-25,DELTA_TRADES,CL632004,ITC,S,39,1697.79,66213.81
11-26-2025,OMEGA_BROKING,CL288010,AXISBANK,S,123,2739.01,336898.23
23/11/2025,BETA_INVEST,CL901234,SBIN,S,41,2048.88,84004.08
20/11/2025,DELTA_TRADES,CL403575,ITC,S,113,2673.59,302115.67
24/11/2025,ALPHA_SEC,CL720660,ICICIBANK,B,219,970.62,212565.78
2025-11-29,OMEGA_BROKING,CL311992,HDFC,S,187,1981.35,370512.45
23-Nov-25,BETA_INVEST,CL483348,LT,B,13,1503.99,19551.87
22/11/2025,OMEGA_BROKING,CL508786,RELIANCE,B,240,304.38,73051.2
11-26-2025,DELTA_TRADES,CL428398,HDFC,B,44,1580.93,69560.92
21/11/2025,ALPHA_SEC,CL367270,ICICIBANK,B,77,2370.04,182493.08
20/11/2025,DELTA_TRADES,CL408326,KOTAKBANK,S,184,959.18,176489.12
29-Nov-25,BETA_INVEST,CL551675,SBIN,B,394,1323.93,521628.42
29-Nov-25,DELTA_TRADES,CL756899,KOTAKBANK,S,366,2007.88,734884.08
21/11/2025,ALPHA_SEC,CL091870,KOTAKBANK,S,71,1904.99,135254.29
23/11/2025,ALPHA_SEC,CL045357,HDFC,S,118,2252.9,265842.2
26-Nov-25,DELTA_TRADES,CL413205,ICICIBANK,B,389,784.14,305030.46
2025-11-23,OMEGA_BROKING,CL451053,TATAMOTORS,S,348,2677.19,931662.12
2025-11-21,OMEGA_BROKING,CL394645,TATAMOTORS,B,90,758.04,68223.6
11-25-2025,ALPHA_SEC,CL236734,KOTAKBANK,S,51,917.44,46789.44
23-Nov-25,DELTA_TRADES,CL799509,ICICIBANK,S,173,766.95,132682.35
22-Nov-25,OMEGA_BROKING,CL500795,ICICIBANK,S,229,809.09,185281.61
11-24-2025,ALPHA_SEC,CL045465,HDFC,B,213,1135.47,241855.11
11-22-2025,DELTA_TRADES,CL989942,ITC,B,176,1382.86,243383.36
2025-11-26,BETA_INVEST,CL317425,HDFC,S,178,1049.56,186821.68
23/11/2025,OMEGA_BROKING,CL442855,KOTAKBANK,S,45,1207.39,54332.55
23-Nov-25,OMEGA_BROKING,CL254165,HDFC,B,189,2064.69,390226.41
24-Nov-25,ALPHA_SEC,CL269745,ICICIBANK,S,254,1109.96,281929.84
2025-11-24,OMEGA_BROKING,CL081766,INFY,B,295,2532.52,747093.4
11-22-2025,DELTA_TRADES,CL344530,SBIN,S,181,656.75,118871.75
22/11/2025,BETA_INVEST,CL375823,AXISBANK,B,248,508.03,125991.44
11-20-2025,BETA_INVEST,CL818238,AXISBANK,S,285,1856.11,528991.35
2025-11-23,DELTA_TRADES,CL868561,SBIN,B,222,1081.8,240159.6
2025-11-26,ALPHA_SEC,CL999215,TATAMOTORS,B,6,1014.63,6087.78
2025-11-22,ALPHA_SEC,CL986884,TATAMOTORS,B,364,403.16,146750.24
26-Nov-25,ALPHA_SEC,CL422655,RELIANCE,B,348,2433.99,847028.52
21/11/2025,ALPHA_SEC,CL855918,HDFC,S,244,2123.43,518116.92
2025-11-25,ALPHA_SEC,CL123815,HDFC,B,74,1730.76,128076.24
21/11/2025,BETA_INVEST,CL199697,ICICIBANK,B,65,2460.34,159922.1
24/11/2025,ALPHA_SEC,CL762693,AXISBANK,B,392,1666.09,653107.28
20-Nov-25,OMEGA_BROKING,CL514151,RELIANCE,S,107,1735.76,185726.32
11-25-2025,OMEGA_BROKING,CL015088,TATAMOTORS,B,200,2324.32,464864.0
11-26-2025,OMEGA_BROKING,CL817228,HDFC,B,237,2290.55,542860.35
22/11/2025,BETA_INVEST,CL895389,SBIN,S,112,477.78,45791.56
22/11/2025,OMEGA_BROKING,CL405273,HDFC,S,179,671.81,120253.99
26-Nov-25,BETA_INVEST,CL289309,ICICIBANK,S,37,2605.44,96401.28
2025-11-26,DELTA_TRADES,CL098548,RELIANCE,B,79,495.97,39181.63
11-20-2025,DELTA_TRADES,CL715116,ICICIBANK,S,241,1287.54,310297.14
25/11/2025,ALPHA_SEC,CL084720,SBIN,S,384,548.39,210581.76
11-25-2025,OMEGA_BROKING,CL060970,HDFC,B,10,353.85,3538.5
11-20-2025,ALPHA_SEC,CL820308,ICICIBANK,S,111,1469.38,163101.18
26/11/2025,DELTA_TRADES,CL312570,SBIN,B,310,938.21,290845.1
11-22-2025,OMEGA_BROKING,CL183334,KOTAKBANK,S,124,241.42,29936.08
11-22-2025,ALPHA_SEC,CL691266,ITC,B,248,301.67,74814.16
11-24-2025,ALPHA_SEC,CL235709,TATAMOTORS,S,333,1560.0,519480.0
22-Nov-25,DELTA_TRADES,CL293454,RELIANCE,S,163,258.69,42166.47
11-24-2025,DELTA_TRADES,CL503714,AXISBANK,B,293,1671.77,
24/11/2025,ALPHA_SEC,CL140293,LT,S,44,2033.76,89485.44
11-25-2025,ALPHA_SEC,CL258095,KOTAKBANK,B,117,2287.63,306133.79
2025-11-25,ALPHA_SEC,CL754991,ITC,B,19,2025.71,38488.49
20/11/2025,DELTA_TRADES,CL280400,RELIANCE,B,227,2188.18,496716.86
21-Nov-25,OMEGA_BROKING,CL975136,INFY,S,316,1685.16,532510.56
11-20-2025,OMEGA_BROKING,CL394892,TATAMOTORS,S,9,696.34,6267.06
23-Nov-25,ALPHA_SEC,CL927928,SBIN,B,367,280.93,103101.31
11-23-2025,DELTA_TRADES,CL828718,INFY,S,120,784.1,94092.0
2025-11-24,ALPHA_SEC,CL888116,TATAMOTORS,S,15,1645.91,24688.65
11-21-2025,OMEGA_BROKING,CL907234,INFY,S,308,1558.34,479968.72
2025-11-23,DELTA_TRADES,CL191037,TATAMOTORS,B,90,1305.16,117464.4
26/11/2025,ALPHA_SEC,CL647380,AXISBANK,B,206,603.82,124386.92
20/11/2025,OMEGA_BROKING,CL550075,TATAMOTORS,S,196,2040.4,399918.4
26/11/2025,ALPHA_SEC,CL767376,ICICIBANK,B,33,2695.89,88964.37
22/11/2025,BETA_INVEST,CL186911,ICICIBANK,B,193,1264.91,244127.63
25/11/2025,ALPHA_SEC,CL081702,TATAMOTORS,S,300,789.58,236874.0
20/11/2025,BETA_INVEST,CL116404,SBIN,S,23,1564.56,35984.88
24-Nov-25,ALPHA_SEC,CL078996,RELIANCE,S,271,2632.69,713458.99
26-Nov-25,OMEGA_BROKING,CL877822,TATAMOTORS,B,28,695.91,19485.48
21/11/2025,BETA_INVEST,CL463653,LT,S,315,631.75,199001.25
2025-11-26,BETA_INVEST,CL105198,TATAMOTORS,B,141,1277.95,180190.95
22-Nov-25,OMEGA_BROKING,CL942009,LT,S,287,2318.21,665326.27
11-26-2025,OMEGA_BROKING,CL881533,LT,B,208,1190.57,247638.56
29-Nov-25,OMEGA_BROKING,CL118544,LT,S,344,515.04,177173.76
2025-11-22,ALPHA_SEC,CL525600,SBIN,B,360,304.39,109580.4
26/11/2025,ALPHA_SEC,CL236392,INFY,B,269,1636.5,440218.5
20/11/2025,BETA_INVEST,CL117825,RELIANCE,S,111,1999.92,221991.12
2025-11-23,OMEGA_BROKING,CL955073,KOTAKBANK,S,310,1044.47,323785.7
11-26-2025,DELTA_TRADES,CL246413,RELIANCE,B,399,394.63,157457.37
22-Nov-25,DELTA_TRADES,CL468159,RELIANCE,B,379,1470.87,557459.73
25-Nov-25,BETA_INVEST,CL391537,ICICIBANK,B,354,298.39,105630.06
2025-11-24,DELTA_TRADES,CL507663,TATAMOTORS,B,264,1693.84,447173.76
2025-11-23,BETA_INVEST,CL512763,ICICIBANK,B,275,2378.38,654054.5
2025-11-25,BETA_INVEST,CL655743,AXISBANK,B,370,2667.79,1332833.26
2025-11-22,DELTA_TRADES,CL583445,KOTAKBANK,B,150,638.19,95728.5
11-20-2025,OMEGA_BROKING,CL975514,AXISBANK,S,216,801.85,173199.6
11-24-2025,DELTA_TRADES,CL176958,LT,B,395,1145.69,452547.55
21-Nov-25,ALPHA_SEC,CL099407,TATAMOTORS,B,285,2100.0,598500.0
22/11/2025,DELTA_TRADES,CL845092,HDFC,S,241,1700.09,409721.69
25/11/2025,DELTA_TRADES,CL815065,TATAMOTORS,S,217,1417.62,307623.54
26/11/2025,ALPHA_SEC,CL209112,RELIANCE,S,9,880.86,7927.74
2025-11-26,ALPHA_SEC,CL378333,TATAMOTORS,B,109,1387.63,151251.67
20/11/2025,BETA_INVEST,CL378428,LT,B,301,1495.73,450214.73
2025-11-20,DELTA_TRADES,CL097916,SBIN,B,257,1633.82,419891.74
2025-11-21,BETA_INVEST,CL043973,ITC,S,35,250.65,8772.75
24/11/2025,DELTA_TRADES,CL358266,HDFC,B,244,2587.0,631228.0
11-21-2025,OMEGA_BROKING,CL199726,KOTAKBANK,B,277,2132.77,590777.29
11-20-2025,ALPHA_SEC,CL761300,SBIN,B,139,2742.84,381254.76
11-21-2025,ALPHA_SEC,CL030372,TATAMOTORS,B,245,1096.66,268681.7
2025-11-25,DELTA_TRADES,CL667428,TATAMOTORS,B,336,1155.19,388143.84
2025-11-29,DELTA_TRADES,CL504990,SBIN,S,228,2189.08,499110.24
20/11/2025,DELTA_TRADES,CL664601,ICICIBANK,B,266,1184.65,315116.9
25-Nov-25,DELTA_TRADES,CL115106,AXISBANK,B,208,1154.18,240069.44
11-26-2025,OMEGA_BROKING,CL103394,ICICIBANK,B,336,1637.45,550183.2
22/11/2025,BETA_INVEST,CL161561,SBIN,S,350,147.86,51751.0
22-Nov-25,OMEGA_BROKING,CL781893,KOTAKBANK,B,373,516.26,192564.98
20-Nov-25,ALPHA_SEC,CL457584,ITC,S,27,1540.4,41590.8
2025-11-26,DELTA_TRADES,CL638765,ITC,B,135,1167.32,157588.2
11-23-2025,ALPHA_SEC,CL048054,SBIN,B,324,358.23,116066.52
25-Nov-25,DELTA_TRADES,CL941876,RELIANCE,B,111,1238.29,137450.19
23-Nov-25,OMEGA_BROKING,CL118689,HDFC,B,178,1536.4,273479.2
2025-11-24,DELTA_TRADES,CL166448,KOTAKBANK,B,202,2156.25,435562.5
11-26-2025,BETA_INVEST,CL930086,ICICIBANK,S,223,2765.39,616681.97
25/11/2025,ALPHA_SEC,CL706748,ITC,S,73,2737.67,199849.91
2025-11-25,ALPHA_SEC,CL303340,LT,B,166,580.62,96382.92
23/11/2025,OMEGA_BROKING,CL265503,KOTAKBANK,B,95,1239.47,117749.65
2025-11-23,DELTA_TRADES,CL020850,SBIN,S,152,394.15,59910.8
23/11/2025,OMEGA_BROKING,CL593958,AXISBANK,B,316,1083.7,342449.2
22-Nov-25,ALPHA_SEC,CL809848,RELIANCE,B,252,1360.36,342810.72
20-Nov-25,BETA_INVEST,CL657163,HDFC,S,261,925.32,
23-Nov-25,DELTA_TRADES,CL004572,ICICIBANK,S,269,238.86,64253.34
2025-11-24,ALPHA_SEC,CL313719,RELIANCE,S,80,521.84,41747.2
25-Nov-25,DELTA_TRADES,CL597840,ICICIBANK,B,318,511.51,162660.18
11-23-2025,OMEGA_BROKING,CL116914,LT,B,226,642.18,145132.68
22/11/2025,OMEGA_BROKING,CL872065,HDFC,B,293,134.68,39461.24
23-Nov-25,OMEGA_BROKING,CL763108,HDFC,B,51,1064.22,54275.22
11-20-2025,OMEGA_BROKING,CL508037,RELIANCE,B,116,1681.37,195038.92
22/11/2025,OMEGA_BROKING,CL473316,TATAMOTORS,S,144,697.88,100494.72
21/11/2025,DELTA_TRADES,CL728660,TATAMOTORS,B,372,2393.39,890341.08
25/11/2025,OMEGA_BROKING,CL942484,LT,S,58,1272.33,73795.14
2025-11-20,DELTA_TRADES,CL655916,INFY,B,83,1902.94,157944.02
11-21-2025,DELTA_TRADES,CL105333,ICICIBANK,S,324,2256.56,731125.44
22-Nov-25,DELTA_TRADES,CL455482,TATAMOTORS,B,68,618.43,42053.24
2025-11-20,BETA_INVEST,CL355959,AXISBANK,S,148,1175.36,
11-23-2025,DELTA_TRADES,CL027441,ITC,B,195,1612.97,314529.15
11-23-2025,DELTA_TRADES,CL478469,ITC,S,297,2724.68,809229.96
2025-11-22,BETA_INVEST,CL563378,INFY,S,373,2200.91,820939.43
11-26-2025,BETA_INVEST,CL723735,ITC,S,207,1771.24,366646.68
2025-11-21,ALPHA_SEC,CL989842,AXISBANK,B,292,2726.59,796164.28
23-Nov-25,ALPHA_SEC,CL098802,SBIN,S,77,2338.1,180033.7
11-23-2025,OMEGA_BROKING,CL970357,HDFC,B,351,673.92,236545.92
25-Nov-25,DELTA_TRADES,CL025172,AXISBANK,S,272,1020.97,277703.84
2025-11-24,BETA_INVEST,CL752651,ICICIBANK,S,207,904.75,187283.25
26/11/2025,OMEGA_BROKING,CL563601,AXISBANK,S,271,121.06,32807.26
26/11/2025,ALPHA_SEC,CL052106,HDFC,B,218,1263.76,275499.68
21/11/2025,ALPHA_SEC,CL350501,ICICIBANK,S,226,1750.91,395705.66
22/11/2025,OMEGA_BROKING,CL158923,HDFC,S,105,1214.53,127525.65
24/11/2025,ALPHA_SEC,CL731273,TATAMOTORS,S,19,1409.84,26786.96
2025-11-23,OMEGA_BROKING,CL266883,ITC,B,210,811.99,170517.9
29/11/2025,BETA_INVEST,CL331017,ICICIBANK,B,252,2684.56,676509.12
25-Nov-25,BETA_INVEST,CL795691,ITC,S,361,2216.4,800120.4
22-Nov-25,ALPHA_SEC,CL354946,KOTAKBANK,S,267,1553.77,414856.59
11-29-2025,OMEGA_BROKING,CL906366,ICICIBANK,B,61,1798.51,109709.11
20/11/2025,BETA_INVEST,CL320374,LT,S,290,522.16,151426.4
22-Nov-25,ALPHA_SEC,CL625317,SBIN,B,255,252.72,64443.6
11-20-2025,OMEGA_BROKING,CL079967,INFY,B,110,131.17,14428.7
22/11/2025,ALPHA_SEC,CL433489,AXISBANK,B,320,2481.97,794230.4
2025-11-24,OMEGA_BROKING,CL440119,ICICIBANK,B,5,2476.24,12381.2
2025-11-22,BETA_INVEST,CL048981,KOTAKBANK,S,83,111.43,9248.69
21-Nov-25,ALPHA_SEC,CL096182,HDFC,S,82,1287.51,105575.82
2025-11-21,DELTA_TRADES,CL008117,HDFC,B,397,1928.1,765455.7
26/11/2025,BETA_INVEST,CL300967,AXISBANK,B,340,852.01,289683.4
25-Nov-25,ALPHA_SEC,CL753197,HDFC,B,20,2094.41,41888.2
24-Nov-25,ALPHA_SEC,CL984824,KOTAKBANK,B,238,1309.96,311770.48
21/11/2025,DELTA_TRADES,CL910869,HDFC,B,176,2255.6,506317.22
2025-11-22,DELTA_TRADES,CL937837,SBIN,B,297,1108.31,329168.07
11-20-2025,ALPHA_SEC,CL934237,ITC,B,310,796.29,246849.9
11-25-2025,BETA_INVEST,CL185259,TATAMOTORS,S,258,2512.09,648119.22
11-26-2025,BETA_INVEST,CL935036,HDFC,S,373,639.81,238649.13
2025-11-22,OMEGA_BROKING,CL761462,SBIN,S,157,557.73,87563.61
20-Nov-25,DELTA_TRADES,CL685754,RELIANCE,S,355,107.15,38038.25
2025-11-22,OMEGA_BROKING,CL370804,TATAMOTORS,B,302,1716.18,518286.36
24-Nov-25,BETA_INVEST,CL409326,INFY,S,35,712.86,24950.1
25/11/2025,OMEGA_BROKING,CL799499,TATAMOTORS,B,227,236.87,53769.49
23-Nov-25,BETA_INVEST,CL286574,HDFC,B,386,637.12,245928.32
26/11/2025,ALPHA_SEC,CL840291,AXISBANK,B,339,160.43,54385.77
23/11/2025,DELTA_TRADES,CL888676,INFY,B,287,662.04,190005.48
2025-11-21,OMEGA_BROKING,CL653547,LT,S,1,798.77,798.77
26-Nov-25,BETA_INVEST,CL460918,TATAMOTORS,B,37,1915.69,70880.53
21/11/2025,DELTA_TRADES,CL167599,HDFC,S,305,959.81,292742.05
24/11/2025,ALPHA_SEC,CL340897,ICICIBANK,B,298,2403.38,716207.24
20/11/2025,BETA_INVEST,CL090411,RELIANCE,B,145,1239.85,179778.25
2025-11-23,BETA_INVEST,CL464849,LT,B,144,1599.87,230381.28
20/11/2025,BETA_INVEST,CL613034,KOTAKBANK,S,342,603.89,206530.38
22/11/2025,BETA_INVEST,CL599671,KOTAKBANK,B,383,115.8,44351.4
11-21-2025,OMEGA_BROKING,CL929485,INFY,S,35,2442.28,85479.8
22-Nov-25,BETA_INVEST,CL644326,RELIANCE,B,364,784.23,285459.72
11-24-2025,BETA_INVEST,CL043229,ICICIBANK,S,103,1925.88,198365.64
21-Nov-25,DELTA_TRADES,CL920241,KOTAKBANK,S,226,269.38,60879.88
2025-11-26,ALPHA_SEC,CL544450,ICICIBANK,B,378,2175.58,822369.24
11-23-2025,DELTA_TRADES,CL023234,TATAMOTORS,S,334,1555.97,519693.98
29-Nov-25,BETA_INVEST,CL948690,ICICIBANK,S,144,576.44,83007.36
11-29-2025,DELTA_TRADES,CL288496,ICICIBANK,B,313,296.88,92923.44
21/11/2025,BETA_INVEST,CL264433,ICICIBANK,S,61,2025.92,123581.12
2025-11-22,DELTA_TRADES,CL860734,SBIN,S,23,1103.55,25381.65
26/11/2025,ALPHA_SEC,CL464230,AXISBANK,B,109,2260.54,246398.86
2025-11-26,DELTA_TRADES,CL906102,LT,S,368,661.24,243336.32
29-Nov-25,ALPHA_SEC,CL242096,HDFC,B,339,2198.21,745193.19
11-21-2025,DELTA_TRADES,CL515672,LT,S,203,2295.09,465903.27
22-Nov-25,OMEGA_BROKING,CL265495,SBIN,B,130,2159.76,280768.8
11-26-2025,BETA_INVEST,CL457871,HDFC,B,16,1442.67,23082.72
2025-11-22,OMEGA_BROKING,CL062307,TATAMOTORS,B,377,1687.72,636270.44
2025-11-22,ALPHA_SEC,CL802838,SBIN,S,163,1769.58,288441.54
2025-11-22,DELTA_TRADES,CL974686,TATAMOTORS,B,56,1000.83,56046.48
11-29-2025,DELTA_TRADES,CL073052,RELIANCE,S,326,522.23,170246.98
2025-11-20,OMEGA_BROKING,CL345338,RELIANCE,S,180,714.38,128588.4
2025-11-24,ALPHA_SEC,CL104965,TATAMOTORS,B,186,1513.68,281544.48
25/11/2025,ALPHA_SEC,CL594010,TATAMOTORS,S,167,2658.12,443906.04
2025-11-22,BETA_INVEST,CL842366,ICICIBANK,B,258,2004.03,517039.74
2025-11-24,OMEGA_BROKING,CL582745,HDFC,S,333,172.61,57479.13
11-24-2025,DELTA_TRADES,CL661035,AXISBANK,B,288,2164.81,623465.28
25/11/2025,ALPHA_SEC,CL469915,HDFC,S,33,994.87,32830.71
22/11/2025,OMEGA_BROKING,CL746002,KOTAKBANK,S,334,1611.94,538387.96
23/11/2025,DELTA_TRADES,CL137396,RELIANCE,S,186,912.04,169639.44
21-Nov-25,ALPHA_SEC,CL072148,AXISBANK,B,98,2336.97,229023.06
11-22-2025,ALPHA_SEC,CL848793,ITC,B,194,2462.85,477792.9
20-Nov-25,DELTA_TRADES,CL949182,INFY,B,193,224.26,43282.18
11-21-2025,DELTA_TRADES,CL500947,ICICIBANK,S,193,1067.27,205983.11
22/11/2025,BETA_INVEST,CL416181,KOTAKBANK,S,32,891.28,28520.96
2025-11-24,OMEGA_BROKING,CL741455,AXISBANK,S,356,2225.72,792356.32
11-22-2025,OMEGA_BROKING,CL410374,INFY,B,110,2313.18,254449.8
11-29-2025,BETA_INVEST,CL793370,HDFC,S,340,1317.82,448058.8
11-22-2025,DELTA_TRADES,CL055265,HDFC,B,106,628.65,66636.9
25-Nov-25,OMEGA_BROKING,CL546735,KOTAKBANK,B,382,1621.63,619462.66
23-Nov-25,OMEGA_BROKING,CL551024,ITC,B,346,2093.32,724288.72
11-21-2025,BETA_INVEST,CL331237,INFY,S,24,2119.81,50875.44
2025-11-24,ALPHA_SEC,CL862176,ITC,B,266,2717.21,722777.86
2025-11-21,DELTA_TRADES,CL779810,SBIN,B,134,1000.96,134128.64
11-24-2025,DELTA_TRADES,CL198248,ITC,B,170,460.54,73233.89
2025-11-22,DELTA_TRADES,CL596055,ITC,B,25,1248.8,31220.0
11-23-2025,BETA_INVEST,CL973936,INFY,B,93,546.28,50804.04
23/11/2025,OMEGA_BROKING,CL759006,ITC,B,350,1377.41,482093.5
21/11/2025,DELTA_TRADES,CL823469,HDFC,S,307,1646.37,505435.59
11-26-2025,ALPHA_SEC,CL331358,ICICIBANK,B,364,2578.68,633605.59
29/11/2025,BETA_INVEST,CL933718,LT,S,393,2423.96,952616.28
21-Nov-25,OMEGA_BROKING,CL213206,LT,S,7,509.93,
23/11/2025,BETA_INVEST,CL190811,TATAMOTORS,B,70,1135.03,79452.1
21-Nov-25,ALPHA_SEC,CL347997,KOTAKBANK,B,365,929.38,339223.7
22-Nov-25,DELTA_TRADES,CL578951,INFY,B,25,726.94,18173.5
23/11/2025,OMEGA_BROKING,CL717453,TATAMOTORS,S,366,2205.17,807092.22
2025-11-26,OMEGA_BROKING,CL274971,RELIANCE,B,212,1932.46,409681.52
11-22-2025,ALPHA_SEC,CL609151,KOTAKBANK,S,373,1734.83,647091.59
23-Nov-25,ALPHA_SEC,CL985466,TATAMOTORS,S,395,879.1,347244.5
11-24-2025,DELTA_TRADES,CL196962,ITC,B,361,224.69,81113.09
25-Nov-25,BETA_INVEST,CL224958,INFY,B,55,222.87,12257.85
20/11/2025,OMEGA_BROKING,CL538438,LT,B,236,1905.84,449778.24
23-Nov-25,ALPHA_SEC,CL227213,TATAMOTORS,S,63,905.54,57049.02
22/11/2025,ALPHA_SEC,CL905136,RELIANCE,B,63,624.36,39334.68
26-Nov-25,OMEGA_BROKING,CL203329,KOTAKBANK,B,282,432.27,121900.14
11-25-2025,BETA_INVEST,CL989597,LT,B,137,925.67,126816.79
2025-11-22,DELTA_TRADES,CL897356,RELIANCE,B,129,1230.25,158702.25
11-20-2025,BETA_INVEST,CL496601,KOTAKBANK,S,116,1554.72,180347.52
24/11/2025,ALPHA_SEC,CL158705,HDFC,B,6,844.43,5066.58
2025-11-20,DELTA_TRADES,CL409442,ICICIBANK,B,150,1053.22,157983.0
22-Nov-25,DELTA_TRADES,CL475728,LT,B,358,891.86,319285.88
24-Nov-25,DELTA_TRADES,CL143268,AXISBANK,B,344,2193.64,754612.16
11-29-2025,BETA_INVEST,CL214801,KOTAKBANK,S,152,147.75,22458.0
11-22-2025,ALPHA_SEC,CL046704,AXISBANK,S,137,2467.84,338094.08
26/11/2025,ALPHA_SEC,CL915393,ICICIBANK,S,264,463.57,122382.48
21-Nov-25,ALPHA_SEC,CL200947,INFY,S,352,336.64,118497.28
23-Nov-25,DELTA_TRADES,CL558315,AXISBANK,B,216,611.88,132166.08
25/11/2025,DELTA_TRADES,CL579236,KOTAKBANK,B,225,1554.22,349699.5
11-21-2025,BETA_INVEST,CL387328,KOTAKBANK,B,259,2156.63,558567.17
20/11/2025,ALPHA_SEC,CL990666,LT,S,262,1265.47,331553.14
2025-11-25,DELTA_TRADES,CL620944,KOTAKBANK,B,2,2360.27,4720.54
11-20-2025,ALPHA_SEC,CL764930,SBIN,B,339,1136.89,385405.71
2025-11-21,BETA_INVEST,CL598377,HDFC,B,111,1134.88,125971.68
2025-11-23,DELTA_TRADES,CL664429,KOTAKBANK,S,161,1904.55,306632.55
11-24-2025,ALPHA_SEC,CL958608,TATAMOTORS,S,311,1831.24,569515.64
11-23-2025,DELTA_TRADES,CL556168,AXISBANK,B,258,760.61,196237.38
25/11/2025,BETA_INVEST,CL006123,ITC,B,117,1467.36,171681.12
11-20-2025,DELTA_TRADES,CL826694,HDFC,B,1,1819.71,1819.71
11-26-2025,BETA_INVEST,CL657208,KOTAKBANK,S,310,1883.18,583785.8
2025-11-25,OMEGA_BROKING,CL638687,TATAMOTORS,B,363,1356.24,492315.12
23/11/2025,OMEGA_BROKING,CL121742,SBIN,S,389,823.16,320209.24
11-25-2025,OMEGA_BROKING,CL165805,SBIN,B,330,1411.61,465831.3
24/11/2025,ALPHA_SEC,CL028156,RELIANCE,B,186,1261.92,234717.12
2025-11-20,DELTA_TRADES,CL644614,RELIANCE,S,97,2585.71,250813.87
2025-11-26,OMEGA_BROKING,CL438745,HDFC,S,135,1369.64,184901.4
24-Nov-25,ALPHA_SEC,CL100490,ITC,S,362,1721.81,623295.22
29/11/2025,BETA_INVEST,CL033281,HDFC,B,242,1752.01,423986.42
11-26-2025,BETA_INVEST,CL945438,TATAMOTORS,B,382,103.57,39563.74
21/11/2025,OMEGA_BROKING,CL683651,TATAMOTORS,B,216,2475.41,534688.56
11-26-2025,ALPHA_SEC,CL707357,ITC,S,383,1574.19,602914.77
25/11/2025,DELTA_TRADES,CL006308,SBIN,S,316,977.18,308788.88
2025-11-21,ALPHA_SEC,CL804709,LT,S,310,1133.08,351254.8
11-22-2025,BETA_INVEST,CL209102,AXISBANK,B,184,1005.38,184989.92
23/11/2025,ALPHA_SEC,CL969185,ITC,B,104,542.43,56412.72
2025-11-20,BETA_INVEST,CL741157,SBIN,B,316,2373.45,750010.2
11-25-2025,ALPHA_SEC,CL554562,INFY,S,107,1088.18,116435.26
11-24-2025,BETA_INVEST,CL132500,HDFC,B,305,2610.27,796132.35
25/11/2025,BETA_INVEST,CL579097,SBIN,B,155,2486.02,385333.1
25-Nov-25,DELTA_TRADES,CL705907,TATAMOTORS,B,201,104.65,21034.65
11-23-2025,ALPHA_SEC,CL632935,KOTAKBANK,B,374,2130.57,796833.18
11-20-2025,BETA_INVEST,CL614016,HDFC,B,138,2461.0,339618.0
23-Nov-25,DELTA_TRADES,CL446856,ITC,B,170,860.96,146363.2
26/11/2025,DELTA_TRADES,CL622698,TATAMOTORS,S,125,1152.25,152194.34
20/11/2025,DELTA_TRADES,CL436224,LT,B,279,1393.37,388750.23
2025-11-22,DELTA_TRADES,CL850862,HDFC,B,145,2121.48,307614.6
2025-11-25,OMEGA_BROKING,CL296060,ICICIBANK,S,121,1750.14,211766.94
11-22-2025,ALPHA_SEC,CL284610,ICICIBANK,B,263,2344.87,616700.81
21/11/2025,DELTA_TRADES,CL027447,AXISBANK,S,6,1227.42,
2025-11-29,BETA_INVEST,CL574821,KOTAKBANK,B,250,366.66,91665.0
22-Nov-25,DELTA_TRADES,CL474608,AXISBANK,B,257,2256.64,579956.48
2025-11-22,OMEGA_BROKING,CL610058,INFY,S,106,564.49,59835.94
11-24-2025,DELTA_TRADES,CL487639,LT,B,268,2374.14,636269.52
25/11/2025,DELTA_TRADES,CL560444,INFY,S,44,2065.36,90875.84
2025-11-23,BETA_INVEST,CL604202,SBIN,S,135,2182.5,294637.5
2025-11-24,OMEGA_BROKING,CL881834,HDFC,S,65,1232.43,80107.95
26/11/2025,OMEGA_BROKING,CL296786,LT,S,300,2137.42,641226.0
2025-11-23,DELTA_TRADES,CL380055,ITC,S,74,2794.43,206787.82
11-23-2025,BETA_INVEST,CL834381,KOTAKBANK,S,158,723.26,114275.08
11-22-2025,DELTA_TRADES,CL096271,KOTAKBANK,S,244,1852.98,452127.12
26/11/2025,OMEGA_BROKING,CL586702,KOTAKBANK,B,261,543.49,141850.89
25-Nov-25,BETA_INVEST,CL525804,LT,S,142,172.76,24531.92
22/11/2025,DELTA_TRADES,CL668882,SBIN,S,121,929.57,112477.97
24-Nov-25,DELTA_TRADES,CL534310,ICICIBANK,B,350,1293.23,452630.5
22-Nov-25,ALPHA_SEC,CL742159,KOTAKBANK,B,193,497.29,95976.97
11-29-2025,OMEGA_BROKING,CL911137,SBIN,S,225,2112.51,475314.75
22-Nov-25,BETA_INVEST,CL939408,ICICIBANK,S,189,1559.87,294815.43
11-20-2025,ALPHA_SEC,CL378871,ITC,S,161,2031.58,327084.38
11-23-2025,ALPHA_SEC,CL818507,AXISBANK,S,122,1542.08,188133.76
2025-11-23,BETA_INVEST,CL553719,TATAMOTORS,S,312,2442.11,761938.32
21/11/2025,DELTA_TRADES,CL735260,RELIANCE,B,350,1407.78,492723.0
2025-11-24,ALPHA_SEC,CL128388,KOTAKBANK,S,228,1143.02,260608.56
20-Nov-25,BETA_INVEST,CL214625,SBIN,B,55,1461.08,80359.4
2025-11-26,BETA_INVEST,CL180560,TATAMOTORS,B,310,1414.76,438575.6
2025-11-26,OMEGA_BROKING,CL270410,SBIN,B,139,2085.57,289894.23
11-22-2025,DELTA_TRADES,CL779760,HDFC,B,282,1826.78,515151.96
21-Nov-25,OMEGA_BROKING,CL015663,AXISBANK,S,79,2457.61,100980.19
11-25-2025,ALPHA_SEC,CL731307,SBIN,B,293,939.88,275384.84
20-Nov-25,OMEGA_BROKING,CL478538,AXISBANK,B,88,1017.19,89512.72
23-Nov-25,ALPHA_SEC,CL296845,TATAMOTORS,B,387,2299.5,889906.5
11-21-2025,OMEGA_BROKING,CL517436,ICICIBANK,B,305,1486.09,453257.45
11-26-2025,DELTA_TRADES,CL328146,RELIANCE,B,106,2463.17,261096.02
21-Nov-25,OMEGA_BROKING,CL879292,AXISBANK,B,26,777.64,20218.64
2025-11-20,BETA_INVEST,CL848945,SBIN,S,197,1932.97,380795.09
26-Nov-25,ALPHA_SEC,CL552429,ICICIBANK,B,195,1848.63,360482.85
24/11/2025,ALPHA_SEC,CL003690,INFY,B,360,2478.55,892278.0
21-Nov-25,BETA_INVEST,CL748253,LT,S,188,582.66,109540.08
11-20-2025,BETA_INVEST,CL428030,HDFC,B,96,1423.49,136655.04
26-Nov-25,BETA_INVEST,CL869670,SBIN,S,383,1887.83,723038.89
11-22-2025,DELTA_TRADES,CL525829,SBIN,B,11,1382.38,15206.18
24-Nov-25,BETA_INVEST,CL894791,LT,S,110,1110.4,122144.0
25-Nov-25,OMEGA_BROKING,CL229015,TATAMOTORS,S,138,1479.53,204175.14
11-20-2025,OMEGA_BROKING,CL354326,SBIN,B,273,1683.24,459524.52
21/11/2025,BETA_INVEST,CL499944,SBIN,S,3,767.91,2303.73
24/11/2025,BETA_INVEST,CL015254,SBIN,B,328,2659.16,872204.48
2025-11-21,BETA_INVEST,CL678456,TATAMOTORS,S,51,2345.68,119629.68
11-25-2025,OMEGA_BROKING,CL260229,AXISBANK,B,133,274.65,36528.45
2025-11-24,ALPHA_SEC,CL167854,RELIANCE,S,51,920.35,46937.85
21/11/2025,OMEGA_BROKING,CL238457,ICICIBANK,B,225,1652.89,235921.51
2025-11-24,DELTA_TRADES,CL820922,HDFC,S,129,281.19,36273.51
11-20-2025,OMEGA_BROKING,CL290141,AXISBANK,B,124,1855.22,230047.28
21/11/2025,ALPHA_SEC,CL869183,LT,S,311,416.55,129547.05
2025-11-26,DELTA_TRADES,CL982715,RELIANCE,B,291,1670.59,486141.69
2025-11-25,BETA_INVEST,CL194803,ITC,S,51,2042.08,104146.08
22-Nov-25,ALPHA_SEC,CL197867,TATAMOTORS,S,346,1631.14,564374.44
2025-11-25,OMEGA_BROKING,CL145972,AXISBANK,B,15,1384.93,20773.95
24-Nov-25,DELTA_TRADES,CL314384,SBIN,S,174,2522.85,438975.9
23-Nov-25,BETA_INVEST,CL941904,SBIN,S,230,1151.51,264847.3
20/11/2025,ALPHA_SEC,CL383087,RELIANCE,B,222,2023.68,449256.96
29-Nov-25,BETA_INVEST,CL674065,SBIN,S,292,123.93,36187.56
11-25-2025,BETA_INVEST,CL776267,RELIANCE,B,291,2147.52,624928.32
2025-11-20,OMEGA_BROKING,CL800240,AXISBANK,B,327,378.77,123857.79
2025-11-25,BETA_INVEST,CL425562,INFY,S,143,2624.62,375320.66
2025-11-21,OMEGA_BROKING,CL968217,ITC,B,387,1687.52,653070.24
2025-11-25,ALPHA_SEC,CL692106,ICICIBANK,S,208,926.27,192664.16
2025-11-26,BETA_INVEST,CL452064,TATAMOTORS,B,129,1826.5,235618.5
2025-11-22,ALPHA_SEC,CL417618,LT,B,274,1478.77,405182.98
20-Nov-25,ALPHA_SEC,CL147590,RELIANCE,B,242,422.77,112754.39
20/11/2025,BETA_INVEST,CL354764,LT,B,275,634.68,174537.0
2025-11-21,BETA_INVEST,CL921700,AXISBANK,S,15,1268.3,19024.5
2025-11-22,OMEGA_BROKING,CL600991,AXISBANK,B,137,302.12,41390.44
25/11/2025,OMEGA_BROKING,CL523746,TATAMOTORS,S,49,1414.72,69321.28
11-22-2025,OMEGA_BROKING,CL745638,SBIN,B,180,2724.8,490464.0
2025-11-29,DELTA_TRADES,CL915806,KOTAKBANK,B,277,2078.86,575844.22
20/11/2025,DELTA_TRADES,CL018352,HDFC,B,21,1672.1,35114.1
2025-11-26,ALPHA_SEC,CL259674,ITC,S,91,1188.86,108186.26
25-Nov-25,OMEGA_BROKING,CL323635,ICICIBANK,B,161,1938.68,312127.48
2025-11-22,BETA_INVEST,CL574861,TATAMOTORS,B,166,741.75,123130.5
26/11/2025,DELTA_TRADES,CL645571,KOTAKBANK,B,72,161.15,11602.8
21-Nov-25,BETA_INVEST,CL968929,HDFC,B,197,286.66,56472.02
23-Nov-25,DELTA_TRADES,CL988319,INFY,S,183,1499.89,274479.87
22/11/2025,OMEGA_BROKING,CL665400,KOTAKBANK,B,10,475.11,4751.1
11-25-2025,ALPHA_SEC,CL913714,KOTAKBANK,B,75,2154.7,161602.5
24-Nov-25,BETA_INVEST,CL584277,SBIN,B,50,502.32,25116.0
2025-11-21,BETA_INVEST,CL561937,SBIN,S,211,1797.23,379215.53
11-26-2025,OMEGA_BROKING,CL021848,ITC,B,151,2346.85,354374.35
29-Nov-25,OMEGA_BROKING,CL031807,LT,S,68,2324.21,158046.28
23-Nov-25,BETA_INVEST,CL615543,TATAMOTORS,S,369,831.5,306823.5
25-Nov-25,ALPHA_SEC,CL836843,RELIANCE,S,88,586.33,51597.04
22-Nov-25,ALPHA_SEC,CL126613,TATAMOTORS,B,35,2719.15,95170.25
25-Nov-25,DELTA_TRADES,CL991910,LT,B,99,2290.04,226713.96
26/11/2025,ALPHA_SEC,CL843609,TATAMOTORS,S,394,1710.84,674070.96
21/11/2025,DELTA_TRADES,CL227900,ITC,B,369,2335.22,861696.18
2025-11-25,BETA_INVEST,CL848581,ICICIBANK,B,207,1946.56,402937.92
2025-11-20,OMEGA_BROKING,CL330452,LT,S,351,2347.94,824126.94
2025-11-23,OMEGA_BROKING,CL400122,ICICIBANK,B,310,493.03,152839.3
2025-11-25,ALPHA_SEC,CL410338,TATAMOTORS,S,301,1034.51,311387.51
20/11/2025,ALPHA_SEC,CL045209,KOTAKBANK,B,190,702.81,133533.9
2025-11-21,ALPHA_SEC,CL112036,INFY,S,248,1527.31,378772.88
20-Nov-25,DELTA_TRADES,CL517442,SBIN,B,48,1487.26,71388.48
22/11/2025,ALPHA_SEC,CL745518,LT,B,204,284.15,
23/11/2025,DELTA_TRADES,CL235643,AXISBANK,B,157,2759.8,433288.6
24/11/2025,DELTA_TRADES,CL767485,INFY,B,241,2076.03,500323.23
24/11/2025,OMEGA_BROKING,CL905683,LT,B,49,1066.76,52271.24
2025-11-23,BETA_INVEST,CL087327,TATAMOTORS,B,285,1309.76,373281.6
23-Nov-25,ALPHA_SEC,CL278813,AXISBANK,B,124,1430.86,177426.64
25/11/2025,OMEGA_BROKING,CL507393,RELIANCE,B,321,1044.71,335351.91
26/11/2025,BETA_INVEST,CL801125,AXISBANK,B,328,886.76,290857.28
11-25-2025,DELTA_TRADES,CL596718,INFY,S,114,2681.3,305668.2
25/11/2025,DELTA_TRADES,CL340902,KOTAKBANK,S,138,2609.25,360076.5
11-23-2025,BETA_INVEST,CL580029,KOTAKBANK,B,277,2095.33,580406.41
11-21-2025,ALPHA_SEC,CL607420,TATAMOTORS,B,115,2239.49,257541.35
11-25-2025,OMEGA_BROKING,CL776258,ICICIBANK,B,195,1708.11,333081.45
20/11/2025,DELTA_TRADES,CL677625,AXISBANK,S,192,607.09,116561.28
2025-11-26,DELTA_TRADES,CL829959,LT,B,330,2619.31,864372.3
2025-11-26,BETA_INVEST,CL343114,SBIN,S,306,2274.2,695905.2
11-21-2025,OMEGA_BROKING,CL729540,INFY,S,53,2139.0,113367.0
22-Nov-25,OMEGA_BROKING,CL189216,LT,S,245,293.64,71941.8
2025-11-23,BETA_INVEST,CL952815,AXISBANK,S,14,1101.93,15427.02
2025-11-23,OMEGA_BROKING,CL443903,SBIN,B,162,1736.35,281288.7
23-Nov-25,DELTA_TRADES,CL794967,RELIANCE,B,63,2128.87,134118.81
24/11/2025,DELTA_TRADES,CL902120,SBIN,B,315,823.35,259355.25
20-Nov-25,DELTA_TRADES,CL902913,KOTAKBANK,S,388,2526.65,980340.2
21-Nov-25,ALPHA_SEC,CL505150,ICICIBANK,B,343,585.31,200761.33
26/11/2025,ALPHA_SEC,CL946210,ICICIBANK,S,218,1611.98,351411.64
2025-11-25,DELTA_TRADES,CL619136,ITC,B,155,1384.33,214571.15
20-Nov-25,BETA_INVEST,CL315614,SBIN,B,321,856.02,274782.42
2025-11-22,ALPHA_SEC,CL282858,ICICIBANK,S,122,2707.88,330361.36
2025-11-20,OMEGA_BROKING,CL300094,TATAMOTORS,S,141,244.85,34523.85
11-25-2025,ALPHA_SEC,CL833689,ICICIBANK,B,354,1506.24,533208.96
24-Nov-25,BETA_INVEST,CL846608,TATAMOTORS,S,138,195.52,26981.76
22/11/2025,DELTA_TRADES,CL843310,LT,S,400,2077.41,830964.0
24-Nov-25,ALPHA_SEC,CL630895,SBIN,S,39,470.24,18339.36
2025-11-24,DELTA_TRADES,CL551018,ICICIBANK,S,212,754.4,159932.8
25-Nov-25,BETA_INVEST,CL952453,RELIANCE,B,284,2255.99,640701.16
26-Nov-25,ALPHA_SEC,CL051934,TATAMOTORS,B,106,1961.51,207920.06
29/11/2025,BETA_INVEST,CL261444,RELIANCE,S,178,1985.39,353399.42
29/11/2025,OMEGA_BROKING,CL937647,RELIANCE,B,179,1366.6,244621.4
20/11/2025,BETA_INVEST,CL769245,LT,S,44,635.42,23795.84
25/11/2025,BETA_INVEST,CL803151,LT,S,325,2113.91,687020.75
11-20-2025,ALPHA_SEC,CL014674,SBIN,B,344,2187.0,752328.0
2025-11-23,DELTA_TRADES,CL173072,HDFC,B,385,697.96,268714.6
26/11/2025,OMEGA_BROKING,CL197651,ITC,S,205,756.43,155068.15
25/11/2025,BETA_INVEST,CL948848,RELIANCE,B,298,2641.85,787271.3
2025-11-25,DELTA_TRADES,CL719056,ICICIBANK,B,24,2070.49,49691.76
29-Nov-25,ALPHA_SEC,CL000739,ITC,B,244,2329.43,568380.92
20/11/2025,BETA_INVEST,CL888383,ICICIBANK,S,112,1939.34,217206.08
22-Nov-25,OMEGA_BROKING,CL546813,SBIN,B,323,2256.62,728888.26
11-26-2025,OMEGA_BROKING,CL611846,INFY,S,25,464.37,11609.25
2025-11-20,DELTA_TRADES,CL054974,TATAMOTORS,B,393,1239.49,487119.57
23/11/2025,BETA_INVEST,CL379521,SBIN,B,14,1526.34,21368.76
20/11/2025,ALPHA_SEC,CL203687,TATAMOTORS,B,11,1277.12,14048.32
22-Nov-25,OMEGA_BROKING,CL863448,SBIN,B,314,849.85,266852.9
21-Nov-25,DELTA_TRADES,CL318322,INFY,B,361,1531.21,552766.81
11-26-2025,DELTA_TRADES,CL158655,HDFC,B,101,1193.89,120582.89
25/11/2025,OMEGA_BROKING,CL835378,ITC,S,336,1338.3,449668.8
2025-11-23,ALPHA_SEC,CL855688,INFY,S,45,2295.82,103311.9
2025-11-21,BETA_INVEST,CL668692,SBIN,S,9,1568.04,14112.36
22-Nov-25,BETA_INVEST,CL670534,AXISBANK,B,56,2586.01,144816.56
11-25-2025,DELTA_TRADES,CL953283,LT,B,347,2672.85,927478.95
2025-11-26,OMEGA_BROKING,CL590021,KOTAKBANK,B,239,130.69,31234.91
11-20-2025,ALPHA_SEC,CL660394,TATAMOTORS,B,19,1137.09,21604.71
21/11/2025,DELTA_TRADES,CL664127,KOTAKBANK,B,378,1475.29,557659.62
2025-11-20,DELTA_TRADES,CL756542,KOTAKBANK,B,304,695.45,211416.8
11-22-2025,ALPHA_SEC,CL728433,HDFC,S,278,143.09,39779.02
2025-11-26,OMEGA_BROKING,CL380674,AXISBANK,B,339,2487.66,843316.74
2025-11-20,DELTA_TRADES,CL725016,KOTAKBANK,S,162,900.6,145897.2
2025-11-29,BETA_INVEST,CL654531,LT,B,26,976.09,25378.34
2025-11-24,ALPHA_SEC,CL081225,TATAMOTORS,B,347,1187.74,412145.78
2025-11-21,ALPHA_SEC,CL989241,SBIN,B,192,377.16,72414.72
2025-11-25,DELTA_TRADES,CL746663,ITC,S,275,581.02,159780.5
26-Nov-25,BETA_INVEST,CL097876,LT,S,269,426.96,114852.24
21/11/2025,ALPHA_SEC,CL239166,TATAMOTORS,B,230,852.68,196116.4
2025-11-22,OMEGA_BROKING,CL064239,HDFC,B,335,1498.54,502010.9
21/11/2025,BETA_INVEST,CL899665,SBIN,S,373,267.62,99822.26
2025-11-20,ALPHA_SEC,CL835754,KOTAKBANK,S,36,1611.51,58014.36
24/11/2025,ALPHA_SEC,CL850543,LT,B,387,1667.75,645419.25
25-Nov-25,ALPHA_SEC,CL382429,SBIN,S,346,2560.04,885773.84
11-20-2025,OMEGA_BROKING,CL955958,HDFC,S,265,1470.88,389783.2
26-Nov-25,ALPHA_SEC,CL166273,KOTAKBANK,B,67,113.5,7604.5
24/11/2025,ALPHA_SEC,CL766196,KOTAKBANK,S,225,876.67,197250.75
2025-11-24,OMEGA_BROKING,CL740878,LT,S,183,2309.17,422578.11
22-Nov-25,BETA_INVEST,CL600902,ITC,S,2,1832.54,3665.08
11-22-2025,OMEGA_BROKING,CL215654,RELIANCE,S,311,141.17,
2025-11-20,BETA_INVEST,CL248483,HDFC,S,374,1332.83,498478.42
23-Nov-25,DELTA_TRADES,CL343431,TATAMOTORS,S,223,2461.12,548829.76
2025-11-24,DELTA_TRADES,CL671897,RELIANCE,S,266,742.42,197483.72
21-Nov-25,ALPHA_SEC,CL367102,ICICIBANK,S,72,766.76,55206.72
26/11/2025,BETA_INVEST,CL925108,AXISBANK,B,187,2499.18,467346.66
26/11/2025,DELTA_TRADES,CL101866,RELIANCE,B,190,861.85,163751.5
21/11/2025,BETA_INVEST,CL488822,INFY,B,84,1117.48,93868.32
24-Nov-25,ALPHA_SEC,CL424741,ICICIBANK,B,119,1255.7,149428.3
2025-11-26,ALPHA_SEC,CL943433,AXISBANK,S,227,2410.33,547144.91
24/11/2025,DELTA_TRADES,CL703864,SBIN,S,220,2476.69,544871.8
2025-11-24,OMEGA_BROKING,CL847497,RELIANCE,S,55,481.11,26461.05
22/11/2025,ALPHA_SEC,CL295706,ICICIBANK,B,324,378.24,122549.76
20-Nov-25,OMEGA_BROKING,CL713179,TATAMOTORS,B,81,1734.02,140455.62
22/11/2025,ALPHA_SEC,CL152278,ICICIBANK,B,275,1054.01,289852.75
25/11/2025,DELTA_TRADES,CL002375,LT,B,279,2358.42,657999.18
11-26-2025,DELTA_TRADES,CL127541,LT,S,42,2356.1,98956.2
25-Nov-25,OMEGA_BROKING,CL355426,INFY,B,85,2058.12,174940.2
25-Nov-25,OMEGA_BROKING,CL921794,ICICIBANK,S,115,1708.06,196426.9
2025-11-26,BETA_INVEST,CL373368,LT,S,289,2352.89,679985.21
11-21-2025,OMEGA_BROKING,CL357070,AXISBANK,S,317,1128.03,357585.51
11-24-2025,DELTA_TRADES,CL919309,ITC,B,246,2219.19,545920.74
24/11/2025,OMEGA_BROKING,CL929256,INFY,S,114,1872.78,213496.92
20-Nov-25,BETA_INVEST,CL479296,KOTAKBANK,B,44,1184.65,52124.6
26-Nov-25,OMEGA_BROKING,CL188226,AXISBANK,S,123,641.45,78898.35
11-22-2025,ALPHA_SEC,CL926360,INFY,S,98,2379.14,233155.72
11-23-2025,BETA_INVEST,CL640294,AXISBANK,B,177,1627.77,288115.29
2025-11-26,BETA_INVEST,CL294711,ICICIBANK,S,11,963.51,10598.61
11-29-2025,DELTA_TRADES,CL169297,TATAMOTORS,B,310,2089.51,647748.1
11-22-2025,DELTA_TRADES,CL338867,ICICIBANK,B,231,1211.54,279865.74
2025-11-22,DELTA_TRADES,CL605636,TATAMOTORS,B,354,1655.64,586096.56
21/11/2025,DELTA_TRADES,CL213848,KOTAKBANK,B,219,1892.15,414380.85
20-Nov-25,BETA_INVEST,CL893302,HDFC,S,282,521.12,146955.84
25/11/2025,OMEGA_BROKING,CL295257,KOTAKBANK,S,193,2021.07,390066.51
24-Nov-25,DELTA_TRADES,CL005684,RELIANCE,S,278,303.59,84398.02
11-21-2025,OMEGA_BROKING,CL705594,KOTAKBANK,B,335,1700.83,569778.05
2025-11-26,ALPHA_SEC,CL307572,RELIANCE,S,343,755.14,259013.02
2025-11-23,BETA_INVEST,CL685898,INFY,S,279,2043.78,570214.62
24-Nov-25,DELTA_TRADES,CL090169,RELIANCE,B,142,2494.7,264942.37
11-26-2025,BETA_INVEST,CL334462,TATAMOTORS,B,228,1351.06,308041.68
11-24-2025,ALPHA_SEC,CL034577,KOTAKBANK,B,297,1448.01,430058.97
21/11/2025,BETA_INVEST,CL647641,ITC,B,25,1762.91,44072.75
23/11/2025,DELTA_TRADES,CL969368,KOTAKBANK,B,217,2486.47,539563.99
22/11/2025,OMEGA_BROKING,CL892071,TATAMOTORS,S,106,2667.52,282757.12
24/11/2025,ALPHA_SEC,CL259113,ITC,B,328,2683.08,880050.24
11-21-2025,ALPHA_SEC,CL206482,KOTAKBANK,S,379,225.54,85479.66
22/11/2025,ALPHA_SEC,CL225021,HDFC,B,218,965.3,210435.4
20/11/2025,OMEGA_BROKING,CL932308,AXISBANK,S,226,149.75,33843.5
2025-11-26,BETA_INVEST,CL279758,RELIANCE,S,258,1105.49,285216.42
25/11/2025,BETA_INVEST,CL797750,TATAMOTORS,S,219,553.05,121117.95
11-20-2025,DELTA_TRADES,CL660642,RELIANCE,S,380,1528.49,580826.2
11-21-2025,ALPHA_SEC,CL752961,TATAMOTORS,B,59,1445.94,85310.46
24/11/2025,ALPHA_SEC,CL790911,KOTAKBANK,S,72,1653.83,
21-Nov-25,DELTA_TRADES,CL414341,AXISBANK,B,282,575.83,162384.06
2025-11-24,BETA_INVEST,CL057157,RELIANCE,S,34,1273.84,43310.56
2025-11-22,ALPHA_SEC,CL295409,AXISBANK,S,140,2394.54,335235.6
20/11/2025,DELTA_TRADES,CL345523,INFY,B,19,1999.04,37981.76
20-Nov-25,ALPHA_SEC,CL241875,INFY,S,114,2395.71,273110.94
2025-11-20,DELTA_TRADES,CL071185,HDFC,B,4,106.43,425.72
11-23-2025,BETA_INVEST,CL367711,ICICIBANK,S,262,1933.71,506632.02
2025-11-26,ALPHA_SEC,CL969833,SBIN,B,369,565.88,187023.31
11-26-2025,BETA_INVEST,CL069492,ICICIBANK,S,91,751.16,68355.56
11-20-2025,ALPHA_SEC,CL163668,ICICIBANK,B,207,554.8,114843.6
11-25-2025,ALPHA_SEC,CL442011,HDFC,S,241,2549.16,614347.56
23-Nov-25,OMEGA_BROKING,CL947410,INFY,S,263,1166.63,306823.69
11-21-2025,OMEGA_BROKING,CL924346,TATAMOTORS,B,67,2302.6,154274.2
24/11/2025,DELTA_TRADES,CL400548,KOTAKBANK,B,206,854.2,175965.2
26-Nov-25,BETA_INVEST,CL136287,LT,S,67,1015.79,68057.93
2025-11-25,ALPHA_SEC,CL966559,INFY,S,399,1058.23,422233.77
2025-11-21,DELTA_TRADES,CL257558,ICICIBANK,B,344,2641.21,908576.24
11-20-2025,ALPHA_SEC,CL692089,SBIN,B,156,189.56,29571.36
26-Nov-25,BETA_INVEST,CL188891,ICICIBANK,B,326,1569.58,511683.08
20-Nov-25,DELTA_TRADES,CL173634,RELIANCE,S,183,1045.32,236192.76
21-Nov-25,DELTA_TRADES,CL538239,SBIN,S,200,138.26,27652.0
11-25-2025,OMEGA_BROKING,CL763548,TATAMOTORS,B,363,2110.08,765959.04
20/11/2025,BETA_INVEST,CL174152,LT,S,15,418.83,6282.45
11-25-2025,DELTA_TRADES,CL258773,SBIN,B,319,2501.88,798099.72
2025-11-26,ALPHA_SEC,CL957172,INFY,B,84,107.72,9048.48
25-Nov-25,ALPHA_SEC,CL755944,RELIANCE,S,120,1230.2,147624.0
23-Nov-25,DELTA_TRADES,CL389082,ITC,B,107,125.58,13437.06
11-21-2025,DELTA_TRADES,CL440281,AXISBANK,B,79,1637.35,
2025-11-23,ALPHA_SEC,CL231676,INFY,S,366,1009.35,369422.1
25-Nov-25,DELTA_TRADES,CL919149,INFY,S,6,1792.6,10755.6
11-26-2025,ALPHA_SEC,CL761424,HDFC,S,286,437.43,125104.98
11-22-2025,BETA_INVEST,CL075235,LT,S,133,597.36,79448.88
2025-11-25,DELTA_TRADES,CL012006,HDFC,S,286,2425.99,693833.14
11-23-2025,OMEGA_BROKING,CL760138,AXISBANK,S,357,1881.29,671620.53
11-20-2025,DELTA_TRADES,CL465833,SBIN,S,143,2101.13,300461.59
26/11/2025,ALPHA_SEC,CL136145,SBIN,S,34,209.14,7110.76
21-Nov-25,ALPHA_SEC,CL148657,INFY,S,351,1936.1,679571.1
22-Nov-25,DELTA_TRADES,CL241310,INFY,B,270,676.69,
24-Nov-25,DELTA_TRADES,CL761197,TATAMOTORS,B,2,688.67,1377.34
11-24-2025,DELTA_TRADES,CL909306,TATAMOTORS,S,301,1811.21,545174.21
2025-11-26,ALPHA_SEC,CL168050,HDFC,S,352,1689.14,594577.28
21-Nov-25,DELTA_TRADES,CL877215,AXISBANK,B,264,451.89,119298.96
11-25-2025,OMEGA_BROKING,CL933408,ICICIBANK,S,287,502.7,144274.9
2025-11-20,DELTA_TRADES,CL268839,AXISBANK,B,157,2680.25,420799.25
11-22-2025,ALPHA_SEC,CL696972,TATAMOTORS,B,110,2180.23,239825.3
11-22-2025,ALPHA_SEC,CL947756,KOTAKBANK,B,283,594.58,168266.14
2025-11-29,BETA_INVEST,CL284467,KOTAKBANK,S,252,553.62,139512.24
11-20-2025,OMEGA_BROKING,CL903011,SBIN,B,141,2657.24,374670.84
11-22-2025,BETA_INVEST,CL627452,AXISBANK,S,24,2483.51,59604.24
24/11/2025,ALPHA_SEC,CL546727,KOTAKBANK,S,101,2633.61,265994.61
11-26-2025,DELTA_TRADES,CL597874,ICICIBANK,B,318,1648.69,524283.42
23/11/2025,BETA_INVEST,CL659630,KOTAKBANK,S,287,1774.99,509422.13
2025-11-22,ALPHA_SEC,CL178118,SBIN,S,326,779.35,254068.1
22/11/2025,ALPHA_SEC,CL425268,ICICIBANK,B,262,2179.81,571110.22
2025-11-20,BETA_INVEST,CL943653,RELIANCE,B,282,766.4,251613.82
24-Nov-25,BETA_INVEST,CL075485,INFY,B,336,964.94,324219.84
2025-11-22,DELTA_TRADES,CL850484,HDFC,S,339,1222.66,414481.74
11-24-2025,ALPHA_SEC,CL609110,LT,S,204,627.35,127979.4
22-Nov-25,OMEGA_BROKING,CL446879,KOTAKBANK,B,300,1374.83,412449.0
20/11/2025,OMEGA_BROKING,CL603597,TATAMOTORS,B,364,2103.16,765550.24
20-Nov-25,DELTA_TRADES,CL549092,RELIANCE,S,142,2226.62,316180.04
23-Nov-25,ALPHA_SEC,CL537225,ICICIBANK,B,49,2664.36,130553.64
11-23-2025,BETA_INVEST,CL006769,RELIANCE,S,252,2101.94,529688.88
23/11/2025,OMEGA_BROKING,CL977943,HDFC,B,173,1190.46,205949.58
20/11/2025,OMEGA_BROKING,CL285490,RELIANCE,B,327,667.95,218419.65
2025-11-23,ALPHA_SEC,CL171649,SBIN,B,78,1052.4,82087.2
23/11/2025,DELTA_TRADES,CL836905,INFY,S,146,520.85,76044.1
2025-11-24,OMEGA_BROKING,CL797321,INFY,S,54,2225.68,120186.72
20/11/2025,DELTA_TRADES,CL273605,HDFC,B,115,2530.29,290983.35
2025-11-21,BETA_INVEST,CL031795,HDFC,B,86,316.58,27225.88
2025-11-24,OMEGA_BROKING,CL458205,ICICIBANK,B,366,898.39,328810.74
2025-11-20,DELTA_TRADES,CL437653,ICICIBANK,B,103,701.0,72203.0
2025-11-21,DELTA_TRADES,CL552286,ITC,S,227,1871.6,424853.2
2025-11-25,ALPHA_SEC,CL525639,RELIANCE,S,256,1975.38,505697.28
2025-11-26,OMEGA_BROKING,CL263984,INFY,B,256,2744.73,702650.88
2025-11-24,DELTA_TRADES,CL554234,KOTAKBANK,S,158,1622.24,256313.92
11-23-2025,DELTA_TRADES,CL325932,HDFC,B,271,2763.94,749027.74
22-Nov-25,DELTA_TRADES,CL980074,AXISBANK,S,382,2455.69,938073.58
25/11/2025,ALPHA_SEC,CL237013,INFY,S,105,1018.26,106917.3
11-24-2025,OMEGA_BROKING,CL730904,SBIN,B,40,1954.66,78186.4
11-26-2025,OMEGA_BROKING,CL190847,AXISBANK,B,181,836.88,216565.91
20-Nov-25,BETA_INVEST,CL635233,SBIN,S,3,469.66,1408.98
21/11/2025,OMEGA_BROKING,CL579105,LT,B,233,235.46,54862.18
2025-11-21,OMEGA_BROKING,CL027225,INFY,S,98,2422.3,237385.4
20/11/2025,ALPHA_SEC,CL140600,HDFC,S,132,397.86,
26-Nov-25,OMEGA_BROKING,CL110046,ITC,B,263,2265.9,595931.7
26/11/2025,DELTA_TRADES,CL299053,SBIN,S,154,1498.78,230812.12
11-21-2025,OMEGA_BROKING,CL243099,INFY,B,64,199.6,12774.4
11-29-2025,ALPHA_SEC,CL174761,RELIANCE,B,395,1923.84,943737.48
11-20-2025,BETA_INVEST,CL843282,AXISBANK,B,11,2726.44,29990.84
20/11/2025,OMEGA_BROKING,CL591492,RELIANCE,S,30,1905.07,57152.1
20/11/2025,OMEGA_BROKING,CL970825,INFY,S,354,175.51,62130.54
2025-11-20,OMEGA_BROKING,CL053343,SBIN,S,156,730.23,113915.88
22/11/2025,DELTA_TRADES,CL901995,HDFC,S,132,1600.4,211252.8
29-Nov-25,BETA_INVEST,CL391100,INFY,B,27,378.78,10227.06
21/11/2025,BETA_INVEST,CL156834,LT,B,124,102.51,12711.24
11-21-2025,DELTA_TRADES,CL731216,HDFC,B,297,2560.37,760429.89
11-25-2025,ALPHA_SEC,CL666179,RELIANCE,S,153,2028.72,310394.16
11-21-2025,DELTA_TRADES,CL870308,KOTAKBANK,S,273,711.32,194190.36
11-24-2025,BETA_INVEST,CL187094,HDFC,B,150,2521.27,506599.9
29/11/2025,ALPHA_SEC,CL070180,RELIANCE,S,205,338.84,69462.2
11-25-2025,OMEGA_BROKING,CL195392,LT,B,364,1809.51,658661.64
2025-11-25,BETA_INVEST,CL799537,TATAMOTORS,B,119,2031.08,241698.52
23-Nov-25,OMEGA_BROKING,CL398256,HDFC,S,194,1615.39,313385.66
20-Nov-25,ALPHA_SEC,CL856005,TATAMOTORS,S,355,1657.06,588256.3
23-Nov-25,ALPHA_SEC,CL102173,AXISBANK,B,230,1746.54,401704.2
2025-11-23,OMEGA_BROKING,CL323488,LT,B,265,1280.94,339449.1
24/11/2025,BETA_INVEST,CL631676,ICICIBANK,S,103,1759.01,181178.03
23/11/2025,ALPHA_SEC,CL528586,ICICIBANK,S,144,2508.03,361156.32
11-25-2025,OMEGA_BROKING,CL517955,TATAMOTORS,B,128,2094.18,268055.04
22-Nov-25,OMEGA_BROKING,CL521792,KOTAKBANK,B,388,897.71,348311.48
2025-11-26,DELTA_TRADES,CL779390,LT,S,207,1380.64,
23/11/2025,DELTA_TRADES,CL701960,RELIANCE,B,316,1359.5,429602.0
24/11/2025,DELTA_TRADES,CL109156,KOTAKBANK,S,34,514.75,17501.5
2025-11-20,BETA_INVEST,CL190325,ICICIBANK,S,23,239.47,
22-Nov-25,OMEGA_BROKING,CL779881,LT,B,241,2730.64,658084.24
2025-11-24,BETA_INVEST,CL554325,RELIANCE,B,377,2394.83,902850.91
24/11/2025,DELTA_TRADES,CL157319,INFY,B,144,930.85,134042.4
29-Nov-25,DELTA_TRADES,CL612666,HDFC,B,63,2709.57,170702.91
2025-11-24,DELTA_TRADES,CL721517,INFY,B,66,2115.71,139636.86
11-26-2025,BETA_INVEST,CL841655,LT,B,252,2130.15,536797.8
11-25-2025,OMEGA_BROKING,CL728712,RELIANCE,B,24,1533.22,36797.28
11-20-2025,ALPHA_SEC,CL230433,ICICIBANK,S,226,102.92,23259.92
2025-11-22,ALPHA_SEC,CL595439,TATAMOTORS,B,353,1479.75,522351.75
11-23-2025,BETA_INVEST,CL961839,LT,B,283,2705.94,765781.02
2025-11-25,DELTA_TRADES,CL858747,KOTAKBANK,B,307,1342.93,412279.51
11-22-2025,BETA_INVEST,CL412668,LT,B,332,894.5,296974.0
2025-11-22,ALPHA_SEC,CL765785,LT,S,247,769.73,190123.31
11-21-2025,ALPHA_SEC,CL398877,INFY,S,44,843.41,
23-Nov-25,BETA_INVEST,CL165793,AXISBANK,B,182,1129.04,205485.28
26-Nov-25,BETA_INVEST,CL196485,ICICIBANK,B,284,2251.39,639394.76
2025-11-25,DELTA_TRADES,CL642985,ICICIBANK,S,241,1689.2,407097.2
24/11/2025,DELTA_TRADES,CL401898,ITC,S,363,2668.32,968600.16
21/11/2025,ALPHA_SEC,CL561398,TATAMOTORS,S,143,2431.54,347710.22
11-24-2025,OMEGA_BROKING,CL300999,ITC,B,42,1459.07,61280.94
25/11/2025,OMEGA_BROKING,CL271095,AXISBANK,S,381,1455.49,554541.69
2025-11-22,BETA_INVEST,CL822110,KOTAKBANK,S,88,1510.94,132962.72
2025-11-22,BETA_INVEST,CL966857,TATAMOTORS,S,270,718.86,209286.93
25-Nov-25,OMEGA_BROKING,CL584362,INFY,S,3,205.23,615.69
20/11/2025,ALPHA_SEC,CL478768,LT,S,251,2568.81,644771.31
26-Nov-25,BETA_INVEST,CL680489,ICICIBANK,B,152,757.55,115147.6
22/11/2025,BETA_INVEST,CL440887,TATAMOTORS,B,274,1950.91,534549.34
2025-11-24,DELTA_TRADES,CL409292,INFY,S,258,1995.41,514815.78
20-Nov-25,BETA_INVEST,CL904801,TATAMOTORS,S,306,2671.25,817402.5
11-22-2025,OMEGA_BROKING,CL255169,AXISBANK,S,195,2654.3,517588.5
2025-11-21,BETA_INVEST,CL864202,ICICIBANK,S,188,2189.48,411622.24
11-23-2025,OMEGA_BROKING,CL782462,ITC,B,147,2586.07,380152.29
24-Nov-25,DELTA_TRADES,CL724521,HDFC,S,218,2026.82,441846.76
23-Nov-25,BETA_INVEST,CL992111,LT,S,219,1878.66,411426.54
11-22-2025,DELTA_TRADES,CL048985,HDFC,S,284,107.96,30660.64
23/11/2025,ALPHA_SEC,CL688076,RELIANCE,S,333,700.62,233306.46
2025-11-21,BETA_INVEST,CL786038,ICICIBANK,S,332,2749.54,912847.28
26/11/2025,BETA_INVEST,CL293863,INFY,B,376,1289.95,485021.2
11-26-2025,BETA_INVEST,CL600100,LT,B,274,2303.63,631194.62
22/11/2025,OMEGA_BROKING,CL271210,INFY,S,97,701.22,68018.34
11-29-2025,OMEGA_BROKING,CL062903,LT,S,388,552.41,214335.08
29-Nov-25,BETA_INVEST,CL722613,LT,B,391,1601.84,626319.44
11-23-2025,ALPHA_SEC,CL542798,TATAMOTORS,S,200,2757.48,551496.0
2025-11-23,ALPHA_SEC,CL548455,LT,B,225,1103.42,248269.5
22-Nov-25,BETA_INVEST,CL333582,RELIANCE,B,374,1310.45,490108.3
2025-11-24,DELTA_TRADES,CL875005,HDFC,B,377,2636.58,993990.66
23/11/2025,BETA_INVEST,CL519325,INFY,B,131,1376.11,180270.41
24/11/2025,BETA_INVEST,CL816153,LT,B,287,577.74,165811.38
22-Nov-25,DELTA_TRADES,CL445462,ITC,B,6,835.74,5014.44
11-26-2025,OMEGA_BROKING,CL716435,HDFC,B,7,1317.03,9219.21
2025-11-25,DELTA_TRADES,CL836070,LT,S,47,2080.0,97760.0
22/11/2025,OMEGA_BROKING,CL463293,SBIN,B,370,296.48,109697.6
11-23-2025,ALPHA_SEC,CL442559,HDFC,B,157,1006.64,125526.32
23-Nov-25,BETA_INVEST,CL135295,INFY,S,397,341.14,135432.58
2025-11-22,ALPHA_SEC,CL971489,AXISBANK,S,67,1656.66,110996.22
20-Nov-25,DELTA_TRADES,CL755087,ICICIBANK,B,166,144.83,24041.78
2025-11-24,OMEGA_BROKING,CL056402,RELIANCE,S,293,817.61,239559.73
24/11/2025,DELTA_TRADES,CL758237,LT,S,81,2329.03,243076.33
11-21-2025,OMEGA_BROKING,CL232310,KOTAKBANK,B,193,499.15,96335.95
2025-11-23,BETA_INVEST,CL562989,SBIN,S,215,2062.78,443497.7
2025-11-24,DELTA_TRADES,CL158110,HDFC,B,3,2308.56,6925.68
11-21-2025,BETA_INVEST,CL212144,LT,S,357,363.19,129658.83
21-Nov-25,OMEGA_BROKING,CL014412,LT,S,18,2104.51,37881.18
22-Nov-25,ALPHA_SEC,CL017135,INFY,S,53,1726.56,91507.68
25-Nov-25,OMEGA_BROKING,CL440646,INFY,B,54,2004.17,108225.18
24/11/2025,DELTA_TRADES,CL041368,LT,B,155,1204.61,129565.31
21-Nov-25,OMEGA_BROKING,CL353061,TATAMOTORS,S,160,2060.8,329728.0
23-Nov-25,OMEGA_BROKING,CL439391,TATAMOTORS,S,238,2772.07,661213.69
11-26-2025,OMEGA_BROKING,CL082321,ICICIBANK,B,44,1046.14,46030.16
22/11/2025,DELTA_TRADES,CL087612,SBIN,B,241,1094.24,263711.84
2025-11-25,OMEGA_BROKING,CL924806,TATAMOTORS,B,222,1595.02,354094.44
2025-11-21,OMEGA_BROKING,CL333885,HDFC,S,264,2098.79,554080.56
2025-11-21,ALPHA_SEC,CL780598,ITC,S,74,1289.49,95422.26
25-Nov-25,OMEGA_BROKING,CL119208,RELIANCE,B,336,2664.55,895288.8
24-Nov-25,ALPHA_SEC,CL804551,HDFC,B,224,2688.97,602329.28
25/11/2025,OMEGA_BROKING,CL244676,ITC,B,238,1212.42,288555.96
11-24-2025,DELTA_TRADES,CL271148,LT,S,238,2525.08,600969.04
2025-11-24,OMEGA_BROKING,CL284049,INFY,B,289,1337.7,386595.3
29-Nov-25,OMEGA_BROKING,CL640645,TATAMOTORS,B,223,1566.17,349255.91
2025-11-23,DELTA_TRADES,CL226870,HDFC,B,166,998.01,165669.66
24-Nov-25,DELTA_TRADES,CL865161,INFY,B,203,1570.92,318896.76
20/11/2025,BETA_INVEST,CL248484,ITC,B,50,1590.42,79521.0
24-Nov-25,OMEGA_BROKING,CL742128,KOTAKBANK,B,42,2057.68,86422.56
20-Nov-25,OMEGA_BROKING,CL166768,KOTAKBANK,S,389,2588.25,1006829.25
11-26-2025,ALPHA_SEC,CL522730,KOTAKBANK,B,304,1300.79,395440.16
20-Nov-25,BETA_INVEST,CL488372,LT,B,126,1487.47,187421.22
20/11/2025,DELTA_TRADES,CL869854,ICICIBANK,B,53,2711.62,143715.86
11-21-2025,OMEGA_BROKING,CL630112,KOTAKBANK,B,152,1325.21,201431.92
25-Nov-25,OMEGA_BROKING,CL219705,AXISBANK,S,278,1374.27,382047.06
26-Nov-25,BETA_INVEST,CL098512,AXISBANK,B,276,2017.6,556857.6
25-Nov-25,OMEGA_BROKING,CL761579,AXISBANK,B,342,1737.73,594303.66
2025-11-22,DELTA_TRADES,CL338121,TATAMOTORS,S,273,1365.22,372705.06
2025-11-25,OMEGA_BROKING,CL777210,AXISBANK,S,248,1285.2,318729.6
11-22-2025,BETA_INVEST,CL819482,KOTAKBANK,B,168,237.48,39896.64
11-20-2025,BETA_INVEST,CL116553,ITC,S,50,2738.65,136932.5
25-Nov-25,ALPHA_SEC,CL900531,LT,B,38,1660.16,63086.08
24-Nov-25,ALPHA_SEC,CL144303,AXISBANK,B,198,680.33,134705.34
26/11/2025,ALPHA_SEC,CL344795,TATAMOTORS,S,200,295.7,59140.0
11-20-2025,DELTA_TRADES,CL285848,TATAMOTORS,S,87,1061.18,92322.66
20-Nov-25,BETA_INVEST,CL538461,ICICIBANK,S,204,141.68,28902.72
11-20-2025,BETA_INVEST,CL823451,AXISBANK,S,379,2681.38,783935.02
11-23-2025,DELTA_TRADES,CL325918,LT,B,188,1603.9,301533.2
20-Nov-25,ALPHA_SEC,CL083524,HDFC,S,355,656.53,233068.15
11-25-2025,OMEGA_BROKING,CL492184,TATAMOTORS,S,390,1794.12,699706.8
11-25-2025,BETA_INVEST,CL643939,INFY,B,353,2119.93,748335.29
21-Nov-25,OMEGA_BROKING,CL379568,SBIN,S,288,1416.55,407966.4
25/11/2025,OMEGA_BROKING,CL915165,ITC,S,243,2210.15,537066.45
26-Nov-25,OMEGA_BROKING,CL910366,TATAMOTORS,S,164,1731.46,283959.44
11-25-2025,OMEGA_BROKING,CL540469,TATAMOTORS,B,125,2462.58,307822.5
2025-11-24,BETA_INVEST,CL417015,ICICIBANK,B,80,2470.83,197666.4
2025-11-24,BETA_INVEST,CL940633,TATAMOTORS,S,334,2039.18,681086.12
21-Nov-25,BETA_INVEST,CL541203,ICICIBANK,B,234,426.54,99810.36
25/11/2025,DELTA_TRADES,CL668947,TATAMOTORS,S,227,1125.15,354540.67
23/11/2025,BETA_INVEST,CL474678,RELIANCE,S,16,2407.5,38520.0
2025-11-22,BETA_INVEST,CL071592,TATAMOTORS,S,24,2300.82,55219.68
11-20-2025,BETA_INVEST,CL961050,ICICIBANK,S,99,1063.8,105316.2
2025-11-20,DELTA_TRADES,CL427738,LT,S,332,515.23,171056.36
2025-11-22,ALPHA_SEC,CL284798,SBIN,S,320,1481.3,474016.0
2025-11-21,BETA_INVEST,CL419225,ITC,S,22,1537.47,33824.34
11-24-2025,DELTA_TRADES,CL378645,SBIN,S,61,381.98,23300.78
22-Nov-25,OMEGA_BROKING,CL144645,TATAMOTORS,S,156,1429.11,222941.16
21/11/2025,DELTA_TRADES,CL360524,RELIANCE,B,300,1548.96,343254.05
2025-11-29,DELTA_TRADES,CL666266,ITC,B,232,1696.05,393483.6
11-20-2025,BETA_INVEST,CL114064,TATAMOTORS,B,20,347.58,6951.6
26-Nov-25,OMEGA_BROKING,CL404195,LT,S,38,886.13,33672.94
2025-11-25,BETA_INVEST,CL610705,ICICIBANK,B,33,1879.07,62009.31
2025-11-26,OMEGA_BROKING,CL462301,RELIANCE,S,147,1154.8,169755.6
20-Nov-25,DELTA_TRADES,CL037355,ICICIBANK,B,37,721.69,26702.53
24-Nov-25,BETA_INVEST,CL926615,HDFC,S,218,724.3,157897.4
11-22-2025,ALPHA_SEC,CL333339,KOTAKBANK,S,142,1920.02,272642.84
11-26-2025,OMEGA_BROKING,CL272122,INFY,S,113,2173.17,245568.21
26-Nov-25,ALPHA_SEC,CL587270,AXISBANK,S,297,599.65,178096.05
11-24-2025,OMEGA_BROKING,CL052593,HDFC,S,282,2502.92,705823.44
11-21-2025,DELTA_TRADES,CL211230,ITC,B,347,2023.21,702053.87
11-22-2025,ALPHA_SEC,CL886841,HDFC,B,366,544.6,199323.6
11-26-2025,BETA_INVEST,CL813963,RELIANCE,S,387,2689.87,1040979.69
22-Nov-25,DELTA_TRADES,CL388129,HDFC,B,164,1579.47,259033.08
23-Nov-25,BETA_INVEST,CL594916,TATAMOTORS,S,267,1673.74,446888.58
25/11/2025,DELTA_TRADES,CL504992,INFY,S,4,1209.45,4837.8
25/11/2025,OMEGA_BROKING,CL295558,LT,B,112,2434.04,272612.48
21/11/2025,DELTA_TRADES,CL000626,INFY,S,307,2604.85,799688.95
21/11/2025,BETA_INVEST,CL810779,LT,B,201,1897.7,381437.7
22-Nov-25,DELTA_TRADES,CL474101,HDFC,B,383,555.86,212894.38
11-23-2025,ALPHA_SEC,CL664505,INFY,B,172,1762.79,365558.42
23/11/2025,ALPHA_SEC,CL065428,ICICIBANK,S,228,1136.36,259090.08
11-23-2025,OMEGA_BROKING,CL209577,RELIANCE,B,14,1372.02,19208.28
11-25-2025,BETA_INVEST,CL604304,RELIANCE,S,394,2760.83,1087767.02
2025-11-20,DELTA_TRADES,CL267919,AXISBANK,S,171,1086.73,185830.83
11-22-2025,DELTA_TRADES,CL013109,ICICIBANK,S,216,1793.82,387465.12
2025-11-26,OMEGA_BROKING,CL290402,AXISBANK,S,241,2795.57,673732.37
2025-11-22,DELTA_TRADES,CL048752,ITC,B,125,530.86,66357.5
11-24-2025,BETA_INVEST,CL958948,ITC,S,87,2795.4,243199.8
26/11/2025,OMEGA_BROKING,CL107019,RELIANCE,B,136,1822.69,247885.84
29/11/2025,ALPHA_SEC,CL942133,AXISBANK,S,18,2741.95,49355.1
2025-11-24,BETA_INVEST,CL557874,ICICIBANK,S,167,2741.58,457843.86
22/11/2025,ALPHA_SEC,CL892323,SBIN,B,265,462.29,122506.85
11-23-2025,ALPHA_SEC,CL709818,ICICIBANK,S,385,2454.05,944809.25
20-Nov-25,BETA_INVEST,CL236041,RELIANCE,B,199,2684.14,287795.89
11-21-2025,DELTA_TRADES,CL866913,INFY,B,99,2770.85,274314.15
26-Nov-25,ALPHA_SEC,CL582068,KOTAKBANK,S,208,1760.19,366119.52
11-26-2025,ALPHA_SEC,CL792190,ICICIBANK,B,224,367.62,82346.88
2025-11-22,BETA_INVEST,CL547277,LT,B,29,1385.32,40174.28
2025-11-24,BETA_INVEST,CL403560,TATAMOTORS,S,338,2511.1,848751.8
21-Nov-25,BETA_INVEST,CL643651,LT,B,22,1094.72,24083.84
23/11/2025,ALPHA_SEC,CL416865,ITC,B,347,1814.55,629648.85
22-Nov-25,OMEGA_BROKING,CL578768,ITC,B,179,854.14,152891.06
2025-11-26,ALPHA_SEC,CL418010,AXISBANK,S,308,2449.52,754452.16
26/11/2025,ALPHA_SEC,CL911258,KOTAKBANK,B,8,2273.89,18191.12
2025-11-23,OMEGA_BROKING,CL800260,AXISBANK,S,390,1977.95,771400.5
20-Nov-25,DELTA_TRADES,CL767287,AXISBANK,B,76,723.88,55014.88
26/11/2025,BETA_INVEST,CL450311,ITC,S,229,1955.41,447788.89
11-26-2025,DELTA_TRADES,CL659739,AXISBANK,B,138,1034.46,142755.48
21-Nov-25,OMEGA_BROKING,CL043065,HDFC,S,241,2517.75,606777.75
26/11/2025,BETA_INVEST,CL185312,INFY,B,41,2040.51,83660.91
26/11/2025,DELTA_TRADES,CL992556,ITC,S,15,1700.46,25506.9
22-Nov-25,ALPHA_SEC,CL502233,LT,S,315,1655.58,521507.7
11-26-2025,DELTA_TRADES,CL949998,SBIN,B,191,1307.27,249688.57
21-Nov-25,ALPHA_SEC,CL976272,ITC,S,109,556.22,60627.98
11-22-2025,OMEGA_BROKING,CL707138,ICICIBANK,B,329,1061.25,349151.25
22-Nov-25,ALPHA_SEC,CL074798,INFY,S,319,1856.16,592115.04
26/11/2025,BETA_INVEST,CL613657,ITC,S,121,1859.92,225050.32
26/11/2025,ALPHA_SEC,CL008639,SBIN,S,128,1263.09,161675.52
24-Nov-25,ALPHA_SEC,CL740001,TATAMOTORS,S,145,1684.83,244300.35
24-Nov-25,BETA_INVEST,CL868282,ITC,S,325,379.21,123243.25
2025-11-22,DELTA_TRADES,CL896216,RELIANCE,S,357,2560.02,913927.14
11-26-2025,ALPHA_SEC,CL218987,AXISBANK,S,349,1384.1,483050.9
11-22-2025,DELTA_TRADES,CL961570,ICICIBANK,B,166,585.2,97143.2
24/11/2025,BETA_INVEST,CL465474,ITC,B,356,1054.19,375291.64
23/11/2025,DELTA_TRADES,CL921338,INFY,B,25,1914.95,47873.75
21/11/2025,DELTA_TRADES,CL622715,LT,B,51,638.69,32573.19
21/11/2025,BETA_INVEST,CL769369,AXISBANK,S,351,1864.43,654414.93
2025-11-20,DELTA_TRADES,CL157782,HDFC,S,67,1660.25,111236.75
25/11/2025,BETA_INVEST,CL844983,SBIN,B,385,2621.36,1009223.6
11-24-2025,DELTA_TRADES,CL309100,RELIANCE,S,87,1735.24,150965.88
20-Nov-25,DELTA_TRADES,CL925581,ITC,S,378,1105.43,417852.54
29-Nov-25,OMEGA_BROKING,CL462576,ICICIBANK,S,349,756.93,264168.57
2025-11-25,OMEGA_BROKING,CL369742,ICICIBANK,B,209,1820.04,276644.78
2025-11-25,DELTA_TRADES,CL624531,RELIANCE,B,214,736.04,157512.56
11-23-2025,BETA_INVEST,CL144925,LT,B,205,477.37,97860.85
11-20-2025,ALPHA_SEC,CL095171,TATAMOTORS,B,236,709.46,167432.56
11-26-2025,BETA_INVEST,CL743769,LT,B,377,1265.8,477206.6
2025-11-22,ALPHA_SEC,CL203982,KOTAKBANK,B,303,755.56,228934.68
11-25-2025,DELTA_TRADES,CL364839,KOTAKBANK,S,135,1231.64,166271.4
26/11/2025,BETA_INVEST,CL615345,ITC,B,272,1267.69,344811.68
20/11/2025,ALPHA_SEC,CL417997,INFY,S,365,632.04,230694.6
2025-11-22,OMEGA_BROKING,CL233734,LT,S,226,2572.08,581290.08
2025-11-22,ALPHA_SEC,CL054358,SBIN,S,162,1329.81,215429.22
2025-11-21,BETA_INVEST,CL579581,HDFC,B,331,2599.51,860437.81
23/11/2025,OMEGA_BROKING,CL134648,LT,S,82,262.71,21542.22
20-Nov-25,DELTA_TRADES,CL794048,TATAMOTORS,S,81,133.09,10780.29
21/11/2025,DELTA_TRADES,CL941121,AXISBANK,S,167,2084.24,348068.08
24/11/2025,BETA_INVEST,CL464434,SBIN,S,393,1157.2,454779.6
20-Nov-25,ALPHA_SEC,CL257024,TATAMOTORS,B,384,366.44,140712.96
25-Nov-25,ALPHA_SEC,CL454444,KOTAKBANK,B,394,1785.81,703609.14
11-22-2025,ALPHA_SEC,CL112018,ICICIBANK,S,81,176.72,14314.32
2025-11-26,OMEGA_BROKING,CL033710,HDFC,S,123,672.54,82722.42
11-21-2025,OMEGA_BROKING,CL332560,ICICIBANK,B,268,881.76,
11-23-2025,DELTA_TRADES,CL162476,AXISBANK,S,372,2489.98,926272.56
20-Nov-25,BETA_INVEST,CL301708,INFY,S,27,2065.53,55769.31
2025-11-20,ALPHA_SEC,CL061316,ICICIBANK,S,121,1720.45,208174.45
21-Nov-25,BETA_INVEST,CL011088,TATAMOTORS,S,71,2564.47,182077.37
26/11/2025,ALPHA_SEC,CL024299,HDFC,B,262,2799.65,733508.3
21-Nov-25,BETA_INVEST,CL905902,AXISBANK,S,400,1183.01,473204.0
24-Nov-25,DELTA_TRADES,CL201366,SBIN,S,170,1703.57,289606.9
20-Nov-25,DELTA_TRADES,CL961316,LT,S,146,1314.36,
2025-11-21,OMEGA_BROKING,CL528091,KOTAKBANK,S,144,2182.11,314223.84
25/11/2025,BETA_INVEST,CL281107,AXISBANK,B,289,237.91,68755.99
25-Nov-25,BETA_INVEST,CL844904,SBIN,B,161,1980.04,318786.44
2025-11-20,OMEGA_BROKING,CL711081,SBIN,S,213,940.49,200324.37
20-Nov-25,DELTA_TRADES,CL614402,SBIN,B,138,2159.99,298078.62
23/11/2025,BETA_INVEST,CL513369,HDFC,B,87,934.75,81323.25
2025-11-25,OMEGA_BROKING,CL154102,TATAMOTORS,S,387,1689.93,654002.91
23-Nov-25,DELTA_TRADES,CL229390,KOTAKBANK,B,263,1871.75,492270.25
2025-11-29,ALPHA_SEC,CL127435,INFY,S,42,444.33,18661.86
2025-11-22,OMEGA_BROKING,CL284886,ICICIBANK,S,348,426.99,148592.52
2025-11-20,DELTA_TRADES,CL831804,TATAMOTORS,B,81,1081.07,87566.67
29/11/2025,BETA_INVEST,CL270678,ICICIBANK,S,351,1403.04,492467.04
2025-11-26,BETA_INVEST,CL866847,RELIANCE,B,304,2461.47,748286.88
2025-11-24,OMEGA_BROKING,CL818653,ITC,S,399,570.25,227529.75
11-25-2025,ALPHA_SEC,CL063175,RELIANCE,S,315,1540.04,485112.6
26-Nov-25,OMEGA_BROKING,CL649048,ICICIBANK,S,21,480.19,10083.99
2025-11-23,BETA_INVEST,CL717826,ICICIBANK,S,96,1125.38,108036.48
22/11/2025,OMEGA_BROKING,CL194393,SBIN,S,38,1088.44,41360.72
11-24-2025,ALPHA_SEC,CL724768,KOTAKBANK,B,112,236.12,26445.44
26/11/2025,ALPHA_SEC,CL769467,ICICIBANK,S,368,2404.64,884907.52
25/11/2025,OMEGA_BROKING,CL082328,TATAMOTORS,B,110,151.93,16712.3
21-Nov-25,ALPHA_SEC,CL560591,RELIANCE,S,61,386.69,23588.09
11-23-2025,ALPHA_SEC,CL240138,HDFC,B,116,2675.17,310319.72
11-26-2025,BETA_INVEST,CL157750,ITC,S,333,2202.73,733509.09
2025-11-25,BETA_INVEST,CL711958,AXISBANK,B,295,2433.9,718000.5
22/11/2025,BETA_INVEST,CL421971,ICICIBANK,B,272,1038.57,282491.04
22-Nov-25,DELTA_TRADES,CL814841,ITC,S,110,599.07,65897.7
2025-11-23,BETA_INVEST,CL647365,LT,B,385,1800.34,693130.9
23-Nov-25,BETA_INVEST,CL180214,INFY,S,91,1942.32,176751.12
11-22-2025,BETA_INVEST,CL725545,INFY,B,339,1772.76,600965.64
21/11/2025,DELTA_TRADES,CL057451,HDFC,S,244,670.49,163599.56
11-22-2025,BETA_INVEST,CL401406,TATAMOTORS,B,138,1222.37,168687.06
11-21-2025,ALPHA_SEC,CL587956,INFY,B,56,645.43,36144.08
2025-11-24,BETA_INVEST,CL980190,TATAMOTORS,S,2,1121.89,2243.78
2025-11-22,OMEGA_BROKING,CL282969,KOTAKBANK,S,185,1078.92,199600.2
25/11/2025,BETA_INVEST,CL831928,AXISBANK,B,164,2709.38,444338.32
2025-11-24,BETA_INVEST,CL705081,ICICIBANK,S,212,2634.31,558473.72
23-Nov-25,DELTA_TRADES,CL712160,HDFC,B,17,1751.74,29779.58
26/11/2025,BETA_INVEST,CL324783,ICICIBANK,B,270,1101.3,297351.0
22-Nov-25,BETA_INVEST,CL158375,TATAMOTORS,B,287,1432.97,411262.39
2025-11-23,OMEGA_BROKING,CL130012,ICICIBANK,S,243,949.94,230835.42
24/11/2025,DELTA_TRADES,CL404753,TATAMOTORS,S,224,2266.79,507760.96
11-22-2025,BETA_INVEST,CL164160,LT,B,142,759.88,107902.96
25/11/2025,DELTA_TRADES,CL989667,ITC,S,140,2454.89,343684.6
2025-11-26,OMEGA_BROKING,CL839128,SBIN,B,41,785.1,32189.1
20-Nov-25,ALPHA_SEC,CL121237,INFY,B,355,220.0,78100.0
20-Nov-25,BETA_INVEST,CL028734,INFY,S,96,2067.99,198527.04
21/11/2025,DELTA_TRADES,CL146378,SBIN,B,128,1276.97,163452.16
24/11/2025,ALPHA_SEC,CL798234,LT,S,234,103.64,24251.76
20-Nov-25,DELTA_TRADES,CL359954,AXISBANK,S,110,1602.19,176240.9
2025-11-21,OMEGA_BROKING,CL512298,LT,S,305,526.3,160521.5
21-Nov-25,DELTA_TRADES,CL547360,ITC,S,383,441.13,168952.79
25-Nov-25,DELTA_TRADES,CL655643,RELIANCE,S,323,1304.86,421469.78
23/11/2025,DELTA_TRADES,CL593979,ICICIBANK,B,268,2094.87,561425.16
22/11/2025,ALPHA_SEC,CL872384,HDFC,S,298,593.18,176767.64
2025-11-23,ALPHA_SEC,CL893406,AXISBANK,S,106,2232.82,236678.92
20-Nov-25,OMEGA_BROKING,CL122558,RELIANCE,S,285,380.93,108565.05
11-24-2025,DELTA_TRADES,CL109310,INFY,B,46,1830.79,84216.34
11-23-2025,OMEGA_BROKING,CL382870,HDFC,S,354,2279.13,806812.02
11-21-2025,ALPHA_SEC,CL833600,RELIANCE,S,277,1248.13,345732.01
22/11/2025,OMEGA_BROKING,CL854093,TATAMOTORS,B,216,1230.4,265766.4
2025-11-20,OMEGA_BROKING,CL388636,KOTAKBANK,B,132,1054.38,139178.16
2025-11-26,DELTA_TRADES,CL795301,TATAMOTORS,S,310,1427.67,442577.7
21/11/2025,BETA_INVEST,CL603675,LT,B,148,1187.78,175791.44
24/11/2025,ALPHA_SEC,CL220380,LT,S,285,2351.65,670220.25
11-20-2025,OMEGA_BROKING,CL636110,KOTAKBANK,B,167,2747.34,458805.78
2025-11-21,ALPHA_SEC,CL601063,SBIN,B,385,1533.77,
23/11/2025,BETA_INVEST,CL137448,TATAMOTORS,S,4,1050.67,4202.68
11-21-2025,OMEGA_BROKING,CL938079,LT,B,259,1964.8,508883.2
21-Nov-25,ALPHA_SEC,CL823375,SBIN,S,301,957.48,288201.48
26-Nov-25,OMEGA_BROKING,CL338597,TATAMOTORS,B,275,2389.41,657087.75
24/11/2025,BETA_INVEST,CL793814,AXISBANK,B,323,1111.38,358975.74
22/11/2025,BETA_INVEST,CL594445,ICICIBANK,S,229,954.35,218546.15
23-Nov-25,ALPHA_SEC,CL891934,INFY,S,255,2760.16,703840.8
20/11/2025,OMEGA_BROKING,CL411001,ICICIBANK,S,39,2524.71,98463.69
21-Nov-25,OMEGA_BROKING,CL490602,KOTAKBANK,B,95,1264.1,120089.5
11-24-2025,ALPHA_SEC,CL789075,ICICIBANK,B,107,875.33,93660.31
11-26-2025,DELTA_TRADES,CL454115,AXISBANK,B,378,574.74,217251.72
23/11/2025,DELTA_TRADES,CL936507,ICICIBANK,B,163,896.03,146052.89
26/11/2025,OMEGA_BROKING,CL493249,LT,B,44,2639.42,116134.48
20-Nov-25,DELTA_TRADES,CL890822,ICICIBANK,B,372,2098.24,780545.28
11-21-2025,OMEGA_BROKING,CL201762,RELIANCE,S,9,1804.89,16244.01
11-20-2025,BETA_INVEST,CL175646,ITC,B,146,2292.2,334661.2
26/11/2025,DELTA_TRADES,CL502582,HDFC,B,65,2744.51,178393.15
20-Nov-25,OMEGA_BROKING,CL291289,ITC,S,293,1801.45,527824.85
11-22-2025,DELTA_TRADES,CL976048,TATAMOTORS,S,352,211.07,74296.64
11-23-2025,BETA_INVEST,CL025715,RELIANCE,B,227,808.89,183618.03
2025-11-25,BETA_INVEST,CL484109,KOTAKBANK,B,6,2274.01,13644.06
26/11/2025,DELTA_TRADES,CL648329,TATAMOTORS,B,398,2627.02,1045553.96
11-25-2025,ALPHA_SEC,CL391407,TATAMOTORS,B,214,383.51,82071.14
11-24-2025,DELTA_TRADES,CL280873,KOTAKBANK,B,59,1028.48,60680.32
24/11/2025,DELTA_TRADES,CL133565,RELIANCE,B,251,542.03,136049.53
11-21-2025,OMEGA_BROKING,CL824187,INFY,S,250,860.16,215040.0
21/11/2025,ALPHA_SEC,CL400085,LT,B,324,1126.79,365079.96
24-Nov-25,ALPHA_SEC,CL937230,INFY,B,375,130.11,48791.25
20-Nov-25,OMEGA_BROKING,CL795735,HDFC,B,267,598.15,159706.05
11-20-2025,ALPHA_SEC,CL023003,ICICIBANK,S,168,738.58,124081.44
23/11/2025,DELTA_TRADES,CL422209,HDFC,S,380,1814.45,689491.0
2025-11-20,OMEGA_BROKING,CL842727,SBIN,B,186,302.8,56320.8
11-25-2025,OMEGA_BROKING,CL499721,HDFC,B,397,2760.81,1096041.57
21/11/2025,ALPHA_SEC,CL715723,ITC,S,189,1200.46,226886.94
22/11/2025,OMEGA_BROKING,CL626655,ITC,B,303,1203.55,364675.65
2025-11-20,BETA_INVEST,CL779358,ICICIBANK,S,58,327.56,18998.48
11-26-2025,ALPHA_SEC,CL059429,AXISBANK,S,132,1376.16,181653.12
26-Nov-25,ALPHA_SEC,CL501239,RELIANCE,B,178,2095.28,372959.84
25-Nov-25,DELTA_TRADES,CL304369,SBIN,S,260,1787.58,464770.8
21-Nov-25,OMEGA_BROKING,CL278656,KOTAKBANK,B,246,1439.87,354208.02
23-Nov-25,ALPHA_SEC,CL607234,HDFC,S,85,130.35,11079.75
21-Nov-25,ALPHA_SEC,CL082930,LT,B,308,1695.5,522214.0
24/11/2025,DELTA_TRADES,CL327857,ITC,B,75,758.8,56910.0
26-Nov-25,OMEGA_BROKING,CL232633,AXISBANK,B,16,1438.28,23012.48
11-23-2025,DELTA_TRADES,CL478191,TATAMOTORS,S,217,1677.11,363932.87
20-Nov-25,BETA_INVEST,CL774202,LT,B,346,1056.85,
25-Nov-25,ALPHA_SEC,CL441164,RELIANCE,S,7,1354.92,9484.44
2025-11-20,OMEGA_BROKING,CL173139,ITC,B,67,2426.65,162585.55
11-26-2025,BETA_INVEST,CL166910,SBIN,S,268,1653.06,443020.08
22/11/2025,ALPHA_SEC,CL411782,ITC,B,306,2648.09,810315.54
23/11/2025,DELTA_TRADES,CL170834,AXISBANK,B,312,2412.31,752640.72
24-Nov-25,DELTA_TRADES,CL985269,RELIANCE,S,165,2267.66,374163.9
25/11/2025,DELTA_TRADES,CL599529,LT,B,158,966.02,152631.16
25/11/2025,ALPHA_SEC,CL745752,INFY,B,221,542.22,119830.62
26/11/2025,BETA_INVEST,CL408401,HDFC,S,375,628.64,235740.0
2025-11-22,ALPHA_SEC,CL925417,ITC,B,109,2233.32,243431.88
11-25-2025,DELTA_TRADES,CL641374,KOTAKBANK,B,223,1425.37,317857.51
2025-11-21,OMEGA_BROKING,CL094721,LT,S,163,1912.35,311713.05
24/11/2025,BETA_INVEST,CL924481,RELIANCE,S,383,2408.93,922620.19
2025-11-26,ALPHA_SEC,CL589360,INFY,S,21,1838.36,38605.56
22-Nov-25,DELTA_TRADES,CL333393,LT,B,64,1768.24,113167.36
2025-11-22,BETA_INVEST,CL490909,SBIN,S,349,289.79,101136.71
2025-11-24,BETA_INVEST,CL936885,ITC,S,276,1024.33,282715.08
11-23-2025,ALPHA_SEC,CL502492,AXISBANK,S,207,255.55,52898.85
11-26-2025,DELTA_TRADES,CL967933,RELIANCE,S,162,1886.68,305642.16
21/11/2025,OMEGA_BROKING,CL972925,SBIN,B,292,1398.81,408452.52
21/11/2025,OMEGA_BROKING,CL675360,ICICIBANK,B,33,2507.56,82749.48
20/11/2025,OMEGA_BROKING,CL466478,ICICIBANK,S,398,2274.37,905199.26
11-21-2025,OMEGA_BROKING,CL053238,KOTAKBANK,S,64,2475.69,158444.16
20/11/2025,BETA_INVEST,CL723993,INFY,B,170,1075.85,182894.5
2025-11-24,OMEGA_BROKING,CL320479,KOTAKBANK,S,43,1142.87,49143.41
2025-11-21,BETA_INVEST,CL176836,HDFC,S,363,1448.45,525787.35
2025-11-26,ALPHA_SEC,CL022602,ITC,B,305,665.91,203102.55
11-24-2025,BETA_INVEST,CL234665,KOTAKBANK,B,258,468.35,120834.3
22-Nov-25,DELTA_TRADES,CL826042,ITC,B,125,2028.05,253506.25
20/11/2025,BETA_INVEST,CL809389,KOTAKBANK,S,323,1606.02,518744.46
24-Nov-25,BETA_INVEST,CL420235,ITC,B,144,1935.51,278713.44
11-26-2025,OMEGA_BROKING,CL708101,LT,B,132,2345.88,309656.16
24-Nov-25,OMEGA_BROKING,CL110174,AXISBANK,S,26,799.41,20784.66
2025-11-25,BETA_INVEST,CL558654,AXISBANK,B,392,397.91,155980.72
21-Nov-25,ALPHA_SEC,CL485099,TATAMOTORS,B,238,202.69,48240.22
21/11/2025,OMEGA_BROKING,CL502395,SBIN,S,139,739.02,102723.78
11-25-2025,DELTA_TRADES,CL297884,LT,B,9,1109.27,
25/11/2025,BETA_INVEST,CL935733,RELIANCE,B,383,757.08,289961.64
2025-11-23,BETA_INVEST,CL988007,RELIANCE,S,218,1590.38,346702.84
11-23-2025,BETA_INVEST,CL877843,TATAMOTORS,B,61,2770.32,168989.52
22-Nov-25,OMEGA_BROKING,CL891411,AXISBANK,S,358,2572.03,920786.74
21/11/2025,OMEGA_BROKING,CL921878,ITC,B,222,1035.01,229772.22
11-23-2025,OMEGA_BROKING,CL875825,RELIANCE,S,220,1562.37,343721.4
26/11/2025,ALPHA_SEC,CL359661,KOTAKBANK,B,335,223.11,74741.85
24/11/2025,DELTA_TRADES,CL425582,INFY,B,278,942.35,261973.3
2025-11-22,OMEGA_BROKING,CL683546,RELIANCE,B,86,2106.34,181145.24
20/11/2025,OMEGA_BROKING,CL967402,RELIANCE,S,302,1275.08,385074.16
24/11/2025,OMEGA_BROKING,CL708370,KOTAKBANK,B,112,1982.87,222081.44
26-Nov-25,DELTA_TRADES,CL673880,RELIANCE,B,392,2222.25,871122.0
2025-11-22,ALPHA_SEC,CL361271,TATAMOTORS,S,273,1592.83,434842.59
23-Nov-25,ALPHA_SEC,CL401950,HDFC,B,368,1034.37,380648.16
23-Nov-25,DELTA_TRADES,CL856354,KOTAKBANK,B,93,767.14,71344.02
26-Nov-25,ALPHA_SEC,CL941331,RELIANCE,S,63,1959.0,123417.0
20/11/2025,OMEGA_BROKING,CL637899,AXISBANK,B,68,602.06,40940.08
25/11/2025,ALPHA_SEC,CL859610,INFY,B,125,899.6,112450.0
22/11/2025,ALPHA_SEC,CL958572,HDFC,S,49,1077.19,52782.31
2025-11-24,OMEGA_BROKING,CL477461,AXISBANK,B,236,1639.3,386874.8
11-22-2025,DELTA_TRADES,CL119789,TATAMOTORS,S,388,1930.32,748964.16
2025-11-20,OMEGA_BROKING,CL300718,AXISBANK,S,383,1878.97,719645.51
2025-11-24,ALPHA_SEC,CL809535,RELIANCE,S,172,2344.98,403336.56
2025-11-22,ALPHA_SEC,CL245236,TATAMOTORS,S,196,280.4,54958.4
2025-11-25,BETA_INVEST,CL581799,LT,S,384,1136.62,436462.08
25/11/2025,OMEGA_BROKING,CL973985,ITC,B,41,1135.33,46548.53
11-21-2025,BETA_INVEST,CL235794,TATAMOTORS,S,61,633.58,38648.38
24-Nov-25,OMEGA_BROKING,CL469878,ITC,B,237,1961.16,464794.92
2025-11-26,DELTA_TRADES,CL546096,HDFC,S,292,347.14,101364.88
22/11/2025,DELTA_TRADES,CL426821,AXISBANK,B,303,1633.11,
20/11/2025,DELTA_TRADES,CL322233,LT,S,330,1144.73,377760.9
2025-11-22,ALPHA_SEC,CL989776,ITC,B,32,497.57,15922.24
23-Nov-25,OMEGA_BROKING,CL040822,LT,S,270,417.82,112811.4
29/11/2025,DELTA_TRADES,CL787072,RELIANCE,S,105,1827.22,191858.1
11-21-2025,BETA_INVEST,CL858891,LT,S,93,1760.22,163700.46
20/11/2025,BETA_INVEST,CL864545,TATAMOTORS,S,55,1782.28,98025.4
2025-11-24,BETA_INVEST,CL259241,ICICIBANK,B,361,2203.9,795607.9
2025-11-29,BETA_INVEST,CL233798,ICICIBANK,B,258,2134.25,550636.5
21/11/2025,ALPHA_SEC,CL262207,INFY,B,227,136.08,30890.16
11-21-2025,DELTA_TRADES,CL125133,ICICIBANK,B,72,658.97,47445.84
23-Nov-25,ALPHA_SEC,CL871297,RELIANCE,S,28,1827.3,51164.4
20/11/2025,DELTA_TRADES,CL785208,SBIN,S,7,1426.7,9986.9
23-Nov-25,OMEGA_BROKING,CL997094,ITC,B,282,1100.04,310211.28
2025-11-25,BETA_INVEST,CL368711,HDFC,B,28,574.33,16081.24
2025-11-24,ALPHA_SEC,CL306720,RELIANCE,B,46,1669.09,
25/11/2025,ALPHA_SEC,CL693274,LT,B,42,1413.62,59372.04
11-20-2025,ALPHA_SEC,CL150417,HDFC,S,214,1936.55,
2025-11-23,BETA_INVEST,CL098751,ICICIBANK,S,303,400.59,121378.77
11-21-2025,ALPHA_SEC,CL831673,TATAMOTORS,S,164,1010.48,165718.72
11-26-2025,OMEGA_BROKING,CL521786,TATAMOTORS,S,110,2634.75,289822.5
23-Nov-25,DELTA_TRADES,CL651562,KOTAKBANK,B,7,1523.43,10664.01
2025-11-20,OMEGA_BROKING,CL291066,TATAMOTORS,S,234,585.82,137081.88
22-Nov-25,OMEGA_BROKING,CL391464,INFY,S,295,787.71,232374.45
23-Nov-25,OMEGA_BROKING,CL717950,ITC,B,291,1950.01,567452.91
24/11/2025,ALPHA_SEC,CL454673,AXISBANK,B,375,768.24,288090.0
20/11/2025,ALPHA_SEC,CL617915,HDFC,S,99,2037.58,201720.42
25-Nov-25,BETA_INVEST,CL367924,INFY,B,32,1371.65,43892.8
26/11/2025,BETA_INVEST,CL169656,KOTAKBANK,B,181,537.33,97256.73
2025-11-24,ALPHA_SEC,CL586753,TATAMOTORS,S,69,2641.98,182296.62
23-Nov-25,DELTA_TRADES,CL356855,KOTAKBANK,S,275,1172.06,322316.5
21-Nov-25,BETA_INVEST,CL550696,INFY,S,389,322.4,125413.6
25/11/2025,BETA_INVEST,CL238255,INFY,S,127,2749.49,349185.23
22/11/2025,DELTA_TRADES,CL763043,KOTAKBANK,S,23,1138.33,26181.59
11-21-2025,OMEGA_BROKING,CL076012,ICICIBANK,B,202,1365.86,275903.72
25-Nov-25,ALPHA_SEC,CL801015,RELIANCE,B,268,128.49,34435.32
26-Nov-25,ALPHA_SEC,CL413525,ITC,S,18,1641.94,29554.92
2025-11-26,BETA_INVEST,CL802951,KOTAKBANK,S,343,2285.0,783755.0
11-21-2025,ALPHA_SEC,CL721256,LT,B,267,2688.21,717752.07
11-23-2025,ALPHA_SEC,CL149665,TATAMOTORS,B,149,1404.82,209318.18
11-23-2025,BETA_INVEST,CL351760,ITC,S,350,2758.88,965608.0
22/11/2025,DELTA_TRADES,CL969055,ICICIBANK,B,136,224.49,30530.64
21/11/2025,DELTA_TRADES,CL178468,AXISBANK,B,135,1649.54,222687.9
25-Nov-25,ALPHA_SEC,CL807995,RELIANCE,S,45,1953.4,87903.0
11-23-2025,ALPHA_SEC,CL680704,HDFC,B,21,269.37,5656.77
21-Nov-25,DELTA_TRADES,CL570874,AXISBANK,B,4,414.32,1657.28
25-Nov-25,DELTA_TRADES,CL465317,LT,B,230,1005.18,231191.4
11-26-2025,ALPHA_SEC,CL789550,SBIN,S,39,1850.71,72177.69
2025-11-22,ALPHA_SEC,CL052462,RELIANCE,S,195,367.22,71607.9
2025-11-26,ALPHA_SEC,CL915996,HDFC,S,85,2655.27,225697.95
23/11/2025,OMEGA_BROKING,CL104546,LT,S,201,228.55,45938.55
25-Nov-25,ALPHA_SEC,CL668792,INFY,S,13,1746.78,22708.14
11-23-2025,DELTA_TRADES,CL684276,ITC,B,183,1590.14,290995.62
2025-11-25,ALPHA_SEC,CL842302,ICICIBANK,B,346,734.33,254078.18
22/11/2025,OMEGA_BROKING,CL246363,TATAMOTORS,B,183,538.02,98457.66
24-Nov-25,OMEGA_BROKING,CL481679,AXISBANK,B,87,990.32,86157.84
25/11/2025,ALPHA_SEC,CL214760,KOTAKBANK,S,113,2715.94,306901.22
25-Nov-25,OMEGA_BROKING,CL333545,HDFC,B,173,1517.7,262562.1
2025-11-25,DELTA_TRADES,CL395865,LT,S,301,583.45,175618.45
2025-11-25,DELTA_TRADES,CL485584,TATAMOTORS,S,220,677.29,149003.8
11-26-2025,ALPHA_SEC,CL612617,RELIANCE,S,267,1855.01,495287.67
2025-11-25,BETA_INVEST,CL360995,ICICIBANK,S,164,2730.96,447877.44
22/11/2025,ALPHA_SEC,CL557618,SBIN,B,78,421.52,32878.56
11-23-2025,DELTA_TRADES,CL520476,RELIANCE,B,31,729.01,22599.31
2025-11-29,OMEGA_BROKING,CL032351,AXISBANK,B,341,1522.74,519254.34
11-21-2025,ALPHA_SEC,CL761700,HDFC,S,38,2371.24,90107.12
2025-11-24,OMEGA_BROKING,CL623574,LT,S,15,1536.67,23050.05
23-Nov-25,OMEGA_BROKING,CL090930,INFY,B,378,1982.67,749449.26
2025-11-22,DELTA_TRADES,CL095043,RELIANCE,S,259,203.35,52667.65
11-26-2025,DELTA_TRADES,CL358590,LT,S,62,2496.44,154779.28
11-22-2025,ALPHA_SEC,CL822718,TATAMOTORS,S,213,1368.99,291594.87
2025-11-26,DELTA_TRADES,CL360240,SBIN,B,98,1222.1,119765.8
11-20-2025,OMEGA_BROKING,CL622118,TATAMOTORS,B,352,1082.64,381089.28
2025-11-20,OMEGA_BROKING,CL391717,HDFC,S,387,801.2,310064.4
2025-11-29,ALPHA_SEC,CL280327,LT,B,349,711.24,248222.76
20/11/2025,OMEGA_BROKING,CL678588,RELIANCE,S,99,1864.89,184624.11
24/11/2025,OMEGA_BROKING,CL552853,SBIN,S,299,2496.98,746597.02
23/11/2025,BETA_INVEST,CL159838,KOTAKBANK,B,284,2460.66,698827.44
11-26-2025,OMEGA_BROKING,CL038788,HDFC,B,293,702.36,205791.48
22-Nov-25,DELTA_TRADES,CL192311,RELIANCE,B,209,1468.58,306933.22
24-Nov-25,ALPHA_SEC,CL071519,HDFC,S,305,763.41,232840.05
21-Nov-25,DELTA_TRADES,CL308314,ITC,B,67,2590.09,173536.03
11-25-2025,DELTA_TRADES,CL900307,INFY,B,216,666.65,143996.4
21/11/2025,OMEGA_BROKING,CL511372,ICICIBANK,S,58,1076.91,62460.78
2025-11-21,ALPHA_SEC,CL633314,AXISBANK,B,7,544.38,3810.66
11-21-2025,ALPHA_SEC,CL527789,TATAMOTORS,S,328,2183.07,716046.96
2025-11-23,BETA_INVEST,CL685325,ITC,B,295,806.31,237861.45
2025-11-23,DELTA_TRADES,CL732939,INFY,B,293,779.15,228290.95
26/11/2025,DELTA_TRADES,CL363999,INFY,S,164,2324.22,381172.08
11-23-2025,BETA_INVEST,CL917406,TATAMOTORS,B,294,523.02,153767.88
2025-11-22,DELTA_TRADES,CL527878,HDFC,S,249,1496.85,372715.65
20-Nov-25,DELTA_TRADES,CL736520,HDFC,S,265,1217.07,322523.55
26-Nov-25,OMEGA_BROKING,CL279764,LT,B,28,757.43,21208.04
11-25-2025,DELTA_TRADES,CL164672,INFY,S,152,2594.21,394319.92
23-Nov-25,BETA_INVEST,CL028200,SBIN,B,228,1724.31,393142.68
25-Nov-25,DELTA_TRADES,CL754696,SBIN,B,345,2486.49,857839.05
20/11/2025,ALPHA_SEC,CL859717,KOTAKBANK,S,369,837.99,309218.31
25/11/2025,OMEGA_BROKING,CL788701,ITC,B,299,2209.14,660532.86
22-Nov-25,OMEGA_BROKING,CL098126,ITC,S,143,2124.05,303739.15
25/11/2025,BETA_INVEST,CL414189,SBIN,B,79,863.43,68210.97
2025-11-25,OMEGA_BROKING,CL869546,KOTAKBANK,B,343,247.47,84882.21
23-Nov-25,OMEGA_BROKING,CL603821,TATAMOTORS,S,328,699.25,229354.0
26-Nov-25,ALPHA_SEC,CL918885,LT,B,153,604.21,92444.13
2025-11-20,DELTA_TRADES,CL665651,RELIANCE,B,268,371.58,99583.44
2025-11-22,OMEGA_BROKING,CL917994,RELIANCE,B,170,366.58,62318.6
2025-11-21,ALPHA_SEC,CL981052,KOTAKBANK,S,89,1782.9,158678.1
11-23-2025,BETA_INVEST,CL793990,LT,B,135,974.45,131550.75
26-Nov-25,OMEGA_BROKING,CL674609,RELIANCE,S,126,2249.63,283453.38
2025-11-22,DELTA_TRADES,CL340385,LT,S,142,2258.45,320699.9
11-20-2025,OMEGA_BROKING,CL843733,HDFC,S,358,1571.72,562675.76
11-25-2025,DELTA_TRADES,CL683975,SBIN,B,302,2561.35,773527.7
2025-11-24,DELTA_TRADES,CL363600,RELIANCE,B,272,444.02,120773.44
2025-11-23,OMEGA_BROKING,CL324783,TATAMOTORS,S,113,1554.2,175624.6
22-Nov-25,DELTA_TRADES,CL851402,AXISBANK,S,135,1456.15,196580.25
2025-11-21,ALPHA_SEC,CL758553,KOTAKBANK,B,208,426.41,88693.28
20-Nov-25,DELTA_TRADES,CL692862,AXISBANK,B,140,1077.44,150841.6
24/11/2025,DELTA_TRADES,CL243747,ITC,S,185,1691.84,312990.4
11-21-2025,OMEGA_BROKING,CL962790,TATAMOTORS,B,169,303.93,51364.17
11-22-2025,DELTA_TRADES,CL933941,INFY,S,354,2363.01,836505.54
11-24-2025,DELTA_TRADES,CL623427,SBIN,S,254,1219.92,309859.68
20/11/2025,OMEGA_BROKING,CL469930,ITC,S,388,1874.85,727441.8
22-Nov-25,OMEGA_BROKING,CL696664,LT,B,389,1044.87,406454.43
11-24-2025,DELTA_TRADES,CL770611,TATAMOTORS,S,84,2364.98,198658.32
11-24-2025,ALPHA_SEC,CL056472,RELIANCE,S,351,2714.72,952866.72
21-Nov-25,ALPHA_SEC,CL303208,HDFC,B,1,919.85,919.85
11-29-2025,OMEGA_BROKING,CL852400,SBIN,S,326,1122.93,366075.18
11-26-2025,DELTA_TRADES,CL060341,KOTAKBANK,B,9,2693.87,24244.83
26-Nov-25,ALPHA_SEC,CL762002,TATAMOTORS,S,73,1126.25,82216.25
24-Nov-25,ALPHA_SEC,CL223578,LT,B,2,769.38,1538.76
26-Nov-25,BETA_INVEST,CL859085,INFY,S,226,184.28,41647.28
11-26-2025,BETA_INVEST,CL825168,AXISBANK,B,187,2643.19,494276.53
22-Nov-25,OMEGA_BROKING,CL350408,ICICIBANK,B,38,1938.53,73664.14
2025-11-20,DELTA_TRADES,CL203778,LT,B,386,2046.73,790037.78
22-Nov-25,DELTA_TRADES,CL860868,SBIN,S,237,1062.61,251838.57
20-Nov-25,ALPHA_SEC,CL517536,AXISBANK,S,152,1238.01,188177.52
11-26-2025,OMEGA_BROKING,CL699149,RELIANCE,B,169,283.46,47904.74
11-22-2025,DELTA_TRADES,CL417556,ICICIBANK,B,175,2524.85,441848.75
23/11/2025,BETA_INVEST,CL451472,TATAMOTORS,S,149,988.66,147310.34
11-25-2025,ALPHA_SEC,CL736614,TATAMOTORS,S,20,2185.72,43714.4
24/11/2025,BETA_INVEST,CL472291,HDFC,S,373,1921.4,716682.2
20/11/2025,DELTA_TRADES,CL248235,AXISBANK,S,80,1571.74,125739.2
2025-11-22,BETA_INVEST,CL491134,LT,B,214,2450.41,
2025-11-23,ALPHA_SEC,CL937996,AXISBANK,S,379,392.21,148647.59
11-23-2025,ALPHA_SEC,CL084760,AXISBANK,S,337,2563.8,864000.6
25-Nov-25,DELTA_TRADES,CL623879,RELIANCE,B,190,1841.73,349928.7
25-Nov-25,OMEGA_BROKING,CL487991,ICICIBANK,S,133,2176.79,289513.07
22-Nov-25,ALPHA_SEC,CL267702,KOTAKBANK,B,241,910.84,219512.44
2025-11-26,OMEGA_BROKING,CL230237,RELIANCE,B,91,1189.7,108262.7
26-Nov-25,ALPHA_SEC,CL712646,LT,S,266,1768.67,470466.22
23-Nov-25,DELTA_TRADES,CL697765,HDFC,S,144,117.79,16961.76
20/11/2025,ALPHA_SEC,CL178286,HDFC,B,347,2242.63,778192.61
21/11/2025,DELTA_TRADES,CL437422,LT,B,87,2218.18,192981.66
2025-11-23,ALPHA_SEC,CL263804,ITC,S,302,1310.67,395822.34
26-Nov-25,OMEGA_BROKING,CL911004,RELIANCE,B,136,2451.8,333444.8
22/11/2025,BETA_INVEST,CL676843,TATAMOTORS,B,272,1360.06,369936.32
2025-11-21,OMEGA_BROKING,CL029109,SBIN,S,272,2769.73,753366.56
25-Nov-25,BETA_INVEST,CL896525,KOTAKBANK,S,43,1489.42,64045.06
2025-11-21,ALPHA_SEC,CL553971,KOTAKBANK,S,50,2463.11,123155.5
23-Nov-25,BETA_INVEST,CL466612,TATAMOTORS,B,81,762.7,61778.7
23/11/2025,OMEGA_BROKING,CL706892,SBIN,S,143,1285.84,183875.12
11-26-2025,DELTA_TRADES,CL034810,INFY,S,218,1522.5,331905.0
11-21-2025,OMEGA_BROKING,CL276120,LT,S,85,1251.31,106361.35
26/11/2025,ALPHA_SEC,CL620360,INFY,B,69,2676.57,184683.33
2025-11-22,OMEGA_BROKING,CL886282,RELIANCE,S,390,944.28,368269.2
11-20-2025,ALPHA_SEC,CL589690,INFY,S,292,398.98,116502.16
2025-11-26,BETA_INVEST,CL059413,SBIN,S,346,1329.22,459910.12
20-Nov-25,ALPHA_SEC,CL203696,ICICIBANK,B,132,530.51,70027.32
23/11/2025,DELTA_TRADES,CL444188,ITC,S,154,1685.31,259537.74
24-Nov-25,DELTA_TRADES,CL433215,HDFC,B,50,933.48,46674.0
26-Nov-25,DELTA_TRADES,CL899975,LT,B,7,984.96,6894.72
24/11/2025,DELTA_TRADES,CL251168,ITC,B,177,2036.9,360531.3
29-Nov-25,OMEGA_BROKING,CL173636,LT,S,51,2396.24,122208.24
26/11/2025,OMEGA_BROKING,CL059825,LT,B,373,1211.32,451822.36
21-Nov-25,DELTA_TRADES,CL971242,KOTAKBANK,S,259,2233.76,578543.84
25-Nov-25,OMEGA_BROKING,CL938580,INFY,B,170,495.11,84168.7
26-Nov-25,DELTA_TRADES,CL514807,ICICIBANK,B,221,272.88,60306.48
24-Nov-25,ALPHA_SEC,CL360197,RELIANCE,B,376,2461.4,925486.4
11-26-2025,BETA_INVEST,CL141270,INFY,B,226,767.15,173375.9
11-22-2025,ALPHA_SEC,CL023638,TATAMOTORS,S,197,453.49,89337.53
11-20-2025,OMEGA_BROKING,CL594584,RELIANCE,S,391,2176.16,850878.56
11-21-2025,OMEGA_BROKING,CL208113,SBIN,B,105,2737.0,287385.0
23/11/2025,ALPHA_SEC,CL771176,INFY,B,207,1456.08,301408.56
24/11/2025,BETA_INVEST,CL422646,AXISBANK,B,236,1199.34,283044.24
2025-11-26,ALPHA_SEC,CL359597,ITC,S,368,1919.1,706228.8
2025-11-20,DELTA_TRADES,CL394589,RELIANCE,S,173,578.17,100023.41
20-Nov-25,OMEGA_BROKING,CL266382,TATAMOTORS,B,365,2290.42,836003.3
11-29-2025,BETA_INVEST,CL297815,ICICIBANK,B,183,660.47,120866.01
2025-11-21,ALPHA_SEC,CL554129,AXISBANK,S,273,2301.53,628317.69
11-23-2025,DELTA_TRADES,CL886779,ICICIBANK,S,143,685.59,98039.37
25/11/2025,DELTA_TRADES,CL405358,HDFC,B,60,730.23,43813.8
23-Nov-25,BETA_INVEST,CL245107,AXISBANK,S,29,1244.55,36091.95
25-Nov-25,ALPHA_SEC,CL268871,RELIANCE,S,117,885.43,103595.31
26-Nov-25,BETA_INVEST,CL362883,KOTAKBANK,B,358,497.88,240729.48
2025-11-22,ALPHA_SEC,CL618527,INFY,S,258,2432.29,627530.82
24-Nov-25,BETA_INVEST,CL438130,RELIANCE,B,80,1903.0,205028.99
11-20-2025,OMEGA_BROKING,CL932027,TATAMOTORS,B,383,2719.04,1041392.32
20/11/2025,DELTA_TRADES,CL225992,ITC,S,96,109.37,10499.52
22-Nov-25,ALPHA_SEC,CL502330,RELIANCE,S,398,116.76,51435.69
24-Nov-25,OMEGA_BROKING,CL622309,AXISBANK,B,218,1136.46,247748.28
24/11/2025,ALPHA_SEC,CL939413,INFY,B,332,807.55,268106.6
11-25-2025,ALPHA_SEC,CL916862,SBIN,B,126,1008.93,127125.18
2025-11-24,DELTA_TRADES,CL787276,KOTAKBANK,B,19,2400.66,45612.54
25-Nov-25,OMEGA_BROKING,CL939306,TATAMOTORS,B,222,261.5,58053.0
20-Nov-25,DELTA_TRADES,CL928704,TATAMOTORS,S,358,1016.11,363767.38
21-Nov-25,BETA_INVEST,CL026962,ITC,B,289,708.25,204684.25
11-25-2025,ALPHA_SEC,CL968331,ICICIBANK,B,213,2775.63,591209.19
2025-11-22,OMEGA_BROKING,CL063509,AXISBANK,B,370,1185.48,
22-Nov-25,DELTA_TRADES,CL443834,INFY,S,100,2744.12,274412.0
11-25-2025,BETA_INVEST,CL704760,RELIANCE,S,8,2208.17,17665.36
11-26-2025,BETA_INVEST,CL741819,RELIANCE,S,4,464.23,1856.92
21-Nov-25,DELTA_TRADES,CL696063,TATAMOTORS,B,377,475.14,179127.78
11-20-2025,DELTA_TRADES,CL446752,LT,B,81,2018.27,163479.87
23-Nov-25,OMEGA_BROKING,CL566014,RELIANCE,S,235,698.91,164243.85
24-Nov-25,ALPHA_SEC,CL390365,ITC,S,203,534.43,108489.29
26-Nov-25,BETA_INVEST,CL323222,ITC,S,275,1651.73,454225.75
24/11/2025,OMEGA_BROKING,CL677714,AXISBANK,S,42,1525.67,64078.14
11-23-2025,DELTA_TRADES,CL568941,INFY,S,50,523.51,26175.5
26/11/2025,BETA_INVEST,CL296914,HDFC,B,377,2751.8,1037428.6
11-21-2025,ALPHA_SEC,CL591459,KOTAKBANK,S,205,2098.47,430186.35
21-Nov-25,DELTA_TRADES,CL319465,SBIN,S,282,328.32,92586.24
24-Nov-25,ALPHA_SEC,CL701014,TATAMOTORS,S,391,465.51,182014.41
26-Nov-25,OMEGA_BROKING,CL985164,AXISBANK,B,232,2610.6,605659.2
24/11/2025,BETA_INVEST,CL604701,ICICIBANK,S,22,1952.43,
22/11/2025,OMEGA_BROKING,CL437906,HDFC,B,296,2617.99,774925.04
11-21-2025,ALPHA_SEC,CL138523,AXISBANK,S,303,988.73,299585.19
2025-11-25,DELTA_TRADES,CL540346,KOTAKBANK,B,7,902.24,6315.68
22/11/2025,OMEGA_BROKING,CL637181,LT,B,328,1036.83,340080.24
2025-11-20,BETA_INVEST,CL855449,KOTAKBANK,S,337,2133.88,719117.56
2025-11-26,OMEGA_BROKING,CL799237,AXISBANK,S,145,2040.45,295865.25
21-Nov-25,OMEGA_BROKING,CL353263,ICICIBANK,S,270,678.91,183305.7
11-24-2025,ALPHA_SEC,CL383710,LT,S,326,1512.83,493182.58
21-Nov-25,DELTA_TRADES,CL411971,RELIANCE,B,13,412.1,5357.3
20/11/2025,ALPHA_SEC,CL872958,INFY,S,377,176.23,66438.71
22-Nov-25,OMEGA_BROKING,CL825456,HDFC,B,277,1355.94,375595.38
22-Nov-25,BETA_INVEST,CL594144,ITC,B,24,2428.67,58288.08
26/11/2025,BETA_INVEST,CL111110,ICICIBANK,S,127,1386.43,176076.61
23/11/2025,OMEGA_BROKING,CL239045,TATAMOTORS,B,337,1420.46,478695.02
26/11/2025,BETA_INVEST,CL067012,HDFC,S,287,2261.47,649041.89
2025-11-23,OMEGA_BROKING,CL650616,AXISBANK,B,135,2604.14,351558.9
11-24-2025,DELTA_TRADES,CL537424,INFY,B,275,1261.73,346975.75
20-Nov-25,DELTA_TRADES,CL199221,KOTAKBANK,B,397,2685.19,1066020.43
23-Nov-25,DELTA_TRADES,CL961146,INFY,B,205,2268.51,465044.55
11-22-2025,OMEGA_BROKING,CL015077,RELIANCE,B,173,1039.04,179753.92
11-20-2025,BETA_INVEST,CL746017,KOTAKBANK,B,159,286.38,45534.42
22-Nov-25,DELTA_TRADES,CL521781,TATAMOTORS,B,183,575.93,105395.19
29/11/2025,BETA_INVEST,CL186662,HDFC,S,186,1121.92,208677.12
21/11/2025,OMEGA_BROKING,CL889244,INFY,S,4,1568.62,6274.48
24-Nov-25,OMEGA_BROKING,CL222125,ICICIBANK,B,184,582.71,107218.64
21/11/2025,OMEGA_BROKING,CL985863,KOTAKBANK,S,375,608.45,228168.75
20/11/2025,DELTA_TRADES,CL698220,HDFC,B,239,1502.54,359107.06
2025-11-22,BETA_INVEST,CL461038,ICICIBANK,B,222,884.87,196441.14
2025-11-23,BETA_INVEST,CL765611,ITC,B,357,431.2,153938.4
20/11/2025,ALPHA_SEC,CL190056,ICICIBANK,B,273,1611.87,440040.51
2025-11-23,BETA_INVEST,CL907851,HDFC,S,54,1929.82,104210.28
2025-11-24,DELTA_TRADES,CL685305,ITC,S,85,1860.48,158140.8
21-Nov-25,DELTA_TRADES,CL646527,ICICIBANK,S,108,157.35,16993.8
26-Nov-25,BETA_INVEST,CL899798,TATAMOTORS,S,9,306.68,2760.12
2025-11-24,BETA_INVEST,CL704875,HDFC,S,291,1892.27,550650.57
11-26-2025,DELTA_TRADES,CL050729,KOTAKBANK,B,355,1967.02,698292.1
11-24-2025,OMEGA_BROKING,CL745663,RELIANCE,B,142,199.38,28311.96
11-20-2025,DELTA_TRADES,CL243013,RELIANCE,B,275,1635.08,449647.0
11-24-2025,OMEGA_BROKING,CL000170,AXISBANK,S,249,965.25,240347.25
22-Nov-25,BETA_INVEST,CL780678,INFY,S,277,2431.08,673409.16
11-23-2025,BETA_INVEST,CL597323,RELIANCE,S,103,1631.38,168032.14
22/11/2025,DELTA_TRADES,CL134022,HDFC,B,380,2024.98,769492.4
24-Nov-25,BETA_INVEST,CL161002,SBIN,S,260,936.27,243430.2
25/11/2025,BETA_INVEST,CL596981,ITC,S,235,1049.57,246648.95
21-Nov-25,BETA_INVEST,CL799198,RELIANCE,B,331,1386.66,458984.46
11-20-2025,ALPHA_SEC,CL251192,ITC,S,231,2358.38,544785.78
11-23-2025,OMEGA_BROKING,CL873414,ICICIBANK,S,63,696.61,43886.43
22/11/2025,ALPHA_SEC,CL985116,HDFC,S,384,939.44,360744.96
2025-11-20,OMEGA_BROKING,CL459831,HDFC,S,182,1368.97,249152.54
22-Nov-25,BETA_INVEST,CL239692,INFY,B,52,215.77,11220.04
11-22-2025,BETA_INVEST,CL134566,AXISBANK,S,198,1754.53,347396.94
20/11/2025,BETA_INVEST,CL279126,ICICIBANK,B,299,989.54,295872.46
20-Nov-25,DELTA_TRADES,CL446498,TATAMOTORS,B,218,2781.59,606386.62
26/11/2025,DELTA_TRADES,CL025167,AXISBANK,B,323,1219.9,394027.7
11-25-2025,BETA_INVEST,CL188725,TATAMOTORS,B,324,235.1,
20-Nov-25,ALPHA_SEC,CL310022,KOTAKBANK,S,399,2478.62,988969.38
2025-11-24,DELTA_TRADES,CL538085,SBIN,S,192,997.89,191594.88
22-Nov-25,OMEGA_BROKING,CL391855,ITC,B,127,1428.31,181395.37
11-25-2025,DELTA_TRADES,CL459893,ITC,S,335,469.77,157372.95
26/11/2025,DELTA_TRADES,CL961504,SBIN,S,130,2566.76,333678.8
24-Nov-25,OMEGA_BROKING,CL487317,RELIANCE,B,207,1460.22,302265.54
20-Nov-25,OMEGA_BROKING,CL135986,ICICIBANK,S,384,1582.0,607488.0
11-29-2025,DELTA_TRADES,CL544735,AXISBANK,S,93,2253.23,209550.39
11-25-2025,BETA_INVEST,CL461824,TATAMOTORS,S,268,1288.57,345336.76
11-26-2025,ALPHA_SEC,CL665519,RELIANCE,B,48,1694.2,81321.6
2025-11-21,OMEGA_BROKING,CL799141,TATAMOTORS,B,189,138.46,26168.94
22/11/2025,OMEGA_BROKING,CL371126,HDFC,B,240,2178.61,522866.4
2025-11-20,OMEGA_BROKING,CL156174,INFY,S,200,1514.38,302876.0
2025-11-25,OMEGA_BROKING,CL666849,TATAMOTORS,S,43,2525.58,108599.94
2025-11-25,BETA_INVEST,CL592471,INFY,S,293,2285.61,669683.73
11-25-2025,ALPHA_SEC,CL844146,INFY,B,293,1850.03,542058.79
20/11/2025,BETA_INVEST,CL984875,INFY,B,339,2110.52,715466.28
2025-11-26,ALPHA_SEC,CL927532,SBIN,S,399,146.26,58357.74
11-21-2025,BETA_INVEST,CL310012,LT,B,202,2724.54,550357.08
11-26-2025,DELTA_TRADES,CL112057,HDFC,S,108,1667.54,180094.32
11-20-2025,OMEGA_BROKING,CL899199,KOTAKBANK,S,243,284.65,69169.95
2025-11-24,OMEGA_BROKING,CL351825,HDFC,B,203,555.3,112725.9
25-Nov-25,DELTA_TRADES,CL753441,ICICIBANK,S,103,927.83,95566.49
2025-11-21,DELTA_TRADES,CL238985,ICICIBANK,B,176,2362.23,415752.48
2025-11-24,BETA_INVEST,CL884045,ITC,S,215,1890.65,406489.75
11-23-2025,DELTA_TRADES,CL903735,RELIANCE,B,364,1378.56,501795.84
11-23-2025,ALPHA_SEC,CL697398,SBIN,B,349,1315.07,458959.43
11-24-2025,OMEGA_BROKING,CL006576,INFY,B,360,2690.24,968486.4
11-21-2025,ALPHA_SEC,CL048919,KOTAKBANK,S,275,2727.96,750189.0
23-Nov-25,BETA_INVEST,CL607498,SBIN,B,284,2797.27,794424.68
11-21-2025,ALPHA_SEC,CL462307,AXISBANK,B,195,871.32,210782.54
24-Nov-25,ALPHA_SEC,CL395539,RELIANCE,B,72,767.38,55251.36
22-Nov-25,ALPHA_SEC,CL225776,RELIANCE,B,383,536.89,205628.87
26-Nov-25,BETA_INVEST,CL847355,ICICIBANK,S,163,923.73,150567.99
24-Nov-25,BETA_INVEST,CL455009,RELIANCE,S,288,493.06,142001.28
2025-11-24,OMEGA_BROKING,CL520689,LT,S,249,793.92,197686.08
2025-11-20,ALPHA_SEC,CL869625,INFY,B,5,830.91,4154.55
2025-11-24,ALPHA_SEC,CL688962,ICICIBANK,S,211,320.06,67532.66
11-20-2025,BETA_INVEST,CL067381,AXISBANK,B,392,1797.93,704788.56
24-Nov-25,OMEGA_BROKING,CL616584,AXISBANK,B,140,1226.42,171698.8
11-23-2025,BETA_INVEST,CL132845,AXISBANK,S,382,932.35,356157.7
2025-11-22,OMEGA_BROKING,CL293149,RELIANCE,S,380,533.21,202619.8
21/11/2025,ALPHA_SEC,CL575336,KOTAKBANK,B,196,769.59,150839.64
21/11/2025,ALPHA_SEC,CL526389,ITC,B,315,2303.84,725709.6
2025-11-20,ALPHA_SEC,CL150466,KOTAKBANK,B,77,2534.91,195188.07
23/11/2025,BETA_INVEST,CL570577,HDFC,B,14,891.35,12478.9
2025-11-20,ALPHA_SEC,CL182718,ITC,B,137,2318.1,172641.66
11-22-2025,OMEGA_BROKING,CL847332,TATAMOTORS,S,282,702.52,198110.64
11-23-2025,BETA_INVEST,CL085278,SBIN,B,108,128.56,13884.48
24/11/2025,OMEGA_BROKING,CL613660,KOTAKBANK,B,145,2607.86,378139.7
2025-11-22,BETA_INVEST,CL254796,LT,S,233,935.8,218041.4
26/11/2025,OMEGA_BROKING,CL287274,SBIN,B,37,1958.05,72447.85
29/11/2025,ALPHA_SEC,CL884986,TATAMOTORS,B,362,1218.74,441183.88
20/11/2025,OMEGA_BROKING,CL452240,ICICIBANK,B,186,530.62,98695.32
11-26-2025,BETA_INVEST,CL389759,ICICIBANK,S,63,2194.97,138283.11
26-Nov-25,DELTA_TRADES,CL839994,ICICIBANK,B,240,1930.73,463375.2
2025-11-24,OMEGA_BROKING,CL087615,ITC,S,333,482.27,160595.91
25-Nov-25,OMEGA_BROKING,CL855644,RELIANCE,S,133,2048.77,272486.41
22/11/2025,DELTA_TRADES,CL519525,ICICIBANK,B,394,1119.48,441075.12
11-21-2025,BETA_INVEST,CL885070,ICICIBANK,S,330,489.54,97522.79
11-24-2025,BETA_INVEST,CL106921,AXISBANK,B,250,1087.61,231372.93
11-21-2025,OMEGA_BROKING,CL328245,ICICIBANK,B,213,350.58,74673.54
22-Nov-25,BETA_INVEST,CL191379,AXISBANK,S,226,421.95,95360.7
2025-11-20,ALPHA_SEC,CL351196,HDFC,B,187,1242.49,232345.63
11-22-2025,OMEGA_BROKING,CL778405,KOTAKBANK,B,213,1339.29,285268.77
20/11/2025,ALPHA_SEC,CL302928,INFY,S,63,610.24,38445.12
11-25-2025,ALPHA_SEC,CL604398,SBIN,S,134,633.96,84950.64
2025-11-24,ALPHA_SEC,CL747733,AXISBANK,B,206,1949.06,401506.36
25-Nov-25,BETA_INVEST,CL960389,ICICIBANK,S,180,257.82,46407.6
2025-11-22,BETA_INVEST,CL120499,AXISBANK,B,219,1158.04,253610.76
11-22-2025,BETA_INVEST,CL724562,SBIN,B,246,1671.16,
24/11/2025,BETA_INVEST,CL216620,ITC,S,288,1824.02,525317.76
2025-11-20,BETA_INVEST,CL939131,HDFC,B,290,1832.61,531456.9
2025-11-20,ALPHA_SEC,CL259974,LT,S,126,1520.95,191639.7
2025-11-22,OMEGA_BROKING,CL104818,SBIN,S,334,2720.19,908543.46
21-Nov-25,BETA_INVEST,CL052869,TATAMOTORS,B,324,921.43,298543.32
26-Nov-25,BETA_INVEST,CL289094,INFY,S,333,1856.8,618314.4
22/11/2025,OMEGA_BROKING,CL911229,KOTAKBANK,B,372,198.0,73656.0
20-Nov-25,OMEGA_BROKING,CL601572,ITC,B,254,2233.96,567425.84
11-22-2025,ALPHA_SEC,CL825283,TATAMOTORS,B,168,2579.37,433334.16
24/11/2025,BETA_INVEST,CL211560,INFY,S,284,1860.31,528328.04
23/11/2025,ALPHA_SEC,CL543779,HDFC,B,391,1010.06,394933.46
29/11/2025,BETA_INVEST,CL334267,ICICIBANK,B,9,127.47,1147.23
2025-11-21,OMEGA_BROKING,CL260405,SBIN,B,325,2553.69,829949.25
21/11/2025,BETA_INVEST,CL185798,AXISBANK,B,212,354.63,75181.56
21-Nov-25,ALPHA_SEC,CL730006,TATAMOTORS,S,365,2263.24,826082.6
2025-11-26,DELTA_TRADES,CL237567,LT,B,23,604.49,13903.27
2025-11-21,BETA_INVEST,CL723189,AXISBANK,S,177,2023.57,358171.89
2025-11-26,BETA_INVEST,CL262474,AXISBANK,B,107,794.06,84964.42
11-21-2025,OMEGA_BROKING,CL880806,ITC,S,200,156.93,31386.0
2025-11-25,ALPHA_SEC,CL452771,SBIN,S,244,247.24,60326.56
21-Nov-25,OMEGA_BROKING,CL239006,TATAMOTORS,B,189,2150.27,406401.03
24/11/2025,OMEGA_BROKING,CL018319,ICICIBANK,B,27,1502.24,40560.48
11-20-2025,ALPHA_SEC,CL300145,AXISBANK,S,229,2237.83,512463.07
2025-11-24,ALPHA_SEC,CL687450,ITC,S,142,1270.57,180420.94
21-Nov-25,OMEGA_BROKING,CL595471,SBIN,B,129,2797.96,360936.84
24-Nov-25,ALPHA_SEC,CL889896,TATAMOTORS,B,241,1734.29,417963.89
2025-11-23,DELTA_TRADES,CL868233,SBIN,B,291,1733.42,504425.22
24/11/2025,ALPHA_SEC,CL525393,ITC,S,304,1900.03,577609.12
11-26-2025,ALPHA_SEC,CL942581,TATAMOTORS,S,141,2125.6,299709.6
2025-11-22,OMEGA_BROKING,CL989338,RELIANCE,S,362,187.3,67802.6
2025-11-21,OMEGA_BROKING,CL320663,AXISBANK,S,14,1636.35,22908.9
2025-11-26,ALPHA_SEC,CL073973,AXISBANK,S,1,302.61,302.61
2025-11-26,DELTA_TRADES,CL099437,ICICIBANK,S,202,1462.43,295410.86
11-25-2025,BETA_INVEST,CL646502,AXISBANK,B,55,1867.71,102724.05
26/11/2025,OMEGA_BROKING,CL533506,AXISBANK,S,216,1746.06,377148.96
24-Nov-25,DELTA_TRADES,CL336168,KOTAKBANK,B,76,450.86,34265.36
23-Nov-25,DELTA_TRADES,CL173147,TATAMOTORS,B,102,2530.92,258153.84
2025-11-21,BETA_INVEST,CL361189,ICICIBANK,S,209,2300.87,480881.83
23/11/2025,BETA_INVEST,CL720243,KOTAKBANK,B,148,1043.31,154409.88
11-24-2025,OMEGA_BROKING,CL644722,KOTAKBANK,S,87,1888.86,164330.82
24/11/2025,ALPHA_SEC,CL600783,ICICIBANK,S,1,2109.15,2109.15
2025-11-21,BETA_INVEST,CL274353,INFY,S,158,679.9,107424.2
2025-11-29,DELTA_TRADES,CL739027,KOTAKBANK,S,1,699.5,699.5
25/11/2025,DELTA_TRADES,CL841965,KOTAKBANK,B,192,1254.91,240942.72
2025-11-22,BETA_INVEST,CL892928,RELIANCE,B,260,1939.05,504153.0
23-Nov-25,BETA_INVEST,CL159760,HDFC,S,112,2795.4,313084.8
2025-11-23,DELTA_TRADES,CL613079,RELIANCE,B,304,834.35,253642.4
26-Nov-25,ALPHA_SEC,CL966157,TATAMOTORS,B,311,1807.12,
26-Nov-25,ALPHA_SEC,CL486632,ICICIBANK,B,93,2433.77,226340.61
29/11/2025,DELTA_TRADES,CL357996,ITC,B,313,2304.42,721283.46
11-25-2025,BETA_INVEST,CL701608,HDFC,B,31,1427.6,44255.6
11-21-2025,BETA_INVEST,CL500937,SBIN,S,298,2457.42,732311.16
11-26-2025,ALPHA_SEC,CL367905,HDFC,S,354,171.34,60654.36
11-25-2025,BETA_INVEST,CL266587,ICICIBANK,S,396,1069.28,423434.88
25/11/2025,OMEGA_BROKING,CL353472,RELIANCE,S,205,1452.59,297780.95
2025-11-22,OMEGA_BROKING,CL007712,ICICIBANK,B,358,955.4,342033.2
20-Nov-25,DELTA_TRADES,CL482376,ITC,S,342,1064.96,364216.32
24/11/2025,ALPHA_SEC,CL877823,AXISBANK,B,184,2258.84,415626.56
22-Nov-25,BETA_INVEST,CL752288,SBIN,B,30,714.99,21449.7
11-26-2025,DELTA_TRADES,CL523613,LT,S,289,1971.2,569676.8
11-26-2025,OMEGA_BROKING,CL600797,KOTAKBANK,S,149,765.17,114010.33
2025-11-20,DELTA_TRADES,CL577601,LT,B,365,1024.27,373858.55
11-20-2025,DELTA_TRADES,CL965968,HDFC,B,279,243.97,68067.63
2025-11-20,DELTA_TRADES,CL628975,AXISBANK,B,156,1313.52,204909.12
2025-11-22,DELTA_TRADES,CL539622,RELIANCE,S,205,328.13,67266.65
2025-11-24,BETA_INVEST,CL840419,SBIN,B,5,1753.49,8767.45
24/11/2025,BETA_INVEST,CL290514,ICICIBANK,S,307,2010.38,617186.66
21/11/2025,ALPHA_SEC,CL391646,HDFC,S,251,481.49,120853.99
29-Nov-25,OMEGA_BROKING,CL391940,INFY,S,26,423.69,11015.94
26-Nov-25,OMEGA_BROKING,CL728460,AXISBANK,S,254,1113.61,282856.94
22-Nov-25,OMEGA_BROKING,CL294383,KOTAKBANK,B,151,430.48,65002.48
25-Nov-25,DELTA_TRADES,CL203167,RELIANCE,B,326,2336.75,761780.5
20-Nov-25,OMEGA_BROKING,CL722285,KOTAKBANK,B,381,246.13,93775.53
21/11/2025,OMEGA_BROKING,CL581128,AXISBANK,B,225,139.05,31286.25
24/11/2025,OMEGA_BROKING,CL873504,HDFC,B,19,2132.33,40514.27
22-Nov-25,ALPHA_SEC,CL589826,RELIANCE,B,65,680.29,44218.85
25/11/2025,OMEGA_BROKING,CL470725,LT,S,328,680.19,223102.32
2025-11-21,BETA_INVEST,CL672521,TATAMOTORS,B,67,396.68,26577.56
11-23-2025,DELTA_TRADES,CL944084,KOTAKBANK,S,148,2324.37,344006.76
11-24-2025,DELTA_TRADES,CL692090,TATAMOTORS,B,57,2068.16,117885.12
11-20-2025,DELTA_TRADES,CL626869,ITC,S,388,2172.28,842844.64
26-Nov-25,OMEGA_BROKING,CL947894,RELIANCE,B,341,1092.33,372484.53
2025-11-24,ALPHA_SEC,CL994668,ITC,S,195,732.48,142833.6
25/11/2025,BETA_INVEST,CL891857,KOTAKBANK,B,177,2699.8,477864.6
2025-11-21,BETA_INVEST,CL115160,RELIANCE,B,380,638.35,242573.0
24-Nov-25,ALPHA_SEC,CL050119,RELIANCE,B,396,2327.58,921721.68
11-22-2025,BETA_INVEST,CL793858,TATAMOTORS,B,317,1933.36,612875.12
2025-11-20,OMEGA_BROKING,CL530536,AXISBANK,S,337,2284.9,770011.3
24/11/2025,BETA_INVEST,CL857301,SBIN,B,279,1597.9,445814.1
25/11/2025,DELTA_TRADES,CL713772,SBIN,B,244,2446.18,596867.92
24-Nov-25,OMEGA_BROKING,CL511460,LT,S,296,1306.82,386818.72
11-29-2025,OMEGA_BROKING,CL149651,SBIN,S,166,1387.88,230388.08
21-Nov-25,DELTA_TRADES,CL740175,AXISBANK,S,195,1839.19,358642.05
2025-11-26,DELTA_TRADES,CL106358,RELIANCE,S,119,298.0,35462.0
2025-11-24,BETA_INVEST,CL060031,KOTAKBANK,S,247,1201.37,296738.39
11-24-2025,ALPHA_SEC,CL643851,ICICIBANK,S,204,753.27,153667.08
11-23-2025,OMEGA_BROKING,CL257458,RELIANCE,S,152,755.01,114761.52
22/11/2025,OMEGA_BROKING,CL073433,SBIN,S,61,100.12,6107.32
20/11/2025,ALPHA_SEC,CL949339,KOTAKBANK,S,267,279.47,74618.49
20-Nov-25,OMEGA_BROKING,CL917772,AXISBANK,S,186,1085.09,201826.74
23/11/2025,OMEGA_BROKING,CL164468,SBIN,S,319,2104.97,671485.43
11-20-2025,DELTA_TRADES,CL378510,HDFC,S,325,1014.26,329634.5
21-Nov-25,OMEGA_BROKING,CL134808,ITC,S,34,2017.83,68606.22
2025-11-24,ALPHA_SEC,CL242024,SBIN,S,203,2028.17,411718.51
2025-11-23,OMEGA_BROKING,CL980938,TATAMOTORS,B,57,1028.95,58650.15
2025-11-26,DELTA_TRADES,CL520906,ICICIBANK,S,264,1878.03,495799.92
20/11/2025,ALPHA_SEC,CL441849,ITC,S,248,234.4,58131.2
11-23-2025,BETA_INVEST,CL112590,INFY,S,111,413.71,45921.81
11-20-2025,OMEGA_BROKING,CL717650,AXISBANK,B,167,2293.0,382931.0
24/11/2025,BETA_INVEST,CL028267,ICICIBANK,B,299,1146.06,342671.94
25/11/2025,ALPHA_SEC,CL307847,AXISBANK,B,391,1945.51,760694.41
21-Nov-25,BETA_INVEST,CL885729,HDFC,B,342,1066.01,364575.42
20-Nov-25,BETA_INVEST,CL467940,LT,B,167,1957.44,326892.48
11-20-2025,ALPHA_SEC,CL900423,LT,B,165,1389.26,229227.9
11-23-2025,ALPHA_SEC,CL783726,TATAMOTORS,S,147,1308.1,192290.7
2025-11-25,BETA_INVEST,CL458869,ICICIBANK,B,142,1434.63,203717.46
21/11/2025,OMEGA_BROKING,CL886938,SBIN,S,4,1698.61,6794.44
2025-11-24,OMEGA_BROKING,CL387907,KOTAKBANK,S,348,1641.5,571242.0
11-24-2025,BETA_INVEST,CL632265,AXISBANK,S,89,1112.34,98998.26
2025-11-20,ALPHA_SEC,CL888410,SBIN,B,208,1723.93,358577.44
21-Nov-25,DELTA_TRADES,CL394067,SBIN,S,381,1778.34,677547.54
24/11/2025,OMEGA_BROKING,CL751279,KOTAKBANK,S,352,2720.53,
11-22-2025,ALPHA_SEC,CL713017,KOTAKBANK,S,249,1598.72,398081.28
25/11/2025,BETA_INVEST,CL360852,ICICIBANK,B,45,1864.75,83913.75
11-21-2025,OMEGA_BROKING,CL954976,SBIN,B,326,1447.87,472005.62
24/11/2025,ALPHA_SEC,CL809588,ITC,S,103,564.94,47409.09
23/11/2025,BETA_INVEST,CL064362,ICICIBANK,S,321,889.08,285394.68
2025-11-29,DELTA_TRADES,CL585829,LT,B,250,1913.68,478420.0
23/11/2025,ALPHA_SEC,CL107645,ITC,B,133,644.23,85682.59
20/11/2025,OMEGA_BROKING,CL270555,TATAMOTORS,S,339,1881.51,637831.89
11-24-2025,OMEGA_BROKING,CL383770,KOTAKBANK,B,61,1192.79,72760.19
20-Nov-25,BETA_INVEST,CL024350,TATAMOTORS,S,284,1145.78,325401.52
11-25-2025,OMEGA_BROKING,CL402398,KOTAKBANK,S,229,2397.51,
20/11/2025,DELTA_TRADES,CL862106,SBIN,B,269,1146.9,308516.1
22-Nov-25,OMEGA_BROKING,CL827155,TATAMOTORS,B,391,1591.34,622213.94
26-Nov-25,BETA_INVEST,CL947604,ICICIBANK,S,351,712.5,250087.5
20-Nov-25,OMEGA_BROKING,CL335669,INFY,B,201,1369.22,275213.22
11-20-2025,DELTA_TRADES,CL954246,LT,S,136,1784.74,242724.64
24/11/2025,BETA_INVEST,CL745689,HDFC,S,217,1673.81,424478.14
2025-11-22,OMEGA_BROKING,CL012344,TATAMOTORS,S,61,1640.86,100092.46
20-Nov-25,DELTA_TRADES,CL980597,RELIANCE,B,152,2146.42,326255.84
21-Nov-25,DELTA_TRADES,CL877723,ITC,B,108,871.96,94171.68
25/11/2025,ALPHA_SEC,CL867876,RELIANCE,B,237,1487.83,352615.71
2025-11-21,BETA_INVEST,CL110834,HDFC,S,87,1320.72,114902.64
11-25-2025,DELTA_TRADES,CL012682,RELIANCE,B,47,1159.76,54508.72
20/11/2025,OMEGA_BROKING,CL101691,LT,B,380,781.41,296935.8
2025-11-26,OMEGA_BROKING,CL791745,KOTAKBANK,S,83,2662.08,155273.96
22/11/2025,DELTA_TRADES,CL226270,KOTAKBANK,B,381,2315.34,882144.54
11-22-2025,DELTA_TRADES,CL905187,SBIN,B,92,2347.47,215967.24
21/11/2025,ALPHA_SEC,CL696719,AXISBANK,B,252,2543.63,640994.76
11-26-2025,ALPHA_SEC,CL779548,LT,B,265,2076.33,550227.45
2025-11-26,ALPHA_SEC,CL622071,HDFC,B,146,1852.25,270428.5
26-Nov-25,OMEGA_BROKING,CL040386,ITC,B,313,1181.45,369793.85
2025-11-29,OMEGA_BROKING,CL140922,TATAMOTORS,S,26,1207.95,31406.7
2025-11-29,BETA_INVEST,CL056247,HDFC,B,123,1572.95,193472.85
2025-11-26,DELTA_TRADES,CL585562,AXISBANK,B,331,1833.96,
23/11/2025,BETA_INVEST,CL134641,RELIANCE,S,345,524.05,180797.25
2025-11-20,BETA_INVEST,CL432425,AXISBANK,B,13,1239.11,16108.43
2025-11-22,ALPHA_SEC,CL978460,LT,S,171,1855.66,317317.86
24/11/2025,OMEGA_BROKING,CL355477,TATAMOTORS,B,385,2603.95,1002520.75
2025-11-26,OMEGA_BROKING,CL081942,ICICIBANK,S,53,2423.78,128460.34
2025-11-23,OMEGA_BROKING,CL477900,INFY,S,218,1981.95,432065.1
26-Nov-25,BETA_INVEST,CL754325,HDFC,B,369,2256.33,832585.77
2025-11-26,DELTA_TRADES,CL203395,HDFC,B,316,918.22,290157.52
2025-11-24,DELTA_TRADES,CL383338,TATAMOTORS,S,137,2007.64,275046.68
25/11/2025,ALPHA_SEC,CL825909,KOTAKBANK,B,199,1700.11,338321.89
2025-11-21,DELTA_TRADES,CL497890,ICICIBANK,B,349,1452.61,634478.82
20/11/2025,OMEGA_BROKING,CL081192,TATAMOTORS,S,16,1602.15,25634.4
11-26-2025,ALPHA_SEC,CL285684,RELIANCE,B,71,407.79,28953.09
20-Nov-25,DELTA_TRADES,CL396499,KOTAKBANK,B,331,2358.17,780554.27
20-Nov-25,OMEGA_BROKING,CL175861,ICICIBANK,S,46,459.54,21138.84
25/11/2025,ALPHA_SEC,CL720252,RELIANCE,B,322,2744.24,883645.28
22/11/2025,DELTA_TRADES,CL362369,KOTAKBANK,B,162,721.3,116850.6
21-Nov-25,OMEGA_BROKING,CL225249,TATAMOTORS,B,207,2690.32,556896.24
21-Nov-25,ALPHA_SEC,CL919421,ICICIBANK,B,356,2556.37,910067.72
11-21-2025,BETA_INVEST,CL049998,ICICIBANK,B,372,817.16,303983.52
2025-11-21,ALPHA_SEC,CL540594,INFY,B,84,1463.51,122934.84
20-Nov-25,ALPHA_SEC,CL559399,AXISBANK,S,34,608.82,20699.88
20/11/2025,ALPHA_SEC,CL593986,KOTAKBANK,S,142,2336.85,331832.7
11-20-2025,DELTA_TRADES,CL234359,RELIANCE,S,389,2240.17,871426.13
11-23-2025,DELTA_TRADES,CL419729,ICICIBANK,S,266,1284.9,341783.4
2025-11-25,OMEGA_BROKING,CL141283,SBIN,S,119,1697.62,202016.78
24-Nov-25,DELTA_TRADES,CL121360,INFY,S,232,472.81,109691.92
23-Nov-25,BETA_INVEST,CL179047,ITC,S,106,1198.13,127001.78
2025-11-26,DELTA_TRADES,CL098776,AXISBANK,B,205,354.66,72705.3
23-Nov-25,OMEGA_BROKING,CL740585,AXISBANK,B,30,1162.91,34887.3
24/11/2025,BETA_INVEST,CL741406,HDFC,B,285,1035.34,
20-Nov-25,BETA_INVEST,CL695167,SBIN,S,113,2557.86,289038.18
2025-11-26,OMEGA_BROKING,CL902135,AXISBANK,B,65,838.97,54533.05
2025-11-21,BETA_INVEST,CL383633,HDFC,B,168,1164.43,195624.24
11-20-2025,DELTA_TRADES,CL334083,SBIN,B,25,2304.33,57608.25
11-23-2025,DELTA_TRADES,CL315973,SBIN,S,227,1195.94,271478.38
11-22-2025,OMEGA_BROKING,CL403881,TATAMOTORS,S,296,2160.39,639475.44
2025-11-23,ALPHA_SEC,CL471598,LT,S,291,2790.42,812012.22
26-Nov-25,BETA_INVEST,CL622580,TATAMOTORS,S,76,1072.68,81523.68
11-22-2025,BETA_INVEST,CL527459,ITC,B,288,2589.79,745859.52
22-Nov-25,DELTA_TRADES,CL110233,RELIANCE,S,37,1674.39,61952.43
23-Nov-25,OMEGA_BROKING,CL714177,KOTAKBANK,S,380,1928.85,732963.0
11-26-2025,OMEGA_BROKING,CL588462,TATAMOTORS,S,235,2467.46,579853.1
24/11/2025,ALPHA_SEC,CL059519,INFY,B,270,517.63,139760.1
22/11/2025,BETA_INVEST,CL357322,AXISBANK,B,116,1242.44,144123.04
25-Nov-25,BETA_INVEST,CL398968,KOTAKBANK,B,38,1347.88,51219.44
25/11/2025,ALPHA_SEC,CL124087,ITC,S,247,1840.04,454489.88
11-20-2025,DELTA_TRADES,CL958278,SBIN,B,98,2217.17,217282.66
11-26-2025,BETA_INVEST,CL931173,KOTAKBANK,B,27,228.57,6171.39
11-22-2025,DELTA_TRADES,CL012422,ITC,S,152,1720.24,261476.48
2025-11-20,OMEGA_BROKING,CL429844,KOTAKBANK,B,260,1477.43,384131.8
11-29-2025,OMEGA_BROKING,CL475182,LT,B,246,2743.2,674827.2
11-25-2025,DELTA_TRADES,CL713031,ITC,S,350,388.81,136083.5
2025-11-20,OMEGA_BROKING,CL168372,TATAMOTORS,S,249,987.96,246002.04
26/11/2025,DELTA_TRADES,CL468506,AXISBANK,S,219,2365.54,518053.26
11-24-2025,BETA_INVEST,CL350418,LT,B,22,2444.57,53780.54
24-Nov-25,DELTA_TRADES,CL691955,RELIANCE,B,151,2665.33,402464.83
11-22-2025,BETA_INVEST,CL782528,TATAMOTORS,B,361,219.83,79358.63
11-20-2025,BETA_INVEST,CL561230,SBIN,S,140,2080.9,291326.0
22-Nov-25,BETA_INVEST,CL901422,ITC,S,57,2372.03,135205.71
22-Nov-25,BETA_INVEST,CL947336,KOTAKBANK,S,107,2330.54,249367.78
25/11/2025,BETA_INVEST,CL931093,RELIANCE,B,47,1463.11,68766.17
2025-11-25,BETA_INVEST,CL904766,AXISBANK,S,312,1020.92,318527.04
22-Nov-25,OMEGA_BROKING,CL404726,INFY,B,11,1299.63,14295.93
11-23-2025,OMEGA_BROKING,CL907278,KOTAKBANK,B,4,1099.49,4397.96
20/11/2025,DELTA_TRADES,CL986991,TATAMOTORS,B,24,1916.7,46000.8
21/11/2025,ALPHA_SEC,CL863544,INFY,S,38,1108.48,42122.24
2025-11-25,ALPHA_SEC,CL395000,LT,B,331,1326.95,439220.45
26/11/2025,BETA_INVEST,CL995797,INFY,S,279,1142.97,318888.63
26-Nov-25,ALPHA_SEC,CL369460,AXISBANK,B,306,2765.76,846322.56
11-21-2025,OMEGA_BROKING,CL806925,RELIANCE,B,193,1666.36,321607.48
21-Nov-25,BETA_INVEST,CL104544,KOTAKBANK,S,191,741.31,141590.21
21/11/2025,BETA_INVEST,CL287947,HDFC,B,167,2137.25,356920.75
21/11/2025,BETA_INVEST,CL458199,SBIN,B,46,1702.25,78303.5
24-Nov-25,ALPHA_SEC,CL679010,ICICIBANK,S,61,2716.27,165692.47
21/11/2025,BETA_INVEST,CL091045,ITC,S,23,1518.92,34935.16
20-Nov-25,DELTA_TRADES,CL397835,INFY,B,302,1028.99,
22/11/2025,OMEGA_BROKING,CL936209,RELIANCE,S,385,1743.84,671378.4
23-Nov-25,DELTA_TRADES,CL738144,ICICIBANK,S,40,420.62,16824.8
11-24-2025,DELTA_TRADES,CL008385,TATAMOTORS,B,90,571.95,51475.5
26/11/2025,OMEGA_BROKING,CL633238,ITC,S,64,481.26,30800.64
20/11/2025,OMEGA_BROKING,CL524150,INFY,S,98,372.06,36461.88
21/11/2025,DELTA_TRADES,CL374204,TATAMOTORS,B,313,1471.8,460673.4
22/11/2025,ALPHA_SEC,CL176566,HDFC,B,184,791.77,145685.68
23-Nov-25,BETA_INVEST,CL434528,ICICIBANK,S,74,1995.67,147679.58
2025-11-22,ALPHA_SEC,CL289988,KOTAKBANK,B,243,1457.38,354143.34
23-Nov-25,DELTA_TRADES,CL310149,ICICIBANK,S,162,355.59,57605.58
21-Nov-25,OMEGA_BROKING,CL052000,TATAMOTORS,B,20,1887.72,37754.4
2025-11-26,OMEGA_BROKING,CL346430,SBIN,B,251,489.86,122954.86
11-25-2025,OMEGA_BROKING,CL627409,INFY,B,287,843.02,241946.74
21/11/2025,BETA_INVEST,CL030270,ITC,S,265,1446.44,383306.6
2025-11-21,ALPHA_SEC,CL369700,INFY,B,280,463.54,129791.2
26/11/2025,BETA_INVEST,CL914040,SBIN,B,339,2072.83,702689.37
11-22-2025,OMEGA_BROKING,CL780569,SBIN,S,345,2306.39,795704.55
25/11/2025,DELTA_TRADES,CL688034,LT,S,131,1624.19,212768.89
24/11/2025,BETA_INVEST,CL566405,ICICIBANK,S,374,740.62,276991.88
2025-11-24,BETA_INVEST,CL184670,RELIANCE,B,264,1948.1,514298.4
2025-11-23,BETA_INVEST,CL981392,INFY,S,186,2607.1,484920.6
25-Nov-25,ALPHA_SEC,CL561624,ITC,S,354,2371.4,839475.6
11-24-2025,ALPHA_SEC,CL591053,HDFC,S,229,2634.77,603362.33
21/11/2025,BETA_INVEST,CL809568,ITC,B,117,392.86,45964.62
24/11/2025,ALPHA_SEC,CL721975,INFY,S,185,839.67,155338.95
22-Nov-25,DELTA_TRADES,CL957384,KOTAKBANK,S,387,1069.62,413942.94
2025-11-21,DELTA_TRADES,CL932841,KOTAKBANK,B,176,1873.52,329739.52
21-Nov-25,BETA_INVEST,CL685914,ITC,S,350,1678.36,587426.0
11-21-2025,BETA_INVEST,CL719481,AXISBANK,S,331,475.14,157271.34
11-20-2025,ALPHA_SEC,CL457844,HDFC,B,79,718.74,56780.46
2025-11-26,OMEGA_BROKING,CL635867,ICICIBANK,S,308,482.54,148622.32
11-22-2025,DELTA_TRADES,CL772845,ICICIBANK,B,377,114.24,43068.48
2025-11-26,DELTA_TRADES,CL224659,TATAMOTORS,B,254,1397.34,354924.36
11-22-2025,DELTA_TRADES,CL681482,TATAMOTORS,B,296,1512.56,447717.76
11-29-2025,OMEGA_BROKING,CL195785,HDFC,S,242,2479.26,599980.92
21-Nov-25,BETA_INVEST,CL642090,ICICIBANK,B,87,2011.24,174977.88
2025-11-20,DELTA_TRADES,CL686534,HDFC,S,137,1031.03,141251.11
11-24-2025,BETA_INVEST,CL247573,RELIANCE,S,61,1132.82,69102.02
21/11/2025,BETA_INVEST,CL831783,ICICIBANK,S,302,938.01,283279.02
2025-11-21,ALPHA_SEC,CL051066,TATAMOTORS,S,120,2387.34,286480.8
26-Nov-25,BETA_INVEST,CL455343,HDFC,S,41,1778.25,72908.25
2025-11-26,DELTA_TRADES,CL842545,KOTAKBANK,S,37,1038.41,38421.17
2025-11-21,BETA_INVEST,CL883887,TATAMOTORS,B,16,1223.35,19573.6
11-21-2025,BETA_INVEST,CL620154,HDFC,B,47,1803.99,84787.53
2025-11-24,ALPHA_SEC,CL242385,AXISBANK,B,134,1454.14,194854.76
26-Nov-25,DELTA_TRADES,CL769239,KOTAKBANK,S,233,2545.47,593094.51
23/11/2025,BETA_INVEST,CL295734,INFY,B,388,2204.41,855311.08
25-Nov-25,DELTA_TRADES,CL195784,INFY,B,13,1037.92,13492.96
2025-11-25,OMEGA_BROKING,CL562857,KOTAKBANK,S,120,2690.17,322820.4
22-Nov-25,ALPHA_SEC,CL930740,INFY,B,267,1551.72,414309.24
24/11/2025,ALPHA_SEC,CL126097,KOTAKBANK,B,333,2401.73,799776.09
26/11/2025,ALPHA_SEC,CL599082,TATAMOTORS,S,165,1594.43,263080.95
20/11/2025,DELTA_TRADES,CL984878,LT,S,315,1773.31,558592.65
11-26-2025,BETA_INVEST,CL969890,RELIANCE,S,222,1000.93,222206.46
23/11/2025,ALPHA_SEC,CL229503,ICICIBANK,S,280,941.77,263695.6
2025-11-20,DELTA_TRADES,CL280263,LT,B,323,1877.8,606529.4
24-Nov-25,BETA_INVEST,CL756653,ITC,B,230,1150.09,264520.7
11-23-2025,BETA_INVEST,CL017778,ICICIBANK,S,277,1011.42,280163.34
24/11/2025,OMEGA_BROKING,CL520576,ITC,B,133,2349.22,312446.26
22/11/2025,OMEGA_BROKING,CL808156,HDFC,B,236,166.31,39249.16
26-Nov-25,ALPHA_SEC,CL762653,HDFC,B,234,661.4,154767.6
22/11/2025,DELTA_TRADES,CL818670,ITC,B,77,1523.17,117284.09
11-24-2025,OMEGA_BROKING,CL748386,KOTAKBANK,S,176,1618.21,284804.96
11-23-2025,ALPHA_SEC,CL536791,SBIN,B,132,2643.16,348897.12
11-25-2025,OMEGA_BROKING,CL130607,TATAMOTORS,S,57,2695.28,153630.96
22/11/2025,BETA_INVEST,CL481001,INFY,B,303,1962.96,594776.88
20/11/2025,BETA_INVEST,CL600578,RELIANCE,B,57,1405.48,80112.36
26-Nov-25,DELTA_TRADES,CL014944,LT,S,330,1055.61,348351.3
24-Nov-25,ALPHA_SEC,CL785130,KOTAKBANK,S,111,1682.07,186709.77
25/11/2025,DELTA_TRADES,CL290169,TATAMOTORS,B,25,1925.77,48144.25
11-23-2025,OMEGA_BROKING,CL265183,TATAMOTORS,B,31,2294.54,71130.74
2025-11-24,DELTA_TRADES,CL413903,KOTAKBANK,S,238,533.18,126896.84
23-Nov-25,DELTA_TRADES,CL372352,AXISBANK,B,336,756.48,254177.28
11-22-2025,ALPHA_SEC,CL842144,INFY,S,321,338.94,108799.74
11-25-2025,ALPHA_SEC,CL979283,TATAMOTORS,S,274,2319.47,635534.78
23/11/2025,DELTA_TRADES,CL738621,HDFC,B,261,954.7,249176.7
11-26-2025,DELTA_TRADES,CL711967,SBIN,S,313,530.44,166027.72
2025-11-21,OMEGA_BROKING,CL880528,KOTAKBANK,S,272,825.16,224443.52
2025-11-24,DELTA_TRADES,CL295262,RELIANCE,S,31,1568.21,48614.51
2025-11-22,ALPHA_SEC,CL551535,KOTAKBANK,S,274,2085.1,571317.4
24-Nov-25,ALPHA_SEC,CL617651,HDFC,S,90,789.85,71086.5
20/11/2025,DELTA_TRADES,CL883593,KOTAKBANK,S,361,2678.54,966952.94
23-Nov-25,ALPHA_SEC,CL951889,LT,B,374,1136.5,425051.0
2025-11-24,OMEGA_BROKING,CL705283,INFY,B,67,2556.93,171314.31
2025-11-21,OMEGA_BROKING,CL162158,INFY,B,19,1474.6,28017.4
11-26-2025,OMEGA_BROKING,CL360168,ITC,S,342,1340.68,458512.56
2025-11-24,DELTA_TRADES,CL386892,RELIANCE,S,125,849.85,106231.25
26-Nov-25,BETA_INVEST,CL471134,LT,S,173,1236.71,
20/11/2025,ALPHA_SEC,CL006273,TATAMOTORS,S,93,892.42,109958.36
23-Nov-25,ALPHA_SEC,CL049292,KOTAKBANK,B,175,939.05,164333.75
2025-11-23,ALPHA_SEC,CL777911,LT,S,232,131.32,30466.24
23/11/2025,ALPHA_SEC,CL372129,RELIANCE,S,10,2143.06,21430.6
11-24-2025,BETA_INVEST,CL546347,SBIN,S,51,917.92,46813.92
25/11/2025,DELTA_TRADES,CL275658,SBIN,S,128,1997.07,255624.96
21-Nov-25,DELTA_TRADES,CL153033,KOTAKBANK,S,280,1999.26,559792.8
2025-11-22,BETA_INVEST,CL835102,AXISBANK,B,243,1542.79,374897.97
20/11/2025,ALPHA_SEC,CL680460,KOTAKBANK,B,26,1555.65,40446.9
2025-11-23,BETA_INVEST,CL514144,INFY,S,396,812.99,321944.04
2025-11-24,ALPHA_SEC,CL735691,AXISBANK,B,238,2008.5,478023.0
26/11/2025,DELTA_TRADES,CL129135,TATAMOTORS,B,312,2201.27,686796.24
21-Nov-25,DELTA_TRADES,CL852144,ICICIBANK,B,382,195.67,74745.94
21-Nov-25,ALPHA_SEC,CL075648,TATAMOTORS,B,107,2415.79,258489.53
22/11/2025,OMEGA_BROKING,CL883874,ITC,S,275,2621.73,720975.75
20-Nov-25,OMEGA_BROKING,CL752965,KOTAKBANK,B,197,1747.17,344192.49
21/11/2025,BETA_INVEST,CL081843,ITC,B,26,2047.99,53247.74
11-24-2025,BETA_INVEST,CL501813,LT,S,43,1818.28,78186.04
11-21-2025,ALPHA_SEC,CL155940,HDFC,B,331,1859.31,615431.61
23-Nov-25,ALPHA_SEC,CL706507,LT,B,211,2057.21,434071.31
2025-11-22,DELTA_TRADES,CL960318,LT,B,395,2536.19,1001795.05
23/11/2025,DELTA_TRADES,CL236219,ICICIBANK,S,175,1040.8,182140.0
2025-11-22,ALPHA_SEC,CL822510,ICICIBANK,B,102,1838.52,187529.04
22/11/2025,DELTA_TRADES,CL007429,TATAMOTORS,S,389,2426.28,943822.92
26/11/2025,DELTA_TRADES,CL255058,ITC,S,304,1523.7,463204.8
21-Nov-25,OMEGA_BROKING,CL020034,LT,B,234,817.25,191236.5
11-21-2025,ALPHA_SEC,CL268004,KOTAKBANK,S,229,1421.88,325610.52
2025-11-23,BETA_INVEST,CL374129,SBIN,B,111,1276.82,141727.02
22-Nov-25,BETA_INVEST,CL053657,RELIANCE,S,71,1002.72,71193.12
20/11/2025,ALPHA_SEC,CL616949,AXISBANK,S,267,1836.57,490364.19
2025-11-25,DELTA_TRADES,CL393213,RELIANCE,B,126,1588.52,200153.52
23/11/2025,DELTA_TRADES,CL810888,ITC,S,273,2334.83,637408.59
11-22-2025,BETA_INVEST,CL395768,KOTAKBANK,B,45,1945.18,87533.1
26-Nov-25,ALPHA_SEC,CL320167,RELIANCE,S,250,1159.92,289980.0
20/11/2025,DELTA_TRADES,CL132806,SBIN,B,62,2612.67,161985.54
25-Nov-25,OMEGA_BROKING,CL469410,RELIANCE,S,102,1710.02,174422.04
2025-11-25,OMEGA_BROKING,CL785214,KOTAKBANK,B,37,450.13,16654.81
20-Nov-25,BETA_INVEST,CL824314,HDFC,S,134,1757.57,235514.38
2025-11-24,BETA_INVEST,CL738666,LT,S,154,733.37,112938.98
24/11/2025,BETA_INVEST,CL054993,LT,S,91,583.15,53066.65
26/11/2025,ALPHA_SEC,CL166465,SBIN,B,178,2139.22,380781.16
26-Nov-25,ALPHA_SEC,CL564947,TATAMOTORS,S,384,862.03,331019.52
20-Nov-25,BETA_INVEST,CL235767,KOTAKBANK,S,21,1173.5,24643.5
11-23-2025,BETA_INVEST,CL199834,LT,B,259,124.93,32356.87
24-Nov-25,OMEGA_BROKING,CL280013,INFY,S,265,2400.2,636053.0
11-22-2025,ALPHA_SEC,CL367105,LT,S,12,2490.14,29881.68
20/11/2025,ALPHA_SEC,CL031863,KOTAKBANK,S,345,670.92,231467.4
2025-11-20,DELTA_TRADES,CL192552,RELIANCE,B,118,2781.29,328192.22
2025-11-20,DELTA_TRADES,CL774271,AXISBANK,S,222,2346.78,520985.16
2025-11-20,ALPHA_SEC,CL109348,SBIN,S,371,2608.32,967686.72
2025-11-23,BETA_INVEST,CL923959,SBIN,S,306,770.99,235922.94
2025-11-20,OMEGA_BROKING,CL081296,SBIN,B,184,2396.07,440876.88
21-Nov-25,ALPHA_SEC,CL539534,HDFC,B,374,2175.93,813797.82
11-21-2025,OMEGA_BROKING,CL662957,RELIANCE,B,365,1499.44,547295.6
11-22-2025,BETA_INVEST,CL369654,HDFC,B,164,570.37,93540.68
23-Nov-25,BETA_INVEST,CL330216,TATAMOTORS,S,380,2094.72,491641.27
23-Nov-25,OMEGA_BROKING,CL599891,HDFC,S,358,2584.86,925379.88
11-21-2025,DELTA_TRADES,CL847729,SBIN,S,318,1193.68,379590.24
2025-11-26,ALPHA_SEC,CL268455,KOTAKBANK,S,242,122.33,29603.86
23-Nov-25,ALPHA_SEC,CL422179,TATAMOTORS,S,6,2152.93,12917.58
11-21-2025,DELTA_TRADES,CL561355,ICICIBANK,S,397,1809.27,718280.19
25/11/2025,BETA_INVEST,CL471915,AXISBANK,B,361,318.15,114852.15
21-Nov-25,ALPHA_SEC,CL620126,ICICIBANK,B,132,2340.59,308957.88
2025-11-23,BETA_INVEST,CL237974,TATAMOTORS,B,234,2287.37,535244.58
24/11/2025,DELTA_TRADES,CL507676,TATAMOTORS,B,38,2703.02,102714.76
21-Nov-25,ALPHA_SEC,CL674920,LT,S,223,2036.32,454099.36
2025-11-24,OMEGA_BROKING,CL484196,SBIN,S,123,1207.2,148485.6
11-20-2025,DELTA_TRADES,CL588975,SBIN,B,284,1633.89,464024.76
26-Nov-25,OMEGA_BROKING,CL182104,AXISBANK,S,300,1544.28,
2025-11-24,DELTA_TRADES,CL352605,LT,S,182,492.31,89600.42
26-Nov-25,BETA_INVEST,CL116711,RELIANCE,S,112,1401.64,156983.68
25/11/2025,DELTA_TRADES,CL622669,ICICIBANK,S,120,209.08,25089.6
2025-11-23,DELTA_TRADES,CL761534,ITC,B,237,495.45,117421.65
2025-11-22,OMEGA_BROKING,CL438779,HDFC,B,176,563.69,99209.44
21-Nov-25,OMEGA_BROKING,CL237772,HDFC,B,37,2313.86,72092.67
2025-11-23,ALPHA_SEC,CL120202,ICICIBANK,B,228,2482.4,565987.2
25/11/2025,DELTA_TRADES,CL765784,AXISBANK,S,320,2682.83,858505.6
20-Nov-25,OMEGA_BROKING,CL604439,RELIANCE,B,297,1268.24,376667.28
26-Nov-25,DELTA_TRADES,CL906477,LT,S,140,1481.8,207452.0
2025-11-23,ALPHA_SEC,CL576898,SBIN,S,391,2384.62,932386.42
25-Nov-25,BETA_INVEST,CL316219,TATAMOTORS,B,183,372.3,68130.9
11-22-2025,DELTA_TRADES,CL744717,LT,B,227,386.43,87719.61
11-26-2025,ALPHA_SEC,CL889057,HDFC,S,188,1211.07,227681.16
23/11/2025,OMEGA_BROKING,CL311491,LT,B,264,1736.98,458562.72
2025-11-21,ALPHA_SEC,CL873577,SBIN,S,316,2331.42,736728.72
25/11/2025,BETA_INVEST,CL449225,INFY,B,286,909.11,260005.46
23-Nov-25,DELTA_TRADES,CL265278,KOTAKBANK,B,293,108.49,31787.57
11-23-2025,DELTA_TRADES,CL952825,KOTAKBANK,B,52,1207.65,62797.8
26-Nov-25,DELTA_TRADES,CL148072,SBIN,S,285,1957.01,557747.85
21-Nov-25,ALPHA_SEC,CL818304,SBIN,B,4,2164.37,8657.48
11-20-2025,ALPHA_SEC,CL987173,LT,S,256,2174.02,556549.12
2025-11-25,DELTA_TRADES,CL549297,INFY,S,20,365.72,7314.4
11-23-2025,DELTA_TRADES,CL694374,HDFC,S,58,1660.93,96333.94
2025-11-25,DELTA_TRADES,CL927793,KOTAKBANK,S,157,1823.27,286253.39
2025-11-24,BETA_INVEST,CL614824,ICICIBANK,S,327,2611.72,854032.44
21/11/2025,OMEGA_BROKING,CL408696,LT,S,393,720.31,283081.83
23-Nov-25,ALPHA_SEC,CL113408,KOTAKBANK,S,290,639.96,185588.4
2025-11-24,ALPHA_SEC,CL976881,SBIN,B,313,1997.64,383467.74
2025-11-26,OMEGA_BROKING,CL281841,TATAMOTORS,S,277,2572.72,889781.61
23/11/2025,BETA_INVEST,CL359706,LT,S,147,475.79,50921.4
20-Nov-25,DELTA_TRADES,CL896089,RELIANCE,S,6,1311.74,7870.44
2025-11-25,BETA_INVEST,CL485746,AXISBANK,S,335,1855.29,621522.15
2025-11-25,DELTA_TRADES,CL672425,ICICIBANK,B,123,2176.76,267741.48
22-Nov-25,DELTA_TRADES,CL136372,TATAMOTORS,B,214,637.01,136320.14
24/11/2025,ALPHA_SEC,CL081514,HDFC,S,84,2102.22,176586.48
11-21-2025,ALPHA_SEC,CL813890,LT,B,75,2615.37,196152.75
2025-11-20,OMEGA_BROKING,CL929009,AXISBANK,B,217,1073.25,232895.25
23-Nov-25,BETA_INVEST,CL502101,LT,B,290,2629.4,762526.0
11-22-2025,BETA_INVEST,CL541307,TATAMOTORS,B,218,611.42,133289.56
11-22-2025,BETA_INVEST,CL407706,TATAMOTORS,B,320,2090.46,668947.2
2025-11-24,DELTA_TRADES,CL727495,INFY,S,72,2326.56,167512.32
2025-11-22,BETA_INVEST,CL711888,RELIANCE,B,18,1591.6,28648.8
2025-11-23,BETA_INVEST,CL995214,ITC,S,102,1708.63,174280.26
11-26-2025,BETA_INVEST,CL460902,KOTAKBANK,S,293,213.02,62414.86
11-23-2025,ALPHA_SEC,CL569674,TATAMOTORS,S,136,992.91,135035.76
2025-11-29,OMEGA_BROKING,CL044608,TATAMOTORS,S,375,1241.6,465600.0
11-23-2025,BETA_INVEST,CL877327,ICICIBANK,S,200,556.66,111332.0
2025-11-20,ALPHA_SEC,CL338819,AXISBANK,B,373,2263.43,844259.39
2025-11-26,DELTA_TRADES,CL182086,SBIN,B,281,1676.21,471015.01
2025-11-23,DELTA_TRADES,CL350897,SBIN,S,254,693.9,176250.6
21-Nov-25,OMEGA_BROKING,CL248126,HDFC,B,122,2484.27,303080.94
11-22-2025,DELTA_TRADES,CL368122,AXISBANK,B,392,2132.92,836104.64
11-25-2025,DELTA_TRADES,CL250666,KOTAKBANK,B,341,578.5,197268.5
11-21-2025,DELTA_TRADES,CL790481,RELIANCE,B,285,576.24,164228.4
11-23-2025,BETA_INVEST,CL332904,INFY,B,366,746.24,273123.84
21/11/2025,ALPHA_SEC,CL538731,RELIANCE,S,158,1182.55,186842.9
26/11/2025,BETA_INVEST,CL706273,HDFC,S,300,1251.63,375489.0
23/11/2025,ALPHA_SEC,CL365430,INFY,B,129,1180.11,152234.19
2025-11-26,OMEGA_BROKING,CL191948,ICICIBANK,S,79,2135.13,168675.27
2025-11-26,OMEGA_BROKING,CL545112,AXISBANK,S,328,1159.68,380375.04
11-26-2025,BETA_INVEST,CL360263,SBIN,S,224,2323.11,520376.64
24/11/2025,BETA_INVEST,CL108015,HDFC,B,254,318.42,80878.68
11-24-2025,OMEGA_BROKING,CL851474,ICICIBANK,B,305,2001.11,610338.55
21/11/2025,BETA_INVEST,CL159518,TATAMOTORS,B,92,1024.08,94215.36
2025-11-29,OMEGA_BROKING,CL535175,AXISBANK,S,45,1788.78,80495.1
22-Nov-25,BETA_INVEST,CL312396,LT,B,265,2644.58,700813.7
29/11/2025,ALPHA_SEC,CL829625,TATAMOTORS,B,369,2054.74,758199.06
2025-11-23,BETA_INVEST,CL392941,RELIANCE,B,180,475.64,85615.2
11-23-2025,OMEGA_BROKING,CL441735,ICICIBANK,S,70,347.84,24348.8
11-26-2025,BETA_INVEST,CL171352,SBIN,B,147,2439.96,358674.12
26/11/2025,DELTA_TRADES,CL221719,TATAMOTORS,B,243,2718.93,660699.99
2025-11-21,BETA_INVEST,CL463278,RELIANCE,S,263,2682.83,705584.29
24/11/2025,ALPHA_SEC,CL298095,SBIN,S,49,1756.2,86053.8
2025-11-29,OMEGA_BROKING,CL483747,INFY,S,71,1926.15,136756.65
20/11/2025,ALPHA_SEC,CL243255,ICICIBANK,S,96,566.17,54352.32
2025-11-26,BETA_INVEST,CL767612,HDFC,B,18,1267.35,22812.3
11-22-2025,OMEGA_BROKING,CL888854,HDFC,S,208,446.2,92809.6
11-24-2025,BETA_INVEST,CL695882,RELIANCE,S,191,340.88,65108.08
11-21-2025,DELTA_TRADES,CL545987,AXISBANK,S,251,2643.82,663598.82
23/11/2025,ALPHA_SEC,CL560852,HDFC,S,147,313.94,46149.18
20-Nov-25,ALPHA_SEC,CL038535,ITC,B,281,1282.77,360458.37
23-Nov-25,BETA_INVEST,CL030238,LT,B,193,2530.73,488430.89
11-23-2025,BETA_INVEST,CL290708,KOTAKBANK,B,379,1957.86,742028.94
11-22-2025,BETA_INVEST,CL339395,RELIANCE,S,113,2680.94,302946.22
20-Nov-25,BETA_INVEST,CL101222,AXISBANK,B,220,586.28,128981.6
2025-11-25,BETA_INVEST,CL545276,LT,B,250,1509.41,377352.5
23-Nov-25,OMEGA_BROKING,CL251042,RELIANCE,S,104,615.66,64028.64
22-Nov-25,DELTA_TRADES,CL851959,ICICIBANK,B,213,107.89,22980.57
20/11/2025,OMEGA_BROKING,CL075024,ITC,B,223,444.26,99069.98
20/11/2025,OMEGA_BROKING,CL786863,HDFC,B,95,2618.95,248800.25
11-24-2025,DELTA_TRADES,CL991056,TATAMOTORS,S,343,1560.71,535323.53
21-Nov-25,ALPHA_SEC,CL199301,TATAMOTORS,B,282,2404.05,677942.1
23-Nov-25,BETA_INVEST,CL947329,KOTAKBANK,B,225,1203.0,270675.0
24/11/2025,OMEGA_BROKING,CL452532,HDFC,B,346,2117.28,732578.88
23/11/2025,OMEGA_BROKING,CL696207,TATAMOTORS,B,221,541.05,119572.05
2025-11-23,OMEGA_BROKING,CL221664,RELIANCE,S,50,399.37,19968.5
11-20-2025,BETA_INVEST,CL358460,AXISBANK,S,326,981.98,320125.48
2025-11-23,ALPHA_SEC,CL959270,HDFC,S,307,2736.17,840004.19
23/11/2025,BETA_INVEST,CL395577,TATAMOTORS,B,151,1566.68,236568.68
22-Nov-25,ALPHA_SEC,CL642231,RELIANCE,S,109,2350.53,256207.77
11-25-2025,ALPHA_SEC,CL813969,RELIANCE,S,295,1958.26,577686.7
11-25-2025,ALPHA_SEC,CL542804,HDFC,S,241,2256.71,543867.11
24/11/2025,ALPHA_SEC,CL821728,TATAMOTORS,S,219,1063.47,232899.93
2025-11-22,DELTA_TRADES,CL024198,RELIANCE,B,381,1443.27,549885.87
25/11/2025,OMEGA_BROKING,CL979340,RELIANCE,B,40,2168.82,86752.8
2025-11-26,DELTA_TRADES,CL281107,HDFC,B,306,2365.87,723956.22
21/11/2025,OMEGA_BROKING,CL491317,KOTAKBANK,S,123,2679.78,329612.94
2025-11-25,OMEGA_BROKING,CL476917,TATAMOTORS,S,306,1226.96,375449.76
23-Nov-25,BETA_INVEST,CL692397,SBIN,S,190,713.72,135606.8
11-26-2025,ALPHA_SEC,CL057759,ICICIBANK,B,238,1014.86,241536.68
11-22-2025,DELTA_TRADES,CL283001,AXISBANK,S,332,2603.0,864196.0
23-Nov-25,OMEGA_BROKING,CL215005,SBIN,B,9,447.03,4023.27
11-24-2025,DELTA_TRADES,CL443879,SBIN,S,308,193.8,59690.4
22-Nov-25,DELTA_TRADES,CL153959,RELIANCE,B,172,1547.29,266133.88
11-24-2025,BETA_INVEST,CL617120,RELIANCE,S,327,1594.86,521519.22
26-Nov-25,OMEGA_BROKING,CL586019,TATAMOTORS,S,151,1117.53,168747.03
26/11/2025,OMEGA_BROKING,CL382493,AXISBANK,B,370,2253.14,833661.8
11-24-2025,DELTA_TRADES,CL473899,SBIN,S,234,718.19,168056.46
2025-11-26,BETA_INVEST,CL201861,INFY,S,272,2600.68,707384.96
21/11/2025,BETA_INVEST,CL367578,LT,S,300,723.47,217041.0
11-22-2025,DELTA_TRADES,CL409072,HDFC,B,176,2585.01,454961.76
2025-11-24,OMEGA_BROKING,CL768256,RELIANCE,S,34,267.34,9089.56
2025-11-29,ALPHA_SEC,CL329774,HDFC,B,299,193.01,57709.99
11-25-2025,ALPHA_SEC,CL061006,LT,B,244,2773.18,676655.92
22/11/2025,ALPHA_SEC,CL444043,HDFC,S,85,2498.02,212331.7
11-22-2025,BETA_INVEST,CL164704,KOTAKBANK,S,347,1119.47,388456.09
11-20-2025,OMEGA_BROKING,CL815861,ITC,S,279,1631.67,455235.93
2025-11-22,BETA_INVEST,CL564035,ITC,B,151,1260.82,190383.82
11-21-2025,ALPHA_SEC,CL963415,ICICIBANK,S,328,795.61,260960.08
26-Nov-25,OMEGA_BROKING,CL732648,TATAMOTORS,B,386,2508.32,968211.52
2025-11-20,BETA_INVEST,CL046665,ICICIBANK,B,259,1005.36,260388.24
24-Nov-25,DELTA_TRADES,CL277908,AXISBANK,S,294,318.92,93762.48
11-22-2025,BETA_INVEST,CL137685,LT,B,142,968.08,137467.36
11-21-2025,BETA_INVEST,CL785858,AXISBANK,S,29,1093.62,31714.98
26/11/2025,ALPHA_SEC,CL468531,RELIANCE,S,136,2686.9,365418.4
2025-11-21,ALPHA_SEC,CL499276,ICICIBANK,S,369,2007.79,740874.51
11-20-2025,BETA_INVEST,CL546176,ITC,S,176,506.75,89188.0
23-Nov-25,ALPHA_SEC,CL554824,AXISBANK,B,316,2159.31,682341.96
26-Nov-25,OMEGA_BROKING,CL342668,INFY,S,141,1901.65,268132.65
2025-11-21,BETA_INVEST,CL701047,SBIN,B,383,196.34,75198.22
11-20-2025,BETA_INVEST,CL878771,RELIANCE,B,368,980.4,360787.2
11-26-2025,ALPHA_SEC,CL836645,TATAMOTORS,B,216,1178.83,254627.28
11-21-2025,DELTA_TRADES,CL420641,ITC,B,276,230.6,63645.6
2025-11-24,ALPHA_SEC,CL559106,AXISBANK,S,380,1336.8,507984.0
11-26-2025,ALPHA_SEC,CL102258,ITC,B,394,1018.04,401107.76
11-23-2025,DELTA_TRADES,CL704293,HDFC,S,243,1799.13,437188.59
26-Nov-25,ALPHA_SEC,CL678067,AXISBANK,S,296,2112.23,625220.08
25-Nov-25,DELTA_TRADES,CL166383,HDFC,B,330,1368.05,451456.5
11-24-2025,OMEGA_BROKING,CL435353,KOTAKBANK,B,229,2248.9,514998.1
25/11/2025,OMEGA_BROKING,CL983799,HDFC,S,22,1591.11,35004.42
21-Nov-25,DELTA_TRADES,CL410427,LT,S,49,2237.39,109632.11
24-Nov-25,BETA_INVEST,CL583094,ITC,B,300,1196.92,359076.0
2025-11-26,BETA_INVEST,CL205913,SBIN,B,196,2758.49,540664.04
11-20-2025,BETA_INVEST,CL443468,LT,B,205,509.06,104357.3
22-Nov-25,OMEGA_BROKING,CL472487,RELIANCE,S,78,2422.9,188986.2
22/11/2025,DELTA_TRADES,CL239865,TATAMOTORS,S,244,2083.74,508432.56
20/11/2025,BETA_INVEST,CL418278,RELIANCE,B,271,1350.88,366088.48
11-20-2025,ALPHA_SEC,CL679372,INFY,S,70,1983.91,138873.7
25/11/2025,ALPHA_SEC,CL054170,TATAMOTORS,B,130,897.81,116715.3
2025-11-22,ALPHA_SEC,CL608281,ICICIBANK,B,182,2423.21,441024.22
11-25-2025,DELTA_TRADES,CL304697,ICICIBANK,S,362,1844.72,667788.64
11-22-2025,OMEGA_BROKING,CL784481,KOTAKBANK,S,212,2775.1,588321.2
11-23-2025,OMEGA_BROKING,CL738926,HDFC,B,139,1504.38,209108.82
25/11/2025,DELTA_TRADES,CL414635,HDFC,S,93,1092.83,101633.19
29/11/2025,ALPHA_SEC,CL528140,LT,B,22,1219.79,26835.38
2025-11-20,ALPHA_SEC,CL994395,SBIN,B,31,1418.48,43972.88
11-21-2025,DELTA_TRADES,CL896825,INFY,S,346,2080.19,719745.74
22-Nov-25,BETA_INVEST,CL515067,KOTAKBANK,S,365,1905.06,695346.9
2025-11-29,OMEGA_BROKING,CL529423,AXISBANK,B,36,889.47,32020.92
2025-11-26,BETA_INVEST,CL278966,RELIANCE,S,228,2561.66,584058.48
11-22-2025,ALPHA_SEC,CL888244,AXISBANK,S,104,184.88,19227.52
11-21-2025,OMEGA_BROKING,CL272170,ITC,S,225,277.33,62399.25
22/11/2025,DELTA_TRADES,CL710288,LT,S,40,828.42,33136.8
23/11/2025,BETA_INVEST,CL045892,TATAMOTORS,S,292,1483.13,
2025-11-21,OMEGA_BROKING,CL130445,TATAMOTORS,B,374,315.06,117832.44
26/11/2025,BETA_INVEST,CL134002,LT,B,259,112.99,29264.41
23-Nov-25,BETA_INVEST,CL059469,KOTAKBANK,S,206,429.4,88456.4
11-20-2025,BETA_INVEST,CL500764,HDFC,B,126,848.25,106879.5
11-23-2025,DELTA_TRADES,CL492854,HDFC,B,156,2689.6,419577.6
25/11/2025,DELTA_TRADES,CL919359,HDFC,S,209,2072.14,433077.26
23/11/2025,OMEGA_BROKING,CL640153,LT,B,335,1060.56,355287.6
22-Nov-25,DELTA_TRADES,CL077466,AXISBANK,B,135,1046.07,141219.45
11-24-2025,DELTA_TRADES,CL295164,INFY,B,45,2386.48,107391.6
11-21-2025,BETA_INVEST,CL206700,SBIN,B,71,2608.07,185172.97
21/11/2025,BETA_INVEST,CL840369,LT,B,65,2283.68,148439.2
2025-11-24,ALPHA_SEC,CL618624,INFY,S,379,305.55,115803.45
11-29-2025,OMEGA_BROKING,CL399069,SBIN,B,334,1245.58,416023.72
24-Nov-25,OMEGA_BROKING,CL819228,TATAMOTORS,B,69,1524.52,105191.88
2025-11-20,BETA_INVEST,CL373773,LT,S,49,1262.57,61865.93
11-24-2025,OMEGA_BROKING,CL885524,LT,B,122,740.29,90315.38
21-Nov-25,BETA_INVEST,CL355399,KOTAKBANK,S,347,2176.3,755176.1
11-21-2025,DELTA_TRADES,CL712168,HDFC,S,287,147.43,42312.41
25/11/2025,ALPHA_SEC,CL605265,ITC,B,347,1387.99,
11-23-2025,OMEGA_BROKING,CL697050,HDFC,B,48,576.79,27685.92
20/11/2025,ALPHA_SEC,CL165343,LT,B,326,1838.58,599377.08
11-20-2025,DELTA_TRADES,CL744519,INFY,B,180,2719.74,489553.2
2025-11-26,ALPHA_SEC,CL816173,HDFC,S,49,1055.66,
11-20-2025,BETA_INVEST,CL655597,INFY,S,26,1740.62,45256.12
23/11/2025,OMEGA_BROKING,CL509552,KOTAKBANK,B,250,2532.06,633015.0
11-22-2025,OMEGA_BROKING,CL513932,ITC,S,173,412.05,71284.65
24/11/2025,BETA_INVEST,CL142367,KOTAKBANK,S,179,386.86,
24-Nov-25,OMEGA_BROKING,CL675950,HDFC,B,366,1536.67,562421.22
26/11/2025,BETA_INVEST,CL998038,AXISBANK,S,144,1973.23,284145.12
2025-11-22,ALPHA_SEC,CL405243,HDFC,B,380,1917.08,728490.4
25-Nov-25,OMEGA_BROKING,CL229967,LT,B,335,2251.91,754389.85
22/11/2025,DELTA_TRADES,CL026933,HDFC,S,31,2267.91,70305.21
22-Nov-25,DELTA_TRADES,CL519583,TATAMOTORS,S,84,1257.24,105608.16
2025-11-24,DELTA_TRADES,CL724498,KOTAKBANK,B,284,751.99,213565.16
11-21-2025,OMEGA_BROKING,CL803397,ICICIBANK,S,51,306.09,15610.59
11-21-2025,OMEGA_BROKING,CL580329,HDFC,S,225,2689.36,605106.0
23-Nov-25,BETA_INVEST,CL269825,SBIN,S,116,250.89,29103.24
11-23-2025,ALPHA_SEC,CL005379,LT,S,324,2613.99,846932.76
2025-11-26,BETA_INVEST,CL272294,HDFC,S,395,653.74,258227.3
26/11/2025,DELTA_TRADES,CL236470,ITC,S,224,1560.29,349504.96
20/11/2025,DELTA_TRADES,CL565204,INFY,B,211,679.9,143458.9
11-21-2025,ALPHA_SEC,CL662712,INFY,S,74,2277.16,168509.84
2025-11-29,ALPHA_SEC,CL765822,INFY,B,370,2143.8,793206.0
21-Nov-25,DELTA_TRADES,CL716584,KOTAKBANK,B,167,1222.39,204139.13
2025-11-22,ALPHA_SEC,CL028697,RELIANCE,B,173,1404.47,242973.31
22/11/2025,BETA_INVEST,CL373123,RELIANCE,B,273,2495.69,681323.37
11-23-2025,DELTA_TRADES,CL172318,INFY,B,47,1919.67,90224.49
22-Nov-25,ALPHA_SEC,CL707653,INFY,B,155,2597.8,402659.0
21/11/2025,DELTA_TRADES,CL917362,ICICIBANK,B,132,1449.63,191351.16
20-Nov-25,OMEGA_BROKING,CL922342,ITC,B,197,592.35,116692.95
26-Nov-25,DELTA_TRADES,CL614432,SBIN,S,394,600.29,236514.26
20-Nov-25,BETA_INVEST,CL190569,LT,B,379,2570.8,974333.2
2025-11-25,OMEGA_BROKING,CL200207,LT,S,372,1204.22,447969.84
24-Nov-25,OMEGA_BROKING,CL076672,AXISBANK,S,72,281.9,20296.8
22/11/2025,OMEGA_BROKING,CL335659,SBIN,S,286,133.01,38040.86
29/11/2025,OMEGA_BROKING,CL165684,KOTAKBANK,B,322,159.54,51371.88
21-Nov-25,DELTA_TRADES,CL208302,LT,S,362,539.33,195237.46
26-Nov-25,OMEGA_BROKING,CL271045,KOTAKBANK,S,92,1718.67,158117.64
22/11/2025,OMEGA_BROKING,CL154687,HDFC,S,235,704.13,165470.55
22/11/2025,ALPHA_SEC,CL897143,ITC,B,181,1783.61,322833.41
21/11/2025,DELTA_TRADES,CL324780,ITC,B,222,2032.37,
2025-11-29,DELTA_TRADES,CL974131,SBIN,B,344,1569.41,539877.04
21/11/2025,BETA_INVEST,CL387205,AXISBANK,S,135,1973.51,266423.85
2025-11-23,DELTA_TRADES,CL123933,TATAMOTORS,S,6,938.47,5630.82
22/11/2025,BETA_INVEST,CL733732,ICICIBANK,S,123,631.68,57174.59
29/11/2025,OMEGA_BROKING,CL596149,INFY,B,1,1447.76,
23-Nov-25,BETA_INVEST,CL032366,AXISBANK,B,293,885.18,259357.74
22-Nov-25,OMEGA_BROKING,CL092593,HDFC,B,124,1651.99,204846.76
22-Nov-25,DELTA_TRADES,CL955404,ITC,S,43,1831.67,78761.81
11-24-2025,BETA_INVEST,CL594779,RELIANCE,S,81,1304.42,105658.02
11-20-2025,BETA_INVEST,CL368354,SBIN,S,119,2763.26,328827.94
21/11/2025,BETA_INVEST,CL900143,INFY,S,117,947.36,110841.12
11-23-2025,ALPHA_SEC,CL752324,TATAMOTORS,S,180,1105.7,199026.0
2025-11-21,DELTA_TRADES,CL411717,SBIN,B,392,2389.3,936605.6
24/11/2025,OMEGA_BROKING,CL397672,RELIANCE,B,218,463.9,101130.2
20/11/2025,OMEGA_BROKING,CL641912,LT,B,348,799.39,278187.72
11-21-2025,DELTA_TRADES,CL347928,ICICIBANK,S,330,808.31,266742.3
20-Nov-25,DELTA_TRADES,CL472420,ITC,B,336,2024.2,680131.2
2025-11-22,BETA_INVEST,CL113228,INFY,S,353,1336.08,471636.24
21-Nov-25,DELTA_TRADES,CL047320,ITC,S,147,272.66,40081.02
23-Nov-25,ALPHA_SEC,CL647593,AXISBANK,B,186,2387.44,444063.84
25/11/2025,ALPHA_SEC,CL550629,AXISBANK,S,67,2771.46,185687.82
26/11/2025,BETA_INVEST,CL086290,ITC,S,87,286.39,24915.93
23-Nov-25,OMEGA_BROKING,CL263134,LT,B,398,1739.4,692281.2
21/11/2025,OMEGA_BROKING,CL239576,RELIANCE,B,379,2673.58,1013286.82
11-25-2025,ALPHA_SEC,CL013696,HDFC,B,65,1080.32,70220.8
24-Nov-25,ALPHA_SEC,CL692984,RELIANCE,S,230,314.78,72399.4
21/11/2025,ALPHA_SEC,CL150218,SBIN,S,272,781.27,212505.44
26-Nov-25,OMEGA_BROKING,CL381158,TATAMOTORS,B,360,2332.72,1060984.08
11-26-2025,BETA_INVEST,CL721234,LT,B,57,2258.18,128716.26
11-24-2025,DELTA_TRADES,CL150385,LT,S,338,413.11,139631.18
25/11/2025,OMEGA_BROKING,CL283110,ICICIBANK,B,94,1984.02,186497.88
22-Nov-25,OMEGA_BROKING,CL583085,TATAMOTORS,S,164,880.29,144367.56
26-Nov-25,ALPHA_SEC,CL714752,RELIANCE,B,353,2001.79,
22/11/2025,DELTA_TRADES,CL832666,INFY,S,116,1521.36,176477.76
24-Nov-25,OMEGA_BROKING,CL110374,TATAMOTORS,S,31,2057.67,63787.77
21/11/2025,BETA_INVEST,CL146636,RELIANCE,B,370,1438.99,532426.3
25/11/2025,OMEGA_BROKING,CL818803,ICICIBANK,S,37,2271.53,67584.1
26/11/2025,DELTA_TRADES,CL662393,INFY,B,37,1345.37,49778.69
2025-11-22,DELTA_TRADES,CL299611,KOTAKBANK,S,60,1302.29,78137.4
29/11/2025,BETA_INVEST,CL888055,ICICIBANK,B,207,892.25,184695.75
11-25-2025,DELTA_TRADES,CL341596,TATAMOTORS,B,316,1347.1,425683.6
11-24-2025,ALPHA_SEC,CL512652,TATAMOTORS,S,295,2699.27,796284.65
26/11/2025,DELTA_TRADES,CL397842,AXISBANK,S,176,1749.81,307966.56
21-Nov-25,ALPHA_SEC,CL229986,TATAMOTORS,B,81,1189.37,96338.97
2025-11-26,OMEGA_BROKING,CL322041,LT,S,88,2635.11,231889.68
2025-11-21,ALPHA_SEC,CL967510,RELIANCE,B,64,2342.67,149930.88
11-22-2025,OMEGA_BROKING,CL601534,SBIN,B,97,1801.07,174703.79
26/11/2025,OMEGA_BROKING,CL382347,LT,B,26,1648.2,42853.2
29/11/2025,ALPHA_SEC,CL650639,LT,S,109,2386.87,260168.83
2025-11-21,OMEGA_BROKING,CL734954,INFY,S,188,2162.45,406540.6
20/11/2025,ALPHA_SEC,CL820210,ITC,B,348,1649.18,573914.64
2025-11-23,ALPHA_SEC,CL621152,RELIANCE,S,371,2393.37,887940.27
25/11/2025,ALPHA_SEC,CL919932,KOTAKBANK,B,360,653.86,235389.6
25-Nov-25,DELTA_TRADES,CL634156,HDFC,S,289,2205.3,637331.7
20/11/2025,DELTA_TRADES,CL282218,ITC,S,258,1083.88,
11-20-2025,DELTA_TRADES,CL797990,AXISBANK,B,351,1677.61,588841.11
22-Nov-25,OMEGA_BROKING,CL809108,ICICIBANK,B,95,1855.96,176316.2
24/11/2025,BETA_INVEST,CL269711,INFY,B,37,2792.47,103321.39
26-Nov-25,DELTA_TRADES,CL383781,ICICIBANK,S,374,2632.59,984588.66
21/11/2025,OMEGA_BROKING,CL635907,SBIN,B,152,1286.91,195610.32
21/11/2025,DELTA_TRADES,CL209571,HDFC,S,371,1479.24,548798.04
2025-11-29,DELTA_TRADES,CL374587,HDFC,S,375,2261.61,848103.75
2025-11-20,OMEGA_BROKING,CL012324,HDFC,B,379,351.78,133324.62
22-Nov-25,ALPHA_SEC,CL195418,ICICIBANK,B,128,307.39,39345.92
26/11/2025,BETA_INVEST,CL355923,INFY,B,364,1222.31,444920.84
11-22-2025,DELTA_TRADES,CL665877,TATAMOTORS,B,164,1257.44,206220.16
2025-11-26,OMEGA_BROKING,CL020046,INFY,S,164,604.85,99195.4
2025-11-26,ALPHA_SEC,CL289324,INFY,S,198,2116.19,419005.62
11-26-2025,ALPHA_SEC,CL537408,ICICIBANK,B,84,283.35,23801.4
2025-11-26,OMEGA_BROKING,CL306682,SBIN,B,269,1691.29,454957.01
11-23-2025,ALPHA_SEC,CL151420,LT,S,238,1898.32,451800.16
26-Nov-25,OMEGA_BROKING,CL382298,AXISBANK,S,141,1749.9,246735.9
2025-11-26,BETA_INVEST,CL007016,SBIN,B,65,591.33,38436.45
2025-11-20,ALPHA_SEC,CL460852,SBIN,B,215,605.04,130083.6
22/11/2025,ALPHA_SEC,CL543070,SBIN,S,186,2575.73,479085.78
23/11/2025,ALPHA_SEC,CL523321,LT,S,327,1644.85,537865.95
11-22-2025,BETA_INVEST,CL243674,HDFC,S,138,2370.42,327117.96
11-26-2025,OMEGA_BROKING,CL891607,LT,S,33,956.82,31575.06
20-Nov-25,ALPHA_SEC,CL079897,ICICIBANK,S,101,1576.96,159272.96
20-Nov-25,OMEGA_BROKING,CL297526,KOTAKBANK,B,156,1360.62,212256.72
2025-11-24,ALPHA_SEC,CL327053,TATAMOTORS,B,206,308.9,63633.4
11-29-2025,ALPHA_SEC,CL990727,RELIANCE,B,38,1861.34,70730.92
2025-11-29,BETA_INVEST,CL079610,HDFC,S,35,2184.03,76441.05
11-20-2025,BETA_INVEST,CL041604,INFY,B,91,2409.79,223612.32
11-29-2025,BETA_INVEST,CL626988,HDFC,B,369,185.79,68556.51
2025-11-20,BETA_INVEST,CL698705,ITC,B,166,845.46,140346.36
22-Nov-25,OMEGA_BROKING,CL387663,TATAMOTORS,S,96,943.82,90606.72
29/11/2025,ALPHA_SEC,CL304653,SBIN,B,342,1919.41,656438.22
22/11/2025,OMEGA_BROKING,CL091942,TATAMOTORS,B,220,2151.79,473393.8
11-25-2025,BETA_INVEST,CL400189,INFY,S,44,1553.22,68341.68
11-20-2025,OMEGA_BROKING,CL295543,RELIANCE,S,329,2228.37,733133.73
23/11/2025,OMEGA_BROKING,CL943250,RELIANCE,S,177,1734.22,306956.94
11-23-2025,OMEGA_BROKING,CL787012,RELIANCE,S,166,1524.66,253093.56
22/11/2025,OMEGA_BROKING,CL420618,LT,S,101,2604.06,263010.06
26-Nov-25,DELTA_TRADES,CL661886,KOTAKBANK,B,159,1664.84,264709.56
26-Nov-25,DELTA_TRADES,CL453073,LT,B,307,2305.27,707717.89
2025-11-23,ALPHA_SEC,CL248593,TATAMOTORS,B,267,2396.51,639868.17
24/11/2025,BETA_INVEST,CL483190,HDFC,S,163,2747.75,447883.25
2025-11-22,ALPHA_SEC,CL643938,RELIANCE,S,106,1791.02,189848.12
11-23-2025,DELTA_TRADES,CL677559,AXISBANK,B,167,1181.79,197358.93
22/11/2025,BETA_INVEST,CL957208,LT,S,319,1838.7,586545.3
11-26-2025,OMEGA_BROKING,CL607502,LT,S,387,2326.38,900309.06
11-22-2025,DELTA_TRADES,CL842848,SBIN,S,366,927.7,339538.2
2025-11-25,OMEGA_BROKING,CL077614,SBIN,B,272,1765.88,480319.36
20/11/2025,ALPHA_SEC,CL072625,ICICIBANK,B,22,1215.82,26748.04
2025-11-26,DELTA_TRADES,CL277628,AXISBANK,S,347,516.27,179145.69
2025-11-23,BETA_INVEST,CL364670,LT,B,196,1909.2,374203.2
11-25-2025,DELTA_TRADES,CL436714,HDFC,S,76,2058.56,156450.56
2025-11-26,OMEGA_BROKING,CL573612,KOTAKBANK,B,205,958.61,
11-26-2025,BETA_INVEST,CL200853,AXISBANK,S,364,839.52,305585.28
2025-11-25,ALPHA_SEC,CL494613,RELIANCE,S,93,2661.56,247525.08
24/11/2025,BETA_INVEST,CL197423,TATAMOTORS,S,28,1836.44,51420.32
2025-11-24,DELTA_TRADES,CL947990,AXISBANK,S,287,2725.93,782341.91
11-24-2025,BETA_INVEST,CL349295,TATAMOTORS,B,375,202.53,75948.75
2025-11-21,OMEGA_BROKING,CL222636,HDFC,S,69,2734.98,188713.62
21/11/2025,BETA_INVEST,CL968222,LT,B,337,850.35,286567.95
11-26-2025,ALPHA_SEC,CL583188,KOTAKBANK,B,232,2358.95,547276.4
11-22-2025,OMEGA_BROKING,CL045065,ITC,S,93,2534.33,304388.25
11-25-2025,DELTA_TRADES,CL630694,INFY,B,141,1477.01,208258.41
20/11/2025,ALPHA_SEC,CL321167,AXISBANK,B,40,1549.77,61990.8
23-Nov-25,OMEGA_BROKING,CL875038,HDFC,S,97,882.11,85564.67
2025-11-26,DELTA_TRADES,CL662508,HDFC,B,388,1276.83,495410.04
11-23-2025,DELTA_TRADES,CL224784,HDFC,B,87,1278.15,111199.05
23-Nov-25,ALPHA_SEC,CL874866,ITC,B,51,2198.29,112112.79
23/11/2025,DELTA_TRADES,CL860175,TATAMOTORS,B,128,1645.73,210653.44
23/11/2025,ALPHA_SEC,CL745383,RELIANCE,B,276,1962.4,541622.4
25/11/2025,ALPHA_SEC,CL371295,INFY,B,199,2087.71,415454.29
23/11/2025,BETA_INVEST,CL411959,SBIN,S,285,1970.28,561529.8
11-22-2025,OMEGA_BROKING,CL760640,INFY,B,346,2416.18,835998.28
25/11/2025,BETA_INVEST,CL436843,INFY,S,368,229.86,84588.48
11-22-2025,OMEGA_BROKING,CL724978,SBIN,B,142,903.42,128285.64
2025-11-20,DELTA_TRADES,CL444136,INFY,S,247,1208.72,298553.84
22/11/2025,ALPHA_SEC,CL496365,ICICIBANK,B,219,1746.04,382382.76
2025-11-21,DELTA_TRADES,CL514585,SBIN,S,208,1365.88,284103.04
11-25-2025,BETA_INVEST,CL422932,RELIANCE,S,189,1874.3,354242.7
22/11/2025,ALPHA_SEC,CL490404,AXISBANK,S,214,2278.72,487646.08
2025-11-26,DELTA_TRADES,CL165320,HDFC,B,394,1753.96,691060.24
20-Nov-25,DELTA_TRADES,CL369886,AXISBANK,B,381,1094.94,417172.14
11-24-2025,ALPHA_SEC,CL990049,RELIANCE,S,328,841.57,276034.96
2025-11-25,OMEGA_BROKING,CL693864,RELIANCE,S,298,1954.03,582300.94
21-Nov-25,OMEGA_BROKING,CL071944,ITC,B,209,794.86,166125.74
2025-11-26,BETA_INVEST,CL497381,AXISBANK,B,27,600.82,16222.14
24-Nov-25,ALPHA_SEC,CL720123,HDFC,B,113,1090.63,123241.19
26-Nov-25,OMEGA_BROKING,CL173670,HDFC,S,295,2364.97,697666.15
23/11/2025,DELTA_TRADES,CL978665,KOTAKBANK,B,346,317.74,109938.04
11-22-2025,DELTA_TRADES,CL569754,ITC,B,255,1975.74,503813.7
2025-11-23,OMEGA_BROKING,CL244642,TATAMOTORS,B,22,2020.71,44455.62
22-Nov-25,BETA_INVEST,CL680311,RELIANCE,B,397,781.18,310128.46
11-21-2025,OMEGA_BROKING,CL128367,SBIN,B,83,1388.06,115208.98
11-29-2025,OMEGA_BROKING,CL127562,INFY,S,24,493.4,11841.6
2025-11-22,ALPHA_SEC,CL587988,SBIN,B,379,797.95,302423.05
25/11/2025,BETA_INVEST,CL969592,ITC,S,152,1547.89,235279.28
2025-11-25,OMEGA_BROKING,CL863359,KOTAKBANK,B,222,2671.2,593006.4
22-Nov-25,BETA_INVEST,CL123518,LT,S,198,678.12,134267.76
2025-11-26,ALPHA_SEC,CL651987,TATAMOTORS,S,224,1784.25,399672.0
20-Nov-25,BETA_INVEST,CL495643,RELIANCE,S,114,733.34,83600.76
11-26-2025,ALPHA_SEC,CL518917,ITC,S,350,355.02,124257.0
21/11/2025,DELTA_TRADES,CL355105,HDFC,S,324,2631.5,852606.0
21/11/2025,DELTA_TRADES,CL236212,ICICIBANK,S,262,609.12,159589.44
2025-11-21,BETA_INVEST,CL189146,KOTAKBANK,S,331,1335.22,441957.82
11-29-2025,OMEGA_BROKING,CL058055,ITC,B,175,1107.11,193744.25
11-26-2025,DELTA_TRADES,CL814328,AXISBANK,B,115,1830.28,210482.2
11-29-2025,DELTA_TRADES,CL398194,INFY,S,77,2178.23,167723.71
22/11/2025,OMEGA_BROKING,CL794007,ICICIBANK,S,182,2272.23,413545.86
2025-11-29,OMEGA_BROKING,CL643840,SBIN,S,299,1514.85,452940.15
2025-11-29,DELTA_TRADES,CL309448,TATAMOTORS,B,149,814.8,121405.2
2025-11-20,OMEGA_BROKING,CL042007,ITC,B,363,2363.5,857950.5
2025-11-23,ALPHA_SEC,CL742829,RELIANCE,S,384,1019.25,391392.0
11-22-2025,BETA_INVEST,CL997833,INFY,B,147,1790.12,263147.64
25/11/2025,DELTA_TRADES,CL637630,SBIN,B,400,658.62,263448.0
11-24-2025,OMEGA_BROKING,CL852615,SBIN,S,168,151.71,25487.28
11-23-2025,DELTA_TRADES,CL519874,KOTAKBANK,B,31,529.27,16407.37
2025-11-23,ALPHA_SEC,CL463079,LT,S,194,1019.54,197790.76
26/11/2025,BETA_INVEST,CL863235,KOTAKBANK,S,218,952.83,207716.94
11-21-2025,BETA_INVEST,CL531460,HDFC,S,173,960.05,166088.65
11-26-2025,OMEGA_BROKING,CL614144,RELIANCE,S,16,1089.73,17435.68
2025-11-22,DELTA_TRADES,CL239466,RELIANCE,B,228,1939.77,442267.56
23/11/2025,BETA_INVEST,CL696976,SBIN,S,176,696.26,122541.76
20-Nov-25,DELTA_TRADES,CL283470,KOTAKBANK,B,148,1672.85,247581.8
20-Nov-25,DELTA_TRADES,CL426374,KOTAKBANK,S,312,1134.88,354082.56
23/11/2025,BETA_INVEST,CL084484,ITC,B,245,1236.06,302834.7
11-20-2025,DELTA_TRADES,CL208705,ICICIBANK,S,76,252.44,19185.44
26/11/2025,ALPHA_SEC,CL610658,SBIN,S,167,1518.91,253657.97
11-22-2025,DELTA_TRADES,CL178583,KOTAKBANK,B,81,701.89,56853.09
2025-11-22,OMEGA_BROKING,CL802678,SBIN,S,273,712.39,194482.47
2025-11-24,BETA_INVEST,CL252593,SBIN,B,140,953.82,133534.8
26-Nov-25,BETA_INVEST,CL460298,ICICIBANK,S,320,1682.5,538400.0
11-21-2025,OMEGA_BROKING,CL852122,LT,S,380,363.19,138012.2
2025-11-26,BETA_INVEST,CL094164,HDFC,B,88,2081.57,183178.16
20/11/2025,DELTA_TRADES,CL179739,KOTAKBANK,B,251,1409.73,353842.23
11-22-2025,BETA_INVEST,CL479601,KOTAKBANK,B,374,2368.8,885931.2
23/11/2025,BETA_INVEST,CL663156,RELIANCE,S,36,1944.63,70006.68
20-Nov-25,DELTA_TRADES,CL275839,AXISBANK,S,340,1048.35,356439.0
20/11/2025,BETA_INVEST,CL639334,ICICIBANK,S,316,1199.63,379083.08
2025-11-22,DELTA_TRADES,CL415452,ITC,B,46,141.12,6491.52
11-26-2025,ALPHA_SEC,CL139106,ITC,B,363,2432.37,882950.31
11-26-2025,OMEGA_BROKING,CL367769,TATAMOTORS,S,34,1112.96,37840.64
24/11/2025,OMEGA_BROKING,CL957438,TATAMOTORS,S,242,302.49,73202.58
21/11/2025,OMEGA_BROKING,CL353840,INFY,B,239,1215.04,290394.56
24-Nov-25,DELTA_TRADES,CL383822,ITC,S,335,864.0,289440.0
2025-11-26,ALPHA_SEC,CL821604,ICICIBANK,S,234,1541.64,447152.11
11-22-2025,DELTA_TRADES,CL767224,LT,B,341,1344.3,458406.3
2025-11-22,BETA_INVEST,CL402829,INFY,B,8,332.73,2661.84
11-22-2025,OMEGA_BROKING,CL644511,TATAMOTORS,S,48,1022.6,49084.8
2025-11-23,ALPHA_SEC,CL667103,HDFC,B,397,2596.65,1030870.05
2025-11-26,BETA_INVEST,CL164045,SBIN,B,134,2617.18,350702.12
21-Nov-25,BETA_INVEST,CL579138,RELIANCE,B,101,2471.46,249617.46
11-23-2025,ALPHA_SEC,CL718000,INFY,S,56,2260.82,126605.92
2025-11-22,DELTA_TRADES,CL332709,KOTAKBANK,B,214,307.66,65839.24
11-21-2025,DELTA_TRADES,CL308972,ICICIBANK,B,166,649.48,107813.68
22/11/2025,OMEGA_BROKING,CL438388,LT,B,237,2787.19,660564.03
22-Nov-25,DELTA_TRADES,CL275632,SBIN,S,307,907.58,278627.06
25/11/2025,BETA_INVEST,CL325233,AXISBANK,B,89,1362.04,121221.56
11-24-2025,DELTA_TRADES,CL928058,KOTAKBANK,S,145,313.56,45466.2
22-Nov-25,BETA_INVEST,CL392290,ITC,S,301,661.91,199234.91
21-Nov-25,DELTA_TRADES,CL613044,RELIANCE,S,109,1081.67,117902.03
11-25-2025,ALPHA_SEC,CL784661,KOTAKBANK,S,292,1015.28,296461.76
24/11/2025,BETA_INVEST,CL264915,TATAMOTORS,B,214,462.27,98925.78
2025-11-26,BETA_INVEST,CL344720,INFY,S,27,856.07,23113.89
11-20-2025,BETA_INVEST,CL691374,ITC,B,288,106.32,30620.16
23/11/2025,BETA_INVEST,CL983173,INFY,S,79,168.14,13283.06
11-23-2025,OMEGA_BROKING,CL581453,AXISBANK,S,161,1502.76,241944.36
26-Nov-25,DELTA_TRADES,CL155078,AXISBANK,B,150,363.95,54592.5
24/11/2025,ALPHA_SEC,CL581417,ICICIBANK,S,249,589.24,146720.76
2025-11-23,OMEGA_BROKING,CL175614,TATAMOTORS,S,229,2047.89,468966.81
2025-11-24,BETA_INVEST,CL400538,KOTAKBANK,S,196,2796.47,548108.12
2025-11-21,DELTA_TRADES,CL142091,RELIANCE,S,280,1732.43,485080.4
2025-11-26,BETA_INVEST,CL895742,RELIANCE,S,223,2602.39,580332.97
22/11/2025,DELTA_TRADES,CL248820,AXISBANK,S,242,1209.69,292744.98
11-25-2025,OMEGA_BROKING,CL650137,ITC,B,194,466.69,90537.86
22/11/2025,DELTA_TRADES,CL025182,KOTAKBANK,B,244,189.06,46130.64
22/11/2025,DELTA_TRADES,CL834020,KOTAKBANK,B,241,2673.68,644356.88
21-Nov-25,ALPHA_SEC,CL427270,RELIANCE,B,136,1190.86,161956.96
21-Nov-25,OMEGA_BROKING,CL758704,SBIN,B,302,1535.19,463627.38
20-Nov-25,OMEGA_BROKING,CL037978,ICICIBANK,B,178,2772.61,493524.58
11-26-2025,OMEGA_BROKING,CL921247,ITC,B,76,1720.65,130769.4
2025-11-25,DELTA_TRADES,CL143222,SBIN,B,190,1755.22,333491.8
25/11/2025,DELTA_TRADES,CL922642,LT,S,340,2513.88,854719.2
21-Nov-25,DELTA_TRADES,CL058748,LT,B,102,1204.7,122879.4
22-Nov-25,ALPHA_SEC,CL415577,INFY,S,184,1141.39,210015.76
11-25-2025,OMEGA_BROKING,CL265771,LT,S,351,2185.65,767163.15
2025-11-25,ALPHA_SEC,CL240157,INFY,B,269,590.76,158914.44
2025-11-21,ALPHA_SEC,CL906262,LT,B,211,1901.76,401271.36
2025-11-21,DELTA_TRADES,CL250645,HDFC,S,79,147.84,
2025-11-22,OMEGA_BROKING,CL276900,ICICIBANK,S,211,2487.09,300887.12
11-23-2025,DELTA_TRADES,CL836570,ITC,B,366,125.06,45771.96
22-Nov-25,DELTA_TRADES,CL892605,SBIN,B,237,2013.71,477249.27
25-Nov-25,OMEGA_BROKING,CL799064,LT,B,178,387.03,68891.34
2025-11-24,OMEGA_BROKING,CL059254,KOTAKBANK,S,254,953.19,242110.26
22/11/2025,BETA_INVEST,CL676675,TATAMOTORS,B,309,1196.41,369690.69
22-Nov-25,ALPHA_SEC,CL570531,HDFC,S,238,1408.05,335115.9
11-22-2025,DELTA_TRADES,CL250303,SBIN,S,363,1825.1,662511.3
2025-11-21,OMEGA_BROKING,CL130500,KOTAKBANK,S,258,1421.05,366630.9
24/11/2025,ALPHA_SEC,CL786199,AXISBANK,S,52,2592.29,134799.08
11-29-2025,BETA_INVEST,CL581303,RELIANCE,B,375,1632.36,
2025-11-22,DELTA_TRADES,CL828985,TATAMOTORS,B,55,309.85,17041.75
11-22-2025,OMEGA_BROKING,CL309463,KOTAKBANK,S,254,1939.49,492630.46
11-21-2025,BETA_INVEST,CL227389,LT,S,34,1866.62,63465.08
11-22-2025,BETA_INVEST,CL767596,SBIN,B,5,2234.49,11172.45
2025-11-22,BETA_INVEST,CL958242,RELIANCE,B,97,705.17,68401.49
2025-11-22,DELTA_TRADES,CL444472,TATAMOTORS,S,112,862.49,96598.88
2025-11-25,DELTA_TRADES,CL497514,SBIN,B,299,1957.76,585370.24
22-Nov-25,BETA_INVEST,CL384523,INFY,B,328,1638.85,537542.8
25/11/2025,ALPHA_SEC,CL388106,LT,B,309,2083.43,643779.87
21/11/2025,DELTA_TRADES,CL975517,AXISBANK,B,279,2189.91,610984.89
26/11/2025,ALPHA_SEC,CL803434,AXISBANK,B,119,884.98,105312.62
11-29-2025,DELTA_TRADES,CL245896,TATAMOTORS,S,127,2694.33,342179.91
24/11/2025,BETA_INVEST,CL642999,ICICIBANK,B,7,2460.35,17222.45
2025-11-21,OMEGA_BROKING,CL296975,INFY,S,291,1078.02,313703.82
2025-11-26,OMEGA_BROKING,CL913311,KOTAKBANK,B,345,1862.44,642541.8
2025-11-25,DELTA_TRADES,CL981942,ITC,B,98,1579.99,154839.02
25-Nov-25,DELTA_TRADES,CL912841,INFY,B,196,1822.58,357225.68
26/11/2025,DELTA_TRADES,CL884745,SBIN,B,81,2448.93,198363.33
24-Nov-25,BETA_INVEST,CL933717,AXISBANK,S,185,1696.01,313761.85
26/11/2025,DELTA_TRADES,CL752472,TATAMOTORS,S,36,2662.17,95838.12
24-Nov-25,DELTA_TRADES,CL450576,LT,B,266,1840.98,489700.68
20/11/2025,OMEGA_BROKING,CL868028,TATAMOTORS,B,378,967.78,365820.84
20-Nov-25,DELTA_TRADES,CL124207,HDFC,B,162,584.78,94734.36
2025-11-20,DELTA_TRADES,CL428312,SBIN,B,104,794.34,82611.36
25-Nov-25,ALPHA_SEC,CL080672,RELIANCE,S,380,1136.3,431794.0
26/11/2025,OMEGA_BROKING,CL809839,INFY,S,170,1029.38,174994.6
2025-11-23,DELTA_TRADES,CL409030,RELIANCE,S,255,1591.19,405753.45
23/11/2025,BETA_INVEST,CL064783,LT,S,342,1083.79,370656.18
11-29-2025,BETA_INVEST,CL074943,HDFC,S,140,344.51,48231.4
22-Nov-25,OMEGA_BROKING,CL470974,ITC,S,116,1546.04,179340.64
2025-11-22,OMEGA_BROKING,CL034065,LT,S,162,1818.61,294614.82
22-Nov-25,DELTA_TRADES,CL008823,AXISBANK,B,99,1008.8,99871.2
23-Nov-25,OMEGA_BROKING,CL019301,SBIN,S,35,2101.32,73546.2
25-Nov-25,ALPHA_SEC,CL543279,HDFC,B,148,340.76,50432.48
23/11/2025,DELTA_TRADES,CL967696,LT,S,390,1349.52,526312.8
20/11/2025,BETA_INVEST,CL286994,SBIN,S,291,211.81,61636.71
11-25-2025,BETA_INVEST,CL675326,RELIANCE,S,114,1643.47,187355.58
20-Nov-25,BETA_INVEST,CL395060,TATAMOTORS,S,118,1150.25,135729.5
2025-11-26,DELTA_TRADES,CL859316,RELIANCE,S,294,1135.12,333725.28
24-Nov-25,DELTA_TRADES,CL874418,AXISBANK,S,316,2311.22,730345.52
11-25-2025,DELTA_TRADES,CL737634,AXISBANK,B,226,943.6,213253.6
26-Nov-25,BETA_INVEST,CL611796,KOTAKBANK,S,192,2449.43,470290.56
21/11/2025,DELTA_TRADES,CL038696,KOTAKBANK,B,322,323.01,104009.22
22/11/2025,BETA_INVEST,CL402682,KOTAKBANK,S,92,934.98,86018.16
11-22-2025,OMEGA_BROKING,CL054330,INFY,B,386,884.63,341467.18
22-Nov-25,DELTA_TRADES,CL084445,ITC,S,223,2197.13,489959.99
22-Nov-25,ALPHA_SEC,CL296632,AXISBANK,S,237,1456.96,345299.52
20/11/2025,BETA_INVEST,CL398242,LT,B,82,2322.29,190427.78
11-23-2025,ALPHA_SEC,CL520447,KOTAKBANK,S,197,625.51,123225.47
21-Nov-25,BETA_INVEST,CL306177,RELIANCE,S,291,2511.69,730901.79
2025-11-25,DELTA_TRADES,CL037209,LT,B,40,533.22,21328.8
24-Nov-25,OMEGA_BROKING,CL799568,INFY,B,39,238.72,9310.08
11-26-2025,DELTA_TRADES,CL259081,SBIN,S,261,2108.08,550208.88
25/11/2025,ALPHA_SEC,CL750574,TATAMOTORS,S,183,2266.44,414758.52
24/11/2025,BETA_INVEST,CL538676,KOTAKBANK,S,160,1097.12,175539.2
2025-11-25,DELTA_TRADES,CL402508,INFY,S,361,825.61,298045.21
22/11/2025,ALPHA_SEC,CL332453,LT,S,161,1790.32,288241.52
11-20-2025,ALPHA_SEC,CL531798,TATAMOTORS,S,287,1169.53,335655.11
2025-11-22,ALPHA_SEC,CL636509,TATAMOTORS,B,391,414.57,162096.87
22/11/2025,ALPHA_SEC,CL924628,TATAMOTORS,S,312,108.07,33717.84
11-26-2025,ALPHA_SEC,CL296827,RELIANCE,S,253,2116.18,535393.54
21-Nov-25,ALPHA_SEC,CL581044,TATAMOTORS,S,151,1388.07,209598.57
22/11/2025,OMEGA_BROKING,CL562330,INFY,S,128,1651.55,211398.4
11-20-2025,ALPHA_SEC,CL039472,AXISBANK,S,368,2710.03,997291.04
11-24-2025,OMEGA_BROKING,CL636382,ITC,S,59,400.51,23630.09
24/11/2025,OMEGA_BROKING,CL048203,INFY,B,378,1303.42,492692.76
24/11/2025,DELTA_TRADES,CL676934,TATAMOTORS,S,162,555.14,89932.68
2025-11-21,OMEGA_BROKING,CL506121,HDFC,B,347,1553.22,538967.34
22-Nov-25,OMEGA_BROKING,CL837334,LT,S,147,1307.77,192242.19
22-Nov-25,OMEGA_BROKING,CL550867,KOTAKBANK,B,61,2777.35,169418.35
11-29-2025,OMEGA_BROKING,CL940293,ITC,B,247,542.6,134022.2
25-Nov-25,BETA_INVEST,CL223597,RELIANCE,S,391,674.19,263608.29
11-23-2025,DELTA_TRADES,CL143415,SBIN,S,229,2553.2,584682.8
24-Nov-25,OMEGA_BROKING,CL703755,INFY,B,261,1720.31,449000.91
2025-11-24,DELTA_TRADES,CL580858,ITC,B,167,2180.78,364190.26
2025-11-22,ALPHA_SEC,CL332429,RELIANCE,S,17,158.63,2696.71
2025-11-23,DELTA_TRADES,CL857493,KOTAKBANK,B,1,2112.09,2112.09
11-21-2025,DELTA_TRADES,CL191904,HDFC,S,116,1195.9,138724.4
11-22-2025,BETA_INVEST,CL745275,TATAMOTORS,B,58,1683.89,97665.62
11-24-2025,OMEGA_BROKING,CL951388,KOTAKBANK,B,316,2005.3,633674.8
11-20-2025,ALPHA_SEC,CL167693,RELIANCE,S,211,2337.46,493204.06
11-20-2025,DELTA_TRADES,CL901942,SBIN,S,147,2190.02,321932.94
2025-11-22,ALPHA_SEC,CL752516,ICICIBANK,S,120,381.25,45750.0
11-23-2025,DELTA_TRADES,CL991709,LT,S,60,726.47,43588.2
22-Nov-25,OMEGA_BROKING,CL187837,ICICIBANK,B,212,2239.55,474784.6
11-20-2025,ALPHA_SEC,CL537864,KOTAKBANK,S,290,351.69,101990.1
2025-11-25,DELTA_TRADES,CL725819,AXISBANK,S,234,565.33,132287.22
11-22-2025,BETA_INVEST,CL846996,SBIN,B,384,2024.69,777480.96
11-22-2025,ALPHA_SEC,CL118428,KOTAKBANK,S,295,1752.95,671003.43
11-24-2025,OMEGA_BROKING,CL637951,RELIANCE,B,75,166.0,12450.0
24-Nov-25,BETA_INVEST,CL851266,LT,S,373,1525.14,568877.22
22-Nov-25,DELTA_TRADES,CL618067,AXISBANK,B,383,2491.82,
26-Nov-25,DELTA_TRADES,CL945572,AXISBANK,S,218,1978.67,431350.06
2025-11-26,ALPHA_SEC,CL553395,AXISBANK,B,141,2400.13,338418.33
2025-11-26,DELTA_TRADES,CL411078,KOTAKBANK,B,167,1675.46,279801.82
2025-11-24,BETA_INVEST,CL943564,HDFC,B,244,676.56,165080.64
25-Nov-25,DELTA_TRADES,CL040059,ICICIBANK,B,231,1603.55,370420.05
22/11/2025,ALPHA_SEC,CL396265,AXISBANK,S,147,688.01,101137.47
26/11/2025,BETA_INVEST,CL619711,INFY,S,20,494.71,9894.2
20-Nov-25,ALPHA_SEC,CL383395,AXISBANK,B,82,2422.5,198645.0
26/11/2025,BETA_INVEST,CL793240,RELIANCE,S,318,2520.31,801458.58
11-22-2025,DELTA_TRADES,CL399425,RELIANCE,B,311,1041.87,
25-Nov-25,ALPHA_SEC,CL736458,INFY,B,387,555.28,214893.36
22/11/2025,BETA_INVEST,CL213558,INFY,B,115,931.89,107167.35
2025-11-20,OMEGA_BROKING,CL419771,SBIN,B,143,1463.59,256786.69
2025-11-23,BETA_INVEST,CL833180,KOTAKBANK,S,354,1834.85,649536.9
11-23-2025,BETA_INVEST,CL413613,TATAMOTORS,S,49,903.97,44294.53
11-25-2025,BETA_INVEST,CL385736,TATAMOTORS,B,218,1467.86,319993.48
21/11/2025,DELTA_TRADES,CL061139,INFY,B,56,513.83,28774.48
22-Nov-25,ALPHA_SEC,CL744180,HDFC,B,119,795.97,94720.43
20-Nov-25,OMEGA_BROKING,CL549642,LT,S,62,1863.84,115558.08
24-Nov-25,ALPHA_SEC,CL214263,INFY,S,400,690.54,276216.0
2025-11-24,ALPHA_SEC,CL684943,RELIANCE,S,321,1551.61,498066.81
22-Nov-25,OMEGA_BROKING,CL689585,TATAMOTORS,B,104,742.39,77208.56
25-Nov-25,OMEGA_BROKING,CL274194,SBIN,S,250,1714.46,428615.0
11-20-2025,BETA_INVEST,CL672308,ICICIBANK,B,76,1172.93,89142.68
2025-11-21,BETA_INVEST,CL986277,AXISBANK,B,397,1585.15,629304.55
11-22-2025,DELTA_TRADES,CL371695,ICICIBANK,B,169,1464.15,
24/11/2025,OMEGA_BROKING,CL867242,LT,B,347,1202.78,417364.66
25/11/2025,BETA_INVEST,CL084298,ITC,S,92,1989.29,183014.68
23-Nov-25,OMEGA_BROKING,CL091631,TATAMOTORS,S,265,1820.75,302240.11
2025-11-24,ALPHA_SEC,CL653993,AXISBANK,S,319,2118.99,675957.81
24/11/2025,ALPHA_SEC,CL172257,SBIN,B,395,2542.67,1004354.65
24-Nov-25,OMEGA_BROKING,CL703685,TATAMOTORS,S,44,452.19,19896.36
26/11/2025,ALPHA_SEC,CL520783,LT,B,323,2082.89,672773.47
25/11/2025,BETA_INVEST,CL816113,AXISBANK,B,69,1672.95,115433.55
21-Nov-25,BETA_INVEST,CL865624,ICICIBANK,S,169,1708.29,288701.01
23-Nov-25,ALPHA_SEC,CL479508,INFY,S,357,597.7,213378.9
11-24-2025,DELTA_TRADES,CL602646,AXISBANK,B,296,2445.45,723853.2
11-25-2025,DELTA_TRADES,CL251685,INFY,B,326,942.89,307382.14
2025-11-26,DELTA_TRADES,CL251981,RELIANCE,S,243,1095.0,266085.0
11-22-2025,ALPHA_SEC,CL518106,HDFC,S,16,1828.04,29248.64
11-21-2025,OMEGA_BROKING,CL177594,SBIN,B,16,2353.82,37661.12
21-Nov-25,OMEGA_BROKING,CL784987,AXISBANK,B,88,231.58,20379.04
25-Nov-25,ALPHA_SEC,CL484682,HDFC,B,322,2492.66,802636.52
2025-11-20,DELTA_TRADES,CL910060,ICICIBANK,B,229,1458.64,334028.56
20-Nov-25,DELTA_TRADES,CL595376,AXISBANK,S,63,1735.8,109355.4
2025-11-24,BETA_INVEST,CL047674,RELIANCE,S,233,1025.88,239030.04
24/11/2025,BETA_INVEST,CL546317,RELIANCE,S,244,1014.64,247572.16
11-22-2025,ALPHA_SEC,CL496451,SBIN,B,257,2224.64,571732.48
22/11/2025,BETA_INVEST,CL397080,AXISBANK,B,99,1021.42,101120.58
25/11/2025,ALPHA_SEC,CL360901,ITC,S,113,1763.61,199287.93
26-Nov-25,ALPHA_SEC,CL544762,RELIANCE,S,104,494.96,51475.84
26-Nov-25,ALPHA_SEC,CL516497,ITC,S,39,1271.69,49595.91
2025-11-22,OMEGA_BROKING,CL661814,RELIANCE,B,107,1000.09,107009.63
2025-11-23,BETA_INVEST,CL624250,RELIANCE,S,79,933.75,73766.25
22-Nov-25,ALPHA_SEC,CL676726,SBIN,B,389,2013.57,783278.73
26-Nov-25,DELTA_TRADES,CL169910,LT,S,186,612.8,113980.8
11-23-2025,OMEGA_BROKING,CL674428,TATAMOTORS,S,103,2200.33,226633.99
25/11/2025,DELTA_TRADES,CL416775,AXISBANK,B,290,2296.43,665964.7
26-Nov-25,DELTA_TRADES,CL998307,KOTAKBANK,B,221,984.17,217501.57
11-25-2025,OMEGA_BROKING,CL532382,SBIN,S,69,278.39,19208.91
2025-11-23,OMEGA_BROKING,CL104693,RELIANCE,S,171,2292.86,392079.06
11-23-2025,BETA_INVEST,CL340778,SBIN,S,51,1347.98,68746.98
24-Nov-25,DELTA_TRADES,CL180618,SBIN,B,255,981.64,250318.2
11-24-2025,ALPHA_SEC,CL164538,LT,B,352,2014.45,407465.5
11-22-2025,DELTA_TRADES,CL642620,LT,S,145,1392.41,201899.45
2025-11-25,BETA_INVEST,CL377828,INFY,B,209,160.88,33623.92
2025-11-22,OMEGA_BROKING,CL700863,AXISBANK,B,12,1750.04,21000.48
11-23-2025,DELTA_TRADES,CL859559,KOTAKBANK,B,358,1601.34,573279.72
22/11/2025,ALPHA_SEC,CL382152,HDFC,B,147,2640.85,388204.95
24/11/2025,BETA_INVEST,CL120305,INFY,B,163,1622.55,264475.65
2025-11-24,BETA_INVEST,CL467549,SBIN,S,77,2482.96,191187.92
2025-11-21,OMEGA_BROKING,CL258348,AXISBANK,S,340,2601.55,884527.0
11-29-2025,DELTA_TRADES,CL350299,HDFC,S,377,2530.79,954107.83
26/11/2025,ALPHA_SEC,CL438563,ITC,B,18,395.78,7124.04
21-Nov-25,ALPHA_SEC,CL500517,RELIANCE,S,9,2602.36,23421.24
11-24-2025,DELTA_TRADES,CL758164,ITC,S,274,1192.77,326818.98
23/11/2025,ALPHA_SEC,CL214060,ICICIBANK,S,138,394.56,54449.28
2025-11-26,BETA_INVEST,CL707269,TATAMOTORS,B,199,523.28,104132.72
29-Nov-25,DELTA_TRADES,CL424621,HDFC,S,223,238.57,53201.11
2025-11-20,DELTA_TRADES,CL562181,RELIANCE,S,98,997.21,97726.58
21/11/2025,OMEGA_BROKING,CL651874,INFY,S,378,245.89,92946.42
2025-11-24,DELTA_TRADES,CL158258,TATAMOTORS,S,205,1671.35,342626.75
11-26-2025,OMEGA_BROKING,CL810539,ITC,S,355,1590.51,564631.05
25/11/2025,OMEGA_BROKING,CL810124,HDFC,B,145,896.57,130002.65
25/11/2025,DELTA_TRADES,CL421588,TATAMOTORS,B,23,2320.23,53365.29
24-Nov-25,ALPHA_SEC,CL174608,TATAMOTORS,B,370,2487.3,920301.0
11-24-2025,DELTA_TRADES,CL575982,ICICIBANK,S,137,2137.3,292810.1
22/11/2025,BETA_INVEST,CL794851,TATAMOTORS,B,57,966.13,55069.41
21-Nov-25,ALPHA_SEC,CL998043,TATAMOTORS,S,252,583.27,146984.04
20/11/2025,ALPHA_SEC,CL193268,AXISBANK,B,191,716.55,136861.05
11-29-2025,ALPHA_SEC,CL142715,LT,S,311,1268.18,394403.98
11-20-2025,ALPHA_SEC,CL365136,ITC,S,220,1849.55,406901.0
2025-11-23,DELTA_TRADES,CL196553,LT,B,23,326.79,7516.17
20-Nov-25,ALPHA_SEC,CL398583,HDFC,S,100,1674.78,167478.0
11-24-2025,BETA_INVEST,CL954477,INFY,B,232,731.67,169747.44
11-25-2025,ALPHA_SEC,CL766167,HDFC,B,192,1180.24,226606.08
11-21-2025,BETA_INVEST,CL231921,TATAMOTORS,B,117,1412.8,165297.6
24-Nov-25,BETA_INVEST,CL476166,KOTAKBANK,S,214,2115.67,452753.38
2025-11-22,OMEGA_BROKING,CL372789,SBIN,B,133,192.86,25650.38
23/11/2025,OMEGA_BROKING,CL480833,ITC,S,135,2578.63,348115.05
2025-11-26,ALPHA_SEC,CL127232,TATAMOTORS,B,61,1496.78,91303.58
21/11/2025,DELTA_TRADES,CL569348,HDFC,S,168,2158.38,362607.84
11-23-2025,DELTA_TRADES,CL568487,ICICIBANK,B,84,2423.38,203563.92
2025-11-21,DELTA_TRADES,CL624011,SBIN,B,143,2000.48,286068.64
25/11/2025,BETA_INVEST,CL684662,RELIANCE,B,12,2030.17,24362.04
24/11/2025,DELTA_TRADES,CL389669,KOTAKBANK,B,25,1045.0,26125.0
24-Nov-25,BETA_INVEST,CL365482,TATAMOTORS,S,250,2581.22,645305.0
2025-11-23,OMEGA_BROKING,CL936422,ITC,B,338,1675.81,566423.78
11-23-2025,ALPHA_SEC,CL724782,TATAMOTORS,S,120,1363.05,
2025-11-21,BETA_INVEST,CL346016,LT,S,146,1654.51,241558.46
11-26-2025,DELTA_TRADES,CL809441,TATAMOTORS,S,307,2511.5,771030.5
11-26-2025,DELTA_TRADES,CL887048,RELIANCE,B,19,2441.97,
11-26-2025,BETA_INVEST,CL893315,HDFC,B,373,2650.46,988621.58
29/11/2025,OMEGA_BROKING,CL162488,INFY,B,243,413.81,100555.83
11-22-2025,DELTA_TRADES,CL235058,INFY,S,280,2462.53,689508.4
2025-11-25,ALPHA_SEC,CL707384,AXISBANK,S,21,2728.37,57295.77
23/11/2025,BETA_INVEST,CL300728,HDFC,B,341,1764.56,601714.96
20-Nov-25,DELTA_TRADES,CL276232,HDFC,B,71,2553.55,181302.05
20-Nov-25,BETA_INVEST,CL832914,AXISBANK,S,199,218.15,43411.85
23-Nov-25,DELTA_TRADES,CL899946,KOTAKBANK,B,308,2213.65,681804.2
21-Nov-25,ALPHA_SEC,CL751275,TATAMOTORS,S,216,2503.85,540831.6
2025-11-26,OMEGA_BROKING,CL603200,HDFC,B,222,2424.62,538265.64
24/11/2025,ALPHA_SEC,CL156368,INFY,S,23,1332.22,30641.06
21-Nov-25,OMEGA_BROKING,CL479330,ICICIBANK,B,193,1630.16,314620.88
22/11/2025,OMEGA_BROKING,CL185106,INFY,B,210,2323.56,487947.6
11-20-2025,OMEGA_BROKING,CL062449,ITC,B,209,827.44,172934.96
11-26-2025,BETA_INVEST,CL221951,ICICIBANK,S,104,1524.72,158570.88
11-23-2025,BETA_INVEST,CL959029,RELIANCE,S,201,2145.9,431325.9
21-Nov-25,OMEGA_BROKING,CL141785,RELIANCE,S,364,2638.57,960439.48
26/11/2025,DELTA_TRADES,CL566554,AXISBANK,S,11,777.69,8554.59
11-24-2025,BETA_INVEST,CL367063,INFY,B,204,2735.99,558141.96
2025-11-22,DELTA_TRADES,CL379488,KOTAKBANK,B,335,166.77,55867.95
2025-11-24,ALPHA_SEC,CL195926,LT,B,189,1152.03,217733.67
2025-11-20,BETA_INVEST,CL578090,ITC,S,207,1735.95,359341.65
22-Nov-25,DELTA_TRADES,CL438026,KOTAKBANK,S,327,977.8,319740.6
26/11/2025,BETA_INVEST,CL369119,SBIN,B,330,803.91,265290.3
24/11/2025,ALPHA_SEC,CL056649,AXISBANK,S,172,1772.59,304885.48
11-24-2025,BETA_INVEST,CL668489,KOTAKBANK,B,144,572.0,82368.0
21/11/2025,DELTA_TRADES,CL100346,LT,S,47,2341.83,110066.01
25/11/2025,DELTA_TRADES,CL398686,INFY,B,47,1614.03,75859.41
2025-11-25,BETA_INVEST,CL614464,AXISBANK,B,10,489.87,4898.7
20-Nov-25,DELTA_TRADES,CL728615,LT,S,289,2336.56,675265.84
11-22-2025,ALPHA_SEC,CL450882,ICICIBANK,B,169,1146.5,193758.5
2025-11-20,OMEGA_BROKING,CL795166,RELIANCE,S,365,2555.51,932761.15
11-25-2025,BETA_INVEST,CL132393,INFY,S,202,1998.06,403608.12
2025-11-23,DELTA_TRADES,CL708167,KOTAKBANK,S,385,653.22,251489.7
26/11/2025,OMEGA_BROKING,CL370636,RELIANCE,B,147,1059.93,155809.71
25-Nov-25,ALPHA_SEC,CL836942,HDFC,S,79,988.08,78058.32
23/11/2025,BETA_INVEST,CL809166,ITC,S,99,1447.8,143332.2
11-26-2025,DELTA_TRADES,CL728358,TATAMOTORS,S,216,2063.93,445808.88
2025-11-22,BETA_INVEST,CL607358,LT,B,63,2568.2,161796.6
23/11/2025,DELTA_TRADES,CL057810,TATAMOTORS,S,360,281.36,101289.6
22/11/2025,BETA_INVEST,CL010063,KOTAKBANK,S,333,423.3,140958.9
23-Nov-25,DELTA_TRADES,CL414832,AXISBANK,S,305,1953.85,595924.25
2025-11-25,DELTA_TRADES,CL296666,ITC,B,233,1040.58,242455.14
2025-11-26,ALPHA_SEC,CL198182,TATAMOTORS,S,214,1989.38,425727.32
23/11/2025,BETA_INVEST,CL557105,ICICIBANK,B,128,993.76,127201.28
23/11/2025,BETA_INVEST,CL129792,ICICIBANK,B,121,1990.89,240897.69
24/11/2025,BETA_INVEST,CL566724,SBIN,S,137,742.93,101781.41
21-Nov-25,ALPHA_SEC,CL573078,RELIANCE,B,236,2540.54,599567.44
11-24-2025,OMEGA_BROKING,CL857721,LT,S,217,1780.04,386268.68
2025-11-29,ALPHA_SEC,CL232108,LT,S,317,686.48,217614.16
11-26-2025,DELTA_TRADES,CL460190,RELIANCE,S,397,994.96,394999.12
11-20-2025,DELTA_TRADES,CL075229,HDFC,S,241,2095.8,505087.8
21-Nov-25,OMEGA_BROKING,CL970984,ITC,B,208,352.24,73265.92
20-Nov-25,DELTA_TRADES,CL620616,ICICIBANK,S,337,184.36,62129.32
2025-11-23,OMEGA_BROKING,CL467362,ICICIBANK,B,229,246.08,56352.32
22-Nov-25,ALPHA_SEC,CL329256,ITC,S,132,556.01,73393.32
22-Nov-25,DELTA_TRADES,CL775664,HDFC,B,257,1840.02,512164.82
11-24-2025,OMEGA_BROKING,CL193681,LT,B,163,680.02,110843.26
25-Nov-25,BETA_INVEST,CL480205,LT,B,192,2214.83,425247.36
11-24-2025,BETA_INVEST,CL761417,RELIANCE,S,180,1970.88,354758.4
25-Nov-25,OMEGA_BROKING,CL586303,HDFC,S,261,2719.82,709873.02
21/11/2025,ALPHA_SEC,CL015192,ITC,S,342,619.65,211920.3
22/11/2025,ALPHA_SEC,CL941738,LT,B,192,976.03,187397.76
23-Nov-25,ALPHA_SEC,CL226795,AXISBANK,S,106,2353.78,249500.68
11-20-2025,OMEGA_BROKING,CL183341,HDFC,S,86,1462.01,125732.86
25/11/2025,BETA_INVEST,CL004997,ITC,S,398,932.75,371234.5
20/11/2025,OMEGA_BROKING,CL222687,SBIN,S,292,2323.5,
24/11/2025,ALPHA_SEC,CL858774,SBIN,S,119,2516.03,299407.57
20-Nov-25,ALPHA_SEC,CL429380,ICICIBANK,B,318,2593.45,824717.1
11-21-2025,BETA_INVEST,CL938043,ITC,S,304,2026.15,615949.6
2025-11-23,OMEGA_BROKING,CL744114,TATAMOTORS,S,377,2528.26,953154.02
2025-11-25,BETA_INVEST,CL117202,SBIN,B,225,1812.54,407821.5
11-25-2025,OMEGA_BROKING,CL173963,INFY,S,181,205.86,37260.66
11-20-2025,DELTA_TRADES,CL441797,INFY,B,212,2669.26,565883.12
26-Nov-25,ALPHA_SEC,CL029163,ITC,B,163,2522.41,411152.83
11-20-2025,DELTA_TRADES,CL383827,RELIANCE,S,344,1202.88,413790.72
20/11/2025,OMEGA_BROKING,CL656859,INFY,B,260,1782.1,463346.0
21/11/2025,DELTA_TRADES,CL318011,KOTAKBANK,B,241,2627.76,633290.16
29-Nov-25,DELTA_TRADES,CL099170,LT,B,374,1881.28,703598.72
11-24-2025,OMEGA_BROKING,CL764167,KOTAKBANK,S,375,1805.48,677055.0
26-Nov-25,BETA_INVEST,CL187366,RELIANCE,S,75,1569.13,117684.75
20-Nov-25,BETA_INVEST,CL126610,LT,S,297,2514.42,746782.74
23-Nov-25,DELTA_TRADES,CL228585,SBIN,S,391,1758.67,687639.97
23/11/2025,DELTA_TRADES,CL129808,KOTAKBANK,B,127,1715.89,217918.03
24-Nov-25,BETA_INVEST,CL168999,ICICIBANK,S,230,1248.33,287115.9
25-Nov-25,ALPHA_SEC,CL106189,ICICIBANK,B,37,980.02,36260.74
11-21-2025,DELTA_TRADES,CL422117,KOTAKBANK,S,106,584.94,62003.64
24-Nov-25,OMEGA_BROKING,CL299613,TATAMOTORS,S,22,381.59,8394.98
2025-11-20,DELTA_TRADES,CL828284,INFY,S,353,1689.79,596495.87
22-Nov-25,BETA_INVEST,CL656604,SBIN,B,261,1247.52,325602.72
11-25-2025,BETA_INVEST,CL251651,TATAMOTORS,B,352,640.91,225600.32
2025-11-24,BETA_INVEST,CL952757,INFY,B,236,925.55,218429.8
25/11/2025,OMEGA_BROKING,CL497836,AXISBANK,B,385,2130.08,820080.8
2025-11-20,BETA_INVEST,CL209828,LT,B,359,2643.16,948894.44
11-22-2025,OMEGA_BROKING,CL794358,KOTAKBANK,B,163,1033.42,168447.46
20/11/2025,DELTA_TRADES,CL550691,SBIN,S,9,2030.08,18270.72
2025-11-22,BETA_INVEST,CL678863,RELIANCE,S,5,2324.39,11621.95
24-Nov-25,OMEGA_BROKING,CL706100,SBIN,S,161,154.09,24808.49
11-22-2025,BETA_INVEST,CL037526,ICICIBANK,B,11,2451.67,26968.37
11-24-2025,BETA_INVEST,CL765336,INFY,B,281,2128.07,597987.67
2025-11-25,ALPHA_SEC,CL393127,AXISBANK,B,380,1446.95,549841.0
25/11/2025,BETA_INVEST,CL270834,TATAMOTORS,S,58,427.76,24810.08
2025-11-25,OMEGA_BROKING,CL306820,TATAMOTORS,B,166,1354.35,224822.1
22/11/2025,OMEGA_BROKING,CL481382,HDFC,S,227,2732.92,620372.84
11-22-2025,OMEGA_BROKING,CL340112,KOTAKBANK,S,96,738.86,
2025-11-25,DELTA_TRADES,CL769397,HDFC,B,289,627.43,181327.27
11-24-2025,BETA_INVEST,CL041519,AXISBANK,B,243,2448.83,595065.69
21-Nov-25,ALPHA_SEC,CL358663,AXISBANK,S,308,165.09,50847.72
11-20-2025,OMEGA_BROKING,CL514570,RELIANCE,B,143,527.71,75462.53
26/11/2025,BETA_INVEST,CL501532,INFY,B,98,503.19,49312.62
20/11/2025,BETA_INVEST,CL814486,SBIN,S,352,1309.36,460894.72
2025-11-22,OMEGA_BROKING,CL357691,HDFC,S,91,1560.06,190543.32
11-20-2025,BETA_INVEST,CL747184,SBIN,S,34,1093.23,37169.82
21/11/2025,BETA_INVEST,CL873201,LT,B,87,2342.9,203832.3
24/11/2025,OMEGA_BROKING,CL815013,INFY,S,240,1200.42,288100.8
20-Nov-25,DELTA_TRADES,CL447153,LT,B,194,1673.91,324738.54
26/11/2025,DELTA_TRADES,CL968092,ITC,S,255,1838.18,468735.9
2025-11-22,OMEGA_BROKING,CL093625,INFY,S,18,2276.09,40969.62
2025-11-24,DELTA_TRADES,CL522449,AXISBANK,S,253,1611.67,407752.51
2025-11-26,OMEGA_BROKING,CL398546,AXISBANK,B,317,2771.26,878489.42
24/11/2025,DELTA_TRADES,CL226161,SBIN,B,323,1647.12,532019.76
23/11/2025,OMEGA_BROKING,CL203184,SBIN,B,233,1634.62,380866.46
2025-11-25,DELTA_TRADES,CL308007,AXISBANK,S,376,1909.88,718114.88
22/11/2025,ALPHA_SEC,CL375903,ICICIBANK,S,274,923.71,253096.54
11-26-2025,OMEGA_BROKING,CL973763,AXISBANK,B,293,1150.63,337134.59
2025-11-20,OMEGA_BROKING,CL552228,KOTAKBANK,B,359,1737.14,623633.26
11-25-2025,OMEGA_BROKING,CL760458,LT,B,269,1496.64,402596.16
11-21-2025,BETA_INVEST,CL351003,SBIN,S,364,2490.35,906487.4
24-Nov-25,ALPHA_SEC,CL228906,AXISBANK,B,140,729.24,102093.6
20-Nov-25,ALPHA_SEC,CL277479,TATAMOTORS,S,41,2244.83,92038.03
21/11/2025,ALPHA_SEC,CL486364,SBIN,S,13,304.47,3958.11
11-20-2025,DELTA_TRADES,CL545880,TATAMOTORS,B,184,139.35,25640.4
11-25-2025,ALPHA_SEC,CL992572,AXISBANK,B,336,2581.13,867259.68
2025-11-29,OMEGA_BROKING,CL284399,AXISBANK,S,48,376.72,18082.56
11-22-2025,OMEGA_BROKING,CL678298,HDFC,B,20,751.62,15032.4
11-23-2025,DELTA_TRADES,CL841473,ICICIBANK,B,121,2449.2,296353.2
26/11/2025,OMEGA_BROKING,CL821399,ICICIBANK,B,184,493.79,90857.36
26/11/2025,BETA_INVEST,CL116720,TATAMOTORS,S,243,797.41,193770.63
23-Nov-25,OMEGA_BROKING,CL660608,LT,S,112,1263.29,141488.48
22/11/2025,OMEGA_BROKING,CL441285,TATAMOTORS,S,180,2361.73,425111.4
20/11/2025,DELTA_TRADES,CL726100,HDFC,S,243,1916.47,465702.21
25-Nov-25,DELTA_TRADES,CL072780,KOTAKBANK,B,15,888.76,13331.4
2025-11-25,ALPHA_SEC,CL034855,ITC,B,65,1561.6,71580.53
2025-11-22,BETA_INVEST,CL274129,SBIN,B,342,101.32,34651.44
21/11/2025,ALPHA_SEC,CL792632,INFY,B,390,2037.61,794667.9
11-21-2025,DELTA_TRADES,CL311033,SBIN,S,163,761.34,124098.42
23/11/2025,OMEGA_BROKING,CL444780,TATAMOTORS,S,51,2747.83,140139.33
11-23-2025,BETA_INVEST,CL848131,HDFC,S,399,2655.63,1059596.37
22-Nov-25,OMEGA_BROKING,CL287214,KOTAKBANK,S,323,1134.62,366482.26
24/11/2025,ALPHA_SEC,CL535398,HDFC,S,379,1159.83,439575.57
2025-11-24,ALPHA_SEC,CL706889,KOTAKBANK,S,79,1373.52,108508.08
22-Nov-25,OMEGA_BROKING,CL908594,INFY,S,386,1341.7,517896.2
26/11/2025,BETA_INVEST,CL390149,HDFC,B,363,349.68,126933.84
11-22-2025,BETA_INVEST,CL514617,AXISBANK,S,190,149.52,28408.8
25/11/2025,DELTA_TRADES,CL596505,HDFC,B,38,1613.11,61298.18
21/11/2025,DELTA_TRADES,CL241196,SBIN,S,240,2778.48,666835.2
11-24-2025,DELTA_TRADES,CL443846,ICICIBANK,B,317,2689.59,852600.03
11-24-2025,ALPHA_SEC,CL608839,SBIN,S,382,401.49,153369.18
26/11/2025,BETA_INVEST,CL463542,ITC,S,395,2523.41,996746.95
2025-11-22,DELTA_TRADES,CL234460,HDFC,S,127,507.17,64410.59
11-24-2025,OMEGA_BROKING,CL541899,RELIANCE,B,110,910.8,100188.0
23-Nov-25,ALPHA_SEC,CL286303,SBIN,S,42,2450.27,102911.34
2025-11-22,OMEGA_BROKING,CL536065,RELIANCE,B,177,1677.93,296993.61
2025-11-22,ALPHA_SEC,CL046305,HDFC,B,353,1821.17,642873.01
11-20-2025,ALPHA_SEC,CL655170,INFY,B,80,119.25,9540.0
11-23-2025,ALPHA_SEC,CL043488,RELIANCE,S,311,1858.85,578102.35
2025-11-24,ALPHA_SEC,CL458709,TATAMOTORS,S,182,429.45,78159.9
11-24-2025,DELTA_TRADES,CL671461,ICICIBANK,B,169,1147.99,194010.31
2025-11-26,DELTA_TRADES,CL681453,HDFC,S,236,931.34,219796.24
2025-11-26,BETA_INVEST,CL287831,INFY,S,2,1000.53,2001.06
22/11/2025,DELTA_TRADES,CL902970,LT,S,57,977.11,55695.27
25-Nov-25,BETA_INVEST,CL982936,AXISBANK,S,388,2713.12,1052690.56
2025-11-23,DELTA_TRADES,CL489473,ICICIBANK,S,126,1774.42,223576.92
26/11/2025,DELTA_TRADES,CL309192,LT,B,275,2094.79,576067.25
26/11/2025,OMEGA_BROKING,CL073802,RELIANCE,S,366,704.47,256059.67
11-24-2025,BETA_INVEST,CL641654,LT,S,71,1477.12,104875.52
2025-11-23,DELTA_TRADES,CL612219,LT,S,172,2681.11,461150.92
21/11/2025,ALPHA_SEC,CL649164,KOTAKBANK,B,213,2738.1,583215.3
22-Nov-25,DELTA_TRADES,CL351046,HDFC,B,12,1486.85,17842.2
11-25-2025,ALPHA_SEC,CL601148,ITC,S,120,143.53,17223.6
11-22-2025,BETA_INVEST,CL110765,ICICIBANK,S,343,1916.36,657311.48
2025-11-26,BETA_INVEST,CL638828,INFY,B,91,1694.06,154159.46
21/11/2025,DELTA_TRADES,CL360771,HDFC,B,140,1046.84,146557.6
21/11/2025,DELTA_TRADES,CL973636,LT,B,385,2740.3,1055015.5
29-Nov-25,OMEGA_BROKING,CL073530,KOTAKBANK,B,97,823.02,79832.94
20/11/2025,DELTA_TRADES,CL138173,RELIANCE,S,140,261.52,36612.8
24/11/2025,DELTA_TRADES,CL232881,LT,B,228,2223.38,506930.64
2025-11-24,DELTA_TRADES,CL131855,SBIN,S,313,791.07,247604.91
2025-11-25,ALPHA_SEC,CL867587,KOTAKBANK,S,153,988.5,151240.5
29/11/2025,ALPHA_SEC,CL772287,KOTAKBANK,S,181,2770.62,501482.22
2025-11-25,BETA_INVEST,CL332910,LT,B,163,1396.12,227567.56
22-Nov-25,BETA_INVEST,CL244647,ICICIBANK,S,96,2480.56,238133.76
11-24-2025,OMEGA_BROKING,CL747563,ITC,S,56,2532.37,141812.72
2025-11-21,DELTA_TRADES,CL703094,ICICIBANK,S,254,2094.27,531944.58
24-Nov-25,OMEGA_BROKING,CL458784,AXISBANK,B,257,383.93,98670.01
2025-11-22,OMEGA_BROKING,CL386859,RELIANCE,B,243,2624.91,637853.13
21/11/2025,ALPHA_SEC,CL682776,SBIN,S,130,378.44,49197.2
2025-11-23,ALPHA_SEC,CL628325,ITC,S,382,904.89,345667.98
23-Nov-25,BETA_INVEST,CL364393,LT,S,304,1474.23,448165.92
26/11/2025,BETA_INVEST,CL733151,AXISBANK,B,338,1418.4,479419.2
20-Nov-25,ALPHA_SEC,CL105578,LT,B,246,221.26,54429.96
25/11/2025,ALPHA_SEC,CL065289,RELIANCE,B,117,972.27,113755.59
11-21-2025,BETA_INVEST,CL815016,SBIN,S,234,564.36,132060.24
2025-11-24,OMEGA_BROKING,CL350007,ITC,B,314,2048.52,643235.28
25/11/2025,DELTA_TRADES,CL313266,LT,B,255,2058.84,525004.2
24-Nov-25,ALPHA_SEC,CL901147,KOTAKBANK,B,50,455.85,22792.5
11-26-2025,DELTA_TRADES,CL160533,KOTAKBANK,S,375,1396.44,523665.0
11-20-2025,DELTA_TRADES,CL659068,ICICIBANK,S,292,1573.82,459555.44
2025-11-21,ALPHA_SEC,CL287654,TATAMOTORS,B,270,1356.57,366273.9
2025-11-26,BETA_INVEST,CL683235,SBIN,S,304,1412.03,429257.12
2025-11-25,OMEGA_BROKING,CL803327,INFY,B,387,140.15,54238.05
11-24-2025,ALPHA_SEC,CL514485,KOTAKBANK,B,321,769.21,246916.41
2025-11-22,OMEGA_BROKING,CL649085,KOTAKBANK,B,151,2252.46,340121.46
20-Nov-25,ALPHA_SEC,CL277034,HDFC,B,201,2470.82,496634.82
23-Nov-25,OMEGA_BROKING,CL648867,TATAMOTORS,B,320,421.69,134940.8
11-22-2025,BETA_INVEST,CL446401,LT,B,349,470.45,164187.05
22-Nov-25,OMEGA_BROKING,CL145846,HDFC,S,7,2113.39,14793.73
11-22-2025,OMEGA_BROKING,CL665001,KOTAKBANK,S,100,607.31,60731.0
21/11/2025,DELTA_TRADES,CL819351,TATAMOTORS,B,172,2712.55,466558.6
23/11/2025,BETA_INVEST,CL113174,RELIANCE,S,343,1006.91,345370.13
11-26-2025,ALPHA_SEC,CL770506,INFY,S,400,2479.86,991944.0
2025-11-24,ALPHA_SEC,CL878408,HDFC,S,124,1606.99,199266.76
25/11/2025,DELTA_TRADES,CL860897,INFY,B,301,2460.48,740604.48
22/11/2025,BETA_INVEST,CL237730,AXISBANK,B,153,1712.66,262036.98
22/11/2025,ALPHA_SEC,CL475438,TATAMOTORS,B,31,784.93,24332.83
23/11/2025,DELTA_TRADES,CL435333,RELIANCE,B,31,2037.59,63165.29
23-Nov-25,ALPHA_SEC,CL062806,SBIN,S,188,506.35,95193.8
11-21-2025,ALPHA_SEC,CL155375,INFY,S,384,2267.09,
26/11/2025,OMEGA_BROKING,CL634879,SBIN,S,367,201.16,73825.72
2025-11-25,OMEGA_BROKING,CL196228,HDFC,B,216,359.62,77677.92
23-Nov-25,BETA_INVEST,CL777874,AXISBANK,B,395,2272.47,897625.65
21/11/2025,OMEGA_BROKING,CL826385,INFY,S,355,618.65,219620.75
2025-11-20,ALPHA_SEC,CL280934,ICICIBANK,S,193,1558.61,
20/11/2025,DELTA_TRADES,CL225188,ICICIBANK,B,167,2507.97,418830.99
21-Nov-25,OMEGA_BROKING,CL503987,TATAMOTORS,B,261,837.6,218613.6
21-Nov-25,BETA_INVEST,CL287981,HDFC,B,29,1392.36,40378.44
23-Nov-25,BETA_INVEST,CL731249,ICICIBANK,B,241,494.04,119063.64
21-Nov-25,DELTA_TRADES,CL396786,HDFC,S,394,721.66,284334.04
25-Nov-25,DELTA_TRADES,CL902040,RELIANCE,S,141,223.65,31534.65
2025-11-20,OMEGA_BROKING,CL450984,LT,B,320,2525.04,808012.8
22/11/2025,BETA_INVEST,CL723657,SBIN,B,379,1751.39,663776.81
2025-11-20,DELTA_TRADES,CL754230,HDFC,B,119,923.87,109940.53
2025-11-20,ALPHA_SEC,CL531028,KOTAKBANK,B,117,2168.5,253714.5
2025-11-24,OMEGA_BROKING,CL066342,INFY,S,255,1226.0,312630.0
23-Nov-25,OMEGA_BROKING,CL980578,HDFC,B,388,2418.95,938552.6
21/11/2025,OMEGA_BROKING,CL418057,ITC,B,140,198.35,27769.0
25-Nov-25,DELTA_TRADES,CL472720,LT,S,396,346.59,137249.64
20-Nov-25,DELTA_TRADES,CL170803,ICICIBANK,B,15,514.46,7716.9
11-23-2025,DELTA_TRADES,CL504631,ICICIBANK,B,214,688.03,147238.42
11-25-2025,DELTA_TRADES,CL085959,KOTAKBANK,B,377,2162.0,815074.0
21/11/2025,BETA_INVEST,CL774487,HDFC,B,80,2457.18,196574.4
25-Nov-25,OMEGA_BROKING,CL544675,ICICIBANK,B,37,1440.5,53298.5
21-Nov-25,ALPHA_SEC,CL828507,ITC,B,1,1833.36,1833.36
11-25-2025,OMEGA_BROKING,CL692397,ICICIBANK,S,369,2113.51,779885.19
11-22-2025,ALPHA_SEC,CL774647,LT,B,107,1166.77,124844.39
29/11/2025,OMEGA_BROKING,CL532863,INFY,B,359,762.4,273701.6
11-24-2025,BETA_INVEST,CL238124,ICICIBANK,B,353,1194.93,421810.29
11-23-2025,OMEGA_BROKING,CL818064,SBIN,S,183,1620.95,296633.85
25-Nov-25,DELTA_TRADES,CL374187,ICICIBANK,B,65,571.97,37178.05
20-Nov-25,ALPHA_SEC,CL001976,HDFC,B,172,664.02,114211.44
20/11/2025,ALPHA_SEC,CL928287,RELIANCE,B,309,712.81,220258.29
21/11/2025,BETA_INVEST,CL947951,TATAMOTORS,B,245,170.65,41809.25
2025-11-26,BETA_INVEST,CL684302,KOTAKBANK,B,386,1591.66,614380.76
29-Nov-25,DELTA_TRADES,CL178879,RELIANCE,B,378,1396.72,527960.16
2025-11-20,BETA_INVEST,CL070965,AXISBANK,S,280,1206.81,337906.8
11-26-2025,DELTA_TRADES,CL594778,LT,B,364,1015.58,369671.12
2025-11-20,BETA_INVEST,CL886714,KOTAKBANK,S,312,639.6,199555.2
20-Nov-25,BETA_INVEST,CL758529,SBIN,S,127,2228.26,282989.02
11-21-2025,DELTA_TRADES,CL968219,ICICIBANK,B,325,1372.89,446189.25
2025-11-26,OMEGA_BROKING,CL792617,KOTAKBANK,B,371,743.01,275656.71
11-20-2025,DELTA_TRADES,CL709779,INFY,S,335,2125.64,712089.4
22-Nov-25,BETA_INVEST,CL373143,HDFC,S,6,620.1,3720.6
20-Nov-25,OMEGA_BROKING,CL803510,AXISBANK,S,22,1716.23,37757.06
11-22-2025,BETA_INVEST,CL767357,HDFC,B,20,2272.57,45451.4
11-21-2025,OMEGA_BROKING,CL066641,ITC,B,3,1795.23,5385.69
29/11/2025,DELTA_TRADES,CL179738,LT,B,205,1504.29,308379.45
11-25-2025,OMEGA_BROKING,CL720691,KOTAKBANK,B,86,2164.09,186111.74
11-23-2025,BETA_INVEST,CL754188,RELIANCE,S,208,2101.92,
2025-11-23,BETA_INVEST,CL324218,KOTAKBANK,S,323,882.32,284989.36
2025-11-20,ALPHA_SEC,CL955977,TATAMOTORS,B,218,1004.06,218885.08
11-24-2025,DELTA_TRADES,CL757475,RELIANCE,S,350,1495.62,523467.0
2025-11-20,DELTA_TRADES,CL827793,TATAMOTORS,S,150,967.56,145134.0
26-Nov-25,OMEGA_BROKING,CL441305,KOTAKBANK,B,378,1653.3,624947.4
21-Nov-25,DELTA_TRADES,CL709173,HDFC,S,325,1290.14,419295.5
23-Nov-25,BETA_INVEST,CL263006,INFY,B,276,1934.3,533866.8
2025-11-26,BETA_INVEST,CL047585,LT,S,185,2745.43,507904.55
2025-11-21,BETA_INVEST,CL859744,SBIN,B,303,1140.21,345483.63
11-29-2025,DELTA_TRADES,CL139367,AXISBANK,S,145,1404.91,203711.95
24/11/2025,BETA_INVEST,CL743145,ITC,B,337,2247.17,757296.29
2025-11-25,DELTA_TRADES,CL881878,ICICIBANK,S,311,430.75,133963.25
2025-11-25,ALPHA_SEC,CL172433,TATAMOTORS,S,12,1383.09,16597.08
21/11/2025,DELTA_TRADES,CL983982,HDFC,S,317,1389.67,440525.39
29-Nov-25,DELTA_TRADES,CL706489,INFY,B,225,1712.56,385326.0
25-Nov-25,BETA_INVEST,CL743816,AXISBANK,B,322,2136.41,687924.02
11-23-2025,OMEGA_BROKING,CL190748,KOTAKBANK,B,106,308.9,32743.4
21-Nov-25,DELTA_TRADES,CL360910,KOTAKBANK,S,158,1786.97,282341.26
11-22-2025,OMEGA_BROKING,CL931875,INFY,B,321,2601.09,834949.89
2025-11-24,ALPHA_SEC,CL767485,ICICIBANK,S,162,2038.21,330190.02
2025-11-22,ALPHA_SEC,CL572833,AXISBANK,S,32,306.72,9815.04
2025-11-24,ALPHA_SEC,CL806730,HDFC,S,280,299.65,83902.0
2025-11-26,BETA_INVEST,CL514725,INFY,B,16,2666.66,42666.56
2025-11-21,BETA_INVEST,CL698356,AXISBANK,S,285,2638.39,751941.15
20/11/2025,BETA_INVEST,CL747369,ITC,B,57,2640.29,150496.53
11-23-2025,BETA_INVEST,CL686087,SBIN,B,210,1062.19,
22/11/2025,OMEGA_BROKING,CL566076,SBIN,S,132,1599.31,211108.92
23/11/2025,ALPHA_SEC,CL980782,LT,S,267,1141.23,304708.41
2025-11-29,ALPHA_SEC,CL398976,HDFC,S,256,1193.28,305479.68
2025-11-21,OMEGA_BROKING,CL836255,LT,B,290,667.06,193447.4
20-Nov-25,BETA_INVEST,CL949760,AXISBANK,B,226,2314.1,662527.15
11-21-2025,OMEGA_BROKING,CL432171,TATAMOTORS,B,163,876.98,142947.74
2025-11-25,OMEGA_BROKING,CL657826,AXISBANK,S,330,519.83,171543.9
26-Nov-25,ALPHA_SEC,CL032544,INFY,S,239,1707.28,408039.92
11-23-2025,ALPHA_SEC,CL634433,SBIN,S,390,1455.9,567801.0
23-Nov-25,OMEGA_BROKING,CL669947,ICICIBANK,B,370,2401.64,
11-21-2025,DELTA_TRADES,CL573883,INFY,S,388,280.65,108892.2
2025-11-25,DELTA_TRADES,CL570810,KOTAKBANK,B,307,1602.46,491955.22
23-Nov-25,BETA_INVEST,CL385829,INFY,S,76,628.71,47781.96
23-Nov-25,DELTA_TRADES,CL322781,AXISBANK,B,178,2383.75,424307.5
2025-11-25,BETA_INVEST,CL217929,ICICIBANK,B,97,154.22,14959.34
11-20-2025,BETA_INVEST,CL122451,RELIANCE,S,17,2009.93,34168.81
2025-11-25,OMEGA_BROKING,CL081493,TATAMOTORS,S,89,2261.47,201270.83
23/11/2025,DELTA_TRADES,CL690332,ICICIBANK,S,153,1324.1,202587.3
11-20-2025,OMEGA_BROKING,CL270187,SBIN,B,400,1734.08,693632.0
21/11/2025,BETA_INVEST,CL823303,ICICIBANK,B,307,2504.46,768869.22
25-Nov-25,BETA_INVEST,CL288742,RELIANCE,B,321,1107.06,355366.26
11-24-2025,ALPHA_SEC,CL094529,TATAMOTORS,B,368,2198.99,809228.32
20/11/2025,DELTA_TRADES,CL795369,ICICIBANK,S,247,2260.35,558306.45
25-Nov-25,BETA_INVEST,CL487479,LT,B,166,1271.91,211137.06
2025-11-23,DELTA_TRADES,CL080923,LT,S,389,1213.11,471899.79
11-21-2025,ALPHA_SEC,CL333751,HDFC,S,339,138.2,46849.8
2025-11-24,ALPHA_SEC,CL869333,TATAMOTORS,S,12,2349.99,28199.88
23-Nov-25,BETA_INVEST,CL209206,HDFC,S,8,1453.89,11631.12
23/11/2025,ALPHA_SEC,CL922829,AXISBANK,B,307,2167.4,665391.8
23/11/2025,BETA_INVEST,CL276616,HDFC,B,106,2698.98,286091.88
11-29-2025,ALPHA_SEC,CL980292,AXISBANK,S,234,685.38,160378.92
26/11/2025,ALPHA_SEC,CL561406,ICICIBANK,B,201,1545.4,310625.4
21/11/2025,OMEGA_BROKING,CL440689,TATAMOTORS,B,154,124.41,19159.14
23/11/2025,DELTA_TRADES,CL008680,TATAMOTORS,S,9,108.16,973.44
20/11/2025,ALPHA_SEC,CL327516,HDFC,S,191,2313.41,441861.31
21/11/2025,BETA_INVEST,CL780808,ICICIBANK,S,301,2065.96,621853.96
29-Nov-25,DELTA_TRADES,CL714613,SBIN,B,175,147.62,25833.5
24/11/2025,BETA_INVEST,CL718033,RELIANCE,B,214,1627.12,348203.68
24/11/2025,BETA_INVEST,CL274925,AXISBANK,B,369,2414.43,890924.67
29/11/2025,ALPHA_SEC,CL995056,HDFC,S,87,638.08,55512.96
22-Nov-25,ALPHA_SEC,CL911331,INFY,B,338,752.01,254179.38
21-Nov-25,ALPHA_SEC,CL175561,SBIN,S,109,1590.03,173313.27
22/11/2025,OMEGA_BROKING,CL784997,AXISBANK,S,352,1928.87,678962.24
21/11/2025,DELTA_TRADES,CL721719,AXISBANK,B,321,2187.3,702123.3
22-Nov-25,ALPHA_SEC,CL399701,LT,B,82,1126.94,92409.08
11-21-2025,ALPHA_SEC,CL458334,LT,B,114,312.32,35604.48
22/11/2025,DELTA_TRADES,CL565095,RELIANCE,B,99,1482.96,146813.04
22/11/2025,DELTA_TRADES,CL364075,SBIN,S,31,1350.58,41867.98
26-Nov-25,OMEGA_BROKING,CL169579,SBIN,S,132,2264.56,298921.92
21/11/2025,DELTA_TRADES,CL440422,INFY,S,84,247.78,20813.52
26/11/2025,DELTA_TRADES,CL808346,KOTAKBANK,S,142,2242.39,318419.38
29/11/2025,OMEGA_BROKING,CL866703,TATAMOTORS,S,44,2131.2,93772.8
11-23-2025,BETA_INVEST,CL498913,HDFC,S,148,1465.74,216929.52
11-26-2025,ALPHA_SEC,CL242374,LT,S,174,723.75,125932.5
25/11/2025,ALPHA_SEC,CL501951,ICICIBANK,B,210,1616.2,339402.0
11-20-2025,ALPHA_SEC,CL405535,SBIN,S,3,2444.53,7333.59
22/11/2025,BETA_INVEST,CL922461,TATAMOTORS,S,268,1318.08,353245.44
26/11/2025,BETA_INVEST,CL513605,SBIN,B,44,2239.6,98542.4
2025-11-29,OMEGA_BROKING,CL735773,ITC,S,147,2759.88,405702.36
26/11/2025,DELTA_TRADES,CL636761,ITC,B,206,2780.16,572712.96
2025-11-23,OMEGA_BROKING,CL223160,SBIN,S,118,2434.56,287278.08
2025-11-22,DELTA_TRADES,CL256410,KOTAKBANK,B,315,1618.69,453831.27
20/11/2025,ALPHA_SEC,CL526260,KOTAKBANK,B,81,2304.34,233060.07
26/11/2025,BETA_INVEST,CL363265,KOTAKBANK,B,27,2783.94,
2025-11-22,DELTA_TRADES,CL873873,ICICIBANK,B,283,1571.96,444864.68
20/11/2025,ALPHA_SEC,CL495878,INFY,B,217,1090.06,236543.02
11-23-2025,DELTA_TRADES,CL375645,SBIN,S,307,2243.19,688659.33
2025-11-22,BETA_INVEST,CL307134,ICICIBANK,B,2,1988.32,
29-Nov-25,ALPHA_SEC,CL689763,ITC,B,111,2768.49,307302.39
22/11/2025,OMEGA_BROKING,CL346746,RELIANCE,S,4,439.43,1757.72
22/11/2025,BETA_INVEST,CL608522,KOTAKBANK,S,5,1936.01,9680.05
11-24-2025,ALPHA_SEC,CL295361,TATAMOTORS,B,81,346.15,28038.15
11-29-2025,ALPHA_SEC,CL464450,INFY,S,248,1947.92,483084.16
11-26-2025,BETA_INVEST,CL790001,HDFC,S,56,1827.9,102362.4
26/11/2025,BETA_INVEST,CL466777,TATAMOTORS,S,89,1076.71,95827.19
11-22-2025,ALPHA_SEC,CL746505,HDFC,S,386,2636.77,1017793.22
22/11/2025,BETA_INVEST,CL126596,SBIN,B,373,1663.3,620410.9
11-23-2025,ALPHA_SEC,CL214073,AXISBANK,S,205,965.84,197997.2
25/11/2025,ALPHA_SEC,CL239200,HDFC,B,231,2096.4,484268.4
21-Nov-25,ALPHA_SEC,CL887341,INFY,B,261,1845.2,481597.2
20/11/2025,OMEGA_BROKING,CL999315,KOTAKBANK,S,183,2716.64,497145.12
20/11/2025,BETA_INVEST,CL484688,HDFC,B,215,197.11,42378.65
2025-11-23,DELTA_TRADES,CL450241,LT,B,265,1208.72,320310.8
21-Nov-25,DELTA_TRADES,CL054434,TATAMOTORS,S,62,1965.36,121852.32
22-Nov-25,ALPHA_SEC,CL443202,ICICIBANK,S,393,1428.97,561585.21
22/11/2025,ALPHA_SEC,CL031768,RELIANCE,B,335,931.02,311891.7
11-23-2025,OMEGA_BROKING,CL277581,HDFC,S,140,551.79,77250.6
11-22-2025,DELTA_TRADES,CL531010,AXISBANK,S,22,923.3,20312.6
21-Nov-25,OMEGA_BROKING,CL532006,LT,S,40,568.94,22757.6
24-Nov-25,ALPHA_SEC,CL639603,ICICIBANK,B,90,2223.28,200095.2
22/11/2025,BETA_INVEST,CL644303,AXISBANK,S,287,1364.48,391605.76
24-Nov-25,DELTA_TRADES,CL567557,LT,S,208,1524.02,316996.16
25/11/2025,DELTA_TRADES,CL313787,SBIN,S,228,2603.64,593629.92
22/11/2025,DELTA_TRADES,CL989716,TATAMOTORS,S,13,1430.08,18591.04
25-Nov-25,DELTA_TRADES,CL989550,RELIANCE,B,226,627.25,141758.5
11-29-2025,DELTA_TRADES,CL258388,AXISBANK,B,324,2059.07,667138.68
11-26-2025,ALPHA_SEC,CL076806,ICICIBANK,B,98,2675.48,262197.04
11-22-2025,DELTA_TRADES,CL903077,TATAMOTORS,S,281,610.82,171640.42
11-21-2025,DELTA_TRADES,CL397304,RELIANCE,B,260,1068.68,277856.8
2025-11-26,ALPHA_SEC,CL001164,HDFC,S,129,1500.67,193586.43
2025-11-23,BETA_INVEST,CL246168,HDFC,S,8,2370.17,18961.36
11-22-2025,DELTA_TRADES,CL156077,KOTAKBANK,S,282,2149.95,606285.9
21/11/2025,DELTA_TRADES,CL708027,SBIN,S,77,1209.19,93107.63
11-26-2025,ALPHA_SEC,CL055405,RELIANCE,S,319,2251.69,718289.11
11-26-2025,ALPHA_SEC,CL334104,SBIN,S,56,1063.24,59541.44
2025-11-24,OMEGA_BROKING,CL736133,KOTAKBANK,S,286,546.52,156304.72
24-Nov-25,BETA_INVEST,CL217404,INFY,S,365,2353.39,858987.35
11-20-2025,ALPHA_SEC,CL192071,HDFC,S,350,533.58,186753.0
26-Nov-25,OMEGA_BROKING,CL254336,ICICIBANK,S,111,2632.29,292184.19
26-Nov-25,OMEGA_BROKING,CL060082,ICICIBANK,B,377,858.88,323797.76
11-25-2025,DELTA_TRADES,CL819301,ICICIBANK,S,41,452.11,18536.51
22/11/2025,BETA_INVEST,CL169072,SBIN,S,126,2303.72,290268.72
11-20-2025,BETA_INVEST,CL830636,LT,B,141,1275.61,179861.01
11-20-2025,ALPHA_SEC,CL578083,RELIANCE,B,99,637.23,63085.77
20/11/2025,OMEGA_BROKING,CL778176,KOTAKBANK,B,298,806.88,240450.24
2025-11-22,OMEGA_BROKING,CL304196,HDFC,B,174,2057.46,357998.04
22/11/2025,ALPHA_SEC,CL837491,RELIANCE,B,292,1875.32,547593.44
2025-11-24,OMEGA_BROKING,CL900479,LT,B,172,1262.45,217141.4
20/11/2025,BETA_INVEST,CL115732,HDFC,S,269,1313.88,353433.72
11-22-2025,BETA_INVEST,CL541909,TATAMOTORS,S,301,855.24,
25/11/2025,DELTA_TRADES,CL541952,HDFC,S,99,2252.09,222956.91
24-Nov-25,BETA_INVEST,CL462398,AXISBANK,B,370,538.27,199159.9
2025-11-24,DELTA_TRADES,CL268587,ITC,S,393,2744.31,1078513.83
22/11/2025,DELTA_TRADES,CL575171,KOTAKBANK,S,156,1062.01,165673.56
11-21-2025,OMEGA_BROKING,CL919709,LT,S,245,746.0,182770.0
23/11/2025,ALPHA_SEC,CL041063,TATAMOTORS,S,74,1639.83,121347.42
26/11/2025,OMEGA_BROKING,CL990189,INFY,B,135,1531.61,206767.35
25-Nov-25,BETA_INVEST,CL492495,ICICIBANK,S,359,1707.6,613028.4
20/11/2025,BETA_INVEST,CL507436,KOTAKBANK,S,303,845.88,256301.64
11-22-2025,ALPHA_SEC,CL378870,LT,B,165,2727.33,450009.45
23/11/2025,BETA_INVEST,CL118443,KOTAKBANK,B,156,2460.44,383828.64
2025-11-22,OMEGA_BROKING,CL742027,ITC,B,213,2686.57,572239.41
21-Nov-25,BETA_INVEST,CL710141,HDFC,S,77,1242.32,95658.64
22-Nov-25,ALPHA_SEC,CL376956,TATAMOTORS,S,387,1367.48,529214.76
2025-11-26,BETA_INVEST,CL348048,AXISBANK,B,186,1666.33,309937.38
22/11/2025,OMEGA_BROKING,CL955155,ITC,B,137,2366.29,324181.73
2025-11-23,DELTA_TRADES,CL080979,TATAMOTORS,B,81,1693.11,137141.91
22/11/2025,DELTA_TRADES,CL901798,TATAMOTORS,S,213,1863.1,396840.3
2025-11-20,DELTA_TRADES,CL107195,SBIN,B,268,967.05,
2025-11-26,ALPHA_SEC,CL363848,INFY,S,68,571.43,38857.24
2025-11-20,OMEGA_BROKING,CL099297,LT,B,12,1571.98,18863.76
26/11/2025,DELTA_TRADES,CL392513,ITC,B,231,2564.99,592512.69
11-22-2025,OMEGA_BROKING,CL409369,INFY,B,50,1582.83,79141.5
2025-11-20,OMEGA_BROKING,CL807007,ICICIBANK,S,276,1316.04,363227.04
23-Nov-25,OMEGA_BROKING,CL800157,LT,B,344,2226.03,765754.32
23-Nov-25,ALPHA_SEC,CL670751,ITC,S,91,1130.31,102858.21
21-Nov-25,OMEGA_BROKING,CL976372,ICICIBANK,B,342,1028.82,351856.44
25-Nov-25,DELTA_TRADES,CL892110,TATAMOTORS,B,248,1354.86,336005.28
25-Nov-25,BETA_INVEST,CL996466,LT,B,25,1321.89,33047.25
11-22-2025,BETA_INVEST,CL215430,INFY,S,276,1624.16,488889.15
11-22-2025,DELTA_TRADES,CL287613,AXISBANK,B,214,248.69,53219.66
2025-11-24,ALPHA_SEC,CL699138,ICICIBANK,B,102,596.88,60881.76
29-Nov-25,DELTA_TRADES,CL801492,INFY,B,361,1366.94,493465.34
2025-11-21,DELTA_TRADES,CL762195,KOTAKBANK,B,297,223.65,66424.05
21/11/2025,OMEGA_BROKING,CL433114,HDFC,S,100,530.96,53096.0
2025-11-26,BETA_INVEST,CL914500,INFY,B,337,807.71,272198.27
29-Nov-25,ALPHA_SEC,CL628982,KOTAKBANK,B,291,2125.19,618430.29
20/11/2025,OMEGA_BROKING,CL247783,LT,B,56,1730.36,96900.16
2025-11-20,OMEGA_BROKING,CL077094,KOTAKBANK,B,317,1109.06,351572.02
22/11/2025,BETA_INVEST,CL974174,ICICIBANK,B,383,1952.22,747700.26
11-22-2025,BETA_INVEST,CL279134,ICICIBANK,S,396,1136.36,449998.56
2025-11-22,OMEGA_BROKING,CL318404,RELIANCE,S,180,1977.53,355955.4
23-Nov-25,ALPHA_SEC,CL232266,TATAMOTORS,B,358,1876.75,671876.5
2025-11-20,OMEGA_BROKING,CL570959,HDFC,S,386,2160.4,833914.4
11-22-2025,OMEGA_BROKING,CL459965,SBIN,S,243,887.45,215650.35
2025-11-22,BETA_INVEST,CL061587,LT,S,287,1688.75,484671.25
26-Nov-25,BETA_INVEST,CL904787,ITC,B,98,2546.71,249577.58
11-23-2025,ALPHA_SEC,CL524165,HDFC,S,97,713.85,69243.45
22-Nov-25,DELTA_TRADES,CL639739,LT,S,382,1524.76,582458.32
26-Nov-25,ALPHA_SEC,CL071627,KOTAKBANK,B,272,1814.7,493598.4
22/11/2025,OMEGA_BROKING,CL127170,SBIN,S,63,554.78,34951.14
20-Nov-25,OMEGA_BROKING,CL835988,KOTAKBANK,S,46,356.1,16380.6
2025-11-24,DELTA_TRADES,CL994573,SBIN,B,82,1105.77,90673.14
25/11/2025,BETA_INVEST,CL811385,AXISBANK,S,162,2167.43,351123.66
22-Nov-25,DELTA_TRADES,CL986228,HDFC,S,270,568.03,153368.1
11-20-2025,OMEGA_BROKING,CL471858,ITC,B,213,2534.51,539850.63
26-Nov-25,ALPHA_SEC,CL342409,ITC,S,124,1644.36,203900.64
11-26-2025,DELTA_TRADES,CL165010,ICICIBANK,B,388,225.9,87649.2
11-20-2025,ALPHA_SEC,CL495880,RELIANCE,B,255,574.97,146617.35
11-25-2025,OMEGA_BROKING,CL494614,INFY,S,149,2308.58,343978.42
11-25-2025,BETA_INVEST,CL298731,RELIANCE,S,296,1935.74,572979.04
2025-11-24,ALPHA_SEC,CL241048,KOTAKBANK,S,361,830.8,299918.8
11-20-2025,BETA_INVEST,CL157503,ITC,B,157,875.91,137517.87
11-24-2025,ALPHA_SEC,CL078218,TATAMOTORS,B,72,833.87,60038.64
11-23-2025,ALPHA_SEC,CL837980,HDFC,B,397,2764.68,1097577.96
20-Nov-25,ALPHA_SEC,CL943117,LT,B,168,1096.7,184245.6
26-Nov-25,BETA_INVEST,CL252320,INFY,B,225,1223.16,275211.0
11-24-2025,BETA_INVEST,CL300882,ITC,S,144,2169.86,312459.84
11-23-2025,ALPHA_SEC,CL042345,RELIANCE,S,304,729.21,221679.84
20-Nov-25,BETA_INVEST,CL382818,RELIANCE,S,282,1197.57,337714.74
21-Nov-25,OMEGA_BROKING,CL354045,ITC,B,306,1203.34,368222.04
2025-11-22,DELTA_TRADES,CL045879,ITC,B,147,1944.96,285909.12
23-Nov-25,ALPHA_SEC,CL695169,HDFC,B,155,2742.75,425126.25
11-25-2025,OMEGA_BROKING,CL754261,SBIN,S,93,1676.73,155935.89
24/11/2025,DELTA_TRADES,CL682641,ITC,B,98,155.29,15218.42
25/11/2025,DELTA_TRADES,CL309965,SBIN,B,262,2459.44,644373.28
23/11/2025,BETA_INVEST,CL000598,AXISBANK,S,135,1883.84,254318.4
2025-11-20,OMEGA_BROKING,CL253138,RELIANCE,B,151,126.44,19092.44
26-Nov-25,OMEGA_BROKING,CL158765,TATAMOTORS,S,344,1234.08,424523.52
2025-11-23,ALPHA_SEC,CL263603,TATAMOTORS,B,225,219.79,49452.75
11-22-2025,DELTA_TRADES,CL172398,RELIANCE,B,317,796.5,252490.5
11-21-2025,DELTA_TRADES,CL983974,KOTAKBANK,S,337,2306.74,777371.38
21/11/2025,BETA_INVEST,CL286796,LT,B,204,1046.2,213424.8
25-Nov-25,ALPHA_SEC,CL677469,ITC,S,342,1098.2,375584.4
2025-11-22,ALPHA_SEC,CL156428,HDFC,S,291,1996.93,581106.63
11-26-2025,BETA_INVEST,CL769242,AXISBANK,B,2,2525.52,5051.04
2025-11-21,ALPHA_SEC,CL079408,INFY,S,243,2699.48,655973.64
2025-11-20,BETA_INVEST,CL619779,HDFC,B,183,1393.45,255001.35
22-Nov-25,ALPHA_SEC,CL622109,KOTAKBANK,B,172,1968.11,338514.92
2025-11-24,BETA_INVEST,CL888953,ITC,B,3,2318.04,6954.12
25-Nov-25,BETA_INVEST,CL943813,AXISBANK,B,41,762.51,31262.91
11-20-2025,OMEGA_BROKING,CL988101,ICICIBANK,B,358,1329.75,476050.5
20/11/2025,ALPHA_SEC,CL102429,LT,S,311,441.03,137160.33
20/11/2025,ALPHA_SEC,CL110182,HDFC,B,193,2031.61,
24-Nov-25,ALPHA_SEC,CL407282,LT,S,168,2737.37,459878.16
11-20-2025,OMEGA_BROKING,CL165566,SBIN,S,375,1351.73,506898.75
22-Nov-25,OMEGA_BROKING,CL807143,LT,B,327,2366.05,773698.35
21-Nov-25,ALPHA_SEC,CL007538,TATAMOTORS,B,345,750.67,258981.15
20-Nov-25,DELTA_TRADES,CL236125,ICICIBANK,B,174,1561.06,271624.44
26-Nov-25,BETA_INVEST,CL568083,SBIN,S,290,460.02,133405.8
25-Nov-25,BETA_INVEST,CL318771,HDFC,S,281,2763.84,776639.04
2025-11-22,ALPHA_SEC,CL940877,AXISBANK,S,159,130.17,20697.03
25/11/2025,OMEGA_BROKING,CL911932,RELIANCE,S,356,590.53,210228.68
11-20-2025,BETA_INVEST,CL219925,HDFC,B,270,2548.22,688019.4
20-Nov-25,ALPHA_SEC,CL176652,HDFC,B,337,1377.86,464338.82
25-Nov-25,ALPHA_SEC,CL604912,SBIN,S,123,1342.34,165107.82
25/11/2025,BETA_INVEST,CL593498,LT,S,232,236.57,49286.27
11-21-2025,ALPHA_SEC,CL138521,LT,B,387,1642.45,635628.15
11-24-2025,OMEGA_BROKING,CL434353,HDFC,S,72,2122.47,152817.84
2025-11-25,BETA_INVEST,CL222847,SBIN,B,130,2118.23,275369.9
11-26-2025,DELTA_TRADES,CL271096,ITC,S,174,242.52,
22-Nov-25,ALPHA_SEC,CL800616,TATAMOTORS,S,374,2585.25,966883.5
22-Nov-25,OMEGA_BROKING,CL269058,HDFC,B,165,333.89,55091.85
2025-11-20,DELTA_TRADES,CL203685,ITC,S,234,1561.92,365489.28
22/11/2025,BETA_INVEST,CL596843,KOTAKBANK,B,226,1077.86,243596.36
23/11/2025,DELTA_TRADES,CL083237,KOTAKBANK,S,301,1484.34,446786.34
11-25-2025,DELTA_TRADES,CL071991,INFY,B,101,1761.86,177947.86
26-Nov-25,ALPHA_SEC,CL330106,ITC,B,190,2496.01,474241.9
24/11/2025,ALPHA_SEC,CL858098,ITC,B,338,2756.09,931558.42
11-25-2025,OMEGA_BROKING,CL718290,KOTAKBANK,B,27,434.67,11736.09
2025-11-29,DELTA_TRADES,CL119370,HDFC,S,171,1050.13,179572.23
11-22-2025,BETA_INVEST,CL841925,SBIN,B,224,2349.01,526178.24
2025-11-22,OMEGA_BROKING,CL327799,INFY,S,226,236.83,53523.58
20/11/2025,DELTA_TRADES,CL475825,RELIANCE,S,263,1427.87,375529.81
26-Nov-25,DELTA_TRADES,CL697489,RELIANCE,S,201,1954.78,392910.78
2025-11-21,OMEGA_BROKING,CL674671,ICICIBANK,B,385,1951.59,751362.15
11-24-2025,OMEGA_BROKING,CL014541,SBIN,B,163,2206.06,359587.78
21/11/2025,OMEGA_BROKING,CL070818,HDFC,B,220,866.97,190733.4
2025-11-21,OMEGA_BROKING,CL134827,SBIN,B,303,563.66,170788.98
22-Nov-25,DELTA_TRADES,CL171331,TATAMOTORS,S,241,769.19,185374.79
11-29-2025,OMEGA_BROKING,CL460773,ICICIBANK,S,90,2113.66,190229.4
21-Nov-25,DELTA_TRADES,CL629721,HDFC,S,386,1620.18,625389.48
11-26-2025,BETA_INVEST,CL581940,RELIANCE,B,236,610.11,143985.96
21/11/2025,DELTA_TRADES,CL015891,TATAMOTORS,B,44,2764.47,121636.68
29/11/2025,BETA_INVEST,CL531648,KOTAKBANK,B,339,183.35,62155.65
2025-11-23,OMEGA_BROKING,CL073941,AXISBANK,S,264,1553.38,410092.32
2025-11-29,BETA_INVEST,CL026446,KOTAKBANK,S,193,1454.57,280732.01
11-23-2025,OMEGA_BROKING,CL414003,TATAMOTORS,S,364,378.2,137664.8
20/11/2025,BETA_INVEST,CL139177,SBIN,S,297,363.73,108027.81
2025-11-20,DELTA_TRADES,CL122859,RELIANCE,B,60,1058.27,63496.2
2025-11-21,ALPHA_SEC,CL044540,ICICIBANK,S,345,1810.73,624701.85
22/11/2025,ALPHA_SEC,CL661233,TATAMOTORS,B,260,1593.72,414367.2
20-Nov-25,DELTA_TRADES,CL474936,TATAMOTORS,B,340,1394.7,474198.0
11-22-2025,DELTA_TRADES,CL561718,TATAMOTORS,B,177,1504.4,266278.8
21-Nov-25,DELTA_TRADES,CL834004,RELIANCE,B,322,1863.71,600114.62
25-Nov-25,BETA_INVEST,CL858584,HDFC,S,50,371.35,18567.5
2025-11-22,OMEGA_BROKING,CL461148,TATAMOTORS,S,6,1685.44,10112.64
2025-11-25,OMEGA_BROKING,CL572578,ICICIBANK,S,231,1887.22,435947.82
25-Nov-25,OMEGA_BROKING,CL277783,INFY,B,310,2053.76,636665.6
21/11/2025,DELTA_TRADES,CL779828,TATAMOTORS,S,250,1501.28,375320.0
20-Nov-25,DELTA_TRADES,CL882215,ICICIBANK,S,372,1185.55,408308.92
2025-11-25,OMEGA_BROKING,CL356674,ICICIBANK,S,258,1078.04,371548.24
11-24-2025,ALPHA_SEC,CL541217,TATAMOTORS,S,54,2415.4,130431.6
29-Nov-25,ALPHA_SEC,CL343144,SBIN,B,2,2505.93,5011.86
2025-11-24,DELTA_TRADES,CL756012,ITC,B,308,2061.71,635006.68
2025-11-21,BETA_INVEST,CL018288,AXISBANK,S,110,2248.88,247376.8
21-Nov-25,OMEGA_BROKING,CL883734,INFY,B,308,1464.09,450939.72
25/11/2025,BETA_INVEST,CL129640,SBIN,B,75,1691.29,126846.75
2025-11-21,ALPHA_SEC,CL895187,HDFC,B,323,689.24,222624.52
24/11/2025,BETA_INVEST,CL250006,TATAMOTORS,S,243,2472.55,600829.65
2025-11-26,ALPHA_SEC,CL995086,LT,B,353,2756.42,973016.26
21/11/2025,DELTA_TRADES,CL212494,LT,B,292,1185.71,346227.32
23/11/2025,BETA_INVEST,CL712016,TATAMOTORS,B,195,591.22,115287.9
26/11/2025,DELTA_TRADES,CL222385,HDFC,B,24,1735.08,41641.92
23-Nov-25,ALPHA_SEC,CL505713,SBIN,B,344,1425.79,490471.76
11-24-2025,OMEGA_BROKING,CL277202,AXISBANK,B,16,1589.69,25435.04
2025-11-23,DELTA_TRADES,CL095009,ITC,B,248,1239.48,307391.04
23/11/2025,OMEGA_BROKING,CL339501,HDFC,S,126,2477.66,312185.16
26/11/2025,DELTA_TRADES,CL627069,SBIN,B,97,2537.71,246157.87
25/11/2025,OMEGA_BROKING,CL349787,HDFC,B,230,870.59,200235.7
2025-11-26,BETA_INVEST,CL779827,ITC,S,400,1832.74,733096.0
2025-11-26,OMEGA_BROKING,CL949289,LT,S,269,914.89,246105.41
11-24-2025,ALPHA_SEC,CL267403,HDFC,B,265,2651.28,702589.2
22/11/2025,DELTA_TRADES,CL378673,INFY,S,150,421.23,63184.5
26/11/2025,ALPHA_SEC,CL631183,ITC,B,307,2572.16,
22/11/2025,ALPHA_SEC,CL163233,AXISBANK,S,88,2159.15,190005.2
11-25-2025,ALPHA_SEC,CL899053,RELIANCE,S,321,299.84,96248.64
2025-11-20,BETA_INVEST,CL295187,TATAMOTORS,B,27,981.52,26501.04
25/11/2025,DELTA_TRADES,CL862850,LT,S,71,2484.96,176432.16
29/11/2025,OMEGA_BROKING,CL185100,KOTAKBANK,B,103,958.47,98722.41
24/11/2025,BETA_INVEST,CL863371,INFY,B,351,1484.8,521164.8
24-Nov-25,BETA_INVEST,CL344398,SBIN,B,338,2555.94,863907.72
22-Nov-25,OMEGA_BROKING,CL221388,ICICIBANK,S,149,165.48,24656.52
11-20-2025,OMEGA_BROKING,CL713374,ICICIBANK,S,339,2249.76,762668.64
2025-11-21,OMEGA_BROKING,CL078675,KOTAKBANK,S,1,1982.11,1982.11
22/11/2025,BETA_INVEST,CL788072,RELIANCE,B,80,2062.3,164984.0
11-21-2025,ALPHA_SEC,CL023500,LT,B,248,701.02,173852.96
11-22-2025,DELTA_TRADES,CL278141,SBIN,S,364,1757.29,639653.56
24-Nov-25,DELTA_TRADES,CL155162,LT,B,180,1846.85,332433.0
26-Nov-25,ALPHA_SEC,CL448700,TATAMOTORS,B,307,2622.07,804975.49
2025-11-23,OMEGA_BROKING,CL165353,HDFC,B,379,492.54,186672.66
2025-11-22,BETA_INVEST,CL275007,SBIN,B,155,685.21,106207.55
26/11/2025,OMEGA_BROKING,CL927577,LT,S,52,1592.87,82829.24
21-Nov-25,ALPHA_SEC,CL633060,AXISBANK,S,296,2340.47,692779.12
22/11/2025,OMEGA_BROKING,CL393364,ICICIBANK,S,84,1460.88,122713.92
21-Nov-25,DELTA_TRADES,CL786650,KOTAKBANK,S,84,1961.66,164779.44
2025-11-23,OMEGA_BROKING,CL555617,ITC,S,103,1919.99,197758.97
2025-11-23,ALPHA_SEC,CL208870,HDFC,S,392,1746.97,684812.24
24/11/2025,BETA_INVEST,CL640504,SBIN,B,361,1362.53,491873.33
26/11/2025,ALPHA_SEC,CL967007,HDFC,B,359,2587.06,928754.54
2025-11-26,DELTA_TRADES,CL978133,ITC,S,16,2614.13,41826.08
22-Nov-25,BETA_INVEST,CL422207,SBIN,S,393,2503.2,983757.6
25-Nov-25,OMEGA_BROKING,CL916633,AXISBANK,B,345,1915.96,661006.2
21-Nov-25,DELTA_TRADES,CL820827,TATAMOTORS,S,325,1708.54,555275.5
11-26-2025,ALPHA_SEC,CL301662,TATAMOTORS,S,310,1786.65,553861.5
2025-11-25,BETA_INVEST,CL505899,ICICIBANK,S,14,1399.83,19597.62
21/11/2025,DELTA_TRADES,CL568232,ICICIBANK,B,129,1553.08,200347.32
11-20-2025,DELTA_TRADES,CL601078,ICICIBANK,B,230,1692.95,389378.5
26/11/2025,ALPHA_SEC,CL719304,KOTAKBANK,S,143,2706.62,387046.66
11-22-2025,ALPHA_SEC,CL339331,SBIN,S,255,979.14,249680.7
22-Nov-25,ALPHA_SEC,CL496856,SBIN,S,337,1470.6,495592.2
23/11/2025,ALPHA_SEC,CL625214,RELIANCE,S,220,2054.11,451904.2
2025-11-24,ALPHA_SEC,CL547626,RELIANCE,B,45,1743.73,78467.85
23-Nov-25,OMEGA_BROKING,CL827818,HDFC,B,257,1996.31,513051.67
24-Nov-25,ALPHA_SEC,CL464166,LT,B,316,1940.39,613163.24
21/11/2025,BETA_INVEST,CL028954,ICICIBANK,S,131,1448.52,189756.12
22-Nov-25,OMEGA_BROKING,CL325822,RELIANCE,S,65,1403.7,91240.5
21-Nov-25,OMEGA_BROKING,CL520947,ITC,B,273,1437.98,392568.54
11-22-2025,DELTA_TRADES,CL009814,HDFC,S,341,1336.02,455582.82
11-22-2025,BETA_INVEST,CL748333,RELIANCE,S,128,2501.73,320221.44
26-Nov-25,OMEGA_BROKING,CL302970,ICICIBANK,B,131,2073.96,271688.76
21-Nov-25,BETA_INVEST,CL699200,TATAMOTORS,B,396,449.07,177831.72
25/11/2025,BETA_INVEST,CL671227,INFY,S,230,1413.29,325056.7
20/11/2025,ALPHA_SEC,CL355039,HDFC,B,201,1698.38,341374.38
2025-11-24,BETA_INVEST,CL759164,TATAMOTORS,S,22,2128.25,46821.5
2025-11-20,ALPHA_SEC,CL619496,AXISBANK,B,240,1588.46,381230.4
2025-11-25,BETA_INVEST,CL888461,INFY,B,4,1693.11,6772.44
2025-11-25,OMEGA_BROKING,CL342717,RELIANCE,B,265,2319.25,614601.25
20-Nov-25,ALPHA_SEC,CL379061,SBIN,B,94,1766.4,166041.6
24-Nov-25,BETA_INVEST,CL896817,KOTAKBANK,B,346,1578.12,546029.52
2025-11-23,OMEGA_BROKING,CL717616,RELIANCE,S,179,2155.1,385762.9
20/11/2025,ALPHA_SEC,CL876948,KOTAKBANK,B,122,579.08,70647.76
23/11/2025,OMEGA_BROKING,CL085408,AXISBANK,B,10,2282.25,22822.5
26-Nov-25,ALPHA_SEC,CL262365,KOTAKBANK,S,341,366.92,125119.72
11-26-2025,OMEGA_BROKING,CL294095,HDFC,S,154,1544.88,237911.52
2025-11-20,ALPHA_SEC,CL539423,HDFC,S,306,983.8,301042.8
22-Nov-25,BETA_INVEST,CL228134,ITC,S,55,791.56,43535.8
22-Nov-25,ALPHA_SEC,CL265268,AXISBANK,S,267,2334.39,623282.13
23-Nov-25,OMEGA_BROKING,CL141871,ITC,S,39,137.58,5365.62
22-Nov-25,ALPHA_SEC,CL925499,SBIN,B,267,1419.94,379123.98
2025-11-29,BETA_INVEST,CL281398,AXISBANK,B,150,645.61,96841.5
2025-11-20,DELTA_TRADES,CL380966,KOTAKBANK,S,305,2005.99,611826.95
23/11/2025,ALPHA_SEC,CL242052,TATAMOTORS,S,114,879.05,100211.7
21/11/2025,BETA_INVEST,CL853195,RELIANCE,S,262,2465.43,645942.66
25-Nov-25,DELTA_TRADES,CL443576,ITC,B,258,319.57,82449.06
23/11/2025,ALPHA_SEC,CL225214,RELIANCE,B,108,715.41,77264.28
26-Nov-25,BETA_INVEST,CL957863,SBIN,B,366,2340.94,856784.04
22/11/2025,BETA_INVEST,CL919214,HDFC,S,122,260.56,31788.32
26/11/2025,ALPHA_SEC,CL076560,RELIANCE,S,91,1846.83,168061.53
26/11/2025,ALPHA_SEC,CL904759,TATAMOTORS,S,223,843.47,188093.81
11-22-2025,OMEGA_BROKING,CL367318,AXISBANK,S,342,1491.97,510253.74
21/11/2025,DELTA_TRADES,CL358829,LT,S,356,1678.17,597428.52
11-23-2025,DELTA_TRADES,CL454496,HDFC,S,4,1924.77,7699.08
11-23-2025,OMEGA_BROKING,CL078239,TATAMOTORS,B,142,989.65,140530.3
25/11/2025,ALPHA_SEC,CL961178,INFY,S,57,1393.18,79411.26
25-Nov-25,BETA_INVEST,CL465415,ICICIBANK,B,161,504.0,81144.0
11-22-2025,ALPHA_SEC,CL869866,KOTAKBANK,S,397,1905.36,756427.92
21/11/2025,OMEGA_BROKING,CL265220,SBIN,S,277,2615.6,724521.2
11-29-2025,OMEGA_BROKING,CL308092,ITC,S,319,1461.59,466247.21
11-25-2025,DELTA_TRADES,CL254050,KOTAKBANK,S,277,2192.15,607225.55
23/11/2025,DELTA_TRADES,CL108296,LT,B,138,1636.82,225881.16
23-Nov-25,DELTA_TRADES,CL522007,AXISBANK,B,225,2156.98,485320.5
2025-11-26,BETA_INVEST,CL119282,TATAMOTORS,B,164,1213.2,198964.8
11-21-2025,DELTA_TRADES,CL468409,LT,B,68,2413.47,164115.96
11-22-2025,DELTA_TRADES,CL476920,AXISBANK,B,292,540.56,157843.52
24-Nov-25,OMEGA_BROKING,CL268571,TATAMOTORS,B,107,2428.83,259884.81
20/11/2025,BETA_INVEST,CL633718,ITC,B,42,201.27,8453.34
22-Nov-25,BETA_INVEST,CL203514,RELIANCE,B,311,1648.66,512733.26
2025-11-25,OMEGA_BROKING,CL647461,TATAMOTORS,S,281,2781.32,781550.92
29-Nov-25,OMEGA_BROKING,CL264806,KOTAKBANK,B,192,2588.07,496909.44
11-26-2025,BETA_INVEST,CL913839,INFY,B,317,2424.38,768528.46
23-Nov-25,BETA_INVEST,CL949247,HDFC,B,336,411.51,138267.36
20-Nov-25,OMEGA_BROKING,CL748261,AXISBANK,S,372,2171.36,807745.92
26/11/2025,DELTA_TRADES,CL758105,AXISBANK,S,66,2546.36,168059.76
2025-11-22,DELTA_TRADES,CL355618,RELIANCE,B,79,1325.75,104734.25
2025-11-24,OMEGA_BROKING,CL631087,RELIANCE,B,81,657.14,53228.34
11-20-2025,OMEGA_BROKING,CL285648,HDFC,S,14,711.96,9967.44
23/11/2025,DELTA_TRADES,CL392292,HDFC,S,290,1960.94,568672.6
11-22-2025,ALPHA_SEC,CL759494,TATAMOTORS,S,71,150.15,10660.65
2025-11-24,BETA_INVEST,CL090361,LT,B,6,758.49,4550.94
11-22-2025,ALPHA_SEC,CL818828,TATAMOTORS,S,398,2508.79,998498.42
2025-11-26,OMEGA_BROKING,CL225790,AXISBANK,B,267,1599.0,426933.0
11-29-2025,OMEGA_BROKING,CL786892,INFY,B,129,968.35,124917.15
11-22-2025,ALPHA_SEC,CL652822,ITC,B,362,215.26,77924.12
2025-11-22,BETA_INVEST,CL753746,HDFC,B,73,2507.35,183036.55
11-21-2025,ALPHA_SEC,CL174329,LT,S,313,2170.98,679516.74
11-20-2025,ALPHA_SEC,CL905556,INFY,S,100,2249.76,224976.0
11-22-2025,OMEGA_BROKING,CL894761,ICICIBANK,B,216,934.87,201931.92
11-20-2025,DELTA_TRADES,CL069657,HDFC,B,310,239.35,74198.5
2025-11-21,BETA_INVEST,CL188912,KOTAKBANK,S,84,1501.71,126143.64
25/11/2025,ALPHA_SEC,CL359920,ITC,B,287,915.18,262656.66
2025-11-24,BETA_INVEST,CL428762,ICICIBANK,B,262,2728.11,714764.82
23/11/2025,ALPHA_SEC,CL938548,ICICIBANK,B,65,2696.39,175265.35
11-21-2025,OMEGA_BROKING,CL411839,LT,S,66,2581.42,170373.72
11-20-2025,ALPHA_SEC,CL919883,RELIANCE,B,98,584.63,57293.74
24-Nov-25,BETA_INVEST,CL728969,ICICIBANK,B,171,516.31,88289.01
25/11/2025,ALPHA_SEC,CL505980,TATAMOTORS,S,128,270.81,34663.68
25-Nov-25,ALPHA_SEC,CL283568,ITC,B,26,2773.09,72100.34
26-Nov-25,DELTA_TRADES,CL139248,LT,B,241,110.74,26688.34
2025-11-25,DELTA_TRADES,CL688916,KOTAKBANK,S,6,1136.8,6820.8
22/11/2025,ALPHA_SEC,CL274062,LT,B,261,378.48,98783.28
22/11/2025,DELTA_TRADES,CL716726,AXISBANK,B,306,1192.17,364804.02
11-20-2025,OMEGA_BROKING,CL208257,RELIANCE,S,352,630.8,222041.6
22/11/2025,OMEGA_BROKING,CL781234,SBIN,B,331,1751.03,579590.93
2025-11-25,BETA_INVEST,CL231644,RELIANCE,B,357,374.58,133725.06
23-Nov-25,BETA_INVEST,CL409302,KOTAKBANK,S,182,624.87,113726.34
20-Nov-25,DELTA_TRADES,CL948486,TATAMOTORS,S,267,1441.65,384920.55
11-23-2025,DELTA_TRADES,CL033818,ITC,S,49,1968.94,96478.06
11-20-2025,BETA_INVEST,CL255595,ICICIBANK,S,135,1835.62,247808.7
2025-11-26,BETA_INVEST,CL108023,LT,S,12,2188.6,26263.2
20-Nov-25,DELTA_TRADES,CL698266,SBIN,B,41,1116.15,45762.15
2025-11-25,DELTA_TRADES,CL932430,SBIN,S,330,819.15,270319.5
11-20-2025,ALPHA_SEC,CL710988,RELIANCE,B,215,2600.09,559019.35
24-Nov-25,DELTA_TRADES,CL991490,TATAMOTORS,S,155,1533.45,237684.75
22-Nov-25,OMEGA_BROKING,CL314525,LT,B,339,990.62,335820.18
22/11/2025,BETA_INVEST,CL034920,ICICIBANK,B,360,237.66,85557.6
22-Nov-25,DELTA_TRADES,CL517959,RELIANCE,B,114,1484.18,169196.52
2025-11-21,OMEGA_BROKING,CL168530,SBIN,S,341,362.64,123660.24
22/11/2025,OMEGA_BROKING,CL854568,LT,B,285,1879.76,535731.6
23/11/2025,ALPHA_SEC,CL727056,SBIN,S,53,610.55,32359.15
22-Nov-25,DELTA_TRADES,CL841887,KOTAKBANK,B,53,755.45,40038.85
11-25-2025,DELTA_TRADES,CL887015,RELIANCE,S,226,2347.44,759866.29
25-Nov-25,BETA_INVEST,CL922631,INFY,S,236,2614.11,616929.96
11-25-2025,BETA_INVEST,CL893398,ITC,B,151,1050.54,158631.54
11-24-2025,ALPHA_SEC,CL260586,AXISBANK,B,124,2352.1,291660.4
2025-11-25,DELTA_TRADES,CL063355,HDFC,S,278,1638.45,455489.1
23-Nov-25,ALPHA_SEC,CL059264,ITC,B,391,160.46,63598.54
11-21-2025,DELTA_TRADES,CL404181,ITC,B,204,1765.01,360062.04
2025-11-29,OMEGA_BROKING,CL229623,INFY,S,384,2123.14,815285.76
2025-11-25,DELTA_TRADES,CL539305,INFY,S,141,2003.48,282490.68
2025-11-21,DELTA_TRADES,CL335909,HDFC,B,86,1398.93,
11-22-2025,DELTA_TRADES,CL224804,SBIN,S,367,2752.74,1010255.58
11-25-2025,BETA_INVEST,CL258490,TATAMOTORS,B,327,1997.72,653254.44
22/11/2025,BETA_INVEST,CL955691,HDFC,B,275,941.0,258775.0
2025-11-26,DELTA_TRADES,CL381549,ITC,S,323,1634.84,528053.32
21-Nov-25,DELTA_TRADES,CL539925,KOTAKBANK,B,343,1702.5,583957.5
26-Nov-25,OMEGA_BROKING,CL708003,AXISBANK,S,354,464.99,
22-Nov-25,OMEGA_BROKING,CL228055,LT,S,169,1562.81,264114.89
22/11/2025,OMEGA_BROKING,CL060870,AXISBANK,S,267,2588.93,691244.31
2025-11-25,OMEGA_BROKING,CL003440,KOTAKBANK,B,266,1865.3,496169.8
21-Nov-25,BETA_INVEST,CL452419,KOTAKBANK,S,184,1688.42,310669.28
11-24-2025,ALPHA_SEC,CL134144,AXISBANK,B,297,1293.67,384219.99
2025-11-25,DELTA_TRADES,CL446777,ITC,B,84,1835.27,154162.68
29/11/2025,OMEGA_BROKING,CL010373,RELIANCE,B,244,1512.61,369076.84
2025-11-20,OMEGA_BROKING,CL806724,SBIN,S,203,1173.55,238230.65
11-23-2025,ALPHA_SEC,CL487746,LT,S,109,2414.3,263158.7
24/11/2025,BETA_INVEST,CL395346,ITC,S,289,2475.27,715353.03
2025-11-25,BETA_INVEST,CL744251,TATAMOTORS,B,374,2107.46,788190.04
22/11/2025,BETA_INVEST,CL625495,TATAMOTORS,B,140,1945.16,272322.4
11-23-2025,DELTA_TRADES,CL477939,TATAMOTORS,S,354,1379.51,488346.54
11-26-2025,BETA_INVEST,CL236256,ITC,B,227,2311.47,524703.69
20-Nov-25,DELTA_TRADES,CL519055,LT,S,44,2476.0,108944.0
2025-11-24,ALPHA_SEC,CL079322,INFY,B,346,1430.98,495119.08
2025-11-24,DELTA_TRADES,CL200721,ICICIBANK,B,305,2480.76,756631.8
29/11/2025,DELTA_TRADES,CL447312,TATAMOTORS,S,377,1892.23,713370.71
11-24-2025,ALPHA_SEC,CL748081,KOTAKBANK,S,384,2490.76,956451.84
11-25-2025,ALPHA_SEC,CL857740,SBIN,S,340,2378.57,808713.8
22-Nov-25,OMEGA_BROKING,CL532062,RELIANCE,S,323,2758.95,891140.85
20/11/2025,DELTA_TRADES,CL683070,TATAMOTORS,B,369,2560.43,944798.67
20/11/2025,DELTA_TRADES,CL716154,KOTAKBANK,B,192,817.37,156935.04
11-25-2025,ALPHA_SEC,CL828808,AXISBANK,S,387,342.03,132365.61
25-Nov-25,ALPHA_SEC,CL037139,SBIN,S,122,2736.45,333846.9
11-29-2025,ALPHA_SEC,CL378188,TATAMOTORS,S,355,2238.76,794759.8
22-Nov-25,ALPHA_SEC,CL619284,SBIN,B,128,2756.81,352871.68
21/11/2025,DELTA_TRADES,CL965359,SBIN,B,353,2207.22,779148.66
2025-11-25,OMEGA_BROKING,CL037510,LT,S,150,2426.79,364018.5
2025-11-22,DELTA_TRADES,CL894274,TATAMOTORS,S,379,2447.9,927754.1
22/11/2025,DELTA_TRADES,CL462732,INFY,S,304,1421.78,432221.12
24/11/2025,ALPHA_SEC,CL262461,ITC,S,139,302.39,42032.21
2025-11-22,ALPHA_SEC,CL853535,INFY,B,358,2077.96,743909.68
22/11/2025,BETA_INVEST,CL229633,INFY,B,178,2604.04,463519.12
11-25-2025,DELTA_TRADES,CL538993,ICICIBANK,B,371,103.78,38502.38
2025-11-24,ALPHA_SEC,CL018225,RELIANCE,B,322,2381.92,766978.24
2025-11-22,DELTA_TRADES,CL213755,AXISBANK,S,336,2275.97,764725.92
21/11/2025,OMEGA_BROKING,CL173329,INFY,S,261,1073.88,280282.68
11-22-2025,DELTA_TRADES,CL109550,RELIANCE,B,350,2089.52,731332.0
25-Nov-25,OMEGA_BROKING,CL572079,KOTAKBANK,S,189,2283.15,431515.35
2025-11-22,DELTA_TRADES,CL747360,ICICIBANK,B,368,2373.88,873587.84
25/11/2025,DELTA_TRADES,CL555516,ITC,S,341,1078.78,367863.98
2025-11-25,OMEGA_BROKING,CL069705,HDFC,S,10,933.93,9339.3
26-Nov-25,OMEGA_BROKING,CL968937,ICICIBANK,B,347,639.57,221930.79
21/11/2025,DELTA_TRADES,CL574986,AXISBANK,S,154,1257.69,193684.26
11-20-2025,BETA_INVEST,CL745286,TATAMOTORS,B,146,1462.36,213504.56
11-29-2025,ALPHA_SEC,CL676991,TATAMOTORS,B,333,1660.13,552823.29
11-21-2025,OMEGA_BROKING,CL126770,ITC,B,89,2795.13,248766.57
11-23-2025,ALPHA_SEC,CL143703,TATAMOTORS,B,224,1255.99,281341.76
22-Nov-25,ALPHA_SEC,CL773499,RELIANCE,S,237,2150.79,509737.23
2025-11-22,ALPHA_SEC,CL987003,LT,S,140,2781.2,389368.0
2025-11-21,ALPHA_SEC,CL812226,LT,B,218,2100.01,457802.18
21-Nov-25,ALPHA_SEC,CL639917,TATAMOTORS,S,64,764.7,48940.8
2025-11-23,BETA_INVEST,CL734469,TATAMOTORS,S,189,1409.24,266346.36
11-26-2025,ALPHA_SEC,CL386353,ITC,B,341,666.28,227201.48
2025-11-22,ALPHA_SEC,CL712232,RELIANCE,S,142,1354.61,192354.62
21/11/2025,DELTA_TRADES,CL189986,ITC,B,84,2412.06,202613.04
11-23-2025,BETA_INVEST,CL616994,SBIN,B,162,2304.85,373385.7
22-Nov-25,DELTA_TRADES,CL598167,RELIANCE,B,343,2164.37,742378.91
23/11/2025,OMEGA_BROKING,CL591924,KOTAKBANK,B,128,2298.82,294248.96
23/11/2025,BETA_INVEST,CL159761,INFY,S,288,1339.46,385764.48
24-Nov-25,ALPHA_SEC,CL875570,SBIN,S,80,2656.86,212548.8
25/11/2025,BETA_INVEST,CL603151,SBIN,B,289,1713.48,495195.72
2025-11-22,ALPHA_SEC,CL455235,LT,S,121,2785.17,337005.57
11-26-2025,ALPHA_SEC,CL218438,SBIN,B,185,2583.94,606580.6
21-Nov-25,DELTA_TRADES,CL036571,SBIN,S,148,533.7,78987.6
2025-11-26,OMEGA_BROKING,CL636938,HDFC,B,232,2638.18,612057.76
11-25-2025,BETA_INVEST,CL485066,RELIANCE,S,46,2524.99,116149.54
2025-11-22,OMEGA_BROKING,CL200053,TATAMOTORS,B,153,2387.78,365330.34
20-Nov-25,BETA_INVEST,CL165461,ICICIBANK,S,309,2677.24,
11-21-2025,DELTA_TRADES,CL875442,KOTAKBANK,S,365,1302.9,475558.5
26/11/2025,OMEGA_BROKING,CL420089,AXISBANK,S,65,2730.1,177456.5
23/11/2025,ALPHA_SEC,CL786849,INFY,S,172,2326.36,400133.92
11-20-2025,DELTA_TRADES,CL745869,INFY,S,290,770.75,223517.5
21/11/2025,BETA_INVEST,CL942850,SBIN,B,387,2256.0,873072.0
