trade_date,broker_code,client,ticker,side,quantity,price,amt
2025-11-25,BETA_INVEST,CL445938,ICICIBANK,BUY,175,480.53,84092.75
2025-11-22,DELTA_TRADES,CL463671,RELIANCE,BUY,156,393.21,61340.76
2025-11-23,DELTA_TRADES,CL142052,INFY,BUY,62,1544.76,95775.12
2025-11-24,OMEGA_BROKING,CL610191,KOTAKBANK,SELL,229,759.57,173941.53
2025-11-20,OMEGA_BROKING,CL508664,INFY,SELL,79,2468.61,195020.19
2025-11-24,BETA_INVEST,CL480290,RELIANCE,BUY,150,933.86,140079.0
2025-11-20,OMEGA_BROKING,CL770897,SBIN,BUY,69,1324.62,91398.78
2025-11-26,DELTA_TRADES,CL382289,KOTAKBANK,BUY,96,959.69,92130.24
2025-11-22,OMEGA_BROKING,CL238295,ITC,SELL,297,1987.13,590177.61
2025-11-20,OMEGA_BROKING,CL601773,INFY,BUY,121,1945.92,235456.32
2025-11-25,BETA_INVEST,CL805421,HDFC,BUY,214,1613.64,345318.96
2025-11-26,BETA_INVEST,CL751504,KOTAKBANK,BUY,189,2149.98,406346.22
2025-11-20,DELTA_TRADES,CL989605,RELIANCE,BUY,281,2236.94,628580.14
2025-11-24,DELTA_TRADES,CL481817,HDFC,SELL,156,682.46,106463.76
2025-11-23,DELTA_TRADES,CL615580,ITC,SELL,142,1074.59,152591.78
2025-11-20,BETA_INVEST,CL412727,KOTAKBANK,SELL,85,1348.95,114660.75
2025-11-22,OMEGA_BROKING,CL725807,LT,BUY,66,463.57,30595.62
2025-11-23,DELTA_TRADES,CL696532,TATAMOTORS,BUY,267,1528.04,407986.68
2025-11-25,BETA_INVEST,CL027972,SBIN,SELL,56,1361.3,76232.8
2025-11-20,ALPHA_SEC,CL680897,SBIN,BUY,64,761.18,48715.52
2025-11-25,DELTA_TRADES,CL282554,HDFC,BUY,212,606.99,128681.88
2025-11-21,OMEGA_BROKING,CL292416,HDFC,BUY,103,1470.26,151436.78
2025-11-21,DELTA_TRADES,CL218765,AXISBANK,BUY,253,437.71,110740.63
2025-11-26,OMEGA_BROKING,CL928662,ICICIBANK,SELL,174,1038.59,180714.66
2025-11-26,DELTA_TRADES,CL103726,AXISBANK,BUY,7,2305.12,16135.84
2025-11-25,OMEGA_BROKING,CL128785,ICICIBANK,BUY,68,1544.13,105000.84
2025-11-24,ALPHA_SEC,CL935031,SBIN,BUY,194,1108.29,215008.26
2025-11-23,DELTA_TRADES,CL822734,RELIANCE,SELL,260,2161.31,561940.6
2025-11-21,DELTA_TRADES,CL664128,INFY,SELL,246,177.06,43556.76
2025-11-21,ALPHA_SEC,CL978214,LT,SELL,144,1198.77,172622.88
2025-11-22,ALPHA_SEC,CL144116,KOTAKBANK,BUY,272,2030.92,552410.24
2025-11-26,DELTA_TRADES,CL114794,RELIANCE,BUY,278,2252.83,626286.74
2025-11-24,ALPHA_SEC,CL282178,RELIANCE,BUY,191,1527.78,291805.98
2025-11-26,DELTA_TRADES,CL250766,SBIN,SELL,99,183.57,18173.43
2025-11-22,OMEGA_BROKING,CL024638,ICICIBANK,SELL,110,2348.58,258343.8
2025-11-22,BETA_INVEST,CL838232,RELIANCE,BUY,52,1252.62,65136.24
2025-11-24,DELTA_TRADES,CL203419,HDFC,BUY,88,1310.35,115310.8
2025-11-23,OMEGA_BROKING,CL588285,KOTAKBANK,SELL,2,2059.93,4119.86
2025-11-26,OMEGA_BROKING,CL512724,ITC,BUY,65,1289.71,83831.15
2025-11-23,BETA_INVEST,CL011678,ICICIBANK,BUY,132,1137.85,150196.2
2025-11-23,OMEGA_BROKING,CL784894,RELIANCE,BUY,140,2214.99,310098.6
2025-11-21,DELTA_TRADES,CL297199,INFY,SELL,59,376.95,22240.05
2025-11-23,ALPHA_SEC,CL058281,ICICIBANK,BUY,296,2208.44,653698.24
2025-11-25,DELTA_TRADES,CL185932,ICICIBANK,SELL,9,609.77,5487.93
2025-11-24,BETA_INVEST,CL291987,TATAMOTORS,SELL,250,1953.21,488302.5
2025-11-23,DELTA_TRADES,CL250049,LT,SELL,88,639.01,56232.88
2025-11-23,DELTA_TRADES,CL787529,INFY,BUY,68,206.63,14050.84
2025-11-22,ALPHA_SEC,CL406221,ITC,SELL,49,2296.08,112507.92
2025-11-23,ALPHA_SEC,CL319846,RELIANCE,BUY,11,953.18,10484.98
2025-11-20,OMEGA_BROKING,CL833015,ITC,SELL,167,210.94,35226.98
2025-11-22,OMEGA_BROKING,CL876790,INFY,BUY,227,2129.77,483457.79
2025-11-26,DELTA_TRADES,CL905763,RELIANCE,SELL,56,800.9,44850.4
2025-11-20,ALPHA_SEC,CL415785,HDFC,BUY,4,1478.6,5914.4
2025-11-21,DELTA_TRADES,CL474272,RELIANCE,BUY,24,1276.64,30639.36
2025-11-21,DELTA_TRADES,CL568961,INFY,BUY,270,205.35,55444.5
2025-11-26,BETA_INVEST,CL589463,SBIN,SELL,158,877.59,138659.22
2025-11-21,OMEGA_BROKING,CL599480,INFY,BUY,96,1338.18,128465.28
2025-11-21,DELTA_TRADES,CL151137,ITC,BUY,194,834.78,161947.32
2025-11-20,ALPHA_SEC,CL242699,TATAMOTORS,SELL,184,2436.45,448306.8
2025-11-25,DELTA_TRADES,CL823093,TATAMOTORS,SELL,264,1639.18,432743.52
2025-11-21,DELTA_TRADES,CL701548,ICICIBANK,SELL,262,2245.44,588305.28
2025-11-20,BETA_INVEST,CL303719,AXISBANK,BUY,48,2128.09,102148.32
2025-11-24,ALPHA_SEC,CL062166,AXISBANK,BUY,63,1093.46,68887.98
2025-11-23,DELTA_TRADES,CL523454,ICICIBANK,BUY,298,1081.02,322143.96
2025-11-25,OMEGA_BROKING,CL677853,ITC,BUY,220,1005.69,221251.8
2025-11-25,BETA_INVEST,CL013957,ICICIBANK,SELL,218,401.46,87518.28
2025-11-21,OMEGA_BROKING,CL912405,AXISBANK,SELL,260,1409.41,366446.6
2025-11-21,DELTA_TRADES,CL295347,HDFC,BUY,256,968.57,247953.92
2025-11-20,BETA_INVEST,CL734134,ITC,SELL,101,1815.72,183387.72
2025-11-24,ALPHA_SEC,CL272732,INFY,BUY,166,1800.58,298896.28
2025-11-20,BETA_INVEST,CL200509,INFY,BUY,26,2161.36,56195.36
2025-11-25,BETA_INVEST,CL800806,KOTAKBANK,SELL,194,2261.06,438645.64
2025-11-26,DELTA_TRADES,CL881561,ITC,BUY,230,1362.94,313476.2
2025-11-20,ALPHA_SEC,CL623316,LT,SELL,134,2184.56,292731.04
2025-11-23,BETA_INVEST,CL228280,HDFC,SELL,247,162.24,40073.28
2025-11-24,ALPHA_SEC,CL815196,ITC,SELL,183,1111.48,203400.84
2025-11-24,ALPHA_SEC,CL986067,ICICIBANK,BUY,207,2347.06,485841.42
2025-11-23,BETA_INVEST,CL350665,ITC,SELL,201,434.53,87340.53
2025-11-23,OMEGA_BROKING,CL553388,HDFC,SELL,112,2093.67,234491.04
2025-11-22,BETA_INVEST,CL721326,RELIANCE,SELL,149,829.89,123653.61
2025-11-21,BETA_INVEST,CL416106,INFY,BUY,141,405.62,57192.42
2025-11-26,ALPHA_SEC,CL330070,LT,SELL,208,1893.65,393879.2
2025-11-24,BETA_INVEST,CL728777,RELIANCE,BUY,183,2440.22,446560.26
2025-11-25,DELTA_TRADES,CL597447,INFY,SELL,145,1249.95,181242.75
2025-11-21,DELTA_TRADES,CL147489,LT,SELL,163,1236.74,201588.62
2025-11-22,DELTA_TRADES,CL863399,ICICIBANK,SELL,38,1850.13,70304.94
2025-11-21,BETA_INVEST,CL051694,TATAMOTORS,BUY,97,731.65,70970.05
2025-11-20,OMEGA_BROKING,CL871938,HDFC,BUY,98,2350.97,230395.06
2025-11-21,ALPHA_SEC,CL599208,KOTAKBANK,SELL,237,1626.37,385449.69
2025-11-26,DELTA_TRADES,CL827742,ITC,SELL,184,1218.63,224227.92
2025-11-21,DELTA_TRADES,CL482487,TATAMOTORS,BUY,177,2371.34,419727.18
2025-11-25,DELTA_TRADES,CL590706,INFY,SELL,159,525.31,83524.29
2025-11-21,BETA_INVEST,CL214171,ITC,SELL,90,408.45,36760.5
2025-11-23,ALPHA_SEC,CL771147,INFY,SELL,107,615.59,65868.13
2025-11-25,BETA_INVEST,CL189303,ICICIBANK,SELL,267,1133.05,302524.35
2025-11-26,DELTA_TRADES,CL221434,INFY,BUY,141,606.44,85508.04
2025-11-20,ALPHA_SEC,CL348090,LT,SELL,105,1762.44,185056.2
2025-11-25,DELTA_TRADES,CL901260,AXISBANK,BUY,168,1174.48,197312.64
2025-11-24,BETA_INVEST,CL795304,SBIN,BUY,180,1972.2,354996.0
2025-11-24,OMEGA_BROKING,CL748501,KOTAKBANK,SELL,192,432.86,83109.12
2025-11-20,ALPHA_SEC,CL247738,ICICIBANK,SELL,72,503.67,36264.24
2025-11-23,BETA_INVEST,CL988140,KOTAKBANK,BUY,17,1696.34,28837.78
2025-11-22,DELTA_TRADES,CL495404,KOTAKBANK,SELL,24,1467.15,35211.6
2025-11-25,DELTA_TRADES,CL718568,INFY,SELL,82,1968.65,161429.3
2025-11-22,ALPHA_SEC,CL362057,HDFC,BUY,185,1391.06,257346.1
2025-11-24,DELTA_TRADES,CL049699,INFY,SELL,275,312.31,85885.25
2025-11-21,BETA_INVEST,CL763007,SBIN,SELL,137,960.78,131626.86
2025-11-25,OMEGA_BROKING,CL009203,ITC,SELL,77,807.11,62147.47
2025-11-23,OMEGA_BROKING,CL076961,INFY,BUY,212,373.23,79124.76
2025-11-20,ALPHA_SEC,CL699520,RELIANCE,SELL,157,2143.09,336465.13
2025-11-22,DELTA_TRADES,CL690055,RELIANCE,SELL,64,2291.1,146630.4
2025-11-22,BETA_INVEST,CL086122,SBIN,SELL,121,995.92,120506.32
2025-11-22,OMEGA_BROKING,CL252065,RELIANCE,SELL,27,389.79,10524.33
2025-11-22,BETA_INVEST,CL915261,HDFC,BUY,237,2367.97,561208.89
2025-11-24,OMEGA_BROKING,CL943694,KOTAKBANK,BUY,152,2071.32,314840.64
2025-11-22,OMEGA_BROKING,CL929061,ICICIBANK,BUY,162,1277.67,206982.54
2025-11-25,ALPHA_SEC,CL710655,AXISBANK,SELL,274,1233.58,338000.92
2025-11-22,DELTA_TRADES,CL427472,TATAMOTORS,SELL,123,1713.78,210794.94
2025-11-21,OMEGA_BROKING,CL128019,KOTAKBANK,BUY,59,867.98,51210.82
2025-11-23,DELTA_TRADES,CL578857,HDFC,BUY,260,693.03,180187.8
2025-11-21,OMEGA_BROKING,CL743321,ICICIBANK,SELL,109,802.27,87447.43
2025-11-21,OMEGA_BROKING,CL436457,KOTAKBANK,BUY,111,1556.72,172795.92
2025-11-23,DELTA_TRADES,CL720663,RELIANCE,BUY,40,268.6,10744.0
2025-11-26,ALPHA_SEC,CL783827,ITC,SELL,83,651.27,54055.41
2025-11-24,OMEGA_BROKING,CL610415,INFY,BUY,64,1114.29,71314.56
2025-11-20,ALPHA_SEC,CL739673,SBIN,SELL,158,1794.09,283466.22
2025-11-23,ALPHA_SEC,CL088030,SBIN,BUY,187,1103.74,206399.38
2025-11-21,BETA_INVEST,CL588382,ICICIBANK,BUY,176,355.58,62582.08
2025-11-22,DELTA_TRADES,CL917273,LT,SELL,58,2253.41,130697.78
2025-11-24,DELTA_TRADES,CL596865,LT,SELL,43,2447.31,105234.33
2025-11-20,ALPHA_SEC,CL946475,SBIN,BUY,189,1828.21,345531.69
2025-11-20,DELTA_TRADES,CL413573,INFY,SELL,289,1370.07,395950.23
2025-11-24,BETA_INVEST,CL441519,RELIANCE,SELL,67,1759.47,117884.49
2025-11-25,BETA_INVEST,CL985027,ICICIBANK,BUY,250,1916.29,479072.5
2025-11-20,BETA_INVEST,CL804393,KOTAKBANK,SELL,141,2280.86,321601.26
2025-11-24,ALPHA_SEC,CL201650,AXISBANK,SELL,248,2274.57,564093.36
2025-11-24,OMEGA_BROKING,CL488365,ICICIBANK,BUY,258,583.35,150504.3
2025-11-22,ALPHA_SEC,CL675988,TATAMOTORS,BUY,278,1079.78,300178.84
2025-11-24,OMEGA_BROKING,CL243198,HDFC,BUY,56,818.72,45848.32
2025-11-21,ALPHA_SEC,CL451511,ITC,BUY,97,2059.39,199760.83
2025-11-20,DELTA_TRADES,CL321147,SBIN,BUY,106,1524.38,161584.28
2025-11-23,ALPHA_SEC,CL695416,ICICIBANK,BUY,225,459.88,103473.0
2025-11-20,BETA_INVEST,CL221601,KOTAKBANK,SELL,31,1408.28,43656.68
2025-11-22,BETA_INVEST,CL976227,AXISBANK,SELL,182,1919.28,349308.96
2025-11-26,BETA_INVEST,CL189136,KOTAKBANK,BUY,134,523.91,70203.94
2025-11-20,DELTA_TRADES,CL246417,RELIANCE,BUY,224,1346.74,301669.76
2025-11-26,ALPHA_SEC,CL746231,ICICIBANK,BUY,56,209.99,11759.44
2025-11-20,ALPHA_SEC,CL784911,AXISBANK,BUY,270,1974.26,533050.2
2025-11-25,DELTA_TRADES,CL283840,ITC,SELL,8,2425.17,19401.36
2025-11-22,ALPHA_SEC,CL123303,ITC,BUY,19,210.16,3993.04
2025-11-26,ALPHA_SEC,CL064907,RELIANCE,BUY,197,1756.67,346063.99
2025-11-26,DELTA_TRADES,CL972167,TATAMOTORS,BUY,148,1552.91,229830.68
2025-11-26,OMEGA_BROKING,CL610808,KOTAKBANK,SELL,71,1911.96,135749.16
2025-11-22,BETA_INVEST,CL617348,ITC,SELL,260,2096.65,545129.0
2025-11-22,BETA_INVEST,CL675374,RELIANCE,BUY,157,238.6,37460.2
2025-11-24,DELTA_TRADES,CL085438,LT,BUY,254,1043.64,265084.56
2025-11-20,DELTA_TRADES,CL325660,INFY,BUY,39,2285.17,89121.63
2025-11-24,DELTA_TRADES,CL962134,TATAMOTORS,SELL,85,462.08,39276.8
2025-11-24,ALPHA_SEC,CL711998,TATAMOTORS,BUY,76,2455.06,186584.56
2025-11-24,ALPHA_SEC,CL601138,KOTAKBANK,BUY,67,449.22,30097.74
2025-11-25,DELTA_TRADES,CL348794,ITC,SELL,83,2170.89,180183.87
2025-11-20,ALPHA_SEC,CL839247,INFY,SELL,173,1409.98,243926.54
2025-11-20,DELTA_TRADES,CL007468,SBIN,BUY,263,1415.24,372208.12
2025-11-26,ALPHA_SEC,CL059568,AXISBANK,BUY,88,1678.61,147717.68
2025-11-21,DELTA_TRADES,CL120995,KOTAKBANK,SELL,104,2161.5,224796.0
2025-11-22,ALPHA_SEC,CL596636,LT,BUY,15,1262.65,18939.75
2025-11-20,DELTA_TRADES,CL254036,HDFC,BUY,128,1312.95,168057.6
2025-11-24,ALPHA_SEC,CL515028,KOTAKBANK,BUY,128,1530.38,195888.64
2025-11-23,BETA_INVEST,CL106599,AXISBANK,SELL,207,1996.02,413176.14
2025-11-26,BETA_INVEST,CL111777,ITC,SELL,37,1646.85,60933.45
2025-11-20,ALPHA_SEC,CL643656,ICICIBANK,BUY,153,1474.31,225569.43
2025-11-22,BETA_INVEST,CL260199,AXISBANK,SELL,132,1826.74,241129.68
2025-11-26,BETA_INVEST,CL949057,INFY,SELL,60,1315.76,78945.6
2025-11-24,BETA_INVEST,CL924018,INFY,BUY,8,1548.28,12386.24
2025-11-23,ALPHA_SEC,CL669715,ICICIBANK,BUY,140,1230.71,172299.4
2025-11-25,DELTA_TRADES,CL880808,ICICIBANK,SELL,58,2042.29,118452.82
2025-11-25,ALPHA_SEC,CL698120,ICICIBANK,SELL,37,2470.24,91398.88
2025-11-26,BETA_INVEST,CL118493,HDFC,SELL,38,1778.14,67569.32
2025-11-21,DELTA_TRADES,CL417496,ITC,SELL,267,966.46,258044.82
2025-11-21,BETA_INVEST,CL680605,RELIANCE,BUY,78,1988.15,155075.7
2025-11-26,DELTA_TRADES,CL973974,RELIANCE,BUY,85,2267.69,192753.65
2025-11-20,OMEGA_BROKING,CL699713,INFY,BUY,137,1437.67,196960.79
2025-11-21,ALPHA_SEC,CL280916,KOTAKBANK,BUY,236,419.05,98895.8
2025-11-23,BETA_INVEST,CL004958,LT,SELL,241,1468.17,353828.97
2025-11-26,BETA_INVEST,CL729733,LT,SELL,136,610.6,83041.6
2025-11-21,ALPHA_SEC,CL770533,LT,BUY,13,255.06,3315.78
2025-11-22,DELTA_TRADES,CL021675,HDFC,SELL,59,901.56,53192.04
2025-11-21,DELTA_TRADES,CL457267,INFY,SELL,197,1291.39,254403.83
2025-11-23,OMEGA_BROKING,CL255137,HDFC,BUY,179,317.02,56746.58
2025-11-20,ALPHA_SEC,CL046278,SBIN,BUY,154,1259.21,193918.34
2025-11-23,DELTA_TRADES,CL220946,SBIN,SELL,273,796.79,217523.67
2025-11-26,BETA_INVEST,CL349141,RELIANCE,SELL,227,1734.08,393636.16
2025-11-20,BETA_INVEST,CL768930,RELIANCE,BUY,246,659.58,162256.68
2025-11-22,BETA_INVEST,CL685374,ICICIBANK,BUY,279,222.88,62183.52
2025-11-21,DELTA_TRADES,CL834453,AXISBANK,SELL,271,1285.97,348497.87
2025-11-21,OMEGA_BROKING,CL220029,AXISBANK,BUY,132,1696.51,223939.32
2025-11-21,BETA_INVEST,CL435430,HDFC,BUY,250,1743.51,435877.5
2025-11-22,ALPHA_SEC,CL238819,KOTAKBANK,BUY,167,1981.28,330873.76
2025-11-21,OMEGA_BROKING,CL836030,HDFC,SELL,51,1248.33,63664.83
2025-11-25,ALPHA_SEC,CL797963,AXISBANK,BUY,255,688.06,175455.3
2025-11-21,BETA_INVEST,CL589184,INFY,BUY,74,1418.96,105003.04
2025-11-22,OMEGA_BROKING,CL271091,ITC,SELL,135,466.2,62937.0
2025-11-22,ALPHA_SEC,CL795217,HDFC,SELL,284,1454.92,413197.28
2025-11-21,OMEGA_BROKING,CL206774,INFY,SELL,62,1667.6,103391.2
2025-11-26,ALPHA_SEC,CL161116,ICICIBANK,SELL,15,1435.99,21539.85
2025-11-20,BETA_INVEST,CL811219,ITC,BUY,44,1030.19,45328.36
2025-11-24,DELTA_TRADES,CL299972,ICICIBANK,BUY,103,1269.84,130793.52
2025-11-20,BETA_INVEST,CL986478,SBIN,SELL,279,2468.25,688641.75
2025-11-24,OMEGA_BROKING,CL750609,ICICIBANK,SELL,63,1969.8,124097.4
2025-11-23,BETA_INVEST,CL507019,TATAMOTORS,SELL,190,786.02,149343.8
2025-11-24,OMEGA_BROKING,CL700361,TATAMOTORS,SELL,2,131.27,262.54
2025-11-23,OMEGA_BROKING,CL625039,KOTAKBANK,BUY,199,1884.12,374939.88
2025-11-25,DELTA_TRADES,CL919920,KOTAKBANK,BUY,159,1137.24,180821.16
2025-11-26,ALPHA_SEC,CL260479,LT,SELL,283,1174.59,332408.97
2025-11-22,ALPHA_SEC,CL514082,RELIANCE,SELL,268,1161.46,311271.28
2025-11-22,BETA_INVEST,CL277328,HDFC,SELL,148,2432.19,359964.12
2025-11-25,BETA_INVEST,CL944105,SBIN,BUY,46,1255.03,57731.38
2025-11-21,OMEGA_BROKING,CL866026,AXISBANK,SELL,189,754.35,142572.15
2025-11-21,ALPHA_SEC,CL361425,LT,BUY,75,497.52,37314.0
2025-11-23,BETA_INVEST,CL403393,HDFC,BUY,163,785.66,128062.58
2025-11-23,BETA_INVEST,CL173125,RELIANCE,SELL,37,1885.38,69759.06
2025-11-24,DELTA_TRADES,CL703921,RELIANCE,BUY,250,937.01,234252.5
2025-11-21,OMEGA_BROKING,CL785372,RELIANCE,SELL,261,454.16,118535.76
2025-11-20,OMEGA_BROKING,CL076893,ITC,BUY,233,551.63,128529.79
2025-11-24,ALPHA_SEC,CL915028,TATAMOTORS,SELL,47,1336.95,62836.65
2025-11-24,ALPHA_SEC,CL261888,INFY,BUY,265,1799.21,476790.65
2025-11-24,ALPHA_SEC,CL309445,AXISBANK,BUY,265,2443.18,647442.7
2025-11-26,OMEGA_BROKING,CL476453,SBIN,BUY,241,1801.02,434045.82
2025-11-25,DELTA_TRADES,CL158349,ICICIBANK,BUY,142,557.57,79174.94
2025-11-25,BETA_INVEST,CL645313,RELIANCE,BUY,76,510.31,38783.56
2025-11-23,BETA_INVEST,CL387249,KOTAKBANK,BUY,223,1508.39,336370.97
2025-11-25,DELTA_TRADES,CL723834,SBIN,BUY,101,1626.39,164265.39
2025-11-21,DELTA_TRADES,CL126300,ITC,SELL,220,2009.84,442164.8
2025-11-22,ALPHA_SEC,CL666770,ICICIBANK,SELL,85,1350.21,114767.85
2025-11-26,DELTA_TRADES,CL288588,TATAMOTORS,SELL,60,1172.97,70378.2
2025-11-23,DELTA_TRADES,CL629395,SBIN,SELL,199,1155.29,229902.71
2025-11-26,OMEGA_BROKING,CL847949,HDFC,BUY,183,434.19,79456.77
2025-11-23,BETA_INVEST,CL097515,INFY,BUY,50,2234.07,111703.5
2025-11-20,BETA_INVEST,CL942676,KOTAKBANK,SELL,299,1956.58,585017.42
2025-11-25,ALPHA_SEC,CL627835,ITC,SELL,225,546.25,122906.25
2025-11-20,DELTA_TRADES,CL377031,RELIANCE,SELL,159,1285.74,204432.66
2025-11-26,DELTA_TRADES,CL250888,HDFC,SELL,66,155.76,10280.16
2025-11-21,OMEGA_BROKING,CL944713,HDFC,BUY,8,517.44,4139.52
2025-11-24,ALPHA_SEC,CL240600,AXISBANK,SELL,40,2137.63,85505.2
2025-11-26,ALPHA_SEC,CL088670,KOTAKBANK,SELL,101,1110.46,112156.46
2025-11-21,ALPHA_SEC,CL466515,ICICIBANK,BUY,20,2494.98,49899.6
2025-11-20,ALPHA_SEC,CL763570,HDFC,SELL,73,1819.44,132819.12
2025-11-22,DELTA_TRADES,CL640209,RELIANCE,BUY,171,2324.55,397498.05
2025-11-21,OMEGA_BROKING,CL707126,HDFC,SELL,131,2059.03,269732.93
2025-11-23,OMEGA_BROKING,CL783253,ICICIBANK,BUY,161,1331.49,214369.89
2025-11-23,BETA_INVEST,CL105272,KOTAKBANK,BUY,148,1607.68,237936.64
2025-11-22,ALPHA_SEC,CL798247,LT,SELL,181,649.46,117552.26
2025-11-26,DELTA_TRADES,CL482891,TATAMOTORS,BUY,11,1947.13,21418.43
2025-11-25,ALPHA_SEC,CL297886,HDFC,BUY,62,1397.44,86641.28
2025-11-26,BETA_INVEST,CL719381,TATAMOTORS,BUY,2,2024.8,4049.6
2025-11-26,ALPHA_SEC,CL992946,LT,SELL,268,2489.42,667164.56
2025-11-25,BETA_INVEST,CL958021,LT,BUY,181,1340.19,242574.39
2025-11-21,BETA_INVEST,CL411764,RELIANCE,SELL,109,970.07,105737.63
2025-11-20,OMEGA_BROKING,CL042505,HDFC,BUY,299,1909.83,571039.17
2025-11-20,BETA_INVEST,CL818180,TATAMOTORS,BUY,200,2172.08,434416.0
2025-11-24,DELTA_TRADES,CL074168,RELIANCE,SELL,238,1048.54,249552.52
2025-11-20,ALPHA_SEC,CL385094,INFY,SELL,51,204.99,10454.49
2025-11-20,OMEGA_BROKING,CL503908,KOTAKBANK,BUY,201,1378.97,277172.97
2025-11-20,OMEGA_BROKING,CL543172,INFY,SELL,160,350.42,56067.2
2025-11-22,ALPHA_SEC,CL100336,SBIN,BUY,27,393.5,10624.5
2025-11-22,DELTA_TRADES,CL455679,AXISBANK,SELL,58,293.55,17025.9
2025-11-20,ALPHA_SEC,CL306398,INFY,SELL,248,1159.58,287575.84
2025-11-20,OMEGA_BROKING,CL650261,LT,SELL,86,2434.51,209367.86
2025-11-25,DELTA_TRADES,CL270177,SBIN,BUY,245,374.57,91769.65
2025-11-21,DELTA_TRADES,CL981452,INFY,SELL,20,1821.26,36425.2
2025-11-25,DELTA_TRADES,CL482289,HDFC,SELL,230,454.99,104647.7
2025-11-21,ALPHA_SEC,CL100138,ICICIBANK,BUY,131,1805.76,236554.56
2025-11-21,OMEGA_BROKING,CL638382,ICICIBANK,SELL,186,1560.42,290238.12
2025-11-22,BETA_INVEST,CL064832,ITC,BUY,59,1627.06,95996.54
2025-11-20,OMEGA_BROKING,CL171150,INFY,BUY,3,621.52,1864.56
2025-11-20,OMEGA_BROKING,CL940364,TATAMOTORS,SELL,294,454.54,133634.76
2025-11-26,BETA_INVEST,CL209135,RELIANCE,BUY,63,625.13,39383.19
2025-11-24,DELTA_TRADES,CL094881,AXISBANK,BUY,3,2338.78,7016.34
2025-11-26,ALPHA_SEC,CL523479,ICICIBANK,BUY,83,615.26,51066.58
2025-11-26,OMEGA_BROKING,CL905698,KOTAKBANK,SELL,263,448.25,117889.75
2025-11-26,ALPHA_SEC,CL227164,RELIANCE,SELL,109,1507.74,164343.66
2025-11-21,BETA_INVEST,CL836860,TATAMOTORS,SELL,68,1965.35,133643.8
2025-11-26,OMEGA_BROKING,CL084391,ITC,BUY,262,665.58,174381.96
2025-11-20,ALPHA_SEC,CL137439,ITC,SELL,298,879.07,261962.86
2025-11-21,BETA_INVEST,CL728034,INFY,BUY,222,336.72,74751.84
2025-11-20,ALPHA_SEC,CL746767,SBIN,SELL,174,885.57,154089.18
2025-11-20,DELTA_TRADES,CL865826,ICICIBANK,BUY,95,450.26,42774.7
2025-11-21,DELTA_TRADES,CL396434,AXISBANK,BUY,300,2389.68,716904.0
2025-11-21,DELTA_TRADES,CL417084,SBIN,SELL,237,1459.64,345934.68
2025-11-21,BETA_INVEST,CL705428,AXISBANK,SELL,139,2249.43,312670.77
2025-11-26,ALPHA_SEC,CL206668,KOTAKBANK,SELL,118,194.27,22923.86
2025-11-26,DELTA_TRADES,CL381976,INFY,SELL,28,2306.36,64578.08
2025-11-20,ALPHA_SEC,CL688220,HDFC,BUY,245,124.51,30504.95
2025-11-25,ALPHA_SEC,CL572889,KOTAKBANK,SELL,242,1700.01,411402.42
2025-11-23,DELTA_TRADES,CL683128,TATAMOTORS,SELL,153,631.23,96578.19
2025-11-23,OMEGA_BROKING,CL306746,TATAMOTORS,SELL,207,1783.45,369174.15
2025-11-22,DELTA_TRADES,CL782385,SBIN,BUY,56,291.21,16307.76
2025-11-23,BETA_INVEST,CL829633,RELIANCE,BUY,208,919.5,191256.0
2025-11-22,OMEGA_BROKING,CL961424,AXISBANK,SELL,160,991.7,158672.0
2025-11-23,BETA_INVEST,CL577229,RELIANCE,BUY,282,1531.21,431801.22
2025-11-21,DELTA_TRADES,CL438856,KOTAKBANK,BUY,283,646.67,183007.61
2025-11-20,OMEGA_BROKING,CL069823,KOTAKBANK,SELL,156,968.8,151132.8
2025-11-23,BETA_INVEST,CL675410,INFY,SELL,155,445.66,69077.3
2025-11-23,OMEGA_BROKING,CL008430,RELIANCE,BUY,64,2466.79,157874.56
2025-11-21,ALPHA_SEC,CL736864,ICICIBANK,SELL,159,609.82,96961.38
2025-11-25,ALPHA_SEC,CL414663,INFY,BUY,160,759.64,121542.4
2025-11-24,DELTA_TRADES,CL711710,RELIANCE,SELL,145,1199.52,173930.4
2025-11-22,BETA_INVEST,CL455494,ICICIBANK,BUY,294,664.31,195307.14
2025-11-22,DELTA_TRADES,CL212755,SBIN,SELL,213,2307.3,491454.9
2025-11-24,OMEGA_BROKING,CL322594,ICICIBANK,BUY,48,1297.78,62293.44
2025-11-21,OMEGA_BROKING,CL364011,LT,SELL,153,2296.95,351433.35
2025-11-24,ALPHA_SEC,CL409003,TATAMOTORS,SELL,169,722.42,122088.98
2025-11-23,ALPHA_SEC,CL961089,AXISBANK,SELL,296,2087.07,617772.72
2025-11-25,DELTA_TRADES,CL566417,HDFC,SELL,43,839.78,36110.54
2025-11-22,DELTA_TRADES,CL689934,SBIN,SELL,275,357.27,98249.25
2025-11-26,DELTA_TRADES,CL830432,RELIANCE,SELL,178,1783.97,317546.66
2025-11-26,OMEGA_BROKING,CL164210,ICICIBANK,SELL,129,705.2,90970.8
2025-11-24,OMEGA_BROKING,CL342786,RELIANCE,BUY,116,1550.28,179832.48
2025-11-24,ALPHA_SEC,CL823099,RELIANCE,BUY,163,703.01,114590.63
2025-11-25,DELTA_TRADES,CL312288,AXISBANK,BUY,213,350.7,74699.1
2025-11-24,OMEGA_BROKING,CL557151,LT,BUY,272,2480.67,674742.24
2025-11-24,ALPHA_SEC,CL181490,INFY,SELL,217,1791.47,388748.99
2025-11-26,OMEGA_BROKING,CL616668,SBIN,SELL,10,1293.47,12934.7
2025-11-21,OMEGA_BROKING,CL461104,ITC,SELL,50,1561.8,78090.0
2025-11-26,BETA_INVEST,CL312767,SBIN,SELL,196,2140.65,419567.4
2025-11-23,BETA_INVEST,CL408632,ICICIBANK,BUY,55,348.35,19159.25
2025-11-24,BETA_INVEST,CL403554,RELIANCE,BUY,235,1427.89,335554.15
2025-11-25,DELTA_TRADES,CL710891,SBIN,BUY,239,1922.63,459508.57
2025-11-26,ALPHA_SEC,CL391548,INFY,SELL,147,1532.15,225226.05
2025-11-22,BETA_INVEST,CL872910,KOTAKBANK,SELL,44,976.01,42944.44
2025-11-24,OMEGA_BROKING,CL956779,INFY,SELL,229,1970.92,451340.68
2025-11-20,ALPHA_SEC,CL973774,HDFC,BUY,172,1933.0,332476.0
2025-11-22,BETA_INVEST,CL890501,SBIN,SELL,56,2298.24,128701.44
2025-11-26,OMEGA_BROKING,CL648834,SBIN,BUY,135,1976.88,266878.8
2025-11-25,DELTA_TRADES,CL904144,TATAMOTORS,BUY,112,1847.62,206933.44
2025-11-22,BETA_INVEST,CL011467,KOTAKBANK,SELL,237,955.52,226458.24
2025-11-25,ALPHA_SEC,CL362533,ITC,SELL,127,2066.94,262501.38
2025-11-25,DELTA_TRADES,CL171373,KOTAKBANK,SELL,79,1422.87,112406.73
2025-11-22,BETA_INVEST,CL155047,ITC,SELL,115,961.33,110552.95
2025-11-22,OMEGA_BROKING,CL995620,RELIANCE,BUY,28,246.85,6911.8
2025-11-23,DELTA_TRADES,CL718864,AXISBANK,SELL,172,1267.68,218040.96
2025-11-21,BETA_INVEST,CL748473,HDFC,SELL,289,1711.25,494551.25
2025-11-21,OMEGA_BROKING,CL454601,AXISBANK,BUY,20,385.41,7708.2
2025-11-20,ALPHA_SEC,CL420014,RELIANCE,BUY,156,1201.01,187357.56
2025-11-26,BETA_INVEST,CL229442,ITC,SELL,223,490.26,109327.98
2025-11-25,ALPHA_SEC,CL741136,ITC,SELL,230,413.56,95118.8
2025-11-26,DELTA_TRADES,CL265564,ICICIBANK,BUY,133,1314.83,174872.39
2025-11-26,BETA_INVEST,CL481528,ITC,SELL,228,1243.15,283438.2
2025-11-21,DELTA_TRADES,CL073278,SBIN,BUY,28,833.12,23327.36
2025-11-26,BETA_INVEST,CL571993,ICICIBANK,SELL,204,962.58,196366.32
2025-11-20,ALPHA_SEC,CL888833,ITC,SELL,245,2385.62,584476.9
2025-11-22,OMEGA_BROKING,CL481491,HDFC,SELL,222,746.45,165711.9
2025-11-23,DELTA_TRADES,CL169372,HDFC,BUY,126,1195.3,150607.8
2025-11-20,OMEGA_BROKING,CL170419,HDFC,SELL,235,448.06,105294.1
2025-11-24,BETA_INVEST,CL619768,RELIANCE,BUY,203,261.71,53127.13
2025-11-26,DELTA_TRADES,CL570916,ITC,BUY,36,1081.02,38916.72
2025-11-25,DELTA_TRADES,CL801819,AXISBANK,BUY,243,1917.44,465937.92
2025-11-26,DELTA_TRADES,CL875033,LT,BUY,167,941.24,157187.08
2025-11-21,DELTA_TRADES,CL308019,AXISBANK,SELL,274,2067.95,566618.3
2025-11-26,BETA_INVEST,CL632683,INFY,SELL,7,1985.48,13898.36
2025-11-21,OMEGA_BROKING,CL798809,HDFC,SELL,283,1903.58,538713.14
2025-11-21,DELTA_TRADES,CL990374,INFY,SELL,129,290.45,37468.05
2025-11-26,ALPHA_SEC,CL747368,TATAMOTORS,BUY,123,374.67,46084.41
2025-11-20,DELTA_TRADES,CL056935,ICICIBANK,SELL,86,2340.87,201314.82
2025-11-26,DELTA_TRADES,CL538952,ITC,SELL,214,1460.27,312497.78
2025-11-20,DELTA_TRADES,CL034635,RELIANCE,BUY,12,755.39,9064.68
2025-11-23,OMEGA_BROKING,CL497897,AXISBANK,BUY,248,2307.5,572260.0
2025-11-24,BETA_INVEST,CL311651,INFY,SELL,13,2196.49,28554.37
2025-11-21,DELTA_TRADES,CL789679,HDFC,SELL,5,940.6,4703.0
2025-11-23,ALPHA_SEC,CL295280,INFY,SELL,300,983.38,295014.0
2025-11-26,OMEGA_BROKING,CL355257,TATAMOTORS,BUY,119,312.95,37241.05
2025-11-22,ALPHA_SEC,CL773826,RELIANCE,BUY,4,2376.42,9505.68
2025-11-24,DELTA_TRADES,CL548179,INFY,SELL,91,1213.63,110440.33
2025-11-26,BETA_INVEST,CL335197,LT,SELL,288,1874.46,539844.48
2025-11-22,OMEGA_BROKING,CL261404,AXISBANK,SELL,32,1192.57,38162.24
2025-11-23,DELTA_TRADES,CL428967,RELIANCE,SELL,56,2247.53,125861.68
2025-11-20,BETA_INVEST,CL595135,ITC,SELL,29,1028.57,29828.53
2025-11-24,BETA_INVEST,CL884661,LT,SELL,288,1701.05,489902.4
2025-11-25,DELTA_TRADES,CL326689,ITC,BUY,254,836.87,212564.98
2025-11-23,OMEGA_BROKING,CL269289,INFY,SELL,168,2233.69,375259.92
2025-11-20,OMEGA_BROKING,CL644164,KOTAKBANK,BUY,10,315.16,3151.6
2025-11-26,BETA_INVEST,CL364915,ICICIBANK,SELL,114,683.53,77922.42
2025-11-24,ALPHA_SEC,CL611809,ICICIBANK,BUY,136,884.22,120253.92
2025-11-24,BETA_INVEST,CL290854,ICICIBANK,SELL,116,1991.88,231058.08
2025-11-24,BETA_INVEST,CL959155,ICICIBANK,BUY,230,2084.77,479497.1
2025-11-23,ALPHA_SEC,CL794978,SBIN,SELL,264,529.18,139703.52
2025-11-22,OMEGA_BROKING,CL091429,ICICIBANK,BUY,196,410.66,80489.36
2025-11-24,ALPHA_SEC,CL257122,LT,BUY,290,1363.92,395536.8
2025-11-25,OMEGA_BROKING,CL390385,SBIN,SELL,71,1268.56,90067.76
2025-11-20,DELTA_TRADES,CL283130,ITC,SELL,272,2141.14,582390.08
2025-11-25,BETA_INVEST,CL559235,LT,BUY,2,1252.11,2504.22
2025-11-21,OMEGA_BROKING,CL433717,RELIANCE,SELL,229,2092.89,479271.81
2025-11-23,OMEGA_BROKING,CL399963,ITC,SELL,53,883.26,46812.78
2025-11-23,ALPHA_SEC,CL837290,INFY,BUY,19,432.26,8212.94
2025-11-24,DELTA_TRADES,CL719870,KOTAKBANK,SELL,253,1273.58,322215.74
2025-11-20,BETA_INVEST,CL437148,AXISBANK,SELL,101,1565.47,158112.47
2025-11-22,OMEGA_BROKING,CL028640,KOTAKBANK,BUY,2,2468.8,4937.6
2025-11-26,OMEGA_BROKING,CL963543,ITC,SELL,187,544.19,101763.53
2025-11-21,OMEGA_BROKING,CL426120,KOTAKBANK,BUY,276,394.34,108837.84
2025-11-20,DELTA_TRADES,CL575837,LT,BUY,101,1292.82,130574.82
2025-11-24,ALPHA_SEC,CL878138,HDFC,BUY,71,2397.3,170208.3
2025-11-26,OMEGA_BROKING,CL701586,INFY,SELL,165,2184.27,360404.55
2025-11-23,DELTA_TRADES,CL989403,INFY,BUY,160,1370.71,219313.6
2025-11-23,BETA_INVEST,CL100990,ITC,BUY,97,2280.74,221231.78
2025-11-23,BETA_INVEST,CL017769,RELIANCE,SELL,22,2390.24,52585.28
2025-11-21,BETA_INVEST,CL935903,AXISBANK,SELL,44,2360.15,103846.6
2025-11-25,BETA_INVEST,CL191474,LT,BUY,290,1727.81,501064.9
2025-11-25,ALPHA_SEC,CL602423,AXISBANK,BUY,206,141.46,29140.76
2025-11-20,BETA_INVEST,CL303699,INFY,SELL,52,849.24,44160.48
2025-11-25,OMEGA_BROKING,CL554303,TATAMOTORS,BUY,124,1959.24,242945.76
2025-11-23,BETA_INVEST,CL018811,RELIANCE,BUY,127,449.73,57115.71
2025-11-26,BETA_INVEST,CL654346,TATAMOTORS,BUY,278,1426.33,396519.74
2025-11-25,BETA_INVEST,CL785841,ITC,BUY,26,2363.08,61440.08
2025-11-21,OMEGA_BROKING,CL665942,RELIANCE,SELL,97,2479.84,240544.48
2025-11-24,BETA_INVEST,CL519811,LT,BUY,203,1728.37,350859.11
2025-11-22,OMEGA_BROKING,CL553951,INFY,SELL,155,521.75,80871.25
2025-11-21,DELTA_TRADES,CL575875,HDFC,SELL,130,1455.74,189246.2
2025-11-23,BETA_INVEST,CL342218,ICICIBANK,BUY,142,1328.99,188716.58
2025-11-21,ALPHA_SEC,CL104302,ICICIBANK,BUY,39,1389.51,54190.89
2025-11-25,ALPHA_SEC,CL358437,AXISBANK,BUY,293,2016.95,590966.35
2025-11-23,DELTA_TRADES,CL263636,AXISBANK,SELL,112,2478.87,277633.44
2025-11-24,DELTA_TRADES,CL813729,ICICIBANK,SELL,91,1169.06,106384.46
2025-11-25,ALPHA_SEC,CL271856,INFY,SELL,57,2129.21,121364.97
2025-11-24,OMEGA_BROKING,CL298259,AXISBANK,SELL,103,1258.94,129670.82
2025-11-20,OMEGA_BROKING,CL743708,SBIN,BUY,282,1980.79,558582.78
2025-11-26,DELTA_TRADES,CL465541,ICICIBANK,SELL,240,2499.49,599877.6
2025-11-21,BETA_INVEST,CL581480,ICICIBANK,SELL,285,2064.97,588516.45
2025-11-24,BETA_INVEST,CL753284,TATAMOTORS,BUY,57,1338.64,76302.48
2025-11-26,OMEGA_BROKING,CL241632,LT,SELL,59,1618.36,95483.24
2025-11-20,BETA_INVEST,CL232975,ITC,SELL,33,2491.46,82218.18
2025-11-20,BETA_INVEST,CL847395,HDFC,BUY,294,1471.96,432756.24
2025-11-22,DELTA_TRADES,CL126760,ICICIBANK,BUY,86,1572.95,135273.7
2025-11-22,OMEGA_BROKING,CL824441,INFY,BUY,190,2169.98,412296.2
2025-11-24,BETA_INVEST,CL912524,ITC,SELL,199,1779.63,354146.37
2025-11-26,BETA_INVEST,CL819035,ICICIBANK,BUY,121,150.07,18158.47
2025-11-26,ALPHA_SEC,CL575094,AXISBANK,SELL,92,403.43,37115.56
2025-11-22,DELTA_TRADES,CL170486,KOTAKBANK,SELL,189,1746.35,330060.15
2025-11-21,OMEGA_BROKING,CL658499,AXISBANK,SELL,166,932.89,154859.74
2025-11-20,DELTA_TRADES,CL494921,ICICIBANK,SELL,294,2126.7,625249.8
2025-11-22,ALPHA_SEC,CL621355,RELIANCE,SELL,68,687.55,46753.4
2025-11-20,DELTA_TRADES,CL465347,LT,BUY,93,1979.01,184047.93
2025-11-23,DELTA_TRADES,CL466336,KOTAKBANK,SELL,50,1226.03,61301.5
2025-11-23,DELTA_TRADES,CL151388,INFY,SELL,37,692.12,25608.44
2025-11-23,ALPHA_SEC,CL822581,LT,BUY,200,1752.51,350502.0
2025-11-21,BETA_INVEST,CL633654,INFY,BUY,172,1679.18,288818.96
2025-11-24,DELTA_TRADES,CL342674,TATAMOTORS,BUY,284,1127.15,320110.6
2025-11-25,DELTA_TRADES,CL734824,LT,BUY,75,1184.62,88846.5
2025-11-23,BETA_INVEST,CL737479,HDFC,SELL,82,410.24,33639.68
2025-11-24,ALPHA_SEC,CL411994,ICICIBANK,SELL,37,1379.99,51059.63
2025-11-22,ALPHA_SEC,CL090515,HDFC,BUY,247,2256.03,557239.41
2025-11-26,DELTA_TRADES,CL801222,LT,BUY,149,1060.66,158038.34
2025-11-24,OMEGA_BROKING,CL854274,LT,SELL,89,1558.33,138691.37
2025-11-25,OMEGA_BROKING,CL257215,KOTAKBANK,BUY,267,1393.43,372045.81
2025-11-25,ALPHA_SEC,CL708016,RELIANCE,BUY,275,1214.15,333891.25
2025-11-21,ALPHA_SEC,CL070317,KOTAKBANK,BUY,229,1013.56,232105.24
2025-11-25,ALPHA_SEC,CL361224,ICICIBANK,BUY,11,2071.33,22784.63
2025-11-26,DELTA_TRADES,CL312163,SBIN,BUY,274,2271.21,622311.54
2025-11-20,DELTA_TRADES,CL857659,ICICIBANK,BUY,184,617.77,113669.68
2025-11-23,OMEGA_BROKING,CL696016,HDFC,SELL,56,765.98,42894.88
2025-11-23,DELTA_TRADES,CL675121,ITC,SELL,33,1537.89,50750.37
2025-11-22,OMEGA_BROKING,CL676378,SBIN,BUY,235,1600.48,376112.8
2025-11-22,DELTA_TRADES,CL607456,TATAMOTORS,SELL,262,1634.29,428183.98
2025-11-24,BETA_INVEST,CL256198,SBIN,BUY,61,392.02,23913.22
2025-11-23,ALPHA_SEC,CL148722,RELIANCE,SELL,29,2187.34,63432.86
2025-11-22,ALPHA_SEC,CL732945,ITC,BUY,113,1311.6,148210.8
2025-11-22,OMEGA_BROKING,CL466233,LT,SELL,101,2170.03,219173.03
2025-11-26,ALPHA_SEC,CL418106,AXISBANK,BUY,12,1350.79,16209.48
2025-11-20,ALPHA_SEC,CL528272,ITC,SELL,130,146.51,19046.3
2025-11-26,DELTA_TRADES,CL347306,INFY,BUY,18,172.92,3112.56
2025-11-25,ALPHA_SEC,CL592866,AXISBANK,SELL,284,1068.79,303536.36
2025-11-23,ALPHA_SEC,CL816791,SBIN,SELL,171,727.54,124409.34
2025-11-23,OMEGA_BROKING,CL671380,INFY,BUY,158,1782.69,281665.02
2025-11-25,DELTA_TRADES,CL103463,AXISBANK,BUY,225,1989.79,447702.75
2025-11-21,DELTA_TRADES,CL868789,HDFC,SELL,185,1269.55,234866.75
2025-11-25,BETA_INVEST,CL927597,SBIN,BUY,192,717.96,137848.32
2025-11-26,BETA_INVEST,CL292018,AXISBANK,BUY,20,1812.8,36256.0
2025-11-23,ALPHA_SEC,CL666932,ITC,BUY,216,353.22,76295.52
2025-11-22,DELTA_TRADES,CL101702,LT,BUY,191,1388.2,265146.2
2025-11-26,BETA_INVEST,CL225251,TATAMOTORS,BUY,171,868.64,148537.44
2025-11-26,DELTA_TRADES,CL367052,TATAMOTORS,BUY,74,2216.31,164006.94
2025-11-20,ALPHA_SEC,CL337523,INFY,BUY,99,1948.55,192906.45
2025-11-24,OMEGA_BROKING,CL712367,HDFC,SELL,88,232.53,20462.64
2025-11-22,OMEGA_BROKING,CL642144,HDFC,SELL,11,1017.96,11197.56
2025-11-21,DELTA_TRADES,CL477135,HDFC,BUY,250,1406.63,351657.5
2025-11-24,DELTA_TRADES,CL952675,HDFC,SELL,100,1709.19,170919.0
2025-11-20,ALPHA_SEC,CL952616,LT,SELL,13,2499.13,32488.69
2025-11-22,OMEGA_BROKING,CL665757,TATAMOTORS,SELL,95,486.99,46264.05
2025-11-24,BETA_INVEST,CL724701,SBIN,BUY,210,323.28,67888.8
2025-11-21,BETA_INVEST,CL940683,ITC,BUY,180,975.57,175602.6
2025-11-21,OMEGA_BROKING,CL802391,HDFC,BUY,61,634.03,38675.83
2025-11-25,OMEGA_BROKING,CL102623,ITC,SELL,79,719.37,56830.23
2025-11-20,OMEGA_BROKING,CL546900,SBIN,SELL,236,1204.28,284210.08
2025-11-22,ALPHA_SEC,CL760924,AXISBANK,SELL,246,337.18,82946.28
2025-11-24,BETA_INVEST,CL524357,HDFC,SELL,17,1800.8,30613.6
2025-11-26,OMEGA_BROKING,CL753235,AXISBANK,BUY,163,748.39,121987.57
2025-11-26,OMEGA_BROKING,CL023450,TATAMOTORS,BUY,68,735.21,49994.28
2025-11-25,OMEGA_BROKING,CL526975,AXISBANK,BUY,241,2127.51,512729.91
2025-11-25,BETA_INVEST,CL595176,HDFC,BUY,175,438.17,76679.75
2025-11-21,OMEGA_BROKING,CL217817,AXISBANK,SELL,192,792.23,152108.16
2025-11-23,ALPHA_SEC,CL024111,KOTAKBANK,BUY,54,2206.26,119138.04
2025-11-24,BETA_INVEST,CL133905,KOTAKBANK,BUY,6,2123.49,12740.94
2025-11-20,ALPHA_SEC,CL397683,ICICIBANK,SELL,155,1416.19,219509.45
2025-11-22,ALPHA_SEC,CL533446,HDFC,BUY,13,1074.63,13970.19
2025-11-26,BETA_INVEST,CL795461,KOTAKBANK,SELL,293,2478.55,726215.15
2025-11-20,OMEGA_BROKING,CL446962,KOTAKBANK,SELL,184,995.04,183087.36
2025-11-25,ALPHA_SEC,CL597551,HDFC,BUY,197,1273.11,250802.67
2025-11-22,ALPHA_SEC,CL510505,HDFC,BUY,254,798.6,202844.4
2025-11-25,OMEGA_BROKING,CL934439,KOTAKBANK,BUY,231,1923.03,444219.93
2025-11-26,OMEGA_BROKING,CL075668,INFY,SELL,64,1452.29,92946.56
2025-11-26,BETA_INVEST,CL142941,RELIANCE,SELL,143,419.65,60009.95
2025-11-24,DELTA_TRADES,CL929197,HDFC,SELL,205,2358.62,483517.1
2025-11-26,OMEGA_BROKING,CL166979,RELIANCE,BUY,161,1475.48,237552.28
2025-11-26,OMEGA_BROKING,CL424650,KOTAKBANK,BUY,74,772.68,57178.32
2025-11-20,DELTA_TRADES,CL288198,AXISBANK,BUY,29,1818.6,52739.4
2025-11-24,ALPHA_SEC,CL686507,SBIN,BUY,140,2285.79,320010.6
2025-11-23,OMEGA_BROKING,CL136086,KOTAKBANK,BUY,160,1380.18,220828.8
2025-11-22,BETA_INVEST,CL060025,SBIN,SELL,81,880.33,71306.73
2025-11-24,ALPHA_SEC,CL557477,TATAMOTORS,BUY,284,697.66,198135.44
2025-11-26,DELTA_TRADES,CL053234,ICICIBANK,SELL,222,2211.01,490844.22
2025-11-25,BETA_INVEST,CL549210,RELIANCE,BUY,19,566.59,10765.21
2025-11-25,DELTA_TRADES,CL208617,HDFC,SELL,201,2167.94,435755.94
2025-11-25,OMEGA_BROKING,CL590639,AXISBANK,SELL,183,817.04,149518.32
2025-11-20,OMEGA_BROKING,CL792805,KOTAKBANK,BUY,161,2323.43,374072.23
2025-11-24,OMEGA_BROKING,CL234755,LT,BUY,109,1890.44,206057.96
2025-11-24,OMEGA_BROKING,CL146216,AXISBANK,BUY,105,855.96,89875.8
2025-11-22,BETA_INVEST,CL333832,LT,SELL,203,1878.0,381234.0
2025-11-21,BETA_INVEST,CL796831,ICICIBANK,BUY,291,995.24,289614.84
2025-11-24,DELTA_TRADES,CL891359,AXISBANK,BUY,124,1778.59,220545.16
2025-11-22,BETA_INVEST,CL290030,ITC,BUY,127,2180.08,276870.16
2025-11-20,OMEGA_BROKING,CL785082,TATAMOTORS,BUY,45,552.1,24844.5
2025-11-25,BETA_INVEST,CL964036,SBIN,BUY,266,187.24,49805.84
2025-11-25,BETA_INVEST,CL167043,INFY,BUY,268,1918.51,514160.68
2025-11-23,DELTA_TRADES,CL062716,SBIN,SELL,75,1996.01,149700.75
2025-11-22,DELTA_TRADES,CL324841,ICICIBANK,BUY,224,560.85,125630.4
2025-11-24,BETA_INVEST,CL776485,KOTAKBANK,SELL,263,581.23,152863.49
2025-11-23,ALPHA_SEC,CL284519,ICICIBANK,SELL,206,430.24,88629.44
2025-11-25,DELTA_TRADES,CL688761,AXISBANK,BUY,163,156.02,25431.26
2025-11-22,DELTA_TRADES,CL340069,INFY,SELL,106,1191.62,126311.72
2025-11-20,OMEGA_BROKING,CL324762,ITC,SELL,251,2404.88,603624.88
2025-11-20,ALPHA_SEC,CL227265,TATAMOTORS,BUY,25,2386.01,59650.25
2025-11-21,DELTA_TRADES,CL741390,SBIN,SELL,241,1458.4,351474.4
2025-11-21,DELTA_TRADES,CL996250,HDFC,BUY,29,132.72,3848.88
2025-11-20,BETA_INVEST,CL682627,RELIANCE,SELL,131,142.29,18639.99
2025-11-25,BETA_INVEST,CL734529,HDFC,SELL,222,385.51,85583.22
2025-11-22,OMEGA_BROKING,CL326947,KOTAKBANK,BUY,107,1998.06,213792.42
2025-11-26,DELTA_TRADES,CL636007,KOTAKBANK,BUY,103,2161.81,222666.43
2025-11-24,DELTA_TRADES,CL224321,ICICIBANK,BUY,212,1629.28,345407.36
2025-11-24,BETA_INVEST,CL523032,HDFC,BUY,126,1591.65,200547.9
2025-11-20,BETA_INVEST,CL032138,ICICIBANK,SELL,54,1792.26,96782.04
2025-11-26,DELTA_TRADES,CL427495,KOTAKBANK,BUY,23,1768.39,40672.97
2025-11-20,BETA_INVEST,CL175197,KOTAKBANK,BUY,105,1902.06,199716.3
2025-11-20,OMEGA_BROKING,CL319604,KOTAKBANK,SELL,251,1441.34,361776.34
2025-11-26,DELTA_TRADES,CL435920,ICICIBANK,BUY,135,2423.28,327142.8
2025-11-26,OMEGA_BROKING,CL015157,ICICIBANK,SELL,239,1700.08,406319.12
2025-11-24,BETA_INVEST,CL446587,INFY,BUY,223,419.27,93497.21
2025-11-21,DELTA_TRADES,CL472325,KOTAKBANK,SELL,217,694.15,150630.55
2025-11-21,BETA_INVEST,CL834187,RELIANCE,SELL,224,1440.45,322660.8
2025-11-21,ALPHA_SEC,CL827778,HDFC,BUY,100,1103.68,110368.0
2025-11-20,DELTA_TRADES,CL336982,SBIN,BUY,122,2005.94,244724.68
2025-11-22,DELTA_TRADES,CL426578,RELIANCE,SELL,129,467.1,60255.9
2025-11-22,DELTA_TRADES,CL272368,RELIANCE,BUY,145,1189.31,172449.95
2025-11-21,DELTA_TRADES,CL181706,AXISBANK,BUY,17,1423.09,24192.53
2025-11-26,ALPHA_SEC,CL391511,ICICIBANK,BUY,250,2228.02,557005.0
2025-11-22,DELTA_TRADES,CL478489,LT,BUY,110,1504.52,165497.2
2025-11-21,BETA_INVEST,CL967647,KOTAKBANK,SELL,79,2007.36,158581.44
2025-11-20,DELTA_TRADES,CL657931,SBIN,SELL,208,2240.54,466032.32
2025-11-24,OMEGA_BROKING,CL133870,ITC,SELL,266,847.66,225477.56
2025-11-26,OMEGA_BROKING,CL821510,ICICIBANK,BUY,98,199.72,19572.56
2025-11-24,ALPHA_SEC,CL042120,ICICIBANK,SELL,256,2043.85,523225.6
2025-11-24,DELTA_TRADES,CL856194,TATAMOTORS,BUY,81,715.1,57923.1
2025-11-24,BETA_INVEST,CL556018,ITC,SELL,275,1334.23,366913.25
2025-11-26,OMEGA_BROKING,CL443195,AXISBANK,SELL,244,2123.18,518055.92
2025-11-20,ALPHA_SEC,CL025167,SBIN,SELL,278,1052.12,292489.36
2025-11-24,BETA_INVEST,CL502297,SBIN,SELL,100,560.53,56053.0
2025-11-25,BETA_INVEST,CL705803,ICICIBANK,SELL,36,1677.99,60407.64
2025-11-26,DELTA_TRADES,CL334319,TATAMOTORS,BUY,179,1142.95,204588.05
2025-11-20,DELTA_TRADES,CL605046,INFY,SELL,229,1318.71,301984.59
2025-11-24,DELTA_TRADES,CL529719,LT,SELL,162,2401.38,389023.56
2025-11-21,ALPHA_SEC,CL573311,ITC,BUY,23,1938.66,44589.18
2025-11-23,DELTA_TRADES,CL052961,AXISBANK,SELL,189,305.88,57811.32
2025-11-21,BETA_INVEST,CL578254,ICICIBANK,SELL,90,1205.22,108469.8
2025-11-20,DELTA_TRADES,CL197201,ITC,SELL,225,700.86,157693.5
2025-11-20,OMEGA_BROKING,CL001457,INFY,BUY,161,977.92,157445.12
2025-11-21,DELTA_TRADES,CL821102,ITC,SELL,233,1339.65,312138.45
2025-11-23,OMEGA_BROKING,CL998242,ITC,BUY,55,327.92,18035.6
2025-11-22,DELTA_TRADES,CL243531,HDFC,BUY,128,943.54,120773.12
2025-11-26,BETA_INVEST,CL894016,HDFC,SELL,99,1322.18,130895.82
2025-11-20,OMEGA_BROKING,CL108406,RELIANCE,SELL,119,1969.13,234326.47
2025-11-23,OMEGA_BROKING,CL445771,ICICIBANK,BUY,54,726.73,39243.42
2025-11-24,ALPHA_SEC,CL989433,KOTAKBANK,SELL,96,715.51,68688.96
2025-11-21,ALPHA_SEC,CL587993,HDFC,BUY,85,1617.5,137487.5
2025-11-22,DELTA_TRADES,CL397050,ITC,BUY,271,2465.89,668256.19
2025-11-23,OMEGA_BROKING,CL751091,KOTAKBANK,BUY,267,1749.7,467169.9
2025-11-20,DELTA_TRADES,CL184165,ICICIBANK,BUY,131,756.95,99160.45
2025-11-20,OMEGA_BROKING,CL604856,KOTAKBANK,SELL,219,1244.17,272473.23
2025-11-25,BETA_INVEST,CL191265,RELIANCE,SELL,52,809.03,42069.56
2025-11-25,ALPHA_SEC,CL336867,RELIANCE,BUY,93,1908.3,177471.9
2025-11-20,OMEGA_BROKING,CL117811,RELIANCE,BUY,40,954.72,38188.8
2025-11-26,OMEGA_BROKING,CL575361,TATAMOTORS,BUY,294,975.84,286896.96
2025-11-22,DELTA_TRADES,CL273477,LT,BUY,72,1961.65,141238.8
2025-11-22,DELTA_TRADES,CL495452,AXISBANK,BUY,24,1355.09,32522.16
2025-11-20,OMEGA_BROKING,CL222171,ITC,BUY,84,1372.85,115319.4
2025-11-24,BETA_INVEST,CL697190,TATAMOTORS,SELL,97,2378.29,230694.13
2025-11-23,ALPHA_SEC,CL707758,INFY,BUY,103,286.52,29511.56
2025-11-23,OMEGA_BROKING,CL124345,INFY,BUY,244,138.17,33713.48
2025-11-25,OMEGA_BROKING,CL469351,ITC,BUY,257,1829.51,470184.07
2025-11-20,BETA_INVEST,CL543995,ICICIBANK,BUY,110,1347.71,148248.1
2025-11-25,ALPHA_SEC,CL357329,ITC,BUY,10,2275.89,22758.9
2025-11-25,DELTA_TRADES,CL571188,ICICIBANK,BUY,238,649.74,154638.12
2025-11-25,OMEGA_BROKING,CL400412,SBIN,SELL,297,912.76,271089.72
2025-11-21,OMEGA_BROKING,CL836071,RELIANCE,SELL,76,191.45,14550.2
2025-11-21,BETA_INVEST,CL853687,LT,SELL,54,2433.43,131405.22
2025-11-26,DELTA_TRADES,CL510562,AXISBANK,BUY,160,1210.33,193652.8
2025-11-21,OMEGA_BROKING,CL523899,INFY,SELL,102,1963.57,200284.14
2025-11-26,ALPHA_SEC,CL396810,SBIN,BUY,140,2400.47,336065.8
2025-11-21,OMEGA_BROKING,CL002497,SBIN,BUY,149,270.79,40347.71
2025-11-20,BETA_INVEST,CL790201,SBIN,BUY,195,157.71,30753.45
2025-11-22,DELTA_TRADES,CL434434,RELIANCE,SELL,244,1389.67,339079.48
2025-11-24,BETA_INVEST,CL999158,SBIN,SELL,228,1879.9,428617.2
2025-11-20,BETA_INVEST,CL074067,KOTAKBANK,SELL,149,1271.43,189443.07
2025-11-20,BETA_INVEST,CL727839,KOTAKBANK,BUY,217,592.75,128626.75
2025-11-24,BETA_INVEST,CL245881,TATAMOTORS,BUY,187,717.13,134103.31
2025-11-25,OMEGA_BROKING,CL379873,ITC,SELL,108,682.49,73708.92
2025-11-20,OMEGA_BROKING,CL750452,KOTAKBANK,SELL,252,2019.17,508830.84
2025-11-20,DELTA_TRADES,CL997102,AXISBANK,BUY,23,693.56,15951.88
2025-11-20,OMEGA_BROKING,CL693859,AXISBANK,SELL,25,2128.52,53213.0
2025-11-24,BETA_INVEST,CL465021,RELIANCE,BUY,85,1169.65,99420.25
2025-11-20,DELTA_TRADES,CL701258,ITC,SELL,143,2112.42,302076.06
2025-11-21,DELTA_TRADES,CL564723,HDFC,BUY,167,2369.18,395653.06
2025-11-23,BETA_INVEST,CL453834,LT,SELL,164,132.22,21684.08
2025-11-23,BETA_INVEST,CL087601,HDFC,SELL,281,1096.43,308096.83
2025-11-25,BETA_INVEST,CL058007,AXISBANK,BUY,111,404.37,44885.07
2025-11-21,DELTA_TRADES,CL936452,AXISBANK,BUY,85,123.97,10537.45
2025-11-22,BETA_INVEST,CL586733,INFY,SELL,129,1696.99,218911.71
2025-11-20,BETA_INVEST,CL973488,KOTAKBANK,BUY,213,1921.24,409224.12
2025-11-25,DELTA_TRADES,CL473939,RELIANCE,BUY,29,1020.83,29604.07
2025-11-21,BETA_INVEST,CL197169,SBIN,SELL,163,1566.02,255261.26
2025-11-20,ALPHA_SEC,CL507768,SBIN,SELL,26,416.26,10822.76
2025-11-21,OMEGA_BROKING,CL129958,AXISBANK,BUY,40,1121.22,44848.8
2025-11-22,DELTA_TRADES,CL779003,INFY,SELL,108,1011.1,109198.8
2025-11-20,BETA_INVEST,CL581732,RELIANCE,SELL,29,1391.75,40360.75
2025-11-21,DELTA_TRADES,CL177637,AXISBANK,SELL,279,245.83,68586.57
2025-11-26,DELTA_TRADES,CL195470,ITC,SELL,45,1749.79,78740.55
2025-11-22,OMEGA_BROKING,CL798561,ITC,SELL,170,701.81,119307.7
2025-11-22,OMEGA_BROKING,CL478123,ICICIBANK,SELL,226,2241.32,506538.32
2025-11-21,DELTA_TRADES,CL900307,LT,BUY,287,1607.55,461366.85
2025-11-26,BETA_INVEST,CL323355,AXISBANK,BUY,58,283.4,16437.2
2025-11-21,DELTA_TRADES,CL594245,ITC,SELL,42,133.43,5604.06
2025-11-21,ALPHA_SEC,CL138521,INFY,SELL,198,1709.2,338421.6
2025-11-20,BETA_INVEST,CL501650,SBIN,BUY,254,982.09,249450.86
2025-11-26,OMEGA_BROKING,CL006451,LT,SELL,115,355.91,40929.65
2025-11-23,BETA_INVEST,CL971742,LT,SELL,226,1969.05,445005.3
2025-11-26,DELTA_TRADES,CL554952,AXISBANK,BUY,1,2266.45,2266.45
2025-11-22,BETA_INVEST,CL771037,ICICIBANK,BUY,132,147.42,19459.44
2025-11-25,BETA_INVEST,CL276860,HDFC,SELL,58,2258.26,130979.08
2025-11-23,DELTA_TRADES,CL662772,TATAMOTORS,BUY,67,1299.24,87049.08
2025-11-25,ALPHA_SEC,CL466437,ITC,BUY,294,713.98,209910.12
2025-11-26,OMEGA_BROKING,CL127390,AXISBANK,BUY,171,709.22,121276.62
2025-11-20,OMEGA_BROKING,CL756335,HDFC,SELL,176,2336.23,411176.48
2025-11-21,BETA_INVEST,CL181897,INFY,BUY,35,757.05,26496.75
2025-11-24,DELTA_TRADES,CL561249,RELIANCE,SELL,202,2092.95,422775.9
2025-11-22,BETA_INVEST,CL168840,ICICIBANK,BUY,44,334.06,14698.64
2025-11-26,ALPHA_SEC,CL603137,ICICIBANK,BUY,38,1514.59,57554.42
2025-11-23,OMEGA_BROKING,CL207326,LT,SELL,203,434.48,88199.44
2025-11-23,DELTA_TRADES,CL137697,ICICIBANK,BUY,203,449.88,91325.64
2025-11-23,DELTA_TRADES,CL478529,ITC,BUY,146,922.24,134647.04
2025-11-24,ALPHA_SEC,CL306296,INFY,BUY,118,584.51,68972.18
2025-11-25,ALPHA_SEC,CL820022,RELIANCE,SELL,84,1496.2,125680.8
2025-11-26,OMEGA_BROKING,CL310362,KOTAKBANK,SELL,9,1188.67,10698.03
2025-11-26,BETA_INVEST,CL922634,ICICIBANK,SELL,156,2282.87,356127.72
2025-11-24,BETA_INVEST,CL611703,AXISBANK,SELL,167,1721.31,287458.77
2025-11-24,ALPHA_SEC,CL681946,INFY,BUY,78,221.87,17305.86
2025-11-23,DELTA_TRADES,CL074596,ICICIBANK,SELL,280,724.2,202776.0
2025-11-24,DELTA_TRADES,CL350759,SBIN,BUY,60,1016.29,60977.4
2025-11-26,BETA_INVEST,CL102136,ITC,SELL,295,1158.92,341881.4
2025-11-26,ALPHA_SEC,CL384844,ITC,BUY,71,2243.91,159317.61
2025-11-22,ALPHA_SEC,CL947894,SBIN,BUY,247,1115.7,275577.9
2025-11-24,OMEGA_BROKING,CL250097,SBIN,BUY,254,2261.51,574423.54
2025-11-22,BETA_INVEST,CL991719,HDFC,SELL,216,751.71,162369.36
2025-11-20,BETA_INVEST,CL291033,ITC,BUY,100,1119.43,111943.0
2025-11-22,ALPHA_SEC,CL627098,ITC,SELL,101,517.01,52218.01
2025-11-22,DELTA_TRADES,CL995133,AXISBANK,BUY,88,923.82,81296.16
2025-11-24,OMEGA_BROKING,CL450226,HDFC,BUY,59,927.3,54710.7
2025-11-23,OMEGA_BROKING,CL540005,HDFC,SELL,133,1777.98,236471.34
2025-11-22,ALPHA_SEC,CL605832,SBIN,BUY,131,1687.06,221004.86
2025-11-25,BETA_INVEST,CL170477,RELIANCE,SELL,246,682.26,167835.96
2025-11-26,ALPHA_SEC,CL194367,HDFC,SELL,123,746.8,91856.4
2025-11-24,OMEGA_BROKING,CL425931,RELIANCE,BUY,74,1194.03,88358.22
2025-11-22,BETA_INVEST,CL033747,LT,BUY,269,534.93,143896.17
2025-11-20,DELTA_TRADES,CL523138,ITC,SELL,9,2229.28,20063.52
2025-11-26,OMEGA_BROKING,CL960246,INFY,BUY,236,2011.71,474763.56
2025-11-20,DELTA_TRADES,CL602766,ICICIBANK,BUY,268,2240.77,600526.36
2025-11-22,ALPHA_SEC,CL102442,RELIANCE,SELL,195,557.45,108702.75
2025-11-24,ALPHA_SEC,CL023322,KOTAKBANK,BUY,281,886.44,249089.64
2025-11-20,BETA_INVEST,CL997109,INFY,SELL,211,1279.79,270035.69
2025-11-21,DELTA_TRADES,CL878001,ICICIBANK,SELL,264,1301.49,343593.36
2025-11-22,DELTA_TRADES,CL337674,ICICIBANK,SELL,294,2098.13,616850.22
2025-11-21,DELTA_TRADES,CL749473,LT,BUY,206,263.72,54326.32
2025-11-26,OMEGA_BROKING,CL922307,AXISBANK,SELL,39,1411.85,55062.15
2025-11-23,OMEGA_BROKING,CL525657,AXISBANK,SELL,283,2110.0,597130.0
2025-11-25,OMEGA_BROKING,CL344208,AXISBANK,BUY,263,141.85,37306.55
2025-11-21,OMEGA_BROKING,CL259933,ICICIBANK,SELL,276,1430.72,394878.72
2025-11-25,ALPHA_SEC,CL386082,SBIN,SELL,36,2447.11,88095.96
2025-11-24,ALPHA_SEC,CL538357,ITC,BUY,200,288.13,57626.0
2025-11-20,BETA_INVEST,CL264359,ICICIBANK,SELL,120,1388.48,166617.6
2025-11-25,ALPHA_SEC,CL366963,RELIANCE,BUY,156,2144.11,334481.16
2025-11-22,DELTA_TRADES,CL579250,LT,SELL,158,2019.55,319088.9
2025-11-25,DELTA_TRADES,CL566074,TATAMOTORS,BUY,288,464.31,133721.28
2025-11-23,OMEGA_BROKING,CL385158,SBIN,SELL,163,2043.75,333131.25
2025-11-26,DELTA_TRADES,CL231673,ICICIBANK,BUY,60,932.63,55957.8
2025-11-26,DELTA_TRADES,CL073363,TATAMOTORS,BUY,47,1019.28,47906.16
2025-11-24,DELTA_TRADES,CL130122,TATAMOTORS,BUY,285,391.07,111454.95
2025-11-21,BETA_INVEST,CL283743,RELIANCE,BUY,71,2162.74,153554.54
2025-11-22,DELTA_TRADES,CL809098,TATAMOTORS,SELL,223,1637.52,365166.96
2025-11-21,BETA_INVEST,CL099735,HDFC,BUY,89,1855.62,165150.18
2025-11-24,BETA_INVEST,CL927373,RELIANCE,SELL,7,1560.24,10921.68
2025-11-24,OMEGA_BROKING,CL382580,LT,BUY,220,2458.64,540900.8
2025-11-26,OMEGA_BROKING,CL912450,ITC,BUY,39,2288.48,89250.72
2025-11-21,BETA_INVEST,CL800915,ITC,SELL,144,229.85,33098.4
2025-11-23,ALPHA_SEC,CL894368,INFY,BUY,116,829.42,96212.72
2025-11-25,OMEGA_BROKING,CL879876,SBIN,BUY,215,1640.97,352808.55
2025-11-21,DELTA_TRADES,CL631653,INFY,BUY,77,542.47,41770.19
2025-11-22,OMEGA_BROKING,CL376516,SBIN,BUY,263,1040.16,273562.08
2025-11-25,OMEGA_BROKING,CL506698,LT,BUY,70,329.84,23088.8
2025-11-26,OMEGA_BROKING,CL830247,ITC,SELL,232,1153.68,267653.76
2025-11-24,BETA_INVEST,CL193725,HDFC,SELL,110,1721.84,189402.4
2025-11-26,DELTA_TRADES,CL399643,AXISBANK,SELL,147,909.42,133684.74
2025-11-25,BETA_INVEST,CL415431,AXISBANK,BUY,104,1356.76,141103.04
2025-11-25,OMEGA_BROKING,CL222209,ICICIBANK,SELL,283,1030.91,291747.53
2025-11-23,DELTA_TRADES,CL098945,KOTAKBANK,BUY,48,271.29,13021.92
2025-11-24,ALPHA_SEC,CL501300,LT,SELL,40,409.76,16390.4
2025-11-26,BETA_INVEST,CL617870,AXISBANK,SELL,187,2286.52,427579.24
2025-11-25,DELTA_TRADES,CL402095,HDFC,SELL,215,1363.57,293167.55
2025-11-26,ALPHA_SEC,CL812651,INFY,SELL,278,1350.88,375544.64
2025-11-23,ALPHA_SEC,CL616347,SBIN,SELL,161,1408.96,226842.56
2025-11-23,ALPHA_SEC,CL434555,INFY,BUY,190,1600.37,304070.3
2025-11-20,OMEGA_BROKING,CL435799,ICICIBANK,SELL,269,1260.64,339112.16
2025-11-25,ALPHA_SEC,CL560958,SBIN,SELL,221,1733.2,383037.2
2025-11-24,ALPHA_SEC,CL627393,TATAMOTORS,BUY,59,1991.35,117489.65
2025-11-20,ALPHA_SEC,CL051599,HDFC,SELL,4,411.71,1646.84
2025-11-22,BETA_INVEST,CL071114,LT,SELL,149,1476.14,219944.86
2025-11-21,OMEGA_BROKING,CL751166,KOTAKBANK,BUY,268,975.04,261310.72
2025-11-21,ALPHA_SEC,CL563011,HDFC,BUY,49,2245.51,110029.99
2025-11-25,BETA_INVEST,CL965848,INFY,BUY,197,2430.14,478737.58
2025-11-26,DELTA_TRADES,CL472131,LT,SELL,233,169.42,39474.86
2025-11-21,OMEGA_BROKING,CL614121,SBIN,SELL,284,2180.73,619327.32
2025-11-22,DELTA_TRADES,CL833118,RELIANCE,SELL,18,1752.76,31549.68
2025-11-24,ALPHA_SEC,CL895620,ICICIBANK,SELL,200,955.47,191094.0
2025-11-25,DELTA_TRADES,CL398205,LT,BUY,55,1882.78,103552.9
2025-11-26,DELTA_TRADES,CL130581,AXISBANK,BUY,7,842.8,5899.6
2025-11-25,OMEGA_BROKING,CL131297,ITC,SELL,193,800.44,154484.92
2025-11-23,OMEGA_BROKING,CL208612,HDFC,SELL,185,1656.44,306441.4
2025-11-25,ALPHA_SEC,CL135295,AXISBANK,SELL,159,531.49,84506.91
2025-11-26,DELTA_TRADES,CL407173,TATAMOTORS,BUY,93,873.32,81218.76
2025-11-24,DELTA_TRADES,CL132921,KOTAKBANK,SELL,181,1126.81,203952.61
2025-11-22,OMEGA_BROKING,CL059188,KOTAKBANK,BUY,152,1206.1,183327.2
2025-11-20,BETA_INVEST,CL438179,HDFC,SELL,68,758.32,51565.76
2025-11-21,OMEGA_BROKING,CL048767,HDFC,BUY,207,384.88,79670.16
2025-11-26,DELTA_TRADES,CL530163,INFY,BUY,47,1816.64,85382.08
2025-11-20,DELTA_TRADES,CL557280,SBIN,BUY,95,919.91,87391.45
2025-11-24,OMEGA_BROKING,CL735459,ITC,BUY,131,1308.54,171418.74
2025-11-25,ALPHA_SEC,CL774621,SBIN,SELL,137,2314.4,317072.8
2025-11-23,OMEGA_BROKING,CL504422,HDFC,BUY,138,741.46,102321.48
2025-11-23,DELTA_TRADES,CL519367,LT,SELL,189,2140.72,404596.08
2025-11-23,ALPHA_SEC,CL304062,RELIANCE,SELL,66,1133.63,74819.58
2025-11-22,DELTA_TRADES,CL766177,HDFC,BUY,171,1508.26,257912.46
2025-11-24,BETA_INVEST,CL434136,SBIN,SELL,59,2318.33,136781.47
2025-11-26,OMEGA_BROKING,CL661710,KOTAKBANK,BUY,9,1532.65,13793.85
2025-11-22,ALPHA_SEC,CL816792,LT,SELL,284,2301.19,653537.96
2025-11-26,DELTA_TRADES,CL103134,ICICIBANK,SELL,69,1356.29,93584.01
2025-11-23,DELTA_TRADES,CL917926,ICICIBANK,SELL,60,1975.19,118511.4
2025-11-20,OMEGA_BROKING,CL426457,SBIN,SELL,240,1372.51,329402.4
2025-11-22,ALPHA_SEC,CL867645,KOTAKBANK,BUY,63,721.6,45460.8
2025-11-23,DELTA_TRADES,CL887703,HDFC,BUY,20,175.69,3513.8
2025-11-23,ALPHA_SEC,CL296998,TATAMOTORS,BUY,161,1630.03,262434.83
2025-11-22,OMEGA_BROKING,CL983489,SBIN,BUY,77,1592.39,122614.03
2025-11-25,BETA_INVEST,CL295387,LT,SELL,225,1491.97,335693.25
2025-11-24,DELTA_TRADES,CL705902,SBIN,BUY,193,489.56,94485.08
2025-11-26,ALPHA_SEC,CL380315,AXISBANK,SELL,213,407.26,86746.38
2025-11-24,DELTA_TRADES,CL417137,INFY,SELL,36,821.51,29574.36
2025-11-21,ALPHA_SEC,CL092374,SBIN,SELL,162,2264.86,366907.32
2025-11-26,ALPHA_SEC,CL816840,AXISBANK,BUY,4,2186.29,8745.16
2025-11-20,OMEGA_BROKING,CL696128,INFY,SELL,223,1348.49,300713.27
2025-11-25,OMEGA_BROKING,CL250092,ICICIBANK,BUY,131,2307.99,302346.69
2025-11-23,OMEGA_BROKING,CL413161,HDFC,SELL,5,637.41,3187.05
2025-11-21,ALPHA_SEC,CL737001,AXISBANK,BUY,184,706.59,130012.56
2025-11-24,DELTA_TRADES,CL623564,RELIANCE,BUY,146,1009.51,147388.46
2025-11-20,ALPHA_SEC,CL030080,AXISBANK,SELL,231,1026.71,237170.01
2025-11-26,OMEGA_BROKING,CL244782,LT,BUY,163,1814.74,295802.62
2025-11-23,ALPHA_SEC,CL379872,AXISBANK,SELL,273,1462.11,399156.03
2025-11-21,BETA_INVEST,CL224939,HDFC,SELL,231,312.28,72136.68
2025-11-23,DELTA_TRADES,CL360596,RELIANCE,BUY,236,1020.94,240941.84
2025-11-26,ALPHA_SEC,CL494409,TATAMOTORS,BUY,285,1193.47,340138.95
2025-11-26,BETA_INVEST,CL257707,INFY,BUY,94,1010.04,94943.76
2025-11-25,OMEGA_BROKING,CL910534,SBIN,SELL,36,1549.48,55781.28
2025-11-22,OMEGA_BROKING,CL850864,TATAMOTORS,BUY,255,2215.63,564985.65
2025-11-20,DELTA_TRADES,CL510036,TATAMOTORS,BUY,91,2383.9,216934.9
2025-11-23,DELTA_TRADES,CL944999,ICICIBANK,BUY,97,2238.17,217102.49
2025-11-24,DELTA_TRADES,CL387626,TATAMOTORS,SELL,298,439.54,130982.92
2025-11-20,BETA_INVEST,CL289482,INFY,BUY,201,1437.23,288883.23
2025-11-24,DELTA_TRADES,CL649927,LT,SELL,161,206.15,33190.15
2025-11-23,ALPHA_SEC,CL855153,HDFC,SELL,282,778.61,219568.02
2025-11-23,OMEGA_BROKING,CL339489,ICICIBANK,BUY,297,1295.68,384816.96
2025-11-20,ALPHA_SEC,CL128431,TATAMOTORS,SELL,142,941.96,133758.32
2025-11-22,BETA_INVEST,CL383899,TATAMOTORS,SELL,81,1372.5,111172.5
2025-11-22,BETA_INVEST,CL143548,INFY,BUY,167,2102.4,351100.8
2025-11-24,ALPHA_SEC,CL770677,AXISBANK,BUY,230,460.47,105908.1
2025-11-25,OMEGA_BROKING,CL710632,SBIN,BUY,4,888.41,3553.64
2025-11-21,BETA_INVEST,CL649652,RELIANCE,BUY,163,843.79,137537.77
2025-11-26,BETA_INVEST,CL212624,LT,SELL,22,491.32,10809.04
2025-11-21,DELTA_TRADES,CL596014,ICICIBANK,BUY,15,2030.09,30451.35
2025-11-25,OMEGA_BROKING,CL802273,LT,BUY,67,287.36,19253.12
2025-11-24,DELTA_TRADES,CL365937,AXISBANK,BUY,208,769.54,160064.32
2025-11-24,DELTA_TRADES,CL909335,HDFC,SELL,282,1093.86,308468.52
2025-11-21,ALPHA_SEC,CL824216,ICICIBANK,SELL,19,704.5,13385.5
2025-11-22,DELTA_TRADES,CL019162,RELIANCE,SELL,246,1280.12,314909.52
2025-11-20,ALPHA_SEC,CL332742,RELIANCE,BUY,299,564.77,168866.23
2025-11-23,OMEGA_BROKING,CL053630,ICICIBANK,SELL,132,1708.98,225585.36
2025-11-21,OMEGA_BROKING,CL524471,INFY,SELL,85,820.18,69715.3
2025-11-21,DELTA_TRADES,CL402606,ITC,BUY,25,483.11,12077.75
2025-11-24,BETA_INVEST,CL734236,TATAMOTORS,SELL,73,1998.39,145882.47
2025-11-25,OMEGA_BROKING,CL316996,INFY,SELL,33,1315.97,43427.01
2025-11-25,OMEGA_BROKING,CL939945,TATAMOTORS,SELL,163,374.83,61097.29
2025-11-23,BETA_INVEST,CL383511,AXISBANK,SELL,192,1846.75,354576.0
2025-11-26,ALPHA_SEC,CL258660,TATAMOTORS,BUY,263,1481.26,389571.38
2025-11-26,OMEGA_BROKING,CL845229,KOTAKBANK,BUY,254,2271.41,576938.14
2025-11-22,ALPHA_SEC,CL084264,TATAMOTORS,SELL,134,867.07,116187.38
2025-11-26,OMEGA_BROKING,CL528231,SBIN,BUY,281,252.27,70887.87
2025-11-24,OMEGA_BROKING,CL914358,LT,BUY,155,1354.07,209880.85
2025-11-20,OMEGA_BROKING,CL837717,KOTAKBANK,BUY,111,315.31,34999.41
2025-11-22,BETA_INVEST,CL307698,LT,SELL,275,1210.53,332895.75
2025-11-22,ALPHA_SEC,CL095377,INFY,BUY,296,2133.91,631637.36
2025-11-21,ALPHA_SEC,CL819491,ICICIBANK,SELL,126,394.33,49685.58
2025-11-20,DELTA_TRADES,CL406796,HDFC,SELL,294,2258.25,663925.5
2025-11-25,BETA_INVEST,CL914558,TATAMOTORS,SELL,219,2196.55,481044.45
2025-11-24,BETA_INVEST,CL750419,ITC,SELL,265,1464.94,388209.1
2025-11-26,OMEGA_BROKING,CL578215,SBIN,BUY,71,2384.59,169305.89
2025-11-26,ALPHA_SEC,CL529051,ICICIBANK,SELL,179,2222.71,397865.09
2025-11-25,OMEGA_BROKING,CL526429,ICICIBANK,BUY,252,303.13,76388.76
2025-11-22,OMEGA_BROKING,CL066992,TATAMOTORS,SELL,78,637.22,49703.16
2025-11-23,BETA_INVEST,CL053711,ITC,BUY,187,1586.23,296625.01
2025-11-23,ALPHA_SEC,CL662726,TATAMOTORS,SELL,285,2084.76,594156.6
2025-11-24,ALPHA_SEC,CL466250,INFY,BUY,122,1529.19,186561.18
2025-11-24,BETA_INVEST,CL391673,HDFC,SELL,91,358.34,32608.94
2025-11-21,OMEGA_BROKING,CL209706,HDFC,SELL,295,2016.62,594902.9
2025-11-23,ALPHA_SEC,CL285385,KOTAKBANK,SELL,103,1967.7,202673.1
2025-11-22,OMEGA_BROKING,CL830937,ITC,BUY,283,1905.92,539375.36
2025-11-23,ALPHA_SEC,CL023050,AXISBANK,SELL,47,1228.16,57723.52
2025-11-26,DELTA_TRADES,CL940325,HDFC,BUY,279,1977.56,551739.24
2025-11-20,BETA_INVEST,CL083507,RELIANCE,BUY,94,2231.46,209757.24
2025-11-22,ALPHA_SEC,CL719773,INFY,SELL,107,1230.42,131654.94
2025-11-23,OMEGA_BROKING,CL066718,ICICIBANK,SELL,141,1930.57,272210.37
2025-11-25,OMEGA_BROKING,CL693682,SBIN,SELL,125,2286.15,285768.75
2025-11-20,DELTA_TRADES,CL590932,TATAMOTORS,BUY,150,1849.38,277407.0
2025-11-21,BETA_INVEST,CL223324,ITC,BUY,213,1249.62,266169.06
2025-11-26,DELTA_TRADES,CL415240,RELIANCE,BUY,105,2354.92,247266.6
2025-11-20,BETA_INVEST,CL675830,HDFC,BUY,130,2496.91,324598.3
2025-11-24,DELTA_TRADES,CL175090,SBIN,BUY,106,764.26,81011.56
2025-11-21,BETA_INVEST,CL824690,ICICIBANK,SELL,164,692.94,113642.16
2025-11-26,BETA_INVEST,CL096983,AXISBANK,BUY,85,2446.07,207915.95
2025-11-23,OMEGA_BROKING,CL979699,HDFC,BUY,55,582.37,32030.35
2025-11-20,DELTA_TRADES,CL120738,LT,SELL,280,205.42,57517.6
2025-11-24,ALPHA_SEC,CL466725,RELIANCE,SELL,60,767.74,46064.4
2025-11-25,DELTA_TRADES,CL516286,ITC,SELL,38,659.91,25076.58
2025-11-25,DELTA_TRADES,CL777453,RELIANCE,BUY,210,268.59,56403.9
2025-11-23,BETA_INVEST,CL916653,ICICIBANK,SELL,122,362.18,44185.96
2025-11-23,DELTA_TRADES,CL224128,ITC,BUY,169,1764.16,298143.04
2025-11-20,DELTA_TRADES,CL593566,ITC,SELL,169,1282.79,216791.51
2025-11-25,OMEGA_BROKING,CL094164,HDFC,BUY,157,163.15,25614.55
2025-11-24,OMEGA_BROKING,CL813842,ICICIBANK,BUY,271,779.1,211136.1
2025-11-23,BETA_INVEST,CL588548,HDFC,BUY,1,397.15,397.15
2025-11-24,DELTA_TRADES,CL582448,SBIN,BUY,14,2373.55,33229.7
2025-11-20,DELTA_TRADES,CL098401,KOTAKBANK,SELL,37,2439.56,90263.72
2025-11-21,DELTA_TRADES,CL895285,ITC,SELL,299,1972.38,589741.62
2025-11-23,DELTA_TRADES,CL879482,AXISBANK,SELL,193,424.54,81936.22
2025-11-23,OMEGA_BROKING,CL919406,KOTAKBANK,BUY,239,614.47,146858.33
2025-11-21,BETA_INVEST,CL388560,RELIANCE,SELL,283,559.35,158296.05
2025-11-22,ALPHA_SEC,CL873585,ICICIBANK,SELL,42,190.93,8019.06
2025-11-25,ALPHA_SEC,CL164988,KOTAKBANK,BUY,69,475.48,32808.12
2025-11-22,ALPHA_SEC,CL077661,HDFC,SELL,227,351.14,79708.78
2025-11-22,BETA_INVEST,CL444777,INFY,BUY,184,2049.96,377192.64
2025-11-21,DELTA_TRADES,CL660031,ICICIBANK,BUY,262,1282.12,335915.44
2025-11-21,DELTA_TRADES,CL126649,LT,SELL,124,2351.15,291542.6
2025-11-21,DELTA_TRADES,CL503748,ITC,SELL,194,697.94,135400.36
2025-11-20,ALPHA_SEC,CL786260,SBIN,BUY,140,2152.11,301295.4
2025-11-20,DELTA_TRADES,CL377388,AXISBANK,SELL,145,1064.06,154288.7
2025-11-25,ALPHA_SEC,CL383580,HDFC,SELL,105,1499.99,157498.95
2025-11-20,BETA_INVEST,CL236981,INFY,BUY,140,1905.19,266726.6
2025-11-21,OMEGA_BROKING,CL440261,ITC,SELL,281,2284.86,642045.66
2025-11-25,DELTA_TRADES,CL335149,RELIANCE,SELL,141,488.36,68858.76
2025-11-21,BETA_INVEST,CL656007,INFY,SELL,199,1746.94,347641.06
2025-11-22,OMEGA_BROKING,CL942521,KOTAKBANK,SELL,60,491.63,29497.8
2025-11-26,BETA_INVEST,CL606882,ICICIBANK,BUY,79,1084.85,85703.15
2025-11-24,DELTA_TRADES,CL401821,LT,BUY,164,354.06,58065.84
2025-11-21,BETA_INVEST,CL250126,INFY,SELL,185,2207.08,408309.8
2025-11-23,ALPHA_SEC,CL091089,LT,BUY,64,1212.22,77582.08
2025-11-22,BETA_INVEST,CL969643,KOTAKBANK,SELL,162,1454.92,235697.04
2025-11-21,DELTA_TRADES,CL330718,SBIN,BUY,209,1747.12,365148.08
2025-11-24,DELTA_TRADES,CL494457,HDFC,BUY,178,788.79,140404.62
2025-11-25,BETA_INVEST,CL216109,ICICIBANK,SELL,207,885.6,183319.2
2025-11-26,BETA_INVEST,CL600898,TATAMOTORS,BUY,280,2458.56,688396.8
2025-11-25,OMEGA_BROKING,CL083718,SBIN,BUY,17,1312.16,22306.72
2025-11-24,OMEGA_BROKING,CL398755,LT,BUY,100,2499.86,249986.0
2025-11-21,ALPHA_SEC,CL354825,HDFC,BUY,36,440.15,15845.4
2025-11-24,DELTA_TRADES,CL663977,ICICIBANK,BUY,19,1818.5,34551.5
2025-11-22,DELTA_TRADES,CL005398,ITC,BUY,19,2199.64,41793.16
2025-11-26,DELTA_TRADES,CL297851,ICICIBANK,SELL,93,1725.96,160514.28
2025-11-26,DELTA_TRADES,CL302960,INFY,BUY,218,2393.81,521850.58
2025-11-21,ALPHA_SEC,CL701849,LT,SELL,284,764.85,217217.4
2025-11-24,BETA_INVEST,CL897176,AXISBANK,SELL,267,2383.33,636349.11
2025-11-20,BETA_INVEST,CL337684,AXISBANK,BUY,275,564.2,155155.0
2025-11-21,BETA_INVEST,CL164185,ICICIBANK,SELL,78,2083.26,162494.28
2025-11-25,OMEGA_BROKING,CL184262,INFY,BUY,133,1998.96,265861.68
2025-11-23,DELTA_TRADES,CL267508,SBIN,SELL,132,1902.03,251067.96
2025-11-21,DELTA_TRADES,CL296202,LT,SELL,127,2477.61,314656.47
2025-11-22,OMEGA_BROKING,CL753303,LT,BUY,198,1841.99,364714.02
2025-11-20,ALPHA_SEC,CL381930,HDFC,BUY,18,931.89,16774.02
2025-11-25,OMEGA_BROKING,CL955122,LT,SELL,177,1883.32,333347.64
2025-11-22,DELTA_TRADES,CL518117,LT,BUY,246,575.87,141664.02
2025-11-23,OMEGA_BROKING,CL350475,SBIN,SELL,59,1494.02,88147.18
2025-11-21,BETA_INVEST,CL883784,LT,BUY,80,458.46,36676.8
2025-11-20,OMEGA_BROKING,CL332703,RELIANCE,SELL,202,561.33,113388.66
2025-11-26,DELTA_TRADES,CL584299,RELIANCE,BUY,95,2315.34,219957.3
2025-11-24,OMEGA_BROKING,CL480059,INFY,BUY,217,1504.72,326524.24
2025-11-26,OMEGA_BROKING,CL589264,KOTAKBANK,SELL,105,2118.75,222468.75
2025-11-21,BETA_INVEST,CL119801,SBIN,SELL,226,2388.98,539909.48
2025-11-22,OMEGA_BROKING,CL005556,SBIN,BUY,217,2343.41,508519.97
2025-11-22,OMEGA_BROKING,CL856779,HDFC,BUY,11,1578.92,17368.12
2025-11-25,ALPHA_SEC,CL414774,SBIN,BUY,11,1198.14,13179.54
2025-11-24,OMEGA_BROKING,CL995575,HDFC,SELL,59,566.05,33396.95
2025-11-20,OMEGA_BROKING,CL706961,LT,BUY,272,881.83,239857.76
2025-11-26,DELTA_TRADES,CL204235,ITC,SELL,291,1026.33,298662.03
2025-11-20,ALPHA_SEC,CL097468,ITC,BUY,292,2352.79,687014.68
2025-11-26,OMEGA_BROKING,CL785372,INFY,SELL,117,211.72,24771.24
2025-11-20,DELTA_TRADES,CL440921,ITC,SELL,19,644.91,12253.29
2025-11-22,DELTA_TRADES,CL870220,HDFC,BUY,117,1957.96,229081.32
2025-11-21,OMEGA_BROKING,CL954002,AXISBANK,BUY,175,1104.11,193219.25
2025-11-24,ALPHA_SEC,CL866913,ICICIBANK,SELL,192,827.54,158887.68
2025-11-23,ALPHA_SEC,CL767632,TATAMOTORS,BUY,38,1885.89,71663.82
2025-11-21,ALPHA_SEC,CL420424,RELIANCE,BUY,300,173.05,51915.0
2025-11-25,ALPHA_SEC,CL330988,KOTAKBANK,BUY,180,1312.97,236334.6
2025-11-26,ALPHA_SEC,CL800792,INFY,SELL,22,502.38,11052.36
2025-11-21,DELTA_TRADES,CL914448,KOTAKBANK,BUY,131,319.1,41802.1
2025-11-24,OMEGA_BROKING,CL606271,RELIANCE,BUY,183,2455.25,449310.75
2025-11-20,BETA_INVEST,CL483651,ITC,SELL,25,523.38,13084.5
2025-11-23,OMEGA_BROKING,CL472549,ITC,SELL,151,830.35,125382.85
2025-11-21,ALPHA_SEC,CL420430,ICICIBANK,SELL,15,1217.48,18262.2
2025-11-21,BETA_INVEST,CL599018,ITC,SELL,46,1540.69,70871.74
2025-11-22,ALPHA_SEC,CL414270,AXISBANK,SELL,66,1082.27,71429.82
2025-11-24,DELTA_TRADES,CL877249,AXISBANK,BUY,300,1242.34,372702.0
2025-11-26,DELTA_TRADES,CL925222,HDFC,BUY,8,2117.91,16943.28
2025-11-26,OMEGA_BROKING,CL962157,ICICIBANK,SELL,6,1295.33,7771.98
2025-11-20,ALPHA_SEC,CL329983,HDFC,SELL,277,507.1,140466.7
2025-11-23,DELTA_TRADES,CL276522,TATAMOTORS,SELL,152,1896.58,288280.16
2025-11-23,ALPHA_SEC,CL012569,KOTAKBANK,SELL,296,2112.43,625279.28
2025-11-22,BETA_INVEST,CL182195,AXISBANK,SELL,16,1873.45,29975.2
2025-11-20,ALPHA_SEC,CL078411,ITC,SELL,6,156.79,940.74
2025-11-25,OMEGA_BROKING,CL937023,ICICIBANK,BUY,122,1821.11,222175.42
2025-11-22,OMEGA_BROKING,CL478035,ICICIBANK,BUY,152,1456.64,221409.28
2025-11-20,BETA_INVEST,CL942974,ICICIBANK,BUY,71,1277.44,90698.24
2025-11-23,DELTA_TRADES,CL879457,HDFC,BUY,137,2399.34,328709.58
2025-11-20,DELTA_TRADES,CL510089,HDFC,SELL,32,2421.16,77477.12
2025-11-25,ALPHA_SEC,CL166093,AXISBANK,BUY,188,2263.39,425517.32
2025-11-22,OMEGA_BROKING,CL147781,ICICIBANK,SELL,112,148.85,16671.2
2025-11-25,BETA_INVEST,CL258333,INFY,BUY,234,1062.87,248711.58
2025-11-20,DELTA_TRADES,CL844246,ITC,BUY,190,1254.58,238370.2
2025-11-24,OMEGA_BROKING,CL224691,HDFC,BUY,211,1043.54,220186.94
2025-11-21,OMEGA_BROKING,CL011031,ICICIBANK,SELL,3,976.51,2929.53
2025-11-26,OMEGA_BROKING,CL346505,INFY,BUY,166,1647.3,273451.8
2025-11-21,DELTA_TRADES,CL648629,KOTAKBANK,SELL,159,1392.48,221404.32
2025-11-22,DELTA_TRADES,CL266936,TATAMOTORS,BUY,238,683.63,162703.94
2025-11-26,ALPHA_SEC,CL631018,KOTAKBANK,SELL,90,533.72,48034.8
2025-11-23,OMEGA_BROKING,CL674138,KOTAKBANK,SELL,268,769.68,206274.24
2025-11-26,OMEGA_BROKING,CL660397,KOTAKBANK,BUY,143,2051.96,293430.28
2025-11-21,OMEGA_BROKING,CL218147,ICICIBANK,BUY,250,1018.09,254522.5
2025-11-26,OMEGA_BROKING,CL935470,ICICIBANK,BUY,228,347.67,79268.76
2025-11-22,OMEGA_BROKING,CL553771,AXISBANK,SELL,290,1908.55,553479.5
2025-11-26,ALPHA_SEC,CL301989,KOTAKBANK,BUY,69,1790.99,123578.31
2025-11-22,DELTA_TRADES,CL513251,ITC,SELL,196,883.86,173236.56
2025-11-22,OMEGA_BROKING,CL611143,ICICIBANK,SELL,168,1507.34,253233.12
2025-11-23,OMEGA_BROKING,CL490184,RELIANCE,BUY,129,2271.93,293078.97
2025-11-22,OMEGA_BROKING,CL635236,AXISBANK,SELL,49,1025.22,50235.78
2025-11-23,DELTA_TRADES,CL758146,HDFC,BUY,168,1570.31,263812.08
2025-11-22,DELTA_TRADES,CL327629,LT,BUY,178,1630.44,290218.32
2025-11-20,DELTA_TRADES,CL296408,RELIANCE,SELL,190,2214.5,420755.0
2025-11-20,DELTA_TRADES,CL416635,RELIANCE,BUY,289,913.56,264018.84
2025-11-20,BETA_INVEST,CL722170,LT,SELL,26,365.19,9494.94
2025-11-25,BETA_INVEST,CL303836,AXISBANK,BUY,182,605.9,110273.8
2025-11-22,ALPHA_SEC,CL239922,TATAMOTORS,SELL,299,1012.83,302836.17
2025-11-24,DELTA_TRADES,CL779261,KOTAKBANK,SELL,155,1390.68,215555.4
2025-11-20,OMEGA_BROKING,CL912439,LT,SELL,33,687.99,22703.67
2025-11-22,ALPHA_SEC,CL575278,RELIANCE,BUY,116,503.9,58452.4
2025-11-24,DELTA_TRADES,CL453603,INFY,BUY,156,1223.85,190920.6
2025-11-26,DELTA_TRADES,CL316605,HDFC,BUY,239,1763.07,421373.73
2025-11-24,BETA_INVEST,CL619450,ICICIBANK,BUY,281,2179.41,612414.21
2025-11-23,OMEGA_BROKING,CL819226,KOTAKBANK,BUY,114,2221.98,253305.72
2025-11-21,BETA_INVEST,CL401701,TATAMOTORS,BUY,250,1203.8,300950.0
2025-11-23,ALPHA_SEC,CL980054,LT,BUY,164,2287.14,375090.96
2025-11-26,ALPHA_SEC,CL766129,SBIN,SELL,234,1870.9,437790.6
2025-11-22,BETA_INVEST,CL885997,AXISBANK,SELL,4,2492.44,9969.76
2025-11-25,OMEGA_BROKING,CL736753,ICICIBANK,SELL,295,1820.42,537023.9
2025-11-22,OMEGA_BROKING,CL459564,KOTAKBANK,SELL,68,679.14,46181.52
2025-11-26,ALPHA_SEC,CL988668,LT,SELL,269,2252.15,605828.35
2025-11-24,ALPHA_SEC,CL513416,AXISBANK,SELL,154,1043.68,160726.72
2025-11-21,BETA_INVEST,CL703436,RELIANCE,BUY,19,1911.32,36315.08
2025-11-26,ALPHA_SEC,CL347604,KOTAKBANK,SELL,135,847.83,114457.05
2025-11-26,DELTA_TRADES,CL347992,AXISBANK,BUY,40,2344.71,93788.4
2025-11-24,BETA_INVEST,CL809771,ICICIBANK,BUY,285,1139.22,324677.7
2025-11-23,DELTA_TRADES,CL214977,AXISBANK,SELL,235,1986.36,466794.6
2025-11-24,DELTA_TRADES,CL298104,TATAMOTORS,SELL,86,539.21,46372.06
2025-11-22,DELTA_TRADES,CL695078,ICICIBANK,BUY,71,2293.3,162824.3
2025-11-21,ALPHA_SEC,CL766900,TATAMOTORS,BUY,245,2134.47,522945.15
2025-11-23,DELTA_TRADES,CL319014,LT,BUY,9,174.86,1573.74
2025-11-24,ALPHA_SEC,CL256127,KOTAKBANK,BUY,166,1944.21,322738.86
2025-11-22,BETA_INVEST,CL277497,KOTAKBANK,BUY,80,1241.52,99321.6
2025-11-23,BETA_INVEST,CL393349,ICICIBANK,BUY,181,221.41,40075.21
2025-11-26,DELTA_TRADES,CL389152,ICICIBANK,SELL,282,1846.35,520670.7
2025-11-25,DELTA_TRADES,CL362438,ITC,SELL,264,918.81,242565.84
2025-11-25,DELTA_TRADES,CL157494,LT,SELL,300,1615.38,484614.0
2025-11-25,OMEGA_BROKING,CL660004,HDFC,SELL,254,485.32,123271.28
2025-11-21,BETA_INVEST,CL943479,AXISBANK,SELL,265,735.07,194793.55
2025-11-24,OMEGA_BROKING,CL581203,ITC,SELL,231,1692.36,390935.16
2025-11-22,OMEGA_BROKING,CL867985,KOTAKBANK,BUY,6,1373.19,8239.14
2025-11-24,BETA_INVEST,CL545637,AXISBANK,SELL,73,332.43,24267.39
2025-11-21,ALPHA_SEC,CL662493,ITC,BUY,38,1587.69,60332.22
2025-11-23,OMEGA_BROKING,CL613842,SBIN,BUY,123,1273.22,156606.06
2025-11-25,ALPHA_SEC,CL153087,AXISBANK,SELL,143,1291.43,184674.49
2025-11-25,OMEGA_BROKING,CL588612,RELIANCE,SELL,10,2107.0,21070.0
2025-11-21,OMEGA_BROKING,CL856686,INFY,BUY,269,1521.83,409372.27
2025-11-26,BETA_INVEST,CL420933,RELIANCE,SELL,177,1463.98,259124.46
2025-11-22,DELTA_TRADES,CL331424,ICICIBANK,BUY,35,1283.32,44916.2
2025-11-21,DELTA_TRADES,CL558183,AXISBANK,SELL,145,2338.42,339070.9
2025-11-26,BETA_INVEST,CL738630,KOTAKBANK,SELL,235,1190.23,279704.05
2025-11-26,DELTA_TRADES,CL925145,HDFC,BUY,136,2033.12,276504.32
2025-11-24,OMEGA_BROKING,CL982860,LT,BUY,287,2203.57,632424.59
2025-11-21,BETA_INVEST,CL382628,RELIANCE,SELL,50,840.83,42041.5
2025-11-25,ALPHA_SEC,CL965358,ITC,SELL,24,124.56,2989.44
2025-11-20,BETA_INVEST,CL010984,KOTAKBANK,BUY,11,1634.7,17981.7
2025-11-20,BETA_INVEST,CL529012,AXISBANK,BUY,252,1279.98,322554.96
2025-11-25,ALPHA_SEC,CL583504,LT,BUY,281,1504.4,422736.4
2025-11-25,BETA_INVEST,CL968920,HDFC,SELL,215,2163.25,465098.75
2025-11-24,ALPHA_SEC,CL598166,KOTAKBANK,SELL,38,899.3,34173.4
2025-11-25,OMEGA_BROKING,CL611620,INFY,SELL,52,396.9,20638.8
2025-11-25,ALPHA_SEC,CL299350,LT,BUY,186,1975.75,367489.5
2025-11-21,DELTA_TRADES,CL482585,ITC,BUY,123,265.83,32697.09
2025-11-22,DELTA_TRADES,CL082538,RELIANCE,BUY,3,1935.2,5805.6
2025-11-22,BETA_INVEST,CL984503,ITC,SELL,118,2240.12,264334.16
2025-11-22,ALPHA_SEC,CL187293,TATAMOTORS,BUY,12,1328.96,15947.52
2025-11-21,ALPHA_SEC,CL075474,ITC,BUY,43,2166.81,93172.83
2025-11-20,DELTA_TRADES,CL074701,TATAMOTORS,BUY,148,1863.42,275786.16
2025-11-23,DELTA_TRADES,CL763394,KOTAKBANK,SELL,117,579.52,67803.84
2025-11-22,BETA_INVEST,CL008897,KOTAKBANK,BUY,211,654.63,138126.93
2025-11-26,ALPHA_SEC,CL426013,ITC,BUY,162,1024.1,165904.2
2025-11-23,DELTA_TRADES,CL054470,LT,BUY,268,1778.45,476624.6
2025-11-26,BETA_INVEST,CL386305,RELIANCE,BUY,298,891.48,265661.04
2025-11-20,OMEGA_BROKING,CL468499,KOTAKBANK,SELL,35,382.62,13391.7
2025-11-23,ALPHA_SEC,CL946490,RELIANCE,SELL,23,670.2,15414.6
2025-11-21,OMEGA_BROKING,CL202017,HDFC,BUY,300,2427.87,728361.0
2025-11-22,OMEGA_BROKING,CL890116,INFY,BUY,232,1305.6,302899.2
2025-11-24,ALPHA_SEC,CL941454,SBIN,SELL,93,2138.91,198918.63
2025-11-25,BETA_INVEST,CL639983,AXISBANK,SELL,191,2297.41,438805.31
2025-11-24,BETA_INVEST,CL315517,ICICIBANK,BUY,125,1618.77,202346.25
2025-11-25,BETA_INVEST,CL535877,HDFC,BUY,103,2117.28,218079.84
2025-11-24,OMEGA_BROKING,CL600147,HDFC,SELL,72,1086.82,78251.04
2025-11-21,OMEGA_BROKING,CL732275,RELIANCE,BUY,284,467.44,132752.96
2025-11-24,DELTA_TRADES,CL439120,KOTAKBANK,SELL,133,1187.54,157942.82
2025-11-20,DELTA_TRADES,CL497069,TATAMOTORS,SELL,21,1167.66,24520.86
2025-11-22,DELTA_TRADES,CL655520,HDFC,BUY,12,1423.94,17087.28
2025-11-22,BETA_INVEST,CL281174,ICICIBANK,SELL,219,1652.19,361829.61
2025-11-23,BETA_INVEST,CL043637,TATAMOTORS,SELL,121,1353.37,163757.77
2025-11-21,DELTA_TRADES,CL007279,ICICIBANK,BUY,95,2258.2,214529.0
2025-11-25,BETA_INVEST,CL818421,SBIN,SELL,157,1892.36,297100.52
2025-11-24,DELTA_TRADES,CL764369,LT,BUY,131,383.25,50205.75
2025-11-24,ALPHA_SEC,CL341210,RELIANCE,BUY,297,1415.11,420287.67
2025-11-20,OMEGA_BROKING,CL264283,AXISBANK,SELL,86,960.29,82584.94
2025-11-22,ALPHA_SEC,CL419708,HDFC,SELL,143,2095.75,299692.25
2025-11-22,OMEGA_BROKING,CL695739,INFY,BUY,23,688.87,15844.01
2025-11-26,ALPHA_SEC,CL242692,LT,SELL,101,1005.54,101559.54
2025-11-26,DELTA_TRADES,CL977035,INFY,SELL,33,151.71,5006.43
2025-11-26,ALPHA_SEC,CL411929,SBIN,SELL,17,2433.45,41368.65
2025-11-22,OMEGA_BROKING,CL673380,ICICIBANK,SELL,138,1131.16,156100.08
2025-11-25,ALPHA_SEC,CL917170,ITC,SELL,164,1968.79,322881.56
2025-11-24,OMEGA_BROKING,CL549450,SBIN,BUY,295,2062.52,608443.4
2025-11-24,OMEGA_BROKING,CL173058,ICICIBANK,SELL,105,2493.27,261793.35
2025-11-24,OMEGA_BROKING,CL378088,AXISBANK,SELL,34,1471.47,50029.98
2025-11-23,DELTA_TRADES,CL003917,ITC,BUY,261,842.06,219777.66
2025-11-25,BETA_INVEST,CL075666,HDFC,SELL,190,1109.0,210710.0
2025-11-21,ALPHA_SEC,CL339564,LT,SELL,170,2404.39,408746.3
2025-11-24,OMEGA_BROKING,CL926757,ICICIBANK,SELL,163,1286.85,209756.55
2025-11-21,OMEGA_BROKING,CL177710,LT,BUY,242,2253.35,545310.7
2025-11-23,OMEGA_BROKING,CL169037,KOTAKBANK,SELL,132,901.97,119060.04
2025-11-25,BETA_INVEST,CL943105,TATAMOTORS,BUY,138,2210.6,305062.8
2025-11-23,DELTA_TRADES,CL821721,LT,BUY,244,2098.16,511951.04
2025-11-24,ALPHA_SEC,CL794408,RELIANCE,BUY,289,892.76,258007.64
2025-11-22,DELTA_TRADES,CL899157,LT,SELL,245,1659.59,406599.55
2025-11-21,DELTA_TRADES,CL446099,ITC,SELL,181,848.09,153504.29
2025-11-23,ALPHA_SEC,CL343727,LT,SELL,164,136.77,22430.28
2025-11-23,ALPHA_SEC,CL049077,KOTAKBANK,SELL,257,2200.52,565533.64
2025-11-20,DELTA_TRADES,CL280268,SBIN,SELL,79,971.47,76746.13
2025-11-20,DELTA_TRADES,CL104477,TATAMOTORS,BUY,64,1614.79,103346.56
2025-11-26,OMEGA_BROKING,CL491174,INFY,BUY,32,2304.31,73737.92
2025-11-20,DELTA_TRADES,CL357941,SBIN,SELL,62,1931.32,119741.84
2025-11-22,ALPHA_SEC,CL775125,TATAMOTORS,BUY,168,2284.52,383799.36
2025-11-23,BETA_INVEST,CL416507,ITC,SELL,36,1238.72,44593.92
2025-11-23,OMEGA_BROKING,CL517593,TATAMOTORS,SELL,197,2325.35,458093.95
2025-11-23,DELTA_TRADES,CL766324,SBIN,SELL,206,1567.03,322808.18
2025-11-21,ALPHA_SEC,CL053025,SBIN,SELL,233,914.94,213181.02
2025-11-23,ALPHA_SEC,CL627192,LT,BUY,30,1465.5,43965.0
2025-11-24,OMEGA_BROKING,CL407302,LT,BUY,108,1492.92,161235.36
2025-11-20,OMEGA_BROKING,CL161479,HDFC,BUY,53,1790.07,94873.71
2025-11-25,BETA_INVEST,CL015524,INFY,SELL,98,547.98,53702.04
2025-11-21,ALPHA_SEC,CL549369,ITC,BUY,203,761.24,154531.72
2025-11-23,BETA_INVEST,CL599589,TATAMOTORS,SELL,19,1393.32,26473.08
2025-11-20,ALPHA_SEC,CL234592,ITC,BUY,199,625.97,124568.03
2025-11-21,OMEGA_BROKING,CL226761,SBIN,SELL,205,1174.36,240743.8
2025-11-22,BETA_INVEST,CL764645,KOTAKBANK,SELL,86,469.75,40398.5
2025-11-25,DELTA_TRADES,CL348930,SBIN,BUY,81,2017.69,163432.89
2025-11-24,ALPHA_SEC,CL660935,ICICIBANK,SELL,290,688.55,199679.5
2025-11-21,ALPHA_SEC,CL819518,KOTAKBANK,SELL,202,1885.85,380941.7
2025-11-25,ALPHA_SEC,CL070930,HDFC,BUY,81,2298.64,186189.84
2025-11-22,DELTA_TRADES,CL326906,AXISBANK,SELL,102,1074.04,109552.08
2025-11-25,ALPHA_SEC,CL561057,LT,BUY,52,2148.69,111731.88
2025-11-20,DELTA_TRADES,CL265648,INFY,SELL,205,125.38,25702.9
2025-11-25,BETA_INVEST,CL080202,ITC,SELL,35,1593.5,55772.5
2025-11-25,BETA_INVEST,CL356389,TATAMOTORS,BUY,194,614.9,119290.6
2025-11-23,BETA_INVEST,CL949332,KOTAKBANK,SELL,153,1906.54,291700.62
2025-11-26,DELTA_TRADES,CL995547,AXISBANK,SELL,139,492.74,68490.86
2025-11-21,ALPHA_SEC,CL842359,ITC,BUY,211,1982.46,418299.06
2025-11-24,BETA_INVEST,CL204307,KOTAKBANK,BUY,90,1112.13,100091.7
2025-11-24,DELTA_TRADES,CL382544,SBIN,BUY,248,1180.31,292716.88
2025-11-25,OMEGA_BROKING,CL226457,INFY,SELL,56,1927.28,107927.68
2025-11-25,OMEGA_BROKING,CL242429,KOTAKBANK,BUY,141,1175.05,165682.05
2025-11-25,OMEGA_BROKING,CL846150,INFY,SELL,248,1778.09,440966.32
2025-11-23,BETA_INVEST,CL104283,ITC,BUY,143,675.15,96546.45
2025-11-22,BETA_INVEST,CL406469,INFY,SELL,157,2090.37,328188.09
2025-11-25,ALPHA_SEC,CL741963,ITC,SELL,103,1299.95,133894.85
2025-11-20,OMEGA_BROKING,CL078955,AXISBANK,BUY,186,1966.74,365813.64
2025-11-23,DELTA_TRADES,CL574045,LT,BUY,60,2353.12,141187.2
2025-11-24,ALPHA_SEC,CL738627,AXISBANK,SELL,288,2411.82,694604.16
2025-11-24,BETA_INVEST,CL202169,AXISBANK,SELL,7,1151.67,8061.69
2025-11-23,OMEGA_BROKING,CL582656,HDFC,SELL,225,362.15,81483.75
2025-11-25,OMEGA_BROKING,CL732800,RELIANCE,SELL,9,1692.28,15230.52
2025-11-23,DELTA_TRADES,CL645046,AXISBANK,SELL,4,1114.94,4459.76
2025-11-23,DELTA_TRADES,CL960633,AXISBANK,BUY,181,138.47,25063.07
2025-11-21,ALPHA_SEC,CL268756,SBIN,BUY,66,1036.01,68376.66
2025-11-22,BETA_INVEST,CL108141,KOTAKBANK,BUY,160,2133.88,341420.8
2025-11-21,BETA_INVEST,CL241209,SBIN,SELL,150,1444.68,216702.0
2025-11-25,ALPHA_SEC,CL963383,LT,SELL,138,1454.63,200738.94
2025-11-25,ALPHA_SEC,CL637330,RELIANCE,BUY,220,1788.27,393419.4
2025-11-24,DELTA_TRADES,CL918544,AXISBANK,BUY,2,575.25,1150.5
2025-11-21,BETA_INVEST,CL598652,ICICIBANK,SELL,45,801.96,36088.2
2025-11-24,ALPHA_SEC,CL664045,ITC,BUY,33,2481.66,81894.78
2025-11-26,BETA_INVEST,CL960993,RELIANCE,BUY,116,2442.7,283353.2
2025-11-25,BETA_INVEST,CL916011,INFY,BUY,12,2287.07,27444.84
2025-11-20,ALPHA_SEC,CL287711,INFY,SELL,95,461.59,43851.05
2025-11-21,DELTA_TRADES,CL340227,ICICIBANK,SELL,47,458.25,21537.75
2025-11-24,BETA_INVEST,CL421559,ICICIBANK,SELL,111,1680.86,186575.46
2025-11-23,BETA_INVEST,CL408600,KOTAKBANK,BUY,245,1956.62,479371.9
2025-11-20,OMEGA_BROKING,CL370690,ICICIBANK,SELL,298,513.39,152990.22
2025-11-25,DELTA_TRADES,CL720436,ICICIBANK,SELL,146,1545.89,225699.94
2025-11-26,ALPHA_SEC,CL803643,ICICIBANK,BUY,200,1205.66,241132.0
2025-11-23,ALPHA_SEC,CL945598,HDFC,BUY,288,1633.86,470551.68
2025-11-25,ALPHA_SEC,CL704199,AXISBANK,SELL,196,269.38,52798.48
2025-11-24,BETA_INVEST,CL401223,TATAMOTORS,SELL,6,995.3,5971.8
2025-11-24,OMEGA_BROKING,CL190802,KOTAKBANK,BUY,283,1834.55,519177.65
2025-11-25,OMEGA_BROKING,CL752608,KOTAKBANK,BUY,66,1009.22,66608.52
2025-11-22,BETA_INVEST,CL477633,TATAMOTORS,BUY,210,2070.28,434758.8
2025-11-21,OMEGA_BROKING,CL001509,LT,BUY,70,1619.02,113331.4
2025-11-21,DELTA_TRADES,CL522489,SBIN,SELL,165,701.53,115752.45
2025-11-21,BETA_INVEST,CL086042,INFY,BUY,272,1926.45,523994.4
2025-11-20,BETA_INVEST,CL192800,HDFC,BUY,81,272.65,22084.65
2025-11-23,OMEGA_BROKING,CL554628,SBIN,BUY,93,977.46,90903.78
2025-11-22,ALPHA_SEC,CL346105,HDFC,SELL,253,773.42,195675.26
2025-11-20,OMEGA_BROKING,CL981208,RELIANCE,SELL,96,1271.94,122106.24
2025-11-20,DELTA_TRADES,CL269275,AXISBANK,SELL,161,1548.61,249326.21
2025-11-23,OMEGA_BROKING,CL610637,HDFC,SELL,229,1184.49,271248.21
2025-11-24,ALPHA_SEC,CL653712,AXISBANK,SELL,179,1824.19,326530.01
2025-11-26,ALPHA_SEC,CL043512,SBIN,BUY,38,914.94,34767.72
2025-11-26,BETA_INVEST,CL955135,AXISBANK,SELL,295,859.93,253679.35
2025-11-22,ALPHA_SEC,CL147287,LT,BUY,191,2480.44,473764.04
2025-11-24,OMEGA_BROKING,CL753500,AXISBANK,SELL,163,365.02,59498.26
2025-11-20,ALPHA_SEC,CL292021,KOTAKBANK,SELL,71,778.99,55308.29
2025-11-22,ALPHA_SEC,CL506797,RELIANCE,SELL,112,672.33,75300.96
2025-11-23,DELTA_TRADES,CL939566,TATAMOTORS,BUY,79,549.21,43387.59
2025-11-21,OMEGA_BROKING,CL908468,RELIANCE,BUY,281,658.32,184987.92
2025-11-23,BETA_INVEST,CL261467,AXISBANK,BUY,230,1432.78,329539.4
2025-11-20,BETA_INVEST,CL740465,INFY,SELL,263,1821.28,478996.64
2025-11-24,BETA_INVEST,CL861782,LT,BUY,172,220.14,37864.08
2025-11-20,DELTA_TRADES,CL834762,TATAMOTORS,SELL,112,882.85,98879.2
2025-11-23,ALPHA_SEC,CL956887,ICICIBANK,BUY,25,120.13,3003.25
2025-11-24,DELTA_TRADES,CL707293,KOTAKBANK,SELL,272,1995.15,542680.8
2025-11-22,OMEGA_BROKING,CL625677,AXISBANK,BUY,123,1817.03,223494.69
2025-11-20,OMEGA_BROKING,CL090231,ITC,SELL,165,755.94,124730.1
2025-11-25,BETA_INVEST,CL101712,SBIN,SELL,150,1335.03,200254.5
2025-11-21,DELTA_TRADES,CL968729,TATAMOTORS,BUY,158,1711.65,270440.7
2025-11-21,ALPHA_SEC,CL082802,SBIN,BUY,87,2221.08,193233.96
2025-11-25,BETA_INVEST,CL162756,INFY,BUY,279,769.01,214553.79
2025-11-25,DELTA_TRADES,CL315516,ITC,SELL,75,1779.83,133487.25
2025-11-25,DELTA_TRADES,CL896274,TATAMOTORS,BUY,216,221.32,47805.12
2025-11-22,BETA_INVEST,CL454420,ICICIBANK,SELL,262,895.63,234655.06
2025-11-22,BETA_INVEST,CL903548,SBIN,BUY,68,682.48,46408.64
2025-11-26,BETA_INVEST,CL333831,TATAMOTORS,SELL,119,1138.72,135507.68
2025-11-20,BETA_INVEST,CL263815,TATAMOTORS,SELL,1,516.15,516.15
2025-11-21,ALPHA_SEC,CL162262,RELIANCE,BUY,201,331.77,66685.77
2025-11-26,OMEGA_BROKING,CL602622,ICICIBANK,BUY,161,1558.38,250899.18
2025-11-21,DELTA_TRADES,CL015929,ITC,BUY,291,1928.98,561333.18
2025-11-24,OMEGA_BROKING,CL021985,TATAMOTORS,SELL,141,1966.98,277344.18
2025-11-26,BETA_INVEST,CL095744,SBIN,BUY,77,1263.09,97257.93
2025-11-26,BETA_INVEST,CL208876,INFY,BUY,81,1162.11,94130.91
2025-11-21,BETA_INVEST,CL382791,SBIN,BUY,22,576.4,12680.8
2025-11-25,ALPHA_SEC,CL404619,ITC,BUY,147,1572.2,231113.4
2025-11-24,ALPHA_SEC,CL586822,AXISBANK,BUY,33,1796.72,59291.76
2025-11-26,DELTA_TRADES,CL326791,AXISBANK,SELL,256,2230.03,570887.68
2025-11-22,BETA_INVEST,CL259214,ICICIBANK,SELL,81,1936.22,156833.82
2025-11-21,ALPHA_SEC,CL867148,RELIANCE,SELL,127,2435.02,309247.54
2025-11-20,BETA_INVEST,CL346836,HDFC,SELL,10,2401.9,24019.0
2025-11-25,OMEGA_BROKING,CL359729,RELIANCE,BUY,211,1313.7,277190.7
2025-11-20,OMEGA_BROKING,CL622095,SBIN,SELL,170,1788.12,303980.4
2025-11-21,DELTA_TRADES,CL469646,KOTAKBANK,BUY,253,1842.52,466157.56
2025-11-25,ALPHA_SEC,CL019499,AXISBANK,BUY,248,1310.52,325008.96
2025-11-24,ALPHA_SEC,CL852683,KOTAKBANK,BUY,99,2228.27,220598.73
2025-11-24,DELTA_TRADES,CL727479,ICICIBANK,SELL,119,1387.84,165152.96
2025-11-21,DELTA_TRADES,CL265897,RELIANCE,SELL,10,529.52,5295.2
2025-11-20,ALPHA_SEC,CL861473,RELIANCE,BUY,179,1967.05,352101.95
2025-11-23,ALPHA_SEC,CL103675,HDFC,BUY,273,1839.38,502150.74
2025-11-20,OMEGA_BROKING,CL890438,KOTAKBANK,SELL,294,1345.88,395688.72
2025-11-22,BETA_INVEST,CL221299,INFY,BUY,14,1730.18,24222.52
2025-11-23,OMEGA_BROKING,CL962440,AXISBANK,BUY,290,608.77,176543.3
2025-11-26,BETA_INVEST,CL542991,RELIANCE,BUY,106,1050.51,111354.06
2025-11-22,BETA_INVEST,CL664113,INFY,SELL,39,2347.24,91542.36
2025-11-23,OMEGA_BROKING,CL322861,ICICIBANK,SELL,116,1992.24,231099.84
2025-11-23,BETA_INVEST,CL158846,ICICIBANK,BUY,71,2102.63,149286.73
2025-11-23,DELTA_TRADES,CL549872,ITC,SELL,243,1319.53,320645.79
2025-11-23,DELTA_TRADES,CL994428,ITC,BUY,54,960.74,51879.96
2025-11-23,OMEGA_BROKING,CL541026,ICICIBANK,SELL,213,2102.55,447843.15
2025-11-26,OMEGA_BROKING,CL983286,LT,SELL,285,2312.56,659079.6
2025-11-26,ALPHA_SEC,CL489197,RELIANCE,BUY,146,536.68,78355.28
2025-11-25,OMEGA_BROKING,CL784945,HDFC,SELL,175,1045.42,182948.5
2025-11-25,ALPHA_SEC,CL228085,TATAMOTORS,SELL,136,830.12,112896.32
2025-11-24,OMEGA_BROKING,CL016325,SBIN,BUY,134,207.29,27776.86
2025-11-26,BETA_INVEST,CL911766,ITC,BUY,123,2273.85,279683.55
2025-11-23,BETA_INVEST,CL006790,INFY,BUY,239,511.84,122329.76
2025-11-22,OMEGA_BROKING,CL865395,ICICIBANK,SELL,287,2362.83,678132.21
2025-11-20,OMEGA_BROKING,CL095134,RELIANCE,BUY,269,2014.33,541854.77
2025-11-22,BETA_INVEST,CL975909,ITC,SELL,84,2217.75,186291.0
2025-11-22,OMEGA_BROKING,CL697652,RELIANCE,SELL,193,2486.53,479900.29
2025-11-20,ALPHA_SEC,CL918671,LT,BUY,234,172.45,40353.3
2025-11-25,ALPHA_SEC,CL701908,RELIANCE,SELL,73,316.79,23125.67
2025-11-23,DELTA_TRADES,CL256006,INFY,SELL,236,2227.43,525673.48
2025-11-20,BETA_INVEST,CL576454,ICICIBANK,SELL,65,1998.37,129894.05
2025-11-23,ALPHA_SEC,CL970166,LT,BUY,14,1202.36,16833.04
2025-11-21,ALPHA_SEC,CL505070,ITC,BUY,242,800.43,193704.06
2025-11-21,DELTA_TRADES,CL428830,INFY,SELL,191,354.8,67766.8
2025-11-22,DELTA_TRADES,CL611297,AXISBANK,BUY,150,2023.49,303523.5
2025-11-26,DELTA_TRADES,CL022087,HDFC,BUY,175,1408.22,246438.5
2025-11-23,BETA_INVEST,CL826621,HDFC,SELL,15,1907.51,28612.65
2025-11-26,OMEGA_BROKING,CL805958,RELIANCE,SELL,47,856.73,40266.31
2025-11-24,OMEGA_BROKING,CL760547,LT,BUY,276,1352.3,373234.8
2025-11-24,BETA_INVEST,CL322098,SBIN,SELL,153,2243.83,343305.99
2025-11-25,OMEGA_BROKING,CL690525,KOTAKBANK,BUY,254,1680.17,426763.18
2025-11-21,OMEGA_BROKING,CL653950,SBIN,SELL,214,305.58,65394.12
2025-11-26,BETA_INVEST,CL530665,KOTAKBANK,SELL,65,429.24,27900.6
2025-11-22,DELTA_TRADES,CL436663,KOTAKBANK,SELL,125,1745.67,218208.75
2025-11-23,OMEGA_BROKING,CL503342,RELIANCE,BUY,174,2032.8,353707.2
2025-11-20,BETA_INVEST,CL147273,ICICIBANK,BUY,124,2240.33,277800.92
2025-11-24,BETA_INVEST,CL684090,TATAMOTORS,BUY,33,1950.1,64353.3
2025-11-21,OMEGA_BROKING,CL713718,KOTAKBANK,SELL,129,1811.19,233643.51
2025-11-25,ALPHA_SEC,CL845741,INFY,BUY,259,2123.33,549942.47
2025-11-23,ALPHA_SEC,CL392050,AXISBANK,BUY,279,704.73,196619.67
2025-11-26,OMEGA_BROKING,CL932088,RELIANCE,BUY,70,1502.68,105187.6
2025-11-23,OMEGA_BROKING,CL836514,HDFC,BUY,62,2041.87,126595.94
2025-11-24,ALPHA_SEC,CL352214,RELIANCE,BUY,49,1721.28,84342.72
2025-11-20,DELTA_TRADES,CL436566,AXISBANK,BUY,168,2205.82,370577.76
2025-11-21,OMEGA_BROKING,CL507208,KOTAKBANK,SELL,87,1552.74,135088.38
2025-11-23,ALPHA_SEC,CL863311,ICICIBANK,SELL,258,1259.29,324896.82
2025-11-22,ALPHA_SEC,CL352926,TATAMOTORS,BUY,26,1460.26,37966.76
2025-11-25,OMEGA_BROKING,CL424724,RELIANCE,SELL,75,566.5,42487.5
2025-11-23,DELTA_TRADES,CL604000,ITC,BUY,266,740.6,196999.6
2025-11-20,BETA_INVEST,CL708986,INFY,SELL,284,382.97,108763.48
2025-11-22,BETA_INVEST,CL168755,LT,SELL,218,2331.68,508306.24
2025-11-23,DELTA_TRADES,CL198709,AXISBANK,BUY,145,1230.43,178412.35
2025-11-26,OMEGA_BROKING,CL767320,TATAMOTORS,SELL,248,222.52,55184.96
2025-11-26,BETA_INVEST,CL129436,ICICIBANK,BUY,218,1957.84,426809.12
2025-11-21,OMEGA_BROKING,CL487085,AXISBANK,SELL,165,2378.56,392462.4
2025-11-20,OMEGA_BROKING,CL492906,RELIANCE,SELL,126,1126.76,141971.76
2025-11-24,BETA_INVEST,CL381751,AXISBANK,SELL,272,354.62,96456.64
2025-11-20,OMEGA_BROKING,CL570923,RELIANCE,SELL,214,1653.62,353874.68
2025-11-26,DELTA_TRADES,CL193181,TATAMOTORS,BUY,192,416.61,79989.12
2025-11-20,OMEGA_BROKING,CL964972,ITC,BUY,132,1276.14,168450.48
2025-11-26,DELTA_TRADES,CL422786,TATAMOTORS,SELL,253,142.89,36151.17
2025-11-23,DELTA_TRADES,CL679454,HDFC,SELL,183,1039.61,190248.63
2025-11-23,BETA_INVEST,CL576032,ITC,SELL,147,680.79,100076.13
2025-11-20,BETA_INVEST,CL949208,KOTAKBANK,SELL,151,760.92,114898.92
2025-11-25,DELTA_TRADES,CL903179,HDFC,BUY,222,1199.96,266391.12
2025-11-23,ALPHA_SEC,CL161147,LT,SELL,143,2406.15,344079.45
2025-11-20,OMEGA_BROKING,CL224233,AXISBANK,BUY,158,1228.97,194177.26
2025-11-21,BETA_INVEST,CL590985,SBIN,BUY,117,2207.82,258314.94
2025-11-21,BETA_INVEST,CL263500,AXISBANK,SELL,85,1291.94,109814.9
2025-11-23,OMEGA_BROKING,CL702270,TATAMOTORS,SELL,19,240.44,4568.36
2025-11-20,ALPHA_SEC,CL864090,AXISBANK,BUY,124,1919.41,238006.84
2025-11-21,DELTA_TRADES,CL183379,ICICIBANK,BUY,216,1735.19,374801.04
2025-11-22,OMEGA_BROKING,CL548918,AXISBANK,BUY,217,1669.46,362272.82
2025-11-24,BETA_INVEST,CL558075,RELIANCE,BUY,204,2130.0,434520.0
2025-11-25,DELTA_TRADES,CL665979,TATAMOTORS,SELL,238,2289.94,545005.72
2025-11-21,DELTA_TRADES,CL991238,HDFC,BUY,14,2032.64,28456.96
2025-11-22,DELTA_TRADES,CL829230,RELIANCE,BUY,266,1012.02,269197.32
2025-11-25,OMEGA_BROKING,CL585353,ICICIBANK,SELL,165,1681.41,277432.65
2025-11-20,DELTA_TRADES,CL021063,INFY,BUY,263,2338.94,615141.22
2025-11-23,OMEGA_BROKING,CL524479,RELIANCE,SELL,289,1267.49,366304.61
2025-11-22,BETA_INVEST,CL751603,TATAMOTORS,SELL,28,537.14,15039.92
2025-11-21,OMEGA_BROKING,CL512135,HDFC,BUY,206,2090.54,430651.24
2025-11-20,ALPHA_SEC,CL974835,AXISBANK,SELL,93,928.09,86312.37
2025-11-26,DELTA_TRADES,CL077264,INFY,BUY,148,1946.0,288008.0
2025-11-23,OMEGA_BROKING,CL261686,ITC,SELL,80,567.83,45426.4
2025-11-25,DELTA_TRADES,CL752311,ITC,SELL,217,1348.96,292724.32
2025-11-26,OMEGA_BROKING,CL465369,ICICIBANK,BUY,257,527.96,135685.72
2025-11-21,DELTA_TRADES,CL036516,RELIANCE,SELL,71,1746.11,123973.81
2025-11-23,ALPHA_SEC,CL054141,HDFC,SELL,123,2468.36,303608.28
2025-11-26,BETA_INVEST,CL715134,RELIANCE,BUY,46,215.88,9930.48
2025-11-26,OMEGA_BROKING,CL757748,KOTAKBANK,SELL,86,993.73,85460.78
2025-11-23,ALPHA_SEC,CL681396,SBIN,SELL,102,1710.75,174496.5
2025-11-20,ALPHA_SEC,CL289908,ICICIBANK,BUY,191,1103.06,210684.46
2025-11-25,OMEGA_BROKING,CL401789,TATAMOTORS,BUY,175,216.49,37885.75
2025-11-23,DELTA_TRADES,CL092254,HDFC,SELL,98,2452.49,240344.02
2025-11-21,ALPHA_SEC,CL969230,SBIN,BUY,17,343.72,5843.24
2025-11-21,OMEGA_BROKING,CL818734,INFY,SELL,127,2001.39,254176.53
2025-11-24,BETA_INVEST,CL570881,ITC,BUY,172,505.96,87025.12
2025-11-25,OMEGA_BROKING,CL989809,INFY,BUY,117,1157.61,135440.37
2025-11-21,BETA_INVEST,CL942678,RELIANCE,BUY,103,820.19,84479.57
2025-11-26,ALPHA_SEC,CL058387,ITC,SELL,264,2382.84,629069.76
2025-11-23,DELTA_TRADES,CL138826,RELIANCE,BUY,69,1373.36,94761.84
2025-11-20,DELTA_TRADES,CL925687,RELIANCE,SELL,203,1103.97,224105.91
2025-11-21,DELTA_TRADES,CL272791,KOTAKBANK,BUY,296,2368.3,701016.8
2025-11-23,ALPHA_SEC,CL410016,ICICIBANK,SELL,17,1625.15,27627.55
2025-11-23,BETA_INVEST,CL923650,AXISBANK,BUY,86,369.3,31759.8
2025-11-25,OMEGA_BROKING,CL794204,INFY,SELL,165,1984.34,327416.1
2025-11-22,ALPHA_SEC,CL476152,ITC,BUY,141,2347.33,330973.53
2025-11-24,BETA_INVEST,CL603600,HDFC,BUY,294,1734.3,509884.2
2025-11-24,BETA_INVEST,CL082885,ICICIBANK,SELL,21,2408.53,50579.13
2025-11-23,DELTA_TRADES,CL941212,ITC,SELL,272,801.98,218138.56
2025-11-20,BETA_INVEST,CL725268,AXISBANK,SELL,193,1017.73,196421.89
2025-11-20,OMEGA_BROKING,CL229782,INFY,BUY,198,615.71,121910.58
2025-11-26,DELTA_TRADES,CL832498,LT,BUY,251,1886.11,473413.61
2025-11-22,BETA_INVEST,CL066784,AXISBANK,BUY,300,1514.92,454476.0
2025-11-22,OMEGA_BROKING,CL995798,RELIANCE,SELL,217,1296.35,281307.95
2025-11-23,BETA_INVEST,CL473734,HDFC,BUY,210,2218.83,465954.3
2025-11-22,DELTA_TRADES,CL134636,RELIANCE,BUY,287,1135.73,325954.51
2025-11-20,ALPHA_SEC,CL743526,KOTAKBANK,BUY,250,332.17,83042.5
2025-11-26,OMEGA_BROKING,CL740884,SBIN,BUY,232,2010.22,466371.04
2025-11-21,ALPHA_SEC,CL753913,AXISBANK,BUY,289,2497.85,721878.65
2025-11-25,OMEGA_BROKING,CL956706,HDFC,SELL,43,1237.49,53212.07
2025-11-24,OMEGA_BROKING,CL053310,HDFC,BUY,128,1580.82,202344.96
2025-11-20,ALPHA_SEC,CL389506,TATAMOTORS,BUY,48,2343.98,112511.04
2025-11-25,ALPHA_SEC,CL442655,TATAMOTORS,SELL,282,949.08,267640.56
2025-11-22,DELTA_TRADES,CL040523,LT,BUY,270,1710.62,461867.4
2025-11-24,DELTA_TRADES,CL948827,KOTAKBANK,SELL,176,1786.99,314510.24
2025-11-26,DELTA_TRADES,CL895020,TATAMOTORS,SELL,12,1211.53,14538.36
2025-11-23,DELTA_TRADES,CL882510,HDFC,SELL,182,1385.17,252100.94
2025-11-22,OMEGA_BROKING,CL047468,RELIANCE,BUY,278,1795.15,499051.7
2025-11-21,OMEGA_BROKING,CL037461,RELIANCE,BUY,124,1782.0,220968.0
2025-11-21,DELTA_TRADES,CL388693,TATAMOTORS,SELL,161,1300.18,209328.98
2025-11-25,BETA_INVEST,CL951000,SBIN,BUY,40,557.15,22286.0
2025-11-26,DELTA_TRADES,CL094660,AXISBANK,BUY,104,1411.06,146750.24
2025-11-23,BETA_INVEST,CL088909,HDFC,BUY,78,1155.98,90166.44
2025-11-26,OMEGA_BROKING,CL339128,LT,SELL,299,2347.44,701884.56
2025-11-21,OMEGA_BROKING,CL117945,ICICIBANK,BUY,211,430.78,90894.58
2025-11-23,OMEGA_BROKING,CL847860,KOTAKBANK,BUY,62,1248.21,77389.02
2025-11-23,ALPHA_SEC,CL103790,HDFC,BUY,227,1499.47,340379.69
2025-11-22,DELTA_TRADES,CL106628,SBIN,BUY,105,612.19,64279.95
2025-11-21,ALPHA_SEC,CL274225,TATAMOTORS,SELL,28,1478.66,41402.48
2025-11-22,BETA_INVEST,CL896281,ITC,SELL,242,1968.32,476333.44
2025-11-26,BETA_INVEST,CL760017,LT,SELL,15,2263.81,33957.15
2025-11-20,BETA_INVEST,CL952082,AXISBANK,SELL,37,956.66,35396.42
2025-11-22,ALPHA_SEC,CL050639,AXISBANK,BUY,209,2080.63,434851.67
2025-11-20,OMEGA_BROKING,CL039119,HDFC,SELL,76,884.05,67187.8
2025-11-24,ALPHA_SEC,CL162647,INFY,SELL,117,1947.19,227821.23
2025-11-21,OMEGA_BROKING,CL773218,KOTAKBANK,SELL,176,243.62,42877.12
2025-11-25,BETA_INVEST,CL985644,TATAMOTORS,BUY,104,601.54,62560.16
2025-11-24,OMEGA_BROKING,CL038266,LT,SELL,30,994.12,29823.6
2025-11-22,ALPHA_SEC,CL810582,ITC,BUY,99,1160.06,114845.94
2025-11-21,BETA_INVEST,CL750260,RELIANCE,SELL,298,1857.97,553675.06
2025-11-25,OMEGA_BROKING,CL106192,INFY,BUY,272,1994.5,542504.0
2025-11-25,OMEGA_BROKING,CL100024,ICICIBANK,BUY,197,1812.23,357009.31
2025-11-23,OMEGA_BROKING,CL837840,RELIANCE,SELL,109,1628.83,177542.47
2025-11-21,ALPHA_SEC,CL224838,ITC,BUY,197,1457.41,287109.77
2025-11-25,OMEGA_BROKING,CL416804,KOTAKBANK,SELL,91,1910.32,173839.12
2025-11-23,BETA_INVEST,CL792652,RELIANCE,SELL,210,1801.91,378401.1
2025-11-22,ALPHA_SEC,CL119673,ICICIBANK,BUY,291,2095.08,609668.28
2025-11-24,OMEGA_BROKING,CL432736,AXISBANK,SELL,137,1757.41,240765.17
2025-11-26,BETA_INVEST,CL917504,ICICIBANK,BUY,52,948.56,49325.12
2025-11-25,ALPHA_SEC,CL087043,AXISBANK,SELL,220,1956.2,430364.0
2025-11-25,ALPHA_SEC,CL551016,ICICIBANK,SELL,285,1595.1,454603.5
2025-11-25,BETA_INVEST,CL785843,ICICIBANK,SELL,101,929.87,93916.87
2025-11-20,DELTA_TRADES,CL308325,LT,SELL,298,2423.03,722062.94
2025-11-24,OMEGA_BROKING,CL565729,AXISBANK,BUY,255,1673.77,426811.35
2025-11-23,BETA_INVEST,CL342757,ICICIBANK,SELL,177,668.48,118320.96
2025-11-24,OMEGA_BROKING,CL497598,AXISBANK,SELL,47,2483.64,116731.08
2025-11-25,BETA_INVEST,CL127424,INFY,BUY,282,620.7,175037.4
2025-11-23,ALPHA_SEC,CL562107,INFY,SELL,188,2266.29,426062.52
2025-11-24,BETA_INVEST,CL664433,INFY,SELL,56,2127.8,119156.8
2025-11-21,ALPHA_SEC,CL658868,INFY,SELL,268,1569.76,420695.68
2025-11-22,BETA_INVEST,CL658399,SBIN,BUY,135,2067.7,279139.5
2025-11-23,OMEGA_BROKING,CL842539,TATAMOTORS,SELL,299,2448.11,731984.89
2025-11-21,BETA_INVEST,CL948938,TATAMOTORS,SELL,72,1448.63,104301.36
2025-11-26,OMEGA_BROKING,CL827203,AXISBANK,SELL,19,1604.69,30489.11
2025-11-20,OMEGA_BROKING,CL529897,KOTAKBANK,SELL,147,1459.09,214486.23
2025-11-24,BETA_INVEST,CL330403,TATAMOTORS,SELL,253,791.16,200163.48
2025-11-21,BETA_INVEST,CL269031,INFY,SELL,136,779.63,106029.68
2025-11-25,BETA_INVEST,CL351632,ITC,SELL,295,1430.43,421976.85
2025-11-23,OMEGA_BROKING,CL715559,SBIN,BUY,119,1323.96,157551.24
2025-11-24,DELTA_TRADES,CL431135,RELIANCE,BUY,275,641.55,176426.25
2025-11-20,DELTA_TRADES,CL957459,INFY,BUY,179,219.89,39360.31
2025-11-20,DELTA_TRADES,CL753214,ICICIBANK,BUY,300,1660.51,498153.0
2025-11-23,ALPHA_SEC,CL864852,KOTAKBANK,BUY,201,1036.7,208376.7
2025-11-23,OMEGA_BROKING,CL361289,ICICIBANK,SELL,187,447.73,83725.51
2025-11-21,BETA_INVEST,CL617428,AXISBANK,SELL,109,1804.97,196741.73
2025-11-22,OMEGA_BROKING,CL996969,RELIANCE,SELL,209,289.44,60492.96
2025-11-23,BETA_INVEST,CL903970,SBIN,BUY,90,1799.07,161916.3
2025-11-21,BETA_INVEST,CL908190,KOTAKBANK,SELL,245,1719.08,421174.6
2025-11-21,ALPHA_SEC,CL845802,HDFC,SELL,112,2437.18,272964.16
2025-11-23,DELTA_TRADES,CL499696,ITC,BUY,155,1835.41,284488.55
2025-11-20,OMEGA_BROKING,CL925737,SBIN,SELL,214,2424.76,518898.64
2025-11-22,DELTA_TRADES,CL827030,KOTAKBANK,BUY,194,820.76,159227.44
2025-11-24,OMEGA_BROKING,CL761617,INFY,SELL,102,288.98,29475.96
2025-11-23,DELTA_TRADES,CL401849,ITC,BUY,230,345.44,79451.2
2025-11-23,OMEGA_BROKING,CL249055,TATAMOTORS,BUY,90,2154.65,193918.5
2025-11-21,ALPHA_SEC,CL050594,ICICIBANK,SELL,211,1582.84,333979.24
2025-11-23,ALPHA_SEC,CL383162,TATAMOTORS,BUY,51,1787.48,91161.48
2025-11-21,BETA_INVEST,CL714645,RELIANCE,BUY,246,1916.98,471577.08
2025-11-25,DELTA_TRADES,CL936156,TATAMOTORS,BUY,34,737.51,25075.34
2025-11-26,BETA_INVEST,CL543606,KOTAKBANK,SELL,175,2263.14,396049.5
2025-11-22,BETA_INVEST,CL569042,AXISBANK,BUY,126,1836.33,231377.58
2025-11-21,ALPHA_SEC,CL085502,KOTAKBANK,SELL,146,1242.29,181374.34
2025-11-24,BETA_INVEST,CL055579,SBIN,SELL,210,1663.66,349368.6
2025-11-23,ALPHA_SEC,CL633776,ITC,BUY,297,1352.94,401823.18
2025-11-26,BETA_INVEST,CL495412,KOTAKBANK,BUY,167,1931.53,322565.51
2025-11-20,OMEGA_BROKING,CL384471,HDFC,BUY,18,1177.37,21192.66
2025-11-26,OMEGA_BROKING,CL298499,RELIANCE,BUY,217,1808.88,392526.96
2025-11-24,BETA_INVEST,CL607849,INFY,SELL,125,748.55,93568.75
2025-11-26,BETA_INVEST,CL092669,KOTAKBANK,SELL,269,1579.62,424917.78
2025-11-21,BETA_INVEST,CL012477,ITC,BUY,297,557.01,165431.97
2025-11-21,OMEGA_BROKING,CL205268,KOTAKBANK,SELL,125,1381.99,172748.75
2025-11-22,OMEGA_BROKING,CL618331,ITC,SELL,90,397.55,35779.5
2025-11-23,DELTA_TRADES,CL297548,INFY,BUY,114,1899.61,216555.54
2025-11-24,ALPHA_SEC,CL870217,TATAMOTORS,BUY,12,1524.64,18295.68
2025-11-24,OMEGA_BROKING,CL316895,SBIN,SELL,261,1530.73,399520.53
2025-11-25,DELTA_TRADES,CL961844,ICICIBANK,SELL,154,1241.63,191211.02
2025-11-23,BETA_INVEST,CL436858,RELIANCE,SELL,232,1129.38,262016.16
2025-11-25,DELTA_TRADES,CL659424,RELIANCE,SELL,179,880.98,157695.42
2025-11-25,OMEGA_BROKING,CL561592,RELIANCE,BUY,233,660.82,153971.06
2025-11-24,BETA_INVEST,CL793856,RELIANCE,BUY,255,1393.08,355235.4
2025-11-21,BETA_INVEST,CL838939,LT,SELL,6,1446.38,8678.28
2025-11-20,OMEGA_BROKING,CL183814,AXISBANK,BUY,284,2139.14,607515.76
2025-11-22,OMEGA_BROKING,CL949076,TATAMOTORS,SELL,112,838.41,93901.92
2025-11-26,DELTA_TRADES,CL130264,TATAMOTORS,SELL,139,2258.29,313902.31
2025-11-24,ALPHA_SEC,CL619572,RELIANCE,SELL,297,2251.96,668832.12
2025-11-26,ALPHA_SEC,CL835581,HDFC,BUY,16,1930.1,30881.6
2025-11-20,OMEGA_BROKING,CL946121,TATAMOTORS,SELL,209,2302.17,481153.53
2025-11-25,DELTA_TRADES,CL684505,AXISBANK,BUY,209,1537.3,321295.7
2025-11-21,DELTA_TRADES,CL979238,SBIN,SELL,137,644.33,88273.21
2025-11-24,DELTA_TRADES,CL669597,LT,SELL,72,468.65,33742.8
2025-11-21,BETA_INVEST,CL054093,ITC,BUY,122,1406.12,171546.64
2025-11-23,BETA_INVEST,CL199079,RELIANCE,BUY,288,807.1,232444.8
2025-11-26,BETA_INVEST,CL624081,INFY,BUY,184,2230.19,410354.96
2025-11-21,ALPHA_SEC,CL718178,INFY,SELL,184,1166.84,214698.56
2025-11-25,ALPHA_SEC,CL852949,AXISBANK,SELL,292,755.61,220638.12
2025-11-23,OMEGA_BROKING,CL214702,RELIANCE,SELL,250,307.75,76937.5
2025-11-24,OMEGA_BROKING,CL300108,ICICIBANK,BUY,31,1760.76,54583.56
2025-11-22,OMEGA_BROKING,CL344490,SBIN,SELL,279,1586.34,442588.86
2025-11-20,DELTA_TRADES,CL801494,INFY,BUY,113,566.55,64020.15
2025-11-23,ALPHA_SEC,CL477377,ICICIBANK,SELL,199,1323.05,263286.95
2025-11-26,OMEGA_BROKING,CL212179,ITC,SELL,289,1633.08,471960.12
2025-11-22,ALPHA_SEC,CL484251,RELIANCE,BUY,71,998.25,70875.75
2025-11-22,OMEGA_BROKING,CL599851,ICICIBANK,BUY,160,1292.17,206747.2
2025-11-26,DELTA_TRADES,CL101819,AXISBANK,BUY,21,2154.09,45235.89
2025-11-25,OMEGA_BROKING,CL073778,INFY,BUY,99,1901.73,188271.27
2025-11-25,ALPHA_SEC,CL280653,RELIANCE,BUY,176,1084.31,190838.56
2025-11-26,ALPHA_SEC,CL145983,HDFC,BUY,163,955.91,155813.33
2025-11-26,OMEGA_BROKING,CL864733,RELIANCE,BUY,267,2369.48,632651.16
2025-11-26,BETA_INVEST,CL536782,LT,SELL,292,2474.12,722443.04
2025-11-25,BETA_INVEST,CL276443,ICICIBANK,SELL,184,2047.11,376668.24
2025-11-24,OMEGA_BROKING,CL098695,RELIANCE,BUY,241,2298.64,553972.24
2025-11-21,ALPHA_SEC,CL946739,TATAMOTORS,SELL,61,1403.42,85608.62
2025-11-25,DELTA_TRADES,CL586736,HDFC,SELL,227,2071.38,470203.26
2025-11-20,DELTA_TRADES,CL741498,INFY,BUY,277,2477.64,686306.28
2025-11-20,BETA_INVEST,CL565276,TATAMOTORS,SELL,212,655.46,138957.52
2025-11-25,BETA_INVEST,CL441274,AXISBANK,BUY,194,2234.06,433407.64
2025-11-26,BETA_INVEST,CL549014,RELIANCE,BUY,226,855.02,193234.52
2025-11-24,ALPHA_SEC,CL905356,LT,BUY,48,1418.05,68066.4
2025-11-22,OMEGA_BROKING,CL009478,ICICIBANK,BUY,290,512.65,148668.5
2025-11-26,DELTA_TRADES,CL657694,AXISBANK,SELL,70,137.19,9603.3
2025-11-26,BETA_INVEST,CL776290,TATAMOTORS,SELL,12,1454.74,17456.88
2025-11-24,DELTA_TRADES,CL279112,HDFC,SELL,19,712.34,13534.46
2025-11-20,DELTA_TRADES,CL937221,KOTAKBANK,BUY,70,2045.11,143157.7
2025-11-24,OMEGA_BROKING,CL068911,ITC,BUY,79,1899.83,150086.57
2025-11-22,BETA_INVEST,CL264043,LT,BUY,226,1591.62,359706.12
2025-11-24,ALPHA_SEC,CL662027,RELIANCE,SELL,114,1220.28,139111.92
2025-11-24,ALPHA_SEC,CL676082,HDFC,BUY,68,195.7,13307.6
2025-11-23,OMEGA_BROKING,CL922809,KOTAKBANK,SELL,219,1101.1,241140.9
2025-11-24,ALPHA_SEC,CL691433,KOTAKBANK,SELL,117,214.94,25147.98
2025-11-22,ALPHA_SEC,CL070994,ITC,BUY,155,2263.66,350867.3
2025-11-23,BETA_INVEST,CL607262,LT,BUY,216,1399.96,302391.36
2025-11-23,OMEGA_BROKING,CL922554,TATAMOTORS,BUY,112,1985.37,222361.44
2025-11-26,DELTA_TRADES,CL054208,KOTAKBANK,SELL,145,2429.66,352300.7
2025-11-26,OMEGA_BROKING,CL227146,LT,SELL,267,1394.03,372206.01
2025-11-22,DELTA_TRADES,CL589120,RELIANCE,BUY,107,918.77,98308.39
2025-11-21,DELTA_TRADES,CL134513,SBIN,BUY,210,795.83,167124.3
2025-11-26,ALPHA_SEC,CL754756,KOTAKBANK,BUY,188,2014.26,378680.88
2025-11-24,OMEGA_BROKING,CL945483,ICICIBANK,BUY,189,2277.76,430496.64
2025-11-23,ALPHA_SEC,CL350647,RELIANCE,BUY,97,2045.46,198409.62
2025-11-21,BETA_INVEST,CL536911,LT,SELL,81,2447.94,198283.14
2025-11-23,OMEGA_BROKING,CL327773,TATAMOTORS,BUY,245,311.9,76415.5
2025-11-21,ALPHA_SEC,CL331454,LT,BUY,85,2423.18,205970.3
2025-11-25,OMEGA_BROKING,CL556649,LT,BUY,2,227.16,454.32
2025-11-22,OMEGA_BROKING,CL387650,HDFC,SELL,44,2214.48,97437.12
2025-11-21,ALPHA_SEC,CL191344,KOTAKBANK,SELL,49,1122.31,54993.19
2025-11-23,DELTA_TRADES,CL694865,ICICIBANK,SELL,209,681.83,142502.47
2025-11-24,OMEGA_BROKING,CL898588,INFY,BUY,285,2449.81,698195.85
2025-11-22,OMEGA_BROKING,CL822838,SBIN,SELL,103,675.82,69609.46
2025-11-20,DELTA_TRADES,CL739568,RELIANCE,BUY,113,1728.05,195269.65
2025-11-22,BETA_INVEST,CL135886,INFY,SELL,276,334.99,92457.24
2025-11-25,DELTA_TRADES,CL343410,INFY,BUY,51,1782.22,90893.22
2025-11-21,ALPHA_SEC,CL336554,TATAMOTORS,SELL,113,2455.43,277463.59
2025-11-20,OMEGA_BROKING,CL740343,KOTAKBANK,SELL,119,522.68,62198.92
2025-11-25,OMEGA_BROKING,CL934231,INFY,BUY,157,1729.06,271462.42
2025-11-26,BETA_INVEST,CL057040,RELIANCE,SELL,183,2185.33,399915.39
2025-11-25,DELTA_TRADES,CL303225,TATAMOTORS,BUY,28,2284.09,63954.52
2025-11-22,ALPHA_SEC,CL651651,INFY,SELL,42,550.65,23127.3
2025-11-22,DELTA_TRADES,CL198213,TATAMOTORS,SELL,10,1670.01,16700.1
2025-11-25,ALPHA_SEC,CL624328,KOTAKBANK,BUY,89,1016.54,90472.06
2025-11-22,ALPHA_SEC,CL652799,KOTAKBANK,BUY,205,558.63,114519.15
2025-11-23,BETA_INVEST,CL547122,INFY,BUY,210,2416.7,507507.0
2025-11-22,DELTA_TRADES,CL137187,INFY,SELL,41,309.19,12676.79
2025-11-24,OMEGA_BROKING,CL372984,INFY,SELL,55,2029.53,111624.15
2025-11-21,OMEGA_BROKING,CL129927,TATAMOTORS,BUY,63,2334.38,147065.94
2025-11-22,ALPHA_SEC,CL333238,SBIN,SELL,15,406.76,6101.4
2025-11-20,ALPHA_SEC,CL751366,AXISBANK,BUY,136,1605.72,218377.92
2025-11-25,BETA_INVEST,CL327392,KOTAKBANK,BUY,34,1831.35,62265.9
2025-11-20,ALPHA_SEC,CL931995,SBIN,SELL,227,1707.69,387645.63
2025-11-22,OMEGA_BROKING,CL439891,LT,SELL,85,1859.2,158032.0
2025-11-22,DELTA_TRADES,CL862204,ITC,BUY,33,1946.03,64218.99
2025-11-21,DELTA_TRADES,CL004460,KOTAKBANK,SELL,84,336.69,28281.96
2025-11-22,BETA_INVEST,CL972932,HDFC,SELL,11,1516.33,16679.63
2025-11-25,DELTA_TRADES,CL718243,SBIN,BUY,192,1934.33,371391.36
2025-11-23,ALPHA_SEC,CL033764,AXISBANK,BUY,126,2418.85,304775.1
2025-11-21,BETA_INVEST,CL929260,HDFC,SELL,205,1117.75,229138.75
2025-11-25,ALPHA_SEC,CL044334,TATAMOTORS,BUY,238,2368.47,563695.86
2025-11-24,ALPHA_SEC,CL063971,HDFC,SELL,205,2403.26,492668.3
2025-11-24,DELTA_TRADES,CL183696,HDFC,BUY,225,1552.43,349296.75
2025-11-20,ALPHA_SEC,CL935450,ICICIBANK,SELL,55,1967.94,108236.7
2025-11-24,BETA_INVEST,CL111965,SBIN,BUY,60,2149.02,128941.2
2025-11-20,BETA_INVEST,CL348437,KOTAKBANK,BUY,273,1302.09,355470.57
2025-11-24,ALPHA_SEC,CL637870,AXISBANK,SELL,12,879.5,10554.0
2025-11-26,OMEGA_BROKING,CL456602,LT,BUY,114,2170.0,247380.0
2025-11-24,BETA_INVEST,CL842459,INFY,BUY,37,1878.85,69517.45
2025-11-26,OMEGA_BROKING,CL526280,TATAMOTORS,SELL,53,1414.25,74955.25
2025-11-20,BETA_INVEST,CL706873,TATAMOTORS,BUY,227,2152.02,488508.54
2025-11-24,ALPHA_SEC,CL756676,ITC,BUY,173,2342.22,405204.06
2025-11-21,OMEGA_BROKING,CL144101,ITC,SELL,36,1335.34,48072.24
2025-11-22,BETA_INVEST,CL484053,KOTAKBANK,BUY,203,547.43,111128.29
2025-11-21,ALPHA_SEC,CL167519,AXISBANK,BUY,183,509.72,93278.76
2025-11-20,BETA_INVEST,CL125382,RELIANCE,SELL,205,636.59,130500.95
2025-11-24,OMEGA_BROKING,CL534277,ITC,SELL,39,523.44,20414.16
2025-11-22,OMEGA_BROKING,CL146133,TATAMOTORS,BUY,258,1862.86,480617.88
2025-11-20,OMEGA_BROKING,CL841307,ITC,BUY,41,1730.31,70942.71
2025-11-22,BETA_INVEST,CL941906,LT,SELL,251,2322.48,582942.48
2025-11-26,OMEGA_BROKING,CL490306,HDFC,SELL,203,1045.77,212291.31
2025-11-22,OMEGA_BROKING,CL605883,TATAMOTORS,SELL,79,1845.39,145785.81
2025-11-25,DELTA_TRADES,CL966226,ITC,SELL,295,2470.58,728821.1
2025-11-26,BETA_INVEST,CL082931,TATAMOTORS,SELL,100,1438.99,143899.0
2025-11-25,DELTA_TRADES,CL088022,ITC,SELL,141,1503.61,212009.01
2025-11-24,BETA_INVEST,CL608377,ITC,BUY,50,445.52,22276.0
2025-11-25,OMEGA_BROKING,CL166331,HDFC,SELL,57,2152.25,122678.25
2025-11-21,DELTA_TRADES,CL848812,HDFC,SELL,294,2467.79,725530.26
2025-11-24,DELTA_TRADES,CL704802,LT,BUY,120,1427.64,171316.8
2025-11-26,BETA_INVEST,CL034486,ITC,SELL,193,1084.74,209354.82
2025-11-24,BETA_INVEST,CL360054,RELIANCE,SELL,108,2211.44,238835.52
2025-11-25,BETA_INVEST,CL109311,LT,BUY,184,2433.33,447732.72
2025-11-21,DELTA_TRADES,CL601910,RELIANCE,BUY,276,2302.87,635592.12
2025-11-26,DELTA_TRADES,CL528320,SBIN,BUY,23,1212.29,27882.67
2025-11-23,BETA_INVEST,CL598654,KOTAKBANK,BUY,152,1204.39,183067.28
2025-11-20,BETA_INVEST,CL748971,AXISBANK,BUY,295,250.9,74015.5
2025-11-21,OMEGA_BROKING,CL875029,TATAMOTORS,BUY,249,690.07,171827.43
2025-11-23,BETA_INVEST,CL452660,RELIANCE,BUY,36,1064.72,38329.92
2025-11-21,OMEGA_BROKING,CL268837,HDFC,BUY,4,2479.14,9916.56
2025-11-24,OMEGA_BROKING,CL961945,SBIN,SELL,208,1553.91,323213.28
2025-11-21,BETA_INVEST,CL690624,INFY,SELL,140,2476.63,346728.2
2025-11-26,OMEGA_BROKING,CL292592,SBIN,SELL,69,1406.57,97053.33
2025-11-25,DELTA_TRADES,CL403113,AXISBANK,BUY,80,536.88,42950.4
2025-11-22,OMEGA_BROKING,CL378008,RELIANCE,SELL,56,1447.8,81076.8
2025-11-20,OMEGA_BROKING,CL713218,AXISBANK,BUY,102,801.24,81726.48
2025-11-25,OMEGA_BROKING,CL468150,AXISBANK,BUY,146,1291.97,188627.62
2025-11-25,OMEGA_BROKING,CL284182,ITC,SELL,151,739.22,111622.22
2025-11-22,OMEGA_BROKING,CL861675,HDFC,BUY,13,789.21,10259.73
2025-11-26,ALPHA_SEC,CL145741,INFY,BUY,218,1183.46,257994.28
2025-11-25,DELTA_TRADES,CL955300,LT,SELL,174,603.05,104930.7
2025-11-20,OMEGA_BROKING,CL595927,TATAMOTORS,BUY,268,1503.02,402809.36
2025-11-25,BETA_INVEST,CL062267,ICICIBANK,SELL,65,496.05,32243.25
2025-11-22,OMEGA_BROKING,CL824679,LT,SELL,54,2014.18,108765.72
2025-11-21,BETA_INVEST,CL846719,ICICIBANK,BUY,87,1042.83,90726.21
2025-11-22,OMEGA_BROKING,CL106413,RELIANCE,BUY,57,704.39,40150.23
2025-11-22,BETA_INVEST,CL153841,SBIN,BUY,63,666.74,42004.62
2025-11-26,BETA_INVEST,CL993891,ICICIBANK,BUY,84,2064.16,173389.44
2025-11-21,BETA_INVEST,CL528162,TATAMOTORS,SELL,285,1622.26,462344.1
2025-11-25,BETA_INVEST,CL917674,KOTAKBANK,BUY,223,618.71,137972.33
2025-11-24,BETA_INVEST,CL153685,ICICIBANK,BUY,177,2360.68,417840.36
2025-11-24,OMEGA_BROKING,CL893039,ICICIBANK,SELL,68,568.93,38687.24
2025-11-22,OMEGA_BROKING,CL783336,TATAMOTORS,SELL,279,834.06,232702.74
2025-11-22,ALPHA_SEC,CL841561,AXISBANK,SELL,244,810.58,197781.52
2025-11-26,BETA_INVEST,CL998132,ITC,SELL,173,188.79,32660.67
2025-11-26,BETA_INVEST,CL845078,RELIANCE,SELL,34,1196.01,40664.34
2025-11-26,DELTA_TRADES,CL012246,RELIANCE,SELL,291,447.08,130100.28
2025-11-22,DELTA_TRADES,CL599628,AXISBANK,SELL,300,1805.01,541503.0
2025-11-24,DELTA_TRADES,CL980301,TATAMOTORS,BUY,193,1480.77,285788.61
2025-11-25,OMEGA_BROKING,CL150681,SBIN,BUY,81,234.1,18962.1
2025-11-24,OMEGA_BROKING,CL419527,HDFC,SELL,263,1947.13,512095.19
2025-11-20,DELTA_TRADES,CL099297,LT,BUY,262,2302.5,603255.0
2025-11-23,ALPHA_SEC,CL736753,INFY,BUY,24,942.95,22630.8
2025-11-20,DELTA_TRADES,CL115060,ITC,SELL,298,2249.52,670356.96
2025-11-24,OMEGA_BROKING,CL660160,TATAMOTORS,BUY,259,2427.94,628836.46
2025-11-23,ALPHA_SEC,CL943717,SBIN,BUY,45,1056.83,47557.35
2025-11-20,BETA_INVEST,CL188164,SBIN,BUY,5,906.36,4531.8
2025-11-23,ALPHA_SEC,CL246188,SBIN,BUY,10,1936.37,19363.7
2025-11-22,BETA_INVEST,CL652684,RELIANCE,BUY,187,623.51,116596.37
2025-11-25,DELTA_TRADES,CL102553,ICICIBANK,BUY,223,1642.05,366177.15
2025-11-22,ALPHA_SEC,CL230160,AXISBANK,BUY,263,1072.0,281936.0
2025-11-20,OMEGA_BROKING,CL814893,HDFC,SELL,161,960.22,154595.42
2025-11-22,OMEGA_BROKING,CL165519,INFY,BUY,265,1810.41,479758.65
2025-11-24,OMEGA_BROKING,CL608511,SBIN,BUY,96,2112.54,202803.84
2025-11-23,BETA_INVEST,CL664739,HDFC,SELL,31,989.31,30668.61
2025-11-21,BETA_INVEST,CL807886,AXISBANK,SELL,102,1849.06,188604.12
2025-11-24,OMEGA_BROKING,CL377870,RELIANCE,BUY,240,1107.51,265802.4
2025-11-22,DELTA_TRADES,CL248346,ITC,SELL,234,1767.72,413646.48
2025-11-21,BETA_INVEST,CL711688,RELIANCE,BUY,235,1841.56,432766.6
2025-11-26,DELTA_TRADES,CL147052,HDFC,SELL,12,1025.91,12310.92
2025-11-20,OMEGA_BROKING,CL648266,HDFC,BUY,244,1460.1,356264.4
2025-11-23,BETA_INVEST,CL969812,INFY,BUY,298,2092.4,623535.2
2025-11-22,BETA_INVEST,CL996407,RELIANCE,SELL,288,1527.19,439830.72
2025-11-21,OMEGA_BROKING,CL502498,ITC,BUY,165,1071.39,176779.35
2025-11-24,DELTA_TRADES,CL152265,RELIANCE,BUY,12,573.25,6879.0
2025-11-20,OMEGA_BROKING,CL919345,INFY,SELL,167,2286.56,381855.52
2025-11-21,DELTA_TRADES,CL838797,HDFC,SELL,146,2249.08,328365.68
2025-11-20,OMEGA_BROKING,CL514176,ICICIBANK,SELL,292,1843.39,538269.88
2025-11-20,BETA_INVEST,CL135331,KOTAKBANK,BUY,60,1057.7,63462.0
2025-11-20,DELTA_TRADES,CL624399,SBIN,BUY,294,921.28,270856.32
2025-11-24,OMEGA_BROKING,CL389263,HDFC,BUY,261,434.79,113480.19
2025-11-25,OMEGA_BROKING,CL234568,HDFC,BUY,191,2300.67,439427.97
2025-11-24,BETA_INVEST,CL584416,ICICIBANK,BUY,128,1710.57,218952.96
2025-11-23,DELTA_TRADES,CL411509,ITC,SELL,61,2420.95,147677.95
2025-11-24,DELTA_TRADES,CL628883,KOTAKBANK,SELL,222,521.3,115728.6
2025-11-20,BETA_INVEST,CL075541,KOTAKBANK,BUY,47,2132.34,100219.98
2025-11-25,ALPHA_SEC,CL622659,INFY,SELL,268,1152.64,308907.52
2025-11-22,ALPHA_SEC,CL158834,AXISBANK,SELL,26,1747.43,45433.18
2025-11-23,ALPHA_SEC,CL941316,LT,SELL,45,2145.37,96541.65
2025-11-21,DELTA_TRADES,CL567634,KOTAKBANK,SELL,194,1141.04,221361.76
2025-11-22,DELTA_TRADES,CL722542,AXISBANK,SELL,52,394.17,20496.84
2025-11-22,ALPHA_SEC,CL545697,LT,BUY,114,544.22,62041.08
2025-11-26,DELTA_TRADES,CL180546,LT,BUY,198,1183.52,234336.96
2025-11-23,BETA_INVEST,CL481356,SBIN,BUY,209,662.46,138454.14
2025-11-22,ALPHA_SEC,CL187463,ICICIBANK,BUY,281,1054.55,296328.55
2025-11-25,BETA_INVEST,CL638471,AXISBANK,SELL,296,1822.58,539483.68
2025-11-23,OMEGA_BROKING,CL222641,SBIN,BUY,52,1157.26,60177.52
2025-11-20,DELTA_TRADES,CL752177,ITC,SELL,257,581.63,149478.91
2025-11-24,OMEGA_BROKING,CL254016,AXISBANK,BUY,241,548.54,132198.14
2025-11-25,OMEGA_BROKING,CL457494,LT,BUY,17,2379.6,40453.2
2025-11-20,BETA_INVEST,CL082619,INFY,BUY,278,718.54,199754.12
2025-11-23,OMEGA_BROKING,CL244427,RELIANCE,BUY,231,1078.5,249133.5
2025-11-26,DELTA_TRADES,CL261471,RELIANCE,BUY,167,2355.85,393426.95
2025-11-20,OMEGA_BROKING,CL225715,INFY,BUY,162,1038.99,168316.38
2025-11-26,DELTA_TRADES,CL156198,HDFC,SELL,193,2458.97,474581.21
2025-11-23,ALPHA_SEC,CL384335,HDFC,SELL,284,1604.4,455649.6
2025-11-24,OMEGA_BROKING,CL677437,TATAMOTORS,SELL,203,2297.44,466380.32
2025-11-25,ALPHA_SEC,CL433069,HDFC,BUY,162,2097.99,339874.38
2025-11-20,OMEGA_BROKING,CL452064,KOTAKBANK,BUY,110,415.2,45672.0
2025-11-22,BETA_INVEST,CL293452,KOTAKBANK,SELL,118,495.54,58473.72
2025-11-22,ALPHA_SEC,CL980268,KOTAKBANK,BUY,151,2434.69,367638.19
2025-11-23,OMEGA_BROKING,CL315103,ICICIBANK,BUY,94,1221.06,114779.64
2025-11-23,ALPHA_SEC,CL026663,TATAMOTORS,BUY,89,2153.1,191625.9
2025-11-25,OMEGA_BROKING,CL038041,TATAMOTORS,BUY,128,2032.28,260131.84
2025-11-23,OMEGA_BROKING,CL187430,HDFC,BUY,208,2071.88,430951.04
2025-11-20,DELTA_TRADES,CL102984,INFY,SELL,103,1771.26,182439.78
2025-11-26,ALPHA_SEC,CL583989,ICICIBANK,SELL,291,1224.21,356245.11
2025-11-20,OMEGA_BROKING,CL810204,ITC,SELL,109,1640.78,178845.02
2025-11-26,BETA_INVEST,CL648163,AXISBANK,BUY,53,1938.27,102728.31
2025-11-23,ALPHA_SEC,CL038967,INFY,BUY,261,1813.46,473313.06
2025-11-26,ALPHA_SEC,CL088750,KOTAKBANK,BUY,107,1342.86,143686.02
2025-11-25,ALPHA_SEC,CL933243,KOTAKBANK,SELL,130,1157.02,150412.6
2025-11-21,ALPHA_SEC,CL469298,TATAMOTORS,SELL,259,217.06,56218.54
2025-11-26,DELTA_TRADES,CL306968,ITC,BUY,91,599.82,54583.62
2025-11-21,DELTA_TRADES,CL867998,HDFC,SELL,208,1209.01,251474.08
2025-11-23,BETA_INVEST,CL637627,LT,SELL,288,921.94,265518.72
2025-11-23,DELTA_TRADES,CL341118,RELIANCE,BUY,9,2131.43,19182.87
2025-11-24,OMEGA_BROKING,CL154435,HDFC,SELL,133,1185.67,157694.11
2025-11-25,ALPHA_SEC,CL972514,AXISBANK,BUY,146,607.4,88680.4
2025-11-25,OMEGA_BROKING,CL007443,INFY,SELL,46,760.55,34985.3
2025-11-24,DELTA_TRADES,CL941974,TATAMOTORS,SELL,65,849.57,55222.05
2025-11-25,BETA_INVEST,CL330910,AXISBANK,SELL,145,397.58,57649.1
2025-11-25,DELTA_TRADES,CL748751,TATAMOTORS,BUY,250,1549.0,387250.0
2025-11-23,DELTA_TRADES,CL504288,ICICIBANK,BUY,7,1089.24,7624.68
2025-11-20,ALPHA_SEC,CL586757,LT,SELL,28,1285.91,36005.48
2025-11-20,ALPHA_SEC,CL485944,LT,BUY,123,2118.37,260559.51
2025-11-25,DELTA_TRADES,CL130372,INFY,BUY,295,825.56,243540.2
2025-11-23,ALPHA_SEC,CL139435,TATAMOTORS,BUY,129,1464.35,188901.15
2025-11-21,DELTA_TRADES,CL521961,TATAMOTORS,SELL,293,1287.21,377152.53
2025-11-22,BETA_INVEST,CL258737,INFY,BUY,270,1100.7,297189.0
2025-11-25,ALPHA_SEC,CL297774,LT,SELL,155,2111.8,327329.0
2025-11-23,OMEGA_BROKING,CL006877,HDFC,BUY,58,1252.53,72646.74
2025-11-22,OMEGA_BROKING,CL092263,HDFC,BUY,38,370.47,14077.86
2025-11-21,BETA_INVEST,CL899611,ICICIBANK,BUY,154,2448.13,377012.02
2025-11-24,ALPHA_SEC,CL986096,TATAMOTORS,BUY,297,1014.2,301217.4
2025-11-21,BETA_INVEST,CL531617,AXISBANK,BUY,248,741.81,183968.88
2025-11-25,BETA_INVEST,CL721062,SBIN,SELL,233,541.29,126120.57
2025-11-26,ALPHA_SEC,CL583938,KOTAKBANK,SELL,251,1728.96,433968.96
2025-11-25,ALPHA_SEC,CL946499,HDFC,BUY,102,320.76,32717.52
2025-11-21,DELTA_TRADES,CL527336,KOTAKBANK,SELL,249,2192.4,545907.6
2025-11-25,BETA_INVEST,CL929291,KOTAKBANK,SELL,273,2320.31,633444.63
2025-11-20,DELTA_TRADES,CL725487,KOTAKBANK,BUY,95,2434.97,231322.15
2025-11-20,OMEGA_BROKING,CL723514,SBIN,SELL,259,2100.37,543995.83
2025-11-23,BETA_INVEST,CL982662,LT,BUY,132,593.0,78276.0
2025-11-24,ALPHA_SEC,CL096713,RELIANCE,SELL,178,1795.64,319623.92
2025-11-24,OMEGA_BROKING,CL832002,RELIANCE,SELL,196,1919.9,376300.4
2025-11-25,BETA_INVEST,CL392178,AXISBANK,SELL,283,2170.18,614160.94
2025-11-26,ALPHA_SEC,CL825036,AXISBANK,SELL,9,815.78,7342.02
2025-11-25,DELTA_TRADES,CL861742,SBIN,BUY,177,1300.88,230255.76
2025-11-26,BETA_INVEST,CL265330,KOTAKBANK,SELL,141,1204.7,169862.7
2025-11-20,ALPHA_SEC,CL121595,KOTAKBANK,SELL,1,2046.02,2046.02
2025-11-23,OMEGA_BROKING,CL373012,ITC,BUY,98,1125.44,110293.12
2025-11-23,OMEGA_BROKING,CL546817,AXISBANK,SELL,201,2345.64,471473.64
2025-11-23,ALPHA_SEC,CL731436,TATAMOTORS,BUY,104,321.97,33484.88
2025-11-25,DELTA_TRADES,CL608779,ICICIBANK,SELL,80,1830.39,146431.2
2025-11-26,BETA_INVEST,CL112352,KOTAKBANK,SELL,190,268.62,51037.8
2025-11-22,BETA_INVEST,CL540354,LT,BUY,14,351.97,4927.58
2025-11-22,ALPHA_SEC,CL050651,KOTAKBANK,SELL,110,658.12,72393.2
2025-11-21,BETA_INVEST,CL026032,INFY,BUY,45,1917.53,86288.85
2025-11-21,OMEGA_BROKING,CL559288,ITC,BUY,186,2093.58,389405.88
2025-11-25,BETA_INVEST,CL882114,TATAMOTORS,BUY,249,1937.18,482357.82
2025-11-24,BETA_INVEST,CL418841,SBIN,SELL,125,2306.27,288283.75
2025-11-24,DELTA_TRADES,CL817083,ITC,SELL,37,2448.63,90599.31
2025-11-20,OMEGA_BROKING,CL776072,HDFC,BUY,83,841.44,69839.52
2025-11-21,ALPHA_SEC,CL618155,ICICIBANK,BUY,262,1697.87,444841.94
2025-11-23,ALPHA_SEC,CL947511,LT,BUY,264,2165.83,571779.12
2025-11-24,OMEGA_BROKING,CL969850,HDFC,BUY,221,1301.84,287706.64
2025-11-21,DELTA_TRADES,CL817942,SBIN,SELL,94,1543.66,145104.04
2025-11-21,OMEGA_BROKING,CL254149,AXISBANK,SELL,31,722.19,22387.89
2025-11-24,OMEGA_BROKING,CL833869,AXISBANK,BUY,232,506.96,117614.72
2025-11-21,BETA_INVEST,CL691964,KOTAKBANK,SELL,132,228.47,30158.04
2025-11-24,OMEGA_BROKING,CL554754,HDFC,BUY,70,714.21,49994.7
2025-11-24,BETA_INVEST,CL070169,SBIN,BUY,217,218.52,47418.84
2025-11-25,ALPHA_SEC,CL035930,ICICIBANK,BUY,26,1231.47,32018.22
2025-11-26,DELTA_TRADES,CL501678,AXISBANK,SELL,189,1218.65,230324.85
2025-11-20,DELTA_TRADES,CL769081,SBIN,SELL,205,2097.72,430032.6
2025-11-22,ALPHA_SEC,CL362313,INFY,BUY,90,1746.94,157224.6
2025-11-20,ALPHA_SEC,CL487036,KOTAKBANK,BUY,194,1537.77,298327.38
2025-11-22,OMEGA_BROKING,CL750520,AXISBANK,SELL,12,1581.6,18979.2
2025-11-23,ALPHA_SEC,CL827253,TATAMOTORS,BUY,289,1661.28,480109.92
2025-11-22,DELTA_TRADES,CL735958,LT,SELL,68,769.34,52315.12
2025-11-24,DELTA_TRADES,CL993092,SBIN,BUY,273,378.79,103409.67
2025-11-21,DELTA_TRADES,CL425495,AXISBANK,SELL,8,266.17,2129.36
2025-11-24,OMEGA_BROKING,CL977815,ICICIBANK,SELL,36,250.04,9001.44
2025-11-22,DELTA_TRADES,CL258343,ITC,SELL,266,1308.31,348010.46
2025-11-24,BETA_INVEST,CL029336,AXISBANK,SELL,206,861.62,177493.72
2025-11-21,ALPHA_SEC,CL077766,LT,BUY,145,651.75,94503.75
2025-11-20,DELTA_TRADES,CL967887,ICICIBANK,SELL,9,705.88,6352.92
2025-11-21,ALPHA_SEC,CL995363,LT,SELL,153,1275.57,195162.21
2025-11-21,ALPHA_SEC,CL843993,AXISBANK,BUY,122,873.31,106543.82
2025-11-25,OMEGA_BROKING,CL443929,RELIANCE,SELL,59,669.46,39498.14
2025-11-25,ALPHA_SEC,CL322610,ICICIBANK,BUY,295,1249.64,368643.8
2025-11-26,OMEGA_BROKING,CL446035,TATAMOTORS,SELL,211,1741.79,367517.69
2025-11-22,OMEGA_BROKING,CL689767,AXISBANK,BUY,95,296.18,28137.1
2025-11-21,BETA_INVEST,CL735714,ITC,BUY,35,1864.65,65262.75
2025-11-22,BETA_INVEST,CL797597,LT,BUY,162,561.37,90941.94
2025-11-20,OMEGA_BROKING,CL532265,AXISBANK,BUY,121,1937.38,234422.98
2025-11-22,DELTA_TRADES,CL385656,SBIN,BUY,251,2122.73,532805.23
2025-11-25,DELTA_TRADES,CL765526,LT,SELL,118,2003.9,236460.2
2025-11-21,DELTA_TRADES,CL103972,ICICIBANK,SELL,281,1975.82,555205.42
2025-11-26,BETA_INVEST,CL917127,INFY,BUY,249,1847.19,459950.31
2025-11-22,DELTA_TRADES,CL691728,ICICIBANK,SELL,222,1627.21,361240.62
2025-11-23,ALPHA_SEC,CL226997,ICICIBANK,BUY,275,510.12,140283.0
2025-11-26,BETA_INVEST,CL526655,LT,SELL,49,311.4,15258.6
2025-11-20,BETA_INVEST,CL990434,SBIN,SELL,151,1914.63,289109.13
2025-11-25,ALPHA_SEC,CL328964,LT,BUY,1,374.63,374.63
2025-11-22,ALPHA_SEC,CL383886,TATAMOTORS,BUY,26,1154.04,30005.04
2025-11-20,ALPHA_SEC,CL211873,RELIANCE,BUY,86,541.73,46588.78
2025-11-22,BETA_INVEST,CL567108,ICICIBANK,SELL,229,1020.24,233634.96
2025-11-26,ALPHA_SEC,CL257952,HDFC,SELL,263,2348.35,617616.05
2025-11-24,DELTA_TRADES,CL339131,LT,BUY,22,2404.63,52901.86
2025-11-20,DELTA_TRADES,CL166163,LT,BUY,111,1212.04,134536.44
2025-11-20,ALPHA_SEC,CL500250,ITC,BUY,228,1276.37,291012.36
2025-11-23,DELTA_TRADES,CL212862,RELIANCE,BUY,117,1381.71,161660.07
2025-11-21,BETA_INVEST,CL428335,HDFC,BUY,184,929.28,170987.52
2025-11-25,ALPHA_SEC,CL166706,ICICIBANK,SELL,216,374.54,80900.64
2025-11-23,BETA_INVEST,CL607100,TATAMOTORS,BUY,80,725.61,58048.8
2025-11-24,OMEGA_BROKING,CL952413,KOTAKBANK,BUY,298,1646.42,490633.16
2025-11-24,ALPHA_SEC,CL569437,ICICIBANK,BUY,279,1726.93,481813.47
2025-11-21,OMEGA_BROKING,CL938585,LT,SELL,184,1898.14,349257.76
2025-11-25,OMEGA_BROKING,CL290771,SBIN,BUY,79,2033.63,160656.77
2025-11-26,OMEGA_BROKING,CL860086,HDFC,BUY,179,1699.79,304262.41
2025-11-26,DELTA_TRADES,CL556896,LT,SELL,57,170.98,9745.86
2025-11-26,DELTA_TRADES,CL049443,TATAMOTORS,SELL,266,1997.6,531361.6
2025-11-26,OMEGA_BROKING,CL113618,KOTAKBANK,SELL,155,1696.44,262948.2
2025-11-20,DELTA_TRADES,CL607206,ITC,SELL,137,570.28,78128.36
2025-11-23,BETA_INVEST,CL233923,HDFC,BUY,101,373.15,37688.15
2025-11-26,DELTA_TRADES,CL371642,ITC,SELL,194,419.47,81377.18
2025-11-24,BETA_INVEST,CL036340,INFY,BUY,215,1015.98,218435.7
2025-11-20,ALPHA_SEC,CL619376,LT,SELL,28,1994.49,55845.72
2025-11-20,BETA_INVEST,CL076361,ITC,SELL,123,268.02,32966.46
2025-11-21,BETA_INVEST,CL160539,AXISBANK,SELL,61,2325.6,141861.6
2025-11-25,DELTA_TRADES,CL683400,RELIANCE,BUY,245,2309.59,565849.55
2025-11-20,DELTA_TRADES,CL639091,HDFC,SELL,84,150.74,12662.16
2025-11-23,DELTA_TRADES,CL008322,INFY,BUY,259,1130.71,292853.89
2025-11-20,BETA_INVEST,CL777327,RELIANCE,SELL,150,1768.48,265272.0
2025-11-25,ALPHA_SEC,CL247089,ICICIBANK,BUY,236,1123.25,265087.0
2025-11-21,ALPHA_SEC,CL403065,ICICIBANK,BUY,149,1992.95,296949.55
2025-11-23,BETA_INVEST,CL220690,SBIN,BUY,171,1257.98,215114.58
2025-11-20,BETA_INVEST,CL146221,LT,BUY,284,332.51,94432.84
2025-11-20,OMEGA_BROKING,CL157853,ITC,BUY,108,1377.73,148794.84
2025-11-20,BETA_INVEST,CL819173,SBIN,SELL,205,1073.33,220032.65
2025-11-23,ALPHA_SEC,CL372523,SBIN,SELL,32,995.12,31843.84
2025-11-24,ALPHA_SEC,CL706081,KOTAKBANK,SELL,260,1147.94,298464.4
2025-11-24,BETA_INVEST,CL960245,RELIANCE,BUY,87,1153.13,100322.31
2025-11-21,BETA_INVEST,CL898330,AXISBANK,BUY,200,1061.69,212338.0
2025-11-23,DELTA_TRADES,CL084798,ICICIBANK,SELL,223,217.62,48529.26
2025-11-21,BETA_INVEST,CL620600,HDFC,BUY,150,850.39,127558.5
2025-11-24,BETA_INVEST,CL185333,KOTAKBANK,BUY,9,258.13,2323.17
2025-11-23,DELTA_TRADES,CL285968,KOTAKBANK,BUY,168,219.24,36832.32
2025-11-24,DELTA_TRADES,CL401837,HDFC,BUY,46,1621.49,74588.54
2025-11-26,OMEGA_BROKING,CL070923,INFY,BUY,299,1586.45,474348.55
2025-11-26,OMEGA_BROKING,CL671552,INFY,SELL,14,2434.82,34087.48
2025-11-23,ALPHA_SEC,CL923566,LT,BUY,292,1143.72,333966.24
2025-11-21,BETA_INVEST,CL909107,KOTAKBANK,SELL,16,1244.91,19918.56
2025-11-26,DELTA_TRADES,CL891454,ICICIBANK,SELL,209,890.46,186106.14
2025-11-25,OMEGA_BROKING,CL918451,INFY,BUY,272,248.56,67608.32
2025-11-24,OMEGA_BROKING,CL421729,TATAMOTORS,SELL,176,505.49,88966.24
2025-11-26,BETA_INVEST,CL768133,KOTAKBANK,BUY,258,676.73,174596.34
2025-11-21,ALPHA_SEC,CL075906,AXISBANK,SELL,173,970.42,167882.66
2025-11-23,DELTA_TRADES,CL577079,ICICIBANK,SELL,66,749.96,49497.36
2025-11-24,DELTA_TRADES,CL804896,ICICIBANK,BUY,285,2368.04,674891.4
2025-11-22,BETA_INVEST,CL391324,ITC,SELL,101,1945.32,196477.32
2025-11-22,DELTA_TRADES,CL260800,TATAMOTORS,SELL,59,714.59,42160.81
2025-11-23,BETA_INVEST,CL625885,ITC,BUY,205,1333.85,273439.25
2025-11-25,OMEGA_BROKING,CL888767,RELIANCE,SELL,123,1776.34,218489.82
2025-11-22,DELTA_TRADES,CL424549,SBIN,SELL,82,2451.43,201017.26
2025-11-23,DELTA_TRADES,CL585560,SBIN,BUY,165,1842.1,303946.5
2025-11-24,ALPHA_SEC,CL207098,AXISBANK,BUY,89,2043.78,181896.42
2025-11-23,OMEGA_BROKING,CL652975,LT,BUY,197,652.98,128637.06
2025-11-24,DELTA_TRADES,CL796923,HDFC,SELL,227,2231.45,506539.15
2025-11-26,DELTA_TRADES,CL521142,RELIANCE,BUY,96,1277.01,122592.96
2025-11-24,OMEGA_BROKING,CL006965,HDFC,SELL,263,2411.58,634245.54
2025-11-24,ALPHA_SEC,CL029184,SBIN,SELL,277,1909.79,529011.83
2025-11-23,ALPHA_SEC,CL972353,SBIN,BUY,29,1843.69,53467.01
2025-11-21,OMEGA_BROKING,CL074268,KOTAKBANK,SELL,163,1432.21,233450.23
2025-11-24,ALPHA_SEC,CL215805,LT,SELL,193,747.73,144311.89
2025-11-26,ALPHA_SEC,CL135617,ITC,SELL,99,1781.93,176411.07
2025-11-25,OMEGA_BROKING,CL777301,HDFC,BUY,154,591.87,91147.98
2025-11-21,BETA_INVEST,CL125767,RELIANCE,BUY,184,662.07,121820.88
2025-11-26,ALPHA_SEC,CL851496,TATAMOTORS,SELL,159,1002.8,159445.2
2025-11-24,OMEGA_BROKING,CL397732,ITC,BUY,136,1286.42,174953.12
2025-11-22,OMEGA_BROKING,CL862431,HDFC,BUY,172,1977.36,340105.92
2025-11-26,ALPHA_SEC,CL767252,TATAMOTORS,BUY,165,618.09,101984.85
2025-11-25,ALPHA_SEC,CL476852,RELIANCE,BUY,66,299.85,19790.1
2025-11-23,DELTA_TRADES,CL498393,KOTAKBANK,BUY,185,551.69,102062.65
2025-11-20,ALPHA_SEC,CL943931,HDFC,SELL,166,2302.53,382219.98
2025-11-25,DELTA_TRADES,CL728934,LT,SELL,249,1436.54,357698.46
2025-11-20,DELTA_TRADES,CL661679,INFY,BUY,281,257.53,72365.93
2025-11-26,DELTA_TRADES,CL850806,SBIN,SELL,69,293.61,20259.09
2025-11-26,BETA_INVEST,CL338902,ITC,BUY,181,1165.26,210912.06
2025-11-20,ALPHA_SEC,CL993325,TATAMOTORS,BUY,288,575.99,165885.12
2025-11-24,BETA_INVEST,CL217005,TATAMOTORS,BUY,290,1228.77,356343.3
2025-11-20,OMEGA_BROKING,CL687035,LT,BUY,217,129.95,28199.15
2025-11-22,OMEGA_BROKING,CL900605,INFY,SELL,230,1512.97,347983.1
2025-11-26,DELTA_TRADES,CL253589,RELIANCE,SELL,285,502.65,143255.25
2025-11-23,BETA_INVEST,CL803155,ICICIBANK,SELL,268,989.78,265261.04
2025-11-26,BETA_INVEST,CL931663,LT,BUY,139,342.2,47565.8
2025-11-22,OMEGA_BROKING,CL595745,AXISBANK,BUY,18,772.62,13907.16
2025-11-20,BETA_INVEST,CL936461,INFY,SELL,41,2169.67,88956.47
2025-11-24,ALPHA_SEC,CL230324,ITC,BUY,234,211.83,49568.22
2025-11-25,BETA_INVEST,CL798137,SBIN,BUY,29,1672.07,48490.03
2025-11-22,DELTA_TRADES,CL620076,ITC,SELL,167,616.9,103022.3
2025-11-24,BETA_INVEST,CL494080,HDFC,BUY,86,426.25,36657.5
2025-11-26,OMEGA_BROKING,CL625058,KOTAKBANK,BUY,55,879.04,48347.2
2025-11-25,DELTA_TRADES,CL385116,RELIANCE,BUY,175,1639.85,286973.75
2025-11-23,OMEGA_BROKING,CL823729,ICICIBANK,BUY,61,1805.19,110116.59
2025-11-20,ALPHA_SEC,CL295398,KOTAKBANK,BUY,247,295.22,72919.34
2025-11-21,DELTA_TRADES,CL998402,HDFC,BUY,166,2261.76,375452.16
2025-11-23,ALPHA_SEC,CL236668,HDFC,BUY,100,2013.76,201376.0
2025-11-23,DELTA_TRADES,CL098960,TATAMOTORS,SELL,7,1769.13,12383.91
2025-11-25,ALPHA_SEC,CL802436,ICICIBANK,SELL,250,2199.71,549927.5
2025-11-23,DELTA_TRADES,CL332618,KOTAKBANK,BUY,104,2434.68,253206.72
2025-11-21,DELTA_TRADES,CL573418,KOTAKBANK,BUY,137,1047.24,143471.88
2025-11-22,BETA_INVEST,CL511516,HDFC,BUY,222,702.83,156028.26
2025-11-20,OMEGA_BROKING,CL183242,LT,BUY,225,2023.76,455346.0
2025-11-21,DELTA_TRADES,CL049900,RELIANCE,BUY,76,1734.25,131803.0
2025-11-24,ALPHA_SEC,CL555313,LT,SELL,75,582.61,43695.75
2025-11-22,BETA_INVEST,CL589252,HDFC,BUY,297,2255.74,669954.78
2025-11-21,BETA_INVEST,CL365056,AXISBANK,BUY,250,1286.72,321680.0
2025-11-24,DELTA_TRADES,CL001321,INFY,SELL,63,1344.07,84676.41
2025-11-24,ALPHA_SEC,CL098793,RELIANCE,BUY,30,2445.2,73356.0
2025-11-24,ALPHA_SEC,CL989648,TATAMOTORS,BUY,280,2353.67,659027.6
2025-11-21,OMEGA_BROKING,CL831676,SBIN,SELL,162,1406.58,227865.96
2025-11-22,DELTA_TRADES,CL753501,SBIN,SELL,238,706.99,168263.62
2025-11-21,OMEGA_BROKING,CL187998,SBIN,BUY,26,963.04,25039.04
2025-11-20,BETA_INVEST,CL410717,LT,SELL,287,150.89,43305.43
2025-11-25,BETA_INVEST,CL283622,TATAMOTORS,SELL,41,674.66,27661.06
2025-11-26,BETA_INVEST,CL829347,HDFC,SELL,191,480.68,91809.88
2025-11-23,DELTA_TRADES,CL487056,RELIANCE,BUY,280,1327.92,371817.6
2025-11-25,ALPHA_SEC,CL365916,ITC,BUY,107,542.14,58008.98
2025-11-25,OMEGA_BROKING,CL842715,SBIN,SELL,191,1053.41,201201.31
2025-11-26,ALPHA_SEC,CL922276,LT,SELL,252,440.43,110988.36
2025-11-26,DELTA_TRADES,CL945391,KOTAKBANK,BUY,42,257.42,10811.64
2025-11-25,ALPHA_SEC,CL638186,ICICIBANK,SELL,130,2218.11,288354.3
2025-11-21,OMEGA_BROKING,CL808647,RELIANCE,BUY,122,1345.47,164147.34
2025-11-23,OMEGA_BROKING,CL283994,RELIANCE,SELL,62,1208.87,74949.94
2025-11-26,BETA_INVEST,CL620928,TATAMOTORS,BUY,189,843.74,159466.86
2025-11-23,OMEGA_BROKING,CL536675,LT,SELL,63,2498.49,157404.87
2025-11-25,BETA_INVEST,CL601644,SBIN,BUY,29,632.67,18347.43
2025-11-26,OMEGA_BROKING,CL647819,RELIANCE,BUY,173,1137.29,196751.17
2025-11-20,BETA_INVEST,CL370304,ITC,SELL,187,2423.17,453132.79
2025-11-20,ALPHA_SEC,CL655303,HDFC,BUY,157,200.44,31469.08
2025-11-20,ALPHA_SEC,CL305647,SBIN,BUY,125,1132.9,141612.5
2025-11-21,BETA_INVEST,CL572799,SBIN,BUY,283,1417.84,401248.72
2025-11-23,BETA_INVEST,CL205672,HDFC,BUY,219,256.36,56142.84
2025-11-22,ALPHA_SEC,CL370607,INFY,BUY,64,1985.66,127082.24
2025-11-21,OMEGA_BROKING,CL036381,KOTAKBANK,SELL,232,1483.37,344141.84
2025-11-26,DELTA_TRADES,CL789153,ITC,BUY,59,665.41,39259.19
2025-11-24,OMEGA_BROKING,CL262186,ITC,SELL,265,1849.42,490096.3
2025-11-20,ALPHA_SEC,CL658385,ITC,BUY,232,386.75,89726.0
2025-11-23,ALPHA_SEC,CL495950,LT,BUY,293,1453.82,425969.26
2025-11-25,DELTA_TRADES,CL874358,KOTAKBANK,BUY,290,793.38,230080.2
2025-11-20,OMEGA_BROKING,CL071235,SBIN,SELL,57,1184.07,67491.99
2025-11-21,OMEGA_BROKING,CL039640,AXISBANK,SELL,217,1337.35,290204.95
2025-11-21,DELTA_TRADES,CL592321,SBIN,BUY,205,2126.32,435895.6
2025-11-21,OMEGA_BROKING,CL237839,LT,SELL,50,1927.02,96351.0
2025-11-20,OMEGA_BROKING,CL479975,SBIN,SELL,152,1088.64,165473.28
2025-11-22,OMEGA_BROKING,CL506895,RELIANCE,BUY,226,1429.67,323105.42
2025-11-26,ALPHA_SEC,CL900766,TATAMOTORS,BUY,156,186.58,29106.48
2025-11-24,ALPHA_SEC,CL929948,KOTAKBANK,BUY,36,2029.11,73047.96
2025-11-26,ALPHA_SEC,CL915482,INFY,BUY,46,2339.05,107596.3
2025-11-20,BETA_INVEST,CL879766,RELIANCE,SELL,5,1296.54,6482.7
2025-11-23,DELTA_TRADES,CL503599,ITC,SELL,43,1805.2,77623.6
2025-11-24,DELTA_TRADES,CL718366,TATAMOTORS,SELL,68,1175.88,79959.84
2025-11-23,ALPHA_SEC,CL464301,AXISBANK,BUY,111,768.69,85324.59
2025-11-24,ALPHA_SEC,CL774425,LT,SELL,213,1081.88,230440.44
2025-11-26,ALPHA_SEC,CL125501,RELIANCE,BUY,219,182.93,40061.67
2025-11-22,OMEGA_BROKING,CL040222,LT,BUY,150,2251.98,337797.0
2025-11-24,ALPHA_SEC,CL291597,LT,SELL,8,1406.71,11253.68
2025-11-26,OMEGA_BROKING,CL361111,ICICIBANK,BUY,222,1267.55,281396.1
2025-11-20,OMEGA_BROKING,CL836783,TATAMOTORS,BUY,135,952.44,128579.4
2025-11-24,BETA_INVEST,CL890363,INFY,SELL,165,237.96,39263.4
2025-11-23,DELTA_TRADES,CL162024,ITC,SELL,146,1343.83,196199.18
2025-11-23,BETA_INVEST,CL497882,ITC,BUY,297,2020.7,600147.9
2025-11-21,DELTA_TRADES,CL212838,RELIANCE,BUY,141,2442.68,344417.88
2025-11-24,BETA_INVEST,CL353785,SBIN,SELL,268,2108.39,565048.52
2025-11-20,BETA_INVEST,CL225429,ITC,BUY,155,1978.58,306679.9
2025-11-21,ALPHA_SEC,CL596913,SBIN,BUY,228,508.86,116020.08
2025-11-22,ALPHA_SEC,CL694287,LT,BUY,72,550.67,39648.24
2025-11-20,ALPHA_SEC,CL927279,TATAMOTORS,BUY,233,2245.14,523117.62
2025-11-22,BETA_INVEST,CL743442,HDFC,BUY,239,2460.4,588035.6
2025-11-23,OMEGA_BROKING,CL958260,KOTAKBANK,SELL,164,606.31,99434.84
2025-11-26,OMEGA_BROKING,CL630368,INFY,SELL,291,1619.67,471323.97
2025-11-21,DELTA_TRADES,CL435149,AXISBANK,SELL,84,214.61,18027.24
2025-11-25,BETA_INVEST,CL345927,AXISBANK,SELL,44,2377.7,104618.8
2025-11-21,ALPHA_SEC,CL640878,HDFC,SELL,241,346.08,83405.28
2025-11-21,DELTA_TRADES,CL784481,AXISBANK,BUY,7,2470.77,17295.39
2025-11-25,BETA_INVEST,CL661120,INFY,BUY,26,447.82,11643.32
2025-11-25,OMEGA_BROKING,CL222478,INFY,SELL,168,2166.0,363888.0
2025-11-24,ALPHA_SEC,CL992839,KOTAKBANK,BUY,93,1348.06,125369.58
2025-11-26,ALPHA_SEC,CL579498,ITC,SELL,148,1992.93,294953.64
2025-11-24,OMEGA_BROKING,CL295245,HDFC,BUY,61,2473.53,150885.33
2025-11-22,ALPHA_SEC,CL941373,ICICIBANK,SELL,249,2250.34,560334.66
2025-11-20,BETA_INVEST,CL548702,RELIANCE,SELL,47,1733.07,81454.29
2025-11-26,ALPHA_SEC,CL097434,KOTAKBANK,SELL,267,2474.99,660822.33
2025-11-22,DELTA_TRADES,CL242588,ICICIBANK,SELL,138,988.15,136364.7
2025-11-25,ALPHA_SEC,CL195287,LT,BUY,243,449.0,109107.0
2025-11-22,ALPHA_SEC,CL334417,LT,SELL,159,1059.52,168463.68
2025-11-22,BETA_INVEST,CL255706,RELIANCE,SELL,242,147.22,35627.24
2025-11-21,BETA_INVEST,CL239382,TATAMOTORS,BUY,39,1963.35,76570.65
2025-11-25,BETA_INVEST,CL864868,TATAMOTORS,BUY,49,425.02,20825.98
2025-11-21,OMEGA_BROKING,CL339981,AXISBANK,SELL,69,680.6,46961.4
2025-11-22,ALPHA_SEC,CL490776,KOTAKBANK,SELL,268,507.54,136020.72
2025-11-25,OMEGA_BROKING,CL271952,TATAMOTORS,SELL,77,507.67,39090.59
2025-11-26,ALPHA_SEC,CL109599,KOTAKBANK,SELL,125,1638.82,204852.5
2025-11-21,DELTA_TRADES,CL559453,AXISBANK,BUY,287,388.03,111364.61
2025-11-22,OMEGA_BROKING,CL604852,ICICIBANK,BUY,280,547.8,153384.0
2025-11-21,DELTA_TRADES,CL563411,ITC,SELL,159,2486.32,395324.88
2025-11-23,OMEGA_BROKING,CL526257,INFY,SELL,291,445.27,129573.57
2025-11-21,BETA_INVEST,CL638391,AXISBANK,BUY,67,2046.0,137082.0
2025-11-20,BETA_INVEST,CL336838,SBIN,SELL,6,2479.16,14874.96
2025-11-21,OMEGA_BROKING,CL728208,KOTAKBANK,BUY,270,2207.43,596006.1
2025-11-20,DELTA_TRADES,CL515805,AXISBANK,SELL,28,1282.3,35904.4
2025-11-20,OMEGA_BROKING,CL986858,ITC,BUY,244,446.2,108872.8
2025-11-24,ALPHA_SEC,CL459193,SBIN,SELL,287,1510.93,433636.91
2025-11-22,ALPHA_SEC,CL931778,ITC,BUY,212,1166.99,247401.88
2025-11-22,DELTA_TRADES,CL971729,KOTAKBANK,SELL,280,676.81,189506.8
2025-11-21,DELTA_TRADES,CL370909,HDFC,SELL,3,1314.14,3942.42
2025-11-20,OMEGA_BROKING,CL174946,KOTAKBANK,SELL,250,1864.33,466082.5
2025-11-23,DELTA_TRADES,CL233289,INFY,SELL,168,490.61,82422.48
2025-11-26,BETA_INVEST,CL675555,KOTAKBANK,BUY,181,775.99,140454.19
2025-11-26,BETA_INVEST,CL747124,SBIN,BUY,188,2201.03,413793.64
2025-11-21,BETA_INVEST,CL828501,INFY,SELL,176,2260.01,397761.76
2025-11-23,DELTA_TRADES,CL198563,LT,BUY,134,480.29,64358.86
2025-11-20,OMEGA_BROKING,CL564474,SBIN,BUY,181,756.08,136850.48
2025-11-23,OMEGA_BROKING,CL567814,TATAMOTORS,BUY,183,439.83,80488.89
2025-11-23,BETA_INVEST,CL796135,RELIANCE,SELL,193,2047.4,395148.2
2025-11-22,OMEGA_BROKING,CL540953,RELIANCE,BUY,248,2046.65,507569.2
2025-11-21,OMEGA_BROKING,CL746142,LT,BUY,187,939.68,175720.16
2025-11-21,ALPHA_SEC,CL441879,INFY,SELL,116,1396.84,162033.44
2025-11-22,ALPHA_SEC,CL780415,RELIANCE,BUY,208,1077.62,224144.96
2025-11-24,DELTA_TRADES,CL901525,TATAMOTORS,BUY,113,1456.24,164555.12
2025-11-20,OMEGA_BROKING,CL018682,AXISBANK,BUY,287,1941.8,557296.6
2025-11-20,DELTA_TRADES,CL705858,SBIN,BUY,87,2303.28,200385.36
2025-11-25,BETA_INVEST,CL566573,ICICIBANK,BUY,200,2147.57,429514.0
2025-11-21,ALPHA_SEC,CL604896,KOTAKBANK,BUY,56,1991.13,111503.28
2025-11-26,OMEGA_BROKING,CL913494,AXISBANK,SELL,5,1534.5,7672.5
2025-11-24,ALPHA_SEC,CL710189,ICICIBANK,SELL,291,1185.19,344890.29
2025-11-23,BETA_INVEST,CL063850,HDFC,SELL,244,2032.67,495971.48
2025-11-21,BETA_INVEST,CL417099,RELIANCE,BUY,87,454.92,39578.04
2025-11-26,OMEGA_BROKING,CL194990,KOTAKBANK,SELL,155,1383.15,214388.25
2025-11-24,BETA_INVEST,CL492190,KOTAKBANK,SELL,145,1613.18,233911.1
2025-11-26,OMEGA_BROKING,CL339188,KOTAKBANK,SELL,110,1023.36,112569.6
2025-11-24,OMEGA_BROKING,CL060332,RELIANCE,BUY,289,676.65,195551.85
2025-11-22,ALPHA_SEC,CL151188,RELIANCE,BUY,183,775.52,141920.16
2025-11-22,BETA_INVEST,CL156469,HDFC,BUY,61,864.75,52749.75
2025-11-20,DELTA_TRADES,CL160819,ITC,SELL,290,2180.34,632298.6
2025-11-21,BETA_INVEST,CL843223,KOTAKBANK,BUY,151,489.42,73902.42
2025-11-22,ALPHA_SEC,CL294542,ICICIBANK,BUY,144,1533.06,220760.64
2025-11-21,DELTA_TRADES,CL638878,RELIANCE,BUY,16,1960.52,31368.32
2025-11-20,DELTA_TRADES,CL444496,AXISBANK,SELL,194,2065.46,400699.24
2025-11-24,BETA_INVEST,CL235318,TATAMOTORS,BUY,141,444.17,62627.97
2025-11-21,DELTA_TRADES,CL362138,RELIANCE,SELL,224,291.57,65311.68
2025-11-25,BETA_INVEST,CL101988,TATAMOTORS,BUY,46,123.4,5676.4
2025-11-26,DELTA_TRADES,CL390394,SBIN,SELL,84,2371.81,199232.04
2025-11-23,OMEGA_BROKING,CL097597,ITC,BUY,236,319.18,75326.48
2025-11-25,ALPHA_SEC,CL214313,ICICIBANK,BUY,9,1671.06,15039.54
2025-11-26,OMEGA_BROKING,CL969480,ICICIBANK,SELL,162,436.58,70725.96
2025-11-23,BETA_INVEST,CL601178,INFY,SELL,289,1315.99,380321.11
2025-11-24,ALPHA_SEC,CL201515,AXISBANK,BUY,46,474.01,21804.46
2025-11-21,OMEGA_BROKING,CL865143,SBIN,SELL,168,503.49,84586.32
2025-11-20,ALPHA_SEC,CL261909,TATAMOTORS,BUY,27,2124.85,57370.95
2025-11-24,DELTA_TRADES,CL235904,AXISBANK,BUY,13,1653.21,21491.73
2025-11-24,DELTA_TRADES,CL559057,ICICIBANK,SELL,50,1412.29,70614.5
2025-11-23,OMEGA_BROKING,CL878767,AXISBANK,SELL,293,814.22,238566.46
2025-11-21,ALPHA_SEC,CL295413,LT,BUY,131,733.79,96126.49
2025-11-23,BETA_INVEST,CL674769,RELIANCE,BUY,105,249.71,26219.55
2025-11-24,DELTA_TRADES,CL956518,RELIANCE,BUY,6,1485.14,8910.84
2025-11-22,BETA_INVEST,CL117875,INFY,BUY,215,1683.18,361883.7
2025-11-23,ALPHA_SEC,CL841653,TATAMOTORS,BUY,78,154.68,12065.04
2025-11-21,ALPHA_SEC,CL606692,INFY,BUY,289,1967.96,568740.44
2025-11-25,OMEGA_BROKING,CL664545,RELIANCE,SELL,189,2495.38,471626.82
2025-11-22,DELTA_TRADES,CL711318,HDFC,BUY,18,1412.78,25430.04
2025-11-23,OMEGA_BROKING,CL029182,TATAMOTORS,BUY,165,570.92,94201.8
2025-11-21,BETA_INVEST,CL953620,KOTAKBANK,SELL,75,737.56,55317.0
2025-11-26,ALPHA_SEC,CL768905,ITC,SELL,158,951.57,150348.06
2025-11-22,OMEGA_BROKING,CL679702,HDFC,BUY,247,928.45,229327.15
2025-11-21,ALPHA_SEC,CL952518,HDFC,BUY,191,1700.32,324761.12
2025-11-21,BETA_INVEST,CL233501,KOTAKBANK,SELL,285,660.86,188345.1
2025-11-25,BETA_INVEST,CL849150,ICICIBANK,BUY,186,668.3,124303.8
2025-11-25,DELTA_TRADES,CL521104,INFY,SELL,34,1692.18,57534.12
2025-11-25,ALPHA_SEC,CL542407,AXISBANK,SELL,192,674.75,129552.0
2025-11-24,BETA_INVEST,CL612567,LT,SELL,192,1561.79,299863.68
2025-11-25,OMEGA_BROKING,CL231119,ITC,BUY,205,801.67,164342.35
2025-11-23,OMEGA_BROKING,CL342478,AXISBANK,BUY,204,902.04,184016.16
2025-11-26,OMEGA_BROKING,CL248148,SBIN,SELL,156,2087.01,325573.56
2025-11-25,BETA_INVEST,CL033200,AXISBANK,BUY,269,2397.74,644992.06
2025-11-25,DELTA_TRADES,CL190603,KOTAKBANK,SELL,205,2456.21,503523.05
2025-11-26,BETA_INVEST,CL718250,ICICIBANK,SELL,190,2115.29,401905.1
2025-11-23,OMEGA_BROKING,CL388385,INFY,BUY,175,2331.88,408079.0
2025-11-23,OMEGA_BROKING,CL375101,TATAMOTORS,SELL,267,1204.14,321505.38
2025-11-25,OMEGA_BROKING,CL862602,KOTAKBANK,BUY,274,765.68,209796.32
2025-11-24,OMEGA_BROKING,CL378169,TATAMOTORS,BUY,204,1099.12,224220.48
2025-11-21,ALPHA_SEC,CL796343,SBIN,BUY,184,1950.55,358901.2
2025-11-24,DELTA_TRADES,CL885108,TATAMOTORS,SELL,263,1159.02,304822.26
2025-11-25,OMEGA_BROKING,CL669548,INFY,BUY,265,986.79,261499.35
2025-11-22,BETA_INVEST,CL264159,TATAMOTORS,SELL,21,1283.11,26945.31
2025-11-25,OMEGA_BROKING,CL563965,ITC,BUY,237,2073.58,491438.46
2025-11-23,BETA_INVEST,CL502785,SBIN,BUY,202,2345.85,473861.7
2025-11-23,OMEGA_BROKING,CL753949,TATAMOTORS,SELL,269,1117.0,300473.0
2025-11-25,BETA_INVEST,CL587446,KOTAKBANK,SELL,128,2289.75,293088.0
2025-11-25,BETA_INVEST,CL503368,ICICIBANK,SELL,147,2272.83,334106.01
2025-11-22,BETA_INVEST,CL973435,ITC,SELL,300,1970.79,591237.0
2025-11-23,BETA_INVEST,CL130483,RELIANCE,SELL,51,625.13,31881.63
2025-11-24,ALPHA_SEC,CL610861,INFY,BUY,50,1998.6,99930.0
2025-11-22,ALPHA_SEC,CL107015,KOTAKBANK,SELL,240,1186.49,284757.6
2025-11-22,DELTA_TRADES,CL867996,SBIN,SELL,177,1140.23,201820.71
2025-11-21,ALPHA_SEC,CL082412,SBIN,SELL,108,1565.42,169065.36
2025-11-26,OMEGA_BROKING,CL210111,TATAMOTORS,BUY,207,1988.73,411667.11
2025-11-21,BETA_INVEST,CL928768,TATAMOTORS,BUY,53,1436.31,76124.43
2025-11-25,OMEGA_BROKING,CL442353,SBIN,SELL,66,2294.71,151450.86
2025-11-24,OMEGA_BROKING,CL643545,TATAMOTORS,BUY,290,1374.11,398491.9
2025-11-25,DELTA_TRADES,CL062107,SBIN,BUY,200,2047.34,409468.0
2025-11-25,BETA_INVEST,CL901413,AXISBANK,BUY,50,1103.78,55189.0
2025-11-24,BETA_INVEST,CL109070,ITC,BUY,132,1677.69,221455.08
2025-11-21,OMEGA_BROKING,CL621971,ITC,BUY,97,1187.09,115147.73
2025-11-24,DELTA_TRADES,CL867538,KOTAKBANK,BUY,131,2461.15,322410.65
2025-11-25,ALPHA_SEC,CL153681,RELIANCE,BUY,248,2492.37,618107.76
2025-11-20,BETA_INVEST,CL452379,ICICIBANK,BUY,16,2401.04,38416.64
2025-11-24,OMEGA_BROKING,CL968691,RELIANCE,SELL,268,688.77,184590.36
2025-11-26,BETA_INVEST,CL651654,ICICIBANK,SELL,28,298.54,8359.12
2025-11-24,ALPHA_SEC,CL941019,KOTAKBANK,BUY,46,1955.11,89935.06
2025-11-22,OMEGA_BROKING,CL263839,RELIANCE,SELL,144,1983.66,285647.04
2025-11-24,BETA_INVEST,CL040156,AXISBANK,BUY,36,1602.53,57691.08
2025-11-25,OMEGA_BROKING,CL125397,SBIN,SELL,99,1252.21,123968.79
2025-11-24,BETA_INVEST,CL592252,ITC,SELL,138,2231.55,307953.9
2025-11-23,DELTA_TRADES,CL936857,RELIANCE,BUY,82,1259.0,103238.0
2025-11-24,BETA_INVEST,CL388596,SBIN,BUY,106,1631.5,172939.0
2025-11-20,ALPHA_SEC,CL077034,SBIN,SELL,111,1272.9,141291.9
2025-11-24,OMEGA_BROKING,CL316189,INFY,BUY,251,1645.06,412910.06
2025-11-22,ALPHA_SEC,CL047019,TATAMOTORS,SELL,231,741.18,171212.58
2025-11-21,BETA_INVEST,CL164553,AXISBANK,SELL,212,912.17,193380.04
2025-11-21,OMEGA_BROKING,CL374524,LT,SELL,147,217.28,31940.16
2025-11-22,ALPHA_SEC,CL200975,AXISBANK,BUY,3,2238.68,6716.04
2025-11-20,DELTA_TRADES,CL667082,RELIANCE,BUY,58,281.78,16343.24
2025-11-21,BETA_INVEST,CL390032,TATAMOTORS,BUY,168,346.45,58203.6
2025-11-23,ALPHA_SEC,CL527567,TATAMOTORS,BUY,253,2128.7,538561.1
2025-11-25,DELTA_TRADES,CL574189,RELIANCE,BUY,294,542.35,159450.9
2025-11-21,BETA_INVEST,CL569327,ICICIBANK,BUY,191,1140.78,217888.98
2025-11-21,ALPHA_SEC,CL219127,ICICIBANK,BUY,65,360.46,23429.9
2025-11-20,BETA_INVEST,CL303421,LT,BUY,23,1556.57,35801.11
2025-11-24,OMEGA_BROKING,CL653907,HDFC,BUY,142,829.54,117794.68
2025-11-20,BETA_INVEST,CL815644,ICICIBANK,SELL,268,1887.73,505911.64
2025-11-20,BETA_INVEST,CL458088,TATAMOTORS,SELL,236,1268.85,299448.6
2025-11-23,ALPHA_SEC,CL281135,KOTAKBANK,BUY,184,1696.45,312146.8
2025-11-22,BETA_INVEST,CL113995,AXISBANK,BUY,83,1448.77,120247.91
2025-11-24,BETA_INVEST,CL387994,AXISBANK,SELL,244,142.61,34796.84
2025-11-21,ALPHA_SEC,CL311518,TATAMOTORS,BUY,255,199.37,50839.35
2025-11-26,BETA_INVEST,CL689206,ICICIBANK,BUY,58,356.59,20682.22
2025-11-23,OMEGA_BROKING,CL796835,AXISBANK,BUY,293,2325.77,681450.61
2025-11-26,DELTA_TRADES,CL937703,TATAMOTORS,SELL,45,295.02,13275.9
2025-11-25,OMEGA_BROKING,CL578289,INFY,SELL,258,930.72,240125.76
2025-11-26,BETA_INVEST,CL006417,RELIANCE,BUY,198,1265.71,250610.58
2025-11-22,BETA_INVEST,CL277022,ITC,BUY,145,1067.39,154771.55
2025-11-25,OMEGA_BROKING,CL159890,LT,BUY,138,1667.88,230167.44
2025-11-26,ALPHA_SEC,CL426010,SBIN,SELL,145,1327.82,192533.9
2025-11-25,BETA_INVEST,CL927873,ICICIBANK,SELL,249,2306.78,574388.22
2025-11-23,DELTA_TRADES,CL337028,LT,BUY,267,461.81,123303.27
2025-11-21,BETA_INVEST,CL332522,KOTAKBANK,SELL,286,2311.8,661174.8
2025-11-25,DELTA_TRADES,CL298523,ICICIBANK,BUY,23,786.02,18078.46
2025-11-26,ALPHA_SEC,CL231788,INFY,BUY,175,1979.13,346347.75
2025-11-21,DELTA_TRADES,CL608262,INFY,BUY,236,779.55,183973.8
2025-11-21,OMEGA_BROKING,CL882681,ITC,BUY,166,2277.31,378033.46
2025-11-23,ALPHA_SEC,CL071305,KOTAKBANK,BUY,48,2486.3,119342.4
2025-11-20,BETA_INVEST,CL022862,KOTAKBANK,BUY,213,2265.24,482496.12
2025-11-24,BETA_INVEST,CL849993,ITC,SELL,181,1329.26,240596.06
2025-11-21,ALPHA_SEC,CL650256,HDFC,BUY,265,922.39,244433.35
2025-11-25,ALPHA_SEC,CL639779,ICICIBANK,BUY,179,1226.45,219534.55
2025-11-23,ALPHA_SEC,CL316637,SBIN,SELL,28,1978.64,55401.92
2025-11-20,OMEGA_BROKING,CL067252,INFY,SELL,243,2368.3,575496.9
2025-11-22,ALPHA_SEC,CL040151,HDFC,BUY,236,1923.35,453910.6
2025-11-21,ALPHA_SEC,CL647409,RELIANCE,SELL,270,1278.85,345289.5
2025-11-21,ALPHA_SEC,CL448334,ICICIBANK,SELL,218,392.46,85556.28
2025-11-23,BETA_INVEST,CL879915,HDFC,SELL,216,2339.02,505228.32
2025-11-22,ALPHA_SEC,CL998851,RELIANCE,BUY,128,1531.45,196025.6
2025-11-25,DELTA_TRADES,CL250765,KOTAKBANK,SELL,250,1554.9,388725.0
2025-11-23,DELTA_TRADES,CL636461,KOTAKBANK,SELL,241,811.58,195590.78
2025-11-23,OMEGA_BROKING,CL471823,LT,SELL,7,1378.58,9650.06
2025-11-26,ALPHA_SEC,CL088378,HDFC,BUY,157,2048.69,321644.33
2025-11-20,ALPHA_SEC,CL184784,KOTAKBANK,SELL,71,2135.4,151613.4
2025-11-26,DELTA_TRADES,CL512659,LT,BUY,293,202.93,59458.49
2025-11-24,ALPHA_SEC,CL569865,AXISBANK,SELL,32,1969.77,63032.64
2025-11-26,BETA_INVEST,CL122623,TATAMOTORS,BUY,220,964.17,212117.4
2025-11-24,ALPHA_SEC,CL537387,SBIN,SELL,59,217.26,12818.34
2025-11-26,BETA_INVEST,CL233675,INFY,BUY,255,615.2,156876.0
2025-11-21,DELTA_TRADES,CL998687,ITC,SELL,264,1757.51,463982.64
2025-11-23,DELTA_TRADES,CL374554,ICICIBANK,BUY,249,1858.71,462818.79
2025-11-22,BETA_INVEST,CL482126,INFY,BUY,188,2212.73,415993.24
2025-11-23,DELTA_TRADES,CL144957,AXISBANK,BUY,107,634.98,67942.86
2025-11-25,OMEGA_BROKING,CL506835,ITC,SELL,252,979.35,246796.2
2025-11-24,DELTA_TRADES,CL367961,ITC,SELL,44,1868.04,82193.76
2025-11-23,ALPHA_SEC,CL498417,LT,SELL,141,2013.12,283849.92
2025-11-21,DELTA_TRADES,CL116157,INFY,SELL,131,2009.25,263211.75
2025-11-21,ALPHA_SEC,CL621251,INFY,BUY,14,2408.07,33712.98
2025-11-24,DELTA_TRADES,CL711434,ICICIBANK,BUY,265,533.15,141284.75
2025-11-26,DELTA_TRADES,CL848749,ITC,SELL,169,1743.55,294659.95
2025-11-25,DELTA_TRADES,CL646071,RELIANCE,BUY,62,592.66,36744.92
2025-11-20,OMEGA_BROKING,CL712268,TATAMOTORS,BUY,84,1145.58,96228.72
2025-11-26,DELTA_TRADES,CL058136,SBIN,SELL,196,187.69,36787.24
2025-11-25,OMEGA_BROKING,CL103552,INFY,BUY,205,2383.4,488597.0
2025-11-21,OMEGA_BROKING,CL924494,KOTAKBANK,SELL,184,1251.18,230217.12
2025-11-25,OMEGA_BROKING,CL700867,ICICIBANK,SELL,258,2186.29,564062.82
2025-11-23,OMEGA_BROKING,CL251890,ITC,BUY,286,2090.34,597837.24
2025-11-21,OMEGA_BROKING,CL949668,ITC,BUY,60,1735.71,104142.6
2025-11-20,ALPHA_SEC,CL060900,TATAMOTORS,BUY,33,1007.61,33251.13
2025-11-25,DELTA_TRADES,CL521960,TATAMOTORS,SELL,205,2194.14,449798.7
2025-11-26,ALPHA_SEC,CL051104,ITC,BUY,183,1606.84,294051.72
2025-11-25,ALPHA_SEC,CL509853,RELIANCE,SELL,275,1988.92,546953.0
2025-11-24,ALPHA_SEC,CL782234,AXISBANK,BUY,269,1979.81,532568.89
2025-11-25,DELTA_TRADES,CL525912,ICICIBANK,SELL,67,1562.33,104676.11
2025-11-22,BETA_INVEST,CL500473,INFY,SELL,135,908.3,122620.5
2025-11-20,ALPHA_SEC,CL313487,INFY,SELL,245,1575.49,385995.05
2025-11-24,ALPHA_SEC,CL150579,TATAMOTORS,BUY,45,2443.69,109966.05
2025-11-24,BETA_INVEST,CL216612,KOTAKBANK,BUY,202,133.37,26940.74
2025-11-26,BETA_INVEST,CL886944,SBIN,BUY,287,1071.57,307540.59
2025-11-25,DELTA_TRADES,CL545850,ITC,BUY,162,1915.42,310298.04
2025-11-22,BETA_INVEST,CL943683,INFY,SELL,177,1799.31,318477.87
2025-11-24,DELTA_TRADES,CL895437,AXISBANK,BUY,103,1405.18,144733.54
2025-11-22,OMEGA_BROKING,CL575693,KOTAKBANK,SELL,231,253.69,58602.39
2025-11-21,BETA_INVEST,CL474770,AXISBANK,SELL,192,2316.46,444760.32
2025-11-22,ALPHA_SEC,CL747350,KOTAKBANK,SELL,257,1084.81,278796.17
2025-11-24,DELTA_TRADES,CL265665,ICICIBANK,SELL,87,1223.28,106425.36
2025-11-23,ALPHA_SEC,CL001539,LT,SELL,211,1179.16,248802.76
2025-11-22,ALPHA_SEC,CL950831,SBIN,SELL,90,1289.73,116075.7
2025-11-24,DELTA_TRADES,CL539169,ICICIBANK,SELL,287,534.94,153527.78
2025-11-20,ALPHA_SEC,CL125025,SBIN,BUY,40,1760.28,70411.2
2025-11-21,ALPHA_SEC,CL943680,HDFC,BUY,178,796.16,141716.48
2025-11-26,OMEGA_BROKING,CL477608,AXISBANK,BUY,37,1814.2,67125.4
2025-11-21,ALPHA_SEC,CL617747,INFY,BUY,228,1271.08,289806.24
2025-11-22,ALPHA_SEC,CL862854,KOTAKBANK,SELL,17,359.88,6117.96
2025-11-21,ALPHA_SEC,CL515528,AXISBANK,BUY,278,1031.14,286656.92
2025-11-21,ALPHA_SEC,CL593351,SBIN,BUY,25,2318.1,57952.5
2025-11-26,ALPHA_SEC,CL331758,HDFC,SELL,83,464.61,38562.63
2025-11-26,DELTA_TRADES,CL834784,HDFC,BUY,250,1891.59,472897.5
2025-11-20,ALPHA_SEC,CL975122,AXISBANK,BUY,227,1273.89,289173.03
2025-11-25,OMEGA_BROKING,CL979155,AXISBANK,BUY,219,2000.13,438028.47
2025-11-22,DELTA_TRADES,CL537642,TATAMOTORS,SELL,271,1178.53,319381.63
2025-11-21,BETA_INVEST,CL081371,KOTAKBANK,BUY,300,435.64,130692.0
2025-11-22,ALPHA_SEC,CL026736,SBIN,SELL,20,462.57,9251.4
2025-11-23,OMEGA_BROKING,CL743467,TATAMOTORS,SELL,218,1300.66,283543.88
2025-11-24,ALPHA_SEC,CL571913,ITC,BUY,220,892.62,196376.4
2025-11-22,DELTA_TRADES,CL649890,AXISBANK,BUY,127,1336.88,169783.76
2025-11-22,ALPHA_SEC,CL624103,INFY,SELL,188,200.4,37675.2
2025-11-23,BETA_INVEST,CL811077,INFY,BUY,269,1245.78,335114.82
2025-11-20,ALPHA_SEC,CL498089,AXISBANK,BUY,9,1406.92,12662.28
2025-11-25,ALPHA_SEC,CL204353,INFY,SELL,113,2493.33,281746.29
2025-11-21,BETA_INVEST,CL842964,SBIN,BUY,127,585.88,74406.76
2025-11-26,DELTA_TRADES,CL014102,TATAMOTORS,SELL,143,2088.21,298614.03
2025-11-25,DELTA_TRADES,CL715778,SBIN,SELL,251,2224.23,558281.73
2025-11-20,DELTA_TRADES,CL583182,TATAMOTORS,BUY,288,1500.87,432250.56
2025-11-21,BETA_INVEST,CL786409,INFY,BUY,8,1430.5,11444.0
2025-11-25,OMEGA_BROKING,CL838893,AXISBANK,SELL,203,2373.45,481810.35
2025-11-26,BETA_INVEST,CL186792,ITC,BUY,46,2368.46,108949.16
2025-11-20,BETA_INVEST,CL972797,KOTAKBANK,SELL,131,2345.67,307282.77
2025-11-20,DELTA_TRADES,CL916893,ICICIBANK,BUY,84,762.84,64078.56
2025-11-25,OMEGA_BROKING,CL328930,AXISBANK,SELL,186,2359.71,438906.06
2025-11-26,BETA_INVEST,CL903931,TATAMOTORS,BUY,127,1342.37,170480.99
2025-11-22,DELTA_TRADES,CL763553,ICICIBANK,BUY,89,727.69,64764.41
2025-11-23,OMEGA_BROKING,CL763605,AXISBANK,SELL,32,2456.19,78598.08
2025-11-23,BETA_INVEST,CL963643,SBIN,SELL,275,772.42,212415.5
2025-11-23,ALPHA_SEC,CL415691,SBIN,SELL,103,1536.5,158259.5
2025-11-26,OMEGA_BROKING,CL698879,ICICIBANK,SELL,17,2003.97,34067.49
2025-11-20,OMEGA_BROKING,CL578450,INFY,SELL,167,1688.68,282009.56
2025-11-20,OMEGA_BROKING,CL848257,ITC,SELL,116,1661.98,192789.68
2025-11-23,BETA_INVEST,CL339702,ICICIBANK,SELL,249,603.71,150323.79
2025-11-25,DELTA_TRADES,CL139957,KOTAKBANK,BUY,98,2366.08,231875.84
2025-11-21,ALPHA_SEC,CL240960,ICICIBANK,SELL,129,2385.3,307703.7
2025-11-21,DELTA_TRADES,CL391428,INFY,BUY,161,2007.48,323204.28
2025-11-20,DELTA_TRADES,CL952888,KOTAKBANK,BUY,140,859.77,120367.8
2025-11-21,DELTA_TRADES,CL933978,HDFC,SELL,198,1356.62,268610.76
2025-11-21,OMEGA_BROKING,CL472064,ICICIBANK,SELL,13,1635.44,21260.72
2025-11-26,BETA_INVEST,CL075209,ICICIBANK,SELL,224,1367.16,306243.84
2025-11-21,ALPHA_SEC,CL380370,AXISBANK,BUY,136,1548.11,210542.96
2025-11-25,DELTA_TRADES,CL497435,SBIN,BUY,104,436.11,45355.44
2025-11-23,OMEGA_BROKING,CL020192,LT,SELL,185,726.26,134358.1
2025-11-21,BETA_INVEST,CL280402,KOTAKBANK,BUY,10,695.19,6951.9
2025-11-22,BETA_INVEST,CL878840,AXISBANK,BUY,289,209.54,60557.06
2025-11-25,BETA_INVEST,CL892169,INFY,BUY,166,560.54,93049.64
2025-11-21,DELTA_TRADES,CL602066,LT,SELL,3,203.31,609.93
2025-11-23,ALPHA_SEC,CL999609,INFY,BUY,156,1026.78,160177.68
2025-11-25,ALPHA_SEC,CL997931,ICICIBANK,SELL,227,1897.17,430657.59
2025-11-21,DELTA_TRADES,CL169698,SBIN,SELL,134,1929.65,258573.1
2025-11-26,OMEGA_BROKING,CL097845,RELIANCE,BUY,223,1989.22,443596.06
2025-11-20,BETA_INVEST,CL205954,INFY,SELL,148,1394.48,206383.04
2025-11-21,OMEGA_BROKING,CL004753,INFY,SELL,107,1909.54,204320.78
2025-11-21,BETA_INVEST,CL261628,RELIANCE,SELL,258,605.81,156298.98
2025-11-24,DELTA_TRADES,CL239817,AXISBANK,SELL,91,267.17,24312.47
2025-11-26,DELTA_TRADES,CL489385,AXISBANK,SELL,186,154.14,28670.04
2025-11-26,ALPHA_SEC,CL550634,ICICIBANK,BUY,281,1370.69,385163.89
2025-11-22,BETA_INVEST,CL814396,LT,BUY,238,2356.6,560870.8
2025-11-23,DELTA_TRADES,CL445830,INFY,BUY,96,1483.49,142415.04
2025-11-22,DELTA_TRADES,CL215384,LT,SELL,260,1413.69,367559.4
2025-11-25,BETA_INVEST,CL501811,TATAMOTORS,SELL,121,1256.91,152086.11
2025-11-23,OMEGA_BROKING,CL364425,HDFC,SELL,5,1999.25,9996.25
2025-11-25,BETA_INVEST,CL484594,ITC,SELL,187,521.15,97455.05
2025-11-20,DELTA_TRADES,CL586799,HDFC,BUY,158,2117.42,334552.36
2025-11-21,DELTA_TRADES,CL170280,ITC,BUY,216,1896.92,409734.72
2025-11-24,DELTA_TRADES,CL875187,RELIANCE,BUY,139,665.65,92525.35
2025-11-20,ALPHA_SEC,CL039323,LT,SELL,199,728.66,145003.34
2025-11-23,DELTA_TRADES,CL051308,LT,SELL,235,2097.74,492968.9
2025-11-22,BETA_INVEST,CL291957,ITC,BUY,283,1002.39,283676.37
2025-11-22,ALPHA_SEC,CL866009,ITC,BUY,56,1795.04,100522.24
2025-11-24,OMEGA_BROKING,CL932224,SBIN,BUY,116,1444.0,167504.0
2025-11-25,OMEGA_BROKING,CL934654,INFY,SELL,182,2391.72,435293.04
2025-11-21,DELTA_TRADES,CL404390,RELIANCE,SELL,225,894.97,201368.25
2025-11-23,BETA_INVEST,CL930519,KOTAKBANK,BUY,66,665.26,43907.16
2025-11-22,BETA_INVEST,CL505921,RELIANCE,BUY,259,1740.92,450898.28
2025-11-23,OMEGA_BROKING,CL889140,INFY,BUY,299,344.68,103059.32
2025-11-23,BETA_INVEST,CL289922,ICICIBANK,BUY,270,634.12,171212.4
2025-11-25,ALPHA_SEC,CL095943,LT,SELL,80,192.6,15408.0
2025-11-22,BETA_INVEST,CL734835,TATAMOTORS,SELL,218,1290.79,281392.22
2025-11-26,ALPHA_SEC,CL458326,TATAMOTORS,SELL,166,342.49,56853.34
2025-11-22,DELTA_TRADES,CL364654,RELIANCE,BUY,23,687.11,15803.53
2025-11-24,BETA_INVEST,CL999361,AXISBANK,BUY,103,519.48,53506.44
2025-11-26,OMEGA_BROKING,CL398760,TATAMOTORS,SELL,71,2338.25,166015.75
2025-11-24,BETA_INVEST,CL890050,KOTAKBANK,BUY,183,2355.21,431003.43
2025-11-24,OMEGA_BROKING,CL447508,KOTAKBANK,BUY,298,736.88,219590.24
2025-11-25,DELTA_TRADES,CL262546,KOTAKBANK,SELL,199,2186.54,435121.46
2025-11-20,BETA_INVEST,CL233846,TATAMOTORS,BUY,211,1395.93,294541.23
2025-11-26,BETA_INVEST,CL460476,LT,BUY,172,1577.28,271292.16
2025-11-20,DELTA_TRADES,CL618206,KOTAKBANK,SELL,223,721.51,160896.73
2025-11-23,OMEGA_BROKING,CL618671,ICICIBANK,BUY,35,1288.51,45097.85
2025-11-21,OMEGA_BROKING,CL657500,TATAMOTORS,SELL,237,612.78,145228.86
2025-11-21,BETA_INVEST,CL681362,TATAMOTORS,BUY,206,2486.82,512284.92
2025-11-26,ALPHA_SEC,CL314484,ICICIBANK,BUY,97,2281.05,221261.85
2025-11-25,BETA_INVEST,CL965527,LT,SELL,229,1505.35,344725.15
2025-11-25,BETA_INVEST,CL636396,TATAMOTORS,BUY,82,1981.45,162478.9
2025-11-25,DELTA_TRADES,CL607473,LT,SELL,98,1580.23,154862.54
2025-11-25,ALPHA_SEC,CL094130,TATAMOTORS,BUY,36,1576.4,56750.4
2025-11-26,DELTA_TRADES,CL459497,ITC,SELL,155,571.36,88560.8
2025-11-22,ALPHA_SEC,CL905713,ICICIBANK,SELL,235,249.9,58726.5
2025-11-22,OMEGA_BROKING,CL139296,INFY,BUY,153,1702.34,260458.02
2025-11-22,ALPHA_SEC,CL803717,LT,BUY,272,1277.83,347569.76
2025-11-24,OMEGA_BROKING,CL831019,KOTAKBANK,BUY,21,1432.17,30075.57
2025-11-22,ALPHA_SEC,CL193039,KOTAKBANK,BUY,63,166.66,10499.58
2025-11-23,DELTA_TRADES,CL763139,KOTAKBANK,SELL,183,1763.16,322658.28
2025-11-21,BETA_INVEST,CL477094,ITC,SELL,281,1779.13,499935.53
2025-11-23,OMEGA_BROKING,CL178148,ITC,BUY,225,1171.62,263614.5
2025-11-24,BETA_INVEST,CL036517,LT,SELL,8,2445.52,19564.16
2025-11-26,DELTA_TRADES,CL396695,TATAMOTORS,BUY,266,2428.52,645986.32
2025-11-23,OMEGA_BROKING,CL775539,ICICIBANK,BUY,41,2245.71,92074.11
2025-11-21,DELTA_TRADES,CL689889,AXISBANK,BUY,270,583.28,157485.6
2025-11-21,DELTA_TRADES,CL372001,AXISBANK,SELL,217,1575.33,341846.61
2025-11-24,DELTA_TRADES,CL143913,TATAMOTORS,SELL,168,1484.65,249421.2
2025-11-26,OMEGA_BROKING,CL038116,ITC,SELL,12,636.44,7637.28
2025-11-25,OMEGA_BROKING,CL582747,INFY,SELL,52,1717.13,89290.76
2025-11-26,OMEGA_BROKING,CL979564,KOTAKBANK,BUY,40,1889.72,75588.8
2025-11-26,ALPHA_SEC,CL389938,HDFC,BUY,180,126.0,22680.0
2025-11-20,OMEGA_BROKING,CL495788,KOTAKBANK,SELL,166,1234.5,204927.0
2025-11-22,OMEGA_BROKING,CL696870,KOTAKBANK,SELL,189,1071.64,202539.96
2025-11-20,ALPHA_SEC,CL108568,KOTAKBANK,BUY,135,815.35,110072.25
2025-11-26,OMEGA_BROKING,CL341486,ITC,BUY,18,1356.44,24415.92
2025-11-26,BETA_INVEST,CL469757,RELIANCE,BUY,244,2045.72,499155.68
2025-11-25,OMEGA_BROKING,CL381529,RELIANCE,BUY,52,1600.09,83204.68
2025-11-23,BETA_INVEST,CL942657,INFY,BUY,144,1474.14,212276.16
2025-11-25,OMEGA_BROKING,CL403812,INFY,BUY,36,1748.77,62955.72
2025-11-23,BETA_INVEST,CL741993,AXISBANK,BUY,4,781.22,3124.88
2025-11-21,OMEGA_BROKING,CL685365,KOTAKBANK,SELL,177,2089.6,369859.2
2025-11-23,OMEGA_BROKING,CL342637,HDFC,SELL,205,1555.37,318850.85
2025-11-26,BETA_INVEST,CL269885,TATAMOTORS,SELL,48,1546.32,74223.36
2025-11-26,BETA_INVEST,CL723189,KOTAKBANK,BUY,128,971.89,124401.92
2025-11-26,ALPHA_SEC,CL199774,RELIANCE,BUY,18,867.07,15607.26
2025-11-24,DELTA_TRADES,CL394118,ITC,SELL,300,1779.25,533775.0
2025-11-24,ALPHA_SEC,CL838806,KOTAKBANK,BUY,91,2335.86,212563.26
2025-11-26,DELTA_TRADES,CL050158,INFY,BUY,229,1979.8,453374.2
2025-11-22,DELTA_TRADES,CL713102,KOTAKBANK,SELL,240,258.56,62054.4
2025-11-22,DELTA_TRADES,CL858503,INFY,SELL,36,703.05,25309.8
2025-11-26,BETA_INVEST,CL435140,RELIANCE,BUY,122,639.51,78020.22
2025-11-26,OMEGA_BROKING,CL421998,LT,BUY,264,1420.92,375122.88
2025-11-21,BETA_INVEST,CL893107,LT,SELL,185,1730.75,320188.75
2025-11-25,ALPHA_SEC,CL247630,AXISBANK,BUY,160,230.35,36856.0
2025-11-21,OMEGA_BROKING,CL818539,KOTAKBANK,BUY,177,2471.05,437375.85
2025-11-25,DELTA_TRADES,CL324370,ITC,SELL,300,1299.91,389973.0
2025-11-22,DELTA_TRADES,CL277224,SBIN,BUY,242,2287.61,553601.62
2025-11-23,OMEGA_BROKING,CL536962,SBIN,SELL,223,379.5,84628.5
2025-11-24,BETA_INVEST,CL224675,AXISBANK,BUY,175,482.71,84474.25
2025-11-21,BETA_INVEST,CL704680,KOTAKBANK,SELL,83,972.07,80681.81
2025-11-25,DELTA_TRADES,CL930239,HDFC,SELL,175,1784.6,312305.0
2025-11-23,DELTA_TRADES,CL106749,ITC,SELL,129,963.32,124268.28
2025-11-24,DELTA_TRADES,CL982153,TATAMOTORS,SELL,133,249.7,33210.1
2025-11-22,ALPHA_SEC,CL717252,LT,BUY,57,2029.57,115685.49
2025-11-23,DELTA_TRADES,CL502527,INFY,BUY,49,1459.43,71512.07
2025-11-20,ALPHA_SEC,CL745560,KOTAKBANK,BUY,58,1511.59,87672.22
2025-11-24,BETA_INVEST,CL593677,AXISBANK,BUY,204,915.96,186855.84
2025-11-24,ALPHA_SEC,CL346584,AXISBANK,SELL,266,869.47,231279.02
2025-11-25,DELTA_TRADES,CL118267,KOTAKBANK,SELL,187,2446.14,457428.18
2025-11-20,ALPHA_SEC,CL299471,ITC,SELL,124,1124.11,139389.64
2025-11-25,BETA_INVEST,CL378199,HDFC,SELL,133,1144.05,152158.65
2025-11-21,DELTA_TRADES,CL035743,ITC,SELL,285,2260.95,644370.75
2025-11-25,DELTA_TRADES,CL912062,HDFC,BUY,29,766.44,22226.76
2025-11-22,ALPHA_SEC,CL675560,ITC,SELL,262,2491.83,652859.46
2025-11-22,BETA_INVEST,CL144915,LT,BUY,80,945.2,75616.0
2025-11-24,ALPHA_SEC,CL696892,LT,SELL,40,1891.45,75658.0
2025-11-24,BETA_INVEST,CL369934,KOTAKBANK,BUY,77,278.98,21481.46
2025-11-23,DELTA_TRADES,CL705824,SBIN,SELL,253,1108.33,280407.49
2025-11-21,DELTA_TRADES,CL939703,AXISBANK,BUY,242,2490.31,602655.02
2025-11-26,BETA_INVEST,CL165969,SBIN,BUY,221,1273.23,281383.83
2025-11-26,ALPHA_SEC,CL643500,AXISBANK,BUY,110,2072.38,227961.8
2025-11-21,ALPHA_SEC,CL600533,KOTAKBANK,SELL,294,561.77,165160.38
2025-11-21,DELTA_TRADES,CL651105,SBIN,SELL,178,2348.44,418022.32
2025-11-20,DELTA_TRADES,CL140812,ICICIBANK,SELL,186,1763.77,328061.22
2025-11-21,DELTA_TRADES,CL967437,HDFC,SELL,266,1893.55,503684.3
2025-11-21,BETA_INVEST,CL161751,LT,BUY,120,2031.8,243816.0
2025-11-25,ALPHA_SEC,CL549437,RELIANCE,BUY,150,418.4,62760.0
2025-11-20,BETA_INVEST,CL420469,INFY,SELL,57,1780.49,101487.93
2025-11-24,OMEGA_BROKING,CL924635,KOTAKBANK,BUY,175,382.23,66890.25
2025-11-20,OMEGA_BROKING,CL674053,KOTAKBANK,SELL,85,354.47,30129.95
2025-11-26,OMEGA_BROKING,CL941632,HDFC,BUY,161,614.62,98953.82
2025-11-21,OMEGA_BROKING,CL690159,ITC,BUY,199,789.24,157058.76
2025-11-21,BETA_INVEST,CL636431,INFY,BUY,207,925.14,191503.98
2025-11-24,BETA_INVEST,CL923843,AXISBANK,SELL,201,1783.72,358527.72
2025-11-23,ALPHA_SEC,CL301824,HDFC,BUY,112,1527.84,171118.08
2025-11-25,OMEGA_BROKING,CL905006,SBIN,SELL,156,1166.12,181914.72
2025-11-24,BETA_INVEST,CL024928,RELIANCE,BUY,134,310.15,41560.1
2025-11-22,ALPHA_SEC,CL234600,HDFC,SELL,204,1536.42,313429.68
2025-11-26,DELTA_TRADES,CL151299,RELIANCE,BUY,25,2230.21,55755.25
2025-11-24,ALPHA_SEC,CL397521,ITC,SELL,197,393.31,77482.07
2025-11-26,DELTA_TRADES,CL544104,SBIN,BUY,279,1393.56,388803.24
2025-11-23,OMEGA_BROKING,CL570740,RELIANCE,SELL,271,233.77,63351.67
2025-11-23,ALPHA_SEC,CL765295,SBIN,BUY,19,340.61,6471.59
2025-11-22,OMEGA_BROKING,CL176197,ITC,BUY,201,1012.34,203480.34
2025-11-24,ALPHA_SEC,CL825110,TATAMOTORS,SELL,134,341.89,45813.26
2025-11-22,DELTA_TRADES,CL891965,AXISBANK,SELL,45,1498.53,67433.85
2025-11-21,BETA_INVEST,CL795515,ITC,SELL,101,733.14,74047.14
2025-11-20,ALPHA_SEC,CL275555,ITC,SELL,96,1029.34,98816.64
2025-11-26,OMEGA_BROKING,CL955470,KOTAKBANK,BUY,178,2208.52,393116.56
2025-11-24,OMEGA_BROKING,CL221959,TATAMOTORS,BUY,95,472.73,44909.35
2025-11-24,ALPHA_SEC,CL349217,INFY,BUY,154,2400.01,369601.54
2025-11-26,DELTA_TRADES,CL697768,ITC,SELL,8,1391.42,11131.36
2025-11-22,ALPHA_SEC,CL606552,TATAMOTORS,SELL,115,729.45,83886.75
2025-11-26,OMEGA_BROKING,CL124816,ICICIBANK,BUY,14,1896.54,26551.56
2025-11-20,ALPHA_SEC,CL536619,LT,BUY,6,128.52,771.12
2025-11-25,OMEGA_BROKING,CL719673,KOTAKBANK,SELL,206,2327.67,479500.02
2025-11-24,BETA_INVEST,CL863313,AXISBANK,SELL,255,257.33,65619.15
2025-11-26,BETA_INVEST,CL450606,AXISBANK,SELL,130,2438.99,317068.7
2025-11-21,OMEGA_BROKING,CL583855,RELIANCE,SELL,214,1295.56,277249.84
2025-11-23,BETA_INVEST,CL354413,KOTAKBANK,BUY,103,1311.55,135089.65
2025-11-21,DELTA_TRADES,CL176200,INFY,BUY,275,1378.3,379032.5
2025-11-26,OMEGA_BROKING,CL208310,ICICIBANK,SELL,111,1000.35,111038.85
2025-11-22,DELTA_TRADES,CL303337,LT,BUY,111,618.45,68647.95
2025-11-20,OMEGA_BROKING,CL448715,HDFC,SELL,296,1588.21,470110.16
2025-11-24,DELTA_TRADES,CL827453,KOTAKBANK,SELL,295,1707.83,503809.85
2025-11-21,DELTA_TRADES,CL603750,ICICIBANK,SELL,241,1632.77,393497.57
2025-11-22,ALPHA_SEC,CL880812,INFY,BUY,291,1761.96,512730.36
2025-11-20,BETA_INVEST,CL905260,KOTAKBANK,SELL,216,714.48,154327.68
2025-11-22,DELTA_TRADES,CL057878,INFY,BUY,202,203.39,41084.78
2025-11-26,ALPHA_SEC,CL703781,AXISBANK,SELL,2,599.02,1198.04
2025-11-22,DELTA_TRADES,CL015296,ITC,SELL,17,1424.8,24221.6
2025-11-26,OMEGA_BROKING,CL059944,KOTAKBANK,BUY,232,2478.67,575051.44
2025-11-21,OMEGA_BROKING,CL931003,SBIN,BUY,263,791.48,208159.24
2025-11-26,BETA_INVEST,CL871871,SBIN,SELL,180,923.12,166161.6
2025-11-25,BETA_INVEST,CL856263,ICICIBANK,SELL,199,1716.39,341561.61
2025-11-20,ALPHA_SEC,CL642975,HDFC,SELL,40,1814.14,72565.6
2025-11-22,DELTA_TRADES,CL193414,SBIN,SELL,192,785.18,150754.56
2025-11-26,DELTA_TRADES,CL216156,KOTAKBANK,SELL,84,196.44,16500.96
2025-11-25,ALPHA_SEC,CL389480,ICICIBANK,SELL,40,2226.94,89077.6
2025-11-22,OMEGA_BROKING,CL700104,INFY,BUY,95,130.04,12353.8
2025-11-24,ALPHA_SEC,CL288410,HDFC,BUY,108,2406.66,259919.28
2025-11-25,OMEGA_BROKING,CL180254,ICICIBANK,BUY,269,759.66,204348.54
2025-11-23,DELTA_TRADES,CL392161,KOTAKBANK,SELL,93,2403.37,223513.41
2025-11-26,ALPHA_SEC,CL448437,TATAMOTORS,BUY,287,544.27,156205.49
2025-11-25,BETA_INVEST,CL950404,RELIANCE,SELL,134,647.05,86704.7
2025-11-23,BETA_INVEST,CL931076,INFY,BUY,250,565.91,141477.5
2025-11-20,OMEGA_BROKING,CL092129,HDFC,BUY,185,416.56,77063.6
2025-11-24,BETA_INVEST,CL494687,KOTAKBANK,SELL,171,537.3,91878.3
2025-11-26,ALPHA_SEC,CL126756,INFY,SELL,177,165.74,29335.98
2025-11-22,BETA_INVEST,CL376477,KOTAKBANK,BUY,106,2214.85,234774.1
2025-11-26,BETA_INVEST,CL824512,SBIN,SELL,174,1195.83,208074.42
2025-11-20,BETA_INVEST,CL112961,LT,SELL,131,1376.61,180335.91
2025-11-22,ALPHA_SEC,CL421766,INFY,BUY,169,2007.24,339223.56
2025-11-26,ALPHA_SEC,CL226464,KOTAKBANK,SELL,49,1656.88,81187.12
2025-11-22,DELTA_TRADES,CL613164,KOTAKBANK,BUY,236,460.25,108619.0
2025-11-21,DELTA_TRADES,CL845204,ICICIBANK,BUY,289,1316.26,380399.14
2025-11-24,OMEGA_BROKING,CL134102,RELIANCE,BUY,7,269.99,1889.93
2025-11-26,BETA_INVEST,CL632898,AXISBANK,SELL,41,2182.0,89462.0
2025-11-22,OMEGA_BROKING,CL254214,SBIN,SELL,224,630.39,141207.36
2025-11-25,ALPHA_SEC,CL482701,HDFC,BUY,89,414.61,36900.29
2025-11-26,BETA_INVEST,CL356606,RELIANCE,BUY,116,1218.03,141291.48
2025-11-23,BETA_INVEST,CL562095,TATAMOTORS,BUY,21,1102.8,23158.8
2025-11-20,BETA_INVEST,CL676766,ICICIBANK,SELL,119,1344.17,159956.23
2025-11-25,OMEGA_BROKING,CL804296,ITC,BUY,279,1923.99,536793.21
2025-11-20,DELTA_TRADES,CL110419,SBIN,BUY,280,2263.02,633645.6
2025-11-26,DELTA_TRADES,CL729540,KOTAKBANK,SELL,279,852.66,237892.14
2025-11-20,ALPHA_SEC,CL539001,SBIN,BUY,230,190.47,43808.1
2025-11-22,DELTA_TRADES,CL352337,INFY,BUY,58,2015.37,116891.46
2025-11-23,BETA_INVEST,CL454832,TATAMOTORS,BUY,101,1947.04,196651.04
2025-11-22,OMEGA_BROKING,CL261890,INFY,SELL,21,807.92,16966.32
2025-11-20,ALPHA_SEC,CL300714,HDFC,SELL,215,1589.57,341757.55
2025-11-24,BETA_INVEST,CL751967,SBIN,SELL,26,783.96,20382.96
2025-11-20,OMEGA_BROKING,CL246303,ITC,BUY,224,2397.89,537127.36
2025-11-22,DELTA_TRADES,CL352711,INFY,SELL,34,1120.92,38111.28
2025-11-24,BETA_INVEST,CL665957,ICICIBANK,SELL,257,769.78,197833.46
2025-11-20,ALPHA_SEC,CL522791,HDFC,BUY,115,1047.57,120470.55
2025-11-24,BETA_INVEST,CL272826,RELIANCE,BUY,66,737.66,48685.56
2025-11-26,ALPHA_SEC,CL533734,AXISBANK,SELL,195,1885.98,367766.1
2025-11-24,BETA_INVEST,CL665214,RELIANCE,SELL,102,1801.33,183735.66
2025-11-26,BETA_INVEST,CL172335,RELIANCE,BUY,206,2477.11,510284.66
2025-11-21,OMEGA_BROKING,CL104801,AXISBANK,SELL,246,1276.57,314036.22
2025-11-20,BETA_INVEST,CL897765,KOTAKBANK,SELL,191,1892.79,361522.89
2025-11-23,OMEGA_BROKING,CL177721,KOTAKBANK,BUY,143,529.11,75662.73
2025-11-26,DELTA_TRADES,CL990933,AXISBANK,SELL,266,1508.59,401284.94
2025-11-24,BETA_INVEST,CL912816,RELIANCE,BUY,146,979.17,142958.82
2025-11-26,BETA_INVEST,CL262028,AXISBANK,BUY,66,1276.44,84245.04
2025-11-20,DELTA_TRADES,CL839464,ICICIBANK,BUY,62,510.52,31652.24
2025-11-24,DELTA_TRADES,CL633000,KOTAKBANK,BUY,245,2090.68,512216.6
2025-11-22,ALPHA_SEC,CL376700,ICICIBANK,BUY,211,2089.3,440842.3
2025-11-20,ALPHA_SEC,CL259494,RELIANCE,SELL,125,2346.09,293261.25
2025-11-23,OMEGA_BROKING,CL100367,ICICIBANK,BUY,175,1311.73,229552.75
2025-11-20,OMEGA_BROKING,CL356991,HDFC,SELL,300,1729.66,518898.0
2025-11-22,BETA_INVEST,CL152427,ITC,BUY,177,1840.05,325688.85
2025-11-20,BETA_INVEST,CL399412,LT,SELL,126,1459.63,183913.38
2025-11-24,ALPHA_SEC,CL834693,ITC,BUY,197,1204.98,237381.06
2025-11-20,DELTA_TRADES,CL209989,KOTAKBANK,BUY,37,2002.74,74101.38
2025-11-21,DELTA_TRADES,CL610182,AXISBANK,SELL,123,1058.36,130178.28
2025-11-25,DELTA_TRADES,CL130405,AXISBANK,SELL,102,2110.23,215243.46
2025-11-26,OMEGA_BROKING,CL297472,SBIN,SELL,246,773.52,190285.92
2025-11-25,ALPHA_SEC,CL119460,TATAMOTORS,SELL,43,2360.87,101517.41
2025-11-20,ALPHA_SEC,CL016882,KOTAKBANK,SELL,16,1241.16,19858.56
2025-11-26,DELTA_TRADES,CL212096,AXISBANK,SELL,203,305.63,62042.89
2025-11-26,ALPHA_SEC,CL012075,SBIN,BUY,262,592.24,155166.88
2025-11-26,OMEGA_BROKING,CL614826,TATAMOTORS,BUY,8,217.27,1738.16
2025-11-24,BETA_INVEST,CL263275,TATAMOTORS,SELL,172,1109.88,190899.36
2025-11-26,ALPHA_SEC,CL759147,SBIN,BUY,111,2008.31,222922.41
2025-11-23,DELTA_TRADES,CL575642,ITC,BUY,279,169.65,47332.35
2025-11-23,OMEGA_BROKING,CL090067,SBIN,SELL,218,2171.84,473461.12
2025-11-26,OMEGA_BROKING,CL858418,TATAMOTORS,SELL,1,2149.97,2149.97
2025-11-25,BETA_INVEST,CL359066,AXISBANK,BUY,282,576.1,162460.2
2025-11-20,BETA_INVEST,CL043617,RELIANCE,BUY,6,2440.81,14644.86
2025-11-24,OMEGA_BROKING,CL200163,INFY,SELL,205,1662.15,340740.75
2025-11-25,BETA_INVEST,CL193554,INFY,SELL,207,1665.45,344748.15
2025-11-24,OMEGA_BROKING,CL883534,RELIANCE,SELL,69,728.71,50280.99
2025-11-21,DELTA_TRADES,CL251512,LT,BUY,111,2193.47,243475.17
2025-11-25,DELTA_TRADES,CL826033,LT,BUY,131,1734.43,227210.33
2025-11-25,ALPHA_SEC,CL136258,ITC,SELL,242,1033.97,250220.74
2025-11-20,BETA_INVEST,CL966814,TATAMOTORS,SELL,14,2339.11,32747.54
2025-11-20,OMEGA_BROKING,CL800558,SBIN,BUY,91,1553.58,141375.78
2025-11-20,ALPHA_SEC,CL989689,AXISBANK,BUY,275,1037.29,285254.75
2025-11-25,ALPHA_SEC,CL778994,HDFC,BUY,37,380.87,14092.19
2025-11-26,OMEGA_BROKING,CL015023,LT,BUY,131,1511.43,197997.33
2025-11-25,BETA_INVEST,CL344563,RELIANCE,SELL,158,2326.91,367651.78
2025-11-23,ALPHA_SEC,CL420878,RELIANCE,BUY,272,611.19,166243.68
2025-11-23,ALPHA_SEC,CL194009,KOTAKBANK,BUY,73,254.65,18589.45
2025-11-25,OMEGA_BROKING,CL615347,KOTAKBANK,SELL,103,1118.62,115217.86
2025-11-20,DELTA_TRADES,CL768596,LT,BUY,283,1068.08,302266.64
2025-11-26,BETA_INVEST,CL239107,HDFC,SELL,123,700.34,86141.82
2025-11-22,BETA_INVEST,CL105386,ITC,SELL,239,790.35,188893.65
2025-11-26,BETA_INVEST,CL152135,INFY,BUY,10,1453.36,14533.6
2025-11-23,ALPHA_SEC,CL173719,HDFC,SELL,9,1292.57,11633.13
2025-11-20,ALPHA_SEC,CL116992,SBIN,BUY,144,286.74,41290.56
2025-11-24,BETA_INVEST,CL541465,SBIN,SELL,279,2047.34,571207.86
2025-11-22,DELTA_TRADES,CL145246,TATAMOTORS,BUY,11,148.14,1629.54
2025-11-21,BETA_INVEST,CL921500,ITC,SELL,245,361.95,88677.75
2025-11-24,BETA_INVEST,CL441270,INFY,SELL,25,564.17,14104.25
2025-11-20,OMEGA_BROKING,CL036324,LT,SELL,105,448.67,47110.35
2025-11-24,BETA_INVEST,CL375558,SBIN,BUY,79,841.57,66484.03
2025-11-23,DELTA_TRADES,CL465288,LT,SELL,76,2292.65,174241.4
2025-11-25,ALPHA_SEC,CL467397,HDFC,BUY,97,2389.71,231801.87
2025-11-20,OMEGA_BROKING,CL975772,AXISBANK,BUY,127,730.13,92726.51
2025-11-21,DELTA_TRADES,CL617002,LT,SELL,74,1030.2,76234.8
2025-11-25,BETA_INVEST,CL914547,SBIN,BUY,159,442.27,70320.93
2025-11-25,DELTA_TRADES,CL073774,LT,BUY,295,657.14,193856.3
2025-11-21,BETA_INVEST,CL087507,LT,SELL,281,598.06,168054.86
2025-11-21,ALPHA_SEC,CL532693,LT,BUY,284,1510.34,428936.56
2025-11-26,ALPHA_SEC,CL059806,INFY,BUY,269,863.51,232284.19
2025-11-21,OMEGA_BROKING,CL588646,TATAMOTORS,SELL,98,1371.2,134377.6
2025-11-26,OMEGA_BROKING,CL109739,SBIN,BUY,86,1692.77,145578.22
2025-11-20,OMEGA_BROKING,CL920463,KOTAKBANK,BUY,115,1999.05,229890.75
2025-11-25,ALPHA_SEC,CL117355,HDFC,BUY,215,1257.39,270338.85
2025-11-26,ALPHA_SEC,CL265016,ICICIBANK,BUY,10,685.92,6859.2
2025-11-23,OMEGA_BROKING,CL250771,AXISBANK,BUY,274,2167.63,593930.62
2025-11-26,ALPHA_SEC,CL969269,TATAMOTORS,SELL,1,169.32,169.32
2025-11-20,ALPHA_SEC,CL878579,AXISBANK,SELL,230,1393.99,320617.7
2025-11-22,OMEGA_BROKING,CL557330,INFY,BUY,1,819.74,819.74
2025-11-25,DELTA_TRADES,CL138346,AXISBANK,BUY,242,2410.34,583302.28
2025-11-23,OMEGA_BROKING,CL072370,LT,BUY,91,2012.09,183100.19
2025-11-22,BETA_INVEST,CL329554,TATAMOTORS,BUY,260,2484.23,645899.8
2025-11-24,ALPHA_SEC,CL055083,SBIN,SELL,72,182.42,13134.24
2025-11-22,DELTA_TRADES,CL329216,RELIANCE,BUY,28,2455.01,68740.28
2025-11-26,OMEGA_BROKING,CL613555,ICICIBANK,SELL,242,864.57,209225.94
2025-11-25,OMEGA_BROKING,CL690351,AXISBANK,SELL,140,492.26,68916.4
2025-11-25,OMEGA_BROKING,CL920172,TATAMOTORS,SELL,129,2308.77,297831.33
2025-11-24,BETA_INVEST,CL038523,AXISBANK,SELL,66,2487.75,164191.5
2025-11-23,DELTA_TRADES,CL610714,TATAMOTORS,BUY,130,846.1,109993.0
2025-11-24,ALPHA_SEC,CL427750,LT,SELL,39,573.85,22380.15
2025-11-25,OMEGA_BROKING,CL877294,ICICIBANK,SELL,183,1577.44,288671.52
2025-11-25,ALPHA_SEC,CL380708,TATAMOTORS,BUY,273,1543.02,421244.46
2025-11-21,BETA_INVEST,CL466899,INFY,BUY,264,1690.44,446276.16
2025-11-21,BETA_INVEST,CL749174,SBIN,BUY,126,2454.81,309306.06
2025-11-22,DELTA_TRADES,CL197835,LT,SELL,193,2388.04,460891.72
2025-11-26,DELTA_TRADES,CL676693,TATAMOTORS,SELL,170,723.42,122981.4
2025-11-23,ALPHA_SEC,CL856010,LT,SELL,254,1847.39,469237.06
2025-11-26,ALPHA_SEC,CL665982,KOTAKBANK,SELL,168,328.06,55114.08
2025-11-22,BETA_INVEST,CL736068,INFY,BUY,105,182.7,19183.5
2025-11-24,BETA_INVEST,CL191040,RELIANCE,SELL,210,207.41,43556.1
2025-11-21,DELTA_TRADES,CL611162,TATAMOTORS,SELL,299,1614.88,482849.12
2025-11-24,DELTA_TRADES,CL159160,KOTAKBANK,BUY,115,2348.32,270056.8
2025-11-25,BETA_INVEST,CL978468,INFY,BUY,33,1118.31,36904.23
2025-11-26,BETA_INVEST,CL521911,TATAMOTORS,SELL,48,2217.02,106416.96
2025-11-20,ALPHA_SEC,CL908316,AXISBANK,SELL,34,2490.31,84670.54
2025-11-21,BETA_INVEST,CL644451,SBIN,SELL,204,866.97,176861.88
2025-11-26,OMEGA_BROKING,CL525083,ICICIBANK,BUY,66,465.64,30732.24
2025-11-25,DELTA_TRADES,CL293548,TATAMOTORS,BUY,114,2065.62,235480.68
2025-11-22,ALPHA_SEC,CL025424,INFY,SELL,257,1196.3,307449.1
2025-11-22,BETA_INVEST,CL774275,SBIN,BUY,41,2169.3,88941.3
2025-11-26,OMEGA_BROKING,CL124034,LT,SELL,202,1691.45,341672.9
2025-11-20,DELTA_TRADES,CL298344,LT,BUY,91,1794.51,163300.41
2025-11-26,BETA_INVEST,CL379316,AXISBANK,BUY,188,699.03,131417.64
2025-11-21,DELTA_TRADES,CL599302,INFY,BUY,245,1919.5,470277.5
2025-11-23,ALPHA_SEC,CL246390,ICICIBANK,BUY,173,139.25,24090.25
2025-11-24,ALPHA_SEC,CL427564,LT,SELL,167,1714.26,286281.42
2025-11-22,BETA_INVEST,CL898860,LT,BUY,91,635.01,57785.91
2025-11-22,DELTA_TRADES,CL213220,RELIANCE,BUY,205,2201.1,451225.5
2025-11-26,ALPHA_SEC,CL357900,RELIANCE,SELL,122,2061.63,251518.86
2025-11-26,DELTA_TRADES,CL588117,LT,BUY,210,2262.89,475206.9
2025-11-26,BETA_INVEST,CL963588,AXISBANK,BUY,14,2196.65,30753.1
2025-11-22,DELTA_TRADES,CL006454,ITC,SELL,124,1266.04,156988.96
2025-11-22,OMEGA_BROKING,CL102790,KOTAKBANK,BUY,19,1414.5,26875.5
2025-11-24,BETA_INVEST,CL766648,KOTAKBANK,BUY,180,388.87,69996.6
2025-11-20,ALPHA_SEC,CL604915,TATAMOTORS,BUY,65,1962.91,127589.15
2025-11-23,DELTA_TRADES,CL382485,ICICIBANK,BUY,56,1750.68,98038.08
2025-11-20,BETA_INVEST,CL167523,SBIN,SELL,33,2199.26,72575.58
2025-11-20,ALPHA_SEC,CL724318,SBIN,SELL,22,709.41,15607.02
2025-11-25,ALPHA_SEC,CL959330,AXISBANK,SELL,87,1994.92,173558.04
2025-11-24,BETA_INVEST,CL788440,TATAMOTORS,BUY,286,235.96,67484.56
2025-11-24,ALPHA_SEC,CL774222,ICICIBANK,BUY,14,1109.2,15528.8
2025-11-26,BETA_INVEST,CL022815,SBIN,SELL,262,2138.0,560156.0
2025-11-23,DELTA_TRADES,CL362200,ICICIBANK,SELL,132,588.27,77651.64
2025-11-24,ALPHA_SEC,CL729027,ITC,SELL,43,2141.87,92100.41
2025-11-22,ALPHA_SEC,CL633724,KOTAKBANK,BUY,201,1916.46,385208.46
2025-11-23,BETA_INVEST,CL074234,RELIANCE,BUY,197,2130.56,419720.32
2025-11-22,DELTA_TRADES,CL260102,TATAMOTORS,BUY,295,1511.97,446031.15
2025-11-24,DELTA_TRADES,CL634290,RELIANCE,SELL,21,447.94,9406.74
2025-11-25,BETA_INVEST,CL208480,INFY,BUY,108,1940.74,209599.92
2025-11-20,OMEGA_BROKING,CL614305,TATAMOTORS,SELL,139,760.35,105688.65
2025-11-21,OMEGA_BROKING,CL957195,KOTAKBANK,SELL,249,853.0,212397.0
2025-11-24,ALPHA_SEC,CL432754,LT,BUY,130,380.25,49432.5
2025-11-23,BETA_INVEST,CL685597,HDFC,BUY,116,1267.72,147055.52
2025-11-20,OMEGA_BROKING,CL736526,HDFC,SELL,165,646.18,106619.7
2025-11-21,OMEGA_BROKING,CL111607,KOTAKBANK,SELL,1,1429.0,1429.0
2025-11-20,OMEGA_BROKING,CL963501,HDFC,BUY,92,1060.51,97566.92
2025-11-20,BETA_INVEST,CL832032,TATAMOTORS,BUY,126,1583.87,199567.62
2025-11-22,BETA_INVEST,CL611043,HDFC,SELL,218,1177.01,256588.18
2025-11-22,ALPHA_SEC,CL541198,INFY,BUY,69,2245.64,154949.16
2025-11-25,DELTA_TRADES,CL582013,RELIANCE,SELL,22,1487.98,32735.56
2025-11-22,BETA_INVEST,CL747070,HDFC,SELL,214,1526.78,326730.92
2025-11-26,ALPHA_SEC,CL541535,HDFC,BUY,151,1778.43,268542.93
2025-11-20,BETA_INVEST,CL144376,HDFC,BUY,26,1176.55,30590.3
2025-11-20,DELTA_TRADES,CL923509,AXISBANK,SELL,251,771.15,193558.65
2025-11-24,ALPHA_SEC,CL529541,RELIANCE,SELL,228,399.59,91106.52
2025-11-21,DELTA_TRADES,CL330183,SBIN,SELL,113,175.74,19858.62
2025-11-23,OMEGA_BROKING,CL933504,TATAMOTORS,BUY,213,1333.33,283999.29
2025-11-23,DELTA_TRADES,CL527287,KOTAKBANK,SELL,13,400.94,5212.22
2025-11-25,OMEGA_BROKING,CL517959,SBIN,SELL,165,1613.57,266239.05
2025-11-25,BETA_INVEST,CL746951,INFY,BUY,14,2423.83,33933.62
2025-11-20,OMEGA_BROKING,CL958506,HDFC,BUY,170,341.13,57992.1
2025-11-24,ALPHA_SEC,CL249502,ITC,BUY,119,1007.84,119932.96
2025-11-25,ALPHA_SEC,CL902366,RELIANCE,SELL,216,1628.88,351838.08
2025-11-22,BETA_INVEST,CL197361,RELIANCE,SELL,109,244.15,26612.35
2025-11-25,BETA_INVEST,CL478285,ITC,SELL,239,601.16,143677.24
2025-11-26,OMEGA_BROKING,CL117731,LT,BUY,87,362.26,31516.62
2025-11-24,ALPHA_SEC,CL897339,LT,BUY,298,1927.82,574490.36
2025-11-24,BETA_INVEST,CL491693,INFY,BUY,28,607.45,17008.6
2025-11-26,BETA_INVEST,CL313925,HDFC,BUY,175,1621.16,283703.0
2025-11-25,OMEGA_BROKING,CL396408,AXISBANK,BUY,299,398.64,119193.36
2025-11-23,BETA_INVEST,CL987310,INFY,BUY,241,1533.92,369674.72
2025-11-20,OMEGA_BROKING,CL146343,TATAMOTORS,SELL,128,719.59,92107.52
2025-11-22,ALPHA_SEC,CL979648,HDFC,BUY,121,1856.56,224643.76
2025-11-23,ALPHA_SEC,CL793071,ITC,BUY,137,2075.38,284327.06
2025-11-26,DELTA_TRADES,CL746506,ICICIBANK,BUY,125,907.31,113413.75
2025-11-22,BETA_INVEST,CL930354,ICICIBANK,SELL,50,239.64,11982.0
2025-11-23,ALPHA_SEC,CL575563,TATAMOTORS,BUY,155,547.81,84910.55
2025-11-22,DELTA_TRADES,CL256529,AXISBANK,SELL,286,1785.88,510761.68
2025-11-20,OMEGA_BROKING,CL506130,ICICIBANK,SELL,168,1836.51,308533.68
2025-11-23,OMEGA_BROKING,CL964259,AXISBANK,BUY,150,847.7,127155.0
2025-11-26,OMEGA_BROKING,CL533352,SBIN,BUY,186,848.96,157906.56
2025-11-21,BETA_INVEST,CL298353,LT,BUY,171,1527.99,261286.29
2025-11-21,BETA_INVEST,CL019754,ITC,BUY,77,974.98,75073.46
2025-11-22,OMEGA_BROKING,CL971428,HDFC,BUY,143,2399.24,343091.32
2025-11-25,DELTA_TRADES,CL289633,TATAMOTORS,BUY,125,1739.13,217391.25
2025-11-21,DELTA_TRADES,CL597073,SBIN,BUY,106,1892.85,200642.1
2025-11-23,DELTA_TRADES,CL431680,LT,SELL,10,549.27,5492.7
2025-11-20,ALPHA_SEC,CL588107,LT,BUY,4,286.9,1147.6
2025-11-24,ALPHA_SEC,CL229727,HDFC,BUY,7,2086.37,14604.59
2025-11-24,OMEGA_BROKING,CL783389,HDFC,BUY,143,2265.46,323960.78
2025-11-24,ALPHA_SEC,CL022026,INFY,BUY,57,1372.97,78259.29
2025-11-26,ALPHA_SEC,CL445919,KOTAKBANK,BUY,132,170.34,22484.88
2025-11-23,ALPHA_SEC,CL037093,KOTAKBANK,SELL,205,2320.23,475647.15
2025-11-26,OMEGA_BROKING,CL378025,INFY,BUY,283,1268.36,358945.88
2025-11-20,ALPHA_SEC,CL334886,HDFC,SELL,127,1779.37,225979.99
2025-11-24,BETA_INVEST,CL282821,ITC,BUY,225,2419.04,544284.0
2025-11-26,DELTA_TRADES,CL394569,KOTAKBANK,SELL,218,1728.41,376793.38
2025-11-26,DELTA_TRADES,CL491348,INFY,BUY,160,1233.88,197420.8
2025-11-21,ALPHA_SEC,CL724311,SBIN,BUY,236,2294.64,541535.04
2025-11-21,DELTA_TRADES,CL003805,RELIANCE,BUY,94,1793.36,168575.84
2025-11-25,OMEGA_BROKING,CL424582,SBIN,BUY,261,141.91,37038.51
2025-11-22,ALPHA_SEC,CL492667,LT,BUY,257,431.86,110988.02
2025-11-21,OMEGA_BROKING,CL837461,ICICIBANK,BUY,280,1051.43,294400.4
2025-11-20,OMEGA_BROKING,CL326855,TATAMOTORS,BUY,39,160.49,6259.11
2025-11-26,DELTA_TRADES,CL677160,INFY,SELL,137,2456.37,336522.69
2025-11-24,OMEGA_BROKING,CL238152,TATAMOTORS,SELL,179,644.37,115342.23
2025-11-20,DELTA_TRADES,CL430068,ICICIBANK,SELL,92,1040.89,95761.88
2025-11-24,DELTA_TRADES,CL522712,AXISBANK,BUY,83,2328.27,193246.41
2025-11-23,ALPHA_SEC,CL146692,HDFC,BUY,203,662.18,134422.54
2025-11-21,BETA_INVEST,CL801294,TATAMOTORS,BUY,159,1094.48,174022.32
2025-11-22,OMEGA_BROKING,CL408395,LT,SELL,108,725.87,78393.96
2025-11-23,ALPHA_SEC,CL109528,LT,BUY,295,676.02,199425.9
2025-11-26,BETA_INVEST,CL980271,LT,BUY,44,2134.75,93929.0
2025-11-26,BETA_INVEST,CL892348,ITC,BUY,7,400.8,2805.6
2025-11-20,BETA_INVEST,CL579550,AXISBANK,SELL,172,1096.17,188541.24
2025-11-24,ALPHA_SEC,CL779420,ICICIBANK,BUY,23,1087.46,25011.58
2025-11-25,DELTA_TRADES,CL290536,HDFC,BUY,236,980.38,231369.68
2025-11-26,ALPHA_SEC,CL902505,ITC,BUY,96,516.42,49576.32
2025-11-25,DELTA_TRADES,CL982083,ICICIBANK,BUY,152,262.17,39849.84
2025-11-26,OMEGA_BROKING,CL549044,ITC,BUY,260,608.41,158186.6
2025-11-24,OMEGA_BROKING,CL581714,TATAMOTORS,SELL,137,640.0,87680.0
2025-11-25,OMEGA_BROKING,CL572096,TATAMOTORS,SELL,160,1761.29,281806.4
2025-11-26,ALPHA_SEC,CL748180,ITC,SELL,89,1084.93,96558.77
2025-11-23,OMEGA_BROKING,CL293530,SBIN,BUY,280,196.94,55143.2
2025-11-20,BETA_INVEST,CL966526,TATAMOTORS,SELL,97,271.04,26290.88
2025-11-20,DELTA_TRADES,CL701628,LT,SELL,141,2259.88,318643.08
2025-11-24,OMEGA_BROKING,CL130122,KOTAKBANK,BUY,69,146.16,10085.04
2025-11-22,DELTA_TRADES,CL705238,AXISBANK,SELL,157,1438.74,225882.18
2025-11-20,BETA_INVEST,CL349963,ITC,BUY,151,303.99,45902.49
2025-11-20,BETA_INVEST,CL883375,INFY,BUY,271,1368.37,370828.27
2025-11-25,DELTA_TRADES,CL372075,AXISBANK,SELL,299,864.42,258461.58
2025-11-26,ALPHA_SEC,CL369209,SBIN,SELL,255,1639.78,418143.9
2025-11-24,ALPHA_SEC,CL560453,HDFC,SELL,160,449.82,71971.2
2025-11-24,OMEGA_BROKING,CL788703,HDFC,BUY,267,2029.3,541823.1
2025-11-21,ALPHA_SEC,CL266990,ITC,SELL,223,2266.44,505416.12
2025-11-25,OMEGA_BROKING,CL130172,TATAMOTORS,SELL,61,2103.36,128304.96
2025-11-25,DELTA_TRADES,CL473147,INFY,BUY,257,1041.58,267686.06
2025-11-22,DELTA_TRADES,CL293448,ICICIBANK,SELL,19,1643.06,31218.14
2025-11-20,BETA_INVEST,CL917751,TATAMOTORS,SELL,49,1607.64,78774.36
2025-11-21,DELTA_TRADES,CL503544,KOTAKBANK,SELL,27,2443.71,65980.17
2025-11-23,DELTA_TRADES,CL641537,ICICIBANK,SELL,290,1940.36,562704.4
2025-11-21,BETA_INVEST,CL542798,RELIANCE,SELL,41,1407.56,57709.96
2025-11-26,ALPHA_SEC,CL001083,INFY,BUY,283,1115.33,315638.39
2025-11-20,DELTA_TRADES,CL053757,LT,SELL,215,2471.01,531267.15
2025-11-24,DELTA_TRADES,CL245126,SBIN,BUY,123,1472.3,181092.9
2025-11-20,BETA_INVEST,CL662865,LT,BUY,119,757.78,90175.82
2025-11-26,DELTA_TRADES,CL556924,TATAMOTORS,SELL,260,1457.72,379007.2
2025-11-25,ALPHA_SEC,CL002049,HDFC,SELL,293,854.76,250444.68
2025-11-22,DELTA_TRADES,CL494676,TATAMOTORS,SELL,39,2236.1,87207.9
2025-11-22,OMEGA_BROKING,CL132038,KOTAKBANK,SELL,169,1890.11,319428.59
2025-11-20,DELTA_TRADES,CL059794,AXISBANK,SELL,35,2415.57,84544.95
2025-11-25,BETA_INVEST,CL070235,AXISBANK,BUY,284,2283.68,648565.12
2025-11-22,ALPHA_SEC,CL394512,KOTAKBANK,SELL,180,1752.64,315475.2
2025-11-24,DELTA_TRADES,CL143138,ICICIBANK,BUY,68,2351.24,159884.32
2025-11-24,BETA_INVEST,CL173179,LT,SELL,278,509.68,141691.04
2025-11-26,ALPHA_SEC,CL495776,LT,SELL,49,318.42,15602.58
2025-11-24,ALPHA_SEC,CL196752,AXISBANK,BUY,161,1873.74,301672.14
2025-11-20,BETA_INVEST,CL668499,KOTAKBANK,BUY,263,1482.61,389926.43
2025-11-25,BETA_INVEST,CL440543,HDFC,SELL,262,1770.15,463779.3
2025-11-20,DELTA_TRADES,CL043478,AXISBANK,BUY,73,1302.09,95052.57
2025-11-20,OMEGA_BROKING,CL201598,HDFC,SELL,165,1050.71,173367.15
2025-11-25,DELTA_TRADES,CL552558,LT,BUY,121,1160.64,140437.44
2025-11-23,BETA_INVEST,CL259823,HDFC,SELL,258,2368.17,610987.86
2025-11-22,OMEGA_BROKING,CL891469,INFY,BUY,50,2408.6,120430.0
2025-11-25,OMEGA_BROKING,CL308246,INFY,SELL,228,1089.1,248314.8
2025-11-22,DELTA_TRADES,CL813241,KOTAKBANK,SELL,21,918.75,19293.75
2025-11-21,OMEGA_BROKING,CL499507,SBIN,BUY,224,1258.34,281868.16
2025-11-25,OMEGA_BROKING,CL450511,HDFC,SELL,65,2003.31,130215.15
2025-11-23,BETA_INVEST,CL754330,ITC,BUY,234,203.33,47579.22
2025-11-24,ALPHA_SEC,CL342156,ITC,SELL,135,267.7,36139.5
2025-11-25,DELTA_TRADES,CL376200,INFY,BUY,11,1220.64,13427.04
2025-11-22,OMEGA_BROKING,CL928705,ICICIBANK,SELL,257,846.08,217442.56
2025-11-21,ALPHA_SEC,CL047051,LT,BUY,209,1649.96,344841.64
2025-11-20,BETA_INVEST,CL455804,RELIANCE,BUY,181,2197.0,397657.0
2025-11-20,BETA_INVEST,CL124130,AXISBANK,SELL,202,314.49,63526.98
2025-11-23,BETA_INVEST,CL081238,AXISBANK,SELL,171,1268.47,216908.37
2025-11-21,OMEGA_BROKING,CL438497,SBIN,BUY,263,2387.98,628038.74
2025-11-22,BETA_INVEST,CL620052,AXISBANK,BUY,58,2484.98,144128.84
2025-11-25,OMEGA_BROKING,CL605248,HDFC,BUY,137,1197.5,164057.5
2025-11-21,DELTA_TRADES,CL203767,AXISBANK,BUY,81,885.22,71702.82
2025-11-23,OMEGA_BROKING,CL196722,ICICIBANK,SELL,134,1827.54,244890.36
2025-11-21,OMEGA_BROKING,CL245807,RELIANCE,SELL,61,1786.06,108949.66
2025-11-23,BETA_INVEST,CL796931,HDFC,SELL,120,585.79,70294.8
2025-11-24,DELTA_TRADES,CL379100,SBIN,BUY,38,661.0,25118.0
2025-11-26,ALPHA_SEC,CL862016,AXISBANK,SELL,195,624.26,121730.7
2025-11-20,BETA_INVEST,CL990397,AXISBANK,BUY,136,2470.77,336024.72
2025-11-22,BETA_INVEST,CL445461,LT,BUY,74,981.55,72634.7
2025-11-24,BETA_INVEST,CL002936,LT,BUY,50,647.86,32393.0
2025-11-23,ALPHA_SEC,CL680010,KOTAKBANK,SELL,98,232.86,22820.28
2025-11-23,ALPHA_SEC,CL833055,SBIN,SELL,230,1560.28,358864.4
2025-11-24,BETA_INVEST,CL514890,KOTAKBANK,SELL,176,1819.32,320200.32
2025-11-20,OMEGA_BROKING,CL514217,INFY,BUY,139,942.16,130960.24
2025-11-25,BETA_INVEST,CL045633,RELIANCE,BUY,64,1646.15,105353.6
2025-11-21,OMEGA_BROKING,CL242442,HDFC,BUY,6,1846.05,11076.3
2025-11-22,OMEGA_BROKING,CL371945,ITC,SELL,143,1596.92,228359.56
2025-11-21,OMEGA_BROKING,CL126427,INFY,SELL,12,2413.19,28958.28
2025-11-21,DELTA_TRADES,CL675349,RELIANCE,BUY,206,529.0,108974.0
2025-11-25,DELTA_TRADES,CL904122,AXISBANK,SELL,87,1316.11,114501.57
2025-11-22,DELTA_TRADES,CL252471,INFY,BUY,131,1743.34,228377.54
2025-11-23,BETA_INVEST,CL041871,AXISBANK,SELL,143,1517.52,217005.36
2025-11-21,OMEGA_BROKING,CL867146,HDFC,SELL,56,1610.63,90195.28
2025-11-21,ALPHA_SEC,CL608934,INFY,SELL,298,2180.33,649738.34
2025-11-21,OMEGA_BROKING,CL159906,ITC,BUY,1,728.23,728.23
2025-11-20,BETA_INVEST,CL664559,ITC,SELL,293,1750.5,512896.5
2025-11-20,ALPHA_SEC,CL445155,ITC,SELL,215,931.46,200263.9
2025-11-22,ALPHA_SEC,CL396908,HDFC,BUY,38,1307.57,49687.66
2025-11-26,BETA_INVEST,CL595270,TATAMOTORS,BUY,79,1133.69,89561.51
2025-11-25,DELTA_TRADES,CL483576,KOTAKBANK,BUY,101,193.77,19570.77
2025-11-24,ALPHA_SEC,CL505028,HDFC,SELL,118,1266.24,149416.32
2025-11-23,OMEGA_BROKING,CL544393,LT,SELL,52,1531.39,79632.28
2025-11-26,BETA_INVEST,CL505212,KOTAKBANK,SELL,274,1232.0,337568.0
2025-11-25,BETA_INVEST,CL558649,INFY,SELL,251,1428.67,358596.17
2025-11-23,BETA_INVEST,CL579386,HDFC,SELL,195,2004.71,390918.45
2025-11-20,BETA_INVEST,CL230200,SBIN,SELL,37,693.16,25646.92
2025-11-23,ALPHA_SEC,CL639367,RELIANCE,SELL,250,2258.29,564572.5
2025-11-20,OMEGA_BROKING,CL428333,AXISBANK,SELL,189,401.14,75815.46
2025-11-23,BETA_INVEST,CL275913,HDFC,SELL,17,636.68,10823.56
2025-11-21,ALPHA_SEC,CL992147,ICICIBANK,SELL,223,1389.97,309963.31
2025-11-26,BETA_INVEST,CL136576,ITC,SELL,171,1932.01,330373.71
2025-11-21,BETA_INVEST,CL704175,ITC,SELL,27,410.36,11079.72
2025-11-25,DELTA_TRADES,CL252286,INFY,BUY,257,1442.34,370681.38
2025-11-25,ALPHA_SEC,CL386671,INFY,BUY,195,2446.01,476971.95
2025-11-23,DELTA_TRADES,CL755972,KOTAKBANK,SELL,151,530.74,80141.74
2025-11-22,BETA_INVEST,CL373411,TATAMOTORS,SELL,2,137.08,274.16
2025-11-24,DELTA_TRADES,CL838266,TATAMOTORS,BUY,266,906.17,241041.22
2025-11-24,DELTA_TRADES,CL534834,LT,SELL,13,1403.75,18248.75
2025-11-21,BETA_INVEST,CL145749,KOTAKBANK,SELL,90,899.53,80957.7
2025-11-26,BETA_INVEST,CL146556,TATAMOTORS,BUY,174,682.46,118748.04
2025-11-22,OMEGA_BROKING,CL463854,TATAMOTORS,SELL,230,1154.23,265472.9
2025-11-22,BETA_INVEST,CL758915,ITC,SELL,281,988.27,277703.87
2025-11-25,OMEGA_BROKING,CL293854,KOTAKBANK,BUY,161,1362.25,219322.25
2025-11-21,OMEGA_BROKING,CL951855,TATAMOTORS,BUY,86,464.39,39937.54
2025-11-21,DELTA_TRADES,CL736621,ITC,SELL,81,637.64,51648.84
2025-11-22,OMEGA_BROKING,CL834585,TATAMOTORS,BUY,112,658.24,73722.88
2025-11-20,OMEGA_BROKING,CL561909,INFY,BUY,11,1489.75,16387.25
2025-11-24,ALPHA_SEC,CL247502,HDFC,BUY,35,1555.15,54430.25
2025-11-25,BETA_INVEST,CL190438,SBIN,BUY,217,1700.39,368984.63
2025-11-24,DELTA_TRADES,CL656673,AXISBANK,SELL,299,2495.2,746064.8
2025-11-21,DELTA_TRADES,CL519010,RELIANCE,BUY,232,1471.62,341415.84
2025-11-25,OMEGA_BROKING,CL304085,RELIANCE,BUY,195,1693.17,330168.15
2025-11-21,OMEGA_BROKING,CL390667,RELIANCE,SELL,154,799.05,123053.7
2025-11-25,BETA_INVEST,CL786991,HDFC,SELL,122,729.08,88947.76
2025-11-25,OMEGA_BROKING,CL463817,AXISBANK,SELL,85,185.67,15781.95
2025-11-25,BETA_INVEST,CL570876,ITC,SELL,87,754.61,65651.07
2025-11-22,ALPHA_SEC,CL980454,HDFC,BUY,209,1362.16,284691.44
2025-11-24,BETA_INVEST,CL356237,ICICIBANK,SELL,123,2169.0,266787.0
2025-11-21,ALPHA_SEC,CL261520,INFY,BUY,60,1522.48,91348.8
2025-11-24,DELTA_TRADES,CL577668,AXISBANK,SELL,22,688.1,15138.2
2025-11-20,ALPHA_SEC,CL702040,HDFC,BUY,255,1021.3,260431.5
2025-11-22,OMEGA_BROKING,CL415438,TATAMOTORS,SELL,90,1934.83,174134.7
2025-11-21,OMEGA_BROKING,CL483850,RELIANCE,SELL,289,1205.54,348401.06
2025-11-22,ALPHA_SEC,CL281234,ITC,BUY,210,1378.89,289566.9
2025-11-24,OMEGA_BROKING,CL771347,SBIN,SELL,93,1600.47,148843.71
2025-11-26,DELTA_TRADES,CL010405,RELIANCE,SELL,27,2197.04,59320.08
2025-11-23,BETA_INVEST,CL392721,INFY,BUY,35,868.42,30394.7
2025-11-21,BETA_INVEST,CL399967,LT,SELL,229,1664.75,381227.75
2025-11-25,ALPHA_SEC,CL138851,TATAMOTORS,SELL,3,778.71,2336.13
2025-11-21,DELTA_TRADES,CL382761,INFY,SELL,294,2370.61,696959.34
2025-11-21,BETA_INVEST,CL491026,ICICIBANK,SELL,49,621.26,30441.74
2025-11-26,ALPHA_SEC,CL566875,AXISBANK,SELL,60,707.93,42475.8
2025-11-26,ALPHA_SEC,CL718576,SBIN,SELL,196,1092.99,214226.04
2025-11-22,BETA_INVEST,CL178445,ITC,BUY,70,1088.18,76172.6
2025-11-26,OMEGA_BROKING,CL604238,INFY,BUY,225,1360.92,306207.0
2025-11-22,OMEGA_BROKING,CL309183,TATAMOTORS,BUY,14,792.32,11092.48
2025-11-22,DELTA_TRADES,CL868664,INFY,SELL,218,1559.62,339997.16
2025-11-26,OMEGA_BROKING,CL726531,INFY,SELL,272,2076.54,564818.88
2025-11-21,BETA_INVEST,CL209646,RELIANCE,SELL,269,1212.41,326138.29
2025-11-21,BETA_INVEST,CL102078,HDFC,SELL,62,1760.9,109175.8
2025-11-21,ALPHA_SEC,CL512627,AXISBANK,SELL,299,321.72,96194.28
2025-11-20,ALPHA_SEC,CL170870,INFY,SELL,45,2086.07,93873.15
2025-11-23,BETA_INVEST,CL445842,INFY,SELL,93,2483.4,230956.2
2025-11-24,ALPHA_SEC,CL830986,AXISBANK,BUY,86,1348.05,115932.3
2025-11-20,DELTA_TRADES,CL778352,TATAMOTORS,SELL,63,1426.36,89860.68
2025-11-24,ALPHA_SEC,CL191249,INFY,SELL,81,471.13,38161.53
2025-11-24,DELTA_TRADES,CL599780,SBIN,SELL,218,351.85,76703.3
2025-11-24,ALPHA_SEC,CL700039,LT,BUY,298,838.49,249870.02
2025-11-22,BETA_INVEST,CL935992,ICICIBANK,BUY,283,840.68,237912.44
2025-11-23,ALPHA_SEC,CL388862,LT,BUY,157,380.14,59681.98
2025-11-26,DELTA_TRADES,CL196199,AXISBANK,BUY,183,2213.34,405041.22
2025-11-24,DELTA_TRADES,CL073625,ITC,BUY,156,344.63,53762.28
2025-11-23,DELTA_TRADES,CL678027,SBIN,SELL,63,930.56,58625.28
2025-11-26,OMEGA_BROKING,CL097123,TATAMOTORS,SELL,111,2493.22,276747.42
2025-11-26,DELTA_TRADES,CL145307,AXISBANK,SELL,241,2370.08,571189.28
2025-11-20,BETA_INVEST,CL500235,AXISBANK,BUY,68,1901.9,129329.2
2025-11-26,OMEGA_BROKING,CL814687,HDFC,SELL,233,451.77,105262.41
2025-11-23,BETA_INVEST,CL432068,INFY,BUY,62,1970.63,122179.06
2025-11-25,DELTA_TRADES,CL328796,ICICIBANK,SELL,214,2003.68,428787.52
2025-11-20,OMEGA_BROKING,CL436687,ICICIBANK,SELL,142,1971.12,279899.04
2025-11-26,BETA_INVEST,CL964833,ITC,SELL,197,2494.05,491327.85
2025-11-22,DELTA_TRADES,CL803662,TATAMOTORS,SELL,44,1152.31,50701.64
2025-11-25,ALPHA_SEC,CL700155,SBIN,SELL,201,1677.1,337097.1
2025-11-24,DELTA_TRADES,CL896645,SBIN,SELL,241,1742.24,419879.84
2025-11-22,BETA_INVEST,CL428978,LT,BUY,90,1006.98,90628.2
2025-11-21,OMEGA_BROKING,CL074677,INFY,SELL,104,1253.16,130328.64
2025-11-20,BETA_INVEST,CL519460,HDFC,BUY,239,1034.87,247333.93
2025-11-24,BETA_INVEST,CL789894,ITC,SELL,117,1520.31,177876.27
2025-11-20,DELTA_TRADES,CL413142,INFY,BUY,210,1921.7,403557.0
2025-11-24,ALPHA_SEC,CL057559,HDFC,SELL,147,831.08,122168.76
2025-11-21,ALPHA_SEC,CL584595,INFY,BUY,138,673.77,92980.26
2025-11-20,OMEGA_BROKING,CL225609,HDFC,SELL,272,1882.4,512012.8
2025-11-22,DELTA_TRADES,CL084778,AXISBANK,SELL,300,342.25,102675.0
2025-11-26,DELTA_TRADES,CL805983,INFY,BUY,104,1993.57,207331.28
2025-11-25,BETA_INVEST,CL884726,SBIN,BUY,294,448.29,131797.26
2025-11-23,BETA_INVEST,CL160226,SBIN,BUY,227,1245.67,282767.09
2025-11-23,BETA_INVEST,CL797847,SBIN,SELL,190,1998.25,379667.5
2025-11-26,BETA_INVEST,CL679390,KOTAKBANK,BUY,261,2138.84,558237.24
2025-11-20,OMEGA_BROKING,CL420437,RELIANCE,BUY,93,313.62,29166.66
2025-11-22,ALPHA_SEC,CL015473,ICICIBANK,SELL,27,149.02,4023.54
2025-11-21,BETA_INVEST,CL797423,INFY,BUY,72,617.26,44442.72
2025-11-26,ALPHA_SEC,CL067660,INFY,BUY,99,821.29,81307.71
2025-11-23,OMEGA_BROKING,CL560716,AXISBANK,BUY,65,666.33,43311.45
2025-11-21,BETA_INVEST,CL637631,HDFC,BUY,13,2481.89,32264.57
2025-11-22,DELTA_TRADES,CL017253,KOTAKBANK,SELL,258,1655.07,427008.06
2025-11-26,OMEGA_BROKING,CL067065,KOTAKBANK,BUY,117,1298.64,151940.88
2025-11-26,BETA_INVEST,CL460069,HDFC,BUY,211,2160.93,455956.23
2025-11-20,OMEGA_BROKING,CL019945,INFY,SELL,15,1724.71,25870.65
2025-11-23,ALPHA_SEC,CL824213,KOTAKBANK,SELL,219,1089.92,238692.48
2025-11-25,DELTA_TRADES,CL488454,HDFC,SELL,115,1574.05,181015.75
2025-11-25,BETA_INVEST,CL181562,ICICIBANK,BUY,172,1510.73,259845.56
2025-11-22,OMEGA_BROKING,CL444498,LT,SELL,293,1201.91,352159.63
2025-11-24,BETA_INVEST,CL566380,TATAMOTORS,BUY,230,1541.64,354577.2
2025-11-25,OMEGA_BROKING,CL256370,RELIANCE,BUY,216,731.35,157971.6
2025-11-22,OMEGA_BROKING,CL433595,TATAMOTORS,BUY,230,599.05,137781.5
2025-11-20,BETA_INVEST,CL793052,RELIANCE,BUY,105,1562.99,164113.95
2025-11-26,OMEGA_BROKING,CL148606,ICICIBANK,BUY,204,676.08,137920.32
2025-11-24,DELTA_TRADES,CL064902,HDFC,SELL,293,1327.63,388995.59
2025-11-22,OMEGA_BROKING,CL987039,TATAMOTORS,BUY,105,1479.8,155379.0
2025-11-25,ALPHA_SEC,CL769393,TATAMOTORS,SELL,53,514.07,27245.71
2025-11-20,OMEGA_BROKING,CL887256,KOTAKBANK,SELL,161,285.25,45925.25
2025-11-21,OMEGA_BROKING,CL146354,ICICIBANK,BUY,84,224.63,18868.92
2025-11-21,ALPHA_SEC,CL195718,TATAMOTORS,SELL,108,158.69,17138.52
2025-11-20,BETA_INVEST,CL633281,INFY,SELL,271,2418.44,655397.24
2025-11-25,OMEGA_BROKING,CL983095,TATAMOTORS,SELL,280,1500.87,420243.6
2025-11-23,BETA_INVEST,CL809204,AXISBANK,BUY,291,226.28,65847.48
2025-11-22,OMEGA_BROKING,CL289285,TATAMOTORS,SELL,142,168.26,23892.92
2025-11-25,OMEGA_BROKING,CL182034,ITC,SELL,201,152.93,30738.93
2025-11-24,DELTA_TRADES,CL859317,LT,SELL,134,558.54,74844.36
2025-11-25,OMEGA_BROKING,CL696749,AXISBANK,SELL,100,233.27,23327.0
2025-11-25,ALPHA_SEC,CL170495,AXISBANK,BUY,126,845.63,106549.38
2025-11-25,OMEGA_BROKING,CL164772,HDFC,BUY,50,130.24,6512.0
2025-11-25,ALPHA_SEC,CL357849,TATAMOTORS,SELL,84,695.41,58414.44
2025-11-24,ALPHA_SEC,CL201145,ICICIBANK,SELL,119,1008.18,119973.42
2025-11-20,OMEGA_BROKING,CL633125,RELIANCE,BUY,100,1636.43,163643.0
2025-11-26,DELTA_TRADES,CL517567,TATAMOTORS,BUY,285,1959.99,558597.15
2025-11-24,DELTA_TRADES,CL523322,ITC,BUY,243,2098.88,510027.84
2025-11-26,ALPHA_SEC,CL350696,TATAMOTORS,SELL,72,2110.58,151961.76
2025-11-24,OMEGA_BROKING,CL196837,TATAMOTORS,SELL,34,132.21,4495.14
2025-11-26,DELTA_TRADES,CL511759,ITC,SELL,109,357.69,38988.21
2025-11-26,OMEGA_BROKING,CL835608,LT,SELL,254,315.59,80159.86
2025-11-26,BETA_INVEST,CL371487,AXISBANK,SELL,262,2390.16,626221.92
2025-11-21,BETA_INVEST,CL681963,ICICIBANK,BUY,200,141.39,28278.0
2025-11-26,OMEGA_BROKING,CL326694,ICICIBANK,BUY,6,799.85,4799.1
2025-11-26,BETA_INVEST,CL304802,RELIANCE,SELL,194,289.68,56197.92
2025-11-25,ALPHA_SEC,CL495714,ICICIBANK,SELL,121,1926.65,233124.65
2025-11-23,DELTA_TRADES,CL100569,SBIN,SELL,125,274.07,34258.75
2025-11-23,BETA_INVEST,CL535303,SBIN,SELL,13,918.68,11942.84
2025-11-24,OMEGA_BROKING,CL436986,ITC,SELL,90,1822.08,163987.2
2025-11-24,ALPHA_SEC,CL233692,INFY,BUY,240,2366.78,568027.2
2025-11-22,ALPHA_SEC,CL842795,ITC,BUY,279,213.29,59507.91
2025-11-21,OMEGA_BROKING,CL586713,ITC,BUY,293,172.57,50563.01
2025-11-25,OMEGA_BROKING,CL369049,KOTAKBANK,SELL,253,1386.02,350663.06
2025-11-22,BETA_INVEST,CL041766,HDFC,SELL,200,1712.85,342570.0
2025-11-26,OMEGA_BROKING,CL133164,AXISBANK,SELL,290,871.22,252653.8
2025-11-25,DELTA_TRADES,CL771569,ICICIBANK,BUY,223,260.73,58142.79
2025-11-21,OMEGA_BROKING,CL593019,HDFC,SELL,225,1297.79,292002.75
2025-11-25,OMEGA_BROKING,CL004781,HDFC,BUY,63,455.01,28665.63
2025-11-23,ALPHA_SEC,CL034147,HDFC,BUY,260,229.9,59774.0
2025-11-26,DELTA_TRADES,CL326265,ICICIBANK,SELL,72,1262.91,90929.52
2025-11-26,OMEGA_BROKING,CL752590,KOTAKBANK,BUY,187,1592.98,297887.26
2025-11-21,DELTA_TRADES,CL727226,RELIANCE,BUY,251,1795.75,450733.25
2025-11-26,ALPHA_SEC,CL536110,RELIANCE,BUY,245,926.14,226904.3
2025-11-23,ALPHA_SEC,CL137263,HDFC,SELL,187,1652.19,308959.53
2025-11-22,OMEGA_BROKING,CL944453,HDFC,SELL,209,2380.18,497457.62
2025-11-25,DELTA_TRADES,CL440143,ITC,SELL,139,1506.78,209442.42
2025-11-25,DELTA_TRADES,CL095723,HDFC,SELL,179,2388.41,427525.39
2025-11-20,DELTA_TRADES,CL294300,HDFC,BUY,143,2046.9,292706.7
2025-11-21,OMEGA_BROKING,CL982338,AXISBANK,SELL,49,2314.69,113419.81
2025-11-22,ALPHA_SEC,CL060632,AXISBANK,BUY,138,1587.49,219073.62
2025-11-24,DELTA_TRADES,CL342960,TATAMOTORS,BUY,209,1789.47,373999.23
2025-11-22,ALPHA_SEC,CL704169,INFY,BUY,127,441.82,56111.14
2025-11-23,DELTA_TRADES,CL399705,ITC,BUY,166,1584.71,263061.86
2025-11-26,ALPHA_SEC,CL275154,KOTAKBANK,SELL,27,1889.49,51016.23
2025-11-23,OMEGA_BROKING,CL549563,SBIN,BUY,112,1662.26,186173.12
2025-11-25,BETA_INVEST,CL009699,INFY,BUY,191,724.3,138341.3
2025-11-21,OMEGA_BROKING,CL164831,SBIN,BUY,112,443.58,49680.96
2025-11-22,OMEGA_BROKING,CL568783,KOTAKBANK,BUY,254,2420.96,614923.84
2025-11-21,BETA_INVEST,CL911862,ITC,SELL,38,1780.32,67652.16
2025-11-23,DELTA_TRADES,CL982629,AXISBANK,BUY,221,1690.03,373496.63
2025-11-20,DELTA_TRADES,CL759501,ITC,SELL,112,707.76,79269.12
2025-11-20,BETA_INVEST,CL718757,RELIANCE,BUY,89,824.01,73336.89
2025-11-20,OMEGA_BROKING,CL712460,RELIANCE,BUY,113,1693.23,191334.99
2025-11-25,OMEGA_BROKING,CL077543,SBIN,BUY,297,1388.21,412298.37
2025-11-21,OMEGA_BROKING,CL004557,LT,SELL,248,1103.88,273762.24
2025-11-20,OMEGA_BROKING,CL556081,TATAMOTORS,BUY,118,2343.95,276586.1
2025-11-22,OMEGA_BROKING,CL568450,ICICIBANK,BUY,91,860.43,78299.13
2025-11-23,ALPHA_SEC,CL198620,KOTAKBANK,SELL,193,485.77,93753.61
2025-11-23,DELTA_TRADES,CL603080,HDFC,SELL,256,786.85,201433.6
2025-11-25,OMEGA_BROKING,CL699862,AXISBANK,BUY,177,2322.58,411096.66
2025-11-25,OMEGA_BROKING,CL772751,ITC,BUY,219,2035.2,445708.8
2025-11-24,OMEGA_BROKING,CL896993,ITC,BUY,289,851.65,246126.85
2025-11-21,DELTA_TRADES,CL524475,INFY,SELL,110,1039.4,114334.0
2025-11-24,ALPHA_SEC,CL960696,KOTAKBANK,BUY,95,1445.23,137296.85
2025-11-26,OMEGA_BROKING,CL413440,SBIN,SELL,251,1703.21,427505.71
2025-11-20,BETA_INVEST,CL790446,RELIANCE,SELL,295,1424.93,420354.35
2025-11-24,OMEGA_BROKING,CL974754,RELIANCE,SELL,132,2437.38,321734.16
2025-11-23,ALPHA_SEC,CL598125,INFY,SELL,174,2139.8,372325.2
2025-11-26,OMEGA_BROKING,CL426173,SBIN,BUY,22,2304.1,50690.2
2025-11-21,ALPHA_SEC,CL221060,KOTAKBANK,SELL,132,1125.06,148507.92
2025-11-22,DELTA_TRADES,CL904986,TATAMOTORS,SELL,47,2130.8,100147.6
2025-11-26,OMEGA_BROKING,CL921817,SBIN,BUY,58,2043.34,118513.72
2025-11-21,BETA_INVEST,CL180211,SBIN,BUY,135,505.43,68233.05
2025-11-22,ALPHA_SEC,CL446106,AXISBANK,BUY,107,1950.53,208706.71
2025-11-23,DELTA_TRADES,CL330688,KOTAKBANK,BUY,265,1291.08,342136.2
2025-11-21,DELTA_TRADES,CL781955,ITC,SELL,99,1108.37,109728.63
2025-11-23,DELTA_TRADES,CL388150,AXISBANK,BUY,73,2154.37,157269.01
2025-11-20,BETA_INVEST,CL733177,LT,BUY,122,347.32,42373.04
2025-11-22,ALPHA_SEC,CL599897,LT,SELL,200,1831.45,366290.0
2025-11-26,BETA_INVEST,CL210014,SBIN,SELL,53,539.68,28603.04
2025-11-20,DELTA_TRADES,CL373708,LT,SELL,63,935.81,58956.03
2025-11-26,ALPHA_SEC,CL299673,HDFC,BUY,200,623.68,124736.0
2025-11-24,OMEGA_BROKING,CL633433,LT,SELL,182,1028.98,187274.36
2025-11-26,BETA_INVEST,CL174341,RELIANCE,SELL,28,1637.84,45859.52
2025-11-21,DELTA_TRADES,CL431037,INFY,SELL,133,639.75,85086.75
2025-11-25,BETA_INVEST,CL869653,HDFC,SELL,56,2367.75,132594.0
2025-11-23,DELTA_TRADES,CL712924,KOTAKBANK,BUY,157,519.44,81552.08
2025-11-23,BETA_INVEST,CL585906,INFY,BUY,75,1646.33,123474.75
2025-11-21,ALPHA_SEC,CL952349,RELIANCE,SELL,1,2019.06,2019.06
2025-11-26,BETA_INVEST,CL935742,AXISBANK,BUY,141,1639.03,231103.23
2025-11-20,DELTA_TRADES,CL993041,LT,SELL,137,2166.42,296799.54
2025-11-21,BETA_INVEST,CL782598,AXISBANK,BUY,37,1995.48,73832.76
2025-11-21,BETA_INVEST,CL860686,ICICIBANK,BUY,253,1575.81,398679.93
2025-11-22,OMEGA_BROKING,CL827587,LT,BUY,121,1571.5,190151.5
2025-11-20,DELTA_TRADES,CL077365,HDFC,BUY,232,739.77,171626.64
2025-11-25,BETA_INVEST,CL947199,LT,SELL,65,2461.57,160002.05
2025-11-26,ALPHA_SEC,CL184571,SBIN,BUY,125,1580.71,197588.75
2025-11-25,BETA_INVEST,CL643162,INFY,BUY,12,1031.22,12374.64
2025-11-22,DELTA_TRADES,CL411911,TATAMOTORS,BUY,289,424.77,122758.53
2025-11-24,BETA_INVEST,CL228787,HDFC,SELL,88,1028.66,90522.08
2025-11-22,DELTA_TRADES,CL340426,SBIN,SELL,167,2157.81,360354.27
2025-11-22,DELTA_TRADES,CL233308,SBIN,SELL,228,643.04,146613.12
2025-11-26,ALPHA_SEC,CL384677,LT,SELL,53,2155.74,114254.22
2025-11-25,DELTA_TRADES,CL233490,LT,BUY,206,1055.83,217500.98
2025-11-20,DELTA_TRADES,CL966139,KOTAKBANK,SELL,291,1381.76,402092.16
2025-11-24,OMEGA_BROKING,CL924076,LT,BUY,8,460.27,3682.16
2025-11-25,ALPHA_SEC,CL099286,INFY,BUY,286,249.58,71379.88
2025-11-25,DELTA_TRADES,CL068693,ITC,BUY,201,330.35,66400.35
2025-11-20,OMEGA_BROKING,CL128804,ICICIBANK,SELL,17,121.67,2068.39
2025-11-20,DELTA_TRADES,CL393961,INFY,SELL,267,1955.06,522001.02
2025-11-21,ALPHA_SEC,CL947737,KOTAKBANK,SELL,118,457.39,53972.02
2025-11-20,BETA_INVEST,CL198720,AXISBANK,SELL,149,2427.12,361640.88
2025-11-25,BETA_INVEST,CL462530,INFY,BUY,9,638.51,5746.59
2025-11-24,DELTA_TRADES,CL764309,AXISBANK,BUY,113,984.88,111291.44
2025-11-23,OMEGA_BROKING,CL729222,LT,BUY,142,1477.83,209851.86
2025-11-26,ALPHA_SEC,CL095079,HDFC,SELL,142,527.56,74913.52
2025-11-24,BETA_INVEST,CL505306,ITC,BUY,212,669.71,141978.52
2025-11-22,BETA_INVEST,CL090289,RELIANCE,BUY,289,1008.98,291595.22
2025-11-22,DELTA_TRADES,CL938630,KOTAKBANK,BUY,223,611.93,136460.39
2025-11-24,ALPHA_SEC,CL551417,INFY,SELL,234,2037.24,476714.16
2025-11-26,OMEGA_BROKING,CL177849,RELIANCE,BUY,103,457.45,47117.35
2025-11-21,ALPHA_SEC,CL720017,INFY,SELL,18,1874.56,33742.08
2025-11-21,DELTA_TRADES,CL043622,LT,SELL,245,2064.93,505907.85
2025-11-25,BETA_INVEST,CL473945,ICICIBANK,BUY,81,2338.24,189397.44
2025-11-25,BETA_INVEST,CL784840,SBIN,BUY,48,1775.53,85225.44
2025-11-23,OMEGA_BROKING,CL404599,HDFC,SELL,190,1147.09,217947.1
2025-11-26,ALPHA_SEC,CL447577,HDFC,SELL,140,445.64,62389.6
2025-11-23,OMEGA_BROKING,CL936078,LT,SELL,239,1749.94,418235.66
2025-11-25,BETA_INVEST,CL540692,KOTAKBANK,BUY,108,899.56,97152.48
2025-11-23,ALPHA_SEC,CL658947,AXISBANK,BUY,172,2254.08,387701.76
2025-11-21,BETA_INVEST,CL090739,HDFC,SELL,217,899.32,195152.44
2025-11-25,ALPHA_SEC,CL322592,ICICIBANK,SELL,67,1001.8,67120.6
2025-11-21,OMEGA_BROKING,CL469888,ITC,SELL,35,551.84,19314.4
2025-11-25,OMEGA_BROKING,CL310628,AXISBANK,SELL,42,793.5,33327.0
2025-11-25,OMEGA_BROKING,CL818564,RELIANCE,SELL,60,2440.29,146417.4
2025-11-22,ALPHA_SEC,CL624308,SBIN,SELL,180,1762.34,317221.2
2025-11-23,DELTA_TRADES,CL853793,AXISBANK,BUY,233,2214.97,516088.01
2025-11-23,BETA_INVEST,CL584044,AXISBANK,BUY,139,2472.61,343692.79
2025-11-24,OMEGA_BROKING,CL967268,INFY,BUY,64,2199.23,140750.72
2025-11-22,ALPHA_SEC,CL570390,AXISBANK,BUY,135,774.39,104542.65
2025-11-21,BETA_INVEST,CL594960,SBIN,SELL,294,1822.37,535776.78
2025-11-22,BETA_INVEST,CL266350,SBIN,SELL,68,1419.63,96534.84
2025-11-26,DELTA_TRADES,CL884891,AXISBANK,SELL,117,2038.89,238550.13
2025-11-23,BETA_INVEST,CL105203,ICICIBANK,BUY,288,2159.0,621792.0
2025-11-25,DELTA_TRADES,CL584606,AXISBANK,SELL,46,1147.95,52805.7
2025-11-24,ALPHA_SEC,CL654723,AXISBANK,SELL,226,1498.86,338742.36
2025-11-22,ALPHA_SEC,CL457051,HDFC,BUY,237,1738.55,412036.35
2025-11-26,DELTA_TRADES,CL749376,LT,SELL,12,541.09,6493.08
2025-11-26,OMEGA_BROKING,CL315076,RELIANCE,SELL,288,1498.32,431516.16
2025-11-25,ALPHA_SEC,CL422316,HDFC,BUY,50,1473.5,73675.0
2025-11-26,OMEGA_BROKING,CL636232,ICICIBANK,SELL,226,1443.52,326235.52
2025-11-23,OMEGA_BROKING,CL189567,KOTAKBANK,SELL,138,262.53,36229.14
2025-11-24,OMEGA_BROKING,CL254570,KOTAKBANK,SELL,125,1139.85,142481.25
2025-11-22,OMEGA_BROKING,CL559589,RELIANCE,BUY,282,1557.65,439257.3
2025-11-23,ALPHA_SEC,CL873495,HDFC,SELL,204,291.26,59417.04
2025-11-23,DELTA_TRADES,CL449169,ITC,SELL,139,1142.02,158740.78
2025-11-22,BETA_INVEST,CL492474,ITC,BUY,291,685.09,199361.19
2025-11-22,DELTA_TRADES,CL576481,TATAMOTORS,SELL,250,1635.9,408975.0
2025-11-22,OMEGA_BROKING,CL116552,AXISBANK,SELL,259,195.71,50688.89
2025-11-21,OMEGA_BROKING,CL681680,INFY,BUY,280,2092.17,585807.6
2025-11-24,ALPHA_SEC,CL281633,LT,BUY,237,1671.8,396216.6
2025-11-25,DELTA_TRADES,CL234828,ITC,SELL,232,471.92,109485.44
2025-11-23,BETA_INVEST,CL031704,LT,SELL,145,318.86,46234.7
2025-11-24,BETA_INVEST,CL679908,AXISBANK,SELL,152,1170.36,177894.72
2025-11-24,OMEGA_BROKING,CL315404,ICICIBANK,BUY,135,2367.24,319577.4
2025-11-21,BETA_INVEST,CL797073,KOTAKBANK,BUY,2,1933.43,3866.86
2025-11-24,OMEGA_BROKING,CL381229,ICICIBANK,BUY,48,2441.45,117189.6
2025-11-21,ALPHA_SEC,CL627027,AXISBANK,SELL,34,194.16,6601.44
2025-11-22,ALPHA_SEC,CL146557,SBIN,SELL,100,2022.06,202206.0
2025-11-26,DELTA_TRADES,CL160637,LT,SELL,122,955.23,116538.06
2025-11-25,BETA_INVEST,CL942083,AXISBANK,SELL,32,1117.13,35748.16
2025-11-24,ALPHA_SEC,CL936242,INFY,BUY,141,2355.03,332059.23
2025-11-22,BETA_INVEST,CL051479,HDFC,BUY,281,2168.27,609283.87
2025-11-23,DELTA_TRADES,CL881013,HDFC,BUY,172,1576.17,271101.24
2025-11-22,OMEGA_BROKING,CL489194,ITC,BUY,51,1661.0,84711.0
2025-11-25,OMEGA_BROKING,CL824544,RELIANCE,BUY,112,1781.8,199561.6
2025-11-26,BETA_INVEST,CL687903,TATAMOTORS,BUY,173,2314.03,400327.19
2025-11-26,ALPHA_SEC,CL429765,HDFC,SELL,2,492.89,985.78
2025-11-22,BETA_INVEST,CL541687,AXISBANK,BUY,60,1880.3,112818.0
2025-11-23,BETA_INVEST,CL385333,LT,SELL,98,868.4,85103.2
2025-11-24,OMEGA_BROKING,CL794126,LT,BUY,162,547.83,88748.46
2025-11-24,BETA_INVEST,CL194772,HDFC,SELL,98,358.4,35123.2
2025-11-26,OMEGA_BROKING,CL033983,INFY,SELL,34,1022.85,34776.9
2025-11-21,DELTA_TRADES,CL221011,LT,SELL,27,1622.1,43796.7
2025-11-26,DELTA_TRADES,CL891392,LT,BUY,45,151.31,6808.95
2025-11-23,OMEGA_BROKING,CL840812,HDFC,BUY,38,634.91,24126.58
2025-11-24,ALPHA_SEC,CL671498,ICICIBANK,BUY,199,751.49,149546.51
2025-11-26,OMEGA_BROKING,CL380810,LT,BUY,90,853.52,76816.8
2025-11-21,BETA_INVEST,CL853830,LT,BUY,81,1192.7,96608.7
2025-11-26,OMEGA_BROKING,CL711337,RELIANCE,BUY,101,1009.22,101931.22
2025-11-25,DELTA_TRADES,CL908714,SBIN,BUY,6,1616.44,9698.64
2025-11-23,OMEGA_BROKING,CL391109,SBIN,SELL,19,1993.7,37880.3
2025-11-20,DELTA_TRADES,CL136856,ICICIBANK,SELL,23,2149.18,49431.14
2025-11-20,DELTA_TRADES,CL325472,KOTAKBANK,BUY,197,2025.11,398946.67
2025-11-21,OMEGA_BROKING,CL957358,TATAMOTORS,SELL,125,1841.93,230241.25
2025-11-25,BETA_INVEST,CL523504,HDFC,BUY,123,702.82,86446.86
2025-11-23,DELTA_TRADES,CL544722,AXISBANK,BUY,50,2141.2,107060.0
2025-11-21,OMEGA_BROKING,CL059155,HDFC,BUY,165,1298.21,214204.65
2025-11-24,OMEGA_BROKING,CL850442,INFY,SELL,15,127.69,1915.35
2025-11-25,OMEGA_BROKING,CL313491,KOTAKBANK,SELL,30,2399.66,71989.8
2025-11-22,OMEGA_BROKING,CL803066,ITC,SELL,188,1406.58,264437.04
2025-11-20,DELTA_TRADES,CL416296,TATAMOTORS,SELL,150,817.73,122659.5
2025-11-25,DELTA_TRADES,CL446265,ITC,BUY,84,2434.61,204507.24
2025-11-23,DELTA_TRADES,CL031014,TATAMOTORS,BUY,52,859.66,44702.32
2025-11-20,BETA_INVEST,CL883819,LT,SELL,120,1704.33,204519.6
2025-11-20,OMEGA_BROKING,CL172680,ITC,SELL,165,1636.2,269973.0
2025-11-20,BETA_INVEST,CL241513,AXISBANK,SELL,242,1059.49,256396.58
2025-11-23,OMEGA_BROKING,CL040973,ITC,SELL,246,1776.26,436959.96
2025-11-24,BETA_INVEST,CL211740,INFY,BUY,168,326.33,54823.44
2025-11-26,BETA_INVEST,CL516756,AXISBANK,BUY,231,2124.33,490720.23
2025-11-25,DELTA_TRADES,CL340399,INFY,BUY,4,656.62,2626.48
2025-11-21,DELTA_TRADES,CL758006,ICICIBANK,BUY,192,1478.64,283898.88
2025-11-24,ALPHA_SEC,CL881948,SBIN,BUY,7,2143.88,15007.16
2025-11-26,BETA_INVEST,CL143523,HDFC,BUY,210,300.11,63023.1
2025-11-23,ALPHA_SEC,CL336999,LT,BUY,36,836.67,30120.12
2025-11-20,DELTA_TRADES,CL662123,SBIN,BUY,171,440.97,75405.87
2025-11-26,OMEGA_BROKING,CL911704,LT,SELL,212,2369.24,502278.88
2025-11-25,OMEGA_BROKING,CL699014,HDFC,BUY,53,859.5,45553.5
2025-11-24,BETA_INVEST,CL271493,TATAMOTORS,BUY,11,1422.37,15646.07
2025-11-20,OMEGA_BROKING,CL682804,ITC,BUY,39,798.65,31147.35
2025-11-20,DELTA_TRADES,CL518055,KOTAKBANK,BUY,132,301.36,39779.52
2025-11-26,BETA_INVEST,CL549450,TATAMOTORS,BUY,196,444.34,87090.64
2025-11-21,OMEGA_BROKING,CL980034,HDFC,SELL,116,2221.63,257709.08
2025-11-26,OMEGA_BROKING,CL737389,KOTAKBANK,BUY,19,1915.07,36386.33
2025-11-24,DELTA_TRADES,CL646234,ICICIBANK,BUY,17,1764.46,29995.82
2025-11-24,BETA_INVEST,CL324925,RELIANCE,BUY,269,2083.26,560396.94
2025-11-26,ALPHA_SEC,CL506012,INFY,SELL,52,873.46,45419.92
2025-11-22,OMEGA_BROKING,CL948211,HDFC,BUY,47,1980.11,93065.17
2025-11-22,ALPHA_SEC,CL191575,ITC,SELL,232,949.55,220295.6
2025-11-22,DELTA_TRADES,CL063722,RELIANCE,BUY,265,772.23,204640.95
2025-11-24,OMEGA_BROKING,CL821826,KOTAKBANK,BUY,158,213.26,33695.08
2025-11-24,OMEGA_BROKING,CL557688,ITC,BUY,182,912.73,166116.86
2025-11-24,ALPHA_SEC,CL460218,TATAMOTORS,SELL,161,1981.76,319063.36
2025-11-22,DELTA_TRADES,CL867425,SBIN,SELL,259,1909.0,494431.0
2025-11-24,DELTA_TRADES,CL106089,AXISBANK,BUY,245,1580.69,387269.05
2025-11-26,BETA_INVEST,CL461656,TATAMOTORS,BUY,71,817.67,58054.57
2025-11-25,ALPHA_SEC,CL328754,LT,BUY,40,1427.86,57114.4
2025-11-25,DELTA_TRADES,CL020399,LT,SELL,298,2160.23,643748.54
2025-11-25,BETA_INVEST,CL063091,KOTAKBANK,SELL,279,2073.92,578623.68
2025-11-23,DELTA_TRADES,CL110691,INFY,BUY,109,813.57,88679.13
2025-11-24,OMEGA_BROKING,CL680193,RELIANCE,SELL,239,568.7,135919.3
2025-11-23,ALPHA_SEC,CL652955,RELIANCE,BUY,234,2378.57,556585.38
2025-11-26,OMEGA_BROKING,CL598482,ITC,BUY,136,1733.39,235741.04
2025-11-26,ALPHA_SEC,CL452675,ICICIBANK,SELL,103,2467.75,254178.25
2025-11-20,DELTA_TRADES,CL392897,KOTAKBANK,BUY,231,489.11,112984.41
2025-11-23,ALPHA_SEC,CL293194,ICICIBANK,BUY,159,2278.24,362240.16
2025-11-24,BETA_INVEST,CL780073,ITC,SELL,28,2393.34,67013.52
2025-11-23,DELTA_TRADES,CL019370,RELIANCE,SELL,217,121.86,26443.62
2025-11-26,OMEGA_BROKING,CL512165,INFY,SELL,280,1229.72,344321.6
2025-11-23,DELTA_TRADES,CL827859,TATAMOTORS,BUY,212,1370.55,290556.6
2025-11-23,OMEGA_BROKING,CL820793,RELIANCE,BUY,149,1469.38,218937.62
2025-11-25,ALPHA_SEC,CL603955,SBIN,BUY,152,152.48,23176.96
2025-11-22,OMEGA_BROKING,CL115141,ICICIBANK,SELL,295,1127.02,332470.9
2025-11-24,OMEGA_BROKING,CL482142,SBIN,BUY,39,2060.66,80365.74
2025-11-25,BETA_INVEST,CL498598,KOTAKBANK,SELL,263,2177.17,572595.71
2025-11-22,OMEGA_BROKING,CL931078,AXISBANK,BUY,115,1196.97,137651.55
2025-11-22,OMEGA_BROKING,CL629293,SBIN,BUY,250,1143.02,285755.0
2025-11-21,OMEGA_BROKING,CL955050,KOTAKBANK,SELL,232,2348.38,544824.16
2025-11-25,BETA_INVEST,CL422737,ITC,BUY,271,1129.36,306056.56
2025-11-20,ALPHA_SEC,CL014995,SBIN,BUY,11,958.08,10538.88
2025-11-20,DELTA_TRADES,CL933924,HDFC,BUY,286,2071.86,592551.96
2025-11-22,OMEGA_BROKING,CL659302,AXISBANK,BUY,256,2465.99,631293.44
2025-11-23,BETA_INVEST,CL908799,TATAMOTORS,BUY,108,1632.08,176264.64
2025-11-23,DELTA_TRADES,CL116908,HDFC,BUY,236,181.2,42763.2
2025-11-26,OMEGA_BROKING,CL501980,ITC,BUY,186,477.51,88816.86
2025-11-20,BETA_INVEST,CL690431,KOTAKBANK,BUY,265,1041.42,275976.3
2025-11-23,OMEGA_BROKING,CL730898,SBIN,SELL,14,1282.26,17951.64
2025-11-20,ALPHA_SEC,CL597594,KOTAKBANK,SELL,106,1643.37,174197.22
2025-11-24,OMEGA_BROKING,CL421868,INFY,SELL,159,2313.2,367798.8
2025-11-24,BETA_INVEST,CL467874,LT,SELL,242,263.77,63832.34
2025-11-22,ALPHA_SEC,CL641190,TATAMOTORS,BUY,255,1406.96,358774.8
2025-11-26,DELTA_TRADES,CL383180,INFY,BUY,238,1009.41,240239.58
2025-11-25,DELTA_TRADES,CL025096,HDFC,BUY,140,486.42,68098.8
2025-11-23,OMEGA_BROKING,CL738683,KOTAKBANK,BUY,196,2180.12,427303.52
2025-11-24,ALPHA_SEC,CL389556,LT,SELL,83,1966.27,163200.41
2025-11-25,OMEGA_BROKING,CL831909,SBIN,BUY,110,1631.61,179477.1
2025-11-23,DELTA_TRADES,CL963612,ITC,BUY,157,1708.76,268275.32
2025-11-25,BETA_INVEST,CL685082,AXISBANK,BUY,83,1386.4,115071.2
2025-11-21,DELTA_TRADES,CL071455,INFY,BUY,299,2278.18,681175.82
2025-11-25,DELTA_TRADES,CL539374,AXISBANK,SELL,151,1196.15,180618.65
2025-11-21,ALPHA_SEC,CL081760,HDFC,BUY,235,717.84,168692.4
2025-11-21,BETA_INVEST,CL606608,INFY,SELL,145,262.87,38116.15
2025-11-20,DELTA_TRADES,CL284814,RELIANCE,SELL,282,1912.2,539240.4
2025-11-26,BETA_INVEST,CL308157,HDFC,SELL,181,2177.27,394085.87
2025-11-24,DELTA_TRADES,CL894713,HDFC,SELL,187,1728.32,323195.84
2025-11-21,ALPHA_SEC,CL446838,HDFC,BUY,54,2012.98,108700.92
2025-11-25,OMEGA_BROKING,CL925916,KOTAKBANK,SELL,161,1913.7,308105.7
2025-11-20,BETA_INVEST,CL523534,ITC,SELL,105,1670.3,175381.5
2025-11-22,DELTA_TRADES,CL451906,RELIANCE,SELL,221,976.73,215857.33
2025-11-23,ALPHA_SEC,CL357297,AXISBANK,BUY,154,1426.19,219633.26
2025-11-23,BETA_INVEST,CL082857,HDFC,SELL,109,775.98,84581.82
2025-11-20,DELTA_TRADES,CL814705,SBIN,SELL,241,1049.68,252972.88
2025-11-22,DELTA_TRADES,CL850256,KOTAKBANK,BUY,243,979.93,238122.99
2025-11-23,BETA_INVEST,CL859269,AXISBANK,SELL,24,452.75,10866.0
2025-11-22,OMEGA_BROKING,CL693673,HDFC,SELL,81,2436.94,197392.14
2025-11-21,DELTA_TRADES,CL260186,INFY,BUY,157,1424.36,223624.52
2025-11-24,OMEGA_BROKING,CL313315,RELIANCE,BUY,278,792.5,220315.0
2025-11-26,ALPHA_SEC,CL531574,INFY,BUY,66,2309.88,152452.08
2025-11-23,DELTA_TRADES,CL561812,ITC,SELL,164,1589.74,260717.36
2025-11-21,BETA_INVEST,CL025937,AXISBANK,SELL,157,1479.37,232261.09
2025-11-22,OMEGA_BROKING,CL178823,INFY,BUY,276,2391.76,660125.76
2025-11-24,OMEGA_BROKING,CL092985,RELIANCE,BUY,161,2434.09,391888.49
2025-11-22,OMEGA_BROKING,CL647217,LT,BUY,263,2128.43,559777.09
2025-11-21,BETA_INVEST,CL182720,SBIN,BUY,171,912.19,155984.49
2025-11-24,DELTA_TRADES,CL530240,AXISBANK,BUY,8,952.24,7617.92
2025-11-24,ALPHA_SEC,CL492140,TATAMOTORS,BUY,71,1853.03,131565.13
2025-11-23,DELTA_TRADES,CL301045,ICICIBANK,BUY,214,1432.96,306653.44
2025-11-24,ALPHA_SEC,CL259688,AXISBANK,SELL,22,833.18,18329.96
2025-11-22,OMEGA_BROKING,CL649618,INFY,SELL,26,2407.07,62583.82
2025-11-25,BETA_INVEST,CL935830,AXISBANK,BUY,247,494.22,122072.34
2025-11-22,BETA_INVEST,CL965487,ITC,BUY,284,266.68,75737.12
2025-11-23,DELTA_TRADES,CL982631,INFY,SELL,105,175.84,18463.2
2025-11-24,DELTA_TRADES,CL359093,ICICIBANK,SELL,225,1674.56,376776.0
2025-11-24,DELTA_TRADES,CL631234,ITC,BUY,105,1323.36,138952.8
2025-11-26,OMEGA_BROKING,CL084504,TATAMOTORS,BUY,210,2459.34,516461.4
2025-11-24,DELTA_TRADES,CL823922,ICICIBANK,SELL,240,453.36,108806.4
2025-11-24,ALPHA_SEC,CL959712,AXISBANK,SELL,253,1863.62,471495.86
2025-11-21,DELTA_TRADES,CL697550,SBIN,SELL,204,1180.38,240797.52
2025-11-25,ALPHA_SEC,CL491657,ICICIBANK,SELL,205,1799.78,368954.9
2025-11-23,DELTA_TRADES,CL062370,INFY,SELL,140,305.64,42789.6
2025-11-26,BETA_INVEST,CL870121,SBIN,SELL,144,1563.59,225156.96
2025-11-22,BETA_INVEST,CL229583,ICICIBANK,SELL,77,1272.53,97984.81
2025-11-25,DELTA_TRADES,CL980730,LT,BUY,130,1957.34,254454.2
2025-11-20,DELTA_TRADES,CL441961,KOTAKBANK,SELL,151,2398.53,362178.03
2025-11-22,ALPHA_SEC,CL177690,TATAMOTORS,BUY,88,2239.04,197035.52
2025-11-22,BETA_INVEST,CL238939,HDFC,SELL,128,1749.53,223939.84
2025-11-23,DELTA_TRADES,CL430653,ITC,BUY,11,262.15,2883.65
2025-11-21,BETA_INVEST,CL464639,LT,SELL,188,1730.19,325275.72
2025-11-20,BETA_INVEST,CL445827,TATAMOTORS,BUY,10,122.71,1227.1
2025-11-21,ALPHA_SEC,CL237314,LT,BUY,28,1216.27,34055.56
2025-11-25,OMEGA_BROKING,CL696195,HDFC,SELL,279,2116.65,590545.35
2025-11-25,DELTA_TRADES,CL718322,TATAMOTORS,SELL,132,1018.11,134390.52
2025-11-23,ALPHA_SEC,CL264924,ITC,BUY,72,1895.83,136499.76
2025-11-20,OMEGA_BROKING,CL441449,ICICIBANK,BUY,95,1635.09,155333.55
2025-11-26,OMEGA_BROKING,CL018350,SBIN,SELL,172,924.45,159005.4
2025-11-21,DELTA_TRADES,CL336953,RELIANCE,BUY,137,1270.81,174100.97
2025-11-23,OMEGA_BROKING,CL581218,ITC,SELL,284,1502.92,426829.28
2025-11-22,ALPHA_SEC,CL172013,AXISBANK,SELL,247,2438.9,602408.3
2025-11-20,ALPHA_SEC,CL777557,RELIANCE,BUY,230,472.69,108718.7
2025-11-25,OMEGA_BROKING,CL245998,LT,SELL,240,234.72,56332.8
2025-11-21,BETA_INVEST,CL065175,KOTAKBANK,SELL,284,2167.75,615641.0
2025-11-24,ALPHA_SEC,CL487919,KOTAKBANK,SELL,135,1034.36,139638.6
2025-11-21,ALPHA_SEC,CL261409,ITC,SELL,251,1555.65,390468.15
2025-11-23,BETA_INVEST,CL100967,ITC,BUY,152,811.04,123278.08
2025-11-24,BETA_INVEST,CL289346,TATAMOTORS,BUY,157,416.8,65437.6
2025-11-21,OMEGA_BROKING,CL518050,KOTAKBANK,BUY,230,937.9,215717.0
2025-11-24,BETA_INVEST,CL229864,HDFC,BUY,64,513.63,32872.32
2025-11-21,OMEGA_BROKING,CL842561,RELIANCE,BUY,172,580.05,99768.6
2025-11-26,OMEGA_BROKING,CL348361,ITC,SELL,82,637.31,52259.42
2025-11-23,ALPHA_SEC,CL690792,LT,SELL,76,962.83,73175.08
2025-11-21,ALPHA_SEC,CL334601,LT,SELL,279,2227.08,621355.32
2025-11-21,DELTA_TRADES,CL036954,HDFC,SELL,137,2195.56,300791.72
2025-11-26,OMEGA_BROKING,CL229940,KOTAKBANK,BUY,71,952.8,67648.8
2025-11-20,BETA_INVEST,CL303600,INFY,SELL,239,154.96,37035.44
2025-11-24,ALPHA_SEC,CL305704,INFY,BUY,296,2349.29,695389.84
2025-11-22,ALPHA_SEC,CL133832,INFY,SELL,288,1756.66,505918.08
2025-11-20,OMEGA_BROKING,CL800708,INFY,BUY,95,1597.9,151800.5
2025-11-24,ALPHA_SEC,CL414172,ITC,BUY,98,1678.04,164447.92
2025-11-24,ALPHA_SEC,CL217312,ITC,SELL,145,1682.73,243995.85
2025-11-20,BETA_INVEST,CL551537,HDFC,BUY,56,1987.19,111282.64
2025-11-26,BETA_INVEST,CL342533,INFY,SELL,72,1938.29,139556.88
2025-11-24,ALPHA_SEC,CL538756,TATAMOTORS,SELL,218,2464.94,537356.92
2025-11-23,BETA_INVEST,CL016043,RELIANCE,SELL,247,2185.83,539900.01
2025-11-23,ALPHA_SEC,CL638854,ICICIBANK,SELL,13,2134.34,27746.42
2025-11-23,ALPHA_SEC,CL622665,TATAMOTORS,SELL,110,1257.27,138299.7
2025-11-23,ALPHA_SEC,CL754527,RELIANCE,BUY,107,1712.18,183203.26
2025-11-26,BETA_INVEST,CL127477,ITC,SELL,299,1480.5,442669.5
2025-11-26,ALPHA_SEC,CL290526,RELIANCE,BUY,183,780.73,142873.59
2025-11-23,OMEGA_BROKING,CL023762,TATAMOTORS,SELL,114,2024.12,230749.68
2025-11-20,ALPHA_SEC,CL405552,ITC,SELL,185,1629.26,301413.1
2025-11-21,OMEGA_BROKING,CL135830,RELIANCE,SELL,62,2269.85,140730.7
2025-11-26,ALPHA_SEC,CL645647,TATAMOTORS,BUY,216,209.4,45230.4
2025-11-23,ALPHA_SEC,CL182681,HDFC,BUY,281,1807.96,508036.76
2025-11-26,DELTA_TRADES,CL905425,ICICIBANK,BUY,181,1952.53,353407.93
2025-11-23,ALPHA_SEC,CL685032,HDFC,SELL,218,539.65,117643.7
2025-11-26,DELTA_TRADES,CL447231,KOTAKBANK,SELL,279,474.54,132396.66
2025-11-25,ALPHA_SEC,CL301797,SBIN,BUY,251,982.37,246574.87
2025-11-25,OMEGA_BROKING,CL971484,SBIN,SELL,297,877.32,260564.04
2025-11-23,DELTA_TRADES,CL652632,ICICIBANK,BUY,91,760.01,69160.91
2025-11-20,OMEGA_BROKING,CL531835,ITC,BUY,212,1045.93,221737.16
2025-11-23,ALPHA_SEC,CL116110,AXISBANK,BUY,130,1923.75,250087.5
2025-11-20,DELTA_TRADES,CL793740,INFY,SELL,14,2366.23,33127.22
2025-11-25,DELTA_TRADES,CL627509,ICICIBANK,BUY,141,2033.84,286771.44
2025-11-24,OMEGA_BROKING,CL790920,TATAMOTORS,BUY,132,699.97,92396.04
2025-11-26,OMEGA_BROKING,CL363979,KOTAKBANK,BUY,133,904.43,120289.19
2025-11-26,ALPHA_SEC,CL971966,ITC,BUY,138,1525.33,210495.54
2025-11-23,OMEGA_BROKING,CL154830,SBIN,BUY,226,1475.91,333555.66
2025-11-24,BETA_INVEST,CL125670,KOTAKBANK,BUY,225,404.18,90940.5
2025-11-23,DELTA_TRADES,CL931255,SBIN,SELL,267,1686.16,450204.72
2025-11-22,DELTA_TRADES,CL626496,AXISBANK,SELL,178,2130.35,379202.3
2025-11-23,OMEGA_BROKING,CL519936,SBIN,BUY,127,1242.83,157839.41
2025-11-25,ALPHA_SEC,CL883273,TATAMOTORS,BUY,112,2064.5,231224.0
2025-11-20,BETA_INVEST,CL857573,KOTAKBANK,SELL,156,1057.74,165007.44
2025-11-25,ALPHA_SEC,CL313434,AXISBANK,SELL,53,2096.38,111108.14
2025-11-22,OMEGA_BROKING,CL008181,ICICIBANK,BUY,29,1627.63,47201.27
2025-11-24,OMEGA_BROKING,CL169692,LT,BUY,95,749.41,71193.95
2025-11-20,ALPHA_SEC,CL035807,RELIANCE,SELL,235,664.95,156263.25
2025-11-25,DELTA_TRADES,CL519548,TATAMOTORS,SELL,3,1682.22,5046.66
2025-11-22,BETA_INVEST,CL694490,RELIANCE,SELL,25,2196.66,54916.5
2025-11-20,DELTA_TRADES,CL779881,ICICIBANK,BUY,185,579.08,107129.8
2025-11-23,ALPHA_SEC,CL340758,RELIANCE,BUY,188,2087.09,392372.92
2025-11-20,OMEGA_BROKING,CL108099,TATAMOTORS,BUY,1,971.36,971.36
2025-11-26,DELTA_TRADES,CL278179,KOTAKBANK,SELL,89,1373.76,122264.64
2025-11-21,ALPHA_SEC,CL916027,ITC,SELL,141,1553.36,219023.76
2025-11-25,OMEGA_BROKING,CL788372,RELIANCE,SELL,25,1611.23,40280.75
2025-11-24,BETA_INVEST,CL406898,ICICIBANK,BUY,286,1093.71,312801.06
2025-11-23,BETA_INVEST,CL989874,SBIN,BUY,229,799.55,183096.95
2025-11-24,ALPHA_SEC,CL262447,LT,SELL,121,2480.78,300174.38
2025-11-24,ALPHA_SEC,CL959990,INFY,SELL,207,1852.8,383529.6
2025-11-22,DELTA_TRADES,CL790071,LT,BUY,196,963.63,188871.48
2025-11-21,BETA_INVEST,CL847288,HDFC,BUY,157,549.72,86306.04
2025-11-23,OMEGA_BROKING,CL994229,INFY,BUY,124,403.8,50071.2
2025-11-24,OMEGA_BROKING,CL890384,ICICIBANK,BUY,21,1529.1,32111.1
2025-11-21,BETA_INVEST,CL522706,KOTAKBANK,SELL,11,787.2,8659.2
2025-11-22,OMEGA_BROKING,CL134660,HDFC,BUY,74,1491.86,110397.64
2025-11-22,BETA_INVEST,CL318238,AXISBANK,SELL,84,186.01,15624.84
2025-11-22,BETA_INVEST,CL062893,ICICIBANK,BUY,109,255.74,27875.66
2025-11-24,OMEGA_BROKING,CL335269,KOTAKBANK,BUY,109,410.33,44725.97
2025-11-26,ALPHA_SEC,CL849293,SBIN,SELL,247,784.11,193675.17
2025-11-22,BETA_INVEST,CL327354,LT,SELL,155,1089.89,168932.95
2025-11-23,DELTA_TRADES,CL087020,ITC,SELL,195,1883.94,367368.3
2025-11-22,OMEGA_BROKING,CL601596,RELIANCE,SELL,289,224.33,64831.37
2025-11-23,DELTA_TRADES,CL350104,ICICIBANK,SELL,217,363.86,78957.62
2025-11-23,BETA_INVEST,CL616161,ITC,BUY,58,1880.06,109043.48
2025-11-26,DELTA_TRADES,CL442345,ICICIBANK,BUY,156,1900.02,296403.12
2025-11-25,ALPHA_SEC,CL195176,RELIANCE,SELL,51,2104.57,107333.07
2025-11-24,BETA_INVEST,CL897486,SBIN,SELL,20,486.61,9732.2
2025-11-25,DELTA_TRADES,CL969822,AXISBANK,SELL,77,1150.27,88570.79
2025-11-21,OMEGA_BROKING,CL302586,LT,BUY,73,310.49,22665.77
2025-11-21,OMEGA_BROKING,CL906459,SBIN,BUY,287,2220.31,637228.97
2025-11-22,BETA_INVEST,CL487133,TATAMOTORS,BUY,26,834.92,21707.92
2025-11-26,BETA_INVEST,CL444245,HDFC,SELL,216,2023.09,436987.44
2025-11-21,OMEGA_BROKING,CL284002,AXISBANK,BUY,97,963.27,93437.19
2025-11-23,DELTA_TRADES,CL077659,RELIANCE,BUY,106,302.31,32044.86
2025-11-25,OMEGA_BROKING,CL010078,KOTAKBANK,BUY,170,621.83,105711.1
2025-11-21,DELTA_TRADES,CL266077,RELIANCE,SELL,216,2331.8,503668.8
2025-11-23,DELTA_TRADES,CL550051,ICICIBANK,SELL,231,2490.91,575400.21
2025-11-25,DELTA_TRADES,CL703135,ICICIBANK,BUY,294,154.35,45378.9
2025-11-21,ALPHA_SEC,CL570270,KOTAKBANK,BUY,231,565.02,130519.62
2025-11-22,DELTA_TRADES,CL301817,INFY,SELL,260,2161.32,561943.2
2025-11-21,OMEGA_BROKING,CL116282,KOTAKBANK,SELL,147,944.39,138825.33
2025-11-21,DELTA_TRADES,CL053854,ICICIBANK,SELL,267,1110.53,296511.51
2025-11-23,ALPHA_SEC,CL348100,HDFC,SELL,298,354.72,105706.56
2025-11-20,BETA_INVEST,CL842593,INFY,BUY,6,2289.55,13737.3
2025-11-20,DELTA_TRADES,CL973090,LT,BUY,296,270.72,80133.12
2025-11-21,OMEGA_BROKING,CL243450,KOTAKBANK,BUY,147,1731.52,254533.44
2025-11-26,ALPHA_SEC,CL547238,TATAMOTORS,BUY,24,681.72,16361.28
2025-11-24,OMEGA_BROKING,CL327126,SBIN,SELL,181,2327.0,421187.0
2025-11-26,DELTA_TRADES,CL120218,HDFC,SELL,287,1759.63,505013.81
2025-11-20,DELTA_TRADES,CL684997,INFY,SELL,98,1696.41,166248.18
2025-11-24,OMEGA_BROKING,CL478559,RELIANCE,BUY,279,1893.1,528174.9
2025-11-21,DELTA_TRADES,CL777272,ICICIBANK,BUY,276,562.88,155354.88
2025-11-26,ALPHA_SEC,CL189906,ITC,BUY,278,1377.49,382942.22
2025-11-24,DELTA_TRADES,CL149345,AXISBANK,BUY,198,1877.54,371752.92
2025-11-24,DELTA_TRADES,CL214292,SBIN,SELL,254,428.14,108747.56
2025-11-22,BETA_INVEST,CL279022,ICICIBANK,SELL,202,1683.89,340145.78
2025-11-25,BETA_INVEST,CL523681,HDFC,BUY,203,1795.91,364569.73
2025-11-25,OMEGA_BROKING,CL226240,AXISBANK,BUY,112,2251.76,252197.12
2025-11-25,BETA_INVEST,CL398908,KOTAKBANK,SELL,192,1215.25,233328.0
2025-11-20,BETA_INVEST,CL010149,ICICIBANK,BUY,274,1822.68,499414.32
2025-11-23,DELTA_TRADES,CL900915,KOTAKBANK,SELL,87,1610.53,140116.11
2025-11-26,OMEGA_BROKING,CL762070,SBIN,BUY,230,2138.98,491965.4
2025-11-21,BETA_INVEST,CL210220,LT,SELL,206,912.85,188047.1
2025-11-24,OMEGA_BROKING,CL254131,LT,BUY,267,1055.44,281802.48
2025-11-23,OMEGA_BROKING,CL471678,LT,BUY,105,1288.47,135289.35
2025-11-26,ALPHA_SEC,CL497442,ITC,BUY,169,1415.86,239280.34
2025-11-25,OMEGA_BROKING,CL796691,ICICIBANK,BUY,85,2361.92,200763.2
2025-11-22,OMEGA_BROKING,CL987150,LT,SELL,8,2025.98,16207.84
2025-11-23,OMEGA_BROKING,CL188371,LT,BUY,104,969.24,100800.96
2025-11-21,OMEGA_BROKING,CL330467,KOTAKBANK,BUY,131,914.16,119754.96
2025-11-26,OMEGA_BROKING,CL127311,ICICIBANK,BUY,122,791.2,96526.4
2025-11-24,OMEGA_BROKING,CL027648,ICICIBANK,SELL,3,936.69,2810.07
2025-11-25,BETA_INVEST,CL161982,INFY,BUY,24,1833.42,44002.08
2025-11-21,ALPHA_SEC,CL551789,AXISBANK,SELL,136,135.87,18478.32
2025-11-22,OMEGA_BROKING,CL437112,INFY,BUY,188,2264.52,425729.76
2025-11-25,OMEGA_BROKING,CL019443,LT,SELL,269,1995.83,536878.27
2025-11-21,DELTA_TRADES,CL653419,KOTAKBANK,BUY,46,206.72,9509.12
2025-11-24,BETA_INVEST,CL075338,TATAMOTORS,SELL,104,389.93,40552.72
2025-11-22,DELTA_TRADES,CL864750,AXISBANK,BUY,152,2010.99,305670.48
2025-11-25,ALPHA_SEC,CL408732,LT,SELL,123,2004.02,246494.46
2025-11-23,BETA_INVEST,CL509288,AXISBANK,BUY,59,414.22,24438.98
2025-11-25,BETA_INVEST,CL091194,INFY,BUY,45,1529.7,68836.5
2025-11-22,BETA_INVEST,CL148638,HDFC,BUY,299,481.63,144007.37
2025-11-24,DELTA_TRADES,CL729065,KOTAKBANK,BUY,234,1258.57,294505.38
2025-11-26,BETA_INVEST,CL169422,LT,BUY,59,1438.59,84876.81
2025-11-20,DELTA_TRADES,CL690494,RELIANCE,SELL,58,2103.09,121979.22
2025-11-25,DELTA_TRADES,CL130321,INFY,SELL,92,1253.46,115318.32
2025-11-20,BETA_INVEST,CL831699,RELIANCE,SELL,136,960.62,130644.32
2025-11-23,OMEGA_BROKING,CL075938,LT,BUY,14,2288.11,32033.54
2025-11-23,DELTA_TRADES,CL585622,ICICIBANK,SELL,171,551.63,94328.73
2025-11-26,ALPHA_SEC,CL983814,HDFC,BUY,271,926.43,251062.53
2025-11-21,DELTA_TRADES,CL209547,INFY,BUY,196,233.47,45760.12
2025-11-20,DELTA_TRADES,CL284881,KOTAKBANK,SELL,131,448.43,58744.33
2025-11-26,BETA_INVEST,CL433621,TATAMOTORS,SELL,298,1488.26,443501.48
2025-11-21,OMEGA_BROKING,CL686350,TATAMOTORS,BUY,167,865.9,144605.3
2025-11-23,OMEGA_BROKING,CL955774,HDFC,BUY,98,516.54,50620.92
2025-11-21,OMEGA_BROKING,CL218833,RELIANCE,SELL,7,2191.13,15337.91
2025-11-25,ALPHA_SEC,CL384207,ICICIBANK,SELL,113,925.44,104574.72
2025-11-20,ALPHA_SEC,CL843390,HDFC,SELL,171,609.14,104162.94
2025-11-20,ALPHA_SEC,CL579112,TATAMOTORS,BUY,284,2432.9,690943.6
2025-11-24,DELTA_TRADES,CL694668,KOTAKBANK,SELL,278,2143.47,595884.66
2025-11-26,OMEGA_BROKING,CL358660,RELIANCE,SELL,117,1133.56,132626.52
2025-11-26,OMEGA_BROKING,CL698019,INFY,SELL,229,2148.92,492102.68
2025-11-22,ALPHA_SEC,CL534283,ITC,SELL,242,1861.65,450519.3
2025-11-21,ALPHA_SEC,CL291559,SBIN,SELL,220,761.35,167497.0
2025-11-20,DELTA_TRADES,CL929034,ITC,SELL,48,1923.09,92308.32
2025-11-24,OMEGA_BROKING,CL387515,KOTAKBANK,BUY,211,128.92,27202.12
2025-11-25,DELTA_TRADES,CL484887,TATAMOTORS,SELL,259,158.75,41116.25
2025-11-20,DELTA_TRADES,CL843130,TATAMOTORS,SELL,203,2291.25,465123.75
2025-11-23,BETA_INVEST,CL212997,TATAMOTORS,SELL,162,726.28,117657.36
2025-11-22,OMEGA_BROKING,CL852960,INFY,BUY,116,728.26,84478.16
2025-11-25,DELTA_TRADES,CL493163,LT,SELL,190,2247.3,426987.0
2025-11-22,BETA_INVEST,CL683268,LT,BUY,298,1579.49,470688.02
2025-11-23,DELTA_TRADES,CL020114,HDFC,BUY,1,331.67,331.67
2025-11-25,DELTA_TRADES,CL488481,ICICIBANK,BUY,232,1474.0,341968.0
2025-11-22,BETA_INVEST,CL993935,AXISBANK,BUY,237,1327.49,314615.13
2025-11-25,BETA_INVEST,CL239028,KOTAKBANK,SELL,149,1418.73,211390.77
2025-11-20,DELTA_TRADES,CL073545,INFY,BUY,299,1412.45,422322.55
2025-11-21,OMEGA_BROKING,CL674918,HDFC,BUY,85,1736.03,147562.55
2025-11-26,ALPHA_SEC,CL605674,TATAMOTORS,BUY,286,2360.3,675045.8
2025-11-24,BETA_INVEST,CL969156,ICICIBANK,SELL,146,211.16,30829.36
2025-11-21,ALPHA_SEC,CL629008,ICICIBANK,SELL,159,2359.18,375109.62
2025-11-20,OMEGA_BROKING,CL996513,HDFC,BUY,134,2090.02,280062.68
2025-11-25,OMEGA_BROKING,CL996031,KOTAKBANK,BUY,202,2038.45,411766.9
2025-11-26,DELTA_TRADES,CL638882,TATAMOTORS,SELL,99,371.57,36785.43
2025-11-21,BETA_INVEST,CL256429,ITC,BUY,229,1946.93,445846.97
2025-11-26,BETA_INVEST,CL903248,HDFC,BUY,165,1367.44,225627.6
2025-11-23,ALPHA_SEC,CL265933,HDFC,BUY,286,1580.1,451908.6
2025-11-20,ALPHA_SEC,CL005228,SBIN,SELL,264,1539.52,406433.28
2025-11-21,ALPHA_SEC,CL696338,HDFC,SELL,63,901.32,56783.16
2025-11-23,OMEGA_BROKING,CL126665,KOTAKBANK,BUY,41,1925.21,78933.61
2025-11-22,BETA_INVEST,CL174118,SBIN,BUY,240,881.26,211502.4
2025-11-24,ALPHA_SEC,CL044016,TATAMOTORS,SELL,117,833.71,97544.07
2025-11-24,OMEGA_BROKING,CL104392,ICICIBANK,SELL,10,1997.67,19976.7
2025-11-21,ALPHA_SEC,CL316015,ICICIBANK,BUY,278,804.43,223631.54
2025-11-20,BETA_INVEST,CL720583,SBIN,SELL,93,713.35,66341.55
2025-11-21,DELTA_TRADES,CL911476,HDFC,SELL,202,389.61,78701.22
2025-11-24,DELTA_TRADES,CL811503,ICICIBANK,SELL,148,1371.8,203026.4
2025-11-23,BETA_INVEST,CL229867,AXISBANK,SELL,231,256.43,59235.33
2025-11-24,OMEGA_BROKING,CL892003,ICICIBANK,SELL,85,2423.56,206002.6
2025-11-20,DELTA_TRADES,CL038073,RELIANCE,BUY,63,1731.21,109066.23
2025-11-20,OMEGA_BROKING,CL968757,LT,BUY,207,570.1,118010.7
2025-11-21,ALPHA_SEC,CL476314,LT,BUY,297,2292.5,680872.5
2025-11-23,BETA_INVEST,CL726711,SBIN,SELL,146,1247.62,182152.52
2025-11-23,DELTA_TRADES,CL267904,KOTAKBANK,SELL,289,866.96,250551.44
2025-11-26,DELTA_TRADES,CL501564,LT,BUY,241,836.66,201635.06
2025-11-20,DELTA_TRADES,CL779624,ITC,SELL,118,1184.34,139752.12
2025-11-23,ALPHA_SEC,CL841602,AXISBANK,BUY,283,317.82,89943.06
2025-11-24,OMEGA_BROKING,CL734336,LT,BUY,110,727.95,80074.5
2025-11-25,BETA_INVEST,CL379454,KOTAKBANK,BUY,273,2073.48,566060.04
2025-11-21,BETA_INVEST,CL243711,KOTAKBANK,BUY,144,1409.52,202970.88
2025-11-26,OMEGA_BROKING,CL841859,HDFC,SELL,57,1057.87,60298.59
2025-11-25,DELTA_TRADES,CL633641,KOTAKBANK,SELL,193,1691.61,326480.73
2025-11-22,DELTA_TRADES,CL506966,SBIN,BUY,72,320.82,23099.04
2025-11-22,OMEGA_BROKING,CL662800,AXISBANK,BUY,125,690.49,86311.25
2025-11-26,BETA_INVEST,CL400007,KOTAKBANK,BUY,128,187.23,23965.44
2025-11-26,OMEGA_BROKING,CL134108,ICICIBANK,SELL,287,1706.25,489693.75
2025-11-21,DELTA_TRADES,CL957501,TATAMOTORS,SELL,298,1368.28,407747.44
2025-11-21,OMEGA_BROKING,CL157068,AXISBANK,BUY,241,420.61,101367.01
2025-11-20,BETA_INVEST,CL840216,LT,BUY,87,1567.69,136389.03
2025-11-22,ALPHA_SEC,CL209106,ITC,SELL,141,828.33,116794.53
2025-11-24,ALPHA_SEC,CL910926,ITC,BUY,209,293.46,61333.14
2025-11-24,DELTA_TRADES,CL541156,RELIANCE,BUY,289,2270.51,656177.39
2025-11-21,BETA_INVEST,CL664973,ITC,SELL,117,2232.42,261193.14
2025-11-25,DELTA_TRADES,CL377050,ICICIBANK,BUY,107,829.63,88770.41
2025-11-26,DELTA_TRADES,CL877300,SBIN,BUY,164,1564.24,256535.36
2025-11-22,BETA_INVEST,CL781061,LT,BUY,211,1515.71,319814.81
2025-11-23,ALPHA_SEC,CL977594,ITC,SELL,158,1283.89,202854.62
2025-11-26,ALPHA_SEC,CL995631,TATAMOTORS,BUY,155,2123.46,329136.3
2025-11-25,ALPHA_SEC,CL004102,SBIN,BUY,154,1495.31,230277.74
2025-11-21,ALPHA_SEC,CL209355,ICICIBANK,BUY,278,481.59,133882.02
2025-11-26,OMEGA_BROKING,CL628655,KOTAKBANK,SELL,201,1117.25,224567.25
2025-11-21,BETA_INVEST,CL848644,ITC,SELL,19,536.73,10197.87
2025-11-20,BETA_INVEST,CL083440,TATAMOTORS,SELL,194,1336.19,259220.86
2025-11-25,OMEGA_BROKING,CL278099,SBIN,SELL,252,356.03,89719.56
2025-11-24,OMEGA_BROKING,CL011722,AXISBANK,BUY,180,964.78,173660.4
2025-11-26,BETA_INVEST,CL160385,INFY,SELL,163,1036.34,168923.42
2025-11-26,ALPHA_SEC,CL511784,KOTAKBANK,BUY,144,1853.81,266948.64
2025-11-24,ALPHA_SEC,CL648575,ICICIBANK,SELL,17,2462.2,41857.4
2025-11-21,DELTA_TRADES,CL059692,KOTAKBANK,BUY,37,1294.63,47901.31
2025-11-23,OMEGA_BROKING,CL032337,SBIN,BUY,35,1170.71,40974.85
2025-11-26,DELTA_TRADES,CL532365,HDFC,SELL,58,1699.89,98593.62
2025-11-21,OMEGA_BROKING,CL182274,AXISBANK,BUY,107,2277.25,243665.75
2025-11-26,ALPHA_SEC,CL176065,HDFC,SELL,165,684.07,112871.55
2025-11-22,ALPHA_SEC,CL375142,HDFC,BUY,264,1911.82,504720.48
2025-11-23,BETA_INVEST,CL238738,AXISBANK,SELL,253,568.7,143881.1
2025-11-25,ALPHA_SEC,CL308186,LT,BUY,263,1075.1,282751.3
2025-11-25,DELTA_TRADES,CL816624,LT,SELL,252,257.8,64965.6
2025-11-22,DELTA_TRADES,CL273263,INFY,SELL,147,2199.32,323300.04
2025-11-25,DELTA_TRADES,CL653443,HDFC,BUY,153,2464.18,377019.54
2025-11-26,DELTA_TRADES,CL862565,TATAMOTORS,BUY,28,140.52,3934.56
2025-11-20,OMEGA_BROKING,CL525219,TATAMOTORS,SELL,228,1233.11,281149.08
2025-11-26,OMEGA_BROKING,CL711382,AXISBANK,SELL,68,1226.35,83391.8
2025-11-22,OMEGA_BROKING,CL768045,LT,BUY,287,857.01,245961.87
2025-11-23,DELTA_TRADES,CL625864,AXISBANK,SELL,255,2126.01,542132.55
2025-11-21,ALPHA_SEC,CL446158,SBIN,BUY,241,403.96,97354.36
2025-11-21,ALPHA_SEC,CL053492,INFY,BUY,162,943.84,152902.08
2025-11-20,DELTA_TRADES,CL384716,INFY,BUY,147,956.24,140567.28
2025-11-24,ALPHA_SEC,CL633024,LT,BUY,229,1140.34,261137.86
2025-11-23,ALPHA_SEC,CL332864,ITC,BUY,125,1276.5,159562.5
2025-11-22,DELTA_TRADES,CL910343,AXISBANK,BUY,159,420.16,66805.44
2025-11-20,ALPHA_SEC,CL168243,SBIN,SELL,298,2314.3,689661.4
2025-11-20,BETA_INVEST,CL544210,ITC,SELL,257,1304.23,335187.11
2025-11-22,BETA_INVEST,CL438722,TATAMOTORS,BUY,233,148.84,34679.72
2025-11-20,ALPHA_SEC,CL848346,TATAMOTORS,BUY,99,1448.39,143390.61
2025-11-26,BETA_INVEST,CL367395,ITC,BUY,170,635.1,107967.0
2025-11-22,BETA_INVEST,CL364140,ICICIBANK,BUY,76,1914.07,145469.32
2025-11-23,OMEGA_BROKING,CL731997,AXISBANK,SELL,201,1829.95,367819.95
2025-11-21,ALPHA_SEC,CL000477,AXISBANK,BUY,220,677.37,149021.4
2025-11-20,ALPHA_SEC,CL970261,ITC,BUY,213,2044.13,435399.69
2025-11-21,OMEGA_BROKING,CL163104,INFY,SELL,148,2295.28,339701.44
2025-11-21,ALPHA_SEC,CL424262,AXISBANK,SELL,254,888.97,225798.38
2025-11-24,DELTA_TRADES,CL409675,AXISBANK,BUY,206,579.43,119362.58
2025-11-25,DELTA_TRADES,CL914332,AXISBANK,BUY,15,1703.44,25551.6
2025-11-25,BETA_INVEST,CL781857,KOTAKBANK,BUY,82,2126.75,174393.5
2025-11-21,ALPHA_SEC,CL985678,ITC,SELL,157,1814.06,284807.42
2025-11-20,ALPHA_SEC,CL941596,RELIANCE,BUY,165,277.06,45714.9
2025-11-21,BETA_INVEST,CL594504,TATAMOTORS,SELL,2,1003.72,2007.44
2025-11-22,BETA_INVEST,CL688074,HDFC,BUY,104,2218.58,230732.32
2025-11-25,DELTA_TRADES,CL925769,HDFC,SELL,14,1984.56,27783.84
2025-11-21,OMEGA_BROKING,CL387339,INFY,SELL,217,137.29,29791.93
2025-11-24,ALPHA_SEC,CL136660,SBIN,SELL,106,2036.93,215914.58
2025-11-24,ALPHA_SEC,CL225869,RELIANCE,BUY,82,2316.78,189975.96
2025-11-21,ALPHA_SEC,CL900719,INFY,BUY,22,1248.24,27461.28
2025-11-22,BETA_INVEST,CL051288,ITC,SELL,50,2276.85,113842.5
2025-11-24,BETA_INVEST,CL457734,TATAMOTORS,BUY,262,1020.25,267305.5
2025-11-21,DELTA_TRADES,CL020728,ICICIBANK,SELL,171,2275.49,389108.79
2025-11-26,ALPHA_SEC,CL509903,INFY,SELL,121,363.36,43966.56
2025-11-22,BETA_INVEST,CL743802,KOTAKBANK,BUY,86,1880.22,161698.92
2025-11-26,OMEGA_BROKING,CL350000,RELIANCE,BUY,102,1419.41,144779.82
2025-11-25,ALPHA_SEC,CL757394,SBIN,SELL,23,456.96,10510.08
2025-11-25,ALPHA_SEC,CL070327,SBIN,SELL,262,1329.61,348357.82
2025-11-23,ALPHA_SEC,CL868232,LT,BUY,102,840.01,85681.02
2025-11-21,ALPHA_SEC,CL969470,SBIN,BUY,85,2063.37,175386.45
2025-11-24,BETA_INVEST,CL860042,TATAMOTORS,BUY,240,1338.13,321151.2
2025-11-20,BETA_INVEST,CL342871,TATAMOTORS,SELL,231,2489.64,575106.84
2025-11-25,DELTA_TRADES,CL256891,ITC,SELL,119,2481.02,295241.38
2025-11-26,OMEGA_BROKING,CL405686,TATAMOTORS,SELL,210,137.16,28803.6
2025-11-25,OMEGA_BROKING,CL302868,TATAMOTORS,BUY,239,1086.84,259754.76
2025-11-24,OMEGA_BROKING,CL199719,SBIN,BUY,292,938.06,273913.52
2025-11-23,DELTA_TRADES,CL643770,RELIANCE,BUY,104,1969.27,204804.08
2025-11-21,BETA_INVEST,CL315379,INFY,SELL,121,2345.06,283752.26
2025-11-24,ALPHA_SEC,CL688397,ICICIBANK,SELL,176,212.15,37338.4
2025-11-26,BETA_INVEST,CL727458,SBIN,SELL,220,1243.43,273554.6
2025-11-26,ALPHA_SEC,CL260703,HDFC,BUY,95,1673.34,158967.3
2025-11-26,ALPHA_SEC,CL684718,SBIN,BUY,288,755.59,217609.92
2025-11-23,BETA_INVEST,CL917069,RELIANCE,SELL,143,2086.56,298378.08
2025-11-24,DELTA_TRADES,CL374679,HDFC,BUY,197,1065.41,209885.77
2025-11-22,BETA_INVEST,CL928050,SBIN,BUY,76,720.53,54760.28
2025-11-20,ALPHA_SEC,CL681064,RELIANCE,BUY,262,1290.22,338037.64
2025-11-24,BETA_INVEST,CL074474,RELIANCE,SELL,139,2368.68,329246.52
2025-11-23,ALPHA_SEC,CL651618,SBIN,SELL,253,713.7,180566.1
2025-11-21,BETA_INVEST,CL798170,RELIANCE,SELL,97,1513.33,146793.01
2025-11-26,OMEGA_BROKING,CL312820,ICICIBANK,BUY,221,672.2,148556.2
2025-11-26,ALPHA_SEC,CL737352,TATAMOTORS,BUY,207,1934.54,400449.78
2025-11-21,BETA_INVEST,CL036711,TATAMOTORS,BUY,168,1259.61,211614.48
2025-11-21,OMEGA_BROKING,CL832713,RELIANCE,BUY,186,1954.54,363544.44
2025-11-26,BETA_INVEST,CL274624,KOTAKBANK,SELL,259,1760.26,455907.34
2025-11-25,BETA_INVEST,CL757713,TATAMOTORS,BUY,216,2381.2,514339.2
2025-11-20,BETA_INVEST,CL502561,INFY,BUY,249,417.25,103895.25
2025-11-21,DELTA_TRADES,CL625932,LT,SELL,233,1179.44,274809.52
2025-11-24,ALPHA_SEC,CL491069,ICICIBANK,SELL,245,127.09,31137.05
2025-11-24,ALPHA_SEC,CL733561,INFY,BUY,162,1163.07,188417.34
2025-11-22,ALPHA_SEC,CL675490,KOTAKBANK,BUY,270,368.89,99600.3
2025-11-23,DELTA_TRADES,CL507851,LT,BUY,126,951.71,119915.46
2025-11-25,DELTA_TRADES,CL532253,RELIANCE,BUY,109,934.59,101870.31
2025-11-21,DELTA_TRADES,CL610088,TATAMOTORS,SELL,8,1807.53,14460.24
2025-11-21,BETA_INVEST,CL759411,ICICIBANK,BUY,178,1860.41,331152.98
2025-11-24,ALPHA_SEC,CL316989,AXISBANK,BUY,154,895.23,137865.42
2025-11-26,BETA_INVEST,CL752238,LT,SELL,31,387.31,12006.61
2025-11-21,DELTA_TRADES,CL874601,AXISBANK,BUY,52,777.39,40424.28
2025-11-23,BETA_INVEST,CL681691,HDFC,SELL,266,583.03,155085.98
2025-11-26,BETA_INVEST,CL662319,TATAMOTORS,BUY,95,2485.16,236090.2
2025-11-22,ALPHA_SEC,CL645155,ITC,BUY,52,791.79,41173.08
2025-11-23,BETA_INVEST,CL966686,RELIANCE,BUY,64,1334.26,85392.64
2025-11-22,DELTA_TRADES,CL240862,TATAMOTORS,BUY,37,2088.74,77283.38
2025-11-20,OMEGA_BROKING,CL313913,AXISBANK,SELL,230,1419.9,326577.0
2025-11-25,OMEGA_BROKING,CL701117,LT,SELL,212,967.29,205065.48
2025-11-22,ALPHA_SEC,CL875587,ICICIBANK,SELL,178,670.44,119338.32
2025-11-23,DELTA_TRADES,CL129587,RELIANCE,BUY,76,947.51,72010.76
2025-11-21,ALPHA_SEC,CL043835,AXISBANK,SELL,260,1980.17,514844.2
2025-11-26,BETA_INVEST,CL721191,RELIANCE,SELL,212,815.92,172975.04
2025-11-21,OMEGA_BROKING,CL221986,KOTAKBANK,SELL,255,1100.01,280502.55
2025-11-23,OMEGA_BROKING,CL628135,HDFC,BUY,67,1111.68,74482.56
2025-11-22,DELTA_TRADES,CL606158,ITC,SELL,135,310.39,41902.65
2025-11-21,OMEGA_BROKING,CL093155,HDFC,BUY,39,2127.26,82963.14
2025-11-21,OMEGA_BROKING,CL154849,SBIN,BUY,257,1515.6,389509.2
2025-11-21,DELTA_TRADES,CL380064,ICICIBANK,BUY,107,2403.62,257187.34
2025-11-25,OMEGA_BROKING,CL555657,LT,SELL,101,242.28,24470.28
2025-11-20,DELTA_TRADES,CL746690,AXISBANK,BUY,87,1062.8,92463.6
2025-11-22,OMEGA_BROKING,CL782257,ICICIBANK,BUY,95,1804.84,171459.8
2025-11-25,OMEGA_BROKING,CL513923,TATAMOTORS,SELL,208,1202.22,250061.76
2025-11-20,BETA_INVEST,CL951495,KOTAKBANK,SELL,235,858.16,201667.6
2025-11-20,ALPHA_SEC,CL811518,AXISBANK,SELL,139,1979.7,275178.3
2025-11-23,BETA_INVEST,CL269793,ICICIBANK,SELL,43,394.4,16959.2
2025-11-23,ALPHA_SEC,CL018945,AXISBANK,BUY,222,861.32,191213.04
2025-11-21,DELTA_TRADES,CL051206,INFY,SELL,52,625.56,32529.12
2025-11-26,OMEGA_BROKING,CL389184,LT,SELL,138,1963.36,270943.68
2025-11-20,ALPHA_SEC,CL070368,ITC,SELL,221,2231.48,493157.08
2025-11-25,ALPHA_SEC,CL970724,HDFC,BUY,5,2406.93,12034.65
2025-11-21,DELTA_TRADES,CL389781,ICICIBANK,SELL,146,957.3,139765.8
2025-11-24,OMEGA_BROKING,CL032935,RELIANCE,BUY,110,1923.83,211621.3
2025-11-26,BETA_INVEST,CL134911,HDFC,BUY,221,1446.02,319570.42
2025-11-26,BETA_INVEST,CL048373,HDFC,BUY,108,144.42,15597.36
2025-11-23,BETA_INVEST,CL542824,LT,SELL,129,2430.82,313575.78
2025-11-25,OMEGA_BROKING,CL819396,ICICIBANK,SELL,59,902.8,53265.2
2025-11-20,OMEGA_BROKING,CL426807,LT,SELL,269,2200.7,591988.3
2025-11-22,BETA_INVEST,CL877043,AXISBANK,SELL,84,1805.86,151692.24
2025-11-21,BETA_INVEST,CL099959,SBIN,BUY,205,954.34,195639.7
2025-11-21,DELTA_TRADES,CL656528,HDFC,BUY,227,1018.92,231294.84
2025-11-22,OMEGA_BROKING,CL713041,RELIANCE,BUY,200,1364.78,272956.0
2025-11-26,DELTA_TRADES,CL202198,ITC,BUY,167,1855.91,309936.97
2025-11-23,DELTA_TRADES,CL329206,KOTAKBANK,BUY,193,870.15,167938.95
2025-11-25,ALPHA_SEC,CL309648,RELIANCE,SELL,252,1302.11,328131.72
2025-11-23,DELTA_TRADES,CL479918,INFY,BUY,234,736.41,172319.94
2025-11-23,DELTA_TRADES,CL949990,KOTAKBANK,SELL,58,2385.3,138347.4
2025-11-21,BETA_INVEST,CL845883,TATAMOTORS,SELL,288,1577.4,454291.2
2025-11-23,ALPHA_SEC,CL690458,INFY,SELL,169,156.79,26497.51
2025-11-21,ALPHA_SEC,CL814359,SBIN,BUY,290,892.4,258796.0
2025-11-20,ALPHA_SEC,CL682782,INFY,BUY,2,2186.5,4373.0
2025-11-20,DELTA_TRADES,CL128815,INFY,BUY,30,1310.71,39321.3
2025-11-22,OMEGA_BROKING,CL716792,RELIANCE,SELL,90,1836.02,165241.8
2025-11-25,ALPHA_SEC,CL717175,ITC,SELL,27,1344.02,36288.54
2025-11-23,BETA_INVEST,CL660567,RELIANCE,SELL,92,1109.04,102031.68
2025-11-26,DELTA_TRADES,CL342901,AXISBANK,BUY,194,2347.11,455339.34
2025-11-22,DELTA_TRADES,CL140650,AXISBANK,SELL,87,2043.7,177801.9
2025-11-21,DELTA_TRADES,CL659534,ICICIBANK,SELL,134,1848.05,247638.7
2025-11-25,BETA_INVEST,CL424472,INFY,SELL,50,2369.61,118480.5
2025-11-25,OMEGA_BROKING,CL977900,RELIANCE,SELL,200,228.63,45726.0
2025-11-25,BETA_INVEST,CL947249,SBIN,BUY,137,825.53,113097.61
2025-11-24,DELTA_TRADES,CL073075,KOTAKBANK,SELL,285,605.08,172447.8
2025-11-25,ALPHA_SEC,CL303244,LT,BUY,137,918.68,125859.16
2025-11-24,DELTA_TRADES,CL099953,AXISBANK,BUY,207,1971.51,408102.57
2025-11-23,DELTA_TRADES,CL286055,LT,BUY,242,1261.2,305210.4
2025-11-20,BETA_INVEST,CL608159,ITC,BUY,135,1647.64,222431.4
2025-11-24,ALPHA_SEC,CL505450,HDFC,BUY,168,895.66,150470.88
2025-11-25,OMEGA_BROKING,CL335027,AXISBANK,BUY,270,2369.37,639729.9
2025-11-24,OMEGA_BROKING,CL939665,ITC,SELL,246,2010.62,494612.52
2025-11-21,DELTA_TRADES,CL270952,INFY,BUY,261,1143.83,298539.63
2025-11-20,ALPHA_SEC,CL469918,LT,BUY,236,1908.7,450453.2
2025-11-22,ALPHA_SEC,CL282288,HDFC,SELL,281,2147.03,603315.43
2025-11-24,DELTA_TRADES,CL513747,KOTAKBANK,BUY,252,2249.23,566805.96
2025-11-25,BETA_INVEST,CL063992,SBIN,SELL,209,948.49,198234.41
2025-11-23,BETA_INVEST,CL750652,LT,SELL,23,2335.28,53711.44
2025-11-23,OMEGA_BROKING,CL421622,ICICIBANK,SELL,283,1970.71,557710.93
2025-11-21,OMEGA_BROKING,CL120583,INFY,SELL,95,197.78,18789.1
2025-11-23,BETA_INVEST,CL658174,AXISBANK,SELL,36,1176.26,42345.36
2025-11-24,DELTA_TRADES,CL485426,TATAMOTORS,SELL,100,1188.26,118826.0
2025-11-24,DELTA_TRADES,CL128392,INFY,BUY,269,963.15,259087.35
2025-11-23,DELTA_TRADES,CL947924,SBIN,SELL,276,2251.12,621309.12
2025-11-26,OMEGA_BROKING,CL853843,ITC,SELL,157,1931.77,303287.89
2025-11-26,OMEGA_BROKING,CL774015,AXISBANK,BUY,291,716.4,208472.4
2025-11-21,ALPHA_SEC,CL949744,INFY,SELL,51,1703.92,86899.92
2025-11-22,DELTA_TRADES,CL727462,AXISBANK,SELL,217,2012.38,436686.46
2025-11-21,DELTA_TRADES,CL612876,TATAMOTORS,BUY,192,2213.97,425082.24
2025-11-23,OMEGA_BROKING,CL939407,HDFC,BUY,290,740.16,214646.4
2025-11-23,OMEGA_BROKING,CL220008,SBIN,BUY,120,2127.88,255345.6
2025-11-22,DELTA_TRADES,CL286601,LT,SELL,177,267.3,47312.1
2025-11-24,BETA_INVEST,CL690425,HDFC,SELL,225,216.14,48631.5
2025-11-23,OMEGA_BROKING,CL167442,LT,SELL,231,2009.32,464152.92
2025-11-23,OMEGA_BROKING,CL186769,SBIN,BUY,259,1300.93,336940.87
2025-11-20,ALPHA_SEC,CL577469,RELIANCE,SELL,246,2306.14,567310.44
2025-11-22,DELTA_TRADES,CL890230,ITC,SELL,103,1371.69,141284.07
2025-11-25,OMEGA_BROKING,CL799683,ICICIBANK,SELL,154,2014.7,310263.8
2025-11-23,BETA_INVEST,CL932141,AXISBANK,SELL,40,1929.87,77194.8
2025-11-25,OMEGA_BROKING,CL724810,ITC,SELL,18,1202.06,21637.08
2025-11-25,BETA_INVEST,CL307749,TATAMOTORS,SELL,254,1055.09,267992.86
2025-11-25,ALPHA_SEC,CL545671,ICICIBANK,SELL,209,2058.46,430218.14
2025-11-25,BETA_INVEST,CL833908,HDFC,SELL,234,1612.62,377353.08
2025-11-20,OMEGA_BROKING,CL219855,ICICIBANK,SELL,221,523.57,115708.97
2025-11-20,BETA_INVEST,CL743182,ICICIBANK,SELL,154,1447.3,222884.2
2025-11-24,BETA_INVEST,CL436694,AXISBANK,SELL,113,1790.62,202340.06
2025-11-21,DELTA_TRADES,CL778850,LT,SELL,114,1110.0,126540.0
2025-11-25,DELTA_TRADES,CL256412,HDFC,BUY,257,223.94,57552.58
2025-11-26,OMEGA_BROKING,CL419331,AXISBANK,SELL,6,1387.57,8325.42
2025-11-22,OMEGA_BROKING,CL091077,KOTAKBANK,SELL,82,162.62,13334.84
2025-11-26,OMEGA_BROKING,CL742250,AXISBANK,SELL,189,1932.67,365274.63
2025-11-24,ALPHA_SEC,CL937243,INFY,BUY,46,446.26,20527.96
2025-11-21,ALPHA_SEC,CL277342,ITC,SELL,76,262.01,19912.76
2025-11-26,ALPHA_SEC,CL595139,TATAMOTORS,BUY,253,1001.55,253392.15
2025-11-25,OMEGA_BROKING,CL637412,INFY,SELL,90,1052.81,94752.9
2025-11-26,DELTA_TRADES,CL298073,HDFC,SELL,184,133.75,24610.0
2025-11-23,DELTA_TRADES,CL454861,LT,BUY,185,2254.12,417012.2
2025-11-23,DELTA_TRADES,CL563337,SBIN,SELL,220,1662.36,365719.2
2025-11-20,ALPHA_SEC,CL840094,INFY,SELL,136,2210.1,300573.6
2025-11-23,OMEGA_BROKING,CL657240,RELIANCE,SELL,109,761.01,82950.09
2025-11-23,DELTA_TRADES,CL958107,ITC,SELL,299,2417.48,722826.52
2025-11-22,ALPHA_SEC,CL874510,LT,BUY,219,1727.27,378272.13
2025-11-20,DELTA_TRADES,CL374826,SBIN,SELL,187,589.65,110264.55
2025-11-23,OMEGA_BROKING,CL065349,RELIANCE,BUY,191,2149.65,410583.15
2025-11-23,DELTA_TRADES,CL444720,AXISBANK,BUY,130,2213.5,287755.0
2025-11-20,ALPHA_SEC,CL623696,RELIANCE,SELL,204,624.38,127373.52
2025-11-21,DELTA_TRADES,CL352122,RELIANCE,BUY,244,1945.11,474606.84
2025-11-26,ALPHA_SEC,CL427525,KOTAKBANK,SELL,15,416.35,6245.25
2025-11-23,ALPHA_SEC,CL220403,TATAMOTORS,SELL,77,248.69,19149.13
2025-11-24,BETA_INVEST,CL121872,KOTAKBANK,SELL,162,1758.17,284823.54
2025-11-25,DELTA_TRADES,CL003176,LT,SELL,17,2079.68,35354.56
2025-11-26,OMEGA_BROKING,CL401416,SBIN,SELL,114,609.86,69524.04
2025-11-24,OMEGA_BROKING,CL524751,ICICIBANK,SELL,207,2114.17,437633.19
2025-11-25,BETA_INVEST,CL554709,INFY,BUY,215,2437.62,524088.3
2025-11-24,DELTA_TRADES,CL435716,AXISBANK,SELL,241,162.84,39244.44
2025-11-23,DELTA_TRADES,CL696790,AXISBANK,BUY,96,2312.04,221955.84
2025-11-20,ALPHA_SEC,CL933692,ITC,SELL,259,454.95,117832.05
2025-11-20,ALPHA_SEC,CL614726,HDFC,SELL,268,928.67,248883.56
2025-11-23,OMEGA_BROKING,CL843925,LT,BUY,244,1430.53,349049.32
2025-11-25,OMEGA_BROKING,CL256703,AXISBANK,BUY,3,1778.78,5336.34
2025-11-26,ALPHA_SEC,CL970535,KOTAKBANK,BUY,147,758.03,111430.41
2025-11-20,OMEGA_BROKING,CL475643,AXISBANK,SELL,255,872.75,222551.25
2025-11-24,DELTA_TRADES,CL957820,ICICIBANK,BUY,54,833.78,45024.12
2025-11-24,DELTA_TRADES,CL046528,ITC,SELL,159,822.21,130731.39
2025-11-21,ALPHA_SEC,CL113575,INFY,BUY,275,2402.58,660709.5
2025-11-23,BETA_INVEST,CL386346,LT,BUY,288,626.9,180547.2
2025-11-25,BETA_INVEST,CL634338,INFY,SELL,261,322.05,84055.05
2025-11-24,DELTA_TRADES,CL080287,INFY,BUY,48,2075.49,99623.52
2025-11-23,BETA_INVEST,CL278632,RELIANCE,SELL,62,690.32,42799.84
2025-11-26,ALPHA_SEC,CL611638,SBIN,SELL,235,1925.19,452419.65
2025-11-25,ALPHA_SEC,CL988892,RELIANCE,SELL,271,981.8,266067.8
2025-11-26,OMEGA_BROKING,CL640391,KOTAKBANK,BUY,241,550.82,132747.62
2025-11-21,ALPHA_SEC,CL393667,ICICIBANK,BUY,176,1115.25,196284.0
2025-11-24,OMEGA_BROKING,CL442027,HDFC,SELL,272,1591.6,432915.2
2025-11-24,BETA_INVEST,CL193412,KOTAKBANK,SELL,254,2048.82,520400.28
2025-11-25,OMEGA_BROKING,CL236939,TATAMOTORS,SELL,97,2433.42,236041.74
2025-11-21,OMEGA_BROKING,CL624216,RELIANCE,BUY,224,1370.66,307027.84
2025-11-21,ALPHA_SEC,CL331154,SBIN,SELL,213,331.98,70711.74
2025-11-21,OMEGA_BROKING,CL203604,ITC,SELL,81,1486.28,120388.68
2025-11-20,OMEGA_BROKING,CL980274,SBIN,SELL,174,220.97,38448.78
2025-11-25,BETA_INVEST,CL769942,LT,SELL,268,485.56,130130.08
2025-11-23,DELTA_TRADES,CL610141,ITC,BUY,123,1997.12,245645.76
2025-11-23,DELTA_TRADES,CL194452,LT,BUY,88,543.52,47829.76
2025-11-21,DELTA_TRADES,CL114529,ITC,SELL,110,207.42,22816.2
2025-11-25,OMEGA_BROKING,CL324277,ICICIBANK,SELL,280,972.7,272356.0
2025-11-21,OMEGA_BROKING,CL756925,ICICIBANK,SELL,292,380.08,110983.36
2025-11-20,BETA_INVEST,CL798008,RELIANCE,BUY,74,1633.05,120845.7
2025-11-24,OMEGA_BROKING,CL196161,KOTAKBANK,SELL,81,1442.25,116822.25
2025-11-26,BETA_INVEST,CL107303,ITC,BUY,150,2299.33,344899.5
2025-11-21,BETA_INVEST,CL305855,KOTAKBANK,BUY,298,1642.78,489548.44
2025-11-26,OMEGA_BROKING,CL763889,INFY,SELL,70,2271.29,158990.3
2025-11-21,ALPHA_SEC,CL766984,TATAMOTORS,SELL,102,1515.07,154537.14
2025-11-26,BETA_INVEST,CL218190,TATAMOTORS,BUY,241,212.73,51267.93
2025-11-22,ALPHA_SEC,CL284238,ICICIBANK,SELL,97,489.64,47495.08
2025-11-21,DELTA_TRADES,CL999793,TATAMOTORS,BUY,241,365.17,88005.97
2025-11-21,ALPHA_SEC,CL376473,LT,SELL,200,450.96,90192.0
2025-11-21,ALPHA_SEC,CL355735,KOTAKBANK,BUY,117,1982.79,231986.43
2025-11-21,DELTA_TRADES,CL037920,AXISBANK,SELL,182,959.11,174558.02
2025-11-23,OMEGA_BROKING,CL634477,TATAMOTORS,BUY,253,590.4,149371.2
2025-11-21,ALPHA_SEC,CL253779,AXISBANK,BUY,80,2138.94,171115.2
2025-11-20,ALPHA_SEC,CL752246,AXISBANK,BUY,104,354.87,36906.48
2025-11-20,DELTA_TRADES,CL471862,TATAMOTORS,BUY,123,1465.16,180214.68
2025-11-25,ALPHA_SEC,CL818587,SBIN,SELL,83,2407.25,199801.75
2025-11-24,OMEGA_BROKING,CL823509,LT,SELL,101,1132.28,114360.28
2025-11-26,DELTA_TRADES,CL867911,HDFC,BUY,226,2202.14,497683.64
2025-11-20,BETA_INVEST,CL803747,ICICIBANK,BUY,120,1141.65,136998.0
2025-11-23,DELTA_TRADES,CL189687,TATAMOTORS,BUY,141,554.33,78160.53
2025-11-23,ALPHA_SEC,CL871965,SBIN,SELL,208,2164.82,450282.56
2025-11-26,ALPHA_SEC,CL613670,INFY,SELL,67,1656.08,110957.36
2025-11-20,OMEGA_BROKING,CL947804,RELIANCE,SELL,281,632.07,177611.67
2025-11-24,ALPHA_SEC,CL359194,ICICIBANK,BUY,231,126.83,29297.73
2025-11-22,ALPHA_SEC,CL426078,ITC,SELL,204,2166.57,441980.28
2025-11-24,DELTA_TRADES,CL048107,HDFC,BUY,250,672.03,168007.5
2025-11-24,DELTA_TRADES,CL725594,HDFC,SELL,22,316.5,6963.0
2025-11-22,DELTA_TRADES,CL158139,ICICIBANK,SELL,37,805.49,29803.13
2025-11-20,DELTA_TRADES,CL797576,HDFC,BUY,191,1816.22,346898.02
2025-11-25,OMEGA_BROKING,CL870475,INFY,SELL,15,401.03,6015.45
2025-11-25,BETA_INVEST,CL090379,LT,BUY,2,2345.79,4691.58
2025-11-23,OMEGA_BROKING,CL411709,INFY,BUY,299,290.31,86802.69
2025-11-26,ALPHA_SEC,CL863593,HDFC,SELL,58,322.71,18717.18
2025-11-21,BETA_INVEST,CL442822,LT,SELL,201,1466.69,294804.69
2025-11-24,BETA_INVEST,CL981363,RELIANCE,SELL,164,818.3,134201.2
2025-11-24,ALPHA_SEC,CL942052,ICICIBANK,BUY,148,284.88,42162.24
2025-11-26,BETA_INVEST,CL768945,ITC,BUY,290,1771.64,513775.6
2025-11-23,OMEGA_BROKING,CL423377,KOTAKBANK,SELL,217,785.89,170538.13
2025-11-23,BETA_INVEST,CL040490,LT,SELL,203,1966.67,399234.01
2025-11-24,OMEGA_BROKING,CL306416,ITC,SELL,269,683.5,183861.5
2025-11-23,ALPHA_SEC,CL129174,ICICIBANK,SELL,66,1242.65,82014.9
2025-11-21,BETA_INVEST,CL088400,ICICIBANK,SELL,237,1318.94,312588.78
2025-11-24,OMEGA_BROKING,CL982337,TATAMOTORS,BUY,94,518.68,48755.92
2025-11-23,BETA_INVEST,CL922959,AXISBANK,SELL,142,344.99,48988.58
2025-11-20,OMEGA_BROKING,CL709433,ICICIBANK,SELL,194,527.09,102255.46
2025-11-25,DELTA_TRADES,CL450373,AXISBANK,BUY,57,1624.2,92579.4
2025-11-25,BETA_INVEST,CL761475,RELIANCE,BUY,119,742.87,88401.53
2025-11-23,BETA_INVEST,CL613981,HDFC,SELL,23,981.81,22581.63
2025-11-21,ALPHA_SEC,CL165519,RELIANCE,SELL,246,1906.74,469058.04
2025-11-23,DELTA_TRADES,CL208626,RELIANCE,SELL,270,364.15,98320.5
2025-11-26,BETA_INVEST,CL854226,RELIANCE,SELL,282,708.6,199825.2
2025-11-23,OMEGA_BROKING,CL435518,AXISBANK,SELL,206,1394.42,287250.52
2025-11-25,DELTA_TRADES,CL916838,RELIANCE,BUY,149,1007.75,150154.75
2025-11-22,DELTA_TRADES,CL618179,HDFC,SELL,21,679.68,14273.28
2025-11-26,DELTA_TRADES,CL239490,SBIN,SELL,260,2474.17,643284.2
2025-11-24,ALPHA_SEC,CL989788,ITC,SELL,281,702.11,197292.91
2025-11-22,BETA_INVEST,CL258096,LT,BUY,280,1525.0,427000.0
2025-11-20,DELTA_TRADES,CL672114,RELIANCE,BUY,251,887.51,222765.01
2025-11-20,BETA_INVEST,CL015049,SBIN,SELL,155,699.09,108358.95
2025-11-20,ALPHA_SEC,CL055350,ITC,SELL,192,2164.6,415603.2
2025-11-22,BETA_INVEST,CL034210,AXISBANK,BUY,224,1775.22,397649.28
2025-11-21,ALPHA_SEC,CL686072,HDFC,SELL,232,2179.77,505706.64
2025-11-25,ALPHA_SEC,CL755334,KOTAKBANK,BUY,93,780.48,72584.64
2025-11-21,OMEGA_BROKING,CL357704,ITC,SELL,63,2375.54,149659.02
2025-11-24,DELTA_TRADES,CL544382,INFY,SELL,33,1154.31,38092.23
2025-11-25,BETA_INVEST,CL987611,TATAMOTORS,BUY,90,596.76,53708.4
2025-11-25,OMEGA_BROKING,CL245758,TATAMOTORS,SELL,163,2290.67,373379.21
2025-11-26,BETA_INVEST,CL864693,ICICIBANK,SELL,155,1734.37,268827.35
2025-11-23,ALPHA_SEC,CL321757,ITC,BUY,218,1799.05,392192.9
2025-11-21,OMEGA_BROKING,CL587023,LT,BUY,84,1623.38,136363.92
2025-11-25,DELTA_TRADES,CL633069,SBIN,SELL,269,1931.31,519522.39
2025-11-21,BETA_INVEST,CL213216,ITC,BUY,154,2159.97,332635.38
2025-11-26,ALPHA_SEC,CL474060,ICICIBANK,BUY,20,1163.42,23268.4
2025-11-25,DELTA_TRADES,CL945720,SBIN,SELL,33,1196.08,39470.64
2025-11-23,DELTA_TRADES,CL583921,KOTAKBANK,BUY,52,279.97,14558.44
2025-11-22,BETA_INVEST,CL455689,RELIANCE,BUY,184,2319.25,426742.0
2025-11-24,ALPHA_SEC,CL925546,INFY,SELL,85,185.05,15729.25
2025-11-25,BETA_INVEST,CL053578,HDFC,BUY,246,2212.23,544208.58
2025-11-24,BETA_INVEST,CL576480,RELIANCE,BUY,62,1132.61,70221.82
2025-11-25,OMEGA_BROKING,CL792450,KOTAKBANK,BUY,232,926.92,215045.44
2025-11-26,DELTA_TRADES,CL090196,INFY,BUY,110,770.98,84807.8
2025-11-25,OMEGA_BROKING,CL850755,KOTAKBANK,SELL,13,572.38,7440.94
2025-11-21,DELTA_TRADES,CL411511,AXISBANK,SELL,298,2378.74,708864.52
2025-11-20,BETA_INVEST,CL361592,TATAMOTORS,BUY,235,1762.43,414171.05
2025-11-26,BETA_INVEST,CL255112,INFY,BUY,259,2062.41,534164.19
2025-11-25,BETA_INVEST,CL391107,RELIANCE,SELL,36,1774.6,63885.6
2025-11-20,ALPHA_SEC,CL552136,RELIANCE,SELL,207,246.56,51037.92
2025-11-21,OMEGA_BROKING,CL363179,INFY,BUY,24,450.85,10820.4
2025-11-25,BETA_INVEST,CL210420,TATAMOTORS,BUY,63,1989.1,125313.3
2025-11-21,DELTA_TRADES,CL930024,TATAMOTORS,BUY,65,2387.69,155199.85
2025-11-25,BETA_INVEST,CL959192,ICICIBANK,SELL,137,1673.52,229272.24
2025-11-25,ALPHA_SEC,CL607239,LT,BUY,163,912.14,148678.82
2025-11-25,ALPHA_SEC,CL871968,ICICIBANK,BUY,290,2075.73,601961.7
2025-11-25,BETA_INVEST,CL602083,ICICIBANK,SELL,29,1105.44,32057.76
2025-11-25,ALPHA_SEC,CL313593,AXISBANK,SELL,96,1850.44,177642.24
2025-11-21,DELTA_TRADES,CL963300,INFY,BUY,90,458.0,41220.0
2025-11-20,OMEGA_BROKING,CL891355,ICICIBANK,BUY,156,960.14,149781.84
2025-11-25,DELTA_TRADES,CL481063,ITC,BUY,92,289.76,26657.92
2025-11-23,BETA_INVEST,CL666408,HDFC,SELL,272,326.86,88905.92
2025-11-20,BETA_INVEST,CL749546,SBIN,SELL,119,1235.68,147045.92
2025-11-20,ALPHA_SEC,CL315118,HDFC,SELL,177,2355.79,416974.83
2025-11-24,ALPHA_SEC,CL870621,KOTAKBANK,BUY,241,1787.08,430686.28
2025-11-20,ALPHA_SEC,CL926289,AXISBANK,BUY,273,2073.55,566079.15
2025-11-22,OMEGA_BROKING,CL751113,AXISBANK,BUY,98,1772.27,173682.46
2025-11-20,BETA_INVEST,CL688205,LT,SELL,177,2321.17,410847.09
2025-11-25,ALPHA_SEC,CL849926,INFY,SELL,184,1667.84,306882.56
2025-11-24,DELTA_TRADES,CL493281,RELIANCE,BUY,15,825.01,12375.15
2025-11-22,DELTA_TRADES,CL801707,RELIANCE,BUY,277,917.11,254039.47
2025-11-21,DELTA_TRADES,CL748230,LT,SELL,229,1978.03,452968.87
2025-11-20,BETA_INVEST,CL301568,TATAMOTORS,SELL,46,687.06,31604.76
2025-11-20,DELTA_TRADES,CL216557,ITC,BUY,252,353.33,89039.16
2025-11-21,DELTA_TRADES,CL319282,TATAMOTORS,SELL,254,785.76,199583.04
2025-11-21,ALPHA_SEC,CL117388,TATAMOTORS,BUY,38,2434.2,92499.6
2025-11-24,DELTA_TRADES,CL886200,RELIANCE,BUY,106,1512.35,160309.1
2025-11-24,DELTA_TRADES,CL799305,TATAMOTORS,BUY,259,1952.69,505746.71
2025-11-22,BETA_INVEST,CL646929,HDFC,BUY,30,2196.9,65907.0
2025-11-26,ALPHA_SEC,CL371011,ICICIBANK,SELL,16,930.18,14882.88
2025-11-22,BETA_INVEST,CL148334,TATAMOTORS,SELL,278,1429.95,397526.1
2025-11-23,BETA_INVEST,CL502462,AXISBANK,SELL,276,2000.85,552234.6
2025-11-22,DELTA_TRADES,CL118109,AXISBANK,BUY,212,1478.95,313537.4
2025-11-25,ALPHA_SEC,CL188595,ITC,BUY,25,592.11,14802.75
2025-11-23,BETA_INVEST,CL912658,ICICIBANK,SELL,287,721.62,207104.94
2025-11-22,BETA_INVEST,CL222331,KOTAKBANK,SELL,88,1203.03,105866.64
2025-11-20,OMEGA_BROKING,CL395788,LT,BUY,142,138.36,19647.12
2025-11-20,DELTA_TRADES,CL644497,ICICIBANK,BUY,199,2143.23,426502.77
2025-11-20,OMEGA_BROKING,CL776499,SBIN,SELL,170,2317.8,394026.0
2025-11-20,OMEGA_BROKING,CL443417,TATAMOTORS,BUY,93,1295.81,120510.33
2025-11-26,ALPHA_SEC,CL629696,HDFC,SELL,168,229.47,38550.96
2025-11-24,BETA_INVEST,CL549550,ITC,SELL,202,1348.67,272431.34
2025-11-26,OMEGA_BROKING,CL422129,LT,BUY,79,1690.31,133534.49
2025-11-25,DELTA_TRADES,CL446966,KOTAKBANK,SELL,127,415.49,52767.23
2025-11-20,BETA_INVEST,CL381521,ICICIBANK,SELL,300,755.63,226689.0
2025-11-25,ALPHA_SEC,CL846831,ICICIBANK,SELL,255,1202.14,306545.7
2025-11-20,DELTA_TRADES,CL016507,RELIANCE,BUY,87,1043.41,90776.67
2025-11-23,BETA_INVEST,CL004097,RELIANCE,BUY,208,2034.1,423092.8
2025-11-21,ALPHA_SEC,CL074183,HDFC,BUY,271,1844.47,499851.37
2025-11-23,ALPHA_SEC,CL949768,ITC,SELL,295,865.94,255452.3
2025-11-20,ALPHA_SEC,CL304254,INFY,BUY,164,170.31,27930.84
2025-11-21,OMEGA_BROKING,CL130174,HDFC,SELL,127,1839.77,233650.79
2025-11-20,ALPHA_SEC,CL229367,ITC,SELL,81,914.09,74041.29
2025-11-20,BETA_INVEST,CL322242,LT,SELL,121,1795.12,217209.52
2025-11-21,ALPHA_SEC,CL212845,AXISBANK,BUY,238,679.21,161651.98
2025-11-21,BETA_INVEST,CL357651,AXISBANK,BUY,205,1611.89,330437.45
2025-11-26,BETA_INVEST,CL640964,INFY,SELL,93,1765.19,164162.67
2025-11-20,ALPHA_SEC,CL311562,LT,SELL,189,1967.45,371848.05
2025-11-21,DELTA_TRADES,CL701893,ITC,SELL,241,1593.05,383925.05
2025-11-26,OMEGA_BROKING,CL157962,SBIN,BUY,193,1647.78,318021.54
2025-11-23,BETA_INVEST,CL956233,RELIANCE,BUY,53,1208.83,64067.99
2025-11-24,DELTA_TRADES,CL777160,INFY,BUY,33,1644.42,54265.86
2025-11-25,DELTA_TRADES,CL508443,ICICIBANK,SELL,182,1113.9,202729.8
2025-11-21,BETA_INVEST,CL655813,ITC,SELL,240,1298.88,311731.2
2025-11-25,DELTA_TRADES,CL933644,HDFC,SELL,177,401.09,70992.93
2025-11-23,BETA_INVEST,CL369901,AXISBANK,BUY,191,2131.92,407196.72
2025-11-23,BETA_INVEST,CL300180,AXISBANK,BUY,207,1478.41,306030.87
2025-11-24,DELTA_TRADES,CL303611,KOTAKBANK,SELL,238,540.7,128686.6
2025-11-22,BETA_INVEST,CL491825,AXISBANK,BUY,43,430.69,18519.67
2025-11-24,ALPHA_SEC,CL314956,SBIN,BUY,277,1730.64,479387.28
2025-11-23,DELTA_TRADES,CL743536,ITC,SELL,230,996.64,229227.2
2025-11-20,DELTA_TRADES,CL271668,AXISBANK,BUY,41,1633.17,66959.97
2025-11-21,BETA_INVEST,CL029824,SBIN,SELL,111,705.48,78308.28
2025-11-20,ALPHA_SEC,CL663570,RELIANCE,BUY,210,1632.95,342919.5
2025-11-24,DELTA_TRADES,CL110673,ITC,SELL,51,2064.44,105286.44
2025-11-25,ALPHA_SEC,CL054472,HDFC,BUY,90,157.91,14211.9
2025-11-21,DELTA_TRADES,CL055540,SBIN,BUY,247,2304.35,569174.45
2025-11-24,OMEGA_BROKING,CL267380,HDFC,BUY,142,2195.24,311724.08
2025-11-25,ALPHA_SEC,CL105072,AXISBANK,SELL,242,1938.84,469199.28
2025-11-24,OMEGA_BROKING,CL980700,RELIANCE,SELL,105,2255.24,236800.2
2025-11-22,BETA_INVEST,CL068430,TATAMOTORS,BUY,7,273.78,1916.46
2025-11-21,BETA_INVEST,CL393796,ITC,SELL,112,795.22,89064.64
2025-11-24,DELTA_TRADES,CL755647,HDFC,SELL,296,1727.95,511473.2
2025-11-25,DELTA_TRADES,CL637570,KOTAKBANK,SELL,196,2057.51,403271.96
2025-11-22,OMEGA_BROKING,CL515528,ITC,BUY,220,2158.15,474793.0
2025-11-25,BETA_INVEST,CL553332,SBIN,SELL,42,287.64,12080.88
2025-11-24,OMEGA_BROKING,CL618627,LT,SELL,292,2149.24,627578.08
2025-11-25,BETA_INVEST,CL879964,ICICIBANK,SELL,253,1176.41,297631.73
2025-11-24,BETA_INVEST,CL822250,ITC,SELL,266,949.34,252524.44
2025-11-26,DELTA_TRADES,CL130512,INFY,BUY,224,1366.17,306022.08
2025-11-22,DELTA_TRADES,CL077856,ICICIBANK,SELL,41,1194.15,48960.15
2025-11-22,ALPHA_SEC,CL822255,INFY,BUY,191,376.0,71816.0
2025-11-22,DELTA_TRADES,CL618849,RELIANCE,SELL,194,1983.93,384882.42
2025-11-22,ALPHA_SEC,CL514715,INFY,BUY,20,2171.08,43421.6
2025-11-21,ALPHA_SEC,CL006571,LT,SELL,189,836.64,158124.96
2025-11-23,OMEGA_BROKING,CL120308,RELIANCE,SELL,162,1629.16,263923.92
2025-11-22,ALPHA_SEC,CL593328,ITC,SELL,265,1592.41,421988.65
2025-11-21,BETA_INVEST,CL809154,INFY,BUY,257,245.62,63124.34
2025-11-21,DELTA_TRADES,CL139675,HDFC,BUY,155,398.59,61781.45
2025-11-22,DELTA_TRADES,CL462514,HDFC,SELL,237,289.56,68625.72
2025-11-23,ALPHA_SEC,CL625596,ICICIBANK,SELL,13,1993.68,25917.84
2025-11-24,ALPHA_SEC,CL523786,HDFC,BUY,17,960.73,16332.41
2025-11-23,DELTA_TRADES,CL984943,INFY,BUY,270,729.98,197094.6
2025-11-20,BETA_INVEST,CL266723,HDFC,BUY,66,2130.97,140644.02
2025-11-26,OMEGA_BROKING,CL501071,RELIANCE,BUY,95,1595.3,151553.5
2025-11-25,OMEGA_BROKING,CL783711,ICICIBANK,SELL,174,1993.62,346889.88
2025-11-23,DELTA_TRADES,CL012139,ITC,BUY,265,1000.0,265000.0
2025-11-22,ALPHA_SEC,CL611203,SBIN,SELL,294,769.56,226250.64
2025-11-24,ALPHA_SEC,CL978825,ICICIBANK,BUY,285,1707.66,486683.1
2025-11-24,BETA_INVEST,CL158518,KOTAKBANK,SELL,294,1116.4,328221.6
2025-11-20,OMEGA_BROKING,CL419293,ICICIBANK,BUY,256,1921.94,492016.64
2025-11-25,OMEGA_BROKING,CL740064,LT,SELL,154,952.15,146631.1
2025-11-22,BETA_INVEST,CL712163,AXISBANK,BUY,155,2389.58,370384.9
2025-11-25,DELTA_TRADES,CL227452,HDFC,BUY,274,2388.67,654495.58
2025-11-23,BETA_INVEST,CL858591,RELIANCE,BUY,114,1533.69,174840.66
2025-11-21,OMEGA_BROKING,CL187434,HDFC,BUY,250,1121.82,280455.0
2025-11-23,BETA_INVEST,CL177891,TATAMOTORS,SELL,257,392.47,100864.79
2025-11-21,ALPHA_SEC,CL592725,INFY,BUY,53,1147.65,60825.45
2025-11-23,BETA_INVEST,CL627989,KOTAKBANK,SELL,225,880.63,198141.75
2025-11-21,BETA_INVEST,CL412126,ITC,BUY,40,1268.7,50748.0
2025-11-25,ALPHA_SEC,CL082262,KOTAKBANK,SELL,243,433.67,105381.81
2025-11-21,DELTA_TRADES,CL795958,ITC,SELL,73,272.35,19881.55
2025-11-20,ALPHA_SEC,CL732400,LT,BUY,199,1592.89,316985.11
2025-11-21,BETA_INVEST,CL604034,RELIANCE,BUY,54,2060.77,111281.58
2025-11-20,DELTA_TRADES,CL879867,TATAMOTORS,BUY,114,252.85,28824.9
2025-11-23,DELTA_TRADES,CL257002,INFY,BUY,149,1834.5,273340.5
2025-11-22,OMEGA_BROKING,CL450284,AXISBANK,SELL,196,1526.24,299143.04
2025-11-22,DELTA_TRADES,CL152658,INFY,BUY,49,1096.78,53742.22
2025-11-24,ALPHA_SEC,CL000392,SBIN,SELL,205,1443.88,295995.4
2025-11-22,OMEGA_BROKING,CL808510,KOTAKBANK,SELL,95,1684.83,160058.85
2025-11-23,OMEGA_BROKING,CL772702,KOTAKBANK,SELL,21,161.08,3382.68
2025-11-25,DELTA_TRADES,CL751018,SBIN,SELL,62,2150.17,133310.54
2025-11-21,OMEGA_BROKING,CL204437,AXISBANK,BUY,43,2074.48,89202.64
2025-11-24,OMEGA_BROKING,CL817924,ICICIBANK,BUY,234,1578.75,369427.5
2025-11-24,DELTA_TRADES,CL672486,TATAMOTORS,SELL,39,1996.12,77848.68
2025-11-20,BETA_INVEST,CL379051,AXISBANK,SELL,166,922.34,153108.44
2025-11-24,ALPHA_SEC,CL652596,KOTAKBANK,BUY,264,804.87,212485.68
2025-11-21,ALPHA_SEC,CL141254,LT,BUY,184,2430.03,447125.52
2025-11-25,OMEGA_BROKING,CL680580,KOTAKBANK,SELL,120,1584.16,190099.2
2025-11-22,DELTA_TRADES,CL137263,ICICIBANK,SELL,263,1371.75,360770.25
2025-11-21,BETA_INVEST,CL263059,HDFC,BUY,262,1659.06,434673.72
2025-11-21,OMEGA_BROKING,CL222932,TATAMOTORS,SELL,19,1144.02,21736.38
2025-11-22,BETA_INVEST,CL117075,TATAMOTORS,BUY,270,2095.73,565847.1
2025-11-22,BETA_INVEST,CL267219,ICICIBANK,SELL,285,2017.95,575115.75
2025-11-26,ALPHA_SEC,CL654626,INFY,BUY,140,1734.04,242765.6
2025-11-25,DELTA_TRADES,CL634286,KOTAKBANK,BUY,68,258.22,17558.96
2025-11-21,BETA_INVEST,CL832530,TATAMOTORS,SELL,281,1112.15,312514.15
2025-11-22,DELTA_TRADES,CL032922,RELIANCE,SELL,248,2474.69,613723.12
2025-11-23,DELTA_TRADES,CL904861,ICICIBANK,BUY,266,1738.11,462337.26
2025-11-21,BETA_INVEST,CL569072,INFY,SELL,94,1596.93,150111.42
2025-11-25,DELTA_TRADES,CL756752,INFY,SELL,88,1485.61,130733.68
2025-11-26,DELTA_TRADES,CL538745,HDFC,SELL,209,1920.6,401405.4
2025-11-20,ALPHA_SEC,CL920322,AXISBANK,BUY,177,2142.45,379213.65
2025-11-25,ALPHA_SEC,CL907426,HDFC,SELL,91,183.23,16673.93
2025-11-24,ALPHA_SEC,CL920211,KOTAKBANK,SELL,65,2235.05,145278.25
2025-11-23,ALPHA_SEC,CL740964,LT,SELL,258,2231.81,575806.98
2025-11-26,ALPHA_SEC,CL895929,RELIANCE,BUY,7,781.09,5467.63
2025-11-21,OMEGA_BROKING,CL181307,ITC,BUY,237,789.54,187120.98
2025-11-26,BETA_INVEST,CL026269,ITC,SELL,28,964.89,27016.92
2025-11-24,DELTA_TRADES,CL976477,INFY,BUY,210,1679.37,352667.7
2025-11-25,ALPHA_SEC,CL900861,SBIN,SELL,71,1311.71,93131.41
2025-11-26,ALPHA_SEC,CL008737,TATAMOTORS,BUY,276,1586.7,437929.2
2025-11-23,OMEGA_BROKING,CL532583,INFY,SELL,117,1014.5,118696.5
2025-11-21,BETA_INVEST,CL616871,SBIN,SELL,79,1414.6,111753.4
2025-11-20,OMEGA_BROKING,CL352693,KOTAKBANK,BUY,209,294.22,61491.98
2025-11-20,ALPHA_SEC,CL991424,ICICIBANK,SELL,156,2332.69,363899.64
2025-11-23,BETA_INVEST,CL268412,INFY,SELL,252,605.42,152565.84
2025-11-22,BETA_INVEST,CL243310,TATAMOTORS,SELL,231,737.45,170350.95
2025-11-21,BETA_INVEST,CL649292,ITC,SELL,88,714.23,62852.24
2025-11-23,BETA_INVEST,CL235777,ICICIBANK,BUY,116,183.47,21282.52
2025-11-26,BETA_INVEST,CL182215,SBIN,SELL,233,608.4,141757.2
2025-11-22,BETA_INVEST,CL757552,ITC,SELL,79,1977.84,156249.36
2025-11-22,DELTA_TRADES,CL881039,KOTAKBANK,SELL,272,2128.29,578894.88
2025-11-20,ALPHA_SEC,CL311867,TATAMOTORS,SELL,235,1266.78,297693.3
2025-11-24,OMEGA_BROKING,CL536993,HDFC,BUY,178,355.2,63225.6
2025-11-24,BETA_INVEST,CL874892,ITC,BUY,183,1386.78,253780.74
2025-11-26,DELTA_TRADES,CL364815,ICICIBANK,BUY,152,2168.69,329640.88
2025-11-26,OMEGA_BROKING,CL319753,RELIANCE,BUY,263,471.75,124070.25
2025-11-23,ALPHA_SEC,CL386135,AXISBANK,BUY,88,1798.1,158232.8
2025-11-21,ALPHA_SEC,CL121976,INFY,SELL,260,203.85,53001.0
2025-11-20,OMEGA_BROKING,CL305233,RELIANCE,BUY,3,2395.74,7187.22
2025-11-24,OMEGA_BROKING,CL596967,AXISBANK,BUY,213,519.96,110751.48
2025-11-23,DELTA_TRADES,CL947496,ITC,BUY,40,164.48,6579.2
2025-11-26,BETA_INVEST,CL492150,KOTAKBANK,SELL,16,307.85,4925.6
2025-11-25,OMEGA_BROKING,CL412150,ICICIBANK,BUY,30,2462.39,73871.7
2025-11-22,ALPHA_SEC,CL700153,TATAMOTORS,BUY,170,1603.58,272608.6
2025-11-24,ALPHA_SEC,CL847463,SBIN,BUY,224,287.98,64507.52
2025-11-20,BETA_INVEST,CL853844,ITC,BUY,252,1794.65,452251.8
2025-11-21,DELTA_TRADES,CL894715,INFY,SELL,138,2303.82,317927.16
2025-11-23,DELTA_TRADES,CL376593,RELIANCE,BUY,191,1284.73,245383.43
2025-11-26,OMEGA_BROKING,CL874502,LT,BUY,290,1267.99,367717.1
2025-11-26,ALPHA_SEC,CL623255,ICICIBANK,BUY,128,821.96,105210.88
2025-11-22,DELTA_TRADES,CL181969,HDFC,SELL,61,2054.58,125329.38
2025-11-24,DELTA_TRADES,CL760877,ICICIBANK,BUY,55,712.78,39202.9
2025-11-23,ALPHA_SEC,CL535218,ITC,SELL,96,2069.62,198683.52
2025-11-26,OMEGA_BROKING,CL478068,HDFC,SELL,27,935.81,25266.87
2025-11-20,DELTA_TRADES,CL642840,AXISBANK,BUY,105,274.46,28818.3
2025-11-24,DELTA_TRADES,CL264404,AXISBANK,BUY,49,582.16,28525.84
2025-11-26,DELTA_TRADES,CL402391,KOTAKBANK,BUY,247,249.64,61661.08
2025-11-21,ALPHA_SEC,CL856848,ICICIBANK,BUY,194,478.27,92784.38
2025-11-26,BETA_INVEST,CL466040,KOTAKBANK,BUY,245,1379.41,337955.45
2025-11-24,ALPHA_SEC,CL172592,INFY,SELL,59,1803.22,106389.98
2025-11-23,OMEGA_BROKING,CL042134,INFY,BUY,299,1536.76,459491.24
2025-11-25,ALPHA_SEC,CL712521,INFY,BUY,199,1496.44,297791.56
2025-11-25,BETA_INVEST,CL427327,ICICIBANK,SELL,203,476.46,96721.38
2025-11-26,OMEGA_BROKING,CL026532,TATAMOTORS,SELL,32,1608.08,51458.56
2025-11-24,DELTA_TRADES,CL912490,RELIANCE,SELL,273,362.37,98927.01
2025-11-22,BETA_INVEST,CL554727,ICICIBANK,BUY,89,547.5,48727.5
2025-11-22,ALPHA_SEC,CL880050,AXISBANK,BUY,56,2448.59,137121.04
2025-11-22,DELTA_TRADES,CL375872,ITC,SELL,204,2132.16,434960.64
2025-11-25,ALPHA_SEC,CL657320,LT,SELL,271,811.55,219930.05
2025-11-22,OMEGA_BROKING,CL387495,INFY,SELL,16,1462.69,23403.04
2025-11-21,DELTA_TRADES,CL526611,KOTAKBANK,SELL,73,265.77,19401.21
2025-11-24,OMEGA_BROKING,CL263133,HDFC,SELL,50,1041.92,52096.0
2025-11-25,BETA_INVEST,CL554408,LT,BUY,17,1952.59,33194.03
2025-11-24,BETA_INVEST,CL660426,SBIN,BUY,266,1121.04,298196.64
2025-11-20,OMEGA_BROKING,CL328365,SBIN,BUY,109,423.22,46130.98
2025-11-25,OMEGA_BROKING,CL754590,INFY,SELL,259,2178.82,564314.38
2025-11-20,ALPHA_SEC,CL336545,SBIN,SELL,158,2430.19,383970.02
2025-11-21,DELTA_TRADES,CL973326,TATAMOTORS,SELL,259,1214.85,314646.15
2025-11-24,BETA_INVEST,CL259326,SBIN,SELL,143,1758.3,251436.9
2025-11-21,ALPHA_SEC,CL783291,ICICIBANK,SELL,31,2165.7,67136.7
2025-11-26,ALPHA_SEC,CL073667,LT,SELL,215,700.69,150648.35
2025-11-20,DELTA_TRADES,CL738669,INFY,BUY,271,2430.34,658622.14
2025-11-22,ALPHA_SEC,CL822145,LT,SELL,3,1345.89,4037.67
2025-11-26,ALPHA_SEC,CL789324,KOTAKBANK,SELL,228,1188.32,270936.96
2025-11-23,BETA_INVEST,CL137277,KOTAKBANK,BUY,296,469.18,138877.28
2025-11-24,OMEGA_BROKING,CL784530,SBIN,SELL,255,1911.6,487458.0
2025-11-22,ALPHA_SEC,CL378830,RELIANCE,SELL,163,1738.62,283395.06
2025-11-22,OMEGA_BROKING,CL685725,INFY,SELL,110,531.9,58509.0
2025-11-20,BETA_INVEST,CL925003,SBIN,BUY,243,1030.76,250474.68
2025-11-21,OMEGA_BROKING,CL020698,RELIANCE,BUY,35,2408.35,84292.25
2025-11-23,OMEGA_BROKING,CL465323,KOTAKBANK,BUY,129,1672.36,215734.44
2025-11-26,ALPHA_SEC,CL601096,RELIANCE,BUY,3,2335.37,7006.11
2025-11-20,DELTA_TRADES,CL306099,ITC,SELL,11,1720.83,18929.13
2025-11-20,DELTA_TRADES,CL129958,HDFC,SELL,102,831.55,84818.1
2025-11-25,BETA_INVEST,CL438685,AXISBANK,SELL,270,125.65,33925.5
2025-11-22,OMEGA_BROKING,CL106857,INFY,BUY,133,687.97,91500.01
2025-11-23,OMEGA_BROKING,CL320880,RELIANCE,SELL,76,2473.68,187999.68
2025-11-24,BETA_INVEST,CL783446,LT,BUY,136,761.15,103516.4
2025-11-22,OMEGA_BROKING,CL982414,ICICIBANK,SELL,211,2286.54,482459.94
2025-11-23,BETA_INVEST,CL421019,ICICIBANK,BUY,233,1621.74,377865.42
2025-11-22,OMEGA_BROKING,CL914547,AXISBANK,SELL,229,2313.85,529871.65
2025-11-25,ALPHA_SEC,CL885940,KOTAKBANK,BUY,225,1411.02,317479.5
2025-11-21,BETA_INVEST,CL423357,ICICIBANK,BUY,6,1031.57,6189.42
2025-11-23,OMEGA_BROKING,CL879191,TATAMOTORS,SELL,172,412.1,70881.2
2025-11-25,ALPHA_SEC,CL117818,HDFC,SELL,213,314.36,66958.68
2025-11-23,OMEGA_BROKING,CL277639,TATAMOTORS,BUY,151,560.52,84638.52
2025-11-22,DELTA_TRADES,CL941513,RELIANCE,BUY,242,1252.06,302998.52
2025-11-24,DELTA_TRADES,CL838541,LT,SELL,66,1407.48,92893.68
2025-11-24,ALPHA_SEC,CL131424,RELIANCE,SELL,232,974.47,226077.04
2025-11-24,BETA_INVEST,CL097099,ICICIBANK,BUY,86,356.15,30628.9
2025-11-24,BETA_INVEST,CL025000,INFY,BUY,135,1299.39,175417.65
2025-11-22,DELTA_TRADES,CL723863,INFY,BUY,186,1047.93,194914.98
2025-11-23,ALPHA_SEC,CL793282,INFY,BUY,132,767.47,101306.04
2025-11-23,DELTA_TRADES,CL891625,KOTAKBANK,SELL,199,1566.64,311761.36
2025-11-21,BETA_INVEST,CL403137,HDFC,BUY,21,1866.6,39198.6
2025-11-25,BETA_INVEST,CL696198,LT,BUY,6,1432.41,8594.46
2025-11-24,BETA_INVEST,CL448600,AXISBANK,SELL,45,1519.76,68389.2
2025-11-22,ALPHA_SEC,CL745103,ITC,BUY,232,1511.58,350686.56
2025-11-22,ALPHA_SEC,CL309385,ICICIBANK,SELL,237,2079.2,492770.4
2025-11-20,DELTA_TRADES,CL640039,LT,BUY,112,921.62,103221.44
2025-11-26,ALPHA_SEC,CL230281,KOTAKBANK,SELL,156,2356.93,367681.08
2025-11-21,BETA_INVEST,CL061958,ICICIBANK,BUY,23,164.28,3778.44
2025-11-24,OMEGA_BROKING,CL086875,SBIN,BUY,240,2013.72,483292.8
2025-11-21,OMEGA_BROKING,CL651931,KOTAKBANK,SELL,133,1291.25,171736.25
2025-11-25,OMEGA_BROKING,CL012598,SBIN,BUY,281,1718.65,482940.65
2025-11-23,BETA_INVEST,CL056991,HDFC,SELL,29,1837.45,53286.05
2025-11-22,DELTA_TRADES,CL801919,KOTAKBANK,SELL,232,1528.43,354595.76
2025-11-21,ALPHA_SEC,CL035650,ITC,BUY,95,2286.5,217217.5
2025-11-21,DELTA_TRADES,CL561809,AXISBANK,BUY,186,590.92,109911.12
2025-11-21,BETA_INVEST,CL532993,SBIN,BUY,188,495.25,93107.0
2025-11-22,BETA_INVEST,CL535243,ITC,SELL,287,1717.85,493022.95
2025-11-20,OMEGA_BROKING,CL072947,SBIN,SELL,36,563.71,20293.56
2025-11-25,DELTA_TRADES,CL572599,ITC,BUY,237,1116.64,264643.68
2025-11-25,OMEGA_BROKING,CL783881,TATAMOTORS,SELL,229,804.93,184328.97
2025-11-26,ALPHA_SEC,CL005953,LT,SELL,220,2319.03,510186.6
2025-11-22,OMEGA_BROKING,CL389767,KOTAKBANK,BUY,119,1981.67,235818.73
2025-11-24,DELTA_TRADES,CL734483,INFY,SELL,109,670.42,73075.78
2025-11-24,DELTA_TRADES,CL417969,INFY,SELL,163,316.35,51565.05
2025-11-26,BETA_INVEST,CL414264,INFY,BUY,111,978.97,108665.67
2025-11-26,BETA_INVEST,CL451632,INFY,BUY,137,2322.32,318157.84
2025-11-25,DELTA_TRADES,CL207827,RELIANCE,BUY,101,320.87,32407.87
2025-11-20,OMEGA_BROKING,CL259520,ICICIBANK,SELL,67,567.97,38053.99
2025-11-23,BETA_INVEST,CL831492,RELIANCE,SELL,280,743.45,208166.0
2025-11-21,ALPHA_SEC,CL463551,KOTAKBANK,BUY,127,2057.71,261329.17
2025-11-25,OMEGA_BROKING,CL961509,SBIN,BUY,275,1305.32,358963.0
2025-11-26,OMEGA_BROKING,CL463043,TATAMOTORS,BUY,254,1207.59,306727.86
2025-11-20,ALPHA_SEC,CL299980,HDFC,BUY,61,2173.51,132584.11
2025-11-20,OMEGA_BROKING,CL802491,ICICIBANK,SELL,172,1042.8,179361.6
2025-11-26,OMEGA_BROKING,CL504042,ICICIBANK,SELL,166,624.51,103668.66
2025-11-24,DELTA_TRADES,CL412704,TATAMOTORS,BUY,108,2030.54,219298.32
2025-11-20,ALPHA_SEC,CL801437,LT,BUY,218,1790.04,390228.72
2025-11-21,ALPHA_SEC,CL787064,ITC,SELL,113,2468.81,278975.53
2025-11-21,OMEGA_BROKING,CL484768,KOTAKBANK,BUY,188,1024.81,192664.28
2025-11-25,DELTA_TRADES,CL829970,ICICIBANK,BUY,283,2305.88,652564.04
2025-11-23,ALPHA_SEC,CL756114,LT,SELL,17,529.27,8997.59
2025-11-26,OMEGA_BROKING,CL743159,RELIANCE,BUY,291,992.15,288715.65
2025-11-23,ALPHA_SEC,CL768029,AXISBANK,SELL,141,2167.55,305624.55
2025-11-25,DELTA_TRADES,CL327850,KOTAKBANK,SELL,70,2430.25,170117.5
2025-11-20,ALPHA_SEC,CL366745,LT,BUY,144,2397.74,345274.56
2025-11-20,BETA_INVEST,CL035248,ICICIBANK,BUY,36,2193.89,78980.04
2025-11-23,OMEGA_BROKING,CL590606,LT,SELL,294,307.38,90369.72
2025-11-21,ALPHA_SEC,CL790506,KOTAKBANK,SELL,167,960.51,160405.17
2025-11-23,OMEGA_BROKING,CL841628,RELIANCE,SELL,173,1167.27,201937.71
2025-11-22,OMEGA_BROKING,CL520006,SBIN,BUY,51,593.43,30264.93
2025-11-26,ALPHA_SEC,CL596563,ITC,SELL,134,1623.35,217528.9
2025-11-22,DELTA_TRADES,CL642230,HDFC,SELL,171,1628.13,278410.23
2025-11-25,BETA_INVEST,CL270123,KOTAKBANK,SELL,277,1285.24,356011.48
2025-11-25,OMEGA_BROKING,CL406592,HDFC,BUY,141,1730.08,243941.28
2025-11-23,BETA_INVEST,CL947542,LT,SELL,262,433.53,113584.86
2025-11-24,BETA_INVEST,CL473771,INFY,BUY,48,311.41,14947.68
2025-11-24,DELTA_TRADES,CL031362,AXISBANK,SELL,30,233.65,7009.5
2025-11-22,OMEGA_BROKING,CL169669,LT,SELL,226,2081.17,470344.42
2025-11-26,DELTA_TRADES,CL599834,ICICIBANK,SELL,31,1698.08,52640.48
2025-11-25,OMEGA_BROKING,CL735300,INFY,BUY,26,2455.0,63830.0
2025-11-23,DELTA_TRADES,CL101293,ICICIBANK,SELL,106,776.24,82281.44
2025-11-20,ALPHA_SEC,CL401745,TATAMOTORS,SELL,191,289.43,55281.13
2025-11-20,BETA_INVEST,CL976485,ICICIBANK,SELL,9,1739.17,15652.53
2025-11-23,BETA_INVEST,CL797704,RELIANCE,BUY,8,2275.54,18204.32
2025-11-23,DELTA_TRADES,CL039291,HDFC,SELL,22,1322.21,29088.62
2025-11-25,OMEGA_BROKING,CL622135,SBIN,BUY,69,1092.64,75392.16
2025-11-21,OMEGA_BROKING,CL398118,AXISBANK,BUY,78,832.91,64966.98
2025-11-25,DELTA_TRADES,CL836827,ITC,SELL,74,1306.9,96710.6
2025-11-24,BETA_INVEST,CL304562,KOTAKBANK,BUY,265,2026.23,536950.95
2025-11-25,OMEGA_BROKING,CL140299,SBIN,SELL,30,551.84,16555.2
2025-11-22,ALPHA_SEC,CL791971,AXISBANK,BUY,247,2426.36,599310.92
2025-11-21,DELTA_TRADES,CL133602,LT,SELL,300,2428.87,728661.0
2025-11-21,ALPHA_SEC,CL312103,ITC,BUY,93,780.05,72544.65
2025-11-20,ALPHA_SEC,CL006486,AXISBANK,BUY,81,2264.53,183426.93
2025-11-24,OMEGA_BROKING,CL778807,AXISBANK,BUY,71,1592.35,113056.85
2025-11-25,ALPHA_SEC,CL149069,SBIN,SELL,110,1723.73,189610.3
2025-11-23,BETA_INVEST,CL358808,AXISBANK,SELL,288,646.02,186053.76
2025-11-23,ALPHA_SEC,CL456614,SBIN,SELL,168,1550.23,260438.64
2025-11-21,OMEGA_BROKING,CL643600,AXISBANK,SELL,84,729.57,61283.88
2025-11-20,ALPHA_SEC,CL210656,AXISBANK,BUY,214,2465.71,527661.94
2025-11-26,ALPHA_SEC,CL795904,AXISBANK,BUY,244,511.17,124725.48
2025-11-25,OMEGA_BROKING,CL182663,INFY,BUY,92,2267.12,208575.04
2025-11-26,DELTA_TRADES,CL021787,SBIN,SELL,39,1866.41,72789.99
2025-11-25,DELTA_TRADES,CL034828,LT,BUY,298,1401.86,417754.28
2025-11-22,OMEGA_BROKING,CL898941,ICICIBANK,BUY,279,1062.74,296504.46
2025-11-24,DELTA_TRADES,CL889905,RELIANCE,SELL,126,1386.75,174730.5
2025-11-26,ALPHA_SEC,CL238095,RELIANCE,BUY,176,1336.84,235283.84
2025-11-20,OMEGA_BROKING,CL408626,AXISBANK,SELL,169,1016.12,171724.28
2025-11-20,OMEGA_BROKING,CL888711,KOTAKBANK,BUY,228,223.61,50983.08
2025-11-24,DELTA_TRADES,CL522666,TATAMOTORS,SELL,25,2485.08,62127.0
2025-11-20,BETA_INVEST,CL409360,KOTAKBANK,SELL,239,1800.93,430422.27
2025-11-21,DELTA_TRADES,CL268597,TATAMOTORS,BUY,299,865.62,258820.38
2025-11-25,DELTA_TRADES,CL844325,HDFC,BUY,45,1379.8,62091.0
2025-11-21,BETA_INVEST,CL112189,TATAMOTORS,BUY,249,1446.15,360091.35
2025-11-25,BETA_INVEST,CL108133,LT,SELL,73,1531.0,111763.0
2025-11-20,DELTA_TRADES,CL612296,RELIANCE,SELL,166,554.67,92075.22
2025-11-23,ALPHA_SEC,CL713051,HDFC,SELL,35,1027.13,35949.55
2025-11-23,BETA_INVEST,CL915940,AXISBANK,SELL,228,2433.5,554838.0
2025-11-21,OMEGA_BROKING,CL328488,KOTAKBANK,BUY,261,829.4,216473.4
2025-11-23,ALPHA_SEC,CL963602,AXISBANK,SELL,41,1264.3,51836.3
2025-11-20,OMEGA_BROKING,CL236433,LT,BUY,99,1115.25,110409.75
2025-11-24,OMEGA_BROKING,CL825872,TATAMOTORS,SELL,14,676.63,9472.82
2025-11-26,OMEGA_BROKING,CL369349,INFY,BUY,103,1238.96,127612.88
2025-11-20,OMEGA_BROKING,CL619302,LT,SELL,198,1762.74,349022.52
2025-11-25,ALPHA_SEC,CL906322,RELIANCE,SELL,274,2010.2,550794.8
2025-11-23,ALPHA_SEC,CL655765,KOTAKBANK,SELL,37,267.05,9880.85
2025-11-21,DELTA_TRADES,CL729144,TATAMOTORS,SELL,27,300.91,8124.57
2025-11-25,OMEGA_BROKING,CL626656,RELIANCE,BUY,145,2178.56,315891.2
2025-11-23,DELTA_TRADES,CL078136,TATAMOTORS,BUY,31,1047.67,32477.77
2025-11-22,DELTA_TRADES,CL911294,TATAMOTORS,BUY,265,156.26,41408.9
2025-11-20,BETA_INVEST,CL019921,RELIANCE,BUY,192,2439.97,468474.24
2025-11-20,OMEGA_BROKING,CL648446,LT,BUY,64,612.16,39178.24
2025-11-22,ALPHA_SEC,CL971017,RELIANCE,BUY,151,1714.22,258847.22
2025-11-25,DELTA_TRADES,CL802909,KOTAKBANK,BUY,72,360.49,25955.28
2025-11-24,OMEGA_BROKING,CL227001,AXISBANK,BUY,37,2411.67,89231.79
2025-11-23,BETA_INVEST,CL823687,TATAMOTORS,BUY,265,658.63,174536.95
2025-11-21,DELTA_TRADES,CL037559,ITC,SELL,196,753.79,147742.84
2025-11-24,BETA_INVEST,CL209786,LT,SELL,9,1899.06,17091.54
2025-11-23,DELTA_TRADES,CL129998,LT,BUY,256,709.27,181573.12
2025-11-22,OMEGA_BROKING,CL472907,INFY,BUY,259,2068.32,535694.88
2025-11-22,DELTA_TRADES,CL549834,ICICIBANK,BUY,188,1494.02,280875.76
2025-11-20,BETA_INVEST,CL622638,AXISBANK,SELL,201,2460.79,494618.79
2025-11-26,BETA_INVEST,CL935549,ITC,BUY,298,1769.06,527179.88
2025-11-22,ALPHA_SEC,CL609263,ITC,SELL,245,2448.1,599784.5
2025-11-25,DELTA_TRADES,CL326894,TATAMOTORS,BUY,106,1448.04,153492.24
2025-11-20,ALPHA_SEC,CL080992,INFY,SELL,258,2359.95,608867.1
2025-11-21,ALPHA_SEC,CL964378,ITC,SELL,66,1940.68,128084.88
2025-11-21,OMEGA_BROKING,CL263698,LT,SELL,154,1747.0,269038.0
2025-11-22,OMEGA_BROKING,CL489249,LT,SELL,202,2056.08,415328.16
2025-11-20,DELTA_TRADES,CL602970,AXISBANK,SELL,131,1223.99,160342.69
2025-11-22,BETA_INVEST,CL500059,KOTAKBANK,SELL,112,992.56,111166.72
2025-11-26,DELTA_TRADES,CL212281,LT,BUY,272,1833.24,498641.28
2025-11-22,OMEGA_BROKING,CL260068,KOTAKBANK,BUY,58,514.29,29828.82
2025-11-22,DELTA_TRADES,CL546215,ITC,BUY,9,1479.91,13319.19
2025-11-26,ALPHA_SEC,CL218233,SBIN,BUY,16,1126.89,18030.24
2025-11-23,DELTA_TRADES,CL872521,INFY,SELL,208,1415.57,294438.56
2025-11-21,DELTA_TRADES,CL736875,TATAMOTORS,SELL,29,344.78,9998.62
2025-11-20,DELTA_TRADES,CL490327,INFY,BUY,56,1413.75,79170.0
2025-11-21,BETA_INVEST,CL811403,INFY,SELL,111,1440.03,159843.33
2025-11-21,ALPHA_SEC,CL900621,RELIANCE,SELL,16,2148.86,34381.76
2025-11-23,ALPHA_SEC,CL655592,SBIN,SELL,258,2174.03,560899.74
2025-11-20,DELTA_TRADES,CL732785,KOTAKBANK,BUY,102,220.38,22478.76
2025-11-25,DELTA_TRADES,CL572296,RELIANCE,SELL,282,214.4,60460.8
2025-11-22,OMEGA_BROKING,CL022063,ICICIBANK,BUY,290,579.44,168037.6
2025-11-25,ALPHA_SEC,CL174529,ITC,BUY,154,1037.99,159850.46
2025-11-22,ALPHA_SEC,CL034309,ICICIBANK,SELL,104,396.87,41274.48
2025-11-20,OMEGA_BROKING,CL300403,AXISBANK,BUY,291,1276.06,371333.46
2025-11-20,OMEGA_BROKING,CL803028,ITC,BUY,51,153.07,7806.57
2025-11-22,OMEGA_BROKING,CL596834,SBIN,BUY,148,1359.76,201244.48
2025-11-26,DELTA_TRADES,CL242251,KOTAKBANK,BUY,226,523.04,118207.04
2025-11-23,DELTA_TRADES,CL367123,TATAMOTORS,BUY,71,949.48,67413.08
2025-11-24,BETA_INVEST,CL735183,TATAMOTORS,SELL,267,1900.79,507510.93
2025-11-20,ALPHA_SEC,CL806297,ICICIBANK,BUY,188,256.81,48280.28
2025-11-22,BETA_INVEST,CL742076,SBIN,SELL,195,2023.91,394662.45
2025-11-26,OMEGA_BROKING,CL003706,KOTAKBANK,BUY,259,263.72,68303.48
2025-11-23,BETA_INVEST,CL352472,ITC,BUY,213,956.04,203636.52
2025-11-23,BETA_INVEST,CL388016,LT,BUY,54,723.73,39081.42
2025-11-23,BETA_INVEST,CL921439,INFY,BUY,200,2279.32,455864.0
2025-11-23,BETA_INVEST,CL984640,HDFC,SELL,42,1282.15,53850.3
2025-11-26,OMEGA_BROKING,CL692796,HDFC,SELL,16,1477.8,23644.8
2025-11-23,BETA_INVEST,CL221379,AXISBANK,SELL,115,451.59,51932.85
2025-11-21,BETA_INVEST,CL205228,RELIANCE,BUY,244,2265.1,552684.4
2025-11-20,DELTA_TRADES,CL671166,HDFC,SELL,139,453.03,62971.17
2025-11-23,DELTA_TRADES,CL700230,KOTAKBANK,BUY,141,2122.4,299258.4
2025-11-21,BETA_INVEST,CL285919,HDFC,SELL,280,186.25,52150.0
2025-11-21,OMEGA_BROKING,CL066602,INFY,BUY,146,2261.77,330218.42
2025-11-21,OMEGA_BROKING,CL618081,SBIN,SELL,284,1121.18,318415.12
2025-11-26,ALPHA_SEC,CL589211,ITC,BUY,193,1248.27,240916.11
2025-11-23,OMEGA_BROKING,CL112721,TATAMOTORS,BUY,246,593.49,145998.54
2025-11-24,OMEGA_BROKING,CL272535,AXISBANK,BUY,245,1561.28,382513.6
2025-11-20,DELTA_TRADES,CL616402,TATAMOTORS,SELL,92,529.59,48722.28
2025-11-20,OMEGA_BROKING,CL473351,SBIN,BUY,80,2054.1,164328.0
2025-11-20,OMEGA_BROKING,CL013939,TATAMOTORS,SELL,72,517.02,37225.44
2025-11-22,DELTA_TRADES,CL618465,AXISBANK,SELL,244,181.7,44334.8
2025-11-21,OMEGA_BROKING,CL280978,HDFC,SELL,297,1953.32,580136.04
2025-11-23,ALPHA_SEC,CL240551,RELIANCE,SELL,217,1046.62,227116.54
2025-11-21,ALPHA_SEC,CL447616,RELIANCE,SELL,111,1317.81,146276.91
2025-11-22,OMEGA_BROKING,CL799244,TATAMOTORS,BUY,144,1284.78,185008.32
2025-11-25,BETA_INVEST,CL040134,LT,SELL,242,1404.21,339818.82
2025-11-20,OMEGA_BROKING,CL663230,LT,SELL,160,2218.53,354964.8
2025-11-22,OMEGA_BROKING,CL474472,ITC,BUY,113,1878.28,212245.64
2025-11-20,DELTA_TRADES,CL833176,ICICIBANK,SELL,34,131.13,4458.42
2025-11-20,OMEGA_BROKING,CL100881,RELIANCE,SELL,134,2424.65,324903.1
2025-11-21,ALPHA_SEC,CL945512,ITC,SELL,65,525.21,34138.65
2025-11-24,BETA_INVEST,CL311453,LT,BUY,212,1588.63,336789.56
2025-11-26,OMEGA_BROKING,CL450587,SBIN,BUY,79,2208.31,174456.49
2025-11-22,ALPHA_SEC,CL534831,ITC,BUY,194,319.1,61905.4
2025-11-22,OMEGA_BROKING,CL394207,RELIANCE,SELL,192,633.29,121591.68
2025-11-21,ALPHA_SEC,CL107112,SBIN,BUY,127,305.86,38844.22
2025-11-26,BETA_INVEST,CL727837,RELIANCE,BUY,163,1545.13,251856.19
2025-11-21,OMEGA_BROKING,CL124215,LT,BUY,240,534.67,128320.8
2025-11-25,ALPHA_SEC,CL637501,LT,BUY,6,220.7,1324.2
2025-11-24,BETA_INVEST,CL337726,INFY,BUY,143,453.95,64914.85
2025-11-22,ALPHA_SEC,CL884461,ICICIBANK,BUY,152,1074.18,163275.36
2025-11-24,OMEGA_BROKING,CL956925,TATAMOTORS,BUY,106,752.07,79719.42
2025-11-25,DELTA_TRADES,CL801820,ITC,SELL,33,1688.54,55721.82
2025-11-21,OMEGA_BROKING,CL938893,SBIN,SELL,166,1514.18,251353.88
2025-11-26,DELTA_TRADES,CL231087,ICICIBANK,BUY,130,424.79,55222.7
2025-11-21,OMEGA_BROKING,CL232992,RELIANCE,BUY,289,1655.41,478413.49
2025-11-25,DELTA_TRADES,CL253638,SBIN,SELL,255,517.39,131934.45
2025-11-21,ALPHA_SEC,CL675849,ICICIBANK,BUY,203,2336.63,474335.89
2025-11-22,BETA_INVEST,CL778047,ITC,SELL,270,1387.54,374635.8
2025-11-23,DELTA_TRADES,CL593762,ICICIBANK,BUY,123,2498.53,307319.19
2025-11-21,DELTA_TRADES,CL494376,RELIANCE,BUY,265,2215.13,587009.45
2025-11-25,ALPHA_SEC,CL125539,HDFC,BUY,127,944.93,120006.11
2025-11-24,BETA_INVEST,CL798396,LT,SELL,261,551.01,143813.61
2025-11-20,ALPHA_SEC,CL362552,SBIN,BUY,150,1823.47,273520.5
2025-11-26,ALPHA_SEC,CL978017,KOTAKBANK,BUY,51,1502.83,76644.33
2025-11-20,ALPHA_SEC,CL836716,TATAMOTORS,SELL,169,1585.99,268032.31
2025-11-22,BETA_INVEST,CL151920,ICICIBANK,BUY,237,2015.88,477763.56
2025-11-26,BETA_INVEST,CL420987,ICICIBANK,SELL,215,2013.57,432917.55
2025-11-20,ALPHA_SEC,CL793241,ITC,BUY,36,799.47,28780.92
2025-11-26,BETA_INVEST,CL995544,HDFC,SELL,296,280.79,83113.84
2025-11-23,ALPHA_SEC,CL265659,RELIANCE,BUY,251,2449.37,614791.87
2025-11-21,BETA_INVEST,CL653734,AXISBANK,BUY,115,1749.08,201144.2
2025-11-26,OMEGA_BROKING,CL758559,HDFC,BUY,70,1150.29,80520.3
2025-11-23,OMEGA_BROKING,CL969404,LT,BUY,87,804.16,69961.92
2025-11-22,ALPHA_SEC,CL311860,AXISBANK,BUY,39,479.22,18689.58
2025-11-20,DELTA_TRADES,CL629499,ITC,BUY,292,396.18,115684.56
2025-11-22,ALPHA_SEC,CL022811,SBIN,BUY,40,1626.54,65061.6
2025-11-21,DELTA_TRADES,CL328329,SBIN,BUY,116,457.43,53061.88
2025-11-23,OMEGA_BROKING,CL588723,ITC,BUY,234,1622.3,379618.2
2025-11-23,DELTA_TRADES,CL408050,TATAMOTORS,BUY,18,376.1,6769.8
2025-11-24,DELTA_TRADES,CL211565,HDFC,SELL,289,395.6,114328.4
2025-11-20,ALPHA_SEC,CL771657,AXISBANK,SELL,101,517.02,52219.02
2025-11-22,OMEGA_BROKING,CL480009,RELIANCE,SELL,142,1889.5,268309.0
2025-11-24,ALPHA_SEC,CL030623,HDFC,BUY,48,1916.56,91994.88
2025-11-23,ALPHA_SEC,CL497594,ICICIBANK,BUY,266,550.47,146425.02
2025-11-26,BETA_INVEST,CL650929,ITC,SELL,220,903.4,198748.0
2025-11-20,ALPHA_SEC,CL956881,ICICIBANK,BUY,104,191.8,19947.2
2025-11-24,OMEGA_BROKING,CL642942,ITC,BUY,58,2450.34,142119.72
2025-11-21,OMEGA_BROKING,CL072127,INFY,BUY,265,1181.72,313155.8
2025-11-24,ALPHA_SEC,CL434879,LT,SELL,294,589.18,173218.92
2025-11-26,OMEGA_BROKING,CL927527,TATAMOTORS,SELL,25,2030.57,50764.25
2025-11-24,ALPHA_SEC,CL913526,LT,BUY,71,352.38,25018.98
2025-11-22,DELTA_TRADES,CL748130,ITC,BUY,169,1726.18,291724.42
2025-11-21,DELTA_TRADES,CL500394,SBIN,SELL,150,763.85,114577.5
2025-11-23,OMEGA_BROKING,CL808038,RELIANCE,BUY,148,1196.38,177064.24
2025-11-26,OMEGA_BROKING,CL921230,KOTAKBANK,SELL,74,963.06,71266.44
2025-11-22,DELTA_TRADES,CL303898,LT,SELL,204,293.4,59853.6
2025-11-23,DELTA_TRADES,CL823051,LT,SELL,239,1351.03,322896.17
2025-11-26,BETA_INVEST,CL895571,SBIN,BUY,170,1098.75,186787.5
2025-11-20,BETA_INVEST,CL735551,TATAMOTORS,SELL,119,1684.47,200451.93
2025-11-23,ALPHA_SEC,CL887945,INFY,BUY,32,2472.16,79109.12
2025-11-26,ALPHA_SEC,CL869009,ICICIBANK,BUY,236,1595.79,376606.44
2025-11-26,ALPHA_SEC,CL720521,ICICIBANK,BUY,3,720.76,2162.28
2025-11-26,BETA_INVEST,CL279115,RELIANCE,BUY,62,828.92,51393.04
2025-11-23,BETA_INVEST,CL693701,ITC,SELL,264,569.1,150242.4
2025-11-26,DELTA_TRADES,CL606919,AXISBANK,BUY,31,2360.98,73190.38
2025-11-20,DELTA_TRADES,CL200390,TATAMOTORS,SELL,155,1415.06,219334.3
2025-11-24,DELTA_TRADES,CL020057,HDFC,SELL,250,1405.13,351282.5
2025-11-20,DELTA_TRADES,CL699254,AXISBANK,BUY,243,1358.72,330168.96
2025-11-26,ALPHA_SEC,CL940701,ICICIBANK,SELL,39,1416.63,55248.57
2025-11-20,DELTA_TRADES,CL121491,ICICIBANK,BUY,32,926.71,29654.72
2025-11-25,ALPHA_SEC,CL772462,KOTAKBANK,BUY,41,426.97,17505.77
2025-11-23,OMEGA_BROKING,CL262213,SBIN,SELL,167,2182.94,364550.98
2025-11-24,ALPHA_SEC,CL881972,KOTAKBANK,BUY,247,680.62,168113.14
2025-11-22,DELTA_TRADES,CL934707,TATAMOTORS,SELL,203,2158.2,438114.6
2025-11-26,OMEGA_BROKING,CL201326,TATAMOTORS,SELL,164,1686.38,276566.32
2025-11-22,BETA_INVEST,CL829779,INFY,SELL,229,2098.04,480451.16
2025-11-20,DELTA_TRADES,CL923281,AXISBANK,BUY,249,595.38,148249.62
2025-11-22,DELTA_TRADES,CL498846,KOTAKBANK,BUY,107,441.52,47242.64
2025-11-25,BETA_INVEST,CL259425,AXISBANK,SELL,261,826.74,215779.14
2025-11-25,OMEGA_BROKING,CL403670,ITC,BUY,161,1024.76,164986.36
2025-11-20,OMEGA_BROKING,CL406364,HDFC,BUY,282,1750.93,493762.26
2025-11-22,OMEGA_BROKING,CL716348,HDFC,SELL,172,1138.82,195877.04
2025-11-24,OMEGA_BROKING,CL815960,SBIN,SELL,221,1529.3,337975.3
2025-11-21,BETA_INVEST,CL969289,RELIANCE,BUY,137,1916.62,262576.94
2025-11-23,BETA_INVEST,CL516318,ICICIBANK,SELL,126,526.83,66380.58
2025-11-26,OMEGA_BROKING,CL877876,HDFC,SELL,10,191.12,1911.2
2025-11-24,OMEGA_BROKING,CL669725,ITC,SELL,131,690.43,90446.33
2025-11-26,ALPHA_SEC,CL335215,TATAMOTORS,SELL,111,1570.59,174335.49
2025-11-20,DELTA_TRADES,CL960441,INFY,BUY,87,344.63,29982.81
2025-11-23,OMEGA_BROKING,CL148693,RELIANCE,BUY,119,1845.07,219563.33
2025-11-23,DELTA_TRADES,CL050008,LT,BUY,246,321.42,79069.32
2025-11-23,BETA_INVEST,CL844258,TATAMOTORS,SELL,17,417.25,7093.25
2025-11-20,BETA_INVEST,CL573933,ICICIBANK,SELL,204,438.13,89378.52
2025-11-23,OMEGA_BROKING,CL616366,INFY,SELL,13,1763.73,22928.49
2025-11-21,DELTA_TRADES,CL467758,AXISBANK,SELL,62,1559.67,96699.54
2025-11-23,ALPHA_SEC,CL047836,ITC,SELL,235,2273.82,534347.7
2025-11-22,DELTA_TRADES,CL823453,ITC,SELL,272,1869.09,508392.48
2025-11-25,DELTA_TRADES,CL061278,LT,SELL,68,1387.56,94354.08
2025-11-20,ALPHA_SEC,CL484285,INFY,BUY,259,2099.71,543824.89
2025-11-23,ALPHA_SEC,CL510752,SBIN,SELL,174,2371.19,412587.06
2025-11-22,DELTA_TRADES,CL206050,ITC,SELL,83,1486.57,123385.31
2025-11-22,ALPHA_SEC,CL398870,HDFC,SELL,140,1463.15,204841.0
2025-11-23,ALPHA_SEC,CL794126,ICICIBANK,BUY,291,327.61,95334.51
2025-11-24,BETA_INVEST,CL142151,LT,BUY,177,1355.14,239859.78
2025-11-23,OMEGA_BROKING,CL862935,SBIN,BUY,278,1328.16,369228.48
2025-11-26,OMEGA_BROKING,CL059890,RELIANCE,BUY,127,420.95,53460.65
2025-11-23,ALPHA_SEC,CL147008,INFY,SELL,204,122.48,24985.92
2025-11-20,DELTA_TRADES,CL211711,AXISBANK,BUY,43,1257.45,54070.35
2025-11-20,OMEGA_BROKING,CL721789,INFY,BUY,162,964.78,156294.36
2025-11-20,DELTA_TRADES,CL110191,RELIANCE,SELL,6,1190.81,7144.86
2025-11-25,ALPHA_SEC,CL850776,AXISBANK,BUY,199,237.6,47282.4
2025-11-23,BETA_INVEST,CL982746,LT,BUY,60,2007.44,120446.4
2025-11-21,DELTA_TRADES,CL997046,SBIN,BUY,15,1110.62,16659.3
2025-11-23,ALPHA_SEC,CL669730,SBIN,SELL,30,2345.93,70377.9
2025-11-23,BETA_INVEST,CL313035,RELIANCE,SELL,13,246.76,3207.88
2025-11-23,ALPHA_SEC,CL550519,SBIN,BUY,62,1901.91,117918.42
2025-11-25,BETA_INVEST,CL025793,ICICIBANK,BUY,181,1133.18,205105.58
2025-11-22,DELTA_TRADES,CL916900,ICICIBANK,SELL,184,2352.97,432946.48
2025-11-20,BETA_INVEST,CL257498,ITC,SELL,269,2409.32,648107.08
2025-11-21,OMEGA_BROKING,CL759624,TATAMOTORS,BUY,193,2301.82,444251.26
2025-11-24,BETA_INVEST,CL295088,SBIN,SELL,196,769.61,150843.56
2025-11-21,OMEGA_BROKING,CL834864,HDFC,BUY,130,1625.03,211253.9
2025-11-24,OMEGA_BROKING,CL532556,ITC,BUY,289,1443.76,417246.64
2025-11-22,OMEGA_BROKING,CL055621,HDFC,SELL,265,402.74,106726.1
2025-11-22,BETA_INVEST,CL017346,HDFC,SELL,9,697.74,6279.66
2025-11-22,ALPHA_SEC,CL114200,AXISBANK,SELL,133,2331.47,310085.51
2025-11-26,ALPHA_SEC,CL270721,RELIANCE,BUY,126,485.74,61203.24
2025-11-23,BETA_INVEST,CL018924,ICICIBANK,SELL,147,123.0,18081.0
2025-11-23,ALPHA_SEC,CL272559,ICICIBANK,SELL,168,1122.56,188590.08
2025-11-26,BETA_INVEST,CL192904,KOTAKBANK,SELL,46,1166.77,53671.42
2025-11-26,DELTA_TRADES,CL259787,LT,SELL,170,1687.44,286864.8
2025-11-25,ALPHA_SEC,CL718841,KOTAKBANK,BUY,39,1179.95,46018.05
2025-11-24,BETA_INVEST,CL863319,KOTAKBANK,SELL,264,2461.55,649849.2
2025-11-26,DELTA_TRADES,CL818909,TATAMOTORS,SELL,72,236.11,16999.92
2025-11-25,BETA_INVEST,CL876666,SBIN,BUY,180,2498.09,449656.2
2025-11-24,OMEGA_BROKING,CL914442,ICICIBANK,SELL,160,2064.16,330265.6
2025-11-21,OMEGA_BROKING,CL093896,ICICIBANK,SELL,13,775.45,10080.85
2025-11-23,BETA_INVEST,CL978807,ITC,SELL,55,329.66,18131.3
2025-11-23,OMEGA_BROKING,CL243628,ICICIBANK,BUY,225,1078.95,242763.75
2025-11-21,OMEGA_BROKING,CL735228,RELIANCE,BUY,107,401.19,42927.33
2025-11-20,BETA_INVEST,CL671983,ICICIBANK,BUY,160,1250.88,200140.8
2025-11-24,DELTA_TRADES,CL264498,HDFC,BUY,11,1504.53,16549.83
2025-11-25,OMEGA_BROKING,CL622087,KOTAKBANK,SELL,280,1814.09,507945.2
2025-11-26,BETA_INVEST,CL148722,LT,BUY,79,1977.5,156222.5
2025-11-25,OMEGA_BROKING,CL240950,RELIANCE,SELL,277,893.01,247363.77
2025-11-21,ALPHA_SEC,CL936846,KOTAKBANK,SELL,175,2102.56,367948.0
2025-11-26,OMEGA_BROKING,CL365452,INFY,SELL,247,392.09,96846.23
2025-11-26,ALPHA_SEC,CL176249,RELIANCE,SELL,44,1777.75,78221.0
2025-11-25,DELTA_TRADES,CL472901,INFY,SELL,121,571.69,69174.49
2025-11-22,DELTA_TRADES,CL656161,KOTAKBANK,SELL,40,965.1,38604.0
2025-11-21,OMEGA_BROKING,CL426641,ITC,BUY,282,141.18,39812.76
2025-11-26,ALPHA_SEC,CL156302,INFY,BUY,120,1467.66,176119.2
2025-11-24,DELTA_TRADES,CL284764,LT,BUY,82,2405.21,197227.22
2025-11-21,OMEGA_BROKING,CL686137,LT,SELL,193,340.57,65730.01
2025-11-24,ALPHA_SEC,CL590237,ICICIBANK,BUY,113,758.7,85733.1
2025-11-20,DELTA_TRADES,CL434400,AXISBANK,BUY,103,1913.14,197053.42
2025-11-24,ALPHA_SEC,CL695322,AXISBANK,BUY,177,1834.48,324702.96
2025-11-22,DELTA_TRADES,CL890011,RELIANCE,BUY,279,1608.99,448908.21
2025-11-26,BETA_INVEST,CL615702,RELIANCE,SELL,292,2221.13,648569.96
2025-11-21,BETA_INVEST,CL082858,RELIANCE,BUY,165,491.73,81135.45
2025-11-21,OMEGA_BROKING,CL137696,SBIN,BUY,174,657.05,114326.7
2025-11-24,OMEGA_BROKING,CL916668,ICICIBANK,SELL,199,273.03,54332.97
2025-11-25,ALPHA_SEC,CL239002,RELIANCE,SELL,36,1058.43,38103.48
2025-11-23,ALPHA_SEC,CL456591,TATAMOTORS,BUY,277,1267.51,351100.27
2025-11-26,OMEGA_BROKING,CL096948,TATAMOTORS,BUY,229,1159.66,265562.14
2025-11-21,DELTA_TRADES,CL600870,KOTAKBANK,BUY,48,924.86,44393.28
2025-11-24,OMEGA_BROKING,CL188321,RELIANCE,BUY,134,875.52,117319.68
2025-11-22,BETA_INVEST,CL300745,RELIANCE,SELL,36,1744.46,62800.56
2025-11-20,BETA_INVEST,CL668965,LT,BUY,35,1971.91,69016.85
2025-11-26,DELTA_TRADES,CL195097,AXISBANK,SELL,68,2001.3,136088.4
2025-11-23,OMEGA_BROKING,CL817168,INFY,BUY,232,2259.87,524289.84
2025-11-21,ALPHA_SEC,CL661877,LT,BUY,291,2370.5,689815.5
2025-11-25,DELTA_TRADES,CL754032,AXISBANK,BUY,216,1732.06,374124.96
2025-11-26,DELTA_TRADES,CL521879,ICICIBANK,SELL,136,1616.53,219848.08
2025-11-20,BETA_INVEST,CL963303,KOTAKBANK,BUY,12,814.11,9769.32
2025-11-25,BETA_INVEST,CL287881,RELIANCE,SELL,162,454.6,73645.2
2025-11-25,ALPHA_SEC,CL188016,KOTAKBANK,BUY,256,1128.84,288983.04
2025-11-26,ALPHA_SEC,CL124915,AXISBANK,BUY,249,855.8,213094.2
2025-11-23,OMEGA_BROKING,CL038578,AXISBANK,SELL,10,564.16,5641.6
2025-11-26,OMEGA_BROKING,CL080082,LT,SELL,69,1202.74,82989.06
2025-11-26,OMEGA_BROKING,CL689655,LT,BUY,66,2175.89,143608.74
2025-11-20,DELTA_TRADES,CL737851,KOTAKBANK,BUY,278,1420.86,394999.08
2025-11-26,BETA_INVEST,CL348895,AXISBANK,SELL,197,1389.93,273816.21
2025-11-20,ALPHA_SEC,CL084420,INFY,SELL,117,1101.57,128883.69
2025-11-25,BETA_INVEST,CL637951,AXISBANK,BUY,84,1278.91,107428.44
2025-11-25,ALPHA_SEC,CL063085,LT,SELL,152,1353.18,205683.36
2025-11-22,OMEGA_BROKING,CL390956,SBIN,BUY,95,1704.1,161889.5
2025-11-20,ALPHA_SEC,CL190087,HDFC,SELL,134,2190.85,293573.9
2025-11-21,BETA_INVEST,CL314736,LT,SELL,67,1129.42,75671.14
2025-11-23,ALPHA_SEC,CL029796,ITC,SELL,246,2069.0,508974.0
2025-11-26,BETA_INVEST,CL586423,ITC,SELL,298,1765.21,526032.58
2025-11-23,DELTA_TRADES,CL307451,TATAMOTORS,SELL,127,332.3,42202.1
2025-11-23,DELTA_TRADES,CL159917,SBIN,BUY,282,2238.75,631327.5
2025-11-22,OMEGA_BROKING,CL516035,ICICIBANK,SELL,156,1666.94,260042.64
2025-11-20,ALPHA_SEC,CL947703,INFY,SELL,200,1170.03,234006.0
2025-11-23,DELTA_TRADES,CL174118,LT,BUY,64,1386.26,88720.64
2025-11-22,OMEGA_BROKING,CL283005,RELIANCE,SELL,269,2084.34,560687.46
2025-11-23,ALPHA_SEC,CL838707,LT,BUY,212,1428.18,302774.16
2025-11-22,ALPHA_SEC,CL336996,TATAMOTORS,BUY,9,2367.72,21309.48
2025-11-24,OMEGA_BROKING,CL344109,HDFC,BUY,18,183.8,3308.4
2025-11-22,BETA_INVEST,CL170295,SBIN,BUY,219,2427.34,531587.46
2025-11-22,OMEGA_BROKING,CL362659,ITC,SELL,132,1307.77,172625.64
2025-11-24,DELTA_TRADES,CL609423,RELIANCE,SELL,158,2208.42,348930.36
2025-11-25,OMEGA_BROKING,CL598376,INFY,SELL,166,435.78,72339.48
2025-11-26,BETA_INVEST,CL954213,SBIN,BUY,240,2165.49,519717.6
2025-11-24,BETA_INVEST,CL849030,ITC,SELL,275,2001.32,550363.0
2025-11-24,OMEGA_BROKING,CL538590,ICICIBANK,BUY,132,2337.38,308534.16
2025-11-20,BETA_INVEST,CL119350,RELIANCE,SELL,78,926.22,72245.16
2025-11-22,DELTA_TRADES,CL852285,ICICIBANK,BUY,122,1676.43,204524.46
2025-11-25,OMEGA_BROKING,CL659482,INFY,SELL,265,1078.92,285913.8
2025-11-22,ALPHA_SEC,CL994473,HDFC,BUY,172,1460.49,251204.28
2025-11-24,OMEGA_BROKING,CL653866,SBIN,BUY,72,473.99,34127.28
2025-11-26,OMEGA_BROKING,CL102152,ITC,BUY,201,1820.05,365830.05
2025-11-23,ALPHA_SEC,CL505382,INFY,BUY,79,595.06,47009.74
2025-11-22,BETA_INVEST,CL207505,TATAMOTORS,BUY,165,1579.68,260647.2
2025-11-20,DELTA_TRADES,CL173669,HDFC,BUY,267,1222.83,326495.61
2025-11-25,DELTA_TRADES,CL084839,SBIN,BUY,65,2007.06,130458.9
2025-11-21,ALPHA_SEC,CL173598,INFY,BUY,137,712.74,97645.38
2025-11-25,DELTA_TRADES,CL362625,AXISBANK,SELL,11,2454.84,27003.24
2025-11-24,ALPHA_SEC,CL645314,TATAMOTORS,BUY,122,1927.27,235126.94
2025-11-23,DELTA_TRADES,CL154975,TATAMOTORS,SELL,267,1218.41,325315.47
2025-11-24,OMEGA_BROKING,CL095607,HDFC,SELL,235,816.32,191835.2
2025-11-23,OMEGA_BROKING,CL609676,KOTAKBANK,BUY,32,1941.71,62134.72
2025-11-21,OMEGA_BROKING,CL841882,ICICIBANK,BUY,124,1901.44,235778.56
2025-11-24,ALPHA_SEC,CL324382,INFY,BUY,82,280.03,22962.46
2025-11-22,OMEGA_BROKING,CL550400,KOTAKBANK,SELL,139,930.54,129345.06
2025-11-21,OMEGA_BROKING,CL989363,ICICIBANK,BUY,245,988.79,242253.55
2025-11-23,BETA_INVEST,CL292566,KOTAKBANK,BUY,124,436.02,54066.48
2025-11-23,DELTA_TRADES,CL597206,SBIN,BUY,26,1170.73,30438.98
2025-11-24,DELTA_TRADES,CL199182,TATAMOTORS,BUY,224,1202.04,269256.96
2025-11-20,OMEGA_BROKING,CL466215,TATAMOTORS,BUY,66,2197.05,145005.3
2025-11-20,BETA_INVEST,CL443990,LT,BUY,61,163.91,9998.51
2025-11-25,BETA_INVEST,CL787904,SBIN,SELL,256,1729.43,442734.08
2025-11-26,BETA_INVEST,CL193310,LT,SELL,283,2385.15,674997.45
2025-11-25,DELTA_TRADES,CL677698,ITC,SELL,297,1660.33,493118.01
2025-11-20,DELTA_TRADES,CL083392,KOTAKBANK,BUY,58,1729.8,100328.4
2025-11-24,ALPHA_SEC,CL962393,RELIANCE,SELL,145,2252.0,326540.0
2025-11-21,DELTA_TRADES,CL560055,ITC,SELL,273,2114.09,577146.57
2025-11-25,OMEGA_BROKING,CL180412,ICICIBANK,BUY,217,2055.65,446076.05
2025-11-23,ALPHA_SEC,CL111562,KOTAKBANK,SELL,168,1028.65,172813.2
2025-11-24,BETA_INVEST,CL896531,KOTAKBANK,SELL,297,1473.91,437751.27
2025-11-25,OMEGA_BROKING,CL384896,SBIN,SELL,13,1643.02,21359.26
2025-11-26,BETA_INVEST,CL094995,ITC,BUY,292,1327.16,387530.72
2025-11-22,ALPHA_SEC,CL678964,TATAMOTORS,SELL,76,1158.42,88039.92
2025-11-22,OMEGA_BROKING,CL871462,INFY,SELL,162,805.28,130455.36
2025-11-25,BETA_INVEST,CL562169,TATAMOTORS,BUY,19,1597.85,30359.15
2025-11-20,BETA_INVEST,CL979317,RELIANCE,SELL,53,1447.12,76697.36
2025-11-26,ALPHA_SEC,CL818094,KOTAKBANK,BUY,144,2360.15,339861.6
2025-11-26,BETA_INVEST,CL872971,KOTAKBANK,SELL,166,717.38,119085.08
2025-11-22,OMEGA_BROKING,CL501162,ICICIBANK,SELL,236,824.09,194485.24
2025-11-20,ALPHA_SEC,CL054800,HDFC,BUY,262,1110.09,290843.58
2025-11-23,BETA_INVEST,CL617499,ICICIBANK,SELL,140,1275.08,178511.2
2025-11-20,DELTA_TRADES,CL429580,SBIN,BUY,164,492.69,80801.16
2025-11-24,DELTA_TRADES,CL697574,KOTAKBANK,SELL,169,529.69,89517.61
2025-11-21,ALPHA_SEC,CL507908,ITC,BUY,49,1626.11,79679.39
2025-11-25,ALPHA_SEC,CL162222,INFY,BUY,82,1386.29,113675.78
2025-11-21,OMEGA_BROKING,CL284080,ITC,SELL,223,459.61,102493.03
2025-11-25,ALPHA_SEC,CL644199,RELIANCE,BUY,80,1744.94,139595.2
2025-11-20,BETA_INVEST,CL047099,KOTAKBANK,BUY,211,1202.95,253822.45
2025-11-23,ALPHA_SEC,CL476669,ITC,SELL,182,1236.59,225059.38
2025-11-21,OMEGA_BROKING,CL377277,LT,BUY,22,1095.72,24105.84
2025-11-20,BETA_INVEST,CL240348,ICICIBANK,SELL,147,1988.22,292268.34
2025-11-21,BETA_INVEST,CL259877,RELIANCE,BUY,197,1794.42,353500.74
2025-11-26,BETA_INVEST,CL350980,HDFC,BUY,189,1922.28,363310.92
2025-11-21,DELTA_TRADES,CL166618,ITC,SELL,139,297.59,41365.01
2025-11-22,ALPHA_SEC,CL953049,TATAMOTORS,SELL,47,1067.6,50177.2
2025-11-20,OMEGA_BROKING,CL091448,ICICIBANK,BUY,299,1894.86,566563.14
2025-11-24,ALPHA_SEC,CL164171,TATAMOTORS,BUY,109,1929.07,210268.63
2025-11-23,ALPHA_SEC,CL142682,HDFC,SELL,278,625.93,174008.54
2025-11-25,DELTA_TRADES,CL848713,SBIN,BUY,147,2240.04,329285.88
2025-11-24,DELTA_TRADES,CL157134,ITC,BUY,7,2269.87,15889.09
2025-11-26,OMEGA_BROKING,CL539486,INFY,BUY,295,1267.89,374027.55
2025-11-26,DELTA_TRADES,CL716693,TATAMOTORS,SELL,143,776.24,111002.32
2025-11-24,ALPHA_SEC,CL386842,SBIN,BUY,112,2129.43,238496.16
2025-11-20,BETA_INVEST,CL921485,SBIN,SELL,5,2192.0,10960.0
2025-11-20,DELTA_TRADES,CL286597,RELIANCE,BUY,187,938.68,175533.16
2025-11-20,ALPHA_SEC,CL048704,ICICIBANK,SELL,21,2486.65,52219.65
2025-11-24,DELTA_TRADES,CL718953,LT,SELL,209,2297.01,480075.09
2025-11-25,ALPHA_SEC,CL657210,LT,BUY,95,1768.06,167965.7
2025-11-23,ALPHA_SEC,CL791958,SBIN,BUY,232,1081.78,250972.96
2025-11-24,ALPHA_SEC,CL262025,AXISBANK,BUY,75,2150.06,161254.5
2025-11-21,OMEGA_BROKING,CL886821,AXISBANK,SELL,280,1773.06,496456.8
2025-11-23,BETA_INVEST,CL298033,HDFC,BUY,29,531.5,15413.5
2025-11-26,ALPHA_SEC,CL825512,AXISBANK,SELL,105,1598.68,167861.4
2025-11-20,OMEGA_BROKING,CL848498,RELIANCE,BUY,133,1992.44,264994.52
2025-11-25,OMEGA_BROKING,CL459970,HDFC,SELL,204,2289.29,467015.16
2025-11-24,DELTA_TRADES,CL238468,KOTAKBANK,BUY,234,1140.05,266771.7
2025-11-21,ALPHA_SEC,CL976695,ICICIBANK,BUY,242,271.98,65819.16
2025-11-24,DELTA_TRADES,CL268008,AXISBANK,SELL,87,1024.4,89122.8
2025-11-20,OMEGA_BROKING,CL902540,KOTAKBANK,BUY,290,683.81,198304.9
2025-11-26,BETA_INVEST,CL760764,LT,SELL,229,2084.62,477377.98
2025-11-20,OMEGA_BROKING,CL101109,RELIANCE,SELL,111,382.41,42447.51
2025-11-21,DELTA_TRADES,CL552704,INFY,SELL,138,2405.28,331928.64
2025-11-24,DELTA_TRADES,CL246022,SBIN,BUY,49,1931.89,94662.61
2025-11-22,OMEGA_BROKING,CL097375,ICICIBANK,BUY,101,1895.44,191439.44
2025-11-23,ALPHA_SEC,CL401000,RELIANCE,SELL,160,1480.02,236803.2
2025-11-26,BETA_INVEST,CL159130,ICICIBANK,SELL,98,1421.21,139278.58
2025-11-20,OMEGA_BROKING,CL284350,LT,SELL,245,825.13,202156.85
2025-11-26,ALPHA_SEC,CL431738,SBIN,BUY,147,456.05,67039.35
2025-11-25,DELTA_TRADES,CL011540,AXISBANK,BUY,147,435.18,63971.46
2025-11-25,OMEGA_BROKING,CL962816,AXISBANK,BUY,69,1168.88,80652.72
2025-11-24,OMEGA_BROKING,CL046150,TATAMOTORS,BUY,219,737.36,161481.84
2025-11-23,OMEGA_BROKING,CL549605,KOTAKBANK,SELL,60,1941.53,116491.8
2025-11-24,DELTA_TRADES,CL808472,KOTAKBANK,BUY,119,925.29,110109.51
2025-11-21,ALPHA_SEC,CL134758,RELIANCE,BUY,222,2021.41,448753.02
2025-11-23,DELTA_TRADES,CL544372,LT,SELL,250,806.85,201712.5
2025-11-21,ALPHA_SEC,CL822976,ICICIBANK,SELL,290,675.92,196016.8
2025-11-22,OMEGA_BROKING,CL630848,ICICIBANK,BUY,202,2436.86,492245.72
2025-11-20,BETA_INVEST,CL283935,ITC,BUY,212,1980.74,419916.88
2025-11-22,DELTA_TRADES,CL363429,HDFC,BUY,206,652.67,134450.02
2025-11-24,ALPHA_SEC,CL539068,TATAMOTORS,SELL,191,1072.47,204841.77
2025-11-20,ALPHA_SEC,CL026892,ICICIBANK,BUY,144,1236.87,178109.28
2025-11-20,OMEGA_BROKING,CL969279,HDFC,BUY,94,324.17,30471.98
2025-11-25,DELTA_TRADES,CL225457,TATAMOTORS,SELL,85,1350.04,114753.4
2025-11-22,OMEGA_BROKING,CL667486,RELIANCE,BUY,179,673.48,120552.92
2025-11-22,DELTA_TRADES,CL889016,TATAMOTORS,BUY,125,527.72,65965.0
2025-11-21,ALPHA_SEC,CL033757,SBIN,BUY,244,391.9,95623.6
2025-11-25,BETA_INVEST,CL915654,SBIN,SELL,235,1790.13,420680.55
2025-11-22,ALPHA_SEC,CL929196,LT,BUY,76,125.29,9522.04
2025-11-26,BETA_INVEST,CL327120,HDFC,SELL,270,2434.89,657420.3
2025-11-21,OMEGA_BROKING,CL828221,AXISBANK,BUY,12,430.3,5163.6
2025-11-20,OMEGA_BROKING,CL608595,INFY,BUY,54,2355.92,127219.68
2025-11-21,DELTA_TRADES,CL635235,LT,SELL,108,538.43,58150.44
2025-11-23,ALPHA_SEC,CL569258,SBIN,BUY,179,1555.67,278464.93
2025-11-22,OMEGA_BROKING,CL729221,SBIN,SELL,159,1725.11,274292.49
2025-11-23,OMEGA_BROKING,CL723943,AXISBANK,BUY,74,1672.37,123755.38
2025-11-22,DELTA_TRADES,CL941467,AXISBANK,BUY,294,1574.36,462861.84
2025-11-22,DELTA_TRADES,CL711231,TATAMOTORS,BUY,278,877.17,243853.26
2025-11-22,ALPHA_SEC,CL780412,AXISBANK,SELL,232,177.2,41110.4
2025-11-24,BETA_INVEST,CL633961,ITC,SELL,163,1329.42,216695.46
2025-11-20,DELTA_TRADES,CL651604,AXISBANK,SELL,106,2434.55,258062.3
2025-11-22,BETA_INVEST,CL734031,INFY,SELL,176,630.62,110989.12
2025-11-20,DELTA_TRADES,CL244035,TATAMOTORS,SELL,140,1762.8,246792.0
2025-11-23,ALPHA_SEC,CL555329,TATAMOTORS,BUY,77,2400.12,184809.24
2025-11-23,BETA_INVEST,CL068446,INFY,SELL,77,253.78,19541.06
2025-11-26,BETA_INVEST,CL018578,HDFC,BUY,239,1389.11,331997.29
2025-11-26,DELTA_TRADES,CL541042,RELIANCE,SELL,14,200.15,2802.1
2025-11-22,DELTA_TRADES,CL381941,SBIN,BUY,45,1173.4,52803.0
2025-11-20,BETA_INVEST,CL727015,INFY,BUY,132,2180.07,287769.24
2025-11-20,BETA_INVEST,CL033128,AXISBANK,SELL,94,1706.13,160376.22
2025-11-21,BETA_INVEST,CL912461,KOTAKBANK,SELL,89,2089.16,185935.24
2025-11-20,ALPHA_SEC,CL418505,RELIANCE,BUY,161,335.87,54075.07
2025-11-25,ALPHA_SEC,CL071562,KOTAKBANK,BUY,129,1954.5,252130.5
2025-11-23,OMEGA_BROKING,CL673549,KOTAKBANK,SELL,103,827.83,85266.49
2025-11-20,ALPHA_SEC,CL272540,AXISBANK,BUY,294,2473.85,727311.9
2025-11-22,OMEGA_BROKING,CL879631,KOTAKBANK,BUY,204,345.33,70447.32
2025-11-20,OMEGA_BROKING,CL354430,ICICIBANK,SELL,54,278.21,15023.34
2025-11-21,DELTA_TRADES,CL761867,LT,SELL,32,1307.06,41825.92
2025-11-24,BETA_INVEST,CL754758,HDFC,SELL,133,219.4,29180.2
2025-11-22,ALPHA_SEC,CL370200,SBIN,BUY,136,947.63,128877.68
2025-11-21,OMEGA_BROKING,CL983116,TATAMOTORS,SELL,135,2045.96,276204.6
2025-11-21,BETA_INVEST,CL339028,SBIN,SELL,46,264.93,12186.78
2025-11-26,OMEGA_BROKING,CL025750,AXISBANK,BUY,1,343.26,343.26
2025-11-24,DELTA_TRADES,CL088810,KOTAKBANK,BUY,22,2056.68,45246.96
2025-11-25,ALPHA_SEC,CL553866,TATAMOTORS,SELL,86,892.47,76752.42
2025-11-21,DELTA_TRADES,CL859097,SBIN,BUY,204,1094.7,223318.8
2025-11-22,DELTA_TRADES,CL495974,INFY,BUY,163,2202.07,358937.41
2025-11-22,DELTA_TRADES,CL333063,RELIANCE,BUY,90,1449.96,130496.4
2025-11-22,DELTA_TRADES,CL019398,LT,BUY,32,1027.29,32873.28
2025-11-25,BETA_INVEST,CL265971,RELIANCE,BUY,168,1583.07,265955.76
2025-11-21,BETA_INVEST,CL992626,LT,SELL,293,1840.77,539345.61
2025-11-21,ALPHA_SEC,CL802481,LT,SELL,65,2011.39,130740.35
2025-11-24,OMEGA_BROKING,CL138350,SBIN,SELL,287,1264.8,362997.6
2025-11-22,DELTA_TRADES,CL027962,INFY,SELL,142,2246.93,319064.06
2025-11-24,ALPHA_SEC,CL685955,ITC,SELL,158,701.95,110908.1
2025-11-20,BETA_INVEST,CL123055,KOTAKBANK,SELL,167,1430.23,238848.41
2025-11-21,ALPHA_SEC,CL917633,TATAMOTORS,SELL,300,1902.21,570663.0
2025-11-20,DELTA_TRADES,CL795537,SBIN,SELL,145,498.32,72256.4
2025-11-25,BETA_INVEST,CL164382,KOTAKBANK,SELL,276,614.31,169549.56
2025-11-26,ALPHA_SEC,CL534770,AXISBANK,BUY,280,1770.27,495675.6
2025-11-25,ALPHA_SEC,CL016694,SBIN,SELL,264,1389.17,366740.88
2025-11-24,ALPHA_SEC,CL371974,ITC,SELL,57,1374.42,78341.94
2025-11-24,BETA_INVEST,CL391879,AXISBANK,BUY,146,2039.61,297783.06
2025-11-23,BETA_INVEST,CL852181,RELIANCE,BUY,99,2440.28,241587.72
2025-11-24,ALPHA_SEC,CL992889,INFY,BUY,271,325.45,88196.95
2025-11-20,DELTA_TRADES,CL265178,ICICIBANK,SELL,152,1901.14,288973.28
2025-11-23,ALPHA_SEC,CL390214,TATAMOTORS,SELL,40,425.49,17019.6
2025-11-22,ALPHA_SEC,CL865948,ITC,SELL,149,1473.54,219557.46
2025-11-26,DELTA_TRADES,CL636654,SBIN,BUY,93,893.56,83101.08
2025-11-21,ALPHA_SEC,CL867725,ICICIBANK,SELL,154,2254.12,347134.48
2025-11-26,ALPHA_SEC,CL405092,AXISBANK,SELL,291,2146.98,624771.18
2025-11-25,OMEGA_BROKING,CL354685,KOTAKBANK,BUY,266,1705.1,453556.6
2025-11-26,ALPHA_SEC,CL846353,ITC,SELL,222,185.76,41238.72
2025-11-26,DELTA_TRADES,CL251497,SBIN,BUY,198,605.8,119948.4
2025-11-23,DELTA_TRADES,CL909971,INFY,BUY,82,990.89,81252.98
2025-11-20,ALPHA_SEC,CL231621,SBIN,SELL,25,1710.38,42759.5
2025-11-26,DELTA_TRADES,CL552401,AXISBANK,BUY,259,1685.86,436637.74
2025-11-23,ALPHA_SEC,CL823675,RELIANCE,SELL,102,531.92,54255.84
2025-11-21,OMEGA_BROKING,CL156532,ITC,BUY,242,162.07,39220.94
2025-11-25,BETA_INVEST,CL123403,INFY,SELL,140,1121.12,156956.8
2025-11-25,ALPHA_SEC,CL471180,RELIANCE,SELL,180,1763.78,317480.4
2025-11-22,OMEGA_BROKING,CL516571,ICICIBANK,SELL,258,319.15,82340.7
2025-11-23,ALPHA_SEC,CL473100,SBIN,SELL,148,592.35,87667.8
2025-11-22,BETA_INVEST,CL096912,KOTAKBANK,BUY,262,539.09,141241.58
2025-11-23,OMEGA_BROKING,CL733258,RELIANCE,SELL,7,464.33,3250.31
2025-11-21,ALPHA_SEC,CL973828,RELIANCE,BUY,286,1564.92,447567.12
2025-11-22,ALPHA_SEC,CL242137,AXISBANK,SELL,201,1235.73,248381.73
2025-11-22,BETA_INVEST,CL713067,ITC,SELL,287,1112.67,319336.29
2025-11-21,BETA_INVEST,CL353730,SBIN,BUY,35,1848.32,64691.2
2025-11-23,BETA_INVEST,CL209551,ITC,BUY,252,181.81,45816.12
2025-11-21,DELTA_TRADES,CL709494,TATAMOTORS,BUY,34,2261.83,76902.22
2025-11-22,DELTA_TRADES,CL375623,KOTAKBANK,SELL,69,940.56,64898.64
2025-11-24,OMEGA_BROKING,CL368151,AXISBANK,SELL,163,2395.24,390424.12
2025-11-20,DELTA_TRADES,CL211116,ICICIBANK,SELL,225,1962.3,441517.5
2025-11-21,BETA_INVEST,CL422863,INFY,SELL,162,2149.27,348181.74
2025-11-26,BETA_INVEST,CL531978,KOTAKBANK,BUY,187,1777.93,332472.91
2025-11-23,BETA_INVEST,CL272543,SBIN,BUY,29,213.65,6195.85
2025-11-26,BETA_INVEST,CL664268,RELIANCE,SELL,218,2020.89,440554.02
2025-11-20,DELTA_TRADES,CL186683,ITC,SELL,27,874.61,23614.47
2025-11-23,BETA_INVEST,CL927647,AXISBANK,SELL,240,492.01,118082.4
2025-11-24,BETA_INVEST,CL691471,ITC,SELL,36,794.85,28614.6
2025-11-25,OMEGA_BROKING,CL482214,HDFC,BUY,150,974.85,146227.5
2025-11-26,ALPHA_SEC,CL542568,LT,BUY,254,324.06,82311.24
2025-11-23,BETA_INVEST,CL827397,ITC,SELL,25,785.64,19641.0
2025-11-23,OMEGA_BROKING,CL547794,RELIANCE,BUY,18,121.66,2189.88
2025-11-21,OMEGA_BROKING,CL304349,KOTAKBANK,SELL,117,969.48,113429.16
2025-11-25,ALPHA_SEC,CL856022,INFY,BUY,124,1425.66,176781.84
2025-11-26,ALPHA_SEC,CL111071,INFY,BUY,52,1727.66,89838.32
2025-11-23,DELTA_TRADES,CL096773,RELIANCE,BUY,193,1588.58,306595.94
2025-11-20,BETA_INVEST,CL315968,TATAMOTORS,SELL,225,1445.75,325293.75
2025-11-23,OMEGA_BROKING,CL331042,SBIN,BUY,65,509.8,33137.0
2025-11-24,OMEGA_BROKING,CL788333,SBIN,SELL,208,1860.2,386921.6
2025-11-24,DELTA_TRADES,CL315283,HDFC,BUY,266,1067.71,284010.86
2025-11-21,DELTA_TRADES,CL405271,HDFC,SELL,113,937.82,105973.66
2025-11-23,ALPHA_SEC,CL696470,AXISBANK,SELL,228,395.83,90249.24
2025-11-22,OMEGA_BROKING,CL506950,TATAMOTORS,SELL,80,2143.73,171498.4
2025-11-24,OMEGA_BROKING,CL848544,AXISBANK,BUY,137,2418.5,331334.5
2025-11-21,ALPHA_SEC,CL169963,TATAMOTORS,SELL,219,1182.18,258897.42
2025-11-22,OMEGA_BROKING,CL747706,RELIANCE,SELL,62,1600.06,99203.72
2025-11-21,OMEGA_BROKING,CL415107,AXISBANK,SELL,1,714.07,714.07
2025-11-21,DELTA_TRADES,CL335711,AXISBANK,BUY,230,751.92,172941.6
2025-11-21,OMEGA_BROKING,CL801421,TATAMOTORS,SELL,249,1537.44,382822.56
2025-11-26,OMEGA_BROKING,CL324516,ITC,BUY,196,834.8,163620.8
2025-11-22,ALPHA_SEC,CL315623,SBIN,SELL,102,1910.2,194840.4
2025-11-23,DELTA_TRADES,CL972846,ICICIBANK,SELL,286,1485.28,424790.08
2025-11-22,BETA_INVEST,CL867874,ICICIBANK,SELL,75,455.29,34146.75
2025-11-21,OMEGA_BROKING,CL393238,ITC,SELL,108,2052.72,221693.76
2025-11-26,OMEGA_BROKING,CL805811,ICICIBANK,BUY,184,2000.58,368106.72
2025-11-24,ALPHA_SEC,CL106156,ICICIBANK,BUY,192,1846.82,354589.44
2025-11-21,BETA_INVEST,CL538721,KOTAKBANK,SELL,247,836.13,206524.11
2025-11-26,ALPHA_SEC,CL590609,ICICIBANK,BUY,297,2216.61,658333.17
2025-11-20,DELTA_TRADES,CL816459,KOTAKBANK,BUY,164,377.84,61965.76
2025-11-24,DELTA_TRADES,CL815091,TATAMOTORS,SELL,237,699.37,165750.69
2025-11-23,ALPHA_SEC,CL451854,LT,BUY,62,2117.45,131281.9
2025-11-21,BETA_INVEST,CL549893,LT,SELL,96,167.23,16054.08
2025-11-22,DELTA_TRADES,CL423489,LT,BUY,263,2128.67,559840.21
2025-11-24,BETA_INVEST,CL223981,AXISBANK,BUY,259,1853.21,479981.39
2025-11-24,BETA_INVEST,CL614213,ICICIBANK,BUY,145,128.66,18655.7
2025-11-20,OMEGA_BROKING,CL978913,KOTAKBANK,BUY,24,1361.76,32682.24
2025-11-20,OMEGA_BROKING,CL227636,ITC,BUY,165,1021.6,168564.0
2025-11-25,BETA_INVEST,CL262336,SBIN,SELL,68,1083.64,73687.52
2025-11-23,OMEGA_BROKING,CL827072,ITC,SELL,254,1130.95,287261.3
2025-11-21,BETA_INVEST,CL438327,TATAMOTORS,SELL,274,2019.65,553384.1
2025-11-24,ALPHA_SEC,CL409924,INFY,SELL,244,897.01,218870.44
2025-11-23,OMEGA_BROKING,CL079866,SBIN,SELL,265,813.1,215471.5
2025-11-23,BETA_INVEST,CL040059,INFY,BUY,60,234.54,14072.4
2025-11-23,DELTA_TRADES,CL939437,ICICIBANK,BUY,297,1408.14,418217.58
2025-11-20,DELTA_TRADES,CL616380,TATAMOTORS,SELL,195,2281.52,444896.4
2025-11-20,OMEGA_BROKING,CL109177,HDFC,SELL,296,1965.17,581690.32
2025-11-20,ALPHA_SEC,CL651756,INFY,BUY,48,1962.62,94205.76
2025-11-20,ALPHA_SEC,CL428774,AXISBANK,SELL,151,1465.18,221242.18
2025-11-23,DELTA_TRADES,CL921626,AXISBANK,SELL,229,771.55,176684.95
2025-11-22,DELTA_TRADES,CL364960,TATAMOTORS,BUY,169,1422.75,240444.75
2025-11-25,DELTA_TRADES,CL978779,TATAMOTORS,BUY,147,2343.55,344501.85
2025-11-26,BETA_INVEST,CL739303,HDFC,BUY,66,246.44,16265.04
2025-11-22,ALPHA_SEC,CL948568,ITC,SELL,232,2276.41,528127.12
2025-11-25,DELTA_TRADES,CL511502,SBIN,SELL,191,916.06,174967.46
2025-11-25,ALPHA_SEC,CL751535,SBIN,BUY,58,2058.79,119409.82
2025-11-26,BETA_INVEST,CL854651,KOTAKBANK,SELL,265,1408.19,373170.35
2025-11-24,BETA_INVEST,CL831359,AXISBANK,BUY,96,261.53,25106.88
2025-11-20,BETA_INVEST,CL469510,RELIANCE,SELL,216,2499.88,539974.08
2025-11-25,DELTA_TRADES,CL944158,HDFC,BUY,109,1362.14,148473.26
2025-11-22,ALPHA_SEC,CL618739,INFY,SELL,129,1041.11,134303.19
2025-11-26,DELTA_TRADES,CL260456,TATAMOTORS,BUY,295,2477.32,730809.4
2025-11-21,ALPHA_SEC,CL897285,AXISBANK,SELL,195,2351.05,458454.75
2025-11-24,ALPHA_SEC,CL135596,LT,BUY,184,1605.84,295474.56
2025-11-26,OMEGA_BROKING,CL673225,INFY,SELL,41,564.15,23130.15
2025-11-25,ALPHA_SEC,CL524552,AXISBANK,SELL,75,690.27,51770.25
2025-11-23,ALPHA_SEC,CL424219,TATAMOTORS,BUY,27,1263.5,34114.5
2025-11-26,DELTA_TRADES,CL704580,ICICIBANK,SELL,120,1865.74,223888.8
2025-11-21,BETA_INVEST,CL423164,SBIN,SELL,258,1833.38,473012.04
2025-11-26,OMEGA_BROKING,CL780263,HDFC,BUY,38,2075.87,78883.06
2025-11-25,DELTA_TRADES,CL686996,RELIANCE,BUY,237,1352.76,320604.12
2025-11-20,OMEGA_BROKING,CL860144,AXISBANK,BUY,167,1665.39,278120.13
2025-11-23,ALPHA_SEC,CL461945,LT,BUY,145,121.24,17579.8
2025-11-26,BETA_INVEST,CL630397,RELIANCE,SELL,149,1190.77,177424.73
2025-11-26,ALPHA_SEC,CL215249,RELIANCE,SELL,45,1259.39,56672.55
2025-11-25,BETA_INVEST,CL829121,RELIANCE,BUY,59,244.67,14435.53
2025-11-26,ALPHA_SEC,CL173501,TATAMOTORS,SELL,16,1330.51,21288.16
2025-11-24,OMEGA_BROKING,CL959932,SBIN,SELL,39,1969.99,76829.61
2025-11-20,ALPHA_SEC,CL716466,ICICIBANK,SELL,251,2147.28,538967.28
2025-11-23,DELTA_TRADES,CL845899,HDFC,SELL,99,778.89,77110.11
2025-11-23,DELTA_TRADES,CL000901,AXISBANK,SELL,24,209.12,5018.88
2025-11-26,ALPHA_SEC,CL084825,HDFC,SELL,185,1342.09,248286.65
2025-11-24,ALPHA_SEC,CL987096,RELIANCE,BUY,179,377.03,67488.37
2025-11-26,ALPHA_SEC,CL981670,KOTAKBANK,BUY,214,2407.28,515157.92
2025-11-26,DELTA_TRADES,CL998433,INFY,BUY,47,918.53,43170.91
2025-11-22,OMEGA_BROKING,CL952766,RELIANCE,SELL,275,1752.1,481827.5
2025-11-26,ALPHA_SEC,CL951690,HDFC,SELL,272,526.22,143131.84
2025-11-25,ALPHA_SEC,CL544964,RELIANCE,SELL,171,2289.39,391485.69
2025-11-26,OMEGA_BROKING,CL162270,AXISBANK,SELL,227,1344.75,305258.25
2025-11-21,OMEGA_BROKING,CL264364,RELIANCE,SELL,141,1821.23,256793.43
2025-11-21,BETA_INVEST,CL292573,TATAMOTORS,BUY,88,1116.65,98265.2
2025-11-26,DELTA_TRADES,CL892097,HDFC,BUY,289,2130.68,615766.52
2025-11-26,ALPHA_SEC,CL928553,INFY,SELL,74,1122.53,83067.22
2025-11-24,OMEGA_BROKING,CL696744,RELIANCE,BUY,269,1551.15,417259.35
2025-11-26,ALPHA_SEC,CL828273,ICICIBANK,BUY,70,2012.89,140902.3
2025-11-24,BETA_INVEST,CL245628,LT,SELL,268,1670.32,447645.76
2025-11-25,ALPHA_SEC,CL331484,INFY,SELL,212,1444.28,306187.36
2025-11-23,DELTA_TRADES,CL323853,HDFC,SELL,11,726.52,7991.72
2025-11-25,DELTA_TRADES,CL118253,AXISBANK,BUY,195,331.66,64673.7
2025-11-23,OMEGA_BROKING,CL540666,INFY,SELL,106,508.97,53950.82
2025-11-25,DELTA_TRADES,CL108846,HDFC,SELL,7,655.51,4588.57
2025-11-22,DELTA_TRADES,CL918715,INFY,BUY,9,2306.09,20754.81
2025-11-21,ALPHA_SEC,CL739474,HDFC,SELL,215,577.89,124246.35
2025-11-24,ALPHA_SEC,CL350555,LT,BUY,95,2150.25,204273.75
2025-11-23,ALPHA_SEC,CL606604,ICICIBANK,SELL,168,961.98,161612.64
2025-11-22,OMEGA_BROKING,CL432012,AXISBANK,SELL,96,1076.79,103371.84
2025-11-25,OMEGA_BROKING,CL246181,INFY,BUY,243,1113.76,270643.68
2025-11-21,ALPHA_SEC,CL774961,SBIN,BUY,127,1219.76,154909.52
2025-11-20,ALPHA_SEC,CL662614,TATAMOTORS,SELL,282,1789.62,504672.84
2025-11-25,OMEGA_BROKING,CL091477,INFY,BUY,131,2282.89,299058.59
2025-11-24,ALPHA_SEC,CL538232,ICICIBANK,SELL,265,2309.51,612020.15
2025-11-22,BETA_INVEST,CL399031,SBIN,SELL,216,266.75,57618.0
2025-11-25,ALPHA_SEC,CL373643,LT,BUY,253,2106.45,532931.85
2025-11-20,DELTA_TRADES,CL376360,SBIN,BUY,166,1457.38,241925.08
2025-11-26,BETA_INVEST,CL503959,TATAMOTORS,BUY,58,318.99,18501.42
2025-11-21,ALPHA_SEC,CL973818,AXISBANK,BUY,100,838.97,83897.0
2025-11-23,BETA_INVEST,CL931233,SBIN,SELL,15,1304.08,19561.2
2025-11-21,DELTA_TRADES,CL424305,INFY,SELL,252,2415.68,608751.36
2025-11-26,ALPHA_SEC,CL751484,TATAMOTORS,SELL,49,201.61,9878.89
2025-11-20,DELTA_TRADES,CL869445,TATAMOTORS,SELL,255,2457.51,626665.05
2025-11-23,ALPHA_SEC,CL764600,HDFC,SELL,50,2363.67,118183.5
2025-11-23,DELTA_TRADES,CL418316,TATAMOTORS,SELL,103,2009.91,207020.73
2025-11-20,OMEGA_BROKING,CL299592,HDFC,BUY,112,292.75,32788.0
2025-11-22,BETA_INVEST,CL752053,INFY,BUY,179,2029.76,363327.04
2025-11-24,DELTA_TRADES,CL447869,ITC,SELL,289,2310.95,667864.55
2025-11-24,DELTA_TRADES,CL209619,HDFC,SELL,236,707.41,166948.76
2025-11-26,DELTA_TRADES,CL009108,SBIN,SELL,159,1388.06,220701.54
2025-11-26,BETA_INVEST,CL812705,KOTAKBANK,SELL,27,2136.9,57696.3
2025-11-23,DELTA_TRADES,CL934507,INFY,BUY,100,1636.69,163669.0
2025-11-25,DELTA_TRADES,CL514568,TATAMOTORS,BUY,240,2490.87,597808.8
2025-11-24,ALPHA_SEC,CL877543,LT,SELL,88,1647.83,145009.04
2025-11-26,DELTA_TRADES,CL231071,TATAMOTORS,SELL,289,760.56,219801.84
2025-11-21,BETA_INVEST,CL195497,SBIN,BUY,85,2437.5,207187.5
2025-11-20,DELTA_TRADES,CL015003,ITC,BUY,220,2197.68,483489.6
2025-11-20,BETA_INVEST,CL572765,AXISBANK,SELL,16,874.11,13985.76
2025-11-20,BETA_INVEST,CL896692,KOTAKBANK,SELL,136,562.64,76519.04
2025-11-22,DELTA_TRADES,CL993098,HDFC,SELL,193,1160.75,224024.75
2025-11-25,BETA_INVEST,CL238016,ITC,BUY,120,726.54,87184.8
2025-11-20,OMEGA_BROKING,CL555604,AXISBANK,SELL,104,2114.53,219911.12
2025-11-23,DELTA_TRADES,CL788902,RELIANCE,BUY,252,1485.14,374255.28
2025-11-22,DELTA_TRADES,CL076817,RELIANCE,SELL,67,569.31,38143.77
2025-11-25,OMEGA_BROKING,CL422845,INFY,SELL,109,1680.31,183153.79
2025-11-23,DELTA_TRADES,CL762012,KOTAKBANK,BUY,2,798.01,1596.02
2025-11-26,DELTA_TRADES,CL986162,HDFC,BUY,91,1652.01,150332.91
2025-11-20,ALPHA_SEC,CL313281,TATAMOTORS,SELL,228,211.03,48114.84
2025-11-20,BETA_INVEST,CL818665,SBIN,BUY,54,898.46,48516.84
2025-11-22,OMEGA_BROKING,CL476764,TATAMOTORS,BUY,274,799.69,219115.06
2025-11-26,OMEGA_BROKING,CL680386,HDFC,SELL,186,1960.39,364632.54
2025-11-25,OMEGA_BROKING,CL597733,ICICIBANK,BUY,243,1045.58,254075.94
2025-11-24,ALPHA_SEC,CL894376,TATAMOTORS,BUY,9,1036.25,9326.25
2025-11-24,BETA_INVEST,CL110385,TATAMOTORS,SELL,292,1365.98,398866.16
2025-11-25,BETA_INVEST,CL284133,TATAMOTORS,SELL,152,2467.15,375006.8
2025-11-25,OMEGA_BROKING,CL359699,TATAMOTORS,BUY,52,860.39,44740.28
2025-11-22,ALPHA_SEC,CL386644,RELIANCE,BUY,5,1751.34,8756.7
2025-11-26,ALPHA_SEC,CL191997,INFY,SELL,48,830.0,39840.0
2025-11-26,ALPHA_SEC,CL772232,ITC,SELL,173,2393.98,414158.54
2025-11-23,ALPHA_SEC,CL501444,LT,SELL,262,246.81,64664.22
2025-11-25,ALPHA_SEC,CL776798,ITC,BUY,261,776.16,202577.76
2025-11-20,ALPHA_SEC,CL267632,TATAMOTORS,BUY,189,1580.88,298786.32
2025-11-22,ALPHA_SEC,CL568927,RELIANCE,SELL,184,2236.48,411512.32
2025-11-24,ALPHA_SEC,CL229316,ITC,BUY,296,1531.98,453466.08
2025-11-21,BETA_INVEST,CL290285,HDFC,SELL,168,1838.7,308901.6
2025-11-24,DELTA_TRADES,CL028019,RELIANCE,SELL,3,419.82,1259.46
2025-11-20,OMEGA_BROKING,CL510141,SBIN,SELL,120,1415.32,169838.4
2025-11-23,OMEGA_BROKING,CL502408,INFY,BUY,289,910.67,263183.63
2025-11-24,OMEGA_BROKING,CL277586,ICICIBANK,BUY,126,2158.03,271911.78
2025-11-20,OMEGA_BROKING,CL668149,HDFC,BUY,251,577.8,145027.8
2025-11-20,BETA_INVEST,CL774312,INFY,BUY,181,333.78,60414.18
2025-11-22,ALPHA_SEC,CL843299,HDFC,BUY,296,866.69,256540.24
2025-11-26,ALPHA_SEC,CL209983,SBIN,SELL,129,2340.01,301861.29
2025-11-22,BETA_INVEST,CL949263,HDFC,BUY,138,1618.74,223386.12
2025-11-26,ALPHA_SEC,CL321447,ICICIBANK,SELL,163,2286.25,372658.75
2025-11-21,DELTA_TRADES,CL413198,SBIN,BUY,141,211.13,29769.33
2025-11-25,DELTA_TRADES,CL650126,RELIANCE,BUY,289,1381.56,399270.84
2025-11-20,DELTA_TRADES,CL501290,KOTAKBANK,BUY,68,1340.66,91164.88
2025-11-20,OMEGA_BROKING,CL317938,ITC,BUY,75,2141.05,160578.75
2025-11-21,OMEGA_BROKING,CL043415,SBIN,BUY,164,1077.26,176670.64
2025-11-20,OMEGA_BROKING,CL530888,ICICIBANK,SELL,35,2257.79,79022.65
2025-11-21,ALPHA_SEC,CL379915,TATAMOTORS,BUY,197,964.95,190095.15
2025-11-21,BETA_INVEST,CL134062,ICICIBANK,SELL,205,2417.87,495663.35
2025-11-24,OMEGA_BROKING,CL251502,TATAMOTORS,SELL,131,827.45,108395.95
2025-11-22,OMEGA_BROKING,CL433895,SBIN,SELL,42,1920.45,80658.9
2025-11-21,DELTA_TRADES,CL720059,INFY,SELL,222,186.54,41411.88
2025-11-22,BETA_INVEST,CL669251,INFY,BUY,84,2118.24,177932.16
2025-11-22,ALPHA_SEC,CL350972,AXISBANK,SELL,294,926.96,272526.24
2025-11-20,OMEGA_BROKING,CL291327,AXISBANK,SELL,44,854.8,37611.2
2025-11-23,ALPHA_SEC,CL879738,KOTAKBANK,SELL,255,865.1,220600.5
2025-11-22,DELTA_TRADES,CL690444,RELIANCE,SELL,145,2054.18,297856.1
2025-11-21,DELTA_TRADES,CL450703,ITC,BUY,174,1263.19,219795.06
2025-11-23,OMEGA_BROKING,CL749325,ICICIBANK,SELL,22,818.57,18008.54
2025-11-25,DELTA_TRADES,CL498298,SBIN,BUY,18,1321.35,23784.3
2025-11-21,BETA_INVEST,CL080762,INFY,BUY,230,301.12,69257.6
2025-11-26,DELTA_TRADES,CL458618,TATAMOTORS,BUY,170,1008.53,171450.1
2025-11-25,ALPHA_SEC,CL834770,LT,SELL,88,1501.79,132157.52
2025-11-22,ALPHA_SEC,CL612185,ITC,SELL,285,1868.94,532647.9
2025-11-24,ALPHA_SEC,CL532284,SBIN,SELL,93,171.91,15987.63
2025-11-22,ALPHA_SEC,CL925045,ITC,BUY,187,677.59,126709.33
2025-11-22,DELTA_TRADES,CL958818,AXISBANK,SELL,81,984.61,79753.41
2025-11-21,BETA_INVEST,CL690384,ITC,BUY,230,988.75,227412.5
2025-11-25,DELTA_TRADES,CL589135,HDFC,BUY,158,1298.97,205237.26
2025-11-21,OMEGA_BROKING,CL630393,INFY,BUY,156,1741.73,271709.88
2025-11-25,ALPHA_SEC,CL227331,HDFC,SELL,161,1729.35,278425.35
2025-11-20,BETA_INVEST,CL273663,INFY,BUY,191,1447.17,276409.47
2025-11-26,OMEGA_BROKING,CL482739,ICICIBANK,SELL,266,542.23,144233.18
2025-11-22,BETA_INVEST,CL272626,RELIANCE,SELL,23,700.02,16100.46
2025-11-24,DELTA_TRADES,CL932799,ICICIBANK,BUY,165,1926.0,317790.0
2025-11-21,OMEGA_BROKING,CL774948,ICICIBANK,SELL,215,1793.27,385553.05
2025-11-25,ALPHA_SEC,CL207616,ITC,SELL,28,146.25,4095.0
2025-11-24,OMEGA_BROKING,CL692176,AXISBANK,SELL,162,1944.69,315039.78
2025-11-20,BETA_INVEST,CL752244,AXISBANK,BUY,69,1393.7,96165.3
2025-11-22,OMEGA_BROKING,CL796142,RELIANCE,BUY,299,1899.26,567878.74
2025-11-25,DELTA_TRADES,CL879175,ICICIBANK,BUY,7,484.82,3393.74
2025-11-20,OMEGA_BROKING,CL797112,INFY,SELL,57,1119.32,63801.24
2025-11-26,OMEGA_BROKING,CL656558,HDFC,SELL,262,1093.01,286368.62
2025-11-21,BETA_INVEST,CL081504,RELIANCE,BUY,220,812.17,178677.4
2025-11-25,ALPHA_SEC,CL712536,KOTAKBANK,SELL,55,323.37,17785.35
2025-11-25,ALPHA_SEC,CL509560,AXISBANK,SELL,195,1879.53,366508.35
2025-11-22,BETA_INVEST,CL510260,ITC,BUY,133,1876.04,249513.32
2025-11-25,BETA_INVEST,CL778610,LT,SELL,236,1648.57,389062.52
2025-11-20,DELTA_TRADES,CL304153,SBIN,BUY,287,2456.43,704995.41
2025-11-25,BETA_INVEST,CL014318,TATAMOTORS,SELL,31,1609.1,49882.1
2025-11-25,ALPHA_SEC,CL197241,LT,BUY,130,1816.71,236172.3
2025-11-26,ALPHA_SEC,CL074150,INFY,SELL,120,966.08,115929.6
2025-11-24,DELTA_TRADES,CL585759,KOTAKBANK,BUY,176,2015.66,354756.16
2025-11-25,ALPHA_SEC,CL911820,HDFC,BUY,156,608.67,94952.52
2025-11-20,BETA_INVEST,CL964491,TATAMOTORS,BUY,276,1376.45,379900.2
2025-11-23,ALPHA_SEC,CL619998,TATAMOTORS,BUY,168,858.53,144233.04
2025-11-24,DELTA_TRADES,CL228672,LT,BUY,117,1450.13,169665.21
2025-11-22,OMEGA_BROKING,CL666021,INFY,SELL,245,984.1,241104.5
2025-11-20,ALPHA_SEC,CL874737,RELIANCE,BUY,21,1962.36,41209.56
2025-11-24,OMEGA_BROKING,CL801846,RELIANCE,BUY,13,1936.52,25174.76
2025-11-21,BETA_INVEST,CL419381,ITC,SELL,180,836.13,150503.4
2025-11-24,BETA_INVEST,CL670457,KOTAKBANK,BUY,226,334.62,75624.12
2025-11-23,DELTA_TRADES,CL872748,RELIANCE,SELL,298,385.17,114780.66
2025-11-25,OMEGA_BROKING,CL525287,ICICIBANK,SELL,91,2298.4,209154.4
2025-11-21,DELTA_TRADES,CL077204,SBIN,SELL,151,347.59,52486.09
2025-11-21,OMEGA_BROKING,CL959083,ICICIBANK,SELL,261,2368.0,618048.0
2025-11-23,DELTA_TRADES,CL583560,SBIN,BUY,34,2117.91,72008.94
2025-11-23,BETA_INVEST,CL312928,KOTAKBANK,SELL,33,2086.87,68866.71
2025-11-26,OMEGA_BROKING,CL108403,KOTAKBANK,SELL,200,1620.9,324180.0
2025-11-26,BETA_INVEST,CL049445,INFY,SELL,64,1148.16,73482.24
2025-11-24,BETA_INVEST,CL904674,SBIN,BUY,185,1435.01,265476.85
2025-11-21,BETA_INVEST,CL791979,ICICIBANK,BUY,20,616.48,12329.6
2025-11-26,BETA_INVEST,CL390829,SBIN,SELL,179,1175.14,210350.06
2025-11-25,DELTA_TRADES,CL146415,SBIN,BUY,122,471.83,57563.26
2025-11-24,BETA_INVEST,CL703804,ICICIBANK,SELL,290,2010.34,582998.6
2025-11-25,BETA_INVEST,CL723115,RELIANCE,SELL,110,485.18,53369.8
2025-11-23,DELTA_TRADES,CL243052,SBIN,SELL,46,1013.78,46633.88
2025-11-22,ALPHA_SEC,CL114903,RELIANCE,SELL,42,1668.07,70058.94
2025-11-25,BETA_INVEST,CL190074,AXISBANK,SELL,77,1592.54,122625.58
2025-11-21,OMEGA_BROKING,CL377462,HDFC,BUY,4,1533.3,6133.2
2025-11-24,ALPHA_SEC,CL046631,HDFC,SELL,19,926.85,17610.15
2025-11-24,DELTA_TRADES,CL506124,ITC,SELL,252,568.16,143176.32
2025-11-24,ALPHA_SEC,CL964151,AXISBANK,BUY,213,998.99,212784.87
2025-11-21,BETA_INVEST,CL728002,RELIANCE,SELL,212,688.39,145938.68
2025-11-25,DELTA_TRADES,CL450548,INFY,BUY,43,526.53,22640.79
2025-11-21,BETA_INVEST,CL128075,LT,SELL,6,1171.81,7030.86
2025-11-21,ALPHA_SEC,CL983147,HDFC,BUY,221,194.17,42911.57
2025-11-23,DELTA_TRADES,CL186650,SBIN,BUY,18,744.05,13392.9
2025-11-25,DELTA_TRADES,CL151650,KOTAKBANK,SELL,59,1868.48,110240.32
2025-11-22,ALPHA_SEC,CL912942,TATAMOTORS,SELL,106,2235.91,237006.46
2025-11-25,OMEGA_BROKING,CL550491,RELIANCE,SELL,285,2024.91,577099.35
2025-11-23,DELTA_TRADES,CL101435,AXISBANK,BUY,142,766.36,108823.12
2025-11-24,ALPHA_SEC,CL995643,RELIANCE,BUY,141,2300.42,324359.22
2025-11-26,DELTA_TRADES,CL925986,SBIN,SELL,257,149.71,38475.47
2025-11-22,OMEGA_BROKING,CL807839,AXISBANK,BUY,153,1032.76,158012.28
2025-11-25,ALPHA_SEC,CL753050,TATAMOTORS,SELL,221,516.72,114195.12
2025-11-22,BETA_INVEST,CL344486,KOTAKBANK,SELL,4,1088.26,4353.04
2025-11-20,DELTA_TRADES,CL398019,INFY,SELL,97,2036.77,197566.69
2025-11-23,ALPHA_SEC,CL150714,SBIN,SELL,18,1610.8,28994.4
2025-11-21,DELTA_TRADES,CL845532,AXISBANK,SELL,13,2040.28,26523.64
2025-11-21,BETA_INVEST,CL930761,SBIN,SELL,72,1080.01,77760.72
2025-11-22,ALPHA_SEC,CL194207,LT,BUY,230,722.88,166262.4
2025-11-23,DELTA_TRADES,CL215160,TATAMOTORS,SELL,176,2246.19,395329.44
2025-11-23,OMEGA_BROKING,CL653626,SBIN,BUY,251,269.01,67521.51
2025-11-20,DELTA_TRADES,CL833706,ICICIBANK,SELL,216,1699.1,367005.6
2025-11-20,OMEGA_BROKING,CL586911,LT,BUY,233,2472.48,576087.84
2025-11-24,OMEGA_BROKING,CL439478,TATAMOTORS,BUY,57,257.25,14663.25
2025-11-24,DELTA_TRADES,CL251203,ITC,SELL,260,1159.31,301420.6
2025-11-23,DELTA_TRADES,CL259945,HDFC,BUY,139,275.87,38345.93
2025-11-22,OMEGA_BROKING,CL945787,RELIANCE,SELL,99,1859.74,184114.26
2025-11-21,OMEGA_BROKING,CL319357,AXISBANK,BUY,276,207.05,57145.8
2025-11-22,BETA_INVEST,CL589718,HDFC,SELL,52,607.34,31581.68
2025-11-24,DELTA_TRADES,CL344073,ITC,SELL,248,2322.58,575999.84
2025-11-24,BETA_INVEST,CL749028,ICICIBANK,BUY,52,136.77,7112.04
2025-11-22,OMEGA_BROKING,CL613542,TATAMOTORS,SELL,17,1428.68,24287.56
2025-11-22,DELTA_TRADES,CL405051,AXISBANK,BUY,114,274.67,31312.38
2025-11-25,ALPHA_SEC,CL755703,INFY,BUY,232,1037.19,240628.08
2025-11-25,DELTA_TRADES,CL372351,SBIN,BUY,115,2229.24,256362.6
2025-11-23,BETA_INVEST,CL429591,HDFC,BUY,188,2448.06,460235.28
2025-11-21,BETA_INVEST,CL304016,ITC,BUY,255,512.3,130636.5
2025-11-23,DELTA_TRADES,CL345840,LT,SELL,222,964.45,214107.9
2025-11-23,BETA_INVEST,CL098100,ITC,SELL,25,233.14,5828.5
2025-11-25,OMEGA_BROKING,CL669273,RELIANCE,SELL,65,1214.58,78947.7
2025-11-21,BETA_INVEST,CL558352,ICICIBANK,SELL,173,1036.67,179343.91
2025-11-21,BETA_INVEST,CL859521,TATAMOTORS,BUY,193,2177.58,420272.94
2025-11-23,ALPHA_SEC,CL200920,AXISBANK,BUY,40,424.67,16986.8
2025-11-22,OMEGA_BROKING,CL350413,TATAMOTORS,BUY,247,773.15,190968.05
2025-11-23,OMEGA_BROKING,CL258010,RELIANCE,SELL,196,1122.12,219935.52
2025-11-24,DELTA_TRADES,CL984245,AXISBANK,BUY,156,1346.37,210033.72
2025-11-26,DELTA_TRADES,CL317134,HDFC,SELL,276,2187.9,603860.4
2025-11-21,DELTA_TRADES,CL359052,AXISBANK,BUY,155,1003.21,155497.55
2025-11-20,DELTA_TRADES,CL517528,INFY,SELL,120,1720.32,206438.4
2025-11-24,ALPHA_SEC,CL700779,ITC,SELL,41,791.11,32435.51
2025-11-23,BETA_INVEST,CL613560,HDFC,BUY,152,1506.54,228994.08
2025-11-23,DELTA_TRADES,CL488719,ICICIBANK,BUY,200,749.31,149862.0
2025-11-23,BETA_INVEST,CL117258,INFY,BUY,182,1927.13,350737.66
2025-11-21,OMEGA_BROKING,CL784474,HDFC,SELL,216,479.92,103662.72
2025-11-26,ALPHA_SEC,CL677441,LT,SELL,123,1912.92,235289.16
2025-11-25,OMEGA_BROKING,CL812029,ICICIBANK,SELL,259,1444.12,374027.08
2025-11-24,DELTA_TRADES,CL483643,ITC,SELL,86,1439.4,123788.4
2025-11-23,BETA_INVEST,CL791602,ICICIBANK,SELL,194,175.39,34025.66
2025-11-26,BETA_INVEST,CL956565,TATAMOTORS,BUY,81,2332.29,188915.49
2025-11-23,DELTA_TRADES,CL484377,HDFC,SELL,190,1238.18,235254.2
2025-11-23,ALPHA_SEC,CL500515,KOTAKBANK,SELL,288,2192.86,631543.68
2025-11-25,ALPHA_SEC,CL143761,ICICIBANK,SELL,135,1674.59,226069.65
2025-11-22,ALPHA_SEC,CL379174,KOTAKBANK,BUY,204,1396.24,284832.96
2025-11-22,BETA_INVEST,CL681420,AXISBANK,SELL,162,1780.11,288377.82
2025-11-24,DELTA_TRADES,CL868338,HDFC,SELL,15,725.76,10886.4
2025-11-23,OMEGA_BROKING,CL721927,INFY,SELL,7,2382.93,16680.51
2025-11-22,OMEGA_BROKING,CL432114,ICICIBANK,SELL,35,1750.76,61276.6
2025-11-24,BETA_INVEST,CL041176,KOTAKBANK,BUY,133,1320.94,175685.02
2025-11-26,OMEGA_BROKING,CL790403,HDFC,SELL,82,2389.45,195934.9
2025-11-24,DELTA_TRADES,CL684073,INFY,BUY,194,2146.24,416370.56
2025-11-26,ALPHA_SEC,CL936753,ICICIBANK,SELL,110,408.97,44986.7
2025-11-25,OMEGA_BROKING,CL114716,AXISBANK,SELL,290,1565.99,454137.1
2025-11-26,BETA_INVEST,CL423959,SBIN,SELL,163,998.78,162801.14
2025-11-26,ALPHA_SEC,CL250721,AXISBANK,SELL,37,2050.95,75885.15
2025-11-23,OMEGA_BROKING,CL139350,HDFC,SELL,161,1141.96,183855.56
2025-11-22,ALPHA_SEC,CL721934,ITC,SELL,266,1636.63,435343.58
2025-11-20,BETA_INVEST,CL502277,RELIANCE,BUY,264,949.34,250625.76
2025-11-20,DELTA_TRADES,CL923502,SBIN,SELL,113,300.47,33953.11
2025-11-21,ALPHA_SEC,CL199094,SBIN,SELL,9,1702.44,15321.96
2025-11-22,DELTA_TRADES,CL714574,INFY,SELL,254,992.91,252199.14
2025-11-21,ALPHA_SEC,CL246770,ICICIBANK,BUY,71,1041.63,73955.73
2025-11-23,ALPHA_SEC,CL436052,KOTAKBANK,BUY,67,1111.29,74456.43
2025-11-22,BETA_INVEST,CL406700,RELIANCE,BUY,87,537.46,46759.02
2025-11-24,BETA_INVEST,CL814748,INFY,SELL,111,1017.46,112938.06
2025-11-21,BETA_INVEST,CL822821,RELIANCE,SELL,247,346.53,85592.91
2025-11-22,OMEGA_BROKING,CL589191,TATAMOTORS,SELL,153,2455.75,375729.75
2025-11-24,OMEGA_BROKING,CL752907,TATAMOTORS,SELL,168,387.02,65019.36
2025-11-26,ALPHA_SEC,CL038493,INFY,BUY,273,2139.56,584099.88
2025-11-25,ALPHA_SEC,CL718477,KOTAKBANK,BUY,261,1128.6,294564.6
2025-11-25,OMEGA_BROKING,CL665638,INFY,SELL,292,2180.59,636732.28
2025-11-21,ALPHA_SEC,CL027017,AXISBANK,BUY,144,834.21,120126.24
2025-11-20,BETA_INVEST,CL565838,SBIN,SELL,274,1575.23,431613.02
2025-11-21,BETA_INVEST,CL256513,AXISBANK,BUY,29,2268.68,65791.72
2025-11-24,BETA_INVEST,CL945264,SBIN,SELL,78,2017.81,157389.18
2025-11-26,OMEGA_BROKING,CL376833,ICICIBANK,SELL,34,1428.95,48584.3
2025-11-26,ALPHA_SEC,CL779438,ITC,BUY,70,1479.54,103567.8
2025-11-24,OMEGA_BROKING,CL692157,TATAMOTORS,BUY,34,668.86,22741.24
2025-11-26,BETA_INVEST,CL097064,INFY,BUY,285,1574.46,448721.1
2025-11-25,BETA_INVEST,CL091215,RELIANCE,SELL,263,1574.02,413967.26
2025-11-25,ALPHA_SEC,CL166344,HDFC,SELL,39,496.35,19357.65
2025-11-21,BETA_INVEST,CL551220,ICICIBANK,SELL,33,1150.25,37958.25
2025-11-21,DELTA_TRADES,CL461025,LT,SELL,276,586.75,161943.0
2025-11-23,BETA_INVEST,CL413748,HDFC,BUY,231,1919.64,443436.84
2025-11-26,DELTA_TRADES,CL851224,KOTAKBANK,BUY,213,2474.99,527172.87
2025-11-24,OMEGA_BROKING,CL297040,LT,BUY,282,602.59,169930.38
2025-11-23,BETA_INVEST,CL243065,RELIANCE,BUY,69,1293.22,89232.18
2025-11-26,BETA_INVEST,CL431915,SBIN,SELL,195,619.14,120732.3
2025-11-25,OMEGA_BROKING,CL825201,INFY,BUY,33,2093.06,69070.98
2025-11-21,ALPHA_SEC,CL840763,HDFC,SELL,67,1473.3,98711.1
2025-11-26,OMEGA_BROKING,CL683380,RELIANCE,SELL,158,1261.13,199258.54
2025-11-26,ALPHA_SEC,CL383423,TATAMOTORS,BUY,1,1205.31,1205.31
2025-11-26,OMEGA_BROKING,CL633046,LT,SELL,266,2329.09,619537.94
2025-11-22,DELTA_TRADES,CL375890,ICICIBANK,BUY,46,2402.56,110517.76
2025-11-24,DELTA_TRADES,CL338322,HDFC,BUY,140,1414.6,198044.0
2025-11-25,OMEGA_BROKING,CL009984,HDFC,BUY,125,262.17,32771.25
2025-11-24,OMEGA_BROKING,CL348896,HDFC,SELL,165,2408.13,397341.45
2025-11-26,DELTA_TRADES,CL395363,KOTAKBANK,BUY,166,1450.86,240842.76
2025-11-25,ALPHA_SEC,CL464714,HDFC,SELL,269,1042.96,280556.24
2025-11-22,BETA_INVEST,CL736678,ICICIBANK,SELL,93,1303.82,121255.26
2025-11-24,ALPHA_SEC,CL622247,SBIN,BUY,294,2180.67,641116.98
2025-11-22,BETA_INVEST,CL490557,SBIN,BUY,272,653.39,177722.08
2025-11-26,ALPHA_SEC,CL245074,TATAMOTORS,BUY,18,893.68,16086.24
2025-11-24,ALPHA_SEC,CL398809,LT,BUY,248,816.81,202568.88
2025-11-26,ALPHA_SEC,CL406524,TATAMOTORS,SELL,122,783.09,95536.98
2025-11-21,ALPHA_SEC,CL521867,HDFC,BUY,180,1091.79,196522.2
2025-11-22,BETA_INVEST,CL337139,AXISBANK,SELL,189,1431.58,270568.62
2025-11-24,BETA_INVEST,CL391466,TATAMOTORS,SELL,199,2462.78,490093.22
2025-11-23,BETA_INVEST,CL399842,KOTAKBANK,SELL,176,967.62,170301.12
2025-11-22,BETA_INVEST,CL956644,RELIANCE,SELL,159,292.71,46540.89
2025-11-23,DELTA_TRADES,CL818312,SBIN,BUY,142,2249.25,319393.5
2025-11-21,OMEGA_BROKING,CL361058,SBIN,BUY,104,2217.6,230630.4
2025-11-20,DELTA_TRADES,CL624535,HDFC,SELL,160,2442.87,390859.2
2025-11-26,ALPHA_SEC,CL439107,KOTAKBANK,SELL,152,351.12,53370.24
2025-11-22,ALPHA_SEC,CL120146,INFY,BUY,285,2032.68,579313.8
2025-11-23,DELTA_TRADES,CL250643,ICICIBANK,BUY,261,1589.46,414849.06
2025-11-26,DELTA_TRADES,CL836193,RELIANCE,SELL,123,2322.23,285634.29
2025-11-22,ALPHA_SEC,CL611012,LT,SELL,100,218.41,21841.0
2025-11-26,OMEGA_BROKING,CL307483,AXISBANK,SELL,86,2124.13,182675.18
2025-11-21,DELTA_TRADES,CL791982,LT,SELL,77,1088.98,83851.46
2025-11-25,OMEGA_BROKING,CL588059,KOTAKBANK,SELL,139,278.66,38733.74
2025-11-26,DELTA_TRADES,CL379811,RELIANCE,BUY,220,2434.12,535506.4
2025-11-26,ALPHA_SEC,CL733031,INFY,BUY,190,1577.65,299753.5
2025-11-20,OMEGA_BROKING,CL721575,ICICIBANK,BUY,29,727.15,21087.35
2025-11-24,BETA_INVEST,CL894769,ITC,BUY,222,1331.05,295493.1
2025-11-24,ALPHA_SEC,CL390292,ITC,SELL,22,2082.01,45804.22
2025-11-21,BETA_INVEST,CL039597,TATAMOTORS,SELL,139,918.16,127624.24
2025-11-20,ALPHA_SEC,CL217842,ITC,BUY,212,985.38,208900.56
2025-11-20,ALPHA_SEC,CL557307,RELIANCE,SELL,86,1121.7,96466.2
2025-11-23,BETA_INVEST,CL752536,TATAMOTORS,SELL,88,1495.65,131617.2
2025-11-20,BETA_INVEST,CL352010,RELIANCE,BUY,282,2342.97,660717.54
2025-11-21,DELTA_TRADES,CL346100,AXISBANK,SELL,64,1088.15,69641.6
2025-11-25,BETA_INVEST,CL287394,ICICIBANK,SELL,108,638.58,68966.64
2025-11-26,DELTA_TRADES,CL491248,KOTAKBANK,BUY,34,432.74,14713.16
2025-11-26,DELTA_TRADES,CL694864,TATAMOTORS,BUY,148,1815.22,268652.56
2025-11-21,OMEGA_BROKING,CL906465,ITC,BUY,252,160.39,40418.28
2025-11-25,BETA_INVEST,CL419986,RELIANCE,SELL,260,193.28,50252.8
2025-11-22,DELTA_TRADES,CL462509,HDFC,SELL,98,1125.48,110297.04
2025-11-21,DELTA_TRADES,CL356330,TATAMOTORS,BUY,232,1289.84,299242.88
2025-11-23,ALPHA_SEC,CL235209,RELIANCE,BUY,193,358.8,69248.4
2025-11-23,DELTA_TRADES,CL325657,TATAMOTORS,SELL,276,2039.37,562866.12
2025-11-20,OMEGA_BROKING,CL998689,ICICIBANK,BUY,19,565.82,10750.58
2025-11-23,BETA_INVEST,CL642104,SBIN,SELL,208,979.44,203723.52
2025-11-26,OMEGA_BROKING,CL901484,KOTAKBANK,BUY,210,2254.47,473438.7
2025-11-25,OMEGA_BROKING,CL054950,LT,BUY,77,2493.13,191971.01
2025-11-23,BETA_INVEST,CL550353,KOTAKBANK,BUY,291,2321.83,675652.53
2025-11-24,BETA_INVEST,CL199290,ICICIBANK,SELL,205,2437.47,499681.35
2025-11-22,DELTA_TRADES,CL384065,TATAMOTORS,SELL,57,523.09,29816.13
2025-11-23,BETA_INVEST,CL799706,TATAMOTORS,SELL,19,662.98,12596.62
2025-11-26,OMEGA_BROKING,CL017040,INFY,SELL,2,1337.62,2675.24
2025-11-22,OMEGA_BROKING,CL774900,SBIN,SELL,112,278.41,31181.92
2025-11-24,ALPHA_SEC,CL258881,AXISBANK,SELL,154,598.72,92202.88
2025-11-26,BETA_INVEST,CL684678,HDFC,SELL,238,1222.42,290935.96
2025-11-25,OMEGA_BROKING,CL675284,INFY,BUY,195,1947.67,379795.65
2025-11-23,BETA_INVEST,CL054573,RELIANCE,SELL,262,664.06,173983.72
2025-11-21,ALPHA_SEC,CL410432,AXISBANK,SELL,115,1436.41,165187.15
2025-11-21,OMEGA_BROKING,CL880873,RELIANCE,SELL,47,866.53,40726.91
2025-11-22,ALPHA_SEC,CL987543,ICICIBANK,BUY,8,1536.42,12291.36
2025-11-26,DELTA_TRADES,CL643013,HDFC,SELL,208,1560.41,324565.28
2025-11-24,BETA_INVEST,CL708165,ITC,BUY,252,1810.36,456210.72
2025-11-26,DELTA_TRADES,CL500568,RELIANCE,BUY,39,275.31,10737.09
2025-11-23,DELTA_TRADES,CL574426,HDFC,BUY,152,1087.9,165360.8
2025-11-25,DELTA_TRADES,CL409101,INFY,SELL,10,393.54,3935.4
2025-11-26,DELTA_TRADES,CL286325,ITC,BUY,228,885.11,201805.08
2025-11-26,OMEGA_BROKING,CL210498,INFY,BUY,134,2456.92,329227.28
2025-11-23,ALPHA_SEC,CL530292,RELIANCE,BUY,242,142.69,34530.98
2025-11-26,OMEGA_BROKING,CL298531,RELIANCE,BUY,280,894.67,250507.6
2025-11-26,DELTA_TRADES,CL759945,RELIANCE,BUY,206,995.38,205048.28
2025-11-23,BETA_INVEST,CL816846,KOTAKBANK,SELL,172,1741.64,299562.08
2025-11-24,OMEGA_BROKING,CL510773,ITC,BUY,296,1479.02,437789.92
2025-11-22,BETA_INVEST,CL438527,RELIANCE,BUY,187,631.82,118150.34
2025-11-20,ALPHA_SEC,CL163183,RELIANCE,BUY,300,1942.97,582891.0
2025-11-22,OMEGA_BROKING,CL813825,INFY,BUY,182,1387.52,252528.64
2025-11-23,BETA_INVEST,CL052959,AXISBANK,BUY,148,1531.47,226657.56
2025-11-20,ALPHA_SEC,CL661969,AXISBANK,BUY,10,1896.63,18966.3
2025-11-24,OMEGA_BROKING,CL813665,KOTAKBANK,BUY,193,674.6,130197.8
2025-11-20,DELTA_TRADES,CL411668,KOTAKBANK,BUY,177,1162.74,205804.98
2025-11-23,ALPHA_SEC,CL468576,ITC,BUY,60,1215.82,72949.2
2025-11-22,ALPHA_SEC,CL379486,HDFC,SELL,152,1053.99,160206.48
2025-11-21,BETA_INVEST,CL694587,KOTAKBANK,SELL,290,1575.27,456828.3
2025-11-23,ALPHA_SEC,CL251359,AXISBANK,SELL,88,2245.56,197609.28
2025-11-23,BETA_INVEST,CL905431,KOTAKBANK,BUY,120,2268.0,272160.0
2025-11-22,ALPHA_SEC,CL558393,INFY,BUY,147,577.16,84842.52
2025-11-24,ALPHA_SEC,CL172716,ITC,BUY,39,186.26,7264.14
2025-11-20,OMEGA_BROKING,CL620121,RELIANCE,SELL,290,2289.86,664059.4
2025-11-20,DELTA_TRADES,CL149796,HDFC,SELL,27,541.31,14615.37
2025-11-21,OMEGA_BROKING,CL831489,SBIN,SELL,5,1788.22,8941.1
2025-11-21,OMEGA_BROKING,CL915458,KOTAKBANK,BUY,15,1235.39,18530.85
2025-11-24,BETA_INVEST,CL905058,RELIANCE,SELL,93,1930.46,179532.78
2025-11-26,DELTA_TRADES,CL456425,HDFC,SELL,296,495.19,146576.24
2025-11-22,BETA_INVEST,CL026159,LT,BUY,139,521.28,72457.92
2025-11-26,OMEGA_BROKING,CL969049,TATAMOTORS,SELL,211,1845.42,389383.62
2025-11-24,ALPHA_SEC,CL610391,AXISBANK,SELL,87,1347.42,117225.54
2025-11-24,OMEGA_BROKING,CL357815,RELIANCE,SELL,125,2462.13,307766.25
2025-11-26,BETA_INVEST,CL985545,INFY,SELL,276,1283.04,354119.04
2025-11-22,BETA_INVEST,CL350429,AXISBANK,BUY,9,1527.33,13745.97
2025-11-23,BETA_INVEST,CL239432,RELIANCE,BUY,242,1417.27,342979.34
2025-11-23,BETA_INVEST,CL837898,HDFC,BUY,101,882.87,89169.87
2025-11-20,ALPHA_SEC,CL066410,AXISBANK,BUY,268,880.78,236049.04
2025-11-22,OMEGA_BROKING,CL059393,ICICIBANK,BUY,61,180.94,11037.34
2025-11-23,DELTA_TRADES,CL721166,LT,BUY,11,365.11,4016.21
2025-11-20,ALPHA_SEC,CL996002,LT,BUY,285,1375.53,392026.05
2025-11-23,ALPHA_SEC,CL977827,KOTAKBANK,SELL,189,477.59,90264.51
2025-11-25,ALPHA_SEC,CL482912,LT,BUY,72,1949.09,140334.48
2025-11-22,BETA_INVEST,CL237745,ITC,SELL,140,300.54,42075.6
2025-11-24,BETA_INVEST,CL479191,INFY,SELL,84,996.49,83705.16
2025-11-20,OMEGA_BROKING,CL715915,TATAMOTORS,BUY,226,892.54,201714.04
2025-11-25,OMEGA_BROKING,CL402973,ITC,BUY,281,1786.34,501961.54
2025-11-25,BETA_INVEST,CL205204,INFY,SELL,295,1598.92,471681.4
2025-11-22,OMEGA_BROKING,CL046495,LT,SELL,125,1149.91,143738.75
2025-11-20,DELTA_TRADES,CL486198,INFY,BUY,229,1207.85,276597.65
2025-11-24,DELTA_TRADES,CL080763,HDFC,BUY,233,313.28,72994.24
2025-11-23,ALPHA_SEC,CL285498,TATAMOTORS,SELL,12,166.75,2001.0
2025-11-24,BETA_INVEST,CL470569,ITC,SELL,63,423.54,26683.02
2025-11-25,DELTA_TRADES,CL167924,RELIANCE,BUY,115,1347.84,155001.6
2025-11-25,ALPHA_SEC,CL271455,INFY,BUY,151,2159.74,326120.74
2025-11-20,ALPHA_SEC,CL952641,RELIANCE,BUY,24,1760.0,42240.0
2025-11-24,OMEGA_BROKING,CL733736,ICICIBANK,SELL,205,938.51,192394.55
2025-11-21,OMEGA_BROKING,CL605416,LT,BUY,249,227.76,56712.24
2025-11-22,BETA_INVEST,CL009168,RELIANCE,SELL,205,634.7,130113.5
2025-11-26,DELTA_TRADES,CL379291,ICICIBANK,SELL,137,539.04,73848.48
2025-11-21,OMEGA_BROKING,CL098470,AXISBANK,SELL,189,604.09,114173.01
2025-11-24,ALPHA_SEC,CL089060,ICICIBANK,SELL,148,1732.02,256338.96
2025-11-23,DELTA_TRADES,CL772147,LT,SELL,29,956.07,27726.03
2025-11-21,OMEGA_BROKING,CL329741,KOTAKBANK,SELL,130,2216.48,288142.4
2025-11-26,ALPHA_SEC,CL996336,TATAMOTORS,SELL,53,1311.28,69497.84
2025-11-20,OMEGA_BROKING,CL523464,SBIN,BUY,193,620.6,119775.8
2025-11-22,OMEGA_BROKING,CL331615,LT,BUY,184,328.06,60363.04
2025-11-20,DELTA_TRADES,CL154193,INFY,BUY,57,1641.51,93566.07
2025-11-26,DELTA_TRADES,CL483091,TATAMOTORS,BUY,15,661.14,9917.1
2025-11-21,ALPHA_SEC,CL843394,ICICIBANK,SELL,224,1782.72,399329.28
2025-11-26,DELTA_TRADES,CL654683,LT,BUY,43,1722.33,74060.19
2025-11-25,DELTA_TRADES,CL436394,HDFC,BUY,233,1197.18,278942.94
2025-11-26,BETA_INVEST,CL970257,LT,SELL,24,1477.95,35470.8
2025-11-22,OMEGA_BROKING,CL222985,INFY,SELL,220,640.62,140936.4
2025-11-23,ALPHA_SEC,CL245807,SBIN,SELL,81,1141.02,92422.62
2025-11-24,ALPHA_SEC,CL625330,SBIN,BUY,58,2076.23,120421.34
2025-11-22,ALPHA_SEC,CL481485,ITC,BUY,76,2477.83,188315.08
2025-11-22,ALPHA_SEC,CL753513,KOTAKBANK,SELL,232,1672.78,388084.96
2025-11-22,DELTA_TRADES,CL299874,AXISBANK,SELL,202,1079.9,218139.8
2025-11-21,BETA_INVEST,CL389630,ICICIBANK,BUY,187,1882.88,352098.56
2025-11-21,DELTA_TRADES,CL135495,SBIN,SELL,212,594.46,126025.52
2025-11-21,BETA_INVEST,CL006117,HDFC,SELL,190,2387.28,453583.2
2025-11-20,DELTA_TRADES,CL583518,KOTAKBANK,BUY,18,2125.37,38256.66
2025-11-23,ALPHA_SEC,CL214333,INFY,SELL,246,155.99,38373.54
2025-11-21,BETA_INVEST,CL036617,KOTAKBANK,SELL,52,1073.95,55845.4
2025-11-21,ALPHA_SEC,CL425669,SBIN,BUY,299,202.15,60442.85
2025-11-21,DELTA_TRADES,CL703996,LT,BUY,254,1321.71,335714.34
2025-11-24,DELTA_TRADES,CL183143,RELIANCE,BUY,87,1685.39,146628.93
2025-11-26,DELTA_TRADES,CL436553,SBIN,SELL,84,1471.2,123580.8
2025-11-25,DELTA_TRADES,CL784773,KOTAKBANK,BUY,276,871.12,240429.12
2025-11-26,ALPHA_SEC,CL897634,HDFC,SELL,147,995.23,146298.81
2025-11-24,OMEGA_BROKING,CL880234,INFY,BUY,181,1222.73,221314.13
2025-11-25,ALPHA_SEC,CL902842,HDFC,BUY,284,1832.55,520444.2
2025-11-25,DELTA_TRADES,CL077194,TATAMOTORS,BUY,47,1081.07,50810.29
2025-11-25,ALPHA_SEC,CL838963,SBIN,SELL,185,2037.88,377007.8
2025-11-24,OMEGA_BROKING,CL475230,INFY,SELL,234,1295.82,303221.88
2025-11-25,OMEGA_BROKING,CL309967,ITC,BUY,108,2194.31,236985.48
2025-11-21,ALPHA_SEC,CL407909,LT,BUY,227,2361.17,535985.59
2025-11-21,BETA_INVEST,CL475012,INFY,SELL,166,1336.95,221933.7
2025-11-20,DELTA_TRADES,CL941583,LT,SELL,38,1400.56,53221.28
2025-11-25,ALPHA_SEC,CL253760,ITC,SELL,2,1037.04,2074.08
2025-11-26,DELTA_TRADES,CL192298,ICICIBANK,SELL,138,1755.25,242224.5
2025-11-22,ALPHA_SEC,CL260752,ITC,BUY,82,1136.01,93152.82
2025-11-22,OMEGA_BROKING,CL281956,KOTAKBANK,BUY,295,2456.01,724522.95
2025-11-20,BETA_INVEST,CL962527,HDFC,BUY,289,607.85,175668.65
2025-11-25,OMEGA_BROKING,CL154780,HDFC,BUY,51,2313.98,118012.98
2025-11-20,ALPHA_SEC,CL959058,ITC,SELL,33,153.31,5059.23
2025-11-20,BETA_INVEST,CL067842,AXISBANK,SELL,224,568.43,127328.32
2025-11-21,OMEGA_BROKING,CL226819,TATAMOTORS,BUY,1,1909.46,1909.46
2025-11-23,ALPHA_SEC,CL241822,RELIANCE,SELL,220,389.89,85775.8
2025-11-20,BETA_INVEST,CL045470,RELIANCE,BUY,108,1499.17,161910.36
2025-11-22,DELTA_TRADES,CL885056,INFY,SELL,13,1003.52,13045.76
2025-11-25,BETA_INVEST,CL414951,KOTAKBANK,BUY,96,2420.89,232405.44
2025-11-23,OMEGA_BROKING,CL001003,HDFC,SELL,11,1434.98,15784.78
2025-11-24,OMEGA_BROKING,CL151138,AXISBANK,BUY,284,490.29,139242.36
2025-11-24,OMEGA_BROKING,CL335142,TATAMOTORS,BUY,165,1953.58,322340.7
2025-11-25,ALPHA_SEC,CL412485,AXISBANK,SELL,188,1576.89,296455.32
2025-11-26,OMEGA_BROKING,CL660061,AXISBANK,BUY,83,191.29,15877.07
2025-11-22,BETA_INVEST,CL857761,RELIANCE,SELL,123,546.38,67204.74
2025-11-23,BETA_INVEST,CL843929,HDFC,SELL,294,2006.34,589863.96
2025-11-21,DELTA_TRADES,CL805034,KOTAKBANK,BUY,172,1907.68,328120.96
2025-11-21,BETA_INVEST,CL365687,INFY,BUY,52,938.47,48800.44
2025-11-25,DELTA_TRADES,CL552900,KOTAKBANK,SELL,159,2430.75,386489.25
2025-11-22,ALPHA_SEC,CL123578,TATAMOTORS,SELL,292,1927.72,562894.24
2025-11-25,ALPHA_SEC,CL537140,AXISBANK,BUY,271,1722.73,466859.83
2025-11-26,BETA_INVEST,CL858306,RELIANCE,SELL,174,1904.33,331353.42
2025-11-20,DELTA_TRADES,CL749964,TATAMOTORS,SELL,159,2350.53,373734.27
2025-11-24,BETA_INVEST,CL925188,TATAMOTORS,BUY,127,763.66,96984.82
2025-11-23,DELTA_TRADES,CL139251,INFY,BUY,82,2263.31,185591.42
2025-11-26,DELTA_TRADES,CL646103,LT,SELL,39,943.26,36787.14
2025-11-20,OMEGA_BROKING,CL496873,HDFC,SELL,32,1071.1,34275.2
2025-11-22,BETA_INVEST,CL987663,ITC,SELL,106,1071.87,113618.22
2025-11-21,BETA_INVEST,CL249810,AXISBANK,BUY,200,2481.96,496392.0
2025-11-22,DELTA_TRADES,CL665359,RELIANCE,BUY,65,388.34,25242.1
2025-11-21,DELTA_TRADES,CL668736,INFY,BUY,67,1301.57,87205.19
2025-11-21,ALPHA_SEC,CL852536,KOTAKBANK,BUY,124,550.14,68217.36
2025-11-22,BETA_INVEST,CL753789,INFY,SELL,286,1131.6,323637.6
2025-11-26,OMEGA_BROKING,CL219929,TATAMOTORS,SELL,100,2004.35,200435.0
2025-11-22,BETA_INVEST,CL803894,AXISBANK,BUY,40,1332.08,53283.2
2025-11-23,BETA_INVEST,CL795519,RELIANCE,BUY,64,1277.78,81777.92
2025-11-20,DELTA_TRADES,CL954239,ICICIBANK,SELL,256,1682.39,430691.84
2025-11-21,BETA_INVEST,CL427871,KOTAKBANK,SELL,87,1689.28,146967.36
2025-11-20,ALPHA_SEC,CL040206,KOTAKBANK,SELL,37,2463.07,91133.59
2025-11-24,DELTA_TRADES,CL496690,SBIN,SELL,19,1429.51,27160.69
2025-11-21,DELTA_TRADES,CL539469,ITC,BUY,199,630.59,125487.41
2025-11-25,DELTA_TRADES,CL418848,ICICIBANK,SELL,9,556.09,5004.81
2025-11-20,BETA_INVEST,CL610558,SBIN,BUY,118,1168.85,137924.3
2025-11-22,OMEGA_BROKING,CL769787,SBIN,BUY,5,717.63,3588.15
2025-11-26,BETA_INVEST,CL917932,SBIN,BUY,41,1669.86,68464.26
2025-11-24,DELTA_TRADES,CL640519,TATAMOTORS,SELL,89,2187.75,194709.75
2025-11-22,ALPHA_SEC,CL007797,ICICIBANK,BUY,42,1543.81,64840.02
2025-11-26,OMEGA_BROKING,CL052359,TATAMOTORS,BUY,70,1026.28,71839.6
2025-11-26,BETA_INVEST,CL271108,ITC,SELL,2,2070.78,4141.56
2025-11-20,OMEGA_BROKING,CL594797,KOTAKBANK,SELL,108,2141.14,231243.12
2025-11-25,OMEGA_BROKING,CL802394,ITC,SELL,54,2371.4,128055.6
2025-11-26,DELTA_TRADES,CL742474,INFY,BUY,84,1626.66,136639.44
2025-11-23,BETA_INVEST,CL758136,RELIANCE,SELL,198,1037.01,205327.98
2025-11-21,DELTA_TRADES,CL283318,KOTAKBANK,SELL,269,1420.92,382227.48
2025-11-26,BETA_INVEST,CL449780,ICICIBANK,SELL,250,2164.84,541210.0
2025-11-22,DELTA_TRADES,CL803630,RELIANCE,SELL,51,2179.98,111178.98
2025-11-23,DELTA_TRADES,CL621432,AXISBANK,BUY,9,971.68,8745.12
2025-11-22,BETA_INVEST,CL456422,TATAMOTORS,SELL,40,1679.53,67181.2
2025-11-24,ALPHA_SEC,CL319787,ICICIBANK,BUY,279,968.1,270099.9
2025-11-23,DELTA_TRADES,CL439795,TATAMOTORS,BUY,65,795.5,51707.5
2025-11-26,BETA_INVEST,CL315427,AXISBANK,SELL,268,2438.88,653619.84
2025-11-20,BETA_INVEST,CL784328,LT,BUY,145,481.5,69817.5
2025-11-25,BETA_INVEST,CL881881,AXISBANK,BUY,210,523.64,109964.4
2025-11-23,OMEGA_BROKING,CL674325,TATAMOTORS,SELL,153,2330.24,356526.72
2025-11-20,ALPHA_SEC,CL284337,RELIANCE,SELL,196,159.46,31254.16
2025-11-25,OMEGA_BROKING,CL508783,SBIN,BUY,42,747.54,31396.68
2025-11-21,BETA_INVEST,CL104110,KOTAKBANK,BUY,113,547.11,61823.43
2025-11-20,BETA_INVEST,CL673024,LT,BUY,211,691.48,145902.28
2025-11-24,ALPHA_SEC,CL108179,KOTAKBANK,BUY,75,960.61,72045.75
2025-11-24,DELTA_TRADES,CL251750,TATAMOTORS,BUY,108,1031.37,111387.96
2025-11-21,BETA_INVEST,CL009663,SBIN,SELL,150,619.04,92856.0
2025-11-25,BETA_INVEST,CL834413,ITC,SELL,148,1669.33,247060.84
2025-11-22,DELTA_TRADES,CL533519,SBIN,BUY,196,2433.56,476977.76
2025-11-24,ALPHA_SEC,CL759781,LT,SELL,138,1651.06,227846.28
2025-11-25,BETA_INVEST,CL999471,KOTAKBANK,BUY,8,262.59,2100.72
2025-11-22,DELTA_TRADES,CL748256,INFY,BUY,18,2003.47,36062.46
2025-11-22,BETA_INVEST,CL589114,ITC,BUY,41,1794.83,73588.03
2025-11-21,ALPHA_SEC,CL366870,INFY,BUY,40,624.69,24987.6
2025-11-23,ALPHA_SEC,CL390459,LT,SELL,293,791.5,231909.5
2025-11-22,DELTA_TRADES,CL016939,SBIN,SELL,45,1733.42,78003.9
2025-11-25,BETA_INVEST,CL254294,AXISBANK,SELL,299,868.57,259702.43
2025-11-20,DELTA_TRADES,CL510220,LT,SELL,218,2140.29,466583.22
2025-11-22,ALPHA_SEC,CL754863,TATAMOTORS,SELL,208,2137.86,444674.88
2025-11-25,DELTA_TRADES,CL750657,LT,SELL,185,2369.07,438277.95
2025-11-26,BETA_INVEST,CL245952,ICICIBANK,SELL,248,1079.37,267683.76
2025-11-24,OMEGA_BROKING,CL630071,RELIANCE,BUY,251,2271.65,570184.15
2025-11-21,BETA_INVEST,CL579741,RELIANCE,SELL,18,2244.74,40405.32
2025-11-22,DELTA_TRADES,CL630382,KOTAKBANK,BUY,88,2082.03,183218.64
2025-11-23,DELTA_TRADES,CL550719,LT,BUY,65,1489.57,96822.05
2025-11-20,BETA_INVEST,CL327595,ITC,BUY,71,219.93,15615.03
2025-11-25,OMEGA_BROKING,CL778388,ICICIBANK,BUY,156,935.63,145958.28
2025-11-24,ALPHA_SEC,CL578794,RELIANCE,BUY,60,2143.85,128631.0
2025-11-20,ALPHA_SEC,CL862804,LT,BUY,6,2148.48,12890.88
2025-11-25,OMEGA_BROKING,CL796659,RELIANCE,BUY,232,2393.08,555194.56
2025-11-22,ALPHA_SEC,CL962247,INFY,SELL,186,1547.88,287905.68
2025-11-25,ALPHA_SEC,CL147472,ITC,BUY,38,1583.34,60166.92
2025-11-23,OMEGA_BROKING,CL582307,INFY,SELL,163,279.23,45514.49
2025-11-20,BETA_INVEST,CL397647,TATAMOTORS,BUY,281,962.55,270476.55
2025-11-22,OMEGA_BROKING,CL829116,ITC,BUY,18,2182.75,39289.5
2025-11-26,ALPHA_SEC,CL590009,ITC,SELL,272,2429.94,660943.68
2025-11-22,DELTA_TRADES,CL782684,AXISBANK,SELL,203,2242.38,455203.14
2025-11-24,DELTA_TRADES,CL198277,SBIN,BUY,25,671.98,16799.5
2025-11-24,ALPHA_SEC,CL485368,KOTAKBANK,BUY,113,1457.77,164728.01
2025-11-20,BETA_INVEST,CL895938,TATAMOTORS,BUY,119,166.29,19788.51
2025-11-26,DELTA_TRADES,CL640584,TATAMOTORS,BUY,102,1275.7,130121.4
2025-11-25,OMEGA_BROKING,CL002170,LT,BUY,119,271.17,32269.23
2025-11-24,BETA_INVEST,CL541769,LT,BUY,40,2000.26,80010.4
2025-11-20,BETA_INVEST,CL324377,HDFC,BUY,60,1648.47,98908.2
2025-11-21,DELTA_TRADES,CL586958,TATAMOTORS,BUY,63,845.67,53277.21
2025-11-25,OMEGA_BROKING,CL889874,AXISBANK,BUY,241,1133.94,273279.54
2025-11-26,ALPHA_SEC,CL279772,INFY,BUY,48,1537.93,73820.64
2025-11-25,BETA_INVEST,CL684589,LT,BUY,17,1103.61,18761.37
2025-11-24,BETA_INVEST,CL733906,TATAMOTORS,BUY,5,1467.04,7335.2
2025-11-21,OMEGA_BROKING,CL713993,HDFC,BUY,287,1422.37,408220.19
2025-11-20,OMEGA_BROKING,CL950033,TATAMOTORS,BUY,63,2048.88,129079.44
2025-11-21,BETA_INVEST,CL188031,TATAMOTORS,BUY,174,1681.44,292570.56
2025-11-21,BETA_INVEST,CL939067,ITC,SELL,99,777.98,77020.02
2025-11-26,DELTA_TRADES,CL624542,TATAMOTORS,BUY,282,1569.15,442500.3
2025-11-22,BETA_INVEST,CL204123,KOTAKBANK,SELL,249,210.24,52349.76
2025-11-23,ALPHA_SEC,CL766839,HDFC,SELL,82,1304.48,106967.36
2025-11-23,OMEGA_BROKING,CL343064,TATAMOTORS,SELL,194,1323.77,256811.38
2025-11-23,BETA_INVEST,CL953288,RELIANCE,SELL,77,1208.6,93062.2
2025-11-22,ALPHA_SEC,CL981293,LT,SELL,102,354.81,36190.62
2025-11-22,BETA_INVEST,CL926485,LT,SELL,263,1261.68,331821.84
2025-11-26,ALPHA_SEC,CL313428,ICICIBANK,SELL,196,352.18,69027.28
2025-11-22,ALPHA_SEC,CL401948,ITC,BUY,110,1302.1,143231.0
2025-11-22,DELTA_TRADES,CL908355,SBIN,BUY,102,786.17,80189.34
2025-11-23,DELTA_TRADES,CL826991,TATAMOTORS,SELL,104,2201.82,228989.28
2025-11-26,DELTA_TRADES,CL520724,RELIANCE,BUY,162,961.07,155693.34
2025-11-26,OMEGA_BROKING,CL689265,AXISBANK,BUY,107,2176.02,232834.14
2025-11-23,ALPHA_SEC,CL864103,ITC,SELL,121,1012.16,122471.36
2025-11-22,BETA_INVEST,CL360742,RELIANCE,BUY,83,1837.87,152543.21
2025-11-23,OMEGA_BROKING,CL994422,SBIN,SELL,250,1901.88,475470.0
2025-11-21,ALPHA_SEC,CL902892,HDFC,SELL,97,1923.81,186609.57
2025-11-26,ALPHA_SEC,CL964279,SBIN,SELL,206,1487.22,306367.32
2025-11-21,DELTA_TRADES,CL106631,ITC,BUY,81,1838.71,148935.51
2025-11-23,BETA_INVEST,CL183157,ITC,BUY,16,2279.02,36464.32
2025-11-21,DELTA_TRADES,CL608327,ICICIBANK,BUY,134,2343.46,314023.64
2025-11-24,ALPHA_SEC,CL595841,ICICIBANK,BUY,199,2359.78,469596.22
2025-11-25,ALPHA_SEC,CL278567,TATAMOTORS,SELL,208,232.72,48405.76
2025-11-20,OMEGA_BROKING,CL365420,KOTAKBANK,BUY,287,2184.95,627080.65
2025-11-23,DELTA_TRADES,CL474910,HDFC,BUY,103,1958.17,201691.51
2025-11-20,ALPHA_SEC,CL756282,ITC,SELL,5,1903.02,9515.1
2025-11-21,OMEGA_BROKING,CL341439,AXISBANK,BUY,145,1163.78,168748.1
2025-11-21,ALPHA_SEC,CL375588,SBIN,BUY,65,1457.04,94707.6
2025-11-21,BETA_INVEST,CL747948,SBIN,BUY,254,2303.98,585210.92
2025-11-22,DELTA_TRADES,CL682473,SBIN,SELL,142,1660.46,235785.32
2025-11-23,ALPHA_SEC,CL218572,LT,BUY,8,1409.51,11276.08
2025-11-25,BETA_INVEST,CL939876,RELIANCE,BUY,61,1213.57,74027.77
2025-11-23,BETA_INVEST,CL278387,AXISBANK,BUY,297,372.3,110573.1
2025-11-23,DELTA_TRADES,CL673833,LT,SELL,144,2024.43,291517.92
2025-11-25,DELTA_TRADES,CL102957,AXISBANK,SELL,297,666.05,197816.85
2025-11-26,DELTA_TRADES,CL970717,ICICIBANK,SELL,104,2458.55,255689.2
2025-11-21,BETA_INVEST,CL398195,KOTAKBANK,SELL,103,1067.3,109931.9
2025-11-22,BETA_INVEST,CL421502,TATAMOTORS,BUY,192,1053.1,202195.2
2025-11-22,ALPHA_SEC,CL903420,ICICIBANK,SELL,35,568.63,19902.05
2025-11-26,DELTA_TRADES,CL390954,ITC,BUY,199,1633.65,325096.35
2025-11-24,DELTA_TRADES,CL621412,INFY,SELL,208,1199.99,249597.92
2025-11-22,ALPHA_SEC,CL656718,INFY,BUY,186,1477.59,274831.74
2025-11-20,OMEGA_BROKING,CL138070,ICICIBANK,SELL,101,869.58,87827.58
2025-11-22,ALPHA_SEC,CL238412,LT,SELL,128,1143.26,146337.28
2025-11-26,ALPHA_SEC,CL928137,ITC,SELL,121,1462.85,177004.85
2025-11-25,DELTA_TRADES,CL408173,TATAMOTORS,BUY,107,1505.68,161107.76
2025-11-23,BETA_INVEST,CL350203,SBIN,SELL,118,1075.81,126945.58
2025-11-22,BETA_INVEST,CL661508,RELIANCE,BUY,254,1244.31,316054.74
2025-11-20,OMEGA_BROKING,CL541948,INFY,SELL,151,2264.23,341898.73
2025-11-24,ALPHA_SEC,CL267215,SBIN,SELL,3,1675.78,5027.34
2025-11-22,DELTA_TRADES,CL743884,RELIANCE,BUY,277,1317.82,365036.14
2025-11-22,ALPHA_SEC,CL285005,LT,BUY,67,2117.59,141878.53
2025-11-21,BETA_INVEST,CL641341,SBIN,BUY,6,2327.21,13963.26
2025-11-26,BETA_INVEST,CL684805,SBIN,BUY,10,2449.7,24497.0
2025-11-20,OMEGA_BROKING,CL260887,ITC,BUY,31,2302.52,71378.12
2025-11-25,ALPHA_SEC,CL237025,HDFC,BUY,127,1480.57,188032.39
2025-11-24,ALPHA_SEC,CL516629,KOTAKBANK,SELL,181,682.32,123499.92
2025-11-23,ALPHA_SEC,CL816338,LT,BUY,278,809.1,224929.8
2025-11-22,ALPHA_SEC,CL641288,AXISBANK,SELL,140,1180.41,165257.4
2025-11-21,DELTA_TRADES,CL146449,AXISBANK,BUY,112,2277.79,255112.48
2025-11-22,ALPHA_SEC,CL351093,SBIN,SELL,172,603.34,103774.48
2025-11-24,BETA_INVEST,CL328114,LT,BUY,21,1829.52,38419.92
2025-11-22,DELTA_TRADES,CL984361,TATAMOTORS,SELL,193,462.57,89276.01
2025-11-22,BETA_INVEST,CL851093,ITC,BUY,120,2490.82,298898.4
2025-11-24,OMEGA_BROKING,CL271916,ICICIBANK,SELL,167,300.89,50248.63
2025-11-26,BETA_INVEST,CL369868,SBIN,SELL,65,234.75,15258.75
2025-11-22,ALPHA_SEC,CL026603,SBIN,BUY,272,172.34,46876.48
2025-11-24,BETA_INVEST,CL367168,KOTAKBANK,BUY,29,1737.5,50387.5
2025-11-20,ALPHA_SEC,CL734065,KOTAKBANK,SELL,96,704.87,67667.52
2025-11-22,ALPHA_SEC,CL894525,TATAMOTORS,BUY,32,1870.21,59846.72
2025-11-20,ALPHA_SEC,CL242872,INFY,SELL,18,367.98,6623.64
2025-11-24,DELTA_TRADES,CL932878,AXISBANK,SELL,25,1181.66,29541.5
2025-11-21,BETA_INVEST,CL894851,LT,SELL,176,264.3,46516.8
2025-11-20,ALPHA_SEC,CL595791,ICICIBANK,SELL,90,1585.91,142731.9
2025-11-21,DELTA_TRADES,CL619666,TATAMOTORS,SELL,133,743.24,98850.92
2025-11-22,OMEGA_BROKING,CL983141,KOTAKBANK,BUY,230,1629.85,374865.5
2025-11-20,ALPHA_SEC,CL386867,AXISBANK,BUY,54,504.19,27226.26
2025-11-21,DELTA_TRADES,CL776719,INFY,BUY,140,1356.29,189880.6
2025-11-24,ALPHA_SEC,CL073300,INFY,SELL,276,963.73,265989.48
2025-11-26,BETA_INVEST,CL125021,TATAMOTORS,BUY,12,609.67,7316.04
2025-11-24,BETA_INVEST,CL941079,SBIN,BUY,261,1195.87,312122.07
2025-11-26,OMEGA_BROKING,CL856503,KOTAKBANK,BUY,39,565.58,22057.62
2025-11-25,DELTA_TRADES,CL787238,ITC,BUY,61,495.53,30227.33
2025-11-20,BETA_INVEST,CL727343,LT,BUY,224,2257.73,505731.52
2025-11-20,BETA_INVEST,CL428930,ITC,SELL,182,1222.06,222414.92
2025-11-26,DELTA_TRADES,CL708762,SBIN,SELL,254,332.5,84455.0
2025-11-21,DELTA_TRADES,CL434103,SBIN,SELL,170,156.48,26601.6
2025-11-24,OMEGA_BROKING,CL305266,ICICIBANK,BUY,51,1130.64,57662.64
2025-11-21,BETA_INVEST,CL350338,KOTAKBANK,SELL,290,551.23,159856.7
2025-11-21,ALPHA_SEC,CL433017,LT,SELL,195,1226.54,239175.3
2025-11-21,OMEGA_BROKING,CL034622,ITC,BUY,260,933.77,242780.2
2025-11-26,OMEGA_BROKING,CL092032,KOTAKBANK,BUY,217,360.57,78243.69
2025-11-20,DELTA_TRADES,CL719884,AXISBANK,SELL,28,1395.99,39087.72
2025-11-23,BETA_INVEST,CL292061,INFY,BUY,111,1514.19,168075.09
2025-11-24,DELTA_TRADES,CL285057,HDFC,SELL,76,2227.89,169319.64
2025-11-21,OMEGA_BROKING,CL820259,TATAMOTORS,SELL,175,1783.74,312154.5
2025-11-24,BETA_INVEST,CL708398,HDFC,SELL,234,403.73,94472.82
2025-11-20,BETA_INVEST,CL095362,RELIANCE,SELL,7,2077.63,14543.41
2025-11-26,ALPHA_SEC,CL678649,INFY,BUY,139,1819.22,252871.58
2025-11-20,ALPHA_SEC,CL850372,ICICIBANK,BUY,54,1564.08,84460.32
2025-11-23,ALPHA_SEC,CL669493,SBIN,BUY,46,2351.4,108164.4
2025-11-26,OMEGA_BROKING,CL263330,TATAMOTORS,BUY,149,805.99,120092.51
2025-11-25,BETA_INVEST,CL714188,INFY,BUY,90,817.79,73601.1
2025-11-23,OMEGA_BROKING,CL774600,RELIANCE,BUY,299,2293.14,685648.86
2025-11-22,OMEGA_BROKING,CL779645,TATAMOTORS,SELL,250,2264.39,566097.5
2025-11-26,ALPHA_SEC,CL816993,ITC,SELL,109,2065.41,225129.69
2025-11-25,BETA_INVEST,CL915627,INFY,SELL,245,303.07,74252.15
2025-11-23,OMEGA_BROKING,CL364728,ICICIBANK,SELL,14,2182.91,30560.74
2025-11-23,ALPHA_SEC,CL020297,LT,BUY,272,1042.42,283538.24
2025-11-22,BETA_INVEST,CL577188,LT,SELL,7,241.81,1692.67
2025-11-22,BETA_INVEST,CL258730,INFY,BUY,281,1984.85,557742.85
2025-11-24,ALPHA_SEC,CL426794,ICICIBANK,SELL,265,1725.08,457146.2
2025-11-20,BETA_INVEST,CL995519,SBIN,SELL,289,2203.13,636704.57
2025-11-22,ALPHA_SEC,CL458372,SBIN,SELL,105,2269.54,238301.7
2025-11-23,ALPHA_SEC,CL782215,ITC,BUY,73,1210.26,88348.98
2025-11-26,BETA_INVEST,CL935423,RELIANCE,BUY,129,1176.58,151778.82
2025-11-26,OMEGA_BROKING,CL182093,ITC,SELL,102,1767.61,180296.22
2025-11-25,DELTA_TRADES,CL378654,KOTAKBANK,SELL,107,605.49,64787.43
2025-11-22,BETA_INVEST,CL222635,AXISBANK,SELL,125,2144.02,268002.5
2025-11-24,ALPHA_SEC,CL486544,AXISBANK,SELL,86,1800.45,154838.7
2025-11-25,ALPHA_SEC,CL045753,ITC,SELL,68,147.14,10005.52
2025-11-26,DELTA_TRADES,CL150086,KOTAKBANK,SELL,216,1745.21,376965.36
2025-11-20,DELTA_TRADES,CL528382,KOTAKBANK,SELL,167,2296.43,383503.81
2025-11-26,ALPHA_SEC,CL135322,INFY,SELL,136,2231.17,303439.12
2025-11-20,BETA_INVEST,CL824833,AXISBANK,BUY,107,1390.83,148818.81
2025-11-22,ALPHA_SEC,CL638280,ITC,SELL,201,2029.2,407869.2
2025-11-22,DELTA_TRADES,CL757546,LT,SELL,197,1802.25,355043.25
2025-11-21,BETA_INVEST,CL753162,HDFC,SELL,17,184.45,3135.65
2025-11-21,ALPHA_SEC,CL437802,ITC,SELL,206,1638.53,337537.18
2025-11-26,BETA_INVEST,CL682262,INFY,BUY,108,2250.63,243068.04
2025-11-21,BETA_INVEST,CL987704,KOTAKBANK,BUY,125,842.85,105356.25
2025-11-26,ALPHA_SEC,CL745013,ICICIBANK,BUY,295,1350.72,398462.4
2025-11-26,ALPHA_SEC,CL894049,SBIN,BUY,136,2457.33,334196.88
2025-11-22,BETA_INVEST,CL057553,INFY,BUY,107,354.01,37879.07
2025-11-21,DELTA_TRADES,CL877519,ICICIBANK,BUY,19,1315.19,24988.61
2025-11-21,ALPHA_SEC,CL603001,HDFC,BUY,19,1849.7,35144.3
2025-11-23,DELTA_TRADES,CL196099,ICICIBANK,BUY,28,2333.83,65347.24
2025-11-21,BETA_INVEST,CL411287,ITC,SELL,142,230.79,32772.18
2025-11-21,BETA_INVEST,CL492311,SBIN,SELL,38,1257.97,47802.86
2025-11-20,ALPHA_SEC,CL777656,TATAMOTORS,BUY,215,193.71,41647.65
2025-11-21,BETA_INVEST,CL106292,HDFC,BUY,62,370.35,22961.7
2025-11-22,DELTA_TRADES,CL430038,ITC,SELL,36,720.38,25933.68
2025-11-20,OMEGA_BROKING,CL358528,INFY,BUY,287,240.24,68948.88
2025-11-25,ALPHA_SEC,CL662735,AXISBANK,BUY,13,1537.33,19985.29
2025-11-22,BETA_INVEST,CL008237,ICICIBANK,BUY,265,1492.43,395493.95
2025-11-24,BETA_INVEST,CL804308,TATAMOTORS,BUY,49,1449.32,71016.68
2025-11-24,BETA_INVEST,CL075051,SBIN,SELL,51,980.52,50006.52
2025-11-21,ALPHA_SEC,CL217831,SBIN,SELL,117,2024.82,236903.94
2025-11-25,OMEGA_BROKING,CL681441,ICICIBANK,BUY,263,421.33,110809.79
2025-11-24,BETA_INVEST,CL702676,RELIANCE,BUY,272,1048.32,285143.04
2025-11-21,ALPHA_SEC,CL266580,TATAMOTORS,SELL,68,2247.32,152817.76
2025-11-22,BETA_INVEST,CL123262,INFY,BUY,112,1221.4,136796.8
2025-11-25,OMEGA_BROKING,CL100006,SBIN,SELL,205,471.71,96700.55
2025-11-24,ALPHA_SEC,CL078962,LT,SELL,255,233.49,59539.95
2025-11-26,DELTA_TRADES,CL433193,SBIN,BUY,276,1141.94,315175.44
2025-11-20,BETA_INVEST,CL031060,TATAMOTORS,SELL,60,2384.9,143094.0
2025-11-22,ALPHA_SEC,CL619419,INFY,BUY,232,859.8,199473.6
2025-11-24,ALPHA_SEC,CL559203,ITC,BUY,72,526.78,37928.16
2025-11-20,OMEGA_BROKING,CL192199,KOTAKBANK,BUY,85,1138.21,96747.85
2025-11-21,BETA_INVEST,CL983351,SBIN,SELL,1,1970.42,1970.42
2025-11-22,DELTA_TRADES,CL753515,TATAMOTORS,BUY,262,2124.11,556516.82
2025-11-24,OMEGA_BROKING,CL217420,ITC,SELL,79,1807.93,142826.47
2025-11-23,ALPHA_SEC,CL993877,RELIANCE,SELL,192,324.49,62302.08
2025-11-26,DELTA_TRADES,CL852786,INFY,BUY,77,1246.79,96002.83
2025-11-21,BETA_INVEST,CL419062,INFY,SELL,59,864.21,50988.39
2025-11-23,OMEGA_BROKING,CL262148,RELIANCE,BUY,279,1372.0,382788.0
2025-11-20,OMEGA_BROKING,CL184384,INFY,BUY,98,1425.84,139732.32
2025-11-26,ALPHA_SEC,CL805370,LT,BUY,74,1442.62,106753.88
2025-11-24,ALPHA_SEC,CL942085,AXISBANK,SELL,204,2142.27,437023.08
2025-11-22,OMEGA_BROKING,CL431129,LT,SELL,208,751.32,156274.56
2025-11-25,DELTA_TRADES,CL858927,INFY,BUY,198,1087.18,215261.64
2025-11-22,OMEGA_BROKING,CL475869,HDFC,SELL,260,412.49,107247.4
2025-11-24,OMEGA_BROKING,CL506915,AXISBANK,SELL,130,1958.63,254621.9
2025-11-21,OMEGA_BROKING,CL865035,TATAMOTORS,BUY,122,2055.05,250716.1
2025-11-23,BETA_INVEST,CL170244,TATAMOTORS,BUY,186,1718.79,319694.94
2025-11-25,DELTA_TRADES,CL194202,ICICIBANK,SELL,42,2113.54,88768.68
2025-11-25,DELTA_TRADES,CL490807,HDFC,BUY,35,1078.02,37730.7
2025-11-23,DELTA_TRADES,CL971866,RELIANCE,BUY,219,741.96,162489.24
2025-11-23,OMEGA_BROKING,CL535474,KOTAKBANK,SELL,10,925.05,9250.5
2025-11-24,DELTA_TRADES,CL836404,ICICIBANK,SELL,227,905.05,205446.35
2025-11-20,ALPHA_SEC,CL201718,ICICIBANK,BUY,147,2327.71,342173.37
2025-11-25,OMEGA_BROKING,CL093429,KOTAKBANK,SELL,140,611.11,85555.4
2025-11-24,ALPHA_SEC,CL616485,SBIN,BUY,236,331.72,78285.92
2025-11-26,ALPHA_SEC,CL879713,ICICIBANK,SELL,261,447.06,116682.66
2025-11-26,DELTA_TRADES,CL101957,HDFC,BUY,161,2271.36,365688.96
2025-11-23,OMEGA_BROKING,CL342216,INFY,SELL,155,773.54,119898.7
2025-11-23,ALPHA_SEC,CL653265,RELIANCE,BUY,6,1567.64,9405.84
2025-11-24,BETA_INVEST,CL434528,SBIN,SELL,172,2060.2,354354.4
2025-11-25,OMEGA_BROKING,CL790627,LT,BUY,93,1024.08,95239.44
2025-11-21,OMEGA_BROKING,CL135658,HDFC,BUY,123,1333.49,164019.27
2025-11-23,OMEGA_BROKING,CL138166,TATAMOTORS,BUY,161,441.28,71046.08
2025-11-26,DELTA_TRADES,CL144845,AXISBANK,BUY,148,958.67,141883.16
2025-11-20,DELTA_TRADES,CL145839,LT,BUY,76,1281.74,97412.24
2025-11-22,BETA_INVEST,CL273136,RELIANCE,SELL,92,1532.36,140977.12
2025-11-25,ALPHA_SEC,CL600302,INFY,SELL,211,1565.4,330299.4
2025-11-20,ALPHA_SEC,CL209063,INFY,SELL,129,1081.21,139476.09
2025-11-21,ALPHA_SEC,CL666258,RELIANCE,SELL,160,2197.6,351616.0
2025-11-20,ALPHA_SEC,CL899615,AXISBANK,BUY,117,356.48,41708.16
2025-11-20,ALPHA_SEC,CL661310,RELIANCE,BUY,116,1943.06,225394.96
2025-11-24,OMEGA_BROKING,CL739839,ITC,SELL,56,935.46,52385.76
2025-11-21,BETA_INVEST,CL486254,ICICIBANK,SELL,110,1594.97,175446.7
2025-11-21,OMEGA_BROKING,CL192404,LT,SELL,245,1615.43,395780.35
2025-11-22,ALPHA_SEC,CL551599,ICICIBANK,BUY,230,319.76,73544.8
2025-11-23,OMEGA_BROKING,CL946550,TATAMOTORS,BUY,225,171.55,38598.75
2025-11-20,DELTA_TRADES,CL150852,ICICIBANK,BUY,203,1813.78,368197.34
2025-11-23,BETA_INVEST,CL210456,AXISBANK,BUY,128,1468.31,187943.68
2025-11-22,ALPHA_SEC,CL716313,INFY,BUY,213,2331.77,496667.01
2025-11-22,BETA_INVEST,CL174172,ITC,BUY,234,953.03,223009.02
2025-11-21,BETA_INVEST,CL806770,SBIN,SELL,270,798.68,215643.6
2025-11-26,BETA_INVEST,CL995259,ICICIBANK,SELL,37,2024.53,74907.61
2025-11-22,DELTA_TRADES,CL818261,AXISBANK,SELL,296,2289.64,677733.44
2025-11-20,BETA_INVEST,CL934222,ICICIBANK,BUY,99,1903.88,188484.12
2025-11-22,BETA_INVEST,CL770159,KOTAKBANK,BUY,243,2043.07,496466.01
2025-11-26,BETA_INVEST,CL287289,HDFC,BUY,60,963.69,57821.4
2025-11-23,OMEGA_BROKING,CL419202,RELIANCE,SELL,211,1573.25,331955.75
2025-11-23,DELTA_TRADES,CL718289,KOTAKBANK,BUY,81,663.59,53750.79
2025-11-25,DELTA_TRADES,CL033177,SBIN,BUY,83,144.74,12013.42
2025-11-24,OMEGA_BROKING,CL374965,LT,SELL,110,2293.13,252244.3
2025-11-21,BETA_INVEST,CL819505,KOTAKBANK,SELL,156,645.63,100718.28
2025-11-24,DELTA_TRADES,CL852873,AXISBANK,SELL,6,1331.01,7986.06
2025-11-26,ALPHA_SEC,CL021590,RELIANCE,SELL,47,572.19,26892.93
2025-11-20,ALPHA_SEC,CL635273,LT,BUY,246,338.51,83273.46
2025-11-20,OMEGA_BROKING,CL579497,AXISBANK,BUY,9,1768.49,15916.41
2025-11-21,OMEGA_BROKING,CL192213,TATAMOTORS,SELL,102,1858.19,189535.38
2025-11-25,OMEGA_BROKING,CL474613,TATAMOTORS,SELL,244,1464.65,357374.6
2025-11-21,OMEGA_BROKING,CL028456,LT,SELL,292,2224.41,649527.72
2025-11-24,BETA_INVEST,CL208045,SBIN,BUY,169,2044.56,345530.64
2025-11-20,DELTA_TRADES,CL497032,TATAMOTORS,BUY,299,1496.18,447357.82
2025-11-24,OMEGA_BROKING,CL876840,LT,SELL,231,1868.04,431517.24
2025-11-23,BETA_INVEST,CL485348,ITC,SELL,174,1417.68,246676.32
2025-11-20,BETA_INVEST,CL538395,KOTAKBANK,SELL,283,1454.73,411688.59
2025-11-20,BETA_INVEST,CL841908,INFY,BUY,58,756.48,43875.84
2025-11-25,DELTA_TRADES,CL067614,LT,SELL,26,2131.66,55423.16
2025-11-23,DELTA_TRADES,CL827540,INFY,SELL,213,693.41,147696.33
2025-11-24,ALPHA_SEC,CL313735,TATAMOTORS,SELL,141,282.54,39838.14
2025-11-21,ALPHA_SEC,CL642576,LT,SELL,233,264.3,61581.9
2025-11-22,ALPHA_SEC,CL299217,INFY,SELL,171,144.14,24647.94
2025-11-24,ALPHA_SEC,CL177304,HDFC,SELL,57,190.55,10861.35
2025-11-26,ALPHA_SEC,CL531871,INFY,SELL,18,1238.11,22285.98
2025-11-22,OMEGA_BROKING,CL665785,HDFC,BUY,164,1474.16,241762.24
2025-11-25,ALPHA_SEC,CL044141,SBIN,SELL,10,838.14,8381.4
2025-11-21,OMEGA_BROKING,CL477475,HDFC,BUY,114,895.64,102102.96
2025-11-25,ALPHA_SEC,CL428435,AXISBANK,BUY,1,1702.14,1702.14
2025-11-20,BETA_INVEST,CL423131,RELIANCE,SELL,26,850.7,22118.2
2025-11-22,ALPHA_SEC,CL096640,AXISBANK,SELL,239,1775.13,424256.07
2025-11-23,BETA_INVEST,CL975072,ITC,SELL,299,2274.39,680042.61
2025-11-21,DELTA_TRADES,CL467745,ICICIBANK,BUY,229,816.26,186923.54
2025-11-20,ALPHA_SEC,CL572060,ICICIBANK,BUY,79,1059.66,83713.14
2025-11-25,BETA_INVEST,CL343299,TATAMOTORS,BUY,141,2186.85,308345.85
2025-11-21,ALPHA_SEC,CL687071,HDFC,BUY,174,487.73,84865.02
2025-11-22,ALPHA_SEC,CL255354,AXISBANK,BUY,71,140.26,9958.46
2025-11-25,DELTA_TRADES,CL576906,ICICIBANK,BUY,225,1291.16,290511.0
2025-11-26,DELTA_TRADES,CL469157,TATAMOTORS,BUY,16,250.56,4008.96
2025-11-20,BETA_INVEST,CL582538,LT,BUY,210,779.16,163623.6
2025-11-20,BETA_INVEST,CL873465,ITC,SELL,276,488.38,134792.88
2025-11-25,DELTA_TRADES,CL990586,KOTAKBANK,BUY,255,2307.62,588443.1
2025-11-22,DELTA_TRADES,CL432930,KOTAKBANK,BUY,119,324.51,38616.69
2025-11-25,BETA_INVEST,CL589466,ITC,SELL,170,1268.88,215709.6
2025-11-25,BETA_INVEST,CL085157,KOTAKBANK,BUY,34,1357.59,46158.06
2025-11-22,OMEGA_BROKING,CL798702,ITC,BUY,219,1787.38,391436.22
2025-11-20,OMEGA_BROKING,CL514802,SBIN,SELL,42,2173.74,91297.08
2025-11-25,BETA_INVEST,CL555227,HDFC,SELL,8,1743.02,13944.16
2025-11-23,ALPHA_SEC,CL941641,RELIANCE,SELL,290,732.87,212532.3
2025-11-25,ALPHA_SEC,CL606154,RELIANCE,BUY,71,2424.93,172170.03
2025-11-23,ALPHA_SEC,CL860724,HDFC,SELL,157,412.59,64776.63
2025-11-26,BETA_INVEST,CL494483,LT,SELL,132,1256.74,165889.68
2025-11-24,ALPHA_SEC,CL473852,HDFC,BUY,177,1333.38,236008.26
2025-11-24,ALPHA_SEC,CL555332,AXISBANK,SELL,261,1052.93,274814.73
2025-11-24,OMEGA_BROKING,CL613995,INFY,BUY,193,1012.04,195323.72
2025-11-21,DELTA_TRADES,CL379903,ICICIBANK,SELL,175,2422.62,423958.5
2025-11-26,ALPHA_SEC,CL905029,ICICIBANK,BUY,66,1660.73,109608.18
2025-11-26,ALPHA_SEC,CL603676,TATAMOTORS,BUY,6,681.91,4091.46
2025-11-25,DELTA_TRADES,CL035745,AXISBANK,SELL,284,264.37,75081.08
2025-11-24,BETA_INVEST,CL637361,SBIN,SELL,231,681.49,157424.19
2025-11-20,DELTA_TRADES,CL647328,LT,SELL,182,260.71,47449.22
2025-11-23,BETA_INVEST,CL177046,HDFC,BUY,174,136.29,23714.46
2025-11-26,ALPHA_SEC,CL552478,TATAMOTORS,SELL,172,137.43,23637.96
2025-11-22,DELTA_TRADES,CL858499,INFY,BUY,146,1104.59,161270.14
2025-11-21,DELTA_TRADES,CL140841,AXISBANK,BUY,161,1768.93,284797.73
2025-11-20,OMEGA_BROKING,CL977885,INFY,SELL,215,1379.56,296605.4
2025-11-22,BETA_INVEST,CL260462,INFY,BUY,89,1639.23,145891.47
2025-11-23,ALPHA_SEC,CL169718,LT,BUY,248,2230.16,553079.68
2025-11-26,OMEGA_BROKING,CL163472,TATAMOTORS,BUY,125,338.13,42266.25
2025-11-21,DELTA_TRADES,CL602137,ICICIBANK,SELL,299,973.98,291220.02
2025-11-21,OMEGA_BROKING,CL784548,HDFC,SELL,287,1861.97,534385.39
2025-11-21,DELTA_TRADES,CL094556,ICICIBANK,BUY,292,120.24,35110.08
2025-11-23,DELTA_TRADES,CL285064,INFY,SELL,206,322.24,66381.44
2025-11-23,OMEGA_BROKING,CL707076,AXISBANK,BUY,261,448.05,116941.05
2025-11-22,BETA_INVEST,CL184553,ICICIBANK,SELL,96,1142.8,109708.8
2025-11-24,BETA_INVEST,CL985190,HDFC,BUY,282,1805.08,509032.56
2025-11-26,ALPHA_SEC,CL449527,LT,BUY,112,533.82,59787.84
2025-11-24,OMEGA_BROKING,CL636707,ITC,SELL,5,125.69,628.45
2025-11-25,DELTA_TRADES,CL627350,ICICIBANK,SELL,212,1162.85,246524.2
2025-11-21,BETA_INVEST,CL620328,TATAMOTORS,SELL,251,1101.71,276529.21
2025-11-23,OMEGA_BROKING,CL016820,AXISBANK,SELL,21,1606.45,33735.45
2025-11-26,DELTA_TRADES,CL832716,RELIANCE,SELL,132,1458.83,192565.56
2025-11-20,DELTA_TRADES,CL834824,ITC,BUY,44,438.85,19309.4
2025-11-21,DELTA_TRADES,CL671983,INFY,BUY,214,1140.66,244101.24
2025-11-22,OMEGA_BROKING,CL295543,AXISBANK,BUY,211,470.74,99326.14
2025-11-25,BETA_INVEST,CL452297,SBIN,SELL,259,2170.52,562164.68
2025-11-21,DELTA_TRADES,CL109277,TATAMOTORS,BUY,218,1020.94,222564.92
2025-11-24,DELTA_TRADES,CL261190,ITC,SELL,265,805.41,213433.65
2025-11-22,ALPHA_SEC,CL082857,SBIN,SELL,28,2499.79,69994.12
2025-11-21,OMEGA_BROKING,CL732293,INFY,SELL,7,1065.92,7461.44
2025-11-24,OMEGA_BROKING,CL310620,TATAMOTORS,SELL,262,1194.46,312948.52
2025-11-24,ALPHA_SEC,CL137869,RELIANCE,SELL,261,2151.44,561525.84
2025-11-26,BETA_INVEST,CL535938,HDFC,SELL,40,1220.93,48837.2
2025-11-23,BETA_INVEST,CL449152,TATAMOTORS,SELL,13,1023.84,13309.92
2025-11-20,DELTA_TRADES,CL515522,RELIANCE,BUY,195,1992.78,388592.1
2025-11-22,BETA_INVEST,CL097333,LT,SELL,32,1286.94,41182.08
2025-11-24,OMEGA_BROKING,CL412098,ITC,SELL,299,1675.73,501043.27
2025-11-22,DELTA_TRADES,CL526519,AXISBANK,SELL,210,1671.5,351015.0
2025-11-24,OMEGA_BROKING,CL621082,AXISBANK,SELL,142,1297.53,184249.26
2025-11-26,DELTA_TRADES,CL874224,SBIN,BUY,177,810.03,143375.31
2025-11-21,DELTA_TRADES,CL268872,LT,BUY,103,1755.88,180855.64
2025-11-23,OMEGA_BROKING,CL145470,HDFC,BUY,35,1693.67,59278.45
2025-11-21,BETA_INVEST,CL238691,INFY,SELL,251,1033.52,259413.52
2025-11-21,BETA_INVEST,CL237036,TATAMOTORS,BUY,50,336.77,16838.5
2025-11-23,DELTA_TRADES,CL015449,ICICIBANK,BUY,298,163.33,48672.34
2025-11-25,BETA_INVEST,CL418995,RELIANCE,BUY,151,1381.77,208647.27
2025-11-26,ALPHA_SEC,CL039069,ICICIBANK,BUY,9,1069.17,9622.53
2025-11-25,ALPHA_SEC,CL850616,KOTAKBANK,SELL,9,1274.18,11467.62
2025-11-20,OMEGA_BROKING,CL801045,KOTAKBANK,BUY,185,1856.85,343517.25
2025-11-21,OMEGA_BROKING,CL696520,HDFC,BUY,179,1197.4,214334.6
2025-11-20,OMEGA_BROKING,CL619971,AXISBANK,BUY,171,787.53,134667.63
2025-11-20,ALPHA_SEC,CL753244,HDFC,SELL,221,342.77,75752.17
2025-11-23,BETA_INVEST,CL050560,AXISBANK,SELL,139,2258.86,313981.54
2025-11-26,ALPHA_SEC,CL704994,SBIN,SELL,22,2385.49,52480.78
2025-11-24,OMEGA_BROKING,CL604699,HDFC,BUY,44,575.59,25325.96
2025-11-26,ALPHA_SEC,CL786521,ICICIBANK,SELL,23,1098.82,25272.86
2025-11-22,DELTA_TRADES,CL634574,ITC,SELL,43,374.19,16090.17
2025-11-25,BETA_INVEST,CL116712,LT,SELL,122,2419.62,295193.64
2025-11-20,BETA_INVEST,CL778381,RELIANCE,SELL,64,830.25,53136.0
2025-11-22,OMEGA_BROKING,CL916835,TATAMOTORS,SELL,79,558.89,44152.31
2025-11-25,ALPHA_SEC,CL814756,KOTAKBANK,SELL,187,432.11,80804.57
2025-11-24,BETA_INVEST,CL795489,ICICIBANK,SELL,206,683.14,140726.84
2025-11-25,ALPHA_SEC,CL905161,TATAMOTORS,SELL,248,505.94,125473.12
2025-11-20,BETA_INVEST,CL389198,ITC,BUY,288,1941.11,559039.68
2025-11-21,ALPHA_SEC,CL082973,AXISBANK,BUY,88,1132.42,99652.96
2025-11-26,ALPHA_SEC,CL897765,AXISBANK,SELL,255,620.25,158163.75
2025-11-20,BETA_INVEST,CL522700,SBIN,BUY,294,1379.23,405493.62
2025-11-21,OMEGA_BROKING,CL790041,INFY,SELL,150,2094.35,314152.5
2025-11-25,DELTA_TRADES,CL938286,HDFC,SELL,167,378.87,63271.29
2025-11-23,OMEGA_BROKING,CL879008,LT,BUY,128,609.44,78008.32
2025-11-26,OMEGA_BROKING,CL555085,ITC,BUY,161,2187.31,352156.91
2025-11-22,OMEGA_BROKING,CL388243,ITC,BUY,276,515.61,142308.36
2025-11-20,OMEGA_BROKING,CL465900,SBIN,BUY,72,596.28,42932.16
2025-11-24,OMEGA_BROKING,CL333641,LT,SELL,273,1118.95,305473.35
2025-11-24,ALPHA_SEC,CL918554,ITC,SELL,224,222.65,49873.6
2025-11-20,BETA_INVEST,CL678128,INFY,BUY,201,1202.16,241634.16
2025-11-24,BETA_INVEST,CL701820,AXISBANK,BUY,72,1357.74,97757.28
2025-11-23,OMEGA_BROKING,CL811320,AXISBANK,SELL,187,1950.55,364752.85
2025-11-26,DELTA_TRADES,CL969274,INFY,BUY,173,346.51,59946.23
2025-11-22,OMEGA_BROKING,CL167900,ITC,SELL,202,628.49,126954.98
2025-11-22,OMEGA_BROKING,CL295484,SBIN,BUY,96,1599.68,153569.28
2025-11-22,BETA_INVEST,CL002034,AXISBANK,BUY,98,1163.48,114021.04
2025-11-20,ALPHA_SEC,CL431153,KOTAKBANK,BUY,267,1383.87,369493.29
2025-11-21,BETA_INVEST,CL743659,SBIN,BUY,129,1792.83,231275.07
2025-11-21,DELTA_TRADES,CL380773,SBIN,SELL,279,681.23,190063.17
2025-11-24,DELTA_TRADES,CL199326,LT,SELL,276,1368.74,377772.24
2025-11-25,DELTA_TRADES,CL442227,INFY,SELL,34,1764.92,60007.28
2025-11-20,ALPHA_SEC,CL798765,AXISBANK,SELL,126,707.5,89145.0
2025-11-21,DELTA_TRADES,CL228015,SBIN,SELL,28,1198.45,33556.6
2025-11-25,BETA_INVEST,CL765985,INFY,BUY,23,345.32,7942.36
2025-11-20,OMEGA_BROKING,CL578036,SBIN,SELL,125,1370.59,171323.75
2025-11-25,OMEGA_BROKING,CL530388,HDFC,BUY,238,427.18,101668.84
2025-11-23,ALPHA_SEC,CL398776,AXISBANK,BUY,39,922.84,35990.76
2025-11-22,OMEGA_BROKING,CL278880,ITC,SELL,159,2452.04,389874.36
2025-11-26,BETA_INVEST,CL674677,TATAMOTORS,BUY,224,2141.49,479693.76
2025-11-23,ALPHA_SEC,CL717609,HDFC,BUY,170,1499.05,254838.5
2025-11-26,ALPHA_SEC,CL468961,TATAMOTORS,SELL,275,2470.33,679340.75
2025-11-26,DELTA_TRADES,CL678990,LT,SELL,151,1199.79,181168.29
2025-11-26,BETA_INVEST,CL143671,ICICIBANK,BUY,280,1042.81,291986.8
2025-11-21,OMEGA_BROKING,CL819455,SBIN,BUY,42,910.46,38239.32
2025-11-20,OMEGA_BROKING,CL605256,AXISBANK,BUY,152,243.21,36967.92
2025-11-20,OMEGA_BROKING,CL927466,ICICIBANK,SELL,57,948.08,54040.56
2025-11-25,DELTA_TRADES,CL514576,INFY,SELL,92,1212.08,111511.36
2025-11-22,DELTA_TRADES,CL720866,LT,SELL,296,642.62,190215.52
2025-11-20,ALPHA_SEC,CL882099,HDFC,BUY,87,852.31,74150.97
2025-11-20,DELTA_TRADES,CL034847,TATAMOTORS,BUY,285,164.49,46879.65
2025-11-21,ALPHA_SEC,CL736042,AXISBANK,SELL,46,1070.58,49246.68
2025-11-22,DELTA_TRADES,CL053726,TATAMOTORS,BUY,105,422.85,44399.25
2025-11-23,DELTA_TRADES,CL813309,TATAMOTORS,SELL,248,337.33,83657.84
2025-11-20,DELTA_TRADES,CL878358,INFY,SELL,192,1360.47,261210.24
2025-11-26,OMEGA_BROKING,CL943342,HDFC,SELL,209,299.99,62697.91
2025-11-26,OMEGA_BROKING,CL099457,LT,BUY,93,919.08,85474.44
2025-11-24,DELTA_TRADES,CL238362,SBIN,BUY,49,432.97,21215.53
2025-11-25,DELTA_TRADES,CL414410,ITC,BUY,263,284.88,74923.44
2025-11-26,ALPHA_SEC,CL896656,ITC,SELL,53,834.9,44249.7
2025-11-21,DELTA_TRADES,CL363030,ITC,SELL,166,1793.59,297735.94
2025-11-24,BETA_INVEST,CL286123,RELIANCE,SELL,54,1134.46,61260.84
2025-11-22,DELTA_TRADES,CL098851,INFY,BUY,119,571.25,67978.75
2025-11-23,DELTA_TRADES,CL115115,HDFC,SELL,272,1693.39,460602.08
2025-11-23,ALPHA_SEC,CL803075,SBIN,SELL,227,495.91,112571.57
2025-11-26,BETA_INVEST,CL777687,ICICIBANK,BUY,135,1234.46,166652.1
2025-11-21,ALPHA_SEC,CL239765,TATAMOTORS,BUY,213,2325.5,495331.5
2025-11-20,ALPHA_SEC,CL479784,TATAMOTORS,BUY,243,1714.07,416519.01
2025-11-20,ALPHA_SEC,CL035398,ICICIBANK,BUY,68,414.9,28213.2
2025-11-26,DELTA_TRADES,CL061799,LT,BUY,85,1851.4,157369.0
2025-11-25,BETA_INVEST,CL813911,ICICIBANK,SELL,75,2489.09,186681.75
2025-11-22,OMEGA_BROKING,CL615868,LT,BUY,121,1876.18,227017.78
2025-11-20,DELTA_TRADES,CL805579,HDFC,SELL,87,2409.07,209589.09
2025-11-22,ALPHA_SEC,CL845508,ITC,BUY,75,868.97,65172.75
2025-11-22,BETA_INVEST,CL147037,RELIANCE,BUY,82,311.1,25510.2
2025-11-25,ALPHA_SEC,CL604894,SBIN,BUY,71,1335.24,94802.04
2025-11-26,BETA_INVEST,CL828712,SBIN,BUY,204,1931.7,394066.8
2025-11-25,DELTA_TRADES,CL105992,KOTAKBANK,SELL,278,1724.97,479541.66
2025-11-20,BETA_INVEST,CL014142,HDFC,SELL,281,833.91,234328.71
2025-11-26,OMEGA_BROKING,CL983291,SBIN,BUY,121,410.69,49693.49
2025-11-21,DELTA_TRADES,CL371057,LT,SELL,164,722.34,118463.76
2025-11-23,OMEGA_BROKING,CL371345,RELIANCE,SELL,289,2156.17,623133.13
2025-11-24,BETA_INVEST,CL049728,ITC,BUY,206,1362.78,280732.68
2025-11-25,ALPHA_SEC,CL000121,RELIANCE,SELL,228,1242.73,283342.44
2025-11-23,BETA_INVEST,CL188051,RELIANCE,SELL,262,1224.82,320902.84
2025-11-25,ALPHA_SEC,CL687225,KOTAKBANK,SELL,185,171.84,31790.4
2025-11-23,BETA_INVEST,CL558245,AXISBANK,BUY,61,1983.75,121008.75
2025-11-23,DELTA_TRADES,CL817683,HDFC,SELL,21,502.49,10552.29
2025-11-26,OMEGA_BROKING,CL081709,INFY,SELL,92,1350.89,124281.88
2025-11-25,OMEGA_BROKING,CL709451,INFY,SELL,30,2450.84,73525.2
2025-11-21,ALPHA_SEC,CL784449,RELIANCE,BUY,250,758.13,189532.5
2025-11-24,OMEGA_BROKING,CL289663,RELIANCE,BUY,102,266.92,27225.84
2025-11-20,DELTA_TRADES,CL171696,HDFC,BUY,248,1139.09,282494.32
2025-11-23,ALPHA_SEC,CL005157,LT,BUY,241,2460.7,593028.7
2025-11-25,ALPHA_SEC,CL516124,TATAMOTORS,BUY,129,740.9,95576.1
2025-11-23,DELTA_TRADES,CL917275,AXISBANK,BUY,37,1573.56,58221.72
2025-11-21,OMEGA_BROKING,CL571695,ITC,BUY,183,1269.46,232311.18
2025-11-21,ALPHA_SEC,CL486409,TATAMOTORS,SELL,177,678.25,120050.25
2025-11-24,BETA_INVEST,CL664996,AXISBANK,SELL,131,2333.29,305660.99
2025-11-21,OMEGA_BROKING,CL770791,KOTAKBANK,SELL,37,561.36,20770.32
2025-11-21,BETA_INVEST,CL871708,KOTAKBANK,SELL,113,721.8,81563.4
2025-11-23,OMEGA_BROKING,CL599607,KOTAKBANK,SELL,51,2029.02,103480.02
2025-11-21,ALPHA_SEC,CL134099,KOTAKBANK,SELL,21,901.5,18931.5
2025-11-20,OMEGA_BROKING,CL893742,AXISBANK,BUY,17,391.61,6657.37
2025-11-24,ALPHA_SEC,CL979425,AXISBANK,SELL,56,1003.49,56195.44
2025-11-24,ALPHA_SEC,CL169732,KOTAKBANK,BUY,52,2268.5,117962.0
2025-11-21,OMEGA_BROKING,CL176153,KOTAKBANK,BUY,94,1582.71,148774.74
2025-11-22,OMEGA_BROKING,CL863080,TATAMOTORS,BUY,34,1567.58,53297.72
2025-11-26,OMEGA_BROKING,CL463038,KOTAKBANK,SELL,8,1549.08,12392.64
2025-11-25,ALPHA_SEC,CL480272,KOTAKBANK,SELL,87,1278.54,111232.98
2025-11-26,BETA_INVEST,CL945980,INFY,BUY,1,1990.39,1990.39
2025-11-22,BETA_INVEST,CL778805,HDFC,SELL,51,1829.31,93294.81
2025-11-22,DELTA_TRADES,CL440799,ITC,BUY,100,942.46,94246.0
2025-11-22,OMEGA_BROKING,CL182113,SBIN,BUY,251,472.88,118692.88
2025-11-25,DELTA_TRADES,CL444320,LT,BUY,130,608.19,79064.7
2025-11-22,DELTA_TRADES,CL399624,SBIN,BUY,197,387.78,76392.66
2025-11-21,ALPHA_SEC,CL723729,INFY,BUY,207,194.82,40327.74
2025-11-25,OMEGA_BROKING,CL810197,ICICIBANK,SELL,93,1252.49,116481.57
2025-11-26,OMEGA_BROKING,CL243285,SBIN,SELL,18,1100.24,19804.32
2025-11-23,DELTA_TRADES,CL073510,ICICIBANK,SELL,108,762.12,82308.96
2025-11-25,ALPHA_SEC,CL564865,ICICIBANK,SELL,117,1461.88,171039.96
2025-11-24,OMEGA_BROKING,CL799779,SBIN,SELL,276,554.81,153127.56
2025-11-22,ALPHA_SEC,CL595143,INFY,SELL,287,971.6,278849.2
2025-11-25,OMEGA_BROKING,CL808153,LT,SELL,204,164.27,33511.08
2025-11-24,DELTA_TRADES,CL147603,ICICIBANK,SELL,287,1818.75,521981.25
2025-11-26,ALPHA_SEC,CL110558,KOTAKBANK,BUY,266,1525.63,405817.58
2025-11-25,ALPHA_SEC,CL641367,INFY,BUY,248,2417.9,599639.2
2025-11-21,ALPHA_SEC,CL031833,RELIANCE,BUY,199,1473.13,293152.87
2025-11-20,DELTA_TRADES,CL741008,HDFC,SELL,59,497.11,29329.49
2025-11-24,OMEGA_BROKING,CL763872,AXISBANK,BUY,16,774.5,12392.0
2025-11-24,BETA_INVEST,CL966728,KOTAKBANK,SELL,33,1657.67,54703.11
2025-11-21,ALPHA_SEC,CL256753,HDFC,SELL,9,1794.48,16150.32
2025-11-24,DELTA_TRADES,CL329041,ICICIBANK,SELL,154,477.15,73481.1
2025-11-25,ALPHA_SEC,CL640075,TATAMOTORS,SELL,59,417.16,24612.44
2025-11-24,BETA_INVEST,CL589643,SBIN,SELL,280,150.13,42036.4
2025-11-21,OMEGA_BROKING,CL265316,LT,SELL,175,2219.26,388370.5
2025-11-22,DELTA_TRADES,CL967057,INFY,SELL,239,1028.29,245761.31
2025-11-26,ALPHA_SEC,CL122935,HDFC,BUY,54,2103.34,113580.36
2025-11-21,DELTA_TRADES,CL935800,ICICIBANK,BUY,53,131.78,6984.34
2025-11-26,DELTA_TRADES,CL886143,TATAMOTORS,BUY,106,415.49,44041.94
2025-11-21,OMEGA_BROKING,CL214274,ITC,BUY,145,1595.24,231309.8
2025-11-24,DELTA_TRADES,CL936190,TATAMOTORS,SELL,178,1045.45,186090.1
2025-11-25,OMEGA_BROKING,CL719459,RELIANCE,BUY,137,855.57,117213.09
2025-11-24,ALPHA_SEC,CL343983,TATAMOTORS,BUY,100,2034.07,203407.0
2025-11-21,BETA_INVEST,CL054558,LT,SELL,238,2220.18,528402.84
2025-11-23,DELTA_TRADES,CL233665,HDFC,SELL,285,967.12,275629.2
2025-11-20,ALPHA_SEC,CL479213,SBIN,BUY,59,677.41,39967.19
2025-11-21,OMEGA_BROKING,CL316290,TATAMOTORS,SELL,121,1091.55,132077.55
2025-11-22,BETA_INVEST,CL664404,AXISBANK,BUY,139,749.89,104234.71
2025-11-23,DELTA_TRADES,CL007221,TATAMOTORS,SELL,80,2482.46,198596.8
2025-11-25,OMEGA_BROKING,CL355457,ICICIBANK,SELL,92,795.2,73158.4
2025-11-25,DELTA_TRADES,CL383235,RELIANCE,BUY,285,2476.5,705802.5
2025-11-25,BETA_INVEST,CL077661,AXISBANK,BUY,240,2120.5,508920.0
2025-11-20,DELTA_TRADES,CL788966,SBIN,BUY,18,745.06,13411.08
2025-11-23,OMEGA_BROKING,CL368991,SBIN,BUY,274,1355.39,371376.86
2025-11-25,BETA_INVEST,CL162918,AXISBANK,BUY,16,764.75,12236.0
2025-11-23,DELTA_TRADES,CL769820,ICICIBANK,BUY,69,1457.24,100549.56
2025-11-23,ALPHA_SEC,CL249965,RELIANCE,BUY,12,977.22,11726.64
2025-11-20,DELTA_TRADES,CL029372,INFY,BUY,103,1098.94,113190.82
2025-11-26,OMEGA_BROKING,CL552510,RELIANCE,SELL,130,866.11,112594.3
2025-11-25,ALPHA_SEC,CL867132,LT,SELL,110,1958.85,215473.5
2025-11-23,OMEGA_BROKING,CL951019,HDFC,SELL,167,981.33,163882.11
2025-11-22,DELTA_TRADES,CL281584,AXISBANK,SELL,134,1648.81,220940.54
2025-11-25,BETA_INVEST,CL663030,ICICIBANK,SELL,278,748.45,208069.1
2025-11-22,ALPHA_SEC,CL210070,ICICIBANK,SELL,228,722.27,164677.56
2025-11-23,BETA_INVEST,CL501921,KOTAKBANK,BUY,273,2196.64,599682.72
2025-11-21,OMEGA_BROKING,CL796670,ICICIBANK,BUY,256,1128.29,288842.24
2025-11-20,ALPHA_SEC,CL847382,HDFC,BUY,235,311.44,73188.4
2025-11-23,DELTA_TRADES,CL308975,KOTAKBANK,SELL,17,552.73,9396.41
2025-11-26,DELTA_TRADES,CL809361,HDFC,BUY,57,2005.28,114300.96
2025-11-21,ALPHA_SEC,CL838232,RELIANCE,BUY,48,1601.12,76853.76
2025-11-26,BETA_INVEST,CL929226,TATAMOTORS,SELL,132,878.58,115972.56
2025-11-25,BETA_INVEST,CL285252,INFY,SELL,166,1191.24,197745.84
2025-11-25,ALPHA_SEC,CL424524,RELIANCE,BUY,129,2151.08,277489.32
2025-11-24,OMEGA_BROKING,CL136653,KOTAKBANK,SELL,290,1246.58,361508.2
2025-11-22,ALPHA_SEC,CL159724,ITC,SELL,61,1172.19,71503.59
2025-11-26,BETA_INVEST,CL025974,LT,SELL,192,1601.9,307564.8
2025-11-22,OMEGA_BROKING,CL346730,ICICIBANK,SELL,199,2206.74,439141.26
2025-11-22,BETA_INVEST,CL520577,TATAMOTORS,SELL,172,2169.61,373172.92
2025-11-21,DELTA_TRADES,CL742031,HDFC,BUY,3,2146.53,6439.59
2025-11-26,BETA_INVEST,CL941005,RELIANCE,SELL,59,1210.49,71418.91
2025-11-23,ALPHA_SEC,CL658773,ICICIBANK,BUY,144,1448.26,208549.44
2025-11-22,BETA_INVEST,CL910922,HDFC,SELL,297,2314.68,687459.96
2025-11-25,ALPHA_SEC,CL384348,RELIANCE,SELL,291,2295.67,668039.97
2025-11-23,BETA_INVEST,CL155212,KOTAKBANK,SELL,148,1242.23,183850.04
2025-11-22,DELTA_TRADES,CL881694,ITC,SELL,296,728.69,215692.24
2025-11-20,OMEGA_BROKING,CL941160,AXISBANK,SELL,241,1752.06,422246.46
2025-11-23,DELTA_TRADES,CL375931,ITC,BUY,227,1621.17,368005.59
2025-11-24,OMEGA_BROKING,CL974098,LT,SELL,62,1394.3,86446.6
2025-11-22,BETA_INVEST,CL551591,SBIN,SELL,158,2143.33,338646.14
2025-11-24,OMEGA_BROKING,CL956196,RELIANCE,SELL,125,2485.14,310642.5
2025-11-25,BETA_INVEST,CL341838,LT,BUY,291,2155.82,627343.62
2025-11-23,DELTA_TRADES,CL701710,ICICIBANK,SELL,160,2245.87,359339.2
2025-11-24,DELTA_TRADES,CL859299,INFY,SELL,195,889.0,173355.0
2025-11-20,ALPHA_SEC,CL344122,ITC,BUY,150,1519.77,227965.5
2025-11-25,ALPHA_SEC,CL358783,LT,BUY,27,1273.8,34392.6
2025-11-20,DELTA_TRADES,CL933619,AXISBANK,BUY,67,298.04,19968.68
2025-11-20,BETA_INVEST,CL375547,HDFC,BUY,237,1929.13,457203.81
2025-11-21,BETA_INVEST,CL360948,HDFC,BUY,288,2254.57,649316.16
2025-11-24,DELTA_TRADES,CL053238,SBIN,BUY,199,914.76,182037.24
2025-11-21,ALPHA_SEC,CL501368,LT,BUY,149,2013.7,300041.3
2025-11-22,ALPHA_SEC,CL588523,HDFC,BUY,79,596.49,47122.71
2025-11-23,BETA_INVEST,CL712957,AXISBANK,BUY,144,1747.55,251647.2
2025-11-26,OMEGA_BROKING,CL947393,ITC,SELL,22,1434.04,31548.88
2025-11-22,DELTA_TRADES,CL424794,RELIANCE,SELL,244,273.12,66641.28
2025-11-22,OMEGA_BROKING,CL179869,AXISBANK,BUY,241,1599.55,385491.55
2025-11-25,ALPHA_SEC,CL456367,ITC,SELL,230,156.89,36084.7
2025-11-24,OMEGA_BROKING,CL849128,ICICIBANK,SELL,115,2037.83,234350.45
2025-11-20,BETA_INVEST,CL772821,INFY,BUY,165,383.16,63221.4
2025-11-23,ALPHA_SEC,CL180379,ITC,SELL,114,141.38,16117.32
2025-11-24,BETA_INVEST,CL315328,HDFC,BUY,24,1568.32,37639.68
2025-11-21,ALPHA_SEC,CL037260,KOTAKBANK,BUY,26,900.73,23418.98
2025-11-25,ALPHA_SEC,CL694699,LT,SELL,110,2053.34,225867.4
2025-11-23,ALPHA_SEC,CL202882,LT,SELL,206,411.19,84705.14
2025-11-20,BETA_INVEST,CL487450,AXISBANK,SELL,69,880.89,60781.41
2025-11-25,ALPHA_SEC,CL310287,AXISBANK,SELL,16,2179.43,34870.88
2025-11-26,DELTA_TRADES,CL146502,SBIN,SELL,263,2476.52,651324.76
2025-11-25,OMEGA_BROKING,CL142148,LT,SELL,22,486.91,10712.02
2025-11-24,BETA_INVEST,CL909592,LT,SELL,97,2057.88,199614.36
2025-11-21,BETA_INVEST,CL380883,KOTAKBANK,SELL,286,747.32,213733.52
2025-11-21,OMEGA_BROKING,CL604732,INFY,SELL,192,1724.41,331086.72
2025-11-21,BETA_INVEST,CL784898,RELIANCE,SELL,239,1486.4,355249.6
2025-11-24,DELTA_TRADES,CL938861,ICICIBANK,BUY,279,2461.92,686875.68
2025-11-20,ALPHA_SEC,CL809359,SBIN,SELL,123,797.69,98115.87
2025-11-20,ALPHA_SEC,CL195695,AXISBANK,BUY,247,1897.8,468756.6
2025-11-24,BETA_INVEST,CL480777,SBIN,SELL,159,1756.67,279310.53
2025-11-23,OMEGA_BROKING,CL260975,ICICIBANK,SELL,123,521.39,64130.97
2025-11-24,ALPHA_SEC,CL993455,INFY,SELL,2,1287.07,2574.14
2025-11-23,BETA_INVEST,CL986686,LT,BUY,235,2348.16,551817.6
2025-11-23,BETA_INVEST,CL038536,RELIANCE,SELL,166,1825.98,303112.68
2025-11-23,DELTA_TRADES,CL798813,TATAMOTORS,BUY,154,2376.92,366045.68
2025-11-22,OMEGA_BROKING,CL039762,HDFC,BUY,249,1347.38,335497.62
2025-11-26,OMEGA_BROKING,CL504820,SBIN,BUY,298,1328.65,395937.7
2025-11-22,DELTA_TRADES,CL409434,TATAMOTORS,SELL,270,1773.26,478780.2
2025-11-24,ALPHA_SEC,CL557079,INFY,BUY,94,958.61,90109.34
2025-11-24,OMEGA_BROKING,CL526712,TATAMOTORS,BUY,129,855.61,110373.69
2025-11-25,BETA_INVEST,CL191411,KOTAKBANK,BUY,274,1238.94,339469.56
2025-11-20,DELTA_TRADES,CL543933,ITC,SELL,193,2371.44,457687.92
2025-11-26,BETA_INVEST,CL738757,INFY,BUY,99,1415.51,140135.49
2025-11-21,OMEGA_BROKING,CL619428,ITC,BUY,158,147.96,23377.68
2025-11-23,ALPHA_SEC,CL916617,TATAMOTORS,SELL,27,1778.16,48010.32
2025-11-26,OMEGA_BROKING,CL840818,TATAMOTORS,BUY,121,215.19,26037.99
2025-11-22,OMEGA_BROKING,CL360267,HDFC,SELL,58,206.94,12002.52
2025-11-26,ALPHA_SEC,CL773010,ITC,BUY,235,1361.59,319973.65
2025-11-26,DELTA_TRADES,CL264594,SBIN,BUY,108,853.93,92224.44
2025-11-20,BETA_INVEST,CL780201,AXISBANK,SELL,116,2068.89,239991.24
2025-11-24,DELTA_TRADES,CL775582,ITC,SELL,75,454.02,34051.5
2025-11-26,BETA_INVEST,CL172330,INFY,BUY,236,187.84,44330.24
2025-11-24,ALPHA_SEC,CL606370,RELIANCE,BUY,188,1339.09,251748.92
2025-11-26,ALPHA_SEC,CL336259,RELIANCE,SELL,80,1934.25,154740.0
2025-11-21,OMEGA_BROKING,CL883387,TATAMOTORS,SELL,205,705.61,144650.05
2025-11-25,DELTA_TRADES,CL425538,TATAMOTORS,SELL,39,219.96,8578.44
2025-11-21,ALPHA_SEC,CL504813,TATAMOTORS,BUY,180,1534.26,276166.8
2025-11-26,ALPHA_SEC,CL659458,RELIANCE,SELL,10,2141.22,21412.2
2025-11-25,OMEGA_BROKING,CL481411,LT,SELL,280,642.89,180009.2
2025-11-20,BETA_INVEST,CL057356,LT,BUY,125,1320.89,165111.25
2025-11-24,ALPHA_SEC,CL305922,ICICIBANK,SELL,192,131.92,25328.64
2025-11-20,OMEGA_BROKING,CL936176,RELIANCE,BUY,196,365.31,71600.76
2025-11-20,OMEGA_BROKING,CL306866,ICICIBANK,BUY,130,1499.83,194977.9
2025-11-22,OMEGA_BROKING,CL693543,TATAMOTORS,BUY,12,385.97,4631.64
2025-11-26,DELTA_TRADES,CL665414,HDFC,BUY,43,2136.0,91848.0
2025-11-20,BETA_INVEST,CL691492,TATAMOTORS,SELL,200,1510.81,302162.0
2025-11-20,ALPHA_SEC,CL963771,ICICIBANK,BUY,70,2310.08,161705.6
2025-11-22,BETA_INVEST,CL449130,LT,SELL,32,2302.54,73681.28
2025-11-20,DELTA_TRADES,CL611854,ITC,BUY,240,1588.46,381230.4
2025-11-24,BETA_INVEST,CL046631,HDFC,BUY,157,1512.38,237443.66
2025-11-24,ALPHA_SEC,CL992066,ICICIBANK,BUY,80,1317.8,105424.0
2025-11-20,ALPHA_SEC,CL937174,HDFC,BUY,188,2202.94,414152.72
2025-11-22,DELTA_TRADES,CL458149,HDFC,SELL,139,1675.92,232952.88
2025-11-24,ALPHA_SEC,CL927080,LT,SELL,76,1328.05,100931.8
2025-11-23,ALPHA_SEC,CL523013,ICICIBANK,BUY,105,433.98,45567.9
2025-11-20,BETA_INVEST,CL774807,TATAMOTORS,SELL,134,920.93,123404.62
2025-11-24,BETA_INVEST,CL846950,RELIANCE,BUY,63,2369.3,149265.9
2025-11-21,ALPHA_SEC,CL624478,LT,BUY,103,1150.89,118541.67
2025-11-26,BETA_INVEST,CL815923,SBIN,BUY,42,2119.21,89006.82
2025-11-20,OMEGA_BROKING,CL391324,ICICIBANK,BUY,5,1186.24,5931.2
2025-11-20,OMEGA_BROKING,CL944591,INFY,BUY,96,2499.76,239976.96
2025-11-26,OMEGA_BROKING,CL741670,ICICIBANK,SELL,295,591.41,174465.95
2025-11-26,DELTA_TRADES,CL555870,ITC,SELL,192,2282.5,438240.0
2025-11-20,DELTA_TRADES,CL344519,AXISBANK,BUY,266,511.84,136149.44
2025-11-24,OMEGA_BROKING,CL552978,LT,SELL,234,286.58,67059.72
2025-11-26,OMEGA_BROKING,CL118817,HDFC,BUY,71,1401.44,99502.24
2025-11-20,DELTA_TRADES,CL629976,LT,SELL,88,716.31,63035.28
2025-11-21,DELTA_TRADES,CL014370,TATAMOTORS,SELL,269,960.65,258414.85
2025-11-22,ALPHA_SEC,CL448856,KOTAKBANK,SELL,72,835.96,60189.12
2025-11-21,BETA_INVEST,CL716031,TATAMOTORS,SELL,30,1709.22,51276.6
2025-11-22,OMEGA_BROKING,CL536117,RELIANCE,BUY,61,918.91,56053.51
2025-11-24,BETA_INVEST,CL644465,RELIANCE,SELL,273,1302.11,355476.03
2025-11-21,ALPHA_SEC,CL348348,INFY,SELL,222,1822.98,404701.56
2025-11-22,ALPHA_SEC,CL023922,KOTAKBANK,BUY,109,2367.5,258057.5
2025-11-26,OMEGA_BROKING,CL886942,INFY,SELL,257,1741.38,447534.66
2025-11-22,ALPHA_SEC,CL259193,LT,SELL,79,1410.43,111423.97
2025-11-20,ALPHA_SEC,CL932345,TATAMOTORS,BUY,18,442.67,7968.06
2025-11-22,BETA_INVEST,CL292810,HDFC,BUY,133,2425.72,322620.76
2025-11-23,ALPHA_SEC,CL103819,TATAMOTORS,SELL,226,694.85,157036.1
2025-11-20,ALPHA_SEC,CL419483,RELIANCE,SELL,4,869.98,3479.92
2025-11-24,OMEGA_BROKING,CL325305,AXISBANK,SELL,131,397.85,52118.35
2025-11-20,DELTA_TRADES,CL627180,RELIANCE,SELL,185,1604.1,296758.5
2025-11-20,BETA_INVEST,CL071852,ITC,BUY,60,204.37,12262.2
2025-11-21,BETA_INVEST,CL562481,INFY,SELL,8,1210.08,9680.64
2025-11-21,ALPHA_SEC,CL764805,KOTAKBANK,SELL,153,1124.59,172062.27
2025-11-20,DELTA_TRADES,CL461236,LT,BUY,119,1336.0,158984.0
2025-11-22,DELTA_TRADES,CL999958,LT,SELL,277,1801.93,499134.61
2025-11-24,ALPHA_SEC,CL734520,ITC,SELL,274,1977.96,541961.04
2025-11-25,BETA_INVEST,CL111942,AXISBANK,BUY,63,1205.24,75930.12
2025-11-24,OMEGA_BROKING,CL086893,KOTAKBANK,BUY,129,913.9,117893.1
2025-11-25,OMEGA_BROKING,CL739520,SBIN,BUY,115,2055.11,236337.65
2025-11-22,ALPHA_SEC,CL745672,LT,BUY,300,437.51,131253.0
2025-11-23,BETA_INVEST,CL043661,TATAMOTORS,BUY,63,921.38,58046.94
2025-11-20,ALPHA_SEC,CL254484,KOTAKBANK,BUY,220,1786.88,393113.6
2025-11-24,ALPHA_SEC,CL123930,ICICIBANK,BUY,56,1538.54,86158.24
2025-11-22,ALPHA_SEC,CL749810,SBIN,SELL,229,2091.71,479001.59
2025-11-22,DELTA_TRADES,CL700276,INFY,SELL,286,392.74,112323.64
2025-11-24,OMEGA_BROKING,CL002452,TATAMOTORS,SELL,224,262.61,58824.64
2025-11-24,DELTA_TRADES,CL876809,INFY,SELL,242,1021.59,247224.78
2025-11-21,DELTA_TRADES,CL311984,LT,SELL,102,649.22,66220.44
2025-11-24,ALPHA_SEC,CL723944,INFY,SELL,204,1338.55,273064.2
2025-11-22,ALPHA_SEC,CL074117,AXISBANK,BUY,240,144.58,34699.2
2025-11-20,DELTA_TRADES,CL872993,RELIANCE,BUY,1,371.13,371.13
2025-11-20,ALPHA_SEC,CL711804,TATAMOTORS,BUY,128,1860.1,238092.8
2025-11-22,OMEGA_BROKING,CL486795,AXISBANK,BUY,7,2007.84,14054.88
2025-11-22,ALPHA_SEC,CL260304,SBIN,BUY,285,1764.04,502751.4
2025-11-20,OMEGA_BROKING,CL011666,KOTAKBANK,BUY,17,1448.8,24629.6
2025-11-21,ALPHA_SEC,CL634485,RELIANCE,SELL,295,1687.35,497768.25
2025-11-26,DELTA_TRADES,CL531539,KOTAKBANK,SELL,87,296.09,25759.83
2025-11-26,DELTA_TRADES,CL042797,LT,BUY,176,1921.85,338245.6
2025-11-23,ALPHA_SEC,CL282981,AXISBANK,SELL,253,2420.05,612272.65
2025-11-25,BETA_INVEST,CL759877,AXISBANK,BUY,154,1535.06,236399.24
2025-11-23,OMEGA_BROKING,CL498400,AXISBANK,SELL,266,178.65,47520.9
2025-11-21,ALPHA_SEC,CL546223,KOTAKBANK,SELL,129,1062.98,137124.42
2025-11-22,BETA_INVEST,CL130778,HDFC,BUY,178,1665.95,296539.1
2025-11-25,OMEGA_BROKING,CL576879,SBIN,BUY,269,2054.94,552778.86
2025-11-21,OMEGA_BROKING,CL698578,KOTAKBANK,BUY,103,574.09,59131.27
2025-11-21,ALPHA_SEC,CL994092,ICICIBANK,SELL,222,1847.53,410151.66
2025-11-22,BETA_INVEST,CL634853,TATAMOTORS,SELL,295,757.95,223595.25
2025-11-24,BETA_INVEST,CL368894,TATAMOTORS,BUY,197,2032.65,400432.05
2025-11-24,DELTA_TRADES,CL787634,HDFC,BUY,260,1454.97,378292.2
2025-11-20,BETA_INVEST,CL842908,ICICIBANK,SELL,300,524.83,157449.0
2025-11-25,OMEGA_BROKING,CL345605,HDFC,SELL,159,2413.86,383803.74
2025-11-24,BETA_INVEST,CL160573,KOTAKBANK,SELL,89,2262.82,201390.98
2025-11-22,ALPHA_SEC,CL433517,HDFC,SELL,93,980.48,91184.64
2025-11-24,BETA_INVEST,CL076992,LT,BUY,30,331.66,9949.8
2025-11-20,ALPHA_SEC,CL580021,KOTAKBANK,SELL,50,746.41,37320.5
2025-11-26,ALPHA_SEC,CL245912,TATAMOTORS,SELL,194,905.02,175573.88
2025-11-26,BETA_INVEST,CL443060,HDFC,SELL,40,2316.62,92664.8
2025-11-22,BETA_INVEST,CL341197,SBIN,BUY,106,683.19,72418.14
2025-11-21,DELTA_TRADES,CL024296,INFY,BUY,174,571.33,99411.42
2025-11-20,DELTA_TRADES,CL516196,LT,BUY,259,2230.4,577673.6
2025-11-22,DELTA_TRADES,CL688549,HDFC,SELL,101,355.28,35883.28
2025-11-25,ALPHA_SEC,CL245320,RELIANCE,BUY,150,1048.15,157222.5
2025-11-24,DELTA_TRADES,CL344143,TATAMOTORS,BUY,220,1452.79,319613.8
2025-11-22,OMEGA_BROKING,CL740520,ICICIBANK,BUY,108,2120.78,229044.24
2025-11-26,BETA_INVEST,CL110298,TATAMOTORS,BUY,190,455.46,86537.4
2025-11-23,DELTA_TRADES,CL453657,SBIN,BUY,123,1584.24,194861.52
2025-11-20,ALPHA_SEC,CL498461,RELIANCE,BUY,300,699.72,209916.0
2025-11-26,DELTA_TRADES,CL136513,KOTAKBANK,BUY,266,2416.64,642826.24
2025-11-26,DELTA_TRADES,CL518488,ICICIBANK,BUY,21,863.29,18129.09
2025-11-23,ALPHA_SEC,CL057702,SBIN,SELL,206,2367.0,487602.0
2025-11-25,BETA_INVEST,CL831353,TATAMOTORS,SELL,300,1866.48,559944.0
2025-11-23,ALPHA_SEC,CL811739,HDFC,SELL,72,414.41,29837.52
2025-11-21,OMEGA_BROKING,CL728611,TATAMOTORS,SELL,94,2142.68,201411.92
2025-11-21,OMEGA_BROKING,CL720772,ICICIBANK,SELL,49,1243.75,60943.75
2025-11-25,ALPHA_SEC,CL344745,LT,BUY,181,411.84,74543.04
2025-11-26,OMEGA_BROKING,CL366861,KOTAKBANK,SELL,287,1399.73,401722.51
2025-11-21,ALPHA_SEC,CL482570,RELIANCE,SELL,134,2167.41,290432.94
2025-11-25,BETA_INVEST,CL694045,AXISBANK,BUY,40,1361.95,54478.0
2025-11-24,OMEGA_BROKING,CL409060,INFY,SELL,284,2170.07,616299.88
2025-11-26,OMEGA_BROKING,CL065446,INFY,SELL,105,1096.65,115148.25
2025-11-21,DELTA_TRADES,CL830215,SBIN,SELL,267,1610.13,429904.71
2025-11-21,OMEGA_BROKING,CL078908,RELIANCE,BUY,240,1698.65,407676.0
2025-11-20,OMEGA_BROKING,CL915227,HDFC,BUY,192,2417.06,464075.52
2025-11-22,ALPHA_SEC,CL457331,RELIANCE,SELL,279,673.48,187900.92
2025-11-25,OMEGA_BROKING,CL786856,TATAMOTORS,SELL,146,492.16,71855.36
2025-11-25,DELTA_TRADES,CL007530,SBIN,BUY,17,329.07,5594.19
2025-11-20,BETA_INVEST,CL600080,TATAMOTORS,BUY,133,220.57,29335.81
2025-11-24,OMEGA_BROKING,CL071266,HDFC,BUY,214,766.34,163996.76
2025-11-20,BETA_INVEST,CL583104,INFY,BUY,222,2025.98,449767.56
2025-11-21,DELTA_TRADES,CL054746,KOTAKBANK,SELL,209,2049.73,428393.57
2025-11-26,ALPHA_SEC,CL520515,RELIANCE,BUY,229,623.66,142818.14
2025-11-23,BETA_INVEST,CL422544,AXISBANK,BUY,87,587.7,51129.9
2025-11-22,BETA_INVEST,CL343075,LT,SELL,117,388.03,45399.51
2025-11-24,OMEGA_BROKING,CL422760,ITC,SELL,104,2128.88,221403.52
2025-11-24,BETA_INVEST,CL685872,AXISBANK,BUY,78,475.76,37109.28
2025-11-20,ALPHA_SEC,CL488339,ITC,SELL,86,219.67,18891.62
2025-11-25,ALPHA_SEC,CL233774,RELIANCE,SELL,1,974.79,974.79
2025-11-21,OMEGA_BROKING,CL823898,INFY,BUY,172,635.43,109293.96
2025-11-21,ALPHA_SEC,CL358175,LT,SELL,274,1908.97,523057.78
2025-11-25,DELTA_TRADES,CL300937,HDFC,BUY,198,1774.98,351446.04
2025-11-20,OMEGA_BROKING,CL673016,LT,BUY,3,1825.1,5475.3
2025-11-24,OMEGA_BROKING,CL607931,ICICIBANK,SELL,222,1637.62,363551.64
2025-11-23,BETA_INVEST,CL500664,TATAMOTORS,BUY,7,1297.64,9083.48
2025-11-25,BETA_INVEST,CL171978,ITC,SELL,203,2158.29,438132.87
2025-11-22,DELTA_TRADES,CL118343,INFY,SELL,143,1107.9,158429.7
2025-11-23,DELTA_TRADES,CL560275,AXISBANK,BUY,70,171.38,11996.6
2025-11-20,ALPHA_SEC,CL593816,INFY,SELL,100,1274.59,127459.0
2025-11-23,DELTA_TRADES,CL332790,AXISBANK,SELL,93,1151.99,107135.07
2025-11-22,BETA_INVEST,CL125831,ITC,BUY,203,633.79,128659.37
2025-11-21,DELTA_TRADES,CL244445,AXISBANK,BUY,68,2328.68,158350.24
2025-11-23,BETA_INVEST,CL367962,INFY,BUY,17,724.43,12315.31
2025-11-24,DELTA_TRADES,CL551965,LT,SELL,123,624.29,76787.67
2025-11-25,ALPHA_SEC,CL959753,INFY,BUY,251,2076.01,521078.51
2025-11-25,ALPHA_SEC,CL497006,ITC,BUY,207,325.25,67326.75
2025-11-21,DELTA_TRADES,CL091247,ICICIBANK,SELL,22,758.15,16679.3
2025-11-22,BETA_INVEST,CL015328,HDFC,BUY,61,1419.22,86572.42
2025-11-25,ALPHA_SEC,CL127413,SBIN,SELL,8,1894.46,15155.68
2025-11-25,BETA_INVEST,CL896526,KOTAKBANK,SELL,43,1294.18,55649.74
2025-11-24,ALPHA_SEC,CL387980,INFY,SELL,164,2191.02,359327.28
2025-11-20,DELTA_TRADES,CL438155,INFY,SELL,197,1700.26,334951.22
2025-11-26,ALPHA_SEC,CL048300,HDFC,BUY,202,535.38,108146.76
2025-11-21,DELTA_TRADES,CL548305,HDFC,SELL,84,580.37,48751.08
2025-11-23,ALPHA_SEC,CL311779,ITC,BUY,97,2101.59,203854.23
2025-11-25,BETA_INVEST,CL598897,ICICIBANK,BUY,207,1465.89,303439.23
2025-11-22,BETA_INVEST,CL139392,RELIANCE,BUY,197,2238.85,441053.45
2025-11-22,ALPHA_SEC,CL755295,HDFC,SELL,221,2240.26,495097.46
2025-11-24,BETA_INVEST,CL161911,SBIN,BUY,45,2345.47,105546.15
2025-11-22,BETA_INVEST,CL705309,ITC,BUY,74,2416.86,178847.64
2025-11-22,OMEGA_BROKING,CL812786,ICICIBANK,BUY,181,144.79,26206.99
2025-11-25,OMEGA_BROKING,CL194694,RELIANCE,BUY,79,297.62,23511.98
2025-11-24,BETA_INVEST,CL686701,RELIANCE,SELL,258,2039.14,526098.12
2025-11-26,OMEGA_BROKING,CL746124,TATAMOTORS,SELL,188,1254.97,235934.36
2025-11-24,OMEGA_BROKING,CL644731,ITC,BUY,106,676.17,71674.02
2025-11-24,ALPHA_SEC,CL953782,TATAMOTORS,BUY,155,1838.88,285026.4
2025-11-25,OMEGA_BROKING,CL515902,RELIANCE,SELL,203,2208.16,448256.48
2025-11-23,BETA_INVEST,CL063634,INFY,SELL,211,161.3,34034.3
2025-11-21,DELTA_TRADES,CL984714,ICICIBANK,BUY,201,2168.07,435782.07
2025-11-26,OMEGA_BROKING,CL301018,RELIANCE,SELL,148,2183.5,323158.0
2025-11-25,OMEGA_BROKING,CL927806,AXISBANK,SELL,204,1243.08,253588.32
2025-11-24,BETA_INVEST,CL742070,INFY,BUY,12,2193.38,26320.56
2025-11-24,BETA_INVEST,CL289277,ITC,BUY,72,1344.27,96787.44
2025-11-26,ALPHA_SEC,CL372668,KOTAKBANK,BUY,272,2212.15,601704.8
2025-11-26,BETA_INVEST,CL446237,KOTAKBANK,SELL,148,607.48,89907.04
2025-11-20,ALPHA_SEC,CL639269,ITC,SELL,17,2037.34,34634.78
2025-11-21,OMEGA_BROKING,CL980642,INFY,SELL,58,1560.17,90489.86
2025-11-21,ALPHA_SEC,CL260135,INFY,SELL,296,1102.86,326446.56
2025-11-23,OMEGA_BROKING,CL447236,ITC,BUY,172,1309.45,225225.4
2025-11-23,DELTA_TRADES,CL572567,LT,BUY,50,1410.0,70500.0
2025-11-24,BETA_INVEST,CL954039,HDFC,SELL,11,150.3,1653.3
2025-11-21,ALPHA_SEC,CL630703,LT,SELL,89,1565.14,139297.46
2025-11-21,ALPHA_SEC,CL753662,INFY,BUY,18,1525.54,27459.72
2025-11-20,OMEGA_BROKING,CL378402,INFY,SELL,53,1917.34,101619.02
2025-11-21,DELTA_TRADES,CL599742,TATAMOTORS,BUY,39,2158.75,84191.25
2025-11-24,OMEGA_BROKING,CL907653,RELIANCE,SELL,83,2001.01,166083.83
2025-11-22,OMEGA_BROKING,CL652869,SBIN,SELL,141,846.66,119379.06
2025-11-25,DELTA_TRADES,CL220851,TATAMOTORS,SELL,189,897.53,169633.17
2025-11-26,OMEGA_BROKING,CL920088,SBIN,SELL,118,2450.93,289209.74
2025-11-25,ALPHA_SEC,CL581393,ICICIBANK,SELL,85,646.1,54918.5
2025-11-24,BETA_INVEST,CL308630,INFY,SELL,167,2000.84,334140.28
2025-11-21,OMEGA_BROKING,CL978168,TATAMOTORS,SELL,132,2039.99,269278.68
2025-11-24,DELTA_TRADES,CL660234,KOTAKBANK,SELL,264,1949.12,514567.68
2025-11-20,DELTA_TRADES,CL074540,INFY,SELL,61,2437.91,148712.51
2025-11-23,DELTA_TRADES,CL057783,HDFC,BUY,105,2367.41,248578.05
2025-11-24,DELTA_TRADES,CL163913,ITC,BUY,289,2202.28,636458.92
2025-11-26,DELTA_TRADES,CL339330,AXISBANK,BUY,46,1861.52,85629.92
2025-11-21,DELTA_TRADES,CL139076,LT,BUY,261,2068.81,539959.41
2025-11-26,BETA_INVEST,CL171022,RELIANCE,BUY,175,1299.22,227363.5
2025-11-22,BETA_INVEST,CL128520,TATAMOTORS,BUY,37,1049.09,38816.33
2025-11-22,BETA_INVEST,CL475099,SBIN,BUY,174,1897.62,330185.88
2025-11-21,BETA_INVEST,CL836870,RELIANCE,SELL,273,1025.76,280032.48
2025-11-20,ALPHA_SEC,CL775994,ICICIBANK,BUY,132,1099.63,145151.16
2025-11-21,ALPHA_SEC,CL918785,RELIANCE,SELL,263,750.33,197336.79
2025-11-22,OMEGA_BROKING,CL387876,ICICIBANK,BUY,237,1556.64,368923.68
2025-11-23,DELTA_TRADES,CL499679,KOTAKBANK,SELL,99,2090.06,206915.94
2025-11-22,DELTA_TRADES,CL230556,SBIN,BUY,203,883.83,179417.49
2025-11-20,OMEGA_BROKING,CL362475,RELIANCE,BUY,99,176.44,17467.56
2025-11-21,BETA_INVEST,CL565763,KOTAKBANK,SELL,114,209.64,23898.96
2025-11-21,DELTA_TRADES,CL592764,HDFC,SELL,274,719.58,197164.92
2025-11-24,ALPHA_SEC,CL604093,HDFC,BUY,241,1411.74,340229.34
2025-11-24,DELTA_TRADES,CL890250,KOTAKBANK,SELL,79,1405.41,111027.39
2025-11-26,ALPHA_SEC,CL363463,KOTAKBANK,SELL,45,2006.87,90309.15
2025-11-21,ALPHA_SEC,CL058075,RELIANCE,BUY,139,986.45,137116.55
2025-11-24,OMEGA_BROKING,CL877065,TATAMOTORS,BUY,34,668.09,22715.06
2025-11-20,DELTA_TRADES,CL459319,LT,BUY,161,2314.41,372620.01
2025-11-23,BETA_INVEST,CL031259,AXISBANK,BUY,83,1546.16,128331.28
2025-11-22,DELTA_TRADES,CL204553,ICICIBANK,SELL,157,840.05,131887.85
2025-11-21,ALPHA_SEC,CL921647,SBIN,BUY,143,975.2,139453.6
2025-11-22,DELTA_TRADES,CL847695,LT,BUY,103,427.5,44032.5
2025-11-23,DELTA_TRADES,CL455509,TATAMOTORS,SELL,243,2168.37,526913.91
2025-11-22,ALPHA_SEC,CL308620,LT,BUY,147,896.29,131754.63
2025-11-20,BETA_INVEST,CL927679,ICICIBANK,SELL,226,1215.07,274605.82
2025-11-21,ALPHA_SEC,CL699804,KOTAKBANK,SELL,217,655.93,142336.81
2025-11-23,ALPHA_SEC,CL824341,SBIN,SELL,58,1693.42,98218.36
2025-11-21,BETA_INVEST,CL928898,TATAMOTORS,BUY,263,1014.02,266687.26
2025-11-24,OMEGA_BROKING,CL478269,ICICIBANK,SELL,79,1490.79,117772.41
2025-11-26,DELTA_TRADES,CL819968,HDFC,BUY,120,2207.31,264877.2
2025-11-23,OMEGA_BROKING,CL705435,ICICIBANK,BUY,293,1412.7,413921.1
2025-11-23,BETA_INVEST,CL765559,LT,BUY,15,453.86,6807.9
2025-11-24,BETA_INVEST,CL435204,TATAMOTORS,SELL,167,121.7,20323.9
2025-11-21,BETA_INVEST,CL666710,KOTAKBANK,SELL,91,695.38,63279.58
2025-11-22,OMEGA_BROKING,CL440536,ITC,BUY,262,1335.86,349995.32
2025-11-20,BETA_INVEST,CL442981,TATAMOTORS,SELL,61,334.06,20377.66
2025-11-22,BETA_INVEST,CL354086,RELIANCE,SELL,145,521.35,75595.75
2025-11-24,ALPHA_SEC,CL774484,TATAMOTORS,BUY,127,1128.75,143351.25
2025-11-24,OMEGA_BROKING,CL516283,INFY,BUY,5,855.86,4279.3
2025-11-26,ALPHA_SEC,CL903119,AXISBANK,SELL,148,366.01,54169.48
2025-11-21,DELTA_TRADES,CL712773,ICICIBANK,BUY,189,1444.44,272999.16
2025-11-25,BETA_INVEST,CL850735,ITC,SELL,154,2292.91,353108.14
2025-11-20,ALPHA_SEC,CL857355,AXISBANK,SELL,133,720.88,95877.04
2025-11-23,BETA_INVEST,CL969685,AXISBANK,BUY,180,1287.01,231661.8
2025-11-26,DELTA_TRADES,CL258961,INFY,BUY,240,1088.11,261146.4
2025-11-22,ALPHA_SEC,CL525003,INFY,BUY,166,356.66,59205.56
2025-11-21,DELTA_TRADES,CL784181,LT,SELL,292,1938.06,565913.52
2025-11-26,OMEGA_BROKING,CL223799,INFY,BUY,175,1313.67,229892.25
2025-11-24,ALPHA_SEC,CL796119,SBIN,BUY,258,2338.59,603356.22
2025-11-23,BETA_INVEST,CL840810,ICICIBANK,SELL,89,1403.99,124955.11
2025-11-20,DELTA_TRADES,CL647491,KOTAKBANK,BUY,277,2165.22,599765.94
2025-11-20,ALPHA_SEC,CL818543,AXISBANK,BUY,209,2138.49,446944.41
2025-11-20,ALPHA_SEC,CL174618,RELIANCE,SELL,98,2374.34,232685.32
2025-11-26,OMEGA_BROKING,CL677873,AXISBANK,BUY,188,800.19,150435.72
2025-11-24,DELTA_TRADES,CL466557,ITC,BUY,136,856.66,116505.76
2025-11-26,OMEGA_BROKING,CL850140,SBIN,SELL,270,565.43,152666.1
2025-11-21,DELTA_TRADES,CL438890,KOTAKBANK,SELL,40,1602.21,64088.4
2025-11-24,BETA_INVEST,CL667082,TATAMOTORS,SELL,139,2386.2,331681.8
2025-11-22,BETA_INVEST,CL221850,LT,SELL,65,1622.73,105477.45
2025-11-25,ALPHA_SEC,CL197697,TATAMOTORS,BUY,157,1353.83,212551.31
2025-11-25,ALPHA_SEC,CL754333,INFY,SELL,104,2439.16,253672.64
2025-11-26,BETA_INVEST,CL089077,RELIANCE,BUY,75,1831.22,137341.5
2025-11-24,ALPHA_SEC,CL597388,TATAMOTORS,SELL,35,2178.05,76231.75
2025-11-26,ALPHA_SEC,CL766790,ICICIBANK,SELL,75,1563.3,117247.5
2025-11-20,BETA_INVEST,CL473245,KOTAKBANK,SELL,247,737.22,182093.34
2025-11-20,BETA_INVEST,CL342461,SBIN,SELL,109,937.51,102188.59
2025-11-26,DELTA_TRADES,CL772524,ITC,SELL,203,2360.83,479248.49
2025-11-26,DELTA_TRADES,CL200489,TATAMOTORS,SELL,169,1677.53,283502.57
2025-11-24,ALPHA_SEC,CL562696,ITC,BUY,102,187.7,19145.4
2025-11-22,BETA_INVEST,CL359072,KOTAKBANK,SELL,175,1445.19,252908.25
2025-11-23,BETA_INVEST,CL156232,INFY,SELL,292,1516.13,442709.96
2025-11-22,OMEGA_BROKING,CL934217,ITC,BUY,83,2142.88,177859.04
2025-11-22,DELTA_TRADES,CL294577,ITC,SELL,118,1827.78,215678.04
2025-11-21,BETA_INVEST,CL039769,INFY,BUY,100,427.87,42787.0
2025-11-20,OMEGA_BROKING,CL669713,AXISBANK,BUY,208,181.2,37689.6
2025-11-24,ALPHA_SEC,CL839600,INFY,SELL,6,193.47,1160.82
2025-11-22,BETA_INVEST,CL840593,KOTAKBANK,SELL,31,2277.73,70609.63
2025-11-24,OMEGA_BROKING,CL371134,KOTAKBANK,BUY,119,1154.68,137406.92
2025-11-21,OMEGA_BROKING,CL707247,ICICIBANK,SELL,5,2255.04,11275.2
2025-11-24,ALPHA_SEC,CL414163,ITC,BUY,131,1308.63,171430.53
2025-11-25,DELTA_TRADES,CL260914,LT,SELL,117,1075.29,125808.93
2025-11-26,BETA_INVEST,CL301107,INFY,SELL,220,1649.92,362982.4
2025-11-21,OMEGA_BROKING,CL742295,SBIN,SELL,191,551.85,105403.35
2025-11-24,DELTA_TRADES,CL634017,ITC,SELL,266,2241.15,596145.9
2025-11-21,OMEGA_BROKING,CL155182,INFY,SELL,127,1345.86,170924.22
2025-11-20,DELTA_TRADES,CL132607,AXISBANK,BUY,47,823.18,38689.46
2025-11-20,BETA_INVEST,CL321154,HDFC,SELL,221,604.48,133590.08
2025-11-25,BETA_INVEST,CL858331,HDFC,SELL,2,361.47,722.94
2025-11-25,ALPHA_SEC,CL049672,RELIANCE,BUY,231,1172.71,270896.01
2025-11-25,DELTA_TRADES,CL766397,HDFC,SELL,270,1791.66,483748.2
2025-11-21,OMEGA_BROKING,CL522610,ICICIBANK,BUY,67,979.27,65611.09
2025-11-26,ALPHA_SEC,CL809490,LT,BUY,92,153.03,14078.76
2025-11-26,BETA_INVEST,CL326807,KOTAKBANK,SELL,44,2287.22,100637.68
2025-11-22,BETA_INVEST,CL233799,AXISBANK,SELL,75,868.44,65133.0
2025-11-23,OMEGA_BROKING,CL781636,SBIN,BUY,77,765.9,58974.3
2025-11-26,BETA_INVEST,CL439870,SBIN,SELL,162,2316.03,375196.86
2025-11-26,OMEGA_BROKING,CL257653,ITC,SELL,278,1353.88,376378.64
2025-11-23,OMEGA_BROKING,CL650197,LT,SELL,32,2230.39,71372.48
2025-11-21,OMEGA_BROKING,CL612866,TATAMOTORS,SELL,69,721.72,49798.68
2025-11-24,ALPHA_SEC,CL539258,SBIN,BUY,128,767.97,98300.16
2025-11-24,DELTA_TRADES,CL683635,HDFC,SELL,155,125.05,19382.75
2025-11-25,ALPHA_SEC,CL702914,TATAMOTORS,BUY,188,1245.29,234114.52
2025-11-20,OMEGA_BROKING,CL204401,TATAMOTORS,SELL,240,2041.65,489996.0
2025-11-22,OMEGA_BROKING,CL151611,ICICIBANK,BUY,118,384.8,45406.4
2025-11-21,DELTA_TRADES,CL365286,TATAMOTORS,SELL,165,800.07,132011.55
2025-11-26,OMEGA_BROKING,CL232368,HDFC,SELL,167,1766.33,294977.11
2025-11-20,BETA_INVEST,CL357975,INFY,BUY,247,1920.23,474296.81
2025-11-25,ALPHA_SEC,CL469343,SBIN,SELL,213,839.17,178743.21
2025-11-23,DELTA_TRADES,CL143459,KOTAKBANK,SELL,128,1100.0,140800.0
2025-11-24,DELTA_TRADES,CL173752,TATAMOTORS,BUY,274,1878.82,514796.68
2025-11-24,DELTA_TRADES,CL245361,INFY,SELL,159,767.16,121978.44
2025-11-23,BETA_INVEST,CL985051,TATAMOTORS,SELL,92,2174.38,200042.96
2025-11-22,ALPHA_SEC,CL114420,KOTAKBANK,SELL,66,124.99,8249.34
2025-11-22,BETA_INVEST,CL796232,KOTAKBANK,BUY,243,531.87,129244.41
2025-11-20,DELTA_TRADES,CL909509,ITC,BUY,132,2223.22,293465.04
2025-11-22,BETA_INVEST,CL228825,LT,BUY,56,1585.85,88807.6
2025-11-25,BETA_INVEST,CL131045,ITC,SELL,300,2214.85,664455.0
2025-11-25,ALPHA_SEC,CL865456,KOTAKBANK,BUY,268,2115.97,567079.96
2025-11-25,OMEGA_BROKING,CL482353,TATAMOTORS,SELL,213,799.15,170218.95
2025-11-25,DELTA_TRADES,CL652351,SBIN,BUY,25,2457.38,61434.5
2025-11-20,ALPHA_SEC,CL567116,AXISBANK,BUY,210,1983.18,416467.8
2025-11-26,BETA_INVEST,CL674937,INFY,SELL,89,524.67,46695.63
2025-11-23,DELTA_TRADES,CL893215,INFY,BUY,142,1037.0,147254.0
2025-11-26,ALPHA_SEC,CL288975,RELIANCE,SELL,234,669.21,156595.14
2025-11-20,DELTA_TRADES,CL787917,TATAMOTORS,SELL,11,219.34,2412.74
2025-11-21,DELTA_TRADES,CL958677,RELIANCE,SELL,212,1685.13,357247.56
2025-11-24,OMEGA_BROKING,CL107844,ITC,SELL,244,2224.07,542673.08
2025-11-21,OMEGA_BROKING,CL597647,ICICIBANK,BUY,139,237.88,33065.32
2025-11-21,BETA_INVEST,CL640820,SBIN,BUY,149,668.2,99561.8
2025-11-21,ALPHA_SEC,CL310027,LT,SELL,18,2400.55,43209.9
2025-11-23,DELTA_TRADES,CL363631,KOTAKBANK,BUY,189,407.21,76962.69
2025-11-22,BETA_INVEST,CL953480,TATAMOTORS,SELL,108,1082.51,116911.08
2025-11-23,OMEGA_BROKING,CL321361,SBIN,SELL,129,1708.74,220427.46
2025-11-22,OMEGA_BROKING,CL145079,SBIN,BUY,68,810.11,55087.48
2025-11-25,BETA_INVEST,CL858154,ITC,SELL,95,2109.14,200368.3
2025-11-22,ALPHA_SEC,CL277679,ICICIBANK,BUY,123,1519.95,186953.85
2025-11-26,OMEGA_BROKING,CL434077,ITC,BUY,229,2204.06,504729.74
2025-11-25,DELTA_TRADES,CL183498,TATAMOTORS,SELL,29,1199.21,34777.09
2025-11-23,DELTA_TRADES,CL989858,ITC,BUY,70,1536.41,107548.7
2025-11-20,BETA_INVEST,CL663364,LT,BUY,175,542.38,94916.5
2025-11-24,BETA_INVEST,CL959948,SBIN,BUY,244,1829.25,446337.0
2025-11-24,ALPHA_SEC,CL473459,HDFC,SELL,294,1433.59,421475.46
2025-11-22,BETA_INVEST,CL689520,HDFC,BUY,169,972.92,164423.48
2025-11-26,BETA_INVEST,CL300430,INFY,BUY,200,564.97,112994.0
2025-11-25,ALPHA_SEC,CL573465,TATAMOTORS,SELL,87,1814.5,157861.5
2025-11-26,OMEGA_BROKING,CL839715,INFY,BUY,96,1427.79,137067.84
2025-11-22,DELTA_TRADES,CL089748,INFY,BUY,230,2092.94,481376.2
2025-11-26,OMEGA_BROKING,CL805976,INFY,SELL,203,1111.3,225593.9
2025-11-22,DELTA_TRADES,CL615170,SBIN,BUY,6,481.58,2889.48
2025-11-20,OMEGA_BROKING,CL460178,ICICIBANK,BUY,271,1423.5,385768.5
2025-11-25,ALPHA_SEC,CL391470,INFY,SELL,93,2092.56,194608.08
2025-11-21,ALPHA_SEC,CL709651,SBIN,BUY,147,2099.92,308688.24
2025-11-21,ALPHA_SEC,CL221144,INFY,SELL,181,2268.98,410685.38
2025-11-25,BETA_INVEST,CL667893,AXISBANK,BUY,170,1363.01,231711.7
2025-11-26,DELTA_TRADES,CL616527,KOTAKBANK,BUY,293,1752.24,513406.32
2025-11-23,BETA_INVEST,CL053963,LT,BUY,244,163.92,39996.48
2025-11-26,ALPHA_SEC,CL806181,INFY,SELL,16,2463.77,39420.32
2025-11-25,DELTA_TRADES,CL715933,LT,SELL,116,2163.65,250983.4
2025-11-23,DELTA_TRADES,CL624526,ICICIBANK,SELL,124,2185.96,271059.04
2025-11-24,OMEGA_BROKING,CL014527,AXISBANK,BUY,260,2132.39,554421.4
2025-11-23,OMEGA_BROKING,CL304104,HDFC,SELL,30,1169.78,35093.4
2025-11-23,DELTA_TRADES,CL418500,SBIN,BUY,293,728.81,213541.33
2025-11-20,OMEGA_BROKING,CL978960,ITC,SELL,235,2164.13,508570.55
2025-11-26,DELTA_TRADES,CL460253,KOTAKBANK,SELL,93,2493.94,231936.42
2025-11-26,BETA_INVEST,CL457090,LT,BUY,147,1774.76,260889.72
2025-11-23,OMEGA_BROKING,CL362573,HDFC,SELL,111,2026.89,224984.79
2025-11-24,DELTA_TRADES,CL905128,KOTAKBANK,SELL,232,344.25,79866.0
2025-11-26,ALPHA_SEC,CL429888,ITC,SELL,215,2079.71,447137.65
2025-11-20,OMEGA_BROKING,CL756261,AXISBANK,SELL,96,2299.75,220776.0
2025-11-26,OMEGA_BROKING,CL784279,ITC,BUY,57,885.83,50492.31
2025-11-21,ALPHA_SEC,CL616930,HDFC,SELL,222,1211.02,268846.44
2025-11-20,ALPHA_SEC,CL316921,INFY,BUY,85,1094.54,93035.9
2025-11-24,OMEGA_BROKING,CL435901,TATAMOTORS,BUY,290,1348.44,391047.6
2025-11-23,BETA_INVEST,CL208168,ITC,SELL,38,1721.08,65401.04
2025-11-24,BETA_INVEST,CL334717,HDFC,BUY,81,1287.46,104284.26
2025-11-22,DELTA_TRADES,CL099905,ITC,BUY,126,1932.58,243505.08
2025-11-22,ALPHA_SEC,CL099317,KOTAKBANK,BUY,192,1090.21,209320.32
2025-11-23,ALPHA_SEC,CL524764,AXISBANK,BUY,117,2350.71,275033.07
2025-11-22,OMEGA_BROKING,CL870514,ICICIBANK,SELL,68,2237.96,152181.28
2025-11-20,BETA_INVEST,CL657769,HDFC,BUY,85,726.58,61759.3
2025-11-26,BETA_INVEST,CL476094,AXISBANK,BUY,122,1856.76,226524.72
2025-11-26,ALPHA_SEC,CL248519,ICICIBANK,BUY,271,1153.18,312511.78
2025-11-26,OMEGA_BROKING,CL802012,RELIANCE,SELL,2,1073.26,2146.52
2025-11-23,ALPHA_SEC,CL546936,TATAMOTORS,BUY,202,2171.28,438598.56
2025-11-23,BETA_INVEST,CL932447,AXISBANK,BUY,234,1386.75,324499.5
2025-11-26,ALPHA_SEC,CL134196,RELIANCE,SELL,116,1272.04,147556.64
2025-11-22,ALPHA_SEC,CL919404,ICICIBANK,SELL,164,688.76,112956.64
2025-11-24,ALPHA_SEC,CL818373,RELIANCE,BUY,290,2408.72,698528.8
2025-11-22,OMEGA_BROKING,CL698612,INFY,SELL,74,1825.04,135052.96
2025-11-23,DELTA_TRADES,CL804358,SBIN,BUY,218,362.83,79096.94
2025-11-24,OMEGA_BROKING,CL057709,HDFC,SELL,124,766.83,95086.92
2025-11-25,OMEGA_BROKING,CL602720,INFY,BUY,215,223.46,48043.9
2025-11-20,OMEGA_BROKING,CL274290,ITC,BUY,3,1649.11,4947.33
2025-11-21,ALPHA_SEC,CL162220,ICICIBANK,SELL,276,1151.97,317943.72
2025-11-24,BETA_INVEST,CL146748,LT,BUY,239,611.92,146248.88
2025-11-20,BETA_INVEST,CL521721,AXISBANK,SELL,252,1292.47,325702.44
2025-11-22,OMEGA_BROKING,CL245664,AXISBANK,BUY,168,1018.81,171160.08
2025-11-25,BETA_INVEST,CL730308,LT,BUY,157,2348.31,368684.67
2025-11-25,OMEGA_BROKING,CL351067,ITC,SELL,138,905.74,124992.12
2025-11-22,DELTA_TRADES,CL023628,ICICIBANK,BUY,145,1243.36,180287.2
2025-11-23,OMEGA_BROKING,CL884744,SBIN,SELL,277,1294.53,358584.81
2025-11-24,DELTA_TRADES,CL274913,INFY,SELL,27,524.13,14151.51
2025-11-23,BETA_INVEST,CL563035,ICICIBANK,BUY,175,2068.92,362061.0
2025-11-26,OMEGA_BROKING,CL139606,LT,BUY,102,457.78,46693.56
2025-11-20,BETA_INVEST,CL155008,ICICIBANK,BUY,232,2343.37,543661.84
2025-11-22,OMEGA_BROKING,CL638602,LT,BUY,214,2049.61,438616.54
2025-11-24,BETA_INVEST,CL726876,KOTAKBANK,BUY,20,531.1,10622.0
2025-11-21,BETA_INVEST,CL743431,TATAMOTORS,SELL,267,1993.91,532373.97
2025-11-25,ALPHA_SEC,CL567616,TATAMOTORS,BUY,18,1323.37,23820.66
2025-11-24,DELTA_TRADES,CL190905,ICICIBANK,BUY,97,231.79,22483.63
2025-11-21,ALPHA_SEC,CL601619,ICICIBANK,SELL,98,2405.77,235765.46
2025-11-22,OMEGA_BROKING,CL502857,LT,SELL,82,1573.43,129021.26
2025-11-23,DELTA_TRADES,CL226593,KOTAKBANK,BUY,262,1012.65,265314.3
2025-11-25,OMEGA_BROKING,CL174268,KOTAKBANK,BUY,52,439.34,22845.68
2025-11-23,ALPHA_SEC,CL698753,ICICIBANK,SELL,216,1282.14,276942.24
2025-11-26,OMEGA_BROKING,CL355609,HDFC,SELL,56,274.11,15350.16
2025-11-21,DELTA_TRADES,CL390968,KOTAKBANK,BUY,28,2017.24,56482.72
2025-11-26,BETA_INVEST,CL495608,HDFC,BUY,68,193.74,13174.32
2025-11-24,ALPHA_SEC,CL974046,LT,BUY,205,1124.96,230616.8
2025-11-20,DELTA_TRADES,CL958487,SBIN,SELL,192,1757.41,337422.72
2025-11-21,DELTA_TRADES,CL857707,ICICIBANK,SELL,87,188.45,16395.15
2025-11-20,OMEGA_BROKING,CL042510,HDFC,BUY,221,2411.96,533043.16
2025-11-21,BETA_INVEST,CL794337,INFY,BUY,192,1753.34,336641.28
2025-11-24,DELTA_TRADES,CL354147,SBIN,SELL,134,2262.45,303168.3
2025-11-23,DELTA_TRADES,CL338964,HDFC,BUY,89,2447.53,217830.17
2025-11-20,OMEGA_BROKING,CL932231,LT,BUY,264,1445.83,381699.12
2025-11-25,DELTA_TRADES,CL965412,ICICIBANK,SELL,296,1798.74,532427.04
2025-11-25,DELTA_TRADES,CL362847,HDFC,SELL,172,1710.57,294218.04
2025-11-24,DELTA_TRADES,CL147540,INFY,SELL,65,1163.87,75651.55
2025-11-20,ALPHA_SEC,CL174986,SBIN,SELL,62,2255.04,139812.48
2025-11-25,ALPHA_SEC,CL536032,INFY,BUY,6,963.02,5778.12
2025-11-25,OMEGA_BROKING,CL662185,RELIANCE,BUY,18,609.13,10964.34
2025-11-21,BETA_INVEST,CL187118,HDFC,BUY,243,861.65,209380.95
2025-11-21,DELTA_TRADES,CL408151,ITC,SELL,73,2099.84,153288.32
2025-11-25,BETA_INVEST,CL955387,KOTAKBANK,BUY,11,1830.43,20134.73
2025-11-26,OMEGA_BROKING,CL409670,RELIANCE,BUY,118,2406.53,283970.54
2025-11-22,ALPHA_SEC,CL942318,AXISBANK,SELL,95,2317.74,220185.3
2025-11-26,DELTA_TRADES,CL374500,AXISBANK,SELL,175,626.66,109665.5
2025-11-22,ALPHA_SEC,CL697713,ICICIBANK,BUY,191,956.56,182702.96
2025-11-24,OMEGA_BROKING,CL915355,HDFC,BUY,259,833.94,215990.46
2025-11-22,OMEGA_BROKING,CL313271,HDFC,BUY,76,908.69,69060.44
2025-11-21,DELTA_TRADES,CL741812,AXISBANK,SELL,234,1795.11,420055.74
2025-11-20,OMEGA_BROKING,CL424821,KOTAKBANK,SELL,148,943.52,139640.96
2025-11-24,DELTA_TRADES,CL308763,LT,SELL,136,1052.38,143123.68
2025-11-20,ALPHA_SEC,CL573321,AXISBANK,BUY,230,707.99,162837.7
2025-11-21,BETA_INVEST,CL288719,INFY,BUY,160,848.94,135830.4
2025-11-25,ALPHA_SEC,CL697946,SBIN,BUY,299,1838.95,549846.05
2025-11-26,OMEGA_BROKING,CL926266,ICICIBANK,SELL,218,1177.34,256660.12
2025-11-20,ALPHA_SEC,CL122799,AXISBANK,SELL,1,472.81,472.81
2025-11-22,OMEGA_BROKING,CL335328,LT,BUY,244,266.3,64977.2
2025-11-24,ALPHA_SEC,CL333972,TATAMOTORS,BUY,140,125.15,17521.0
2025-11-22,BETA_INVEST,CL002456,ICICIBANK,BUY,104,2462.65,256115.6
2025-11-26,OMEGA_BROKING,CL498994,INFY,SELL,193,2451.0,473043.0
2025-11-22,BETA_INVEST,CL649574,SBIN,SELL,272,2388.79,649750.88
2025-11-22,ALPHA_SEC,CL403697,INFY,SELL,208,1003.76,208782.08
2025-11-25,DELTA_TRADES,CL243895,HDFC,SELL,119,1463.48,174154.12
2025-11-21,ALPHA_SEC,CL576861,AXISBANK,BUY,264,943.22,249010.08
2025-11-26,ALPHA_SEC,CL442061,SBIN,BUY,287,679.64,195056.68
2025-11-20,OMEGA_BROKING,CL653991,SBIN,SELL,212,2372.22,502910.64
2025-11-20,ALPHA_SEC,CL827239,AXISBANK,SELL,121,1506.43,182278.03
2025-11-26,ALPHA_SEC,CL109572,INFY,BUY,24,1319.01,31656.24
2025-11-22,OMEGA_BROKING,CL077840,INFY,SELL,137,657.25,90043.25
2025-11-21,OMEGA_BROKING,CL915803,HDFC,SELL,267,656.59,175309.53
2025-11-25,BETA_INVEST,CL188132,LT,BUY,186,1523.12,283300.32
2025-11-24,BETA_INVEST,CL291801,LT,BUY,92,196.86,18111.12
2025-11-22,OMEGA_BROKING,CL871830,KOTAKBANK,BUY,30,163.01,4890.3
2025-11-23,BETA_INVEST,CL999911,RELIANCE,SELL,78,2094.9,163402.2
2025-11-24,ALPHA_SEC,CL903251,ICICIBANK,BUY,265,885.16,234567.4
2025-11-21,OMEGA_BROKING,CL882567,ITC,BUY,6,2253.16,13518.96
2025-11-22,BETA_INVEST,CL274878,TATAMOTORS,SELL,177,1737.33,307507.41
2025-11-25,OMEGA_BROKING,CL358955,HDFC,BUY,228,790.79,180300.12
2025-11-20,OMEGA_BROKING,CL881204,RELIANCE,SELL,123,1889.53,232412.19
2025-11-20,OMEGA_BROKING,CL511631,TATAMOTORS,BUY,79,2412.51,190588.29
2025-11-21,BETA_INVEST,CL849737,AXISBANK,SELL,265,234.05,62023.25
2025-11-23,BETA_INVEST,CL876148,TATAMOTORS,BUY,48,2233.16,107191.68
2025-11-23,OMEGA_BROKING,CL437718,SBIN,BUY,210,815.88,171334.8
2025-11-22,BETA_INVEST,CL768278,LT,BUY,110,1965.27,216179.7
2025-11-23,DELTA_TRADES,CL394845,ICICIBANK,BUY,81,626.38,50736.78
2025-11-26,OMEGA_BROKING,CL769150,LT,SELL,267,1333.13,355945.71
2025-11-23,BETA_INVEST,CL092815,ICICIBANK,BUY,267,1935.87,516877.29
2025-11-21,DELTA_TRADES,CL838040,RELIANCE,SELL,118,527.93,62295.74
2025-11-21,BETA_INVEST,CL084098,INFY,BUY,42,2214.59,93012.78
2025-11-24,DELTA_TRADES,CL457104,HDFC,SELL,175,1190.34,208309.5
2025-11-20,DELTA_TRADES,CL255743,RELIANCE,SELL,107,2103.7,225095.9
2025-11-22,BETA_INVEST,CL602704,ITC,SELL,232,1916.82,444702.24
2025-11-23,OMEGA_BROKING,CL508621,AXISBANK,BUY,236,817.79,192998.44
2025-11-24,DELTA_TRADES,CL547641,KOTAKBANK,SELL,260,513.44,133494.4
2025-11-26,ALPHA_SEC,CL082825,TATAMOTORS,SELL,281,1271.66,357336.46
2025-11-22,OMEGA_BROKING,CL297395,TATAMOTORS,BUY,201,519.14,104347.14
2025-11-24,BETA_INVEST,CL060188,AXISBANK,SELL,274,864.84,236966.16
2025-11-25,OMEGA_BROKING,CL108080,SBIN,BUY,46,962.67,44282.82
2025-11-20,ALPHA_SEC,CL583652,SBIN,SELL,232,1810.2,419966.4
2025-11-22,OMEGA_BROKING,CL510575,KOTAKBANK,BUY,186,368.23,68490.78
2025-11-20,DELTA_TRADES,CL077607,HDFC,BUY,220,1857.9,408738.0
2025-11-21,DELTA_TRADES,CL415093,AXISBANK,BUY,58,1131.17,65607.86
2025-11-20,ALPHA_SEC,CL752173,TATAMOTORS,SELL,286,674.9,193021.4
2025-11-20,DELTA_TRADES,CL584713,SBIN,SELL,213,1571.61,334752.93
2025-11-23,OMEGA_BROKING,CL672328,ICICIBANK,BUY,121,225.12,27239.52
2025-11-24,BETA_INVEST,CL381298,KOTAKBANK,SELL,27,2123.24,57327.48
2025-11-22,ALPHA_SEC,CL387849,HDFC,BUY,230,730.51,168017.3
2025-11-20,DELTA_TRADES,CL340770,INFY,SELL,152,1855.34,282011.68
2025-11-22,BETA_INVEST,CL118864,RELIANCE,SELL,218,1407.13,306754.34
2025-11-21,OMEGA_BROKING,CL443755,HDFC,SELL,257,1801.54,462995.78
2025-11-22,OMEGA_BROKING,CL532946,AXISBANK,SELL,143,1816.49,259758.07
2025-11-20,BETA_INVEST,CL496890,LT,SELL,225,2284.68,514053.0
2025-11-25,DELTA_TRADES,CL525717,TATAMOTORS,BUY,207,1464.78,303209.46
2025-11-25,DELTA_TRADES,CL645582,ITC,BUY,179,2079.27,372189.33
2025-11-20,DELTA_TRADES,CL576751,SBIN,SELL,244,2051.89,500661.16
2025-11-23,ALPHA_SEC,CL265409,LT,SELL,229,581.01,133051.29
2025-11-21,OMEGA_BROKING,CL526338,KOTAKBANK,BUY,40,1436.07,57442.8
2025-11-26,ALPHA_SEC,CL129270,RELIANCE,BUY,122,269.21,32843.62
2025-11-20,DELTA_TRADES,CL205882,ICICIBANK,BUY,87,796.01,69252.87
2025-11-21,OMEGA_BROKING,CL534008,LT,SELL,226,1266.47,286222.22
2025-11-25,BETA_INVEST,CL367508,TATAMOTORS,SELL,39,1871.01,72969.39
2025-11-26,DELTA_TRADES,CL832556,LT,BUY,96,2354.9,226070.4
2025-11-23,OMEGA_BROKING,CL455896,AXISBANK,SELL,254,178.3,45288.2
2025-11-24,ALPHA_SEC,CL633197,ITC,BUY,73,848.46,61937.58
2025-11-23,ALPHA_SEC,CL064400,ICICIBANK,SELL,156,253.52,39549.12
2025-11-25,OMEGA_BROKING,CL194486,AXISBANK,BUY,142,1946.26,276368.92
2025-11-20,BETA_INVEST,CL464521,ICICIBANK,SELL,199,2386.43,474899.57
2025-11-25,OMEGA_BROKING,CL303883,ITC,SELL,56,343.1,19213.6
2025-11-26,BETA_INVEST,CL715049,INFY,SELL,210,1111.03,233316.3
2025-11-25,OMEGA_BROKING,CL521530,INFY,BUY,266,290.87,77371.42
2025-11-26,ALPHA_SEC,CL684663,TATAMOTORS,SELL,45,1185.42,53343.9
2025-11-25,ALPHA_SEC,CL276851,SBIN,SELL,179,181.43,32475.97
2025-11-20,OMEGA_BROKING,CL690567,RELIANCE,SELL,296,544.23,161092.08
2025-11-24,DELTA_TRADES,CL860918,RELIANCE,BUY,94,1633.4,153539.6
2025-11-24,BETA_INVEST,CL578480,TATAMOTORS,SELL,181,1863.24,337246.44
2025-11-23,BETA_INVEST,CL727615,RELIANCE,BUY,4,628.2,2512.8
2025-11-22,ALPHA_SEC,CL465287,SBIN,SELL,213,1652.79,352044.27
2025-11-21,BETA_INVEST,CL988719,ICICIBANK,SELL,124,1179.13,146212.12
2025-11-20,ALPHA_SEC,CL111546,AXISBANK,SELL,265,645.34,171015.1
2025-11-22,DELTA_TRADES,CL994823,HDFC,SELL,55,1357.57,74666.35
2025-11-22,ALPHA_SEC,CL935779,INFY,SELL,31,2317.83,71852.73
2025-11-24,DELTA_TRADES,CL259791,ITC,SELL,99,2068.43,204774.57
2025-11-24,ALPHA_SEC,CL726747,LT,SELL,191,1785.48,341026.68
2025-11-20,OMEGA_BROKING,CL526333,ITC,SELL,31,206.47,6400.57
2025-11-25,ALPHA_SEC,CL781284,KOTAKBANK,SELL,22,1952.02,42944.44
2025-11-24,BETA_INVEST,CL548994,TATAMOTORS,BUY,24,2000.81,48019.44
2025-11-24,BETA_INVEST,CL057968,HDFC,BUY,187,1355.53,253484.11
2025-11-25,OMEGA_BROKING,CL524541,SBIN,SELL,281,1144.89,321714.09
2025-11-20,ALPHA_SEC,CL184494,LT,BUY,214,2284.32,488844.48
2025-11-22,DELTA_TRADES,CL051710,ITC,BUY,277,2204.88,610751.76
2025-11-20,DELTA_TRADES,CL020472,ICICIBANK,SELL,72,1883.27,135595.44
2025-11-24,BETA_INVEST,CL660132,INFY,BUY,220,414.43,91174.6
2025-11-22,DELTA_TRADES,CL937650,RELIANCE,SELL,135,649.3,87655.5
2025-11-26,DELTA_TRADES,CL453622,ICICIBANK,BUY,251,2253.55,565641.05
2025-11-24,OMEGA_BROKING,CL624986,SBIN,BUY,123,1167.74,143632.02
2025-11-20,DELTA_TRADES,CL615628,SBIN,SELL,264,901.09,237887.76
2025-11-25,ALPHA_SEC,CL393741,ICICIBANK,SELL,298,1661.85,495231.3
2025-11-21,OMEGA_BROKING,CL613667,RELIANCE,BUY,262,1025.37,268646.94
2025-11-20,DELTA_TRADES,CL697858,AXISBANK,SELL,175,569.46,99655.5
2025-11-24,BETA_INVEST,CL941645,LT,SELL,45,1933.89,87025.05
2025-11-22,BETA_INVEST,CL493296,RELIANCE,BUY,157,2029.48,318628.36
2025-11-24,ALPHA_SEC,CL198522,TATAMOTORS,SELL,132,879.4,116080.8
2025-11-23,DELTA_TRADES,CL289520,ITC,SELL,260,643.14,167216.4
2025-11-23,DELTA_TRADES,CL161350,TATAMOTORS,SELL,94,263.45,24764.3
2025-11-26,BETA_INVEST,CL989539,ITC,SELL,55,249.51,13723.05
2025-11-26,ALPHA_SEC,CL237387,AXISBANK,BUY,289,1907.07,551143.23
2025-11-20,DELTA_TRADES,CL171187,HDFC,BUY,130,773.44,100547.2
2025-11-24,ALPHA_SEC,CL408913,LT,BUY,126,2277.0,286902.0
2025-11-26,DELTA_TRADES,CL126026,SBIN,BUY,29,502.38,14569.02
2025-11-24,ALPHA_SEC,CL653943,ICICIBANK,BUY,235,655.92,154141.2
2025-11-23,ALPHA_SEC,CL343531,ICICIBANK,SELL,276,2326.54,642125.04
2025-11-20,OMEGA_BROKING,CL429180,ITC,BUY,17,976.18,16595.06
2025-11-23,BETA_INVEST,CL576797,RELIANCE,SELL,171,978.81,167376.51
2025-11-20,OMEGA_BROKING,CL589043,ICICIBANK,BUY,117,1750.69,204830.73
2025-11-22,ALPHA_SEC,CL808720,HDFC,SELL,24,1712.92,41110.08
2025-11-22,ALPHA_SEC,CL781850,RELIANCE,BUY,283,1754.53,496531.99
2025-11-26,ALPHA_SEC,CL244420,TATAMOTORS,BUY,118,1438.94,169794.92
2025-11-21,BETA_INVEST,CL654920,ITC,SELL,115,2382.48,273985.2
2025-11-23,ALPHA_SEC,CL475774,RELIANCE,BUY,141,609.17,85892.97
2025-11-23,DELTA_TRADES,CL504076,TATAMOTORS,BUY,148,1536.03,227332.44
2025-11-21,DELTA_TRADES,CL932014,INFY,BUY,260,492.76,128117.6
2025-11-25,DELTA_TRADES,CL646748,INFY,SELL,109,400.9,43698.1
2025-11-23,DELTA_TRADES,CL088777,ICICIBANK,BUY,249,2464.42,613640.58
2025-11-21,DELTA_TRADES,CL597335,INFY,BUY,291,937.09,272693.19
2025-11-26,BETA_INVEST,CL437404,AXISBANK,SELL,1,843.09,843.09
2025-11-20,BETA_INVEST,CL527749,INFY,SELL,260,2345.81,609910.6
2025-11-26,DELTA_TRADES,CL223813,RELIANCE,SELL,125,299.68,37460.0
2025-11-26,OMEGA_BROKING,CL638820,AXISBANK,SELL,48,2499.05,119954.4
2025-11-22,OMEGA_BROKING,CL409575,AXISBANK,SELL,74,1556.73,115198.02
2025-11-21,BETA_INVEST,CL691047,ITC,SELL,188,2359.62,443608.56
2025-11-25,DELTA_TRADES,CL437181,ICICIBANK,SELL,48,2002.58,96123.84
2025-11-25,DELTA_TRADES,CL958002,RELIANCE,BUY,25,1653.72,41343.0
2025-11-21,DELTA_TRADES,CL355511,ICICIBANK,BUY,102,1587.52,161927.04
2025-11-25,BETA_INVEST,CL508072,ICICIBANK,BUY,193,1484.6,286527.8
2025-11-20,DELTA_TRADES,CL897607,LT,BUY,271,1716.46,465160.66
2025-11-25,OMEGA_BROKING,CL107077,SBIN,BUY,114,847.2,96580.8
2025-11-21,DELTA_TRADES,CL909329,ICICIBANK,SELL,132,1299.16,171489.12
2025-11-26,BETA_INVEST,CL546751,ITC,SELL,287,1964.91,563929.17
2025-11-22,BETA_INVEST,CL051855,RELIANCE,SELL,72,1112.16,80075.52
2025-11-20,ALPHA_SEC,CL655795,AXISBANK,BUY,241,278.03,67005.23
2025-11-25,ALPHA_SEC,CL972343,LT,SELL,12,235.46,2825.52
2025-11-20,ALPHA_SEC,CL248740,LT,BUY,219,2282.61,499891.59
2025-11-23,BETA_INVEST,CL431590,RELIANCE,SELL,51,1260.91,64306.41
2025-11-20,BETA_INVEST,CL895937,RELIANCE,BUY,37,2348.98,86912.26
2025-11-25,DELTA_TRADES,CL108425,ICICIBANK,SELL,148,1287.16,190499.68
2025-11-21,ALPHA_SEC,CL118999,TATAMOTORS,BUY,273,315.09,86019.57
2025-11-25,BETA_INVEST,CL260018,AXISBANK,SELL,201,2230.03,448236.03
2025-11-21,ALPHA_SEC,CL558991,INFY,SELL,178,699.16,124450.48
2025-11-26,BETA_INVEST,CL615091,TATAMOTORS,BUY,77,1652.56,127247.12
2025-11-20,BETA_INVEST,CL979140,HDFC,SELL,42,669.49,28118.58
2025-11-22,BETA_INVEST,CL593706,KOTAKBANK,SELL,80,1778.2,142256.0
2025-11-25,BETA_INVEST,CL306587,ITC,SELL,147,137.9,20271.3
2025-11-23,OMEGA_BROKING,CL189794,INFY,BUY,1,2424.61,2424.61
2025-11-24,BETA_INVEST,CL129659,ICICIBANK,SELL,166,386.44,64149.04
2025-11-21,DELTA_TRADES,CL336751,AXISBANK,SELL,220,2021.79,444793.8
2025-11-24,OMEGA_BROKING,CL460821,RELIANCE,BUY,58,2187.37,126867.46
2025-11-23,OMEGA_BROKING,CL694596,TATAMOTORS,BUY,176,2348.84,413395.84
2025-11-21,OMEGA_BROKING,CL072442,AXISBANK,BUY,79,2032.34,160554.86
2025-11-20,OMEGA_BROKING,CL076812,AXISBANK,BUY,181,2305.35,417268.35
2025-11-24,OMEGA_BROKING,CL455957,AXISBANK,BUY,14,2477.28,34681.92
2025-11-21,OMEGA_BROKING,CL689553,SBIN,SELL,177,1382.41,244686.57
2025-11-26,OMEGA_BROKING,CL995644,TATAMOTORS,BUY,273,2103.28,574195.44
2025-11-26,DELTA_TRADES,CL153286,KOTAKBANK,BUY,9,194.87,1753.83
2025-11-22,DELTA_TRADES,CL902840,ITC,BUY,190,676.26,128489.4
2025-11-21,ALPHA_SEC,CL649620,ITC,BUY,69,626.85,43252.65
2025-11-24,OMEGA_BROKING,CL123469,HDFC,SELL,226,1543.66,348867.16
2025-11-22,OMEGA_BROKING,CL420234,AXISBANK,SELL,289,2087.09,603169.01
2025-11-21,ALPHA_SEC,CL101750,KOTAKBANK,BUY,211,766.16,161659.76
2025-11-23,ALPHA_SEC,CL373907,AXISBANK,SELL,41,1282.01,52562.41
2025-11-22,ALPHA_SEC,CL029939,ICICIBANK,SELL,290,384.19,111415.1
2025-11-26,DELTA_TRADES,CL382323,ITC,BUY,119,1733.59,206297.21
2025-11-26,ALPHA_SEC,CL632187,SBIN,BUY,243,1901.68,462108.24
2025-11-20,DELTA_TRADES,CL774007,ICICIBANK,BUY,254,342.85,87083.9
2025-11-21,DELTA_TRADES,CL250788,ICICIBANK,BUY,36,1723.84,62058.24
2025-11-25,DELTA_TRADES,CL812744,RELIANCE,SELL,75,1873.01,140475.75
2025-11-21,DELTA_TRADES,CL900180,INFY,BUY,151,614.4,92774.4
2025-11-20,DELTA_TRADES,CL376500,SBIN,SELL,24,194.41,4665.84
2025-11-21,DELTA_TRADES,CL935577,HDFC,BUY,283,286.86,81181.38
2025-11-21,ALPHA_SEC,CL770495,RELIANCE,SELL,213,2470.07,526124.91
2025-11-25,OMEGA_BROKING,CL819193,ITC,BUY,282,1785.39,503479.98
2025-11-26,DELTA_TRADES,CL500089,AXISBANK,SELL,32,377.87,12091.84
2025-11-22,BETA_INVEST,CL482582,ITC,BUY,92,1448.72,133282.24
2025-11-23,DELTA_TRADES,CL967921,HDFC,BUY,19,485.34,9221.46
2025-11-20,BETA_INVEST,CL433480,SBIN,SELL,174,2445.24,425471.76
2025-11-21,ALPHA_SEC,CL656209,LT,BUY,64,516.26,33040.64
2025-11-25,ALPHA_SEC,CL211841,SBIN,BUY,62,812.36,50366.32
2025-11-21,BETA_INVEST,CL416385,AXISBANK,BUY,65,2065.45,134254.25
2025-11-22,OMEGA_BROKING,CL535723,TATAMOTORS,BUY,189,841.91,159120.99
2025-11-25,ALPHA_SEC,CL020351,AXISBANK,SELL,86,514.94,44284.84
2025-11-25,ALPHA_SEC,CL271845,AXISBANK,BUY,125,680.1,85012.5
2025-11-24,OMEGA_BROKING,CL241754,ICICIBANK,BUY,217,2307.05,500629.85
2025-11-25,BETA_INVEST,CL889446,SBIN,SELL,231,2374.95,548613.45
2025-11-25,OMEGA_BROKING,CL030436,AXISBANK,SELL,164,1266.5,207706.0
2025-11-20,DELTA_TRADES,CL684328,LT,SELL,109,1770.21,192952.89
2025-11-25,BETA_INVEST,CL728922,ICICIBANK,SELL,184,2334.35,429520.4
2025-11-24,DELTA_TRADES,CL428179,ICICIBANK,SELL,187,881.63,164864.81
2025-11-22,BETA_INVEST,CL592443,HDFC,BUY,109,846.39,92256.51
2025-11-25,BETA_INVEST,CL878425,SBIN,SELL,279,865.92,241591.68
2025-11-23,BETA_INVEST,CL443899,RELIANCE,BUY,223,1777.88,396467.24
2025-11-21,OMEGA_BROKING,CL710897,SBIN,BUY,171,2244.92,383881.32
2025-11-22,OMEGA_BROKING,CL032060,KOTAKBANK,BUY,263,1163.95,306118.85
2025-11-20,ALPHA_SEC,CL433355,INFY,SELL,2,235.42,470.84
2025-11-25,OMEGA_BROKING,CL273692,SBIN,BUY,74,350.46,25934.04
2025-11-25,DELTA_TRADES,CL345126,RELIANCE,SELL,13,902.11,11727.43
2025-11-20,OMEGA_BROKING,CL938644,RELIANCE,BUY,194,645.72,125269.68
2025-11-25,ALPHA_SEC,CL937348,INFY,BUY,114,2281.65,260108.1
2025-11-21,ALPHA_SEC,CL439717,ITC,SELL,131,1731.73,226856.63
2025-11-21,ALPHA_SEC,CL147340,RELIANCE,SELL,206,270.81,55786.86
2025-11-25,OMEGA_BROKING,CL535152,SBIN,BUY,215,2021.88,434704.2
2025-11-22,ALPHA_SEC,CL292249,AXISBANK,BUY,240,236.24,56697.6
2025-11-20,OMEGA_BROKING,CL402076,SBIN,SELL,175,1695.25,296668.75
2025-11-25,ALPHA_SEC,CL952236,INFY,SELL,212,353.82,75009.84
2025-11-21,BETA_INVEST,CL028554,KOTAKBANK,SELL,97,1378.4,133704.8
2025-11-21,ALPHA_SEC,CL614946,ITC,SELL,104,475.45,49446.8
2025-11-22,ALPHA_SEC,CL342498,KOTAKBANK,BUY,147,539.87,79360.89
2025-11-26,DELTA_TRADES,CL054343,ITC,BUY,5,1288.55,6442.75
2025-11-23,BETA_INVEST,CL650528,ICICIBANK,BUY,51,1635.17,83393.67
2025-11-26,BETA_INVEST,CL995871,ITC,SELL,48,1250.85,60040.8
2025-11-24,DELTA_TRADES,CL212827,HDFC,BUY,76,2175.65,165349.4
2025-11-21,ALPHA_SEC,CL759796,ICICIBANK,SELL,150,2333.68,350052.0
2025-11-26,DELTA_TRADES,CL935699,INFY,SELL,233,950.57,221482.81
2025-11-22,OMEGA_BROKING,CL655734,ITC,BUY,99,998.2,98821.8
2025-11-24,BETA_INVEST,CL466137,SBIN,BUY,32,306.82,9818.24
2025-11-22,DELTA_TRADES,CL066720,HDFC,BUY,31,1455.42,45118.02
2025-11-25,ALPHA_SEC,CL331172,ITC,SELL,294,311.57,91601.58
2025-11-25,ALPHA_SEC,CL482569,RELIANCE,BUY,178,1180.19,210073.82
2025-11-20,DELTA_TRADES,CL962849,TATAMOTORS,BUY,238,1380.09,328461.42
2025-11-23,OMEGA_BROKING,CL183671,HDFC,SELL,245,1861.31,456020.95
2025-11-26,ALPHA_SEC,CL866657,KOTAKBANK,SELL,52,1845.33,95957.16
2025-11-23,DELTA_TRADES,CL016510,LT,BUY,46,2463.12,113303.52
2025-11-20,DELTA_TRADES,CL616486,INFY,SELL,14,307.19,4300.66
2025-11-21,ALPHA_SEC,CL008895,SBIN,BUY,38,296.2,11255.6
2025-11-20,OMEGA_BROKING,CL310073,ICICIBANK,SELL,179,788.66,141170.14
2025-11-20,BETA_INVEST,CL925963,KOTAKBANK,SELL,237,1007.99,238893.63
2025-11-24,OMEGA_BROKING,CL936502,INFY,BUY,260,1324.83,344455.8
2025-11-26,BETA_INVEST,CL922564,ICICIBANK,BUY,246,1772.25,435973.5
2025-11-23,ALPHA_SEC,CL065655,RELIANCE,BUY,250,1270.26,317565.0
2025-11-26,OMEGA_BROKING,CL314662,SBIN,SELL,141,1264.85,178343.85
2025-11-23,OMEGA_BROKING,CL080282,HDFC,SELL,219,372.5,81577.5
2025-11-22,DELTA_TRADES,CL357296,AXISBANK,SELL,239,641.3,153270.7
2025-11-24,OMEGA_BROKING,CL778259,TATAMOTORS,SELL,161,2289.53,368614.33
2025-11-21,ALPHA_SEC,CL627706,INFY,SELL,276,1843.16,508712.16
2025-11-20,BETA_INVEST,CL733206,HDFC,SELL,98,1541.81,151097.38
2025-11-23,DELTA_TRADES,CL070469,RELIANCE,BUY,136,1042.48,141777.28
2025-11-20,OMEGA_BROKING,CL399702,LT,SELL,23,439.03,10097.69
2025-11-23,ALPHA_SEC,CL014088,KOTAKBANK,BUY,286,1130.47,323314.42
2025-11-21,ALPHA_SEC,CL489127,LT,BUY,115,1215.61,139795.15
2025-11-25,BETA_INVEST,CL546485,RELIANCE,SELL,120,1360.97,163316.4
2025-11-23,DELTA_TRADES,CL488557,HDFC,SELL,65,2413.38,156869.7
2025-11-21,ALPHA_SEC,CL718712,TATAMOTORS,SELL,24,1382.3,33175.2
2025-11-24,ALPHA_SEC,CL476496,SBIN,SELL,208,748.0,155584.0
2025-11-24,ALPHA_SEC,CL045310,HDFC,SELL,7,1109.04,7763.28
2025-11-20,ALPHA_SEC,CL253015,HDFC,BUY,235,1861.18,437377.3
2025-11-23,DELTA_TRADES,CL341445,ICICIBANK,SELL,7,617.85,4324.95
2025-11-24,OMEGA_BROKING,CL768980,SBIN,BUY,156,1207.23,188327.88
2025-11-21,ALPHA_SEC,CL924146,KOTAKBANK,BUY,232,890.84,206674.88
2025-11-21,BETA_INVEST,CL111618,KOTAKBANK,BUY,220,1080.2,237644.0
2025-11-21,ALPHA_SEC,CL987739,HDFC,BUY,193,2200.78,424750.54
2025-11-22,BETA_INVEST,CL019661,LT,BUY,39,1180.36,46034.04
2025-11-23,OMEGA_BROKING,CL230452,HDFC,BUY,270,125.96,34009.2
2025-11-24,DELTA_TRADES,CL427220,TATAMOTORS,SELL,230,1901.31,437301.3
2025-11-23,OMEGA_BROKING,CL555450,SBIN,BUY,259,1326.92,343672.28
2025-11-20,DELTA_TRADES,CL744337,KOTAKBANK,BUY,31,2026.0,62806.0
2025-11-20,OMEGA_BROKING,CL823286,ICICIBANK,BUY,177,629.55,111430.35
2025-11-21,OMEGA_BROKING,CL436323,ICICIBANK,SELL,276,2211.35,610332.6
2025-11-22,BETA_INVEST,CL514972,TATAMOTORS,SELL,127,467.75,59404.25
2025-11-22,OMEGA_BROKING,CL068190,INFY,SELL,204,1469.92,299863.68
2025-11-20,OMEGA_BROKING,CL400320,ITC,BUY,281,2444.42,686882.02
2025-11-26,ALPHA_SEC,CL858683,TATAMOTORS,SELL,13,1955.78,25425.14
2025-11-21,DELTA_TRADES,CL875674,INFY,SELL,186,1833.16,340967.76
2025-11-26,OMEGA_BROKING,CL522062,AXISBANK,BUY,100,1786.17,178617.0
2025-11-20,BETA_INVEST,CL005688,RELIANCE,BUY,245,250.37,61340.65
2025-11-23,ALPHA_SEC,CL421701,INFY,BUY,299,946.87,283114.13
2025-11-21,DELTA_TRADES,CL091614,INFY,BUY,218,1196.95,260935.1
2025-11-22,DELTA_TRADES,CL464957,ICICIBANK,BUY,222,1679.25,372793.5
2025-11-26,BETA_INVEST,CL084776,INFY,SELL,140,610.11,85415.4
2025-11-25,OMEGA_BROKING,CL237107,HDFC,SELL,102,1570.38,160178.76
2025-11-22,ALPHA_SEC,CL895629,ITC,SELL,37,1348.72,49902.64
2025-11-22,BETA_INVEST,CL562571,HDFC,SELL,143,2352.16,336358.88
2025-11-25,BETA_INVEST,CL473762,AXISBANK,BUY,28,2031.08,56870.24
2025-11-23,ALPHA_SEC,CL845352,KOTAKBANK,SELL,84,2350.1,197408.4
2025-11-24,BETA_INVEST,CL145029,TATAMOTORS,BUY,32,249.43,7981.76
2025-11-24,OMEGA_BROKING,CL093319,INFY,BUY,293,1197.24,350791.32
2025-11-22,ALPHA_SEC,CL728897,HDFC,SELL,17,1944.04,33048.68
2025-11-21,BETA_INVEST,CL038971,AXISBANK,SELL,189,1218.23,230245.47
2025-11-20,BETA_INVEST,CL453519,TATAMOTORS,SELL,271,561.76,152236.96
2025-11-23,DELTA_TRADES,CL766949,RELIANCE,SELL,250,2466.36,616590.0
2025-11-20,DELTA_TRADES,CL671663,KOTAKBANK,SELL,53,1746.02,92539.06
2025-11-22,ALPHA_SEC,CL317184,AXISBANK,SELL,251,1583.19,397380.69
2025-11-25,DELTA_TRADES,CL062485,HDFC,SELL,151,1602.19,241930.69
2025-11-20,BETA_INVEST,CL234554,HDFC,SELL,38,1223.58,46496.04
2025-11-24,BETA_INVEST,CL602817,KOTAKBANK,BUY,169,1416.99,239471.31
2025-11-23,BETA_INVEST,CL377985,TATAMOTORS,BUY,2,1275.66,2551.32
2025-11-23,BETA_INVEST,CL022105,HDFC,SELL,270,2016.92,544568.4
2025-11-23,DELTA_TRADES,CL425455,AXISBANK,SELL,159,1041.1,165534.9
2025-11-25,DELTA_TRADES,CL926186,LT,BUY,228,246.27,56149.56
2025-11-26,OMEGA_BROKING,CL385113,INFY,BUY,204,1368.17,279106.68
2025-11-20,ALPHA_SEC,CL854877,AXISBANK,SELL,96,1347.8,129388.8
2025-11-26,ALPHA_SEC,CL437576,INFY,BUY,16,191.73,3067.68
2025-11-26,OMEGA_BROKING,CL243779,KOTAKBANK,BUY,81,468.47,37946.07
2025-11-25,DELTA_TRADES,CL006074,LT,BUY,102,1312.96,133921.92
2025-11-20,DELTA_TRADES,CL929994,LT,SELL,84,1154.74,96998.16
2025-11-22,DELTA_TRADES,CL433136,KOTAKBANK,SELL,189,794.51,150162.39
2025-11-20,ALPHA_SEC,CL722237,SBIN,BUY,207,2318.29,479886.03
2025-11-26,OMEGA_BROKING,CL158408,ICICIBANK,SELL,272,2262.37,615364.64
2025-11-26,ALPHA_SEC,CL926627,INFY,BUY,253,1500.53,379634.09
2025-11-20,DELTA_TRADES,CL182760,RELIANCE,BUY,176,1237.83,217858.08
2025-11-21,BETA_INVEST,CL582601,ICICIBANK,BUY,257,2413.77,620338.89
2025-11-25,OMEGA_BROKING,CL426268,HDFC,SELL,142,178.92,25406.64
2025-11-20,OMEGA_BROKING,CL048737,RELIANCE,BUY,230,1182.95,272078.5
2025-11-24,BETA_INVEST,CL203364,SBIN,BUY,288,1666.46,479940.48
2025-11-20,ALPHA_SEC,CL513034,TATAMOTORS,BUY,144,2091.97,301243.68
2025-11-23,ALPHA_SEC,CL393574,TATAMOTORS,BUY,65,541.67,35208.55
2025-11-25,ALPHA_SEC,CL900368,RELIANCE,SELL,298,1091.3,325207.4
2025-11-22,DELTA_TRADES,CL874446,ICICIBANK,SELL,158,2025.95,320100.1
2025-11-21,DELTA_TRADES,CL901345,SBIN,BUY,149,894.5,133280.5
2025-11-23,ALPHA_SEC,CL000209,AXISBANK,BUY,129,1902.57,245431.53
2025-11-24,BETA_INVEST,CL137450,ITC,SELL,158,1016.93,160674.94
2025-11-25,OMEGA_BROKING,CL317861,ITC,SELL,151,1474.44,222640.44
2025-11-23,OMEGA_BROKING,CL516811,ICICIBANK,BUY,138,1202.48,165942.24
2025-11-20,ALPHA_SEC,CL161459,ITC,SELL,14,1064.29,14900.06
2025-11-24,ALPHA_SEC,CL489720,HDFC,SELL,285,1577.59,449613.15
2025-11-21,DELTA_TRADES,CL438358,AXISBANK,SELL,185,1658.74,306866.9
2025-11-20,OMEGA_BROKING,CL205309,ICICIBANK,BUY,275,2458.51,676090.25
2025-11-20,OMEGA_BROKING,CL538942,HDFC,BUY,177,2063.96,365320.92
2025-11-20,DELTA_TRADES,CL984353,ICICIBANK,SELL,109,365.25,39812.25
2025-11-21,OMEGA_BROKING,CL615301,LT,SELL,287,1423.5,408544.5
2025-11-22,DELTA_TRADES,CL472066,AXISBANK,SELL,210,1525.91,320441.1
2025-11-26,OMEGA_BROKING,CL574590,TATAMOTORS,BUY,235,2223.56,522536.6
2025-11-21,BETA_INVEST,CL616006,TATAMOTORS,BUY,236,600.64,141751.04
2025-11-22,BETA_INVEST,CL318661,SBIN,BUY,17,1306.23,22205.91
2025-11-22,DELTA_TRADES,CL261952,ITC,SELL,60,2348.64,140918.4
2025-11-21,OMEGA_BROKING,CL119641,SBIN,SELL,269,1842.42,495610.98
2025-11-23,ALPHA_SEC,CL154165,LT,SELL,153,2036.79,311628.87
2025-11-26,OMEGA_BROKING,CL914829,LT,BUY,36,2302.18,82878.48
2025-11-21,DELTA_TRADES,CL351438,ICICIBANK,BUY,230,560.58,128933.4
2025-11-24,ALPHA_SEC,CL432323,SBIN,BUY,144,677.34,97536.96
2025-11-20,OMEGA_BROKING,CL191942,INFY,SELL,131,2114.27,276969.37
2025-11-26,ALPHA_SEC,CL593320,ITC,SELL,165,418.3,69019.5
2025-11-21,OMEGA_BROKING,CL802861,KOTAKBANK,SELL,162,722.44,117035.28
2025-11-23,BETA_INVEST,CL990937,SBIN,SELL,199,2063.77,410690.23
2025-11-25,OMEGA_BROKING,CL534113,ICICIBANK,SELL,179,1749.09,313087.11
2025-11-25,OMEGA_BROKING,CL872629,INFY,BUY,139,1707.07,237282.73
2025-11-22,ALPHA_SEC,CL867869,TATAMOTORS,BUY,16,445.7,7131.2
2025-11-24,BETA_INVEST,CL529714,LT,SELL,237,595.54,141142.98
2025-11-22,ALPHA_SEC,CL193960,LT,BUY,247,575.75,142210.25
2025-11-20,OMEGA_BROKING,CL737485,LT,SELL,37,527.86,19530.82
2025-11-25,OMEGA_BROKING,CL361678,ITC,BUY,51,2105.39,107374.89
2025-11-21,OMEGA_BROKING,CL165385,RELIANCE,SELL,298,811.96,241964.08
2025-11-22,DELTA_TRADES,CL370442,TATAMOTORS,BUY,196,241.96,47424.16
2025-11-24,DELTA_TRADES,CL873579,INFY,SELL,182,1606.34,292353.88
2025-11-20,DELTA_TRADES,CL601238,KOTAKBANK,BUY,7,2258.34,15808.38
2025-11-22,ALPHA_SEC,CL463006,SBIN,BUY,285,547.69,156091.65
2025-11-21,BETA_INVEST,CL606816,TATAMOTORS,BUY,284,381.27,108280.68
2025-11-23,DELTA_TRADES,CL434633,RELIANCE,BUY,161,881.43,141910.23
2025-11-23,OMEGA_BROKING,CL645429,ICICIBANK,SELL,1,1287.83,1287.83
2025-11-25,ALPHA_SEC,CL922091,LT,SELL,50,2282.01,114100.5
2025-11-26,ALPHA_SEC,CL998181,ITC,BUY,94,987.53,92827.82
2025-11-25,DELTA_TRADES,CL615026,ITC,BUY,53,2199.52,116574.56
2025-11-25,DELTA_TRADES,CL408525,AXISBANK,BUY,292,2398.99,700505.08
2025-11-21,OMEGA_BROKING,CL002410,KOTAKBANK,SELL,36,1087.45,39148.2
2025-11-25,DELTA_TRADES,CL008725,ICICIBANK,SELL,239,975.55,233156.45
2025-11-21,OMEGA_BROKING,CL055342,KOTAKBANK,BUY,215,1918.74,412529.1
2025-11-20,DELTA_TRADES,CL208420,HDFC,SELL,80,2094.51,167560.8
2025-11-26,ALPHA_SEC,CL952364,AXISBANK,SELL,58,1002.71,58157.18
2025-11-24,DELTA_TRADES,CL120351,INFY,SELL,262,1377.64,360941.68
2025-11-22,BETA_INVEST,CL822762,AXISBANK,SELL,182,2125.89,386911.98
2025-11-23,BETA_INVEST,CL644302,HDFC,BUY,18,1718.3,30929.4
2025-11-25,BETA_INVEST,CL751280,AXISBANK,SELL,5,1065.38,5326.9
2025-11-23,BETA_INVEST,CL455079,KOTAKBANK,BUY,18,1765.38,31776.84
2025-11-20,BETA_INVEST,CL602378,ICICIBANK,SELL,256,2039.85,522201.6
2025-11-26,OMEGA_BROKING,CL590679,LT,BUY,179,2134.4,382057.6
2025-11-26,OMEGA_BROKING,CL638282,ITC,SELL,46,2100.57,96626.22
2025-11-20,DELTA_TRADES,CL170614,RELIANCE,BUY,181,2412.7,436698.7
2025-11-22,BETA_INVEST,CL801236,ITC,BUY,286,1739.69,497551.34
2025-11-22,ALPHA_SEC,CL394274,HDFC,BUY,107,962.35,102971.45
2025-11-26,ALPHA_SEC,CL502715,RELIANCE,SELL,222,782.56,173728.32
2025-11-22,BETA_INVEST,CL602594,HDFC,BUY,4,224.39,897.56
2025-11-21,DELTA_TRADES,CL133068,INFY,BUY,279,1978.83,552093.57
2025-11-25,ALPHA_SEC,CL754351,ICICIBANK,SELL,124,677.83,84050.92
2025-11-22,OMEGA_BROKING,CL752432,TATAMOTORS,BUY,54,921.32,49751.28
2025-11-20,DELTA_TRADES,CL538789,AXISBANK,SELL,251,458.15,114995.65
2025-11-21,BETA_INVEST,CL348369,INFY,SELL,178,1615.67,287589.26
2025-11-24,OMEGA_BROKING,CL194781,AXISBANK,SELL,265,526.89,139625.85
2025-11-20,BETA_INVEST,CL041670,LT,SELL,195,457.3,89173.5
2025-11-20,ALPHA_SEC,CL088301,SBIN,BUY,282,695.25,196060.5
2025-11-25,ALPHA_SEC,CL117559,LT,SELL,278,1460.03,405888.34
2025-11-22,ALPHA_SEC,CL972747,AXISBANK,SELL,55,817.7,44973.5
2025-11-20,ALPHA_SEC,CL781790,AXISBANK,SELL,20,683.59,13671.8
2025-11-21,BETA_INVEST,CL313238,AXISBANK,BUY,1,1724.12,1724.12
2025-11-23,BETA_INVEST,CL815883,INFY,SELL,88,1737.27,152879.76
2025-11-26,ALPHA_SEC,CL335421,ICICIBANK,BUY,72,962.2,69278.4
2025-11-25,BETA_INVEST,CL629791,ITC,SELL,215,1890.63,406485.45
2025-11-21,ALPHA_SEC,CL471659,KOTAKBANK,SELL,299,721.17,215629.83
2025-11-22,OMEGA_BROKING,CL342628,ICICIBANK,SELL,44,468.99,20635.56
2025-11-26,BETA_INVEST,CL244928,ITC,BUY,174,460.38,80106.12
2025-11-23,DELTA_TRADES,CL822511,RELIANCE,BUY,78,1547.12,120675.36
2025-11-24,BETA_INVEST,CL562252,LT,SELL,126,1811.49,228247.74
2025-11-26,OMEGA_BROKING,CL184709,ITC,SELL,82,475.68,39005.76
2025-11-22,BETA_INVEST,CL304813,KOTAKBANK,BUY,211,1539.21,324773.31
2025-11-26,BETA_INVEST,CL961232,INFY,BUY,230,1930.09,443920.7
2025-11-24,ALPHA_SEC,CL142655,TATAMOTORS,SELL,231,1372.81,317119.11
2025-11-23,DELTA_TRADES,CL784425,HDFC,SELL,164,1163.08,190745.12
2025-11-22,ALPHA_SEC,CL687359,ITC,BUY,169,2496.8,421959.2
2025-11-22,DELTA_TRADES,CL307949,KOTAKBANK,SELL,197,2434.7,479635.9
2025-11-24,OMEGA_BROKING,CL625797,INFY,BUY,12,2434.56,29214.72
2025-11-20,OMEGA_BROKING,CL357299,HDFC,SELL,241,882.24,212619.84
2025-11-22,ALPHA_SEC,CL938332,KOTAKBANK,BUY,102,1486.24,151596.48
2025-11-24,DELTA_TRADES,CL958089,RELIANCE,SELL,188,2072.85,389695.8
2025-11-21,ALPHA_SEC,CL465137,RELIANCE,SELL,81,2173.35,176041.35
2025-11-20,DELTA_TRADES,CL283273,KOTAKBANK,SELL,130,974.24,126651.2
2025-11-20,ALPHA_SEC,CL666720,ICICIBANK,BUY,180,490.79,88342.2
2025-11-24,ALPHA_SEC,CL381850,ICICIBANK,BUY,183,1978.53,362070.99
2025-11-26,DELTA_TRADES,CL996600,ICICIBANK,SELL,216,2088.69,451157.04
2025-11-23,ALPHA_SEC,CL405362,RELIANCE,SELL,281,919.58,258401.98
2025-11-24,OMEGA_BROKING,CL329271,KOTAKBANK,BUY,228,1658.75,378195.0
2025-11-24,OMEGA_BROKING,CL798570,SBIN,SELL,139,1086.82,151067.98
2025-11-24,BETA_INVEST,CL588798,INFY,SELL,128,1190.3,152358.4
2025-11-26,OMEGA_BROKING,CL275060,AXISBANK,BUY,33,619.57,20445.81
2025-11-26,DELTA_TRADES,CL137857,ICICIBANK,SELL,96,550.11,52810.56
2025-11-24,ALPHA_SEC,CL653719,INFY,SELL,196,2147.78,420964.88
2025-11-22,BETA_INVEST,CL444121,INFY,SELL,222,1710.32,379691.04
2025-11-25,OMEGA_BROKING,CL214999,INFY,SELL,218,1767.18,385245.24
2025-11-22,OMEGA_BROKING,CL537480,ITC,SELL,53,459.62,24359.86
2025-11-22,ALPHA_SEC,CL659647,INFY,BUY,85,1012.87,86093.95
2025-11-24,ALPHA_SEC,CL690597,LT,SELL,149,1655.59,246682.91
2025-11-26,OMEGA_BROKING,CL445943,TATAMOTORS,BUY,236,1451.79,342622.44
2025-11-21,OMEGA_BROKING,CL701726,RELIANCE,SELL,183,1775.33,324885.39
2025-11-24,OMEGA_BROKING,CL114433,HDFC,BUY,234,1072.11,250873.74
2025-11-25,OMEGA_BROKING,CL246180,ICICIBANK,SELL,156,1856.18,289564.08
2025-11-26,DELTA_TRADES,CL240411,LT,SELL,115,549.66,63210.9
2025-11-22,ALPHA_SEC,CL267558,SBIN,SELL,169,1524.8,257691.2
2025-11-22,BETA_INVEST,CL771222,RELIANCE,BUY,229,464.24,106310.96
2025-11-26,BETA_INVEST,CL753754,AXISBANK,BUY,226,2334.5,527597.0
2025-11-21,ALPHA_SEC,CL549877,RELIANCE,BUY,54,1586.66,85679.64
2025-11-21,DELTA_TRADES,CL968153,AXISBANK,BUY,93,2325.7,216290.1
2025-11-25,DELTA_TRADES,CL877510,HDFC,BUY,181,954.95,172845.95
2025-11-23,OMEGA_BROKING,CL278026,AXISBANK,BUY,85,376.86,32033.1
2025-11-24,DELTA_TRADES,CL804997,ICICIBANK,SELL,5,531.52,2657.6
2025-11-21,ALPHA_SEC,CL971897,INFY,BUY,109,387.6,42248.4
2025-11-25,DELTA_TRADES,CL361785,HDFC,BUY,94,1427.2,134156.8
2025-11-23,BETA_INVEST,CL515848,INFY,BUY,112,1275.17,142819.04
2025-11-21,OMEGA_BROKING,CL525904,TATAMOTORS,SELL,12,1023.41,12280.92
2025-11-21,BETA_INVEST,CL779538,LT,BUY,251,1636.48,410756.48
2025-11-26,OMEGA_BROKING,CL941508,HDFC,SELL,128,1314.56,168263.68
2025-11-22,OMEGA_BROKING,CL553599,ICICIBANK,BUY,259,1232.48,319212.32
2025-11-21,BETA_INVEST,CL520739,LT,SELL,223,917.66,204638.18
2025-11-23,BETA_INVEST,CL665721,TATAMOTORS,SELL,143,1042.86,149128.98
2025-11-20,DELTA_TRADES,CL759853,AXISBANK,BUY,244,383.12,93481.28
2025-11-22,ALPHA_SEC,CL057279,INFY,SELL,52,1458.5,75842.0
2025-11-24,DELTA_TRADES,CL296363,INFY,BUY,33,1160.02,38280.66
2025-11-26,ALPHA_SEC,CL202743,KOTAKBANK,BUY,226,554.7,125362.2
2025-11-22,BETA_INVEST,CL694157,KOTAKBANK,SELL,249,398.25,99164.25
2025-11-25,BETA_INVEST,CL477119,RELIANCE,BUY,208,1324.86,275570.88
2025-11-24,DELTA_TRADES,CL788415,INFY,BUY,145,2158.99,313053.55
2025-11-26,ALPHA_SEC,CL398624,ITC,SELL,134,139.64,18711.76
2025-11-23,BETA_INVEST,CL088243,ITC,BUY,204,2317.93,472857.72
2025-11-21,OMEGA_BROKING,CL081934,ITC,BUY,5,1183.87,5919.35
2025-11-23,BETA_INVEST,CL061134,ICICIBANK,SELL,271,1830.51,496068.21
2025-11-26,BETA_INVEST,CL287154,ITC,BUY,137,1792.82,245616.34
2025-11-24,BETA_INVEST,CL852803,INFY,BUY,182,600.72,109331.04
2025-11-24,DELTA_TRADES,CL577973,AXISBANK,SELL,266,1619.25,430720.5
2025-11-24,OMEGA_BROKING,CL790840,ICICIBANK,BUY,63,1387.02,87382.26
2025-11-22,OMEGA_BROKING,CL410784,ITC,BUY,180,705.27,126948.6
2025-11-23,BETA_INVEST,CL124813,ITC,SELL,112,2299.27,257518.24
2025-11-20,BETA_INVEST,CL040114,SBIN,BUY,75,1362.63,102197.25
2025-11-26,ALPHA_SEC,CL162993,HDFC,SELL,57,492.23,28057.11
2025-11-24,DELTA_TRADES,CL164674,ICICIBANK,SELL,174,1871.76,325686.24
2025-11-25,ALPHA_SEC,CL419906,ICICIBANK,SELL,159,1303.41,207242.19
2025-11-20,BETA_INVEST,CL241018,SBIN,BUY,129,1708.84,220440.36
2025-11-20,BETA_INVEST,CL724425,TATAMOTORS,SELL,164,2175.13,356721.32
2025-11-21,BETA_INVEST,CL034030,AXISBANK,BUY,216,2119.18,457742.88
2025-11-20,ALPHA_SEC,CL622030,AXISBANK,BUY,112,468.07,52423.84
2025-11-23,BETA_INVEST,CL525228,RELIANCE,BUY,130,1343.11,174604.3
2025-11-23,ALPHA_SEC,CL624243,ITC,SELL,76,2183.0,165908.0
2025-11-23,DELTA_TRADES,CL883311,TATAMOTORS,SELL,213,286.9,61109.7
2025-11-26,BETA_INVEST,CL797107,INFY,BUY,161,640.45,103112.45
2025-11-25,DELTA_TRADES,CL534572,LT,SELL,63,1723.97,108610.11
2025-11-23,DELTA_TRADES,CL685054,TATAMOTORS,SELL,114,1878.62,214162.68
2025-11-22,ALPHA_SEC,CL552473,SBIN,SELL,155,1210.92,187692.6
2025-11-20,OMEGA_BROKING,CL864152,RELIANCE,BUY,82,1504.69,123384.58
2025-11-21,BETA_INVEST,CL139827,AXISBANK,SELL,206,163.71,33724.26
2025-11-22,ALPHA_SEC,CL162771,INFY,BUY,108,1139.33,123047.64
2025-11-20,BETA_INVEST,CL149343,LT,BUY,292,2396.42,699754.64
2025-11-23,BETA_INVEST,CL307484,KOTAKBANK,BUY,69,238.42,16450.98
2025-11-24,BETA_INVEST,CL449608,LT,SELL,102,1148.05,117101.1
2025-11-26,ALPHA_SEC,CL903513,RELIANCE,BUY,46,2117.15,97388.9
2025-11-26,BETA_INVEST,CL882339,HDFC,SELL,23,1714.59,39435.57
2025-11-24,DELTA_TRADES,CL090569,TATAMOTORS,BUY,273,2277.27,621694.71
2025-11-22,DELTA_TRADES,CL338567,AXISBANK,BUY,266,686.14,182513.24
2025-11-24,DELTA_TRADES,CL822160,RELIANCE,SELL,79,2458.47,194219.13
2025-11-26,DELTA_TRADES,CL698002,TATAMOTORS,BUY,275,460.08,126522.0
2025-11-22,DELTA_TRADES,CL753094,SBIN,BUY,265,2267.45,600874.25
2025-11-25,ALPHA_SEC,CL403004,ICICIBANK,BUY,156,1779.78,277645.68
2025-11-26,DELTA_TRADES,CL790150,AXISBANK,BUY,38,1090.45,41437.1
2025-11-22,ALPHA_SEC,CL135096,ITC,SELL,52,1301.17,67660.84
2025-11-26,DELTA_TRADES,CL860258,HDFC,SELL,12,857.37,10288.44
2025-11-20,DELTA_TRADES,CL912821,LT,SELL,208,941.65,195863.2
2025-11-24,DELTA_TRADES,CL622555,ICICIBANK,BUY,109,1036.94,113026.46
2025-11-25,BETA_INVEST,CL493486,KOTAKBANK,BUY,242,1454.3,351940.6
2025-11-24,DELTA_TRADES,CL942535,INFY,SELL,270,1314.3,354861.0
2025-11-21,BETA_INVEST,CL741409,INFY,SELL,118,1222.62,144269.16
2025-11-20,BETA_INVEST,CL602163,TATAMOTORS,BUY,148,891.76,131980.48
2025-11-21,ALPHA_SEC,CL608622,SBIN,SELL,209,2425.83,506998.47
2025-11-22,ALPHA_SEC,CL880505,HDFC,SELL,100,1967.55,196755.0
2025-11-26,ALPHA_SEC,CL719013,HDFC,SELL,124,1636.02,202866.48
2025-11-26,DELTA_TRADES,CL451210,KOTAKBANK,SELL,94,1084.27,101921.38
2025-11-22,DELTA_TRADES,CL697013,ICICIBANK,SELL,260,1580.15,410839.0
2025-11-23,ALPHA_SEC,CL829343,RELIANCE,BUY,41,654.0,26814.0
2025-11-22,OMEGA_BROKING,CL963174,HDFC,SELL,22,1596.09,35113.98
2025-11-25,BETA_INVEST,CL377993,INFY,SELL,226,1281.79,289684.54
2025-11-21,OMEGA_BROKING,CL936039,ICICIBANK,SELL,194,786.18,152518.92
2025-11-26,DELTA_TRADES,CL993429,RELIANCE,SELL,249,1590.69,396081.81
2025-11-20,DELTA_TRADES,CL519079,LT,SELL,118,1481.46,174812.28
2025-11-21,OMEGA_BROKING,CL106725,SBIN,BUY,198,1137.22,225169.56
2025-11-20,BETA_INVEST,CL780096,KOTAKBANK,SELL,137,2147.59,294219.83
2025-11-22,BETA_INVEST,CL351500,LT,BUY,55,183.37,10085.35
2025-11-24,OMEGA_BROKING,CL689243,KOTAKBANK,BUY,10,2090.31,20903.1
2025-11-24,ALPHA_SEC,CL387710,ICICIBANK,SELL,263,2044.64,537740.32
2025-11-24,OMEGA_BROKING,CL255361,KOTAKBANK,SELL,55,1438.54,79119.7
2025-11-25,DELTA_TRADES,CL808404,RELIANCE,BUY,35,2191.96,76718.6
2025-11-24,OMEGA_BROKING,CL465290,ICICIBANK,BUY,55,1283.08,70569.4
2025-11-23,ALPHA_SEC,CL604496,ITC,BUY,41,1671.48,68530.68
2025-11-22,BETA_INVEST,CL134129,HDFC,BUY,27,2025.98,54701.46
2025-11-26,ALPHA_SEC,CL744040,INFY,BUY,161,591.57,95242.77
2025-11-22,DELTA_TRADES,CL683242,RELIANCE,BUY,131,1010.89,132426.59
2025-11-20,DELTA_TRADES,CL213334,HDFC,SELL,23,770.55,17722.65
2025-11-25,ALPHA_SEC,CL004525,ICICIBANK,SELL,140,608.45,85183.0
2025-11-23,BETA_INVEST,CL287948,RELIANCE,BUY,172,1256.68,216148.96
2025-11-22,DELTA_TRADES,CL020155,SBIN,SELL,127,1992.13,253000.51
2025-11-26,DELTA_TRADES,CL138378,ITC,SELL,32,199.17,6373.44
2025-11-23,OMEGA_BROKING,CL927444,LT,SELL,80,1493.06,119444.8
2025-11-24,OMEGA_BROKING,CL399719,KOTAKBANK,BUY,240,2099.42,503860.8
2025-11-25,BETA_INVEST,CL006031,HDFC,SELL,182,1073.76,195424.32
2025-11-24,ALPHA_SEC,CL243791,HDFC,SELL,265,2459.7,651820.5
2025-11-25,BETA_INVEST,CL526326,HDFC,SELL,101,1019.64,102983.64
2025-11-21,ALPHA_SEC,CL488567,ICICIBANK,BUY,145,1819.04,263760.8
2025-11-22,ALPHA_SEC,CL904350,LT,SELL,161,1153.13,185653.93
2025-11-23,BETA_INVEST,CL777698,TATAMOTORS,BUY,18,978.85,17619.3
2025-11-26,BETA_INVEST,CL902934,SBIN,BUY,111,2302.28,255553.08
2025-11-25,BETA_INVEST,CL801931,HDFC,BUY,226,338.51,76503.26
2025-11-26,ALPHA_SEC,CL129448,HDFC,BUY,251,280.42,70385.42
2025-11-25,BETA_INVEST,CL655120,ITC,SELL,106,1650.22,174923.32
2025-11-25,ALPHA_SEC,CL932453,RELIANCE,BUY,56,1650.68,92438.08
2025-11-26,OMEGA_BROKING,CL674056,KOTAKBANK,SELL,138,808.38,111556.44
2025-11-23,ALPHA_SEC,CL938949,INFY,BUY,148,1086.66,160825.68
2025-11-24,ALPHA_SEC,CL938180,ITC,SELL,48,588.16,28231.68
2025-11-21,ALPHA_SEC,CL959588,LT,BUY,42,460.71,19349.82
2025-11-24,OMEGA_BROKING,CL994031,SBIN,BUY,163,1712.28,279101.64
2025-11-23,DELTA_TRADES,CL141448,TATAMOTORS,SELL,84,776.59,65233.56
2025-11-23,BETA_INVEST,CL768985,RELIANCE,BUY,138,1085.16,149752.08
2025-11-26,ALPHA_SEC,CL355135,LT,SELL,133,1173.29,156047.57
2025-11-21,ALPHA_SEC,CL030296,HDFC,BUY,283,1391.06,393669.98
2025-11-24,ALPHA_SEC,CL231234,KOTAKBANK,BUY,69,1047.72,72292.68
2025-11-24,ALPHA_SEC,CL358967,INFY,SELL,263,1352.38,355675.94
2025-11-23,ALPHA_SEC,CL869216,INFY,SELL,227,1292.63,293427.01
2025-11-24,OMEGA_BROKING,CL700165,HDFC,SELL,153,906.14,138639.42
2025-11-26,OMEGA_BROKING,CL444711,ITC,BUY,278,1175.32,326738.96
2025-11-23,ALPHA_SEC,CL451315,HDFC,BUY,136,2221.06,302064.16
2025-11-24,BETA_INVEST,CL697713,KOTAKBANK,BUY,210,1662.26,349074.6
2025-11-23,DELTA_TRADES,CL281813,SBIN,BUY,95,569.76,54127.2
2025-11-23,ALPHA_SEC,CL227084,LT,SELL,114,932.56,106311.84
2025-11-26,BETA_INVEST,CL665568,HDFC,BUY,132,1238.39,163467.48
2025-11-25,BETA_INVEST,CL151467,LT,BUY,262,1421.32,372385.84
2025-11-22,ALPHA_SEC,CL280900,ICICIBANK,BUY,186,2436.79,453242.94
2025-11-21,ALPHA_SEC,CL823440,ITC,BUY,265,1882.37,498828.05
2025-11-25,OMEGA_BROKING,CL739669,HDFC,SELL,238,1204.37,286640.06
2025-11-22,ALPHA_SEC,CL453292,SBIN,BUY,57,326.57,18614.49
2025-11-20,ALPHA_SEC,CL978751,AXISBANK,SELL,235,2459.16,577902.6
2025-11-20,OMEGA_BROKING,CL533108,INFY,BUY,248,1194.01,296114.48
2025-11-20,DELTA_TRADES,CL853146,RELIANCE,BUY,251,535.9,134510.9
2025-11-20,ALPHA_SEC,CL914198,ITC,SELL,92,1085.4,99856.8
2025-11-25,OMEGA_BROKING,CL840211,INFY,BUY,221,2309.67,510437.07
2025-11-24,BETA_INVEST,CL243126,ICICIBANK,BUY,257,1079.07,277320.99
2025-11-25,OMEGA_BROKING,CL038678,SBIN,SELL,66,435.3,28729.8
2025-11-21,ALPHA_SEC,CL811921,SBIN,SELL,147,250.69,36851.43
2025-11-20,BETA_INVEST,CL693279,LT,BUY,146,1846.91,269648.86
2025-11-26,ALPHA_SEC,CL822255,KOTAKBANK,SELL,228,1298.91,296151.48
2025-11-25,ALPHA_SEC,CL158520,KOTAKBANK,BUY,188,689.72,129667.36
2025-11-22,OMEGA_BROKING,CL120739,KOTAKBANK,BUY,12,1897.29,22767.48
2025-11-20,ALPHA_SEC,CL772639,ICICIBANK,BUY,29,1011.61,29336.69
2025-11-25,DELTA_TRADES,CL005401,ITC,BUY,41,655.8,26887.8
2025-11-24,OMEGA_BROKING,CL475363,TATAMOTORS,SELL,76,899.83,68387.08
2025-11-20,BETA_INVEST,CL343968,TATAMOTORS,BUY,265,1053.46,279166.9
2025-11-24,BETA_INVEST,CL941779,ICICIBANK,BUY,197,2332.74,459549.78
2025-11-22,ALPHA_SEC,CL458753,RELIANCE,BUY,93,765.6,71200.8
2025-11-24,BETA_INVEST,CL333882,SBIN,BUY,261,564.91,147441.51
2025-11-24,BETA_INVEST,CL940447,SBIN,SELL,208,1836.9,382075.2
2025-11-20,DELTA_TRADES,CL965466,ICICIBANK,SELL,126,802.49,101113.74
2025-11-22,BETA_INVEST,CL950462,ICICIBANK,BUY,119,220.55,26245.45
2025-11-25,OMEGA_BROKING,CL799797,ITC,BUY,16,733.44,11735.04
2025-11-23,OMEGA_BROKING,CL700729,HDFC,BUY,4,2267.01,9068.04
2025-11-21,BETA_INVEST,CL362486,RELIANCE,SELL,190,844.73,160498.7
2025-11-26,ALPHA_SEC,CL593831,TATAMOTORS,SELL,93,1135.44,105595.92
2025-11-26,BETA_INVEST,CL758003,KOTAKBANK,SELL,218,1214.89,264846.02
2025-11-24,OMEGA_BROKING,CL301580,SBIN,BUY,225,1817.18,408865.5
2025-11-23,BETA_INVEST,CL700876,ITC,BUY,225,304.47,68505.75
2025-11-20,ALPHA_SEC,CL596340,KOTAKBANK,BUY,290,1104.17,320209.3
2025-11-24,ALPHA_SEC,CL623986,AXISBANK,SELL,180,693.85,124893.0
2025-11-26,ALPHA_SEC,CL346416,LT,SELL,295,1040.98,307089.1
2025-11-21,ALPHA_SEC,CL456348,KOTAKBANK,BUY,265,1349.98,357744.7
2025-11-24,DELTA_TRADES,CL975227,KOTAKBANK,SELL,268,2093.5,561058.0
2025-11-23,ALPHA_SEC,CL407847,RELIANCE,BUY,213,440.58,93843.54
2025-11-24,DELTA_TRADES,CL010032,INFY,BUY,260,1431.21,372114.6
2025-11-21,ALPHA_SEC,CL889805,SBIN,SELL,223,719.21,160383.83
2025-11-24,BETA_INVEST,CL804752,SBIN,SELL,41,2050.71,84079.11
2025-11-21,DELTA_TRADES,CL092603,INFY,SELL,37,1648.52,60995.24
2025-11-21,OMEGA_BROKING,CL071027,ITC,BUY,149,738.1,109976.9
2025-11-23,ALPHA_SEC,CL157099,SBIN,SELL,103,2458.41,253216.23
2025-11-25,OMEGA_BROKING,CL780487,SBIN,SELL,233,853.15,198783.95
2025-11-23,DELTA_TRADES,CL551622,TATAMOTORS,SELL,98,1513.68,148340.64
2025-11-23,BETA_INVEST,CL060381,LT,SELL,13,1292.68,16804.84
2025-11-21,OMEGA_BROKING,CL710919,ITC,BUY,127,2292.03,291087.81
2025-11-21,ALPHA_SEC,CL602596,ICICIBANK,SELL,291,1877.38,546317.58
2025-11-21,ALPHA_SEC,CL019711,LT,BUY,70,146.02,10221.4
2025-11-24,DELTA_TRADES,CL002523,ITC,SELL,227,1412.96,320741.92
2025-11-26,OMEGA_BROKING,CL550148,SBIN,SELL,103,2241.86,230911.58
2025-11-21,OMEGA_BROKING,CL249613,TATAMOTORS,BUY,183,2425.84,443928.72
2025-11-23,ALPHA_SEC,CL263686,AXISBANK,BUY,150,1955.76,293364.0
2025-11-26,DELTA_TRADES,CL182192,ICICIBANK,BUY,203,1861.71,377927.13
2025-11-24,DELTA_TRADES,CL411697,AXISBANK,BUY,107,2181.61,233432.27
2025-11-23,OMEGA_BROKING,CL705345,ICICIBANK,BUY,16,904.55,14472.8
2025-11-23,ALPHA_SEC,CL987240,HDFC,SELL,215,688.97,148128.55
2025-11-26,ALPHA_SEC,CL020189,SBIN,SELL,285,1321.81,376715.85
2025-11-24,OMEGA_BROKING,CL405292,HDFC,BUY,68,384.55,26149.4
2025-11-22,BETA_INVEST,CL632658,INFY,BUY,14,1245.0,17430.0
2025-11-25,BETA_INVEST,CL090508,RELIANCE,SELL,7,753.76,5276.32
2025-11-20,ALPHA_SEC,CL081675,TATAMOTORS,SELL,147,1100.86,161826.42
2025-11-22,DELTA_TRADES,CL327498,ICICIBANK,BUY,32,2158.57,69074.24
2025-11-26,OMEGA_BROKING,CL774988,RELIANCE,SELL,155,2013.48,312089.4
2025-11-22,BETA_INVEST,CL820388,AXISBANK,SELL,122,2333.65,284705.3
2025-11-26,DELTA_TRADES,CL405537,AXISBANK,SELL,8,1059.15,8473.2
2025-11-22,ALPHA_SEC,CL404022,KOTAKBANK,BUY,55,1586.58,87261.9
2025-11-23,ALPHA_SEC,CL370370,KOTAKBANK,BUY,229,951.3,217847.7
2025-11-25,DELTA_TRADES,CL742500,TATAMOTORS,BUY,271,474.37,128554.27
2025-11-20,BETA_INVEST,CL984939,AXISBANK,BUY,158,491.98,77732.84
2025-11-25,DELTA_TRADES,CL207045,HDFC,BUY,187,1724.4,322462.8
2025-11-26,OMEGA_BROKING,CL836252,HDFC,SELL,208,1513.89,314889.12
2025-11-26,OMEGA_BROKING,CL963219,AXISBANK,SELL,176,1348.59,237351.84
2025-11-22,ALPHA_SEC,CL994494,HDFC,BUY,259,2254.68,583962.12
2025-11-26,ALPHA_SEC,CL436982,TATAMOTORS,SELL,124,1227.32,152187.68
2025-11-26,BETA_INVEST,CL141157,AXISBANK,SELL,295,153.28,45217.6
2025-11-24,BETA_INVEST,CL417565,SBIN,SELL,262,516.12,135223.44
2025-11-23,DELTA_TRADES,CL726850,LT,SELL,283,292.82,82868.06
2025-11-21,DELTA_TRADES,CL295301,SBIN,BUY,164,1727.49,283308.36
2025-11-22,DELTA_TRADES,CL975288,INFY,BUY,4,2099.93,8399.72
2025-11-20,ALPHA_SEC,CL900940,INFY,SELL,48,1390.33,66735.84
2025-11-21,DELTA_TRADES,CL107287,LT,SELL,235,1397.62,328440.7
2025-11-20,BETA_INVEST,CL292706,TATAMOTORS,SELL,192,2459.77,472275.84
2025-11-22,BETA_INVEST,CL151923,ICICIBANK,BUY,21,2146.18,45069.78
2025-11-20,ALPHA_SEC,CL113194,RELIANCE,BUY,136,506.26,68851.36
2025-11-24,OMEGA_BROKING,CL974862,ICICIBANK,BUY,6,1908.5,11451.0
2025-11-21,DELTA_TRADES,CL097540,ITC,BUY,276,2447.74,675576.24
2025-11-25,ALPHA_SEC,CL126252,AXISBANK,SELL,228,2456.75,560139.0
2025-11-21,BETA_INVEST,CL617200,AXISBANK,BUY,209,603.22,126072.98
2025-11-26,DELTA_TRADES,CL077095,RELIANCE,SELL,43,1772.1,76200.3
2025-11-23,OMEGA_BROKING,CL154399,SBIN,SELL,6,2089.89,12539.34
2025-11-20,BETA_INVEST,CL569629,TATAMOTORS,BUY,158,1629.82,257511.56
2025-11-25,DELTA_TRADES,CL556972,INFY,SELL,145,641.19,92972.55
2025-11-21,ALPHA_SEC,CL499813,SBIN,SELL,73,1089.53,79535.69
2025-11-22,DELTA_TRADES,CL303283,INFY,SELL,298,2420.07,721180.86
2025-11-20,ALPHA_SEC,CL092772,ITC,BUY,177,1004.27,177755.79
2025-11-22,DELTA_TRADES,CL616605,SBIN,SELL,7,1136.57,7955.99
2025-11-24,OMEGA_BROKING,CL235858,SBIN,SELL,67,943.55,63217.85
2025-11-20,DELTA_TRADES,CL564099,RELIANCE,SELL,300,2498.85,749655.0
2025-11-22,OMEGA_BROKING,CL967625,ITC,BUY,179,1320.21,236317.59
2025-11-25,OMEGA_BROKING,CL046642,SBIN,SELL,24,289.29,6942.96
2025-11-22,DELTA_TRADES,CL737982,KOTAKBANK,BUY,71,1335.86,94846.06
2025-11-20,DELTA_TRADES,CL690473,LT,SELL,68,834.39,56738.52
2025-11-26,ALPHA_SEC,CL669813,SBIN,SELL,11,1471.5,16186.5
2025-11-22,OMEGA_BROKING,CL153634,KOTAKBANK,SELL,47,1555.99,73131.53
2025-11-25,BETA_INVEST,CL478468,RELIANCE,SELL,219,815.8,178660.2
2025-11-21,ALPHA_SEC,CL147164,KOTAKBANK,SELL,262,1582.59,414638.58
2025-11-22,DELTA_TRADES,CL083183,LT,BUY,187,1171.29,219031.23
2025-11-24,DELTA_TRADES,CL089422,INFY,SELL,214,1280.01,273922.14
2025-11-25,OMEGA_BROKING,CL002325,RELIANCE,SELL,42,2497.68,104902.56
2025-11-23,BETA_INVEST,CL628225,AXISBANK,SELL,240,394.35,94644.0
2025-11-25,BETA_INVEST,CL118002,AXISBANK,BUY,278,2053.56,570889.68
2025-11-22,DELTA_TRADES,CL512121,RELIANCE,SELL,41,2314.0,94874.0
2025-11-20,ALPHA_SEC,CL448847,HDFC,BUY,223,362.38,80810.74
2025-11-20,ALPHA_SEC,CL845544,TATAMOTORS,SELL,203,2401.66,487536.98
2025-11-20,OMEGA_BROKING,CL530564,AXISBANK,SELL,267,1164.15,310828.05
2025-11-25,ALPHA_SEC,CL257691,KOTAKBANK,BUY,112,1159.99,129918.88
2025-11-24,OMEGA_BROKING,CL298752,TATAMOTORS,BUY,105,1039.71,109169.55
2025-11-21,OMEGA_BROKING,CL803382,RELIANCE,SELL,9,1691.62,15224.58
2025-11-23,BETA_INVEST,CL497549,ICICIBANK,SELL,279,1166.63,325489.77
2025-11-20,DELTA_TRADES,CL261756,KOTAKBANK,BUY,174,480.46,83600.04
2025-11-23,ALPHA_SEC,CL511850,AXISBANK,BUY,116,2036.98,236289.68
2025-11-25,ALPHA_SEC,CL913637,AXISBANK,SELL,203,1893.97,384475.91
2025-11-22,BETA_INVEST,CL299835,LT,BUY,65,1183.15,76904.75
2025-11-25,OMEGA_BROKING,CL527217,ICICIBANK,SELL,233,1527.8,355977.4
2025-11-22,BETA_INVEST,CL133839,INFY,SELL,280,897.37,251263.6
2025-11-21,ALPHA_SEC,CL814717,SBIN,BUY,293,2275.7,666780.1
2025-11-25,ALPHA_SEC,CL101016,ITC,BUY,255,175.19,44673.45
2025-11-21,DELTA_TRADES,CL644967,ITC,BUY,227,2336.19,530315.13
2025-11-24,BETA_INVEST,CL393492,SBIN,SELL,8,212.82,1702.56
2025-11-25,BETA_INVEST,CL042787,ITC,SELL,108,2087.38,225437.04
2025-11-25,ALPHA_SEC,CL399452,INFY,SELL,282,985.49,277908.18
2025-11-25,BETA_INVEST,CL695462,SBIN,BUY,217,1938.42,420637.14
2025-11-20,BETA_INVEST,CL534712,ICICIBANK,BUY,77,927.45,71413.65
2025-11-25,ALPHA_SEC,CL006229,RELIANCE,SELL,77,2439.83,187866.91
2025-11-24,BETA_INVEST,CL529140,AXISBANK,SELL,104,859.89,89428.56
2025-11-20,ALPHA_SEC,CL971351,INFY,BUY,250,286.73,71682.5
2025-11-23,OMEGA_BROKING,CL110212,ITC,BUY,291,1112.36,323696.76
2025-11-23,OMEGA_BROKING,CL237264,LT,BUY,147,1759.82,258693.54
2025-11-23,ALPHA_SEC,CL616375,HDFC,BUY,154,332.5,51205.0
2025-11-24,OMEGA_BROKING,CL230406,SBIN,BUY,257,1624.97,417617.29
2025-11-20,ALPHA_SEC,CL850722,INFY,BUY,44,277.94,12229.36
2025-11-20,ALPHA_SEC,CL630965,INFY,SELL,227,1575.23,357577.21
2025-11-25,ALPHA_SEC,CL223405,INFY,BUY,232,2039.41,473143.12
2025-11-24,ALPHA_SEC,CL009706,LT,SELL,126,2013.96,253758.96
2025-11-20,OMEGA_BROKING,CL639731,KOTAKBANK,SELL,87,1748.85,152149.95
2025-11-21,ALPHA_SEC,CL412399,LT,SELL,89,459.61,40905.29
2025-11-22,ALPHA_SEC,CL326250,RELIANCE,SELL,168,1675.47,281478.96
2025-11-26,DELTA_TRADES,CL506533,KOTAKBANK,SELL,187,984.79,184155.73
2025-11-20,OMEGA_BROKING,CL595156,LT,BUY,137,1228.34,168282.58
2025-11-21,ALPHA_SEC,CL008537,ITC,SELL,65,128.28,8338.2
2025-11-20,DELTA_TRADES,CL101603,ICICIBANK,SELL,126,126.6,15951.6
2025-11-25,OMEGA_BROKING,CL412230,ITC,SELL,84,1608.68,135129.12
2025-11-26,ALPHA_SEC,CL157270,SBIN,BUY,42,1274.87,53544.54
2025-11-23,DELTA_TRADES,CL800658,HDFC,SELL,182,2270.97,413316.54
2025-11-23,BETA_INVEST,CL561310,RELIANCE,SELL,293,715.68,209694.24
2025-11-25,OMEGA_BROKING,CL291663,TATAMOTORS,BUY,13,837.5,10887.5
2025-11-24,BETA_INVEST,CL654146,TATAMOTORS,BUY,193,971.75,187547.75
2025-11-25,BETA_INVEST,CL948166,HDFC,BUY,53,2488.16,131872.48
2025-11-20,BETA_INVEST,CL892467,ITC,SELL,188,2411.27,453318.76
2025-11-25,DELTA_TRADES,CL245284,ICICIBANK,SELL,189,342.79,64787.31
2025-11-26,DELTA_TRADES,CL693724,HDFC,SELL,251,973.31,244300.81
2025-11-25,DELTA_TRADES,CL668960,SBIN,SELL,153,1258.63,192570.39
2025-11-21,ALPHA_SEC,CL368566,SBIN,BUY,156,2339.34,364937.04
2025-11-25,ALPHA_SEC,CL146878,AXISBANK,SELL,298,1905.51,567841.98
2025-11-24,DELTA_TRADES,CL072659,HDFC,SELL,156,660.54,103044.24
2025-11-22,BETA_INVEST,CL166957,RELIANCE,BUY,230,678.9,156147.0
2025-11-21,BETA_INVEST,CL083887,SBIN,SELL,263,1541.12,405314.56
2025-11-24,OMEGA_BROKING,CL647324,ITC,SELL,154,1041.22,160347.88
2025-11-20,BETA_INVEST,CL449722,HDFC,BUY,232,1843.28,427640.96
2025-11-25,OMEGA_BROKING,CL450184,TATAMOTORS,SELL,54,993.87,53668.98
2025-11-21,BETA_INVEST,CL366934,INFY,BUY,279,1237.68,345312.72
2025-11-20,DELTA_TRADES,CL141865,LT,BUY,146,2279.45,332799.7
2025-11-23,ALPHA_SEC,CL632196,AXISBANK,SELL,65,2290.36,148873.4
2025-11-24,ALPHA_SEC,CL278333,SBIN,BUY,255,2152.13,548793.15
2025-11-22,DELTA_TRADES,CL319019,TATAMOTORS,SELL,238,2339.35,556765.3
2025-11-26,DELTA_TRADES,CL524868,RELIANCE,BUY,52,2254.66,117242.32
2025-11-24,OMEGA_BROKING,CL777330,RELIANCE,SELL,25,1237.32,30933.0
2025-11-24,BETA_INVEST,CL129041,ITC,BUY,36,1860.15,66965.4
2025-11-25,DELTA_TRADES,CL736262,RELIANCE,BUY,217,2419.46,525022.82
2025-11-20,BETA_INVEST,CL470021,INFY,BUY,257,1832.38,470921.66
2025-11-20,ALPHA_SEC,CL096732,AXISBANK,SELL,245,2274.61,557279.45
2025-11-23,DELTA_TRADES,CL137862,AXISBANK,BUY,216,1051.46,227115.36
2025-11-21,OMEGA_BROKING,CL968942,LT,SELL,41,482.21,19770.61
2025-11-21,BETA_INVEST,CL714150,RELIANCE,SELL,2,1871.3,3742.6
2025-11-26,DELTA_TRADES,CL791298,ICICIBANK,BUY,103,747.58,77000.74
2025-11-25,BETA_INVEST,CL440361,TATAMOTORS,SELL,2,217.41,434.82
2025-11-20,OMEGA_BROKING,CL779307,INFY,BUY,283,1708.51,483508.33
2025-11-24,DELTA_TRADES,CL920877,ICICIBANK,SELL,174,1358.73,236419.02
2025-11-21,DELTA_TRADES,CL128691,TATAMOTORS,SELL,241,887.58,213906.78
2025-11-25,DELTA_TRADES,CL124571,LT,SELL,61,2365.89,144319.29
2025-11-26,OMEGA_BROKING,CL374540,TATAMOTORS,BUY,131,2263.34,296497.54
2025-11-23,OMEGA_BROKING,CL622521,ITC,SELL,95,2067.24,196387.8
2025-11-23,DELTA_TRADES,CL577935,INFY,BUY,138,2312.69,319151.22
2025-11-26,ALPHA_SEC,CL703036,HDFC,SELL,182,2130.91,387825.62
2025-11-20,OMEGA_BROKING,CL323983,ICICIBANK,SELL,227,2321.02,526871.54
2025-11-24,DELTA_TRADES,CL337063,INFY,BUY,247,1152.4,284642.8
2025-11-23,BETA_INVEST,CL810225,KOTAKBANK,BUY,100,477.94,47794.0
2025-11-21,BETA_INVEST,CL153144,KOTAKBANK,SELL,269,1261.65,339383.85
2025-11-25,OMEGA_BROKING,CL661262,TATAMOTORS,BUY,78,970.41,75691.98
2025-11-20,OMEGA_BROKING,CL631777,RELIANCE,BUY,5,2252.29,11261.45
2025-11-23,DELTA_TRADES,CL034207,ITC,BUY,131,1905.66,249641.46
2025-11-25,OMEGA_BROKING,CL972410,LT,SELL,279,1535.46,428393.34
2025-11-24,DELTA_TRADES,CL160157,ICICIBANK,SELL,169,2273.78,384268.82
2025-11-22,OMEGA_BROKING,CL130195,AXISBANK,BUY,129,2414.63,311487.27
2025-11-25,DELTA_TRADES,CL426985,KOTAKBANK,BUY,125,2257.39,282173.75
2025-11-21,BETA_INVEST,CL718846,ITC,BUY,34,1528.68,51975.12
2025-11-23,BETA_INVEST,CL702682,KOTAKBANK,SELL,265,770.21,204105.65
2025-11-23,ALPHA_SEC,CL324588,INFY,BUY,202,786.63,158899.26
2025-11-21,OMEGA_BROKING,CL963904,TATAMOTORS,SELL,66,659.59,43532.94
2025-11-25,BETA_INVEST,CL789335,AXISBANK,SELL,144,1482.79,213521.76
2025-11-26,DELTA_TRADES,CL481942,RELIANCE,SELL,2,1301.74,2603.48
2025-11-26,DELTA_TRADES,CL475504,LT,BUY,13,343.42,4464.46
2025-11-25,BETA_INVEST,CL400160,RELIANCE,SELL,300,2011.45,603435.0
2025-11-23,BETA_INVEST,CL320966,ICICIBANK,SELL,26,311.47,8098.22
2025-11-22,DELTA_TRADES,CL874806,HDFC,BUY,239,1363.52,325881.28
2025-11-21,ALPHA_SEC,CL273124,TATAMOTORS,SELL,167,521.89,87155.63
2025-11-20,BETA_INVEST,CL921542,RELIANCE,BUY,162,1677.79,271801.98
2025-11-22,DELTA_TRADES,CL965922,RELIANCE,SELL,217,456.93,99153.81
2025-11-20,ALPHA_SEC,CL332601,HDFC,SELL,149,758.9,113076.1
2025-11-25,DELTA_TRADES,CL306173,SBIN,BUY,199,476.12,94747.88
2025-11-23,ALPHA_SEC,CL051647,ICICIBANK,SELL,141,1068.27,150626.07
2025-11-26,ALPHA_SEC,CL245649,TATAMOTORS,SELL,25,483.61,12090.25
2025-11-25,OMEGA_BROKING,CL457699,ITC,BUY,60,199.05,11943.0
2025-11-24,DELTA_TRADES,CL465904,AXISBANK,BUY,7,1649.75,11548.25
2025-11-26,ALPHA_SEC,CL875266,KOTAKBANK,BUY,78,1784.29,139174.62
2025-11-24,DELTA_TRADES,CL743201,LT,BUY,238,871.46,207407.48
2025-11-20,BETA_INVEST,CL765537,RELIANCE,SELL,62,1435.07,88974.34
2025-11-23,DELTA_TRADES,CL569654,SBIN,SELL,226,234.25,52940.5
2025-11-21,BETA_INVEST,CL546969,INFY,SELL,48,316.38,15186.24
2025-11-22,OMEGA_BROKING,CL444544,ICICIBANK,BUY,291,1398.23,406884.93
2025-11-23,BETA_INVEST,CL226408,RELIANCE,BUY,95,2040.13,193812.35
2025-11-24,DELTA_TRADES,CL266281,KOTAKBANK,SELL,94,420.43,39520.42
2025-11-25,ALPHA_SEC,CL027765,LT,BUY,25,1519.63,37990.75
2025-11-21,DELTA_TRADES,CL752608,ITC,SELL,134,746.15,99984.1
2025-11-26,BETA_INVEST,CL681556,SBIN,BUY,45,813.2,36594.0
2025-11-26,ALPHA_SEC,CL765599,LT,BUY,84,1263.94,106170.96
2025-11-22,OMEGA_BROKING,CL488686,HDFC,SELL,252,2176.96,548593.92
2025-11-20,BETA_INVEST,CL044783,KOTAKBANK,BUY,99,1261.65,124903.35
2025-11-24,BETA_INVEST,CL101073,ICICIBANK,BUY,21,815.26,17120.46
2025-11-25,OMEGA_BROKING,CL539686,SBIN,BUY,16,2472.03,39552.48
2025-11-25,DELTA_TRADES,CL352966,INFY,BUY,36,1262.37,45445.32
2025-11-20,ALPHA_SEC,CL398275,RELIANCE,BUY,36,1974.63,71086.68
2025-11-21,DELTA_TRADES,CL547390,LT,BUY,22,2297.6,50547.2
2025-11-26,DELTA_TRADES,CL892165,TATAMOTORS,SELL,28,1924.22,53878.16
2025-11-20,BETA_INVEST,CL107909,TATAMOTORS,SELL,272,1208.17,328622.24
2025-11-21,ALPHA_SEC,CL767933,ITC,BUY,92,1230.92,113244.64
2025-11-23,OMEGA_BROKING,CL230935,ICICIBANK,SELL,292,218.28,63737.76
2025-11-25,BETA_INVEST,CL973100,RELIANCE,SELL,36,2205.76,79407.36
2025-11-23,OMEGA_BROKING,CL873751,KOTAKBANK,SELL,164,1913.61,313832.04
2025-11-23,DELTA_TRADES,CL601504,KOTAKBANK,SELL,147,599.25,88089.75
2025-11-25,OMEGA_BROKING,CL454924,ITC,BUY,52,2187.42,113745.84
2025-11-23,DELTA_TRADES,CL908284,HDFC,SELL,214,1544.59,330542.26
2025-11-22,DELTA_TRADES,CL581391,TATAMOTORS,BUY,88,1902.48,167418.24
2025-11-24,OMEGA_BROKING,CL693808,KOTAKBANK,SELL,104,1016.83,105750.32
2025-11-21,DELTA_TRADES,CL997940,INFY,BUY,71,279.56,19848.76
2025-11-20,ALPHA_SEC,CL507398,LT,SELL,162,1186.73,192250.26
2025-11-23,ALPHA_SEC,CL317491,INFY,SELL,263,2067.45,543739.35
2025-11-24,OMEGA_BROKING,CL371668,ITC,BUY,282,1487.48,419469.36
2025-11-24,DELTA_TRADES,CL939940,AXISBANK,BUY,24,1307.31,31375.44
2025-11-25,OMEGA_BROKING,CL933806,ICICIBANK,BUY,283,146.53,41467.99
2025-11-23,OMEGA_BROKING,CL611693,TATAMOTORS,SELL,130,365.74,47546.2
2025-11-20,ALPHA_SEC,CL197154,SBIN,SELL,179,2261.9,404880.1
2025-11-24,ALPHA_SEC,CL723564,ITC,BUY,27,2483.28,67048.56
2025-11-23,ALPHA_SEC,CL207679,INFY,BUY,49,950.9,46594.1
2025-11-22,OMEGA_BROKING,CL143536,RELIANCE,SELL,222,479.81,106517.82
2025-11-21,BETA_INVEST,CL733520,TATAMOTORS,BUY,282,139.4,39310.8
2025-11-26,DELTA_TRADES,CL427718,RELIANCE,SELL,72,2265.08,163085.76
2025-11-23,DELTA_TRADES,CL701645,LT,BUY,2,1599.48,3198.96
2025-11-21,DELTA_TRADES,CL940505,RELIANCE,BUY,223,2062.99,460046.77
2025-11-26,ALPHA_SEC,CL511306,TATAMOTORS,SELL,279,208.08,58054.32
2025-11-22,DELTA_TRADES,CL303135,HDFC,BUY,143,2088.65,298676.95
2025-11-25,OMEGA_BROKING,CL617612,KOTAKBANK,BUY,79,1103.79,87199.41
2025-11-23,ALPHA_SEC,CL967261,RELIANCE,BUY,20,1208.95,24179.0
2025-11-26,DELTA_TRADES,CL726908,ITC,SELL,204,2483.95,506725.8
2025-11-25,DELTA_TRADES,CL887946,AXISBANK,SELL,246,372.43,91617.78
2025-11-22,DELTA_TRADES,CL796773,SBIN,SELL,134,1520.52,203749.68
2025-11-26,BETA_INVEST,CL231202,ICICIBANK,BUY,162,2087.29,338140.98
2025-11-25,ALPHA_SEC,CL024624,HDFC,SELL,243,2429.97,590482.71
2025-11-23,OMEGA_BROKING,CL726905,LT,BUY,41,2049.93,84047.13
2025-11-21,DELTA_TRADES,CL150915,ITC,SELL,284,1660.64,471621.76
2025-11-21,DELTA_TRADES,CL233736,LT,SELL,36,504.64,18167.04
2025-11-21,DELTA_TRADES,CL983129,HDFC,BUY,227,1700.07,385915.89
2025-11-26,ALPHA_SEC,CL957552,INFY,BUY,28,1820.57,50975.96
2025-11-23,DELTA_TRADES,CL844694,SBIN,BUY,297,847.88,251820.36
2025-11-20,BETA_INVEST,CL669119,KOTAKBANK,SELL,146,2071.42,302427.32
2025-11-22,OMEGA_BROKING,CL767652,LT,BUY,18,1210.08,21781.44
2025-11-24,DELTA_TRADES,CL698026,HDFC,BUY,294,628.54,184790.76
2025-11-20,ALPHA_SEC,CL936077,RELIANCE,BUY,230,122.26,28119.8
2025-11-24,OMEGA_BROKING,CL152770,RELIANCE,SELL,250,2341.48,585370.0
2025-11-25,DELTA_TRADES,CL386243,KOTAKBANK,BUY,143,1185.06,169463.58
2025-11-24,ALPHA_SEC,CL494016,AXISBANK,BUY,64,508.6,32550.4
2025-11-25,ALPHA_SEC,CL694483,ITC,BUY,288,763.99,220029.12
2025-11-20,DELTA_TRADES,CL486887,SBIN,SELL,209,1167.45,243997.05
2025-11-21,DELTA_TRADES,CL629578,SBIN,BUY,108,2474.49,267244.92
2025-11-23,BETA_INVEST,CL478936,RELIANCE,BUY,118,2127.43,251036.74
2025-11-20,BETA_INVEST,CL153730,INFY,SELL,163,277.51,45234.13
2025-11-26,OMEGA_BROKING,CL612594,KOTAKBANK,SELL,20,1825.04,36500.8
2025-11-22,BETA_INVEST,CL672461,SBIN,SELL,8,2190.37,17522.96
2025-11-25,ALPHA_SEC,CL425867,KOTAKBANK,SELL,190,2424.4,460636.0
2025-11-23,BETA_INVEST,CL951368,RELIANCE,BUY,268,2312.5,619750.0
2025-11-24,OMEGA_BROKING,CL201908,LT,SELL,173,368.16,63691.68
2025-11-21,OMEGA_BROKING,CL355733,ITC,SELL,94,967.78,90971.32
2025-11-24,ALPHA_SEC,CL547844,TATAMOTORS,SELL,152,2121.2,322422.4
2025-11-25,BETA_INVEST,CL239711,ITC,BUY,227,320.98,72862.46
2025-11-24,ALPHA_SEC,CL676772,LT,SELL,52,1406.22,73123.44
2025-11-23,OMEGA_BROKING,CL980767,ICICIBANK,BUY,218,1042.93,227358.74
2025-11-22,BETA_INVEST,CL149002,SBIN,BUY,179,2207.49,395140.71
2025-11-20,OMEGA_BROKING,CL061982,HDFC,BUY,37,2375.78,87903.86
2025-11-21,OMEGA_BROKING,CL274534,LT,BUY,203,935.88,189983.64
2025-11-24,DELTA_TRADES,CL210256,SBIN,SELL,163,1440.51,234803.13
2025-11-20,BETA_INVEST,CL059609,AXISBANK,BUY,42,167.52,7035.84
2025-11-25,BETA_INVEST,CL065759,ITC,SELL,277,1238.29,343006.33
2025-11-22,ALPHA_SEC,CL154900,INFY,BUY,26,1425.27,37057.02
2025-11-21,DELTA_TRADES,CL988629,KOTAKBANK,SELL,175,1839.28,321874.0
2025-11-26,OMEGA_BROKING,CL620789,RELIANCE,BUY,260,1549.22,402797.2
2025-11-21,ALPHA_SEC,CL870957,SBIN,SELL,117,2246.69,262862.73
2025-11-20,OMEGA_BROKING,CL429207,TATAMOTORS,BUY,180,1760.32,316857.6
2025-11-26,OMEGA_BROKING,CL692136,SBIN,SELL,119,1621.62,192972.78
2025-11-26,DELTA_TRADES,CL736317,INFY,SELL,266,1179.86,313842.76
2025-11-21,BETA_INVEST,CL921954,ICICIBANK,BUY,268,1303.53,349346.04
2025-11-25,DELTA_TRADES,CL555647,INFY,SELL,133,1392.01,185137.33
2025-11-25,ALPHA_SEC,CL102314,SBIN,BUY,242,803.98,194563.16
2025-11-22,DELTA_TRADES,CL620528,ICICIBANK,BUY,152,685.86,104250.72
2025-11-25,BETA_INVEST,CL032445,ITC,SELL,253,536.52,135739.56
2025-11-20,ALPHA_SEC,CL347108,AXISBANK,BUY,84,314.13,26386.92
2025-11-26,BETA_INVEST,CL363111,ICICIBANK,SELL,229,1091.49,249951.21
2025-11-22,DELTA_TRADES,CL806068,HDFC,BUY,241,1163.45,280391.45
2025-11-24,OMEGA_BROKING,CL568758,RELIANCE,SELL,159,2312.62,367706.58
2025-11-23,DELTA_TRADES,CL052673,RELIANCE,BUY,258,600.69,154978.02
2025-11-23,ALPHA_SEC,CL262114,SBIN,SELL,91,702.99,63972.09
2025-11-21,OMEGA_BROKING,CL069815,ICICIBANK,BUY,108,383.93,41464.44
2025-11-22,OMEGA_BROKING,CL000710,RELIANCE,SELL,61,2343.17,142933.37
2025-11-22,DELTA_TRADES,CL691465,KOTAKBANK,BUY,40,1630.54,65221.6
2025-11-20,BETA_INVEST,CL511886,SBIN,BUY,225,1032.64,232344.0
2025-11-26,ALPHA_SEC,CL583283,LT,BUY,144,1562.82,225046.08
2025-11-25,DELTA_TRADES,CL432112,SBIN,SELL,119,734.91,87454.29
2025-11-22,ALPHA_SEC,CL314527,SBIN,BUY,276,765.02,211145.52
2025-11-20,DELTA_TRADES,CL605231,INFY,BUY,77,303.95,23404.15
2025-11-25,OMEGA_BROKING,CL645717,HDFC,BUY,190,1842.68,350109.2
2025-11-22,BETA_INVEST,CL103884,HDFC,SELL,53,678.58,35964.74
2025-11-21,OMEGA_BROKING,CL365214,INFY,BUY,225,2212.26,497758.5
2025-11-21,BETA_INVEST,CL522547,HDFC,BUY,105,1474.39,154810.95
2025-11-20,OMEGA_BROKING,CL236066,LT,SELL,278,1504.18,418162.04
2025-11-25,DELTA_TRADES,CL990402,KOTAKBANK,SELL,239,2181.03,521266.17
2025-11-21,OMEGA_BROKING,CL815164,RELIANCE,BUY,193,679.08,131062.44
2025-11-26,ALPHA_SEC,CL116197,AXISBANK,BUY,164,2024.13,331957.32
2025-11-22,OMEGA_BROKING,CL993961,ITC,BUY,119,428.94,51043.86
2025-11-25,OMEGA_BROKING,CL277352,LT,BUY,99,1908.93,188984.07
2025-11-26,ALPHA_SEC,CL167547,INFY,BUY,122,295.51,36052.22
2025-11-23,ALPHA_SEC,CL841405,AXISBANK,SELL,247,940.66,232343.02
2025-11-26,ALPHA_SEC,CL049239,ITC,BUY,197,1860.65,366548.05
2025-11-20,DELTA_TRADES,CL754365,KOTAKBANK,SELL,162,1451.23,235099.26
2025-11-25,BETA_INVEST,CL143993,ITC,SELL,58,1473.66,85472.28
2025-11-20,BETA_INVEST,CL680330,AXISBANK,BUY,60,1401.61,84096.6
2025-11-22,BETA_INVEST,CL356037,AXISBANK,SELL,263,1274.63,335227.69
2025-11-22,DELTA_TRADES,CL477924,TATAMOTORS,SELL,62,2439.55,151252.1
2025-11-23,ALPHA_SEC,CL795728,INFY,BUY,166,176.81,29350.46
2025-11-21,DELTA_TRADES,CL572734,ITC,BUY,226,682.74,154299.24
2025-11-20,DELTA_TRADES,CL736804,LT,SELL,125,973.84,121730.0
2025-11-21,ALPHA_SEC,CL653042,HDFC,BUY,198,1657.89,328262.22
2025-11-25,ALPHA_SEC,CL120780,RELIANCE,BUY,102,399.68,40767.36
2025-11-20,ALPHA_SEC,CL889295,KOTAKBANK,SELL,102,2209.65,225384.3
2025-11-20,BETA_INVEST,CL229798,TATAMOTORS,BUY,14,983.02,13762.28
2025-11-25,ALPHA_SEC,CL102450,ICICIBANK,SELL,52,341.81,17774.12
2025-11-22,OMEGA_BROKING,CL742935,ITC,SELL,60,1763.21,105792.6
2025-11-26,OMEGA_BROKING,CL353359,KOTAKBANK,SELL,300,426.18,127854.0
2025-11-21,OMEGA_BROKING,CL476137,SBIN,BUY,101,138.34,13972.34
2025-11-26,BETA_INVEST,CL156719,HDFC,BUY,86,2187.41,188117.26
2025-11-20,ALPHA_SEC,CL664460,ITC,BUY,96,579.07,55590.72
2025-11-22,ALPHA_SEC,CL624925,RELIANCE,SELL,293,2040.56,597884.08
2025-11-25,ALPHA_SEC,CL222254,KOTAKBANK,BUY,118,958.89,113149.02
2025-11-21,ALPHA_SEC,CL598575,KOTAKBANK,SELL,77,2242.25,172653.25
2025-11-23,ALPHA_SEC,CL926463,TATAMOTORS,SELL,157,2372.91,372546.87
2025-11-25,DELTA_TRADES,CL486657,INFY,SELL,234,233.43,54622.62
2025-11-26,DELTA_TRADES,CL735878,TATAMOTORS,SELL,16,1759.36,28149.76
2025-11-24,DELTA_TRADES,CL475972,LT,BUY,178,456.45,81248.1
2025-11-24,OMEGA_BROKING,CL929940,HDFC,SELL,241,1357.13,327068.33
2025-11-24,OMEGA_BROKING,CL666153,LT,SELL,267,720.49,192370.83
2025-11-24,ALPHA_SEC,CL061943,TATAMOTORS,BUY,65,2390.5,155382.5
2025-11-23,DELTA_TRADES,CL398076,ITC,BUY,51,2126.07,108429.57
2025-11-26,OMEGA_BROKING,CL933146,ITC,BUY,262,1718.24,450178.88
2025-11-20,ALPHA_SEC,CL282003,KOTAKBANK,SELL,125,498.69,62336.25
2025-11-23,OMEGA_BROKING,CL461299,INFY,SELL,70,1076.5,75355.0
2025-11-23,BETA_INVEST,CL401668,HDFC,BUY,80,1494.04,119523.2
2025-11-23,OMEGA_BROKING,CL185231,AXISBANK,BUY,182,470.21,85578.22
2025-11-23,BETA_INVEST,CL708811,INFY,SELL,269,906.81,243931.89
2025-11-23,DELTA_TRADES,CL430285,INFY,SELL,211,1519.16,320542.76
2025-11-24,BETA_INVEST,CL203471,RELIANCE,BUY,50,1496.11,74805.5
2025-11-20,ALPHA_SEC,CL883649,LT,BUY,146,423.58,61842.68
2025-11-24,ALPHA_SEC,CL949512,ITC,BUY,87,1252.56,108972.72
2025-11-21,ALPHA_SEC,CL508275,KOTAKBANK,SELL,215,1313.56,282415.4
2025-11-22,DELTA_TRADES,CL012630,HDFC,BUY,151,2210.11,333726.61
2025-11-23,BETA_INVEST,CL426611,ICICIBANK,SELL,175,2087.5,365312.5
2025-11-22,BETA_INVEST,CL974986,AXISBANK,BUY,240,1364.09,327381.6
2025-11-20,OMEGA_BROKING,CL199267,INFY,SELL,212,610.02,129324.24
2025-11-25,ALPHA_SEC,CL178988,LT,SELL,275,1394.45,383473.75
2025-11-20,BETA_INVEST,CL988925,ICICIBANK,BUY,24,627.6,15062.4
2025-11-26,DELTA_TRADES,CL443058,LT,BUY,285,1081.16,308130.6
2025-11-23,OMEGA_BROKING,CL070734,HDFC,SELL,242,1383.96,334918.32
2025-11-25,BETA_INVEST,CL801755,ITC,BUY,127,1345.1,170827.7
2025-11-21,DELTA_TRADES,CL600939,TATAMOTORS,SELL,249,2242.7,558432.3
2025-11-20,ALPHA_SEC,CL737299,INFY,SELL,207,1359.0,281313.0
2025-11-24,BETA_INVEST,CL806588,ITC,BUY,223,594.38,132546.74
2025-11-21,ALPHA_SEC,CL472981,KOTAKBANK,SELL,293,396.58,116197.94
2025-11-25,BETA_INVEST,CL590788,SBIN,BUY,104,569.43,59220.72
2025-11-21,BETA_INVEST,CL965357,ICICIBANK,SELL,111,1052.99,116881.89
2025-11-21,BETA_INVEST,CL191309,TATAMOTORS,BUY,296,476.9,141162.4
2025-11-20,OMEGA_BROKING,CL882347,SBIN,BUY,237,1648.63,390725.31
2025-11-25,OMEGA_BROKING,CL601602,AXISBANK,BUY,215,2151.32,462533.8
2025-11-21,ALPHA_SEC,CL197466,ITC,BUY,164,2203.39,361355.96
2025-11-23,ALPHA_SEC,CL136682,ICICIBANK,BUY,182,2014.11,366568.02
2025-11-24,DELTA_TRADES,CL178368,INFY,BUY,128,1440.64,184401.92
2025-11-22,ALPHA_SEC,CL723302,ICICIBANK,SELL,70,1801.16,126081.2
2025-11-23,BETA_INVEST,CL608737,AXISBANK,BUY,107,1230.75,131690.25
2025-11-23,BETA_INVEST,CL027295,INFY,SELL,121,480.19,58102.99
2025-11-21,BETA_INVEST,CL372611,ICICIBANK,BUY,170,450.54,76591.8
2025-11-26,DELTA_TRADES,CL725334,INFY,SELL,43,1413.26,60770.18
2025-11-22,OMEGA_BROKING,CL012908,TATAMOTORS,SELL,123,2256.31,277526.13
2025-11-25,OMEGA_BROKING,CL386794,INFY,BUY,30,1089.12,32673.6
2025-11-20,DELTA_TRADES,CL554753,HDFC,BUY,266,1364.64,362994.24
2025-11-23,DELTA_TRADES,CL846198,ITC,SELL,222,2407.41,534445.02
2025-11-26,ALPHA_SEC,CL322696,TATAMOTORS,SELL,241,1205.66,290564.06
2025-11-23,BETA_INVEST,CL420051,ITC,SELL,101,1413.82,142795.82
2025-11-25,OMEGA_BROKING,CL407656,SBIN,SELL,155,1747.45,270854.75
2025-11-26,BETA_INVEST,CL826242,ITC,SELL,193,1924.79,371484.47
2025-11-22,OMEGA_BROKING,CL694712,INFY,BUY,225,1412.45,317801.25
2025-11-23,OMEGA_BROKING,CL892285,TATAMOTORS,SELL,284,713.29,202574.36
2025-11-26,ALPHA_SEC,CL912175,AXISBANK,SELL,17,551.29,9371.93
2025-11-25,BETA_INVEST,CL443273,KOTAKBANK,SELL,254,670.98,170428.92
2025-11-20,DELTA_TRADES,CL490557,AXISBANK,SELL,41,464.31,19036.71
2025-11-20,DELTA_TRADES,CL163472,SBIN,BUY,44,2322.87,102206.28
2025-11-26,OMEGA_BROKING,CL127095,HDFC,BUY,252,705.88,177881.76
2025-11-23,BETA_INVEST,CL609568,TATAMOTORS,BUY,28,2212.89,61960.92
2025-11-21,OMEGA_BROKING,CL197219,AXISBANK,SELL,197,1763.52,347413.44
2025-11-22,ALPHA_SEC,CL983125,RELIANCE,SELL,160,1705.19,272830.4
2025-11-25,OMEGA_BROKING,CL074885,RELIANCE,SELL,53,1005.24,53277.72
2025-11-24,ALPHA_SEC,CL924644,INFY,BUY,171,1480.72,253203.12
2025-11-23,BETA_INVEST,CL927782,LT,BUY,179,2026.69,362777.51
2025-11-20,BETA_INVEST,CL094990,TATAMOTORS,SELL,81,910.59,73757.79
2025-11-24,OMEGA_BROKING,CL660424,INFY,BUY,140,562.6,78764.0
2025-11-23,DELTA_TRADES,CL015904,KOTAKBANK,SELL,257,2059.06,529178.42
2025-11-22,DELTA_TRADES,CL757760,RELIANCE,SELL,8,997.02,7976.16
2025-11-23,BETA_INVEST,CL740352,LT,SELL,201,1060.38,213136.38
2025-11-24,ALPHA_SEC,CL121842,ICICIBANK,BUY,228,2290.59,522254.52
2025-11-25,ALPHA_SEC,CL050800,HDFC,SELL,39,547.98,21371.22
2025-11-24,OMEGA_BROKING,CL250443,RELIANCE,BUY,275,593.06,163091.5
2025-11-22,OMEGA_BROKING,CL374054,RELIANCE,SELL,293,1295.59,379607.87
2025-11-26,BETA_INVEST,CL197303,TATAMOTORS,BUY,35,1615.49,56542.15
2025-11-22,OMEGA_BROKING,CL087018,KOTAKBANK,BUY,221,840.95,185849.95
2025-11-24,DELTA_TRADES,CL716332,AXISBANK,BUY,180,1828.24,329083.2
2025-11-21,ALPHA_SEC,CL796774,SBIN,SELL,35,852.43,29835.05
2025-11-26,BETA_INVEST,CL793880,INFY,SELL,78,2379.57,185606.46
2025-11-24,ALPHA_SEC,CL540351,HDFC,BUY,130,1680.37,218448.1
2025-11-24,BETA_INVEST,CL867081,ITC,SELL,89,1576.82,140336.98
2025-11-25,OMEGA_BROKING,CL868527,SBIN,BUY,258,2443.0,630294.0
2025-11-23,BETA_INVEST,CL237288,TATAMOTORS,SELL,163,906.64,147782.32
2025-11-23,BETA_INVEST,CL978887,TATAMOTORS,SELL,157,2321.27,364439.39
2025-11-20,ALPHA_SEC,CL457856,HDFC,BUY,151,1546.57,233532.07
2025-11-23,BETA_INVEST,CL204040,RELIANCE,BUY,60,1580.41,94824.6
2025-11-26,ALPHA_SEC,CL522906,TATAMOTORS,BUY,121,1503.47,181919.87
2025-11-22,OMEGA_BROKING,CL224248,RELIANCE,SELL,193,1556.07,300321.51
2025-11-21,OMEGA_BROKING,CL244954,RELIANCE,SELL,253,1547.4,391492.2
2025-11-22,BETA_INVEST,CL450239,ITC,SELL,215,1489.17,320171.55
2025-11-26,BETA_INVEST,CL798481,LT,SELL,57,1802.28,102729.96
2025-11-24,ALPHA_SEC,CL229977,SBIN,SELL,221,2386.93,527511.53
2025-11-25,OMEGA_BROKING,CL180199,KOTAKBANK,SELL,92,2118.78,194927.76
2025-11-26,BETA_INVEST,CL081420,TATAMOTORS,SELL,100,1094.66,109466.0
2025-11-21,DELTA_TRADES,CL861667,LT,SELL,33,2447.88,80780.04
2025-11-20,BETA_INVEST,CL116077,KOTAKBANK,SELL,124,513.94,63728.56
2025-11-23,DELTA_TRADES,CL124023,INFY,SELL,67,236.52,15846.84
2025-11-26,BETA_INVEST,CL649856,AXISBANK,BUY,255,2205.79,562476.45
2025-11-26,OMEGA_BROKING,CL654254,ICICIBANK,BUY,56,2368.21,132619.76
2025-11-20,OMEGA_BROKING,CL282693,INFY,BUY,272,1330.47,361887.84
2025-11-23,ALPHA_SEC,CL727516,KOTAKBANK,SELL,40,945.68,37827.2
2025-11-21,BETA_INVEST,CL992139,TATAMOTORS,SELL,272,1564.35,425503.2
2025-11-22,BETA_INVEST,CL373102,HDFC,BUY,199,1353.21,269288.79
2025-11-26,OMEGA_BROKING,CL405645,ICICIBANK,BUY,114,1758.5,200469.0
2025-11-25,OMEGA_BROKING,CL844723,ICICIBANK,SELL,179,943.27,168845.33
2025-11-22,OMEGA_BROKING,CL224153,ITC,BUY,283,850.47,240683.01
2025-11-21,OMEGA_BROKING,CL413028,ITC,SELL,70,485.56,33989.2
2025-11-21,ALPHA_SEC,CL617315,AXISBANK,BUY,169,2218.9,374994.1
2025-11-24,ALPHA_SEC,CL828324,ITC,SELL,201,231.75,46581.75
2025-11-24,DELTA_TRADES,CL310865,ITC,BUY,90,717.68,64591.2
2025-11-25,DELTA_TRADES,CL541583,RELIANCE,BUY,97,1534.83,148878.51
2025-11-26,DELTA_TRADES,CL447965,TATAMOTORS,SELL,267,637.67,170257.89
2025-11-24,BETA_INVEST,CL362987,ICICIBANK,BUY,172,126.97,21838.84
2025-11-24,OMEGA_BROKING,CL689634,AXISBANK,SELL,238,1138.17,270884.46
2025-11-23,OMEGA_BROKING,CL248790,HDFC,SELL,75,1789.5,134212.5
2025-11-23,ALPHA_SEC,CL180277,SBIN,SELL,290,2298.55,666579.5
2025-11-20,DELTA_TRADES,CL476654,ITC,BUY,20,649.16,12983.2
2025-11-24,OMEGA_BROKING,CL278468,AXISBANK,BUY,116,2423.31,281103.96
2025-11-22,OMEGA_BROKING,CL632475,KOTAKBANK,SELL,162,1991.97,322699.14
2025-11-23,BETA_INVEST,CL789675,ITC,SELL,94,1524.63,143315.22
2025-11-23,ALPHA_SEC,CL290098,TATAMOTORS,SELL,82,1291.06,105866.92
2025-11-24,ALPHA_SEC,CL773301,ICICIBANK,BUY,3,1931.69,5795.07
2025-11-25,OMEGA_BROKING,CL663543,INFY,SELL,208,711.23,147935.84
2025-11-24,ALPHA_SEC,CL702316,ITC,SELL,76,1503.41,114259.16
2025-11-21,ALPHA_SEC,CL336882,ICICIBANK,BUY,80,801.62,64129.6
2025-11-25,BETA_INVEST,CL383429,SBIN,SELL,109,322.09,35107.81
2025-11-25,BETA_INVEST,CL740370,HDFC,BUY,184,1116.16,205373.44
2025-11-24,ALPHA_SEC,CL755353,TATAMOTORS,BUY,195,2422.56,472399.2
2025-11-21,ALPHA_SEC,CL026617,SBIN,SELL,290,2050.9,594761.0
2025-11-25,OMEGA_BROKING,CL571758,KOTAKBANK,SELL,40,1730.83,69233.2
2025-11-23,BETA_INVEST,CL151099,SBIN,BUY,179,1829.41,327464.39
2025-11-23,BETA_INVEST,CL688669,LT,SELL,184,966.49,177834.16
2025-11-23,OMEGA_BROKING,CL087872,KOTAKBANK,BUY,133,315.32,41937.56
2025-11-25,ALPHA_SEC,CL561322,TATAMOTORS,SELL,129,2323.33,299709.57
2025-11-23,BETA_INVEST,CL797753,KOTAKBANK,BUY,162,881.38,142783.56
2025-11-21,BETA_INVEST,CL556535,LT,SELL,68,1466.45,99718.6
2025-11-20,DELTA_TRADES,CL331149,ICICIBANK,SELL,221,1437.99,317795.79
2025-11-23,BETA_INVEST,CL970924,RELIANCE,SELL,96,1076.69,103362.24
2025-11-22,ALPHA_SEC,CL389622,KOTAKBANK,SELL,87,1531.21,133215.27
2025-11-26,OMEGA_BROKING,CL938223,TATAMOTORS,BUY,38,763.75,29022.5
2025-11-22,DELTA_TRADES,CL103292,ITC,SELL,297,255.47,75874.59
2025-11-24,DELTA_TRADES,CL798213,RELIANCE,BUY,108,957.71,103432.68
2025-11-23,DELTA_TRADES,CL925803,LT,SELL,93,1344.32,125021.76
2025-11-23,DELTA_TRADES,CL250385,RELIANCE,BUY,258,2007.48,517929.84
2025-11-26,OMEGA_BROKING,CL061219,KOTAKBANK,BUY,217,1184.61,257060.37
2025-11-22,OMEGA_BROKING,CL022422,TATAMOTORS,SELL,166,1859.3,308643.8
2025-11-23,OMEGA_BROKING,CL787031,ITC,BUY,161,2394.92,385582.12
2025-11-25,ALPHA_SEC,CL750027,TATAMOTORS,BUY,99,2208.61,218652.39
2025-11-21,ALPHA_SEC,CL273492,LT,BUY,210,286.89,60246.9
2025-11-21,DELTA_TRADES,CL242316,INFY,BUY,262,645.81,169202.22
2025-11-22,DELTA_TRADES,CL799953,ITC,SELL,237,315.24,74711.88
2025-11-21,BETA_INVEST,CL616597,RELIANCE,SELL,87,2041.89,177644.43
2025-11-21,DELTA_TRADES,CL644412,LT,BUY,174,579.25,100789.5
2025-11-24,BETA_INVEST,CL494328,ITC,SELL,267,2229.5,595276.5
2025-11-26,DELTA_TRADES,CL199861,LT,SELL,182,967.94,176165.08
2025-11-23,DELTA_TRADES,CL051516,ICICIBANK,BUY,199,643.68,128092.32
2025-11-21,ALPHA_SEC,CL839975,SBIN,BUY,163,1399.72,228154.36
2025-11-23,BETA_INVEST,CL019595,ICICIBANK,SELL,164,415.03,68064.92
2025-11-23,OMEGA_BROKING,CL185125,TATAMOTORS,BUY,240,194.43,46663.2
2025-11-26,OMEGA_BROKING,CL888376,AXISBANK,BUY,195,1787.91,348642.45
2025-11-24,ALPHA_SEC,CL354943,ICICIBANK,SELL,234,1479.73,346256.82
2025-11-23,OMEGA_BROKING,CL840316,AXISBANK,BUY,227,2385.55,541519.85
2025-11-25,DELTA_TRADES,CL538621,TATAMOTORS,BUY,281,1996.91,561131.71
2025-11-24,ALPHA_SEC,CL929143,AXISBANK,SELL,224,577.17,129286.08
2025-11-25,ALPHA_SEC,CL511086,KOTAKBANK,BUY,24,177.75,4266.0
2025-11-26,DELTA_TRADES,CL270593,HDFC,BUY,56,2005.63,112315.28
2025-11-21,BETA_INVEST,CL830919,KOTAKBANK,BUY,38,1532.25,58225.5
2025-11-25,BETA_INVEST,CL130015,HDFC,BUY,194,1119.34,217151.96
2025-11-25,OMEGA_BROKING,CL045226,HDFC,SELL,39,1422.73,55486.47
2025-11-24,BETA_INVEST,CL563238,LT,SELL,46,910.58,41886.68
2025-11-26,ALPHA_SEC,CL010736,ICICIBANK,BUY,42,2074.18,87115.56
2025-11-26,ALPHA_SEC,CL452196,AXISBANK,BUY,231,2380.38,549867.78
2025-11-24,OMEGA_BROKING,CL997632,RELIANCE,BUY,149,450.52,67127.48
2025-11-21,ALPHA_SEC,CL701286,HDFC,SELL,70,1299.32,90952.4
2025-11-20,OMEGA_BROKING,CL559396,TATAMOTORS,SELL,77,1403.39,108061.03
2025-11-20,ALPHA_SEC,CL808664,KOTAKBANK,SELL,72,1123.13,80865.36
2025-11-25,OMEGA_BROKING,CL488434,ITC,BUY,92,151.26,13915.92
2025-11-26,DELTA_TRADES,CL800911,LT,BUY,86,427.15,36734.9
2025-11-22,DELTA_TRADES,CL560214,AXISBANK,SELL,89,1896.13,168755.57
2025-11-26,DELTA_TRADES,CL535762,HDFC,SELL,269,1434.85,385974.65
2025-11-23,DELTA_TRADES,CL347715,TATAMOTORS,SELL,288,1251.4,360403.2
2025-11-22,DELTA_TRADES,CL125560,TATAMOTORS,SELL,271,523.62,141901.02
2025-11-24,ALPHA_SEC,CL058506,TATAMOTORS,SELL,97,493.91,47909.27
2025-11-20,DELTA_TRADES,CL167571,AXISBANK,BUY,279,1388.34,387346.86
2025-11-22,OMEGA_BROKING,CL281593,LT,BUY,100,920.41,92041.0
2025-11-20,ALPHA_SEC,CL948896,SBIN,BUY,4,1423.56,5694.24
2025-11-22,DELTA_TRADES,CL387397,RELIANCE,BUY,150,1184.89,177733.5
2025-11-24,DELTA_TRADES,CL888178,RELIANCE,BUY,178,2017.04,359033.12
2025-11-25,DELTA_TRADES,CL609548,HDFC,BUY,133,2007.93,267054.69
2025-11-20,BETA_INVEST,CL923801,KOTAKBANK,BUY,43,406.12,17463.16
2025-11-21,OMEGA_BROKING,CL334898,ICICIBANK,BUY,291,2009.9,584880.9
2025-11-26,BETA_INVEST,CL179766,AXISBANK,SELL,121,1689.08,204378.68
2025-11-26,BETA_INVEST,CL103788,KOTAKBANK,SELL,62,846.67,52493.54
2025-11-21,DELTA_TRADES,CL982184,LT,SELL,117,779.89,91247.13
2025-11-21,OMEGA_BROKING,CL724902,INFY,SELL,160,827.41,132385.6
2025-11-20,OMEGA_BROKING,CL550605,TATAMOTORS,SELL,91,2366.49,215350.59
2025-11-22,BETA_INVEST,CL303789,RELIANCE,BUY,178,1521.16,270766.48
2025-11-20,DELTA_TRADES,CL798160,HDFC,SELL,94,2044.37,192170.78
2025-11-21,DELTA_TRADES,CL609259,RELIANCE,SELL,138,2244.21,309700.98
2025-11-21,ALPHA_SEC,CL330402,ITC,BUY,196,1754.32,343846.72
2025-11-25,OMEGA_BROKING,CL320583,AXISBANK,SELL,129,2149.26,277254.54
2025-11-24,ALPHA_SEC,CL531201,INFY,BUY,246,700.65,172359.9
2025-11-22,ALPHA_SEC,CL824960,HDFC,SELL,165,1622.89,267776.85
2025-11-23,BETA_INVEST,CL472259,INFY,BUY,231,411.49,95054.19
2025-11-23,OMEGA_BROKING,CL898159,ITC,SELL,165,230.97,38110.05
2025-11-22,DELTA_TRADES,CL715348,RELIANCE,SELL,135,441.64,59621.4
2025-11-21,DELTA_TRADES,CL080065,KOTAKBANK,SELL,115,353.28,40627.2
2025-11-23,BETA_INVEST,CL177816,LT,BUY,281,1007.32,283056.92
2025-11-24,ALPHA_SEC,CL690067,KOTAKBANK,BUY,283,1098.3,310818.9
2025-11-26,OMEGA_BROKING,CL665682,LT,BUY,124,1872.9,232239.6
2025-11-26,DELTA_TRADES,CL140253,HDFC,SELL,99,1912.79,189366.21
2025-11-23,BETA_INVEST,CL443540,TATAMOTORS,BUY,111,582.34,64639.74
2025-11-21,DELTA_TRADES,CL542801,HDFC,BUY,255,484.57,123565.35
2025-11-26,DELTA_TRADES,CL325839,SBIN,BUY,61,1746.48,106535.28
2025-11-21,ALPHA_SEC,CL407771,ICICIBANK,SELL,93,1575.5,146521.5
2025-11-22,OMEGA_BROKING,CL441007,ICICIBANK,BUY,248,2056.48,510007.04
2025-11-24,OMEGA_BROKING,CL608250,AXISBANK,SELL,284,1287.58,365672.72
2025-11-26,DELTA_TRADES,CL223959,TATAMOTORS,SELL,59,435.44,25690.96
2025-11-21,DELTA_TRADES,CL281391,SBIN,BUY,262,1407.75,368830.5
2025-11-24,ALPHA_SEC,CL174201,ICICIBANK,BUY,100,181.7,18170.0
2025-11-21,ALPHA_SEC,CL012528,RELIANCE,SELL,110,719.2,79112.0
2025-11-20,DELTA_TRADES,CL238865,ITC,BUY,236,856.86,202218.96
2025-11-24,BETA_INVEST,CL132885,INFY,SELL,226,881.99,199329.74
2025-11-23,OMEGA_BROKING,CL902217,RELIANCE,SELL,4,1845.67,7382.68
2025-11-26,OMEGA_BROKING,CL259858,ITC,SELL,288,1447.56,416897.28
2025-11-24,BETA_INVEST,CL548283,SBIN,BUY,271,1765.19,478366.49
2025-11-26,BETA_INVEST,CL051701,HDFC,SELL,151,1442.41,217803.91
2025-11-21,ALPHA_SEC,CL086859,ICICIBANK,BUY,21,2402.31,50448.51
2025-11-20,BETA_INVEST,CL853626,AXISBANK,SELL,296,863.46,255584.16
2025-11-25,OMEGA_BROKING,CL692635,KOTAKBANK,SELL,129,2388.13,308068.77
2025-11-26,DELTA_TRADES,CL993935,TATAMOTORS,BUY,151,813.4,122823.4
2025-11-26,OMEGA_BROKING,CL463683,TATAMOTORS,SELL,284,862.73,245015.32
2025-11-25,ALPHA_SEC,CL933981,INFY,BUY,51,126.05,6428.55
2025-11-21,ALPHA_SEC,CL615114,LT,BUY,98,2189.5,214571.0
2025-11-25,BETA_INVEST,CL334839,HDFC,SELL,5,2042.16,10210.8
2025-11-22,ALPHA_SEC,CL512399,ITC,BUY,118,1865.03,220073.54
2025-11-26,DELTA_TRADES,CL741736,KOTAKBANK,SELL,58,1002.04,58118.32
2025-11-22,BETA_INVEST,CL830716,ICICIBANK,BUY,170,2321.08,394583.6
2025-11-24,DELTA_TRADES,CL518941,AXISBANK,BUY,67,1453.42,97379.14
2025-11-24,OMEGA_BROKING,CL242849,ICICIBANK,BUY,267,1960.01,523322.67
2025-11-24,ALPHA_SEC,CL004277,SBIN,BUY,257,516.44,132725.08
2025-11-21,DELTA_TRADES,CL373790,TATAMOTORS,BUY,106,2226.84,236045.04
2025-11-20,ALPHA_SEC,CL870187,INFY,BUY,81,1903.43,154177.83
2025-11-25,BETA_INVEST,CL037807,KOTAKBANK,SELL,8,2162.12,17296.96
2025-11-22,DELTA_TRADES,CL676580,KOTAKBANK,SELL,134,2494.83,334307.22
2025-11-23,OMEGA_BROKING,CL165442,SBIN,SELL,107,1037.58,111021.06
2025-11-26,DELTA_TRADES,CL995565,TATAMOTORS,SELL,101,2243.74,226617.74
2025-11-22,OMEGA_BROKING,CL560040,INFY,BUY,18,1265.85,22785.3
2025-11-22,ALPHA_SEC,CL143180,ICICIBANK,SELL,280,647.7,181356.0
2025-11-26,BETA_INVEST,CL085565,INFY,BUY,212,849.88,180174.56
2025-11-22,BETA_INVEST,CL936842,ITC,SELL,229,2335.93,534927.97
2025-11-25,OMEGA_BROKING,CL683444,RELIANCE,SELL,24,1134.96,27239.04
2025-11-23,ALPHA_SEC,CL244778,SBIN,SELL,203,518.0,105154.0
2025-11-24,BETA_INVEST,CL756941,ICICIBANK,SELL,56,530.8,29724.8
2025-11-26,DELTA_TRADES,CL743795,HDFC,BUY,123,1459.79,179554.17
2025-11-21,ALPHA_SEC,CL317119,ICICIBANK,SELL,219,1498.89,328256.91
2025-11-25,DELTA_TRADES,CL300532,AXISBANK,BUY,185,463.11,85675.35
2025-11-26,ALPHA_SEC,CL235807,ITC,SELL,140,1205.12,168716.8
2025-11-24,DELTA_TRADES,CL561263,INFY,SELL,31,276.39,8568.09
2025-11-20,BETA_INVEST,CL430922,TATAMOTORS,SELL,262,1374.37,360084.94
2025-11-24,ALPHA_SEC,CL648670,HDFC,SELL,64,1715.42,109786.88
2025-11-22,OMEGA_BROKING,CL666124,AXISBANK,BUY,96,1789.16,171759.36
2025-11-26,BETA_INVEST,CL846210,AXISBANK,BUY,87,960.15,83533.05
2025-11-25,OMEGA_BROKING,CL027346,SBIN,BUY,246,1657.26,407685.96
2025-11-23,OMEGA_BROKING,CL470873,ICICIBANK,BUY,68,489.93,33315.24
2025-11-25,BETA_INVEST,CL673120,AXISBANK,SELL,161,2361.6,380217.6
2025-11-20,BETA_INVEST,CL363391,INFY,SELL,82,1122.21,92021.22
2025-11-20,BETA_INVEST,CL584147,KOTAKBANK,SELL,296,1963.8,581284.8
2025-11-22,DELTA_TRADES,CL457268,SBIN,BUY,36,864.21,31111.56
2025-11-21,BETA_INVEST,CL101363,TATAMOTORS,SELL,107,2288.63,244883.41
2025-11-26,ALPHA_SEC,CL328843,INFY,BUY,181,1279.46,231582.26
2025-11-23,BETA_INVEST,CL303770,LT,SELL,158,1878.68,296831.44
2025-11-23,OMEGA_BROKING,CL151273,INFY,BUY,35,1592.62,55741.7
2025-11-21,DELTA_TRADES,CL135669,SBIN,BUY,2,199.76,399.52
2025-11-20,ALPHA_SEC,CL678076,INFY,BUY,219,863.93,189200.67
2025-11-26,BETA_INVEST,CL556945,ITC,SELL,239,1706.52,407858.28
2025-11-20,ALPHA_SEC,CL243741,ICICIBANK,SELL,142,1649.29,234199.18
2025-11-20,ALPHA_SEC,CL051321,SBIN,SELL,225,566.33,127424.25
2025-11-24,OMEGA_BROKING,CL313908,TATAMOTORS,SELL,103,1977.03,203634.09
2025-11-21,OMEGA_BROKING,CL890042,ITC,SELL,124,1352.7,167734.8
2025-11-24,OMEGA_BROKING,CL304080,AXISBANK,BUY,72,1199.88,86391.36
2025-11-21,BETA_INVEST,CL151014,SBIN,SELL,200,2009.13,401826.0
2025-11-22,ALPHA_SEC,CL641801,AXISBANK,SELL,1,1812.29,1812.29
2025-11-24,BETA_INVEST,CL994873,INFY,BUY,174,1231.02,214197.48
2025-11-21,DELTA_TRADES,CL427127,RELIANCE,SELL,19,700.67,13312.73
2025-11-21,BETA_INVEST,CL660793,SBIN,SELL,5,1120.94,5604.7
2025-11-25,ALPHA_SEC,CL970086,RELIANCE,BUY,221,347.02,76691.42
2025-11-23,DELTA_TRADES,CL656572,LT,SELL,276,834.6,230349.6
2025-11-22,OMEGA_BROKING,CL501086,HDFC,SELL,270,145.61,39314.7
2025-11-26,DELTA_TRADES,CL439247,SBIN,BUY,49,181.37,8887.13
2025-11-26,DELTA_TRADES,CL016593,HDFC,BUY,216,350.85,75783.6
2025-11-26,DELTA_TRADES,CL251876,AXISBANK,BUY,240,1326.96,318470.4
2025-11-24,DELTA_TRADES,CL831858,INFY,BUY,12,1740.0,20880.0
2025-11-21,ALPHA_SEC,CL760742,RELIANCE,BUY,233,1830.81,426578.73
2025-11-25,DELTA_TRADES,CL419133,KOTAKBANK,BUY,292,2321.06,677749.52
2025-11-20,DELTA_TRADES,CL043148,SBIN,SELL,197,2163.97,426302.09
2025-11-20,DELTA_TRADES,CL858703,ITC,BUY,139,221.53,30792.67
2025-11-22,BETA_INVEST,CL737630,SBIN,BUY,4,222.2,888.8
2025-11-26,OMEGA_BROKING,CL031340,ITC,BUY,187,1076.15,201240.05
2025-11-25,ALPHA_SEC,CL150308,TATAMOTORS,BUY,2,1246.06,2492.12
2025-11-26,ALPHA_SEC,CL974754,RELIANCE,BUY,128,1507.15,192915.2
2025-11-24,ALPHA_SEC,CL714521,TATAMOTORS,SELL,68,2032.28,138195.04
2025-11-26,ALPHA_SEC,CL220781,HDFC,SELL,15,2070.4,31056.0
2025-11-24,OMEGA_BROKING,CL847669,HDFC,BUY,26,1823.73,47416.98
2025-11-23,DELTA_TRADES,CL210396,INFY,BUY,190,625.84,118909.6
2025-11-24,DELTA_TRADES,CL777501,AXISBANK,SELL,126,572.7,72160.2
2025-11-23,DELTA_TRADES,CL876042,ICICIBANK,SELL,195,323.75,63131.25
2025-11-21,DELTA_TRADES,CL255056,ITC,SELL,236,733.63,173136.68
2025-11-26,ALPHA_SEC,CL525028,RELIANCE,SELL,218,256.06,55821.08
2025-11-23,BETA_INVEST,CL435718,ICICIBANK,SELL,110,1237.75,136152.5
2025-11-24,OMEGA_BROKING,CL556095,ICICIBANK,BUY,179,1467.97,262766.63
2025-11-21,BETA_INVEST,CL789723,TATAMOTORS,BUY,119,729.12,86765.28
2025-11-26,DELTA_TRADES,CL115004,LT,BUY,148,1460.27,216119.96
2025-11-23,BETA_INVEST,CL960520,TATAMOTORS,BUY,197,257.92,50810.24
2025-11-25,OMEGA_BROKING,CL749238,HDFC,SELL,147,942.32,138521.04
2025-11-26,DELTA_TRADES,CL644067,LT,SELL,54,1538.48,83077.92
2025-11-22,BETA_INVEST,CL978416,HDFC,SELL,45,370.85,16688.25
2025-11-24,DELTA_TRADES,CL198918,RELIANCE,SELL,273,1083.84,295888.32
2025-11-25,ALPHA_SEC,CL608132,SBIN,BUY,178,2053.47,365517.66
2025-11-23,ALPHA_SEC,CL485564,AXISBANK,SELL,30,1664.11,49923.3
2025-11-22,DELTA_TRADES,CL183487,SBIN,SELL,67,2327.77,155960.59
2025-11-26,DELTA_TRADES,CL009242,INFY,BUY,231,269.94,62356.14
2025-11-26,DELTA_TRADES,CL654151,ITC,SELL,74,188.5,13949.0
2025-11-23,OMEGA_BROKING,CL117976,LT,SELL,169,1162.41,196447.29
2025-11-23,OMEGA_BROKING,CL971791,KOTAKBANK,SELL,265,1606.99,425852.35
2025-11-24,OMEGA_BROKING,CL911151,RELIANCE,SELL,169,741.37,125291.53
2025-11-24,OMEGA_BROKING,CL716117,HDFC,SELL,113,870.27,98340.51
2025-11-26,OMEGA_BROKING,CL770015,INFY,SELL,100,175.55,17555.0
2025-11-21,ALPHA_SEC,CL302324,INFY,SELL,55,194.09,10674.95
2025-11-22,OMEGA_BROKING,CL739185,KOTAKBANK,BUY,55,1705.73,93815.15
2025-11-21,ALPHA_SEC,CL907975,ITC,BUY,156,846.02,131979.12
2025-11-25,BETA_INVEST,CL500720,KOTAKBANK,SELL,3,1614.03,4842.09
2025-11-24,ALPHA_SEC,CL971826,KOTAKBANK,SELL,193,2455.78,473965.54
2025-11-20,OMEGA_BROKING,CL156249,HDFC,SELL,51,2101.81,107192.31
2025-11-25,OMEGA_BROKING,CL459601,ITC,BUY,77,472.18,36357.86
2025-11-21,DELTA_TRADES,CL319368,TATAMOTORS,BUY,101,1356.18,136974.18
2025-11-24,BETA_INVEST,CL452948,ICICIBANK,BUY,64,1159.12,74183.68
2025-11-26,BETA_INVEST,CL897973,TATAMOTORS,BUY,123,990.54,121836.42
2025-11-24,DELTA_TRADES,CL023225,HDFC,SELL,243,1474.44,358288.92
2025-11-24,BETA_INVEST,CL871177,SBIN,SELL,70,1842.95,129006.5
2025-11-21,ALPHA_SEC,CL015465,HDFC,BUY,213,1749.49,372641.37
2025-11-24,DELTA_TRADES,CL755249,ITC,SELL,181,1651.14,298856.34
2025-11-26,DELTA_TRADES,CL535373,KOTAKBANK,BUY,163,611.77,99718.51
2025-11-25,DELTA_TRADES,CL099565,ITC,SELL,200,2121.01,424202.0
2025-11-22,BETA_INVEST,CL478445,LT,BUY,218,1852.88,403927.84
2025-11-25,BETA_INVEST,CL941703,ICICIBANK,BUY,260,1223.4,318084.0
2025-11-25,OMEGA_BROKING,CL277855,LT,BUY,57,1561.76,89020.32
2025-11-24,DELTA_TRADES,CL014714,RELIANCE,BUY,182,1452.51,264356.82
2025-11-20,DELTA_TRADES,CL783898,ITC,BUY,144,862.2,124156.8
2025-11-26,ALPHA_SEC,CL534254,SBIN,SELL,178,333.71,59400.38
2025-11-25,BETA_INVEST,CL078830,SBIN,BUY,34,1377.45,46833.3
2025-11-25,ALPHA_SEC,CL912916,HDFC,BUY,94,1027.88,96620.72
2025-11-24,DELTA_TRADES,CL417450,ICICIBANK,BUY,86,1509.77,129840.22
2025-11-20,BETA_INVEST,CL410373,ITC,SELL,47,915.87,43045.89
2025-11-26,DELTA_TRADES,CL401315,KOTAKBANK,SELL,107,1378.44,147493.08
2025-11-22,BETA_INVEST,CL017861,ICICIBANK,BUY,42,1962.57,82427.94
2025-11-20,BETA_INVEST,CL432148,RELIANCE,BUY,239,625.12,149403.68
2025-11-25,BETA_INVEST,CL519024,ITC,SELL,207,150.92,31240.44
2025-11-24,OMEGA_BROKING,CL462456,ITC,BUY,107,2319.25,248159.75
2025-11-20,ALPHA_SEC,CL471659,ICICIBANK,SELL,185,750.49,138840.65
2025-11-25,OMEGA_BROKING,CL012464,INFY,BUY,220,679.97,149593.4
2025-11-26,OMEGA_BROKING,CL906695,RELIANCE,SELL,43,152.82,6571.26
2025-11-22,BETA_INVEST,CL153956,KOTAKBANK,SELL,210,1796.52,377269.2
2025-11-20,OMEGA_BROKING,CL014581,SBIN,SELL,187,2084.41,389784.67
2025-11-24,DELTA_TRADES,CL339772,HDFC,SELL,39,310.31,12102.09
2025-11-25,DELTA_TRADES,CL229689,INFY,SELL,265,1534.92,406753.8
2025-11-26,ALPHA_SEC,CL824118,AXISBANK,SELL,82,705.93,57886.26
2025-11-23,OMEGA_BROKING,CL795464,KOTAKBANK,BUY,248,2356.28,584357.44
2025-11-26,BETA_INVEST,CL115748,RELIANCE,BUY,113,1127.86,127448.18
2025-11-21,OMEGA_BROKING,CL541181,ICICIBANK,BUY,274,400.34,109693.16
2025-11-22,ALPHA_SEC,CL262120,KOTAKBANK,SELL,81,1080.76,87541.56
2025-11-21,ALPHA_SEC,CL903222,KOTAKBANK,SELL,237,2125.84,503824.08
2025-11-24,DELTA_TRADES,CL036894,INFY,BUY,135,1381.93,186560.55
2025-11-21,ALPHA_SEC,CL786404,AXISBANK,BUY,236,701.2,165483.2
2025-11-25,DELTA_TRADES,CL982564,AXISBANK,BUY,21,2450.95,51469.95
2025-11-25,BETA_INVEST,CL205754,KOTAKBANK,SELL,231,1306.12,301713.72
2025-11-20,DELTA_TRADES,CL560340,INFY,BUY,233,1536.74,358060.42
2025-11-24,DELTA_TRADES,CL380539,ITC,SELL,83,817.59,67859.97
2025-11-24,ALPHA_SEC,CL763412,KOTAKBANK,BUY,180,1133.8,204084.0
2025-11-23,BETA_INVEST,CL132441,KOTAKBANK,BUY,9,940.97,8468.73
2025-11-23,ALPHA_SEC,CL422149,HDFC,BUY,119,2378.15,282999.85
2025-11-25,BETA_INVEST,CL063796,ICICIBANK,BUY,128,1479.65,189395.2
2025-11-21,BETA_INVEST,CL476204,HDFC,BUY,3,312.27,936.81
2025-11-25,BETA_INVEST,CL891687,HDFC,BUY,64,2127.72,136174.08
2025-11-23,DELTA_TRADES,CL722281,INFY,BUY,72,153.76,11070.72
2025-11-23,OMEGA_BROKING,CL275950,ITC,SELL,149,1314.08,195797.92
2025-11-25,BETA_INVEST,CL816342,ICICIBANK,SELL,18,1864.9,33568.2
2025-11-20,ALPHA_SEC,CL455036,TATAMOTORS,SELL,134,745.56,99905.04
2025-11-22,DELTA_TRADES,CL405460,AXISBANK,BUY,217,1970.47,427591.99
2025-11-26,OMEGA_BROKING,CL811976,SBIN,SELL,245,652.93,159967.85
2025-11-20,ALPHA_SEC,CL781403,ICICIBANK,BUY,260,249.89,64971.4
2025-11-23,OMEGA_BROKING,CL617053,HDFC,SELL,21,1616.97,33956.37
2025-11-25,BETA_INVEST,CL082833,SBIN,SELL,108,1690.84,182610.72
2025-11-25,DELTA_TRADES,CL064973,AXISBANK,SELL,2,1320.84,2641.68
2025-11-21,OMEGA_BROKING,CL097496,INFY,SELL,297,1628.68,483717.96
2025-11-24,ALPHA_SEC,CL057427,AXISBANK,SELL,298,1962.14,584717.72
2025-11-22,BETA_INVEST,CL477534,AXISBANK,BUY,205,2270.1,465370.5
2025-11-25,ALPHA_SEC,CL394051,AXISBANK,BUY,132,915.69,120871.08
2025-11-24,OMEGA_BROKING,CL887465,HDFC,BUY,133,888.18,118127.94
2025-11-24,ALPHA_SEC,CL051364,ITC,BUY,210,1289.79,270855.9
2025-11-25,BETA_INVEST,CL851551,ICICIBANK,SELL,208,2273.4,472867.2
2025-11-23,BETA_INVEST,CL220645,AXISBANK,SELL,138,729.3,100643.4
2025-11-25,BETA_INVEST,CL673030,AXISBANK,SELL,193,1631.59,314896.87
2025-11-21,ALPHA_SEC,CL076344,RELIANCE,BUY,196,1190.58,233353.68
2025-11-23,DELTA_TRADES,CL628553,LT,SELL,75,494.2,37065.0
2025-11-24,ALPHA_SEC,CL706936,ITC,BUY,230,282.53,64981.9
2025-11-24,ALPHA_SEC,CL387730,KOTAKBANK,BUY,194,844.77,163885.38
2025-11-21,ALPHA_SEC,CL447640,RELIANCE,SELL,106,1301.27,137934.62
2025-11-23,OMEGA_BROKING,CL358511,TATAMOTORS,BUY,245,874.46,214242.7
2025-11-22,ALPHA_SEC,CL322554,INFY,BUY,64,733.78,46961.92
2025-11-22,DELTA_TRADES,CL772153,TATAMOTORS,SELL,117,2095.22,245140.74
2025-11-24,ALPHA_SEC,CL758911,LT,SELL,21,1523.07,31984.47
2025-11-25,ALPHA_SEC,CL099873,LT,SELL,5,246.48,1232.4
2025-11-23,OMEGA_BROKING,CL941860,INFY,BUY,94,1993.61,187399.34
2025-11-21,OMEGA_BROKING,CL305255,KOTAKBANK,SELL,109,456.41,49748.69
2025-11-23,OMEGA_BROKING,CL340002,SBIN,SELL,206,1641.34,338116.04
2025-11-21,BETA_INVEST,CL212218,LT,SELL,189,162.22,30659.58
2025-11-26,DELTA_TRADES,CL934755,HDFC,BUY,233,1818.28,423659.24
2025-11-26,OMEGA_BROKING,CL836160,RELIANCE,SELL,66,1142.57,75409.62
2025-11-21,OMEGA_BROKING,CL471176,LT,SELL,52,773.79,40237.08
2025-11-20,BETA_INVEST,CL087807,ICICIBANK,BUY,69,2332.89,160969.41
2025-11-22,ALPHA_SEC,CL645531,ITC,BUY,119,1618.64,192618.16
2025-11-25,OMEGA_BROKING,CL408537,LT,SELL,48,2205.33,105855.84
2025-11-26,OMEGA_BROKING,CL444537,LT,BUY,298,446.54,133068.92
2025-11-26,BETA_INVEST,CL298725,AXISBANK,SELL,57,344.22,19620.54
2025-11-24,OMEGA_BROKING,CL305287,AXISBANK,SELL,145,933.51,135358.95
2025-11-26,OMEGA_BROKING,CL512574,SBIN,BUY,85,807.72,68656.2
2025-11-22,DELTA_TRADES,CL720707,SBIN,BUY,259,908.59,235324.81
2025-11-26,DELTA_TRADES,CL943966,INFY,BUY,37,958.47,35463.39
2025-11-25,ALPHA_SEC,CL276664,ITC,SELL,95,1481.76,140767.2
2025-11-25,ALPHA_SEC,CL940126,SBIN,SELL,36,2094.65,75407.4
2025-11-25,OMEGA_BROKING,CL048781,SBIN,BUY,62,655.8,40659.6
2025-11-21,OMEGA_BROKING,CL390510,RELIANCE,BUY,213,888.51,189252.63
2025-11-23,BETA_INVEST,CL200302,LT,BUY,120,687.94,82552.8
2025-11-24,ALPHA_SEC,CL231597,ICICIBANK,BUY,13,2295.35,29839.55
2025-11-21,ALPHA_SEC,CL280818,LT,BUY,221,2181.15,482034.15
2025-11-24,ALPHA_SEC,CL420779,RELIANCE,BUY,7,2310.27,16171.89
2025-11-25,BETA_INVEST,CL490161,RELIANCE,SELL,87,2217.51,192923.37
2025-11-25,BETA_INVEST,CL464571,RELIANCE,SELL,141,296.5,41806.5
2025-11-20,OMEGA_BROKING,CL217365,INFY,SELL,241,371.63,89562.83
2025-11-24,BETA_INVEST,CL763805,KOTAKBANK,SELL,47,287.97,13534.59
2025-11-21,BETA_INVEST,CL535857,AXISBANK,BUY,236,1584.11,373849.96
2025-11-20,ALPHA_SEC,CL785335,INFY,BUY,17,1231.28,20931.76
2025-11-20,OMEGA_BROKING,CL340604,ITC,BUY,233,1481.12,345100.96
2025-11-23,DELTA_TRADES,CL687045,ITC,BUY,195,1295.89,252698.55
2025-11-23,ALPHA_SEC,CL509345,SBIN,BUY,8,1527.65,12221.2
2025-11-21,BETA_INVEST,CL855437,ITC,BUY,189,1425.83,269481.87
2025-11-25,DELTA_TRADES,CL760043,INFY,SELL,46,2037.65,93731.9
2025-11-26,OMEGA_BROKING,CL183397,TATAMOTORS,BUY,187,1867.57,349235.59
2025-11-25,DELTA_TRADES,CL068322,ITC,BUY,288,829.05,238766.4
2025-11-24,BETA_INVEST,CL031198,KOTAKBANK,BUY,27,2026.45,54714.15
2025-11-24,DELTA_TRADES,CL555234,LT,SELL,242,1764.51,427011.42
2025-11-23,BETA_INVEST,CL739119,AXISBANK,BUY,73,1255.69,91665.37
2025-11-26,OMEGA_BROKING,CL695639,ITC,BUY,152,1417.13,215403.76
2025-11-21,BETA_INVEST,CL883633,KOTAKBANK,SELL,112,681.32,76307.84
2025-11-21,DELTA_TRADES,CL272583,ICICIBANK,SELL,161,178.8,28786.8
2025-11-20,BETA_INVEST,CL394610,TATAMOTORS,SELL,241,1742.27,419887.07
2025-11-24,BETA_INVEST,CL714029,ICICIBANK,SELL,238,1974.07,469828.66
2025-11-20,BETA_INVEST,CL904076,ICICIBANK,BUY,33,1373.26,45317.58
2025-11-23,OMEGA_BROKING,CL245562,SBIN,SELL,220,2289.21,503626.2
2025-11-25,ALPHA_SEC,CL836852,ICICIBANK,SELL,202,1621.38,327518.76
2025-11-22,BETA_INVEST,CL843577,LT,BUY,17,622.39,10580.63
2025-11-22,BETA_INVEST,CL033652,HDFC,BUY,43,465.7,20025.1
2025-11-25,ALPHA_SEC,CL063882,TATAMOTORS,SELL,107,2108.98,225660.86
2025-11-24,DELTA_TRADES,CL441716,HDFC,BUY,125,1387.88,173485.0
2025-11-25,OMEGA_BROKING,CL099486,KOTAKBANK,SELL,80,2321.46,185716.8
2025-11-24,ALPHA_SEC,CL807365,INFY,BUY,292,1503.44,439004.48
2025-11-20,OMEGA_BROKING,CL562646,TATAMOTORS,BUY,113,231.53,26162.89
2025-11-25,OMEGA_BROKING,CL111534,SBIN,SELL,3,1337.88,4013.64
2025-11-25,BETA_INVEST,CL414988,SBIN,SELL,176,186.56,32834.56
2025-11-21,OMEGA_BROKING,CL898025,KOTAKBANK,SELL,136,1335.68,181652.48
2025-11-26,OMEGA_BROKING,CL777322,HDFC,SELL,212,1870.18,396478.16
2025-11-24,OMEGA_BROKING,CL950504,RELIANCE,SELL,119,693.01,82468.19
2025-11-21,OMEGA_BROKING,CL369940,AXISBANK,BUY,15,1398.79,20981.85
2025-11-20,DELTA_TRADES,CL957038,RELIANCE,BUY,287,866.49,248682.63
2025-11-26,BETA_INVEST,CL072386,AXISBANK,BUY,215,2341.75,503476.25
2025-11-20,OMEGA_BROKING,CL299185,TATAMOTORS,BUY,274,189.91,52035.34
2025-11-26,OMEGA_BROKING,CL666094,TATAMOTORS,BUY,25,1956.19,48904.75
2025-11-22,ALPHA_SEC,CL042273,ITC,BUY,64,2424.81,155187.84
2025-11-20,ALPHA_SEC,CL139089,KOTAKBANK,BUY,151,2100.1,317115.1
2025-11-20,BETA_INVEST,CL323797,RELIANCE,SELL,67,1860.09,124626.03
2025-11-26,DELTA_TRADES,CL431240,SBIN,SELL,191,644.83,123162.53
2025-11-23,OMEGA_BROKING,CL390043,TATAMOTORS,SELL,279,2155.16,601289.64
2025-11-24,OMEGA_BROKING,CL260427,ITC,SELL,171,1392.55,238126.05
2025-11-26,ALPHA_SEC,CL516789,TATAMOTORS,BUY,86,1076.76,92601.36
2025-11-22,DELTA_TRADES,CL810775,KOTAKBANK,SELL,191,1937.97,370152.27
2025-11-21,BETA_INVEST,CL901631,HDFC,SELL,193,530.52,102390.36
2025-11-26,BETA_INVEST,CL502850,ITC,SELL,152,1441.08,219044.16
2025-11-26,BETA_INVEST,CL522978,LT,BUY,167,1436.54,239902.18
2025-11-25,BETA_INVEST,CL881938,RELIANCE,SELL,85,345.32,29352.2
2025-11-24,DELTA_TRADES,CL944175,AXISBANK,BUY,297,1724.1,512057.7
2025-11-20,OMEGA_BROKING,CL316037,ITC,BUY,39,1302.14,50783.46
2025-11-22,OMEGA_BROKING,CL926152,LT,SELL,162,909.69,147369.78
2025-11-25,OMEGA_BROKING,CL424092,HDFC,BUY,28,2379.01,66612.28
2025-11-21,DELTA_TRADES,CL806965,RELIANCE,BUY,179,748.02,133895.58
2025-11-24,DELTA_TRADES,CL240066,KOTAKBANK,SELL,74,1236.74,91518.76
2025-11-20,OMEGA_BROKING,CL614360,ITC,SELL,24,960.4,23049.6
2025-11-23,ALPHA_SEC,CL362258,SBIN,BUY,220,1823.01,401062.2
2025-11-25,DELTA_TRADES,CL415976,AXISBANK,BUY,151,982.49,148355.99
2025-11-22,OMEGA_BROKING,CL728214,KOTAKBANK,SELL,253,611.61,154737.33
2025-11-23,OMEGA_BROKING,CL047653,RELIANCE,BUY,117,2312.1,270515.7
2025-11-26,BETA_INVEST,CL475180,RELIANCE,SELL,172,203.97,35082.84
2025-11-20,ALPHA_SEC,CL808727,ICICIBANK,BUY,219,1191.46,260929.74
2025-11-25,DELTA_TRADES,CL198933,HDFC,SELL,293,1943.76,569521.68
2025-11-23,OMEGA_BROKING,CL470234,ICICIBANK,SELL,148,2472.67,365955.16
2025-11-20,DELTA_TRADES,CL547552,INFY,BUY,258,371.61,95875.38
2025-11-23,ALPHA_SEC,CL938343,KOTAKBANK,BUY,139,1077.72,149803.08
2025-11-26,BETA_INVEST,CL746706,RELIANCE,BUY,42,1476.42,62009.64
2025-11-22,DELTA_TRADES,CL648767,ITC,SELL,208,2414.13,502139.04
2025-11-23,DELTA_TRADES,CL378495,LT,SELL,294,1419.56,417350.64
2025-11-24,OMEGA_BROKING,CL051908,HDFC,BUY,229,596.61,136623.69
2025-11-26,DELTA_TRADES,CL879573,SBIN,SELL,59,873.16,51516.44
2025-11-25,ALPHA_SEC,CL473294,TATAMOTORS,SELL,132,1915.28,252816.96
2025-11-24,BETA_INVEST,CL702450,KOTAKBANK,SELL,167,405.73,67756.91
2025-11-24,ALPHA_SEC,CL344107,SBIN,SELL,131,1766.84,231456.04
2025-11-26,OMEGA_BROKING,CL437871,ICICIBANK,SELL,8,1667.05,13336.4
2025-11-25,DELTA_TRADES,CL951281,SBIN,SELL,103,919.61,94719.83
2025-11-21,ALPHA_SEC,CL799243,SBIN,SELL,109,1571.18,171258.62
2025-11-23,ALPHA_SEC,CL212296,RELIANCE,SELL,185,1587.31,293652.35
2025-11-25,BETA_INVEST,CL698124,INFY,SELL,84,416.84,35014.56
2025-11-23,OMEGA_BROKING,CL139132,AXISBANK,SELL,292,1150.48,335940.16
2025-11-23,ALPHA_SEC,CL467343,LT,SELL,34,2138.82,72719.88
2025-11-24,ALPHA_SEC,CL643178,INFY,SELL,134,174.36,23364.24
2025-11-25,BETA_INVEST,CL631015,ITC,SELL,298,2244.83,668959.34
2025-11-24,ALPHA_SEC,CL167042,RELIANCE,SELL,297,1254.89,372702.33
2025-11-20,ALPHA_SEC,CL693960,RELIANCE,BUY,39,1296.53,50564.67
2025-11-21,DELTA_TRADES,CL495683,HDFC,SELL,267,165.93,44303.31
2025-11-25,ALPHA_SEC,CL348750,SBIN,BUY,204,1719.0,350676.0
2025-11-23,ALPHA_SEC,CL400715,LT,SELL,108,2179.22,235355.76
2025-11-26,ALPHA_SEC,CL185702,KOTAKBANK,SELL,113,964.67,109007.71
2025-11-22,ALPHA_SEC,CL135709,ITC,SELL,10,2068.37,20683.7
2025-11-21,BETA_INVEST,CL002463,TATAMOTORS,SELL,111,713.13,79157.43
2025-11-25,OMEGA_BROKING,CL933131,KOTAKBANK,SELL,218,1150.52,250813.36
2025-11-20,ALPHA_SEC,CL815945,LT,BUY,246,306.35,75362.1
2025-11-22,OMEGA_BROKING,CL342178,ITC,BUY,97,1060.88,102905.36
2025-11-20,BETA_INVEST,CL230728,AXISBANK,BUY,238,1295.48,308324.24
2025-11-25,ALPHA_SEC,CL260017,ICICIBANK,SELL,144,1278.89,184160.16
2025-11-23,DELTA_TRADES,CL958379,INFY,BUY,228,1388.84,316655.52
2025-11-24,DELTA_TRADES,CL579149,LT,SELL,84,2035.09,170947.56
2025-11-24,DELTA_TRADES,CL779087,TATAMOTORS,BUY,76,277.0,21052.0
2025-11-24,DELTA_TRADES,CL345078,INFY,BUY,89,875.9,77955.1
2025-11-25,DELTA_TRADES,CL732899,KOTAKBANK,SELL,56,384.5,21532.0
2025-11-26,DELTA_TRADES,CL121145,HDFC,BUY,181,410.49,74298.69
2025-11-25,OMEGA_BROKING,CL345069,SBIN,BUY,213,1109.75,236376.75
2025-11-21,DELTA_TRADES,CL393065,INFY,SELL,256,1459.91,373736.96
2025-11-24,OMEGA_BROKING,CL661761,KOTAKBANK,BUY,258,299.29,77216.82
2025-11-23,BETA_INVEST,CL555613,INFY,SELL,115,470.75,54136.25
2025-11-25,BETA_INVEST,CL537675,HDFC,SELL,295,816.85,240970.75
2025-11-26,ALPHA_SEC,CL740778,TATAMOTORS,SELL,93,1685.38,156740.34
2025-11-20,OMEGA_BROKING,CL890970,LT,BUY,118,1731.77,204348.86
2025-11-25,DELTA_TRADES,CL228767,ITC,SELL,128,916.92,117365.76
2025-11-21,BETA_INVEST,CL063261,INFY,BUY,119,891.67,106108.73
2025-11-22,BETA_INVEST,CL323904,HDFC,BUY,290,1790.04,519111.6
2025-11-21,BETA_INVEST,CL069470,SBIN,BUY,41,2242.43,91939.63
2025-11-24,DELTA_TRADES,CL635540,INFY,SELL,106,841.7,89220.2
2025-11-22,OMEGA_BROKING,CL648440,AXISBANK,SELL,79,928.95,73387.05
2025-11-20,OMEGA_BROKING,CL001651,RELIANCE,SELL,245,948.33,232340.85
2025-11-21,DELTA_TRADES,CL316631,KOTAKBANK,BUY,74,291.61,21579.14
2025-11-22,OMEGA_BROKING,CL121386,RELIANCE,BUY,294,1921.75,564994.5
2025-11-20,OMEGA_BROKING,CL541711,HDFC,SELL,28,936.98,26235.44
2025-11-20,BETA_INVEST,CL461087,RELIANCE,SELL,65,1228.92,79879.8
2025-11-23,BETA_INVEST,CL764015,LT,BUY,282,887.34,250229.88
2025-11-25,BETA_INVEST,CL611141,AXISBANK,BUY,28,1872.99,52443.72
2025-11-21,OMEGA_BROKING,CL369110,AXISBANK,BUY,228,1112.2,253581.6
2025-11-24,BETA_INVEST,CL301395,RELIANCE,BUY,6,874.22,5245.32
2025-11-22,BETA_INVEST,CL164534,AXISBANK,BUY,298,552.39,164612.22
2025-11-22,DELTA_TRADES,CL151994,ITC,SELL,175,1178.62,206258.5
2025-11-23,ALPHA_SEC,CL511064,INFY,SELL,220,2155.32,474170.4
2025-11-25,BETA_INVEST,CL828644,RELIANCE,SELL,30,1567.25,47017.5
2025-11-22,DELTA_TRADES,CL329512,RELIANCE,SELL,244,1034.38,252388.72
2025-11-25,OMEGA_BROKING,CL644021,ITC,BUY,12,573.82,6885.84
2025-11-20,OMEGA_BROKING,CL483753,HDFC,BUY,255,129.97,33142.35
2025-11-25,OMEGA_BROKING,CL919052,ICICIBANK,BUY,69,1806.89,124675.41
2025-11-23,OMEGA_BROKING,CL510081,RELIANCE,SELL,12,2382.74,28592.88
2025-11-25,OMEGA_BROKING,CL976310,RELIANCE,BUY,144,2471.02,355826.88
2025-11-22,BETA_INVEST,CL873646,LT,BUY,75,606.57,45492.75
2025-11-25,ALPHA_SEC,CL156603,AXISBANK,SELL,32,1893.44,60590.08
2025-11-22,BETA_INVEST,CL975121,RELIANCE,SELL,208,1123.6,233708.8
2025-11-22,OMEGA_BROKING,CL445533,INFY,SELL,281,1155.44,324678.64
2025-11-24,ALPHA_SEC,CL308834,KOTAKBANK,BUY,244,2191.83,534806.52
2025-11-25,BETA_INVEST,CL449192,INFY,SELL,106,503.19,53338.14
2025-11-21,BETA_INVEST,CL906285,SBIN,BUY,259,701.39,181660.01
2025-11-23,DELTA_TRADES,CL426691,AXISBANK,SELL,87,2071.46,180217.02
2025-11-25,DELTA_TRADES,CL388962,AXISBANK,BUY,236,315.76,74519.36
2025-11-24,OMEGA_BROKING,CL940393,LT,SELL,13,1004.08,13053.04
2025-11-23,BETA_INVEST,CL147711,SBIN,SELL,132,1710.81,225826.92
2025-11-23,OMEGA_BROKING,CL025281,KOTAKBANK,SELL,166,840.96,139599.36
2025-11-21,BETA_INVEST,CL770577,INFY,SELL,177,497.93,88133.61
2025-11-24,ALPHA_SEC,CL746442,ITC,SELL,121,2409.85,291591.85
2025-11-24,BETA_INVEST,CL947566,KOTAKBANK,BUY,248,577.3,143170.4
2025-11-23,OMEGA_BROKING,CL913477,ITC,BUY,277,535.1,148222.7
2025-11-20,DELTA_TRADES,CL930082,RELIANCE,SELL,163,634.84,103478.92
2025-11-20,ALPHA_SEC,CL226151,LT,BUY,175,2241.84,392322.0
2025-11-20,ALPHA_SEC,CL424253,INFY,BUY,122,2211.42,269793.24
2025-11-20,ALPHA_SEC,CL181856,TATAMOTORS,BUY,146,253.82,37057.72
2025-11-22,OMEGA_BROKING,CL559477,KOTAKBANK,SELL,207,619.64,128265.48
2025-11-25,DELTA_TRADES,CL534414,LT,SELL,50,606.15,30307.5
2025-11-22,BETA_INVEST,CL939213,TATAMOTORS,SELL,70,680.98,47668.6
2025-11-21,DELTA_TRADES,CL996333,ITC,SELL,285,724.91,206599.35
2025-11-24,ALPHA_SEC,CL208594,SBIN,BUY,43,1647.98,70863.14
2025-11-23,BETA_INVEST,CL698767,ITC,SELL,28,564.14,15795.92
2025-11-22,DELTA_TRADES,CL155038,TATAMOTORS,BUY,159,1855.34,294999.06
2025-11-22,OMEGA_BROKING,CL917876,RELIANCE,SELL,57,2355.33,134253.81
2025-11-22,ALPHA_SEC,CL613462,ITC,BUY,30,1540.73,46221.9
2025-11-22,ALPHA_SEC,CL630984,KOTAKBANK,SELL,149,1743.52,259784.48
2025-11-24,ALPHA_SEC,CL922231,RELIANCE,BUY,116,2333.59,270696.44
2025-11-22,OMEGA_BROKING,CL465297,SBIN,BUY,275,182.36,50149.0
2025-11-23,BETA_INVEST,CL642119,LT,BUY,109,1636.79,178410.11
2025-11-22,DELTA_TRADES,CL764704,INFY,BUY,72,2037.12,146672.64
2025-11-23,DELTA_TRADES,CL864657,KOTAKBANK,BUY,225,697.92,157032.0
2025-11-22,ALPHA_SEC,CL858559,TATAMOTORS,BUY,65,1534.22,99724.3
2025-11-22,OMEGA_BROKING,CL450275,AXISBANK,BUY,21,779.25,16364.25
2025-11-25,OMEGA_BROKING,CL519639,TATAMOTORS,BUY,4,1313.52,5254.08
2025-11-24,DELTA_TRADES,CL638270,TATAMOTORS,SELL,109,857.64,93482.76
2025-11-25,BETA_INVEST,CL009000,RELIANCE,SELL,91,1983.87,180532.17
2025-11-24,OMEGA_BROKING,CL056181,INFY,BUY,57,1703.17,97080.69
2025-11-22,OMEGA_BROKING,CL722202,HDFC,SELL,202,460.48,93016.96
2025-11-22,DELTA_TRADES,CL629979,INFY,BUY,27,831.21,22442.67
2025-11-21,ALPHA_SEC,CL391212,RELIANCE,BUY,198,1251.29,247755.42
2025-11-26,DELTA_TRADES,CL413751,INFY,SELL,65,1683.03,109396.95
2025-11-26,ALPHA_SEC,CL666461,RELIANCE,BUY,18,1180.45,21248.1
2025-11-20,OMEGA_BROKING,CL025791,AXISBANK,SELL,4,291.28,1165.12
2025-11-26,DELTA_TRADES,CL882176,RELIANCE,SELL,197,2468.15,486225.55
2025-11-24,OMEGA_BROKING,CL386287,ITC,BUY,145,1439.46,208721.7
2025-11-21,BETA_INVEST,CL223900,RELIANCE,SELL,263,1476.15,388227.45
2025-11-24,ALPHA_SEC,CL150729,LT,BUY,46,179.56,8259.76
2025-11-23,DELTA_TRADES,CL770751,LT,SELL,263,1099.04,289047.52
2025-11-21,DELTA_TRADES,CL654438,INFY,SELL,226,230.96,52196.96
2025-11-26,OMEGA_BROKING,CL344885,ICICIBANK,BUY,183,721.72,132074.76
2025-11-26,BETA_INVEST,CL354795,TATAMOTORS,SELL,23,278.33,6401.59
2025-11-22,BETA_INVEST,CL549712,LT,SELL,160,664.17,106267.2
2025-11-23,OMEGA_BROKING,CL514899,LT,SELL,189,360.79,68189.31
2025-11-21,BETA_INVEST,CL411115,ICICIBANK,BUY,282,2017.05,568808.1
2025-11-26,DELTA_TRADES,CL801302,KOTAKBANK,SELL,220,2166.85,476707.0
2025-11-22,OMEGA_BROKING,CL472662,HDFC,SELL,142,2411.38,342415.96
2025-11-23,BETA_INVEST,CL902593,ITC,BUY,262,686.88,179962.56
2025-11-26,BETA_INVEST,CL553135,AXISBANK,SELL,275,281.91,77525.25
2025-11-22,DELTA_TRADES,CL521014,TATAMOTORS,SELL,204,1713.61,349576.44
2025-11-21,OMEGA_BROKING,CL539480,AXISBANK,BUY,255,2272.44,579472.2
2025-11-20,BETA_INVEST,CL902545,INFY,BUY,113,1914.24,216309.12
2025-11-21,ALPHA_SEC,CL279325,ICICIBANK,BUY,13,993.89,12920.57
2025-11-21,BETA_INVEST,CL047089,ITC,SELL,186,2177.9,405089.4
2025-11-20,ALPHA_SEC,CL373302,SBIN,BUY,213,2478.19,527854.47
2025-11-25,ALPHA_SEC,CL450568,LT,BUY,138,765.51,105640.38
2025-11-25,OMEGA_BROKING,CL395056,LT,BUY,204,1137.38,232025.52
2025-11-26,DELTA_TRADES,CL762228,SBIN,BUY,265,1220.09,323323.85
2025-11-25,DELTA_TRADES,CL935383,LT,SELL,133,2371.11,315357.63
2025-11-22,BETA_INVEST,CL876613,TATAMOTORS,BUY,295,1489.78,439485.1
2025-11-21,OMEGA_BROKING,CL172127,HDFC,SELL,142,983.78,139696.76
2025-11-21,BETA_INVEST,CL467606,SBIN,SELL,6,1796.45,10778.7
2025-11-23,ALPHA_SEC,CL157358,TATAMOTORS,SELL,146,1440.64,210333.44
2025-11-25,OMEGA_BROKING,CL311251,KOTAKBANK,SELL,98,1815.16,177885.68
2025-11-21,BETA_INVEST,CL918085,HDFC,SELL,157,1666.75,261679.75
2025-11-26,ALPHA_SEC,CL208954,ICICIBANK,SELL,145,733.63,106376.35
2025-11-23,OMEGA_BROKING,CL959766,INFY,SELL,266,603.85,160624.1
2025-11-26,OMEGA_BROKING,CL350332,KOTAKBANK,SELL,182,1884.81,343035.42
2025-11-26,ALPHA_SEC,CL992109,ICICIBANK,BUY,129,2000.45,258058.05
2025-11-21,OMEGA_BROKING,CL475614,HDFC,BUY,215,1832.04,393888.6
2025-11-21,OMEGA_BROKING,CL729988,ITC,BUY,12,854.79,10257.48
2025-11-25,DELTA_TRADES,CL429234,SBIN,SELL,89,920.44,81919.16
2025-11-21,DELTA_TRADES,CL185319,LT,SELL,142,619.68,87994.56
2025-11-24,BETA_INVEST,CL993824,SBIN,BUY,233,1313.31,306001.23
2025-11-20,ALPHA_SEC,CL326118,HDFC,SELL,248,1691.18,419412.64
2025-11-21,OMEGA_BROKING,CL090596,ICICIBANK,SELL,101,2225.31,224756.31
2025-11-20,BETA_INVEST,CL532569,RELIANCE,BUY,74,2110.44,156172.56
2025-11-23,BETA_INVEST,CL543207,HDFC,BUY,36,1204.39,43358.04
2025-11-20,OMEGA_BROKING,CL288175,INFY,SELL,13,199.24,2590.12
2025-11-26,BETA_INVEST,CL171115,SBIN,BUY,210,1574.72,330691.2
2025-11-21,BETA_INVEST,CL906141,ICICIBANK,SELL,165,2280.39,376264.35
2025-11-23,BETA_INVEST,CL083667,RELIANCE,SELL,274,1710.17,468586.58
2025-11-25,DELTA_TRADES,CL168969,SBIN,SELL,289,334.21,96586.69
2025-11-22,OMEGA_BROKING,CL311750,ITC,BUY,84,591.68,49701.12
2025-11-25,ALPHA_SEC,CL917775,SBIN,SELL,245,1461.27,358011.15
2025-11-20,ALPHA_SEC,CL319356,SBIN,BUY,125,2042.06,255257.5
2025-11-26,OMEGA_BROKING,CL746437,ITC,SELL,163,939.84,153193.92
2025-11-22,BETA_INVEST,CL401014,RELIANCE,SELL,195,2412.17,470373.15
2025-11-21,OMEGA_BROKING,CL000676,AXISBANK,BUY,64,2172.1,139014.4
2025-11-20,BETA_INVEST,CL283046,RELIANCE,BUY,56,1599.87,89592.72
2025-11-22,ALPHA_SEC,CL407009,KOTAKBANK,BUY,49,1926.07,94377.43
2025-11-25,BETA_INVEST,CL661180,RELIANCE,SELL,128,1499.46,191930.88
2025-11-21,ALPHA_SEC,CL806665,HDFC,BUY,283,2116.35,598927.05
2025-11-25,DELTA_TRADES,CL328791,TATAMOTORS,BUY,37,940.81,34809.97
2025-11-21,BETA_INVEST,CL239401,INFY,BUY,212,250.73,53154.76
2025-11-24,BETA_INVEST,CL618538,SBIN,SELL,7,1179.8,8258.6
2025-11-23,ALPHA_SEC,CL350361,KOTAKBANK,SELL,4,718.41,2873.64
2025-11-22,ALPHA_SEC,CL548351,LT,SELL,108,1215.07,131227.56
2025-11-26,OMEGA_BROKING,CL657863,ICICIBANK,BUY,119,1086.0,129234.0
2025-11-26,OMEGA_BROKING,CL056827,LT,BUY,95,1341.61,127452.95
2025-11-20,ALPHA_SEC,CL808020,LT,SELL,22,500.5,11011.0
2025-11-26,ALPHA_SEC,CL200641,ITC,BUY,221,1518.62,335615.02
2025-11-25,DELTA_TRADES,CL638662,RELIANCE,BUY,62,1467.76,91001.12
2025-11-26,ALPHA_SEC,CL334439,RELIANCE,SELL,158,1742.8,275362.4
2025-11-22,DELTA_TRADES,CL212493,ITC,BUY,192,815.72,156618.24
2025-11-25,ALPHA_SEC,CL712595,ITC,SELL,95,1286.36,122204.2
2025-11-20,ALPHA_SEC,CL784801,ITC,SELL,27,636.25,17178.75
2025-11-24,OMEGA_BROKING,CL851375,KOTAKBANK,BUY,288,1558.91,448966.08
2025-11-26,OMEGA_BROKING,CL249553,KOTAKBANK,BUY,104,263.46,27399.84
2025-11-25,ALPHA_SEC,CL571091,HDFC,SELL,4,1302.03,5208.12
2025-11-24,OMEGA_BROKING,CL601493,TATAMOTORS,BUY,100,1316.63,131663.0
2025-11-23,OMEGA_BROKING,CL007328,TATAMOTORS,SELL,238,1966.84,468107.92
2025-11-22,OMEGA_BROKING,CL352100,RELIANCE,BUY,12,1708.32,20499.84
2025-11-23,DELTA_TRADES,CL176698,ICICIBANK,BUY,82,1705.88,139882.16
2025-11-25,BETA_INVEST,CL602226,AXISBANK,BUY,182,1199.4,218290.8
2025-11-23,ALPHA_SEC,CL124024,TATAMOTORS,BUY,297,1172.76,348309.72
2025-11-24,OMEGA_BROKING,CL958227,TATAMOTORS,SELL,89,939.67,83630.63
2025-11-23,ALPHA_SEC,CL381441,HDFC,BUY,19,1213.75,23061.25
2025-11-20,DELTA_TRADES,CL524555,INFY,BUY,156,2033.36,317204.16
2025-11-23,OMEGA_BROKING,CL435944,ICICIBANK,BUY,248,583.42,144688.16
2025-11-21,OMEGA_BROKING,CL164312,ITC,SELL,38,478.83,18195.54
2025-11-26,DELTA_TRADES,CL299197,SBIN,SELL,70,1653.09,115716.3
2025-11-20,ALPHA_SEC,CL230370,AXISBANK,BUY,174,1983.93,345203.82
2025-11-22,DELTA_TRADES,CL038372,SBIN,BUY,202,877.81,177317.62
2025-11-22,OMEGA_BROKING,CL160591,LT,BUY,189,2186.69,413284.41
2025-11-26,ALPHA_SEC,CL791321,ICICIBANK,BUY,5,1771.0,8855.0
2025-11-24,ALPHA_SEC,CL121383,ITC,BUY,10,1817.25,18172.5
2025-11-23,DELTA_TRADES,CL506775,KOTAKBANK,BUY,276,303.93,83884.68
2025-11-22,ALPHA_SEC,CL902452,TATAMOTORS,SELL,61,1668.76,101794.36
2025-11-22,BETA_INVEST,CL953295,RELIANCE,SELL,66,2170.75,143269.5
2025-11-24,ALPHA_SEC,CL827039,AXISBANK,BUY,297,198.31,58898.07
2025-11-22,DELTA_TRADES,CL849200,TATAMOTORS,BUY,240,1950.78,468187.2
2025-11-22,OMEGA_BROKING,CL880696,LT,BUY,33,1858.31,61324.23
2025-11-21,ALPHA_SEC,CL565201,HDFC,BUY,235,854.44,200793.4
2025-11-21,ALPHA_SEC,CL225021,SBIN,BUY,201,647.02,130051.02
2025-11-20,DELTA_TRADES,CL920090,AXISBANK,BUY,181,2456.19,444570.39
2025-11-21,OMEGA_BROKING,CL174702,SBIN,SELL,191,152.51,29129.41
2025-11-21,ALPHA_SEC,CL823155,TATAMOTORS,BUY,45,1259.41,56673.45
2025-11-23,OMEGA_BROKING,CL033630,LT,BUY,295,1357.67,400512.65
2025-11-25,BETA_INVEST,CL962061,ITC,BUY,257,1080.13,277593.41
2025-11-24,OMEGA_BROKING,CL356253,SBIN,SELL,293,890.24,260840.32
2025-11-23,DELTA_TRADES,CL136817,INFY,BUY,299,1240.76,370987.24
2025-11-21,OMEGA_BROKING,CL861761,INFY,BUY,256,2273.21,581941.76
2025-11-22,OMEGA_BROKING,CL420010,AXISBANK,SELL,102,1852.95,189000.9
2025-11-24,DELTA_TRADES,CL867715,LT,BUY,184,1511.22,278064.48
2025-11-22,ALPHA_SEC,CL771754,ITC,SELL,106,1094.39,116005.34
2025-11-22,OMEGA_BROKING,CL410560,HDFC,SELL,95,1188.73,112929.35
2025-11-22,DELTA_TRADES,CL988963,TATAMOTORS,BUY,100,772.54,77254.0
2025-11-21,OMEGA_BROKING,CL564569,RELIANCE,SELL,64,221.68,14187.52
2025-11-20,DELTA_TRADES,CL413375,LT,BUY,269,136.15,36624.35
2025-11-20,OMEGA_BROKING,CL284990,KOTAKBANK,SELL,93,793.25,73772.25
2025-11-20,BETA_INVEST,CL439181,INFY,BUY,266,1344.78,357711.48
2025-11-20,ALPHA_SEC,CL158856,RELIANCE,BUY,228,455.46,103844.88
2025-11-25,ALPHA_SEC,CL593704,ICICIBANK,BUY,210,2305.36,484125.6
2025-11-24,DELTA_TRADES,CL944454,ITC,BUY,147,452.06,66452.82
2025-11-20,BETA_INVEST,CL996113,ICICIBANK,SELL,140,1435.45,200963.0
2025-11-22,BETA_INVEST,CL657412,HDFC,BUY,58,2063.28,119670.24
2025-11-21,ALPHA_SEC,CL106036,RELIANCE,SELL,127,2080.16,264180.32
2025-11-26,DELTA_TRADES,CL992963,RELIANCE,BUY,27,1505.72,40654.44
2025-11-24,BETA_INVEST,CL622241,HDFC,BUY,15,791.28,11869.2
2025-11-22,ALPHA_SEC,CL106007,KOTAKBANK,SELL,268,824.35,220925.8
2025-11-26,BETA_INVEST,CL849462,AXISBANK,BUY,287,1513.72,434437.64
2025-11-20,BETA_INVEST,CL168760,RELIANCE,BUY,53,1115.17,59104.01
2025-11-20,ALPHA_SEC,CL738535,KOTAKBANK,SELL,2,128.45,256.9
2025-11-22,DELTA_TRADES,CL444952,INFY,SELL,167,361.38,60350.46
2025-11-22,OMEGA_BROKING,CL396279,RELIANCE,SELL,217,286.67,62207.39
2025-11-22,BETA_INVEST,CL940808,TATAMOTORS,SELL,110,2280.5,250855.0
2025-11-22,BETA_INVEST,CL089135,HDFC,BUY,170,1589.87,270277.9
2025-11-21,ALPHA_SEC,CL684753,ITC,BUY,221,154.67,34182.07
2025-11-20,BETA_INVEST,CL559760,ICICIBANK,BUY,155,323.02,50068.1
2025-11-24,DELTA_TRADES,CL625598,AXISBANK,BUY,47,1119.86,52633.42
2025-11-22,DELTA_TRADES,CL641146,SBIN,BUY,88,695.33,61189.04
2025-11-23,OMEGA_BROKING,CL078738,LT,BUY,196,973.69,190843.24
2025-11-26,ALPHA_SEC,CL115077,ITC,BUY,227,1551.32,352149.64
2025-11-24,ALPHA_SEC,CL024377,SBIN,BUY,22,1763.55,38798.1
2025-11-24,ALPHA_SEC,CL490946,AXISBANK,SELL,162,2116.35,342848.7
2025-11-26,OMEGA_BROKING,CL746290,ICICIBANK,SELL,11,624.17,6865.87
2025-11-25,BETA_INVEST,CL806630,INFY,BUY,251,1853.01,465105.51
2025-11-25,BETA_INVEST,CL717747,RELIANCE,BUY,106,2295.26,243297.56
2025-11-20,OMEGA_BROKING,CL079919,AXISBANK,SELL,230,339.62,78112.6
2025-11-23,DELTA_TRADES,CL706287,INFY,BUY,134,1345.04,180235.36
2025-11-25,DELTA_TRADES,CL417944,ICICIBANK,SELL,125,661.24,82655.0
2025-11-26,DELTA_TRADES,CL100322,TATAMOTORS,BUY,163,2253.66,367346.58
2025-11-25,BETA_INVEST,CL150552,TATAMOTORS,BUY,156,2141.95,334144.2
2025-11-25,OMEGA_BROKING,CL215308,TATAMOTORS,BUY,245,323.48,79252.6
2025-11-23,ALPHA_SEC,CL155622,RELIANCE,BUY,91,1665.56,151565.96
2025-11-25,OMEGA_BROKING,CL239117,ICICIBANK,BUY,124,1504.47,186554.28
2025-11-23,OMEGA_BROKING,CL781578,RELIANCE,BUY,254,2397.54,608975.16
2025-11-20,BETA_INVEST,CL272030,ITC,SELL,68,2105.61,143181.48
2025-11-22,BETA_INVEST,CL717645,INFY,SELL,214,884.82,189351.48
2025-11-26,OMEGA_BROKING,CL702601,ICICIBANK,SELL,24,490.25,11766.0
2025-11-20,OMEGA_BROKING,CL252619,INFY,SELL,263,1488.53,391483.39
2025-11-24,DELTA_TRADES,CL484686,TATAMOTORS,SELL,215,2143.11,460768.65
2025-11-21,DELTA_TRADES,CL381527,LT,BUY,169,942.0,159198.0
2025-11-24,BETA_INVEST,CL345270,KOTAKBANK,SELL,119,2166.87,257857.53
2025-11-22,OMEGA_BROKING,CL774118,KOTAKBANK,SELL,26,146.99,3821.74
2025-11-20,OMEGA_BROKING,CL403377,KOTAKBANK,BUY,16,1403.58,22457.28
2025-11-26,OMEGA_BROKING,CL258120,ICICIBANK,SELL,41,2047.9,83963.9
2025-11-20,ALPHA_SEC,CL593881,TATAMOTORS,SELL,151,1309.06,197668.06
2025-11-24,ALPHA_SEC,CL513999,RELIANCE,BUY,43,1281.59,55108.37
2025-11-21,ALPHA_SEC,CL725290,TATAMOTORS,SELL,10,1696.97,16969.7
2025-11-21,ALPHA_SEC,CL549829,AXISBANK,BUY,65,542.04,35232.6
2025-11-22,BETA_INVEST,CL289796,RELIANCE,SELL,241,1413.57,340670.37
2025-11-26,OMEGA_BROKING,CL696885,TATAMOTORS,BUY,125,155.33,19416.25
2025-11-23,BETA_INVEST,CL729562,RELIANCE,BUY,213,2405.29,512326.77
2025-11-23,DELTA_TRADES,CL745016,SBIN,SELL,52,2021.46,105115.92
2025-11-20,DELTA_TRADES,CL371706,AXISBANK,SELL,188,175.37,32969.56
2025-11-23,DELTA_TRADES,CL222907,KOTAKBANK,BUY,164,2111.61,346304.04
2025-11-22,DELTA_TRADES,CL893182,TATAMOTORS,BUY,135,781.57,105511.95
2025-11-25,DELTA_TRADES,CL102674,ITC,SELL,171,1801.6,308073.6
2025-11-20,BETA_INVEST,CL769080,LT,BUY,229,498.94,114257.26
2025-11-26,ALPHA_SEC,CL797911,HDFC,SELL,294,497.21,146179.74
2025-11-21,ALPHA_SEC,CL975210,LT,BUY,125,890.52,111315.0
2025-11-26,DELTA_TRADES,CL833529,ICICIBANK,SELL,282,822.43,231925.26
2025-11-22,OMEGA_BROKING,CL104246,KOTAKBANK,SELL,164,1317.92,216138.88
2025-11-22,DELTA_TRADES,CL352772,HDFC,BUY,126,1895.52,238835.52
2025-11-26,ALPHA_SEC,CL677700,INFY,SELL,166,856.75,142220.5
2025-11-25,BETA_INVEST,CL850146,AXISBANK,SELL,50,310.91,15545.5
2025-11-20,DELTA_TRADES,CL965250,AXISBANK,BUY,216,1591.7,343807.2
2025-11-21,BETA_INVEST,CL134953,HDFC,SELL,169,1803.22,304744.18
2025-11-26,OMEGA_BROKING,CL071822,TATAMOTORS,SELL,81,521.15,42213.15
2025-11-24,OMEGA_BROKING,CL414564,SBIN,BUY,206,1071.45,220718.7
2025-11-21,OMEGA_BROKING,CL765519,KOTAKBANK,BUY,258,1617.8,417392.4
2025-11-25,OMEGA_BROKING,CL997968,ICICIBANK,SELL,74,2362.6,174832.4
2025-11-20,ALPHA_SEC,CL967894,AXISBANK,SELL,192,1893.6,363571.2
2025-11-25,BETA_INVEST,CL161800,LT,SELL,282,1257.87,354719.34
2025-11-26,DELTA_TRADES,CL010774,KOTAKBANK,BUY,261,498.3,130056.3
2025-11-21,ALPHA_SEC,CL589403,AXISBANK,BUY,182,715.86,130286.52
2025-11-25,BETA_INVEST,CL998377,ICICIBANK,SELL,141,1816.27,256094.07
2025-11-20,DELTA_TRADES,CL133212,SBIN,SELL,293,546.34,160077.62
2025-11-24,BETA_INVEST,CL715644,RELIANCE,BUY,72,415.34,29904.48
2025-11-26,DELTA_TRADES,CL309197,HDFC,SELL,72,135.63,9765.36
2025-11-20,ALPHA_SEC,CL529158,HDFC,SELL,19,959.56,18231.64
2025-11-25,ALPHA_SEC,CL970752,HDFC,SELL,232,353.11,81921.52
2025-11-26,OMEGA_BROKING,CL334977,LT,BUY,226,1364.17,308302.42
2025-11-23,OMEGA_BROKING,CL070115,RELIANCE,BUY,65,689.01,44785.65
2025-11-22,ALPHA_SEC,CL994009,SBIN,BUY,270,273.9,73953.0
2025-11-24,ALPHA_SEC,CL068102,KOTAKBANK,BUY,80,1001.26,80100.8
2025-11-24,OMEGA_BROKING,CL760806,ITC,BUY,88,2368.23,208404.24
2025-11-22,OMEGA_BROKING,CL869327,ITC,SELL,76,1834.95,139456.2
2025-11-25,BETA_INVEST,CL791023,AXISBANK,SELL,234,1727.52,404239.68
2025-11-21,OMEGA_BROKING,CL450427,KOTAKBANK,BUY,56,2027.11,113518.16
2025-11-22,BETA_INVEST,CL992523,LT,BUY,49,1059.01,51891.49
2025-11-26,DELTA_TRADES,CL513805,SBIN,BUY,89,2444.3,217542.7
2025-11-23,BETA_INVEST,CL581708,LT,SELL,299,228.47,68312.53
2025-11-21,BETA_INVEST,CL785844,RELIANCE,BUY,86,790.45,67978.7
2025-11-24,OMEGA_BROKING,CL237495,RELIANCE,BUY,17,1553.75,26413.75
2025-11-25,OMEGA_BROKING,CL196422,AXISBANK,SELL,75,289.24,21693.0
2025-11-21,ALPHA_SEC,CL876771,KOTAKBANK,BUY,20,1677.38,33547.6
2025-11-23,ALPHA_SEC,CL725982,RELIANCE,SELL,293,1575.97,461759.21
2025-11-26,ALPHA_SEC,CL508538,RELIANCE,SELL,153,1947.73,298002.69
2025-11-25,ALPHA_SEC,CL145398,SBIN,SELL,292,175.29,51184.68
2025-11-20,OMEGA_BROKING,CL003810,ICICIBANK,BUY,9,2268.39,20415.51
2025-11-22,ALPHA_SEC,CL751732,ICICIBANK,BUY,214,1853.42,396631.88
2025-11-24,ALPHA_SEC,CL004705,SBIN,BUY,30,1794.56,53836.8
2025-11-25,DELTA_TRADES,CL899345,KOTAKBANK,SELL,220,363.03,79866.6
2025-11-21,ALPHA_SEC,CL969837,LT,SELL,260,1009.96,262589.6
2025-11-21,ALPHA_SEC,CL815653,ITC,SELL,101,2154.76,217630.76
2025-11-21,OMEGA_BROKING,CL487565,SBIN,SELL,78,642.87,50143.86
2025-11-24,BETA_INVEST,CL614963,AXISBANK,BUY,231,2300.72,531466.32
2025-11-24,BETA_INVEST,CL793288,SBIN,BUY,115,1271.39,146209.85
2025-11-23,BETA_INVEST,CL245850,ITC,BUY,249,725.91,180751.59
2025-11-22,ALPHA_SEC,CL115958,RELIANCE,SELL,55,606.49,33356.95
2025-11-21,BETA_INVEST,CL870315,ITC,BUY,281,179.53,50447.93
2025-11-21,BETA_INVEST,CL394316,KOTAKBANK,SELL,79,976.81,77167.99
2025-11-25,ALPHA_SEC,CL486544,SBIN,SELL,115,141.68,16293.2
2025-11-26,BETA_INVEST,CL123614,RELIANCE,SELL,88,2009.0,176792.0
2025-11-21,BETA_INVEST,CL041080,ITC,SELL,20,121.47,2429.4
2025-11-21,OMEGA_BROKING,CL852740,KOTAKBANK,SELL,163,578.23,94251.49
2025-11-21,DELTA_TRADES,CL817325,HDFC,SELL,243,2123.3,515961.9
2025-11-21,BETA_INVEST,CL097119,KOTAKBANK,BUY,240,371.39,89133.6
2025-11-20,ALPHA_SEC,CL770513,LT,SELL,125,1341.59,167698.75
2025-11-21,OMEGA_BROKING,CL688318,INFY,SELL,46,2226.1,102400.6
2025-11-25,ALPHA_SEC,CL509542,KOTAKBANK,SELL,275,1121.24,308341.0
2025-11-20,ALPHA_SEC,CL677260,KOTAKBANK,SELL,212,2308.8,489465.6
2025-11-20,ALPHA_SEC,CL701738,AXISBANK,BUY,43,1045.02,44935.86
2025-11-26,BETA_INVEST,CL417888,INFY,BUY,59,554.9,32739.1
2025-11-24,DELTA_TRADES,CL950722,RELIANCE,SELL,103,1022.6,105327.8
2025-11-23,OMEGA_BROKING,CL051995,INFY,BUY,134,2207.73,295835.82
2025-11-22,ALPHA_SEC,CL348868,LT,SELL,257,1141.5,293365.5
2025-11-26,ALPHA_SEC,CL775109,LT,BUY,281,548.42,154106.02
2025-11-25,DELTA_TRADES,CL209263,TATAMOTORS,SELL,297,1786.23,530510.31
2025-11-22,BETA_INVEST,CL910080,KOTAKBANK,BUY,191,2096.76,400481.16
2025-11-25,ALPHA_SEC,CL023560,INFY,BUY,46,826.48,38018.08
2025-11-23,BETA_INVEST,CL645045,ITC,SELL,120,124.63,14955.6
2025-11-21,OMEGA_BROKING,CL055621,ITC,SELL,120,683.47,82016.4
2025-11-21,DELTA_TRADES,CL778443,KOTAKBANK,SELL,186,627.14,116648.04
2025-11-21,OMEGA_BROKING,CL200091,TATAMOTORS,BUY,57,977.58,55722.06
2025-11-25,OMEGA_BROKING,CL798849,AXISBANK,SELL,98,1319.3,129291.4
2025-11-23,ALPHA_SEC,CL270513,HDFC,SELL,66,2049.77,135284.82
2025-11-21,BETA_INVEST,CL660961,ICICIBANK,SELL,48,922.62,44285.76
2025-11-21,ALPHA_SEC,CL611545,LT,SELL,136,530.64,72167.04
2025-11-24,ALPHA_SEC,CL125232,ITC,SELL,217,361.75,78499.75
2025-11-21,ALPHA_SEC,CL944321,ITC,BUY,32,1988.59,63634.88
2025-11-24,DELTA_TRADES,CL427017,INFY,SELL,251,1696.48,425816.48
2025-11-20,ALPHA_SEC,CL334079,ITC,SELL,118,2074.59,244801.62
2025-11-22,ALPHA_SEC,CL893503,HDFC,SELL,73,2154.31,157264.63
2025-11-24,DELTA_TRADES,CL061947,TATAMOTORS,BUY,164,871.23,142881.72
2025-11-20,OMEGA_BROKING,CL792882,KOTAKBANK,BUY,208,1846.9,384155.2
2025-11-20,ALPHA_SEC,CL894359,SBIN,SELL,162,1856.71,300787.02
2025-11-22,BETA_INVEST,CL764936,SBIN,BUY,109,779.02,84913.18
2025-11-25,ALPHA_SEC,CL327334,SBIN,SELL,77,793.91,61131.07
2025-11-22,DELTA_TRADES,CL113003,TATAMOTORS,BUY,290,1347.46,390763.4
2025-11-25,OMEGA_BROKING,CL570960,TATAMOTORS,SELL,181,1409.16,255057.96
2025-11-25,DELTA_TRADES,CL918659,KOTAKBANK,SELL,237,2484.64,588859.68
2025-11-23,ALPHA_SEC,CL944324,ITC,SELL,145,2187.75,317223.75
2025-11-22,BETA_INVEST,CL895382,AXISBANK,SELL,214,893.56,191221.84
2025-11-24,BETA_INVEST,CL079807,KOTAKBANK,SELL,69,616.12,42512.28
2025-11-23,ALPHA_SEC,CL601542,ITC,SELL,7,155.43,1088.01
2025-11-20,ALPHA_SEC,CL046205,HDFC,BUY,234,732.29,171355.86
2025-11-20,DELTA_TRADES,CL633438,SBIN,BUY,184,396.66,72985.44
2025-11-21,DELTA_TRADES,CL727635,LT,BUY,200,260.37,52074.0
2025-11-24,OMEGA_BROKING,CL102271,LT,BUY,142,418.75,59462.5
2025-11-23,ALPHA_SEC,CL779366,KOTAKBANK,SELL,242,2231.4,539998.8
2025-11-23,DELTA_TRADES,CL775574,TATAMOTORS,BUY,262,131.75,34518.5
2025-11-24,DELTA_TRADES,CL385574,INFY,BUY,30,1426.88,42806.4
2025-11-21,BETA_INVEST,CL373133,HDFC,SELL,264,670.85,177104.4
2025-11-25,DELTA_TRADES,CL365763,KOTAKBANK,SELL,272,613.17,166782.24
2025-11-24,DELTA_TRADES,CL035286,AXISBANK,SELL,178,2499.74,444953.72
2025-11-24,BETA_INVEST,CL872961,HDFC,SELL,78,255.71,19945.38
2025-11-25,OMEGA_BROKING,CL789792,AXISBANK,BUY,183,481.07,88035.81
2025-11-24,ALPHA_SEC,CL769620,LT,BUY,218,2455.55,535309.9
2025-11-22,OMEGA_BROKING,CL029281,INFY,SELL,147,1236.31,181737.57
2025-11-22,ALPHA_SEC,CL710209,AXISBANK,SELL,251,1052.05,264064.55
2025-11-26,DELTA_TRADES,CL153188,INFY,BUY,163,1528.29,249111.27
2025-11-21,BETA_INVEST,CL288849,LT,BUY,278,2165.49,602006.22
2025-11-24,OMEGA_BROKING,CL250197,ICICIBANK,SELL,119,2297.78,273435.82
2025-11-20,DELTA_TRADES,CL007619,RELIANCE,SELL,244,2350.94,573629.36
2025-11-25,BETA_INVEST,CL896777,AXISBANK,BUY,91,231.54,21070.14
2025-11-25,ALPHA_SEC,CL118179,ICICIBANK,SELL,246,950.9,233921.4
2025-11-24,OMEGA_BROKING,CL660233,LT,BUY,264,478.36,126287.04
2025-11-20,DELTA_TRADES,CL030667,AXISBANK,BUY,79,2445.93,193228.47
2025-11-20,OMEGA_BROKING,CL181401,AXISBANK,SELL,41,1034.44,42412.04
2025-11-23,OMEGA_BROKING,CL081490,RELIANCE,BUY,237,696.41,165049.17
2025-11-21,DELTA_TRADES,CL996984,HDFC,SELL,32,1146.31,36681.92
2025-11-26,OMEGA_BROKING,CL369620,LT,BUY,180,404.65,72837.0
2025-11-20,OMEGA_BROKING,CL539699,SBIN,SELL,31,1314.08,40736.48
2025-11-20,OMEGA_BROKING,CL860302,RELIANCE,SELL,296,454.33,134481.68
2025-11-21,BETA_INVEST,CL973542,SBIN,BUY,49,1996.56,97831.44
2025-11-23,BETA_INVEST,CL712689,KOTAKBANK,SELL,24,1132.07,27169.68
2025-11-23,OMEGA_BROKING,CL461087,ITC,BUY,111,224.48,24917.28
2025-11-20,ALPHA_SEC,CL348246,LT,SELL,2,567.2,1134.4
2025-11-21,ALPHA_SEC,CL001757,RELIANCE,BUY,276,1335.63,368633.88
2025-11-20,OMEGA_BROKING,CL555731,INFY,BUY,286,884.0,252824.0
2025-11-25,ALPHA_SEC,CL480211,RELIANCE,BUY,202,1674.01,338150.02
2025-11-25,ALPHA_SEC,CL530603,HDFC,BUY,241,1015.08,244634.28
2025-11-20,ALPHA_SEC,CL052005,INFY,BUY,19,1452.63,27599.97
2025-11-23,BETA_INVEST,CL363929,INFY,BUY,89,1888.3,168058.7
2025-11-22,BETA_INVEST,CL226501,HDFC,SELL,169,1993.09,336832.21
2025-11-25,ALPHA_SEC,CL925973,SBIN,BUY,86,633.54,54484.44
2025-11-26,OMEGA_BROKING,CL126274,RELIANCE,SELL,186,438.41,81544.26
2025-11-22,DELTA_TRADES,CL506437,AXISBANK,SELL,79,1713.79,135389.41
2025-11-24,OMEGA_BROKING,CL230327,KOTAKBANK,BUY,156,1049.79,163767.24
2025-11-23,DELTA_TRADES,CL653704,KOTAKBANK,SELL,259,2066.46,535213.14
2025-11-23,ALPHA_SEC,CL420333,LT,BUY,171,1666.26,284930.46
2025-11-25,BETA_INVEST,CL826823,SBIN,BUY,175,362.3,63402.5
2025-11-23,ALPHA_SEC,CL186125,TATAMOTORS,BUY,298,2028.59,604519.82
2025-11-20,BETA_INVEST,CL079806,ITC,BUY,118,261.51,30858.18
2025-11-20,OMEGA_BROKING,CL036909,AXISBANK,SELL,274,737.72,202135.28
2025-11-22,OMEGA_BROKING,CL963958,LT,BUY,23,1502.05,34547.15
2025-11-25,BETA_INVEST,CL453772,ITC,BUY,28,192.21,5381.88
2025-11-21,BETA_INVEST,CL094149,ITC,BUY,11,368.15,4049.65
2025-11-22,BETA_INVEST,CL684555,ICICIBANK,BUY,221,1835.3,405601.3
2025-11-26,DELTA_TRADES,CL258146,INFY,BUY,256,2008.73,514234.88
2025-11-21,BETA_INVEST,CL758317,INFY,SELL,67,1070.28,71708.76
2025-11-23,DELTA_TRADES,CL238950,TATAMOTORS,SELL,179,2095.72,375133.88
2025-11-23,DELTA_TRADES,CL796927,ITC,BUY,75,1846.39,138479.25
2025-11-24,DELTA_TRADES,CL328687,ICICIBANK,BUY,297,1603.97,476379.09
2025-11-22,ALPHA_SEC,CL334128,INFY,SELL,8,683.56,5468.48
2025-11-24,ALPHA_SEC,CL552580,ICICIBANK,BUY,145,990.14,143570.3
2025-11-20,OMEGA_BROKING,CL167417,SBIN,SELL,144,1433.39,206408.16
2025-11-22,BETA_INVEST,CL982428,ICICIBANK,BUY,54,1567.65,84653.1
2025-11-22,BETA_INVEST,CL136964,RELIANCE,SELL,192,2485.18,477154.56
2025-11-25,DELTA_TRADES,CL039407,ITC,SELL,243,185.98,45193.14
2025-11-20,ALPHA_SEC,CL604610,RELIANCE,BUY,170,1176.66,200032.2
2025-11-20,DELTA_TRADES,CL711062,AXISBANK,SELL,223,1354.62,302080.26
2025-11-23,OMEGA_BROKING,CL518308,AXISBANK,SELL,38,595.42,22625.96
2025-11-23,DELTA_TRADES,CL008233,KOTAKBANK,SELL,25,2133.97,53349.25
2025-11-23,DELTA_TRADES,CL766705,LT,BUY,68,817.42,55584.56
2025-11-23,BETA_INVEST,CL640455,INFY,SELL,42,470.77,19772.34
2025-11-23,ALPHA_SEC,CL278977,RELIANCE,SELL,149,142.13,21177.37
2025-11-23,DELTA_TRADES,CL679676,INFY,SELL,292,2245.47,655677.24
2025-11-23,ALPHA_SEC,CL679572,ICICIBANK,SELL,30,237.41,7122.3
2025-11-21,OMEGA_BROKING,CL651494,SBIN,SELL,184,580.87,106880.08
2025-11-26,OMEGA_BROKING,CL436281,SBIN,BUY,218,1235.8,269404.4
2025-11-26,ALPHA_SEC,CL918262,KOTAKBANK,SELL,1,2045.76,2045.76
2025-11-20,DELTA_TRADES,CL154756,TATAMOTORS,SELL,15,609.16,9137.4
2025-11-20,ALPHA_SEC,CL121122,INFY,SELL,11,1803.25,19835.75
2025-11-22,BETA_INVEST,CL668952,KOTAKBANK,BUY,104,1332.57,138587.28
2025-11-20,OMEGA_BROKING,CL472830,ITC,SELL,1,671.48,671.48
2025-11-23,DELTA_TRADES,CL756397,HDFC,BUY,114,622.18,70928.52
2025-11-21,DELTA_TRADES,CL292457,RELIANCE,BUY,274,544.34,149149.16
2025-11-26,BETA_INVEST,CL318253,HDFC,SELL,176,1387.64,244224.64
2025-11-23,BETA_INVEST,CL626224,SBIN,SELL,156,1746.72,272488.32
2025-11-24,DELTA_TRADES,CL477448,TATAMOTORS,SELL,142,1595.74,226595.08
2025-11-23,OMEGA_BROKING,CL455285,SBIN,SELL,35,1128.22,39487.7
2025-11-26,DELTA_TRADES,CL994783,ICICIBANK,SELL,24,159.02,3816.48
2025-11-20,OMEGA_BROKING,CL361304,RELIANCE,SELL,112,1951.23,218537.76
2025-11-23,OMEGA_BROKING,CL910875,ITC,SELL,109,606.29,66085.61
2025-11-23,OMEGA_BROKING,CL884111,ICICIBANK,SELL,298,1752.83,522343.34
2025-11-20,BETA_INVEST,CL726543,AXISBANK,BUY,6,536.62,3219.72
2025-11-24,BETA_INVEST,CL904327,SBIN,BUY,45,2219.1,99859.5
2025-11-22,OMEGA_BROKING,CL744940,ITC,BUY,191,1964.49,375217.59
2025-11-22,ALPHA_SEC,CL415201,LT,BUY,251,1692.45,424804.95
2025-11-21,BETA_INVEST,CL151410,AXISBANK,BUY,32,452.49,14479.68
2025-11-22,DELTA_TRADES,CL763885,ICICIBANK,BUY,188,878.05,165073.4
2025-11-22,DELTA_TRADES,CL397357,HDFC,BUY,269,1483.54,399072.26
2025-11-23,DELTA_TRADES,CL881501,ITC,BUY,66,296.99,19601.34
2025-11-23,OMEGA_BROKING,CL755860,ITC,SELL,87,2444.37,212660.19
2025-11-22,ALPHA_SEC,CL509769,INFY,SELL,41,920.97,37759.77
2025-11-22,ALPHA_SEC,CL989406,RELIANCE,SELL,53,818.3,43369.9
2025-11-25,DELTA_TRADES,CL188869,HDFC,BUY,233,1793.83,417962.39
2025-11-26,ALPHA_SEC,CL060817,AXISBANK,SELL,127,169.41,21515.07
2025-11-20,DELTA_TRADES,CL260253,KOTAKBANK,BUY,271,1839.84,498596.64
2025-11-23,OMEGA_BROKING,CL816733,SBIN,SELL,63,624.42,39338.46
2025-11-20,DELTA_TRADES,CL568663,AXISBANK,SELL,54,1676.28,90519.12
2025-11-22,DELTA_TRADES,CL644376,KOTAKBANK,BUY,138,1129.1,155815.8
2025-11-26,ALPHA_SEC,CL393615,INFY,BUY,23,1301.9,29943.7
2025-11-25,BETA_INVEST,CL289411,INFY,BUY,101,1875.23,189398.23
2025-11-24,DELTA_TRADES,CL393790,ICICIBANK,BUY,14,1951.93,27327.02
2025-11-23,BETA_INVEST,CL516382,ICICIBANK,SELL,17,1019.77,17336.09
2025-11-25,ALPHA_SEC,CL580552,TATAMOTORS,BUY,195,465.47,90766.65
2025-11-25,BETA_INVEST,CL206628,SBIN,BUY,159,853.76,135747.84
2025-11-25,OMEGA_BROKING,CL159165,AXISBANK,BUY,55,408.62,22474.1
2025-11-26,DELTA_TRADES,CL541450,KOTAKBANK,BUY,148,522.74,77365.52
2025-11-26,DELTA_TRADES,CL731074,RELIANCE,BUY,246,2446.99,601959.54
2025-11-21,ALPHA_SEC,CL791382,KOTAKBANK,SELL,54,1656.36,89443.44
2025-11-20,DELTA_TRADES,CL210431,HDFC,SELL,120,241.23,28947.6
2025-11-24,ALPHA_SEC,CL420934,KOTAKBANK,BUY,92,1767.54,162613.68
2025-11-20,ALPHA_SEC,CL813479,TATAMOTORS,BUY,297,2496.69,741516.93
2025-11-23,ALPHA_SEC,CL344214,KOTAKBANK,BUY,266,443.03,117845.98
2025-11-21,ALPHA_SEC,CL966131,KOTAKBANK,SELL,93,1100.56,102352.08
2025-11-25,DELTA_TRADES,CL419077,SBIN,BUY,80,1984.17,158733.6
2025-11-22,ALPHA_SEC,CL000097,RELIANCE,BUY,179,1530.18,273902.22
2025-11-24,ALPHA_SEC,CL024653,SBIN,BUY,36,692.35,24924.6
2025-11-24,OMEGA_BROKING,CL752844,HDFC,SELL,4,571.96,2287.84
2025-11-22,DELTA_TRADES,CL873503,KOTAKBANK,SELL,249,2267.57,564624.93
2025-11-21,BETA_INVEST,CL775204,LT,BUY,213,282.11,60089.43
2025-11-25,DELTA_TRADES,CL088095,KOTAKBANK,SELL,87,654.58,56948.46
2025-11-24,DELTA_TRADES,CL409618,LT,SELL,247,766.5,189325.5
2025-11-24,OMEGA_BROKING,CL363934,ICICIBANK,BUY,62,841.84,52194.08
2025-11-20,BETA_INVEST,CL241519,AXISBANK,SELL,79,2218.98,175299.42
2025-11-23,ALPHA_SEC,CL696557,ICICIBANK,SELL,77,1638.48,126162.96
2025-11-25,DELTA_TRADES,CL398532,TATAMOTORS,SELL,117,2481.62,290349.54
2025-11-25,DELTA_TRADES,CL297590,AXISBANK,SELL,120,2340.6,280872.0
2025-11-23,OMEGA_BROKING,CL130556,AXISBANK,SELL,135,283.14,38223.9
2025-11-26,OMEGA_BROKING,CL922530,ITC,BUY,56,1701.82,95301.92
2025-11-25,OMEGA_BROKING,CL107726,RELIANCE,BUY,92,2367.95,217851.4
2025-11-26,ALPHA_SEC,CL079067,TATAMOTORS,SELL,99,1178.2,116641.8
2025-11-22,BETA_INVEST,CL027491,ICICIBANK,SELL,102,1007.67,102782.34
2025-11-23,DELTA_TRADES,CL934160,AXISBANK,SELL,18,1849.16,33284.88
2025-11-23,BETA_INVEST,CL283253,LT,BUY,39,1603.11,62521.29
2025-11-22,OMEGA_BROKING,CL712504,RELIANCE,SELL,106,500.32,53033.92
2025-11-23,OMEGA_BROKING,CL466464,SBIN,BUY,154,1440.85,221890.9
2025-11-25,BETA_INVEST,CL568398,AXISBANK,SELL,96,2349.34,225536.64
2025-11-22,OMEGA_BROKING,CL934632,LT,SELL,56,559.18,31314.08
2025-11-22,OMEGA_BROKING,CL927813,KOTAKBANK,SELL,88,483.1,42512.8
2025-11-22,ALPHA_SEC,CL113658,ICICIBANK,SELL,239,2168.15,518187.85
2025-11-22,DELTA_TRADES,CL714424,LT,SELL,220,1643.71,361616.2
2025-11-22,DELTA_TRADES,CL738353,AXISBANK,SELL,96,2435.24,233783.04
2025-11-22,BETA_INVEST,CL796345,TATAMOTORS,BUY,112,1654.97,185356.64
2025-11-20,ALPHA_SEC,CL399843,INFY,SELL,245,1835.54,449707.3
2025-11-25,OMEGA_BROKING,CL387304,TATAMOTORS,SELL,174,1163.37,202426.38
2025-11-25,ALPHA_SEC,CL483823,ITC,SELL,35,1962.79,68697.65
2025-11-21,OMEGA_BROKING,CL452122,SBIN,SELL,260,635.08,165120.8
2025-11-21,BETA_INVEST,CL938277,ITC,SELL,200,1803.85,360770.0
2025-11-20,DELTA_TRADES,CL651471,AXISBANK,BUY,210,2228.59,468003.9
2025-11-24,BETA_INVEST,CL967275,AXISBANK,BUY,192,2367.4,454540.8
2025-11-21,ALPHA_SEC,CL214864,KOTAKBANK,SELL,39,2056.62,80208.18
2025-11-22,ALPHA_SEC,CL496266,RELIANCE,SELL,17,2274.84,38672.28
2025-11-23,ALPHA_SEC,CL554904,SBIN,SELL,152,1037.96,157769.92
2025-11-26,ALPHA_SEC,CL949886,INFY,SELL,229,408.24,93486.96
2025-11-20,OMEGA_BROKING,CL892140,TATAMOTORS,BUY,42,1601.21,67250.82
2025-11-25,BETA_INVEST,CL434661,TATAMOTORS,BUY,81,488.02,39529.62
2025-11-23,ALPHA_SEC,CL292972,AXISBANK,SELL,292,1548.57,452182.44
2025-11-24,OMEGA_BROKING,CL483260,LT,BUY,144,1133.08,163163.52
2025-11-26,OMEGA_BROKING,CL662686,HDFC,SELL,15,2366.52,35497.8
2025-11-20,DELTA_TRADES,CL173337,RELIANCE,SELL,182,1613.26,293613.32
2025-11-22,OMEGA_BROKING,CL326591,HDFC,SELL,16,2120.85,33933.6
2025-11-22,DELTA_TRADES,CL539506,LT,SELL,17,1721.97,29273.49
2025-11-21,ALPHA_SEC,CL186971,KOTAKBANK,SELL,117,476.77,55782.09
2025-11-21,ALPHA_SEC,CL623653,INFY,SELL,262,318.94,83562.28
2025-11-22,BETA_INVEST,CL120938,LT,SELL,281,255.17,71702.77
2025-11-25,DELTA_TRADES,CL574431,AXISBANK,SELL,55,2064.08,113524.4
2025-11-25,DELTA_TRADES,CL117860,ITC,SELL,264,184.92,48818.88
2025-11-21,DELTA_TRADES,CL525984,AXISBANK,SELL,17,246.05,4182.85
2025-11-22,DELTA_TRADES,CL498928,TATAMOTORS,BUY,169,1230.0,207870.0
2025-11-23,OMEGA_BROKING,CL816799,INFY,BUY,47,2045.94,96159.18
2025-11-21,OMEGA_BROKING,CL028092,ITC,SELL,233,1268.39,295534.87
2025-11-23,ALPHA_SEC,CL790684,TATAMOTORS,SELL,126,1292.56,162862.56
2025-11-21,BETA_INVEST,CL052468,AXISBANK,BUY,268,436.0,116848.0
2025-11-26,ALPHA_SEC,CL971901,LT,BUY,291,256.33,74592.03
2025-11-26,ALPHA_SEC,CL777446,TATAMOTORS,SELL,146,2452.28,358032.88
2025-11-26,ALPHA_SEC,CL578344,INFY,BUY,122,1737.19,211937.18
2025-11-21,BETA_INVEST,CL476509,KOTAKBANK,BUY,27,2211.94,59722.38
2025-11-26,ALPHA_SEC,CL759817,HDFC,SELL,144,1627.23,234321.12
2025-11-22,DELTA_TRADES,CL748014,INFY,BUY,227,1918.23,435438.21
2025-11-23,BETA_INVEST,CL214839,AXISBANK,SELL,235,2081.45,489140.75
2025-11-26,BETA_INVEST,CL311312,LT,SELL,220,1149.42,252872.4
2025-11-20,BETA_INVEST,CL672897,AXISBANK,BUY,247,635.2,156894.4
2025-11-25,BETA_INVEST,CL182534,ITC,SELL,56,1928.31,107985.36
2025-11-25,BETA_INVEST,CL851551,ICICIBANK,SELL,208,2273.4,472867.2
2025-11-22,DELTA_TRADES,CL971729,KOTAKBANK,SELL,285,676.81,192890.85
2025-11-25,ALPHA_SEC,CL913637,AXISBANK,SELL,208,1893.97,393945.76
2025-11-21,ALPHA_SEC,CL753913,AXISBANK,BUY,285,2497.85,711887.25
2025-11-21,DELTA_TRADES,CL522489,SBIN,SELL,165,701.53,115752.45
2025-11-21,ALPHA_SEC,CL799243,SBIN,SELL,109,1571.18,171258.62
2025-11-26,DELTA_TRADES,CL992963,RELIANCE,BUY,27,1505.72,40654.44
2025-11-26,ALPHA_SEC,CL579498,ITC,SELL,150,1992.93,298939.5
2025-11-22,BETA_INVEST,CL843577,LT,BUY,19,622.39,11825.41
2025-11-25,ALPHA_SEC,CL403004,ICICIBANK,BUY,156,1779.78,277645.68
2025-11-21,ALPHA_SEC,CL796774,SBIN,SELL,39,852.43,33244.77
2025-11-23,BETA_INVEST,CL664739,HDFC,SELL,33,989.31,32647.23
2025-11-25,DELTA_TRADES,CL958002,RELIANCE,BUY,25,1653.72,41343.0
2025-11-26,ALPHA_SEC,CL766129,SBIN,SELL,239,1870.9,447145.1
2025-11-23,DELTA_TRADES,CL960633,AXISBANK,BUY,181,138.47,25063.07
2025-11-20,ALPHA_SEC,CL197154,SBIN,SELL,179,2261.9,404880.1
2025-11-23,OMEGA_BROKING,CL570740,RELIANCE,SELL,271,233.77,63351.67
2025-11-21,BETA_INVEST,CL753162,HDFC,SELL,16,184.45,2951.2
2025-11-23,DELTA_TRADES,CL578857,HDFC,BUY,260,693.03,180187.8
2025-11-21,ALPHA_SEC,CL311518,TATAMOTORS,BUY,255,199.37,50839.35
2025-11-23,ALPHA_SEC,CL422149,HDFC,BUY,119,2378.15,282999.85
2025-11-26,BETA_INVEST,CL148722,LT,BUY,79,1977.5,156222.5
2025-11-21,DELTA_TRADES,CL135495,SBIN,SELL,212,594.46,126025.52
2025-11-25,OMEGA_BROKING,CL868527,SBIN,BUY,254,2443.0,620522.0
2025-11-20,DELTA_TRADES,CL672114,RELIANCE,BUY,247,887.51,219214.97
2025-11-25,BETA_INVEST,CL944105,SBIN,BUY,46,1255.03,57731.38
2025-11-23,ALPHA_SEC,CL304062,RELIANCE,SELL,63,1133.63,71418.69
2025-11-22,BETA_INVEST,CL051288,ITC,SELL,50,2276.85,113842.5
2025-11-20,ALPHA_SEC,CL785335,INFY,BUY,20,1231.28,24625.6
2025-11-24,DELTA_TRADES,CL684073,INFY,BUY,189,2146.24,405639.36
2025-11-24,ALPHA_SEC,CL839600,INFY,SELL,6,193.47,1160.82
2025-11-24,ALPHA_SEC,CL516629,KOTAKBANK,SELL,181,682.32,123499.92
2025-11-20,BETA_INVEST,CL735551,TATAMOTORS,SELL,119,1684.47,200451.93
2025-11-20,ALPHA_SEC,CL716466,ICICIBANK,SELL,254,2147.28,545409.12
2025-11-25,DELTA_TRADES,CL521104,INFY,SELL,34,1692.18,57534.12
2025-11-23,ALPHA_SEC,CL301824,HDFC,BUY,112,1527.84,171118.08
2025-11-21,ALPHA_SEC,CL504813,TATAMOTORS,BUY,180,1534.26,276166.8
2025-11-24,OMEGA_BROKING,CL038266,LT,SELL,30,994.12,29823.6
2025-11-25,BETA_INVEST,CL746951,INFY,BUY,14,2423.83,33933.62
2025-11-25,DELTA_TRADES,CL534572,LT,SELL,63,1723.97,108610.11
2025-11-21,DELTA_TRADES,CL600870,KOTAKBANK,BUY,48,924.86,44393.28
2025-11-20,BETA_INVEST,CL663364,LT,BUY,175,542.38,94916.5
2025-11-24,BETA_INVEST,CL637361,SBIN,SELL,231,681.49,157424.19
2025-11-22,ALPHA_SEC,CL309385,ICICIBANK,SELL,237,2079.2,492770.4
2025-11-21,DELTA_TRADES,CL877519,ICICIBANK,BUY,24,1315.19,31564.56
2025-11-26,ALPHA_SEC,CL429888,ITC,SELL,214,2079.71,445057.94
2025-11-21,BETA_INVEST,CL372611,ICICIBANK,BUY,170,450.54,76591.8
2025-11-25,ALPHA_SEC,CL900861,SBIN,SELL,76,1311.71,99689.96
2025-11-21,BETA_INVEST,CL047089,ITC,SELL,187,2177.9,407267.3
2025-11-24,OMEGA_BROKING,CL465290,ICICIBANK,BUY,59,1283.08,75701.72
2025-11-26,DELTA_TRADES,CL458618,TATAMOTORS,BUY,170,1008.53,171450.1
2025-11-21,OMEGA_BROKING,CL098470,AXISBANK,SELL,189,604.09,114173.01
2025-11-22,BETA_INVEST,CL279022,ICICIBANK,SELL,202,1683.89,340145.78
2025-11-24,OMEGA_BROKING,CL596967,AXISBANK,BUY,213,519.96,110751.48
2025-11-26,BETA_INVEST,CL495412,KOTAKBANK,BUY,166,1931.53,320633.98
2025-11-26,ALPHA_SEC,CL981670,KOTAKBANK,BUY,216,2407.28,519972.48
2025-11-25,ALPHA_SEC,CL211841,SBIN,BUY,65,812.36,52803.4
2025-11-21,BETA_INVEST,CL435430,HDFC,BUY,251,1743.51,437621.01
2025-11-22,BETA_INVEST,CL226501,HDFC,SELL,169,1993.09,336832.21
2025-11-23,ALPHA_SEC,CL157099,SBIN,SELL,100,2458.41,245841.0
2025-11-21,DELTA_TRADES,CL295347,HDFC,BUY,256,968.57,247953.92
2025-11-20,DELTA_TRADES,CL639091,HDFC,SELL,83,150.74,12511.42
2025-11-23,ALPHA_SEC,CL873495,HDFC,SELL,204,291.26,59417.04
2025-11-21,BETA_INVEST,CL616871,SBIN,SELL,74,1414.6,104680.4
2025-11-25,OMEGA_BROKING,CL525287,ICICIBANK,SELL,91,2298.4,209154.4
2025-11-24,OMEGA_BROKING,CL152770,RELIANCE,SELL,250,2341.48,585370.0
2025-11-25,OMEGA_BROKING,CL226240,AXISBANK,BUY,112,2251.76,252197.12
2025-11-25,DELTA_TRADES,CL634286,KOTAKBANK,BUY,68,258.22,17558.96
2025-11-21,OMEGA_BROKING,CL534008,LT,SELL,226,1266.47,286222.22
2025-11-25,OMEGA_BROKING,CL602720,INFY,BUY,212,223.46,47373.52
2025-11-20,ALPHA_SEC,CL908316,AXISBANK,SELL,34,2490.31,84670.54
2025-11-21,DELTA_TRADES,CL176200,INFY,BUY,276,1378.3,380410.8
2025-11-20,DELTA_TRADES,CL374826,SBIN,SELL,187,589.65,110264.55
2025-11-22,DELTA_TRADES,CL077856,ICICIBANK,SELL,36,1194.15,42989.4
2025-11-22,ALPHA_SEC,CL406221,ITC,SELL,49,2296.08,112507.92
2025-11-21,BETA_INVEST,CL366934,INFY,BUY,279,1237.68,345312.72
2025-11-20,OMEGA_BROKING,CL156249,HDFC,SELL,51,2101.81,107192.31
2025-11-21,ALPHA_SEC,CL001757,RELIANCE,BUY,276,1335.63,368633.88
2025-11-26,OMEGA_BROKING,CL067065,KOTAKBANK,BUY,115,1298.64,149343.6
2025-11-23,BETA_INVEST,CL307484,KOTAKBANK,BUY,68,238.42,16212.56
2025-11-21,ALPHA_SEC,CL814359,SBIN,BUY,286,892.4,255226.4
2025-11-25,OMEGA_BROKING,CL561592,RELIANCE,BUY,228,660.82,150666.96
2025-11-21,OMEGA_BROKING,CL157068,AXISBANK,BUY,245,420.61,103049.45
2025-11-21,BETA_INVEST,CL681963,ICICIBANK,BUY,197,141.39,27853.83
2025-11-21,DELTA_TRADES,CL335711,AXISBANK,BUY,230,751.92,172941.6
2025-11-23,BETA_INVEST,CL581708,LT,SELL,299,228.47,68312.53
2025-11-21,ALPHA_SEC,CL279325,ICICIBANK,BUY,18,993.89,17890.02
2025-11-21,BETA_INVEST,CL660961,ICICIBANK,SELL,44,922.62,40595.28
2025-11-25,BETA_INVEST,CL985027,ICICIBANK,BUY,250,1916.29,479072.5
2025-11-26,ALPHA_SEC,CL012075,SBIN,BUY,265,592.24,156943.6
2025-11-23,BETA_INVEST,CL481356,SBIN,BUY,209,662.46,138454.14
2025-11-21,ALPHA_SEC,CL053492,INFY,BUY,167,943.84,157621.28
2025-11-21,ALPHA_SEC,CL627706,INFY,SELL,281,1843.16,517927.96
2025-11-20,BETA_INVEST,CL433480,SBIN,SELL,174,2445.24,425471.76
2025-11-24,ALPHA_SEC,CL562696,ITC,BUY,103,187.7,19333.1
2025-11-24,DELTA_TRADES,CL920877,ICICIBANK,SELL,174,1358.73,236419.02
2025-11-23,DELTA_TRADES,CL286055,LT,BUY,246,1261.2,310255.2
2025-11-21,DELTA_TRADES,CL120995,KOTAKBANK,SELL,103,2161.5,222634.5
2025-11-23,BETA_INVEST,CL502462,AXISBANK,SELL,276,2000.85,552234.6
2025-11-21,ALPHA_SEC,CL512627,AXISBANK,SELL,299,321.72,96194.28
2025-11-25,ALPHA_SEC,CL933243,KOTAKBANK,SELL,130,1157.02,150412.6
2025-11-24,BETA_INVEST,CL076992,LT,BUY,30,331.66,9949.8
2025-11-20,DELTA_TRADES,CL629976,LT,SELL,88,716.31,63035.28
2025-11-21,DELTA_TRADES,CL346100,AXISBANK,SELL,62,1088.15,67465.3
2025-11-20,DELTA_TRADES,CL834762,TATAMOTORS,SELL,115,882.85,101527.75
2025-11-20,DELTA_TRADES,CL627180,RELIANCE,SELL,182,1604.1,291946.2
2025-11-25,BETA_INVEST,CL205754,KOTAKBANK,SELL,231,1306.12,301713.72
2025-11-22,DELTA_TRADES,CL971729,KOTAKBANK,SELL,280,676.81,189506.8
2025-11-24,ALPHA_SEC,CL941454,SBIN,SELL,93,2138.91,198918.63
2025-11-25,DELTA_TRADES,CL552558,LT,BUY,120,1160.64,139276.8
2025-11-20,BETA_INVEST,CL205954,INFY,SELL,148,1394.48,206383.04
2025-11-23,OMEGA_BROKING,CL508621,AXISBANK,BUY,238,817.79,194634.02
2025-11-25,OMEGA_BROKING,CL038678,SBIN,SELL,68,435.3,29600.4
2025-11-21,DELTA_TRADES,CL611162,TATAMOTORS,SELL,299,1614.88,482849.12
2025-11-23,BETA_INVEST,CL177891,TATAMOTORS,SELL,257,392.47,100864.79
2025-11-22,OMEGA_BROKING,CL387876,ICICIBANK,BUY,233,1556.64,362697.12
2025-11-20,OMEGA_BROKING,CL562646,TATAMOTORS,BUY,113,231.53,26162.89
2025-11-25,OMEGA_BROKING,CL534113,ICICIBANK,SELL,179,1749.09,313087.11
2025-11-26,BETA_INVEST,CL265330,KOTAKBANK,SELL,141,1204.7,169862.7
2025-11-24,OMEGA_BROKING,CL263133,HDFC,SELL,52,1041.92,54179.84
2025-11-23,BETA_INVEST,CL953288,RELIANCE,SELL,77,1208.6,93062.2
2025-11-24,ALPHA_SEC,CL492140,TATAMOTORS,BUY,68,1853.03,126006.04
2025-11-26,OMEGA_BROKING,CL443195,AXISBANK,SELL,244,2123.18,518055.92
2025-11-25,OMEGA_BROKING,CL215308,TATAMOTORS,BUY,245,323.48,79252.6
2025-11-25,OMEGA_BROKING,CL794204,INFY,SELL,166,1984.34,329400.44
2025-11-26,ALPHA_SEC,CL900766,TATAMOTORS,BUY,156,186.58,29106.48
2025-11-24,BETA_INVEST,CL235318,TATAMOTORS,BUY,144,444.17,63960.48
2025-11-22,DELTA_TRADES,CL753094,SBIN,BUY,267,2267.45,605409.15
2025-11-26,OMEGA_BROKING,CL746124,TATAMOTORS,SELL,189,1254.97,237189.33
2025-11-26,DELTA_TRADES,CL943966,INFY,BUY,35,958.47,33546.45
2025-11-20,BETA_INVEST,CL125382,RELIANCE,SELL,205,636.59,130500.95
2025-11-23,OMEGA_BROKING,CL262213,SBIN,SELL,167,2182.94,364550.98
2025-11-23,ALPHA_SEC,CL207679,INFY,BUY,49,950.9,46594.1
2025-11-25,OMEGA_BROKING,CL556649,LT,BUY,0,227.16,0.0
2025-11-24,OMEGA_BROKING,CL387515,KOTAKBANK,BUY,208,128.92,26815.36
2025-11-21,DELTA_TRADES,CL968153,AXISBANK,BUY,93,2325.7,216290.1
2025-11-23,BETA_INVEST,CL278387,AXISBANK,BUY,297,372.3,110573.1
2025-11-22,BETA_INVEST,CL742076,SBIN,SELL,195,2023.91,394662.45
2025-11-26,BETA_INVEST,CL466040,KOTAKBANK,BUY,245,1379.41,337955.45
2025-11-25,ALPHA_SEC,CL772462,KOTAKBANK,BUY,36,426.97,15370.92
2025-11-24,DELTA_TRADES,CL633000,KOTAKBANK,BUY,240,2090.68,501763.2
2025-11-22,OMEGA_BROKING,CL143536,RELIANCE,SELL,222,479.81,106517.82
2025-11-22,ALPHA_SEC,CL656718,INFY,BUY,191,1477.59,282219.69
2025-11-21,BETA_INVEST,CL704680,KOTAKBANK,SELL,83,972.07,80681.81
2025-11-20,ALPHA_SEC,CL139089,KOTAKBANK,BUY,153,2100.1,321315.3
2025-11-24,ALPHA_SEC,CL344107,SBIN,SELL,126,1766.84,222621.84
2025-11-22,BETA_INVEST,CL017346,HDFC,SELL,9,697.74,6279.66
2025-11-20,ALPHA_SEC,CL586757,LT,SELL,28,1285.91,36005.48
2025-11-24,BETA_INVEST,CL401223,TATAMOTORS,SELL,10,995.3,9953.0
2025-11-26,ALPHA_SEC,CL145741,INFY,BUY,218,1183.46,257994.28
2025-11-21,DELTA_TRADES,CL830215,SBIN,SELL,267,1610.13,429904.71
2025-11-23,DELTA_TRADES,CL139251,INFY,BUY,82,2263.31,185591.42
2025-11-22,BETA_INVEST,CL019661,LT,BUY,39,1180.36,46034.04
2025-11-21,BETA_INVEST,CL360948,HDFC,BUY,288,2254.57,649316.16
2025-11-23,OMEGA_BROKING,CL038578,AXISBANK,SELL,14,564.16,7898.24
2025-11-26,OMEGA_BROKING,CL444537,LT,BUY,298,446.54,133068.92
2025-11-23,BETA_INVEST,CL401668,HDFC,BUY,80,1494.04,119523.2
2025-11-23,ALPHA_SEC,CL212296,RELIANCE,SELL,185,1587.31,293652.35
2025-11-24,BETA_INVEST,CL145029,TATAMOTORS,BUY,32,249.43,7981.76
2025-11-21,BETA_INVEST,CL223900,RELIANCE,SELL,262,1476.15,386751.3
2025-11-23,ALPHA_SEC,CL695416,ICICIBANK,BUY,225,459.88,103473.0
2025-11-20,BETA_INVEST,CL988925,ICICIBANK,BUY,24,627.6,15062.4
2025-11-26,ALPHA_SEC,CL895929,RELIANCE,BUY,7,781.09,5467.63
2025-11-22,BETA_INVEST,CL438722,TATAMOTORS,BUY,233,148.84,34679.72
2025-11-23,OMEGA_BROKING,CL214702,RELIANCE,SELL,255,307.75,78476.25
2025-11-21,DELTA_TRADES,CL608327,ICICIBANK,BUY,135,2343.46,316367.1
2025-11-25,DELTA_TRADES,CL736262,RELIANCE,BUY,218,2419.46,527442.28
2025-11-22,DELTA_TRADES,CL106628,SBIN,BUY,105,612.19,64279.95
2025-11-22,OMEGA_BROKING,CL568450,ICICIBANK,BUY,91,860.43,78299.13
2025-11-22,OMEGA_BROKING,CL934217,ITC,BUY,82,2142.88,175716.16
2025-11-22,DELTA_TRADES,CL713102,KOTAKBANK,SELL,240,258.56,62054.4
2025-11-21,BETA_INVEST,CL860686,ICICIBANK,BUY,252,1575.81,397104.12
2025-11-25,DELTA_TRADES,CL576906,ICICIBANK,BUY,220,1291.16,284055.2
2025-11-24,ALPHA_SEC,CL057559,HDFC,SELL,147,831.08,122168.76
2025-11-23,OMEGA_BROKING,CL979699,HDFC,BUY,55,582.37,32030.35
2025-11-23,BETA_INVEST,CL681691,HDFC,SELL,266,583.03,155085.98
2025-11-22,DELTA_TRADES,CL995133,AXISBANK,BUY,93,923.82,85915.26
2025-11-24,DELTA_TRADES,CL152265,RELIANCE,BUY,12,573.25,6879.0
2025-11-24,ALPHA_SEC,CL913526,LT,BUY,71,352.38,25018.98
2025-11-25,OMEGA_BROKING,CL457494,LT,BUY,17,2379.6,40453.2
2025-11-26,BETA_INVEST,CL348895,AXISBANK,SELL,197,1389.93,273816.21
2025-11-26,BETA_INVEST,CL615091,TATAMOTORS,BUY,81,1652.56,133857.36
2025-11-26,ALPHA_SEC,CL825036,AXISBANK,SELL,9,815.78,7342.02
2025-11-20,ALPHA_SEC,CL385094,INFY,SELL,55,204.99,11274.45
2025-11-21,ALPHA_SEC,CL824216,ICICIBANK,SELL,19,704.5,13385.5
2025-11-24,ALPHA_SEC,CL538232,ICICIBANK,SELL,265,2309.51,612020.15
2025-11-23,OMEGA_BROKING,CL743467,TATAMOTORS,SELL,214,1300.66,278341.24
2025-11-20,ALPHA_SEC,CL586757,LT,SELL,30,1285.91,38577.3
2025-11-21,ALPHA_SEC,CL451511,ITC,BUY,97,2059.39,199760.83
2025-11-26,BETA_INVEST,CL897973,TATAMOTORS,BUY,123,990.54,121836.42
2025-11-21,ALPHA_SEC,CL823155,TATAMOTORS,BUY,45,1259.41,56673.45
2025-11-22,ALPHA_SEC,CL107015,KOTAKBANK,SELL,237,1186.49,281198.13
2025-11-23,ALPHA_SEC,CL001539,LT,SELL,211,1179.16,248802.76
2025-11-25,DELTA_TRADES,CL473939,RELIANCE,BUY,24,1020.83,24499.92
2025-11-23,ALPHA_SEC,CL207679,INFY,BUY,48,950.9,45643.2
2025-11-26,DELTA_TRADES,CL442345,ICICIBANK,BUY,156,1900.02,296403.12
2025-11-23,DELTA_TRADES,CL696790,AXISBANK,BUY,96,2312.04,221955.84
2025-11-24,DELTA_TRADES,CL777160,INFY,BUY,33,1644.42,54265.86
2025-11-20,ALPHA_SEC,CL952641,RELIANCE,BUY,28,1760.0,49280.0
2025-11-26,ALPHA_SEC,CL176249,RELIANCE,SELL,48,1777.75,85332.0
2025-11-21,ALPHA_SEC,CL515528,AXISBANK,BUY,274,1031.14,282532.36
2025-11-20,BETA_INVEST,CL241018,SBIN,BUY,125,1708.84,213605.0
2025-11-21,ALPHA_SEC,CL815653,ITC,SELL,99,2154.76,213321.24
2025-11-23,DELTA_TRADES,CL821721,LT,BUY,244,2098.16,511951.04
2025-11-22,OMEGA_BROKING,CL121386,RELIANCE,BUY,295,1921.75,566916.25
2025-11-22,OMEGA_BROKING,CL728214,KOTAKBANK,SELL,253,611.61,154737.33
2025-11-21,DELTA_TRADES,CL053854,ICICIBANK,SELL,267,1110.53,296511.51
2025-11-25,OMEGA_BROKING,CL920172,TATAMOTORS,SELL,129,2308.77,297831.33
2025-11-22,BETA_INVEST,CL672461,SBIN,SELL,10,2190.37,21903.7
2025-11-24,ALPHA_SEC,CL389556,LT,SELL,78,1966.27,153369.06
2025-11-26,DELTA_TRADES,CL058136,SBIN,SELL,196,187.69,36787.24
2025-11-21,ALPHA_SEC,CL907975,ITC,BUY,156,846.02,131979.12
2025-11-24,DELTA_TRADES,CL211565,HDFC,SELL,289,395.6,114328.4
2025-11-20,OMEGA_BROKING,CL205309,ICICIBANK,BUY,275,2458.51,676090.25
2025-11-24,ALPHA_SEC,CL825110,TATAMOTORS,SELL,136,341.89,46497.04
2025-11-26,OMEGA_BROKING,CL463683,TATAMOTORS,SELL,284,862.73,245015.32
2025-11-22,ALPHA_SEC,CL745672,LT,BUY,300,437.51,131253.0
2025-11-25,OMEGA_BROKING,CL539686,SBIN,BUY,16,2472.03,39552.48
2025-11-24,DELTA_TRADES,CL544382,INFY,SELL,37,1154.31,42709.47
2025-11-21,ALPHA_SEC,CL101750,KOTAKBANK,BUY,209,766.16,160127.44
2025-11-26,DELTA_TRADES,CL053234,ICICIBANK,SELL,222,2211.01,490844.22
2025-11-21,ALPHA_SEC,CL994092,ICICIBANK,SELL,224,1847.53,413846.72
2025-11-24,BETA_INVEST,CL545637,AXISBANK,SELL,73,332.43,24267.39
2025-11-20,ALPHA_SEC,CL552136,RELIANCE,SELL,207,246.56,51037.92
2025-11-21,ALPHA_SEC,CL118999,TATAMOTORS,BUY,272,315.09,85704.48
2025-11-24,DELTA_TRADES,CL088810,KOTAKBANK,BUY,19,2056.68,39076.92
2025-11-22,ALPHA_SEC,CL194207,LT,BUY,233,722.88,168431.04
2025-11-21,DELTA_TRADES,CL741812,AXISBANK,SELL,230,1795.11,412875.3
2025-11-24,DELTA_TRADES,CL817083,ITC,SELL,37,2448.63,90599.31
2025-11-25,ALPHA_SEC,CL712595,ITC,SELL,95,1286.36,122204.2
2025-11-23,ALPHA_SEC,CL771147,INFY,SELL,107,615.59,65868.13
2025-11-20,BETA_INVEST,CL668499,KOTAKBANK,BUY,261,1482.61,386961.21
2025-11-21,DELTA_TRADES,CL035743,ITC,SELL,285,2260.95,644370.75
2025-11-20,BETA_INVEST,CL727839,KOTAKBANK,BUY,218,592.75,129219.5
2025-11-20,OMEGA_BROKING,CL146343,TATAMOTORS,SELL,128,719.59,92107.52
2025-11-23,OMEGA_BROKING,CL526257,INFY,SELL,291,445.27,129573.57
2025-11-22,DELTA_TRADES,CL779003,INFY,SELL,103,1011.1,104143.3
2025-11-25,ALPHA_SEC,CL027765,LT,BUY,25,1519.63,37990.75
2025-11-24,ALPHA_SEC,CL700039,LT,BUY,298,838.49,249870.02
2025-11-26,BETA_INVEST,CL543606,KOTAKBANK,SELL,174,2263.14,393786.36
2025-11-21,DELTA_TRADES,CL212838,RELIANCE,BUY,141,2442.68,344417.88
2025-11-20,ALPHA_SEC,CL936077,RELIANCE,BUY,230,122.26,28119.8
2025-11-20,BETA_INVEST,CL725268,AXISBANK,SELL,193,1017.73,196421.89
2025-11-20,BETA_INVEST,CL678128,INFY,BUY,204,1202.16,245240.64
2025-11-25,BETA_INVEST,CL587446,KOTAKBANK,SELL,123,2289.75,281639.25
2025-11-25,ALPHA_SEC,CL965358,ITC,SELL,24,124.56,2989.44
2025-11-22,ALPHA_SEC,CL351093,SBIN,SELL,170,603.34,102567.8
2025-11-23,OMEGA_BROKING,CL570740,RELIANCE,SELL,271,233.77,63351.67
2025-11-23,DELTA_TRADES,CL641537,ICICIBANK,SELL,290,1940.36,562704.4
2025-11-21,ALPHA_SEC,CL696338,HDFC,SELL,68,901.32,61289.76
2025-11-20,BETA_INVEST,CL123055,KOTAKBANK,SELL,167,1430.23,238848.41
2025-11-20,OMEGA_BROKING,CL299185,TATAMOTORS,BUY,274,189.91,52035.34
2025-11-26,OMEGA_BROKING,CL742250,AXISBANK,SELL,190,1932.67,367207.3
2025-11-26,DELTA_TRADES,CL860258,HDFC,SELL,9,857.37,7716.33
2025-11-20,ALPHA_SEC,CL732400,LT,BUY,199,1592.89,316985.11
2025-11-21,ALPHA_SEC,CL507908,ITC,BUY,51,1626.11,82931.61
2025-11-21,OMEGA_BROKING,CL534008,LT,SELL,226,1266.47,286222.22
2025-11-25,OMEGA_BROKING,CL412230,ITC,SELL,87,1608.68,139955.16
2025-11-24,ALPHA_SEC,CL807365,INFY,BUY,290,1503.44,435997.6
2025-11-24,ALPHA_SEC,CL501300,LT,SELL,38,409.76,15570.88
2025-11-24,DELTA_TRADES,CL190905,ICICIBANK,BUY,97,231.79,22483.63
2025-11-21,ALPHA_SEC,CL424262,AXISBANK,SELL,255,888.97,226687.35
2025-11-24,DELTA_TRADES,CL274913,INFY,SELL,27,524.13,14151.51
2025-11-20,ALPHA_SEC,CL688220,HDFC,BUY,245,124.51,30504.95
2025-11-22,OMEGA_BROKING,CL852960,INFY,BUY,116,728.26,84478.16
2025-11-20,BETA_INVEST,CL671983,ICICIBANK,BUY,160,1250.88,200140.8
2025-11-23,DELTA_TRADES,CL577935,INFY,BUY,138,2312.69,319151.22
2025-11-20,DELTA_TRADES,CL684328,LT,SELL,107,1770.21,189412.47
2025-11-21,BETA_INVEST,CL080762,INFY,BUY,234,301.12,70462.08
2025-11-22,ALPHA_SEC,CL721934,ITC,SELL,266,1636.63,435343.58
2025-11-25,DELTA_TRADES,CL901260,AXISBANK,BUY,170,1174.48,199661.6
2025-11-22,OMEGA_BROKING,CL450284,AXISBANK,SELL,196,1526.24,299143.04
2025-11-21,OMEGA_BROKING,CL254149,AXISBANK,SELL,34,722.19,24554.46
2025-11-23,ALPHA_SEC,CL202882,LT,SELL,204,411.19,83882.76
2025-11-24,ALPHA_SEC,CL953782,TATAMOTORS,BUY,151,1838.88,277670.88
2025-11-24,ALPHA_SEC,CL627393,TATAMOTORS,BUY,63,1991.35,125455.05
2025-11-20,DELTA_TRADES,CL501290,KOTAKBANK,BUY,63,1340.66,84461.58
2025-11-21,BETA_INVEST,CL939067,ITC,SELL,99,777.98,77020.02
2025-11-26,DELTA_TRADES,CL413751,INFY,SELL,63,1683.03,106030.89
2025-11-22,OMEGA_BROKING,CL550400,KOTAKBANK,SELL,140,930.54,130275.6
2025-11-23,BETA_INVEST,CL132441,KOTAKBANK,BUY,9,940.97,8468.73
2025-11-20,DELTA_TRADES,CL647491,KOTAKBANK,BUY,277,2165.22,599765.94
2025-11-23,OMEGA_BROKING,CL470873,ICICIBANK,BUY,68,489.93,33315.24
2025-11-24,OMEGA_BROKING,CL994031,SBIN,BUY,163,1712.28,279101.64
2025-11-23,ALPHA_SEC,CL147008,INFY,SELL,203,122.48,24863.44
2025-11-22,ALPHA_SEC,CL317184,AXISBANK,SELL,247,1583.19,391047.93
2025-11-20,DELTA_TRADES,CL269275,AXISBANK,SELL,157,1548.61,243131.77
2025-11-25,OMEGA_BROKING,CL459601,ITC,BUY,79,472.18,37302.22
2025-11-26,BETA_INVEST,CL312767,SBIN,SELL,195,2140.65,417426.75
2025-11-20,ALPHA_SEC,CL282003,KOTAKBANK,SELL,127,498.69,63333.63
2025-11-26,OMEGA_BROKING,CL743159,RELIANCE,BUY,291,992.15,288715.65
2025-11-25,DELTA_TRADES,CL103463,AXISBANK,BUY,225,1989.79,447702.75
2025-11-26,BETA_INVEST,CL084776,INFY,SELL,139,610.11,84805.29
2025-11-23,OMEGA_BROKING,CL371345,RELIANCE,SELL,294,2156.17,633913.98
2025-11-21,BETA_INVEST,CL691964,KOTAKBANK,SELL,135,228.47,30843.45
2025-11-25,ALPHA_SEC,CL327334,SBIN,SELL,77,793.91,61131.07
2025-11-26,BETA_INVEST,CL793880,INFY,SELL,75,2379.57,178467.75
2025-11-21,DELTA_TRADES,CL848812,HDFC,SELL,294,2467.79,725530.26
2025-11-26,OMEGA_BROKING,CL378025,INFY,BUY,283,1268.36,358945.88
2025-11-24,ALPHA_SEC,CL409003,TATAMOTORS,SELL,174,722.42,125701.08
2025-11-26,BETA_INVEST,CL595270,TATAMOTORS,BUY,79,1133.69,89561.51
2025-11-20,ALPHA_SEC,CL184784,KOTAKBANK,SELL,74,2135.4,158019.6
2025-11-21,BETA_INVEST,CL467606,SBIN,SELL,6,1796.45,10778.7
2025-11-22,DELTA_TRADES,CL158139,ICICIBANK,SELL,37,805.49,29803.13
2025-11-26,ALPHA_SEC,CL279772,INFY,BUY,47,1537.93,72282.71
2025-11-21,OMEGA_BROKING,CL657500,TATAMOTORS,SELL,237,612.78,145228.86
2025-11-26,BETA_INVEST,CL721191,RELIANCE,SELL,212,815.92,172975.04
2025-11-26,DELTA_TRADES,CL251497,SBIN,BUY,201,605.8,121765.8
2025-11-23,BETA_INVEST,CL449152,TATAMOTORS,SELL,13,1023.84,13309.92
2025-11-26,OMEGA_BROKING,CL790403,HDFC,SELL,79,2389.45,188766.55
2025-11-26,DELTA_TRADES,CL535762,HDFC,SELL,269,1434.85,385974.65
2025-11-24,DELTA_TRADES,CL164674,ICICIBANK,SELL,174,1871.76,325686.24
2025-11-21,BETA_INVEST,CL921954,ICICIBANK,BUY,271,1303.53,353256.63
2025-11-21,ALPHA_SEC,CL092374,SBIN,SELL,162,2264.86,366907.32
2025-11-21,ALPHA_SEC,CL786404,AXISBANK,BUY,236,701.2,165483.2
2025-11-24,OMEGA_BROKING,CL478559,RELIANCE,BUY,281,1893.1,531961.1
2025-11-20,DELTA_TRADES,CL584713,SBIN,SELL,213,1571.61,334752.93
2025-11-20,ALPHA_SEC,CL722237,SBIN,BUY,211,2318.29,489159.19
2025-11-23,OMEGA_BROKING,CL524479,RELIANCE,SELL,289,1267.49,366304.61
2025-11-25,OMEGA_BROKING,CL355457,ICICIBANK,SELL,92,795.2,73158.4
2025-11-26,DELTA_TRADES,CL153188,INFY,BUY,167,1528.29,255224.43
2025-11-25,DELTA_TRADES,CL300937,HDFC,BUY,201,1774.98,356770.98
2025-11-25,OMEGA_BROKING,CL355457,ICICIBANK,SELL,92,795.2,73158.4
2025-11-23,OMEGA_BROKING,CL110212,ITC,BUY,291,1112.36,323696.76
2025-11-26,ALPHA_SEC,CL209983,SBIN,SELL,131,2340.01,306541.31
2025-11-21,ALPHA_SEC,CL558991,INFY,SELL,178,699.16,124450.48
2025-11-26,ALPHA_SEC,CL520515,RELIANCE,BUY,224,623.66,139699.84
2025-11-26,OMEGA_BROKING,CL183397,TATAMOTORS,BUY,187,1867.57,349235.59
2025-11-25,ALPHA_SEC,CL754333,INFY,SELL,99,2439.16,241476.84
2025-11-26,ALPHA_SEC,CL542568,LT,BUY,254,324.06,82311.24
2025-11-23,ALPHA_SEC,CL740964,LT,SELL,260,2231.81,580270.6
2025-11-25,OMEGA_BROKING,CL009203,ITC,SELL,77,807.11,62147.47
2025-11-21,ALPHA_SEC,CL279325,ICICIBANK,BUY,17,993.89,16896.13
2025-11-24,ALPHA_SEC,CL466250,INFY,BUY,123,1529.19,188090.37
2025-11-25,ALPHA_SEC,CL228085,TATAMOTORS,SELL,136,830.12,112896.32
2025-11-26,OMEGA_BROKING,CL695639,ITC,BUY,150,1417.13,212569.5
2025-11-25,DELTA_TRADES,CL440143,ITC,SELL,139,1506.78,209442.42
2025-11-21,OMEGA_BROKING,CL571695,ITC,BUY,183,1269.46,232311.18
2025-11-22,DELTA_TRADES,CL233308,SBIN,SELL,228,643.04,146613.12
2025-11-20,OMEGA_BROKING,CL370690,ICICIBANK,SELL,301,513.39,154530.39
2025-11-26,ALPHA_SEC,CL748180,ITC,SELL,86,1084.93,93303.98
2025-11-24,ALPHA_SEC,CL881948,SBIN,BUY,12,2143.88,25726.56
2025-11-21,BETA_INVEST,CL339028,SBIN,SELL,48,264.93,12716.64
2025-11-21,OMEGA_BROKING,CL436457,KOTAKBANK,BUY,111,1556.72,172795.92
2025-11-21,DELTA_TRADES,CL094556,ICICIBANK,BUY,292,120.24,35110.08
2025-11-21,DELTA_TRADES,CL319368,TATAMOTORS,BUY,101,1356.18,136974.18
2025-11-21,DELTA_TRADES,CL474272,RELIANCE,BUY,24,1276.64,30639.36
2025-11-23,BETA_INVEST,CL081238,AXISBANK,SELL,171,1268.47,216908.37
2025-11-24,DELTA_TRADES,CL729065,KOTAKBANK,BUY,234,1258.57,294505.38
2025-11-22,OMEGA_BROKING,CL440536,ITC,BUY,267,1335.86,356674.62
2025-11-23,BETA_INVEST,CL088243,ITC,BUY,208,2317.93,482129.44
2025-11-21,OMEGA_BROKING,CL924494,KOTAKBANK,SELL,184,1251.18,230217.12
2025-11-24,OMEGA_BROKING,CL230327,KOTAKBANK,BUY,156,1049.79,163767.24
2025-11-21,OMEGA_BROKING,CL242442,HDFC,BUY,5,1846.05,9230.25
2025-11-23,OMEGA_BROKING,CL811320,AXISBANK,SELL,185,1950.55,360851.75
2025-11-21,ALPHA_SEC,CL465137,RELIANCE,SELL,77,2173.35,167347.95
2025-11-24,OMEGA_BROKING,CL643545,TATAMOTORS,BUY,290,1374.11,398491.9
2025-11-23,BETA_INVEST,CL261467,AXISBANK,BUY,228,1432.78,326673.84
2025-11-22,ALPHA_SEC,CL514715,INFY,BUY,25,2171.08,54277.0
2025-11-21,OMEGA_BROKING,CL898025,KOTAKBANK,SELL,136,1335.68,181652.48
2025-11-25,ALPHA_SEC,CL414663,INFY,BUY,160,759.64,121542.4
2025-11-21,ALPHA_SEC,CL819518,KOTAKBANK,SELL,203,1885.85,382827.55
2025-11-21,DELTA_TRADES,CL660031,ICICIBANK,BUY,259,1282.12,332069.08
2025-11-24,OMEGA_BROKING,CL011722,AXISBANK,BUY,175,964.78,168836.5
2025-11-22,OMEGA_BROKING,CL676378,SBIN,BUY,235,1600.48,376112.8
2025-11-26,DELTA_TRADES,CL250888,HDFC,SELL,66,155.76,10280.16
2025-11-25,DELTA_TRADES,CL437181,ICICIBANK,SELL,52,2002.58,104134.16
2025-11-24,OMEGA_BROKING,CL752844,HDFC,SELL,4,571.96,2287.84
2025-11-25,BETA_INVEST,CL473945,ICICIBANK,BUY,78,2338.24,182382.72
2025-11-26,OMEGA_BROKING,CL701586,INFY,SELL,165,2184.27,360404.55
2025-11-23,OMEGA_BROKING,CL154830,SBIN,BUY,228,1475.91,336507.48
2025-11-26,DELTA_TRADES,CL851224,KOTAKBANK,BUY,210,2474.99,519747.9
2025-11-25,BETA_INVEST,CL392178,AXISBANK,SELL,283,2170.18,614160.94
2025-11-21,ALPHA_SEC,CL420430,ICICIBANK,SELL,15,1217.48,18262.2
2025-11-26,ALPHA_SEC,CL299673,HDFC,BUY,200,623.68,124736.0
2025-11-24,BETA_INVEST,CL452948,ICICIBANK,BUY,67,1159.12,77661.04
2025-11-25,DELTA_TRADES,CL760043,INFY,SELL,43,2037.65,87618.95
2025-11-25,OMEGA_BROKING,CL719459,RELIANCE,BUY,135,855.57,115501.95
2025-11-25,DELTA_TRADES,CL961844,ICICIBANK,SELL,153,1241.63,189969.39
2025-11-22,ALPHA_SEC,CL675490,KOTAKBANK,BUY,270,368.89,99600.3
2025-11-23,DELTA_TRADES,CL250049,LT,SELL,88,639.01,56232.88
2025-11-21,BETA_INVEST,CL638391,AXISBANK,BUY,67,2046.0,137082.0
2025-11-25,BETA_INVEST,CL673030,AXISBANK,SELL,193,1631.59,314896.87
2025-11-23,ALPHA_SEC,CL434555,INFY,BUY,193,1600.37,308871.41
2025-11-20,ALPHA_SEC,CL751366,AXISBANK,BUY,140,1605.72,224800.8
2025-11-26,DELTA_TRADES,CL518488,ICICIBANK,BUY,21,863.29,18129.09
2025-11-24,BETA_INVEST,CL724701,SBIN,BUY,210,323.28,67888.8
2025-11-20,BETA_INVEST,CL964491,TATAMOTORS,BUY,276,1376.45,379900.2
2025-11-26,ALPHA_SEC,CL766129,SBIN,SELL,234,1870.9,437790.6
2025-11-24,ALPHA_SEC,CL537387,SBIN,SELL,62,217.26,13470.12
2025-11-24,OMEGA_BROKING,CL801846,RELIANCE,BUY,13,1936.52,25174.76
2025-11-23,ALPHA_SEC,CL887945,INFY,BUY,28,2472.16,69220.48
2025-11-25,ALPHA_SEC,CL450568,LT,BUY,143,765.51,109467.93
2025-11-25,BETA_INVEST,CL834413,ITC,SELL,145,1669.33,242052.85
2025-11-23,OMEGA_BROKING,CL892285,TATAMOTORS,SELL,285,713.29,203287.65
2025-11-21,DELTA_TRADES,CL362138,RELIANCE,SELL,224,291.57,65311.68
2025-11-23,BETA_INVEST,CL922959,AXISBANK,SELL,145,344.99,50023.55
2025-11-23,ALPHA_SEC,CL949768,ITC,SELL,295,865.94,255452.3
2025-11-21,ALPHA_SEC,CL764805,KOTAKBANK,SELL,153,1124.59,172062.27
2025-11-20,DELTA_TRADES,CL564099,RELIANCE,SELL,300,2498.85,749655.0
2025-11-25,ALPHA_SEC,CL637501,LT,BUY,8,220.7,1765.6
2025-11-21,BETA_INVEST,CL187118,HDFC,BUY,243,861.65,209380.95
2025-11-26,OMEGA_BROKING,CL127095,HDFC,BUY,248,705.88,175058.24
2025-11-23,OMEGA_BROKING,CL510081,RELIANCE,SELL,8,2382.74,19061.92
2025-11-21,OMEGA_BROKING,CL226819,TATAMOTORS,BUY,4,1909.46,7637.84
2025-11-22,BETA_INVEST,CL953295,RELIANCE,SELL,66,2170.75,143269.5
2025-11-25,DELTA_TRADES,CL771569,ICICIBANK,BUY,223,260.73,58142.79
2025-11-23,OMEGA_BROKING,CL700729,HDFC,BUY,4,2267.01,9068.04
2025-11-24,ALPHA_SEC,CL486544,AXISBANK,SELL,86,1800.45,154838.7
2025-11-21,OMEGA_BROKING,CL686350,TATAMOTORS,BUY,162,865.9,140275.8
2025-11-22,ALPHA_SEC,CL510505,HDFC,BUY,255,798.6,203643.0
2025-11-22,OMEGA_BROKING,CL963958,LT,BUY,24,1502.05,36049.2
2025-11-25,OMEGA_BROKING,CL012598,SBIN,BUY,281,1718.65,482940.65
2025-11-23,DELTA_TRADES,CL087020,ITC,SELL,190,1883.94,357948.6
2025-11-25,OMEGA_BROKING,CL396408,AXISBANK,BUY,299,398.64,119193.36
2025-11-25,BETA_INVEST,CL419986,RELIANCE,SELL,260,193.28,50252.8
2025-11-22,BETA_INVEST,CL778047,ITC,SELL,270,1387.54,374635.8
2025-11-26,ALPHA_SEC,CL299673,HDFC,BUY,200,623.68,124736.0
2025-11-24,BETA_INVEST,CL038523,AXISBANK,SELL,62,2487.75,154240.5
2025-11-23,BETA_INVEST,CL156232,INFY,SELL,288,1516.13,436645.44
2025-11-21,BETA_INVEST,CL315379,INFY,SELL,121,2345.06,283752.26
2025-11-24,DELTA_TRADES,CL344073,ITC,SELL,246,2322.58,571354.68
2025-11-22,OMEGA_BROKING,CL480009,RELIANCE,SELL,144,1889.5,272088.0
2025-11-20,OMEGA_BROKING,CL687035,LT,BUY,212,129.95,27549.4
2025-11-20,ALPHA_SEC,CL738535,KOTAKBANK,SELL,2,128.45,256.9
2025-11-22,ALPHA_SEC,CL326250,RELIANCE,SELL,168,1675.47,281478.96
2025-11-23,DELTA_TRADES,CL604000,ITC,BUY,268,740.6,198480.8
2025-11-24,BETA_INVEST,CL311453,LT,BUY,213,1588.63,338378.19
2025-11-25,OMEGA_BROKING,CL792450,KOTAKBANK,BUY,231,926.92,214118.52
2025-11-23,OMEGA_BROKING,CL536962,SBIN,SELL,223,379.5,84628.5
2025-11-26,BETA_INVEST,CL895571,SBIN,BUY,170,1098.75,186787.5
2025-11-25,BETA_INVEST,CL869653,HDFC,SELL,56,2367.75,132594.0
2025-11-22,OMEGA_BROKING,CL769787,SBIN,BUY,6,717.63,4305.78
2025-11-25,ALPHA_SEC,CL149069,SBIN,SELL,115,1723.73,198228.95
2025-11-25,BETA_INVEST,CL500720,KOTAKBANK,SELL,0,1614.03,0.0
2025-11-24,OMEGA_BROKING,CL095607,HDFC,SELL,237,816.32,193467.84
2025-11-26,ALPHA_SEC,CL346416,LT,SELL,296,1040.98,308130.08
2025-11-21,DELTA_TRADES,CL120995,KOTAKBANK,SELL,104,2161.5,224796.0
2025-11-26,BETA_INVEST,CL075209,ICICIBANK,SELL,224,1367.16,306243.84
2025-11-21,BETA_INVEST,CL918085,HDFC,SELL,153,1666.75,255012.75
2025-11-25,BETA_INVEST,CL182534,ITC,SELL,59,1928.31,113770.29
2025-11-20,OMEGA_BROKING,CL399702,LT,SELL,18,439.03,7902.54
2025-11-23,DELTA_TRADES,CL478529,ITC,BUY,151,922.24,139258.24
2025-11-21,DELTA_TRADES,CL608327,ICICIBANK,BUY,136,2343.46,318710.56
2025-11-21,ALPHA_SEC,CL606692,INFY,BUY,289,1967.96,568740.44
2025-11-21,DELTA_TRADES,CL741812,AXISBANK,SELL,238,1795.11,427236.18
2025-11-26,ALPHA_SEC,CL350696,TATAMOTORS,SELL,72,2110.58,151961.76
2025-11-21,BETA_INVEST,CL747948,SBIN,BUY,254,2303.98,585210.92
2025-11-22,OMEGA_BROKING,CL376516,SBIN,BUY,264,1040.16,274602.24
2025-11-21,ALPHA_SEC,CL815653,ITC,SELL,101,2154.76,217630.76
2025-11-24,OMEGA_BROKING,CL689634,AXISBANK,SELL,238,1138.17,270884.46
2025-11-24,OMEGA_BROKING,CL095607,HDFC,SELL,235,816.32,191835.2
2025-11-22,DELTA_TRADES,CL411911,TATAMOTORS,BUY,288,424.77,122333.76
2025-11-24,ALPHA_SEC,CL773301,ICICIBANK,BUY,3,1931.69,5795.07
2025-11-21,BETA_INVEST,CL161751,LT,BUY,124,2031.8,251943.2
2025-11-20,OMEGA_BROKING,CL191942,INFY,SELL,133,2114.27,281197.91
2025-11-25,BETA_INVEST,CL759877,AXISBANK,BUY,156,1535.06,239469.36
2025-11-21,ALPHA_SEC,CL031833,RELIANCE,BUY,199,1473.13,293152.87
2025-11-20,DELTA_TRADES,CL209989,KOTAKBANK,BUY,37,2002.74,74101.38
2025-11-24,ALPHA_SEC,CL181490,INFY,SELL,218,1791.47,390540.46
2025-11-20,ALPHA_SEC,CL978751,AXISBANK,SELL,239,2459.16,587739.24
2025-11-23,OMEGA_BROKING,CL723943,AXISBANK,BUY,69,1672.37,115393.53
2025-11-22,DELTA_TRADES,CL720707,SBIN,BUY,259,908.59,235324.81
2025-11-24,ALPHA_SEC,CL622247,SBIN,BUY,294,2180.67,641116.98
2025-11-21,DELTA_TRADES,CL845532,AXISBANK,SELL,13,2040.28,26523.64
2025-11-26,ALPHA_SEC,CL988668,LT,SELL,268,2252.15,603576.2
2025-11-20,BETA_INVEST,CL135331,KOTAKBANK,BUY,62,1057.7,65577.4
2025-11-24,OMEGA_BROKING,CL532556,ITC,BUY,286,1443.76,412915.36
2025-11-25,ALPHA_SEC,CL450568,LT,BUY,133,765.51,101812.83
2025-11-25,OMEGA_BROKING,CL236939,TATAMOTORS,SELL,97,2433.42,236041.74
2025-11-20,DELTA_TRADES,CL077365,HDFC,BUY,230,739.77,170147.1
2025-11-22,ALPHA_SEC,CL548351,LT,SELL,108,1215.07,131227.56
2025-11-25,OMEGA_BROKING,CL955122,LT,SELL,178,1883.32,335230.96
2025-11-25,ALPHA_SEC,CL456367,ITC,SELL,230,156.89,36084.7
2025-11-24,ALPHA_SEC,CL992066,ICICIBANK,BUY,80,1317.8,105424.0
2025-11-21,OMEGA_BROKING,CL938585,LT,SELL,184,1898.14,349257.76
2025-11-25,DELTA_TRADES,CL484887,TATAMOTORS,SELL,256,158.75,40640.0
2025-11-22,DELTA_TRADES,CL145246,TATAMOTORS,BUY,11,148.14,1629.54
2025-11-20,OMEGA_BROKING,CL888711,KOTAKBANK,BUY,228,223.61,50983.08
2025-11-24,OMEGA_BROKING,CL877065,TATAMOTORS,BUY,34,668.09,22715.06
2025-11-22,DELTA_TRADES,CL911294,TATAMOTORS,BUY,265,156.26,41408.9
2025-11-24,BETA_INVEST,CL391879,AXISBANK,BUY,146,2039.61,297783.06
2025-11-22,OMEGA_BROKING,CL996969,RELIANCE,SELL,209,289.44,60492.96
2025-11-20,ALPHA_SEC,CL311562,LT,SELL,189,1967.45,371848.05
2025-11-23,BETA_INVEST,CL350203,SBIN,SELL,118,1075.81,126945.58
2025-11-24,ALPHA_SEC,CL387730,KOTAKBANK,BUY,194,844.77,163885.38
2025-11-20,DELTA_TRADES,CL038073,RELIANCE,BUY,63,1731.21,109066.23
2025-11-23,ALPHA_SEC,CL285498,TATAMOTORS,SELL,13,166.75,2167.75
2025-11-20,DELTA_TRADES,CL752177,ITC,SELL,257,581.63,149478.91
2025-11-22,ALPHA_SEC,CL843299,HDFC,BUY,293,866.69,253940.17
2025-11-25,DELTA_TRADES,CL260914,LT,SELL,117,1075.29,125808.93
2025-11-24,OMEGA_BROKING,CL700361,TATAMOTORS,SELL,2,131.27,262.54
2025-11-20,BETA_INVEST,CL583104,INFY,BUY,222,2025.98,449767.56
2025-11-25,ALPHA_SEC,CL662735,AXISBANK,BUY,13,1537.33,19985.29
2025-11-25,DELTA_TRADES,CL552900,KOTAKBANK,SELL,159,2430.75,386489.25
2025-11-26,DELTA_TRADES,CL531539,KOTAKBANK,SELL,87,296.09,25759.83
2025-11-25,BETA_INVEST,CL116712,LT,SELL,122,2419.62,295193.64
2025-11-24,DELTA_TRADES,CL149345,AXISBANK,BUY,203,1877.54,381140.62
2025-11-25,OMEGA_BROKING,CL812029,ICICIBANK,SELL,257,1444.12,371138.84
2025-11-26,BETA_INVEST,CL118493,HDFC,SELL,38,1778.14,67569.32
2025-11-26,DELTA_TRADES,CL874224,SBIN,BUY,176,810.03,142565.28
2025-11-24,DELTA_TRADES,CL048107,HDFC,BUY,250,672.03,168007.5
2025-11-26,ALPHA_SEC,CL322696,TATAMOTORS,SELL,241,1205.66,290564.06
2025-11-22,DELTA_TRADES,CL618849,RELIANCE,SELL,194,1983.93,384882.42
2025-11-23,BETA_INVEST,CL581708,LT,SELL,299,228.47,68312.53
2025-11-24,DELTA_TRADES,CL817083,ITC,SELL,37,2448.63,90599.31
2025-11-20,OMEGA_BROKING,CL882347,SBIN,BUY,237,1648.63,390725.31
2025-11-25,BETA_INVEST,CL065759,ITC,SELL,277,1238.29,343006.33
2025-11-25,DELTA_TRADES,CL723834,SBIN,BUY,98,1626.39,159386.22
2025-11-24,OMEGA_BROKING,CL250097,SBIN,BUY,250,2261.51,565377.5
2025-11-24,BETA_INVEST,CL245628,LT,SELL,272,1670.32,454327.04
2025-11-25,OMEGA_BROKING,CL919052,ICICIBANK,BUY,66,1806.89,119254.74
2025-11-21,BETA_INVEST,CL151014,SBIN,SELL,200,2009.13,401826.0
2025-11-24,ALPHA_SEC,CL233692,INFY,BUY,240,2366.78,568027.2
2025-11-26,DELTA_TRADES,CL396695,TATAMOTORS,BUY,269,2428.52,653271.88
2025-11-26,ALPHA_SEC,CL372668,KOTAKBANK,BUY,272,2212.15,601704.8
2025-11-24,OMEGA_BROKING,CL230327,KOTAKBANK,BUY,156,1049.79,163767.24
2025-11-24,DELTA_TRADES,CL417137,INFY,SELL,36,821.51,29574.36
2025-11-21,OMEGA_BROKING,CL689553,SBIN,SELL,173,1382.41,239156.93
2025-11-21,ALPHA_SEC,CL092374,SBIN,SELL,162,2264.86,366907.32
2025-11-24,OMEGA_BROKING,CL435901,TATAMOTORS,BUY,290,1348.44,391047.6
2025-11-26,BETA_INVEST,CL989539,ITC,SELL,55,249.51,13723.05
2025-11-21,ALPHA_SEC,CL092374,SBIN,SELL,166,2264.86,375966.76
2025-11-26,ALPHA_SEC,CL613670,INFY,SELL,66,1656.08,109301.28
2025-11-23,OMEGA_BROKING,CL130556,AXISBANK,SELL,135,283.14,38223.9
2025-11-23,DELTA_TRADES,CL549872,ITC,SELL,242,1319.53,319326.26
2025-11-22,ALPHA_SEC,CL509769,INFY,SELL,40,920.97,36838.8
2025-11-24,OMEGA_BROKING,CL230406,SBIN,BUY,257,1624.97,417617.29
2025-11-25,BETA_INVEST,CL959192,ICICIBANK,SELL,138,1673.52,230945.76
2025-11-23,OMEGA_BROKING,CL331042,SBIN,BUY,66,509.8,33646.8
2025-11-26,ALPHA_SEC,CL603676,TATAMOTORS,BUY,6,681.91,4091.46
2025-11-21,OMEGA_BROKING,CL259933,ICICIBANK,SELL,279,1430.72,399170.88
2025-11-21,OMEGA_BROKING,CL157068,AXISBANK,BUY,240,420.61,100946.4
2025-11-20,ALPHA_SEC,CL681064,RELIANCE,BUY,262,1290.22,338037.64
2025-11-26,OMEGA_BROKING,CL780263,HDFC,BUY,38,2075.87,78883.06
2025-11-24,DELTA_TRADES,CL379100,SBIN,BUY,38,661.0,25118.0
2025-11-20,OMEGA_BROKING,CL888711,KOTAKBANK,BUY,223,223.61,49865.03
2025-11-25,DELTA_TRADES,CL829970,ICICIBANK,BUY,283,2305.88,652564.04
2025-11-20,OMEGA_BROKING,CL426807,LT,SELL,269,2200.7,591988.3
2025-11-20,ALPHA_SEC,CL248740,LT,BUY,217,2282.61,495326.37
2025-11-20,ALPHA_SEC,CL337523,INFY,BUY,103,1948.55,200700.65
2025-11-26,OMEGA_BROKING,CL139606,LT,BUY,102,457.78,46693.56
2025-11-25,DELTA_TRADES,CL766397,HDFC,SELL,270,1791.66,483748.2
2025-11-22,ALPHA_SEC,CL096640,AXISBANK,SELL,239,1775.13,424256.07
2025-11-26,BETA_INVEST,CL812705,KOTAKBANK,SELL,27,2136.9,57696.3
2025-11-20,OMEGA_BROKING,CL696128,INFY,SELL,223,1348.49,300713.27
2025-11-20,DELTA_TRADES,CL261756,KOTAKBANK,BUY,174,480.46,83600.04
2025-11-21,OMEGA_BROKING,CL128019,KOTAKBANK,BUY,54,867.98,46870.92
2025-11-25,ALPHA_SEC,CL384348,RELIANCE,SELL,291,2295.67,668039.97
2025-11-21,BETA_INVEST,CL153144,KOTAKBANK,SELL,273,1261.65,344430.45
2025-11-22,DELTA_TRADES,CL881694,ITC,SELL,296,728.69,215692.24
2025-11-23,BETA_INVEST,CL963643,SBIN,SELL,271,772.42,209325.82
2025-11-23,OMEGA_BROKING,CL570740,RELIANCE,SELL,271,233.77,63351.67
2025-11-20,ALPHA_SEC,CL967894,AXISBANK,SELL,192,1893.6,363571.2
2025-11-20,DELTA_TRADES,CL154756,TATAMOTORS,SELL,14,609.16,8528.24
2025-11-20,ALPHA_SEC,CL946475,SBIN,BUY,189,1828.21,345531.69
2025-11-20,ALPHA_SEC,CL639269,ITC,SELL,15,2037.34,30560.1
2025-11-23,BETA_INVEST,CL698767,ITC,SELL,28,564.14,15795.92
2025-11-23,OMEGA_BROKING,CL590606,LT,SELL,294,307.38,90369.72
2025-11-24,BETA_INVEST,CL337726,INFY,BUY,143,453.95,64914.85
2025-11-25,DELTA_TRADES,CL844325,HDFC,BUY,45,1379.8,62091.0
2025-11-26,ALPHA_SEC,CL964279,SBIN,SELL,206,1487.22,306367.32
2025-11-24,OMEGA_BROKING,CL442027,HDFC,SELL,272,1591.6,432915.2
2025-11-22,DELTA_TRADES,CL472066,AXISBANK,SELL,208,1525.91,317389.28
2025-11-24,ALPHA_SEC,CL278333,SBIN,BUY,255,2152.13,548793.15
2025-11-25,ALPHA_SEC,CL907426,HDFC,SELL,91,183.23,16673.93
2025-11-22,BETA_INVEST,CL649574,SBIN,SELL,273,2388.79,652139.67
2025-11-21,OMEGA_BROKING,CL341439,AXISBANK,BUY,145,1163.78,168748.1
2025-11-26,ALPHA_SEC,CL418106,AXISBANK,BUY,9,1350.79,12157.11
2025-11-22,OMEGA_BROKING,CL559477,KOTAKBANK,SELL,211,619.64,130744.04
2025-11-26,ALPHA_SEC,CL126756,INFY,SELL,177,165.74,29335.98
2025-11-25,ALPHA_SEC,CL153087,AXISBANK,SELL,143,1291.43,184674.49
2025-11-25,BETA_INVEST,CL589466,ITC,SELL,170,1268.88,215709.6
2025-11-24,ALPHA_SEC,CL986096,TATAMOTORS,BUY,297,1014.2,301217.4
2025-11-20,ALPHA_SEC,CL840094,INFY,SELL,136,2210.1,300573.6
2025-11-23,DELTA_TRADES,CL818312,SBIN,BUY,142,2249.25,319393.5
2025-11-20,OMEGA_BROKING,CL316037,ITC,BUY,43,1302.14,55992.02
2025-11-26,BETA_INVEST,CL244928,ITC,BUY,174,460.38,80106.12
2025-11-25,ALPHA_SEC,CL125539,HDFC,BUY,127,944.93,120006.11
2025-11-25,DELTA_TRADES,CL102553,ICICIBANK,BUY,223,1642.05,366177.15
2025-11-24,OMEGA_BROKING,CL877065,TATAMOTORS,BUY,34,668.09,22715.06
2025-11-22,OMEGA_BROKING,CL139296,INFY,BUY,153,1702.34,260458.02
2025-11-20,OMEGA_BROKING,CL475643,AXISBANK,SELL,252,872.75,219933.0
2025-11-25,ALPHA_SEC,CL127413,SBIN,SELL,8,1894.46,15155.68
2025-11-25,BETA_INVEST,CL037807,KOTAKBANK,SELL,8,2162.12,17296.96
2025-11-24,DELTA_TRADES,CL264498,HDFC,BUY,11,1504.53,16549.83
2025-11-20,BETA_INVEST,CL445827,TATAMOTORS,BUY,6,122.71,736.26
2025-11-25,ALPHA_SEC,CL776798,ITC,BUY,261,776.16,202577.76
2025-11-22,DELTA_TRADES,CL370442,TATAMOTORS,BUY,196,241.96,47424.16
2025-11-23,BETA_INVEST,CL043637,TATAMOTORS,SELL,121,1353.37,163757.77
2025-11-22,OMEGA_BROKING,CL751113,AXISBANK,BUY,94,1772.27,166593.38
2025-11-23,BETA_INVEST,CL987310,INFY,BUY,241,1533.92,369674.72
2025-11-20,DELTA_TRADES,CL429580,SBIN,BUY,164,492.69,80801.16
2025-11-24,OMEGA_BROKING,CL344109,HDFC,BUY,18,183.8,3308.4
2025-11-24,OMEGA_BROKING,CL305287,AXISBANK,SELL,145,933.51,135358.95
2025-11-22,BETA_INVEST,CL956644,RELIANCE,SELL,161,292.71,47126.31
2025-11-25,ALPHA_SEC,CL000121,RELIANCE,SELL,228,1242.73,283342.44
2025-11-21,BETA_INVEST,CL690384,ITC,BUY,230,988.75,227412.5
2025-11-20,ALPHA_SEC,CL170870,INFY,SELL,45,2086.07,93873.15
2025-11-23,OMEGA_BROKING,CL183671,HDFC,SELL,245,1861.31,456020.95
2025-11-26,OMEGA_BROKING,CL533352,SBIN,BUY,186,848.96,157906.56
2025-11-25,BETA_INVEST,CL206628,SBIN,BUY,159,853.76,135747.84
2025-11-24,BETA_INVEST,CL406898,ICICIBANK,BUY,286,1093.71,312801.06
2025-11-21,ALPHA_SEC,CL076344,RELIANCE,BUY,196,1190.58,233353.68
2025-11-20,OMEGA_BROKING,CL823286,ICICIBANK,BUY,177,629.55,111430.35
2025-11-25,ALPHA_SEC,CL188595,ITC,BUY,27,592.11,15986.97
2025-11-23,DELTA_TRADES,CL092254,HDFC,SELL,98,2452.49,240344.02
2025-11-22,BETA_INVEST,CL511516,HDFC,BUY,218,702.83,153216.94
2025-11-25,ALPHA_SEC,CL972343,LT,SELL,12,235.46,2825.52
2025-11-25,ALPHA_SEC,CL511086,KOTAKBANK,BUY,24,177.75,4266.0
2025-11-23,OMEGA_BROKING,CL249055,TATAMOTORS,BUY,90,2154.65,193918.5
2025-11-24,OMEGA_BROKING,CL130122,KOTAKBANK,BUY,69,146.16,10085.04
2025-11-23,BETA_INVEST,CL350665,ITC,SELL,205,434.53,89078.65
2025-11-22,BETA_INVEST,CL950462,ICICIBANK,BUY,119,220.55,26245.45
2025-11-21,ALPHA_SEC,CL653042,HDFC,BUY,194,1657.89,321630.66
2025-11-26,DELTA_TRADES,CL061799,LT,BUY,84,1851.4,155517.6
2025-11-21,BETA_INVEST,CL606816,TATAMOTORS,BUY,286,381.27,109043.22
2025-11-25,DELTA_TRADES,CL844325,HDFC,BUY,45,1379.8,62091.0
2025-11-25,ALPHA_SEC,CL602423,AXISBANK,BUY,201,141.46,28433.46
2025-11-26,ALPHA_SEC,CL124915,AXISBANK,BUY,249,855.8,213094.2
2025-11-26,OMEGA_BROKING,CL674056,KOTAKBANK,SELL,138,808.38,111556.44
2025-11-26,BETA_INVEST,CL956565,TATAMOTORS,BUY,85,2332.29,198244.65
2025-11-26,OMEGA_BROKING,CL589264,KOTAKBANK,SELL,104,2118.75,220350.0
2025-11-20,OMEGA_BROKING,CL543172,INFY,SELL,160,350.42,56067.2
2025-11-22,OMEGA_BROKING,CL728214,KOTAKBANK,SELL,255,611.61,155960.55
2025-11-24,BETA_INVEST,CL101073,ICICIBANK,BUY,21,815.26,17120.46
2025-11-21,BETA_INVEST,CL288719,INFY,BUY,160,848.94,135830.4
2025-11-22,ALPHA_SEC,CL652799,KOTAKBANK,BUY,202,558.63,112843.26
2025-11-23,OMEGA_BROKING,CL653626,SBIN,BUY,251,269.01,67521.51
2025-11-26,ALPHA_SEC,CL858683,TATAMOTORS,SELL,13,1955.78,25425.14
2025-11-26,DELTA_TRADES,CL538952,ITC,SELL,211,1460.27,308116.97
2025-11-25,DELTA_TRADES,CL151650,KOTAKBANK,SELL,59,1868.48,110240.32
2025-11-21,ALPHA_SEC,CL316015,ICICIBANK,BUY,280,804.43,225240.4
2025-11-23,ALPHA_SEC,CL202882,LT,SELL,206,411.19,84705.14
2025-11-26,ALPHA_SEC,CL970535,KOTAKBANK,BUY,148,758.03,112188.44
2025-11-20,DELTA_TRADES,CL624399,SBIN,BUY,299,921.28,275462.72
2025-11-24,BETA_INVEST,CL362987,ICICIBANK,BUY,169,126.97,21457.93
2025-11-22,BETA_INVEST,CL487133,TATAMOTORS,BUY,26,834.92,21707.92
2025-11-26,OMEGA_BROKING,CL227146,LT,SELL,264,1394.03,368023.92
2025-11-21,OMEGA_BROKING,CL363179,INFY,BUY,28,450.85,12623.8
2025-11-20,OMEGA_BROKING,CL950033,TATAMOTORS,BUY,66,2048.88,135226.08
2025-11-20,ALPHA_SEC,CL784911,AXISBANK,BUY,270,1974.26,533050.2
2025-11-22,ALPHA_SEC,CL370200,SBIN,BUY,136,947.63,128877.68
2025-11-20,OMEGA_BROKING,CL071235,SBIN,SELL,59,1184.07,69860.13
2025-11-26,ALPHA_SEC,CL737352,TATAMOTORS,BUY,205,1934.54,396580.7
2025-11-20,DELTA_TRADES,CL962849,TATAMOTORS,BUY,238,1380.09,328461.42
2025-11-21,DELTA_TRADES,CL435149,AXISBANK,SELL,81,214.61,17383.41
2025-11-21,ALPHA_SEC,CL867725,ICICIBANK,SELL,154,2254.12,347134.48
2025-11-23,DELTA_TRADES,CL706287,INFY,BUY,134,1345.04,180235.36
2025-11-20,OMEGA_BROKING,CL837717,KOTAKBANK,BUY,111,315.31,34999.41
2025-11-24,ALPHA_SEC,CL989788,ITC,SELL,281,702.11,197292.91
2025-11-23,ALPHA_SEC,CL782215,ITC,BUY,73,1210.26,88348.98
2025-11-24,BETA_INVEST,CL337726,INFY,BUY,143,453.95,64914.85
2025-11-25,OMEGA_BROKING,CL622087,KOTAKBANK,SELL,280,1814.09,507945.2
2025-11-25,OMEGA_BROKING,CL412230,ITC,SELL,79,1608.68,127085.72
2025-11-21,BETA_INVEST,CL855437,ITC,BUY,189,1425.83,269481.87
2025-11-21,OMEGA_BROKING,CL146354,ICICIBANK,BUY,84,224.63,18868.92
2025-11-21,BETA_INVEST,CL373133,HDFC,SELL,268,670.85,179787.8
2025-11-21,ALPHA_SEC,CL000477,AXISBANK,BUY,220,677.37,149021.4
2025-11-23,OMEGA_BROKING,CL186769,SBIN,BUY,259,1300.93,336940.87
2025-11-21,OMEGA_BROKING,CL588646,TATAMOTORS,SELL,94,1371.2,128892.8
2025-11-21,DELTA_TRADES,CL784481,AXISBANK,BUY,7,2470.77,17295.39
2025-11-26,ALPHA_SEC,CL547238,TATAMOTORS,BUY,27,681.72,18406.44
2025-11-26,OMEGA_BROKING,CL182093,ITC,SELL,102,1767.61,180296.22
2025-11-26,OMEGA_BROKING,CL550148,SBIN,SELL,103,2241.86,230911.58
2025-11-26,BETA_INVEST,CL308157,HDFC,SELL,181,2177.27,394085.87
2025-11-23,BETA_INVEST,CL516382,ICICIBANK,SELL,17,1019.77,17336.09
2025-11-22,BETA_INVEST,CL896281,ITC,SELL,238,1968.32,468460.16
2025-11-26,BETA_INVEST,CL363111,ICICIBANK,SELL,226,1091.49,246676.74
2025-11-23,ALPHA_SEC,CL816791,SBIN,SELL,171,727.54,124409.34
2025-11-26,OMEGA_BROKING,CL436281,SBIN,BUY,218,1235.8,269404.4
2025-11-26,DELTA_TRADES,CL383180,INFY,BUY,243,1009.41,245286.63
2025-11-26,OMEGA_BROKING,CL602622,ICICIBANK,BUY,162,1558.38,252457.56
2025-11-22,DELTA_TRADES,CL999958,LT,SELL,272,1801.93,490124.96
2025-11-25,ALPHA_SEC,CL852949,AXISBANK,SELL,292,755.61,220638.12
2025-11-23,BETA_INVEST,CL088909,HDFC,BUY,76,1155.98,87854.48
2025-11-25,OMEGA_BROKING,CL328930,AXISBANK,SELL,184,2359.71,434186.64
2025-11-21,OMEGA_BROKING,CL218147,ICICIBANK,BUY,248,1018.09,252486.32
2025-11-25,OMEGA_BROKING,CL796659,RELIANCE,BUY,232,2393.08,555194.56
2025-11-22,ALPHA_SEC,CL732945,ITC,BUY,113,1311.6,148210.8
2025-11-26,ALPHA_SEC,CL509903,INFY,SELL,123,363.36,44693.28
2025-11-26,DELTA_TRADES,CL636007,KOTAKBANK,BUY,103,2161.81,222666.43
2025-11-25,DELTA_TRADES,CL315516,ITC,SELL,80,1779.83,142386.4
2025-11-20,OMEGA_BROKING,CL352693,KOTAKBANK,BUY,209,294.22,61491.98
2025-11-24,BETA_INVEST,CL897486,SBIN,SELL,20,486.61,9732.2
2025-11-24,ALPHA_SEC,CL108179,KOTAKBANK,BUY,75,960.61,72045.75
2025-11-24,OMEGA_BROKING,CL300108,ICICIBANK,BUY,31,1760.76,54583.56
2025-11-26,DELTA_TRADES,CL606919,AXISBANK,BUY,31,2360.98,73190.38
2025-11-21,ALPHA_SEC,CL043835,AXISBANK,SELL,260,1980.17,514844.2
2025-11-21,OMEGA_BROKING,CL564569,RELIANCE,SELL,62,221.68,13744.16
2025-11-20,ALPHA_SEC,CL051321,SBIN,SELL,225,566.33,127424.25
2025-11-24,BETA_INVEST,CL750419,ITC,SELL,269,1464.94,394068.86
2025-11-23,ALPHA_SEC,CL555329,TATAMOTORS,BUY,77,2400.12,184809.24
2025-11-21,DELTA_TRADES,CL503544,KOTAKBANK,SELL,22,2443.71,53761.62
2025-11-26,OMEGA_BROKING,CL877876,HDFC,SELL,10,191.12,1911.2
2025-11-20,DELTA_TRADES,CL021063,INFY,BUY,263,2338.94,615141.22
2025-11-21,BETA_INVEST,CL918085,HDFC,SELL,157,1666.75,261679.75
2025-11-22,OMEGA_BROKING,CL433895,SBIN,SELL,43,1920.45,82579.35
2025-11-23,OMEGA_BROKING,CL613842,SBIN,BUY,123,1273.22,156606.06
2025-11-23,ALPHA_SEC,CL511850,AXISBANK,BUY,116,2036.98,236289.68
2025-11-21,DELTA_TRADES,CL024296,INFY,BUY,175,571.33,99982.75
2025-11-24,DELTA_TRADES,CL817083,ITC,SELL,37,2448.63,90599.31
2025-11-24,BETA_INVEST,CL519811,LT,BUY,203,1728.37,350859.11
2025-11-25,DELTA_TRADES,CL877510,HDFC,BUY,176,954.95,168071.2
2025-11-25,ALPHA_SEC,CL197241,LT,BUY,131,1816.71,237989.01
2025-11-26,OMEGA_BROKING,CL640391,KOTAKBANK,BUY,241,550.82,132747.62
2025-11-22,BETA_INVEST,CL803894,AXISBANK,BUY,40,1332.08,53283.2
2025-11-26,OMEGA_BROKING,CL821510,ICICIBANK,BUY,95,199.72,18973.4
2025-11-23,DELTA_TRADES,CL687045,ITC,BUY,195,1295.89,252698.55
2025-11-20,BETA_INVEST,CL743182,ICICIBANK,SELL,154,1447.3,222884.2
2025-11-24,DELTA_TRADES,CL876809,INFY,SELL,242,1021.59,247224.78
2025-11-20,DELTA_TRADES,CL925687,RELIANCE,SELL,203,1103.97,224105.91
2025-11-25,DELTA_TRADES,CL446265,ITC,BUY,84,2434.61,204507.24
2025-11-20,ALPHA_SEC,CL455036,TATAMOTORS,SELL,134,745.56,99905.04
2025-11-25,OMEGA_BROKING,CL245998,LT,SELL,241,234.72,56567.52
2025-11-21,OMEGA_BROKING,CL129958,AXISBANK,BUY,40,1121.22,44848.8
2025-11-25,ALPHA_SEC,CL907426,HDFC,SELL,91,183.23,16673.93
2025-11-21,BETA_INVEST,CL898330,AXISBANK,BUY,204,1061.69,216584.76
2025-11-20,BETA_INVEST,CL273663,INFY,BUY,191,1447.17,276409.47
2025-11-20,OMEGA_BROKING,CL968757,LT,BUY,207,570.1,118010.7
2025-11-20,OMEGA_BROKING,CL888711,KOTAKBANK,BUY,228,223.61,50983.08
2025-11-26,ALPHA_SEC,CL746231,ICICIBANK,BUY,60,209.99,12599.4
2025-11-22,DELTA_TRADES,CL370442,TATAMOTORS,BUY,196,241.96,47424.16
2025-11-25,ALPHA_SEC,CL380708,TATAMOTORS,BUY,271,1543.02,418158.42
2025-11-25,ALPHA_SEC,CL603955,SBIN,BUY,154,152.48,23481.92
2025-11-21,DELTA_TRADES,CL365286,TATAMOTORS,SELL,165,800.07,132011.55
2025-11-22,OMEGA_BROKING,CL121386,RELIANCE,BUY,299,1921.75,574603.25
2025-11-20,BETA_INVEST,CL815644,ICICIBANK,SELL,268,1887.73,505911.64
2025-11-24,BETA_INVEST,CL110385,TATAMOTORS,SELL,291,1365.98,397500.18
2025-11-21,OMEGA_BROKING,CL707247,ICICIBANK,SELL,0,2255.04,0.0
2025-11-23,BETA_INVEST,CL547122,INFY,BUY,205,2416.7,495423.5
2025-11-24,ALPHA_SEC,CL215805,LT,SELL,193,747.73,144311.89
2025-11-21,DELTA_TRADES,CL328329,SBIN,BUY,116,457.43,53061.88
2025-11-26,OMEGA_BROKING,CL249553,KOTAKBANK,BUY,104,263.46,27399.84
2025-11-26,OMEGA_BROKING,CL164210,ICICIBANK,SELL,129,705.2,90970.8
2025-11-20,OMEGA_BROKING,CL172680,ITC,SELL,165,1636.2,269973.0
2025-11-26,OMEGA_BROKING,CL845229,KOTAKBANK,BUY,254,2271.41,576938.14
2025-11-24,ALPHA_SEC,CL695322,AXISBANK,BUY,177,1834.48,324702.96
2025-11-23,DELTA_TRADES,CL115115,HDFC,SELL,272,1693.39,460602.08
2025-11-26,OMEGA_BROKING,CL933146,ITC,BUY,264,1718.24,453615.36
2025-11-24,OMEGA_BROKING,CL778807,AXISBANK,BUY,71,1592.35,113056.85
2025-11-20,DELTA_TRADES,CL557280,SBIN,BUY,95,919.91,87391.45
2025-11-22,ALPHA_SEC,CL641288,AXISBANK,SELL,140,1180.41,165257.4
2025-11-23,DELTA_TRADES,CL827859,TATAMOTORS,BUY,216,1370.55,296038.8
2025-11-20,ALPHA_SEC,CL857355,AXISBANK,SELL,133,720.88,95877.04
2025-11-24,BETA_INVEST,CL686701,RELIANCE,SELL,256,2039.14,522019.84
2025-11-20,ALPHA_SEC,CL959058,ITC,SELL,33,153.31,5059.23
2025-11-22,OMEGA_BROKING,CL087018,KOTAKBANK,BUY,221,840.95,185849.95
2025-11-21,ALPHA_SEC,CL774961,SBIN,BUY,127,1219.76,154909.52
2025-11-20,ALPHA_SEC,CL573321,AXISBANK,BUY,230,707.99,162837.7
2025-11-26,DELTA_TRADES,CL153188,INFY,BUY,163,1528.29,249111.27
2025-11-22,OMEGA_BROKING,CL779645,TATAMOTORS,SELL,248,2264.39,561568.72
2025-11-24,BETA_INVEST,CL121872,KOTAKBANK,SELL,162,1758.17,284823.54
2025-11-26,BETA_INVEST,CL546751,ITC,SELL,287,1964.91,563929.17
2025-11-24,ALPHA_SEC,CL654723,AXISBANK,SELL,226,1498.86,338742.36
2025-11-21,ALPHA_SEC,CL280916,KOTAKBANK,BUY,235,419.05,98476.75
2025-11-24,ALPHA_SEC,CL281633,LT,BUY,237,1671.8,396216.6
2025-11-25,BETA_INVEST,CL191474,LT,BUY,294,1727.81,507976.14
2025-11-25,DELTA_TRADES,CL812744,RELIANCE,SELL,75,1873.01,140475.75
2025-11-26,DELTA_TRADES,CL326265,ICICIBANK,SELL,72,1262.91,90929.52
2025-11-24,BETA_INVEST,CL193412,KOTAKBANK,SELL,254,2048.82,520400.28
2025-11-26,OMEGA_BROKING,CL405645,ICICIBANK,BUY,114,1758.5,200469.0
2025-11-22,ALPHA_SEC,CL942318,AXISBANK,SELL,95,2317.74,220185.3
2025-11-20,OMEGA_BROKING,CL317938,ITC,BUY,75,2141.05,160578.75
2025-11-21,OMEGA_BROKING,CL157068,AXISBANK,BUY,241,420.61,101367.01
2025-11-22,OMEGA_BROKING,CL245664,AXISBANK,BUY,168,1018.81,171160.08
2025-11-24,OMEGA_BROKING,CL847669,HDFC,BUY,26,1823.73,47416.98
2025-11-20,DELTA_TRADES,CL618206,KOTAKBANK,SELL,228,721.51,164504.28
2025-11-25,OMEGA_BROKING,CL009203,ITC,SELL,81,807.11,65375.91
2025-11-21,BETA_INVEST,CL422863,INFY,SELL,162,2149.27,348181.74
2025-11-20,OMEGA_BROKING,CL514217,INFY,BUY,142,942.16,133786.72
2025-11-24,DELTA_TRADES,CL890250,KOTAKBANK,SELL,79,1405.41,111027.39
2025-11-22,DELTA_TRADES,CL618465,AXISBANK,SELL,244,181.7,44334.8
2025-11-24,DELTA_TRADES,CL579149,LT,SELL,88,2035.09,179087.92
2025-11-21,OMEGA_BROKING,CL284002,AXISBANK,BUY,102,963.27,98253.54
2025-11-20,ALPHA_SEC,CL479784,TATAMOTORS,BUY,243,1714.07,416519.01
2025-11-25,OMEGA_BROKING,CL459601,ITC,BUY,77,472.18,36357.86
2025-11-22,ALPHA_SEC,CL694287,LT,BUY,72,550.67,39648.24
2025-11-20,ALPHA_SEC,CL572060,ICICIBANK,BUY,79,1059.66,83713.14
2025-11-21,DELTA_TRADES,CL610088,TATAMOTORS,SELL,12,1807.53,21690.36
2025-11-21,OMEGA_BROKING,CL728611,TATAMOTORS,SELL,99,2142.68,212125.32
2025-11-20,ALPHA_SEC,CL745560,KOTAKBANK,BUY,58,1511.59,87672.22
2025-11-25,OMEGA_BROKING,CL345069,SBIN,BUY,213,1109.75,236376.75
2025-11-20,BETA_INVEST,CL595135,ITC,SELL,34,1028.57,34971.38
2025-11-26,OMEGA_BROKING,CL533352,SBIN,BUY,186,848.96,157906.56
2025-11-23,DELTA_TRADES,CL743536,ITC,SELL,227,996.64,226237.28
2025-11-21,ALPHA_SEC,CL570270,KOTAKBANK,BUY,231,565.02,130519.62
2025-11-26,OMEGA_BROKING,CL363979,KOTAKBANK,BUY,133,904.43,120289.19
2025-11-24,OMEGA_BROKING,CL217420,ITC,SELL,79,1807.93,142826.47
2025-11-20,ALPHA_SEC,CL332601,HDFC,SELL,149,758.9,113076.1
2025-11-22,ALPHA_SEC,CL700153,TATAMOTORS,BUY,174,1603.58,279022.92
2025-11-24,BETA_INVEST,CL406898,ICICIBANK,BUY,286,1093.71,312801.06
2025-11-22,OMEGA_BROKING,CL642144,HDFC,SELL,13,1017.96,13233.48
2025-11-25,DELTA_TRADES,CL418848,ICICIBANK,SELL,11,556.09,6116.99
2025-11-24,OMEGA_BROKING,CL305287,AXISBANK,SELL,146,933.51,136292.46
2025-11-21,DELTA_TRADES,CL365286,TATAMOTORS,SELL,165,800.07,132011.55
2025-11-23,DELTA_TRADES,CL301045,ICICIBANK,BUY,214,1432.96,306653.44
2025-11-21,OMEGA_BROKING,CL588646,TATAMOTORS,SELL,98,1371.2,134377.6
2025-11-21,BETA_INVEST,CL298353,LT,BUY,171,1527.99,261286.29
2025-11-25,DELTA_TRADES,CL765526,LT,SELL,118,2003.9,236460.2
2025-11-26,DELTA_TRADES,CL729540,KOTAKBANK,SELL,276,852.66,235334.16
2025-11-21,ALPHA_SEC,CL589403,AXISBANK,BUY,182,715.86,130286.52
2025-11-22,DELTA_TRADES,CL937650,RELIANCE,SELL,140,649.3,90902.0
2025-11-25,OMEGA_BROKING,CL100006,SBIN,SELL,205,471.71,96700.55
2025-11-25,OMEGA_BROKING,CL463817,AXISBANK,SELL,89,185.67,16524.63
2025-11-26,ALPHA_SEC,CL134196,RELIANCE,SELL,118,1272.04,150100.72
2025-11-24,ALPHA_SEC,CL560453,HDFC,SELL,162,449.82,72870.84
2025-11-24,ALPHA_SEC,CL108179,KOTAKBANK,BUY,75,960.61,72045.75
2025-11-23,DELTA_TRADES,CL455509,TATAMOTORS,SELL,246,2168.37,533419.02
2025-11-22,DELTA_TRADES,CL423489,LT,BUY,263,2128.67,559840.21
2025-11-22,BETA_INVEST,CL105386,ITC,SELL,239,790.35,188893.65
2025-11-22,ALPHA_SEC,CL260304,SBIN,BUY,285,1764.04,502751.4
2025-11-21,DELTA_TRADES,CL435149,AXISBANK,SELL,86,214.61,18456.46
2025-11-24,ALPHA_SEC,CL198522,TATAMOTORS,SELL,132,879.4,116080.8
2025-11-25,OMEGA_BROKING,CL038041,TATAMOTORS,BUY,127,2032.28,258099.56
2025-11-24,ALPHA_SEC,CL282178,RELIANCE,BUY,188,1527.78,287222.64
2025-11-23,DELTA_TRADES,CL549872,ITC,SELL,248,1319.53,327243.44
2025-11-23,ALPHA_SEC,CL627192,LT,BUY,30,1465.5,43965.0
2025-11-26,OMEGA_BROKING,CL344885,ICICIBANK,BUY,183,721.72,132074.76
2025-11-21,BETA_INVEST,CL911862,ITC,SELL,38,1780.32,67652.16
2025-11-22,OMEGA_BROKING,CL474472,ITC,BUY,113,1878.28,212245.64
2025-11-24,DELTA_TRADES,CL163913,ITC,BUY,289,2202.28,636458.92
2025-11-25,DELTA_TRADES,CL945720,SBIN,SELL,33,1196.08,39470.64
2025-11-24,DELTA_TRADES,CL890250,KOTAKBANK,SELL,83,1405.41,116649.03
2025-11-21,ALPHA_SEC,CL918785,RELIANCE,SELL,264,750.33,198087.12
2025-11-25,BETA_INVEST,CL414988,SBIN,SELL,173,186.56,32274.88
2025-11-24,DELTA_TRADES,CL577668,AXISBANK,SELL,17,688.1,11697.7
2025-11-22,DELTA_TRADES,CL273263,INFY,SELL,144,2199.32,316702.08
2025-11-22,OMEGA_BROKING,CL987150,LT,SELL,8,2025.98,16207.84
2025-11-23,BETA_INVEST,CL698767,ITC,SELL,28,564.14,15795.92
2025-11-26,DELTA_TRADES,CL347306,INFY,BUY,21,172.92,3631.32
2025-11-23,OMEGA_BROKING,CL783253,ICICIBANK,BUY,156,1331.49,207712.44
2025-11-25,DELTA_TRADES,CL874358,KOTAKBANK,BUY,290,793.38,230080.2
2025-11-20,DELTA_TRADES,CL043148,SBIN,SELL,199,2163.97,430630.03
2025-11-25,OMEGA_BROKING,CL007443,INFY,SELL,46,760.55,34985.3
2025-11-25,ALPHA_SEC,CL802436,ICICIBANK,SELL,250,2199.71,549927.5
2025-11-23,BETA_INVEST,CL268412,INFY,SELL,257,605.42,155592.94
2025-11-23,DELTA_TRADES,CL341118,RELIANCE,BUY,9,2131.43,19182.87
2025-11-25,ALPHA_SEC,CL509542,KOTAKBANK,SELL,271,1121.24,303856.04
2025-11-25,OMEGA_BROKING,CL226457,INFY,SELL,54,1927.28,104073.12
2025-11-25,ALPHA_SEC,CL063085,LT,SELL,147,1353.18,198917.46
2025-11-26,BETA_INVEST,CL034486,ITC,SELL,195,1084.74,211524.3
2025-11-26,DELTA_TRADES,CL973974,RELIANCE,BUY,85,2267.69,192753.65
2025-11-21,OMEGA_BROKING,CL020698,RELIANCE,BUY,34,2408.35,81883.9
2025-11-26,OMEGA_BROKING,CL913494,AXISBANK,SELL,7,1534.5,10741.5
2025-11-22,BETA_INVEST,CL562571,HDFC,SELL,143,2352.16,336358.88
2025-11-25,ALPHA_SEC,CL414663,INFY,BUY,156,759.64,118503.84
2025-11-25,DELTA_TRADES,CL508443,ICICIBANK,SELL,182,1113.9,202729.8
2025-11-20,OMEGA_BROKING,CL633125,RELIANCE,BUY,100,1636.43,163643.0
2025-11-24,ALPHA_SEC,CL569437,ICICIBANK,BUY,279,1726.93,481813.47
2025-11-26,OMEGA_BROKING,CL263330,TATAMOTORS,BUY,148,805.99,119286.52
2025-11-25,ALPHA_SEC,CL145398,SBIN,SELL,288,175.29,50483.52
2025-11-21,OMEGA_BROKING,CL784548,HDFC,SELL,287,1861.97,534385.39
2025-11-22,DELTA_TRADES,CL053726,TATAMOTORS,BUY,105,422.85,44399.25
2025-11-24,ALPHA_SEC,CL427564,LT,SELL,163,1714.26,279424.38
2025-11-20,BETA_INVEST,CL496890,LT,SELL,225,2284.68,514053.0
2025-11-22,BETA_INVEST,CL174172,ITC,BUY,234,953.03,223009.02
2025-11-26,OMEGA_BROKING,CL648834,SBIN,BUY,138,1976.88,272809.44
2025-11-24,OMEGA_BROKING,CL526712,TATAMOTORS,BUY,129,855.61,110373.69
2025-11-22,DELTA_TRADES,CL599628,AXISBANK,SELL,300,1805.01,541503.0
2025-11-20,ALPHA_SEC,CL899615,AXISBANK,BUY,122,356.48,43490.56
2025-11-20,DELTA_TRADES,CL738669,INFY,BUY,274,2430.34,665913.16
2025-11-23,BETA_INVEST,CL212997,TATAMOTORS,SELL,161,726.28,116931.08
2025-11-24,ALPHA_SEC,CL073300,INFY,SELL,276,963.73,265989.48
2025-11-26,OMEGA_BROKING,CL726531,INFY,SELL,272,2076.54,564818.88
2025-11-23,ALPHA_SEC,CL421701,INFY,BUY,299,946.87,283114.13
2025-11-25,DELTA_TRADES,CL473939,RELIANCE,BUY,29,1020.83,29604.07
2025-11-24,ALPHA_SEC,CL664045,ITC,BUY,33,2481.66,81894.78
2025-11-24,OMEGA_BROKING,CL154435,HDFC,SELL,133,1185.67,157694.11
2025-11-26,BETA_INVEST,CL640964,INFY,SELL,90,1765.19,158867.1
2025-11-22,ALPHA_SEC,CL403697,INFY,SELL,206,1003.76,206774.56
2025-11-24,DELTA_TRADES,CL036894,INFY,BUY,130,1381.93,179650.9
2025-11-25,OMEGA_BROKING,CL320583,AXISBANK,SELL,129,2149.26,277254.54
2025-11-23,DELTA_TRADES,CL944999,ICICIBANK,BUY,102,2238.17,228293.34
2025-11-20,BETA_INVEST,CL995519,SBIN,SELL,286,2203.13,630095.18
2025-11-25,OMEGA_BROKING,CL236939,TATAMOTORS,SELL,96,2433.42,233608.32
2025-11-21,BETA_INVEST,CL638391,AXISBANK,BUY,72,2046.0,147312.0
2025-11-23,OMEGA_BROKING,CL729222,LT,BUY,142,1477.83,209851.86
2025-11-21,ALPHA_SEC,CL448334,ICICIBANK,SELL,218,392.46,85556.28
2025-11-26,BETA_INVEST,CL798481,LT,SELL,56,1802.28,100927.68
2025-11-25,BETA_INVEST,CL831353,TATAMOTORS,SELL,297,1866.48,554344.56
2025-11-23,BETA_INVEST,CL137277,KOTAKBANK,BUY,296,469.18,138877.28
2025-11-24,BETA_INVEST,CL589643,SBIN,SELL,280,150.13,42036.4
2025-11-25,DELTA_TRADES,CL646748,INFY,SELL,110,400.9,44099.0
2025-11-26,BETA_INVEST,CL903248,HDFC,BUY,169,1367.44,231097.36
2025-11-22,BETA_INVEST,CL611043,HDFC,SELL,218,1177.01,256588.18
2025-11-24,OMEGA_BROKING,CL997632,RELIANCE,BUY,149,450.52,67127.48
2025-11-23,DELTA_TRADES,CL196099,ICICIBANK,BUY,23,2333.83,53678.09
2025-11-20,DELTA_TRADES,CL434400,AXISBANK,BUY,103,1913.14,197053.42
2025-11-23,ALPHA_SEC,CL651618,SBIN,SELL,249,713.7,177711.3
2025-11-24,DELTA_TRADES,CL804896,ICICIBANK,BUY,285,2368.04,674891.4
2025-11-24,OMEGA_BROKING,CL644731,ITC,BUY,108,676.17,73026.36
2025-11-25,BETA_INVEST,CL566573,ICICIBANK,BUY,200,2147.57,429514.0
2025-11-21,OMEGA_BROKING,CL882681,ITC,BUY,164,2277.31,373478.84
2025-11-25,OMEGA_BROKING,CL526975,AXISBANK,BUY,236,2127.51,502092.36
2025-11-21,BETA_INVEST,CL467606,SBIN,SELL,3,1796.45,5389.35
2025-11-20,ALPHA_SEC,CL487036,KOTAKBANK,BUY,194,1537.77,298327.38
2025-11-24,ALPHA_SEC,CL414172,ITC,BUY,103,1678.04,172838.12
2025-11-24,ALPHA_SEC,CL540351,HDFC,BUY,128,1680.37,215087.36
2025-11-25,ALPHA_SEC,CL972343,LT,SELL,12,235.46,2825.52
2025-11-21,DELTA_TRADES,CL701893,ITC,SELL,239,1593.05,380738.95
2025-11-22,OMEGA_BROKING,CL335328,LT,BUY,244,266.3,64977.2
2025-11-21,BETA_INVEST,CL604034,RELIANCE,BUY,55,2060.77,113342.35
2025-11-21,DELTA_TRADES,CL380064,ICICIBANK,BUY,107,2403.62,257187.34
2025-11-23,DELTA_TRADES,CL770751,LT,SELL,266,1099.04,292344.64
2025-11-20,OMEGA_BROKING,CL225715,INFY,BUY,162,1038.99,168316.38
2025-11-22,DELTA_TRADES,CL051710,ITC,BUY,279,2204.88,615161.52
2025-11-26,OMEGA_BROKING,CL424650,KOTAKBANK,BUY,77,772.68,59496.36
2025-11-22,BETA_INVEST,CL228825,LT,BUY,56,1585.85,88807.6
2025-11-24,OMEGA_BROKING,CL689243,KOTAKBANK,BUY,12,2090.31,25083.72
2025-11-22,ALPHA_SEC,CL824960,HDFC,SELL,165,1622.89,267776.85
2025-11-24,OMEGA_BROKING,CL506915,AXISBANK,SELL,130,1958.63,254621.9
2025-11-25,DELTA_TRADES,CL633069,SBIN,SELL,273,1931.31,527247.63
2025-11-24,BETA_INVEST,CL602817,KOTAKBANK,BUY,167,1416.99,236637.33
2025-11-26,OMEGA_BROKING,CL877876,HDFC,SELL,15,191.12,2866.8
2025-11-24,DELTA_TRADES,CL128392,INFY,BUY,269,963.15,259087.35
2025-11-26,DELTA_TRADES,CL970717,ICICIBANK,SELL,100,2458.55,245855.0
2025-11-21,DELTA_TRADES,CL935800,ICICIBANK,BUY,53,131.78,6984.34
2025-11-26,ALPHA_SEC,CL669813,SBIN,SELL,7,1471.5,10300.5
2025-11-26,OMEGA_BROKING,CL424650,KOTAKBANK,BUY,70,772.68,54087.6
2025-11-26,ALPHA_SEC,CL124915,AXISBANK,BUY,249,855.8,213094.2
2025-11-22,DELTA_TRADES,CL293448,ICICIBANK,SELL,19,1643.06,31218.14
2025-11-23,BETA_INVEST,CL764015,LT,BUY,282,887.34,250229.88
2025-11-23,ALPHA_SEC,CL793071,ITC,BUY,140,2075.38,290553.2
2025-11-23,BETA_INVEST,CL383511,AXISBANK,SELL,192,1846.75,354576.0
2025-11-23,BETA_INVEST,CL352472,ITC,BUY,210,956.04,200768.4
2025-11-20,DELTA_TRADES,CL962849,TATAMOTORS,BUY,238,1380.09,328461.42
2025-11-20,ALPHA_SEC,CL970261,ITC,BUY,214,2044.13,437443.82
2025-11-26,BETA_INVEST,CL292018,AXISBANK,BUY,23,1812.8,41694.4
2025-11-22,BETA_INVEST,CL867874,ICICIBANK,SELL,80,455.29,36423.2
2025-11-25,BETA_INVEST,CL345927,AXISBANK,SELL,46,2377.7,109374.2
2025-11-26,OMEGA_BROKING,CL612594,KOTAKBANK,SELL,17,1825.04,31025.68
2025-11-24,ALPHA_SEC,CL078962,LT,SELL,257,233.49,60006.93
2025-11-20,DELTA_TRADES,CL510220,LT,SELL,218,2140.29,466583.22
2025-11-26,ALPHA_SEC,CL746231,ICICIBANK,BUY,51,209.99,10709.49
2025-11-22,ALPHA_SEC,CL050651,KOTAKBANK,SELL,105,658.12,69102.6
2025-11-22,BETA_INVEST,CL878840,AXISBANK,BUY,294,209.54,61604.76
2025-11-20,ALPHA_SEC,CL974835,AXISBANK,SELL,98,928.09,90952.82
2025-11-20,BETA_INVEST,CL379051,AXISBANK,SELL,166,922.34,153108.44
2025-11-23,ALPHA_SEC,CL816791,SBIN,SELL,174,727.54,126591.96
2025-11-21,ALPHA_SEC,CL944321,ITC,BUY,32,1988.59,63634.88
2025-11-22,BETA_INVEST,CL840593,KOTAKBANK,SELL,31,2277.73,70609.63
2025-11-24,DELTA_TRADES,CL417137,INFY,SELL,32,821.51,26288.32
2025-11-23,BETA_INVEST,CL177046,HDFC,BUY,174,136.29,23714.46
2025-11-22,OMEGA_BROKING,CL783336,TATAMOTORS,SELL,279,834.06,232702.74
2025-11-22,BETA_INVEST,CL090289,RELIANCE,BUY,289,1008.98,291595.22
2025-11-26,ALPHA_SEC,CL575094,AXISBANK,SELL,91,403.43,36712.13
2025-11-20,ALPHA_SEC,CL932345,TATAMOTORS,BUY,18,442.67,7968.06
2025-11-24,BETA_INVEST,CL733906,TATAMOTORS,BUY,9,1467.04,13203.36
2025-11-22,OMEGA_BROKING,CL599851,ICICIBANK,BUY,160,1292.17,206747.2
2025-11-20,BETA_INVEST,CL430922,TATAMOTORS,SELL,262,1374.37,360084.94
2025-11-23,BETA_INVEST,CL393349,ICICIBANK,BUY,182,221.41,40296.62
2025-11-23,OMEGA_BROKING,CL796835,AXISBANK,BUY,297,2325.77,690753.69
2025-11-24,ALPHA_SEC,CL978825,ICICIBANK,BUY,285,1707.66,486683.1
2025-11-26,OMEGA_BROKING,CL298499,RELIANCE,BUY,217,1808.88,392526.96
2025-11-25,DELTA_TRADES,CL328791,TATAMOTORS,BUY,37,940.81,34809.97
2025-11-25,OMEGA_BROKING,CL752608,KOTAKBANK,BUY,69,1009.22,69636.18
2025-11-21,OMEGA_BROKING,CL475614,HDFC,BUY,215,1832.04,393888.6
2025-11-25,OMEGA_BROKING,CL159165,AXISBANK,BUY,52,408.62,21248.24
2025-11-20,OMEGA_BROKING,CL736526,HDFC,SELL,160,646.18,103388.8
2025-11-24,BETA_INVEST,CL872961,HDFC,SELL,82,255.71,20968.22
2025-11-24,OMEGA_BROKING,CL661761,KOTAKBANK,BUY,256,299.29,76618.24
2025-11-22,BETA_INVEST,CL373102,HDFC,BUY,199,1353.21,269288.79
2025-11-22,ALPHA_SEC,CL458753,RELIANCE,BUY,93,765.6,71200.8
2025-11-23,ALPHA_SEC,CL324588,INFY,BUY,202,786.63,158899.26
2025-11-23,BETA_INVEST,CL990937,SBIN,SELL,201,2063.77,414817.77
2025-11-25,ALPHA_SEC,CL327334,SBIN,SELL,77,793.91,61131.07
2025-11-25,BETA_INVEST,CL595176,HDFC,BUY,175,438.17,76679.75
2025-11-21,BETA_INVEST,CL041080,ITC,SELL,20,121.47,2429.4
2025-11-20,BETA_INVEST,CL769080,LT,BUY,229,498.94,114257.26
2025-11-20,ALPHA_SEC,CL315118,HDFC,SELL,177,2355.79,416974.83
2025-11-26,OMEGA_BROKING,CL680386,HDFC,SELL,186,1960.39,364632.54
2025-11-20,ALPHA_SEC,CL756282,ITC,SELL,5,1903.02,9515.1
2025-11-24,BETA_INVEST,CL289346,TATAMOTORS,BUY,153,416.8,63770.4
2025-11-21,DELTA_TRADES,CL575875,HDFC,SELL,130,1455.74,189246.2
2025-11-26,BETA_INVEST,CL209135,RELIANCE,BUY,63,625.13,39383.19
2025-11-26,OMEGA_BROKING,CL698019,INFY,SELL,229,2148.92,492102.68
2025-11-26,BETA_INVEST,CL245952,ICICIBANK,SELL,248,1079.37,267683.76
2025-11-20,OMEGA_BROKING,CL174946,KOTAKBANK,SELL,250,1864.33,466082.5
2025-11-20,OMEGA_BROKING,CL076812,AXISBANK,BUY,181,2305.35,417268.35
2025-11-23,OMEGA_BROKING,CL033630,LT,BUY,292,1357.67,396439.64
2025-11-22,OMEGA_BROKING,CL224248,RELIANCE,SELL,193,1556.07,300321.51
2025-11-22,BETA_INVEST,CL264043,LT,BUY,226,1591.62,359706.12
2025-11-26,OMEGA_BROKING,CL243285,SBIN,SELL,18,1100.24,19804.32
2025-11-26,ALPHA_SEC,CL575094,AXISBANK,SELL,92,403.43,37115.56
2025-11-23,BETA_INVEST,CL768985,RELIANCE,BUY,138,1085.16,149752.08
2025-11-23,BETA_INVEST,CL130483,RELIANCE,SELL,50,625.13,31256.5
2025-11-21,OMEGA_BROKING,CL436457,KOTAKBANK,BUY,111,1556.72,172795.92
2025-11-26,OMEGA_BROKING,CL983286,LT,SELL,285,2312.56,659079.6
2025-11-20,ALPHA_SEC,CL362552,SBIN,BUY,152,1823.47,277167.44
2025-11-26,BETA_INVEST,CL617870,AXISBANK,SELL,192,2286.52,439011.84
2025-11-26,ALPHA_SEC,CL926627,INFY,BUY,249,1500.53,373631.97
2025-11-26,ALPHA_SEC,CL805370,LT,BUY,74,1442.62,106753.88
2025-11-20,DELTA_TRADES,CL749964,TATAMOTORS,SELL,159,2350.53,373734.27
2025-11-21,BETA_INVEST,CL411115,ICICIBANK,BUY,281,2017.05,566791.05
2025-11-26,BETA_INVEST,CL615702,RELIANCE,SELL,295,2221.13,655233.35
2025-11-21,OMEGA_BROKING,CL713718,KOTAKBANK,SELL,129,1811.19,233643.51
2025-11-20,BETA_INVEST,CL241519,AXISBANK,SELL,84,2218.98,186394.32
2025-11-22,BETA_INVEST,CL133839,INFY,SELL,280,897.37,251263.6
2025-11-24,DELTA_TRADES,CL760877,ICICIBANK,BUY,55,712.78,39202.9
2025-11-20,ALPHA_SEC,CL579112,TATAMOTORS,BUY,279,2432.9,678779.1
2025-11-23,BETA_INVEST,CL916653,ICICIBANK,SELL,123,362.18,44548.14
2025-11-22,BETA_INVEST,CL136964,RELIANCE,SELL,192,2485.18,477154.56
2025-11-24,ALPHA_SEC,CL794408,RELIANCE,BUY,284,892.76,253543.84
2025-11-21,OMEGA_BROKING,CL890042,ITC,SELL,124,1352.7,167734.8
2025-11-23,BETA_INVEST,CL068446,INFY,SELL,80,253.78,20302.4
2025-11-21,DELTA_TRADES,CL380064,ICICIBANK,BUY,107,2403.62,257187.34
2025-11-23,BETA_INVEST,CL664739,HDFC,SELL,31,989.31,30668.61
2025-11-26,ALPHA_SEC,CL250721,AXISBANK,SELL,37,2050.95,75885.15
2025-11-23,OMEGA_BROKING,CL613842,SBIN,BUY,123,1273.22,156606.06
2025-11-20,OMEGA_BROKING,CL946121,TATAMOTORS,SELL,209,2302.17,481153.53
2025-11-24,ALPHA_SEC,CL915028,TATAMOTORS,SELL,45,1336.95,60162.75
2025-11-22,OMEGA_BROKING,CL557330,INFY,BUY,0,819.74,0.0
2025-11-25,BETA_INVEST,CL367508,TATAMOTORS,SELL,39,1871.01,72969.39
2025-11-21,ALPHA_SEC,CL277342,ITC,SELL,76,262.01,19912.76
2025-11-21,ALPHA_SEC,CL354825,HDFC,BUY,36,440.15,15845.4
2025-11-21,BETA_INVEST,CL164185,ICICIBANK,SELL,78,2083.26,162494.28
2025-11-20,ALPHA_SEC,CL275555,ITC,SELL,94,1029.34,96757.96
2025-11-21,OMEGA_BROKING,CL055621,ITC,SELL,123,683.47,84066.81
2025-11-20,BETA_INVEST,CL669119,KOTAKBANK,SELL,142,2071.42,294141.64
2025-11-26,OMEGA_BROKING,CL598482,ITC,BUY,136,1733.39,235741.04
2025-11-20,ALPHA_SEC,CL116992,SBIN,BUY,144,286.74,41290.56
2025-11-21,ALPHA_SEC,CL030296,HDFC,BUY,279,1391.06,388105.74
2025-11-20,OMEGA_BROKING,CL785082,TATAMOTORS,BUY,43,552.1,23740.3
2025-11-21,DELTA_TRADES,CL268597,TATAMOTORS,BUY,299,865.62,258820.38
2025-11-21,OMEGA_BROKING,CL330467,KOTAKBANK,BUY,134,914.16,122497.44
2025-11-25,ALPHA_SEC,CL143761,ICICIBANK,SELL,135,1674.59,226069.65
2025-11-26,OMEGA_BROKING,CL201326,TATAMOTORS,SELL,159,1686.38,268134.42
2025-11-24,OMEGA_BROKING,CL255361,KOTAKBANK,SELL,54,1438.54,77681.16
2025-11-23,BETA_INVEST,CL105272,KOTAKBANK,BUY,148,1607.68,237936.64
2025-11-24,OMEGA_BROKING,CL254131,LT,BUY,264,1055.44,278636.16
2025-11-20,BETA_INVEST,CL688205,LT,SELL,177,2321.17,410847.09
2025-11-21,DELTA_TRADES,CL998402,HDFC,BUY,167,2261.76,377713.92
2025-11-26,DELTA_TRADES,CL120218,HDFC,SELL,287,1759.63,505013.81
2025-11-20,DELTA_TRADES,CL166163,LT,BUY,116,1212.04,140596.64
2025-11-25,OMEGA_BROKING,CL840211,INFY,BUY,221,2309.67,510437.07
2025-11-25,DELTA_TRADES,CL710891,SBIN,BUY,240,1922.63,461431.2
2025-11-22,BETA_INVEST,CL956644,RELIANCE,SELL,161,292.71,47126.31
2025-11-23,OMEGA_BROKING,CL775539,ICICIBANK,BUY,44,2245.71,98811.24
2025-11-26,OMEGA_BROKING,CL774015,AXISBANK,BUY,291,716.4,208472.4
2025-11-24,DELTA_TRADES,CL941974,TATAMOTORS,SELL,65,849.57,55222.05
2025-11-21,DELTA_TRADES,CL776719,INFY,BUY,140,1356.29,189880.6
2025-11-23,BETA_INVEST,CL130483,RELIANCE,SELL,47,625.13,29381.11
2025-11-21,BETA_INVEST,CL728034,INFY,BUY,223,336.72,75088.56
2025-11-22,BETA_INVEST,CL661508,RELIANCE,BUY,254,1244.31,316054.74
2025-11-21,BETA_INVEST,CL606608,INFY,SELL,143,262.87,37590.41
2025-11-21,ALPHA_SEC,CL696338,HDFC,SELL,63,901.32,56783.16
2025-11-24,OMEGA_BROKING,CL618627,LT,SELL,292,2149.24,627578.08
2025-11-20,BETA_INVEST,CL774807,TATAMOTORS,SELL,134,920.93,123404.62
2025-11-23,ALPHA_SEC,CL340758,RELIANCE,BUY,188,2087.09,392372.92
2025-11-21,OMEGA_BROKING,CL154849,SBIN,BUY,254,1515.6,384962.4
2025-11-21,BETA_INVEST,CL401701,TATAMOTORS,BUY,251,1203.8,302153.8
2025-11-20,OMEGA_BROKING,CL225715,INFY,BUY,162,1038.99,168316.38
2025-11-22,DELTA_TRADES,CL494676,TATAMOTORS,SELL,35,2236.1,78263.5
2025-11-23,OMEGA_BROKING,CL230935,ICICIBANK,SELL,297,218.28,64829.16
2025-11-23,ALPHA_SEC,CL601542,ITC,SELL,11,155.43,1709.73
2025-11-23,ALPHA_SEC,CL868232,LT,BUY,102,840.01,85681.02
2025-11-25,ALPHA_SEC,CL959753,INFY,BUY,251,2076.01,521078.51
2025-11-24,ALPHA_SEC,CL207098,AXISBANK,BUY,89,2043.78,181896.42
2025-11-24,OMEGA_BROKING,CL482142,SBIN,BUY,39,2060.66,80365.74
2025-11-25,DELTA_TRADES,CL765526,LT,SELL,118,2003.9,236460.2
2025-11-24,BETA_INVEST,CL403554,RELIANCE,BUY,230,1427.89,328414.7
2025-11-24,ALPHA_SEC,CL073300,INFY,SELL,271,963.73,261170.83
2025-11-21,BETA_INVEST,CL084098,INFY,BUY,42,2214.59,93012.78
2025-11-26,ALPHA_SEC,CL355135,LT,SELL,138,1173.29,161914.02
2025-11-26,OMEGA_BROKING,CL314662,SBIN,SELL,137,1264.85,173284.45
2025-11-25,DELTA_TRADES,CL139957,KOTAKBANK,BUY,101,2366.08,238974.08
2025-11-21,OMEGA_BROKING,CL192213,TATAMOTORS,SELL,102,1858.19,189535.38
2025-11-21,BETA_INVEST,CL735714,ITC,BUY,30,1864.65,55939.5
2025-11-24,BETA_INVEST,CL622241,HDFC,BUY,15,791.28,11869.2
2025-11-23,OMEGA_BROKING,CL243628,ICICIBANK,BUY,225,1078.95,242763.75
2025-11-23,DELTA_TRADES,CL208626,RELIANCE,SELL,273,364.15,99412.95
2025-11-26,ALPHA_SEC,CL088750,KOTAKBANK,BUY,107,1342.86,143686.02
2025-11-22,OMEGA_BROKING,CL642144,HDFC,SELL,15,1017.96,15269.4
2025-11-20,BETA_INVEST,CL923801,KOTAKBANK,BUY,41,406.12,16650.92
2025-11-24,BETA_INVEST,CL029336,AXISBANK,SELL,202,861.62,174047.24
2025-11-23,OMEGA_BROKING,CL617053,HDFC,SELL,21,1616.97,33956.37
2025-11-24,ALPHA_SEC,CL992889,INFY,BUY,271,325.45,88196.95
2025-11-21,ALPHA_SEC,CL549877,RELIANCE,BUY,50,1586.66,79333.0
2025-11-22,DELTA_TRADES,CL083183,LT,BUY,187,1171.29,219031.23
2025-11-24,DELTA_TRADES,CL085438,LT,BUY,255,1043.64,266128.2
2025-11-25,ALPHA_SEC,CL049672,RELIANCE,BUY,228,1172.71,267377.88
2025-11-23,DELTA_TRADES,CL917926,ICICIBANK,SELL,60,1975.19,118511.4
2025-11-23,DELTA_TRADES,CL138826,RELIANCE,BUY,74,1373.36,101628.64
2025-11-22,DELTA_TRADES,CL715348,RELIANCE,SELL,135,441.64,59621.4
2025-11-26,DELTA_TRADES,CL544104,SBIN,BUY,279,1393.56,388803.24
2025-11-23,OMEGA_BROKING,CL358511,TATAMOTORS,BUY,245,874.46,214242.7
2025-11-25,DELTA_TRADES,CL488454,HDFC,SELL,112,1574.05,176293.6
2025-11-26,DELTA_TRADES,CL334319,TATAMOTORS,BUY,179,1142.95,204588.05
2025-11-23,OMEGA_BROKING,CL753949,TATAMOTORS,SELL,271,1117.0,302707.0
2025-11-23,BETA_INVEST,CL278632,RELIANCE,SELL,59,690.32,40728.88
2025-11-24,ALPHA_SEC,CL726747,LT,SELL,195,1785.48,348168.6
2025-11-22,DELTA_TRADES,CL038372,SBIN,BUY,205,877.81,179951.05
2025-11-23,DELTA_TRADES,CL610714,TATAMOTORS,BUY,134,846.1,113377.4
2025-11-21,BETA_INVEST,CL846719,ICICIBANK,BUY,83,1042.83,86554.89
2025-11-20,DELTA_TRADES,CL737851,KOTAKBANK,BUY,273,1420.86,387894.78
2025-11-20,BETA_INVEST,CL973488,KOTAKBANK,BUY,215,1921.24,413066.6
2025-11-20,OMEGA_BROKING,CL559396,TATAMOTORS,SELL,80,1403.39,112271.2
2025-11-23,ALPHA_SEC,CL841653,TATAMOTORS,BUY,78,154.68,12065.04
2025-11-22,BETA_INVEST,CL758915,ITC,SELL,281,988.27,277703.87
2025-11-22,OMEGA_BROKING,CL059188,KOTAKBANK,BUY,152,1206.1,183327.2
2025-11-24,ALPHA_SEC,CL207098,AXISBANK,BUY,89,2043.78,181896.42
2025-11-20,OMEGA_BROKING,CL222171,ITC,BUY,84,1372.85,115319.4
2025-11-20,BETA_INVEST,CL379051,AXISBANK,SELL,166,922.34,153108.44
2025-11-21,BETA_INVEST,CL965357,ICICIBANK,SELL,112,1052.99,117934.88
2025-11-23,ALPHA_SEC,CL005157,LT,BUY,241,2460.7,593028.7
2025-11-21,OMEGA_BROKING,CL176153,KOTAKBANK,BUY,94,1582.71,148774.74
2025-11-22,OMEGA_BROKING,CL568783,KOTAKBANK,BUY,254,2420.96,614923.84
2025-11-23,BETA_INVEST,CL693701,ITC,SELL,260,569.1,147966.0
2025-11-22,OMEGA_BROKING,CL808510,KOTAKBANK,SELL,93,1684.83,156689.19
2025-11-23,DELTA_TRADES,CL625864,AXISBANK,SELL,255,2126.01,542132.55
2025-11-20,DELTA_TRADES,CL586799,HDFC,BUY,154,2117.42,326082.68
2025-11-24,OMEGA_BROKING,CL399719,KOTAKBANK,BUY,240,2099.42,503860.8
2025-11-26,BETA_INVEST,CL292018,AXISBANK,BUY,19,1812.8,34443.2
2025-11-24,OMEGA_BROKING,CL788333,SBIN,SELL,206,1860.2,383201.2
2025-11-22,ALPHA_SEC,CL880050,AXISBANK,BUY,56,2448.59,137121.04
2025-11-22,BETA_INVEST,CL033652,HDFC,BUY,43,465.7,20025.1
2025-11-21,ALPHA_SEC,CL952518,HDFC,BUY,195,1700.32,331562.4
2025-11-25,ALPHA_SEC,CL639779,ICICIBANK,BUY,178,1226.45,218308.1
2025-11-25,DELTA_TRADES,CL108846,HDFC,SELL,4,655.51,2622.04
2025-11-25,OMEGA_BROKING,CL645717,HDFC,BUY,190,1842.68,350109.2
2025-11-26,ALPHA_SEC,CL575094,AXISBANK,SELL,91,403.43,36712.13
2025-11-20,OMEGA_BROKING,CL619302,LT,SELL,198,1762.74,349022.52
2025-11-21,BETA_INVEST,CL491026,ICICIBANK,SELL,44,621.26,27335.44
2025-11-24,ALPHA_SEC,CL344107,SBIN,SELL,136,1766.84,240290.24
2025-11-20,OMEGA_BROKING,CL001651,RELIANCE,SELL,245,948.33,232340.85
2025-11-22,DELTA_TRADES,CL405051,AXISBANK,BUY,114,274.67,31312.38
2025-11-23,BETA_INVEST,CL797704,RELIANCE,BUY,9,2275.54,20479.86
2025-11-22,BETA_INVEST,CL895382,AXISBANK,SELL,214,893.56,191221.84
2025-11-21,BETA_INVEST,CL797073,KOTAKBANK,BUY,2,1933.43,3866.86
2025-11-25,ALPHA_SEC,CL197241,LT,BUY,130,1816.71,236172.3
2025-11-22,ALPHA_SEC,CL234600,HDFC,SELL,204,1536.42,313429.68
2025-11-22,ALPHA_SEC,CL135096,ITC,SELL,56,1301.17,72865.52
2025-11-22,ALPHA_SEC,CL723302,ICICIBANK,SELL,70,1801.16,126081.2
2025-11-20,OMEGA_BROKING,CL424821,KOTAKBANK,SELL,148,943.52,139640.96
2025-11-20,DELTA_TRADES,CL209989,KOTAKBANK,BUY,37,2002.74,74101.38
2025-11-21,BETA_INVEST,CL870315,ITC,BUY,283,179.53,50806.99
2025-11-25,BETA_INVEST,CL131045,ITC,SELL,295,2214.85,653380.75
2025-11-24,OMEGA_BROKING,CL538590,ICICIBANK,BUY,132,2337.38,308534.16
2025-11-20,ALPHA_SEC,CL311562,LT,SELL,189,1967.45,371848.05
2025-11-20,OMEGA_BROKING,CL503908,KOTAKBANK,BUY,197,1378.97,271657.09
2025-11-20,BETA_INVEST,CL470021,INFY,BUY,257,1832.38,470921.66
2025-11-25,BETA_INVEST,CL850735,ITC,SELL,149,2292.91,341643.59
2025-11-26,BETA_INVEST,CL193310,LT,SELL,283,2385.15,674997.45
2025-11-20,BETA_INVEST,CL720583,SBIN,SELL,98,713.35,69908.3
2025-11-24,DELTA_TRADES,CL089422,INFY,SELL,218,1280.01,279042.18
2025-11-22,DELTA_TRADES,CL426578,RELIANCE,SELL,129,467.1,60255.9
2025-11-22,DELTA_TRADES,CL458149,HDFC,SELL,140,1675.92,234628.8
2025-11-25,DELTA_TRADES,CL256412,HDFC,BUY,257,223.94,57552.58
2025-11-23,BETA_INVEST,CL228280,HDFC,SELL,249,162.24,40397.76
2025-11-22,BETA_INVEST,CL222635,AXISBANK,SELL,125,2144.02,268002.5
2025-11-23,ALPHA_SEC,CL993877,RELIANCE,SELL,192,324.49,62302.08
2025-11-22,OMEGA_BROKING,CL995620,RELIANCE,BUY,28,246.85,6911.8
2025-11-22,BETA_INVEST,CL694490,RELIANCE,SELL,24,2196.66,52719.84
2025-11-25,OMEGA_BROKING,CL387304,TATAMOTORS,SELL,170,1163.37,197772.9
2025-11-24,ALPHA_SEC,CL029184,SBIN,SELL,282,1909.79,538560.78
2025-11-25,OMEGA_BROKING,CL699862,AXISBANK,BUY,173,2322.58,401806.34
2025-11-25,DELTA_TRADES,CL901260,AXISBANK,BUY,168,1174.48,197312.64
2025-11-22,ALPHA_SEC,CL652799,KOTAKBANK,BUY,205,558.63,114519.15
2025-11-26,DELTA_TRADES,CL264594,SBIN,BUY,108,853.93,92224.44
2025-11-20,DELTA_TRADES,CL416635,RELIANCE,BUY,289,913.56,264018.84
2025-11-22,DELTA_TRADES,CL743884,RELIANCE,BUY,277,1317.82,365036.14
2025-11-22,DELTA_TRADES,CL364960,TATAMOTORS,BUY,167,1422.75,237599.25
2025-11-21,ALPHA_SEC,CL471659,KOTAKBANK,SELL,297,721.17,214187.49
2025-11-21,DELTA_TRADES,CL933978,HDFC,SELL,196,1356.62,265897.52
2025-11-24,ALPHA_SEC,CL782234,AXISBANK,BUY,269,1979.81,532568.89
2025-11-23,ALPHA_SEC,CL970166,LT,BUY,15,1202.36,18035.4
2025-11-22,ALPHA_SEC,CL144116,KOTAKBANK,BUY,272,2030.92,552410.24
2025-11-25,DELTA_TRADES,CL552558,LT,BUY,121,1160.64,140437.44
2025-11-23,OMEGA_BROKING,CL189794,INFY,BUY,0,2424.61,0.0
2025-11-22,OMEGA_BROKING,CL987150,LT,SELL,13,2025.98,26337.74
2025-11-23,OMEGA_BROKING,CL862935,SBIN,BUY,278,1328.16,369228.48
2025-11-20,ALPHA_SEC,CL595791,ICICIBANK,SELL,90,1585.91,142731.9
2025-11-22,ALPHA_SEC,CL060632,AXISBANK,BUY,134,1587.49,212723.66
2025-11-22,OMEGA_BROKING,CL097375,ICICIBANK,BUY,101,1895.44,191439.44
2025-11-24,OMEGA_BROKING,CL660424,INFY,BUY,140,562.6,78764.0
2025-11-25,OMEGA_BROKING,CL234568,HDFC,BUY,191,2300.67,439427.97
2025-11-24,OMEGA_BROKING,CL643545,TATAMOTORS,BUY,290,1374.11,398491.9
2025-11-24,ALPHA_SEC,CL358967,INFY,SELL,263,1352.38,355675.94
2025-11-24,ALPHA_SEC,CL349217,INFY,BUY,157,2400.01,376801.57
2025-11-24,OMEGA_BROKING,CL831019,KOTAKBANK,BUY,19,1432.17,27211.23
2025-11-21,BETA_INVEST,CL081504,RELIANCE,BUY,220,812.17,178677.4
2025-11-26,ALPHA_SEC,CL162993,HDFC,SELL,57,492.23,28057.11
2025-11-25,OMEGA_BROKING,CL091477,INFY,BUY,131,2282.89,299058.59
2025-11-24,BETA_INVEST,CL153685,ICICIBANK,BUY,177,2360.68,417840.36
2025-11-23,ALPHA_SEC,CL627192,LT,BUY,31,1465.5,45430.5
2025-11-25,ALPHA_SEC,CL700155,SBIN,SELL,201,1677.1,337097.1
2025-11-25,BETA_INVEST,CL108133,LT,SELL,73,1531.0,111763.0
2025-11-26,OMEGA_BROKING,CL758559,HDFC,BUY,74,1150.29,85121.46
2025-11-26,ALPHA_SEC,CL748180,ITC,SELL,89,1084.93,96558.77
2025-11-20,ALPHA_SEC,CL843390,HDFC,SELL,174,609.14,105990.36
2025-11-25,DELTA_TRADES,CL234828,ITC,SELL,232,471.92,109485.44
2025-11-24,OMEGA_BROKING,CL086875,SBIN,BUY,240,2013.72,483292.8
2025-11-26,DELTA_TRADES,CL231673,ICICIBANK,BUY,60,932.63,55957.8
2025-11-21,ALPHA_SEC,CL376473,LT,SELL,201,450.96,90642.96
2025-11-24,ALPHA_SEC,CL489720,HDFC,SELL,289,1577.59,455923.51
2025-11-24,OMEGA_BROKING,CL907653,RELIANCE,SELL,83,2001.01,166083.83
2025-11-23,DELTA_TRADES,CL972846,ICICIBANK,SELL,286,1485.28,424790.08
2025-11-25,BETA_INVEST,CL414951,KOTAKBANK,BUY,96,2420.89,232405.44
2025-11-23,DELTA_TRADES,CL675121,ITC,SELL,30,1537.89,46136.7
2025-11-26,OMEGA_BROKING,CL127095,HDFC,BUY,252,705.88,177881.76
2025-11-22,DELTA_TRADES,CL012630,HDFC,BUY,152,2210.11,335936.72
2025-11-20,OMEGA_BROKING,CL317938,ITC,BUY,75,2141.05,160578.75
2025-11-21,DELTA_TRADES,CL967437,HDFC,SELL,263,1893.55,498003.65
2025-11-25,OMEGA_BROKING,CL802394,ITC,SELL,51,2371.4,120941.4
2025-11-21,BETA_INVEST,CL909107,KOTAKBANK,SELL,20,1244.91,24898.2
2025-11-20,BETA_INVEST,CL769080,LT,BUY,229,498.94,114257.26
2025-11-26,BETA_INVEST,CL171115,SBIN,BUY,208,1574.72,327541.76
2025-11-20,ALPHA_SEC,CL385094,INFY,SELL,50,204.99,10249.5
2025-11-22,ALPHA_SEC,CL040151,HDFC,BUY,239,1923.35,459680.65
2025-11-26,OMEGA_BROKING,CL326694,ICICIBANK,BUY,6,799.85,4799.1
2025-11-21,BETA_INVEST,CL779538,LT,BUY,247,1636.48,404210.56
2025-11-21,OMEGA_BROKING,CL074677,INFY,SELL,104,1253.16,130328.64
2025-11-25,DELTA_TRADES,CL646071,RELIANCE,BUY,62,592.66,36744.92
2025-11-24,OMEGA_BROKING,CL660160,TATAMOTORS,BUY,259,2427.94,628836.46
2025-11-24,OMEGA_BROKING,CL060332,RELIANCE,BUY,287,676.65,194198.55
2025-11-24,OMEGA_BROKING,CL399719,KOTAKBANK,BUY,240,2099.42,503860.8
2025-11-21,DELTA_TRADES,CL411511,AXISBANK,SELL,298,2378.74,708864.52
2025-11-24,DELTA_TRADES,CL235904,AXISBANK,BUY,13,1653.21,21491.73
2025-11-21,DELTA_TRADES,CL379903,ICICIBANK,SELL,175,2422.62,423958.5
2025-11-20,BETA_INVEST,CL669119,KOTAKBANK,SELL,146,2071.42,302427.32
2025-11-24,ALPHA_SEC,CL936242,INFY,BUY,144,2355.03,339124.32
2025-11-23,OMEGA_BROKING,CL029182,TATAMOTORS,BUY,166,570.92,94772.72
2025-11-24,OMEGA_BROKING,CL823509,LT,SELL,101,1132.28,114360.28
2025-11-24,ALPHA_SEC,CL051364,ITC,BUY,210,1289.79,270855.9
2025-11-26,ALPHA_SEC,CL816840,AXISBANK,BUY,4,2186.29,8745.16
2025-11-25,DELTA_TRADES,CL403113,AXISBANK,BUY,83,536.88,44561.04
2025-11-25,OMEGA_BROKING,CL107726,RELIANCE,BUY,88,2367.95,208379.6
2025-11-21,ALPHA_SEC,CL723729,INFY,BUY,209,194.82,40717.38
2025-11-24,ALPHA_SEC,CL769620,LT,BUY,216,2455.55,530398.8
2025-11-23,ALPHA_SEC,CL265933,HDFC,BUY,286,1580.1,451908.6
2025-11-21,ALPHA_SEC,CL576861,AXISBANK,BUY,261,943.22,246180.42
2025-11-24,BETA_INVEST,CL603600,HDFC,BUY,295,1734.3,511618.5
2025-11-24,BETA_INVEST,CL994873,INFY,BUY,172,1231.02,211735.44
2025-11-25,OMEGA_BROKING,CL530388,HDFC,BUY,238,427.18,101668.84
2025-11-23,DELTA_TRADES,CL506775,KOTAKBANK,BUY,276,303.93,83884.68
2025-11-21,OMEGA_BROKING,CL374524,LT,SELL,147,217.28,31940.16
2025-11-25,ALPHA_SEC,CL425867,KOTAKBANK,SELL,190,2424.4,460636.0
2025-11-24,OMEGA_BROKING,CL968691,RELIANCE,SELL,270,688.77,185967.9
2025-11-23,OMEGA_BROKING,CL959766,INFY,SELL,266,603.85,160624.1
2025-11-25,ALPHA_SEC,CL871968,ICICIBANK,BUY,294,2075.73,610264.62
2025-11-20,BETA_INVEST,CL264359,ICICIBANK,SELL,120,1388.48,166617.6
2025-11-24,ALPHA_SEC,CL306296,INFY,BUY,118,584.51,68972.18
2025-11-20,OMEGA_BROKING,CL888711,KOTAKBANK,BUY,228,223.61,50983.08
2025-11-21,BETA_INVEST,CL106292,HDFC,BUY,62,370.35,22961.7
2025-11-26,DELTA_TRADES,CL145307,AXISBANK,SELL,238,2370.08,564079.04
2025-11-24,ALPHA_SEC,CL267215,SBIN,SELL,3,1675.78,5027.34
2025-11-20,ALPHA_SEC,CL682782,INFY,BUY,0,2186.5,0.0
2025-11-21,DELTA_TRADES,CL434103,SBIN,SELL,165,156.48,25819.2
2025-11-24,OMEGA_BROKING,CL556095,ICICIBANK,BUY,179,1467.97,262766.63
2025-11-24,OMEGA_BROKING,CL194781,AXISBANK,SELL,264,526.89,139098.96
2025-11-21,OMEGA_BROKING,CL507208,KOTAKBANK,SELL,87,1552.74,135088.38
2025-11-25,OMEGA_BROKING,CL402973,ITC,BUY,281,1786.34,501961.54
2025-11-24,OMEGA_BROKING,CL071266,HDFC,BUY,211,766.34,161697.74
2025-11-26,BETA_INVEST,CL386305,RELIANCE,BUY,298,891.48,265661.04
2025-11-23,BETA_INVEST,CL313035,RELIANCE,SELL,13,246.76,3207.88
2025-11-23,BETA_INVEST,CL130483,RELIANCE,SELL,51,625.13,31881.63
2025-11-24,DELTA_TRADES,CL599780,SBIN,SELL,218,351.85,76703.3
2025-11-22,BETA_INVEST,CL683268,LT,BUY,298,1579.49,470688.02
2025-11-23,ALPHA_SEC,CL768029,AXISBANK,SELL,136,2167.55,294786.8
2025-11-21,BETA_INVEST,CL704175,ITC,SELL,27,410.36,11079.72
2025-11-24,DELTA_TRADES,CL439120,KOTAKBANK,SELL,136,1187.54,161505.44
2025-11-20,BETA_INVEST,CL740465,INFY,SELL,263,1821.28,478996.64
2025-11-25,ALPHA_SEC,CL917170,ITC,SELL,164,1968.79,322881.56
2025-11-20,ALPHA_SEC,CL348246,LT,SELL,0,567.2,0.0
2025-11-23,DELTA_TRADES,CL360596,RELIANCE,BUY,231,1020.94,235837.14
2025-11-23,BETA_INVEST,CL050560,AXISBANK,SELL,139,2258.86,313981.54
2025-11-21,BETA_INVEST,CL838939,LT,SELL,5,1446.38,7231.9
2025-11-24,DELTA_TRADES,CL729065,KOTAKBANK,BUY,234,1258.57,294505.38
2025-11-25,OMEGA_BROKING,CL007443,INFY,SELL,46,760.55,34985.3
2025-11-20,OMEGA_BROKING,CL864152,RELIANCE,BUY,82,1504.69,123384.58
2025-11-22,DELTA_TRADES,CL720707,SBIN,BUY,260,908.59,236233.4
2025-11-25,BETA_INVEST,CL546485,RELIANCE,SELL,118,1360.97,160594.46
2025-11-26,ALPHA_SEC,CL623255,ICICIBANK,BUY,128,821.96,105210.88
2025-11-25,BETA_INVEST,CL958021,LT,BUY,184,1340.19,246594.96
2025-11-21,DELTA_TRADES,CL834453,AXISBANK,SELL,274,1285.97,352355.78
2025-11-21,ALPHA_SEC,CL082412,SBIN,SELL,108,1565.42,169065.36
2025-11-21,OMEGA_BROKING,CL724902,INFY,SELL,160,827.41,132385.6
2025-11-21,DELTA_TRADES,CL209547,INFY,BUY,193,233.47,45059.71
2025-11-21,BETA_INVEST,CL039769,INFY,BUY,100,427.87,42787.0
2025-11-25,DELTA_TRADES,CL446966,KOTAKBANK,SELL,131,415.49,54429.19
2025-11-25,DELTA_TRADES,CL377050,ICICIBANK,BUY,106,829.63,87940.78
2025-11-25,BETA_INVEST,CL285252,INFY,SELL,166,1191.24,197745.84
2025-11-24,DELTA_TRADES,CL646234,ICICIBANK,BUY,17,1764.46,29995.82
2025-11-20,OMEGA_BROKING,CL927466,ICICIBANK,SELL,53,948.08,50248.24
2025-11-22,BETA_INVEST,CL661508,RELIANCE,BUY,254,1244.31,316054.74
2025-11-22,ALPHA_SEC,CL284238,ICICIBANK,SELL,94,489.64,46026.16
2025-11-22,ALPHA_SEC,CL947894,SBIN,BUY,247,1115.7,275577.9
2025-11-22,BETA_INVEST,CL915261,HDFC,BUY,237,2367.97,561208.89
2025-11-23,ALPHA_SEC,CL200920,AXISBANK,BUY,40,424.67,16986.8
2025-11-22,OMEGA_BROKING,CL740520,ICICIBANK,BUY,108,2120.78,229044.24
2025-11-20,BETA_INVEST,CL487450,AXISBANK,SELL,74,880.89,65185.86
2025-11-22,OMEGA_BROKING,CL768045,LT,BUY,289,857.01,247675.89
2025-11-26,OMEGA_BROKING,CL512165,INFY,SELL,280,1229.72,344321.6
2025-11-25,OMEGA_BROKING,CL735300,INFY,BUY,24,2455.0,58920.0
2025-11-20,OMEGA_BROKING,CL589043,ICICIBANK,BUY,117,1750.69,204830.73
2025-11-20,BETA_INVEST,CL608159,ITC,BUY,139,1647.64,229021.96
2025-11-23,DELTA_TRADES,CL705824,SBIN,SELL,257,1108.33,284840.81
2025-11-21,DELTA_TRADES,CL500394,SBIN,SELL,145,763.85,110758.25
2025-11-21,DELTA_TRADES,CL183379,ICICIBANK,BUY,216,1735.19,374801.04
2025-11-20,DELTA_TRADES,CL560340,INFY,BUY,234,1536.74,359597.16
2025-11-24,BETA_INVEST,CL756941,ICICIBANK,SELL,59,530.8,31317.2
2025-11-24,ALPHA_SEC,CL061943,TATAMOTORS,BUY,65,2390.5,155382.5
2025-11-20,OMEGA_BROKING,CL446962,KOTAKBANK,SELL,184,995.04,183087.36
2025-11-23,DELTA_TRADES,CL879482,AXISBANK,SELL,193,424.54,81936.22
2025-11-21,BETA_INVEST,CL562481,INFY,SELL,11,1210.08,13310.88
2025-11-22,OMEGA_BROKING,CL665757,TATAMOTORS,SELL,97,486.99,47238.03
2025-11-20,ALPHA_SEC,CL116992,SBIN,BUY,144,286.74,41290.56
2025-11-24,DELTA_TRADES,CL245126,SBIN,BUY,126,1472.3,185509.8
2025-11-21,OMEGA_BROKING,CL048767,HDFC,BUY,207,384.88,79670.16
2025-11-25,DELTA_TRADES,CL926186,LT,BUY,228,246.27,56149.56
2025-11-20,ALPHA_SEC,CL818543,AXISBANK,BUY,209,2138.49,446944.41
2025-11-21,ALPHA_SEC,CL081760,HDFC,BUY,238,717.84,170845.92
2025-11-23,OMEGA_BROKING,CL702270,TATAMOTORS,SELL,19,240.44,4568.36
2025-11-23,DELTA_TRADES,CL169372,HDFC,BUY,121,1195.3,144631.3
2025-11-26,OMEGA_BROKING,CL158408,ICICIBANK,SELL,272,2262.37,615364.64
2025-11-23,BETA_INVEST,CL473734,HDFC,BUY,208,2218.83,461516.64
2025-11-20,DELTA_TRADES,CL490557,AXISBANK,SELL,44,464.31,20429.64
2025-11-22,BETA_INVEST,CL830716,ICICIBANK,BUY,170,2321.08,394583.6
2025-11-20,DELTA_TRADES,CL560340,INFY,BUY,235,1536.74,361133.9
2025-11-21,DELTA_TRADES,CL362138,RELIANCE,SELL,227,291.57,66186.39
2025-11-21,ALPHA_SEC,CL488567,ICICIBANK,BUY,145,1819.04,263760.8
2025-11-26,OMEGA_BROKING,CL241632,LT,SELL,59,1618.36,95483.24
2025-11-23,ALPHA_SEC,CL033764,AXISBANK,BUY,126,2418.85,304775.1
2025-11-20,OMEGA_BROKING,CL706961,LT,BUY,267,881.83,235448.61
2025-11-24,BETA_INVEST,CL193725,HDFC,SELL,114,1721.84,196289.76
2025-11-23,DELTA_TRADES,CL052673,RELIANCE,BUY,253,600.69,151974.57
2025-11-25,ALPHA_SEC,CL408732,LT,SELL,121,2004.02,242486.42
2025-11-22,DELTA_TRADES,CL021675,HDFC,SELL,64,901.56,57699.84
2025-11-20,OMEGA_BROKING,CL448715,HDFC,SELL,296,1588.21,470110.16
2025-11-25,DELTA_TRADES,CL539374,AXISBANK,SELL,150,1196.15,179422.5
2025-11-25,DELTA_TRADES,CL519548,TATAMOTORS,SELL,3,1682.22,5046.66
2025-11-22,DELTA_TRADES,CL513251,ITC,SELL,195,883.86,172352.7
2025-11-21,DELTA_TRADES,CL043622,LT,SELL,240,2064.93,495583.2
2025-11-22,OMEGA_BROKING,CL615868,LT,BUY,121,1876.18,227017.78
2025-11-24,DELTA_TRADES,CL777501,AXISBANK,SELL,121,572.7,69296.7
2025-11-26,ALPHA_SEC,CL805370,LT,BUY,74,1442.62,106753.88
2025-11-20,DELTA_TRADES,CL154193,INFY,BUY,57,1641.51,93566.07
2025-11-20,ALPHA_SEC,CL052005,INFY,BUY,19,1452.63,27599.97
2025-11-20,DELTA_TRADES,CL639091,HDFC,SELL,89,150.74,13415.86
2025-11-20,DELTA_TRADES,CL601238,KOTAKBANK,BUY,12,2258.34,27100.08
2025-11-20,BETA_INVEST,CL232975,ITC,SELL,33,2491.46,82218.18
2025-11-23,ALPHA_SEC,CL864852,KOTAKBANK,BUY,206,1036.7,213560.2
2025-11-26,BETA_INVEST,CL640964,INFY,SELL,93,1765.19,164162.67
2025-11-20,BETA_INVEST,CL790201,SBIN,BUY,195,157.71,30753.45
2025-11-20,ALPHA_SEC,CL052005,INFY,BUY,20,1452.63,29052.6
2025-11-23,BETA_INVEST,CL777698,TATAMOTORS,BUY,18,978.85,17619.3
2025-11-26,DELTA_TRADES,CL022087,HDFC,BUY,176,1408.22,247846.72
2025-11-23,BETA_INVEST,CL843929,HDFC,SELL,294,2006.34,589863.96
2025-11-26,ALPHA_SEC,CL384677,LT,SELL,53,2155.74,114254.22
2025-11-23,BETA_INVEST,CL576032,ITC,SELL,147,680.79,100076.13
2025-11-26,BETA_INVEST,CL326807,KOTAKBANK,SELL,48,2287.22,109786.56
2025-11-24,DELTA_TRADES,CL920877,ICICIBANK,SELL,170,1358.73,230984.1
2025-11-24,OMEGA_BROKING,CL243198,HDFC,BUY,56,818.72,45848.32
2025-11-23,ALPHA_SEC,CL109528,LT,BUY,299,676.02,202129.98
2025-11-25,OMEGA_BROKING,CL128785,ICICIBANK,BUY,68,1544.13,105000.84
2025-11-22,OMEGA_BROKING,CL659302,AXISBANK,BUY,256,2465.99,631293.44
2025-11-24,OMEGA_BROKING,CL647324,ITC,SELL,154,1041.22,160347.88
2025-11-21,BETA_INVEST,CL099735,HDFC,BUY,89,1855.62,165150.18
2025-11-20,OMEGA_BROKING,CL408626,AXISBANK,SELL,169,1016.12,171724.28
2025-11-24,BETA_INVEST,CL060188,AXISBANK,SELL,274,864.84,236966.16
2025-11-23,ALPHA_SEC,CL945598,HDFC,BUY,285,1633.86,465650.1
2025-11-20,OMEGA_BROKING,CL252619,INFY,SELL,263,1488.53,391483.39
2025-11-21,ALPHA_SEC,CL647409,RELIANCE,SELL,268,1278.85,342731.8
2025-11-22,BETA_INVEST,CL885997,AXISBANK,SELL,3,2492.44,7477.32
2025-11-20,DELTA_TRADES,CL210431,HDFC,SELL,120,241.23,28947.6
2025-11-26,BETA_INVEST,CL689206,ICICIBANK,BUY,58,356.59,20682.22
2025-11-21,OMEGA_BROKING,CL619428,ITC,BUY,158,147.96,23377.68
2025-11-24,OMEGA_BROKING,CL173058,ICICIBANK,SELL,105,2493.27,261793.35
2025-11-24,DELTA_TRADES,CL894713,HDFC,SELL,187,1728.32,323195.84
2025-11-24,ALPHA_SEC,CL529541,RELIANCE,SELL,228,399.59,91106.52
2025-11-21,OMEGA_BROKING,CL564569,RELIANCE,SELL,62,221.68,13744.16
2025-11-20,OMEGA_BROKING,CL172680,ITC,SELL,165,1636.2,269973.0
2025-11-24,DELTA_TRADES,CL859299,INFY,SELL,195,889.0,173355.0
2025-11-24,OMEGA_BROKING,CL952413,KOTAKBANK,BUY,298,1646.42,490633.16
2025-11-25,OMEGA_BROKING,CL979155,AXISBANK,BUY,219,2000.13,438028.47
2025-11-25,ALPHA_SEC,CL497006,ITC,BUY,210,325.25,68302.5
2025-11-26,BETA_INVEST,CL435140,RELIANCE,BUY,117,639.51,74822.67
2025-11-22,DELTA_TRADES,CL682473,SBIN,SELL,138,1660.46,229143.48
2025-11-24,BETA_INVEST,CL125670,KOTAKBANK,BUY,225,404.18,90940.5
2025-11-25,ALPHA_SEC,CL913637,AXISBANK,SELL,207,1893.97,392051.79
2025-11-21,ALPHA_SEC,CL592725,INFY,BUY,53,1147.65,60825.45
2025-11-22,BETA_INVEST,CL125831,ITC,BUY,203,633.79,128659.37
2025-11-23,BETA_INVEST,CL156232,INFY,SELL,292,1516.13,442709.96
2025-11-21,OMEGA_BROKING,CL200091,TATAMOTORS,BUY,62,977.58,60609.96
2025-11-25,ALPHA_SEC,CL389480,ICICIBANK,SELL,40,2226.94,89077.6
2025-11-20,DELTA_TRADES,CL336982,SBIN,BUY,122,2005.94,244724.68
2025-11-21,DELTA_TRADES,CL742031,HDFC,BUY,6,2146.53,12879.18
2025-11-22,OMEGA_BROKING,CL439891,LT,SELL,82,1859.2,152454.4
2025-11-20,DELTA_TRADES,CL053757,LT,SELL,215,2471.01,531267.15
2025-11-22,ALPHA_SEC,CL904350,LT,SELL,165,1153.13,190266.45
2025-11-25,ALPHA_SEC,CL070327,SBIN,SELL,262,1329.61,348357.82
2025-11-24,BETA_INVEST,CL245628,LT,SELL,268,1670.32,447645.76
2025-11-22,DELTA_TRADES,CL197835,LT,SELL,193,2388.04,460891.72
2025-11-25,BETA_INVEST,CL344563,RELIANCE,SELL,158,2326.91,367651.78
2025-11-23,ALPHA_SEC,CL651618,SBIN,SELL,255,713.7,181993.5
2025-11-20,BETA_INVEST,CL363391,INFY,SELL,85,1122.21,95387.85
2025-11-20,ALPHA_SEC,CL864090,AXISBANK,BUY,128,1919.41,245684.48
2025-11-21,BETA_INVEST,CL237036,TATAMOTORS,BUY,46,336.77,15491.42
2025-11-21,DELTA_TRADES,CL845204,ICICIBANK,BUY,293,1316.26,385664.18
2025-11-21,BETA_INVEST,CL906285,SBIN,BUY,259,701.39,181660.01
2025-11-21,OMEGA_BROKING,CL181307,ITC,BUY,242,789.54,191068.68
2025-11-25,DELTA_TRADES,CL365763,KOTAKBANK,SELL,272,613.17,166782.24
2025-11-22,OMEGA_BROKING,CL387650,HDFC,SELL,44,2214.48,97437.12
2025-11-21,OMEGA_BROKING,CL908468,RELIANCE,BUY,285,658.32,187621.2
2025-11-22,OMEGA_BROKING,CL803066,ITC,SELL,190,1406.58,267250.2
2025-11-20,ALPHA_SEC,CL014995,SBIN,BUY,11,958.08,10538.88
2025-11-21,DELTA_TRADES,CL656528,HDFC,BUY,232,1018.92,236389.44
2025-11-21,DELTA_TRADES,CL817942,SBIN,SELL,92,1543.66,142016.72
2025-11-25,ALPHA_SEC,CL959330,AXISBANK,SELL,84,1994.92,167573.28
2025-11-26,DELTA_TRADES,CL402391,KOTAKBANK,BUY,247,249.64,61661.08
2025-11-24,ALPHA_SEC,CL738627,AXISBANK,SELL,288,2411.82,694604.16
2025-11-25,ALPHA_SEC,CL327334,SBIN,SELL,75,793.91,59543.25
2025-11-24,DELTA_TRADES,CL631234,ITC,BUY,105,1323.36,138952.8
2025-11-20,ALPHA_SEC,CL381930,HDFC,BUY,18,931.89,16774.02
2025-11-23,DELTA_TRADES,CL110691,INFY,BUY,109,813.57,88679.13
2025-11-23,DELTA_TRADES,CL958107,ITC,SELL,297,2417.48,717991.56
2025-11-23,BETA_INVEST,CL969685,AXISBANK,BUY,180,1287.01,231661.8
2025-11-23,ALPHA_SEC,CL124024,TATAMOTORS,BUY,297,1172.76,348309.72
2025-11-24,DELTA_TRADES,CL938861,ICICIBANK,BUY,279,2461.92,686875.68
2025-11-25,BETA_INVEST,CL189303,ICICIBANK,SELL,267,1133.05,302524.35
2025-11-25,ALPHA_SEC,CL135295,AXISBANK,SELL,159,531.49,84506.91
2025-11-21,ALPHA_SEC,CL488567,ICICIBANK,BUY,145,1819.04,263760.8
2025-11-20,BETA_INVEST,CL996113,ICICIBANK,SELL,145,1435.45,208140.25
2025-11-22,BETA_INVEST,CL820388,AXISBANK,SELL,122,2333.65,284705.3
2025-11-21,ALPHA_SEC,CL082802,SBIN,BUY,87,2221.08,193233.96
2025-11-20,DELTA_TRADES,CL925687,RELIANCE,SELL,203,1103.97,224105.91
2025-11-20,OMEGA_BROKING,CL184384,INFY,BUY,98,1425.84,139732.32
2025-11-24,ALPHA_SEC,CL314956,SBIN,BUY,277,1730.64,479387.28
2025-11-23,ALPHA_SEC,CL511850,AXISBANK,BUY,112,2036.98,228141.76
2025-11-22,DELTA_TRADES,CL714424,LT,SELL,219,1643.71,359972.49
2025-11-21,OMEGA_BROKING,CL681680,INFY,BUY,280,2092.17,585807.6
2025-11-21,BETA_INVEST,CL912461,KOTAKBANK,SELL,89,2089.16,185935.24
2025-11-22,ALPHA_SEC,CL326250,RELIANCE,SELL,171,1675.47,286505.37
2025-11-23,BETA_INVEST,CL752536,TATAMOTORS,SELL,91,1495.65,136104.15
2025-11-26,OMEGA_BROKING,CL182093,ITC,SELL,103,1767.61,182063.83
2025-11-20,DELTA_TRADES,CL538789,AXISBANK,SELL,246,458.15,112704.9
2025-11-21,BETA_INVEST,CL906141,ICICIBANK,SELL,167,2280.39,380825.13
2025-11-22,OMEGA_BROKING,CL012908,TATAMOTORS,SELL,125,2256.31,282038.75
2025-11-21,DELTA_TRADES,CL457267,INFY,SELL,197,1291.39,254403.83
2025-11-22,ALPHA_SEC,CL398870,HDFC,SELL,140,1463.15,204841.0
2025-11-24,ALPHA_SEC,CL779420,ICICIBANK,BUY,27,1087.46,29361.42
2025-11-24,BETA_INVEST,CL905058,RELIANCE,SELL,90,1930.46,173741.4
2025-11-22,ALPHA_SEC,CL980268,KOTAKBANK,BUY,148,2434.69,360334.12
2025-11-23,ALPHA_SEC,CL523013,ICICIBANK,BUY,104,433.98,45133.92
2025-11-22,ALPHA_SEC,CL333238,SBIN,SELL,15,406.76,6101.4
2025-11-20,DELTA_TRADES,CL211116,ICICIBANK,SELL,225,1962.3,441517.5
2025-11-26,DELTA_TRADES,CL459497,ITC,SELL,154,571.36,87989.44
2025-11-21,DELTA_TRADES,CL328329,SBIN,BUY,116,457.43,53061.88
2025-11-26,OMEGA_BROKING,CL263330,TATAMOTORS,BUY,149,805.99,120092.51
2025-11-25,BETA_INVEST,CL162918,AXISBANK,BUY,16,764.75,12236.0
2025-11-22,DELTA_TRADES,CL432930,KOTAKBANK,BUY,119,324.51,38616.69
2025-11-21,OMEGA_BROKING,CL852740,KOTAKBANK,SELL,163,578.23,94251.49
2025-11-20,ALPHA_SEC,CL289908,ICICIBANK,BUY,187,1103.06,206272.22
2025-11-20,OMEGA_BROKING,CL072947,SBIN,SELL,36,563.71,20293.56
2025-11-22,OMEGA_BROKING,CL890116,INFY,BUY,230,1305.6,300288.0
2025-11-22,OMEGA_BROKING,CL009478,ICICIBANK,BUY,290,512.65,148668.5
2025-11-20,DELTA_TRADES,CL560340,INFY,BUY,233,1536.74,358060.42
2025-11-20,ALPHA_SEC,CL229367,ITC,SELL,84,914.09,76783.56
2025-11-26,OMEGA_BROKING,CL912450,ITC,BUY,43,2288.48,98404.64
2025-11-25,ALPHA_SEC,CL687225,KOTAKBANK,SELL,185,171.84,31790.4
2025-11-22,OMEGA_BROKING,CL987150,LT,SELL,7,2025.98,14181.86
2025-11-20,OMEGA_BROKING,CL977885,INFY,SELL,212,1379.56,292466.72
2025-11-20,DELTA_TRADES,CL624535,HDFC,SELL,155,2442.87,378644.85
2025-11-23,DELTA_TRADES,CL143459,KOTAKBANK,SELL,128,1100.0,140800.0
2025-11-22,BETA_INVEST,CL840593,KOTAKBANK,SELL,31,2277.73,70609.63
2025-11-23,OMEGA_BROKING,CL841628,RELIANCE,SELL,173,1167.27,201937.71
2025-11-23,BETA_INVEST,CL287948,RELIANCE,BUY,172,1256.68,216148.96
2025-11-25,DELTA_TRADES,CL607473,LT,SELL,93,1580.23,146961.39
2025-11-24,BETA_INVEST,CL754758,HDFC,SELL,137,219.4,30057.8
2025-11-20,DELTA_TRADES,CL984353,ICICIBANK,SELL,106,365.25,38716.5
2025-11-23,ALPHA_SEC,CL791958,SBIN,BUY,232,1081.78,250972.96
2025-11-22,DELTA_TRADES,CL634574,ITC,SELL,43,374.19,16090.17
2025-11-23,BETA_INVEST,CL287948,RELIANCE,BUY,176,1256.68,221175.68
2025-11-21,OMEGA_BROKING,CL426120,KOTAKBANK,BUY,278,394.34,109626.52
2025-11-23,DELTA_TRADES,CL350104,ICICIBANK,SELL,217,363.86,78957.62
2025-11-24,BETA_INVEST,CL822250,ITC,SELL,267,949.34,253473.78
2025-11-23,BETA_INVEST,CL642119,LT,BUY,105,1636.79,171862.95
2025-11-25,OMEGA_BROKING,CL783711,ICICIBANK,SELL,170,1993.62,338915.4
2025-11-24,ALPHA_SEC,CL847463,SBIN,BUY,224,287.98,64507.52
2025-11-23,DELTA_TRADES,CL401849,ITC,BUY,230,345.44,79451.2
2025-11-23,ALPHA_SEC,CL616375,HDFC,BUY,154,332.5,51205.0
2025-11-25,ALPHA_SEC,CL469343,SBIN,SELL,215,839.17,180421.55
2025-11-25,ALPHA_SEC,CL156603,AXISBANK,SELL,32,1893.44,60590.08
2025-11-25,BETA_INVEST,CL537675,HDFC,SELL,295,816.85,240970.75
2025-11-24,DELTA_TRADES,CL873579,INFY,SELL,182,1606.34,292353.88
2025-11-24,ALPHA_SEC,CL432754,LT,BUY,130,380.25,49432.5
2025-11-24,ALPHA_SEC,CL333972,TATAMOTORS,BUY,136,125.15,17020.4
2025-11-24,ALPHA_SEC,CL191249,INFY,SELL,76,471.13,35805.88
2025-11-26,DELTA_TRADES,CL054343,ITC,BUY,7,1288.55,9019.85
2025-11-26,ALPHA_SEC,CL703036,HDFC,SELL,182,2130.91,387825.62
2025-11-20,ALPHA_SEC,CL771657,AXISBANK,SELL,99,517.02,51184.98
2025-11-23,DELTA_TRADES,CL893215,INFY,BUY,146,1037.0,151402.0
2025-11-24,BETA_INVEST,CL480777,SBIN,SELL,155,1756.67,272283.85
2025-11-26,OMEGA_BROKING,CL350332,KOTAKBANK,SELL,187,1884.81,352459.47
2025-11-26,BETA_INVEST,CL084776,INFY,SELL,142,610.11,86635.62
2025-11-23,DELTA_TRADES,CL257002,INFY,BUY,149,1834.5,273340.5
2025-11-25,BETA_INVEST,CL915654,SBIN,SELL,235,1790.13,420680.55
2025-11-25,DELTA_TRADES,CL033177,SBIN,BUY,79,144.74,11434.46
2025-11-20,OMEGA_BROKING,CL468499,KOTAKBANK,SELL,35,382.62,13391.7
2025-11-20,ALPHA_SEC,CL039323,LT,SELL,195,728.66,142088.7
2025-11-20,ALPHA_SEC,CL580021,KOTAKBANK,SELL,46,746.41,34334.86
2025-11-23,DELTA_TRADES,CL578857,HDFC,BUY,260,693.03,180187.8
2025-11-23,OMEGA_BROKING,CL841628,RELIANCE,SELL,173,1167.27,201937.71
2025-11-26,BETA_INVEST,CL542991,RELIANCE,BUY,108,1050.51,113455.08
2025-11-24,OMEGA_BROKING,CL915355,HDFC,BUY,263,833.94,219326.22
2025-11-24,ALPHA_SEC,CL009706,LT,SELL,128,2013.96,257786.88
2025-11-22,ALPHA_SEC,CL370200,SBIN,BUY,133,947.63,126034.79
2025-11-25,BETA_INVEST,CL800806,KOTAKBANK,SELL,195,2261.06,440906.7
2025-11-26,OMEGA_BROKING,CL405645,ICICIBANK,BUY,119,1758.5,209261.5
2025-11-23,BETA_INVEST,CL443899,RELIANCE,BUY,223,1777.88,396467.24
2025-11-21,ALPHA_SEC,CL964378,ITC,SELL,66,1940.68,128084.88
2025-11-26,OMEGA_BROKING,CL935470,ICICIBANK,BUY,232,347.67,80659.44
2025-11-23,BETA_INVEST,CL226408,RELIANCE,BUY,98,2040.13,199932.74
2025-11-23,BETA_INVEST,CL199079,RELIANCE,BUY,289,807.1,233251.9
2025-11-20,DELTA_TRADES,CL099297,LT,BUY,262,2302.5,603255.0
2025-11-26,BETA_INVEST,CL450606,AXISBANK,SELL,130,2438.99,317068.7
2025-11-25,ALPHA_SEC,CL965358,ITC,SELL,24,124.56,2989.44
2025-11-23,OMEGA_BROKING,CL753949,TATAMOTORS,SELL,269,1117.0,300473.0
2025-11-24,BETA_INVEST,CL763805,KOTAKBANK,SELL,47,287.97,13534.59
2025-11-22,DELTA_TRADES,CL599628,AXISBANK,SELL,300,1805.01,541503.0
2025-11-23,BETA_INVEST,CL004097,RELIANCE,BUY,208,2034.1,423092.8
2025-11-26,OMEGA_BROKING,CL628655,KOTAKBANK,SELL,201,1117.25,224567.25
2025-11-22,BETA_INVEST,CL406700,RELIANCE,BUY,87,537.46,46759.02
2025-11-23,BETA_INVEST,CL155212,KOTAKBANK,SELL,145,1242.23,180123.35
2025-11-26,ALPHA_SEC,CL079067,TATAMOTORS,SELL,99,1178.2,116641.8
2025-11-26,OMEGA_BROKING,CL080082,LT,SELL,70,1202.74,84191.8
2025-11-23,DELTA_TRADES,CL944999,ICICIBANK,BUY,100,2238.17,223817.0
2025-11-26,BETA_INVEST,CL858306,RELIANCE,SELL,174,1904.33,331353.42
2025-11-20,ALPHA_SEC,CL259494,RELIANCE,SELL,125,2346.09,293261.25
2025-11-24,OMEGA_BROKING,CL813665,KOTAKBANK,BUY,189,674.6,127499.4
2025-11-24,ALPHA_SEC,CL408913,LT,BUY,131,2277.0,298287.0
2025-11-25,ALPHA_SEC,CL328754,LT,BUY,40,1427.86,57114.4
2025-11-26,DELTA_TRADES,CL500089,AXISBANK,SELL,32,377.87,12091.84
2025-11-23,OMEGA_BROKING,CL721927,INFY,SELL,7,2382.93,16680.51
2025-11-22,DELTA_TRADES,CL867996,SBIN,SELL,179,1140.23,204101.17
2025-11-21,ALPHA_SEC,CL277342,ITC,SELL,76,262.01,19912.76
2025-11-22,OMEGA_BROKING,CL261404,AXISBANK,SELL,32,1192.57,38162.24
2025-11-26,ALPHA_SEC,CL983814,HDFC,BUY,271,926.43,251062.53
2025-11-22,OMEGA_BROKING,CL685725,INFY,SELL,110,531.9,58509.0
2025-11-25,DELTA_TRADES,CL327850,KOTAKBANK,SELL,72,2430.25,174978.0
2025-11-20,OMEGA_BROKING,CL400320,ITC,BUY,281,2444.42,686882.02
2025-11-23,DELTA_TRADES,CL550051,ICICIBANK,SELL,229,2490.91,570418.39
2025-11-24,DELTA_TRADES,CL374679,HDFC,BUY,198,1065.41,210951.18
2025-11-21,DELTA_TRADES,CL494376,RELIANCE,BUY,265,2215.13,587009.45
2025-11-25,OMEGA_BROKING,CL732800,RELIANCE,SELL,9,1692.28,15230.52
2025-11-24,OMEGA_BROKING,CL460821,RELIANCE,BUY,53,2187.37,115930.61
2025-11-25,OMEGA_BROKING,CL408537,LT,SELL,48,2205.33,105855.84
2025-11-20,DELTA_TRADES,CL170614,RELIANCE,BUY,181,2412.7,436698.7
2025-11-23,DELTA_TRADES,CL052673,RELIANCE,BUY,258,600.69,154978.02
2025-11-26,ALPHA_SEC,CL265016,ICICIBANK,BUY,10,685.92,6859.2
2025-11-23,DELTA_TRADES,CL601504,KOTAKBANK,SELL,147,599.25,88089.75
2025-11-25,ALPHA_SEC,CL297886,HDFC,BUY,62,1397.44,86641.28
2025-11-20,DELTA_TRADES,CL798160,HDFC,SELL,94,2044.37,192170.78
2025-11-23,OMEGA_BROKING,CL447236,ITC,BUY,172,1309.45,225225.4
2025-11-23,DELTA_TRADES,CL142052,INFY,BUY,62,1544.76,95775.12
2025-11-25,BETA_INVEST,CL422737,ITC,BUY,269,1129.36,303797.84
2025-11-21,DELTA_TRADES,CL242316,INFY,BUY,257,645.81,165973.17
2025-11-22,BETA_INVEST,CL281174,ICICIBANK,SELL,219,1652.19,361829.61
2025-11-21,BETA_INVEST,CL653734,AXISBANK,BUY,115,1749.08,201144.2
2025-11-23,ALPHA_SEC,CL301824,HDFC,BUY,109,1527.84,166534.56
2025-11-20,BETA_INVEST,CL688205,LT,SELL,177,2321.17,410847.09
2025-11-24,DELTA_TRADES,CL387626,TATAMOTORS,SELL,298,439.54,130982.92
2025-11-25,OMEGA_BROKING,CL709451,INFY,SELL,27,2450.84,66172.68
2025-11-26,OMEGA_BROKING,CL463043,TATAMOTORS,BUY,254,1207.59,306727.86
2025-11-22,BETA_INVEST,CL255706,RELIANCE,SELL,242,147.22,35627.24
2025-11-21,DELTA_TRADES,CL183379,ICICIBANK,BUY,216,1735.19,374801.04
2025-11-22,BETA_INVEST,CL872910,KOTAKBANK,SELL,44,976.01,42944.44
2025-11-23,DELTA_TRADES,CL338964,HDFC,BUY,89,2447.53,217830.17
2025-11-21,OMEGA_BROKING,CL890042,ITC,SELL,119,1352.7,160971.3
2025-11-25,OMEGA_BROKING,CL792450,KOTAKBANK,BUY,232,926.92,215045.44
2025-11-20,BETA_INVEST,CL153730,INFY,SELL,163,277.51,45234.13
2025-11-22,DELTA_TRADES,CL063722,RELIANCE,BUY,265,772.23,204640.95
2025-11-26,BETA_INVEST,CL723189,KOTAKBANK,BUY,128,971.89,124401.92
2025-11-24,ALPHA_SEC,CL489720,HDFC,SELL,290,1577.59,457501.1
2025-11-21,BETA_INVEST,CL638391,AXISBANK,BUY,67,2046.0,137082.0
2025-11-25,OMEGA_BROKING,CL443929,RELIANCE,SELL,59,669.46,39498.14
2025-11-23,DELTA_TRADES,CL019370,RELIANCE,SELL,218,121.86,26565.48
2025-11-24,ALPHA_SEC,CL024653,SBIN,BUY,38,692.35,26309.3
2025-11-26,BETA_INVEST,CL738757,INFY,BUY,96,1415.51,135888.96
2025-11-21,ALPHA_SEC,CL870957,SBIN,SELL,112,2246.69,251629.28
2025-11-24,BETA_INVEST,CL142151,LT,BUY,177,1355.14,239859.78
2025-11-21,DELTA_TRADES,CL982184,LT,SELL,117,779.89,91247.13
2025-11-24,BETA_INVEST,CL041176,KOTAKBANK,BUY,133,1320.94,175685.02
2025-11-25,ALPHA_SEC,CL362533,ITC,SELL,126,2066.94,260434.44
2025-11-24,DELTA_TRADES,CL948827,KOTAKBANK,SELL,176,1786.99,314510.24
2025-11-21,DELTA_TRADES,CL388693,TATAMOTORS,SELL,165,1300.18,214529.7
2025-11-24,OMEGA_BROKING,CL235858,SBIN,SELL,64,943.55,60387.2
2025-11-22,BETA_INVEST,CL264043,LT,BUY,226,1591.62,359706.12
2025-11-22,OMEGA_BROKING,CL829116,ITC,BUY,18,2182.75,39289.5
2025-11-23,BETA_INVEST,CL292061,INFY,BUY,111,1514.19,168075.09
2025-11-26,ALPHA_SEC,CL429888,ITC,SELL,215,2079.71,447137.65
2025-11-21,DELTA_TRADES,CL427127,RELIANCE,SELL,19,700.67,13312.73
2025-11-23,DELTA_TRADES,CL544372,LT,SELL,249,806.85,200905.65
2025-11-24,OMEGA_BROKING,CL907653,RELIANCE,SELL,83,2001.01,166083.83
2025-11-26,DELTA_TRADES,CL491348,INFY,BUY,160,1233.88,197420.8
2025-11-25,DELTA_TRADES,CL426985,KOTAKBANK,BUY,128,2257.39,288945.92
2025-11-21,OMEGA_BROKING,CL302586,LT,BUY,73,310.49,22665.77
2025-11-24,BETA_INVEST,CL441270,INFY,SELL,22,564.17,12411.74
2025-11-21,BETA_INVEST,CL054558,LT,SELL,238,2220.18,528402.84
2025-11-22,DELTA_TRADES,CL015296,ITC,SELL,17,1424.8,24221.6
2025-11-26,BETA_INVEST,CL723189,KOTAKBANK,BUY,125,971.89,121486.25
2025-11-23,OMEGA_BROKING,CL423377,KOTAKBANK,SELL,216,785.89,169752.24
2025-11-22,OMEGA_BROKING,CL420010,AXISBANK,SELL,104,1852.95,192706.8
2025-11-23,ALPHA_SEC,CL604496,ITC,BUY,41,1671.48,68530.68
2025-11-26,DELTA_TRADES,CL182192,ICICIBANK,BUY,203,1861.71,377927.13
2025-11-23,BETA_INVEST,CL797753,KOTAKBANK,BUY,159,881.38,140139.42
2025-11-25,ALPHA_SEC,CL852949,AXISBANK,SELL,292,755.61,220638.12
2025-11-26,DELTA_TRADES,CL891454,ICICIBANK,SELL,209,890.46,186106.14
2025-11-23,DELTA_TRADES,CL846198,ITC,SELL,223,2407.41,536852.43
2025-11-22,ALPHA_SEC,CL875587,ICICIBANK,SELL,178,670.44,119338.32
2025-11-21,ALPHA_SEC,CL790506,KOTAKBANK,SELL,168,960.51,161365.68
2025-11-25,BETA_INVEST,CL892169,INFY,BUY,162,560.54,90807.48
2025-11-24,BETA_INVEST,CL381298,KOTAKBANK,SELL,27,2123.24,57327.48
2025-11-22,BETA_INVEST,CL455494,ICICIBANK,BUY,298,664.31,197964.38
2025-11-23,BETA_INVEST,CL478936,RELIANCE,BUY,123,2127.43,261673.89
2025-11-23,DELTA_TRADES,CL425455,AXISBANK,SELL,154,1041.1,160329.4
2025-11-24,OMEGA_BROKING,CL271916,ICICIBANK,SELL,162,300.89,48744.18
2025-11-23,BETA_INVEST,CL607262,LT,BUY,216,1399.96,302391.36
2025-11-22,ALPHA_SEC,CL210070,ICICIBANK,SELL,225,722.27,162510.75
2025-11-22,DELTA_TRADES,CL711231,TATAMOTORS,BUY,282,877.17,247361.94
2025-11-23,ALPHA_SEC,CL868232,LT,BUY,106,840.01,89041.06
2025-11-26,ALPHA_SEC,CL336259,RELIANCE,SELL,85,1934.25,164411.25
2025-11-23,DELTA_TRADES,CL827540,INFY,SELL,213,693.41,147696.33
2025-11-26,ALPHA_SEC,CL135322,INFY,SELL,131,2231.17,292283.27
2025-11-26,OMEGA_BROKING,CL963543,ITC,SELL,191,544.19,103940.29
2025-11-21,DELTA_TRADES,CL434103,SBIN,SELL,165,156.48,25819.2
2025-11-20,OMEGA_BROKING,CL018682,AXISBANK,BUY,292,1941.8,567005.6
2025-11-25,BETA_INVEST,CL941703,ICICIBANK,BUY,255,1223.4,311967.0
2025-11-25,DELTA_TRADES,CL532253,RELIANCE,BUY,114,934.59,106543.26
2025-11-25,OMEGA_BROKING,CL701117,LT,SELL,212,967.29,205065.48
2025-11-23,DELTA_TRADES,CL624526,ICICIBANK,SELL,124,2185.96,271059.04
2025-11-21,OMEGA_BROKING,CL724902,INFY,SELL,160,827.41,132385.6
2025-11-25,ALPHA_SEC,CL718477,KOTAKBANK,BUY,261,1128.6,294564.6
2025-11-21,DELTA_TRADES,CL221011,LT,SELL,27,1622.1,43796.7
2025-11-20,OMEGA_BROKING,CL650261,LT,SELL,88,2434.51,214236.88
2025-11-20,DELTA_TRADES,CL150852,ICICIBANK,BUY,203,1813.78,368197.34
2025-11-22,ALPHA_SEC,CL070994,ITC,BUY,155,2263.66,350867.3
2025-11-22,BETA_INVEST,CL118864,RELIANCE,SELL,218,1407.13,306754.34
2025-11-25,BETA_INVEST,CL090379,LT,BUY,0,2345.79,0.0
2025-11-20,ALPHA_SEC,CL699520,RELIANCE,SELL,157,2143.09,336465.13
2025-11-25,OMEGA_BROKING,CL804296,ITC,BUY,281,1923.99,540641.19
2025-11-21,OMEGA_BROKING,CL174702,SBIN,SELL,191,152.51,29129.41
2025-11-21,DELTA_TRADES,CL548305,HDFC,SELL,80,580.37,46429.6
2025-11-20,OMEGA_BROKING,CL546900,SBIN,SELL,236,1204.28,284210.08
2025-11-20,BETA_INVEST,CL342461,SBIN,SELL,109,937.51,102188.59
2025-11-20,ALPHA_SEC,CL184784,KOTAKBANK,SELL,71,2135.4,151613.4
2025-11-22,OMEGA_BROKING,CL655734,ITC,BUY,98,998.2,97823.6
2025-11-25,BETA_INVEST,CL161800,LT,SELL,279,1257.87,350945.73
2025-11-21,DELTA_TRADES,CL166618,ITC,SELL,143,297.59,42555.37
2025-11-21,DELTA_TRADES,CL600870,KOTAKBANK,BUY,48,924.86,44393.28
2025-11-25,BETA_INVEST,CL171978,ITC,SELL,207,2158.29,446766.03
2025-11-24,DELTA_TRADES,CL246022,SBIN,BUY,49,1931.89,94662.61
2025-11-21,ALPHA_SEC,CL845802,HDFC,SELL,112,2437.18,272964.16
2025-11-22,ALPHA_SEC,CL386644,RELIANCE,BUY,5,1751.34,8756.7
2025-11-20,DELTA_TRADES,CL865826,ICICIBANK,BUY,95,450.26,42774.7
2025-11-25,ALPHA_SEC,CL327334,SBIN,SELL,77,793.91,61131.07
2025-11-21,BETA_INVEST,CL703436,RELIANCE,BUY,19,1911.32,36315.08
2025-11-21,OMEGA_BROKING,CL732275,RELIANCE,BUY,284,467.44,132752.96
2025-11-21,ALPHA_SEC,CL992147,ICICIBANK,SELL,223,1389.97,309963.31
2025-11-22,DELTA_TRADES,CL206050,ITC,SELL,83,1486.57,123385.31
2025-11-22,OMEGA_BROKING,CL260068,KOTAKBANK,BUY,58,514.29,29828.82
2025-11-21,ALPHA_SEC,CL280916,KOTAKBANK,BUY,236,419.05,98895.8
2025-11-26,OMEGA_BROKING,CL740884,SBIN,BUY,232,2010.22,466371.04
2025-11-22,DELTA_TRADES,CL326906,AXISBANK,SELL,103,1074.04,110626.12
2025-11-23,BETA_INVEST,CL741993,AXISBANK,BUY,4,781.22,3124.88
2025-11-22,OMEGA_BROKING,CL297395,TATAMOTORS,BUY,206,519.14,106942.84
2025-11-20,ALPHA_SEC,CL046278,SBIN,BUY,154,1259.21,193918.34
2025-11-25,OMEGA_BROKING,CL989809,INFY,BUY,120,1157.61,138913.2
2025-11-23,OMEGA_BROKING,CL032337,SBIN,BUY,34,1170.71,39804.14
2025-11-20,DELTA_TRADES,CL697858,AXISBANK,SELL,172,569.46,97947.12
2025-11-20,DELTA_TRADES,CL269275,AXISBANK,SELL,161,1548.61,249326.21
2025-11-23,OMEGA_BROKING,CL262213,SBIN,SELL,167,2182.94,364550.98
2025-11-25,DELTA_TRADES,CL099565,ITC,SELL,200,2121.01,424202.0
2025-11-24,ALPHA_SEC,CL571913,ITC,BUY,224,892.62,199946.88
2025-11-20,ALPHA_SEC,CL230370,AXISBANK,BUY,178,1983.93,353139.54
2025-11-20,DELTA_TRADES,CL030667,AXISBANK,BUY,79,2445.93,193228.47
2025-11-26,ALPHA_SEC,CL866657,KOTAKBANK,SELL,52,1845.33,95957.16
2025-11-21,BETA_INVEST,CL581480,ICICIBANK,SELL,282,2064.97,582321.54
2025-11-21,OMEGA_BROKING,CL226761,SBIN,SELL,205,1174.36,240743.8
2025-11-25,DELTA_TRADES,CL646071,RELIANCE,BUY,62,592.66,36744.92
2025-11-20,ALPHA_SEC,CL771657,AXISBANK,SELL,100,517.02,51702.0
2025-11-24,ALPHA_SEC,CL098793,RELIANCE,BUY,31,2445.2,75801.2
2025-11-21,BETA_INVEST,CL836860,TATAMOTORS,SELL,69,1965.35,135609.15
2025-11-26,DELTA_TRADES,CL725334,INFY,SELL,39,1413.26,55117.14
2025-11-21,OMEGA_BROKING,CL689553,SBIN,SELL,176,1382.41,243304.16
2025-11-25,OMEGA_BROKING,CL905006,SBIN,SELL,151,1166.12,176084.12
2025-11-25,OMEGA_BROKING,CL934654,INFY,SELL,185,2391.72,442468.2
2025-11-23,OMEGA_BROKING,CL743467,TATAMOTORS,SELL,217,1300.66,282243.22
2025-11-22,DELTA_TRADES,CL737982,KOTAKBANK,BUY,72,1335.86,96181.92
2025-11-20,BETA_INVEST,CL144376,HDFC,BUY,26,1176.55,30590.3
2025-11-23,ALPHA_SEC,CL137263,HDFC,SELL,187,1652.19,308959.53
2025-11-26,ALPHA_SEC,CL863593,HDFC,SELL,58,322.71,18717.18
2025-11-20,OMEGA_BROKING,CL091448,ICICIBANK,BUY,299,1894.86,566563.14
2025-11-22,DELTA_TRADES,CL134636,RELIANCE,BUY,287,1135.73,325954.51
2025-11-20,DELTA_TRADES,CL238865,ITC,BUY,236,856.86,202218.96
2025-11-25,BETA_INVEST,CL260018,AXISBANK,SELL,201,2230.03,448236.03
2025-11-20,ALPHA_SEC,CL888833,ITC,SELL,249,2385.62,594019.38
2025-11-25,DELTA_TRADES,CL225457,TATAMOTORS,SELL,84,1350.04,113403.36
2025-11-21,ALPHA_SEC,CL617747,INFY,BUY,228,1271.08,289806.24
2025-11-25,BETA_INVEST,CL801755,ITC,BUY,125,1345.1,168137.5
2025-11-24,OMEGA_BROKING,CL771347,SBIN,SELL,91,1600.47,145642.77
2025-11-21,DELTA_TRADES,CL103972,ICICIBANK,SELL,276,1975.82,545326.32
2025-11-25,ALPHA_SEC,CL959753,INFY,BUY,255,2076.01,529382.55
2025-11-23,BETA_INVEST,CL043661,TATAMOTORS,BUY,65,921.38,59889.7
2025-11-26,BETA_INVEST,CL390829,SBIN,SELL,176,1175.14,206824.64
2025-11-26,DELTA_TRADES,CL138378,ITC,SELL,33,199.17,6572.61
2025-11-24,ALPHA_SEC,CL815196,ITC,SELL,185,1111.48,205623.8
2025-11-23,OMEGA_BROKING,CL455896,AXISBANK,SELL,254,178.3,45288.2
2025-11-21,DELTA_TRADES,CL474272,RELIANCE,BUY,24,1276.64,30639.36
2025-11-20,BETA_INVEST,CL428930,ITC,SELL,181,1222.06,221192.86
2025-11-25,DELTA_TRADES,CL315516,ITC,SELL,75,1779.83,133487.25
2025-11-22,BETA_INVEST,CL178445,ITC,BUY,65,1088.18,70731.7
2025-11-25,DELTA_TRADES,CL688761,AXISBANK,BUY,163,156.02,25431.26
2025-11-22,BETA_INVEST,CL984503,ITC,SELL,118,2240.12,264334.16
2025-11-23,ALPHA_SEC,CL029796,ITC,SELL,244,2069.0,504836.0
2025-11-20,DELTA_TRADES,CL166163,LT,BUY,109,1212.04,132112.36
2025-11-21,ALPHA_SEC,CL903222,KOTAKBANK,SELL,237,2125.84,503824.08
2025-11-24,BETA_INVEST,CL473771,INFY,BUY,48,311.41,14947.68
2025-11-26,ALPHA_SEC,CL677441,LT,SELL,122,1912.92,233376.24
2025-11-26,DELTA_TRADES,CL992963,RELIANCE,BUY,23,1505.72,34631.56
2025-11-25,OMEGA_BROKING,CL009203,ITC,SELL,77,807.11,62147.47
2025-11-22,OMEGA_BROKING,CL263839,RELIANCE,SELL,144,1983.66,285647.04
2025-11-24,DELTA_TRADES,CL522666,TATAMOTORS,SELL,25,2485.08,62127.0
2025-11-25,OMEGA_BROKING,CL506835,ITC,SELL,252,979.35,246796.2
2025-11-24,OMEGA_BROKING,CL677437,TATAMOTORS,SELL,207,2297.44,475570.08
2025-11-26,OMEGA_BROKING,CL995644,TATAMOTORS,BUY,271,2103.28,569988.88
2025-11-24,ALPHA_SEC,CL262025,AXISBANK,BUY,79,2150.06,169854.74
2025-11-24,DELTA_TRADES,CL149345,AXISBANK,BUY,194,1877.54,364242.76
2025-11-20,OMEGA_BROKING,CL229782,INFY,BUY,193,615.71,118832.03
2025-11-21,BETA_INVEST,CL599018,ITC,SELL,50,1540.69,77034.5
2025-11-21,DELTA_TRADES,CL181706,AXISBANK,BUY,17,1423.09,24192.53
2025-11-20,DELTA_TRADES,CL568663,AXISBANK,SELL,54,1676.28,90519.12
2025-11-26,ALPHA_SEC,CL744040,INFY,BUY,157,591.57,92876.49
2025-11-21,BETA_INVEST,CL620600,HDFC,BUY,150,850.39,127558.5
2025-11-22,DELTA_TRADES,CL506966,SBIN,BUY,72,320.82,23099.04
2025-11-20,ALPHA_SEC,CL419483,RELIANCE,SELL,2,869.98,1739.96
2025-11-20,BETA_INVEST,CL124130,AXISBANK,SELL,197,314.49,61954.53
2025-11-23,BETA_INVEST,CL660567,RELIANCE,SELL,92,1109.04,102031.68
2025-11-25,DELTA_TRADES,CL035745,AXISBANK,SELL,281,264.37,74287.97
2025-11-21,ALPHA_SEC,CL113575,INFY,BUY,277,2402.58,665514.66
2025-11-23,OMEGA_BROKING,CL304104,HDFC,SELL,30,1169.78,35093.4
2025-11-21,OMEGA_BROKING,CL720772,ICICIBANK,SELL,51,1243.75,63431.25
2025-11-22,BETA_INVEST,CL117875,INFY,BUY,215,1683.18,361883.7
2025-11-25,ALPHA_SEC,CL511086,KOTAKBANK,BUY,24,177.75,4266.0
2025-11-26,BETA_INVEST,CL495412,KOTAKBANK,BUY,167,1931.53,322565.51
2025-11-21,DELTA_TRADES,CL166618,ITC,SELL,144,297.59,42852.96
2025-11-24,OMEGA_BROKING,CL995575,HDFC,SELL,59,566.05,33396.95
2025-11-20,BETA_INVEST,CL289482,INFY,BUY,201,1437.23,288883.23
2025-11-25,ALPHA_SEC,CL197697,TATAMOTORS,BUY,160,1353.83,216612.8
2025-11-25,ALPHA_SEC,CL509560,AXISBANK,SELL,195,1879.53,366508.35
2025-11-23,OMEGA_BROKING,CL784894,RELIANCE,BUY,137,2214.99,303453.63
2025-11-21,DELTA_TRADES,CL007279,ICICIBANK,BUY,99,2258.2,223561.8
2025-11-25,BETA_INVEST,CL118002,AXISBANK,BUY,274,2053.56,562675.44
2025-11-20,OMEGA_BROKING,CL891355,ICICIBANK,BUY,156,960.14,149781.84
2025-11-23,DELTA_TRADES,CL062716,SBIN,SELL,79,1996.01,157684.79
2025-11-21,ALPHA_SEC,CL366870,INFY,BUY,40,624.69,24987.6
2025-11-20,DELTA_TRADES,CL265648,INFY,SELL,205,125.38,25702.9
2025-11-23,ALPHA_SEC,CL977594,ITC,SELL,158,1283.89,202854.62
2025-11-21,DELTA_TRADES,CL007279,ICICIBANK,BUY,95,2258.2,214529.0
2025-11-26,DELTA_TRADES,CL153188,INFY,BUY,163,1528.29,249111.27
2025-11-26,DELTA_TRADES,CL114794,RELIANCE,BUY,282,2252.83,635298.06
2025-11-21,OMEGA_BROKING,CL004557,LT,SELL,251,1103.88,277073.88
2025-11-24,ALPHA_SEC,CL941454,SBIN,SELL,96,2138.91,205335.36
2025-11-23,BETA_INVEST,CL949332,KOTAKBANK,SELL,153,1906.54,291700.62
2025-11-22,OMEGA_BROKING,CL774118,KOTAKBANK,SELL,22,146.99,3233.78
2025-11-24,OMEGA_BROKING,CL098695,RELIANCE,BUY,237,2298.64,544777.68
2025-11-26,DELTA_TRADES,CL390954,ITC,BUY,198,1633.65,323462.7
2025-11-25,OMEGA_BROKING,CL226240,AXISBANK,BUY,112,2251.76,252197.12
2025-11-24,BETA_INVEST,CL665214,RELIANCE,SELL,102,1801.33,183735.66
2025-11-20,DELTA_TRADES,CL056935,ICICIBANK,SELL,89,2340.87,208337.43
2025-11-26,DELTA_TRADES,CL998433,INFY,BUY,47,918.53,43170.91
2025-11-26,OMEGA_BROKING,CL059944,KOTAKBANK,BUY,232,2478.67,575051.44
2025-11-25,ALPHA_SEC,CL712536,KOTAKBANK,SELL,55,323.37,17785.35
2025-11-24,ALPHA_SEC,CL986096,TATAMOTORS,BUY,297,1014.2,301217.4
2025-11-21,OMEGA_BROKING,CL818539,KOTAKBANK,BUY,179,2471.05,442317.95
2025-11-23,BETA_INVEST,CL004958,LT,SELL,241,1468.17,353828.97
2025-11-21,ALPHA_SEC,CL736042,AXISBANK,SELL,46,1070.58,49246.68
2025-11-26,ALPHA_SEC,CL511784,KOTAKBANK,BUY,145,1853.81,268802.45
2025-11-23,BETA_INVEST,CL905431,KOTAKBANK,BUY,120,2268.0,272160.0
2025-11-21,BETA_INVEST,CL365056,AXISBANK,BUY,250,1286.72,321680.0
2025-11-26,OMEGA_BROKING,CL476453,SBIN,BUY,241,1801.02,434045.82
2025-11-23,OMEGA_BROKING,CL625039,KOTAKBANK,BUY,201,1884.12,378708.12
2025-11-25,ALPHA_SEC,CL063882,TATAMOTORS,SELL,109,2108.98,229878.82
2025-11-24,ALPHA_SEC,CL562696,ITC,BUY,99,187.7,18582.3
2025-11-26,DELTA_TRADES,CL342901,AXISBANK,BUY,194,2347.11,455339.34
2025-11-20,BETA_INVEST,CL769080,LT,BUY,224,498.94,111762.56
2025-11-22,DELTA_TRADES,CL151994,ITC,SELL,175,1178.62,206258.5
2025-11-24,DELTA_TRADES,CL646234,ICICIBANK,BUY,20,1764.46,35289.2
2025-11-23,BETA_INVEST,CL789675,ITC,SELL,94,1524.63,143315.22
2025-11-22,BETA_INVEST,CL318238,AXISBANK,SELL,84,186.01,15624.84
2025-11-25,ALPHA_SEC,CL933981,INFY,BUY,51,126.05,6428.55
2025-11-21,DELTA_TRADES,CL644412,LT,BUY,174,579.25,100789.5
2025-11-25,BETA_INVEST,CL042787,ITC,SELL,108,2087.38,225437.04
2025-11-26,OMEGA_BROKING,CL015023,LT,BUY,131,1511.43,197997.33
2025-11-20,DELTA_TRADES,CL618206,KOTAKBANK,SELL,226,721.51,163061.26
2025-11-20,DELTA_TRADES,CL605231,INFY,BUY,73,303.95,22188.35
2025-11-21,DELTA_TRADES,CL176200,INFY,BUY,278,1378.3,383167.4
2025-11-26,BETA_INVEST,CL326807,KOTAKBANK,SELL,44,2287.22,100637.68
2025-11-22,DELTA_TRADES,CL023628,ICICIBANK,BUY,140,1243.36,174070.4
2025-11-20,DELTA_TRADES,CL186683,ITC,SELL,31,874.61,27112.91
2025-11-20,DELTA_TRADES,CL331149,ICICIBANK,SELL,220,1437.99,316357.8
2025-11-23,OMEGA_BROKING,CL222641,SBIN,BUY,50,1157.26,57863.0
2025-11-26,OMEGA_BROKING,CL075668,INFY,SELL,64,1452.29,92946.56
2025-11-24,OMEGA_BROKING,CL932224,SBIN,BUY,116,1444.0,167504.0
2025-11-24,ALPHA_SEC,CL942052,ICICIBANK,BUY,148,284.88,42162.24
2025-11-20,DELTA_TRADES,CL357941,SBIN,SELL,61,1931.32,117810.52
2025-11-26,OMEGA_BROKING,CL385113,INFY,BUY,206,1368.17,281843.02
2025-11-22,OMEGA_BROKING,CL160591,LT,BUY,194,2186.69,424217.86
2025-11-21,BETA_INVEST,CL819505,KOTAKBANK,SELL,156,645.63,100718.28
2025-11-20,OMEGA_BROKING,CL316037,ITC,BUY,37,1302.14,48179.18
2025-11-22,OMEGA_BROKING,CL331615,LT,BUY,184,328.06,60363.04
2025-11-23,BETA_INVEST,CL017769,RELIANCE,SELL,20,2390.24,47804.8
2025-11-20,BETA_INVEST,CL059609,AXISBANK,BUY,42,167.52,7035.84
2025-11-23,OMEGA_BROKING,CL560716,AXISBANK,BUY,65,666.33,43311.45
2025-11-24,ALPHA_SEC,CL756676,ITC,BUY,173,2342.22,405204.06
2025-11-20,BETA_INVEST,CL033128,AXISBANK,SELL,94,1706.13,160376.22
2025-11-23,DELTA_TRADES,CL645046,AXISBANK,SELL,4,1114.94,4459.76
2025-11-22,DELTA_TRADES,CL971729,KOTAKBANK,SELL,282,676.81,190860.42
2025-11-21,BETA_INVEST,CL112189,TATAMOTORS,BUY,254,1446.15,367322.1
2025-11-26,BETA_INVEST,CL335197,LT,SELL,288,1874.46,539844.48
2025-11-26,OMEGA_BROKING,CL845229,KOTAKBANK,BUY,254,2271.41,576938.14
2025-11-25,OMEGA_BROKING,CL130172,TATAMOTORS,SELL,58,2103.36,121994.88
2025-11-24,BETA_INVEST,CL289277,ITC,BUY,72,1344.27,96787.44
2025-11-23,ALPHA_SEC,CL946490,RELIANCE,SELL,23,670.2,15414.6
2025-11-21,DELTA_TRADES,CL720059,INFY,SELL,222,186.54,41411.88
2025-11-22,OMEGA_BROKING,CL167900,ITC,SELL,207,628.49,130097.43
2025-11-24,DELTA_TRADES,CL577668,AXISBANK,SELL,17,688.1,11697.7
2025-11-24,ALPHA_SEC,CL432323,SBIN,BUY,144,677.34,97536.96
2025-11-24,DELTA_TRADES,CL932878,AXISBANK,SELL,25,1181.66,29541.5
2025-11-23,BETA_INVEST,CL214839,AXISBANK,SELL,235,2081.45,489140.75
2025-11-23,DELTA_TRADES,CL904861,ICICIBANK,BUY,266,1738.11,462337.26
2025-11-23,ALPHA_SEC,CL186125,TATAMOTORS,BUY,298,2028.59,604519.82
2025-11-23,BETA_INVEST,CL155212,KOTAKBANK,SELL,148,1242.23,183850.04
2025-11-22,ALPHA_SEC,CL980454,HDFC,BUY,209,1362.16,284691.44
2025-11-23,ALPHA_SEC,CL200920,AXISBANK,BUY,40,424.67,16986.8
2025-11-26,DELTA_TRADES,CL010405,RELIANCE,SELL,27,2197.04,59320.08
2025-11-26,DELTA_TRADES,CL101819,AXISBANK,BUY,25,2154.09,53852.25
2025-11-24,DELTA_TRADES,CL896645,SBIN,SELL,241,1742.24,419879.84
2025-11-24,OMEGA_BROKING,CL368151,AXISBANK,SELL,163,2395.24,390424.12
2025-11-25,ALPHA_SEC,CL593704,ICICIBANK,BUY,210,2305.36,484125.6
2025-11-21,ALPHA_SEC,CL701286,HDFC,SELL,70,1299.32,90952.4
2025-11-20,DELTA_TRADES,CL043148,SBIN,SELL,192,2163.97,415482.24
2025-11-21,BETA_INVEST,CL213216,ITC,BUY,151,2159.97,326155.47
2025-11-25,ALPHA_SEC,CL125539,HDFC,BUY,130,944.93,122840.9
2025-11-25,ALPHA_SEC,CL482912,LT,BUY,69,1949.09,134487.21
2025-11-25,BETA_INVEST,CL027972,SBIN,SELL,56,1361.3,76232.8
2025-11-25,OMEGA_BROKING,CL002170,LT,BUY,119,271.17,32269.23
2025-11-21,BETA_INVEST,CL860686,ICICIBANK,BUY,249,1575.81,392376.69
2025-11-24,BETA_INVEST,CL923843,AXISBANK,SELL,200,1783.72,356744.0
2025-11-23,ALPHA_SEC,CL871965,SBIN,SELL,205,2164.82,443788.1
2025-11-20,BETA_INVEST,CL323797,RELIANCE,SELL,62,1860.09,115325.58
2025-11-20,ALPHA_SEC,CL899615,AXISBANK,BUY,121,356.48,43134.08
2025-11-21,BETA_INVEST,CL411287,ITC,SELL,142,230.79,32772.18
2025-11-23,ALPHA_SEC,CL350361,KOTAKBANK,SELL,9,718.41,6465.69
2025-11-23,OMEGA_BROKING,CL404599,HDFC,SELL,190,1147.09,217947.1
2025-11-25,BETA_INVEST,CL987611,TATAMOTORS,BUY,90,596.76,53708.4
2025-11-22,OMEGA_BROKING,CL516571,ICICIBANK,SELL,258,319.15,82340.7
2025-11-22,OMEGA_BROKING,CL289285,TATAMOTORS,SELL,142,168.26,23892.92
2025-11-23,DELTA_TRADES,CL683128,TATAMOTORS,SELL,149,631.23,94053.27
2025-11-25,BETA_INVEST,CL276443,ICICIBANK,SELL,184,2047.11,376668.24
2025-11-24,BETA_INVEST,CL715644,RELIANCE,BUY,72,415.34,29904.48
2025-11-21,DELTA_TRADES,CL741390,SBIN,SELL,240,1458.4,350016.0
2025-11-23,OMEGA_BROKING,CL919406,KOTAKBANK,BUY,239,614.47,146858.33
2025-11-22,DELTA_TRADES,CL753515,TATAMOTORS,BUY,262,2124.11,556516.82
2025-11-22,ALPHA_SEC,CL599897,LT,SELL,204,1831.45,373615.8
2025-11-22,DELTA_TRADES,CL995133,AXISBANK,BUY,92,923.82,84991.44
2025-11-20,ALPHA_SEC,CL682782,INFY,BUY,2,2186.5,4373.0
2025-11-24,BETA_INVEST,CL588798,INFY,SELL,124,1190.3,147597.2
2025-11-21,BETA_INVEST,CL315379,INFY,SELL,118,2345.06,276717.08
2025-11-24,ALPHA_SEC,CL390292,ITC,SELL,22,2082.01,45804.22
2025-11-23,DELTA_TRADES,CL434633,RELIANCE,BUY,161,881.43,141910.23
2025-11-25,ALPHA_SEC,CL509542,KOTAKBANK,SELL,280,1121.24,313947.2
2025-11-24,ALPHA_SEC,CL243791,HDFC,SELL,265,2459.7,651820.5
2025-11-21,DELTA_TRADES,CL391428,INFY,BUY,162,2007.48,325211.76
2025-11-26,BETA_INVEST,CL209135,RELIANCE,BUY,65,625.13,40633.45
2025-11-20,DELTA_TRADES,CL524555,INFY,BUY,161,2033.36,327370.96
2025-11-24,ALPHA_SEC,CL734520,ITC,SELL,269,1977.96,532071.24
2025-11-25,ALPHA_SEC,CL772462,KOTAKBANK,BUY,41,426.97,17505.77
2025-11-23,BETA_INVEST,CL100967,ITC,BUY,152,811.04,123278.08
2025-11-26,BETA_INVEST,CL390829,SBIN,SELL,179,1175.14,210350.06
2025-11-22,OMEGA_BROKING,CL459564,KOTAKBANK,SELL,68,679.14,46181.52
2025-11-26,ALPHA_SEC,CL043512,SBIN,BUY,36,914.94,32937.84
2025-11-25,DELTA_TRADES,CL969822,AXISBANK,SELL,77,1150.27,88570.79
2025-11-24,OMEGA_BROKING,CL333641,LT,SELL,273,1118.95,305473.35
2025-11-24,ALPHA_SEC,CL258881,AXISBANK,SELL,154,598.72,92202.88
2025-11-22,OMEGA_BROKING,CL629293,SBIN,BUY,250,1143.02,285755.0
2025-11-26,OMEGA_BROKING,CL183397,TATAMOTORS,BUY,190,1867.57,354838.3
2025-11-24,ALPHA_SEC,CL962393,RELIANCE,SELL,145,2252.0,326540.0
2025-11-22,BETA_INVEST,CL444777,INFY,BUY,184,2049.96,377192.64
2025-11-25,ALPHA_SEC,CL358437,AXISBANK,BUY,293,2016.95,590966.35
2025-11-21,ALPHA_SEC,CL843394,ICICIBANK,SELL,224,1782.72,399329.28
2025-11-24,BETA_INVEST,CL728777,RELIANCE,BUY,183,2440.22,446560.26
2025-11-21,ALPHA_SEC,CL903222,KOTAKBANK,SELL,237,2125.84,503824.08
2025-11-21,OMEGA_BROKING,CL571695,ITC,BUY,183,1269.46,232311.18
2025-11-22,ALPHA_SEC,CL716313,INFY,BUY,213,2331.77,496667.01
2025-11-21,DELTA_TRADES,CL405271,HDFC,SELL,113,937.82,105973.66
2025-11-22,BETA_INVEST,CL373102,HDFC,BUY,198,1353.21,267935.58
2025-11-22,OMEGA_BROKING,CL309183,TATAMOTORS,BUY,14,792.32,11092.48
2025-11-25,BETA_INVEST,CL042787,ITC,SELL,112,2087.38,233786.56
2025-11-22,BETA_INVEST,CL009168,RELIANCE,SELL,205,634.7,130113.5
2025-11-26,ALPHA_SEC,CL185702,KOTAKBANK,SELL,113,964.67,109007.71
2025-11-25,DELTA_TRADES,CL473147,INFY,BUY,260,1041.58,270810.8
2025-11-22,BETA_INVEST,CL734835,TATAMOTORS,SELL,218,1290.79,281392.22
2025-11-21,ALPHA_SEC,CL900621,RELIANCE,SELL,16,2148.86,34381.76
2025-11-25,BETA_INVEST,CL101712,SBIN,SELL,150,1335.03,200254.5
2025-11-20,BETA_INVEST,CL733206,HDFC,SELL,102,1541.81,157264.62
2025-11-25,OMEGA_BROKING,CL971484,SBIN,SELL,300,877.32,263196.0
2025-11-20,OMEGA_BROKING,CL514802,SBIN,SELL,44,2173.74,95644.56
2025-11-25,ALPHA_SEC,CL147472,ITC,BUY,40,1583.34,63333.6
2025-11-21,OMEGA_BROKING,CL759624,TATAMOTORS,BUY,196,2301.82,451156.72
2025-11-20,OMEGA_BROKING,CL801045,KOTAKBANK,BUY,185,1856.85,343517.25
2025-11-22,BETA_INVEST,CL669251,INFY,BUY,88,2118.24,186405.12
2025-11-25,DELTA_TRADES,CL408173,TATAMOTORS,BUY,107,1505.68,161107.76
2025-11-20,BETA_INVEST,CL780201,AXISBANK,SELL,116,2068.89,239991.24
2025-11-20,BETA_INVEST,CL067842,AXISBANK,SELL,225,568.43,127896.75
2025-11-26,BETA_INVEST,CL148722,LT,BUY,78,1977.5,154245.0
2025-11-22,ALPHA_SEC,CL107015,KOTAKBANK,SELL,240,1186.49,284757.6
2025-11-23,OMEGA_BROKING,CL840316,AXISBANK,BUY,227,2385.55,541519.85
2025-11-21,BETA_INVEST,CL128075,LT,SELL,6,1171.81,7030.86
2025-11-24,DELTA_TRADES,CL555234,LT,SELL,245,1764.51,432304.95
2025-11-23,OMEGA_BROKING,CL653626,SBIN,BUY,250,269.01,67252.5
2025-11-21,OMEGA_BROKING,CL938893,SBIN,SELL,166,1514.18,251353.88
2025-11-21,OMEGA_BROKING,CL126427,INFY,SELL,12,2413.19,28958.28
2025-11-23,DELTA_TRADES,CL256006,INFY,SELL,236,2227.43,525673.48
2025-11-21,OMEGA_BROKING,CL483850,RELIANCE,SELL,289,1205.54,348401.06
2025-11-21,OMEGA_BROKING,CL164831,SBIN,BUY,112,443.58,49680.96
2025-11-21,ALPHA_SEC,CL900719,INFY,BUY,22,1248.24,27461.28
2025-11-22,ALPHA_SEC,CL378830,RELIANCE,SELL,167,1738.62,290349.54
2025-11-26,ALPHA_SEC,CL684663,TATAMOTORS,SELL,49,1185.42,58085.58
2025-11-25,BETA_INVEST,CL391107,RELIANCE,SELL,41,1774.6,72758.6
2025-11-23,ALPHA_SEC,CL764600,HDFC,SELL,50,2363.67,118183.5
2025-11-22,DELTA_TRADES,CL303135,HDFC,BUY,143,2088.65,298676.95
2025-11-26,BETA_INVEST,CL630397,RELIANCE,SELL,149,1190.77,177424.73
2025-11-24,ALPHA_SEC,CL989433,KOTAKBANK,SELL,96,715.51,68688.96
2025-11-25,OMEGA_BROKING,CL918451,INFY,BUY,272,248.56,67608.32
2025-11-23,DELTA_TRADES,CL628553,LT,SELL,77,494.2,38053.4
2025-11-22,OMEGA_BROKING,CL389767,KOTAKBANK,BUY,119,1981.67,235818.73
2025-11-26,OMEGA_BROKING,CL638282,ITC,SELL,49,2100.57,102927.93
2025-11-22,DELTA_TRADES,CL152658,INFY,BUY,51,1096.78,55935.78
2025-11-26,DELTA_TRADES,CL251876,AXISBANK,BUY,240,1326.96,318470.4
2025-11-22,OMEGA_BROKING,CL077840,INFY,SELL,137,657.25,90043.25
2025-11-24,DELTA_TRADES,CL359093,ICICIBANK,SELL,225,1674.56,376776.0
2025-11-22,OMEGA_BROKING,CL652869,SBIN,SELL,136,846.66,115145.76
2025-11-21,DELTA_TRADES,CL212838,RELIANCE,BUY,141,2442.68,344417.88
2025-11-26,ALPHA_SEC,CL445919,KOTAKBANK,BUY,130,170.34,22144.2
2025-11-22,BETA_INVEST,CL910922,HDFC,SELL,292,2314.68,675886.56
2025-11-24,OMEGA_BROKING,CL761617,INFY,SELL,102,288.98,29475.96
2025-11-24,BETA_INVEST,CL556018,ITC,SELL,275,1334.23,366913.25
2025-11-24,DELTA_TRADES,CL867715,LT,BUY,186,1511.22,281086.92
2025-11-21,DELTA_TRADES,CL435149,AXISBANK,SELL,85,214.61,18241.85
2025-11-20,ALPHA_SEC,CL772639,ICICIBANK,BUY,29,1011.61,29336.69
2025-11-24,OMEGA_BROKING,CL196161,KOTAKBANK,SELL,81,1442.25,116822.25
2025-11-23,OMEGA_BROKING,CL081490,RELIANCE,BUY,237,696.41,165049.17
2025-11-24,OMEGA_BROKING,CL734336,LT,BUY,109,727.95,79346.55
2025-11-22,ALPHA_SEC,CL842795,ITC,BUY,278,213.29,59294.62
2025-11-25,ALPHA_SEC,CL228085,TATAMOTORS,SELL,133,830.12,110405.96
2025-11-24,OMEGA_BROKING,CL790840,ICICIBANK,BUY,63,1387.02,87382.26
2025-11-23,ALPHA_SEC,CL963602,AXISBANK,SELL,41,1264.3,51836.3
2025-11-25,OMEGA_BROKING,CL222209,ICICIBANK,SELL,283,1030.91,291747.53
2025-11-23,DELTA_TRADES,CL597206,SBIN,BUY,26,1170.73,30438.98
2025-11-26,BETA_INVEST,CL323355,AXISBANK,BUY,54,283.4,15303.6
2025-11-21,ALPHA_SEC,CL602596,ICICIBANK,SELL,291,1877.38,546317.58
2025-11-23,DELTA_TRADES,CL031014,TATAMOTORS,BUY,52,859.66,44702.32
2025-11-22,OMEGA_BROKING,CL390956,SBIN,BUY,94,1704.1,160185.4
2025-11-25,ALPHA_SEC,CL063085,LT,SELL,152,1353.18,205683.36
2025-11-22,OMEGA_BROKING,CL335328,LT,BUY,239,266.3,63645.7
2025-11-20,OMEGA_BROKING,CL092129,HDFC,BUY,180,416.56,74980.8
2025-11-20,BETA_INVEST,CL668965,LT,BUY,35,1971.91,69016.85
2025-11-23,OMEGA_BROKING,CL342478,AXISBANK,BUY,201,902.04,181310.04
2025-11-26,DELTA_TRADES,CL556924,TATAMOTORS,SELL,259,1457.72,377549.48
2025-11-22,DELTA_TRADES,CL720707,SBIN,BUY,259,908.59,235324.81
2025-11-22,DELTA_TRADES,CL938630,KOTAKBANK,BUY,223,611.93,136460.39
2025-11-25,BETA_INVEST,CL785843,ICICIBANK,SELL,104,929.87,96706.48
2025-11-21,ALPHA_SEC,CL969230,SBIN,BUY,15,343.72,5155.8
2025-11-20,ALPHA_SEC,CL344122,ITC,BUY,150,1519.77,227965.5
2025-11-20,ALPHA_SEC,CL184784,KOTAKBANK,SELL,71,2135.4,151613.4
2025-11-24,ALPHA_SEC,CL633197,ITC,BUY,78,848.46,66179.88
2025-11-26,ALPHA_SEC,CL779438,ITC,BUY,65,1479.54,96170.1
2025-11-23,DELTA_TRADES,CL577079,ICICIBANK,SELL,66,749.96,49497.36
2025-11-23,BETA_INVEST,CL576797,RELIANCE,SELL,166,978.81,162482.46
2025-11-25,OMEGA_BROKING,CL046642,SBIN,SELL,26,289.29,7521.54
2025-11-23,ALPHA_SEC,CL029796,ITC,SELL,246,2069.0,508974.0
2025-11-24,DELTA_TRADES,CL889905,RELIANCE,SELL,126,1386.75,174730.5
2025-11-21,BETA_INVEST,CL918085,HDFC,SELL,153,1666.75,255012.75
2025-11-20,OMEGA_BROKING,CL936176,RELIANCE,BUY,192,365.31,70139.52
2025-11-23,BETA_INVEST,CL852181,RELIANCE,BUY,99,2440.28,241587.72
2025-11-22,ALPHA_SEC,CL874510,LT,BUY,219,1727.27,378272.13
2025-11-26,BETA_INVEST,CL649856,AXISBANK,BUY,255,2205.79,562476.45
2025-11-24,DELTA_TRADES,CL799305,TATAMOTORS,BUY,259,1952.69,505746.71
2025-11-21,BETA_INVEST,CL604034,RELIANCE,BUY,54,2060.77,111281.58
2025-11-25,DELTA_TRADES,CL388962,AXISBANK,BUY,236,315.76,74519.36
2025-11-23,DELTA_TRADES,CL879482,AXISBANK,SELL,192,424.54,81511.68
2025-11-22,BETA_INVEST,CL086122,SBIN,SELL,121,995.92,120506.32
2025-11-24,ALPHA_SEC,CL489720,HDFC,SELL,284,1577.59,448035.56
2025-11-23,DELTA_TRADES,CL098945,KOTAKBANK,BUY,48,271.29,13021.92
2025-11-21,BETA_INVEST,CL475012,INFY,SELL,166,1336.95,221933.7
2025-11-24,ALPHA_SEC,CL627393,TATAMOTORS,BUY,59,1991.35,117489.65
2025-11-26,DELTA_TRADES,CL435920,ICICIBANK,BUY,140,2423.28,339259.2
2025-11-25,BETA_INVEST,CL785843,ICICIBANK,SELL,103,929.87,95776.61
2025-11-20,BETA_INVEST,CL976485,ICICIBANK,SELL,9,1739.17,15652.53
2025-11-22,DELTA_TRADES,CL967057,INFY,SELL,243,1028.29,249874.47
2025-11-25,DELTA_TRADES,CL068322,ITC,BUY,293,829.05,242911.65
2025-11-22,ALPHA_SEC,CL292249,AXISBANK,BUY,240,236.24,56697.6
2025-11-22,BETA_INVEST,CL454420,ICICIBANK,SELL,261,895.63,233759.43
2025-11-20,ALPHA_SEC,CL845544,TATAMOTORS,SELL,198,2401.66,475528.68
2025-11-22,ALPHA_SEC,CL588523,HDFC,BUY,79,596.49,47122.71
2025-11-22,ALPHA_SEC,CL262120,KOTAKBANK,SELL,80,1080.76,86460.8
2025-11-20,OMEGA_BROKING,CL036909,AXISBANK,SELL,278,737.72,205086.16
2025-11-22,BETA_INVEST,CL060025,SBIN,SELL,81,880.33,71306.73
2025-11-24,OMEGA_BROKING,CL397732,ITC,BUY,137,1286.42,176239.54
2025-11-22,DELTA_TRADES,CL984361,TATAMOTORS,SELL,193,462.57,89276.01
2025-11-22,OMEGA_BROKING,CL396279,RELIANCE,SELL,217,286.67,62207.39
2025-11-24,OMEGA_BROKING,CL277586,ICICIBANK,BUY,130,2158.03,280543.9
2025-11-24,OMEGA_BROKING,CL093319,INFY,BUY,291,1197.24,348396.84
2025-11-21,BETA_INVEST,CL477094,ITC,SELL,281,1779.13,499935.53
2025-11-21,BETA_INVEST,CL161751,LT,BUY,119,2031.8,241784.2
2025-11-23,OMEGA_BROKING,CL165442,SBIN,SELL,105,1037.58,108945.9
2025-11-20,ALPHA_SEC,CL389506,TATAMOTORS,BUY,48,2343.98,112511.04
2025-11-23,DELTA_TRADES,CL560275,AXISBANK,BUY,70,171.38,11996.6
2025-11-21,BETA_INVEST,CL411764,RELIANCE,SELL,109,970.07,105737.63
2025-11-22,BETA_INVEST,CL041766,HDFC,SELL,198,1712.85,339144.3
2025-11-20,BETA_INVEST,CL841908,INFY,BUY,58,756.48,43875.84
2025-11-24,ALPHA_SEC,CL807365,INFY,BUY,293,1503.44,440507.92
2025-11-23,DELTA_TRADES,CL020114,HDFC,BUY,1,331.67,331.67
2025-11-25,ALPHA_SEC,CL970724,HDFC,BUY,6,2406.93,14441.58
2025-11-21,ALPHA_SEC,CL618155,ICICIBANK,BUY,263,1697.87,446539.81
2025-11-25,BETA_INVEST,CL062267,ICICIBANK,SELL,65,496.05,32243.25
2025-11-23,BETA_INVEST,CL688669,LT,SELL,184,966.49,177834.16
2025-11-24,OMEGA_BROKING,CL335269,KOTAKBANK,BUY,109,410.33,44725.97
2025-11-26,BETA_INVEST,CL530665,KOTAKBANK,SELL,63,429.24,27042.12
2025-11-24,BETA_INVEST,CL203364,SBIN,BUY,289,1666.46,481606.94
2025-11-20,BETA_INVEST,CL381521,ICICIBANK,SELL,304,755.63,229711.52
2025-11-20,ALPHA_SEC,CL577469,RELIANCE,SELL,250,2306.14,576535.0
2025-11-21,OMEGA_BROKING,CL187998,SBIN,BUY,26,963.04,25039.04
2025-11-24,OMEGA_BROKING,CL565729,AXISBANK,BUY,251,1673.77,420116.27
2025-11-22,ALPHA_SEC,CL326250,RELIANCE,SELL,168,1675.47,281478.96
2025-11-23,DELTA_TRADES,CL057783,HDFC,BUY,105,2367.41,248578.05
2025-11-22,BETA_INVEST,CL632658,INFY,BUY,10,1245.0,12450.0
2025-11-26,DELTA_TRADES,CL892097,HDFC,BUY,292,2130.68,622158.56
2025-11-26,OMEGA_BROKING,CL339188,KOTAKBANK,SELL,112,1023.36,114616.32
2025-11-22,BETA_INVEST,CL589252,HDFC,BUY,293,2255.74,660931.82
2025-11-23,OMEGA_BROKING,CL230935,ICICIBANK,SELL,292,218.28,63737.76
2025-11-20,ALPHA_SEC,CL254484,KOTAKBANK,BUY,216,1786.88,385966.08
2025-11-22,DELTA_TRADES,CL272368,RELIANCE,BUY,141,1189.31,167692.71
2025-11-25,DELTA_TRADES,CL068693,ITC,BUY,201,330.35,66400.35
2025-11-21,BETA_INVEST,CL641341,SBIN,BUY,1,2327.21,2327.21
2025-11-20,BETA_INVEST,CL693279,LT,BUY,146,1846.91,269648.86
2025-11-24,ALPHA_SEC,CL702316,ITC,SELL,80,1503.41,120272.8
2025-11-22,OMEGA_BROKING,CL666124,AXISBANK,BUY,101,1789.16,180705.16
2025-11-25,BETA_INVEST,CL091194,INFY,BUY,45,1529.7,68836.5
2025-11-24,OMEGA_BROKING,CL060332,RELIANCE,BUY,289,676.65,195551.85
2025-11-22,DELTA_TRADES,CL753515,TATAMOTORS,BUY,261,2124.11,554392.71
2025-11-23,ALPHA_SEC,CL961089,AXISBANK,SELL,301,2087.07,628208.07
2025-11-20,DELTA_TRADES,CL110191,RELIANCE,SELL,1,1190.81,1190.81
2025-11-20,DELTA_TRADES,CL074540,INFY,SELL,56,2437.91,136522.96
2025-11-24,ALPHA_SEC,CL131424,RELIANCE,SELL,227,974.47,221204.69
2025-11-22,ALPHA_SEC,CL193039,KOTAKBANK,BUY,65,166.66,10832.9
2025-11-20,ALPHA_SEC,CL947703,INFY,SELL,203,1170.03,237516.09
2025-11-22,BETA_INVEST,CL300745,RELIANCE,SELL,36,1744.46,62800.56
2025-11-25,DELTA_TRADES,CL473939,RELIANCE,BUY,29,1020.83,29604.07
2025-11-20,OMEGA_BROKING,CL932231,LT,BUY,264,1445.83,381699.12
2025-11-21,ALPHA_SEC,CL944321,ITC,BUY,32,1988.59,63634.88
2025-11-22,DELTA_TRADES,CL642230,HDFC,SELL,171,1628.13,278410.23
2025-11-26,DELTA_TRADES,CL925986,SBIN,SELL,257,149.71,38475.47
2025-11-22,ALPHA_SEC,CL000097,RELIANCE,BUY,179,1530.18,273902.22
2025-11-23,ALPHA_SEC,CL461945,LT,BUY,145,121.24,17579.8
2025-11-22,OMEGA_BROKING,CL560040,INFY,BUY,22,1265.85,27848.7
2025-11-26,OMEGA_BROKING,CL802012,RELIANCE,SELL,5,1073.26,5366.3
2025-11-25,DELTA_TRADES,CL256891,ITC,SELL,115,2481.02,285317.3
2025-11-25,ALPHA_SEC,CL166706,ICICIBANK,SELL,216,374.54,80900.64
2025-11-25,BETA_INVEST,CL193554,INFY,SELL,205,1665.45,341417.25
2025-11-23,DELTA_TRADES,CL350104,ICICIBANK,SELL,218,363.86,79321.48
2025-11-24,DELTA_TRADES,CL729065,KOTAKBANK,BUY,234,1258.57,294505.38
2025-11-24,ALPHA_SEC,CL131424,RELIANCE,SELL,230,974.47,224128.1
2025-11-26,ALPHA_SEC,CL957552,INFY,BUY,28,1820.57,50975.96
2025-11-22,DELTA_TRADES,CL340426,SBIN,SELL,164,2157.81,353880.84
2025-11-22,BETA_INVEST,CL764645,KOTAKBANK,SELL,86,469.75,40398.5
2025-11-23,DELTA_TRADES,CL853793,AXISBANK,BUY,233,2214.97,516088.01
2025-11-24,OMEGA_BROKING,CL608250,AXISBANK,SELL,285,1287.58,366960.3
2025-11-26,ALPHA_SEC,CL704994,SBIN,SELL,22,2385.49,52480.78
2025-11-20,ALPHA_SEC,CL808664,KOTAKBANK,SELL,72,1123.13,80865.36
2025-11-26,ALPHA_SEC,CL125501,RELIANCE,BUY,219,182.93,40061.67
2025-11-22,OMEGA_BROKING,CL716792,RELIANCE,SELL,90,1836.02,165241.8
2025-11-23,ALPHA_SEC,CL949768,ITC,SELL,295,865.94,255452.3
2025-11-25,ALPHA_SEC,CL310287,AXISBANK,SELL,16,2179.43,34870.88
2025-11-21,BETA_INVEST,CL967647,KOTAKBANK,SELL,79,2007.36,158581.44
2025-11-23,OMEGA_BROKING,CL283994,RELIANCE,SELL,62,1208.87,74949.94
2025-11-26,BETA_INVEST,CL081420,TATAMOTORS,SELL,103,1094.66,112749.98
2025-11-26,DELTA_TRADES,CL790150,AXISBANK,BUY,38,1090.45,41437.1
2025-11-21,OMEGA_BROKING,CL454601,AXISBANK,BUY,20,385.41,7708.2
2025-11-25,OMEGA_BROKING,CL692635,KOTAKBANK,SELL,129,2388.13,308068.77
2025-11-24,ALPHA_SEC,CL089060,ICICIBANK,SELL,145,1732.02,251142.9
2025-11-23,ALPHA_SEC,CL236668,HDFC,BUY,95,2013.76,191307.2
2025-11-21,ALPHA_SEC,CL334601,LT,SELL,284,2227.08,632490.72
2025-11-26,BETA_INVEST,CL903931,TATAMOTORS,BUY,128,1342.37,171823.36
2025-11-24,DELTA_TRADES,CL577973,AXISBANK,SELL,264,1619.25,427482.0
2025-11-21,BETA_INVEST,CL809154,INFY,BUY,257,245.62,63124.34
2025-11-22,DELTA_TRADES,CL629979,INFY,BUY,27,831.21,22442.67
2025-11-21,OMEGA_BROKING,CL415107,AXISBANK,SELL,1,714.07,714.07
2025-11-22,DELTA_TRADES,CL995133,AXISBANK,BUY,88,923.82,81296.16
2025-11-24,BETA_INVEST,CL121872,KOTAKBANK,SELL,162,1758.17,284823.54
2025-11-22,OMEGA_BROKING,CL313271,HDFC,BUY,78,908.69,70877.82
2025-11-21,ALPHA_SEC,CL766900,TATAMOTORS,BUY,245,2134.47,522945.15
2025-11-22,OMEGA_BROKING,CL931078,AXISBANK,BUY,111,1196.97,132863.67
2025-11-23,DELTA_TRADES,CL610141,ITC,BUY,125,1997.12,249640.0
2025-11-22,BETA_INVEST,CL204123,KOTAKBANK,SELL,253,210.24,53190.72
2025-11-21,OMEGA_BROKING,CL126427,INFY,SELL,16,2413.19,38611.04
2025-11-20,ALPHA_SEC,CL724318,SBIN,SELL,22,709.41,15607.02
2025-11-26,ALPHA_SEC,CL825036,AXISBANK,SELL,9,815.78,7342.02
2025-11-20,ALPHA_SEC,CL573321,AXISBANK,BUY,235,707.99,166377.65
2025-11-22,BETA_INVEST,CL066784,AXISBANK,BUY,304,1514.92,460535.68
2025-11-21,DELTA_TRADES,CL689889,AXISBANK,BUY,265,583.28,154569.2
2025-11-23,DELTA_TRADES,CL876042,ICICIBANK,SELL,195,323.75,63131.25
2025-11-24,ALPHA_SEC,CL569865,AXISBANK,SELL,32,1969.77,63032.64
2025-11-21,DELTA_TRADES,CL004460,KOTAKBANK,SELL,84,336.69,28281.96
2025-11-26,BETA_INVEST,CL615702,RELIANCE,SELL,287,2221.13,637464.31
2025-11-21,DELTA_TRADES,CL494376,RELIANCE,BUY,267,2215.13,591439.71
2025-11-22,DELTA_TRADES,CL248346,ITC,SELL,235,1767.72,415414.2
2025-11-25,DELTA_TRADES,CL683400,RELIANCE,BUY,245,2309.59,565849.55
2025-11-23,DELTA_TRADES,CL453657,SBIN,BUY,120,1584.24,190108.8
2025-11-22,DELTA_TRADES,CL248346,ITC,SELL,234,1767.72,413646.48
2025-11-20,ALPHA_SEC,CL455036,TATAMOTORS,SELL,138,745.56,102887.28
2025-11-21,BETA_INVEST,CL313238,AXISBANK,BUY,1,1724.12,1724.12
2025-11-26,DELTA_TRADES,CL309197,HDFC,SELL,77,135.63,10443.51
2025-11-22,ALPHA_SEC,CL484251,RELIANCE,BUY,71,998.25,70875.75
2025-11-24,OMEGA_BROKING,CL414564,SBIN,BUY,206,1071.45,220718.7
2025-11-25,ALPHA_SEC,CL820022,RELIANCE,SELL,88,1496.2,131665.6
2025-11-24,OMEGA_BROKING,CL478559,RELIANCE,BUY,279,1893.1,528174.9
2025-11-24,OMEGA_BROKING,CL790840,ICICIBANK,BUY,63,1387.02,87382.26
2025-11-21,OMEGA_BROKING,CL732275,RELIANCE,BUY,281,467.44,131350.64
2025-11-24,ALPHA_SEC,CL529541,RELIANCE,SELL,228,399.59,91106.52
2025-11-21,BETA_INVEST,CL811403,INFY,SELL,111,1440.03,159843.33
2025-11-20,DELTA_TRADES,CL077607,HDFC,BUY,224,1857.9,416169.6
2025-11-25,DELTA_TRADES,CL896274,TATAMOTORS,BUY,216,221.32,47805.12
2025-11-26,DELTA_TRADES,CL636654,SBIN,BUY,88,893.56,78633.28
2025-11-23,BETA_INVEST,CL350665,ITC,SELL,201,434.53,87340.53
2025-11-22,ALPHA_SEC,CL029939,ICICIBANK,SELL,285,384.19,109494.15
2025-11-21,ALPHA_SEC,CL268756,SBIN,BUY,66,1036.01,68376.66
2025-11-20,DELTA_TRADES,CL684997,INFY,SELL,98,1696.41,166248.18
2025-11-20,BETA_INVEST,CL264359,ICICIBANK,SELL,123,1388.48,170783.04
2025-11-25,OMEGA_BROKING,CL617612,KOTAKBANK,BUY,78,1103.79,86095.62
2025-11-23,DELTA_TRADES,CL243052,SBIN,SELL,46,1013.78,46633.88
2025-11-20,DELTA_TRADES,CL128815,INFY,BUY,30,1310.71,39321.3
2025-11-21,OMEGA_BROKING,CL831489,SBIN,SELL,1,1788.22,1788.22
2025-11-20,ALPHA_SEC,CL197154,SBIN,SELL,179,2261.9,404880.1
2025-11-22,OMEGA_BROKING,CL532946,AXISBANK,SELL,139,1816.49,252492.11
2025-11-24,DELTA_TRADES,CL867538,KOTAKBANK,BUY,127,2461.15,312566.05
2025-11-21,BETA_INVEST,CL705428,AXISBANK,SELL,136,2249.43,305922.48
2025-11-20,BETA_INVEST,CL853626,AXISBANK,SELL,295,863.46,254720.7
2025-11-25,ALPHA_SEC,CL162222,INFY,BUY,81,1386.29,112289.49
2025-11-26,ALPHA_SEC,CL822255,KOTAKBANK,SELL,227,1298.91,294852.57
2025-11-21,BETA_INVEST,CL474770,AXISBANK,SELL,194,2316.46,449393.24
2025-11-22,OMEGA_BROKING,CL516035,ICICIBANK,SELL,156,1666.94,260042.64
2025-11-20,BETA_INVEST,CL040114,SBIN,BUY,75,1362.63,102197.25
2025-11-20,ALPHA_SEC,CL724318,SBIN,SELL,22,709.41,15607.02
2025-11-21,ALPHA_SEC,CL047051,LT,BUY,212,1649.96,349791.52
2025-11-26,OMEGA_BROKING,CL124816,ICICIBANK,BUY,14,1896.54,26551.56
2025-11-22,DELTA_TRADES,CL337674,ICICIBANK,SELL,294,2098.13,616850.22
2025-11-21,OMEGA_BROKING,CL334898,ICICIBANK,BUY,289,2009.9,580861.1
2025-11-25,DELTA_TRADES,CL425538,TATAMOTORS,SELL,39,219.96,8578.44
2025-11-21,BETA_INVEST,CL716031,TATAMOTORS,SELL,30,1709.22,51276.6
2025-11-25,BETA_INVEST,CL555227,HDFC,SELL,9,1743.02,15687.18
2025-11-21,DELTA_TRADES,CL935800,ICICIBANK,BUY,53,131.78,6984.34
2025-11-25,OMEGA_BROKING,CL459601,ITC,BUY,72,472.18,33996.96
2025-11-22,DELTA_TRADES,CL286601,LT,SELL,173,267.3,46242.9
2025-11-23,DELTA_TRADES,CL399705,ITC,BUY,166,1584.71,263061.86
2025-11-25,OMEGA_BROKING,CL140299,SBIN,SELL,31,551.84,17107.04
2025-11-20,DELTA_TRADES,CL371706,AXISBANK,SELL,188,175.37,32969.56
2025-11-24,DELTA_TRADES,CL518941,AXISBANK,BUY,67,1453.42,97379.14
2025-11-21,OMEGA_BROKING,CL093155,HDFC,BUY,39,2127.26,82963.14
2025-11-24,DELTA_TRADES,CL328687,ICICIBANK,BUY,295,1603.97,473171.15
2025-11-25,DELTA_TRADES,CL627350,ICICIBANK,SELL,212,1162.85,246524.2
2025-11-24,DELTA_TRADES,CL523322,ITC,BUY,246,2098.88,516324.48
2025-11-26,OMEGA_BROKING,CL777322,HDFC,SELL,212,1870.18,396478.16
2025-11-21,DELTA_TRADES,CL370909,HDFC,SELL,0,1314.14,0.0
2025-11-20,ALPHA_SEC,CL035807,RELIANCE,SELL,230,664.95,152938.5
2025-11-22,ALPHA_SEC,CL096640,AXISBANK,SELL,239,1775.13,424256.07
2025-11-23,OMEGA_BROKING,CL969404,LT,BUY,87,804.16,69961.92
2025-11-22,BETA_INVEST,CL155047,ITC,SELL,115,961.33,110552.95
2025-11-24,BETA_INVEST,CL806588,ITC,BUY,219,594.38,130169.22
2025-11-26,DELTA_TRADES,CL042797,LT,BUY,176,1921.85,338245.6
2025-11-23,DELTA_TRADES,CL574045,LT,BUY,60,2353.12,141187.2
2025-11-25,OMEGA_BROKING,CL918451,INFY,BUY,269,248.56,66862.64
2025-11-20,DELTA_TRADES,CL925687,RELIANCE,SELL,201,1103.97,221897.97
2025-11-23,BETA_INVEST,CL727615,RELIANCE,BUY,4,628.2,2512.8
2025-11-20,DELTA_TRADES,CL490327,INFY,BUY,56,1413.75,79170.0
2025-11-22,ALPHA_SEC,CL983125,RELIANCE,SELL,160,1705.19,272830.4
2025-11-25,ALPHA_SEC,CL530603,HDFC,BUY,241,1015.08,244634.28
2025-11-22,BETA_INVEST,CL051479,HDFC,BUY,283,2168.27,613620.41
2025-11-20,DELTA_TRADES,CL568663,AXISBANK,SELL,52,1676.28,87166.56
2025-11-21,ALPHA_SEC,CL310027,LT,SELL,18,2400.55,43209.9
2025-11-23,ALPHA_SEC,CL461945,LT,BUY,140,121.24,16973.6
2025-11-21,OMEGA_BROKING,CL880873,RELIANCE,SELL,47,866.53,40726.91
2025-11-23,ALPHA_SEC,CL319846,RELIANCE,BUY,10,953.18,9531.8
2025-11-24,DELTA_TRADES,CL073075,KOTAKBANK,SELL,285,605.08,172447.8
2025-11-20,DELTA_TRADES,CL133212,SBIN,SELL,293,546.34,160077.62
2025-11-23,ALPHA_SEC,CL148722,RELIANCE,SELL,29,2187.34,63432.86
2025-11-21,ALPHA_SEC,CL268756,SBIN,BUY,71,1036.01,73556.71
2025-11-26,OMEGA_BROKING,CL927527,TATAMOTORS,SELL,30,2030.57,60917.1
2025-11-23,ALPHA_SEC,CL782215,ITC,BUY,73,1210.26,88348.98
2025-11-24,BETA_INVEST,CL697190,TATAMOTORS,SELL,97,2378.29,230694.13
2025-11-25,ALPHA_SEC,CL970086,RELIANCE,BUY,221,347.02,76691.42
2025-11-24,ALPHA_SEC,CL398809,LT,BUY,248,816.81,202568.88
2025-11-25,OMEGA_BROKING,CL681441,ICICIBANK,BUY,263,421.33,110809.79
2025-11-22,DELTA_TRADES,CL303337,LT,BUY,111,618.45,68647.95
2025-11-20,DELTA_TRADES,CL163472,SBIN,BUY,40,2322.87,92914.8
2025-11-25,ALPHA_SEC,CL164988,KOTAKBANK,BUY,69,475.48,32808.12
2025-11-24,BETA_INVEST,CL664996,AXISBANK,SELL,131,2333.29,305660.99
2025-11-20,DELTA_TRADES,CL163472,SBIN,BUY,45,2322.87,104529.15
2025-11-26,DELTA_TRADES,CL570916,ITC,BUY,35,1081.02,37835.7
2025-11-26,DELTA_TRADES,CL383180,INFY,BUY,238,1009.41,240239.58
2025-11-23,BETA_INVEST,CL917069,RELIANCE,SELL,143,2086.56,298378.08
2025-11-23,ALPHA_SEC,CL420878,RELIANCE,BUY,272,611.19,166243.68
2025-11-23,OMEGA_BROKING,CL927444,LT,SELL,80,1493.06,119444.8
2025-11-24,OMEGA_BROKING,CL310620,TATAMOTORS,SELL,262,1194.46,312948.52
2025-11-20,OMEGA_BROKING,CL653991,SBIN,SELL,214,2372.22,507655.08
2025-11-24,OMEGA_BROKING,CL554754,HDFC,BUY,73,714.21,52137.33
2025-11-21,DELTA_TRADES,CL405271,HDFC,SELL,113,937.82,105973.66
2025-11-20,OMEGA_BROKING,CL072947,SBIN,SELL,37,563.71,20857.27
2025-11-22,DELTA_TRADES,CL387397,RELIANCE,BUY,145,1184.89,171809.05
2025-11-26,OMEGA_BROKING,CL552510,RELIANCE,SELL,130,866.11,112594.3
2025-11-26,ALPHA_SEC,CL199774,RELIANCE,BUY,23,867.07,19942.61
2025-11-26,ALPHA_SEC,CL550634,ICICIBANK,BUY,276,1370.69,378310.44
2025-11-26,DELTA_TRADES,CL140253,HDFC,SELL,99,1912.79,189366.21
2025-11-20,BETA_INVEST,CL149343,LT,BUY,292,2396.42,699754.64
2025-11-25,DELTA_TRADES,CL653443,HDFC,BUY,158,2464.18,389340.44
2025-11-24,BETA_INVEST,CL337726,INFY,BUY,143,453.95,64914.85
2025-11-22,OMEGA_BROKING,CL410560,HDFC,SELL,94,1188.73,111740.62
2025-11-22,ALPHA_SEC,CL541198,INFY,BUY,69,2245.64,154949.16
2025-11-25,DELTA_TRADES,CL432112,SBIN,SELL,119,734.91,87454.29
2025-11-23,BETA_INVEST,CL188051,RELIANCE,SELL,262,1224.82,320902.84
2025-11-25,OMEGA_BROKING,CL358955,HDFC,BUY,228,790.79,180300.12
2025-11-22,DELTA_TRADES,CL206050,ITC,SELL,83,1486.57,123385.31
2025-11-23,BETA_INVEST,CL500664,TATAMOTORS,BUY,3,1297.64,3892.92
2025-11-23,DELTA_TRADES,CL917275,AXISBANK,BUY,37,1573.56,58221.72
2025-11-21,DELTA_TRADES,CL265897,RELIANCE,SELL,11,529.52,5824.72
2025-11-20,DELTA_TRADES,CL538789,AXISBANK,SELL,250,458.15,114537.5
2025-11-22,ALPHA_SEC,CL659647,INFY,BUY,82,1012.87,83055.34
2025-11-20,BETA_INVEST,CL483651,ITC,SELL,25,523.38,13084.5
2025-11-26,ALPHA_SEC,CL595139,TATAMOTORS,BUY,253,1001.55,253392.15
2025-11-24,OMEGA_BROKING,CL333641,LT,SELL,277,1118.95,309949.15
2025-11-26,OMEGA_BROKING,CL613555,ICICIBANK,SELL,242,864.57,209225.94
2025-11-25,BETA_INVEST,CL262336,SBIN,SELL,71,1083.64,76938.44
2025-11-22,BETA_INVEST,CL577188,LT,SELL,7,241.81,1692.67
2025-11-21,OMEGA_BROKING,CL796670,ICICIBANK,BUY,256,1128.29,288842.24
2025-11-26,BETA_INVEST,CL719381,TATAMOTORS,BUY,5,2024.8,10124.0
2025-11-21,BETA_INVEST,CL636431,INFY,BUY,212,925.14,196129.68
2025-11-24,DELTA_TRADES,CL475972,LT,BUY,178,456.45,81248.1
2025-11-25,OMEGA_BROKING,CL526429,ICICIBANK,BUY,252,303.13,76388.76
2025-11-23,ALPHA_SEC,CL793282,INFY,BUY,132,767.47,101306.04
2025-11-21,BETA_INVEST,CL655813,ITC,SELL,236,1298.88,306535.68
2025-11-24,BETA_INVEST,CL291987,TATAMOTORS,SELL,254,1953.21,496115.34
2025-11-20,ALPHA_SEC,CL311867,TATAMOTORS,SELL,230,1266.78,291359.4
2025-11-21,ALPHA_SEC,CL784449,RELIANCE,BUY,250,758.13,189532.5
2025-11-21,DELTA_TRADES,CL877519,ICICIBANK,BUY,15,1315.19,19727.85
2025-11-20,BETA_INVEST,CL538395,KOTAKBANK,SELL,283,1454.73,411688.59
2025-11-25,ALPHA_SEC,CL063882,TATAMOTORS,SELL,107,2108.98,225660.86
2025-11-20,DELTA_TRADES,CL296408,RELIANCE,SELL,189,2214.5,418540.5
2025-11-22,BETA_INVEST,CL661508,RELIANCE,BUY,254,1244.31,316054.74
2025-11-24,DELTA_TRADES,CL080287,INFY,BUY,48,2075.49,99623.52
2025-11-21,ALPHA_SEC,CL616930,HDFC,SELL,222,1211.02,268846.44
2025-11-21,DELTA_TRADES,CL567634,KOTAKBANK,SELL,194,1141.04,221361.76
2025-11-24,DELTA_TRADES,CL061947,TATAMOTORS,BUY,164,871.23,142881.72
2025-11-25,OMEGA_BROKING,CL073778,INFY,BUY,99,1901.73,188271.27
2025-11-22,ALPHA_SEC,CL816792,LT,SELL,282,2301.19,648935.58
2025-11-21,DELTA_TRADES,CL838040,RELIANCE,SELL,118,527.93,62295.74
2025-11-25,BETA_INVEST,CL828644,RELIANCE,SELL,30,1567.25,47017.5
2025-11-23,BETA_INVEST,CL547122,INFY,BUY,212,2416.7,512340.4
2025-11-22,DELTA_TRADES,CL340426,SBIN,SELL,163,2157.81,351723.03
2025-11-23,BETA_INVEST,CL831492,RELIANCE,SELL,282,743.45,209652.9
2025-11-20,OMEGA_BROKING,CL693859,AXISBANK,SELL,21,2128.52,44698.92
2025-11-21,ALPHA_SEC,CL824216,ICICIBANK,SELL,14,704.5,9863.0
2025-11-23,DELTA_TRADES,CL196099,ICICIBANK,BUY,28,2333.83,65347.24
2025-11-21,OMEGA_BROKING,CL476137,SBIN,BUY,101,138.34,13972.34
2025-11-21,DELTA_TRADES,CL221011,LT,SELL,27,1622.1,43796.7
2025-11-26,DELTA_TRADES,CL836193,RELIANCE,SELL,126,2322.23,292600.98
2025-11-25,OMEGA_BROKING,CL739520,SBIN,BUY,115,2055.11,236337.65
2025-11-25,OMEGA_BROKING,CL386794,INFY,BUY,30,1089.12,32673.6
2025-11-24,DELTA_TRADES,CL417450,ICICIBANK,BUY,82,1509.77,123801.14
2025-11-21,OMEGA_BROKING,CL369110,AXISBANK,BUY,223,1112.2,248020.6
2025-11-23,BETA_INVEST,CL947542,LT,SELL,262,433.53,113584.86
2025-11-26,DELTA_TRADES,CL094660,AXISBANK,BUY,108,1411.06,152394.48
2025-11-23,DELTA_TRADES,CL159917,SBIN,BUY,282,2238.75,631327.5
2025-11-20,ALPHA_SEC,CL121122,INFY,SELL,11,1803.25,19835.75
2025-11-20,DELTA_TRADES,CL325660,INFY,BUY,41,2285.17,93691.97
2025-11-22,DELTA_TRADES,CL518117,LT,BUY,241,575.87,138784.67
2025-11-21,BETA_INVEST,CL191309,TATAMOTORS,BUY,296,476.9,141162.4
2025-11-25,BETA_INVEST,CL484594,ITC,SELL,186,521.15,96933.9
2025-11-23,BETA_INVEST,CL765559,LT,BUY,10,453.86,4538.6
2025-11-22,ALPHA_SEC,CL193960,LT,BUY,247,575.75,142210.25
2025-11-25,DELTA_TRADES,CL303225,TATAMOTORS,BUY,28,2284.09,63954.52
2025-11-22,ALPHA_SEC,CL242137,AXISBANK,SELL,201,1235.73,248381.73
2025-11-21,BETA_INVEST,CL987704,KOTAKBANK,BUY,126,842.85,106199.1
2025-11-20,OMEGA_BROKING,CL940364,TATAMOTORS,SELL,291,454.54,132271.14
2025-11-24,BETA_INVEST,CL549550,ITC,SELL,197,1348.67,265687.99
2025-11-21,ALPHA_SEC,CL361425,LT,BUY,78,497.52,38806.56
2025-11-23,DELTA_TRADES,CL705824,SBIN,SELL,252,1108.33,279299.16
2025-11-23,ALPHA_SEC,CL523013,ICICIBANK,BUY,105,433.98,45567.9
2025-11-24,ALPHA_SEC,CL258881,AXISBANK,SELL,152,598.72,91005.44
2025-11-25,DELTA_TRADES,CL486657,INFY,SELL,231,233.43,53922.33
2025-11-25,OMEGA_BROKING,CL983095,TATAMOTORS,SELL,283,1500.87,424746.21
2025-11-25,BETA_INVEST,CL161982,INFY,BUY,29,1833.42,53169.18
2025-11-26,BETA_INVEST,CL379316,AXISBANK,BUY,188,699.03,131417.64
2025-11-22,DELTA_TRADES,CL125560,TATAMOTORS,SELL,270,523.62,141377.4
2025-11-22,DELTA_TRADES,CL620528,ICICIBANK,BUY,150,685.86,102879.0
2025-11-22,OMEGA_BROKING,CL971428,HDFC,BUY,143,2399.24,343091.32
2025-11-22,ALPHA_SEC,CL026603,SBIN,BUY,272,172.34,46876.48
2025-11-23,ALPHA_SEC,CL436052,KOTAKBANK,BUY,67,1111.29,74456.43
2025-11-25,OMEGA_BROKING,CL919052,ICICIBANK,BUY,69,1806.89,124675.41
2025-11-26,OMEGA_BROKING,CL575361,TATAMOTORS,BUY,294,975.84,286896.96
2025-11-21,OMEGA_BROKING,CL055621,ITC,SELL,120,683.47,82016.4
2025-11-22,BETA_INVEST,CL857761,RELIANCE,SELL,123,546.38,67204.74
2025-11-22,OMEGA_BROKING,CL102790,KOTAKBANK,BUY,19,1414.5,26875.5
2025-11-22,BETA_INVEST,CL567108,ICICIBANK,SELL,229,1020.24,233634.96
2025-11-24,BETA_INVEST,CL686701,RELIANCE,SELL,261,2039.14,532215.54
2025-11-26,ALPHA_SEC,CL038493,INFY,BUY,268,2139.56,573402.08
2025-11-23,DELTA_TRADES,CL718864,AXISBANK,SELL,176,1267.68,223111.68
2025-11-21,DELTA_TRADES,CL438890,KOTAKBANK,SELL,45,1602.21,72099.45
2025-11-21,BETA_INVEST,CL313238,AXISBANK,BUY,2,1724.12,3448.24
2025-11-20,DELTA_TRADES,CL411668,KOTAKBANK,BUY,180,1162.74,209293.2
2025-11-22,DELTA_TRADES,CL319019,TATAMOTORS,SELL,234,2339.35,547407.9
2025-11-23,ALPHA_SEC,CL653265,RELIANCE,BUY,1,1567.64,1567.64
2025-11-21,OMEGA_BROKING,CL436323,ICICIBANK,SELL,273,2211.35,603698.55
2025-11-23,ALPHA_SEC,CL034147,HDFC,BUY,262,229.9,60233.8
2025-11-22,ALPHA_SEC,CL962247,INFY,SELL,186,1547.88,287905.68
2025-11-21,OMEGA_BROKING,CL820259,TATAMOTORS,SELL,170,1783.74,303235.8
2025-11-23,OMEGA_BROKING,CL130556,AXISBANK,SELL,137,283.14,38790.18
2025-11-26,DELTA_TRADES,CL381976,INFY,SELL,28,2306.36,64578.08
2025-11-23,DELTA_TRADES,CL426691,AXISBANK,SELL,87,2071.46,180217.02
2025-11-25,OMEGA_BROKING,CL515902,RELIANCE,SELL,202,2208.16,446048.32
2025-11-25,BETA_INVEST,CL285252,INFY,SELL,166,1191.24,197745.84
2025-11-24,OMEGA_BROKING,CL748501,KOTAKBANK,SELL,195,432.86,84407.7
2025-11-23,OMEGA_BROKING,CL020192,LT,SELL,181,726.26,131453.06
2025-11-20,ALPHA_SEC,CL809359,SBIN,SELL,123,797.69,98115.87
2025-11-22,ALPHA_SEC,CL123303,ITC,BUY,19,210.16,3993.04
2025-11-20,ALPHA_SEC,CL336545,SBIN,SELL,159,2430.19,386400.21
2025-11-24,OMEGA_BROKING,CL151138,AXISBANK,BUY,288,490.29,141203.52
2025-11-23,OMEGA_BROKING,CL066718,ICICIBANK,SELL,146,1930.57,281863.22
2025-11-24,ALPHA_SEC,CL691433,KOTAKBANK,SELL,121,214.94,26007.74
2025-11-20,ALPHA_SEC,CL267632,TATAMOTORS,BUY,189,1580.88,298786.32
2025-11-21,ALPHA_SEC,CL476314,LT,BUY,297,2292.5,680872.5
2025-11-20,OMEGA_BROKING,CL546900,SBIN,SELL,236,1204.28,284210.08
2025-11-23,ALPHA_SEC,CL398776,AXISBANK,BUY,39,922.84,35990.76
2025-11-24,BETA_INVEST,CL142151,LT,BUY,181,1355.14,245280.34
2025-11-21,BETA_INVEST,CL125767,RELIANCE,BUY,184,662.07,121820.88
2025-11-26,BETA_INVEST,CL192904,KOTAKBANK,SELL,46,1166.77,53671.42
2025-11-25,OMEGA_BROKING,CL677853,ITC,BUY,222,1005.69,223263.18
2025-11-20,BETA_INVEST,CL669119,KOTAKBANK,SELL,146,2071.42,302427.32
2025-11-26,ALPHA_SEC,CL912175,AXISBANK,SELL,17,551.29,9371.93
2025-11-20,OMEGA_BROKING,CL792882,KOTAKBANK,BUY,208,1846.9,384155.2
2025-11-22,DELTA_TRADES,CL801707,RELIANCE,BUY,273,917.11,250371.03
2025-11-26,DELTA_TRADES,CL749376,LT,SELL,12,541.09,6493.08
2025-11-20,ALPHA_SEC,CL724318,SBIN,SELL,22,709.41,15607.02
2025-11-22,OMEGA_BROKING,CL040222,LT,BUY,150,2251.98,337797.0
2025-11-26,DELTA_TRADES,CL371642,ITC,SELL,189,419.47,79279.83
2025-11-26,OMEGA_BROKING,CL901484,KOTAKBANK,BUY,209,2254.47,471184.23
2025-11-26,BETA_INVEST,CL812705,KOTAKBANK,SELL,27,2136.9,57696.3
2025-11-25,DELTA_TRADES,CL982564,AXISBANK,BUY,21,2450.95,51469.95
2025-11-24,ALPHA_SEC,CL995643,RELIANCE,BUY,143,2300.42,328960.06
2025-11-24,ALPHA_SEC,CL466725,RELIANCE,SELL,60,767.74,46064.4
2025-11-20,ALPHA_SEC,CL046205,HDFC,BUY,236,732.29,172820.44
2025-11-23,ALPHA_SEC,CL350647,RELIANCE,BUY,97,2045.46,198409.62
2025-11-23,OMEGA_BROKING,CL066718,ICICIBANK,SELL,141,1930.57,272210.37
2025-11-24,ALPHA_SEC,CL262447,LT,SELL,121,2480.78,300174.38
2025-11-25,ALPHA_SEC,CL361224,ICICIBANK,BUY,11,2071.33,22784.63
2025-11-23,DELTA_TRADES,CL504076,TATAMOTORS,BUY,144,1536.03,221188.32
2025-11-21,OMEGA_BROKING,CL954002,AXISBANK,BUY,175,1104.11,193219.25
2025-11-20,BETA_INVEST,CL327595,ITC,BUY,71,219.93,15615.03
2025-11-20,ALPHA_SEC,CL793241,ITC,BUY,36,799.47,28780.92
2025-11-23,ALPHA_SEC,CL136682,ICICIBANK,BUY,179,2014.11,360525.69
2025-11-20,BETA_INVEST,CL840216,LT,BUY,90,1567.69,141092.1
2025-11-20,OMEGA_BROKING,CL800708,INFY,BUY,95,1597.9,151800.5
2025-11-22,ALPHA_SEC,CL107015,KOTAKBANK,SELL,240,1186.49,284757.6
2025-11-25,OMEGA_BROKING,CL048781,SBIN,BUY,63,655.8,41315.4
2025-11-20,DELTA_TRADES,CL872993,RELIANCE,BUY,1,371.13,371.13
2025-11-25,OMEGA_BROKING,CL879876,SBIN,BUY,220,1640.97,361013.4
2025-11-21,OMEGA_BROKING,CL072127,INFY,BUY,265,1181.72,313155.8
2025-11-21,BETA_INVEST,CL233501,KOTAKBANK,SELL,285,660.86,188345.1
2025-11-22,DELTA_TRADES,CL764704,INFY,BUY,72,2037.12,146672.64
2025-11-23,OMEGA_BROKING,CL582656,HDFC,SELL,225,362.15,81483.75
2025-11-21,OMEGA_BROKING,CL305255,KOTAKBANK,SELL,105,456.41,47923.05
2025-11-26,OMEGA_BROKING,CL969049,TATAMOTORS,SELL,211,1845.42,389383.62
2025-11-23,ALPHA_SEC,CL713051,HDFC,SELL,35,1027.13,35949.55
2025-11-21,OMEGA_BROKING,CL819455,SBIN,BUY,46,910.46,41881.16
2025-11-20,ALPHA_SEC,CL664460,ITC,BUY,96,579.07,55590.72
2025-11-23,OMEGA_BROKING,CL898159,ITC,SELL,165,230.97,38110.05
2025-11-20,BETA_INVEST,CL832032,TATAMOTORS,BUY,126,1583.87,199567.62
2025-11-20,BETA_INVEST,CL798008,RELIANCE,BUY,70,1633.05,114313.5
2025-11-25,OMEGA_BROKING,CL696195,HDFC,SELL,279,2116.65,590545.35
2025-11-20,DELTA_TRADES,CL283273,KOTAKBANK,SELL,130,974.24,126651.2
2025-11-23,OMEGA_BROKING,CL843925,LT,BUY,244,1430.53,349049.32
2025-11-25,OMEGA_BROKING,CL108080,SBIN,BUY,46,962.67,44282.82
2025-11-24,OMEGA_BROKING,CL565729,AXISBANK,BUY,259,1673.77,433506.43
2025-11-20,ALPHA_SEC,CL926289,AXISBANK,BUY,273,2073.55,566079.15
2025-11-21,OMEGA_BROKING,CL197219,AXISBANK,SELL,201,1763.52,354467.52
2025-11-22,BETA_INVEST,CL204123,KOTAKBANK,SELL,248,210.24,52139.52
2025-11-22,OMEGA_BROKING,CL410560,HDFC,SELL,95,1188.73,112929.35
2025-11-21,ALPHA_SEC,CL295413,LT,BUY,133,733.79,97594.07
2025-11-26,ALPHA_SEC,CL250721,AXISBANK,SELL,42,2050.95,86139.9
2025-11-21,OMEGA_BROKING,CL968942,LT,SELL,39,482.21,18806.19
2025-11-22,BETA_INVEST,CL796345,TATAMOTORS,BUY,112,1654.97,185356.64
2025-11-21,DELTA_TRADES,CL251512,LT,BUY,116,2193.47,254442.52
2025-11-23,ALPHA_SEC,CL390214,TATAMOTORS,SELL,40,425.49,17019.6
2025-11-20,ALPHA_SEC,CL974835,AXISBANK,SELL,93,928.09,86312.37
2025-11-22,BETA_INVEST,CL450239,ITC,SELL,215,1489.17,320171.55
2025-11-21,BETA_INVEST,CL531617,AXISBANK,BUY,248,741.81,183968.88
2025-11-21,ALPHA_SEC,CL092374,SBIN,SELL,167,2264.86,378231.62
2025-11-23,ALPHA_SEC,CL497594,ICICIBANK,BUY,266,550.47,146425.02
2025-11-23,DELTA_TRADES,CL285968,KOTAKBANK,BUY,171,219.24,37490.04
2025-11-22,OMEGA_BROKING,CL867985,KOTAKBANK,BUY,6,1373.19,8239.14
2025-11-20,ALPHA_SEC,CL836716,TATAMOTORS,SELL,169,1585.99,268032.31
2025-11-20,ALPHA_SEC,CL471659,ICICIBANK,SELL,184,750.49,138090.16
2025-11-23,BETA_INVEST,CL823687,TATAMOTORS,BUY,265,658.63,174536.95
2025-11-22,DELTA_TRADES,CL506966,SBIN,BUY,72,320.82,23099.04
2025-11-21,BETA_INVEST,CL026032,INFY,BUY,48,1917.53,92041.44
2025-11-20,BETA_INVEST,CL572765,AXISBANK,SELL,11,874.11,9615.21
2025-11-21,DELTA_TRADES,CL703996,LT,BUY,259,1321.71,342322.89
2025-11-22,OMEGA_BROKING,CL829116,ITC,BUY,19,2182.75,41472.25
2025-11-20,ALPHA_SEC,CL428774,AXISBANK,SELL,146,1465.18,213916.28
2025-11-24,DELTA_TRADES,CL048107,HDFC,BUY,250,672.03,168007.5
2025-11-20,BETA_INVEST,CL883819,LT,SELL,120,1704.33,204519.6
2025-11-20,DELTA_TRADES,CL416635,RELIANCE,BUY,289,913.56,264018.84
2025-11-20,DELTA_TRADES,CL007619,RELIANCE,SELL,244,2350.94,573629.36
2025-11-21,BETA_INVEST,CL578254,ICICIBANK,SELL,86,1205.22,103648.92
2025-11-25,ALPHA_SEC,CL700155,SBIN,SELL,201,1677.1,337097.1
2025-11-21,BETA_INVEST,CL929260,HDFC,SELL,208,1117.75,232492.0
2025-11-21,BETA_INVEST,CL929260,HDFC,SELL,205,1117.75,229138.75
2025-11-25,BETA_INVEST,CL414988,SBIN,SELL,176,186.56,32834.56
2025-11-23,OMEGA_BROKING,CL025281,KOTAKBANK,SELL,166,840.96,139599.36
2025-11-24,BETA_INVEST,CL614963,AXISBANK,BUY,228,2300.72,524564.16
2025-11-21,DELTA_TRADES,CL139675,HDFC,BUY,155,398.59,61781.45
2025-11-26,OMEGA_BROKING,CL436281,SBIN,BUY,218,1235.8,269404.4
2025-11-21,ALPHA_SEC,CL006571,LT,SELL,189,836.64,158124.96
2025-11-22,DELTA_TRADES,CL424794,RELIANCE,SELL,244,273.12,66641.28
2025-11-25,BETA_INVEST,CL131045,ITC,SELL,300,2214.85,664455.0
2025-11-22,DELTA_TRADES,CL827030,KOTAKBANK,BUY,189,820.76,155123.64
2025-11-21,DELTA_TRADES,CL438890,KOTAKBANK,SELL,44,1602.21,70497.24
2025-11-24,ALPHA_SEC,CL922231,RELIANCE,BUY,116,2333.59,270696.44
2025-11-26,ALPHA_SEC,CL314484,ICICIBANK,BUY,97,2281.05,221261.85
2025-11-20,OMEGA_BROKING,CL171150,INFY,BUY,8,621.52,4972.16
2025-11-21,BETA_INVEST,CL691047,ITC,SELL,186,2359.62,438889.32
2025-11-25,BETA_INVEST,CL787904,SBIN,SELL,252,1729.43,435816.36
2025-11-23,ALPHA_SEC,CL894368,INFY,BUY,111,829.42,92065.62
2025-11-23,ALPHA_SEC,CL554904,SBIN,SELL,155,1037.96,160883.8
2025-11-21,DELTA_TRADES,CL982184,LT,SELL,117,779.89,91247.13
2025-11-21,OMEGA_BROKING,CL746142,LT,BUY,187,939.68,175720.16
2025-11-22,BETA_INVEST,CL264159,TATAMOTORS,SELL,23,1283.11,29511.53
2025-11-20,DELTA_TRADES,CL519079,LT,SELL,118,1481.46,174812.28
2025-11-20,ALPHA_SEC,CL051321,SBIN,SELL,225,566.33,127424.25
2025-11-21,ALPHA_SEC,CL082973,AXISBANK,BUY,88,1132.42,99652.96
2025-11-25,DELTA_TRADES,CL668960,SBIN,SELL,155,1258.63,195087.65
2025-11-22,DELTA_TRADES,CL027962,INFY,SELL,142,2246.93,319064.06
2025-11-21,BETA_INVEST,CL569072,INFY,SELL,94,1596.93,150111.42
2025-11-21,BETA_INVEST,CL929260,HDFC,SELL,205,1117.75,229138.75
2025-11-21,ALPHA_SEC,CL410432,AXISBANK,SELL,116,1436.41,166623.56
2025-11-22,DELTA_TRADES,CL083183,LT,BUY,187,1171.29,219031.23
2025-11-23,OMEGA_BROKING,CL650197,LT,SELL,32,2230.39,71372.48
2025-11-21,BETA_INVEST,CL065175,KOTAKBANK,SELL,284,2167.75,615641.0
2025-11-23,DELTA_TRADES,CL643770,RELIANCE,BUY,104,1969.27,204804.08
2025-11-26,OMEGA_BROKING,CL575361,TATAMOTORS,BUY,290,975.84,282993.6
2025-11-23,DELTA_TRADES,CL054470,LT,BUY,268,1778.45,476624.6
2025-11-20,OMEGA_BROKING,CL419293,ICICIBANK,BUY,256,1921.94,492016.64
2025-11-20,BETA_INVEST,CL420469,INFY,SELL,62,1780.49,110390.38
2025-11-24,DELTA_TRADES,CL053238,SBIN,BUY,199,914.76,182037.24
2025-11-26,ALPHA_SEC,CL897634,HDFC,SELL,152,995.23,151274.96
2025-11-23,ALPHA_SEC,CL340758,RELIANCE,BUY,188,2087.09,392372.92
2025-11-20,DELTA_TRADES,CL839464,ICICIBANK,BUY,62,510.52,31652.24
2025-11-20,DELTA_TRADES,CL043478,AXISBANK,BUY,74,1302.09,96354.66
2025-11-20,ALPHA_SEC,CL337523,INFY,BUY,99,1948.55,192906.45
2025-11-20,ALPHA_SEC,CL128431,TATAMOTORS,SELL,144,941.96,135642.24
2025-11-21,DELTA_TRADES,CL932014,INFY,BUY,263,492.76,129595.88
2025-11-26,DELTA_TRADES,CL599834,ICICIBANK,SELL,31,1698.08,52640.48
2025-11-26,ALPHA_SEC,CL437576,INFY,BUY,16,191.73,3067.68
2025-11-24,DELTA_TRADES,CL541156,RELIANCE,BUY,294,2270.51,667529.94
2025-11-23,OMEGA_BROKING,CL634477,TATAMOTORS,BUY,253,590.4,149371.2
2025-11-22,DELTA_TRADES,CL911294,TATAMOTORS,BUY,270,156.26,42190.2
2025-11-21,BETA_INVEST,CL036711,TATAMOTORS,BUY,172,1259.61,216652.92
2025-11-24,OMEGA_BROKING,CL633433,LT,SELL,178,1028.98,183158.44
2025-11-20,BETA_INVEST,CL532569,RELIANCE,BUY,73,2110.44,154062.12
2025-11-22,ALPHA_SEC,CL457051,HDFC,BUY,237,1738.55,412036.35
2025-11-26,DELTA_TRADES,CL202198,ITC,BUY,168,1855.91,311792.88
2025-11-26,BETA_INVEST,CL911766,ITC,BUY,123,2273.85,279683.55
2025-11-24,BETA_INVEST,CL417565,SBIN,SELL,262,516.12,135223.44
2025-11-23,OMEGA_BROKING,CL262148,RELIANCE,BUY,279,1372.0,382788.0
2025-11-21,OMEGA_BROKING,CL074268,KOTAKBANK,SELL,165,1432.21,236314.65
2025-11-26,BETA_INVEST,CL516756,AXISBANK,BUY,231,2124.33,490720.23
2025-11-22,OMEGA_BROKING,CL466233,LT,SELL,105,2170.03,227853.15
2025-11-26,OMEGA_BROKING,CL363979,KOTAKBANK,BUY,133,904.43,120289.19
2025-11-21,DELTA_TRADES,CL268872,LT,BUY,103,1755.88,180855.64
2025-11-25,DELTA_TRADES,CL157494,LT,SELL,302,1615.38,487844.76
2025-11-20,OMEGA_BROKING,CL217365,INFY,SELL,241,371.63,89562.83
2025-11-24,OMEGA_BROKING,CL254570,KOTAKBANK,SELL,124,1139.85,141341.4
2025-11-24,OMEGA_BROKING,CL644731,ITC,BUY,101,676.17,68293.17
2025-11-24,BETA_INVEST,CL871177,SBIN,SELL,69,1842.95,127163.55
2025-11-25,OMEGA_BROKING,CL570960,TATAMOTORS,SELL,181,1409.16,255057.96
2025-11-20,BETA_INVEST,CL964491,TATAMOTORS,BUY,275,1376.45,378523.75
2025-11-20,DELTA_TRADES,CL007619,RELIANCE,SELL,247,2350.94,580682.18
2025-11-23,ALPHA_SEC,CL736753,INFY,BUY,19,942.95,17916.05
2025-11-22,OMEGA_BROKING,CL982414,ICICIBANK,SELL,211,2286.54,482459.94
2025-11-21,ALPHA_SEC,CL551789,AXISBANK,SELL,138,135.87,18750.06
2025-11-21,BETA_INVEST,CL038971,AXISBANK,SELL,189,1218.23,230245.47
2025-11-20,ALPHA_SEC,CL843390,HDFC,SELL,171,609.14,104162.94
2025-11-26,DELTA_TRADES,CL827742,ITC,SELL,180,1218.63,219353.4
2025-11-24,BETA_INVEST,CL945264,SBIN,SELL,78,2017.81,157389.18
2025-11-21,BETA_INVEST,CL012477,ITC,BUY,297,557.01,165431.97
2025-11-22,BETA_INVEST,CL264043,LT,BUY,226,1591.62,359706.12
2025-11-24,ALPHA_SEC,CL142655,TATAMOTORS,SELL,231,1372.81,317119.11
2025-11-21,OMEGA_BROKING,CL938893,SBIN,SELL,166,1514.18,251353.88
2025-11-21,DELTA_TRADES,CL996984,HDFC,SELL,32,1146.31,36681.92
2025-11-23,ALPHA_SEC,CL530292,RELIANCE,BUY,240,142.69,34245.6
2025-11-26,DELTA_TRADES,CL482891,TATAMOTORS,BUY,14,1947.13,27259.82
2025-11-25,BETA_INVEST,CL655120,ITC,SELL,106,1650.22,174923.32
2025-11-22,BETA_INVEST,CL118864,RELIANCE,SELL,218,1407.13,306754.34
2025-11-26,DELTA_TRADES,CL054208,KOTAKBANK,SELL,145,2429.66,352300.7
2025-11-22,ALPHA_SEC,CL595143,INFY,SELL,287,971.6,278849.2
2025-11-24,OMEGA_BROKING,CL230406,SBIN,BUY,257,1624.97,417617.29
2025-11-23,ALPHA_SEC,CL864103,ITC,SELL,121,1012.16,122471.36
2025-11-25,BETA_INVEST,CL062267,ICICIBANK,SELL,65,496.05,32243.25
2025-11-23,BETA_INVEST,CL158846,ICICIBANK,BUY,71,2102.63,149286.73
2025-11-20,BETA_INVEST,CL044783,KOTAKBANK,BUY,99,1261.65,124903.35
2025-11-20,BETA_INVEST,CL853626,AXISBANK,SELL,295,863.46,254720.7
2025-11-24,BETA_INVEST,CL211740,INFY,BUY,172,326.33,56128.76
2025-11-25,ALPHA_SEC,CL408732,LT,SELL,123,2004.02,246494.46
2025-11-23,DELTA_TRADES,CL763139,KOTAKBANK,SELL,187,1763.16,329710.92
2025-11-20,DELTA_TRADES,CL197201,ITC,SELL,228,700.86,159796.08
2025-11-25,OMEGA_BROKING,CL395056,LT,BUY,204,1137.38,232025.52
2025-11-20,ALPHA_SEC,CL311867,TATAMOTORS,SELL,238,1266.78,301493.64
2025-11-22,OMEGA_BROKING,CL752432,TATAMOTORS,BUY,57,921.32,52515.24
2025-11-23,ALPHA_SEC,CL855153,HDFC,SELL,284,778.61,221125.24
2025-11-26,ALPHA_SEC,CL578344,INFY,BUY,122,1737.19,211937.18
2025-11-22,ALPHA_SEC,CL704169,INFY,BUY,127,441.82,56111.14
2025-11-26,OMEGA_BROKING,CL912450,ITC,BUY,39,2288.48,89250.72
2025-11-24,DELTA_TRADES,CL727479,ICICIBANK,SELL,119,1387.84,165152.96
2025-11-25,BETA_INVEST,CL858331,HDFC,SELL,3,361.47,1084.41
2025-11-22,DELTA_TRADES,CL299874,AXISBANK,SELL,205,1079.9,221379.5
2025-11-24,BETA_INVEST,CL884661,LT,SELL,288,1701.05,489902.4
2025-11-22,OMEGA_BROKING,CL415438,TATAMOTORS,SELL,90,1934.83,174134.7
2025-11-24,OMEGA_BROKING,CL217420,ITC,SELL,79,1807.93,142826.47
2025-11-24,BETA_INVEST,CL904327,SBIN,BUY,41,2219.1,90983.1
2025-11-21,DELTA_TRADES,CL998687,ITC,SELL,259,1757.51,455195.09
2025-11-21,BETA_INVEST,CL617428,AXISBANK,SELL,109,1804.97,196741.73
2025-11-23,OMEGA_BROKING,CL998242,ITC,BUY,55,327.92,18035.6
2025-11-24,ALPHA_SEC,CL610391,AXISBANK,SELL,87,1347.42,117225.54
2025-11-25,ALPHA_SEC,CL902842,HDFC,BUY,282,1832.55,516779.1
2025-11-21,ALPHA_SEC,CL839975,SBIN,BUY,163,1399.72,228154.36
2025-11-21,OMEGA_BROKING,CL203604,ITC,SELL,86,1486.28,127820.08
2025-11-21,ALPHA_SEC,CL425669,SBIN,BUY,299,202.15,60442.85
2025-11-23,ALPHA_SEC,CL873495,HDFC,SELL,204,291.26,59417.04
2025-11-21,ALPHA_SEC,CL824216,ICICIBANK,SELL,20,704.5,14090.0
2025-11-21,DELTA_TRADES,CL049900,RELIANCE,BUY,76,1734.25,131803.0
2025-11-22,DELTA_TRADES,CL697013,ICICIBANK,SELL,260,1580.15,410839.0
2025-11-20,OMEGA_BROKING,CL687035,LT,BUY,217,129.95,28199.15
2025-11-26,OMEGA_BROKING,CL814687,HDFC,SELL,233,451.77,105262.41
2025-11-24,BETA_INVEST,CL863313,AXISBANK,SELL,255,257.33,65619.15
2025-11-20,BETA_INVEST,CL668965,LT,BUY,35,1971.91,69016.85
2025-11-22,BETA_INVEST,CL872910,KOTAKBANK,SELL,41,976.01,40016.41
2025-11-22,DELTA_TRADES,CL057878,INFY,BUY,202,203.39,41084.78
2025-11-24,ALPHA_SEC,CL700779,ITC,SELL,45,791.11,35599.95
2025-11-25,DELTA_TRADES,CL207827,RELIANCE,BUY,101,320.87,32407.87
2025-11-23,ALPHA_SEC,CL873495,HDFC,SELL,204,291.26,59417.04
2025-11-26,ALPHA_SEC,CL245912,TATAMOTORS,SELL,193,905.02,174668.86
2025-11-23,ALPHA_SEC,CL034147,HDFC,BUY,260,229.9,59774.0
2025-11-24,ALPHA_SEC,CL619572,RELIANCE,SELL,297,2251.96,668832.12
2025-11-25,OMEGA_BROKING,CL222478,INFY,SELL,171,2166.0,370386.0
2025-11-20,BETA_INVEST,CL501650,SBIN,BUY,249,982.09,244540.41
2025-11-24,ALPHA_SEC,CL217312,ITC,SELL,145,1682.73,243995.85
2025-11-20,BETA_INVEST,CL188164,SBIN,BUY,7,906.36,6344.52
2025-11-23,BETA_INVEST,CL989874,SBIN,BUY,229,799.55,183096.95
2025-11-21,DELTA_TRADES,CL415093,AXISBANK,BUY,58,1131.17,65607.86
2025-11-24,ALPHA_SEC,CL927080,LT,SELL,76,1328.05,100931.8
2025-11-21,BETA_INVEST,CL054558,LT,SELL,238,2220.18,528402.84
2025-11-25,DELTA_TRADES,CL659424,RELIANCE,SELL,179,880.98,157695.42
2025-11-20,DELTA_TRADES,CL528382,KOTAKBANK,SELL,170,2296.43,390393.1
2025-11-21,ALPHA_SEC,CL027017,AXISBANK,BUY,144,834.21,120126.24
2025-11-26,OMEGA_BROKING,CL157962,SBIN,BUY,193,1647.78,318021.54
2025-11-25,ALPHA_SEC,CL386671,INFY,BUY,195,2446.01,476971.95
2025-11-20,DELTA_TRADES,CL029372,INFY,BUY,103,1098.94,113190.82
2025-11-25,ALPHA_SEC,CL260017,ICICIBANK,SELL,144,1278.89,184160.16
2025-11-21,ALPHA_SEC,CL273124,TATAMOTORS,SELL,167,521.89,87155.63
2025-11-21,DELTA_TRADES,CL601910,RELIANCE,BUY,276,2302.87,635592.12
2025-11-20,BETA_INVEST,CL487450,AXISBANK,SELL,67,880.89,59019.63
2025-11-20,OMEGA_BROKING,CL800708,INFY,BUY,95,1597.9,151800.5
2025-11-26,BETA_INVEST,CL546751,ITC,SELL,287,1964.91,563929.17
2025-11-26,DELTA_TRADES,CL120218,HDFC,SELL,286,1759.63,503254.18
2025-11-26,DELTA_TRADES,CL746506,ICICIBANK,BUY,125,907.31,113413.75
2025-11-21,OMEGA_BROKING,CL475614,HDFC,BUY,215,1832.04,393888.6
2025-11-22,BETA_INVEST,CL373411,TATAMOTORS,SELL,2,137.08,274.16
2025-11-21,ALPHA_SEC,CL796343,SBIN,BUY,189,1950.55,368653.95
2025-11-24,BETA_INVEST,CL529714,LT,SELL,237,595.54,141142.98
2025-11-20,BETA_INVEST,CL263815,TATAMOTORS,SELL,1,516.15,516.15
2025-11-26,ALPHA_SEC,CL816840,AXISBANK,BUY,5,2186.29,10931.45
2025-11-21,ALPHA_SEC,CL770495,RELIANCE,SELL,216,2470.07,533535.12
2025-11-26,ALPHA_SEC,CL678649,INFY,BUY,144,1819.22,261967.68
2025-11-24,ALPHA_SEC,CL181490,INFY,SELL,212,1791.47,379791.64
2025-11-22,DELTA_TRADES,CL753501,SBIN,SELL,234,706.99,165435.66
2025-11-22,OMEGA_BROKING,CL747706,RELIANCE,SELL,62,1600.06,99203.72
2025-11-24,BETA_INVEST,CL753284,TATAMOTORS,BUY,57,1338.64,76302.48
2025-11-21,BETA_INVEST,CL427871,KOTAKBANK,SELL,87,1689.28,146967.36
2025-11-20,BETA_INVEST,CL749546,SBIN,SELL,119,1235.68,147045.92
2025-11-22,BETA_INVEST,CL359072,KOTAKBANK,SELL,170,1445.19,245682.3
2025-11-25,ALPHA_SEC,CL358783,LT,BUY,32,1273.8,40761.6
2025-11-24,OMEGA_BROKING,CL974754,RELIANCE,SELL,127,2437.38,309547.26
2025-11-24,OMEGA_BROKING,CL716117,HDFC,SELL,115,870.27,100081.05
2025-11-22,BETA_INVEST,CL541687,AXISBANK,BUY,60,1880.3,112818.0
2025-11-23,OMEGA_BROKING,CL567814,TATAMOTORS,BUY,184,439.83,80928.72
2025-11-23,ALPHA_SEC,CL658773,ICICIBANK,BUY,148,1448.26,214342.48
2025-11-25,OMEGA_BROKING,CL164772,HDFC,BUY,50,130.24,6512.0
2025-11-25,ALPHA_SEC,CL778994,HDFC,BUY,37,380.87,14092.19
2025-11-22,BETA_INVEST,CL764645,KOTAKBANK,SELL,86,469.75,40398.5
2025-11-23,DELTA_TRADES,CL054470,LT,BUY,268,1778.45,476624.6
2025-11-23,ALPHA_SEC,CL622665,TATAMOTORS,SELL,110,1257.27,138299.7
2025-11-21,ALPHA_SEC,CL814359,SBIN,BUY,293,892.4,261473.2
2025-11-26,BETA_INVEST,CL244928,ITC,BUY,179,460.38,82408.02
2025-11-25,OMEGA_BROKING,CL290771,SBIN,BUY,79,2033.63,160656.77
2025-11-26,ALPHA_SEC,CL497442,ITC,BUY,170,1415.86,240696.2
2025-11-26,OMEGA_BROKING,CL477608,AXISBANK,BUY,37,1814.2,67125.4
2025-11-26,ALPHA_SEC,CL020189,SBIN,SELL,284,1321.81,375394.04
2025-11-23,OMEGA_BROKING,CL862935,SBIN,BUY,276,1328.16,366572.16
2025-11-24,ALPHA_SEC,CL978825,ICICIBANK,BUY,285,1707.66,486683.1
2025-11-23,OMEGA_BROKING,CL652975,LT,BUY,197,652.98,128637.06
2025-11-24,DELTA_TRADES,CL939940,AXISBANK,BUY,24,1307.31,31375.44
2025-11-23,OMEGA_BROKING,CL774600,RELIANCE,BUY,299,2293.14,685648.86
2025-11-25,ALPHA_SEC,CL138851,TATAMOTORS,SELL,0,778.71,0.0
2025-11-21,ALPHA_SEC,CL186971,KOTAKBANK,SELL,115,476.77,54828.55
2025-11-22,OMEGA_BROKING,CL942521,KOTAKBANK,SELL,61,491.63,29989.43
2025-11-22,BETA_INVEST,CL721326,RELIANCE,SELL,149,829.89,123653.61
2025-11-21,BETA_INVEST,CL562481,INFY,SELL,8,1210.08,9680.64
2025-11-21,BETA_INVEST,CL210220,LT,SELL,209,912.85,190785.65
2025-11-22,ALPHA_SEC,CL773826,RELIANCE,BUY,4,2376.42,9505.68
2025-11-20,OMEGA_BROKING,CL538942,HDFC,BUY,180,2063.96,371512.8
2025-11-24,OMEGA_BROKING,CL969850,HDFC,BUY,218,1301.84,283801.12
2025-11-25,BETA_INVEST,CL869653,HDFC,SELL,56,2367.75,132594.0
2025-11-24,OMEGA_BROKING,CL243198,HDFC,BUY,56,818.72,45848.32
2025-11-26,OMEGA_BROKING,CL312820,ICICIBANK,BUY,225,672.2,151245.0
2025-11-26,OMEGA_BROKING,CL363979,KOTAKBANK,BUY,133,904.43,120289.19
2025-11-23,BETA_INVEST,CL339702,ICICIBANK,SELL,249,603.71,150323.79
2025-11-25,BETA_INVEST,CL858154,ITC,SELL,95,2109.14,200368.3
2025-11-20,DELTA_TRADES,CL411668,KOTAKBANK,BUY,177,1162.74,205804.98
2025-11-21,BETA_INVEST,CL620600,HDFC,BUY,150,850.39,127558.5
2025-11-22,OMEGA_BROKING,CL869327,ITC,SELL,72,1834.95,132116.4
2025-11-22,DELTA_TRADES,CL779003,INFY,SELL,111,1011.1,112232.1
2025-11-25,BETA_INVEST,CL065759,ITC,SELL,277,1238.29,343006.33
2025-11-25,DELTA_TRADES,CL638662,RELIANCE,BUY,62,1467.76,91001.12
2025-11-24,DELTA_TRADES,CL669597,LT,SELL,76,468.65,35617.4
2025-11-21,ALPHA_SEC,CL656209,LT,BUY,60,516.26,30975.6
2025-11-25,DELTA_TRADES,CL545850,ITC,BUY,162,1915.42,310298.04
2025-11-21,ALPHA_SEC,CL699804,KOTAKBANK,SELL,217,655.93,142336.81
2025-11-23,DELTA_TRADES,CL325657,TATAMOTORS,SELL,276,2039.37,562866.12
2025-11-21,ALPHA_SEC,CL615114,LT,BUY,100,2189.5,218950.0
2025-11-24,BETA_INVEST,CL204307,KOTAKBANK,BUY,89,1112.13,98979.57
2025-11-21,ALPHA_SEC,CL811921,SBIN,SELL,142,250.69,35597.98
2025-11-23,ALPHA_SEC,CL530292,RELIANCE,BUY,239,142.69,34102.91
2025-11-20,OMEGA_BROKING,CL264283,AXISBANK,SELL,85,960.29,81624.65
2025-11-26,BETA_INVEST,CL600898,TATAMOTORS,BUY,279,2458.56,685938.24
2025-11-23,ALPHA_SEC,CL311779,ITC,BUY,95,2101.59,199651.05
2025-11-21,OMEGA_BROKING,CL393238,ITC,SELL,105,2052.72,215535.6
2025-11-20,ALPHA_SEC,CL121122,INFY,SELL,10,1803.25,18032.5
2025-11-24,BETA_INVEST,CL563238,LT,SELL,46,910.58,41886.68
2025-11-20,ALPHA_SEC,CL857355,AXISBANK,SELL,130,720.88,93714.4
2025-11-26,DELTA_TRADES,CL554952,AXISBANK,BUY,1,2266.45,2266.45
2025-11-26,BETA_INVEST,CL689206,ICICIBANK,BUY,58,356.59,20682.22
2025-11-22,BETA_INVEST,CL364140,ICICIBANK,BUY,74,1914.07,141641.18
2025-11-21,OMEGA_BROKING,CL665942,RELIANCE,SELL,97,2479.84,240544.48
2025-11-20,ALPHA_SEC,CL862804,LT,BUY,6,2148.48,12890.88
2025-11-25,OMEGA_BROKING,CL406592,HDFC,BUY,141,1730.08,243941.28
2025-11-22,DELTA_TRADES,CL233308,SBIN,SELL,223,643.04,143397.92
2025-11-22,ALPHA_SEC,CL230160,AXISBANK,BUY,263,1072.0,281936.0
2025-11-22,ALPHA_SEC,CL880050,AXISBANK,BUY,56,2448.59,137121.04
2025-11-24,DELTA_TRADES,CL716332,AXISBANK,BUY,181,1828.24,330911.44
2025-11-25,BETA_INVEST,CL111942,AXISBANK,BUY,63,1205.24,75930.12
2025-11-24,OMEGA_BROKING,CL483260,LT,BUY,149,1133.08,168828.92
2025-11-21,DELTA_TRADES,CL878001,ICICIBANK,SELL,264,1301.49,343593.36
2025-11-21,OMEGA_BROKING,CL472064,ICICIBANK,SELL,12,1635.44,19625.28
2025-11-20,ALPHA_SEC,CL588107,LT,BUY,4,286.9,1147.6
2025-11-22,ALPHA_SEC,CL133832,INFY,SELL,288,1756.66,505918.08
2025-11-24,BETA_INVEST,CL194772,HDFC,SELL,101,358.4,36198.4
2025-11-23,DELTA_TRADES,CL214977,AXISBANK,SELL,237,1986.36,470767.32
2025-11-22,DELTA_TRADES,CL902840,ITC,BUY,191,676.26,129165.66
2025-11-21,BETA_INVEST,CL797073,KOTAKBANK,BUY,2,1933.43,3866.86
2025-11-24,ALPHA_SEC,CL941019,KOTAKBANK,BUY,44,1955.11,86024.84
2025-11-20,DELTA_TRADES,CL283273,KOTAKBANK,SELL,131,974.24,127625.44
2025-11-26,OMEGA_BROKING,CL922530,ITC,BUY,56,1701.82,95301.92
2025-11-25,ALPHA_SEC,CL178988,LT,SELL,275,1394.45,383473.75
2025-11-25,ALPHA_SEC,CL006229,RELIANCE,SELL,79,2439.83,192746.57
2025-11-26,DELTA_TRADES,CL103134,ICICIBANK,SELL,69,1356.29,93584.01
2025-11-23,DELTA_TRADES,CL610141,ITC,BUY,123,1997.12,245645.76
2025-11-25,DELTA_TRADES,CL220851,TATAMOTORS,SELL,193,897.53,173223.29
2025-11-22,ALPHA_SEC,CL362313,INFY,BUY,90,1746.94,157224.6
2025-11-20,DELTA_TRADES,CL490557,AXISBANK,SELL,41,464.31,19036.71
2025-11-20,OMEGA_BROKING,CL192199,KOTAKBANK,BUY,85,1138.21,96747.85
2025-11-22,OMEGA_BROKING,CL697652,RELIANCE,SELL,193,2486.53,479900.29
2025-11-26,OMEGA_BROKING,CL243779,KOTAKBANK,BUY,79,468.47,37009.13
2025-11-20,BETA_INVEST,CL433480,SBIN,SELL,174,2445.24,425471.76
2025-11-23,BETA_INVEST,CL435718,ICICIBANK,SELL,110,1237.75,136152.5
2025-11-22,ALPHA_SEC,CL867869,TATAMOTORS,BUY,20,445.7,8914.0
2025-11-21,DELTA_TRADES,CL817325,HDFC,SELL,243,2123.3,515961.9
2025-11-21,BETA_INVEST,CL969289,RELIANCE,BUY,141,1916.62,270243.42
2025-11-20,DELTA_TRADES,CL197201,ITC,SELL,230,700.86,161197.8
2025-11-20,ALPHA_SEC,CL586757,LT,SELL,28,1285.91,36005.48
2025-11-22,DELTA_TRADES,CL714574,INFY,SELL,254,992.91,252199.14
2025-11-24,BETA_INVEST,CL664433,INFY,SELL,52,2127.8,110645.6
2025-11-23,OMEGA_BROKING,CL795464,KOTAKBANK,BUY,247,2356.28,582001.16
2025-11-23,BETA_INVEST,CL100967,ITC,BUY,152,811.04,123278.08
2025-11-25,ALPHA_SEC,CL082262,KOTAKBANK,SELL,242,433.67,104948.14
2025-11-26,DELTA_TRADES,CL891392,LT,BUY,45,151.31,6808.95
2025-11-26,BETA_INVEST,CL492150,KOTAKBANK,SELL,20,307.85,6157.0
2025-11-20,ALPHA_SEC,CL420014,RELIANCE,BUY,153,1201.01,183754.53
2025-11-22,BETA_INVEST,CL123262,INFY,BUY,112,1221.4,136796.8
2025-11-23,OMEGA_BROKING,CL547794,RELIANCE,BUY,16,121.66,1946.56
2025-11-26,BETA_INVEST,CL571993,ICICIBANK,SELL,200,962.58,192516.0
2025-11-23,ALPHA_SEC,CL157099,SBIN,SELL,107,2458.41,263049.87
2025-11-25,DELTA_TRADES,CL615026,ITC,BUY,53,2199.52,116574.56
2025-11-20,DELTA_TRADES,CL490327,INFY,BUY,56,1413.75,79170.0
2025-11-24,OMEGA_BROKING,CL254570,KOTAKBANK,SELL,125,1139.85,142481.25
2025-11-22,DELTA_TRADES,CL688549,HDFC,SELL,101,355.28,35883.28
2025-11-20,ALPHA_SEC,CL900940,INFY,SELL,49,1390.33,68126.17
2025-11-26,ALPHA_SEC,CL185702,KOTAKBANK,SELL,113,964.67,109007.71
2025-11-24,OMEGA_BROKING,CL768980,SBIN,BUY,156,1207.23,188327.88
2025-11-26,OMEGA_BROKING,CL194990,KOTAKBANK,SELL,158,1383.15,218537.7
2025-11-24,ALPHA_SEC,CL150729,LT,BUY,46,179.56,8259.76
2025-11-22,OMEGA_BROKING,CL557330,INFY,BUY,1,819.74,819.74
2025-11-25,ALPHA_SEC,CL755334,KOTAKBANK,BUY,93,780.48,72584.64
2025-11-26,BETA_INVEST,CL335197,LT,SELL,289,1874.46,541718.94
2025-11-20,OMEGA_BROKING,CL399702,LT,SELL,23,439.03,10097.69
2025-11-23,ALPHA_SEC,CL155622,RELIANCE,BUY,91,1665.56,151565.96
2025-11-24,BETA_INVEST,CL308630,INFY,SELL,167,2000.84,334140.28
2025-11-25,ALPHA_SEC,CL394051,AXISBANK,BUY,132,915.69,120871.08
2025-11-24,BETA_INVEST,CL954039,HDFC,SELL,11,150.3,1653.3
2025-11-20,BETA_INVEST,CL534712,ICICIBANK,BUY,78,927.45,72341.1
2025-11-25,BETA_INVEST,CL740370,HDFC,BUY,184,1116.16,205373.44
2025-11-26,ALPHA_SEC,CL822255,KOTAKBANK,SELL,228,1298.91,296151.48
2025-11-23,ALPHA_SEC,CL652955,RELIANCE,BUY,234,2378.57,556585.38
2025-11-25,BETA_INVEST,CL629791,ITC,SELL,215,1890.63,406485.45
2025-11-25,ALPHA_SEC,CL328754,LT,BUY,40,1427.86,57114.4
2025-11-20,OMEGA_BROKING,CL100881,RELIANCE,SELL,135,2424.65,327327.75
2025-11-24,OMEGA_BROKING,CL432736,AXISBANK,SELL,137,1757.41,240765.17
2025-11-26,OMEGA_BROKING,CL525083,ICICIBANK,BUY,64,465.64,29800.96
2025-11-23,OMEGA_BROKING,CL504422,HDFC,BUY,138,741.46,102321.48
2025-11-26,DELTA_TRADES,CL762228,SBIN,BUY,265,1220.09,323323.85
2025-11-25,ALPHA_SEC,CL769393,TATAMOTORS,SELL,53,514.07,27245.71
2025-11-23,OMEGA_BROKING,CL139132,AXISBANK,SELL,292,1150.48,335940.16
2025-11-24,DELTA_TRADES,CL344073,ITC,SELL,248,2322.58,575999.84
2025-11-23,DELTA_TRADES,CL636461,KOTAKBANK,SELL,241,811.58,195590.78
2025-11-21,ALPHA_SEC,CL686072,HDFC,SELL,232,2179.77,505706.64
2025-11-20,ALPHA_SEC,CL920322,AXISBANK,BUY,175,2142.45,374928.75
2025-11-21,ALPHA_SEC,CL273124,TATAMOTORS,SELL,167,521.89,87155.63
2025-11-24,BETA_INVEST,CL393492,SBIN,SELL,8,212.82,1702.56
2025-11-26,ALPHA_SEC,CL145983,HDFC,BUY,163,955.91,155813.33
2025-11-20,OMEGA_BROKING,CL860302,RELIANCE,SELL,292,454.33,132664.36
2025-11-22,DELTA_TRADES,CL134636,RELIANCE,BUY,287,1135.73,325954.51
2025-11-24,BETA_INVEST,CL036517,LT,SELL,6,2445.52,14673.12
2025-11-24,ALPHA_SEC,CL062166,AXISBANK,BUY,63,1093.46,68887.98
2025-11-20,ALPHA_SEC,CL226151,LT,BUY,175,2241.84,392322.0
2025-11-23,OMEGA_BROKING,CL391109,SBIN,SELL,18,1993.7,35886.6
2025-11-20,BETA_INVEST,CL483651,ITC,SELL,25,523.38,13084.5
2025-11-23,BETA_INVEST,CL082857,HDFC,SELL,109,775.98,84581.82
2025-11-24,ALPHA_SEC,CL974046,LT,BUY,209,1124.96,235116.64
2025-11-24,DELTA_TRADES,CL705902,SBIN,BUY,195,489.56,95464.2
2025-11-20,DELTA_TRADES,CL746690,AXISBANK,BUY,87,1062.8,92463.6
2025-11-25,BETA_INVEST,CL032445,ITC,SELL,258,536.52,138422.16
2025-11-25,BETA_INVEST,CL740370,HDFC,BUY,185,1116.16,206489.6
2025-11-21,BETA_INVEST,CL538721,KOTAKBANK,SELL,246,836.13,205687.98
2025-11-25,OMEGA_BROKING,CL381529,RELIANCE,BUY,52,1600.09,83204.68
2025-11-24,ALPHA_SEC,CL341210,RELIANCE,BUY,297,1415.11,420287.67
2025-11-23,OMEGA_BROKING,CL784894,RELIANCE,BUY,137,2214.99,303453.63
2025-11-22,OMEGA_BROKING,CL501086,HDFC,SELL,265,145.61,38586.65
2025-11-25,OMEGA_BROKING,CL094164,HDFC,BUY,157,163.15,25614.55
2025-11-23,ALPHA_SEC,CL264924,ITC,BUY,76,1895.83,144083.08
2025-11-25,OMEGA_BROKING,CL454924,ITC,BUY,53,2187.42,115933.26
2025-11-25,OMEGA_BROKING,CL927806,AXISBANK,SELL,205,1243.08,254831.4
2025-11-23,ALPHA_SEC,CL220403,TATAMOTORS,SELL,82,248.69,20392.58
2025-11-20,ALPHA_SEC,CL593816,INFY,SELL,100,1274.59,127459.0
2025-11-25,DELTA_TRADES,CL659424,RELIANCE,SELL,179,880.98,157695.42
2025-11-23,BETA_INVEST,CL092815,ICICIBANK,BUY,271,1935.87,524620.77
2025-11-21,OMEGA_BROKING,CL823898,INFY,BUY,177,635.43,112471.11
2025-11-22,ALPHA_SEC,CL981293,LT,SELL,105,354.81,37255.05
2025-11-25,BETA_INVEST,CL927873,ICICIBANK,SELL,249,2306.78,574388.22
2025-11-25,DELTA_TRADES,CL919920,KOTAKBANK,BUY,155,1137.24,176272.2
2025-11-20,ALPHA_SEC,CL300714,HDFC,SELL,215,1589.57,341757.55
2025-11-22,ALPHA_SEC,CL193039,KOTAKBANK,BUY,68,166.66,11332.88
2025-11-22,BETA_INVEST,CL359072,KOTAKBANK,SELL,170,1445.19,245682.3
2025-11-23,DELTA_TRADES,CL214977,AXISBANK,SELL,235,1986.36,466794.6
2025-11-25,BETA_INVEST,CL082833,SBIN,SELL,105,1690.84,177538.2
2025-11-23,DELTA_TRADES,CL989858,ITC,BUY,68,1536.41,104475.88
2025-11-24,DELTA_TRADES,CL529719,LT,SELL,160,2401.38,384220.8
2025-11-20,BETA_INVEST,CL595135,ITC,SELL,31,1028.57,31885.67
2025-11-23,BETA_INVEST,CL068446,INFY,SELL,77,253.78,19541.06
2025-11-25,ALPHA_SEC,CL912916,HDFC,BUY,95,1027.88,97648.6
2025-11-23,OMEGA_BROKING,CL910875,ITC,SELL,109,606.29,66085.61
2025-11-22,ALPHA_SEC,CL496266,RELIANCE,SELL,17,2274.84,38672.28
2025-11-22,OMEGA_BROKING,CL489249,LT,SELL,205,2056.08,421496.4
2025-11-25,DELTA_TRADES,CL914332,AXISBANK,BUY,15,1703.44,25551.6
2025-11-22,BETA_INVEST,CL228825,LT,BUY,56,1585.85,88807.6
2025-11-21,DELTA_TRADES,CL857707,ICICIBANK,SELL,92,188.45,17337.4
2025-11-21,BETA_INVEST,CL581480,ICICIBANK,SELL,280,2064.97,578191.6
2025-11-24,BETA_INVEST,CL153685,ICICIBANK,BUY,177,2360.68,417840.36
2025-11-23,OMEGA_BROKING,CL466464,SBIN,BUY,158,1440.85,227654.3
2025-11-20,OMEGA_BROKING,CL532265,AXISBANK,BUY,120,1937.38,232485.6
2025-11-24,OMEGA_BROKING,CL421729,TATAMOTORS,SELL,176,505.49,88966.24
2025-11-20,BETA_INVEST,CL777327,RELIANCE,SELL,148,1768.48,261735.04
2025-11-21,DELTA_TRADES,CL363030,ITC,SELL,165,1793.59,295942.35
2025-11-25,ALPHA_SEC,CL174529,ITC,BUY,154,1037.99,159850.46
2025-11-20,OMEGA_BROKING,CL737485,LT,SELL,40,527.86,21114.4
2025-11-25,BETA_INVEST,CL443273,KOTAKBANK,SELL,254,670.98,170428.92
2025-11-22,OMEGA_BROKING,CL450275,AXISBANK,BUY,21,779.25,16364.25
2025-11-26,BETA_INVEST,CL323355,AXISBANK,BUY,59,283.4,16720.6
2025-11-25,BETA_INVEST,CL858154,ITC,SELL,98,2109.14,206695.72
2025-11-23,OMEGA_BROKING,CL361289,ICICIBANK,SELL,187,447.73,83725.51
2025-11-24,ALPHA_SEC,CL959990,INFY,SELL,204,1852.8,377971.2
2025-11-21,ALPHA_SEC,CL565201,HDFC,BUY,233,854.44,199084.52
2025-11-20,BETA_INVEST,CL818665,SBIN,BUY,59,898.46,53009.14
2025-11-25,BETA_INVEST,CL927873,ICICIBANK,SELL,250,2306.78,576695.0
2025-11-23,BETA_INVEST,CL088909,HDFC,BUY,78,1155.98,90166.44
2025-11-25,ALPHA_SEC,CL127413,SBIN,SELL,8,1894.46,15155.68
2025-11-25,ALPHA_SEC,CL105072,AXISBANK,SELL,242,1938.84,469199.28
2025-11-22,DELTA_TRADES,CL411911,TATAMOTORS,BUY,289,424.77,122758.53
2025-11-20,BETA_INVEST,CL412727,KOTAKBANK,SELL,85,1348.95,114660.75
2025-11-22,OMEGA_BROKING,CL575693,KOTAKBANK,SELL,231,253.69,58602.39
2025-11-24,BETA_INVEST,CL940447,SBIN,SELL,203,1836.9,372890.7
2025-11-23,ALPHA_SEC,CL379872,AXISBANK,SELL,273,1462.11,399156.03
2025-11-21,OMEGA_BROKING,CL502498,ITC,BUY,163,1071.39,174636.57
2025-11-26,OMEGA_BROKING,CL424650,KOTAKBANK,BUY,69,772.68,53314.92
2025-11-20,ALPHA_SEC,CL991424,ICICIBANK,SELL,155,2332.69,361566.95
2025-11-23,BETA_INVEST,CL004958,LT,SELL,246,1468.17,361169.82
2025-11-20,OMEGA_BROKING,CL506130,ICICIBANK,SELL,168,1836.51,308533.68
2025-11-26,DELTA_TRADES,CL726908,ITC,SELL,204,2483.95,506725.8
2025-11-25,OMEGA_BROKING,CL450184,TATAMOTORS,SELL,54,993.87,53668.98
2025-11-24,OMEGA_BROKING,CL642942,ITC,BUY,58,2450.34,142119.72
2025-11-23,ALPHA_SEC,CL456591,TATAMOTORS,BUY,277,1267.51,351100.27
2025-11-25,OMEGA_BROKING,CL971484,SBIN,SELL,296,877.32,259686.72
2025-11-20,BETA_INVEST,CL780201,AXISBANK,SELL,116,2068.89,239991.24
2025-11-20,OMEGA_BROKING,CL756261,AXISBANK,SELL,99,2299.75,227675.25
2025-11-26,BETA_INVEST,CL300430,INFY,BUY,200,564.97,112994.0
2025-11-24,BETA_INVEST,CL584416,ICICIBANK,BUY,128,1710.57,218952.96
2025-11-23,BETA_INVEST,CL908799,TATAMOTORS,BUY,107,1632.08,174632.56
2025-11-24,OMEGA_BROKING,CL926757,ICICIBANK,SELL,163,1286.85,209756.55
2025-11-20,DELTA_TRADES,CL671663,KOTAKBANK,SELL,53,1746.02,92539.06
2025-11-26,DELTA_TRADES,CL422786,TATAMOTORS,SELL,255,142.89,36436.95
2025-11-25,DELTA_TRADES,CL589135,HDFC,BUY,158,1298.97,205237.26
2025-11-24,OMEGA_BROKING,CL532556,ITC,BUY,289,1443.76,417246.64
2025-11-23,OMEGA_BROKING,CL421622,ICICIBANK,SELL,282,1970.71,555740.22
2025-11-22,ALPHA_SEC,CL050651,KOTAKBANK,SELL,110,658.12,72393.2
2025-11-22,BETA_INVEST,CL455494,ICICIBANK,BUY,294,664.31,195307.14
2025-11-23,DELTA_TRADES,CL256006,INFY,SELL,236,2227.43,525673.48
2025-11-25,OMEGA_BROKING,CL108080,SBIN,BUY,46,962.67,44282.82
2025-11-22,DELTA_TRADES,CL248346,ITC,SELL,234,1767.72,413646.48
2025-11-26,DELTA_TRADES,CL481942,RELIANCE,SELL,2,1301.74,2603.48
2025-11-23,ALPHA_SEC,CL186125,TATAMOTORS,BUY,298,2028.59,604519.82
2025-11-23,DELTA_TRADES,CL939566,TATAMOTORS,BUY,79,549.21,43387.59
2025-11-23,BETA_INVEST,CL665721,TATAMOTORS,SELL,147,1042.86,153300.42
2025-11-25,OMEGA_BROKING,CL933131,KOTAKBANK,SELL,220,1150.52,253114.4
2025-11-22,ALPHA_SEC,CL379486,HDFC,SELL,152,1053.99,160206.48
2025-11-24,DELTA_TRADES,CL867538,KOTAKBANK,BUY,135,2461.15,332255.25
2025-11-25,OMEGA_BROKING,CL539686,SBIN,BUY,16,2472.03,39552.48
2025-11-26,DELTA_TRADES,CL995547,AXISBANK,SELL,139,492.74,68490.86
2025-11-25,OMEGA_BROKING,CL752608,KOTAKBANK,BUY,66,1009.22,66608.52
2025-11-21,BETA_INVEST,CL039597,TATAMOTORS,SELL,139,918.16,127624.24
2025-11-26,DELTA_TRADES,CL371642,ITC,SELL,195,419.47,81796.65
2025-11-21,DELTA_TRADES,CL053854,ICICIBANK,SELL,267,1110.53,296511.51
2025-11-23,DELTA_TRADES,CL425455,AXISBANK,SELL,158,1041.1,164493.8
2025-11-24,BETA_INVEST,CL353785,SBIN,SELL,268,2108.39,565048.52
2025-11-26,DELTA_TRADES,CL491348,INFY,BUY,160,1233.88,197420.8
2025-11-25,BETA_INVEST,CL917674,KOTAKBANK,BUY,227,618.71,140447.17
2025-11-21,OMEGA_BROKING,CL613667,RELIANCE,BUY,262,1025.37,268646.94
2025-11-22,DELTA_TRADES,CL560214,AXISBANK,SELL,84,1896.13,159274.92
2025-11-24,BETA_INVEST,CL202169,AXISBANK,SELL,12,1151.67,13820.04
2025-11-26,BETA_INVEST,CL922634,ICICIBANK,SELL,156,2282.87,356127.72
2025-11-22,OMEGA_BROKING,CL432114,ICICIBANK,SELL,35,1750.76,61276.6
2025-11-26,DELTA_TRADES,CL286325,ITC,BUY,228,885.11,201805.08
2025-11-21,OMEGA_BROKING,CL571695,ITC,BUY,186,1269.46,236119.56
2025-11-22,DELTA_TRADES,CL918715,INFY,BUY,9,2306.09,20754.81
2025-11-21,ALPHA_SEC,CL280818,LT,BUY,221,2181.15,482034.15
2025-11-26,BETA_INVEST,CL718250,ICICIBANK,SELL,190,2115.29,401905.1
2025-11-20,ALPHA_SEC,CL993325,TATAMOTORS,BUY,288,575.99,165885.12
2025-11-20,ALPHA_SEC,CL227265,TATAMOTORS,BUY,21,2386.01,50106.21
2025-11-21,OMEGA_BROKING,CL959083,ICICIBANK,SELL,261,2368.0,618048.0
2025-11-20,DELTA_TRADES,CL284814,RELIANCE,SELL,282,1912.2,539240.4
2025-11-25,ALPHA_SEC,CL271856,INFY,SELL,57,2129.21,121364.97
2025-11-20,ALPHA_SEC,CL874737,RELIANCE,BUY,21,1962.36,41209.56
2025-11-23,DELTA_TRADES,CL745016,SBIN,SELL,50,2021.46,101073.0
2025-11-26,BETA_INVEST,CL949057,INFY,SELL,64,1315.76,84208.64
2025-11-22,OMEGA_BROKING,CL000710,RELIANCE,SELL,57,2343.17,133560.69
2025-11-21,BETA_INVEST,CL938277,ITC,SELL,200,1803.85,360770.0
2025-11-23,ALPHA_SEC,CL057702,SBIN,SELL,206,2367.0,487602.0
2025-11-24,DELTA_TRADES,CL035286,AXISBANK,SELL,178,2499.74,444953.72
2025-11-21,OMEGA_BROKING,CL452122,SBIN,SELL,262,635.08,166390.96
2025-11-24,BETA_INVEST,CL082885,ICICIBANK,SELL,26,2408.53,62621.78
2025-11-22,OMEGA_BROKING,CL459564,KOTAKBANK,SELL,68,679.14,46181.52
2025-11-22,OMEGA_BROKING,CL433595,TATAMOTORS,BUY,230,599.05,137781.5
2025-11-24,BETA_INVEST,CL228787,HDFC,SELL,88,1028.66,90522.08
2025-11-23,BETA_INVEST,CL454832,TATAMOTORS,BUY,101,1947.04,196651.04
2025-11-20,ALPHA_SEC,CL088301,SBIN,BUY,282,695.25,196060.5
2025-11-22,BETA_INVEST,CL228825,LT,BUY,56,1585.85,88807.6
2025-11-26,BETA_INVEST,CL543606,KOTAKBANK,SELL,175,2263.14,396049.5
2025-11-21,OMEGA_BROKING,CL450427,KOTAKBANK,BUY,57,2027.11,115545.27
2025-11-22,DELTA_TRADES,CL397050,ITC,BUY,271,2465.89,668256.19
2025-11-21,OMEGA_BROKING,CL020698,RELIANCE,BUY,35,2408.35,84292.25
2025-11-26,ALPHA_SEC,CL529051,ICICIBANK,SELL,179,2222.71,397865.09
2025-11-23,DELTA_TRADES,CL770751,LT,SELL,263,1099.04,289047.52
2025-11-21,DELTA_TRADES,CL805034,KOTAKBANK,BUY,172,1907.68,328120.96
2025-11-22,OMEGA_BROKING,CL865395,ICICIBANK,SELL,288,2362.83,680495.04
2025-11-21,ALPHA_SEC,CL050594,ICICIBANK,SELL,207,1582.84,327647.88
2025-11-22,DELTA_TRADES,CL850256,KOTAKBANK,BUY,243,979.93,238122.99
2025-11-26,BETA_INVEST,CL025974,LT,SELL,192,1601.9,307564.8
2025-11-25,ALPHA_SEC,CL399452,INFY,SELL,283,985.49,278893.67
2025-11-26,OMEGA_BROKING,CL858418,TATAMOTORS,SELL,1,2149.97,2149.97
2025-11-26,ALPHA_SEC,CL818094,KOTAKBANK,BUY,147,2360.15,346942.05
2025-11-26,BETA_INVEST,CL356606,RELIANCE,BUY,120,1218.03,146163.6
2025-11-25,DELTA_TRADES,CL386243,KOTAKBANK,BUY,142,1185.06,168278.52
2025-11-26,OMEGA_BROKING,CL003706,KOTAKBANK,BUY,259,263.72,68303.48
2025-11-23,OMEGA_BROKING,CL293530,SBIN,BUY,280,196.94,55143.2
2025-11-23,ALPHA_SEC,CL945598,HDFC,BUY,288,1633.86,470551.68
2025-11-24,DELTA_TRADES,CL755249,ITC,SELL,181,1651.14,298856.34
2025-11-21,ALPHA_SEC,CL630703,LT,SELL,89,1565.14,139297.46
2025-11-25,DELTA_TRADES,CL383235,RELIANCE,BUY,285,2476.5,705802.5
2025-11-23,DELTA_TRADES,CL675121,ITC,SELL,33,1537.89,50750.37
2025-11-20,BETA_INVEST,CL019921,RELIANCE,BUY,192,2439.97,468474.24
2025-11-23,ALPHA_SEC,CL977827,KOTAKBANK,SELL,189,477.59,90264.51
2025-11-24,DELTA_TRADES,CL494457,HDFC,BUY,178,788.79,140404.62
2025-11-20,DELTA_TRADES,CL933924,HDFC,BUY,286,2071.86,592551.96
2025-11-23,BETA_INVEST,CL949332,KOTAKBANK,SELL,153,1906.54,291700.62
2025-11-21,OMEGA_BROKING,CL172127,HDFC,SELL,141,983.78,138712.98
2025-11-23,DELTA_TRADES,CL675121,ITC,SELL,29,1537.89,44598.81
2025-11-24,BETA_INVEST,CL391673,HDFC,SELL,94,358.34,33683.96
2025-11-20,DELTA_TRADES,CL629499,ITC,BUY,292,396.18,115684.56
2025-11-23,BETA_INVEST,CL561310,RELIANCE,SELL,293,715.68,209694.24
2025-11-22,OMEGA_BROKING,CL647217,LT,BUY,263,2128.43,559777.09
2025-11-20,OMEGA_BROKING,CL927466,ICICIBANK,SELL,57,948.08,54040.56
2025-11-26,DELTA_TRADES,CL250766,SBIN,SELL,99,183.57,18173.43
2025-11-21,ALPHA_SEC,CL117388,TATAMOTORS,BUY,38,2434.2,92499.6
2025-11-21,BETA_INVEST,CL128075,LT,SELL,6,1171.81,7030.86
2025-11-20,DELTA_TRADES,CL436566,AXISBANK,BUY,173,2205.82,381606.86
2025-11-22,BETA_INVEST,CL027491,ICICIBANK,SELL,102,1007.67,102782.34
2025-11-25,BETA_INVEST,CL602226,AXISBANK,BUY,182,1199.4,218290.8
2025-11-25,DELTA_TRADES,CL896274,TATAMOTORS,BUY,214,221.32,47362.48
2025-11-21,OMEGA_BROKING,CL773218,KOTAKBANK,SELL,175,243.62,42633.5
2025-11-24,BETA_INVEST,CL480777,SBIN,SELL,159,1756.67,279310.53
2025-11-24,BETA_INVEST,CL421559,ICICIBANK,SELL,112,1680.86,188256.32
2025-11-21,OMEGA_BROKING,CL461104,ITC,SELL,50,1561.8,78090.0
2025-11-26,OMEGA_BROKING,CL533352,SBIN,BUY,186,848.96,157906.56
2025-11-24,BETA_INVEST,CL401223,TATAMOTORS,SELL,6,995.3,5971.8
2025-11-25,OMEGA_BROKING,CL663543,INFY,SELL,203,711.23,144379.69
2025-11-20,BETA_INVEST,CL708986,INFY,SELL,288,382.97,110295.36
2025-11-26,DELTA_TRADES,CL726908,ITC,SELL,204,2483.95,506725.8
2025-11-20,ALPHA_SEC,CL217842,ITC,BUY,212,985.38,208900.56
2025-11-25,DELTA_TRADES,CL944158,HDFC,BUY,112,1362.14,152559.68
2025-11-25,OMEGA_BROKING,CL308246,INFY,SELL,228,1089.1,248314.8
2025-11-21,DELTA_TRADES,CL878001,ICICIBANK,SELL,260,1301.49,338387.4
2025-11-23,ALPHA_SEC,CL415691,SBIN,SELL,103,1536.5,158259.5
2025-11-26,BETA_INVEST,CL911766,ITC,BUY,123,2273.85,279683.55
2025-11-23,BETA_INVEST,CL056991,HDFC,SELL,29,1837.45,53286.05
2025-11-22,OMEGA_BROKING,CL261890,INFY,SELL,21,807.92,16966.32
2025-11-21,DELTA_TRADES,CL371057,LT,SELL,164,722.34,118463.76
2025-11-26,DELTA_TRADES,CL422786,TATAMOTORS,SELL,253,142.89,36151.17
2025-11-24,DELTA_TRADES,CL718366,TATAMOTORS,SELL,66,1175.88,77608.08
2025-11-21,OMEGA_BROKING,CL081934,ITC,BUY,5,1183.87,5919.35
2025-11-23,BETA_INVEST,CL435718,ICICIBANK,SELL,110,1237.75,136152.5
2025-11-25,ALPHA_SEC,CL906322,RELIANCE,SELL,274,2010.2,550794.8
2025-11-22,BETA_INVEST,CL289796,RELIANCE,SELL,243,1413.57,343497.51
2025-11-23,OMEGA_BROKING,CL819226,KOTAKBANK,BUY,116,2221.98,257749.68
2025-11-21,ALPHA_SEC,CL701849,LT,SELL,284,764.85,217217.4
2025-11-24,DELTA_TRADES,CL534834,LT,SELL,13,1403.75,18248.75
2025-11-22,DELTA_TRADES,CL057878,INFY,BUY,203,203.39,41288.17
2025-11-22,ALPHA_SEC,CL754863,TATAMOTORS,SELL,212,2137.86,453226.32
2025-11-25,BETA_INVEST,CL383429,SBIN,SELL,113,322.09,36396.17
2025-11-22,BETA_INVEST,CL033747,LT,BUY,268,534.93,143361.24
2025-11-20,ALPHA_SEC,CL267632,TATAMOTORS,BUY,189,1580.88,298786.32
2025-11-21,ALPHA_SEC,CL336554,TATAMOTORS,SELL,113,2455.43,277463.59
2025-11-25,OMEGA_BROKING,CL277855,LT,BUY,57,1561.76,89020.32
2025-11-22,DELTA_TRADES,CL006454,ITC,SELL,124,1266.04,156988.96
2025-11-24,BETA_INVEST,CL849993,ITC,SELL,181,1329.26,240596.06
2025-11-20,ALPHA_SEC,CL347108,AXISBANK,BUY,84,314.13,26386.92
2025-11-23,OMEGA_BROKING,CL560716,AXISBANK,BUY,69,666.33,45976.77
2025-11-21,OMEGA_BROKING,CL525904,TATAMOTORS,SELL,9,1023.41,9210.69
2025-11-23,BETA_INVEST,CL031704,LT,SELL,140,318.86,44640.4
2025-11-20,ALPHA_SEC,CL661310,RELIANCE,BUY,118,1943.06,229281.08
2025-11-21,OMEGA_BROKING,CL837461,ICICIBANK,BUY,278,1051.43,292297.54
2025-11-20,DELTA_TRADES,CL294300,HDFC,BUY,143,2046.9,292706.7
2025-11-23,DELTA_TRADES,CL921626,AXISBANK,SELL,231,771.55,178228.05
2025-11-21,DELTA_TRADES,CL438358,AXISBANK,SELL,185,1658.74,306866.9
2025-11-22,OMEGA_BROKING,CL390956,SBIN,BUY,95,1704.1,161889.5
2025-11-21,DELTA_TRADES,CL776719,INFY,BUY,140,1356.29,189880.6
2025-11-22,DELTA_TRADES,CL863399,ICICIBANK,SELL,38,1850.13,70304.94
2025-11-22,ALPHA_SEC,CL308620,LT,BUY,147,896.29,131754.63
2025-11-26,BETA_INVEST,CL845078,RELIANCE,SELL,34,1196.01,40664.34
2025-11-25,OMEGA_BROKING,CL556649,LT,BUY,2,227.16,454.32
2025-11-23,ALPHA_SEC,CL348100,HDFC,SELL,298,354.72,105706.56
2025-11-20,ALPHA_SEC,CL420014,RELIANCE,BUY,156,1201.01,187357.56
2025-11-25,OMEGA_BROKING,CL030436,AXISBANK,SELL,164,1266.5,207706.0
2025-11-22,OMEGA_BROKING,CL077840,INFY,SELL,137,657.25,90043.25
2025-11-23,BETA_INVEST,CL060381,LT,SELL,8,1292.68,10341.44
2025-11-20,OMEGA_BROKING,CL776499,SBIN,SELL,174,2317.8,403297.2
2025-11-24,OMEGA_BROKING,CL378169,TATAMOTORS,BUY,209,1099.12,229716.08
2025-11-20,ALPHA_SEC,CL046205,HDFC,BUY,238,732.29,174285.02
2025-11-21,DELTA_TRADES,CL845204,ICICIBANK,BUY,291,1316.26,383031.66
2025-11-23,OMEGA_BROKING,CL653626,SBIN,BUY,252,269.01,67790.52
2025-11-26,ALPHA_SEC,CL684663,TATAMOTORS,SELL,46,1185.42,54529.32
2025-11-20,BETA_INVEST,CL076361,ITC,SELL,123,268.02,32966.46
2025-11-20,BETA_INVEST,CL811219,ITC,BUY,43,1030.19,44298.17
2025-11-26,OMEGA_BROKING,CL133164,AXISBANK,SELL,293,871.22,255267.46
2025-11-23,BETA_INVEST,CL177816,LT,BUY,281,1007.32,283056.92
2025-11-26,OMEGA_BROKING,CL741670,ICICIBANK,SELL,295,591.41,174465.95
2025-11-23,ALPHA_SEC,CL658947,AXISBANK,BUY,172,2254.08,387701.76
2025-11-22,ALPHA_SEC,CL858559,TATAMOTORS,BUY,65,1534.22,99724.3
2025-11-26,BETA_INVEST,CL871871,SBIN,SELL,180,923.12,166161.6
2025-11-23,OMEGA_BROKING,CL781578,RELIANCE,BUY,252,2397.54,604180.08
2025-11-24,OMEGA_BROKING,CL932224,SBIN,BUY,116,1444.0,167504.0
2025-11-26,ALPHA_SEC,CL218233,SBIN,BUY,11,1126.89,12395.79
2025-11-21,OMEGA_BROKING,CL090596,ICICIBANK,SELL,101,2225.31,224756.31
2025-11-22,DELTA_TRADES,CL352711,INFY,SELL,34,1120.92,38111.28
2025-11-20,BETA_INVEST,CL469510,RELIANCE,SELL,213,2499.88,532474.44
2025-11-25,ALPHA_SEC,CL867132,LT,SELL,109,1958.85,213514.65
2025-11-22,OMEGA_BROKING,CL673380,ICICIBANK,SELL,138,1131.16,156100.08
2025-11-22,OMEGA_BROKING,CL059393,ICICIBANK,BUY,64,180.94,11580.16
2025-11-21,BETA_INVEST,CL151014,SBIN,SELL,200,2009.13,401826.0
2025-11-23,OMEGA_BROKING,CL461299,INFY,SELL,70,1076.5,75355.0
2025-11-20,DELTA_TRADES,CL583182,TATAMOTORS,BUY,288,1500.87,432250.56
2025-11-26,ALPHA_SEC,CL940701,ICICIBANK,SELL,39,1416.63,55248.57
2025-11-24,DELTA_TRADES,CL711434,ICICIBANK,BUY,265,533.15,141284.75
2025-11-25,DELTA_TRADES,CL108425,ICICIBANK,SELL,152,1287.16,195648.32
2025-11-24,DELTA_TRADES,CL380539,ITC,SELL,88,817.59,71947.92
2025-11-23,DELTA_TRADES,CL376593,RELIANCE,BUY,191,1284.73,245383.43
2025-11-24,DELTA_TRADES,CL299972,ICICIBANK,BUY,103,1269.84,130793.52
2025-11-20,ALPHA_SEC,CL947703,INFY,SELL,200,1170.03,234006.0
2025-11-23,DELTA_TRADES,CL052673,RELIANCE,BUY,262,600.69,157380.78
2025-11-20,DELTA_TRADES,CL150852,ICICIBANK,BUY,207,1813.78,375452.46
2025-11-22,DELTA_TRADES,CL881694,ITC,SELL,296,728.69,215692.24
2025-11-23,BETA_INVEST,CL473734,HDFC,BUY,215,2218.83,477048.45
2025-11-25,BETA_INVEST,CL884726,SBIN,BUY,294,448.29,131797.26
2025-11-20,DELTA_TRADES,CL436566,AXISBANK,BUY,173,2205.82,381606.86
2025-11-21,ALPHA_SEC,CL598575,KOTAKBANK,SELL,75,2242.25,168168.75
2025-11-26,ALPHA_SEC,CL754756,KOTAKBANK,BUY,188,2014.26,378680.88
2025-11-25,OMEGA_BROKING,CL457699,ITC,BUY,60,199.05,11943.0
2025-11-24,ALPHA_SEC,CL262025,AXISBANK,BUY,75,2150.06,161254.5
2025-11-24,OMEGA_BROKING,CL677437,TATAMOTORS,SELL,203,2297.44,466380.32
2025-11-23,DELTA_TRADES,CL129998,LT,BUY,258,709.27,182991.66
2025-11-22,DELTA_TRADES,CL858503,INFY,SELL,34,703.05,23903.7
2025-11-26,BETA_INVEST,CL929226,TATAMOTORS,SELL,135,878.58,118608.3
2025-11-21,BETA_INVEST,CL894851,LT,SELL,172,264.3,45459.6
2025-11-25,ALPHA_SEC,CL403004,ICICIBANK,BUY,156,1779.78,277645.68
2025-11-21,OMEGA_BROKING,CL605416,LT,BUY,254,227.76,57851.04
2025-11-25,OMEGA_BROKING,CL012464,INFY,BUY,220,679.97,149593.4
2025-11-22,DELTA_TRADES,CL012630,HDFC,BUY,151,2210.11,333726.61
2025-11-22,DELTA_TRADES,CL458149,HDFC,SELL,140,1675.92,234628.8
2025-11-23,DELTA_TRADES,CL378495,LT,SELL,294,1419.56,417350.64
2025-11-23,ALPHA_SEC,CL511064,INFY,SELL,220,2155.32,474170.4
2025-11-22,DELTA_TRADES,CL151994,ITC,SELL,180,1178.62,212151.6
2025-11-26,DELTA_TRADES,CL616527,KOTAKBANK,BUY,293,1752.24,513406.32
2025-11-25,OMEGA_BROKING,CL159890,LT,BUY,138,1667.88,230167.44
2025-11-20,BETA_INVEST,CL200509,INFY,BUY,26,2161.36,56195.36
2025-11-24,OMEGA_BROKING,CL790920,TATAMOTORS,BUY,132,699.97,92396.04
2025-11-23,DELTA_TRADES,CL399705,ITC,BUY,166,1584.71,263061.86
2025-11-22,BETA_INVEST,CL661508,RELIANCE,BUY,254,1244.31,316054.74
2025-11-23,BETA_INVEST,CL303770,LT,SELL,156,1878.68,293074.08
2025-11-26,BETA_INVEST,CL954213,SBIN,BUY,240,2165.49,519717.6
2025-11-21,BETA_INVEST,CL438327,TATAMOTORS,SELL,274,2019.65,553384.1
2025-11-22,ALPHA_SEC,CL512399,ITC,BUY,122,1865.03,227533.66
2025-11-21,ALPHA_SEC,CL471659,KOTAKBANK,SELL,299,721.17,215629.83
2025-11-21,DELTA_TRADES,CL092603,INFY,SELL,37,1648.52,60995.24
2025-11-21,BETA_INVEST,CL590985,SBIN,BUY,117,2207.82,258314.94
2025-11-22,ALPHA_SEC,CL903420,ICICIBANK,SELL,33,568.63,18764.79
2025-11-24,DELTA_TRADES,CL163913,ITC,BUY,289,2202.28,636458.92
2025-11-26,OMEGA_BROKING,CL743159,RELIANCE,BUY,291,992.15,288715.65
2025-11-26,OMEGA_BROKING,CL003706,KOTAKBANK,BUY,255,263.72,67248.6
2025-11-24,OMEGA_BROKING,CL298259,AXISBANK,SELL,100,1258.94,125894.0
2025-11-26,OMEGA_BROKING,CL726531,INFY,SELL,270,2076.54,560665.8
2025-11-21,BETA_INVEST,CL921954,ICICIBANK,BUY,265,1303.53,345435.45
2025-11-23,DELTA_TRADES,CL256006,INFY,SELL,239,2227.43,532355.77
2025-11-25,DELTA_TRADES,CL574431,AXISBANK,SELL,55,2064.08,113524.4
2025-11-26,DELTA_TRADES,CL483091,TATAMOTORS,BUY,15,661.14,9917.1
2025-11-24,BETA_INVEST,CL993824,SBIN,BUY,233,1313.31,306001.23
2025-11-23,OMEGA_BROKING,CL836514,HDFC,BUY,59,2041.87,120470.33
2025-11-25,ALPHA_SEC,CL237025,HDFC,BUY,127,1480.57,188032.39
2025-11-20,DELTA_TRADES,CL056935,ICICIBANK,SELL,86,2340.87,201314.82
2025-11-26,DELTA_TRADES,CL541450,KOTAKBANK,BUY,148,522.74,77365.52
2025-11-25,DELTA_TRADES,CL646071,RELIANCE,BUY,66,592.66,39115.56
2025-11-22,OMEGA_BROKING,CL130195,AXISBANK,BUY,129,2414.63,311487.27
2025-11-25,BETA_INVEST,CL260018,AXISBANK,SELL,196,2230.03,437085.88
2025-11-21,BETA_INVEST,CL026032,INFY,BUY,45,1917.53,86288.85
2025-11-23,OMEGA_BROKING,CL243628,ICICIBANK,BUY,226,1078.95,243842.7
2025-11-23,BETA_INVEST,CL160226,SBIN,BUY,231,1245.67,287749.77
2025-11-22,ALPHA_SEC,CL816792,LT,SELL,287,2301.19,660441.53
2025-11-21,ALPHA_SEC,CL354825,HDFC,BUY,36,440.15,15845.4
2025-11-21,BETA_INVEST,CL899611,ICICIBANK,BUY,159,2448.13,389252.67
2025-11-24,DELTA_TRADES,CL274913,INFY,SELL,32,524.13,16772.16
2025-11-22,DELTA_TRADES,CL427472,TATAMOTORS,SELL,119,1713.78,203939.82
2025-11-25,DELTA_TRADES,CL919920,KOTAKBANK,BUY,159,1137.24,180821.16
2025-11-25,ALPHA_SEC,CL687225,KOTAKBANK,SELL,185,171.84,31790.4
2025-11-20,OMEGA_BROKING,CL981208,RELIANCE,SELL,96,1271.94,122106.24
2025-11-25,OMEGA_BROKING,CL919052,ICICIBANK,BUY,70,1806.89,126482.3
2025-11-23,DELTA_TRADES,CL989403,INFY,BUY,158,1370.71,216572.18
2025-11-24,ALPHA_SEC,CL774222,ICICIBANK,BUY,9,1109.2,9982.8
2025-11-26,BETA_INVEST,CL727837,RELIANCE,BUY,163,1545.13,251856.19
2025-11-25,ALPHA_SEC,CL959330,AXISBANK,SELL,82,1994.92,163583.44
2025-11-25,ALPHA_SEC,CL428435,AXISBANK,BUY,0,1702.14,0.0
2025-11-20,OMEGA_BROKING,CL468499,KOTAKBANK,SELL,40,382.62,15304.8
2025-11-21,ALPHA_SEC,CL256753,HDFC,SELL,9,1794.48,16150.32
2025-11-26,BETA_INVEST,CL152135,INFY,BUY,10,1453.36,14533.6
2025-11-25,ALPHA_SEC,CL153681,RELIANCE,BUY,248,2492.37,618107.76
2025-11-20,OMEGA_BROKING,CL109177,HDFC,SELL,296,1965.17,581690.32
2025-11-21,BETA_INVEST,CL791979,ICICIBANK,BUY,20,616.48,12329.6
2025-11-26,DELTA_TRADES,CL447231,KOTAKBANK,SELL,279,474.54,132396.66
2025-11-21,DELTA_TRADES,CL425495,AXISBANK,SELL,12,266.17,3194.04
2025-11-23,ALPHA_SEC,CL317491,INFY,SELL,263,2067.45,543739.35
2025-11-22,DELTA_TRADES,CL620076,ITC,SELL,167,616.9,103022.3
2025-11-23,ALPHA_SEC,CL265659,RELIANCE,BUY,248,2449.37,607443.76
2025-11-24,BETA_INVEST,CL783446,LT,BUY,138,761.15,105038.7
2025-11-21,ALPHA_SEC,CL280818,LT,BUY,223,2181.15,486396.45
2025-11-21,ALPHA_SEC,CL867148,RELIANCE,SELL,123,2435.02,299507.46
2025-11-20,DELTA_TRADES,CL857659,ICICIBANK,BUY,185,617.77,114287.45
2025-11-26,ALPHA_SEC,CL783827,ITC,SELL,79,651.27,51450.33
2025-11-24,ALPHA_SEC,CL030623,HDFC,BUY,48,1916.56,91994.88
2025-11-21,BETA_INVEST,CL551220,ICICIBANK,SELL,32,1150.25,36808.0
2025-11-24,DELTA_TRADES,CL779087,TATAMOTORS,BUY,72,277.0,19944.0
2025-11-20,OMEGA_BROKING,CL161479,HDFC,BUY,55,1790.07,98453.85
2025-11-24,OMEGA_BROKING,CL217420,ITC,SELL,79,1807.93,142826.47
2025-11-26,OMEGA_BROKING,CL385113,INFY,BUY,204,1368.17,279106.68
2025-11-23,DELTA_TRADES,CL743536,ITC,SELL,229,996.64,228230.56
2025-11-24,ALPHA_SEC,CL281633,LT,BUY,232,1671.8,387857.6
2025-11-20,OMEGA_BROKING,CL225609,HDFC,SELL,272,1882.4,512012.8
2025-11-23,BETA_INVEST,CL535303,SBIN,SELL,16,918.68,14698.88
2025-11-26,BETA_INVEST,CL475180,RELIANCE,SELL,172,203.97,35082.84
2025-11-25,DELTA_TRADES,CL084839,SBIN,BUY,65,2007.06,130458.9
2025-11-24,OMEGA_BROKING,CL057709,HDFC,SELL,122,766.83,93553.26
2025-11-25,BETA_INVEST,CL118002,AXISBANK,BUY,282,2053.56,579103.92
2025-11-24,DELTA_TRADES,CL852873,AXISBANK,SELL,6,1331.01,7986.06
2025-11-26,ALPHA_SEC,CL270721,RELIANCE,BUY,121,485.74,58774.54
2025-11-26,OMEGA_BROKING,CL477608,AXISBANK,BUY,41,1814.2,74382.2
2025-11-26,ALPHA_SEC,CL495776,LT,SELL,45,318.42,14328.9
2025-11-21,BETA_INVEST,CL582601,ICICIBANK,BUY,256,2413.77,617925.12
2025-11-26,BETA_INVEST,CL760017,LT,SELL,11,2263.81,24901.91
2025-11-23,OMEGA_BROKING,CL130556,AXISBANK,SELL,133,283.14,37657.62
2025-11-26,DELTA_TRADES,CL121145,HDFC,BUY,176,410.49,72246.24
2025-11-23,BETA_INVEST,CL791602,ICICIBANK,SELL,194,175.39,34025.66
2025-11-25,DELTA_TRADES,CL084839,SBIN,BUY,69,2007.06,138487.14
2025-11-25,OMEGA_BROKING,CL194694,RELIANCE,BUY,79,297.62,23511.98
2025-11-21,ALPHA_SEC,CL666258,RELIANCE,SELL,160,2197.6,351616.0
2025-11-20,OMEGA_BROKING,CL750452,KOTAKBANK,SELL,253,2019.17,510850.01
2025-11-24,DELTA_TRADES,CL941974,TATAMOTORS,SELL,63,849.57,53522.91
2025-11-25,OMEGA_BROKING,CL701117,LT,SELL,212,967.29,205065.48
2025-11-22,BETA_INVEST,CL333832,LT,SELL,203,1878.0,381234.0
2025-11-25,BETA_INVEST,CL027972,SBIN,SELL,61,1361.3,83039.3
2025-11-21,DELTA_TRADES,CL524475,INFY,SELL,110,1039.4,114334.0
2025-11-25,ALPHA_SEC,CL708016,RELIANCE,BUY,278,1214.15,337533.7
2025-11-24,DELTA_TRADES,CL956518,RELIANCE,BUY,6,1485.14,8910.84
2025-11-26,DELTA_TRADES,CL491248,KOTAKBANK,BUY,34,432.74,14713.16
2025-11-26,BETA_INVEST,CL437404,AXISBANK,SELL,1,843.09,843.09
2025-11-25,OMEGA_BROKING,CL316996,INFY,SELL,33,1315.97,43427.01
2025-11-26,BETA_INVEST,CL985545,INFY,SELL,273,1283.04,350269.92
2025-11-21,ALPHA_SEC,CL790506,KOTAKBANK,SELL,167,960.51,160405.17
2025-11-20,BETA_INVEST,CL559760,ICICIBANK,BUY,155,323.02,50068.1
2025-11-24,BETA_INVEST,CL111965,SBIN,BUY,60,2149.02,128941.2
2025-11-25,OMEGA_BROKING,CL844723,ICICIBANK,SELL,184,943.27,173561.68
2025-11-21,ALPHA_SEC,CL907975,ITC,BUY,158,846.02,133671.16
2025-11-21,OMEGA_BROKING,CL657500,TATAMOTORS,SELL,237,612.78,145228.86
2025-11-22,BETA_INVEST,CL327354,LT,SELL,155,1089.89,168932.95
2025-11-21,DELTA_TRADES,CL373790,TATAMOTORS,BUY,104,2226.84,231591.36
2025-11-22,DELTA_TRADES,CL319019,TATAMOTORS,SELL,238,2339.35,556765.3
2025-11-25,OMEGA_BROKING,CL412150,ICICIBANK,BUY,30,2462.39,73871.7
2025-11-23,ALPHA_SEC,CL977827,KOTAKBANK,SELL,189,477.59,90264.51
2025-11-20,ALPHA_SEC,CL092772,ITC,BUY,177,1004.27,177755.79
2025-11-26,DELTA_TRADES,CL239490,SBIN,SELL,262,2474.17,648232.54
2025-11-22,ALPHA_SEC,CL242137,AXISBANK,SELL,205,1235.73,253324.65
2025-11-23,BETA_INVEST,CL956233,RELIANCE,BUY,58,1208.83,70112.14
2025-11-25,DELTA_TRADES,CL118253,AXISBANK,BUY,195,331.66,64673.7
2025-11-26,OMEGA_BROKING,CL241632,LT,SELL,59,1618.36,95483.24
2025-11-26,ALPHA_SEC,CL531574,INFY,BUY,62,2309.88,143212.56
2025-11-25,ALPHA_SEC,CL583504,LT,BUY,276,1504.4,415214.4
2025-11-22,OMEGA_BROKING,CL224248,RELIANCE,SELL,193,1556.07,300321.51
2025-11-20,BETA_INVEST,CL853626,AXISBANK,SELL,296,863.46,255584.16
2025-11-20,ALPHA_SEC,CL389506,TATAMOTORS,BUY,52,2343.98,121886.96
2025-11-23,OMEGA_BROKING,CL705345,ICICIBANK,BUY,21,904.55,18995.55
2025-11-20,DELTA_TRADES,CL997102,AXISBANK,BUY,23,693.56,15951.88
2025-11-23,BETA_INVEST,CL092815,ICICIBANK,BUY,263,1935.87,509133.81
2025-11-24,OMEGA_BROKING,CL893039,ICICIBANK,SELL,68,568.93,38687.24
2025-11-23,DELTA_TRADES,CL498393,KOTAKBANK,BUY,185,551.69,102062.65
2025-11-20,BETA_INVEST,CL988925,ICICIBANK,BUY,24,627.6,15062.4
2025-11-21,OMEGA_BROKING,CL936039,ICICIBANK,SELL,193,786.18,151732.74
2025-11-22,DELTA_TRADES,CL796773,SBIN,SELL,137,1520.52,208311.24
2025-11-21,ALPHA_SEC,CL240960,ICICIBANK,SELL,128,2385.3,305318.4
2025-11-22,BETA_INVEST,CL814396,LT,BUY,238,2356.6,560870.8
2025-11-25,OMEGA_BROKING,CL303883,ITC,SELL,54,343.1,18527.4
2025-11-20,ALPHA_SEC,CL054800,HDFC,BUY,258,1110.09,286403.22
2025-11-25,DELTA_TRADES,CL784773,KOTAKBANK,BUY,279,871.12,243042.48
2025-11-20,OMEGA_BROKING,CL564474,SBIN,BUY,177,756.08,133826.16
2025-11-25,ALPHA_SEC,CL102450,ICICIBANK,SELL,52,341.81,17774.12
2025-11-23,BETA_INVEST,CL087601,HDFC,SELL,281,1096.43,308096.83
2025-11-24,BETA_INVEST,CL418841,SBIN,SELL,125,2306.27,288283.75
2025-11-24,BETA_INVEST,CL055579,SBIN,SELL,209,1663.66,347704.94
2025-11-26,BETA_INVEST,CL160385,INFY,SELL,159,1036.34,164778.06
2025-11-21,DELTA_TRADES,CL660031,ICICIBANK,BUY,263,1282.12,337197.56
2025-11-24,ALPHA_SEC,CL125232,ITC,SELL,218,361.75,78861.5
2025-11-26,OMEGA_BROKING,CL023450,TATAMOTORS,BUY,71,735.21,52199.91
2025-11-23,DELTA_TRADES,CL376593,RELIANCE,BUY,191,1284.73,245383.43
2025-11-25,OMEGA_BROKING,CL442353,SBIN,SELL,66,2294.71,151450.86
2025-11-20,BETA_INVEST,CL988925,ICICIBANK,BUY,24,627.6,15062.4
2025-11-20,DELTA_TRADES,CL246417,RELIANCE,BUY,222,1346.74,298976.28
2025-11-22,OMEGA_BROKING,CL693673,HDFC,SELL,81,2436.94,197392.14
2025-11-25,BETA_INVEST,CL283622,TATAMOTORS,SELL,40,674.66,26986.4
2025-11-25,ALPHA_SEC,CL755703,INFY,BUY,232,1037.19,240628.08
2025-11-25,ALPHA_SEC,CL509560,AXISBANK,SELL,195,1879.53,366508.35
2025-11-21,OMEGA_BROKING,CL159906,ITC,BUY,1,728.23,728.23
2025-11-20,ALPHA_SEC,CL267632,TATAMOTORS,BUY,189,1580.88,298786.32
2025-11-25,OMEGA_BROKING,CL862602,KOTAKBANK,BUY,274,765.68,209796.32
2025-11-22,DELTA_TRADES,CL796773,SBIN,SELL,133,1520.52,202229.16
2025-11-22,BETA_INVEST,CL510260,ITC,BUY,133,1876.04,249513.32
2025-11-21,BETA_INVEST,CL259877,RELIANCE,BUY,202,1794.42,362472.84
2025-11-20,DELTA_TRADES,CL128815,INFY,BUY,30,1310.71,39321.3
2025-11-26,DELTA_TRADES,CL541450,KOTAKBANK,BUY,153,522.74,79979.22
2025-11-25,DELTA_TRADES,CL300532,AXISBANK,BUY,189,463.11,87527.79
2025-11-22,DELTA_TRADES,CL495452,AXISBANK,BUY,25,1355.09,33877.25
2025-11-22,DELTA_TRADES,CL606158,ITC,SELL,135,310.39,41902.65
2025-11-21,DELTA_TRADES,CL133602,LT,SELL,300,2428.87,728661.0
2025-11-24,OMEGA_BROKING,CL425931,RELIANCE,BUY,74,1194.03,88358.22
2025-11-22,OMEGA_BROKING,CL917876,RELIANCE,SELL,57,2355.33,134253.81
2025-11-23,ALPHA_SEC,CL658947,AXISBANK,BUY,176,2254.08,396718.08
2025-11-20,OMEGA_BROKING,CL848257,ITC,SELL,116,1661.98,192789.68
2025-11-23,BETA_INVEST,CL627989,KOTAKBANK,SELL,225,880.63,198141.75
2025-11-25,OMEGA_BROKING,CL525287,ICICIBANK,SELL,86,2298.4,197662.4
2025-11-25,DELTA_TRADES,CL734824,LT,BUY,77,1184.62,91215.74
2025-11-25,ALPHA_SEC,CL814756,KOTAKBANK,SELL,188,432.11,81236.68
2025-11-26,ALPHA_SEC,CL001083,INFY,BUY,284,1115.33,316753.72
2025-11-26,DELTA_TRADES,CL970717,ICICIBANK,SELL,104,2458.55,255689.2
2025-11-24,ALPHA_SEC,CL604093,HDFC,BUY,241,1411.74,340229.34
2025-11-21,BETA_INVEST,CL372611,ICICIBANK,BUY,170,450.54,76591.8
2025-11-20,BETA_INVEST,CL323797,RELIANCE,SELL,64,1860.09,119045.76
2025-11-25,ALPHA_SEC,CL386082,SBIN,SELL,39,2447.11,95437.29
2025-11-26,ALPHA_SEC,CL336259,RELIANCE,SELL,84,1934.25,162477.0
2025-11-21,BETA_INVEST,CL938277,ITC,SELL,203,1803.85,366181.55
2025-11-21,DELTA_TRADES,CL648629,KOTAKBANK,SELL,159,1392.48,221404.32
2025-11-20,OMEGA_BROKING,CL902540,KOTAKBANK,BUY,288,683.81,196937.28
2025-11-20,ALPHA_SEC,CL688220,HDFC,BUY,245,124.51,30504.95
2025-11-22,DELTA_TRADES,CL616605,SBIN,SELL,10,1136.57,11365.7
2025-11-20,OMEGA_BROKING,CL887256,KOTAKBANK,SELL,161,285.25,45925.25
2025-11-26,OMEGA_BROKING,CL743159,RELIANCE,BUY,291,992.15,288715.65
2025-11-20,DELTA_TRADES,CL644497,ICICIBANK,BUY,198,2143.23,424359.54
2025-11-26,ALPHA_SEC,CL209983,SBIN,SELL,129,2340.01,301861.29
2025-11-25,BETA_INVEST,CL878425,SBIN,SELL,279,865.92,241591.68
2025-11-26,ALPHA_SEC,CL173501,TATAMOTORS,SELL,16,1330.51,21288.16
2025-11-22,DELTA_TRADES,CL134636,RELIANCE,BUY,283,1135.73,321411.59
2025-11-24,OMEGA_BROKING,CL734336,LT,BUY,111,727.95,80802.45
2025-11-26,ALPHA_SEC,CL079067,TATAMOTORS,SELL,99,1178.2,116641.8
2025-11-24,DELTA_TRADES,CL513747,KOTAKBANK,BUY,252,2249.23,566805.96
2025-11-25,ALPHA_SEC,CL491657,ICICIBANK,SELL,205,1799.78,368954.9
2025-11-23,ALPHA_SEC,CL241822,RELIANCE,SELL,217,389.89,84606.13
2025-11-21,DELTA_TRADES,CL362138,RELIANCE,SELL,221,291.57,64436.97
2025-11-22,BETA_INVEST,CL120938,LT,SELL,281,255.17,71702.77
2025-11-21,OMEGA_BROKING,CL651494,SBIN,SELL,184,580.87,106880.08
2025-11-21,ALPHA_SEC,CL437802,ITC,SELL,206,1638.53,337537.18
2025-11-22,ALPHA_SEC,CL732945,ITC,BUY,113,1311.6,148210.8
2025-11-24,ALPHA_SEC,CL779420,ICICIBANK,BUY,23,1087.46,25011.58
2025-11-21,OMEGA_BROKING,CL245807,RELIANCE,SELL,61,1786.06,108949.66
2025-11-25,BETA_INVEST,CL929291,KOTAKBANK,SELL,273,2320.31,633444.63
2025-11-26,OMEGA_BROKING,CL841859,HDFC,SELL,57,1057.87,60298.59
2025-11-25,OMEGA_BROKING,CL824544,RELIANCE,BUY,112,1781.8,199561.6
2025-11-21,ALPHA_SEC,CL121976,INFY,SELL,260,203.85,53001.0
2025-11-23,DELTA_TRADES,CL763139,KOTAKBANK,SELL,181,1763.16,319131.96
2025-11-23,BETA_INVEST,CL104283,ITC,BUY,143,675.15,96546.45
2025-11-20,BETA_INVEST,CL532569,RELIANCE,BUY,74,2110.44,156172.56
2025-11-20,ALPHA_SEC,CL113194,RELIANCE,BUY,136,506.26,68851.36
2025-11-26,OMEGA_BROKING,CL660397,KOTAKBANK,BUY,146,2051.96,299586.16
2025-11-20,ALPHA_SEC,CL663570,RELIANCE,BUY,205,1632.95,334754.75
2025-11-25,OMEGA_BROKING,CL359699,TATAMOTORS,BUY,56,860.39,48181.84
2025-11-20,ALPHA_SEC,CL732400,LT,BUY,199,1592.89,316985.11
2025-11-26,BETA_INVEST,CL210014,SBIN,SELL,53,539.68,28603.04
2025-11-22,BETA_INVEST,CL184553,ICICIBANK,SELL,96,1142.8,109708.8
2025-11-21,DELTA_TRADES,CL936452,AXISBANK,BUY,83,123.97,10289.51
2025-11-21,DELTA_TRADES,CL778850,LT,SELL,118,1110.0,130980.0
2025-11-25,OMEGA_BROKING,CL749238,HDFC,SELL,147,942.32,138521.04
2025-11-25,OMEGA_BROKING,CL237107,HDFC,SELL,101,1570.38,158608.38
2025-11-23,ALPHA_SEC,CL173719,HDFC,SELL,4,1292.57,5170.28
2025-11-22,ALPHA_SEC,CL492667,LT,BUY,257,431.86,110988.02
2025-11-23,OMEGA_BROKING,CL878767,AXISBANK,SELL,290,814.22,236123.8
2025-11-23,BETA_INVEST,CL627989,KOTAKBANK,SELL,220,880.63,193738.6
2025-11-24,DELTA_TRADES,CL734483,INFY,SELL,109,670.42,73075.78
2025-11-26,ALPHA_SEC,CL654626,INFY,BUY,140,1734.04,242765.6
2025-11-23,ALPHA_SEC,CL944324,ITC,SELL,141,2187.75,308472.75
2025-11-21,DELTA_TRADES,CL036516,RELIANCE,SELL,71,1746.11,123973.81
2025-11-24,ALPHA_SEC,CL505450,HDFC,BUY,168,895.66,150470.88
2025-11-23,ALPHA_SEC,CL226997,ICICIBANK,BUY,275,510.12,140283.0
2025-11-26,OMEGA_BROKING,CL836252,HDFC,SELL,204,1513.89,308833.56
2025-11-25,ALPHA_SEC,CL867132,LT,SELL,115,1958.85,225267.75
2025-11-21,DELTA_TRADES,CL727226,RELIANCE,BUY,246,1795.75,441754.5
2025-11-25,DELTA_TRADES,CL003176,LT,SELL,17,2079.68,35354.56
2025-11-22,DELTA_TRADES,CL495452,AXISBANK,BUY,24,1355.09,32522.16
2025-11-21,BETA_INVEST,CL811403,INFY,SELL,116,1440.03,167043.48
2025-11-22,BETA_INVEST,CL984503,ITC,SELL,118,2240.12,264334.16
2025-11-20,ALPHA_SEC,CL311867,TATAMOTORS,SELL,230,1266.78,291359.4
2025-11-24,ALPHA_SEC,CL922231,RELIANCE,BUY,116,2333.59,270696.44
2025-11-23,OMEGA_BROKING,CL112721,TATAMOTORS,BUY,247,593.49,146592.03
2025-11-23,OMEGA_BROKING,CL536675,LT,SELL,65,2498.49,162401.85
2025-11-24,BETA_INVEST,CL311651,INFY,SELL,16,2196.49,35143.84
2025-11-20,BETA_INVEST,CL035248,ICICIBANK,BUY,36,2193.89,78980.04
2025-11-24,OMEGA_BROKING,CL173058,ICICIBANK,SELL,105,2493.27,261793.35
2025-11-24,OMEGA_BROKING,CL092985,RELIANCE,BUY,161,2434.09,391888.49
2025-11-24,DELTA_TRADES,CL976477,INFY,BUY,206,1679.37,345950.22
2025-11-26,OMEGA_BROKING,CL182093,ITC,SELL,102,1767.61,180296.22
2025-11-21,BETA_INVEST,CL883784,LT,BUY,79,458.46,36218.34
2025-11-22,BETA_INVEST,CL182195,AXISBANK,SELL,21,1873.45,39342.45
2025-11-22,DELTA_TRADES,CL020155,SBIN,SELL,130,1992.13,258976.9
2025-11-24,OMEGA_BROKING,CL316895,SBIN,SELL,265,1530.73,405643.45
2025-11-23,ALPHA_SEC,CL864852,KOTAKBANK,BUY,201,1036.7,208376.7
2025-11-26,DELTA_TRADES,CL383180,INFY,BUY,234,1009.41,236201.94
2025-11-26,OMEGA_BROKING,CL369620,LT,BUY,180,404.65,72837.0
2025-11-24,ALPHA_SEC,CL782234,AXISBANK,BUY,269,1979.81,532568.89
2025-11-23,BETA_INVEST,CL060381,LT,SELL,13,1292.68,16804.84
2025-11-26,DELTA_TRADES,CL805983,INFY,BUY,104,1993.57,207331.28
2025-11-25,OMEGA_BROKING,CL443929,RELIANCE,SELL,61,669.46,40837.06
2025-11-26,DELTA_TRADES,CL458618,TATAMOTORS,BUY,170,1008.53,171450.1
2025-11-24,ALPHA_SEC,CL030623,HDFC,BUY,48,1916.56,91994.88
2025-11-25,BETA_INVEST,CL392178,AXISBANK,SELL,283,2170.18,614160.94
2025-11-20,ALPHA_SEC,CL259494,RELIANCE,SELL,125,2346.09,293261.25
2025-11-20,OMEGA_BROKING,CL932231,LT,BUY,264,1445.83,381699.12
2025-11-22,DELTA_TRADES,CL462509,HDFC,SELL,98,1125.48,110297.04
2025-11-20,DELTA_TRADES,CL154756,TATAMOTORS,SELL,15,609.16,9137.4
2025-11-21,ALPHA_SEC,CL446838,HDFC,BUY,54,2012.98,108700.92
2025-11-21,OMEGA_BROKING,CL280978,HDFC,SELL,295,1953.32,576229.4
2025-11-21,ALPHA_SEC,CL471659,KOTAKBANK,SELL,299,721.17,215629.83
2025-11-25,OMEGA_BROKING,CL164772,HDFC,BUY,49,130.24,6381.76
2025-11-26,DELTA_TRADES,CL146502,SBIN,SELL,263,2476.52,651324.76
2025-11-23,DELTA_TRADES,CL189687,TATAMOTORS,BUY,141,554.33,78160.53
2025-11-21,BETA_INVEST,CL912461,KOTAKBANK,SELL,89,2089.16,185935.24
2025-11-21,OMEGA_BROKING,CL820259,TATAMOTORS,SELL,175,1783.74,312154.5
2025-11-20,DELTA_TRADES,CL288198,AXISBANK,BUY,25,1818.6,45465.0
2025-11-21,DELTA_TRADES,CL242316,INFY,BUY,267,645.81,172431.27
2025-11-25,ALPHA_SEC,CL389480,ICICIBANK,SELL,41,2226.94,91304.54
2025-11-26,OMEGA_BROKING,CL424650,KOTAKBANK,BUY,73,772.68,56405.64
2025-11-21,DELTA_TRADES,CL266077,RELIANCE,SELL,215,2331.8,501337.0
2025-11-22,ALPHA_SEC,CL808720,HDFC,SELL,24,1712.92,41110.08
2025-11-21,OMEGA_BROKING,CL037461,RELIANCE,BUY,123,1782.0,219186.0
2025-11-24,BETA_INVEST,CL566380,TATAMOTORS,BUY,230,1541.64,354577.2
2025-11-26,OMEGA_BROKING,CL366861,KOTAKBANK,SELL,282,1399.73,394723.86
2025-11-24,BETA_INVEST,CL308630,INFY,SELL,167,2000.84,334140.28
2025-11-26,OMEGA_BROKING,CL096948,TATAMOTORS,BUY,228,1159.66,264402.48
2025-11-23,OMEGA_BROKING,CL342637,HDFC,SELL,205,1555.37,318850.85
2025-11-22,BETA_INVEST,CL178445,ITC,BUY,70,1088.18,76172.6
2025-11-20,BETA_INVEST,CL668499,KOTAKBANK,BUY,267,1482.61,395856.87
2025-11-26,BETA_INVEST,CL182215,SBIN,SELL,228,608.4,138715.2
2025-11-21,ALPHA_SEC,CL603001,HDFC,BUY,19,1849.7,35144.3
2025-11-26,OMEGA_BROKING,CL969049,TATAMOTORS,SELL,209,1845.42,385692.78
2025-11-22,OMEGA_BROKING,CL263839,RELIANCE,SELL,144,1983.66,285647.04
2025-11-20,BETA_INVEST,CL043617,RELIANCE,BUY,6,2440.81,14644.86
2025-11-24,ALPHA_SEC,CL309445,AXISBANK,BUY,265,2443.18,647442.7
2025-11-22,DELTA_TRADES,CL868664,INFY,SELL,213,1559.62,332199.06
2025-11-23,BETA_INVEST,CL158846,ICICIBANK,BUY,71,2102.63,149286.73
2025-11-25,ALPHA_SEC,CL509542,KOTAKBANK,SELL,275,1121.24,308341.0
2025-11-24,ALPHA_SEC,CL142655,TATAMOTORS,SELL,231,1372.81,317119.11
2025-11-25,DELTA_TRADES,CL930239,HDFC,SELL,175,1784.6,312305.0
2025-11-25,ALPHA_SEC,CL095943,LT,SELL,80,192.6,15408.0
2025-11-24,DELTA_TRADES,CL775582,ITC,SELL,75,454.02,34051.5
2025-11-21,DELTA_TRADES,CL527336,KOTAKBANK,SELL,249,2192.4,545907.6
2025-11-25,BETA_INVEST,CL785843,ICICIBANK,SELL,101,929.87,93916.87
2025-11-24,OMEGA_BROKING,CL689634,AXISBANK,SELL,243,1138.17,276575.31
2025-11-23,ALPHA_SEC,CL949768,ITC,SELL,297,865.94,257184.18
2025-11-24,BETA_INVEST,CL173179,LT,SELL,283,509.68,144239.44
2025-11-22,ALPHA_SEC,CL496266,RELIANCE,SELL,13,2274.84,29572.92
2025-11-26,DELTA_TRADES,CL791298,ICICIBANK,BUY,103,747.58,77000.74
2025-11-24,DELTA_TRADES,CL787634,HDFC,BUY,260,1454.97,378292.2
2025-11-24,OMEGA_BROKING,CL929940,HDFC,SELL,240,1357.13,325711.2
2025-11-23,ALPHA_SEC,CL420333,LT,BUY,171,1666.26,284930.46
2025-11-24,DELTA_TRADES,CL031362,AXISBANK,SELL,30,233.65,7009.5
2025-11-21,DELTA_TRADES,CL380773,SBIN,SELL,276,681.23,188019.48
2025-11-24,OMEGA_BROKING,CL382580,LT,BUY,216,2458.64,531066.24
2025-11-22,DELTA_TRADES,CL397050,ITC,BUY,271,2465.89,668256.19
2025-11-23,DELTA_TRADES,CL700230,KOTAKBANK,BUY,141,2122.4,299258.4
2025-11-26,DELTA_TRADES,CL886143,TATAMOTORS,BUY,109,415.49,45288.41
2025-11-20,BETA_INVEST,CL847395,HDFC,BUY,290,1471.96,426868.4
2025-11-23,BETA_INVEST,CL826621,HDFC,SELL,16,1907.51,30520.16
2025-11-23,ALPHA_SEC,CL855153,HDFC,SELL,281,778.61,218789.41
2025-11-22,BETA_INVEST,CL406700,RELIANCE,BUY,87,537.46,46759.02
2025-11-26,ALPHA_SEC,CL983814,HDFC,BUY,274,926.43,253841.82
2025-11-20,DELTA_TRADES,CL618206,KOTAKBANK,SELL,224,721.51,161618.24
2025-11-24,DELTA_TRADES,CL663977,ICICIBANK,BUY,23,1818.5,41825.5
2025-11-20,OMEGA_BROKING,CL475643,AXISBANK,SELL,255,872.75,222551.25
2025-11-24,ALPHA_SEC,CL434879,LT,SELL,294,589.18,173218.92
2025-11-25,ALPHA_SEC,CL331484,INFY,SELL,215,1444.28,310520.2
2025-11-25,ALPHA_SEC,CL095943,LT,SELL,79,192.6,15215.4
2025-11-26,ALPHA_SEC,CL747368,TATAMOTORS,BUY,118,374.67,44211.06
2025-11-25,BETA_INVEST,CL834413,ITC,SELL,151,1669.33,252068.83
2025-11-25,OMEGA_BROKING,CL525287,ICICIBANK,SELL,91,2298.4,209154.4
2025-11-23,DELTA_TRADES,CL813309,TATAMOTORS,SELL,248,337.33,83657.84
2025-11-20,BETA_INVEST,CL232975,ITC,SELL,33,2491.46,82218.18
2025-11-21,OMEGA_BROKING,CL630393,INFY,BUY,156,1741.73,271709.88
2025-11-26,OMEGA_BROKING,CL307483,AXISBANK,SELL,86,2124.13,182675.18
2025-11-23,BETA_INVEST,CL969685,AXISBANK,BUY,178,1287.01,229087.78
2025-11-26,BETA_INVEST,CL894016,HDFC,SELL,99,1322.18,130895.82
2025-11-20,BETA_INVEST,CL921542,RELIANCE,BUY,162,1677.79,271801.98
2025-11-21,BETA_INVEST,CL599018,ITC,SELL,46,1540.69,70871.74
2025-11-23,ALPHA_SEC,CL058281,ICICIBANK,BUY,291,2208.44,642656.04
2025-11-22,OMEGA_BROKING,CL931078,AXISBANK,BUY,115,1196.97,137651.55
2025-11-22,DELTA_TRADES,CL720707,SBIN,BUY,259,908.59,235324.81
2025-11-24,DELTA_TRADES,CL694668,KOTAKBANK,SELL,281,2143.47,602315.07
2025-11-25,DELTA_TRADES,CL874358,KOTAKBANK,BUY,290,793.38,230080.2
2025-11-26,DELTA_TRADES,CL049443,TATAMOTORS,SELL,266,1997.6,531361.6
2025-11-25,ALPHA_SEC,CL639779,ICICIBANK,BUY,174,1226.45,213402.3
2025-11-22,ALPHA_SEC,CL404022,KOTAKBANK,BUY,55,1586.58,87261.9
2025-11-23,ALPHA_SEC,CL495950,LT,BUY,297,1453.82,431784.54
2025-11-23,OMEGA_BROKING,CL126665,KOTAKBANK,BUY,41,1925.21,78933.61
2025-11-26,ALPHA_SEC,CL208954,ICICIBANK,SELL,145,733.63,106376.35
2025-11-24,ALPHA_SEC,CL538232,ICICIBANK,SELL,265,2309.51,612020.15
2025-11-24,DELTA_TRADES,CL788415,INFY,BUY,148,2158.99,319530.52
2025-11-24,OMEGA_BROKING,CL098695,RELIANCE,BUY,241,2298.64,553972.24
2025-11-25,OMEGA_BROKING,CL457699,ITC,BUY,62,199.05,12341.1
2025-11-20,OMEGA_BROKING,CL284990,KOTAKBANK,SELL,94,793.25,74565.5
2025-11-25,ALPHA_SEC,CL913637,AXISBANK,SELL,203,1893.97,384475.91
2025-11-23,DELTA_TRADES,CL430285,INFY,SELL,216,1519.16,328138.56
2025-11-23,OMEGA_BROKING,CL628135,HDFC,BUY,67,1111.68,74482.56
2025-11-21,BETA_INVEST,CL845883,TATAMOTORS,SELL,284,1577.4,447981.6
2025-11-20,OMEGA_BROKING,CL648446,LT,BUY,64,612.16,39178.24
2025-11-22,DELTA_TRADES,CL329216,RELIANCE,BUY,28,2455.01,68740.28
2025-11-21,OMEGA_BROKING,CL104801,AXISBANK,SELL,246,1276.57,314036.22
2025-11-22,ALPHA_SEC,CL666770,ICICIBANK,SELL,85,1350.21,114767.85
2025-11-24,OMEGA_BROKING,CL613995,INFY,BUY,193,1012.04,195323.72
2025-11-25,OMEGA_BROKING,CL180412,ICICIBANK,BUY,214,2055.65,439909.1
2025-11-26,BETA_INVEST,CL738630,KOTAKBANK,SELL,235,1190.23,279704.05
2025-11-22,DELTA_TRADES,CL902840,ITC,BUY,190,676.26,128489.4
2025-11-25,OMEGA_BROKING,CL526429,ICICIBANK,BUY,252,303.13,76388.76
2025-11-24,OMEGA_BROKING,CL488365,ICICIBANK,BUY,256,583.35,149337.6
2025-11-22,DELTA_TRADES,CL735958,LT,SELL,65,769.34,50007.1
2025-11-20,ALPHA_SEC,CL195695,AXISBANK,BUY,247,1897.8,468756.6
2025-11-24,BETA_INVEST,CL905058,RELIANCE,SELL,93,1930.46,179532.78
2025-11-23,BETA_INVEST,CL342757,ICICIBANK,SELL,180,668.48,120326.4
2025-11-22,ALPHA_SEC,CL717252,LT,BUY,57,2029.57,115685.49
2025-11-24,BETA_INVEST,CL311453,LT,BUY,212,1588.63,336789.56
2025-11-20,DELTA_TRADES,CL429580,SBIN,BUY,164,492.69,80801.16
2025-11-21,DELTA_TRADES,CL494376,RELIANCE,BUY,265,2215.13,587009.45
2025-11-26,ALPHA_SEC,CL039069,ICICIBANK,BUY,14,1069.17,14968.38
2025-11-25,OMEGA_BROKING,CL355457,ICICIBANK,SELL,92,795.2,73158.4
2025-11-22,OMEGA_BROKING,CL008181,ICICIBANK,BUY,29,1627.63,47201.27
2025-11-22,OMEGA_BROKING,CL022422,TATAMOTORS,SELL,166,1859.3,308643.8
2025-11-22,DELTA_TRADES,CL918715,INFY,BUY,10,2306.09,23060.9
2025-11-24,BETA_INVEST,CL403554,RELIANCE,BUY,232,1427.89,331270.48
2025-11-22,BETA_INVEST,CL490557,SBIN,BUY,272,653.39,177722.08
2025-11-26,ALPHA_SEC,CL677700,INFY,SELL,165,856.75,141363.75
2025-11-24,DELTA_TRADES,CL401837,HDFC,BUY,46,1621.49,74588.54
2025-11-25,DELTA_TRADES,CL234828,ITC,SELL,232,471.92,109485.44
2025-11-20,ALPHA_SEC,CL096732,AXISBANK,SELL,243,2274.61,552730.23
2025-11-24,OMEGA_BROKING,CL442027,HDFC,SELL,272,1591.6,432915.2
2025-11-23,DELTA_TRADES,CL198563,LT,BUY,134,480.29,64358.86
2025-11-20,BETA_INVEST,CL047099,KOTAKBANK,BUY,212,1202.95,255025.4
2025-11-26,BETA_INVEST,CL729733,LT,SELL,132,610.6,80599.2
2025-11-20,ALPHA_SEC,CL248740,LT,BUY,216,2282.61,493043.76
2025-11-23,OMEGA_BROKING,CL220008,SBIN,BUY,119,2127.88,253217.72
2025-11-24,DELTA_TRADES,CL199326,LT,SELL,276,1368.74,377772.24
2025-11-21,ALPHA_SEC,CL433017,LT,SELL,195,1226.54,239175.3
2025-11-21,DELTA_TRADES,CL365286,TATAMOTORS,SELL,168,800.07,134411.76
2025-11-25,OMEGA_BROKING,CL788372,RELIANCE,SELL,25,1611.23,40280.75
2025-11-21,DELTA_TRADES,CL973326,TATAMOTORS,SELL,261,1214.85,317075.85
2025-11-25,BETA_INVEST,CL500720,KOTAKBANK,SELL,0,1614.03,0.0
2025-11-26,ALPHA_SEC,CL789324,KOTAKBANK,SELL,231,1188.32,274501.92
2025-11-22,ALPHA_SEC,CL588523,HDFC,BUY,79,596.49,47122.71
2025-11-22,ALPHA_SEC,CL751732,ICICIBANK,BUY,213,1853.42,394778.46
2025-11-24,ALPHA_SEC,CL555332,AXISBANK,SELL,261,1052.93,274814.73
2025-11-25,BETA_INVEST,CL239028,KOTAKBANK,SELL,144,1418.73,204297.12
2025-11-20,OMEGA_BROKING,CL506130,ICICIBANK,SELL,173,1836.51,317716.23
2025-11-20,BETA_INVEST,CL942974,ICICIBANK,BUY,72,1277.44,91975.68
2025-11-26,BETA_INVEST,CL650929,ITC,SELL,220,903.4,198748.0
2025-11-23,ALPHA_SEC,CL285385,KOTAKBANK,SELL,105,1967.7,206608.5
2025-11-20,ALPHA_SEC,CL848346,TATAMOTORS,BUY,99,1448.39,143390.61
2025-11-24,BETA_INVEST,CL728777,RELIANCE,BUY,182,2440.22,444120.04
2025-11-21,OMEGA_BROKING,CL249613,TATAMOTORS,BUY,183,2425.84,443928.72
2025-11-24,BETA_INVEST,CL945264,SBIN,SELL,78,2017.81,157389.18
2025-11-23,DELTA_TRADES,CL787529,INFY,BUY,68,206.63,14050.84
2025-11-24,ALPHA_SEC,CL125232,ITC,SELL,213,361.75,77052.75
2025-11-24,DELTA_TRADES,CL912490,RELIANCE,SELL,273,362.37,98927.01
2025-11-20,BETA_INVEST,CL005688,RELIANCE,BUY,245,250.37,61340.65
2025-11-21,BETA_INVEST,CL101363,TATAMOTORS,SELL,107,2288.63,244883.41
2025-11-23,ALPHA_SEC,CL038967,INFY,BUY,256,1813.46,464245.76
2025-11-24,ALPHA_SEC,CL169732,KOTAKBANK,BUY,52,2268.5,117962.0
2025-11-24,BETA_INVEST,CL667082,TATAMOTORS,SELL,139,2386.2,331681.8
2025-11-25,DELTA_TRADES,CL077194,TATAMOTORS,BUY,47,1081.07,50810.29
2025-11-21,BETA_INVEST,CL492311,SBIN,SELL,35,1257.97,44028.95
2025-11-23,OMEGA_BROKING,CL618671,ICICIBANK,BUY,35,1288.51,45097.85
2025-11-25,DELTA_TRADES,CL033177,SBIN,BUY,83,144.74,12013.42
2025-11-24,ALPHA_SEC,CL505450,HDFC,BUY,168,895.66,150470.88
2025-11-20,ALPHA_SEC,CL663570,RELIANCE,BUY,207,1632.95,338020.65
2025-11-25,BETA_INVEST,CL379454,KOTAKBANK,BUY,276,2073.48,572280.48
2025-11-22,DELTA_TRADES,CL430038,ITC,SELL,36,720.38,25933.68
2025-11-23,DELTA_TRADES,CL129998,LT,BUY,258,709.27,182991.66
2025-11-20,BETA_INVEST,CL559760,ICICIBANK,BUY,155,323.02,50068.1
2025-11-20,OMEGA_BROKING,CL614305,TATAMOTORS,SELL,139,760.35,105688.65
2025-11-23,BETA_INVEST,CL768985,RELIANCE,BUY,140,1085.16,151922.4
2025-11-23,BETA_INVEST,CL358808,AXISBANK,SELL,288,646.02,186053.76
2025-11-23,BETA_INVEST,CL342757,ICICIBANK,SELL,177,668.48,118320.96
2025-11-21,DELTA_TRADES,CL527336,KOTAKBANK,SELL,249,2192.4,545907.6
2025-11-22,ALPHA_SEC,CL873585,ICICIBANK,SELL,42,190.93,8019.06
2025-11-24,OMEGA_BROKING,CL969850,HDFC,BUY,221,1301.84,287706.64
2025-11-23,BETA_INVEST,CL628225,AXISBANK,SELL,240,394.35,94644.0
2025-11-20,OMEGA_BROKING,CL435799,ICICIBANK,SELL,269,1260.64,339112.16
2025-11-23,DELTA_TRADES,CL208626,RELIANCE,SELL,270,364.15,98320.5
2025-11-24,OMEGA_BROKING,CL255361,KOTAKBANK,SELL,55,1438.54,79119.7
2025-11-22,DELTA_TRADES,CL995133,AXISBANK,BUY,85,923.82,78524.7
2025-11-24,BETA_INVEST,CL070169,SBIN,BUY,217,218.52,47418.84
2025-11-26,ALPHA_SEC,CL529051,ICICIBANK,SELL,175,2222.71,388974.25
2025-11-20,DELTA_TRADES,CL280268,SBIN,SELL,80,971.47,77717.6
2025-11-23,OMEGA_BROKING,CL196722,ICICIBANK,SELL,134,1827.54,244890.36
2025-11-21,BETA_INVEST,CL855437,ITC,BUY,189,1425.83,269481.87
2025-11-25,DELTA_TRADES,CL597447,INFY,SELL,146,1249.95,182492.7
2025-11-22,OMEGA_BROKING,CL659302,AXISBANK,BUY,256,2465.99,631293.44
2025-11-23,BETA_INVEST,CL607100,TATAMOTORS,BUY,80,725.61,58048.8
2025-11-21,DELTA_TRADES,CL503544,KOTAKBANK,SELL,27,2443.71,65980.17
2025-11-24,ALPHA_SEC,CL344107,SBIN,SELL,131,1766.84,231456.04
2025-11-20,ALPHA_SEC,CL299471,ITC,SELL,124,1124.11,139389.64
2025-11-25,DELTA_TRADES,CL415976,AXISBANK,BUY,151,982.49,148355.99
2025-11-26,DELTA_TRADES,CL970717,ICICIBANK,SELL,103,2458.55,253230.65
2025-11-21,BETA_INVEST,CL241209,SBIN,SELL,150,1444.68,216702.0
2025-11-24,ALPHA_SEC,CL259688,AXISBANK,SELL,22,833.18,18329.96
2025-11-24,DELTA_TRADES,CL435716,AXISBANK,SELL,239,162.84,38918.76
2025-11-21,OMEGA_BROKING,CL524471,INFY,SELL,85,820.18,69715.3
2025-11-22,DELTA_TRADES,CL858499,INFY,BUY,146,1104.59,161270.14
2025-11-23,BETA_INVEST,CL752536,TATAMOTORS,SELL,84,1495.65,125634.6
2025-11-25,OMEGA_BROKING,CL799683,ICICIBANK,SELL,154,2014.7,310263.8
2025-11-24,ALPHA_SEC,CL551417,INFY,SELL,238,2037.24,484863.12
2025-11-20,OMEGA_BROKING,CL365420,KOTAKBANK,BUY,287,2184.95,627080.65
2025-11-22,OMEGA_BROKING,CL420234,AXISBANK,SELL,287,2087.09,598994.83
2025-11-25,ALPHA_SEC,CL178988,LT,SELL,275,1394.45,383473.75
2025-11-23,DELTA_TRADES,CL062716,SBIN,SELL,72,1996.01,143712.72
2025-11-22,ALPHA_SEC,CL309385,ICICIBANK,SELL,235,2079.2,488612.0
2025-11-25,OMEGA_BROKING,CL107077,SBIN,BUY,113,847.2,95733.6
2025-11-22,BETA_INVEST,CL771037,ICICIBANK,BUY,132,147.42,19459.44
2025-11-26,ALPHA_SEC,CL235807,ITC,SELL,142,1205.12,171127.04
2025-11-20,DELTA_TRADES,CL034635,RELIANCE,BUY,12,755.39,9064.68
2025-11-22,BETA_INVEST,CL041766,HDFC,SELL,201,1712.85,344282.85
2025-11-20,BETA_INVEST,CL033128,AXISBANK,SELL,96,1706.13,163788.48
2025-11-22,BETA_INVEST,CL060025,SBIN,SELL,81,880.33,71306.73
2025-11-21,OMEGA_BROKING,CL280978,HDFC,SELL,296,1953.32,578182.72
2025-11-26,BETA_INVEST,CL530665,KOTAKBANK,SELL,65,429.24,27900.6
2025-11-26,ALPHA_SEC,CL270721,RELIANCE,BUY,126,485.74,61203.24
2025-11-25,BETA_INVEST,CL730308,LT,BUY,155,2348.31,363988.05
2025-11-22,DELTA_TRADES,CL738353,AXISBANK,SELL,99,2435.24,241088.76
2025-11-22,BETA_INVEST,CL751603,TATAMOTORS,SELL,28,537.14,15039.92
2025-11-23,ALPHA_SEC,CL124024,TATAMOTORS,BUY,297,1172.76,348309.72
2025-11-24,DELTA_TRADES,CL827453,KOTAKBANK,SELL,297,1707.83,507225.51
2025-11-25,ALPHA_SEC,CL838963,SBIN,SELL,185,2037.88,377007.8
2025-11-25,DELTA_TRADES,CL039407,ITC,SELL,248,185.98,46123.04
2025-11-23,OMEGA_BROKING,CL980767,ICICIBANK,BUY,218,1042.93,227358.74
2025-11-25,ALPHA_SEC,CL280653,RELIANCE,BUY,177,1084.31,191922.87
2025-11-23,OMEGA_BROKING,CL070115,RELIANCE,BUY,63,689.01,43407.63
2025-11-24,OMEGA_BROKING,CL419527,HDFC,SELL,263,1947.13,512095.19
2025-11-25,DELTA_TRADES,CL736262,RELIANCE,BUY,217,2419.46,525022.82
2025-11-26,DELTA_TRADES,CL115004,LT,BUY,150,1460.27,219040.5
2025-11-25,DELTA_TRADES,CL253638,SBIN,SELL,255,517.39,131934.45
2025-11-23,OMEGA_BROKING,CL910875,ITC,SELL,109,606.29,66085.61
2025-11-22,OMEGA_BROKING,CL283005,RELIANCE,SELL,267,2084.34,556518.78
2025-11-20,OMEGA_BROKING,CL452064,KOTAKBANK,BUY,115,415.2,47748.0
2025-11-22,ALPHA_SEC,CL191575,ITC,SELL,230,949.55,218396.5
2025-11-26,OMEGA_BROKING,CL099457,LT,BUY,93,919.08,85474.44
2025-11-25,ALPHA_SEC,CL850616,KOTAKBANK,SELL,9,1274.18,11467.62
2025-11-26,ALPHA_SEC,CL064907,RELIANCE,BUY,197,1756.67,346063.99
2025-11-23,ALPHA_SEC,CL264924,ITC,BUY,67,1895.83,127020.61
2025-11-22,ALPHA_SEC,CL781850,RELIANCE,BUY,283,1754.53,496531.99
2025-11-21,BETA_INVEST,CL164185,ICICIBANK,SELL,83,2083.26,172910.58
2025-11-25,ALPHA_SEC,CL188016,KOTAKBANK,BUY,258,1128.84,291240.72
2025-11-22,DELTA_TRADES,CL240862,TATAMOTORS,BUY,35,2088.74,73105.9
2025-11-20,ALPHA_SEC,CL772639,ICICIBANK,BUY,28,1011.61,28325.08
2025-11-20,BETA_INVEST,CL811219,ITC,BUY,44,1030.19,45328.36
2025-11-24,BETA_INVEST,CL763805,KOTAKBANK,SELL,47,287.97,13534.59
2025-11-25,ALPHA_SEC,CL509853,RELIANCE,SELL,275,1988.92,546953.0
2025-11-24,DELTA_TRADES,CL859299,INFY,SELL,193,889.0,171577.0
2025-11-23,BETA_INVEST,CL416507,ITC,SELL,39,1238.72,48310.08
2025-11-20,OMEGA_BROKING,CL687035,LT,BUY,215,129.95,27939.25
2025-11-20,BETA_INVEST,CL357975,INFY,BUY,247,1920.23,474296.81
2025-11-20,OMEGA_BROKING,CL299185,TATAMOTORS,BUY,274,189.91,52035.34
2025-11-26,BETA_INVEST,CL935742,AXISBANK,BUY,145,1639.03,237659.35
2025-11-23,ALPHA_SEC,CL782215,ITC,BUY,73,1210.26,88348.98
2025-11-21,DELTA_TRADES,CL901345,SBIN,BUY,144,894.5,128808.0
2025-11-26,BETA_INVEST,CL955135,AXISBANK,SELL,293,859.93,251959.49
2025-11-21,DELTA_TRADES,CL408151,ITC,SELL,73,2099.84,153288.32
2025-11-20,BETA_INVEST,CL790201,SBIN,BUY,191,157.71,30122.61
2025-11-21,DELTA_TRADES,CL295301,SBIN,BUY,162,1727.49,279853.38
2025-11-20,ALPHA_SEC,CL405552,ITC,SELL,185,1629.26,301413.1
2025-11-23,OMEGA_BROKING,CL582307,INFY,SELL,161,279.23,44956.03
2025-11-24,BETA_INVEST,CL611703,AXISBANK,SELL,167,1721.31,287458.77
2025-11-20,ALPHA_SEC,CL498089,AXISBANK,BUY,12,1406.92,16883.04
2025-11-26,DELTA_TRADES,CL364815,ICICIBANK,BUY,149,2168.69,323134.81
2025-11-21,BETA_INVEST,CL522706,KOTAKBANK,SELL,10,787.2,7872.0
2025-11-21,DELTA_TRADES,CL868789,HDFC,SELL,182,1269.55,231058.1
2025-11-26,BETA_INVEST,CL096983,AXISBANK,BUY,86,2446.07,210362.02
2025-11-26,ALPHA_SEC,CL135617,ITC,SELL,98,1781.93,174629.14
2025-11-20,BETA_INVEST,CL784328,LT,BUY,145,481.5,69817.5
2025-11-21,DELTA_TRADES,CL380773,SBIN,SELL,276,681.23,188019.48
2025-11-20,DELTA_TRADES,CL515522,RELIANCE,BUY,195,1992.78,388592.1
2025-11-20,ALPHA_SEC,CL326118,HDFC,SELL,248,1691.18,419412.64
2025-11-20,ALPHA_SEC,CL121595,KOTAKBANK,SELL,1,2046.02,2046.02
2025-11-25,DELTA_TRADES,CL608779,ICICIBANK,SELL,82,1830.39,150091.98
2025-11-21,OMEGA_BROKING,CL957195,KOTAKBANK,SELL,249,853.0,212397.0
2025-11-22,BETA_INVEST,CL011467,KOTAKBANK,SELL,242,955.52,231235.84
2025-11-22,BETA_INVEST,CL928050,SBIN,BUY,75,720.53,54039.75
2025-11-22,DELTA_TRADES,CL697013,ICICIBANK,SELL,261,1580.15,412419.15
2025-11-26,DELTA_TRADES,CL570916,ITC,BUY,38,1081.02,41078.76
2025-11-23,BETA_INVEST,CL693701,ITC,SELL,264,569.1,150242.4
2025-11-20,BETA_INVEST,CL375547,HDFC,BUY,237,1929.13,457203.81
2025-11-20,DELTA_TRADES,CL030667,AXISBANK,BUY,79,2445.93,193228.47
2025-11-21,ALPHA_SEC,CL592725,INFY,BUY,53,1147.65,60825.45
2025-11-24,ALPHA_SEC,CL272732,INFY,BUY,166,1800.58,298896.28
2025-11-20,BETA_INVEST,CL544210,ITC,SELL,260,1304.23,339099.8
2025-11-20,BETA_INVEST,CL559760,ICICIBANK,BUY,150,323.02,48453.0
2025-11-21,OMEGA_BROKING,CL034622,ITC,BUY,260,933.77,242780.2
2025-11-26,OMEGA_BROKING,CL926266,ICICIBANK,SELL,222,1177.34,261369.48
