TxnDate,ValueDate,Description,Debit,Credit,Balance,RefNo
2025-11-29,2025-11-29,PAYOUT TO CLIENT,70649,,1929351.0,TXN-0000000
2025-11-23,2025-11-23,PAYOUT TO CLIENT,131975,,1797376.0,TXN-0000001
2025-11-25,2025-11-25,CLIENT FUNDING - RTGS,,111950,1909326.0,TXN-0000002
2025-11-16,2025-11-18,MISC ADJUSTMENT,,32913,1942239.0,TXN-0000003
2025-11-17,2025-11-17,CLIENT FUNDING - RTGS,,70956,2013195.0,TXN-0000004
2025-11-15,2025-11-17,BANK / DP CHARGES,1671,,2011524.0,TXN-0000005
2025-11-27,2025-11-27,MISC ADJUSTMENT,18204,,1993320.0,TXN-0000006
2025-11-27,2025-11-27,MISC ADJUSTMENT,27277,,1966043.0,TXN-0000007
2025-11-23,2025-11-23,BROKERAGE / TRADE SETTLEMENT,68251,,1897792.0,TXN-0000008
2025-11-16,2025-11-16,PAYOUT TO CLIENT,23584,,1874208.0,TXN-0000009
2025-11-23,2025-11-25,MISC ADJUSTMENT,,12331,1886539.0,TXN-0000010
2025-11-19,2025-11-21,PAYOUT TO CLIENT,161583,,1724956.0,TXN-0000011
2025-11-16,2025-11-16,BANK / DP CHARGES,1957,,1722999.0,TXN-0000012
2025-11-25,2025-11-25,BANK / DP CHARGES,377,,1722622.0,TXN-0000013
2025-11-25,2025-11-25,BROKERAGE / TRADE SETTLEMENT,111702,,1610920.0,TXN-0000014
2025-11-21,2025-11-21,BANK / DP CHARGES,1457,,1609463.0,TXN-0000015
2025-11-29,2025-11-29,BANK / DP CHARGES,923,,1608540.0,TXN-0000016
2025-11-29,2025-11-29,PAYOUT TO CLIENT,112273,,1496267.0,TXN-0000017
2025-11-21,2025-11-23,MISC ADJUSTMENT,10305,,1485962.0,TXN-0000018
2025-11-23,2025-11-24,PAYOUT TO CLIENT,48500,,1437462.0,TXN-0000019
2025-11-15,2025-11-15,CLIENT FUNDING - RTGS,,91436,1528898.0,TXN-0000020
2025-11-20,2025-11-22,BROKERAGE / TRADE SETTLEMENT,41349,,1487549.0,TXN-0000021
2025-11-26,2025-11-26,CLIENT FUNDING - RTGS,,82105,1569654.0,TXN-0000022
2025-11-16,2025-11-16,BROKERAGE / TRADE SETTLEMENT,125489,,1444165.0,TXN-0000023
2025-11-27,2025-11-27,PAYOUT TO CLIENT,48418,,1395747.0,TXN-0000024
2025-11-16,2025-11-17,BROKERAGE / TRADE SETTLEMENT,142144,,1253603.0,TXN-0000025
2025-11-25,2025-11-25,MISC ADJUSTMENT,24248,,1229355.0,TXN-0000026
2025-11-19,2025-11-19,BROKERAGE / TRADE SETTLEMENT,31278,,1198077.0,TXN-0000027
2025-11-17,2025-11-18,MISC ADJUSTMENT,,46980,1245057.0,TXN-0000028
2025-11-15,2025-11-17,CLIENT FUNDING - RTGS,,135266,1380323.0,TXN-0000029
2025-11-24,2025-11-24,MISC ADJUSTMENT,31165,,1349158.0,TXN-0000030
2025-11-25,2025-11-25,MISC ADJUSTMENT,,39869,1389027.0,TXN-0000031
2025-11-26,2025-11-26,BANK / DP CHARGES,1834,,1387193.0,TXN-0000032
2025-11-17,2025-11-17,MISC ADJUSTMENT,29357,,1357836.0,TXN-0000033
2025-11-15,2025-11-15,PAYOUT TO CLIENT,156200,,1201636.0,TXN-0000034
2025-11-21,2025-11-22,BROKERAGE / TRADE SETTLEMENT,12440,,1189196.0,TXN-0000035
2025-11-21,2025-11-23,MISC ADJUSTMENT,,27746,1216942.0,TXN-0000036
2025-11-15,2025-11-16,BANK / DP CHARGES,746,,1216196.0,TXN-0000037
2025-11-21,2025-11-23,MISC ADJUSTMENT,32657,,1183539.0,TXN-0000038
2025-11-25,2025-11-25,MISC ADJUSTMENT,,43509,1227048.0,TXN-0000039
2025-11-23,2025-11-23,BANK / DP CHARGES,1744,,1225304.0,TXN-0000040
2025-11-17,2025-11-17,PAYOUT TO CLIENT,123134,,1102170.0,TXN-0000041
2025-11-28,2025-11-29,BANK / DP CHARGES,1285,,1100885.0,TXN-0000042
2025-11-16,2025-11-16,BROKERAGE / TRADE SETTLEMENT,11832,,1089053.0,TXN-0000043
2025-11-29,2025-11-29,PAYOUT TO CLIENT,193933,,895120.0,TXN-0000044
2025-11-18,2025-11-20,BROKERAGE / TRADE SETTLEMENT,141250,,753870.0,TXN-0000045
2025-11-26,2025-11-27,BANK / DP CHARGES,749,,753121.0,TXN-0000046
2025-11-21,2025-11-21,CLIENT FUNDING - RTGS,,168892,922013.0,TXN-0000047
2025-11-16,2025-11-16,MISC ADJUSTMENT,,17569,939582.0,TXN-0000048
2025-11-16,2025-11-16,MISC ADJUSTMENT,,39150,978732.0,TXN-0000049
2025-11-29,2025-12-01,BROKERAGE / TRADE SETTLEMENT,65052,,913680.0,TXN-0000050
2025-11-16,2025-11-17,BANK / DP CHARGES,1686,,911994.0,TXN-0000051
2025-11-17,2025-11-19,CLIENT FUNDING - RTGS,,165638,1077632.0,TXN-0000052
2025-11-17,2025-11-17,MISC ADJUSTMENT,,20768,1098400.0,TXN-0000053
2025-11-27,2025-11-29,PAYOUT TO CLIENT,132019,,966381.0,TXN-0000054
2025-11-18,2025-11-18,BANK / DP CHARGES,1199,,965182.0,TXN-0000055
2025-11-26,2025-11-26,BANK / DP CHARGES,1318,,963864.0,TXN-0000056
2025-11-22,2025-11-22,MISC ADJUSTMENT,,19138,983002.0,TXN-0000057
2025-11-25,2025-11-26,MISC ADJUSTMENT,8786,,974216.0,TXN-0000058
2025-11-16,2025-11-18,PAYOUT TO CLIENT,182525,,791691.0,TXN-0000059
2025-11-22,2025-11-23,PAYOUT TO CLIENT,58618,,733073.0,TXN-0000060
2025-11-25,2025-11-27,BANK / DP CHARGES,716,,732357.0,TXN-0000061
2025-11-29,2025-11-29,CLIENT FUNDING - RTGS,,200200,932557.0,TXN-0000062
2025-11-27,2025-11-29,PAYOUT TO CLIENT,42632,,889925.0,TXN-0000063
2025-11-25,2025-11-26,BROKERAGE / TRADE SETTLEMENT,57440,,832485.0,TXN-0000064
2025-11-15,2025-11-15,BANK / DP CHARGES,867,,831618.0,TXN-0000065
2025-11-26,2025-11-26,BROKERAGE / TRADE SETTLEMENT,48150,,783468.0,TXN-0000066
2025-11-26,2025-11-26,CLIENT FUNDING - RTGS,,235671,1019139.0,TXN-0000067
2025-11-17,2025-11-18,BROKERAGE / TRADE SETTLEMENT,124175,,894964.0,TXN-0000068
2025-11-22,2025-11-24,BANK / DP CHARGES,1886,,893078.0,TXN-0000069
2025-11-22,2025-11-23,MISC ADJUSTMENT,,30352,923430.0,TXN-0000070
2025-11-20,2025-11-20,PAYOUT TO CLIENT,29848,,893582.0,TXN-0000071
2025-11-24,2025-11-24,BANK / DP CHARGES,1867,,891715.0,TXN-0000072
2025-11-27,2025-11-27,MISC ADJUSTMENT,44535,,847180.0,TXN-0000073
2025-11-27,2025-11-28,PAYOUT TO CLIENT,121394,,725786.0,TXN-0000074
2025-11-17,2025-11-19,MISC ADJUSTMENT,33491,,692295.0,TXN-0000075
2025-11-22,2025-11-22,BANK / DP CHARGES,544,,691751.0,TXN-0000076
2025-11-27,2025-11-29,BROKERAGE / TRADE SETTLEMENT,18363,,673388.0,TXN-0000077
2025-11-16,2025-11-18,BANK / DP CHARGES,432,,672956.0,TXN-0000078
2025-11-18,2025-11-18,MISC ADJUSTMENT,,7052,680008.0,TXN-0000079
2025-11-18,2025-11-18,MISC ADJUSTMENT,21319,,658689.0,TXN-0000080
2025-11-18,2025-11-19,BROKERAGE / TRADE SETTLEMENT,35828,,622861.0,TXN-0000081
2025-11-29,2025-11-30,CLIENT FUNDING - RTGS,,84765,707626.0,TXN-0000082
2025-11-17,2025-11-18,BANK / DP CHARGES,638,,706988.0,TXN-0000083
2025-11-29,2025-12-01,CLIENT FUNDING - RTGS,,269046,976034.0,TXN-0000084
2025-11-26,2025-11-27,CLIENT FUNDING - RTGS,,56524,1032558.0,TXN-0000085
2025-11-26,2025-11-28,MISC ADJUSTMENT,,40248,1072806.0,TXN-0000086
2025-11-23,2025-11-24,BROKERAGE / TRADE SETTLEMENT,46416,,1026390.0,TXN-0000087
2025-11-29,2025-11-29,CLIENT FUNDING - RTGS,,98805,1125195.0,TXN-0000088
2025-11-19,2025-11-20,CLIENT FUNDING - RTGS,,207317,1332512.0,TXN-0000089
2025-11-29,2025-11-30,CLIENT FUNDING - RTGS,,286702,1619214.0,TXN-0000090
2025-11-17,2025-11-19,PAYOUT TO CLIENT,161289,,1457925.0,TXN-0000091
2025-11-25,2025-11-25,PAYOUT TO CLIENT,162619,,1295306.0,TXN-0000092
2025-11-27,2025-11-28,BANK / DP CHARGES,318,,1294988.0,TXN-0000093
2025-11-22,2025-11-23,BROKERAGE / TRADE SETTLEMENT,44477,,1250511.0,TXN-0000094
2025-11-25,2025-11-26,BANK / DP CHARGES,1170,,1249341.0,TXN-0000095
2025-11-22,2025-11-24,PAYOUT TO CLIENT,172027,,1077314.0,TXN-0000096
2025-11-17,2025-11-19,MISC ADJUSTMENT,,24555,1101869.0,TXN-0000097
2025-11-23,2025-11-25,MISC ADJUSTMENT,34693,,1067176.0,TXN-0000098
2025-11-24,2025-11-24,MISC ADJUSTMENT,49033,,1018143.0,TXN-0000099
2025-11-29,2025-11-29,PAYOUT TO CLIENT,79956,,938187.0,TXN-0000100
2025-11-24,2025-11-25,PAYOUT TO CLIENT,126284,,811903.0,TXN-0000101
2025-11-28,2025-11-29,MISC ADJUSTMENT,,8330,820233.0,TXN-0000102
2025-11-23,2025-11-25,CLIENT FUNDING - RTGS,,144228,964461.0,TXN-0000103
2025-11-20,2025-11-20,BROKERAGE / TRADE SETTLEMENT,127956,,836505.0,TXN-0000104
2025-11-20,2025-11-21,MISC ADJUSTMENT,25231,,811274.0,TXN-0000105
2025-11-26,2025-11-27,CLIENT FUNDING - RTGS,,223014,1034288.0,TXN-0000106
2025-11-27,2025-11-27,CLIENT FUNDING - RTGS,,206111,1240399.0,TXN-0000107
2025-11-21,2025-11-21,BROKERAGE / TRADE SETTLEMENT,108648,,1131751.0,TXN-0000108
2025-11-21,2025-11-22,BROKERAGE / TRADE SETTLEMENT,108360,,1023391.0,TXN-0000109
2025-11-27,2025-11-27,MISC ADJUSTMENT,31158,,992233.0,TXN-0000110
2025-11-22,2025-11-23,MISC ADJUSTMENT,32837,,959396.0,TXN-0000111
2025-11-26,2025-11-26,CLIENT FUNDING - RTGS,,58249,1017645.0,TXN-0000112
2025-11-17,2025-11-17,PAYOUT TO CLIENT,74775,,942870.0,TXN-0000113
2025-11-17,2025-11-17,BROKERAGE / TRADE SETTLEMENT,39234,,903636.0,TXN-0000114
2025-11-23,2025-11-25,MISC ADJUSTMENT,,21265,924901.0,TXN-0000115
2025-11-21,2025-11-21,CLIENT FUNDING - RTGS,,146279,1071180.0,TXN-0000116
2025-11-15,2025-11-15,CLIENT FUNDING - RTGS,,235127,1306307.0,TXN-0000117
2025-11-23,2025-11-24,MISC ADJUSTMENT,24299,,1282008.0,TXN-0000118
2025-11-18,2025-11-18,PAYOUT TO CLIENT,96350,,1185658.0,TXN-0000119
2025-11-29,2025-11-29,CLIENT FUNDING - RTGS,,142876,1328534.0,TXN-0000120
2025-11-17,2025-11-17,CLIENT FUNDING - RTGS,,130094,1458628.0,TXN-0000121
2025-11-23,2025-11-23,PAYOUT TO CLIENT,46919,,1411709.0,TXN-0000122
2025-11-27,2025-11-29,CLIENT FUNDING - RTGS,,93322,1505031.0,TXN-0000123
2025-11-26,2025-11-26,MISC ADJUSTMENT,,19080,1524111.0,TXN-0000124
2025-11-17,2025-11-17,BROKERAGE / TRADE SETTLEMENT,69262,,1454849.0,TXN-0000125
2025-11-23,2025-11-23,CLIENT FUNDING - RTGS,,294542,1749391.0,TXN-0000126
2025-11-28,2025-11-29,BROKERAGE / TRADE SETTLEMENT,147287,,1602104.0,TXN-0000127
2025-11-20,2025-11-20,BROKERAGE / TRADE SETTLEMENT,31355,,1570749.0,TXN-0000128
2025-11-15,2025-11-17,PAYOUT TO CLIENT,28255,,1542494.0,TXN-0000129
2025-11-16,2025-11-17,CLIENT FUNDING - RTGS,,217509,1760003.0,TXN-0000130
2025-11-25,2025-11-25,CLIENT FUNDING - RTGS,,246303,2006306.0,TXN-0000131
2025-11-26,2025-11-26,BROKERAGE / TRADE SETTLEMENT,53788,,1952518.0,TXN-0000132
2025-11-21,2025-11-21,PAYOUT TO CLIENT,64605,,1887913.0,TXN-0000133
2025-11-15,2025-11-15,BANK / DP CHARGES,980,,1886933.0,TXN-0000134
2025-11-15,2025-11-17,CLIENT FUNDING - RTGS,,195545,2082478.0,TXN-0000135
2025-11-19,2025-11-21,PAYOUT TO CLIENT,57660,,2024818.0,TXN-0000136
2025-11-21,2025-11-21,CLIENT FUNDING - RTGS,,115804,2140622.0,TXN-0000137
2025-11-27,2025-11-27,BANK / DP CHARGES,1813,,2138809.0,TXN-0000138
2025-11-29,2025-11-30,CLIENT FUNDING - RTGS,,240297,2379106.0,TXN-0000139
2025-11-19,2025-11-19,CLIENT FUNDING - RTGS,,134572,2513678.0,TXN-0000140
2025-11-15,2025-11-17,MISC ADJUSTMENT,,30398,2544076.0,TXN-0000141
2025-11-25,2025-11-25,BROKERAGE / TRADE SETTLEMENT,21887,,2522189.0,TXN-0000142
2025-11-28,2025-11-30,PAYOUT TO CLIENT,162226,,2359963.0,TXN-0000143
2025-11-24,2025-11-24,PAYOUT TO CLIENT,151954,,2208009.0,TXN-0000144
2025-11-17,2025-11-18,MISC ADJUSTMENT,14653,,2193356.0,TXN-0000145
2025-11-20,2025-11-20,CLIENT FUNDING - RTGS,,229641,2422997.0,TXN-0000146
2025-11-19,2025-11-21,MISC ADJUSTMENT,34923,,2388074.0,TXN-0000147
2025-11-19,2025-11-19,PAYOUT TO CLIENT,65835,,2322239.0,TXN-0000148
2025-11-24,2025-11-26,PAYOUT TO CLIENT,105581,,2216658.0,TXN-0000149
2025-11-18,2025-11-19,BROKERAGE / TRADE SETTLEMENT,73838,,2142820.0,TXN-0000150
2025-11-23,2025-11-23,PAYOUT TO CLIENT,109460,,2033360.0,TXN-0000151
2025-11-19,2025-11-19,CLIENT FUNDING - RTGS,,265757,2299117.0,TXN-0000152
2025-11-22,2025-11-22,BROKERAGE / TRADE SETTLEMENT,127400,,2171717.0,TXN-0000153
2025-11-17,2025-11-19,BROKERAGE / TRADE SETTLEMENT,78212,,2093505.0,TXN-0000154
2025-11-22,2025-11-24,MISC ADJUSTMENT,11962,,2081543.0,TXN-0000155
2025-11-24,2025-11-25,BANK / DP CHARGES,1603,,2079940.0,TXN-0000156
2025-11-29,2025-11-29,PAYOUT TO CLIENT,82743,,1997197.0,TXN-0000157
2025-11-16,2025-11-18,CLIENT FUNDING - RTGS,,103894,2101091.0,TXN-0000158
2025-11-19,2025-11-21,PAYOUT TO CLIENT,139271,,1961820.0,TXN-0000159
2025-11-24,2025-11-26,CLIENT FUNDING - RTGS,,263480,2225300.0,TXN-0000160
2025-11-15,2025-11-15,CLIENT FUNDING - RTGS,,187489,2412789.0,TXN-0000161
2025-11-18,2025-11-18,BROKERAGE / TRADE SETTLEMENT,133060,,2279729.0,TXN-0000162
2025-11-17,2025-11-19,CLIENT FUNDING - RTGS,,215567,2495296.0,TXN-0000163
2025-11-16,2025-11-17,BANK / DP CHARGES,324,,2494972.0,TXN-0000164
2025-11-28,2025-11-29,PAYOUT TO CLIENT,69349,,2425623.0,TXN-0000165
2025-11-16,2025-11-17,PAYOUT TO CLIENT,197494,,2228129.0,TXN-0000166
2025-11-16,2025-11-17,MISC ADJUSTMENT,19862,,2208267.0,TXN-0000167
2025-11-24,2025-11-25,CLIENT FUNDING - RTGS,,152764,2361031.0,TXN-0000168
2025-11-16,2025-11-16,CLIENT FUNDING - RTGS,,93269,2454300.0,TXN-0000169
2025-11-16,2025-11-16,PAYOUT TO CLIENT,185578,,2268722.0,TXN-0000170
2025-11-24,2025-11-24,BROKERAGE / TRADE SETTLEMENT,114155,,2154567.0,TXN-0000171
2025-11-29,2025-11-30,MISC ADJUSTMENT,29477,,2125090.0,TXN-0000172
2025-11-19,2025-11-19,MISC ADJUSTMENT,36173,,2088917.0,TXN-0000173
2025-11-28,2025-11-30,PAYOUT TO CLIENT,82646,,2006271.0,TXN-0000174
2025-11-24,2025-11-24,MISC ADJUSTMENT,27302,,1978969.0,TXN-0000175
2025-11-27,2025-11-27,CLIENT FUNDING - RTGS,,156786,2135755.0,TXN-0000176
2025-11-29,2025-12-01,MISC ADJUSTMENT,,17026,2152781.0,TXN-0000177
2025-11-29,2025-11-29,BROKERAGE / TRADE SETTLEMENT,95988,,2056793.0,TXN-0000178
2025-11-20,2025-11-22,BANK / DP CHARGES,1989,,2054804.0,TXN-0000179
2025-11-20,2025-11-21,MISC ADJUSTMENT,,25165,2079969.0,TXN-0000180
2025-11-26,2025-11-26,BANK / DP CHARGES,376,,2079593.0,TXN-0000181
2025-11-17,2025-11-19,MISC ADJUSTMENT,10431,,2069162.0,TXN-0000182
2025-11-27,2025-11-27,BANK / DP CHARGES,1565,,2067597.0,TXN-0000183
2025-11-21,2025-11-22,CLIENT FUNDING - RTGS,,279016,2346613.0,TXN-0000184
2025-11-23,2025-11-23,BANK / DP CHARGES,522,,2346091.0,TXN-0000185
2025-11-24,2025-11-25,PAYOUT TO CLIENT,51466,,2294625.0,TXN-0000186
2025-11-24,2025-11-24,MISC ADJUSTMENT,,39687,2334312.0,TXN-0000187
2025-11-26,2025-11-26,BANK / DP CHARGES,916,,2333396.0,TXN-0000188
2025-11-21,2025-11-22,MISC ADJUSTMENT,34591,,2298805.0,TXN-0000189
2025-11-17,2025-11-17,BROKERAGE / TRADE SETTLEMENT,39117,,2259688.0,TXN-0000190
2025-11-19,2025-11-19,BANK / DP CHARGES,869,,2258819.0,TXN-0000191
2025-11-20,2025-11-20,PAYOUT TO CLIENT,153917,,2104902.0,TXN-0000192
2025-11-24,2025-11-25,BROKERAGE / TRADE SETTLEMENT,13566,,2091336.0,TXN-0000193
2025-11-16,2025-11-18,PAYOUT TO CLIENT,152631,,1938705.0,TXN-0000194
2025-11-25,2025-11-25,BANK / DP CHARGES,524,,1938181.0,TXN-0000195
2025-11-22,2025-11-22,PAYOUT TO CLIENT,139693,,1798488.0,TXN-0000196
2025-11-24,2025-11-26,BANK / DP CHARGES,711,,1797777.0,TXN-0000197
2025-11-25,2025-11-26,CLIENT FUNDING - RTGS,,56128,1853905.0,TXN-0000198
2025-11-15,2025-11-15,CLIENT FUNDING - RTGS,,264803,2118708.0,TXN-0000199
2025-11-26,2025-11-26,PAYOUT TO CLIENT,109096,,2009612.0,TXN-0000200
2025-11-24,2025-11-25,MISC ADJUSTMENT,17687,,1991925.0,TXN-0000201
2025-11-24,2025-11-24,BROKERAGE / TRADE SETTLEMENT,67514,,1924411.0,TXN-0000202
2025-11-26,2025-11-26,BROKERAGE / TRADE SETTLEMENT,130322,,1794089.0,TXN-0000203
2025-11-19,2025-11-20,BANK / DP CHARGES,494,,1793595.0,TXN-0000204
2025-11-20,2025-11-20,CLIENT FUNDING - RTGS,,206565,2000160.0,TXN-0000205
2025-11-23,2025-11-25,BROKERAGE / TRADE SETTLEMENT,120108,,1880052.0,TXN-0000206
2025-11-28,2025-11-28,BANK / DP CHARGES,440,,1879612.0,TXN-0000207
2025-11-16,2025-11-16,PAYOUT TO CLIENT,143710,,1735902.0,TXN-0000208
2025-11-16,2025-11-16,MISC ADJUSTMENT,,13328,1749230.0,TXN-0000209
2025-11-24,2025-11-25,BROKERAGE / TRADE SETTLEMENT,85834,,1663396.0,TXN-0000210
2025-11-15,2025-11-17,BROKERAGE / TRADE SETTLEMENT,97509,,1565887.0,TXN-0000211
2025-11-21,2025-11-21,BANK / DP CHARGES,787,,1565100.0,TXN-0000212
2025-11-29,2025-11-29,BROKERAGE / TRADE SETTLEMENT,128524,,1436576.0,TXN-0000213
2025-11-22,2025-11-23,BANK / DP CHARGES,574,,1436002.0,TXN-0000214
2025-11-22,2025-11-23,PAYOUT TO CLIENT,70877,,1365125.0,TXN-0000215
2025-11-27,2025-11-27,CLIENT FUNDING - RTGS,,251972,1617097.0,TXN-0000216
2025-11-22,2025-11-22,PAYOUT TO CLIENT,119111,,1497986.0,TXN-0000217
2025-11-25,2025-11-26,BANK / DP CHARGES,393,,1497593.0,TXN-0000218
2025-11-16,2025-11-18,PAYOUT TO CLIENT,178498,,1319095.0,TXN-0000219
2025-11-18,2025-11-19,BANK / DP CHARGES,443,,1318652.0,TXN-0000220
2025-11-20,2025-11-20,BANK / DP CHARGES,1851,,1316801.0,TXN-0000221
2025-11-29,2025-11-30,BANK / DP CHARGES,1273,,1315528.0,TXN-0000222
2025-11-25,2025-11-25,BANK / DP CHARGES,388,,1315140.0,TXN-0000223
2025-11-22,2025-11-23,MISC ADJUSTMENT,41246,,1273894.0,TXN-0000224
2025-11-21,2025-11-21,PAYOUT TO CLIENT,89366,,1184528.0,TXN-0000225
2025-11-24,2025-11-25,BANK / DP CHARGES,1266,,1183262.0,TXN-0000226
2025-11-19,2025-11-20,MISC ADJUSTMENT,,28755,1212017.0,TXN-0000227
2025-11-29,2025-11-29,BROKERAGE / TRADE SETTLEMENT,132518,,1079499.0,TXN-0000228
2025-11-19,2025-11-19,BANK / DP CHARGES,1265,,1078234.0,TXN-0000229
2025-11-26,2025-11-27,BANK / DP CHARGES,770,,1077464.0,TXN-0000230
2025-11-22,2025-11-22,BROKERAGE / TRADE SETTLEMENT,148892,,928572.0,TXN-0000231
2025-11-20,2025-11-20,MISC ADJUSTMENT,,25074,953646.0,TXN-0000232
2025-11-15,2025-11-17,BROKERAGE / TRADE SETTLEMENT,120553,,833093.0,TXN-0000233
2025-11-16,2025-11-16,BANK / DP CHARGES,971,,832122.0,TXN-0000234
2025-11-16,2025-11-16,MISC ADJUSTMENT,,19683,851805.0,TXN-0000235
2025-11-26,2025-11-26,BANK / DP CHARGES,1896,,849909.0,TXN-0000236
2025-11-19,2025-11-20,BROKERAGE / TRADE SETTLEMENT,65212,,784697.0,TXN-0000237
2025-11-22,2025-11-24,BANK / DP CHARGES,1558,,783139.0,TXN-0000238
2025-11-24,2025-11-24,MISC ADJUSTMENT,38839,,744300.0,TXN-0000239
2025-11-22,2025-11-22,BROKERAGE / TRADE SETTLEMENT,39873,,704427.0,TXN-0000240
2025-11-28,2025-11-28,CLIENT FUNDING - RTGS,,134098,838525.0,TXN-0000241
2025-11-26,2025-11-27,BANK / DP CHARGES,524,,838001.0,TXN-0000242
2025-11-25,2025-11-27,PAYOUT TO CLIENT,160651,,677350.0,TXN-0000243
2025-11-17,2025-11-17,BROKERAGE / TRADE SETTLEMENT,50957,,626393.0,TXN-0000244
2025-11-21,2025-11-22,BROKERAGE / TRADE SETTLEMENT,143195,,483198.0,TXN-0000245
2025-11-29,2025-11-29,BROKERAGE / TRADE SETTLEMENT,51551,,431647.0,TXN-0000246
2025-11-20,2025-11-20,MISC ADJUSTMENT,,41960,473607.0,TXN-0000247
2025-11-29,2025-11-29,MISC ADJUSTMENT,,41152,514759.0,TXN-0000248
2025-11-21,2025-11-21,PAYOUT TO CLIENT,112398,,402361.0,TXN-0000249
2025-11-23,2025-11-23,PAYOUT TO CLIENT,166922,,235439.0,TXN-0000250
2025-11-28,2025-11-30,BROKERAGE / TRADE SETTLEMENT,28822,,206617.0,TXN-0000251
2025-11-22,2025-11-24,BANK / DP CHARGES,422,,206195.0,TXN-0000252
2025-11-19,2025-11-19,PAYOUT TO CLIENT,27451,,178744.0,TXN-0000253
2025-11-27,2025-11-29,CLIENT FUNDING - RTGS,,118673,297417.0,TXN-0000254
2025-11-15,2025-11-17,CLIENT FUNDING - RTGS,,165603,463020.0,TXN-0000255
2025-11-21,2025-11-22,CLIENT FUNDING - RTGS,,210030,673050.0,TXN-0000256
2025-11-24,2025-11-26,BANK / DP CHARGES,396,,672654.0,TXN-0000257
2025-11-27,2025-11-29,MISC ADJUSTMENT,,10176,682830.0,TXN-0000258
2025-11-26,2025-11-26,MISC ADJUSTMENT,,24003,706833.0,TXN-0000259
2025-11-24,2025-11-24,MISC ADJUSTMENT,29199,,677634.0,TXN-0000260
2025-11-18,2025-11-18,BANK / DP CHARGES,1487,,676147.0,TXN-0000261
2025-11-16,2025-11-16,BANK / DP CHARGES,1567,,674580.0,TXN-0000262
2025-11-16,2025-11-16,BROKERAGE / TRADE SETTLEMENT,79274,,595306.0,TXN-0000263
2025-11-28,2025-11-28,MISC ADJUSTMENT,16196,,579110.0,TXN-0000264
2025-11-27,2025-11-29,BANK / DP CHARGES,1044,,578066.0,TXN-0000265
2025-11-23,2025-11-23,PAYOUT TO CLIENT,119615,,458451.0,TXN-0000266
2025-11-19,2025-11-21,BANK / DP CHARGES,1857,,456594.0,TXN-0000267
2025-11-20,2025-11-20,BROKERAGE / TRADE SETTLEMENT,17093,,439501.0,TXN-0000268
2025-11-19,2025-11-19,MISC ADJUSTMENT,,6636,446137.0,TXN-0000269
2025-11-25,2025-11-25,BANK / DP CHARGES,324,,445813.0,TXN-0000270
2025-11-20,2025-11-21,PAYOUT TO CLIENT,170710,,275103.0,TXN-0000271
2025-11-16,2025-11-17,PAYOUT TO CLIENT,199098,,76005.0,TXN-0000272
2025-11-26,2025-11-26,MISC ADJUSTMENT,,21739,97744.0,TXN-0000273
2025-11-29,2025-11-29,BROKERAGE / TRADE SETTLEMENT,29898,,67846.0,TXN-0000274
2025-11-18,2025-11-20,BANK / DP CHARGES,534,,67312.0,TXN-0000275
2025-11-18,2025-11-18,BANK / DP CHARGES,633,,66679.0,TXN-0000276
2025-11-27,2025-11-29,CLIENT FUNDING - RTGS,,86794,153473.0,TXN-0000277
2025-11-19,2025-11-19,BROKERAGE / TRADE SETTLEMENT,120845,,32628.0,TXN-0000278
2025-11-20,2025-11-20,BROKERAGE / TRADE SETTLEMENT,28695,,3933.0,TXN-0000279
2025-11-20,2025-11-20,CLIENT FUNDING - RTGS,,238655,242588.0,TXN-0000280
2025-11-21,2025-11-23,BANK / DP CHARGES,1361,,241227.0,TXN-0000281
2025-11-25,2025-11-25,BROKERAGE / TRADE SETTLEMENT,85329,,155898.0,TXN-0000282
2025-11-26,2025-11-26,MISC ADJUSTMENT,,48491,204389.0,TXN-0000283
2025-11-21,2025-11-21,CLIENT FUNDING - RTGS,,136842,341231.0,TXN-0000284
2025-11-18,2025-11-19,CLIENT FUNDING - RTGS,,153868,495099.0,TXN-0000285
2025-11-18,2025-11-20,MISC ADJUSTMENT,29319,,465780.0,TXN-0000286
2025-11-21,2025-11-22,CLIENT FUNDING - RTGS,,239566,705346.0,TXN-0000287
2025-11-22,2025-11-22,MISC ADJUSTMENT,10640,,694706.0,TXN-0000288
2025-11-25,2025-11-27,BROKERAGE / TRADE SETTLEMENT,137414,,557292.0,TXN-0000289
2025-11-29,2025-11-30,CLIENT FUNDING - RTGS,,139217,696509.0,TXN-0000290
2025-11-26,2025-11-26,BROKERAGE / TRADE SETTLEMENT,41478,,655031.0,TXN-0000291
2025-11-20,2025-11-22,BROKERAGE / TRADE SETTLEMENT,51850,,603181.0,TXN-0000292
2025-11-16,2025-11-17,PAYOUT TO CLIENT,140379,,462802.0,TXN-0000293
2025-11-22,2025-11-24,PAYOUT TO CLIENT,102221,,360581.0,TXN-0000294
2025-11-18,2025-11-18,BROKERAGE / TRADE SETTLEMENT,78907,,281674.0,TXN-0000295
2025-11-17,2025-11-17,CLIENT FUNDING - RTGS,,75019,356693.0,TXN-0000296
2025-11-21,2025-11-23,MISC ADJUSTMENT,,45729,402422.0,TXN-0000297
2025-11-21,2025-11-21,CLIENT FUNDING - RTGS,,170913,573335.0,TXN-0000298
2025-11-21,2025-11-22,BROKERAGE / TRADE SETTLEMENT,99102,,474233.0,TXN-0000299
2025-11-16,2025-11-16,BROKERAGE / TRADE SETTLEMENT,106583,,367650.0,TXN-0000300
2025-11-21,2025-11-22,MISC ADJUSTMENT,,9214,376864.0,TXN-0000301
2025-11-17,2025-11-18,CLIENT FUNDING - RTGS,,141738,518602.0,TXN-0000302
2025-11-25,2025-11-25,BROKERAGE / TRADE SETTLEMENT,48636,,469966.0,TXN-0000303
2025-11-25,2025-11-26,MISC ADJUSTMENT,8311,,461655.0,TXN-0000304
2025-11-19,2025-11-19,BROKERAGE / TRADE SETTLEMENT,140416,,321239.0,TXN-0000305
2025-11-16,2025-11-18,MISC ADJUSTMENT,9721,,311518.0,TXN-0000306
2025-11-24,2025-11-24,MISC ADJUSTMENT,,32975,344493.0,TXN-0000307
2025-11-19,2025-11-19,MISC ADJUSTMENT,29798,,314695.0,TXN-0000308
2025-11-18,2025-11-18,PAYOUT TO CLIENT,163098,,151597.0,TXN-0000309
2025-11-26,2025-11-27,MISC ADJUSTMENT,23709,,127888.0,TXN-0000310
2025-11-20,2025-11-20,PAYOUT TO CLIENT,132572,,-4684.0,TXN-0000311
2025-11-26,2025-11-26,BROKERAGE / TRADE SETTLEMENT,80850,,-85534.0,TXN-0000312
2025-11-19,2025-11-21,BROKERAGE / TRADE SETTLEMENT,140080,,-225614.0,TXN-0000313
2025-11-21,2025-11-21,BROKERAGE / TRADE SETTLEMENT,119496,,-345110.0,TXN-0000314
2025-11-19,2025-11-20,PAYOUT TO CLIENT,147177,,-492287.0,TXN-0000315
2025-11-23,2025-11-24,BANK / DP CHARGES,656,,-492943.0,TXN-0000316
2025-11-21,2025-11-21,BROKERAGE / TRADE SETTLEMENT,149062,,-642005.0,TXN-0000317
2025-11-27,2025-11-29,PAYOUT TO CLIENT,111458,,-753463.0,TXN-0000318
2025-11-28,2025-11-28,BROKERAGE / TRADE SETTLEMENT,82845,,-836308.0,TXN-0000319
2025-11-26,2025-11-28,BANK / DP CHARGES,359,,-836667.0,TXN-0000320
2025-11-26,2025-11-28,CLIENT FUNDING - RTGS,,177806,-658861.0,TXN-0000321
2025-11-28,2025-11-30,BANK / DP CHARGES,232,,-659093.0,TXN-0000322
2025-11-15,2025-11-15,CLIENT FUNDING - RTGS,,276883,-382210.0,TXN-0000323
2025-11-20,2025-11-20,PAYOUT TO CLIENT,28042,,-410252.0,TXN-0000324
2025-11-27,2025-11-27,BANK / DP CHARGES,963,,-411215.0,TXN-0000325
2025-11-27,2025-11-27,PAYOUT TO CLIENT,187387,,-598602.0,TXN-0000326
2025-11-22,2025-11-22,PAYOUT TO CLIENT,130405,,-729007.0,TXN-0000327
2025-11-24,2025-11-24,MISC ADJUSTMENT,24501,,-753508.0,TXN-0000328
2025-11-19,2025-11-21,CLIENT FUNDING - RTGS,,210285,-543223.0,TXN-0000329
2025-11-21,2025-11-22,BROKERAGE / TRADE SETTLEMENT,102330,,-645553.0,TXN-0000330
2025-11-15,2025-11-15,MISC ADJUSTMENT,41929,,-687482.0,TXN-0000331
2025-11-24,2025-11-24,PAYOUT TO CLIENT,142170,,-829652.0,TXN-0000332
2025-11-16,2025-11-18,BANK / DP CHARGES,1165,,-830817.0,TXN-0000333
2025-11-24,2025-11-24,CLIENT FUNDING - RTGS,,77219,-753598.0,TXN-0000334
2025-11-29,2025-11-29,BROKERAGE / TRADE SETTLEMENT,65292,,-818890.0,TXN-0000335
2025-11-17,2025-11-19,MISC ADJUSTMENT,14685,,-833575.0,TXN-0000336
2025-11-16,2025-11-18,BROKERAGE / TRADE SETTLEMENT,95205,,-928780.0,TXN-0000337
2025-11-19,2025-11-19,PAYOUT TO CLIENT,27857,,-956637.0,TXN-0000338
2025-11-19,2025-11-21,BANK / DP CHARGES,571,,-957208.0,TXN-0000339
2025-11-18,2025-11-19,PAYOUT TO CLIENT,29216,,-986424.0,TXN-0000340
2025-11-23,2025-11-23,MISC ADJUSTMENT,,35172,-951252.0,TXN-0000341
2025-11-18,2025-11-20,PAYOUT TO CLIENT,38467,,-989719.0,TXN-0000342
2025-11-15,2025-11-15,MISC ADJUSTMENT,,41166,-948553.0,TXN-0000343
2025-11-16,2025-11-18,MISC ADJUSTMENT,38985,,-987538.0,TXN-0000344
2025-11-18,2025-11-18,CLIENT FUNDING - RTGS,,151146,-836392.0,TXN-0000345
2025-11-25,2025-11-26,BROKERAGE / TRADE SETTLEMENT,95584,,-931976.0,TXN-0000346
2025-11-24,2025-11-25,MISC ADJUSTMENT,39821,,-971797.0,TXN-0000347
2025-11-28,2025-11-28,MISC ADJUSTMENT,,9512,-962285.0,TXN-0000348
2025-11-16,2025-11-17,PAYOUT TO CLIENT,147084,,-1109369.0,TXN-0000349
2025-11-16,2025-11-16,MISC ADJUSTMENT,,38902,-1070467.0,TXN-0000350
2025-11-15,2025-11-17,BROKERAGE / TRADE SETTLEMENT,102196,,-1172663.0,TXN-0000351
2025-11-28,2025-11-28,MISC ADJUSTMENT,39009,,-1211672.0,TXN-0000352
2025-11-21,2025-11-21,MISC ADJUSTMENT,34930,,-1246602.0,TXN-0000353
2025-11-25,2025-11-25,PAYOUT TO CLIENT,91863,,-1338465.0,TXN-0000354
2025-11-28,2025-11-30,PAYOUT TO CLIENT,143046,,-1481511.0,TXN-0000355
2025-11-22,2025-11-22,BANK / DP CHARGES,1788,,-1483299.0,TXN-0000356
2025-11-16,2025-11-17,BROKERAGE / TRADE SETTLEMENT,94727,,-1578026.0,TXN-0000357
2025-11-27,2025-11-29,BANK / DP CHARGES,427,,-1578453.0,TXN-0000358
2025-11-23,2025-11-23,CLIENT FUNDING - RTGS,,160167,-1418286.0,TXN-0000359
2025-11-27,2025-11-27,MISC ADJUSTMENT,,16823,-1401463.0,TXN-0000360
2025-11-26,2025-11-27,BROKERAGE / TRADE SETTLEMENT,67073,,-1468536.0,TXN-0000361
2025-11-29,2025-11-29,MISC ADJUSTMENT,42282,,-1510818.0,TXN-0000362
2025-11-27,2025-11-28,PAYOUT TO CLIENT,167553,,-1678371.0,TXN-0000363
2025-11-28,2025-11-28,MISC ADJUSTMENT,25651,,-1704022.0,TXN-0000364
2025-11-21,2025-11-21,MISC ADJUSTMENT,39088,,-1743110.0,TXN-0000365
2025-11-24,2025-11-24,BANK / DP CHARGES,468,,-1743578.0,TXN-0000366
2025-11-25,2025-11-25,BANK / DP CHARGES,230,,-1743808.0,TXN-0000367
2025-11-18,2025-11-19,BROKERAGE / TRADE SETTLEMENT,14804,,-1758612.0,TXN-0000368
2025-11-22,2025-11-22,CLIENT FUNDING - RTGS,,276027,-1482585.0,TXN-0000369
2025-11-27,2025-11-27,CLIENT FUNDING - RTGS,,275604,-1206981.0,TXN-0000370
2025-11-27,2025-11-27,BROKERAGE / TRADE SETTLEMENT,128912,,-1335893.0,TXN-0000371
2025-11-20,2025-11-21,BROKERAGE / TRADE SETTLEMENT,135113,,-1471006.0,TXN-0000372
2025-11-21,2025-11-22,PAYOUT TO CLIENT,51215,,-1522221.0,TXN-0000373
2025-11-25,2025-11-25,PAYOUT TO CLIENT,66680,,-1588901.0,TXN-0000374
2025-11-23,2025-11-24,MISC ADJUSTMENT,39612,,-1628513.0,TXN-0000375
2025-11-19,2025-11-20,CLIENT FUNDING - RTGS,,93989,-1534524.0,TXN-0000376
2025-11-27,2025-11-27,BROKERAGE / TRADE SETTLEMENT,106065,,-1640589.0,TXN-0000377
2025-11-25,2025-11-25,BROKERAGE / TRADE SETTLEMENT,58175,,-1698764.0,TXN-0000378
2025-11-16,2025-11-17,BANK / DP CHARGES,1993,,-1700757.0,TXN-0000379
2025-11-28,2025-11-28,BANK / DP CHARGES,394,,-1701151.0,TXN-0000380
2025-11-25,2025-11-27,BANK / DP CHARGES,438,,-1701589.0,TXN-0000381
2025-11-20,2025-11-22,BANK / DP CHARGES,1167,,-1702756.0,TXN-0000382
2025-11-19,2025-11-20,MISC ADJUSTMENT,31571,,-1734327.0,TXN-0000383
2025-11-27,2025-11-27,CLIENT FUNDING - RTGS,,105675,-1628652.0,TXN-0000384
2025-11-28,2025-11-29,CLIENT FUNDING - RTGS,,173932,-1454720.0,TXN-0000385
2025-11-21,2025-11-21,CLIENT FUNDING - RTGS,,258273,-1196447.0,TXN-0000386
2025-11-28,2025-11-30,MISC ADJUSTMENT,,39021,-1157426.0,TXN-0000387
2025-11-17,2025-11-17,BROKERAGE / TRADE SETTLEMENT,127693,,-1285119.0,TXN-0000388
2025-11-17,2025-11-19,CLIENT FUNDING - RTGS,,295130,-989989.0,TXN-0000389
2025-11-25,2025-11-27,BANK / DP CHARGES,1529,,-991518.0,TXN-0000390
2025-11-16,2025-11-16,PAYOUT TO CLIENT,37237,,-1028755.0,TXN-0000391
2025-11-21,2025-11-21,PAYOUT TO CLIENT,45736,,-1074491.0,TXN-0000392
2025-11-29,2025-12-01,CLIENT FUNDING - RTGS,,87713,-986778.0,TXN-0000393
2025-11-25,2025-11-25,MISC ADJUSTMENT,,25956,-960822.0,TXN-0000394
2025-11-26,2025-11-26,CLIENT FUNDING - RTGS,,221681,-739141.0,TXN-0000395
2025-11-21,2025-11-22,MISC ADJUSTMENT,,48184,-690957.0,TXN-0000396
2025-11-20,2025-11-20,BANK / DP CHARGES,794,,-691751.0,TXN-0000397
2025-11-29,2025-11-30,MISC ADJUSTMENT,,38629,-653122.0,TXN-0000398
2025-11-19,2025-11-19,MISC ADJUSTMENT,,24370,-628752.0,TXN-0000399
2025-11-18,2025-11-19,CLIENT FUNDING - RTGS,,123507,-505245.0,TXN-0000400
2025-11-21,2025-11-23,BANK / DP CHARGES,837,,-506082.0,TXN-0000401
2025-11-21,2025-11-21,BROKERAGE / TRADE SETTLEMENT,135843,,-641925.0,TXN-0000402
2025-11-21,2025-11-22,MISC ADJUSTMENT,48567,,-690492.0,TXN-0000403
2025-11-18,2025-11-18,CLIENT FUNDING - RTGS,,208383,-482109.0,TXN-0000404
2025-11-27,2025-11-28,BROKERAGE / TRADE SETTLEMENT,102456,,-584565.0,TXN-0000405
2025-11-22,2025-11-22,MISC ADJUSTMENT,,27954,-556611.0,TXN-0000406
2025-11-20,2025-11-20,BANK / DP CHARGES,268,,-556879.0,TXN-0000407
2025-11-17,2025-11-18,MISC ADJUSTMENT,,49460,-507419.0,TXN-0000408
2025-11-20,2025-11-20,MISC ADJUSTMENT,34551,,-541970.0,TXN-0000409
2025-11-27,2025-11-28,CLIENT FUNDING - RTGS,,244712,-297258.0,TXN-0000410
2025-11-18,2025-11-20,MISC ADJUSTMENT,,9667,-287591.0,TXN-0000411
2025-11-19,2025-11-20,MISC ADJUSTMENT,20293,,-307884.0,TXN-0000412
2025-11-19,2025-11-19,MISC ADJUSTMENT,,20014,-287870.0,TXN-0000413
2025-11-26,2025-11-26,CLIENT FUNDING - RTGS,,274002,-13868.0,TXN-0000414
2025-11-25,2025-11-25,BANK / DP CHARGES,1482,,-15350.0,TXN-0000415
2025-11-24,2025-11-26,BANK / DP CHARGES,288,,-15638.0,TXN-0000416
2025-11-22,2025-11-22,CLIENT FUNDING - RTGS,,174899,159261.0,TXN-0000417
2025-11-16,2025-11-16,CLIENT FUNDING - RTGS,,82945,242206.0,TXN-0000418
2025-11-22,2025-11-22,BROKERAGE / TRADE SETTLEMENT,87641,,154565.0,TXN-0000419
2025-11-27,2025-11-27,CLIENT FUNDING - RTGS,,57159,211724.0,TXN-0000420
2025-11-23,2025-11-24,MISC ADJUSTMENT,,6068,217792.0,TXN-0000421
2025-11-22,2025-11-23,BROKERAGE / TRADE SETTLEMENT,70778,,147014.0,TXN-0000422
2025-11-27,2025-11-29,BROKERAGE / TRADE SETTLEMENT,53103,,93911.0,TXN-0000423
2025-11-23,2025-11-23,CLIENT FUNDING - RTGS,,254502,348413.0,TXN-0000424
2025-11-25,2025-11-26,CLIENT FUNDING - RTGS,,293536,641949.0,TXN-0000425
2025-11-20,2025-11-22,MISC ADJUSTMENT,40052,,601897.0,TXN-0000426
2025-11-15,2025-11-16,PAYOUT TO CLIENT,180598,,421299.0,TXN-0000427
2025-11-27,2025-11-27,BROKERAGE / TRADE SETTLEMENT,51763,,369536.0,TXN-0000428
2025-11-28,2025-11-28,BROKERAGE / TRADE SETTLEMENT,149835,,219701.0,TXN-0000429
2025-11-20,2025-11-21,BROKERAGE / TRADE SETTLEMENT,125003,,94698.0,TXN-0000430
2025-11-17,2025-11-17,PAYOUT TO CLIENT,158767,,-64069.0,TXN-0000431
2025-11-29,2025-11-29,MISC ADJUSTMENT,40257,,-104326.0,TXN-0000432
2025-11-27,2025-11-28,BROKERAGE / TRADE SETTLEMENT,53391,,-157717.0,TXN-0000433
2025-11-29,2025-12-01,BANK / DP CHARGES,1592,,-159309.0,TXN-0000434
2025-11-24,2025-11-24,MISC ADJUSTMENT,,11098,-148211.0,TXN-0000435
2025-11-23,2025-11-24,BROKERAGE / TRADE SETTLEMENT,76995,,-225206.0,TXN-0000436
2025-11-27,2025-11-27,PAYOUT TO CLIENT,143416,,-368622.0,TXN-0000437
2025-11-18,2025-11-19,MISC ADJUSTMENT,8426,,-377048.0,TXN-0000438
2025-11-26,2025-11-26,BROKERAGE / TRADE SETTLEMENT,36120,,-413168.0,TXN-0000439
2025-11-20,2025-11-20,BROKERAGE / TRADE SETTLEMENT,123162,,-536330.0,TXN-0000440
2025-11-27,2025-11-28,BROKERAGE / TRADE SETTLEMENT,62378,,-598708.0,TXN-0000441
2025-11-24,2025-11-24,CLIENT FUNDING - RTGS,,52501,-546207.0,TXN-0000442
2025-11-25,2025-11-26,CLIENT FUNDING - RTGS,,251143,-295064.0,TXN-0000443
2025-11-27,2025-11-27,CLIENT FUNDING - RTGS,,204900,-90164.0,TXN-0000444
2025-11-18,2025-11-18,CLIENT FUNDING - RTGS,,260586,170422.0,TXN-0000445
2025-11-22,2025-11-23,BANK / DP CHARGES,1511,,168911.0,TXN-0000446
2025-11-17,2025-11-18,CLIENT FUNDING - RTGS,,82611,251522.0,TXN-0000447
2025-11-25,2025-11-25,CLIENT FUNDING - RTGS,,194219,445741.0,TXN-0000448
2025-11-25,2025-11-25,BANK / DP CHARGES,1741,,444000.0,TXN-0000449
2025-11-29,2025-11-29,BANK / DP CHARGES,139,,443861.0,TXN-0000450
2025-11-23,2025-11-23,PAYOUT TO CLIENT,47077,,396784.0,TXN-0000451
2025-11-23,2025-11-25,BROKERAGE / TRADE SETTLEMENT,32515,,364269.0,TXN-0000452
2025-11-18,2025-11-20,BANK / DP CHARGES,843,,363426.0,TXN-0000453
2025-11-16,2025-11-16,PAYOUT TO CLIENT,167441,,195985.0,TXN-0000454
2025-11-25,2025-11-27,BROKERAGE / TRADE SETTLEMENT,144847,,51138.0,TXN-0000455
2025-11-27,2025-11-27,BROKERAGE / TRADE SETTLEMENT,128878,,-77740.0,TXN-0000456
2025-11-27,2025-11-29,MISC ADJUSTMENT,,10316,-67424.0,TXN-0000457
2025-11-25,2025-11-25,BROKERAGE / TRADE SETTLEMENT,41163,,-108587.0,TXN-0000458
2025-11-24,2025-11-24,MISC ADJUSTMENT,,27760,-80827.0,TXN-0000459
2025-11-19,2025-11-19,CLIENT FUNDING - RTGS,,196450,115623.0,TXN-0000460
2025-11-23,2025-11-23,PAYOUT TO CLIENT,151815,,-36192.0,TXN-0000461
2025-11-21,2025-11-21,MISC ADJUSTMENT,32815,,-69007.0,TXN-0000462
2025-11-29,2025-11-29,MISC ADJUSTMENT,10218,,-79225.0,TXN-0000463
2025-11-15,2025-11-16,MISC ADJUSTMENT,,26503,-52722.0,TXN-0000464
2025-11-26,2025-11-27,BANK / DP CHARGES,564,,-53286.0,TXN-0000465
2025-11-28,2025-11-30,CLIENT FUNDING - RTGS,,256225,202939.0,TXN-0000466
2025-11-20,2025-11-20,BROKERAGE / TRADE SETTLEMENT,117279,,85660.0,TXN-0000467
2025-11-25,2025-11-26,BANK / DP CHARGES,185,,85475.0,TXN-0000468
2025-11-22,2025-11-23,CLIENT FUNDING - RTGS,,134302,219777.0,TXN-0000469
2025-11-23,2025-11-25,PAYOUT TO CLIENT,63254,,156523.0,TXN-0000470
2025-11-17,2025-11-18,BROKERAGE / TRADE SETTLEMENT,120426,,36097.0,TXN-0000471
2025-11-16,2025-11-18,BANK / DP CHARGES,1894,,34203.0,TXN-0000472
2025-11-23,2025-11-23,MISC ADJUSTMENT,,36352,70555.0,TXN-0000473
2025-11-19,2025-11-21,BANK / DP CHARGES,1762,,68793.0,TXN-0000474
2025-11-15,2025-11-15,PAYOUT TO CLIENT,76177,,-7384.0,TXN-0000475
2025-11-17,2025-11-17,MISC ADJUSTMENT,,20792,13408.0,TXN-0000476
2025-11-23,2025-11-23,BANK / DP CHARGES,1027,,12381.0,TXN-0000477
2025-11-17,2025-11-19,CLIENT FUNDING - RTGS,,56495,68876.0,TXN-0000478
2025-11-19,2025-11-20,BANK / DP CHARGES,1354,,67522.0,TXN-0000479
2025-11-21,2025-11-23,PAYOUT TO CLIENT,194658,,-127136.0,TXN-0000480
2025-11-17,2025-11-17,BANK / DP CHARGES,1832,,-128968.0,TXN-0000481
2025-11-22,2025-11-23,BANK / DP CHARGES,1887,,-130855.0,TXN-0000482
2025-11-19,2025-11-20,CLIENT FUNDING - RTGS,,204499,73644.0,TXN-0000483
2025-11-22,2025-11-22,MISC ADJUSTMENT,,19725,93369.0,TXN-0000484
2025-11-28,2025-11-28,BROKERAGE / TRADE SETTLEMENT,123730,,-30361.0,TXN-0000485
2025-11-21,2025-11-23,CLIENT FUNDING - RTGS,,142845,112484.0,TXN-0000486
2025-11-28,2025-11-28,BROKERAGE / TRADE SETTLEMENT,84070,,28414.0,TXN-0000487
2025-11-29,2025-11-29,MISC ADJUSTMENT,30977,,-2563.0,TXN-0000488
2025-11-23,2025-11-23,CLIENT FUNDING - RTGS,,60656,58093.0,TXN-0000489
2025-11-21,2025-11-23,BROKERAGE / TRADE SETTLEMENT,10253,,47840.0,TXN-0000490
2025-11-19,2025-11-21,CLIENT FUNDING - RTGS,,105376,153216.0,TXN-0000491
2025-11-18,2025-11-20,CLIENT FUNDING - RTGS,,231624,384840.0,TXN-0000492
2025-11-18,2025-11-18,CLIENT FUNDING - RTGS,,78284,463124.0,TXN-0000493
2025-11-24,2025-11-24,BANK / DP CHARGES,329,,462795.0,TXN-0000494
2025-11-21,2025-11-22,PAYOUT TO CLIENT,38175,,424620.0,TXN-0000495
2025-11-27,2025-11-28,CLIENT FUNDING - RTGS,,175127,599747.0,TXN-0000496
2025-11-25,2025-11-25,BROKERAGE / TRADE SETTLEMENT,18119,,581628.0,TXN-0000497
2025-11-26,2025-11-26,BANK / DP CHARGES,1640,,579988.0,TXN-0000498
2025-11-25,2025-11-26,CLIENT FUNDING - RTGS,,79208,659196.0,TXN-0000499
2025-11-22,2025-11-22,MISC ADJUSTMENT,25558,,633638.0,TXN-0000500
2025-11-28,2025-11-28,MISC ADJUSTMENT,,40232,673870.0,TXN-0000501
2025-11-19,2025-11-19,BANK / DP CHARGES,1150,,672720.0,TXN-0000502
2025-11-23,2025-11-24,BROKERAGE / TRADE SETTLEMENT,74984,,597736.0,TXN-0000503
2025-11-26,2025-11-26,CLIENT FUNDING - RTGS,,154005,751741.0,TXN-0000504
2025-11-15,2025-11-17,BROKERAGE / TRADE SETTLEMENT,145915,,605826.0,TXN-0000505
2025-11-15,2025-11-15,BANK / DP CHARGES,1129,,604697.0,TXN-0000506
2025-11-27,2025-11-27,BANK / DP CHARGES,160,,604537.0,TXN-0000507
2025-11-26,2025-11-26,MISC ADJUSTMENT,,30522,635059.0,TXN-0000508
2025-11-15,2025-11-16,MISC ADJUSTMENT,6172,,628887.0,TXN-0000509
2025-11-16,2025-11-16,PAYOUT TO CLIENT,159017,,469870.0,TXN-0000510
2025-11-27,2025-11-29,BROKERAGE / TRADE SETTLEMENT,68159,,401711.0,TXN-0000511
2025-11-21,2025-11-23,PAYOUT TO CLIENT,54425,,347286.0,TXN-0000512
2025-11-26,2025-11-28,BROKERAGE / TRADE SETTLEMENT,63867,,283419.0,TXN-0000513
2025-11-26,2025-11-28,BROKERAGE / TRADE SETTLEMENT,119841,,163578.0,TXN-0000514
2025-11-26,2025-11-28,BROKERAGE / TRADE SETTLEMENT,91921,,71657.0,TXN-0000515
2025-11-16,2025-11-16,MISC ADJUSTMENT,,48776,120433.0,TXN-0000516
2025-11-19,2025-11-19,BROKERAGE / TRADE SETTLEMENT,114630,,5803.0,TXN-0000517
2025-11-26,2025-11-28,MISC ADJUSTMENT,9872,,-4069.0,TXN-0000518
2025-11-18,2025-11-19,MISC ADJUSTMENT,,9033,4964.0,TXN-0000519
2025-11-28,2025-11-30,CLIENT FUNDING - RTGS,,237940,242904.0,TXN-0000520
2025-11-15,2025-11-16,PAYOUT TO CLIENT,169131,,73773.0,TXN-0000521
2025-11-27,2025-11-28,PAYOUT TO CLIENT,117028,,-43255.0,TXN-0000522
2025-11-25,2025-11-25,CLIENT FUNDING - RTGS,,186470,143215.0,TXN-0000523
2025-11-26,2025-11-27,CLIENT FUNDING - RTGS,,80890,224105.0,TXN-0000524
2025-11-25,2025-11-25,PAYOUT TO CLIENT,193843,,30262.0,TXN-0000525
2025-11-21,2025-11-22,CLIENT FUNDING - RTGS,,86062,116324.0,TXN-0000526
2025-11-26,2025-11-28,BROKERAGE / TRADE SETTLEMENT,107142,,9182.0,TXN-0000527
2025-11-18,2025-11-18,MISC ADJUSTMENT,40004,,-30822.0,TXN-0000528
2025-11-23,2025-11-23,MISC ADJUSTMENT,,24258,-6564.0,TXN-0000529
2025-11-21,2025-11-21,CLIENT FUNDING - RTGS,,292141,285577.0,TXN-0000530
2025-11-28,2025-11-28,PAYOUT TO CLIENT,34419,,251158.0,TXN-0000531
2025-11-28,2025-11-30,CLIENT FUNDING - RTGS,,195579,446737.0,TXN-0000532
2025-11-22,2025-11-24,CLIENT FUNDING - RTGS,,211753,658490.0,TXN-0000533
2025-11-24,2025-11-24,BANK / DP CHARGES,1722,,656768.0,TXN-0000534
2025-11-26,2025-11-28,PAYOUT TO CLIENT,64274,,592494.0,TXN-0000535
2025-11-29,2025-12-01,CLIENT FUNDING - RTGS,,79686,672180.0,TXN-0000536
2025-11-24,2025-11-24,CLIENT FUNDING - RTGS,,213854,886034.0,TXN-0000537
2025-11-17,2025-11-18,PAYOUT TO CLIENT,24157,,861877.0,TXN-0000538
2025-11-27,2025-11-27,BANK / DP CHARGES,1549,,860328.0,TXN-0000539
2025-11-20,2025-11-20,MISC ADJUSTMENT,,16829,877157.0,TXN-0000540
2025-11-25,2025-11-27,CLIENT FUNDING - RTGS,,273515,1150672.0,TXN-0000541
2025-11-18,2025-11-20,MISC ADJUSTMENT,,19326,1169998.0,TXN-0000542
2025-11-17,2025-11-18,BANK / DP CHARGES,1849,,1168149.0,TXN-0000543
2025-11-28,2025-11-30,PAYOUT TO CLIENT,127029,,1041120.0,TXN-0000544
2025-11-23,2025-11-25,PAYOUT TO CLIENT,154208,,886912.0,TXN-0000545
2025-11-15,2025-11-17,BROKERAGE / TRADE SETTLEMENT,39252,,847660.0,TXN-0000546
2025-11-24,2025-11-24,MISC ADJUSTMENT,,33902,881562.0,TXN-0000547
2025-11-17,2025-11-17,PAYOUT TO CLIENT,170902,,710660.0,TXN-0000548
2025-11-17,2025-11-17,BROKERAGE / TRADE SETTLEMENT,33888,,676772.0,TXN-0000549
2025-11-19,2025-11-19,CLIENT FUNDING - RTGS,,77701,754473.0,TXN-0000550
2025-11-20,2025-11-20,MISC ADJUSTMENT,47281,,707192.0,TXN-0000551
2025-11-22,2025-11-23,BANK / DP CHARGES,1329,,705863.0,TXN-0000552
2025-11-29,2025-11-29,BANK / DP CHARGES,115,,705748.0,TXN-0000553
2025-11-18,2025-11-18,CLIENT FUNDING - RTGS,,186847,892595.0,TXN-0000554
2025-11-19,2025-11-19,CLIENT FUNDING - RTGS,,128354,1020949.0,TXN-0000555
2025-11-22,2025-11-24,BROKERAGE / TRADE SETTLEMENT,69953,,950996.0,TXN-0000556
2025-11-17,2025-11-19,BANK / DP CHARGES,1893,,949103.0,TXN-0000557
2025-11-21,2025-11-21,BROKERAGE / TRADE SETTLEMENT,99124,,849979.0,TXN-0000558
2025-11-17,2025-11-17,BANK / DP CHARGES,493,,849486.0,TXN-0000559
2025-11-23,2025-11-23,PAYOUT TO CLIENT,134457,,715029.0,TXN-0000560
2025-11-29,2025-11-30,BANK / DP CHARGES,1090,,713939.0,TXN-0000561
2025-11-17,2025-11-17,CLIENT FUNDING - RTGS,,233239,947178.0,TXN-0000562
2025-11-25,2025-11-26,BROKERAGE / TRADE SETTLEMENT,33739,,913439.0,TXN-0000563
2025-11-25,2025-11-27,BROKERAGE / TRADE SETTLEMENT,21570,,891869.0,TXN-0000564
2025-11-18,2025-11-18,CLIENT FUNDING - RTGS,,59297,951166.0,TXN-0000565
2025-11-19,2025-11-20,PAYOUT TO CLIENT,167167,,783999.0,TXN-0000566
2025-11-22,2025-11-23,BANK / DP CHARGES,1210,,782789.0,TXN-0000567
2025-11-23,2025-11-25,BROKERAGE / TRADE SETTLEMENT,47617,,735172.0,TXN-0000568
2025-11-28,2025-11-28,BANK / DP CHARGES,1760,,733412.0,TXN-0000569
2025-11-28,2025-11-30,MISC ADJUSTMENT,,13792,747204.0,TXN-0000570
2025-11-25,2025-11-27,MISC ADJUSTMENT,43173,,704031.0,TXN-0000571
2025-11-22,2025-11-23,CLIENT FUNDING - RTGS,,82813,786844.0,TXN-0000572
2025-11-15,2025-11-17,CLIENT FUNDING - RTGS,,114902,901746.0,TXN-0000573
2025-11-25,2025-11-25,BROKERAGE / TRADE SETTLEMENT,44588,,857158.0,TXN-0000574
2025-11-22,2025-11-22,CLIENT FUNDING - RTGS,,296090,1153248.0,TXN-0000575
2025-11-18,2025-11-18,BROKERAGE / TRADE SETTLEMENT,112065,,1041183.0,TXN-0000576
2025-11-23,2025-11-23,BROKERAGE / TRADE SETTLEMENT,102342,,938841.0,TXN-0000577
2025-11-19,2025-11-19,BANK / DP CHARGES,544,,938297.0,TXN-0000578
2025-11-21,2025-11-21,BANK / DP CHARGES,230,,938067.0,TXN-0000579
2025-11-27,2025-11-29,BROKERAGE / TRADE SETTLEMENT,53154,,884913.0,TXN-0000580
2025-11-26,2025-11-28,PAYOUT TO CLIENT,98028,,786885.0,TXN-0000581
2025-11-27,2025-11-27,BANK / DP CHARGES,1806,,785079.0,TXN-0000582
2025-11-22,2025-11-22,PAYOUT TO CLIENT,125485,,659594.0,TXN-0000583
2025-11-24,2025-11-24,CLIENT FUNDING - RTGS,,267800,927394.0,TXN-0000584
2025-11-24,2025-11-26,CLIENT FUNDING - RTGS,,82969,1010363.0,TXN-0000585
2025-11-26,2025-11-27,BROKERAGE / TRADE SETTLEMENT,58482,,951881.0,TXN-0000586
2025-11-26,2025-11-26,PAYOUT TO CLIENT,130643,,821238.0,TXN-0000587
2025-11-16,2025-11-18,CLIENT FUNDING - RTGS,,269133,1090371.0,TXN-0000588
2025-11-27,2025-11-28,BROKERAGE / TRADE SETTLEMENT,82552,,1007819.0,TXN-0000589
2025-11-18,2025-11-20,MISC ADJUSTMENT,14375,,993444.0,TXN-0000590
2025-11-23,2025-11-24,MISC ADJUSTMENT,6292,,987152.0,TXN-0000591
2025-11-29,2025-11-29,BROKERAGE / TRADE SETTLEMENT,48736,,938416.0,TXN-0000592
2025-11-16,2025-11-16,BANK / DP CHARGES,447,,937969.0,TXN-0000593
2025-11-19,2025-11-19,PAYOUT TO CLIENT,50514,,887455.0,TXN-0000594
2025-11-18,2025-11-18,MISC ADJUSTMENT,47783,,839672.0,TXN-0000595
2025-11-16,2025-11-18,CLIENT FUNDING - RTGS,,90234,929906.0,TXN-0000596
2025-11-16,2025-11-16,PAYOUT TO CLIENT,121339,,808567.0,TXN-0000597
2025-11-22,2025-11-24,BROKERAGE / TRADE SETTLEMENT,124081,,684486.0,TXN-0000598
2025-11-15,2025-11-15,PAYOUT TO CLIENT,186628,,497858.0,TXN-0000599
2025-11-17,2025-11-17,BROKERAGE / TRADE SETTLEMENT,130737,,367121.0,TXN-0000600
2025-11-15,2025-11-15,MISC ADJUSTMENT,,5133,372254.0,TXN-0000601
2025-11-23,2025-11-23,BROKERAGE / TRADE SETTLEMENT,65653,,306601.0,TXN-0000602
2025-11-24,2025-11-24,CLIENT FUNDING - RTGS,,91990,398591.0,TXN-0000603
2025-11-24,2025-11-24,BROKERAGE / TRADE SETTLEMENT,55461,,343130.0,TXN-0000604
2025-11-19,2025-11-21,PAYOUT TO CLIENT,155318,,187812.0,TXN-0000605
2025-11-17,2025-11-17,BROKERAGE / TRADE SETTLEMENT,35491,,152321.0,TXN-0000606
2025-11-27,2025-11-27,BANK / DP CHARGES,591,,151730.0,TXN-0000607
2025-11-22,2025-11-22,BANK / DP CHARGES,346,,151384.0,TXN-0000608
2025-11-22,2025-11-22,MISC ADJUSTMENT,,31137,182521.0,TXN-0000609
2025-11-27,2025-11-29,MISC ADJUSTMENT,27870,,154651.0,TXN-0000610
2025-11-21,2025-11-21,MISC ADJUSTMENT,,12644,167295.0,TXN-0000611
2025-11-29,2025-11-30,MISC ADJUSTMENT,,45827,213122.0,TXN-0000612
2025-11-16,2025-11-16,BROKERAGE / TRADE SETTLEMENT,91436,,121686.0,TXN-0000613
2025-11-21,2025-11-23,BROKERAGE / TRADE SETTLEMENT,106485,,15201.0,TXN-0000614
2025-11-16,2025-11-18,MISC ADJUSTMENT,27893,,-12692.0,TXN-0000615
2025-11-27,2025-11-27,PAYOUT TO CLIENT,114836,,-127528.0,TXN-0000616
2025-11-18,2025-11-20,PAYOUT TO CLIENT,82072,,-209600.0,TXN-0000617
2025-11-25,2025-11-25,BANK / DP CHARGES,1438,,-211038.0,TXN-0000618
2025-11-24,2025-11-25,BROKERAGE / TRADE SETTLEMENT,129542,,-340580.0,TXN-0000619
2025-11-15,2025-11-15,BANK / DP CHARGES,1555,,-342135.0,TXN-0000620
2025-11-19,2025-11-19,MISC ADJUSTMENT,43030,,-385165.0,TXN-0000621
2025-11-15,2025-11-17,BROKERAGE / TRADE SETTLEMENT,24445,,-409610.0,TXN-0000622
2025-11-28,2025-11-28,CLIENT FUNDING - RTGS,,207211,-202399.0,TXN-0000623
2025-11-16,2025-11-18,MISC ADJUSTMENT,,10537,-191862.0,TXN-0000624
2025-11-17,2025-11-19,BANK / DP CHARGES,1977,,-193839.0,TXN-0000625
2025-11-21,2025-11-21,MISC ADJUSTMENT,,40010,-153829.0,TXN-0000626
2025-11-16,2025-11-17,PAYOUT TO CLIENT,159508,,-313337.0,TXN-0000627
2025-11-20,2025-11-21,CLIENT FUNDING - RTGS,,266717,-46620.0,TXN-0000628
2025-11-29,2025-12-01,BANK / DP CHARGES,1833,,-48453.0,TXN-0000629
2025-11-27,2025-11-27,CLIENT FUNDING - RTGS,,90183,41730.0,TXN-0000630
2025-11-27,2025-11-28,BANK / DP CHARGES,1948,,39782.0,TXN-0000631
2025-11-29,2025-12-01,BANK / DP CHARGES,1507,,38275.0,TXN-0000632
2025-11-21,2025-11-23,MISC ADJUSTMENT,,39772,78047.0,TXN-0000633
2025-11-17,2025-11-17,CLIENT FUNDING - RTGS,,208521,286568.0,TXN-0000634
2025-11-24,2025-11-24,CLIENT FUNDING - RTGS,,268658,555226.0,TXN-0000635
2025-11-21,2025-11-21,CLIENT FUNDING - RTGS,,266627,821853.0,TXN-0000636
2025-11-21,2025-11-22,BROKERAGE / TRADE SETTLEMENT,18015,,803838.0,TXN-0000637
2025-11-27,2025-11-29,MISC ADJUSTMENT,26617,,777221.0,TXN-0000638
2025-11-26,2025-11-26,CLIENT FUNDING - RTGS,,243220,1020441.0,TXN-0000639
2025-11-29,2025-11-30,CLIENT FUNDING - RTGS,,118912,1139353.0,TXN-0000640
2025-11-24,2025-11-25,BROKERAGE / TRADE SETTLEMENT,119669,,1019684.0,TXN-0000641
2025-11-17,2025-11-17,PAYOUT TO CLIENT,66775,,952909.0,TXN-0000642
2025-11-18,2025-11-18,CLIENT FUNDING - RTGS,,260651,1213560.0,TXN-0000643
2025-11-26,2025-11-26,PAYOUT TO CLIENT,185887,,1027673.0,TXN-0000644
2025-11-24,2025-11-26,MISC ADJUSTMENT,,27149,1054822.0,TXN-0000645
2025-11-15,2025-11-16,CLIENT FUNDING - RTGS,,174137,1228959.0,TXN-0000646
2025-11-19,2025-11-19,CLIENT FUNDING - RTGS,,288535,1517494.0,TXN-0000647
2025-11-18,2025-11-20,CLIENT FUNDING - RTGS,,279762,1797256.0,TXN-0000648
2025-11-15,2025-11-16,CLIENT FUNDING - RTGS,,197333,1994589.0,TXN-0000649
2025-11-28,2025-11-30,PAYOUT TO CLIENT,27665,,1966924.0,TXN-0000650
2025-11-27,2025-11-28,MISC ADJUSTMENT,33690,,1933234.0,TXN-0000651
2025-11-26,2025-11-28,PAYOUT TO CLIENT,94405,,1838829.0,TXN-0000652
2025-11-27,2025-11-27,MISC ADJUSTMENT,38443,,1800386.0,TXN-0000653
2025-11-23,2025-11-23,BROKERAGE / TRADE SETTLEMENT,10293,,1790093.0,TXN-0000654
2025-11-17,2025-11-17,CLIENT FUNDING - RTGS,,52757,1842850.0,TXN-0000655
2025-11-17,2025-11-17,BANK / DP CHARGES,271,,1842579.0,TXN-0000656
2025-11-15,2025-11-15,BROKERAGE / TRADE SETTLEMENT,112844,,1729735.0,TXN-0000657
2025-11-25,2025-11-25,CLIENT FUNDING - RTGS,,92369,1822104.0,TXN-0000658
2025-11-19,2025-11-19,CLIENT FUNDING - RTGS,,106174,1928278.0,TXN-0000659
2025-11-21,2025-11-21,MISC ADJUSTMENT,37840,,1890438.0,TXN-0000660
2025-11-15,2025-11-17,MISC ADJUSTMENT,,44372,1934810.0,TXN-0000661
2025-11-17,2025-11-19,BANK / DP CHARGES,1074,,1933736.0,TXN-0000662
2025-11-28,2025-11-29,BROKERAGE / TRADE SETTLEMENT,35210,,1898526.0,TXN-0000663
2025-11-29,2025-11-30,PAYOUT TO CLIENT,167017,,1731509.0,TXN-0000664
2025-11-21,2025-11-22,MISC ADJUSTMENT,,21555,1753064.0,TXN-0000665
2025-11-21,2025-11-21,BANK / DP CHARGES,153,,1752911.0,TXN-0000666
2025-11-27,2025-11-28,PAYOUT TO CLIENT,104135,,1648776.0,TXN-0000667
2025-11-21,2025-11-21,MISC ADJUSTMENT,38636,,1610140.0,TXN-0000668
2025-11-20,2025-11-20,BANK / DP CHARGES,1474,,1608666.0,TXN-0000669
2025-11-28,2025-11-29,MISC ADJUSTMENT,,31955,1640621.0,TXN-0000670
2025-11-20,2025-11-20,CLIENT FUNDING - RTGS,,205239,1845860.0,TXN-0000671
2025-11-29,2025-11-29,BANK / DP CHARGES,1106,,1844754.0,TXN-0000672
2025-11-20,2025-11-21,MISC ADJUSTMENT,,21528,1866282.0,TXN-0000673
2025-11-23,2025-11-25,BANK / DP CHARGES,889,,1865393.0,TXN-0000674
2025-11-19,2025-11-19,MISC ADJUSTMENT,,33919,1899312.0,TXN-0000675
2025-11-25,2025-11-25,BROKERAGE / TRADE SETTLEMENT,70092,,1829220.0,TXN-0000676
2025-11-28,2025-11-29,CLIENT FUNDING - RTGS,,74146,1903366.0,TXN-0000677
2025-11-27,2025-11-27,CLIENT FUNDING - RTGS,,109703,2013069.0,TXN-0000678
2025-11-26,2025-11-26,BROKERAGE / TRADE SETTLEMENT,32249,,1980820.0,TXN-0000679
2025-11-25,2025-11-27,BANK / DP CHARGES,1922,,1978898.0,TXN-0000680
2025-11-17,2025-11-17,BROKERAGE / TRADE SETTLEMENT,100107,,1878791.0,TXN-0000681
2025-11-17,2025-11-17,BROKERAGE / TRADE SETTLEMENT,118605,,1760186.0,TXN-0000682
2025-11-29,2025-11-29,MISC ADJUSTMENT,,36244,1796430.0,TXN-0000683
2025-11-27,2025-11-29,PAYOUT TO CLIENT,143654,,1652776.0,TXN-0000684
2025-11-23,2025-11-23,MISC ADJUSTMENT,,12038,1664814.0,TXN-0000685
2025-11-19,2025-11-19,BROKERAGE / TRADE SETTLEMENT,117982,,1546832.0,TXN-0000686
2025-11-18,2025-11-18,BANK / DP CHARGES,787,,1546045.0,TXN-0000687
2025-11-22,2025-11-22,BANK / DP CHARGES,217,,1545828.0,TXN-0000688
2025-11-20,2025-11-22,BANK / DP CHARGES,1009,,1544819.0,TXN-0000689
2025-11-23,2025-11-24,MISC ADJUSTMENT,,27905,1572724.0,TXN-0000690
2025-11-27,2025-11-28,BANK / DP CHARGES,233,,1572491.0,TXN-0000691
2025-11-15,2025-11-17,BROKERAGE / TRADE SETTLEMENT,33935,,1538556.0,TXN-0000692
2025-11-29,2025-12-01,MISC ADJUSTMENT,,10225,1548781.0,TXN-0000693
2025-11-27,2025-11-27,CLIENT FUNDING - RTGS,,158850,1707631.0,TXN-0000694
2025-11-24,2025-11-24,BANK / DP CHARGES,1709,,1705922.0,TXN-0000695
2025-11-17,2025-11-18,MISC ADJUSTMENT,,32544,1738466.0,TXN-0000696
2025-11-28,2025-11-29,CLIENT FUNDING - RTGS,,188017,1926483.0,TXN-0000697
2025-11-17,2025-11-18,BANK / DP CHARGES,896,,1925587.0,TXN-0000698
2025-11-22,2025-11-24,BROKERAGE / TRADE SETTLEMENT,100155,,1825432.0,TXN-0000699
2025-11-25,2025-11-26,BANK / DP CHARGES,656,,1824776.0,TXN-0000700
2025-11-21,2025-11-21,PAYOUT TO CLIENT,66913,,1757863.0,TXN-0000701
2025-11-26,2025-11-26,BANK / DP CHARGES,370,,1757493.0,TXN-0000702
2025-11-18,2025-11-20,PAYOUT TO CLIENT,169271,,1588222.0,TXN-0000703
2025-11-17,2025-11-17,BANK / DP CHARGES,1482,,1586740.0,TXN-0000704
2025-11-16,2025-11-16,MISC ADJUSTMENT,,25314,1612054.0,TXN-0000705
2025-11-28,2025-11-30,BANK / DP CHARGES,1415,,1610639.0,TXN-0000706
2025-11-28,2025-11-29,CLIENT FUNDING - RTGS,,164824,1775463.0,TXN-0000707
2025-11-18,2025-11-18,MISC ADJUSTMENT,,47727,1823190.0,TXN-0000708
2025-11-22,2025-11-22,BROKERAGE / TRADE SETTLEMENT,79724,,1743466.0,TXN-0000709
2025-11-25,2025-11-27,MISC ADJUSTMENT,,32006,1775472.0,TXN-0000710
2025-11-15,2025-11-15,BANK / DP CHARGES,1979,,1773493.0,TXN-0000711
2025-11-15,2025-11-15,BROKERAGE / TRADE SETTLEMENT,44450,,1729043.0,TXN-0000712
2025-11-19,2025-11-19,BANK / DP CHARGES,622,,1728421.0,TXN-0000713
2025-11-17,2025-11-19,PAYOUT TO CLIENT,35465,,1692956.0,TXN-0000714
2025-11-18,2025-11-19,BANK / DP CHARGES,788,,1692168.0,TXN-0000715
2025-11-19,2025-11-21,BROKERAGE / TRADE SETTLEMENT,58445,,1633723.0,TXN-0000716
2025-11-16,2025-11-16,BANK / DP CHARGES,1853,,1631870.0,TXN-0000717
2025-11-17,2025-11-18,BANK / DP CHARGES,154,,1631716.0,TXN-0000718
2025-11-20,2025-11-22,BANK / DP CHARGES,248,,1631468.0,TXN-0000719
2025-11-15,2025-11-15,BROKERAGE / TRADE SETTLEMENT,91790,,1539678.0,TXN-0000720
2025-11-15,2025-11-16,MISC ADJUSTMENT,,32700,1572378.0,TXN-0000721
2025-11-25,2025-11-27,BANK / DP CHARGES,140,,1572238.0,TXN-0000722
2025-11-17,2025-11-19,CLIENT FUNDING - RTGS,,249904,1822142.0,TXN-0000723
2025-11-26,2025-11-26,PAYOUT TO CLIENT,174052,,1648090.0,TXN-0000724
2025-11-22,2025-11-24,PAYOUT TO CLIENT,50201,,1597889.0,TXN-0000725
2025-11-29,2025-12-01,CLIENT FUNDING - RTGS,,118953,1716842.0,TXN-0000726
2025-11-24,2025-11-26,BANK / DP CHARGES,477,,1716365.0,TXN-0000727
2025-11-19,2025-11-20,CLIENT FUNDING - RTGS,,284819,2001184.0,TXN-0000728
2025-11-26,2025-11-26,BROKERAGE / TRADE SETTLEMENT,52607,,1948577.0,TXN-0000729
2025-11-26,2025-11-26,BROKERAGE / TRADE SETTLEMENT,133051,,1815526.0,TXN-0000730
2025-11-26,2025-11-27,CLIENT FUNDING - RTGS,,157234,1972760.0,TXN-0000731
2025-11-29,2025-11-30,CLIENT FUNDING - RTGS,,100060,2072820.0,TXN-0000732
2025-11-24,2025-11-24,PAYOUT TO CLIENT,170338,,1902482.0,TXN-0000733
2025-11-21,2025-11-21,BANK / DP CHARGES,1938,,1900544.0,TXN-0000734
2025-11-17,2025-11-18,CLIENT FUNDING - RTGS,,68730,1969274.0,TXN-0000735
2025-11-28,2025-11-30,MISC ADJUSTMENT,12122,,1957152.0,TXN-0000736
2025-11-17,2025-11-19,MISC ADJUSTMENT,12640,,1944512.0,TXN-0000737
2025-11-22,2025-11-24,BROKERAGE / TRADE SETTLEMENT,25381,,1919131.0,TXN-0000738
2025-11-27,2025-11-28,PAYOUT TO CLIENT,97470,,1821661.0,TXN-0000739
2025-11-25,2025-11-27,MISC ADJUSTMENT,,40244,1861905.0,TXN-0000740
2025-11-22,2025-11-22,BANK / DP CHARGES,950,,1860955.0,TXN-0000741
2025-11-22,2025-11-23,PAYOUT TO CLIENT,134585,,1726370.0,TXN-0000742
2025-11-27,2025-11-27,PAYOUT TO CLIENT,146178,,1580192.0,TXN-0000743
2025-11-22,2025-11-22,PAYOUT TO CLIENT,73369,,1506823.0,TXN-0000744
2025-11-17,2025-11-17,MISC ADJUSTMENT,23860,,1482963.0,TXN-0000745
2025-11-22,2025-11-23,BROKERAGE / TRADE SETTLEMENT,149705,,1333258.0,TXN-0000746
2025-11-22,2025-11-24,MISC ADJUSTMENT,,8651,1341909.0,TXN-0000747
2025-11-27,2025-11-29,BANK / DP CHARGES,264,,1341645.0,TXN-0000748
2025-11-28,2025-11-29,BROKERAGE / TRADE SETTLEMENT,109166,,1232479.0,TXN-0000749
2025-11-19,2025-11-19,BANK / DP CHARGES,677,,1231802.0,TXN-0000750
2025-11-20,2025-11-21,MISC ADJUSTMENT,,42637,1274439.0,TXN-0000751
2025-11-17,2025-11-19,BANK / DP CHARGES,1090,,1273349.0,TXN-0000752
2025-11-25,2025-11-25,CLIENT FUNDING - RTGS,,114952,1388301.0,TXN-0000753
2025-11-15,2025-11-17,BANK / DP CHARGES,1790,,1386511.0,TXN-0000754
2025-11-20,2025-11-21,PAYOUT TO CLIENT,133979,,1252532.0,TXN-0000755
2025-11-15,2025-11-15,BROKERAGE / TRADE SETTLEMENT,102161,,1150371.0,TXN-0000756
2025-11-25,2025-11-26,PAYOUT TO CLIENT,129497,,1020874.0,TXN-0000757
2025-11-29,2025-11-29,PAYOUT TO CLIENT,43101,,977773.0,TXN-0000758
2025-11-16,2025-11-18,BANK / DP CHARGES,1558,,976215.0,TXN-0000759
2025-11-29,2025-12-01,BROKERAGE / TRADE SETTLEMENT,23643,,952572.0,TXN-0000760
2025-11-18,2025-11-19,MISC ADJUSTMENT,,9652,962224.0,TXN-0000761
2025-11-20,2025-11-21,BROKERAGE / TRADE SETTLEMENT,101117,,861107.0,TXN-0000762
2025-11-20,2025-11-20,BROKERAGE / TRADE SETTLEMENT,61049,,800058.0,TXN-0000763
2025-11-25,2025-11-25,BROKERAGE / TRADE SETTLEMENT,20757,,779301.0,TXN-0000764
2025-11-28,2025-11-29,BANK / DP CHARGES,1222,,778079.0,TXN-0000765
2025-11-16,2025-11-16,PAYOUT TO CLIENT,125548,,652531.0,TXN-0000766
2025-11-16,2025-11-17,CLIENT FUNDING - RTGS,,67049,719580.0,TXN-0000767
2025-11-23,2025-11-23,BANK / DP CHARGES,543,,719037.0,TXN-0000768
2025-11-29,2025-12-01,BANK / DP CHARGES,1252,,717785.0,TXN-0000769
2025-11-19,2025-11-20,MISC ADJUSTMENT,6057,,711728.0,TXN-0000770
2025-11-25,2025-11-27,BANK / DP CHARGES,702,,711026.0,TXN-0000771
2025-11-18,2025-11-19,BROKERAGE / TRADE SETTLEMENT,12081,,698945.0,TXN-0000772
2025-11-19,2025-11-20,BANK / DP CHARGES,109,,698836.0,TXN-0000773
2025-11-16,2025-11-16,PAYOUT TO CLIENT,69381,,629455.0,TXN-0000774
2025-11-20,2025-11-22,BROKERAGE / TRADE SETTLEMENT,11703,,617752.0,TXN-0000775
2025-11-18,2025-11-18,MISC ADJUSTMENT,,25140,642892.0,TXN-0000776
2025-11-29,2025-11-29,PAYOUT TO CLIENT,124340,,518552.0,TXN-0000777
2025-11-24,2025-11-24,BANK / DP CHARGES,217,,518335.0,TXN-0000778
2025-11-23,2025-11-24,CLIENT FUNDING - RTGS,,241195,759530.0,TXN-0000779
2025-11-24,2025-11-24,BANK / DP CHARGES,960,,758570.0,TXN-0000780
2025-11-24,2025-11-25,PAYOUT TO CLIENT,28425,,730145.0,TXN-0000781
2025-11-20,2025-11-22,PAYOUT TO CLIENT,100184,,629961.0,TXN-0000782
2025-11-20,2025-11-21,MISC ADJUSTMENT,10594,,619367.0,TXN-0000783
2025-11-29,2025-11-29,BROKERAGE / TRADE SETTLEMENT,60434,,558933.0,TXN-0000784
2025-11-16,2025-11-17,CLIENT FUNDING - RTGS,,200101,759034.0,TXN-0000785
2025-11-23,2025-11-24,BANK / DP CHARGES,1864,,757170.0,TXN-0000786
2025-11-27,2025-11-27,PAYOUT TO CLIENT,36664,,720506.0,TXN-0000787
2025-11-28,2025-11-28,MISC ADJUSTMENT,37272,,683234.0,TXN-0000788
2025-11-19,2025-11-20,PAYOUT TO CLIENT,176074,,507160.0,TXN-0000789
2025-11-29,2025-11-29,BANK / DP CHARGES,599,,506561.0,TXN-0000790
2025-11-18,2025-11-19,MISC ADJUSTMENT,10157,,496404.0,TXN-0000791
2025-11-28,2025-11-28,BROKERAGE / TRADE SETTLEMENT,37073,,459331.0,TXN-0000792
2025-11-29,2025-11-29,MISC ADJUSTMENT,,32581,491912.0,TXN-0000793
2025-11-19,2025-11-21,BANK / DP CHARGES,500,,491412.0,TXN-0000794
2025-11-16,2025-11-18,BROKERAGE / TRADE SETTLEMENT,61705,,429707.0,TXN-0000795
2025-11-21,2025-11-22,BROKERAGE / TRADE SETTLEMENT,104466,,325241.0,TXN-0000796
2025-11-28,2025-11-28,BANK / DP CHARGES,1381,,323860.0,TXN-0000797
2025-11-16,2025-11-17,MISC ADJUSTMENT,,8098,331958.0,TXN-0000798
2025-11-29,2025-11-29,CLIENT FUNDING - RTGS,,236724,568682.0,TXN-0000799
2025-11-17,2025-11-17,PAYOUT TO CLIENT,69280,,499402.0,TXN-0000800
2025-11-29,2025-11-29,MISC ADJUSTMENT,,40790,540192.0,TXN-0000801
2025-11-23,2025-11-23,BANK / DP CHARGES,1540,,538652.0,TXN-0000802
2025-11-27,2025-11-28,BANK / DP CHARGES,1980,,536672.0,TXN-0000803
2025-11-26,2025-11-26,BROKERAGE / TRADE SETTLEMENT,109822,,426850.0,TXN-0000804
2025-11-17,2025-11-19,MISC ADJUSTMENT,24284,,402566.0,TXN-0000805
2025-11-21,2025-11-23,CLIENT FUNDING - RTGS,,65672,468238.0,TXN-0000806
2025-11-17,2025-11-17,CLIENT FUNDING - RTGS,,155314,623552.0,TXN-0000807
2025-11-21,2025-11-21,BROKERAGE / TRADE SETTLEMENT,121101,,502451.0,TXN-0000808
2025-11-19,2025-11-21,BROKERAGE / TRADE SETTLEMENT,128840,,373611.0,TXN-0000809
2025-11-19,2025-11-21,CLIENT FUNDING - RTGS,,148077,521688.0,TXN-0000810
2025-11-23,2025-11-25,BANK / DP CHARGES,1525,,520163.0,TXN-0000811
2025-11-18,2025-11-20,BROKERAGE / TRADE SETTLEMENT,109333,,410830.0,TXN-0000812
2025-11-18,2025-11-18,CLIENT FUNDING - RTGS,,139756,550586.0,TXN-0000813
2025-11-19,2025-11-20,BANK / DP CHARGES,1718,,548868.0,TXN-0000814
2025-11-21,2025-11-21,MISC ADJUSTMENT,32808,,516060.0,TXN-0000815
2025-11-20,2025-11-20,BROKERAGE / TRADE SETTLEMENT,98230,,417830.0,TXN-0000816
2025-11-23,2025-11-24,BANK / DP CHARGES,1140,,416690.0,TXN-0000817
2025-11-16,2025-11-18,MISC ADJUSTMENT,19909,,396781.0,TXN-0000818
2025-11-23,2025-11-23,PAYOUT TO CLIENT,67959,,328822.0,TXN-0000819
2025-11-25,2025-11-25,MISC ADJUSTMENT,15788,,313034.0,TXN-0000820
2025-11-27,2025-11-29,MISC ADJUSTMENT,,49331,362365.0,TXN-0000821
2025-11-24,2025-11-26,MISC ADJUSTMENT,,43252,405617.0,TXN-0000822
2025-11-29,2025-11-30,MISC ADJUSTMENT,8810,,396807.0,TXN-0000823
2025-11-22,2025-11-23,PAYOUT TO CLIENT,47829,,348978.0,TXN-0000824
2025-11-28,2025-11-28,CLIENT FUNDING - RTGS,,85417,434395.0,TXN-0000825
2025-11-22,2025-11-23,CLIENT FUNDING - RTGS,,252786,687181.0,TXN-0000826
2025-11-23,2025-11-23,MISC ADJUSTMENT,,17965,705146.0,TXN-0000827
2025-11-25,2025-11-25,MISC ADJUSTMENT,,40918,746064.0,TXN-0000828
2025-11-16,2025-11-18,BANK / DP CHARGES,900,,745164.0,TXN-0000829
2025-11-16,2025-11-17,BROKERAGE / TRADE SETTLEMENT,110307,,634857.0,TXN-0000830
2025-11-29,2025-12-01,BROKERAGE / TRADE SETTLEMENT,72528,,562329.0,TXN-0000831
2025-11-23,2025-11-23,MISC ADJUSTMENT,,46407,608736.0,TXN-0000832
2025-11-17,2025-11-19,MISC ADJUSTMENT,,49182,657918.0,TXN-0000833
2025-11-18,2025-11-20,BROKERAGE / TRADE SETTLEMENT,92259,,565659.0,TXN-0000834
2025-11-21,2025-11-21,BROKERAGE / TRADE SETTLEMENT,26403,,539256.0,TXN-0000835
2025-11-22,2025-11-22,BANK / DP CHARGES,1611,,537645.0,TXN-0000836
2025-11-18,2025-11-18,MISC ADJUSTMENT,47337,,490308.0,TXN-0000837
2025-11-29,2025-11-30,MISC ADJUSTMENT,,10757,501065.0,TXN-0000838
2025-11-18,2025-11-20,CLIENT FUNDING - RTGS,,150433,651498.0,TXN-0000839
2025-11-15,2025-11-15,BANK / DP CHARGES,978,,650520.0,TXN-0000840
2025-11-27,2025-11-29,BROKERAGE / TRADE SETTLEMENT,33422,,617098.0,TXN-0000841
2025-11-18,2025-11-19,PAYOUT TO CLIENT,136138,,480960.0,TXN-0000842
2025-11-16,2025-11-18,PAYOUT TO CLIENT,171774,,309186.0,TXN-0000843
2025-11-15,2025-11-15,PAYOUT TO CLIENT,147025,,162161.0,TXN-0000844
2025-11-29,2025-12-01,PAYOUT TO CLIENT,23078,,139083.0,TXN-0000845
2025-11-20,2025-11-22,PAYOUT TO CLIENT,170610,,-31527.0,TXN-0000846
2025-11-16,2025-11-16,MISC ADJUSTMENT,36024,,-67551.0,TXN-0000847
2025-11-18,2025-11-18,CLIENT FUNDING - RTGS,,100372,32821.0,TXN-0000848
2025-11-20,2025-11-21,BROKERAGE / TRADE SETTLEMENT,16685,,16136.0,TXN-0000849
2025-11-20,2025-11-20,BROKERAGE / TRADE SETTLEMENT,81755,,-65619.0,TXN-0000850
2025-11-24,2025-11-26,CLIENT FUNDING - RTGS,,142888,77269.0,TXN-0000851
2025-11-17,2025-11-18,PAYOUT TO CLIENT,38503,,38766.0,TXN-0000852
2025-11-16,2025-11-17,MISC ADJUSTMENT,44508,,-5742.0,TXN-0000853
2025-11-15,2025-11-17,PAYOUT TO CLIENT,89384,,-95126.0,TXN-0000854
2025-11-25,2025-11-27,BANK / DP CHARGES,1028,,-96154.0,TXN-0000855
2025-11-15,2025-11-17,BROKERAGE / TRADE SETTLEMENT,78409,,-174563.0,TXN-0000856
2025-11-15,2025-11-15,MISC ADJUSTMENT,37032,,-211595.0,TXN-0000857
2025-11-15,2025-11-15,BROKERAGE / TRADE SETTLEMENT,45591,,-257186.0,TXN-0000858
2025-11-23,2025-11-25,MISC ADJUSTMENT,18485,,-275671.0,TXN-0000859
2025-11-27,2025-11-28,MISC ADJUSTMENT,,8477,-267194.0,TXN-0000860
2025-11-27,2025-11-27,BANK / DP CHARGES,134,,-267328.0,TXN-0000861
2025-11-28,2025-11-28,MISC ADJUSTMENT,16498,,-283826.0,TXN-0000862
2025-11-29,2025-11-29,MISC ADJUSTMENT,40620,,-324446.0,TXN-0000863
2025-11-16,2025-11-17,CLIENT FUNDING - RTGS,,171993,-152453.0,TXN-0000864
2025-11-16,2025-11-18,CLIENT FUNDING - RTGS,,270341,117888.0,TXN-0000865
2025-11-28,2025-11-28,BANK / DP CHARGES,1310,,116578.0,TXN-0000866
2025-11-23,2025-11-23,BROKERAGE / TRADE SETTLEMENT,21823,,94755.0,TXN-0000867
2025-11-17,2025-11-17,PAYOUT TO CLIENT,155224,,-60469.0,TXN-0000868
2025-11-15,2025-11-16,MISC ADJUSTMENT,,49293,-11176.0,TXN-0000869
2025-11-22,2025-11-24,PAYOUT TO CLIENT,38667,,-49843.0,TXN-0000870
2025-11-24,2025-11-26,PAYOUT TO CLIENT,177558,,-227401.0,TXN-0000871
2025-11-28,2025-11-29,MISC ADJUSTMENT,11466,,-238867.0,TXN-0000872
2025-11-16,2025-11-17,BANK / DP CHARGES,1752,,-240619.0,TXN-0000873
2025-11-19,2025-11-20,BROKERAGE / TRADE SETTLEMENT,92692,,-333311.0,TXN-0000874
2025-11-23,2025-11-24,BANK / DP CHARGES,936,,-334247.0,TXN-0000875
2025-11-29,2025-11-29,BROKERAGE / TRADE SETTLEMENT,59433,,-393680.0,TXN-0000876
2025-11-25,2025-11-25,MISC ADJUSTMENT,23256,,-416936.0,TXN-0000877
2025-11-16,2025-11-18,CLIENT FUNDING - RTGS,,162230,-254706.0,TXN-0000878
2025-11-22,2025-11-22,CLIENT FUNDING - RTGS,,280851,26145.0,TXN-0000879
2025-11-26,2025-11-26,BANK / DP CHARGES,252,,25893.0,TXN-0000880
2025-11-27,2025-11-27,PAYOUT TO CLIENT,43527,,-17634.0,TXN-0000881
2025-11-29,2025-11-29,MISC ADJUSTMENT,,8820,-8814.0,TXN-0000882
2025-11-20,2025-11-22,BROKERAGE / TRADE SETTLEMENT,83100,,-91914.0,TXN-0000883
2025-11-24,2025-11-24,CLIENT FUNDING - RTGS,,202243,110329.0,TXN-0000884
2025-11-25,2025-11-26,BROKERAGE / TRADE SETTLEMENT,69162,,41167.0,TXN-0000885
2025-11-17,2025-11-18,CLIENT FUNDING - RTGS,,209270,250437.0,TXN-0000886
2025-11-28,2025-11-28,MISC ADJUSTMENT,,16674,267111.0,TXN-0000887
2025-11-27,2025-11-28,BROKERAGE / TRADE SETTLEMENT,50465,,216646.0,TXN-0000888
2025-11-26,2025-11-26,MISC ADJUSTMENT,,42589,259235.0,TXN-0000889
2025-11-25,2025-11-25,CLIENT FUNDING - RTGS,,118679,377914.0,TXN-0000890
2025-11-26,2025-11-28,BANK / DP CHARGES,760,,377154.0,TXN-0000891
2025-11-22,2025-11-24,BROKERAGE / TRADE SETTLEMENT,105176,,271978.0,TXN-0000892
2025-11-21,2025-11-22,BROKERAGE / TRADE SETTLEMENT,45001,,226977.0,TXN-0000893
2025-11-29,2025-12-01,CLIENT FUNDING - RTGS,,133339,360316.0,TXN-0000894
2025-11-19,2025-11-20,BANK / DP CHARGES,435,,359881.0,TXN-0000895
2025-11-24,2025-11-24,BANK / DP CHARGES,703,,359178.0,TXN-0000896
2025-11-16,2025-11-16,MISC ADJUSTMENT,25821,,333357.0,TXN-0000897
2025-11-22,2025-11-24,MISC ADJUSTMENT,32222,,301135.0,TXN-0000898
2025-11-15,2025-11-17,CLIENT FUNDING - RTGS,,248163,549298.0,TXN-0000899
2025-11-16,2025-11-16,PAYOUT TO CLIENT,51796,,497502.0,TXN-0000900
2025-11-24,2025-11-25,PAYOUT TO CLIENT,31215,,466287.0,TXN-0000901
2025-11-23,2025-11-23,MISC ADJUSTMENT,43216,,423071.0,TXN-0000902
2025-11-24,2025-11-26,CLIENT FUNDING - RTGS,,64699,487770.0,TXN-0000903
2025-11-26,2025-11-28,BROKERAGE / TRADE SETTLEMENT,63003,,424767.0,TXN-0000904
2025-11-18,2025-11-18,CLIENT FUNDING - RTGS,,146948,571715.0,TXN-0000905
2025-11-19,2025-11-20,MISC ADJUSTMENT,,18952,590667.0,TXN-0000906
2025-11-17,2025-11-19,MISC ADJUSTMENT,,38165,628832.0,TXN-0000907
2025-11-15,2025-11-15,BANK / DP CHARGES,244,,628588.0,TXN-0000908
2025-11-15,2025-11-17,PAYOUT TO CLIENT,196383,,432205.0,TXN-0000909
2025-11-24,2025-11-26,BROKERAGE / TRADE SETTLEMENT,128824,,303381.0,TXN-0000910
2025-11-25,2025-11-27,BROKERAGE / TRADE SETTLEMENT,61587,,241794.0,TXN-0000911
2025-11-16,2025-11-16,BROKERAGE / TRADE SETTLEMENT,130423,,111371.0,TXN-0000912
2025-11-20,2025-11-21,BROKERAGE / TRADE SETTLEMENT,55731,,55640.0,TXN-0000913
2025-11-21,2025-11-21,CLIENT FUNDING - RTGS,,295087,350727.0,TXN-0000914
2025-11-27,2025-11-28,CLIENT FUNDING - RTGS,,186532,537259.0,TXN-0000915
2025-11-16,2025-11-16,BANK / DP CHARGES,1454,,535805.0,TXN-0000916
2025-11-26,2025-11-28,PAYOUT TO CLIENT,170037,,365768.0,TXN-0000917
2025-11-20,2025-11-21,MISC ADJUSTMENT,24088,,341680.0,TXN-0000918
2025-11-15,2025-11-16,BROKERAGE / TRADE SETTLEMENT,115789,,225891.0,TXN-0000919
2025-11-20,2025-11-22,PAYOUT TO CLIENT,65950,,159941.0,TXN-0000920
2025-11-25,2025-11-27,PAYOUT TO CLIENT,29524,,130417.0,TXN-0000921
2025-11-24,2025-11-26,PAYOUT TO CLIENT,155040,,-24623.0,TXN-0000922
2025-11-26,2025-11-28,PAYOUT TO CLIENT,179368,,-203991.0,TXN-0000923
2025-11-26,2025-11-26,BROKERAGE / TRADE SETTLEMENT,40926,,-244917.0,TXN-0000924
2025-11-21,2025-11-21,BANK / DP CHARGES,812,,-245729.0,TXN-0000925
2025-11-25,2025-11-25,BROKERAGE / TRADE SETTLEMENT,102182,,-347911.0,TXN-0000926
2025-11-18,2025-11-20,PAYOUT TO CLIENT,38207,,-386118.0,TXN-0000927
2025-11-23,2025-11-23,PAYOUT TO CLIENT,129983,,-516101.0,TXN-0000928
2025-11-25,2025-11-25,MISC ADJUSTMENT,,5854,-510247.0,TXN-0000929
2025-11-28,2025-11-28,MISC ADJUSTMENT,48324,,-558571.0,TXN-0000930
2025-11-16,2025-11-17,BROKERAGE / TRADE SETTLEMENT,89266,,-647837.0,TXN-0000931
2025-11-23,2025-11-23,BROKERAGE / TRADE SETTLEMENT,146797,,-794634.0,TXN-0000932
2025-11-20,2025-11-20,PAYOUT TO CLIENT,55238,,-849872.0,TXN-0000933
2025-11-20,2025-11-20,PAYOUT TO CLIENT,50442,,-900314.0,TXN-0000934
2025-11-19,2025-11-20,CLIENT FUNDING - RTGS,,250115,-650199.0,TXN-0000935
2025-11-21,2025-11-23,BANK / DP CHARGES,1511,,-651710.0,TXN-0000936
2025-11-25,2025-11-26,CLIENT FUNDING - RTGS,,184037,-467673.0,TXN-0000937
2025-11-18,2025-11-18,PAYOUT TO CLIENT,168764,,-636437.0,TXN-0000938
2025-11-21,2025-11-23,BANK / DP CHARGES,1373,,-637810.0,TXN-0000939
2025-11-15,2025-11-16,MISC ADJUSTMENT,,9039,-628771.0,TXN-0000940
2025-11-21,2025-11-21,CLIENT FUNDING - RTGS,,69901,-558870.0,TXN-0000941
2025-11-25,2025-11-26,BROKERAGE / TRADE SETTLEMENT,119512,,-678382.0,TXN-0000942
2025-11-15,2025-11-17,BANK / DP CHARGES,1735,,-680117.0,TXN-0000943
2025-11-20,2025-11-20,BANK / DP CHARGES,1922,,-682039.0,TXN-0000944
2025-11-17,2025-11-17,CLIENT FUNDING - RTGS,,279387,-402652.0,TXN-0000945
2025-11-25,2025-11-27,MISC ADJUSTMENT,7541,,-410193.0,TXN-0000946
2025-11-15,2025-11-15,CLIENT FUNDING - RTGS,,215390,-194803.0,TXN-0000947
2025-11-23,2025-11-23,BROKERAGE / TRADE SETTLEMENT,50828,,-245631.0,TXN-0000948
2025-11-27,2025-11-28,BROKERAGE / TRADE SETTLEMENT,56088,,-301719.0,TXN-0000949
2025-11-18,2025-11-18,CLIENT FUNDING - RTGS,,267960,-33759.0,TXN-0000950
2025-11-22,2025-11-22,MISC ADJUSTMENT,,21226,-12533.0,TXN-0000951
2025-11-25,2025-11-25,CLIENT FUNDING - RTGS,,286217,273684.0,TXN-0000952
2025-11-23,2025-11-23,MISC ADJUSTMENT,9646,,264038.0,TXN-0000953
2025-11-24,2025-11-26,BANK / DP CHARGES,1306,,262732.0,TXN-0000954
2025-11-24,2025-11-26,MISC ADJUSTMENT,,7547,270279.0,TXN-0000955
2025-11-20,2025-11-22,BROKERAGE / TRADE SETTLEMENT,10132,,260147.0,TXN-0000956
2025-11-17,2025-11-19,BROKERAGE / TRADE SETTLEMENT,146890,,113257.0,TXN-0000957
2025-11-23,2025-11-24,CLIENT FUNDING - RTGS,,244763,358020.0,TXN-0000958
2025-11-18,2025-11-18,MISC ADJUSTMENT,46775,,311245.0,TXN-0000959
2025-11-27,2025-11-27,PAYOUT TO CLIENT,148037,,163208.0,TXN-0000960
2025-11-26,2025-11-27,CLIENT FUNDING - RTGS,,217147,380355.0,TXN-0000961
2025-11-17,2025-11-18,BANK / DP CHARGES,562,,379793.0,TXN-0000962
2025-11-21,2025-11-23,BROKERAGE / TRADE SETTLEMENT,95508,,284285.0,TXN-0000963
2025-11-16,2025-11-16,CLIENT FUNDING - RTGS,,150813,435098.0,TXN-0000964
2025-11-19,2025-11-19,BANK / DP CHARGES,477,,434621.0,TXN-0000965
2025-11-21,2025-11-21,MISC ADJUSTMENT,,35802,470423.0,TXN-0000966
2025-11-18,2025-11-18,CLIENT FUNDING - RTGS,,147974,618397.0,TXN-0000967
2025-11-23,2025-11-24,BANK / DP CHARGES,1927,,616470.0,TXN-0000968
2025-11-21,2025-11-23,CLIENT FUNDING - RTGS,,52303,668773.0,TXN-0000969
2025-11-15,2025-11-15,MISC ADJUSTMENT,,34065,702838.0,TXN-0000970
2025-11-17,2025-11-19,CLIENT FUNDING - RTGS,,87570,790408.0,TXN-0000971
2025-11-16,2025-11-16,BROKERAGE / TRADE SETTLEMENT,78452,,711956.0,TXN-0000972
2025-11-15,2025-11-17,BANK / DP CHARGES,258,,711698.0,TXN-0000973
2025-11-27,2025-11-28,BROKERAGE / TRADE SETTLEMENT,39373,,672325.0,TXN-0000974
2025-11-26,2025-11-28,MISC ADJUSTMENT,26547,,645778.0,TXN-0000975
2025-11-16,2025-11-16,BROKERAGE / TRADE SETTLEMENT,136394,,509384.0,TXN-0000976
2025-11-18,2025-11-18,BANK / DP CHARGES,1713,,507671.0,TXN-0000977
2025-11-25,2025-11-25,BROKERAGE / TRADE SETTLEMENT,139513,,368158.0,TXN-0000978
2025-11-21,2025-11-22,CLIENT FUNDING - RTGS,,111796,479954.0,TXN-0000979
2025-11-21,2025-11-21,BANK / DP CHARGES,1248,,478706.0,TXN-0000980
2025-11-19,2025-11-19,CLIENT FUNDING - RTGS,,186874,665580.0,TXN-0000981
2025-11-20,2025-11-21,MISC ADJUSTMENT,,41475,707055.0,TXN-0000982
2025-11-29,2025-11-29,BROKERAGE / TRADE SETTLEMENT,23968,,683087.0,TXN-0000983
2025-11-21,2025-11-22,CLIENT FUNDING - RTGS,,110141,793228.0,TXN-0000984
2025-11-16,2025-11-16,PAYOUT TO CLIENT,96084,,697144.0,TXN-0000985
2025-11-27,2025-11-29,PAYOUT TO CLIENT,108086,,589058.0,TXN-0000986
2025-11-27,2025-11-27,CLIENT FUNDING - RTGS,,89051,678109.0,TXN-0000987
2025-11-15,2025-11-16,BROKERAGE / TRADE SETTLEMENT,48201,,629908.0,TXN-0000988
2025-11-15,2025-11-16,BROKERAGE / TRADE SETTLEMENT,38833,,591075.0,TXN-0000989
2025-11-22,2025-11-23,BANK / DP CHARGES,1594,,589481.0,TXN-0000990
2025-11-26,2025-11-28,BROKERAGE / TRADE SETTLEMENT,54146,,535335.0,TXN-0000991
2025-11-28,2025-11-28,MISC ADJUSTMENT,41345,,493990.0,TXN-0000992
2025-11-16,2025-11-16,BROKERAGE / TRADE SETTLEMENT,21762,,472228.0,TXN-0000993
2025-11-21,2025-11-21,PAYOUT TO CLIENT,190773,,281455.0,TXN-0000994
2025-11-25,2025-11-25,MISC ADJUSTMENT,32378,,249077.0,TXN-0000995
2025-11-29,2025-11-29,BROKERAGE / TRADE SETTLEMENT,56703,,192374.0,TXN-0000996
2025-11-29,2025-11-29,BANK / DP CHARGES,1757,,190617.0,TXN-0000997
2025-11-21,2025-11-21,MISC ADJUSTMENT,34045,,156572.0,TXN-0000998
2025-11-20,2025-11-20,BANK / DP CHARGES,797,,155775.0,TXN-0000999
2025-11-22,2025-11-22,CLIENT FUNDING - RTGS,,268652,424427.0,TXN-0001000
2025-11-28,2025-11-29,CLIENT FUNDING - RTGS,,93205,517632.0,TXN-0001001
2025-11-23,2025-11-23,BROKERAGE / TRADE SETTLEMENT,103486,,414146.0,TXN-0001002
2025-11-23,2025-11-23,BROKERAGE / TRADE SETTLEMENT,49561,,364585.0,TXN-0001003
2025-11-25,2025-11-25,PAYOUT TO CLIENT,114815,,249770.0,TXN-0001004
2025-11-21,2025-11-21,PAYOUT TO CLIENT,155187,,94583.0,TXN-0001005
2025-11-16,2025-11-17,BANK / DP CHARGES,1142,,93441.0,TXN-0001006
2025-11-21,2025-11-23,CLIENT FUNDING - RTGS,,189492,282933.0,TXN-0001007
2025-11-23,2025-11-23,BROKERAGE / TRADE SETTLEMENT,136612,,146321.0,TXN-0001008
2025-11-23,2025-11-23,BROKERAGE / TRADE SETTLEMENT,48904,,97417.0,TXN-0001009
2025-11-23,2025-11-23,PAYOUT TO CLIENT,153174,,-55757.0,TXN-0001010
2025-11-26,2025-11-26,BANK / DP CHARGES,1949,,-57706.0,TXN-0001011
2025-11-20,2025-11-22,PAYOUT TO CLIENT,115496,,-173202.0,TXN-0001012
2025-11-28,2025-11-28,BROKERAGE / TRADE SETTLEMENT,18477,,-191679.0,TXN-0001013
2025-11-16,2025-11-16,PAYOUT TO CLIENT,140036,,-331715.0,TXN-0001014
2025-11-22,2025-11-22,BANK / DP CHARGES,977,,-332692.0,TXN-0001015
2025-11-27,2025-11-27,BANK / DP CHARGES,710,,-333402.0,TXN-0001016
2025-11-28,2025-11-29,PAYOUT TO CLIENT,175398,,-508800.0,TXN-0001017
2025-11-17,2025-11-18,PAYOUT TO CLIENT,136126,,-644926.0,TXN-0001018
2025-11-19,2025-11-20,BROKERAGE / TRADE SETTLEMENT,43362,,-688288.0,TXN-0001019
2025-11-24,2025-11-26,BANK / DP CHARGES,1492,,-689780.0,TXN-0001020
2025-11-29,2025-11-30,PAYOUT TO CLIENT,103823,,-793603.0,TXN-0001021
2025-11-26,2025-11-26,BROKERAGE / TRADE SETTLEMENT,75201,,-868804.0,TXN-0001022
2025-11-17,2025-11-19,CLIENT FUNDING - RTGS,,251245,-617559.0,TXN-0001023
2025-11-18,2025-11-18,BANK / DP CHARGES,1744,,-619303.0,TXN-0001024
2025-11-16,2025-11-16,MISC ADJUSTMENT,24004,,-643307.0,TXN-0001025
2025-11-29,2025-11-30,CLIENT FUNDING - RTGS,,136886,-506421.0,TXN-0001026
2025-11-21,2025-11-22,CLIENT FUNDING - RTGS,,194986,-311435.0,TXN-0001027
2025-11-25,2025-11-26,PAYOUT TO CLIENT,85575,,-397010.0,TXN-0001028
2025-11-15,2025-11-15,BANK / DP CHARGES,292,,-397302.0,TXN-0001029
2025-11-29,2025-11-29,CLIENT FUNDING - RTGS,,108442,-288860.0,TXN-0001030
2025-11-17,2025-11-19,BROKERAGE / TRADE SETTLEMENT,58610,,-347470.0,TXN-0001031
2025-11-19,2025-11-19,MISC ADJUSTMENT,,40501,-306969.0,TXN-0001032
2025-11-21,2025-11-21,MISC ADJUSTMENT,16244,,-323213.0,TXN-0001033
2025-11-28,2025-11-28,MISC ADJUSTMENT,,10061,-313152.0,TXN-0001034
2025-11-28,2025-11-28,MISC ADJUSTMENT,,40386,-272766.0,TXN-0001035
2025-11-28,2025-11-28,MISC ADJUSTMENT,,7165,-265601.0,TXN-0001036
2025-11-26,2025-11-28,BROKERAGE / TRADE SETTLEMENT,102896,,-368497.0,TXN-0001037
2025-11-23,2025-11-23,BANK / DP CHARGES,1846,,-370343.0,TXN-0001038
2025-11-17,2025-11-19,MISC ADJUSTMENT,,13444,-356899.0,TXN-0001039
2025-11-28,2025-11-28,PAYOUT TO CLIENT,190009,,-546908.0,TXN-0001040
2025-11-24,2025-11-26,CLIENT FUNDING - RTGS,,249420,-297488.0,TXN-0001041
2025-11-25,2025-11-27,BANK / DP CHARGES,566,,-298054.0,TXN-0001042
2025-11-26,2025-11-28,CLIENT FUNDING - RTGS,,207807,-90247.0,TXN-0001043
2025-11-18,2025-11-19,PAYOUT TO CLIENT,22343,,-112590.0,TXN-0001044
2025-11-19,2025-11-21,MISC ADJUSTMENT,,22154,-90436.0,TXN-0001045
2025-11-16,2025-11-18,BROKERAGE / TRADE SETTLEMENT,48569,,-139005.0,TXN-0001046
2025-11-21,2025-11-23,MISC ADJUSTMENT,,21405,-117600.0,TXN-0001047
2025-11-23,2025-11-23,BANK / DP CHARGES,1337,,-118937.0,TXN-0001048
2025-11-17,2025-11-17,CLIENT FUNDING - RTGS,,95004,-23933.0,TXN-0001049
2025-11-17,2025-11-17,MISC ADJUSTMENT,24506,,-48439.0,TXN-0001050
2025-11-26,2025-11-26,MISC ADJUSTMENT,,29783,-18656.0,TXN-0001051
2025-11-20,2025-11-22,BROKERAGE / TRADE SETTLEMENT,149538,,-168194.0,TXN-0001052
2025-11-17,2025-11-17,BROKERAGE / TRADE SETTLEMENT,66988,,-235182.0,TXN-0001053
2025-11-24,2025-11-24,BANK / DP CHARGES,242,,-235424.0,TXN-0001054
2025-11-16,2025-11-16,PAYOUT TO CLIENT,161660,,-397084.0,TXN-0001055
2025-11-28,2025-11-28,MISC ADJUSTMENT,46609,,-443693.0,TXN-0001056
2025-11-25,2025-11-27,PAYOUT TO CLIENT,79108,,-522801.0,TXN-0001057
2025-11-17,2025-11-19,BANK / DP CHARGES,925,,-523726.0,TXN-0001058
2025-11-24,2025-11-24,MISC ADJUSTMENT,,37354,-486372.0,TXN-0001059
2025-11-25,2025-11-26,PAYOUT TO CLIENT,98809,,-585181.0,TXN-0001060
2025-11-21,2025-11-23,CLIENT FUNDING - RTGS,,262950,-322231.0,TXN-0001061
2025-11-23,2025-11-24,BANK / DP CHARGES,418,,-322649.0,TXN-0001062
2025-11-25,2025-11-26,BROKERAGE / TRADE SETTLEMENT,83355,,-406004.0,TXN-0001063
2025-11-27,2025-11-27,CLIENT FUNDING - RTGS,,181262,-224742.0,TXN-0001064
2025-11-29,2025-12-01,BROKERAGE / TRADE SETTLEMENT,75267,,-300009.0,TXN-0001065
2025-11-26,2025-11-27,BANK / DP CHARGES,1070,,-301079.0,TXN-0001066
2025-11-17,2025-11-18,PAYOUT TO CLIENT,60645,,-361724.0,TXN-0001067
2025-11-23,2025-11-24,MISC ADJUSTMENT,,42074,-319650.0,TXN-0001068
2025-11-22,2025-11-22,PAYOUT TO CLIENT,101370,,-421020.0,TXN-0001069
2025-11-18,2025-11-18,BANK / DP CHARGES,547,,-421567.0,TXN-0001070
2025-11-15,2025-11-15,CLIENT FUNDING - RTGS,,149316,-272251.0,TXN-0001071
2025-11-29,2025-11-29,BROKERAGE / TRADE SETTLEMENT,99101,,-371352.0,TXN-0001072
2025-11-23,2025-11-24,CLIENT FUNDING - RTGS,,288145,-83207.0,TXN-0001073
2025-11-20,2025-11-20,PAYOUT TO CLIENT,28593,,-111800.0,TXN-0001074
2025-11-26,2025-11-27,BROKERAGE / TRADE SETTLEMENT,69104,,-180904.0,TXN-0001075
2025-11-20,2025-11-20,MISC ADJUSTMENT,21595,,-202499.0,TXN-0001076
2025-11-17,2025-11-19,PAYOUT TO CLIENT,79431,,-281930.0,TXN-0001077
2025-11-23,2025-11-23,MISC ADJUSTMENT,49648,,-331578.0,TXN-0001078
2025-11-29,2025-11-30,BANK / DP CHARGES,256,,-331834.0,TXN-0001079
2025-11-25,2025-11-25,MISC ADJUSTMENT,34124,,-365958.0,TXN-0001080
2025-11-22,2025-11-22,MISC ADJUSTMENT,31022,,-396980.0,TXN-0001081
2025-11-26,2025-11-28,MISC ADJUSTMENT,32371,,-429351.0,TXN-0001082
2025-11-20,2025-11-21,CLIENT FUNDING - RTGS,,67989,-361362.0,TXN-0001083
2025-11-16,2025-11-18,BANK / DP CHARGES,996,,-362358.0,TXN-0001084
2025-11-29,2025-11-30,BROKERAGE / TRADE SETTLEMENT,147237,,-509595.0,TXN-0001085
2025-11-17,2025-11-17,BROKERAGE / TRADE SETTLEMENT,64784,,-574379.0,TXN-0001086
2025-11-26,2025-11-26,BROKERAGE / TRADE SETTLEMENT,12335,,-586714.0,TXN-0001087
2025-11-25,2025-11-25,BANK / DP CHARGES,1503,,-588217.0,TXN-0001088
2025-11-22,2025-11-22,PAYOUT TO CLIENT,182201,,-770418.0,TXN-0001089
2025-11-23,2025-11-23,MISC ADJUSTMENT,8529,,-778947.0,TXN-0001090
2025-11-15,2025-11-17,MISC ADJUSTMENT,,30843,-748104.0,TXN-0001091
2025-11-25,2025-11-25,PAYOUT TO CLIENT,86357,,-834461.0,TXN-0001092
2025-11-22,2025-11-24,BROKERAGE / TRADE SETTLEMENT,59961,,-894422.0,TXN-0001093
2025-11-20,2025-11-20,MISC ADJUSTMENT,27911,,-922333.0,TXN-0001094
2025-11-27,2025-11-27,BANK / DP CHARGES,1896,,-924229.0,TXN-0001095
2025-11-20,2025-11-20,PAYOUT TO CLIENT,36671,,-960900.0,TXN-0001096
2025-11-17,2025-11-17,BROKERAGE / TRADE SETTLEMENT,125438,,-1086338.0,TXN-0001097
2025-11-28,2025-11-30,BROKERAGE / TRADE SETTLEMENT,64719,,-1151057.0,TXN-0001098
2025-11-20,2025-11-20,CLIENT FUNDING - RTGS,,187072,-963985.0,TXN-0001099
2025-11-25,2025-11-26,CLIENT FUNDING - RTGS,,173146,-790839.0,TXN-0001100
2025-11-29,2025-11-29,PAYOUT TO CLIENT,36335,,-827174.0,TXN-0001101
2025-11-24,2025-11-24,BROKERAGE / TRADE SETTLEMENT,148149,,-975323.0,TXN-0001102
2025-11-17,2025-11-19,MISC ADJUSTMENT,18728,,-994051.0,TXN-0001103
2025-11-22,2025-11-24,BROKERAGE / TRADE SETTLEMENT,107136,,-1101187.0,TXN-0001104
2025-11-26,2025-11-26,CLIENT FUNDING - RTGS,,81989,-1019198.0,TXN-0001105
2025-11-29,2025-12-01,CLIENT FUNDING - RTGS,,129504,-889694.0,TXN-0001106
2025-11-15,2025-11-17,BANK / DP CHARGES,1252,,-890946.0,TXN-0001107
2025-11-15,2025-11-15,MISC ADJUSTMENT,,49275,-841671.0,TXN-0001108
2025-11-26,2025-11-27,MISC ADJUSTMENT,,23692,-817979.0,TXN-0001109
2025-11-24,2025-11-24,PAYOUT TO CLIENT,182743,,-1000722.0,TXN-0001110
2025-11-16,2025-11-18,BANK / DP CHARGES,1528,,-1002250.0,TXN-0001111
2025-11-26,2025-11-26,MISC ADJUSTMENT,20506,,-1022756.0,TXN-0001112
2025-11-25,2025-11-27,BROKERAGE / TRADE SETTLEMENT,74676,,-1097432.0,TXN-0001113
2025-11-17,2025-11-19,PAYOUT TO CLIENT,135197,,-1232629.0,TXN-0001114
2025-11-19,2025-11-21,BANK / DP CHARGES,855,,-1233484.0,TXN-0001115
2025-11-22,2025-11-22,PAYOUT TO CLIENT,171012,,-1404496.0,TXN-0001116
2025-11-26,2025-11-26,CLIENT FUNDING - RTGS,,298747,-1105749.0,TXN-0001117
2025-11-25,2025-11-25,BROKERAGE / TRADE SETTLEMENT,87290,,-1193039.0,TXN-0001118
2025-11-26,2025-11-27,CLIENT FUNDING - RTGS,,80667,-1112372.0,TXN-0001119
2025-11-22,2025-11-22,BROKERAGE / TRADE SETTLEMENT,140844,,-1253216.0,TXN-0001120
2025-11-28,2025-11-28,BANK / DP CHARGES,826,,-1254042.0,TXN-0001121
2025-11-26,2025-11-27,BROKERAGE / TRADE SETTLEMENT,18395,,-1272437.0,TXN-0001122
2025-11-15,2025-11-15,CLIENT FUNDING - RTGS,,73823,-1198614.0,TXN-0001123
2025-11-27,2025-11-28,BROKERAGE / TRADE SETTLEMENT,46277,,-1244891.0,TXN-0001124
2025-11-20,2025-11-20,MISC ADJUSTMENT,,18058,-1226833.0,TXN-0001125
2025-11-27,2025-11-28,CLIENT FUNDING - RTGS,,205531,-1021302.0,TXN-0001126
2025-11-15,2025-11-15,MISC ADJUSTMENT,,9298,-1012004.0,TXN-0001127
2025-11-23,2025-11-25,MISC ADJUSTMENT,27423,,-1039427.0,TXN-0001128
2025-11-25,2025-11-25,PAYOUT TO CLIENT,46010,,-1085437.0,TXN-0001129
2025-11-16,2025-11-16,PAYOUT TO CLIENT,128490,,-1213927.0,TXN-0001130
2025-11-21,2025-11-21,PAYOUT TO CLIENT,103428,,-1317355.0,TXN-0001131
2025-11-22,2025-11-22,MISC ADJUSTMENT,,32327,-1285028.0,TXN-0001132
2025-11-24,2025-11-24,BROKERAGE / TRADE SETTLEMENT,39148,,-1324176.0,TXN-0001133
2025-11-23,2025-11-25,BROKERAGE / TRADE SETTLEMENT,100384,,-1424560.0,TXN-0001134
2025-11-22,2025-11-22,CLIENT FUNDING - RTGS,,151918,-1272642.0,TXN-0001135
2025-11-19,2025-11-19,MISC ADJUSTMENT,49105,,-1321747.0,TXN-0001136
2025-11-20,2025-11-20,MISC ADJUSTMENT,,8648,-1313099.0,TXN-0001137
2025-11-23,2025-11-23,PAYOUT TO CLIENT,162354,,-1475453.0,TXN-0001138
2025-11-29,2025-11-29,BROKERAGE / TRADE SETTLEMENT,21158,,-1496611.0,TXN-0001139
2025-11-27,2025-11-27,BANK / DP CHARGES,1456,,-1498067.0,TXN-0001140
2025-11-16,2025-11-17,BROKERAGE / TRADE SETTLEMENT,116414,,-1614481.0,TXN-0001141
2025-11-15,2025-11-17,PAYOUT TO CLIENT,70482,,-1684963.0,TXN-0001142
2025-11-26,2025-11-26,CLIENT FUNDING - RTGS,,52936,-1632027.0,TXN-0001143
2025-11-29,2025-11-29,BROKERAGE / TRADE SETTLEMENT,139869,,-1771896.0,TXN-0001144
2025-11-25,2025-11-25,BANK / DP CHARGES,537,,-1772433.0,TXN-0001145
2025-11-15,2025-11-17,BANK / DP CHARGES,1800,,-1774233.0,TXN-0001146
2025-11-21,2025-11-23,PAYOUT TO CLIENT,142932,,-1917165.0,TXN-0001147
2025-11-23,2025-11-25,PAYOUT TO CLIENT,121584,,-2038749.0,TXN-0001148
2025-11-18,2025-11-18,MISC ADJUSTMENT,38668,,-2077417.0,TXN-0001149
2025-11-23,2025-11-25,PAYOUT TO CLIENT,53539,,-2130956.0,TXN-0001150
2025-11-24,2025-11-24,CLIENT FUNDING - RTGS,,162148,-1968808.0,TXN-0001151
2025-11-21,2025-11-21,MISC ADJUSTMENT,,10151,-1958657.0,TXN-0001152
2025-11-25,2025-11-25,PAYOUT TO CLIENT,97484,,-2056141.0,TXN-0001153
2025-11-16,2025-11-16,CLIENT FUNDING - RTGS,,160609,-1895532.0,TXN-0001154
2025-11-23,2025-11-25,CLIENT FUNDING - RTGS,,107876,-1787656.0,TXN-0001155
2025-11-19,2025-11-21,PAYOUT TO CLIENT,149550,,-1937206.0,TXN-0001156
2025-11-24,2025-11-24,PAYOUT TO CLIENT,101125,,-2038331.0,TXN-0001157
2025-11-28,2025-11-30,PAYOUT TO CLIENT,61758,,-2100089.0,TXN-0001158
2025-11-25,2025-11-27,BROKERAGE / TRADE SETTLEMENT,76433,,-2176522.0,TXN-0001159
2025-11-15,2025-11-17,CLIENT FUNDING - RTGS,,264363,-1912159.0,TXN-0001160
2025-11-16,2025-11-16,BROKERAGE / TRADE SETTLEMENT,148800,,-2060959.0,TXN-0001161
2025-11-23,2025-11-23,CLIENT FUNDING - RTGS,,66890,-1994069.0,TXN-0001162
2025-11-26,2025-11-28,MISC ADJUSTMENT,,13825,-1980244.0,TXN-0001163
2025-11-17,2025-11-17,BANK / DP CHARGES,1101,,-1981345.0,TXN-0001164
2025-11-17,2025-11-18,MISC ADJUSTMENT,,48093,-1933252.0,TXN-0001165
2025-11-28,2025-11-28,PAYOUT TO CLIENT,126953,,-2060205.0,TXN-0001166
2025-11-22,2025-11-24,BANK / DP CHARGES,1279,,-2061484.0,TXN-0001167
2025-11-17,2025-11-19,MISC ADJUSTMENT,47381,,-2108865.0,TXN-0001168
2025-11-20,2025-11-21,CLIENT FUNDING - RTGS,,223056,-1885809.0,TXN-0001169
2025-11-19,2025-11-20,CLIENT FUNDING - RTGS,,256755,-1629054.0,TXN-0001170
2025-11-15,2025-11-16,CLIENT FUNDING - RTGS,,67282,-1561772.0,TXN-0001171
2025-11-20,2025-11-20,BROKERAGE / TRADE SETTLEMENT,80102,,-1641874.0,TXN-0001172
2025-11-26,2025-11-28,PAYOUT TO CLIENT,133732,,-1775606.0,TXN-0001173
2025-11-17,2025-11-18,BANK / DP CHARGES,635,,-1776241.0,TXN-0001174
2025-11-29,2025-11-30,PAYOUT TO CLIENT,23244,,-1799485.0,TXN-0001175
2025-11-23,2025-11-23,PAYOUT TO CLIENT,199294,,-1998779.0,TXN-0001176
2025-11-27,2025-11-27,PAYOUT TO CLIENT,145804,,-2144583.0,TXN-0001177
2025-11-23,2025-11-23,BANK / DP CHARGES,749,,-2145332.0,TXN-0001178
2025-11-29,2025-11-30,PAYOUT TO CLIENT,144100,,-2289432.0,TXN-0001179
2025-11-17,2025-11-19,BANK / DP CHARGES,1935,,-2291367.0,TXN-0001180
2025-11-22,2025-11-23,MISC ADJUSTMENT,40740,,-2332107.0,TXN-0001181
2025-11-29,2025-11-29,PAYOUT TO CLIENT,54697,,-2386804.0,TXN-0001182
2025-11-16,2025-11-17,BROKERAGE / TRADE SETTLEMENT,43742,,-2430546.0,TXN-0001183
2025-11-29,2025-11-29,MISC ADJUSTMENT,44948,,-2475494.0,TXN-0001184
2025-11-19,2025-11-19,MISC ADJUSTMENT,46937,,-2522431.0,TXN-0001185
2025-11-26,2025-11-26,PAYOUT TO CLIENT,181261,,-2703692.0,TXN-0001186
2025-11-29,2025-11-29,CLIENT FUNDING - RTGS,,275365,-2428327.0,TXN-0001187
2025-11-17,2025-11-19,CLIENT FUNDING - RTGS,,269167,-2159160.0,TXN-0001188
2025-11-25,2025-11-25,PAYOUT TO CLIENT,161862,,-2321022.0,TXN-0001189
2025-11-18,2025-11-19,CLIENT FUNDING - RTGS,,112080,-2208942.0,TXN-0001190
2025-11-15,2025-11-16,BANK / DP CHARGES,1364,,-2210306.0,TXN-0001191
2025-11-27,2025-11-27,PAYOUT TO CLIENT,199584,,-2409890.0,TXN-0001192
2025-11-27,2025-11-28,BANK / DP CHARGES,1102,,-2410992.0,TXN-0001193
2025-11-15,2025-11-16,PAYOUT TO CLIENT,179547,,-2590539.0,TXN-0001194
2025-11-20,2025-11-20,BANK / DP CHARGES,1921,,-2592460.0,TXN-0001195
2025-11-18,2025-11-19,MISC ADJUSTMENT,,26644,-2565816.0,TXN-0001196
2025-11-25,2025-11-26,PAYOUT TO CLIENT,57518,,-2623334.0,TXN-0001197
2025-11-27,2025-11-27,PAYOUT TO CLIENT,95741,,-2719075.0,TXN-0001198
2025-11-20,2025-11-20,PAYOUT TO CLIENT,180521,,-2899596.0,TXN-0001199
2025-11-27,2025-11-27,BROKERAGE / TRADE SETTLEMENT,24816,,-2924412.0,TXN-0001200
2025-11-27,2025-11-28,BROKERAGE / TRADE SETTLEMENT,87158,,-3011570.0,TXN-0001201
2025-11-23,2025-11-23,PAYOUT TO CLIENT,187347,,-3198917.0,TXN-0001202
2025-11-25,2025-11-25,BANK / DP CHARGES,413,,-3199330.0,TXN-0001203
2025-11-18,2025-11-19,MISC ADJUSTMENT,30353,,-3229683.0,TXN-0001204
2025-11-15,2025-11-15,MISC ADJUSTMENT,,48122,-3181561.0,TXN-0001205
2025-11-18,2025-11-18,CLIENT FUNDING - RTGS,,283458,-2898103.0,TXN-0001206
2025-11-16,2025-11-17,BANK / DP CHARGES,1558,,-2899661.0,TXN-0001207
2025-11-27,2025-11-29,CLIENT FUNDING - RTGS,,173867,-2725794.0,TXN-0001208
2025-11-26,2025-11-26,BANK / DP CHARGES,1537,,-2727331.0,TXN-0001209
2025-11-28,2025-11-29,PAYOUT TO CLIENT,24483,,-2751814.0,TXN-0001210
2025-11-18,2025-11-19,BROKERAGE / TRADE SETTLEMENT,134600,,-2886414.0,TXN-0001211
2025-11-29,2025-11-29,BROKERAGE / TRADE SETTLEMENT,33736,,-2920150.0,TXN-0001212
2025-11-28,2025-11-29,PAYOUT TO CLIENT,106995,,-3027145.0,TXN-0001213
2025-11-17,2025-11-17,PAYOUT TO CLIENT,56998,,-3084143.0,TXN-0001214
2025-11-27,2025-11-29,MISC ADJUSTMENT,17809,,-3101952.0,TXN-0001215
2025-11-29,2025-11-29,BROKERAGE / TRADE SETTLEMENT,14698,,-3116650.0,TXN-0001216
2025-11-23,2025-11-23,BROKERAGE / TRADE SETTLEMENT,131852,,-3248502.0,TXN-0001217
2025-11-25,2025-11-25,MISC ADJUSTMENT,49790,,-3298292.0,TXN-0001218
2025-11-29,2025-11-29,MISC ADJUSTMENT,,27207,-3271085.0,TXN-0001219
2025-11-23,2025-11-23,CLIENT FUNDING - RTGS,,63444,-3207641.0,TXN-0001220
2025-11-24,2025-11-24,BANK / DP CHARGES,660,,-3208301.0,TXN-0001221
2025-11-25,2025-11-25,MISC ADJUSTMENT,,26646,-3181655.0,TXN-0001222
2025-11-25,2025-11-27,MISC ADJUSTMENT,36617,,-3218272.0,TXN-0001223
2025-11-18,2025-11-18,MISC ADJUSTMENT,22328,,-3240600.0,TXN-0001224
2025-11-18,2025-11-18,CLIENT FUNDING - RTGS,,82325,-3158275.0,TXN-0001225
2025-11-21,2025-11-21,BANK / DP CHARGES,1973,,-3160248.0,TXN-0001226
2025-11-26,2025-11-26,PAYOUT TO CLIENT,183861,,-3344109.0,TXN-0001227
2025-11-15,2025-11-17,MISC ADJUSTMENT,,46594,-3297515.0,TXN-0001228
2025-11-21,2025-11-23,CLIENT FUNDING - RTGS,,90180,-3207335.0,TXN-0001229
2025-11-22,2025-11-23,CLIENT FUNDING - RTGS,,282659,-2924676.0,TXN-0001230
2025-11-27,2025-11-27,PAYOUT TO CLIENT,20625,,-2945301.0,TXN-0001231
2025-11-16,2025-11-16,MISC ADJUSTMENT,8415,,-2953716.0,TXN-0001232
2025-11-21,2025-11-22,CLIENT FUNDING - RTGS,,258217,-2695499.0,TXN-0001233
2025-11-26,2025-11-27,MISC ADJUSTMENT,,27468,-2668031.0,TXN-0001234
2025-11-22,2025-11-22,CLIENT FUNDING - RTGS,,77084,-2590947.0,TXN-0001235
2025-11-20,2025-11-20,BROKERAGE / TRADE SETTLEMENT,132139,,-2723086.0,TXN-0001236
2025-11-26,2025-11-28,CLIENT FUNDING - RTGS,,184278,-2538808.0,TXN-0001237
2025-11-17,2025-11-17,PAYOUT TO CLIENT,160102,,-2698910.0,TXN-0001238
2025-11-19,2025-11-20,BANK / DP CHARGES,255,,-2699165.0,TXN-0001239
2025-11-16,2025-11-16,MISC ADJUSTMENT,,45759,-2653406.0,TXN-0001240
2025-11-16,2025-11-16,BROKERAGE / TRADE SETTLEMENT,32887,,-2686293.0,TXN-0001241
2025-11-21,2025-11-21,BANK / DP CHARGES,856,,-2687149.0,TXN-0001242
2025-11-27,2025-11-27,MISC ADJUSTMENT,,9936,-2677213.0,TXN-0001243
2025-11-25,2025-11-26,CLIENT FUNDING - RTGS,,99129,-2578084.0,TXN-0001244
2025-11-29,2025-11-30,CLIENT FUNDING - RTGS,,151251,-2426833.0,TXN-0001245
2025-11-21,2025-11-22,MISC ADJUSTMENT,,6629,-2420204.0,TXN-0001246
2025-11-25,2025-11-26,CLIENT FUNDING - RTGS,,271553,-2148651.0,TXN-0001247
2025-11-28,2025-11-30,MISC ADJUSTMENT,,23746,-2124905.0,TXN-0001248
2025-11-23,2025-11-25,CLIENT FUNDING - RTGS,,269404,-1855501.0,TXN-0001249
2025-11-18,2025-11-18,PAYOUT TO CLIENT,124422,,-1979923.0,TXN-0001250
2025-11-23,2025-11-25,BANK / DP CHARGES,1558,,-1981481.0,TXN-0001251
2025-11-26,2025-11-27,CLIENT FUNDING - RTGS,,225017,-1756464.0,TXN-0001252
2025-11-24,2025-11-26,PAYOUT TO CLIENT,176054,,-1932518.0,TXN-0001253
2025-11-23,2025-11-24,CLIENT FUNDING - RTGS,,166984,-1765534.0,TXN-0001254
2025-11-24,2025-11-26,BANK / DP CHARGES,235,,-1765769.0,TXN-0001255
2025-11-19,2025-11-19,PAYOUT TO CLIENT,84841,,-1850610.0,TXN-0001256
2025-11-23,2025-11-25,MISC ADJUSTMENT,,24974,-1825636.0,TXN-0001257
2025-11-23,2025-11-23,MISC ADJUSTMENT,,42775,-1782861.0,TXN-0001258
2025-11-19,2025-11-19,BANK / DP CHARGES,203,,-1783064.0,TXN-0001259
2025-11-28,2025-11-29,PAYOUT TO CLIENT,174802,,-1957866.0,TXN-0001260
2025-11-23,2025-11-23,BANK / DP CHARGES,762,,-1958628.0,TXN-0001261
2025-11-27,2025-11-29,BANK / DP CHARGES,1592,,-1960220.0,TXN-0001262
2025-11-19,2025-11-21,BANK / DP CHARGES,1261,,-1961481.0,TXN-0001263
2025-11-24,2025-11-24,PAYOUT TO CLIENT,186280,,-2147761.0,TXN-0001264
2025-11-20,2025-11-21,BROKERAGE / TRADE SETTLEMENT,43455,,-2191216.0,TXN-0001265
2025-11-25,2025-11-26,BROKERAGE / TRADE SETTLEMENT,119419,,-2310635.0,TXN-0001266
2025-11-19,2025-11-19,BROKERAGE / TRADE SETTLEMENT,144767,,-2455402.0,TXN-0001267
2025-11-25,2025-11-25,MISC ADJUSTMENT,44417,,-2499819.0,TXN-0001268
2025-11-17,2025-11-17,CLIENT FUNDING - RTGS,,141852,-2357967.0,TXN-0001269
2025-11-26,2025-11-26,BANK / DP CHARGES,851,,-2358818.0,TXN-0001270
2025-11-21,2025-11-22,PAYOUT TO CLIENT,42260,,-2401078.0,TXN-0001271
2025-11-24,2025-11-24,MISC ADJUSTMENT,27535,,-2428613.0,TXN-0001272
2025-11-19,2025-11-21,BANK / DP CHARGES,625,,-2429238.0,TXN-0001273
2025-11-21,2025-11-21,BANK / DP CHARGES,2000,,-2431238.0,TXN-0001274
2025-11-19,2025-11-19,CLIENT FUNDING - RTGS,,98329,-2332909.0,TXN-0001275
2025-11-26,2025-11-26,MISC ADJUSTMENT,,8743,-2324166.0,TXN-0001276
2025-11-24,2025-11-26,MISC ADJUSTMENT,22275,,-2346441.0,TXN-0001277
2025-11-18,2025-11-20,PAYOUT TO CLIENT,78190,,-2424631.0,TXN-0001278
2025-11-16,2025-11-16,CLIENT FUNDING - RTGS,,255177,-2169454.0,TXN-0001279
2025-11-25,2025-11-26,PAYOUT TO CLIENT,77226,,-2246680.0,TXN-0001280
2025-11-24,2025-11-25,CLIENT FUNDING - RTGS,,114525,-2132155.0,TXN-0001281
2025-11-25,2025-11-26,BROKERAGE / TRADE SETTLEMENT,112711,,-2244866.0,TXN-0001282
2025-11-23,2025-11-24,MISC ADJUSTMENT,34864,,-2279730.0,TXN-0001283
2025-11-22,2025-11-23,CLIENT FUNDING - RTGS,,244553,-2035177.0,TXN-0001284
2025-11-28,2025-11-28,BANK / DP CHARGES,1976,,-2037153.0,TXN-0001285
2025-11-15,2025-11-17,BROKERAGE / TRADE SETTLEMENT,36566,,-2073719.0,TXN-0001286
2025-11-27,2025-11-28,CLIENT FUNDING - RTGS,,164867,-1908852.0,TXN-0001287
2025-11-21,2025-11-21,CLIENT FUNDING - RTGS,,153424,-1755428.0,TXN-0001288
2025-11-17,2025-11-19,BROKERAGE / TRADE SETTLEMENT,88013,,-1843441.0,TXN-0001289
2025-11-20,2025-11-21,PAYOUT TO CLIENT,119775,,-1963216.0,TXN-0001290
2025-11-24,2025-11-24,BROKERAGE / TRADE SETTLEMENT,145871,,-2109087.0,TXN-0001291
2025-11-19,2025-11-19,CLIENT FUNDING - RTGS,,243915,-1865172.0,TXN-0001292
2025-11-16,2025-11-18,BANK / DP CHARGES,1744,,-1866916.0,TXN-0001293
2025-11-26,2025-11-27,CLIENT FUNDING - RTGS,,51380,-1815536.0,TXN-0001294
2025-11-23,2025-11-24,CLIENT FUNDING - RTGS,,230396,-1585140.0,TXN-0001295
2025-11-15,2025-11-15,BROKERAGE / TRADE SETTLEMENT,122013,,-1707153.0,TXN-0001296
2025-11-26,2025-11-26,PAYOUT TO CLIENT,175754,,-1882907.0,TXN-0001297
2025-11-24,2025-11-24,MISC ADJUSTMENT,,46869,-1836038.0,TXN-0001298
2025-11-18,2025-11-18,CLIENT FUNDING - RTGS,,125118,-1710920.0,TXN-0001299
2025-11-23,2025-11-24,MISC ADJUSTMENT,44264,,-1755184.0,TXN-0001300
2025-11-24,2025-11-26,BANK / DP CHARGES,987,,-1756171.0,TXN-0001301
2025-11-28,2025-11-29,CLIENT FUNDING - RTGS,,101066,-1655105.0,TXN-0001302
2025-11-21,2025-11-21,CLIENT FUNDING - RTGS,,219324,-1435781.0,TXN-0001303
2025-11-19,2025-11-21,BROKERAGE / TRADE SETTLEMENT,45915,,-1481696.0,TXN-0001304
2025-11-24,2025-11-25,MISC ADJUSTMENT,,13799,-1467897.0,TXN-0001305
2025-11-19,2025-11-19,CLIENT FUNDING - RTGS,,78071,-1389826.0,TXN-0001306
2025-11-24,2025-11-24,MISC ADJUSTMENT,,47506,-1342320.0,TXN-0001307
2025-11-25,2025-11-25,PAYOUT TO CLIENT,145610,,-1487930.0,TXN-0001308
2025-11-23,2025-11-23,BROKERAGE / TRADE SETTLEMENT,17759,,-1505689.0,TXN-0001309
2025-11-23,2025-11-25,MISC ADJUSTMENT,23401,,-1529090.0,TXN-0001310
2025-11-22,2025-11-22,PAYOUT TO CLIENT,144764,,-1673854.0,TXN-0001311
2025-11-22,2025-11-22,PAYOUT TO CLIENT,119580,,-1793434.0,TXN-0001312
2025-11-19,2025-11-21,BROKERAGE / TRADE SETTLEMENT,14213,,-1807647.0,TXN-0001313
2025-11-17,2025-11-19,MISC ADJUSTMENT,,38179,-1769468.0,TXN-0001314
2025-11-22,2025-11-22,CLIENT FUNDING - RTGS,,204748,-1564720.0,TXN-0001315
2025-11-17,2025-11-17,MISC ADJUSTMENT,35150,,-1599870.0,TXN-0001316
2025-11-22,2025-11-22,PAYOUT TO CLIENT,169790,,-1769660.0,TXN-0001317
2025-11-23,2025-11-25,BROKERAGE / TRADE SETTLEMENT,30137,,-1799797.0,TXN-0001318
2025-11-17,2025-11-17,BANK / DP CHARGES,1844,,-1801641.0,TXN-0001319
2025-11-15,2025-11-17,BANK / DP CHARGES,1212,,-1802853.0,TXN-0001320
2025-11-21,2025-11-22,CLIENT FUNDING - RTGS,,255641,-1547212.0,TXN-0001321
2025-11-22,2025-11-22,BANK / DP CHARGES,401,,-1547613.0,TXN-0001322
2025-11-15,2025-11-15,MISC ADJUSTMENT,30091,,-1577704.0,TXN-0001323
2025-11-23,2025-11-25,PAYOUT TO CLIENT,147954,,-1725658.0,TXN-0001324
2025-11-28,2025-11-29,PAYOUT TO CLIENT,141575,,-1867233.0,TXN-0001325
2025-11-26,2025-11-26,BROKERAGE / TRADE SETTLEMENT,111998,,-1979231.0,TXN-0001326
2025-11-28,2025-11-28,BROKERAGE / TRADE SETTLEMENT,106579,,-2085810.0,TXN-0001327
2025-11-23,2025-11-25,BANK / DP CHARGES,1026,,-2086836.0,TXN-0001328
2025-11-23,2025-11-23,MISC ADJUSTMENT,20774,,-2107610.0,TXN-0001329
2025-11-18,2025-11-19,CLIENT FUNDING - RTGS,,127975,-1979635.0,TXN-0001330
2025-11-26,2025-11-26,BANK / DP CHARGES,1316,,-1980951.0,TXN-0001331
2025-11-23,2025-11-24,PAYOUT TO CLIENT,68129,,-2049080.0,TXN-0001332
2025-11-24,2025-11-24,BROKERAGE / TRADE SETTLEMENT,104301,,-2153381.0,TXN-0001333
2025-11-24,2025-11-26,BANK / DP CHARGES,642,,-2154023.0,TXN-0001334
2025-11-29,2025-11-29,CLIENT FUNDING - RTGS,,147821,-2006202.0,TXN-0001335
2025-11-26,2025-11-26,MISC ADJUSTMENT,17148,,-2023350.0,TXN-0001336
2025-11-15,2025-11-15,BANK / DP CHARGES,1823,,-2025173.0,TXN-0001337
2025-11-25,2025-11-27,PAYOUT TO CLIENT,106412,,-2131585.0,TXN-0001338
2025-11-15,2025-11-15,BROKERAGE / TRADE SETTLEMENT,147473,,-2279058.0,TXN-0001339
2025-11-18,2025-11-19,CLIENT FUNDING - RTGS,,185411,-2093647.0,TXN-0001340
2025-11-28,2025-11-29,PAYOUT TO CLIENT,37998,,-2131645.0,TXN-0001341
2025-11-22,2025-11-22,MISC ADJUSTMENT,,39880,-2091765.0,TXN-0001342
2025-11-15,2025-11-16,PAYOUT TO CLIENT,36941,,-2128706.0,TXN-0001343
2025-11-21,2025-11-21,MISC ADJUSTMENT,48858,,-2177564.0,TXN-0001344
2025-11-22,2025-11-24,CLIENT FUNDING - RTGS,,104789,-2072775.0,TXN-0001345
2025-11-17,2025-11-19,PAYOUT TO CLIENT,150659,,-2223434.0,TXN-0001346
2025-11-22,2025-11-23,MISC ADJUSTMENT,40268,,-2263702.0,TXN-0001347
2025-11-16,2025-11-16,PAYOUT TO CLIENT,121462,,-2385164.0,TXN-0001348
2025-11-16,2025-11-16,CLIENT FUNDING - RTGS,,244940,-2140224.0,TXN-0001349
2025-11-26,2025-11-26,BROKERAGE / TRADE SETTLEMENT,12685,,-2152909.0,TXN-0001350
2025-11-25,2025-11-27,BROKERAGE / TRADE SETTLEMENT,118006,,-2270915.0,TXN-0001351
2025-11-23,2025-11-24,CLIENT FUNDING - RTGS,,133362,-2137553.0,TXN-0001352
2025-11-27,2025-11-28,MISC ADJUSTMENT,,7619,-2129934.0,TXN-0001353
2025-11-25,2025-11-27,PAYOUT TO CLIENT,177059,,-2306993.0,TXN-0001354
2025-11-23,2025-11-23,BROKERAGE / TRADE SETTLEMENT,125427,,-2432420.0,TXN-0001355
2025-11-23,2025-11-24,BANK / DP CHARGES,212,,-2432632.0,TXN-0001356
2025-11-25,2025-11-26,BANK / DP CHARGES,1351,,-2433983.0,TXN-0001357
2025-11-16,2025-11-17,BANK / DP CHARGES,582,,-2434565.0,TXN-0001358
2025-11-22,2025-11-22,BROKERAGE / TRADE SETTLEMENT,52900,,-2487465.0,TXN-0001359
2025-11-17,2025-11-18,BROKERAGE / TRADE SETTLEMENT,134176,,-2621641.0,TXN-0001360
2025-11-17,2025-11-18,MISC ADJUSTMENT,24236,,-2645877.0,TXN-0001361
2025-11-15,2025-11-15,BROKERAGE / TRADE SETTLEMENT,74998,,-2720875.0,TXN-0001362
2025-11-19,2025-11-20,MISC ADJUSTMENT,,27565,-2693310.0,TXN-0001363
2025-11-24,2025-11-24,BROKERAGE / TRADE SETTLEMENT,89013,,-2782323.0,TXN-0001364
2025-11-29,2025-12-01,MISC ADJUSTMENT,20124,,-2802447.0,TXN-0001365
2025-11-26,2025-11-28,BANK / DP CHARGES,1974,,-2804421.0,TXN-0001366
2025-11-28,2025-11-28,PAYOUT TO CLIENT,172647,,-2977068.0,TXN-0001367
2025-11-28,2025-11-30,BROKERAGE / TRADE SETTLEMENT,111774,,-3088842.0,TXN-0001368
2025-11-27,2025-11-27,CLIENT FUNDING - RTGS,,108729,-2980113.0,TXN-0001369
2025-11-18,2025-11-18,BROKERAGE / TRADE SETTLEMENT,52807,,-3032920.0,TXN-0001370
2025-11-17,2025-11-17,BROKERAGE / TRADE SETTLEMENT,78844,,-3111764.0,TXN-0001371
2025-11-29,2025-11-29,BANK / DP CHARGES,1279,,-3113043.0,TXN-0001372
2025-11-20,2025-11-22,PAYOUT TO CLIENT,118353,,-3231396.0,TXN-0001373
2025-11-20,2025-11-22,MISC ADJUSTMENT,23303,,-3254699.0,TXN-0001374
2025-11-23,2025-11-24,MISC ADJUSTMENT,23287,,-3277986.0,TXN-0001375
2025-11-21,2025-11-21,CLIENT FUNDING - RTGS,,89065,-3188921.0,TXN-0001376
2025-11-19,2025-11-20,MISC ADJUSTMENT,9206,,-3198127.0,TXN-0001377
2025-11-21,2025-11-21,PAYOUT TO CLIENT,142861,,-3340988.0,TXN-0001378
2025-11-17,2025-11-17,MISC ADJUSTMENT,38228,,-3379216.0,TXN-0001379
2025-11-25,2025-11-25,BANK / DP CHARGES,226,,-3379442.0,TXN-0001380
2025-11-17,2025-11-17,CLIENT FUNDING - RTGS,,122095,-3257347.0,TXN-0001381
2025-11-15,2025-11-16,PAYOUT TO CLIENT,79911,,-3337258.0,TXN-0001382
2025-11-29,2025-12-01,CLIENT FUNDING - RTGS,,56819,-3280439.0,TXN-0001383
2025-11-16,2025-11-18,MISC ADJUSTMENT,,15353,-3265086.0,TXN-0001384
2025-11-23,2025-11-23,CLIENT FUNDING - RTGS,,243999,-3021087.0,TXN-0001385
2025-11-24,2025-11-26,BANK / DP CHARGES,1147,,-3022234.0,TXN-0001386
2025-11-21,2025-11-21,MISC ADJUSTMENT,,19075,-3003159.0,TXN-0001387
2025-11-18,2025-11-18,CLIENT FUNDING - RTGS,,256020,-2747139.0,TXN-0001388
2025-11-18,2025-11-20,MISC ADJUSTMENT,,19657,-2727482.0,TXN-0001389
2025-11-24,2025-11-25,BANK / DP CHARGES,121,,-2727603.0,TXN-0001390
2025-11-26,2025-11-26,PAYOUT TO CLIENT,97460,,-2825063.0,TXN-0001391
2025-11-19,2025-11-19,PAYOUT TO CLIENT,30105,,-2855168.0,TXN-0001392
2025-11-18,2025-11-18,BROKERAGE / TRADE SETTLEMENT,70178,,-2925346.0,TXN-0001393
2025-11-21,2025-11-23,CLIENT FUNDING - RTGS,,209925,-2715421.0,TXN-0001394
2025-11-18,2025-11-18,CLIENT FUNDING - RTGS,,104035,-2611386.0,TXN-0001395
2025-11-28,2025-11-29,BANK / DP CHARGES,1010,,-2612396.0,TXN-0001396
2025-11-23,2025-11-24,MISC ADJUSTMENT,,45664,-2566732.0,TXN-0001397
2025-11-20,2025-11-21,CLIENT FUNDING - RTGS,,161925,-2404807.0,TXN-0001398
2025-11-29,2025-12-01,CLIENT FUNDING - RTGS,,188562,-2216245.0,TXN-0001399
2025-11-27,2025-11-27,BROKERAGE / TRADE SETTLEMENT,123187,,-2339432.0,TXN-0001400
2025-11-28,2025-11-28,BANK / DP CHARGES,1998,,-2341430.0,TXN-0001401
2025-11-15,2025-11-15,MISC ADJUSTMENT,,6947,-2334483.0,TXN-0001402
2025-11-16,2025-11-16,CLIENT FUNDING - RTGS,,208593,-2125890.0,TXN-0001403
2025-11-17,2025-11-19,PAYOUT TO CLIENT,181247,,-2307137.0,TXN-0001404
2025-11-17,2025-11-17,CLIENT FUNDING - RTGS,,237980,-2069157.0,TXN-0001405
2025-11-16,2025-11-18,MISC ADJUSTMENT,13305,,-2082462.0,TXN-0001406
2025-11-19,2025-11-21,BANK / DP CHARGES,1727,,-2084189.0,TXN-0001407
2025-11-18,2025-11-19,BROKERAGE / TRADE SETTLEMENT,133204,,-2217393.0,TXN-0001408
2025-11-20,2025-11-20,CLIENT FUNDING - RTGS,,265625,-1951768.0,TXN-0001409
2025-11-17,2025-11-19,MISC ADJUSTMENT,,47832,-1903936.0,TXN-0001410
2025-11-29,2025-11-29,BROKERAGE / TRADE SETTLEMENT,136689,,-2040625.0,TXN-0001411
2025-11-17,2025-11-17,CLIENT FUNDING - RTGS,,160317,-1880308.0,TXN-0001412
2025-11-29,2025-12-01,CLIENT FUNDING - RTGS,,294425,-1585883.0,TXN-0001413
2025-11-15,2025-11-16,BANK / DP CHARGES,1830,,-1587713.0,TXN-0001414
2025-11-15,2025-11-15,PAYOUT TO CLIENT,147511,,-1735224.0,TXN-0001415
2025-11-15,2025-11-15,CLIENT FUNDING - RTGS,,212299,-1522925.0,TXN-0001416
2025-11-19,2025-11-19,PAYOUT TO CLIENT,179333,,-1702258.0,TXN-0001417
2025-11-15,2025-11-15,BROKERAGE / TRADE SETTLEMENT,42071,,-1744329.0,TXN-0001418
2025-11-18,2025-11-18,BANK / DP CHARGES,409,,-1744738.0,TXN-0001419
2025-11-26,2025-11-26,BROKERAGE / TRADE SETTLEMENT,33410,,-1778148.0,TXN-0001420
2025-11-18,2025-11-20,CLIENT FUNDING - RTGS,,246207,-1531941.0,TXN-0001421
2025-11-23,2025-11-23,BROKERAGE / TRADE SETTLEMENT,122502,,-1654443.0,TXN-0001422
2025-11-18,2025-11-18,MISC ADJUSTMENT,,41598,-1612845.0,TXN-0001423
2025-11-19,2025-11-19,CLIENT FUNDING - RTGS,,119427,-1493418.0,TXN-0001424
2025-11-15,2025-11-15,PAYOUT TO CLIENT,163072,,-1656490.0,TXN-0001425
2025-11-23,2025-11-23,BROKERAGE / TRADE SETTLEMENT,129774,,-1786264.0,TXN-0001426
2025-11-23,2025-11-23,MISC ADJUSTMENT,17134,,-1803398.0,TXN-0001427
2025-11-25,2025-11-25,PAYOUT TO CLIENT,125945,,-1929343.0,TXN-0001428
2025-11-16,2025-11-18,MISC ADJUSTMENT,36034,,-1965377.0,TXN-0001429
2025-11-20,2025-11-22,BANK / DP CHARGES,1792,,-1967169.0,TXN-0001430
2025-11-15,2025-11-15,CLIENT FUNDING - RTGS,,220549,-1746620.0,TXN-0001431
2025-11-20,2025-11-22,BROKERAGE / TRADE SETTLEMENT,139860,,-1886480.0,TXN-0001432
2025-11-22,2025-11-23,CLIENT FUNDING - RTGS,,234755,-1651725.0,TXN-0001433
2025-11-20,2025-11-22,PAYOUT TO CLIENT,96260,,-1747985.0,TXN-0001434
2025-11-26,2025-11-28,PAYOUT TO CLIENT,69258,,-1817243.0,TXN-0001435
2025-11-24,2025-11-26,BROKERAGE / TRADE SETTLEMENT,136422,,-1953665.0,TXN-0001436
2025-11-15,2025-11-15,MISC ADJUSTMENT,24672,,-1978337.0,TXN-0001437
2025-11-17,2025-11-17,CLIENT FUNDING - RTGS,,160392,-1817945.0,TXN-0001438
2025-11-20,2025-11-22,BROKERAGE / TRADE SETTLEMENT,55143,,-1873088.0,TXN-0001439
2025-11-16,2025-11-16,BROKERAGE / TRADE SETTLEMENT,113508,,-1986596.0,TXN-0001440
2025-11-22,2025-11-22,BANK / DP CHARGES,309,,-1986905.0,TXN-0001441
2025-11-22,2025-11-22,MISC ADJUSTMENT,19305,,-2006210.0,TXN-0001442
2025-11-27,2025-11-29,CLIENT FUNDING - RTGS,,81201,-1925009.0,TXN-0001443
2025-11-25,2025-11-26,CLIENT FUNDING - RTGS,,214338,-1710671.0,TXN-0001444
2025-11-17,2025-11-19,BROKERAGE / TRADE SETTLEMENT,112692,,-1823363.0,TXN-0001445
2025-11-25,2025-11-25,PAYOUT TO CLIENT,84002,,-1907365.0,TXN-0001446
2025-11-29,2025-11-29,CLIENT FUNDING - RTGS,,200126,-1707239.0,TXN-0001447
2025-11-27,2025-11-27,PAYOUT TO CLIENT,112928,,-1820167.0,TXN-0001448
2025-11-24,2025-11-24,MISC ADJUSTMENT,,13811,-1806356.0,TXN-0001449
2025-11-17,2025-11-19,CLIENT FUNDING - RTGS,,231835,-1574521.0,TXN-0001450
2025-11-21,2025-11-21,MISC ADJUSTMENT,,18535,-1555986.0,TXN-0001451
2025-11-16,2025-11-16,BANK / DP CHARGES,592,,-1556578.0,TXN-0001452
2025-11-26,2025-11-28,CLIENT FUNDING - RTGS,,112033,-1444545.0,TXN-0001453
2025-11-27,2025-11-28,CLIENT FUNDING - RTGS,,237903,-1206642.0,TXN-0001454
2025-11-21,2025-11-22,BANK / DP CHARGES,819,,-1207461.0,TXN-0001455
2025-11-22,2025-11-22,MISC ADJUSTMENT,24820,,-1232281.0,TXN-0001456
2025-11-18,2025-11-18,MISC ADJUSTMENT,5803,,-1238084.0,TXN-0001457
2025-11-19,2025-11-20,MISC ADJUSTMENT,,49878,-1188206.0,TXN-0001458
2025-11-24,2025-11-25,MISC ADJUSTMENT,23066,,-1211272.0,TXN-0001459
2025-11-20,2025-11-20,BANK / DP CHARGES,1540,,-1212812.0,TXN-0001460
2025-11-15,2025-11-17,BROKERAGE / TRADE SETTLEMENT,131264,,-1344076.0,TXN-0001461
2025-11-17,2025-11-19,CLIENT FUNDING - RTGS,,251253,-1092823.0,TXN-0001462
2025-11-22,2025-11-24,BANK / DP CHARGES,342,,-1093165.0,TXN-0001463
2025-11-24,2025-11-24,CLIENT FUNDING - RTGS,,144377,-948788.0,TXN-0001464
2025-11-26,2025-11-28,CLIENT FUNDING - RTGS,,240842,-707946.0,TXN-0001465
2025-11-18,2025-11-18,CLIENT FUNDING - RTGS,,73852,-634094.0,TXN-0001466
2025-11-21,2025-11-23,BANK / DP CHARGES,536,,-634630.0,TXN-0001467
2025-11-28,2025-11-29,BROKERAGE / TRADE SETTLEMENT,11226,,-645856.0,TXN-0001468
2025-11-17,2025-11-19,MISC ADJUSTMENT,,17034,-628822.0,TXN-0001469
2025-11-18,2025-11-19,MISC ADJUSTMENT,44420,,-673242.0,TXN-0001470
2025-11-26,2025-11-26,MISC ADJUSTMENT,,43347,-629895.0,TXN-0001471
2025-11-15,2025-11-16,BROKERAGE / TRADE SETTLEMENT,44213,,-674108.0,TXN-0001472
2025-11-22,2025-11-23,BANK / DP CHARGES,1229,,-675337.0,TXN-0001473
2025-11-29,2025-11-29,CLIENT FUNDING - RTGS,,50148,-625189.0,TXN-0001474
2025-11-28,2025-11-28,BROKERAGE / TRADE SETTLEMENT,110771,,-735960.0,TXN-0001475
2025-11-29,2025-11-30,BROKERAGE / TRADE SETTLEMENT,85966,,-821926.0,TXN-0001476
2025-11-25,2025-11-25,CLIENT FUNDING - RTGS,,58896,-763030.0,TXN-0001477
2025-11-26,2025-11-26,PAYOUT TO CLIENT,52256,,-815286.0,TXN-0001478
2025-11-15,2025-11-16,BANK / DP CHARGES,915,,-816201.0,TXN-0001479
2025-11-16,2025-11-17,BANK / DP CHARGES,1474,,-817675.0,TXN-0001480
2025-11-24,2025-11-24,PAYOUT TO CLIENT,64656,,-882331.0,TXN-0001481
2025-11-20,2025-11-22,BANK / DP CHARGES,398,,-882729.0,TXN-0001482
2025-11-22,2025-11-23,MISC ADJUSTMENT,49279,,-932008.0,TXN-0001483
2025-11-15,2025-11-15,PAYOUT TO CLIENT,48409,,-980417.0,TXN-0001484
2025-11-27,2025-11-27,CLIENT FUNDING - RTGS,,269541,-710876.0,TXN-0001485
2025-11-27,2025-11-28,BROKERAGE / TRADE SETTLEMENT,65805,,-776681.0,TXN-0001486
2025-11-24,2025-11-24,PAYOUT TO CLIENT,60193,,-836874.0,TXN-0001487
2025-11-27,2025-11-27,BANK / DP CHARGES,331,,-837205.0,TXN-0001488
2025-11-24,2025-11-24,BROKERAGE / TRADE SETTLEMENT,46292,,-883497.0,TXN-0001489
2025-11-15,2025-11-15,PAYOUT TO CLIENT,34216,,-917713.0,TXN-0001490
2025-11-16,2025-11-18,BANK / DP CHARGES,996,,-918709.0,TXN-0001491
2025-11-25,2025-11-25,CLIENT FUNDING - RTGS,,162102,-756607.0,TXN-0001492
2025-11-28,2025-11-29,PAYOUT TO CLIENT,45121,,-801728.0,TXN-0001493
2025-11-20,2025-11-20,MISC ADJUSTMENT,,41921,-759807.0,TXN-0001494
2025-11-27,2025-11-28,CLIENT FUNDING - RTGS,,144505,-615302.0,TXN-0001495
2025-11-26,2025-11-26,PAYOUT TO CLIENT,172184,,-787486.0,TXN-0001496
2025-11-15,2025-11-15,PAYOUT TO CLIENT,68085,,-855571.0,TXN-0001497
2025-11-15,2025-11-15,MISC ADJUSTMENT,,27068,-828503.0,TXN-0001498
2025-11-29,2025-11-30,CLIENT FUNDING - RTGS,,92223,-736280.0,TXN-0001499
2025-11-28,2025-11-28,PAYOUT TO CLIENT,61115,,-797395.0,TXN-0001500
2025-11-19,2025-11-20,BROKERAGE / TRADE SETTLEMENT,19100,,-816495.0,TXN-0001501
2025-11-19,2025-11-20,BANK / DP CHARGES,1339,,-817834.0,TXN-0001502
2025-11-17,2025-11-17,PAYOUT TO CLIENT,21388,,-839222.0,TXN-0001503
2025-11-23,2025-11-23,BROKERAGE / TRADE SETTLEMENT,117173,,-956395.0,TXN-0001504
2025-11-21,2025-11-21,CLIENT FUNDING - RTGS,,161930,-794465.0,TXN-0001505
2025-11-17,2025-11-17,CLIENT FUNDING - RTGS,,142039,-652426.0,TXN-0001506
2025-11-28,2025-11-28,PAYOUT TO CLIENT,85549,,-737975.0,TXN-0001507
2025-11-16,2025-11-18,PAYOUT TO CLIENT,88405,,-826380.0,TXN-0001508
2025-11-21,2025-11-21,MISC ADJUSTMENT,41183,,-867563.0,TXN-0001509
2025-11-25,2025-11-26,MISC ADJUSTMENT,,42628,-824935.0,TXN-0001510
2025-11-23,2025-11-24,CLIENT FUNDING - RTGS,,57675,-767260.0,TXN-0001511
2025-11-19,2025-11-19,MISC ADJUSTMENT,,13385,-753875.0,TXN-0001512
2025-11-24,2025-11-25,CLIENT FUNDING - RTGS,,91504,-662371.0,TXN-0001513
2025-11-19,2025-11-19,CLIENT FUNDING - RTGS,,241457,-420914.0,TXN-0001514
2025-11-17,2025-11-19,CLIENT FUNDING - RTGS,,165384,-255530.0,TXN-0001515
2025-11-17,2025-11-19,BANK / DP CHARGES,1210,,-256740.0,TXN-0001516
2025-11-22,2025-11-23,MISC ADJUSTMENT,,9557,-247183.0,TXN-0001517
2025-11-29,2025-11-30,BROKERAGE / TRADE SETTLEMENT,45295,,-292478.0,TXN-0001518
2025-11-18,2025-11-18,PAYOUT TO CLIENT,173214,,-465692.0,TXN-0001519
2025-11-16,2025-11-16,PAYOUT TO CLIENT,25798,,-491490.0,TXN-0001520
2025-11-19,2025-11-19,MISC ADJUSTMENT,,17917,-473573.0,TXN-0001521
2025-11-21,2025-11-21,BANK / DP CHARGES,288,,-473861.0,TXN-0001522
2025-11-21,2025-11-21,BROKERAGE / TRADE SETTLEMENT,59923,,-533784.0,TXN-0001523
2025-11-22,2025-11-23,MISC ADJUSTMENT,41443,,-575227.0,TXN-0001524
2025-11-16,2025-11-17,BROKERAGE / TRADE SETTLEMENT,18490,,-593717.0,TXN-0001525
2025-11-15,2025-11-15,CLIENT FUNDING - RTGS,,73562,-520155.0,TXN-0001526
2025-11-27,2025-11-27,PAYOUT TO CLIENT,163089,,-683244.0,TXN-0001527
2025-11-15,2025-11-16,MISC ADJUSTMENT,,42871,-640373.0,TXN-0001528
2025-11-29,2025-11-29,BROKERAGE / TRADE SETTLEMENT,88063,,-728436.0,TXN-0001529
2025-11-23,2025-11-24,MISC ADJUSTMENT,13310,,-741746.0,TXN-0001530
2025-11-24,2025-11-25,PAYOUT TO CLIENT,144662,,-886408.0,TXN-0001531
2025-11-16,2025-11-16,CLIENT FUNDING - RTGS,,182376,-704032.0,TXN-0001532
2025-11-28,2025-11-28,BROKERAGE / TRADE SETTLEMENT,35222,,-739254.0,TXN-0001533
2025-11-20,2025-11-20,BANK / DP CHARGES,863,,-740117.0,TXN-0001534
2025-11-23,2025-11-25,PAYOUT TO CLIENT,62191,,-802308.0,TXN-0001535
2025-11-21,2025-11-21,BROKERAGE / TRADE SETTLEMENT,144252,,-946560.0,TXN-0001536
2025-11-19,2025-11-21,PAYOUT TO CLIENT,75514,,-1022074.0,TXN-0001537
2025-11-24,2025-11-25,BANK / DP CHARGES,497,,-1022571.0,TXN-0001538
2025-11-15,2025-11-15,BANK / DP CHARGES,1100,,-1023671.0,TXN-0001539
2025-11-19,2025-11-19,MISC ADJUSTMENT,20910,,-1044581.0,TXN-0001540
2025-11-15,2025-11-15,CLIENT FUNDING - RTGS,,220939,-823642.0,TXN-0001541
2025-11-18,2025-11-18,CLIENT FUNDING - RTGS,,258813,-564829.0,TXN-0001542
2025-11-28,2025-11-30,PAYOUT TO CLIENT,48685,,-613514.0,TXN-0001543
2025-11-22,2025-11-22,BROKERAGE / TRADE SETTLEMENT,20105,,-633619.0,TXN-0001544
2025-11-19,2025-11-21,BROKERAGE / TRADE SETTLEMENT,59393,,-693012.0,TXN-0001545
2025-11-28,2025-11-29,BROKERAGE / TRADE SETTLEMENT,61950,,-754962.0,TXN-0001546
2025-11-23,2025-11-23,CLIENT FUNDING - RTGS,,212206,-542756.0,TXN-0001547
2025-11-29,2025-11-29,PAYOUT TO CLIENT,152460,,-695216.0,TXN-0001548
2025-11-21,2025-11-23,CLIENT FUNDING - RTGS,,276766,-418450.0,TXN-0001549
2025-11-29,2025-11-29,CLIENT FUNDING - RTGS,,160292,-258158.0,TXN-0001550
2025-11-23,2025-11-23,PAYOUT TO CLIENT,166612,,-424770.0,TXN-0001551
2025-11-15,2025-11-16,CLIENT FUNDING - RTGS,,271397,-153373.0,TXN-0001552
2025-11-29,2025-11-29,BROKERAGE / TRADE SETTLEMENT,51351,,-204724.0,TXN-0001553
2025-11-26,2025-11-27,PAYOUT TO CLIENT,51709,,-256433.0,TXN-0001554
2025-11-23,2025-11-24,MISC ADJUSTMENT,19990,,-276423.0,TXN-0001555
2025-11-21,2025-11-21,PAYOUT TO CLIENT,83390,,-359813.0,TXN-0001556
2025-11-27,2025-11-28,CLIENT FUNDING - RTGS,,213803,-146010.0,TXN-0001557
2025-11-21,2025-11-21,MISC ADJUSTMENT,,40640,-105370.0,TXN-0001558
2025-11-18,2025-11-18,CLIENT FUNDING - RTGS,,103768,-1602.0,TXN-0001559
2025-11-28,2025-11-30,PAYOUT TO CLIENT,101959,,-103561.0,TXN-0001560
2025-11-23,2025-11-23,PAYOUT TO CLIENT,186702,,-290263.0,TXN-0001561
2025-11-15,2025-11-16,BANK / DP CHARGES,1169,,-291432.0,TXN-0001562
2025-11-26,2025-11-28,MISC ADJUSTMENT,44023,,-335455.0,TXN-0001563
2025-11-26,2025-11-26,BANK / DP CHARGES,1967,,-337422.0,TXN-0001564
2025-11-25,2025-11-26,CLIENT FUNDING - RTGS,,164068,-173354.0,TXN-0001565
2025-11-17,2025-11-17,CLIENT FUNDING - RTGS,,99113,-74241.0,TXN-0001566
2025-11-18,2025-11-18,CLIENT FUNDING - RTGS,,128168,53927.0,TXN-0001567
2025-11-16,2025-11-16,BROKERAGE / TRADE SETTLEMENT,18319,,35608.0,TXN-0001568
2025-11-24,2025-11-25,PAYOUT TO CLIENT,87769,,-52161.0,TXN-0001569
2025-11-22,2025-11-24,BROKERAGE / TRADE SETTLEMENT,11681,,-63842.0,TXN-0001570
2025-11-17,2025-11-17,CLIENT FUNDING - RTGS,,267760,203918.0,TXN-0001571
2025-11-20,2025-11-22,MISC ADJUSTMENT,,39488,243406.0,TXN-0001572
2025-11-27,2025-11-27,BANK / DP CHARGES,574,,242832.0,TXN-0001573
2025-11-25,2025-11-25,CLIENT FUNDING - RTGS,,93644,336476.0,TXN-0001574
2025-11-26,2025-11-26,BROKERAGE / TRADE SETTLEMENT,77277,,259199.0,TXN-0001575
2025-11-29,2025-12-01,BROKERAGE / TRADE SETTLEMENT,35398,,223801.0,TXN-0001576
2025-11-22,2025-11-22,MISC ADJUSTMENT,41789,,182012.0,TXN-0001577
2025-11-29,2025-11-29,CLIENT FUNDING - RTGS,,236034,418046.0,TXN-0001578
2025-11-25,2025-11-25,BANK / DP CHARGES,1436,,416610.0,TXN-0001579
2025-11-15,2025-11-15,BROKERAGE / TRADE SETTLEMENT,128765,,287845.0,TXN-0001580
2025-11-23,2025-11-23,MISC ADJUSTMENT,,42486,330331.0,TXN-0001581
2025-11-26,2025-11-26,BANK / DP CHARGES,305,,330026.0,TXN-0001582
2025-11-28,2025-11-29,BROKERAGE / TRADE SETTLEMENT,56824,,273202.0,TXN-0001583
2025-11-25,2025-11-26,BANK / DP CHARGES,1086,,272116.0,TXN-0001584
2025-11-18,2025-11-18,BANK / DP CHARGES,1951,,270165.0,TXN-0001585
2025-11-20,2025-11-20,MISC ADJUSTMENT,16542,,253623.0,TXN-0001586
2025-11-28,2025-11-30,MISC ADJUSTMENT,27621,,226002.0,TXN-0001587
2025-11-19,2025-11-21,MISC ADJUSTMENT,,13973,239975.0,TXN-0001588
2025-11-16,2025-11-18,BANK / DP CHARGES,1766,,238209.0,TXN-0001589
2025-11-26,2025-11-28,CLIENT FUNDING - RTGS,,248609,486818.0,TXN-0001590
2025-11-29,2025-11-29,MISC ADJUSTMENT,,35548,522366.0,TXN-0001591
2025-11-29,2025-12-01,MISC ADJUSTMENT,7611,,514755.0,TXN-0001592
2025-11-27,2025-11-27,BANK / DP CHARGES,836,,513919.0,TXN-0001593
2025-11-29,2025-12-01,BROKERAGE / TRADE SETTLEMENT,114137,,399782.0,TXN-0001594
2025-11-20,2025-11-20,PAYOUT TO CLIENT,145497,,254285.0,TXN-0001595
2025-11-17,2025-11-19,PAYOUT TO CLIENT,41816,,212469.0,TXN-0001596
2025-11-22,2025-11-23,BANK / DP CHARGES,995,,211474.0,TXN-0001597
2025-11-29,2025-11-29,CLIENT FUNDING - RTGS,,122122,333596.0,TXN-0001598
2025-11-22,2025-11-23,MISC ADJUSTMENT,16674,,316922.0,TXN-0001599
2025-11-19,2025-11-21,BANK / DP CHARGES,1665,,315257.0,TXN-0001600
2025-11-20,2025-11-20,MISC ADJUSTMENT,,12039,327296.0,TXN-0001601
2025-11-20,2025-11-20,BROKERAGE / TRADE SETTLEMENT,60751,,266545.0,TXN-0001602
2025-11-19,2025-11-21,BANK / DP CHARGES,651,,265894.0,TXN-0001603
2025-11-20,2025-11-22,CLIENT FUNDING - RTGS,,84124,350018.0,TXN-0001604
2025-11-29,2025-11-29,MISC ADJUSTMENT,45706,,304312.0,TXN-0001605
2025-11-23,2025-11-25,CLIENT FUNDING - RTGS,,258562,562874.0,TXN-0001606
2025-11-24,2025-11-24,BANK / DP CHARGES,190,,562684.0,TXN-0001607
2025-11-23,2025-11-23,MISC ADJUSTMENT,,46186,608870.0,TXN-0001608
2025-11-15,2025-11-16,MISC ADJUSTMENT,42732,,566138.0,TXN-0001609
2025-11-22,2025-11-22,BANK / DP CHARGES,1010,,565128.0,TXN-0001610
2025-11-26,2025-11-26,BANK / DP CHARGES,819,,564309.0,TXN-0001611
2025-11-17,2025-11-17,BROKERAGE / TRADE SETTLEMENT,74732,,489577.0,TXN-0001612
2025-11-24,2025-11-24,BANK / DP CHARGES,1121,,488456.0,TXN-0001613
2025-11-17,2025-11-17,BROKERAGE / TRADE SETTLEMENT,126151,,362305.0,TXN-0001614
2025-11-23,2025-11-23,BROKERAGE / TRADE SETTLEMENT,42568,,319737.0,TXN-0001615
2025-11-23,2025-11-23,BANK / DP CHARGES,674,,319063.0,TXN-0001616
2025-11-20,2025-11-20,MISC ADJUSTMENT,15347,,303716.0,TXN-0001617
2025-11-29,2025-11-29,PAYOUT TO CLIENT,165865,,137851.0,TXN-0001618
2025-11-15,2025-11-15,BANK / DP CHARGES,1906,,135945.0,TXN-0001619
2025-11-20,2025-11-20,BROKERAGE / TRADE SETTLEMENT,102083,,33862.0,TXN-0001620
2025-11-17,2025-11-17,PAYOUT TO CLIENT,89127,,-55265.0,TXN-0001621
2025-11-28,2025-11-28,BANK / DP CHARGES,1437,,-56702.0,TXN-0001622
2025-11-23,2025-11-24,CLIENT FUNDING - RTGS,,132602,75900.0,TXN-0001623
2025-11-29,2025-12-01,BROKERAGE / TRADE SETTLEMENT,57227,,18673.0,TXN-0001624
2025-11-17,2025-11-17,BANK / DP CHARGES,814,,17859.0,TXN-0001625
2025-11-19,2025-11-19,CLIENT FUNDING - RTGS,,262013,279872.0,TXN-0001626
2025-11-16,2025-11-18,BANK / DP CHARGES,1980,,277892.0,TXN-0001627
2025-11-18,2025-11-18,BROKERAGE / TRADE SETTLEMENT,68707,,209185.0,TXN-0001628
2025-11-25,2025-11-27,PAYOUT TO CLIENT,181501,,27684.0,TXN-0001629
2025-11-19,2025-11-20,CLIENT FUNDING - RTGS,,274681,302365.0,TXN-0001630
2025-11-17,2025-11-19,CLIENT FUNDING - RTGS,,51547,353912.0,TXN-0001631
2025-11-22,2025-11-22,MISC ADJUSTMENT,29289,,324623.0,TXN-0001632
2025-11-24,2025-11-24,BANK / DP CHARGES,1432,,323191.0,TXN-0001633
2025-11-22,2025-11-23,MISC ADJUSTMENT,18946,,304245.0,TXN-0001634
2025-11-26,2025-11-26,PAYOUT TO CLIENT,45761,,258484.0,TXN-0001635
2025-11-19,2025-11-21,CLIENT FUNDING - RTGS,,185722,444206.0,TXN-0001636
2025-11-19,2025-11-20,BROKERAGE / TRADE SETTLEMENT,17368,,426838.0,TXN-0001637
2025-11-22,2025-11-24,BROKERAGE / TRADE SETTLEMENT,60782,,366056.0,TXN-0001638
2025-11-18,2025-11-18,BANK / DP CHARGES,283,,365773.0,TXN-0001639
2025-11-24,2025-11-25,MISC ADJUSTMENT,23205,,342568.0,TXN-0001640
2025-11-26,2025-11-26,BROKERAGE / TRADE SETTLEMENT,94780,,247788.0,TXN-0001641
2025-11-25,2025-11-25,CLIENT FUNDING - RTGS,,114484,362272.0,TXN-0001642
2025-11-23,2025-11-25,BANK / DP CHARGES,679,,361593.0,TXN-0001643
2025-11-25,2025-11-26,CLIENT FUNDING - RTGS,,50266,411859.0,TXN-0001644
2025-11-17,2025-11-19,BANK / DP CHARGES,1361,,410498.0,TXN-0001645
2025-11-21,2025-11-23,MISC ADJUSTMENT,,47857,458355.0,TXN-0001646
2025-11-26,2025-11-27,BANK / DP CHARGES,714,,457641.0,TXN-0001647
2025-11-17,2025-11-17,BANK / DP CHARGES,1996,,455645.0,TXN-0001648
2025-11-20,2025-11-21,BANK / DP CHARGES,610,,455035.0,TXN-0001649
2025-11-16,2025-11-16,MISC ADJUSTMENT,46303,,408732.0,TXN-0001650
2025-11-22,2025-11-24,BANK / DP CHARGES,807,,407925.0,TXN-0001651
2025-11-27,2025-11-27,BANK / DP CHARGES,1516,,406409.0,TXN-0001652
2025-11-21,2025-11-21,BROKERAGE / TRADE SETTLEMENT,69897,,336512.0,TXN-0001653
2025-11-19,2025-11-19,CLIENT FUNDING - RTGS,,213050,549562.0,TXN-0001654
2025-11-18,2025-11-18,BROKERAGE / TRADE SETTLEMENT,37789,,511773.0,TXN-0001655
2025-11-20,2025-11-21,MISC ADJUSTMENT,21539,,490234.0,TXN-0001656
2025-11-24,2025-11-24,BROKERAGE / TRADE SETTLEMENT,62370,,427864.0,TXN-0001657
2025-11-21,2025-11-23,CLIENT FUNDING - RTGS,,250247,678111.0,TXN-0001658
2025-11-21,2025-11-21,CLIENT FUNDING - RTGS,,188814,866925.0,TXN-0001659
2025-11-18,2025-11-20,CLIENT FUNDING - RTGS,,99766,966691.0,TXN-0001660
2025-11-19,2025-11-20,CLIENT FUNDING - RTGS,,169120,1135811.0,TXN-0001661
2025-11-25,2025-11-26,MISC ADJUSTMENT,,12579,1148390.0,TXN-0001662
2025-11-16,2025-11-17,PAYOUT TO CLIENT,185472,,962918.0,TXN-0001663
2025-11-17,2025-11-17,PAYOUT TO CLIENT,83802,,879116.0,TXN-0001664
2025-11-27,2025-11-27,MISC ADJUSTMENT,36031,,843085.0,TXN-0001665
2025-11-26,2025-11-28,BROKERAGE / TRADE SETTLEMENT,72398,,770687.0,TXN-0001666
2025-11-29,2025-12-01,PAYOUT TO CLIENT,25233,,745454.0,TXN-0001667
2025-11-18,2025-11-18,PAYOUT TO CLIENT,173187,,572267.0,TXN-0001668
2025-11-22,2025-11-22,MISC ADJUSTMENT,23390,,548877.0,TXN-0001669
2025-11-24,2025-11-26,CLIENT FUNDING - RTGS,,173847,722724.0,TXN-0001670
2025-11-20,2025-11-20,BANK / DP CHARGES,1127,,721597.0,TXN-0001671
2025-11-29,2025-12-01,CLIENT FUNDING - RTGS,,146813,868410.0,TXN-0001672
2025-11-24,2025-11-26,BANK / DP CHARGES,124,,868286.0,TXN-0001673
2025-11-29,2025-11-29,BANK / DP CHARGES,838,,867448.0,TXN-0001674
2025-11-20,2025-11-21,MISC ADJUSTMENT,48866,,818582.0,TXN-0001675
2025-11-20,2025-11-22,MISC ADJUSTMENT,33115,,785467.0,TXN-0001676
2025-11-27,2025-11-28,BANK / DP CHARGES,351,,785116.0,TXN-0001677
2025-11-24,2025-11-24,PAYOUT TO CLIENT,193562,,591554.0,TXN-0001678
2025-11-25,2025-11-25,PAYOUT TO CLIENT,72029,,519525.0,TXN-0001679
2025-11-24,2025-11-25,MISC ADJUSTMENT,34167,,485358.0,TXN-0001680
2025-11-19,2025-11-19,MISC ADJUSTMENT,5074,,480284.0,TXN-0001681
2025-11-25,2025-11-25,CLIENT FUNDING - RTGS,,263598,743882.0,TXN-0001682
2025-11-23,2025-11-23,PAYOUT TO CLIENT,154185,,589697.0,TXN-0001683
2025-11-20,2025-11-21,BANK / DP CHARGES,323,,589374.0,TXN-0001684
2025-11-20,2025-11-21,CLIENT FUNDING - RTGS,,73271,662645.0,TXN-0001685
2025-11-29,2025-11-30,BROKERAGE / TRADE SETTLEMENT,71691,,590954.0,TXN-0001686
2025-11-17,2025-11-17,MISC ADJUSTMENT,,11875,602829.0,TXN-0001687
2025-11-18,2025-11-18,MISC ADJUSTMENT,,45161,647990.0,TXN-0001688
2025-11-20,2025-11-21,PAYOUT TO CLIENT,165036,,482954.0,TXN-0001689
2025-11-17,2025-11-19,MISC ADJUSTMENT,20503,,462451.0,TXN-0001690
2025-11-18,2025-11-18,MISC ADJUSTMENT,47802,,414649.0,TXN-0001691
2025-11-23,2025-11-25,BROKERAGE / TRADE SETTLEMENT,38065,,376584.0,TXN-0001692
2025-11-26,2025-11-26,MISC ADJUSTMENT,7368,,369216.0,TXN-0001693
2025-11-22,2025-11-22,BROKERAGE / TRADE SETTLEMENT,11254,,357962.0,TXN-0001694
2025-11-28,2025-11-29,BANK / DP CHARGES,256,,357706.0,TXN-0001695
2025-11-18,2025-11-19,MISC ADJUSTMENT,,19988,377694.0,TXN-0001696
2025-11-24,2025-11-24,BROKERAGE / TRADE SETTLEMENT,140937,,236757.0,TXN-0001697
2025-11-26,2025-11-26,BANK / DP CHARGES,118,,236639.0,TXN-0001698
2025-11-25,2025-11-27,PAYOUT TO CLIENT,83094,,153545.0,TXN-0001699
2025-11-20,2025-11-20,MISC ADJUSTMENT,22412,,131133.0,TXN-0001700
2025-11-29,2025-11-29,PAYOUT TO CLIENT,197672,,-66539.0,TXN-0001701
2025-11-18,2025-11-18,BROKERAGE / TRADE SETTLEMENT,90751,,-157290.0,TXN-0001702
2025-11-22,2025-11-22,CLIENT FUNDING - RTGS,,227374,70084.0,TXN-0001703
2025-11-18,2025-11-20,CLIENT FUNDING - RTGS,,220988,291072.0,TXN-0001704
2025-11-22,2025-11-22,MISC ADJUSTMENT,,40729,331801.0,TXN-0001705
2025-11-20,2025-11-20,BANK / DP CHARGES,107,,331694.0,TXN-0001706
2025-11-18,2025-11-19,BANK / DP CHARGES,1151,,330543.0,TXN-0001707
2025-11-25,2025-11-26,CLIENT FUNDING - RTGS,,187462,518005.0,TXN-0001708
2025-11-29,2025-11-29,BROKERAGE / TRADE SETTLEMENT,99972,,418033.0,TXN-0001709
2025-11-15,2025-11-15,CLIENT FUNDING - RTGS,,276838,694871.0,TXN-0001710
2025-11-28,2025-11-28,PAYOUT TO CLIENT,30480,,664391.0,TXN-0001711
2025-11-20,2025-11-22,CLIENT FUNDING - RTGS,,253960,918351.0,TXN-0001712
2025-11-27,2025-11-28,BROKERAGE / TRADE SETTLEMENT,127748,,790603.0,TXN-0001713
2025-11-28,2025-11-28,CLIENT FUNDING - RTGS,,228421,1019024.0,TXN-0001714
2025-11-16,2025-11-18,CLIENT FUNDING - RTGS,,69611,1088635.0,TXN-0001715
2025-11-25,2025-11-25,PAYOUT TO CLIENT,174862,,913773.0,TXN-0001716
2025-11-22,2025-11-23,MISC ADJUSTMENT,15998,,897775.0,TXN-0001717
2025-11-20,2025-11-21,BROKERAGE / TRADE SETTLEMENT,146552,,751223.0,TXN-0001718
2025-11-19,2025-11-19,PAYOUT TO CLIENT,62713,,688510.0,TXN-0001719
2025-11-22,2025-11-24,PAYOUT TO CLIENT,44523,,643987.0,TXN-0001720
2025-11-28,2025-11-28,BANK / DP CHARGES,1586,,642401.0,TXN-0001721
2025-11-21,2025-11-22,MISC ADJUSTMENT,,19925,662326.0,TXN-0001722
2025-11-22,2025-11-22,BROKERAGE / TRADE SETTLEMENT,87526,,574800.0,TXN-0001723
2025-11-15,2025-11-15,PAYOUT TO CLIENT,87529,,487271.0,TXN-0001724
2025-11-18,2025-11-19,BROKERAGE / TRADE SETTLEMENT,76196,,411075.0,TXN-0001725
2025-11-23,2025-11-23,PAYOUT TO CLIENT,118731,,292344.0,TXN-0001726
2025-11-27,2025-11-29,PAYOUT TO CLIENT,102188,,190156.0,TXN-0001727
2025-11-28,2025-11-30,CLIENT FUNDING - RTGS,,50313,240469.0,TXN-0001728
2025-11-16,2025-11-16,CLIENT FUNDING - RTGS,,154167,394636.0,TXN-0001729
2025-11-27,2025-11-29,MISC ADJUSTMENT,,37943,432579.0,TXN-0001730
2025-11-22,2025-11-24,MISC ADJUSTMENT,8491,,424088.0,TXN-0001731
2025-11-28,2025-11-28,MISC ADJUSTMENT,,42382,466470.0,TXN-0001732
2025-11-18,2025-11-18,CLIENT FUNDING - RTGS,,158426,624896.0,TXN-0001733
2025-11-25,2025-11-26,CLIENT FUNDING - RTGS,,60155,685051.0,TXN-0001734
2025-11-22,2025-11-22,BROKERAGE / TRADE SETTLEMENT,70278,,614773.0,TXN-0001735
2025-11-23,2025-11-23,MISC ADJUSTMENT,33813,,580960.0,TXN-0001736
2025-11-29,2025-11-30,BANK / DP CHARGES,181,,580779.0,TXN-0001737
2025-11-27,2025-11-27,BROKERAGE / TRADE SETTLEMENT,108426,,472353.0,TXN-0001738
2025-11-22,2025-11-22,CLIENT FUNDING - RTGS,,107407,579760.0,TXN-0001739
2025-11-20,2025-11-21,BANK / DP CHARGES,473,,579287.0,TXN-0001740
2025-11-25,2025-11-25,PAYOUT TO CLIENT,132434,,446853.0,TXN-0001741
2025-11-20,2025-11-22,BROKERAGE / TRADE SETTLEMENT,23212,,423641.0,TXN-0001742
2025-11-25,2025-11-25,MISC ADJUSTMENT,30605,,393036.0,TXN-0001743
2025-11-27,2025-11-27,CLIENT FUNDING - RTGS,,263694,656730.0,TXN-0001744
2025-11-18,2025-11-20,BANK / DP CHARGES,580,,656150.0,TXN-0001745
2025-11-29,2025-11-30,PAYOUT TO CLIENT,113463,,542687.0,TXN-0001746
2025-11-25,2025-11-27,MISC ADJUSTMENT,32038,,510649.0,TXN-0001747
2025-11-16,2025-11-17,CLIENT FUNDING - RTGS,,168448,679097.0,TXN-0001748
2025-11-19,2025-11-19,BROKERAGE / TRADE SETTLEMENT,21005,,658092.0,TXN-0001749
2025-11-29,2025-12-01,BANK / DP CHARGES,260,,657832.0,TXN-0001750
2025-11-29,2025-11-29,BANK / DP CHARGES,851,,656981.0,TXN-0001751
2025-11-19,2025-11-19,CLIENT FUNDING - RTGS,,75246,732227.0,TXN-0001752
2025-11-28,2025-11-28,BROKERAGE / TRADE SETTLEMENT,12172,,720055.0,TXN-0001753
2025-11-29,2025-11-29,MISC ADJUSTMENT,,45814,765869.0,TXN-0001754
2025-11-24,2025-11-25,PAYOUT TO CLIENT,85842,,680027.0,TXN-0001755
2025-11-28,2025-11-30,PAYOUT TO CLIENT,136803,,543224.0,TXN-0001756
2025-11-15,2025-11-16,MISC ADJUSTMENT,,34608,577832.0,TXN-0001757
2025-11-15,2025-11-15,BANK / DP CHARGES,358,,577474.0,TXN-0001758
2025-11-20,2025-11-22,MISC ADJUSTMENT,,16656,594130.0,TXN-0001759
2025-11-27,2025-11-27,BANK / DP CHARGES,1153,,592977.0,TXN-0001760
2025-11-20,2025-11-20,CLIENT FUNDING - RTGS,,110464,703441.0,TXN-0001761
2025-11-19,2025-11-19,BANK / DP CHARGES,1082,,702359.0,TXN-0001762
2025-11-16,2025-11-16,BANK / DP CHARGES,1986,,700373.0,TXN-0001763
2025-11-20,2025-11-22,PAYOUT TO CLIENT,179619,,520754.0,TXN-0001764
2025-11-26,2025-11-28,CLIENT FUNDING - RTGS,,295185,815939.0,TXN-0001765
2025-11-24,2025-11-24,BROKERAGE / TRADE SETTLEMENT,70713,,745226.0,TXN-0001766
2025-11-26,2025-11-28,BROKERAGE / TRADE SETTLEMENT,46044,,699182.0,TXN-0001767
2025-11-19,2025-11-19,BANK / DP CHARGES,170,,699012.0,TXN-0001768
2025-11-17,2025-11-19,BROKERAGE / TRADE SETTLEMENT,42852,,656160.0,TXN-0001769
2025-11-22,2025-11-24,MISC ADJUSTMENT,46921,,609239.0,TXN-0001770
2025-11-28,2025-11-28,BANK / DP CHARGES,1168,,608071.0,TXN-0001771
2025-11-23,2025-11-24,BROKERAGE / TRADE SETTLEMENT,119929,,488142.0,TXN-0001772
2025-11-20,2025-11-22,MISC ADJUSTMENT,5562,,482580.0,TXN-0001773
2025-11-26,2025-11-26,BROKERAGE / TRADE SETTLEMENT,55543,,427037.0,TXN-0001774
2025-11-25,2025-11-26,PAYOUT TO CLIENT,49995,,377042.0,TXN-0001775
2025-11-22,2025-11-23,BROKERAGE / TRADE SETTLEMENT,71928,,305114.0,TXN-0001776
2025-11-18,2025-11-18,CLIENT FUNDING - RTGS,,58330,363444.0,TXN-0001777
2025-11-17,2025-11-18,BANK / DP CHARGES,1158,,362286.0,TXN-0001778
2025-11-17,2025-11-18,BANK / DP CHARGES,1813,,360473.0,TXN-0001779
2025-11-16,2025-11-17,CLIENT FUNDING - RTGS,,240050,600523.0,TXN-0001780
2025-11-23,2025-11-24,BANK / DP CHARGES,1998,,598525.0,TXN-0001781
2025-11-19,2025-11-19,BANK / DP CHARGES,1631,,596894.0,TXN-0001782
2025-11-28,2025-11-28,PAYOUT TO CLIENT,172232,,424662.0,TXN-0001783
2025-11-17,2025-11-18,BROKERAGE / TRADE SETTLEMENT,62766,,361896.0,TXN-0001784
2025-11-23,2025-11-25,BANK / DP CHARGES,644,,361252.0,TXN-0001785
2025-11-24,2025-11-25,BANK / DP CHARGES,1483,,359769.0,TXN-0001786
2025-11-27,2025-11-27,MISC ADJUSTMENT,,45247,405016.0,TXN-0001787
2025-11-23,2025-11-25,BROKERAGE / TRADE SETTLEMENT,149859,,255157.0,TXN-0001788
2025-11-27,2025-11-27,MISC ADJUSTMENT,32648,,222509.0,TXN-0001789
2025-11-26,2025-11-27,PAYOUT TO CLIENT,62434,,160075.0,TXN-0001790
2025-11-26,2025-11-26,BROKERAGE / TRADE SETTLEMENT,66171,,93904.0,TXN-0001791
2025-11-21,2025-11-22,CLIENT FUNDING - RTGS,,167039,260943.0,TXN-0001792
2025-11-19,2025-11-21,BROKERAGE / TRADE SETTLEMENT,40289,,220654.0,TXN-0001793
2025-11-25,2025-11-25,BROKERAGE / TRADE SETTLEMENT,43944,,176710.0,TXN-0001794
2025-11-20,2025-11-22,MISC ADJUSTMENT,20167,,156543.0,TXN-0001795
2025-11-18,2025-11-19,MISC ADJUSTMENT,13469,,143074.0,TXN-0001796
2025-11-25,2025-11-25,BROKERAGE / TRADE SETTLEMENT,111729,,31345.0,TXN-0001797
2025-11-29,2025-11-29,BANK / DP CHARGES,1743,,29602.0,TXN-0001798
2025-11-28,2025-11-29,PAYOUT TO CLIENT,186501,,-156899.0,TXN-0001799
2025-11-29,2025-11-29,CLIENT FUNDING - RTGS,,56695,-100204.0,TXN-0001800
2025-11-18,2025-11-19,BANK / DP CHARGES,1393,,-101597.0,TXN-0001801
2025-11-26,2025-11-27,MISC ADJUSTMENT,,21000,-80597.0,TXN-0001802
2025-11-25,2025-11-26,BROKERAGE / TRADE SETTLEMENT,106658,,-187255.0,TXN-0001803
2025-11-19,2025-11-20,PAYOUT TO CLIENT,141710,,-328965.0,TXN-0001804
2025-11-15,2025-11-17,BROKERAGE / TRADE SETTLEMENT,140281,,-469246.0,TXN-0001805
2025-11-21,2025-11-23,MISC ADJUSTMENT,,44777,-424469.0,TXN-0001806
2025-11-23,2025-11-25,BROKERAGE / TRADE SETTLEMENT,97120,,-521589.0,TXN-0001807
2025-11-15,2025-11-16,MISC ADJUSTMENT,,45331,-476258.0,TXN-0001808
2025-11-24,2025-11-26,BANK / DP CHARGES,1746,,-478004.0,TXN-0001809
2025-11-23,2025-11-23,BANK / DP CHARGES,1781,,-479785.0,TXN-0001810
2025-11-19,2025-11-21,BROKERAGE / TRADE SETTLEMENT,53577,,-533362.0,TXN-0001811
2025-11-17,2025-11-19,BANK / DP CHARGES,1009,,-534371.0,TXN-0001812
2025-11-21,2025-11-21,PAYOUT TO CLIENT,51833,,-586204.0,TXN-0001813
2025-11-16,2025-11-17,MISC ADJUSTMENT,,43110,-543094.0,TXN-0001814
2025-11-24,2025-11-25,CLIENT FUNDING - RTGS,,130849,-412245.0,TXN-0001815
2025-11-24,2025-11-24,BROKERAGE / TRADE SETTLEMENT,84317,,-496562.0,TXN-0001816
2025-11-24,2025-11-26,BROKERAGE / TRADE SETTLEMENT,101826,,-598388.0,TXN-0001817
2025-11-16,2025-11-16,BROKERAGE / TRADE SETTLEMENT,99703,,-698091.0,TXN-0001818
2025-11-28,2025-11-30,MISC ADJUSTMENT,28851,,-726942.0,TXN-0001819
2025-11-15,2025-11-15,BROKERAGE / TRADE SETTLEMENT,18890,,-745832.0,TXN-0001820
2025-11-16,2025-11-18,CLIENT FUNDING - RTGS,,179637,-566195.0,TXN-0001821
2025-11-26,2025-11-26,BROKERAGE / TRADE SETTLEMENT,127155,,-693350.0,TXN-0001822
2025-11-21,2025-11-23,MISC ADJUSTMENT,,23294,-670056.0,TXN-0001823
2025-11-23,2025-11-23,BROKERAGE / TRADE SETTLEMENT,71805,,-741861.0,TXN-0001824
2025-11-21,2025-11-23,BROKERAGE / TRADE SETTLEMENT,130516,,-872377.0,TXN-0001825
2025-11-29,2025-12-01,MISC ADJUSTMENT,,6618,-865759.0,TXN-0001826
2025-11-28,2025-11-28,PAYOUT TO CLIENT,150369,,-1016128.0,TXN-0001827
2025-11-23,2025-11-23,MISC ADJUSTMENT,47093,,-1063221.0,TXN-0001828
2025-11-28,2025-11-28,CLIENT FUNDING - RTGS,,206859,-856362.0,TXN-0001829
2025-11-21,2025-11-21,BROKERAGE / TRADE SETTLEMENT,62085,,-918447.0,TXN-0001830
2025-11-16,2025-11-17,PAYOUT TO CLIENT,114708,,-1033155.0,TXN-0001831
2025-11-21,2025-11-22,MISC ADJUSTMENT,30369,,-1063524.0,TXN-0001832
2025-11-15,2025-11-15,BROKERAGE / TRADE SETTLEMENT,86518,,-1150042.0,TXN-0001833
2025-11-18,2025-11-18,BANK / DP CHARGES,1322,,-1151364.0,TXN-0001834
2025-11-20,2025-11-20,CLIENT FUNDING - RTGS,,181616,-969748.0,TXN-0001835
2025-11-24,2025-11-25,PAYOUT TO CLIENT,160499,,-1130247.0,TXN-0001836
2025-11-26,2025-11-26,MISC ADJUSTMENT,,9539,-1120708.0,TXN-0001837
2025-11-29,2025-11-29,BROKERAGE / TRADE SETTLEMENT,58763,,-1179471.0,TXN-0001838
2025-11-19,2025-11-19,PAYOUT TO CLIENT,80124,,-1259595.0,TXN-0001839
2025-11-24,2025-11-24,BANK / DP CHARGES,395,,-1259990.0,TXN-0001840
2025-11-17,2025-11-17,CLIENT FUNDING - RTGS,,221215,-1038775.0,TXN-0001841
2025-11-27,2025-11-27,MISC ADJUSTMENT,,39676,-999099.0,TXN-0001842
2025-11-25,2025-11-26,BROKERAGE / TRADE SETTLEMENT,52773,,-1051872.0,TXN-0001843
2025-11-28,2025-11-28,CLIENT FUNDING - RTGS,,140486,-911386.0,TXN-0001844
2025-11-19,2025-11-21,CLIENT FUNDING - RTGS,,227845,-683541.0,TXN-0001845
2025-11-24,2025-11-24,CLIENT FUNDING - RTGS,,62146,-621395.0,TXN-0001846
2025-11-19,2025-11-19,PAYOUT TO CLIENT,100770,,-722165.0,TXN-0001847
2025-11-27,2025-11-28,BANK / DP CHARGES,1403,,-723568.0,TXN-0001848
2025-11-22,2025-11-22,BANK / DP CHARGES,995,,-724563.0,TXN-0001849
2025-11-18,2025-11-19,BROKERAGE / TRADE SETTLEMENT,109124,,-833687.0,TXN-0001850
2025-11-17,2025-11-17,BANK / DP CHARGES,232,,-833919.0,TXN-0001851
2025-11-18,2025-11-18,CLIENT FUNDING - RTGS,,185129,-648790.0,TXN-0001852
2025-11-16,2025-11-18,BROKERAGE / TRADE SETTLEMENT,53167,,-701957.0,TXN-0001853
2025-11-26,2025-11-26,BROKERAGE / TRADE SETTLEMENT,36505,,-738462.0,TXN-0001854
2025-11-16,2025-11-16,BANK / DP CHARGES,760,,-739222.0,TXN-0001855
2025-11-16,2025-11-17,BANK / DP CHARGES,694,,-739916.0,TXN-0001856
2025-11-28,2025-11-29,PAYOUT TO CLIENT,181077,,-920993.0,TXN-0001857
2025-11-23,2025-11-23,BANK / DP CHARGES,816,,-921809.0,TXN-0001858
2025-11-17,2025-11-17,CLIENT FUNDING - RTGS,,166687,-755122.0,TXN-0001859
2025-11-23,2025-11-23,BROKERAGE / TRADE SETTLEMENT,102824,,-857946.0,TXN-0001860
2025-11-29,2025-11-29,MISC ADJUSTMENT,,48693,-809253.0,TXN-0001861
2025-11-29,2025-12-01,CLIENT FUNDING - RTGS,,210269,-598984.0,TXN-0001862
2025-11-17,2025-11-19,BANK / DP CHARGES,651,,-599635.0,TXN-0001863
2025-11-18,2025-11-19,PAYOUT TO CLIENT,99895,,-699530.0,TXN-0001864
2025-11-18,2025-11-19,BROKERAGE / TRADE SETTLEMENT,12768,,-712298.0,TXN-0001865
2025-11-15,2025-11-17,BANK / DP CHARGES,552,,-712850.0,TXN-0001866
2025-11-21,2025-11-21,PAYOUT TO CLIENT,61524,,-774374.0,TXN-0001867
2025-11-27,2025-11-27,BROKERAGE / TRADE SETTLEMENT,90831,,-865205.0,TXN-0001868
2025-11-20,2025-11-20,MISC ADJUSTMENT,45368,,-910573.0,TXN-0001869
2025-11-27,2025-11-29,BANK / DP CHARGES,466,,-911039.0,TXN-0001870
2025-11-20,2025-11-20,CLIENT FUNDING - RTGS,,277702,-633337.0,TXN-0001871
2025-11-25,2025-11-26,BROKERAGE / TRADE SETTLEMENT,50553,,-683890.0,TXN-0001872
2025-11-25,2025-11-25,MISC ADJUSTMENT,,47389,-636501.0,TXN-0001873
2025-11-26,2025-11-28,BROKERAGE / TRADE SETTLEMENT,45452,,-681953.0,TXN-0001874
2025-11-26,2025-11-27,PAYOUT TO CLIENT,36397,,-718350.0,TXN-0001875
2025-11-24,2025-11-25,MISC ADJUSTMENT,14461,,-732811.0,TXN-0001876
2025-11-26,2025-11-28,MISC ADJUSTMENT,,49586,-683225.0,TXN-0001877
2025-11-18,2025-11-18,BROKERAGE / TRADE SETTLEMENT,66025,,-749250.0,TXN-0001878
2025-11-20,2025-11-20,MISC ADJUSTMENT,,6050,-743200.0,TXN-0001879
2025-11-26,2025-11-26,CLIENT FUNDING - RTGS,,146775,-596425.0,TXN-0001880
2025-11-23,2025-11-24,BANK / DP CHARGES,169,,-596594.0,TXN-0001881
2025-11-28,2025-11-30,MISC ADJUSTMENT,17254,,-613848.0,TXN-0001882
2025-11-28,2025-11-28,BROKERAGE / TRADE SETTLEMENT,96224,,-710072.0,TXN-0001883
2025-11-27,2025-11-27,CLIENT FUNDING - RTGS,,150711,-559361.0,TXN-0001884
2025-11-29,2025-11-29,BANK / DP CHARGES,494,,-559855.0,TXN-0001885
2025-11-17,2025-11-17,CLIENT FUNDING - RTGS,,253367,-306488.0,TXN-0001886
2025-11-15,2025-11-15,MISC ADJUSTMENT,32987,,-339475.0,TXN-0001887
2025-11-27,2025-11-27,MISC ADJUSTMENT,24850,,-364325.0,TXN-0001888
2025-11-29,2025-11-29,PAYOUT TO CLIENT,159336,,-523661.0,TXN-0001889
2025-11-17,2025-11-17,BROKERAGE / TRADE SETTLEMENT,95812,,-619473.0,TXN-0001890
2025-11-21,2025-11-21,PAYOUT TO CLIENT,23083,,-642556.0,TXN-0001891
2025-11-18,2025-11-18,BANK / DP CHARGES,912,,-643468.0,TXN-0001892
2025-11-22,2025-11-24,MISC ADJUSTMENT,5655,,-649123.0,TXN-0001893
2025-11-27,2025-11-29,CLIENT FUNDING - RTGS,,207599,-441524.0,TXN-0001894
2025-11-28,2025-11-28,PAYOUT TO CLIENT,96306,,-537830.0,TXN-0001895
2025-11-28,2025-11-29,BROKERAGE / TRADE SETTLEMENT,146187,,-684017.0,TXN-0001896
2025-11-29,2025-12-01,MISC ADJUSTMENT,,47173,-636844.0,TXN-0001897
2025-11-24,2025-11-25,PAYOUT TO CLIENT,72738,,-709582.0,TXN-0001898
2025-11-18,2025-11-19,PAYOUT TO CLIENT,185276,,-894858.0,TXN-0001899
2025-11-23,2025-11-23,BROKERAGE / TRADE SETTLEMENT,144099,,-1038957.0,TXN-0001900
2025-11-19,2025-11-19,PAYOUT TO CLIENT,69124,,-1108081.0,TXN-0001901
2025-11-24,2025-11-25,MISC ADJUSTMENT,,23195,-1084886.0,TXN-0001902
2025-11-28,2025-11-29,BANK / DP CHARGES,1332,,-1086218.0,TXN-0001903
2025-11-18,2025-11-18,PAYOUT TO CLIENT,149122,,-1235340.0,TXN-0001904
2025-11-20,2025-11-20,BANK / DP CHARGES,1721,,-1237061.0,TXN-0001905
2025-11-18,2025-11-19,BROKERAGE / TRADE SETTLEMENT,12356,,-1249417.0,TXN-0001906
2025-11-19,2025-11-21,CLIENT FUNDING - RTGS,,211766,-1037651.0,TXN-0001907
2025-11-23,2025-11-23,PAYOUT TO CLIENT,89272,,-1126923.0,TXN-0001908
2025-11-20,2025-11-22,PAYOUT TO CLIENT,108542,,-1235465.0,TXN-0001909
2025-11-19,2025-11-19,PAYOUT TO CLIENT,154584,,-1390049.0,TXN-0001910
2025-11-24,2025-11-24,PAYOUT TO CLIENT,41125,,-1431174.0,TXN-0001911
2025-11-27,2025-11-27,BROKERAGE / TRADE SETTLEMENT,116634,,-1547808.0,TXN-0001912
2025-11-24,2025-11-25,BANK / DP CHARGES,1557,,-1549365.0,TXN-0001913
2025-11-26,2025-11-27,BROKERAGE / TRADE SETTLEMENT,12983,,-1562348.0,TXN-0001914
2025-11-21,2025-11-21,CLIENT FUNDING - RTGS,,278426,-1283922.0,TXN-0001915
2025-11-15,2025-11-15,CLIENT FUNDING - RTGS,,243454,-1040468.0,TXN-0001916
2025-11-27,2025-11-27,BANK / DP CHARGES,692,,-1041160.0,TXN-0001917
2025-11-22,2025-11-22,CLIENT FUNDING - RTGS,,258499,-782661.0,TXN-0001918
2025-11-17,2025-11-17,BROKERAGE / TRADE SETTLEMENT,70096,,-852757.0,TXN-0001919
2025-11-26,2025-11-28,PAYOUT TO CLIENT,143078,,-995835.0,TXN-0001920
2025-11-28,2025-11-28,PAYOUT TO CLIENT,104642,,-1100477.0,TXN-0001921
2025-11-23,2025-11-25,CLIENT FUNDING - RTGS,,182445,-918032.0,TXN-0001922
2025-11-23,2025-11-25,CLIENT FUNDING - RTGS,,68193,-849839.0,TXN-0001923
2025-11-28,2025-11-28,PAYOUT TO CLIENT,81723,,-931562.0,TXN-0001924
2025-11-20,2025-11-22,BROKERAGE / TRADE SETTLEMENT,124770,,-1056332.0,TXN-0001925
2025-11-24,2025-11-26,BANK / DP CHARGES,1220,,-1057552.0,TXN-0001926
2025-11-25,2025-11-25,CLIENT FUNDING - RTGS,,86501,-971051.0,TXN-0001927
2025-11-27,2025-11-27,PAYOUT TO CLIENT,133976,,-1105027.0,TXN-0001928
2025-11-29,2025-11-29,CLIENT FUNDING - RTGS,,90601,-1014426.0,TXN-0001929
2025-11-24,2025-11-26,BROKERAGE / TRADE SETTLEMENT,84783,,-1099209.0,TXN-0001930
2025-11-26,2025-11-26,BANK / DP CHARGES,1935,,-1101144.0,TXN-0001931
2025-11-19,2025-11-19,BROKERAGE / TRADE SETTLEMENT,145001,,-1246145.0,TXN-0001932
2025-11-15,2025-11-17,PAYOUT TO CLIENT,169918,,-1416063.0,TXN-0001933
2025-11-22,2025-11-23,BANK / DP CHARGES,621,,-1416684.0,TXN-0001934
2025-11-20,2025-11-20,BANK / DP CHARGES,1019,,-1417703.0,TXN-0001935
2025-11-29,2025-12-01,BANK / DP CHARGES,802,,-1418505.0,TXN-0001936
2025-11-24,2025-11-24,CLIENT FUNDING - RTGS,,293834,-1124671.0,TXN-0001937
2025-11-20,2025-11-22,BANK / DP CHARGES,262,,-1124933.0,TXN-0001938
2025-11-27,2025-11-27,PAYOUT TO CLIENT,169818,,-1294751.0,TXN-0001939
2025-11-23,2025-11-25,MISC ADJUSTMENT,25770,,-1320521.0,TXN-0001940
2025-11-29,2025-11-29,PAYOUT TO CLIENT,89442,,-1409963.0,TXN-0001941
2025-11-27,2025-11-27,BROKERAGE / TRADE SETTLEMENT,64226,,-1474189.0,TXN-0001942
2025-11-15,2025-11-15,PAYOUT TO CLIENT,118497,,-1592686.0,TXN-0001943
2025-11-19,2025-11-20,BANK / DP CHARGES,367,,-1593053.0,TXN-0001944
2025-11-16,2025-11-18,BANK / DP CHARGES,803,,-1593856.0,TXN-0001945
2025-11-18,2025-11-18,BROKERAGE / TRADE SETTLEMENT,43519,,-1637375.0,TXN-0001946
2025-11-25,2025-11-26,MISC ADJUSTMENT,13308,,-1650683.0,TXN-0001947
2025-11-28,2025-11-28,PAYOUT TO CLIENT,176825,,-1827508.0,TXN-0001948
2025-11-19,2025-11-21,BROKERAGE / TRADE SETTLEMENT,97742,,-1925250.0,TXN-0001949
2025-11-28,2025-11-28,CLIENT FUNDING - RTGS,,197300,-1727950.0,TXN-0001950
2025-11-19,2025-11-21,BANK / DP CHARGES,1653,,-1729603.0,TXN-0001951
2025-11-27,2025-11-27,MISC ADJUSTMENT,,30854,-1698749.0,TXN-0001952
2025-11-28,2025-11-28,BROKERAGE / TRADE SETTLEMENT,74198,,-1772947.0,TXN-0001953
2025-11-27,2025-11-27,PAYOUT TO CLIENT,124771,,-1897718.0,TXN-0001954
2025-11-22,2025-11-23,BROKERAGE / TRADE SETTLEMENT,72193,,-1969911.0,TXN-0001955
2025-11-23,2025-11-23,BROKERAGE / TRADE SETTLEMENT,54082,,-2023993.0,TXN-0001956
2025-11-28,2025-11-28,BANK / DP CHARGES,1694,,-2025687.0,TXN-0001957
2025-11-23,2025-11-23,MISC ADJUSTMENT,43121,,-2068808.0,TXN-0001958
2025-11-18,2025-11-20,CLIENT FUNDING - RTGS,,206060,-1862748.0,TXN-0001959
2025-11-25,2025-11-25,CLIENT FUNDING - RTGS,,105612,-1757136.0,TXN-0001960
2025-11-29,2025-11-30,PAYOUT TO CLIENT,125685,,-1882821.0,TXN-0001961
2025-11-29,2025-11-29,CLIENT FUNDING - RTGS,,289944,-1592877.0,TXN-0001962
2025-11-26,2025-11-26,BROKERAGE / TRADE SETTLEMENT,15194,,-1608071.0,TXN-0001963
2025-11-15,2025-11-15,BANK / DP CHARGES,564,,-1608635.0,TXN-0001964
2025-11-21,2025-11-21,CLIENT FUNDING - RTGS,,136036,-1472599.0,TXN-0001965
2025-11-24,2025-11-26,CLIENT FUNDING - RTGS,,265849,-1206750.0,TXN-0001966
2025-11-29,2025-11-30,PAYOUT TO CLIENT,176987,,-1383737.0,TXN-0001967
2025-11-25,2025-11-27,CLIENT FUNDING - RTGS,,289235,-1094502.0,TXN-0001968
2025-11-27,2025-11-27,PAYOUT TO CLIENT,153914,,-1248416.0,TXN-0001969
2025-11-22,2025-11-24,BANK / DP CHARGES,1300,,-1249716.0,TXN-0001970
2025-11-26,2025-11-28,BROKERAGE / TRADE SETTLEMENT,51900,,-1301616.0,TXN-0001971
2025-11-20,2025-11-20,BANK / DP CHARGES,922,,-1302538.0,TXN-0001972
2025-11-23,2025-11-25,PAYOUT TO CLIENT,75598,,-1378136.0,TXN-0001973
2025-11-18,2025-11-18,BANK / DP CHARGES,619,,-1378755.0,TXN-0001974
2025-11-23,2025-11-24,BANK / DP CHARGES,1276,,-1380031.0,TXN-0001975
2025-11-26,2025-11-26,BANK / DP CHARGES,1746,,-1381777.0,TXN-0001976
2025-11-18,2025-11-18,MISC ADJUSTMENT,29056,,-1410833.0,TXN-0001977
2025-11-25,2025-11-25,BANK / DP CHARGES,1895,,-1412728.0,TXN-0001978
2025-11-16,2025-11-16,MISC ADJUSTMENT,,25175,-1387553.0,TXN-0001979
2025-11-21,2025-11-21,CLIENT FUNDING - RTGS,,170953,-1216600.0,TXN-0001980
2025-11-18,2025-11-20,PAYOUT TO CLIENT,95832,,-1312432.0,TXN-0001981
2025-11-20,2025-11-20,PAYOUT TO CLIENT,70203,,-1382635.0,TXN-0001982
2025-11-21,2025-11-21,CLIENT FUNDING - RTGS,,112314,-1270321.0,TXN-0001983
2025-11-16,2025-11-17,BANK / DP CHARGES,1953,,-1272274.0,TXN-0001984
2025-11-23,2025-11-25,BROKERAGE / TRADE SETTLEMENT,118109,,-1390383.0,TXN-0001985
2025-11-28,2025-11-29,MISC ADJUSTMENT,,46004,-1344379.0,TXN-0001986
2025-11-15,2025-11-15,CLIENT FUNDING - RTGS,,282878,-1061501.0,TXN-0001987
2025-11-25,2025-11-27,MISC ADJUSTMENT,,37538,-1023963.0,TXN-0001988
2025-11-16,2025-11-16,PAYOUT TO CLIENT,59138,,-1083101.0,TXN-0001989
2025-11-18,2025-11-18,PAYOUT TO CLIENT,41306,,-1124407.0,TXN-0001990
2025-11-28,2025-11-28,PAYOUT TO CLIENT,105432,,-1229839.0,TXN-0001991
2025-11-28,2025-11-28,BANK / DP CHARGES,650,,-1230489.0,TXN-0001992
2025-11-27,2025-11-28,PAYOUT TO CLIENT,159307,,-1389796.0,TXN-0001993
2025-11-28,2025-11-29,CLIENT FUNDING - RTGS,,135100,-1254696.0,TXN-0001994
2025-11-23,2025-11-25,CLIENT FUNDING - RTGS,,146275,-1108421.0,TXN-0001995
2025-11-26,2025-11-27,BROKERAGE / TRADE SETTLEMENT,48472,,-1156893.0,TXN-0001996
2025-11-19,2025-11-19,CLIENT FUNDING - RTGS,,263455,-893438.0,TXN-0001997
2025-11-27,2025-11-28,BANK / DP CHARGES,1399,,-894837.0,TXN-0001998
2025-11-29,2025-11-30,CLIENT FUNDING - RTGS,,250617,-644220.0,TXN-0001999
2025-11-25,2025-11-26,MISC ADJUSTMENT,,36704,-607516.0,TXN-0002000
2025-11-23,2025-11-24,PAYOUT TO CLIENT,80370,,-687886.0,TXN-0002001
2025-11-23,2025-11-23,CLIENT FUNDING - RTGS,,266136,-421750.0,TXN-0002002
2025-11-21,2025-11-21,MISC ADJUSTMENT,,13638,-408112.0,TXN-0002003
2025-11-29,2025-11-29,BROKERAGE / TRADE SETTLEMENT,80354,,-488466.0,TXN-0002004
2025-11-19,2025-11-19,PAYOUT TO CLIENT,65774,,-554240.0,TXN-0002005
2025-11-17,2025-11-19,MISC ADJUSTMENT,,46349,-507891.0,TXN-0002006
2025-11-15,2025-11-15,PAYOUT TO CLIENT,78791,,-586682.0,TXN-0002007
2025-11-19,2025-11-20,CLIENT FUNDING - RTGS,,285449,-301233.0,TXN-0002008
2025-11-24,2025-11-26,BROKERAGE / TRADE SETTLEMENT,69263,,-370496.0,TXN-0002009
2025-11-24,2025-11-25,PAYOUT TO CLIENT,32873,,-403369.0,TXN-0002010
2025-11-29,2025-11-29,CLIENT FUNDING - RTGS,,248555,-154814.0,TXN-0002011
2025-11-19,2025-11-19,BROKERAGE / TRADE SETTLEMENT,97613,,-252427.0,TXN-0002012
2025-11-28,2025-11-28,BANK / DP CHARGES,115,,-252542.0,TXN-0002013
2025-11-27,2025-11-27,CLIENT FUNDING - RTGS,,249009,-3533.0,TXN-0002014
2025-11-23,2025-11-23,BROKERAGE / TRADE SETTLEMENT,81928,,-85461.0,TXN-0002015
2025-11-23,2025-11-25,PAYOUT TO CLIENT,184531,,-269992.0,TXN-0002016
2025-11-18,2025-11-20,MISC ADJUSTMENT,,8431,-261561.0,TXN-0002017
2025-11-15,2025-11-15,BANK / DP CHARGES,1287,,-262848.0,TXN-0002018
2025-11-20,2025-11-21,CLIENT FUNDING - RTGS,,259045,-3803.0,TXN-0002019
2025-11-27,2025-11-27,CLIENT FUNDING - RTGS,,160681,156878.0,TXN-0002020
2025-11-28,2025-11-30,CLIENT FUNDING - RTGS,,92832,249710.0,TXN-0002021
2025-11-22,2025-11-24,PAYOUT TO CLIENT,196960,,52750.0,TXN-0002022
2025-11-23,2025-11-23,BANK / DP CHARGES,1156,,51594.0,TXN-0002023
2025-11-18,2025-11-19,PAYOUT TO CLIENT,47540,,4054.0,TXN-0002024
2025-11-26,2025-11-26,PAYOUT TO CLIENT,167712,,-163658.0,TXN-0002025
2025-11-16,2025-11-16,PAYOUT TO CLIENT,182697,,-346355.0,TXN-0002026
2025-11-15,2025-11-17,BROKERAGE / TRADE SETTLEMENT,37953,,-384308.0,TXN-0002027
2025-11-16,2025-11-18,CLIENT FUNDING - RTGS,,281652,-102656.0,TXN-0002028
2025-11-28,2025-11-28,BROKERAGE / TRADE SETTLEMENT,60578,,-163234.0,TXN-0002029
2025-11-24,2025-11-25,PAYOUT TO CLIENT,99233,,-262467.0,TXN-0002030
2025-11-28,2025-11-28,BANK / DP CHARGES,1058,,-263525.0,TXN-0002031
2025-11-28,2025-11-28,MISC ADJUSTMENT,46021,,-309546.0,TXN-0002032
2025-11-24,2025-11-26,BROKERAGE / TRADE SETTLEMENT,62639,,-372185.0,TXN-0002033
2025-11-27,2025-11-28,PAYOUT TO CLIENT,195535,,-567720.0,TXN-0002034
2025-11-20,2025-11-22,MISC ADJUSTMENT,30846,,-598566.0,TXN-0002035
2025-11-29,2025-11-29,BANK / DP CHARGES,908,,-599474.0,TXN-0002036
2025-11-26,2025-11-27,MISC ADJUSTMENT,,33608,-565866.0,TXN-0002037
2025-11-15,2025-11-16,MISC ADJUSTMENT,20788,,-586654.0,TXN-0002038
2025-11-23,2025-11-25,BROKERAGE / TRADE SETTLEMENT,27485,,-614139.0,TXN-0002039
2025-11-15,2025-11-15,BANK / DP CHARGES,113,,-614252.0,TXN-0002040
2025-11-19,2025-11-21,PAYOUT TO CLIENT,191434,,-805686.0,TXN-0002041
2025-11-28,2025-11-28,MISC ADJUSTMENT,28150,,-833836.0,TXN-0002042
2025-11-27,2025-11-29,BANK / DP CHARGES,1645,,-835481.0,TXN-0002043
2025-11-17,2025-11-19,PAYOUT TO CLIENT,180615,,-1016096.0,TXN-0002044
2025-11-27,2025-11-27,BANK / DP CHARGES,907,,-1017003.0,TXN-0002045
2025-11-27,2025-11-27,BROKERAGE / TRADE SETTLEMENT,37674,,-1054677.0,TXN-0002046
2025-11-22,2025-11-23,BANK / DP CHARGES,1473,,-1056150.0,TXN-0002047
2025-11-21,2025-11-23,PAYOUT TO CLIENT,169061,,-1225211.0,TXN-0002048
2025-11-28,2025-11-28,BANK / DP CHARGES,256,,-1225467.0,TXN-0002049
2025-11-23,2025-11-24,PAYOUT TO CLIENT,149798,,-1375265.0,TXN-0002050
2025-11-25,2025-11-25,PAYOUT TO CLIENT,119984,,-1495249.0,TXN-0002051
2025-11-25,2025-11-26,MISC ADJUSTMENT,10907,,-1506156.0,TXN-0002052
2025-11-22,2025-11-22,PAYOUT TO CLIENT,183078,,-1689234.0,TXN-0002053
2025-11-23,2025-11-24,BANK / DP CHARGES,573,,-1689807.0,TXN-0002054
2025-11-21,2025-11-22,BROKERAGE / TRADE SETTLEMENT,136199,,-1826006.0,TXN-0002055
2025-11-29,2025-11-29,BROKERAGE / TRADE SETTLEMENT,148805,,-1974811.0,TXN-0002056
2025-11-18,2025-11-19,CLIENT FUNDING - RTGS,,139824,-1834987.0,TXN-0002057
2025-11-16,2025-11-16,BANK / DP CHARGES,1175,,-1836162.0,TXN-0002058
2025-11-19,2025-11-19,BANK / DP CHARGES,380,,-1836542.0,TXN-0002059
2025-11-19,2025-11-20,MISC ADJUSTMENT,,28895,-1807647.0,TXN-0002060
2025-11-17,2025-11-18,CLIENT FUNDING - RTGS,,140561,-1667086.0,TXN-0002061
2025-11-16,2025-11-17,PAYOUT TO CLIENT,181548,,-1848634.0,TXN-0002062
2025-11-18,2025-11-19,PAYOUT TO CLIENT,186857,,-2035491.0,TXN-0002063
2025-11-24,2025-11-24,BANK / DP CHARGES,116,,-2035607.0,TXN-0002064
2025-11-19,2025-11-20,CLIENT FUNDING - RTGS,,234940,-1800667.0,TXN-0002065
2025-11-19,2025-11-19,CLIENT FUNDING - RTGS,,66368,-1734299.0,TXN-0002066
2025-11-17,2025-11-18,MISC ADJUSTMENT,47598,,-1781897.0,TXN-0002067
2025-11-20,2025-11-20,BROKERAGE / TRADE SETTLEMENT,97781,,-1879678.0,TXN-0002068
2025-11-15,2025-11-17,CLIENT FUNDING - RTGS,,273146,-1606532.0,TXN-0002069
2025-11-18,2025-11-19,CLIENT FUNDING - RTGS,,170469,-1436063.0,TXN-0002070
2025-11-29,2025-11-29,BANK / DP CHARGES,233,,-1436296.0,TXN-0002071
2025-11-26,2025-11-26,BROKERAGE / TRADE SETTLEMENT,27285,,-1463581.0,TXN-0002072
2025-11-25,2025-11-25,BANK / DP CHARGES,1471,,-1465052.0,TXN-0002073
2025-11-24,2025-11-24,PAYOUT TO CLIENT,39235,,-1504287.0,TXN-0002074
2025-11-22,2025-11-22,MISC ADJUSTMENT,,49111,-1455176.0,TXN-0002075
2025-11-26,2025-11-26,MISC ADJUSTMENT,29341,,-1484517.0,TXN-0002076
2025-11-25,2025-11-25,CLIENT FUNDING - RTGS,,170405,-1314112.0,TXN-0002077
2025-11-25,2025-11-25,BROKERAGE / TRADE SETTLEMENT,14526,,-1328638.0,TXN-0002078
2025-11-17,2025-11-17,CLIENT FUNDING - RTGS,,167827,-1160811.0,TXN-0002079
2025-11-16,2025-11-16,PAYOUT TO CLIENT,185947,,-1346758.0,TXN-0002080
2025-11-19,2025-11-20,BROKERAGE / TRADE SETTLEMENT,105748,,-1452506.0,TXN-0002081
2025-11-28,2025-11-28,PAYOUT TO CLIENT,114145,,-1566651.0,TXN-0002082
2025-11-28,2025-11-29,BANK / DP CHARGES,396,,-1567047.0,TXN-0002083
2025-11-23,2025-11-23,BANK / DP CHARGES,730,,-1567777.0,TXN-0002084
2025-11-18,2025-11-18,BANK / DP CHARGES,1339,,-1569116.0,TXN-0002085
2025-11-18,2025-11-18,MISC ADJUSTMENT,,40301,-1528815.0,TXN-0002086
2025-11-29,2025-11-29,BROKERAGE / TRADE SETTLEMENT,143369,,-1672184.0,TXN-0002087
2025-11-22,2025-11-23,MISC ADJUSTMENT,43237,,-1715421.0,TXN-0002088
2025-11-24,2025-11-25,BANK / DP CHARGES,188,,-1715609.0,TXN-0002089
2025-11-23,2025-11-24,BANK / DP CHARGES,1156,,-1716765.0,TXN-0002090
2025-11-19,2025-11-21,PAYOUT TO CLIENT,64715,,-1781480.0,TXN-0002091
2025-11-15,2025-11-15,MISC ADJUSTMENT,5114,,-1786594.0,TXN-0002092
2025-11-25,2025-11-26,MISC ADJUSTMENT,,7339,-1779255.0,TXN-0002093
2025-11-29,2025-12-01,CLIENT FUNDING - RTGS,,172081,-1607174.0,TXN-0002094
2025-11-15,2025-11-17,BANK / DP CHARGES,1869,,-1609043.0,TXN-0002095
2025-11-18,2025-11-19,BROKERAGE / TRADE SETTLEMENT,73180,,-1682223.0,TXN-0002096
2025-11-23,2025-11-23,BROKERAGE / TRADE SETTLEMENT,113845,,-1796068.0,TXN-0002097
2025-11-24,2025-11-24,BANK / DP CHARGES,882,,-1796950.0,TXN-0002098
2025-11-16,2025-11-16,MISC ADJUSTMENT,5173,,-1802123.0,TXN-0002099
2025-11-22,2025-11-23,BROKERAGE / TRADE SETTLEMENT,30091,,-1832214.0,TXN-0002100
2025-11-17,2025-11-18,MISC ADJUSTMENT,,16212,-1816002.0,TXN-0002101
2025-11-27,2025-11-27,MISC ADJUSTMENT,42747,,-1858749.0,TXN-0002102
2025-11-18,2025-11-19,BANK / DP CHARGES,1701,,-1860450.0,TXN-0002103
2025-11-20,2025-11-21,CLIENT FUNDING - RTGS,,56440,-1804010.0,TXN-0002104
2025-11-23,2025-11-23,MISC ADJUSTMENT,,17550,-1786460.0,TXN-0002105
2025-11-22,2025-11-22,CLIENT FUNDING - RTGS,,147294,-1639166.0,TXN-0002106
2025-11-28,2025-11-29,CLIENT FUNDING - RTGS,,294607,-1344559.0,TXN-0002107
2025-11-24,2025-11-26,MISC ADJUSTMENT,,41385,-1303174.0,TXN-0002108
2025-11-28,2025-11-29,PAYOUT TO CLIENT,50187,,-1353361.0,TXN-0002109
2025-11-25,2025-11-27,MISC ADJUSTMENT,,12535,-1340826.0,TXN-0002110
2025-11-20,2025-11-22,CLIENT FUNDING - RTGS,,114615,-1226211.0,TXN-0002111
2025-11-19,2025-11-19,MISC ADJUSTMENT,,7475,-1218736.0,TXN-0002112
2025-11-29,2025-11-29,CLIENT FUNDING - RTGS,,289794,-928942.0,TXN-0002113
2025-11-26,2025-11-28,BANK / DP CHARGES,1259,,-930201.0,TXN-0002114
2025-11-17,2025-11-19,PAYOUT TO CLIENT,121846,,-1052047.0,TXN-0002115
2025-11-22,2025-11-23,PAYOUT TO CLIENT,43003,,-1095050.0,TXN-0002116
2025-11-26,2025-11-27,CLIENT FUNDING - RTGS,,259789,-835261.0,TXN-0002117
2025-11-15,2025-11-16,BANK / DP CHARGES,994,,-836255.0,TXN-0002118
2025-11-15,2025-11-16,MISC ADJUSTMENT,,12286,-823969.0,TXN-0002119
2025-11-27,2025-11-27,CLIENT FUNDING - RTGS,,207736,-616233.0,TXN-0002120
2025-11-24,2025-11-25,BROKERAGE / TRADE SETTLEMENT,85841,,-702074.0,TXN-0002121
2025-11-25,2025-11-25,CLIENT FUNDING - RTGS,,290856,-411218.0,TXN-0002122
2025-11-24,2025-11-24,CLIENT FUNDING - RTGS,,109171,-302047.0,TXN-0002123
2025-11-28,2025-11-28,BROKERAGE / TRADE SETTLEMENT,84452,,-386499.0,TXN-0002124
2025-11-17,2025-11-17,MISC ADJUSTMENT,,17077,-369422.0,TXN-0002125
2025-11-19,2025-11-19,MISC ADJUSTMENT,31780,,-401202.0,TXN-0002126
2025-11-27,2025-11-28,MISC ADJUSTMENT,,20327,-380875.0,TXN-0002127
2025-11-29,2025-11-29,PAYOUT TO CLIENT,122179,,-503054.0,TXN-0002128
2025-11-16,2025-11-16,BANK / DP CHARGES,1105,,-504159.0,TXN-0002129
2025-11-28,2025-11-29,CLIENT FUNDING - RTGS,,138893,-365266.0,TXN-0002130
2025-11-17,2025-11-19,PAYOUT TO CLIENT,52484,,-417750.0,TXN-0002131
2025-11-19,2025-11-19,CLIENT FUNDING - RTGS,,215656,-202094.0,TXN-0002132
2025-11-21,2025-11-22,PAYOUT TO CLIENT,98706,,-300800.0,TXN-0002133
2025-11-15,2025-11-16,CLIENT FUNDING - RTGS,,161616,-139184.0,TXN-0002134
2025-11-16,2025-11-18,BROKERAGE / TRADE SETTLEMENT,108625,,-247809.0,TXN-0002135
2025-11-15,2025-11-16,PAYOUT TO CLIENT,136517,,-384326.0,TXN-0002136
2025-11-18,2025-11-18,BROKERAGE / TRADE SETTLEMENT,119585,,-503911.0,TXN-0002137
2025-11-18,2025-11-18,PAYOUT TO CLIENT,52832,,-556743.0,TXN-0002138
2025-11-23,2025-11-23,MISC ADJUSTMENT,,25606,-531137.0,TXN-0002139
2025-11-20,2025-11-22,CLIENT FUNDING - RTGS,,156604,-374533.0,TXN-0002140
2025-11-18,2025-11-18,CLIENT FUNDING - RTGS,,70443,-304090.0,TXN-0002141
2025-11-24,2025-11-24,BROKERAGE / TRADE SETTLEMENT,94708,,-398798.0,TXN-0002142
2025-11-21,2025-11-21,CLIENT FUNDING - RTGS,,142292,-256506.0,TXN-0002143
2025-11-26,2025-11-27,MISC ADJUSTMENT,13449,,-269955.0,TXN-0002144
2025-11-26,2025-11-26,PAYOUT TO CLIENT,187039,,-456994.0,TXN-0002145
2025-11-23,2025-11-24,MISC ADJUSTMENT,15869,,-472863.0,TXN-0002146
2025-11-23,2025-11-24,BANK / DP CHARGES,653,,-473516.0,TXN-0002147
2025-11-17,2025-11-19,PAYOUT TO CLIENT,119211,,-592727.0,TXN-0002148
2025-11-22,2025-11-23,CLIENT FUNDING - RTGS,,221401,-371326.0,TXN-0002149
2025-11-17,2025-11-17,CLIENT FUNDING - RTGS,,133861,-237465.0,TXN-0002150
2025-11-26,2025-11-26,CLIENT FUNDING - RTGS,,207591,-29874.0,TXN-0002151
2025-11-26,2025-11-26,MISC ADJUSTMENT,,18450,-11424.0,TXN-0002152
2025-11-27,2025-11-28,BROKERAGE / TRADE SETTLEMENT,73401,,-84825.0,TXN-0002153
2025-11-18,2025-11-19,BROKERAGE / TRADE SETTLEMENT,106338,,-191163.0,TXN-0002154
2025-11-17,2025-11-19,BROKERAGE / TRADE SETTLEMENT,44012,,-235175.0,TXN-0002155
2025-11-18,2025-11-20,CLIENT FUNDING - RTGS,,104901,-130274.0,TXN-0002156
2025-11-28,2025-11-28,MISC ADJUSTMENT,,44696,-85578.0,TXN-0002157
2025-11-19,2025-11-19,MISC ADJUSTMENT,,23629,-61949.0,TXN-0002158
2025-11-18,2025-11-18,PAYOUT TO CLIENT,179958,,-241907.0,TXN-0002159
2025-11-20,2025-11-22,PAYOUT TO CLIENT,170194,,-412101.0,TXN-0002160
2025-11-26,2025-11-26,BROKERAGE / TRADE SETTLEMENT,132610,,-544711.0,TXN-0002161
2025-11-21,2025-11-21,BROKERAGE / TRADE SETTLEMENT,20503,,-565214.0,TXN-0002162
2025-11-22,2025-11-24,BROKERAGE / TRADE SETTLEMENT,49719,,-614933.0,TXN-0002163
2025-11-20,2025-11-22,BROKERAGE / TRADE SETTLEMENT,92967,,-707900.0,TXN-0002164
2025-11-28,2025-11-30,MISC ADJUSTMENT,,49597,-658303.0,TXN-0002165
2025-11-27,2025-11-28,PAYOUT TO CLIENT,157885,,-816188.0,TXN-0002166
2025-11-15,2025-11-16,CLIENT FUNDING - RTGS,,99095,-717093.0,TXN-0002167
2025-11-21,2025-11-23,PAYOUT TO CLIENT,175627,,-892720.0,TXN-0002168
2025-11-20,2025-11-20,MISC ADJUSTMENT,24577,,-917297.0,TXN-0002169
2025-11-17,2025-11-17,MISC ADJUSTMENT,,47225,-870072.0,TXN-0002170
2025-11-18,2025-11-18,CLIENT FUNDING - RTGS,,249846,-620226.0,TXN-0002171
2025-11-22,2025-11-22,MISC ADJUSTMENT,39621,,-659847.0,TXN-0002172
2025-11-19,2025-11-20,BROKERAGE / TRADE SETTLEMENT,137620,,-797467.0,TXN-0002173
2025-11-20,2025-11-20,PAYOUT TO CLIENT,63057,,-860524.0,TXN-0002174
2025-11-24,2025-11-24,BANK / DP CHARGES,110,,-860634.0,TXN-0002175
2025-11-26,2025-11-28,CLIENT FUNDING - RTGS,,285885,-574749.0,TXN-0002176
2025-11-19,2025-11-19,BANK / DP CHARGES,300,,-575049.0,TXN-0002177
2025-11-26,2025-11-28,PAYOUT TO CLIENT,115264,,-690313.0,TXN-0002178
2025-11-29,2025-11-30,PAYOUT TO CLIENT,176232,,-866545.0,TXN-0002179
2025-11-28,2025-11-28,PAYOUT TO CLIENT,159547,,-1026092.0,TXN-0002180
2025-11-24,2025-11-24,PAYOUT TO CLIENT,28663,,-1054755.0,TXN-0002181
2025-11-20,2025-11-20,MISC ADJUSTMENT,,48806,-1005949.0,TXN-0002182
2025-11-17,2025-11-18,BANK / DP CHARGES,1076,,-1007025.0,TXN-0002183
2025-11-16,2025-11-18,CLIENT FUNDING - RTGS,,134723,-872302.0,TXN-0002184
2025-11-16,2025-11-16,BANK / DP CHARGES,265,,-872567.0,TXN-0002185
2025-11-24,2025-11-26,MISC ADJUSTMENT,,15826,-856741.0,TXN-0002186
2025-11-27,2025-11-27,BANK / DP CHARGES,100,,-856841.0,TXN-0002187
2025-11-15,2025-11-15,MISC ADJUSTMENT,,28025,-828816.0,TXN-0002188
2025-11-20,2025-11-22,PAYOUT TO CLIENT,142663,,-971479.0,TXN-0002189
2025-11-26,2025-11-26,BANK / DP CHARGES,1828,,-973307.0,TXN-0002190
2025-11-15,2025-11-15,MISC ADJUSTMENT,18652,,-991959.0,TXN-0002191
2025-11-20,2025-11-20,BROKERAGE / TRADE SETTLEMENT,49603,,-1041562.0,TXN-0002192
2025-11-21,2025-11-23,PAYOUT TO CLIENT,26345,,-1067907.0,TXN-0002193
2025-11-25,2025-11-26,CLIENT FUNDING - RTGS,,261341,-806566.0,TXN-0002194
2025-11-27,2025-11-28,MISC ADJUSTMENT,,16319,-790247.0,TXN-0002195
2025-11-26,2025-11-28,BANK / DP CHARGES,845,,-791092.0,TXN-0002196
2025-11-16,2025-11-18,BANK / DP CHARGES,1100,,-792192.0,TXN-0002197
2025-11-24,2025-11-24,CLIENT FUNDING - RTGS,,291217,-500975.0,TXN-0002198
2025-11-26,2025-11-28,BROKERAGE / TRADE SETTLEMENT,92496,,-593471.0,TXN-0002199
2025-11-22,2025-11-22,MISC ADJUSTMENT,14484,,-607955.0,TXN-0002200
2025-11-20,2025-11-20,BROKERAGE / TRADE SETTLEMENT,95352,,-703307.0,TXN-0002201
2025-11-17,2025-11-19,MISC ADJUSTMENT,29653,,-732960.0,TXN-0002202
2025-11-26,2025-11-28,BANK / DP CHARGES,1025,,-733985.0,TXN-0002203
2025-11-15,2025-11-15,CLIENT FUNDING - RTGS,,243806,-490179.0,TXN-0002204
2025-11-20,2025-11-21,BANK / DP CHARGES,1458,,-491637.0,TXN-0002205
2025-11-23,2025-11-25,BANK / DP CHARGES,1142,,-492779.0,TXN-0002206
2025-11-26,2025-11-28,BROKERAGE / TRADE SETTLEMENT,83815,,-576594.0,TXN-0002207
2025-11-20,2025-11-21,BANK / DP CHARGES,491,,-577085.0,TXN-0002208
2025-11-22,2025-11-23,CLIENT FUNDING - RTGS,,78405,-498680.0,TXN-0002209
2025-11-20,2025-11-20,CLIENT FUNDING - RTGS,,104985,-393695.0,TXN-0002210
2025-11-21,2025-11-21,PAYOUT TO CLIENT,92591,,-486286.0,TXN-0002211
2025-11-24,2025-11-24,BROKERAGE / TRADE SETTLEMENT,86956,,-573242.0,TXN-0002212
2025-11-20,2025-11-22,CLIENT FUNDING - RTGS,,236295,-336947.0,TXN-0002213
2025-11-18,2025-11-18,PAYOUT TO CLIENT,122885,,-459832.0,TXN-0002214
2025-11-28,2025-11-28,PAYOUT TO CLIENT,180712,,-640544.0,TXN-0002215
2025-11-27,2025-11-27,BANK / DP CHARGES,303,,-640847.0,TXN-0002216
2025-11-29,2025-11-30,MISC ADJUSTMENT,,9250,-631597.0,TXN-0002217
2025-11-25,2025-11-27,BANK / DP CHARGES,899,,-632496.0,TXN-0002218
2025-11-18,2025-11-18,BANK / DP CHARGES,753,,-633249.0,TXN-0002219
2025-11-19,2025-11-19,CLIENT FUNDING - RTGS,,259570,-373679.0,TXN-0002220
2025-11-28,2025-11-30,PAYOUT TO CLIENT,164117,,-537796.0,TXN-0002221
2025-11-19,2025-11-19,BROKERAGE / TRADE SETTLEMENT,103417,,-641213.0,TXN-0002222
2025-11-25,2025-11-25,MISC ADJUSTMENT,16611,,-657824.0,TXN-0002223
2025-11-28,2025-11-28,MISC ADJUSTMENT,6327,,-664151.0,TXN-0002224
2025-11-29,2025-11-29,BROKERAGE / TRADE SETTLEMENT,79019,,-743170.0,TXN-0002225
2025-11-28,2025-11-30,BROKERAGE / TRADE SETTLEMENT,14681,,-757851.0,TXN-0002226
2025-11-23,2025-11-23,BROKERAGE / TRADE SETTLEMENT,147965,,-905816.0,TXN-0002227
2025-11-25,2025-11-25,MISC ADJUSTMENT,,9688,-896128.0,TXN-0002228
2025-11-23,2025-11-25,PAYOUT TO CLIENT,21598,,-917726.0,TXN-0002229
2025-11-23,2025-11-23,PAYOUT TO CLIENT,94410,,-1012136.0,TXN-0002230
2025-11-21,2025-11-21,PAYOUT TO CLIENT,177917,,-1190053.0,TXN-0002231
2025-11-28,2025-11-28,BROKERAGE / TRADE SETTLEMENT,69359,,-1259412.0,TXN-0002232
2025-11-26,2025-11-27,BROKERAGE / TRADE SETTLEMENT,104894,,-1364306.0,TXN-0002233
2025-11-24,2025-11-24,PAYOUT TO CLIENT,150232,,-1514538.0,TXN-0002234
2025-11-16,2025-11-16,BROKERAGE / TRADE SETTLEMENT,49188,,-1563726.0,TXN-0002235
2025-11-21,2025-11-21,MISC ADJUSTMENT,,47994,-1515732.0,TXN-0002236
2025-11-22,2025-11-24,MISC ADJUSTMENT,22272,,-1538004.0,TXN-0002237
2025-11-17,2025-11-17,MISC ADJUSTMENT,35612,,-1573616.0,TXN-0002238
2025-11-27,2025-11-29,CLIENT FUNDING - RTGS,,232258,-1341358.0,TXN-0002239
2025-11-17,2025-11-17,BROKERAGE / TRADE SETTLEMENT,32176,,-1373534.0,TXN-0002240
2025-11-26,2025-11-27,BANK / DP CHARGES,1068,,-1374602.0,TXN-0002241
2025-11-26,2025-11-26,BANK / DP CHARGES,763,,-1375365.0,TXN-0002242
2025-11-15,2025-11-15,MISC ADJUSTMENT,,45492,-1329873.0,TXN-0002243
2025-11-20,2025-11-20,PAYOUT TO CLIENT,104645,,-1434518.0,TXN-0002244
2025-11-22,2025-11-23,BANK / DP CHARGES,1589,,-1436107.0,TXN-0002245
2025-11-27,2025-11-28,BROKERAGE / TRADE SETTLEMENT,139702,,-1575809.0,TXN-0002246
2025-11-27,2025-11-28,BROKERAGE / TRADE SETTLEMENT,87721,,-1663530.0,TXN-0002247
2025-11-16,2025-11-16,PAYOUT TO CLIENT,35489,,-1699019.0,TXN-0002248
2025-11-26,2025-11-26,MISC ADJUSTMENT,,41015,-1658004.0,TXN-0002249
2025-11-27,2025-11-29,BANK / DP CHARGES,1313,,-1659317.0,TXN-0002250
2025-11-15,2025-11-17,CLIENT FUNDING - RTGS,,144664,-1514653.0,TXN-0002251
2025-11-24,2025-11-25,BROKERAGE / TRADE SETTLEMENT,11479,,-1526132.0,TXN-0002252
2025-11-21,2025-11-23,PAYOUT TO CLIENT,30616,,-1556748.0,TXN-0002253
2025-11-19,2025-11-20,BANK / DP CHARGES,1963,,-1558711.0,TXN-0002254
2025-11-16,2025-11-16,BANK / DP CHARGES,792,,-1559503.0,TXN-0002255
2025-11-15,2025-11-15,BANK / DP CHARGES,557,,-1560060.0,TXN-0002256
2025-11-26,2025-11-26,MISC ADJUSTMENT,,12390,-1547670.0,TXN-0002257
2025-11-25,2025-11-27,BROKERAGE / TRADE SETTLEMENT,95684,,-1643354.0,TXN-0002258
2025-11-26,2025-11-26,BANK / DP CHARGES,652,,-1644006.0,TXN-0002259
2025-11-25,2025-11-27,BROKERAGE / TRADE SETTLEMENT,66179,,-1710185.0,TXN-0002260
2025-11-18,2025-11-18,BROKERAGE / TRADE SETTLEMENT,132598,,-1842783.0,TXN-0002261
2025-11-16,2025-11-17,BROKERAGE / TRADE SETTLEMENT,33276,,-1876059.0,TXN-0002262
2025-11-18,2025-11-18,CLIENT FUNDING - RTGS,,154740,-1721319.0,TXN-0002263
2025-11-17,2025-11-17,CLIENT FUNDING - RTGS,,226133,-1495186.0,TXN-0002264
2025-11-27,2025-11-27,CLIENT FUNDING - RTGS,,103018,-1392168.0,TXN-0002265
2025-11-21,2025-11-23,PAYOUT TO CLIENT,140243,,-1532411.0,TXN-0002266
2025-11-16,2025-11-16,CLIENT FUNDING - RTGS,,137818,-1394593.0,TXN-0002267
2025-11-26,2025-11-26,MISC ADJUSTMENT,33411,,-1428004.0,TXN-0002268
2025-11-28,2025-11-28,BANK / DP CHARGES,290,,-1428294.0,TXN-0002269
2025-11-25,2025-11-26,BROKERAGE / TRADE SETTLEMENT,121747,,-1550041.0,TXN-0002270
2025-11-25,2025-11-25,MISC ADJUSTMENT,,25542,-1524499.0,TXN-0002271
2025-11-26,2025-11-26,CLIENT FUNDING - RTGS,,73539,-1450960.0,TXN-0002272
2025-11-25,2025-11-26,BANK / DP CHARGES,1990,,-1452950.0,TXN-0002273
2025-11-28,2025-11-29,BANK / DP CHARGES,1549,,-1454499.0,TXN-0002274
2025-11-25,2025-11-26,BROKERAGE / TRADE SETTLEMENT,16218,,-1470717.0,TXN-0002275
2025-11-16,2025-11-16,PAYOUT TO CLIENT,96859,,-1567576.0,TXN-0002276
2025-11-29,2025-12-01,PAYOUT TO CLIENT,22152,,-1589728.0,TXN-0002277
2025-11-23,2025-11-25,CLIENT FUNDING - RTGS,,279702,-1310026.0,TXN-0002278
2025-11-16,2025-11-18,PAYOUT TO CLIENT,124493,,-1434519.0,TXN-0002279
2025-11-24,2025-11-24,MISC ADJUSTMENT,,8576,-1425943.0,TXN-0002280
2025-11-28,2025-11-29,BROKERAGE / TRADE SETTLEMENT,98756,,-1524699.0,TXN-0002281
2025-11-16,2025-11-16,CLIENT FUNDING - RTGS,,277441,-1247258.0,TXN-0002282
2025-11-18,2025-11-20,BANK / DP CHARGES,1695,,-1248953.0,TXN-0002283
2025-11-16,2025-11-16,BROKERAGE / TRADE SETTLEMENT,147304,,-1396257.0,TXN-0002284
2025-11-17,2025-11-19,BANK / DP CHARGES,1279,,-1397536.0,TXN-0002285
2025-11-25,2025-11-27,BANK / DP CHARGES,855,,-1398391.0,TXN-0002286
2025-11-15,2025-11-16,PAYOUT TO CLIENT,198370,,-1596761.0,TXN-0002287
2025-11-20,2025-11-20,CLIENT FUNDING - RTGS,,270723,-1326038.0,TXN-0002288
2025-11-17,2025-11-19,PAYOUT TO CLIENT,146129,,-1472167.0,TXN-0002289
2025-11-17,2025-11-18,PAYOUT TO CLIENT,126463,,-1598630.0,TXN-0002290
2025-11-27,2025-11-29,CLIENT FUNDING - RTGS,,224054,-1374576.0,TXN-0002291
2025-11-17,2025-11-17,BROKERAGE / TRADE SETTLEMENT,89469,,-1464045.0,TXN-0002292
2025-11-24,2025-11-24,MISC ADJUSTMENT,,40237,-1423808.0,TXN-0002293
2025-11-29,2025-11-29,CLIENT FUNDING - RTGS,,246572,-1177236.0,TXN-0002294
2025-11-27,2025-11-28,CLIENT FUNDING - RTGS,,246259,-930977.0,TXN-0002295
2025-11-28,2025-11-28,CLIENT FUNDING - RTGS,,244281,-686696.0,TXN-0002296
2025-11-17,2025-11-18,MISC ADJUSTMENT,,13871,-672825.0,TXN-0002297
2025-11-20,2025-11-21,BANK / DP CHARGES,1147,,-673972.0,TXN-0002298
2025-11-22,2025-11-23,PAYOUT TO CLIENT,113707,,-787679.0,TXN-0002299
2025-11-24,2025-11-24,MISC ADJUSTMENT,27474,,-815153.0,TXN-0002300
2025-11-15,2025-11-16,MISC ADJUSTMENT,26144,,-841297.0,TXN-0002301
2025-11-19,2025-11-19,PAYOUT TO CLIENT,177713,,-1019010.0,TXN-0002302
2025-11-24,2025-11-24,MISC ADJUSTMENT,,35824,-983186.0,TXN-0002303
2025-11-23,2025-11-25,MISC ADJUSTMENT,10910,,-994096.0,TXN-0002304
2025-11-17,2025-11-19,CLIENT FUNDING - RTGS,,124564,-869532.0,TXN-0002305
2025-11-22,2025-11-22,BANK / DP CHARGES,1742,,-871274.0,TXN-0002306
2025-11-21,2025-11-21,MISC ADJUSTMENT,,46885,-824389.0,TXN-0002307
2025-11-16,2025-11-16,BANK / DP CHARGES,1127,,-825516.0,TXN-0002308
2025-11-15,2025-11-15,CLIENT FUNDING - RTGS,,63209,-762307.0,TXN-0002309
2025-11-17,2025-11-17,MISC ADJUSTMENT,23231,,-785538.0,TXN-0002310
2025-11-29,2025-12-01,CLIENT FUNDING - RTGS,,214388,-571150.0,TXN-0002311
2025-11-24,2025-11-25,PAYOUT TO CLIENT,92334,,-663484.0,TXN-0002312
2025-11-15,2025-11-15,BANK / DP CHARGES,1434,,-664918.0,TXN-0002313
2025-11-16,2025-11-16,CLIENT FUNDING - RTGS,,288487,-376431.0,TXN-0002314
2025-11-27,2025-11-27,BROKERAGE / TRADE SETTLEMENT,124442,,-500873.0,TXN-0002315
2025-11-28,2025-11-28,CLIENT FUNDING - RTGS,,237369,-263504.0,TXN-0002316
2025-11-16,2025-11-16,CLIENT FUNDING - RTGS,,97903,-165601.0,TXN-0002317
2025-11-28,2025-11-30,BANK / DP CHARGES,380,,-165981.0,TXN-0002318
2025-11-18,2025-11-18,PAYOUT TO CLIENT,88427,,-254408.0,TXN-0002319
2025-11-15,2025-11-15,BROKERAGE / TRADE SETTLEMENT,70725,,-325133.0,TXN-0002320
2025-11-28,2025-11-30,MISC ADJUSTMENT,,48759,-276374.0,TXN-0002321
2025-11-23,2025-11-24,CLIENT FUNDING - RTGS,,119236,-157138.0,TXN-0002322
2025-11-21,2025-11-22,BANK / DP CHARGES,537,,-157675.0,TXN-0002323
2025-11-23,2025-11-23,BROKERAGE / TRADE SETTLEMENT,83613,,-241288.0,TXN-0002324
2025-11-16,2025-11-16,BROKERAGE / TRADE SETTLEMENT,78857,,-320145.0,TXN-0002325
2025-11-29,2025-12-01,BROKERAGE / TRADE SETTLEMENT,72490,,-392635.0,TXN-0002326
2025-11-25,2025-11-25,MISC ADJUSTMENT,,16725,-375910.0,TXN-0002327
2025-11-15,2025-11-16,BANK / DP CHARGES,261,,-376171.0,TXN-0002328
2025-11-22,2025-11-24,CLIENT FUNDING - RTGS,,284083,-92088.0,TXN-0002329
2025-11-22,2025-11-23,MISC ADJUSTMENT,,36669,-55419.0,TXN-0002330
2025-11-28,2025-11-29,BANK / DP CHARGES,1521,,-56940.0,TXN-0002331
2025-11-25,2025-11-26,BANK / DP CHARGES,1084,,-58024.0,TXN-0002332
2025-11-25,2025-11-25,MISC ADJUSTMENT,36480,,-94504.0,TXN-0002333
2025-11-19,2025-11-20,MISC ADJUSTMENT,25334,,-119838.0,TXN-0002334
2025-11-23,2025-11-24,BANK / DP CHARGES,772,,-120610.0,TXN-0002335
2025-11-24,2025-11-25,PAYOUT TO CLIENT,131500,,-252110.0,TXN-0002336
2025-11-28,2025-11-30,BANK / DP CHARGES,1588,,-253698.0,TXN-0002337
2025-11-28,2025-11-28,PAYOUT TO CLIENT,156609,,-410307.0,TXN-0002338
2025-11-27,2025-11-28,BROKERAGE / TRADE SETTLEMENT,52888,,-463195.0,TXN-0002339
2025-11-15,2025-11-15,CLIENT FUNDING - RTGS,,101000,-362195.0,TXN-0002340
2025-11-23,2025-11-23,BROKERAGE / TRADE SETTLEMENT,105725,,-467920.0,TXN-0002341
2025-11-18,2025-11-19,PAYOUT TO CLIENT,169029,,-636949.0,TXN-0002342
2025-11-21,2025-11-21,BROKERAGE / TRADE SETTLEMENT,133704,,-770653.0,TXN-0002343
2025-11-16,2025-11-18,CLIENT FUNDING - RTGS,,176894,-593759.0,TXN-0002344
2025-11-18,2025-11-18,PAYOUT TO CLIENT,125273,,-719032.0,TXN-0002345
2025-11-16,2025-11-16,BANK / DP CHARGES,515,,-719547.0,TXN-0002346
2025-11-18,2025-11-20,MISC ADJUSTMENT,48419,,-767966.0,TXN-0002347
2025-11-25,2025-11-27,BROKERAGE / TRADE SETTLEMENT,139503,,-907469.0,TXN-0002348
2025-11-23,2025-11-24,BANK / DP CHARGES,1480,,-908949.0,TXN-0002349
2025-11-26,2025-11-27,CLIENT FUNDING - RTGS,,93459,-815490.0,TXN-0002350
2025-11-28,2025-11-28,MISC ADJUSTMENT,,19101,-796389.0,TXN-0002351
2025-11-21,2025-11-21,CLIENT FUNDING - RTGS,,281998,-514391.0,TXN-0002352
2025-11-19,2025-11-19,MISC ADJUSTMENT,35517,,-549908.0,TXN-0002353
2025-11-23,2025-11-23,CLIENT FUNDING - RTGS,,257587,-292321.0,TXN-0002354
2025-11-29,2025-11-30,BROKERAGE / TRADE SETTLEMENT,94734,,-387055.0,TXN-0002355
2025-11-19,2025-11-19,BANK / DP CHARGES,850,,-387905.0,TXN-0002356
2025-11-21,2025-11-21,PAYOUT TO CLIENT,179393,,-567298.0,TXN-0002357
2025-11-29,2025-12-01,PAYOUT TO CLIENT,26314,,-593612.0,TXN-0002358
2025-11-18,2025-11-18,PAYOUT TO CLIENT,149758,,-743370.0,TXN-0002359
2025-11-15,2025-11-17,BROKERAGE / TRADE SETTLEMENT,121531,,-864901.0,TXN-0002360
2025-11-29,2025-12-01,CLIENT FUNDING - RTGS,,155857,-709044.0,TXN-0002361
2025-11-18,2025-11-20,BANK / DP CHARGES,640,,-709684.0,TXN-0002362
2025-11-16,2025-11-16,BANK / DP CHARGES,1252,,-710936.0,TXN-0002363
2025-11-27,2025-11-27,BROKERAGE / TRADE SETTLEMENT,20383,,-731319.0,TXN-0002364
2025-11-27,2025-11-29,PAYOUT TO CLIENT,119672,,-850991.0,TXN-0002365
2025-11-26,2025-11-28,MISC ADJUSTMENT,31401,,-882392.0,TXN-0002366
2025-11-15,2025-11-16,BROKERAGE / TRADE SETTLEMENT,69710,,-952102.0,TXN-0002367
2025-11-26,2025-11-27,BANK / DP CHARGES,812,,-952914.0,TXN-0002368
2025-11-25,2025-11-25,BROKERAGE / TRADE SETTLEMENT,44822,,-997736.0,TXN-0002369
2025-11-17,2025-11-18,PAYOUT TO CLIENT,197913,,-1195649.0,TXN-0002370
2025-11-19,2025-11-20,BROKERAGE / TRADE SETTLEMENT,87219,,-1282868.0,TXN-0002371
2025-11-18,2025-11-20,CLIENT FUNDING - RTGS,,196830,-1086038.0,TXN-0002372
2025-11-27,2025-11-27,CLIENT FUNDING - RTGS,,71489,-1014549.0,TXN-0002373
2025-11-21,2025-11-21,MISC ADJUSTMENT,,7897,-1006652.0,TXN-0002374
2025-11-24,2025-11-24,BANK / DP CHARGES,1873,,-1008525.0,TXN-0002375
2025-11-21,2025-11-21,PAYOUT TO CLIENT,188735,,-1197260.0,TXN-0002376
2025-11-18,2025-11-19,BROKERAGE / TRADE SETTLEMENT,79445,,-1276705.0,TXN-0002377
2025-11-18,2025-11-20,CLIENT FUNDING - RTGS,,99343,-1177362.0,TXN-0002378
2025-11-20,2025-11-20,CLIENT FUNDING - RTGS,,170886,-1006476.0,TXN-0002379
2025-11-17,2025-11-17,BROKERAGE / TRADE SETTLEMENT,115409,,-1121885.0,TXN-0002380
2025-11-19,2025-11-19,BANK / DP CHARGES,1577,,-1123462.0,TXN-0002381
2025-11-25,2025-11-26,PAYOUT TO CLIENT,48395,,-1171857.0,TXN-0002382
2025-11-27,2025-11-28,MISC ADJUSTMENT,,7312,-1164545.0,TXN-0002383
2025-11-16,2025-11-17,BROKERAGE / TRADE SETTLEMENT,34783,,-1199328.0,TXN-0002384
2025-11-21,2025-11-21,PAYOUT TO CLIENT,108751,,-1308079.0,TXN-0002385
2025-11-20,2025-11-21,BROKERAGE / TRADE SETTLEMENT,77032,,-1385111.0,TXN-0002386
2025-11-27,2025-11-27,BROKERAGE / TRADE SETTLEMENT,78977,,-1464088.0,TXN-0002387
2025-11-21,2025-11-21,PAYOUT TO CLIENT,178771,,-1642859.0,TXN-0002388
2025-11-24,2025-11-25,CLIENT FUNDING - RTGS,,83769,-1559090.0,TXN-0002389
2025-11-22,2025-11-23,MISC ADJUSTMENT,37208,,-1596298.0,TXN-0002390
2025-11-24,2025-11-24,BROKERAGE / TRADE SETTLEMENT,129327,,-1725625.0,TXN-0002391
2025-11-25,2025-11-25,PAYOUT TO CLIENT,105565,,-1831190.0,TXN-0002392
2025-11-26,2025-11-26,MISC ADJUSTMENT,,21715,-1809475.0,TXN-0002393
2025-11-28,2025-11-30,CLIENT FUNDING - RTGS,,267919,-1541556.0,TXN-0002394
2025-11-22,2025-11-22,MISC ADJUSTMENT,43614,,-1585170.0,TXN-0002395
2025-11-25,2025-11-27,PAYOUT TO CLIENT,39854,,-1625024.0,TXN-0002396
2025-11-18,2025-11-19,MISC ADJUSTMENT,42050,,-1667074.0,TXN-0002397
2025-11-20,2025-11-21,CLIENT FUNDING - RTGS,,68141,-1598933.0,TXN-0002398
2025-11-17,2025-11-18,PAYOUT TO CLIENT,172818,,-1771751.0,TXN-0002399
2025-11-29,2025-11-29,BROKERAGE / TRADE SETTLEMENT,129980,,-1901731.0,TXN-0002400
2025-11-26,2025-11-28,BROKERAGE / TRADE SETTLEMENT,112159,,-2013890.0,TXN-0002401
2025-11-29,2025-11-29,PAYOUT TO CLIENT,139146,,-2153036.0,TXN-0002402
2025-11-24,2025-11-24,CLIENT FUNDING - RTGS,,169888,-1983148.0,TXN-0002403
2025-11-19,2025-11-20,BROKERAGE / TRADE SETTLEMENT,114638,,-2097786.0,TXN-0002404
2025-11-23,2025-11-23,BROKERAGE / TRADE SETTLEMENT,130472,,-2228258.0,TXN-0002405
2025-11-17,2025-11-18,BROKERAGE / TRADE SETTLEMENT,68625,,-2296883.0,TXN-0002406
2025-11-23,2025-11-23,PAYOUT TO CLIENT,137490,,-2434373.0,TXN-0002407
2025-11-16,2025-11-16,MISC ADJUSTMENT,48443,,-2482816.0,TXN-0002408
2025-11-24,2025-11-24,BROKERAGE / TRADE SETTLEMENT,67501,,-2550317.0,TXN-0002409
2025-11-19,2025-11-20,PAYOUT TO CLIENT,149305,,-2699622.0,TXN-0002410
2025-11-20,2025-11-22,PAYOUT TO CLIENT,168695,,-2868317.0,TXN-0002411
2025-11-28,2025-11-28,BANK / DP CHARGES,780,,-2869097.0,TXN-0002412
2025-11-18,2025-11-19,CLIENT FUNDING - RTGS,,92345,-2776752.0,TXN-0002413
2025-11-29,2025-11-29,BANK / DP CHARGES,1359,,-2778111.0,TXN-0002414
2025-11-25,2025-11-25,BANK / DP CHARGES,1427,,-2779538.0,TXN-0002415
2025-11-19,2025-11-20,MISC ADJUSTMENT,,23149,-2756389.0,TXN-0002416
2025-11-27,2025-11-27,PAYOUT TO CLIENT,71256,,-2827645.0,TXN-0002417
2025-11-21,2025-11-21,BROKERAGE / TRADE SETTLEMENT,127301,,-2954946.0,TXN-0002418
2025-11-18,2025-11-19,BANK / DP CHARGES,561,,-2955507.0,TXN-0002419
2025-11-22,2025-11-23,PAYOUT TO CLIENT,65356,,-3020863.0,TXN-0002420
2025-11-15,2025-11-15,BANK / DP CHARGES,1574,,-3022437.0,TXN-0002421
2025-11-15,2025-11-16,BANK / DP CHARGES,731,,-3023168.0,TXN-0002422
2025-11-20,2025-11-22,PAYOUT TO CLIENT,38810,,-3061978.0,TXN-0002423
2025-11-28,2025-11-30,BROKERAGE / TRADE SETTLEMENT,135716,,-3197694.0,TXN-0002424
2025-11-22,2025-11-22,MISC ADJUSTMENT,29054,,-3226748.0,TXN-0002425
2025-11-24,2025-11-25,CLIENT FUNDING - RTGS,,212903,-3013845.0,TXN-0002426
2025-11-27,2025-11-28,BROKERAGE / TRADE SETTLEMENT,81905,,-3095750.0,TXN-0002427
2025-11-29,2025-11-30,MISC ADJUSTMENT,,43233,-3052517.0,TXN-0002428
2025-11-18,2025-11-18,MISC ADJUSTMENT,8924,,-3061441.0,TXN-0002429
2025-11-17,2025-11-19,CLIENT FUNDING - RTGS,,171415,-2890026.0,TXN-0002430
2025-11-18,2025-11-18,CLIENT FUNDING - RTGS,,76417,-2813609.0,TXN-0002431
2025-11-25,2025-11-25,BANK / DP CHARGES,1091,,-2814700.0,TXN-0002432
2025-11-23,2025-11-25,MISC ADJUSTMENT,,7907,-2806793.0,TXN-0002433
2025-11-16,2025-11-17,MISC ADJUSTMENT,,15786,-2791007.0,TXN-0002434
2025-11-18,2025-11-18,MISC ADJUSTMENT,,36610,-2754397.0,TXN-0002435
2025-11-25,2025-11-26,PAYOUT TO CLIENT,141549,,-2895946.0,TXN-0002436
2025-11-16,2025-11-17,MISC ADJUSTMENT,,34930,-2861016.0,TXN-0002437
2025-11-20,2025-11-22,BANK / DP CHARGES,157,,-2861173.0,TXN-0002438
2025-11-21,2025-11-21,BANK / DP CHARGES,1659,,-2862832.0,TXN-0002439
2025-11-15,2025-11-15,CLIENT FUNDING - RTGS,,109541,-2753291.0,TXN-0002440
2025-11-23,2025-11-25,BANK / DP CHARGES,828,,-2754119.0,TXN-0002441
2025-11-17,2025-11-18,CLIENT FUNDING - RTGS,,234189,-2519930.0,TXN-0002442
2025-11-22,2025-11-24,BANK / DP CHARGES,794,,-2520724.0,TXN-0002443
2025-11-28,2025-11-28,CLIENT FUNDING - RTGS,,204396,-2316328.0,TXN-0002444
2025-11-28,2025-11-28,CLIENT FUNDING - RTGS,,127505,-2188823.0,TXN-0002445
2025-11-19,2025-11-20,CLIENT FUNDING - RTGS,,52031,-2136792.0,TXN-0002446
2025-11-18,2025-11-18,BROKERAGE / TRADE SETTLEMENT,114426,,-2251218.0,TXN-0002447
2025-11-20,2025-11-22,BANK / DP CHARGES,946,,-2252164.0,TXN-0002448
2025-11-23,2025-11-25,PAYOUT TO CLIENT,90793,,-2342957.0,TXN-0002449
2025-11-20,2025-11-20,BROKERAGE / TRADE SETTLEMENT,125239,,-2468196.0,TXN-0002450
2025-11-22,2025-11-23,MISC ADJUSTMENT,25987,,-2494183.0,TXN-0002451
2025-11-22,2025-11-22,BROKERAGE / TRADE SETTLEMENT,24123,,-2518306.0,TXN-0002452
2025-11-19,2025-11-21,BANK / DP CHARGES,458,,-2518764.0,TXN-0002453
2025-11-23,2025-11-23,BROKERAGE / TRADE SETTLEMENT,18389,,-2537153.0,TXN-0002454
2025-11-29,2025-11-30,MISC ADJUSTMENT,39334,,-2576487.0,TXN-0002455
2025-11-19,2025-11-19,MISC ADJUSTMENT,29381,,-2605868.0,TXN-0002456
2025-11-21,2025-11-22,PAYOUT TO CLIENT,133248,,-2739116.0,TXN-0002457
2025-11-25,2025-11-25,PAYOUT TO CLIENT,128846,,-2867962.0,TXN-0002458
2025-11-22,2025-11-22,MISC ADJUSTMENT,,14867,-2853095.0,TXN-0002459
2025-11-28,2025-11-29,BANK / DP CHARGES,894,,-2853989.0,TXN-0002460
2025-11-28,2025-11-28,BANK / DP CHARGES,878,,-2854867.0,TXN-0002461
2025-11-23,2025-11-25,BANK / DP CHARGES,1444,,-2856311.0,TXN-0002462
2025-11-17,2025-11-17,BROKERAGE / TRADE SETTLEMENT,58949,,-2915260.0,TXN-0002463
2025-11-20,2025-11-22,MISC ADJUSTMENT,,6265,-2908995.0,TXN-0002464
2025-11-28,2025-11-30,PAYOUT TO CLIENT,180585,,-3089580.0,TXN-0002465
2025-11-25,2025-11-25,PAYOUT TO CLIENT,181954,,-3271534.0,TXN-0002466
2025-11-27,2025-11-29,CLIENT FUNDING - RTGS,,283595,-2987939.0,TXN-0002467
2025-11-29,2025-11-29,BANK / DP CHARGES,1433,,-2989372.0,TXN-0002468
2025-11-16,2025-11-17,PAYOUT TO CLIENT,93727,,-3083099.0,TXN-0002469
2025-11-16,2025-11-16,BROKERAGE / TRADE SETTLEMENT,140414,,-3223513.0,TXN-0002470
2025-11-17,2025-11-17,MISC ADJUSTMENT,29473,,-3252986.0,TXN-0002471
2025-11-17,2025-11-17,BANK / DP CHARGES,783,,-3253769.0,TXN-0002472
2025-11-22,2025-11-23,MISC ADJUSTMENT,25486,,-3279255.0,TXN-0002473
2025-11-24,2025-11-26,BANK / DP CHARGES,575,,-3279830.0,TXN-0002474
2025-11-23,2025-11-23,BANK / DP CHARGES,668,,-3280498.0,TXN-0002475
2025-11-17,2025-11-17,MISC ADJUSTMENT,31264,,-3311762.0,TXN-0002476
2025-11-19,2025-11-20,BANK / DP CHARGES,631,,-3312393.0,TXN-0002477
2025-11-29,2025-11-29,CLIENT FUNDING - RTGS,,190115,-3122278.0,TXN-0002478
2025-11-21,2025-11-22,MISC ADJUSTMENT,25272,,-3147550.0,TXN-0002479
2025-11-22,2025-11-22,CLIENT FUNDING - RTGS,,140437,-3007113.0,TXN-0002480
2025-11-28,2025-11-28,BANK / DP CHARGES,1257,,-3008370.0,TXN-0002481
2025-11-27,2025-11-28,BANK / DP CHARGES,950,,-3009320.0,TXN-0002482
2025-11-24,2025-11-24,PAYOUT TO CLIENT,87581,,-3096901.0,TXN-0002483
2025-11-26,2025-11-26,BROKERAGE / TRADE SETTLEMENT,46832,,-3143733.0,TXN-0002484
2025-11-20,2025-11-21,MISC ADJUSTMENT,20818,,-3164551.0,TXN-0002485
2025-11-15,2025-11-16,BROKERAGE / TRADE SETTLEMENT,111032,,-3275583.0,TXN-0002486
2025-11-27,2025-11-28,CLIENT FUNDING - RTGS,,75327,-3200256.0,TXN-0002487
2025-11-24,2025-11-24,CLIENT FUNDING - RTGS,,200001,-3000255.0,TXN-0002488
2025-11-28,2025-11-30,PAYOUT TO CLIENT,21195,,-3021450.0,TXN-0002489
2025-11-18,2025-11-18,BANK / DP CHARGES,1862,,-3023312.0,TXN-0002490
2025-11-21,2025-11-23,MISC ADJUSTMENT,,42922,-2980390.0,TXN-0002491
2025-11-27,2025-11-28,BROKERAGE / TRADE SETTLEMENT,52298,,-3032688.0,TXN-0002492
2025-11-24,2025-11-24,MISC ADJUSTMENT,,19652,-3013036.0,TXN-0002493
2025-11-18,2025-11-19,MISC ADJUSTMENT,,39570,-2973466.0,TXN-0002494
2025-11-19,2025-11-19,PAYOUT TO CLIENT,176149,,-3149615.0,TXN-0002495
2025-11-19,2025-11-21,PAYOUT TO CLIENT,144566,,-3294181.0,TXN-0002496
2025-11-21,2025-11-21,BANK / DP CHARGES,1916,,-3296097.0,TXN-0002497
2025-11-17,2025-11-18,CLIENT FUNDING - RTGS,,264575,-3031522.0,TXN-0002498
2025-11-24,2025-11-24,CLIENT FUNDING - RTGS,,91195,-2940327.0,TXN-0002499
2025-11-22,2025-11-22,BANK / DP CHARGES,1484,,-2941811.0,TXN-0002500
2025-11-17,2025-11-17,CLIENT FUNDING - RTGS,,99841,-2841970.0,TXN-0002501
2025-11-24,2025-11-24,BROKERAGE / TRADE SETTLEMENT,123855,,-2965825.0,TXN-0002502
2025-11-20,2025-11-20,CLIENT FUNDING - RTGS,,246412,-2719413.0,TXN-0002503
2025-11-25,2025-11-25,BROKERAGE / TRADE SETTLEMENT,56119,,-2775532.0,TXN-0002504
2025-11-28,2025-11-28,BROKERAGE / TRADE SETTLEMENT,43090,,-2818622.0,TXN-0002505
2025-11-24,2025-11-26,PAYOUT TO CLIENT,196976,,-3015598.0,TXN-0002506
2025-11-18,2025-11-19,CLIENT FUNDING - RTGS,,288849,-2726749.0,TXN-0002507
2025-11-23,2025-11-24,MISC ADJUSTMENT,13771,,-2740520.0,TXN-0002508
2025-11-20,2025-11-20,MISC ADJUSTMENT,17991,,-2758511.0,TXN-0002509
2025-11-22,2025-11-22,BANK / DP CHARGES,1836,,-2760347.0,TXN-0002510
2025-11-25,2025-11-27,BANK / DP CHARGES,1532,,-2761879.0,TXN-0002511
2025-11-15,2025-11-15,BANK / DP CHARGES,340,,-2762219.0,TXN-0002512
2025-11-22,2025-11-22,CLIENT FUNDING - RTGS,,147185,-2615034.0,TXN-0002513
2025-11-29,2025-11-30,MISC ADJUSTMENT,,16592,-2598442.0,TXN-0002514
2025-11-24,2025-11-24,CLIENT FUNDING - RTGS,,200510,-2397932.0,TXN-0002515
2025-11-19,2025-11-20,CLIENT FUNDING - RTGS,,111938,-2285994.0,TXN-0002516
2025-11-23,2025-11-23,PAYOUT TO CLIENT,109949,,-2395943.0,TXN-0002517
2025-11-15,2025-11-17,BANK / DP CHARGES,1298,,-2397241.0,TXN-0002518
2025-11-24,2025-11-25,CLIENT FUNDING - RTGS,,114676,-2282565.0,TXN-0002519
2025-11-29,2025-11-29,PAYOUT TO CLIENT,93287,,-2375852.0,TXN-0002520
2025-11-19,2025-11-21,CLIENT FUNDING - RTGS,,190208,-2185644.0,TXN-0002521
2025-11-26,2025-11-26,BROKERAGE / TRADE SETTLEMENT,53805,,-2239449.0,TXN-0002522
2025-11-15,2025-11-16,BROKERAGE / TRADE SETTLEMENT,35773,,-2275222.0,TXN-0002523
2025-11-27,2025-11-27,PAYOUT TO CLIENT,179079,,-2454301.0,TXN-0002524
2025-11-29,2025-12-01,BROKERAGE / TRADE SETTLEMENT,116990,,-2571291.0,TXN-0002525
2025-11-20,2025-11-21,MISC ADJUSTMENT,,37880,-2533411.0,TXN-0002526
2025-11-24,2025-11-24,BROKERAGE / TRADE SETTLEMENT,10215,,-2543626.0,TXN-0002527
2025-11-29,2025-11-29,MISC ADJUSTMENT,49731,,-2593357.0,TXN-0002528
2025-11-17,2025-11-17,BROKERAGE / TRADE SETTLEMENT,40143,,-2633500.0,TXN-0002529
2025-11-16,2025-11-18,PAYOUT TO CLIENT,69676,,-2703176.0,TXN-0002530
2025-11-22,2025-11-24,PAYOUT TO CLIENT,36353,,-2739529.0,TXN-0002531
2025-11-23,2025-11-23,CLIENT FUNDING - RTGS,,115015,-2624514.0,TXN-0002532
2025-11-23,2025-11-23,BANK / DP CHARGES,1466,,-2625980.0,TXN-0002533
2025-11-24,2025-11-24,PAYOUT TO CLIENT,75264,,-2701244.0,TXN-0002534
2025-11-15,2025-11-17,CLIENT FUNDING - RTGS,,273856,-2427388.0,TXN-0002535
2025-11-29,2025-11-29,MISC ADJUSTMENT,,37694,-2389694.0,TXN-0002536
2025-11-15,2025-11-17,BROKERAGE / TRADE SETTLEMENT,46279,,-2435973.0,TXN-0002537
2025-11-28,2025-11-28,MISC ADJUSTMENT,44464,,-2480437.0,TXN-0002538
2025-11-18,2025-11-20,PAYOUT TO CLIENT,130752,,-2611189.0,TXN-0002539
2025-11-25,2025-11-27,CLIENT FUNDING - RTGS,,79693,-2531496.0,TXN-0002540
2025-11-26,2025-11-28,BANK / DP CHARGES,1001,,-2532497.0,TXN-0002541
2025-11-25,2025-11-25,CLIENT FUNDING - RTGS,,298528,-2233969.0,TXN-0002542
2025-11-17,2025-11-19,PAYOUT TO CLIENT,56847,,-2290816.0,TXN-0002543
2025-11-18,2025-11-18,MISC ADJUSTMENT,,34499,-2256317.0,TXN-0002544
2025-11-21,2025-11-21,CLIENT FUNDING - RTGS,,52259,-2204058.0,TXN-0002545
2025-11-15,2025-11-15,PAYOUT TO CLIENT,99836,,-2303894.0,TXN-0002546
2025-11-18,2025-11-20,MISC ADJUSTMENT,,24039,-2279855.0,TXN-0002547
2025-11-25,2025-11-25,PAYOUT TO CLIENT,84599,,-2364454.0,TXN-0002548
2025-11-15,2025-11-15,BROKERAGE / TRADE SETTLEMENT,10132,,-2374586.0,TXN-0002549
2025-11-28,2025-11-28,BANK / DP CHARGES,1811,,-2376397.0,TXN-0002550
2025-11-18,2025-11-20,BANK / DP CHARGES,1920,,-2378317.0,TXN-0002551
2025-11-19,2025-11-19,MISC ADJUSTMENT,24531,,-2402848.0,TXN-0002552
2025-11-25,2025-11-26,MISC ADJUSTMENT,17933,,-2420781.0,TXN-0002553
2025-11-25,2025-11-25,BROKERAGE / TRADE SETTLEMENT,27668,,-2448449.0,TXN-0002554
2025-11-21,2025-11-21,MISC ADJUSTMENT,,33721,-2414728.0,TXN-0002555
2025-11-22,2025-11-24,BANK / DP CHARGES,860,,-2415588.0,TXN-0002556
2025-11-15,2025-11-15,PAYOUT TO CLIENT,195589,,-2611177.0,TXN-0002557
2025-11-18,2025-11-19,PAYOUT TO CLIENT,126615,,-2737792.0,TXN-0002558
2025-11-20,2025-11-20,CLIENT FUNDING - RTGS,,129130,-2608662.0,TXN-0002559
2025-11-28,2025-11-28,BANK / DP CHARGES,1040,,-2609702.0,TXN-0002560
2025-11-16,2025-11-16,CLIENT FUNDING - RTGS,,180669,-2429033.0,TXN-0002561
2025-11-24,2025-11-24,BANK / DP CHARGES,273,,-2429306.0,TXN-0002562
2025-11-27,2025-11-29,MISC ADJUSTMENT,30929,,-2460235.0,TXN-0002563
2025-11-18,2025-11-18,BANK / DP CHARGES,1328,,-2461563.0,TXN-0002564
2025-11-28,2025-11-30,PAYOUT TO CLIENT,23347,,-2484910.0,TXN-0002565
2025-11-21,2025-11-22,MISC ADJUSTMENT,,29036,-2455874.0,TXN-0002566
2025-11-17,2025-11-17,BROKERAGE / TRADE SETTLEMENT,104300,,-2560174.0,TXN-0002567
2025-11-28,2025-11-30,PAYOUT TO CLIENT,48933,,-2609107.0,TXN-0002568
2025-11-22,2025-11-22,BROKERAGE / TRADE SETTLEMENT,28785,,-2637892.0,TXN-0002569
2025-11-20,2025-11-20,MISC ADJUSTMENT,,48858,-2589034.0,TXN-0002570
2025-11-27,2025-11-27,BROKERAGE / TRADE SETTLEMENT,149373,,-2738407.0,TXN-0002571
2025-11-27,2025-11-29,CLIENT FUNDING - RTGS,,58977,-2679430.0,TXN-0002572
2025-11-28,2025-11-28,BROKERAGE / TRADE SETTLEMENT,100147,,-2779577.0,TXN-0002573
2025-11-15,2025-11-16,PAYOUT TO CLIENT,21289,,-2800866.0,TXN-0002574
2025-11-26,2025-11-26,BANK / DP CHARGES,348,,-2801214.0,TXN-0002575
2025-11-15,2025-11-15,BROKERAGE / TRADE SETTLEMENT,72127,,-2873341.0,TXN-0002576
2025-11-15,2025-11-16,PAYOUT TO CLIENT,140862,,-3014203.0,TXN-0002577
2025-11-22,2025-11-24,MISC ADJUSTMENT,44266,,-3058469.0,TXN-0002578
2025-11-25,2025-11-25,BANK / DP CHARGES,344,,-3058813.0,TXN-0002579
2025-11-22,2025-11-22,PAYOUT TO CLIENT,108225,,-3167038.0,TXN-0002580
2025-11-21,2025-11-23,MISC ADJUSTMENT,,42494,-3124544.0,TXN-0002581
2025-11-25,2025-11-26,BROKERAGE / TRADE SETTLEMENT,79490,,-3204034.0,TXN-0002582
2025-11-21,2025-11-22,MISC ADJUSTMENT,,49019,-3155015.0,TXN-0002583
2025-11-18,2025-11-19,CLIENT FUNDING - RTGS,,140418,-3014597.0,TXN-0002584
2025-11-21,2025-11-23,BROKERAGE / TRADE SETTLEMENT,50371,,-3064968.0,TXN-0002585
2025-11-19,2025-11-19,BANK / DP CHARGES,196,,-3065164.0,TXN-0002586
2025-11-20,2025-11-20,MISC ADJUSTMENT,33880,,-3099044.0,TXN-0002587
2025-11-27,2025-11-27,BROKERAGE / TRADE SETTLEMENT,74788,,-3173832.0,TXN-0002588
2025-11-29,2025-11-29,BROKERAGE / TRADE SETTLEMENT,58739,,-3232571.0,TXN-0002589
2025-11-26,2025-11-26,BROKERAGE / TRADE SETTLEMENT,50542,,-3283113.0,TXN-0002590
2025-11-18,2025-11-18,MISC ADJUSTMENT,,23039,-3260074.0,TXN-0002591
2025-11-23,2025-11-25,CLIENT FUNDING - RTGS,,222797,-3037277.0,TXN-0002592
2025-11-25,2025-11-25,BROKERAGE / TRADE SETTLEMENT,37141,,-3074418.0,TXN-0002593
2025-11-17,2025-11-19,MISC ADJUSTMENT,29006,,-3103424.0,TXN-0002594
2025-11-18,2025-11-18,PAYOUT TO CLIENT,47227,,-3150651.0,TXN-0002595
2025-11-20,2025-11-20,PAYOUT TO CLIENT,80610,,-3231261.0,TXN-0002596
2025-11-27,2025-11-27,CLIENT FUNDING - RTGS,,283041,-2948220.0,TXN-0002597
2025-11-28,2025-11-28,BROKERAGE / TRADE SETTLEMENT,30418,,-2978638.0,TXN-0002598
2025-11-20,2025-11-21,BANK / DP CHARGES,347,,-2978985.0,TXN-0002599
2025-11-25,2025-11-25,PAYOUT TO CLIENT,137406,,-3116391.0,TXN-0002600
2025-11-29,2025-11-29,PAYOUT TO CLIENT,116659,,-3233050.0,TXN-0002601
2025-11-19,2025-11-21,CLIENT FUNDING - RTGS,,110004,-3123046.0,TXN-0002602
2025-11-21,2025-11-22,MISC ADJUSTMENT,,20700,-3102346.0,TXN-0002603
2025-11-29,2025-12-01,CLIENT FUNDING - RTGS,,291725,-2810621.0,TXN-0002604
2025-11-26,2025-11-26,BANK / DP CHARGES,1836,,-2812457.0,TXN-0002605
2025-11-21,2025-11-21,MISC ADJUSTMENT,,41919,-2770538.0,TXN-0002606
2025-11-24,2025-11-24,CLIENT FUNDING - RTGS,,170900,-2599638.0,TXN-0002607
2025-11-17,2025-11-17,CLIENT FUNDING - RTGS,,112629,-2487009.0,TXN-0002608
2025-11-25,2025-11-25,BANK / DP CHARGES,109,,-2487118.0,TXN-0002609
2025-11-28,2025-11-30,CLIENT FUNDING - RTGS,,197156,-2289962.0,TXN-0002610
2025-11-26,2025-11-26,PAYOUT TO CLIENT,23416,,-2313378.0,TXN-0002611
2025-11-19,2025-11-21,BROKERAGE / TRADE SETTLEMENT,131173,,-2444551.0,TXN-0002612
2025-11-17,2025-11-17,CLIENT FUNDING - RTGS,,186686,-2257865.0,TXN-0002613
2025-11-23,2025-11-25,MISC ADJUSTMENT,49860,,-2307725.0,TXN-0002614
2025-11-25,2025-11-25,MISC ADJUSTMENT,42085,,-2349810.0,TXN-0002615
2025-11-22,2025-11-22,MISC ADJUSTMENT,,6608,-2343202.0,TXN-0002616
2025-11-16,2025-11-16,CLIENT FUNDING - RTGS,,100445,-2242757.0,TXN-0002617
2025-11-29,2025-11-29,MISC ADJUSTMENT,41084,,-2283841.0,TXN-0002618
2025-11-15,2025-11-16,CLIENT FUNDING - RTGS,,196526,-2087315.0,TXN-0002619
2025-11-20,2025-11-20,MISC ADJUSTMENT,,7752,-2079563.0,TXN-0002620
2025-11-17,2025-11-18,BROKERAGE / TRADE SETTLEMENT,18741,,-2098304.0,TXN-0002621
2025-11-28,2025-11-29,PAYOUT TO CLIENT,31824,,-2130128.0,TXN-0002622
2025-11-23,2025-11-24,CLIENT FUNDING - RTGS,,269642,-1860486.0,TXN-0002623
2025-11-24,2025-11-25,MISC ADJUSTMENT,21041,,-1881527.0,TXN-0002624
2025-11-21,2025-11-23,BROKERAGE / TRADE SETTLEMENT,131109,,-2012636.0,TXN-0002625
2025-11-16,2025-11-17,PAYOUT TO CLIENT,154597,,-2167233.0,TXN-0002626
2025-11-17,2025-11-17,PAYOUT TO CLIENT,56143,,-2223376.0,TXN-0002627
2025-11-27,2025-11-29,BANK / DP CHARGES,1870,,-2225246.0,TXN-0002628
2025-11-20,2025-11-20,BROKERAGE / TRADE SETTLEMENT,145315,,-2370561.0,TXN-0002629
2025-11-23,2025-11-25,CLIENT FUNDING - RTGS,,111705,-2258856.0,TXN-0002630
2025-11-18,2025-11-18,PAYOUT TO CLIENT,190418,,-2449274.0,TXN-0002631
2025-11-25,2025-11-25,BANK / DP CHARGES,734,,-2450008.0,TXN-0002632
2025-11-17,2025-11-18,CLIENT FUNDING - RTGS,,55039,-2394969.0,TXN-0002633
2025-11-27,2025-11-27,MISC ADJUSTMENT,,46763,-2348206.0,TXN-0002634
2025-11-21,2025-11-22,BANK / DP CHARGES,761,,-2348967.0,TXN-0002635
2025-11-21,2025-11-21,BROKERAGE / TRADE SETTLEMENT,35629,,-2384596.0,TXN-0002636
2025-11-27,2025-11-28,MISC ADJUSTMENT,,39146,-2345450.0,TXN-0002637
2025-11-17,2025-11-17,CLIENT FUNDING - RTGS,,145266,-2200184.0,TXN-0002638
2025-11-18,2025-11-20,CLIENT FUNDING - RTGS,,142489,-2057695.0,TXN-0002639
2025-11-17,2025-11-19,PAYOUT TO CLIENT,54663,,-2112358.0,TXN-0002640
2025-11-20,2025-11-20,CLIENT FUNDING - RTGS,,298700,-1813658.0,TXN-0002641
2025-11-21,2025-11-21,PAYOUT TO CLIENT,195069,,-2008727.0,TXN-0002642
2025-11-29,2025-11-29,CLIENT FUNDING - RTGS,,179586,-1829141.0,TXN-0002643
2025-11-17,2025-11-18,BROKERAGE / TRADE SETTLEMENT,89670,,-1918811.0,TXN-0002644
2025-11-27,2025-11-28,BANK / DP CHARGES,1008,,-1919819.0,TXN-0002645
2025-11-25,2025-11-25,BANK / DP CHARGES,1120,,-1920939.0,TXN-0002646
2025-11-26,2025-11-28,BANK / DP CHARGES,1359,,-1922298.0,TXN-0002647
2025-11-22,2025-11-22,PAYOUT TO CLIENT,141071,,-2063369.0,TXN-0002648
2025-11-21,2025-11-23,PAYOUT TO CLIENT,79487,,-2142856.0,TXN-0002649
2025-11-21,2025-11-23,CLIENT FUNDING - RTGS,,243108,-1899748.0,TXN-0002650
2025-11-26,2025-11-28,BANK / DP CHARGES,1794,,-1901542.0,TXN-0002651
2025-11-25,2025-11-27,MISC ADJUSTMENT,,5875,-1895667.0,TXN-0002652
2025-11-24,2025-11-26,BROKERAGE / TRADE SETTLEMENT,55266,,-1950933.0,TXN-0002653
2025-11-20,2025-11-20,PAYOUT TO CLIENT,82537,,-2033470.0,TXN-0002654
2025-11-15,2025-11-17,BANK / DP CHARGES,444,,-2033914.0,TXN-0002655
2025-11-17,2025-11-17,PAYOUT TO CLIENT,57512,,-2091426.0,TXN-0002656
2025-11-20,2025-11-21,MISC ADJUSTMENT,,20245,-2071181.0,TXN-0002657
2025-11-29,2025-12-01,BROKERAGE / TRADE SETTLEMENT,83113,,-2154294.0,TXN-0002658
2025-11-29,2025-11-30,PAYOUT TO CLIENT,150298,,-2304592.0,TXN-0002659
2025-11-18,2025-11-18,CLIENT FUNDING - RTGS,,73777,-2230815.0,TXN-0002660
2025-11-28,2025-11-30,BANK / DP CHARGES,1890,,-2232705.0,TXN-0002661
2025-11-24,2025-11-24,BANK / DP CHARGES,1362,,-2234067.0,TXN-0002662
2025-11-18,2025-11-19,MISC ADJUSTMENT,,45697,-2188370.0,TXN-0002663
2025-11-20,2025-11-20,BROKERAGE / TRADE SETTLEMENT,84241,,-2272611.0,TXN-0002664
2025-11-23,2025-11-25,MISC ADJUSTMENT,,15277,-2257334.0,TXN-0002665
2025-11-26,2025-11-26,CLIENT FUNDING - RTGS,,201191,-2056143.0,TXN-0002666
2025-11-18,2025-11-19,BANK / DP CHARGES,1497,,-2057640.0,TXN-0002667
2025-11-24,2025-11-24,MISC ADJUSTMENT,23817,,-2081457.0,TXN-0002668
2025-11-16,2025-11-17,BROKERAGE / TRADE SETTLEMENT,87554,,-2169011.0,TXN-0002669
2025-11-23,2025-11-25,BROKERAGE / TRADE SETTLEMENT,65571,,-2234582.0,TXN-0002670
2025-11-20,2025-11-20,CLIENT FUNDING - RTGS,,203400,-2031182.0,TXN-0002671
2025-11-24,2025-11-26,MISC ADJUSTMENT,,42836,-1988346.0,TXN-0002672
2025-11-29,2025-11-29,BROKERAGE / TRADE SETTLEMENT,97778,,-2086124.0,TXN-0002673
2025-11-29,2025-11-29,BROKERAGE / TRADE SETTLEMENT,22281,,-2108405.0,TXN-0002674
2025-11-19,2025-11-21,CLIENT FUNDING - RTGS,,274798,-1833607.0,TXN-0002675
2025-11-22,2025-11-24,MISC ADJUSTMENT,16899,,-1850506.0,TXN-0002676
2025-11-27,2025-11-27,PAYOUT TO CLIENT,24152,,-1874658.0,TXN-0002677
2025-11-16,2025-11-16,PAYOUT TO CLIENT,74800,,-1949458.0,TXN-0002678
2025-11-26,2025-11-26,BROKERAGE / TRADE SETTLEMENT,105953,,-2055411.0,TXN-0002679
2025-11-26,2025-11-27,MISC ADJUSTMENT,29986,,-2085397.0,TXN-0002680
2025-11-24,2025-11-26,CLIENT FUNDING - RTGS,,172899,-1912498.0,TXN-0002681
2025-11-25,2025-11-25,BANK / DP CHARGES,848,,-1913346.0,TXN-0002682
2025-11-17,2025-11-17,BANK / DP CHARGES,1669,,-1915015.0,TXN-0002683
2025-11-20,2025-11-20,BROKERAGE / TRADE SETTLEMENT,96475,,-2011490.0,TXN-0002684
2025-11-17,2025-11-19,PAYOUT TO CLIENT,85756,,-2097246.0,TXN-0002685
2025-11-21,2025-11-21,BANK / DP CHARGES,740,,-2097986.0,TXN-0002686
2025-11-19,2025-11-19,MISC ADJUSTMENT,,14080,-2083906.0,TXN-0002687
2025-11-16,2025-11-17,PAYOUT TO CLIENT,196796,,-2280702.0,TXN-0002688
2025-11-27,2025-11-27,BROKERAGE / TRADE SETTLEMENT,15659,,-2296361.0,TXN-0002689
2025-11-26,2025-11-27,CLIENT FUNDING - RTGS,,247118,-2049243.0,TXN-0002690
2025-11-26,2025-11-26,PAYOUT TO CLIENT,63589,,-2112832.0,TXN-0002691
2025-11-15,2025-11-15,PAYOUT TO CLIENT,151767,,-2264599.0,TXN-0002692
2025-11-15,2025-11-15,BROKERAGE / TRADE SETTLEMENT,46587,,-2311186.0,TXN-0002693
2025-11-26,2025-11-26,MISC ADJUSTMENT,41716,,-2352902.0,TXN-0002694
2025-11-19,2025-11-21,CLIENT FUNDING - RTGS,,265872,-2087030.0,TXN-0002695
2025-11-25,2025-11-26,MISC ADJUSTMENT,,9909,-2077121.0,TXN-0002696
2025-11-24,2025-11-25,BANK / DP CHARGES,1429,,-2078550.0,TXN-0002697
2025-11-20,2025-11-20,BROKERAGE / TRADE SETTLEMENT,75223,,-2153773.0,TXN-0002698
2025-11-29,2025-11-29,BANK / DP CHARGES,1291,,-2155064.0,TXN-0002699
2025-11-15,2025-11-16,BROKERAGE / TRADE SETTLEMENT,20032,,-2175096.0,TXN-0002700
2025-11-15,2025-11-15,CLIENT FUNDING - RTGS,,297338,-1877758.0,TXN-0002701
2025-11-17,2025-11-18,CLIENT FUNDING - RTGS,,173072,-1704686.0,TXN-0002702
2025-11-26,2025-11-26,BANK / DP CHARGES,1654,,-1706340.0,TXN-0002703
2025-11-26,2025-11-28,BANK / DP CHARGES,486,,-1706826.0,TXN-0002704
2025-11-19,2025-11-19,MISC ADJUSTMENT,,38701,-1668125.0,TXN-0002705
2025-11-26,2025-11-27,MISC ADJUSTMENT,20201,,-1688326.0,TXN-0002706
2025-11-27,2025-11-27,PAYOUT TO CLIENT,149146,,-1837472.0,TXN-0002707
2025-11-20,2025-11-22,MISC ADJUSTMENT,39463,,-1876935.0,TXN-0002708
2025-11-18,2025-11-19,BANK / DP CHARGES,1216,,-1878151.0,TXN-0002709
2025-11-16,2025-11-16,BANK / DP CHARGES,143,,-1878294.0,TXN-0002710
2025-11-15,2025-11-15,BANK / DP CHARGES,1443,,-1879737.0,TXN-0002711
2025-11-20,2025-11-20,MISC ADJUSTMENT,10706,,-1890443.0,TXN-0002712
2025-11-27,2025-11-28,MISC ADJUSTMENT,,30965,-1859478.0,TXN-0002713
2025-11-24,2025-11-24,BROKERAGE / TRADE SETTLEMENT,111312,,-1970790.0,TXN-0002714
2025-11-23,2025-11-24,MISC ADJUSTMENT,28495,,-1999285.0,TXN-0002715
2025-11-27,2025-11-28,PAYOUT TO CLIENT,34378,,-2033663.0,TXN-0002716
2025-11-26,2025-11-28,MISC ADJUSTMENT,,12343,-2021320.0,TXN-0002717
2025-11-18,2025-11-18,CLIENT FUNDING - RTGS,,58686,-1962634.0,TXN-0002718
2025-11-26,2025-11-27,MISC ADJUSTMENT,7283,,-1969917.0,TXN-0002719
2025-11-18,2025-11-18,BANK / DP CHARGES,295,,-1970212.0,TXN-0002720
2025-11-27,2025-11-28,BANK / DP CHARGES,1723,,-1971935.0,TXN-0002721
2025-11-22,2025-11-22,MISC ADJUSTMENT,26019,,-1997954.0,TXN-0002722
2025-11-22,2025-11-22,BROKERAGE / TRADE SETTLEMENT,135938,,-2133892.0,TXN-0002723
2025-11-17,2025-11-18,MISC ADJUSTMENT,,48623,-2085269.0,TXN-0002724
2025-11-22,2025-11-24,MISC ADJUSTMENT,47240,,-2132509.0,TXN-0002725
2025-11-25,2025-11-26,PAYOUT TO CLIENT,104603,,-2237112.0,TXN-0002726
2025-11-22,2025-11-23,CLIENT FUNDING - RTGS,,66073,-2171039.0,TXN-0002727
2025-11-16,2025-11-16,BROKERAGE / TRADE SETTLEMENT,83203,,-2254242.0,TXN-0002728
2025-11-17,2025-11-19,CLIENT FUNDING - RTGS,,55750,-2198492.0,TXN-0002729
2025-11-20,2025-11-22,BROKERAGE / TRADE SETTLEMENT,135301,,-2333793.0,TXN-0002730
2025-11-22,2025-11-23,BANK / DP CHARGES,1807,,-2335600.0,TXN-0002731
2025-11-25,2025-11-26,MISC ADJUSTMENT,34949,,-2370549.0,TXN-0002732
2025-11-19,2025-11-19,PAYOUT TO CLIENT,140107,,-2510656.0,TXN-0002733
2025-11-23,2025-11-23,CLIENT FUNDING - RTGS,,97146,-2413510.0,TXN-0002734
2025-11-23,2025-11-23,BROKERAGE / TRADE SETTLEMENT,149769,,-2563279.0,TXN-0002735
2025-11-19,2025-11-19,PAYOUT TO CLIENT,88483,,-2651762.0,TXN-0002736
2025-11-25,2025-11-25,MISC ADJUSTMENT,38274,,-2690036.0,TXN-0002737
2025-11-18,2025-11-19,BROKERAGE / TRADE SETTLEMENT,141629,,-2831665.0,TXN-0002738
2025-11-19,2025-11-20,MISC ADJUSTMENT,47844,,-2879509.0,TXN-0002739
2025-11-19,2025-11-19,BANK / DP CHARGES,1472,,-2880981.0,TXN-0002740
2025-11-24,2025-11-25,PAYOUT TO CLIENT,128242,,-3009223.0,TXN-0002741
2025-11-16,2025-11-17,BANK / DP CHARGES,549,,-3009772.0,TXN-0002742
2025-11-17,2025-11-18,MISC ADJUSTMENT,45665,,-3055437.0,TXN-0002743
2025-11-21,2025-11-22,BANK / DP CHARGES,1266,,-3056703.0,TXN-0002744
2025-11-16,2025-11-17,BROKERAGE / TRADE SETTLEMENT,54094,,-3110797.0,TXN-0002745
2025-11-28,2025-11-30,BANK / DP CHARGES,100,,-3110897.0,TXN-0002746
2025-11-18,2025-11-19,BROKERAGE / TRADE SETTLEMENT,39310,,-3150207.0,TXN-0002747
2025-11-20,2025-11-20,PAYOUT TO CLIENT,52931,,-3203138.0,TXN-0002748
2025-11-22,2025-11-22,PAYOUT TO CLIENT,124944,,-3328082.0,TXN-0002749
2025-11-16,2025-11-18,PAYOUT TO CLIENT,182465,,-3510547.0,TXN-0002750
2025-11-23,2025-11-23,BANK / DP CHARGES,345,,-3510892.0,TXN-0002751
2025-11-22,2025-11-22,BANK / DP CHARGES,1454,,-3512346.0,TXN-0002752
2025-11-22,2025-11-22,PAYOUT TO CLIENT,34338,,-3546684.0,TXN-0002753
2025-11-27,2025-11-29,PAYOUT TO CLIENT,171478,,-3718162.0,TXN-0002754
2025-11-16,2025-11-18,BROKERAGE / TRADE SETTLEMENT,75779,,-3793941.0,TXN-0002755
2025-11-21,2025-11-21,BANK / DP CHARGES,1059,,-3795000.0,TXN-0002756
2025-11-28,2025-11-28,PAYOUT TO CLIENT,72717,,-3867717.0,TXN-0002757
2025-11-24,2025-11-26,BROKERAGE / TRADE SETTLEMENT,42650,,-3910367.0,TXN-0002758
2025-11-21,2025-11-21,PAYOUT TO CLIENT,192967,,-4103334.0,TXN-0002759
2025-11-27,2025-11-29,PAYOUT TO CLIENT,184354,,-4287688.0,TXN-0002760
2025-11-25,2025-11-25,BROKERAGE / TRADE SETTLEMENT,98725,,-4386413.0,TXN-0002761
2025-11-23,2025-11-25,MISC ADJUSTMENT,,48207,-4338206.0,TXN-0002762
2025-11-23,2025-11-23,CLIENT FUNDING - RTGS,,171206,-4167000.0,TXN-0002763
2025-11-29,2025-11-30,PAYOUT TO CLIENT,120657,,-4287657.0,TXN-0002764
2025-11-29,2025-12-01,PAYOUT TO CLIENT,136613,,-4424270.0,TXN-0002765
2025-11-17,2025-11-18,PAYOUT TO CLIENT,119036,,-4543306.0,TXN-0002766
2025-11-22,2025-11-22,BROKERAGE / TRADE SETTLEMENT,80117,,-4623423.0,TXN-0002767
2025-11-24,2025-11-26,CLIENT FUNDING - RTGS,,52555,-4570868.0,TXN-0002768
2025-11-15,2025-11-15,MISC ADJUSTMENT,,15619,-4555249.0,TXN-0002769
2025-11-21,2025-11-22,BROKERAGE / TRADE SETTLEMENT,73846,,-4629095.0,TXN-0002770
2025-11-21,2025-11-23,CLIENT FUNDING - RTGS,,120511,-4508584.0,TXN-0002771
2025-11-28,2025-11-30,BROKERAGE / TRADE SETTLEMENT,55818,,-4564402.0,TXN-0002772
2025-11-27,2025-11-28,BROKERAGE / TRADE SETTLEMENT,43348,,-4607750.0,TXN-0002773
2025-11-24,2025-11-25,BROKERAGE / TRADE SETTLEMENT,70974,,-4678724.0,TXN-0002774
2025-11-26,2025-11-26,BANK / DP CHARGES,429,,-4679153.0,TXN-0002775
2025-11-24,2025-11-26,MISC ADJUSTMENT,33922,,-4713075.0,TXN-0002776
2025-11-19,2025-11-20,MISC ADJUSTMENT,44247,,-4757322.0,TXN-0002777
2025-11-17,2025-11-18,MISC ADJUSTMENT,46330,,-4803652.0,TXN-0002778
2025-11-22,2025-11-22,CLIENT FUNDING - RTGS,,171358,-4632294.0,TXN-0002779
2025-11-28,2025-11-28,CLIENT FUNDING - RTGS,,291416,-4340878.0,TXN-0002780
2025-11-17,2025-11-19,BROKERAGE / TRADE SETTLEMENT,149401,,-4490279.0,TXN-0002781
2025-11-19,2025-11-19,PAYOUT TO CLIENT,122719,,-4612998.0,TXN-0002782
2025-11-21,2025-11-21,CLIENT FUNDING - RTGS,,55101,-4557897.0,TXN-0002783
2025-11-24,2025-11-24,BROKERAGE / TRADE SETTLEMENT,68287,,-4626184.0,TXN-0002784
2025-11-22,2025-11-22,BROKERAGE / TRADE SETTLEMENT,94697,,-4720881.0,TXN-0002785
2025-11-23,2025-11-23,PAYOUT TO CLIENT,96530,,-4817411.0,TXN-0002786
2025-11-22,2025-11-22,BROKERAGE / TRADE SETTLEMENT,116445,,-4933856.0,TXN-0002787
2025-11-20,2025-11-20,MISC ADJUSTMENT,29537,,-4963393.0,TXN-0002788
2025-11-28,2025-11-28,MISC ADJUSTMENT,,25799,-4937594.0,TXN-0002789
2025-11-19,2025-11-20,CLIENT FUNDING - RTGS,,112450,-4825144.0,TXN-0002790
2025-11-28,2025-11-28,MISC ADJUSTMENT,,48890,-4776254.0,TXN-0002791
2025-11-27,2025-11-28,CLIENT FUNDING - RTGS,,239311,-4536943.0,TXN-0002792
2025-11-28,2025-11-29,MISC ADJUSTMENT,6914,,-4543857.0,TXN-0002793
2025-11-28,2025-11-29,BROKERAGE / TRADE SETTLEMENT,148557,,-4692414.0,TXN-0002794
2025-11-29,2025-12-01,BROKERAGE / TRADE SETTLEMENT,138207,,-4830621.0,TXN-0002795
2025-11-18,2025-11-19,BROKERAGE / TRADE SETTLEMENT,131925,,-4962546.0,TXN-0002796
2025-11-18,2025-11-19,MISC ADJUSTMENT,,16309,-4946237.0,TXN-0002797
2025-11-29,2025-11-29,CLIENT FUNDING - RTGS,,243026,-4703211.0,TXN-0002798
2025-11-22,2025-11-24,MISC ADJUSTMENT,22994,,-4726205.0,TXN-0002799
2025-11-19,2025-11-20,BROKERAGE / TRADE SETTLEMENT,72264,,-4798469.0,TXN-0002800
2025-11-29,2025-11-29,PAYOUT TO CLIENT,75504,,-4873973.0,TXN-0002801
2025-11-21,2025-11-22,CLIENT FUNDING - RTGS,,232263,-4641710.0,TXN-0002802
2025-11-19,2025-11-19,BROKERAGE / TRADE SETTLEMENT,107385,,-4749095.0,TXN-0002803
2025-11-22,2025-11-22,BANK / DP CHARGES,842,,-4749937.0,TXN-0002804
2025-11-19,2025-11-19,MISC ADJUSTMENT,30552,,-4780489.0,TXN-0002805
2025-11-29,2025-11-29,BANK / DP CHARGES,1954,,-4782443.0,TXN-0002806
2025-11-18,2025-11-18,PAYOUT TO CLIENT,97705,,-4880148.0,TXN-0002807
2025-11-21,2025-11-22,BANK / DP CHARGES,448,,-4880596.0,TXN-0002808
2025-11-27,2025-11-27,BANK / DP CHARGES,1996,,-4882592.0,TXN-0002809
2025-11-26,2025-11-26,MISC ADJUSTMENT,48067,,-4930659.0,TXN-0002810
2025-11-20,2025-11-22,CLIENT FUNDING - RTGS,,239033,-4691626.0,TXN-0002811
2025-11-15,2025-11-16,CLIENT FUNDING - RTGS,,296339,-4395287.0,TXN-0002812
2025-11-15,2025-11-16,PAYOUT TO CLIENT,86684,,-4481971.0,TXN-0002813
2025-11-17,2025-11-19,BROKERAGE / TRADE SETTLEMENT,90872,,-4572843.0,TXN-0002814
2025-11-20,2025-11-22,BANK / DP CHARGES,1974,,-4574817.0,TXN-0002815
2025-11-17,2025-11-17,MISC ADJUSTMENT,,32169,-4542648.0,TXN-0002816
2025-11-23,2025-11-25,MISC ADJUSTMENT,43723,,-4586371.0,TXN-0002817
2025-11-27,2025-11-27,PAYOUT TO CLIENT,91352,,-4677723.0,TXN-0002818
2025-11-19,2025-11-21,BANK / DP CHARGES,1341,,-4679064.0,TXN-0002819
2025-11-19,2025-11-21,PAYOUT TO CLIENT,21374,,-4700438.0,TXN-0002820
2025-11-29,2025-11-29,BANK / DP CHARGES,1412,,-4701850.0,TXN-0002821
2025-11-19,2025-11-20,PAYOUT TO CLIENT,176859,,-4878709.0,TXN-0002822
2025-11-18,2025-11-19,BANK / DP CHARGES,343,,-4879052.0,TXN-0002823
2025-11-26,2025-11-26,BROKERAGE / TRADE SETTLEMENT,21071,,-4900123.0,TXN-0002824
2025-11-16,2025-11-16,BANK / DP CHARGES,1482,,-4901605.0,TXN-0002825
2025-11-28,2025-11-30,MISC ADJUSTMENT,37602,,-4939207.0,TXN-0002826
2025-11-16,2025-11-18,PAYOUT TO CLIENT,80077,,-5019284.0,TXN-0002827
2025-11-15,2025-11-16,BANK / DP CHARGES,1151,,-5020435.0,TXN-0002828
2025-11-23,2025-11-24,BROKERAGE / TRADE SETTLEMENT,100032,,-5120467.0,TXN-0002829
2025-11-21,2025-11-21,PAYOUT TO CLIENT,36497,,-5156964.0,TXN-0002830
2025-11-22,2025-11-24,BROKERAGE / TRADE SETTLEMENT,26509,,-5183473.0,TXN-0002831
2025-11-22,2025-11-22,MISC ADJUSTMENT,12825,,-5196298.0,TXN-0002832
2025-11-25,2025-11-26,MISC ADJUSTMENT,14618,,-5210916.0,TXN-0002833
2025-11-20,2025-11-22,MISC ADJUSTMENT,,28456,-5182460.0,TXN-0002834
2025-11-18,2025-11-18,CLIENT FUNDING - RTGS,,274688,-4907772.0,TXN-0002835
2025-11-22,2025-11-22,BANK / DP CHARGES,298,,-4908070.0,TXN-0002836
2025-11-27,2025-11-28,BROKERAGE / TRADE SETTLEMENT,75110,,-4983180.0,TXN-0002837
2025-11-19,2025-11-19,BROKERAGE / TRADE SETTLEMENT,57639,,-5040819.0,TXN-0002838
2025-11-29,2025-11-29,BANK / DP CHARGES,1869,,-5042688.0,TXN-0002839
2025-11-18,2025-11-18,PAYOUT TO CLIENT,191334,,-5234022.0,TXN-0002840
2025-11-25,2025-11-27,BROKERAGE / TRADE SETTLEMENT,69901,,-5303923.0,TXN-0002841
2025-11-26,2025-11-26,BROKERAGE / TRADE SETTLEMENT,51907,,-5355830.0,TXN-0002842
2025-11-25,2025-11-25,CLIENT FUNDING - RTGS,,127677,-5228153.0,TXN-0002843
2025-11-21,2025-11-21,PAYOUT TO CLIENT,174149,,-5402302.0,TXN-0002844
2025-11-20,2025-11-22,PAYOUT TO CLIENT,198035,,-5600337.0,TXN-0002845
2025-11-25,2025-11-25,BROKERAGE / TRADE SETTLEMENT,36299,,-5636636.0,TXN-0002846
2025-11-22,2025-11-22,MISC ADJUSTMENT,6419,,-5643055.0,TXN-0002847
2025-11-26,2025-11-26,BROKERAGE / TRADE SETTLEMENT,81969,,-5725024.0,TXN-0002848
2025-11-19,2025-11-19,PAYOUT TO CLIENT,118227,,-5843251.0,TXN-0002849
2025-11-20,2025-11-20,CLIENT FUNDING - RTGS,,121222,-5722029.0,TXN-0002850
2025-11-18,2025-11-18,BROKERAGE / TRADE SETTLEMENT,72690,,-5794719.0,TXN-0002851
2025-11-29,2025-11-29,MISC ADJUSTMENT,,13701,-5781018.0,TXN-0002852
2025-11-20,2025-11-20,BROKERAGE / TRADE SETTLEMENT,147162,,-5928180.0,TXN-0002853
2025-11-23,2025-11-23,BANK / DP CHARGES,1938,,-5930118.0,TXN-0002854
2025-11-29,2025-12-01,BANK / DP CHARGES,306,,-5930424.0,TXN-0002855
2025-11-18,2025-11-20,MISC ADJUSTMENT,,18714,-5911710.0,TXN-0002856
2025-11-29,2025-12-01,CLIENT FUNDING - RTGS,,116219,-5795491.0,TXN-0002857
2025-11-18,2025-11-20,PAYOUT TO CLIENT,97238,,-5892729.0,TXN-0002858
2025-11-26,2025-11-26,MISC ADJUSTMENT,,32482,-5860247.0,TXN-0002859
2025-11-22,2025-11-22,BROKERAGE / TRADE SETTLEMENT,41979,,-5902226.0,TXN-0002860
2025-11-27,2025-11-27,MISC ADJUSTMENT,27887,,-5930113.0,TXN-0002861
2025-11-23,2025-11-23,MISC ADJUSTMENT,,40328,-5889785.0,TXN-0002862
2025-11-28,2025-11-29,BANK / DP CHARGES,353,,-5890138.0,TXN-0002863
2025-11-28,2025-11-29,BANK / DP CHARGES,1500,,-5891638.0,TXN-0002864
2025-11-26,2025-11-26,BROKERAGE / TRADE SETTLEMENT,92720,,-5984358.0,TXN-0002865
2025-11-20,2025-11-21,CLIENT FUNDING - RTGS,,287179,-5697179.0,TXN-0002866
2025-11-26,2025-11-28,BANK / DP CHARGES,1111,,-5698290.0,TXN-0002867
2025-11-20,2025-11-20,BANK / DP CHARGES,1045,,-5699335.0,TXN-0002868
2025-11-27,2025-11-27,MISC ADJUSTMENT,,5177,-5694158.0,TXN-0002869
2025-11-18,2025-11-20,MISC ADJUSTMENT,,18409,-5675749.0,TXN-0002870
2025-11-24,2025-11-25,BROKERAGE / TRADE SETTLEMENT,32060,,-5707809.0,TXN-0002871
2025-11-22,2025-11-24,BANK / DP CHARGES,175,,-5707984.0,TXN-0002872
2025-11-19,2025-11-21,PAYOUT TO CLIENT,141382,,-5849366.0,TXN-0002873
2025-11-20,2025-11-20,MISC ADJUSTMENT,17529,,-5866895.0,TXN-0002874
2025-11-22,2025-11-23,CLIENT FUNDING - RTGS,,146401,-5720494.0,TXN-0002875
2025-11-29,2025-11-29,BANK / DP CHARGES,1463,,-5721957.0,TXN-0002876
2025-11-24,2025-11-25,BANK / DP CHARGES,1606,,-5723563.0,TXN-0002877
2025-11-29,2025-11-30,CLIENT FUNDING - RTGS,,201554,-5522009.0,TXN-0002878
2025-11-26,2025-11-26,MISC ADJUSTMENT,,19621,-5502388.0,TXN-0002879
2025-11-19,2025-11-21,MISC ADJUSTMENT,,15165,-5487223.0,TXN-0002880
2025-11-16,2025-11-17,CLIENT FUNDING - RTGS,,124519,-5362704.0,TXN-0002881
2025-11-17,2025-11-17,PAYOUT TO CLIENT,26933,,-5389637.0,TXN-0002882
2025-11-22,2025-11-22,BANK / DP CHARGES,266,,-5389903.0,TXN-0002883
2025-11-21,2025-11-21,MISC ADJUSTMENT,41254,,-5431157.0,TXN-0002884
2025-11-28,2025-11-28,BROKERAGE / TRADE SETTLEMENT,78294,,-5509451.0,TXN-0002885
2025-11-28,2025-11-29,MISC ADJUSTMENT,,31664,-5477787.0,TXN-0002886
2025-11-23,2025-11-23,MISC ADJUSTMENT,,45486,-5432301.0,TXN-0002887
2025-11-27,2025-11-28,PAYOUT TO CLIENT,130789,,-5563090.0,TXN-0002888
2025-11-16,2025-11-16,BANK / DP CHARGES,510,,-5563600.0,TXN-0002889
2025-11-24,2025-11-25,PAYOUT TO CLIENT,192700,,-5756300.0,TXN-0002890
2025-11-24,2025-11-24,PAYOUT TO CLIENT,143973,,-5900273.0,TXN-0002891
2025-11-18,2025-11-20,CLIENT FUNDING - RTGS,,131927,-5768346.0,TXN-0002892
2025-11-19,2025-11-21,CLIENT FUNDING - RTGS,,298039,-5470307.0,TXN-0002893
2025-11-28,2025-11-29,PAYOUT TO CLIENT,104454,,-5574761.0,TXN-0002894
2025-11-26,2025-11-27,CLIENT FUNDING - RTGS,,212743,-5362018.0,TXN-0002895
2025-11-19,2025-11-19,PAYOUT TO CLIENT,148875,,-5510893.0,TXN-0002896
2025-11-18,2025-11-18,MISC ADJUSTMENT,,35883,-5475010.0,TXN-0002897
2025-11-21,2025-11-23,MISC ADJUSTMENT,,12508,-5462502.0,TXN-0002898
2025-11-29,2025-12-01,BROKERAGE / TRADE SETTLEMENT,74827,,-5537329.0,TXN-0002899
2025-11-24,2025-11-26,PAYOUT TO CLIENT,61752,,-5599081.0,TXN-0002900
2025-11-19,2025-11-19,CLIENT FUNDING - RTGS,,198412,-5400669.0,TXN-0002901
2025-11-25,2025-11-25,PAYOUT TO CLIENT,79526,,-5480195.0,TXN-0002902
2025-11-29,2025-11-29,MISC ADJUSTMENT,21380,,-5501575.0,TXN-0002903
2025-11-29,2025-11-29,MISC ADJUSTMENT,47949,,-5549524.0,TXN-0002904
2025-11-17,2025-11-17,PAYOUT TO CLIENT,82727,,-5632251.0,TXN-0002905
2025-11-25,2025-11-26,MISC ADJUSTMENT,29388,,-5661639.0,TXN-0002906
2025-11-19,2025-11-20,PAYOUT TO CLIENT,192249,,-5853888.0,TXN-0002907
2025-11-26,2025-11-27,MISC ADJUSTMENT,12036,,-5865924.0,TXN-0002908
2025-11-26,2025-11-26,BROKERAGE / TRADE SETTLEMENT,77229,,-5943153.0,TXN-0002909
2025-11-18,2025-11-19,BROKERAGE / TRADE SETTLEMENT,66646,,-6009799.0,TXN-0002910
2025-11-25,2025-11-25,BROKERAGE / TRADE SETTLEMENT,41259,,-6051058.0,TXN-0002911
2025-11-25,2025-11-25,BANK / DP CHARGES,821,,-6051879.0,TXN-0002912
2025-11-23,2025-11-25,BANK / DP CHARGES,1172,,-6053051.0,TXN-0002913
2025-11-21,2025-11-21,CLIENT FUNDING - RTGS,,185949,-5867102.0,TXN-0002914
2025-11-27,2025-11-27,CLIENT FUNDING - RTGS,,77916,-5789186.0,TXN-0002915
2025-11-27,2025-11-27,CLIENT FUNDING - RTGS,,123133,-5666053.0,TXN-0002916
2025-11-18,2025-11-20,MISC ADJUSTMENT,36247,,-5702300.0,TXN-0002917
2025-11-21,2025-11-21,BROKERAGE / TRADE SETTLEMENT,75783,,-5778083.0,TXN-0002918
2025-11-19,2025-11-20,PAYOUT TO CLIENT,130006,,-5908089.0,TXN-0002919
2025-11-16,2025-11-16,CLIENT FUNDING - RTGS,,255946,-5652143.0,TXN-0002920
2025-11-16,2025-11-17,PAYOUT TO CLIENT,118411,,-5770554.0,TXN-0002921
2025-11-24,2025-11-24,MISC ADJUSTMENT,,20386,-5750168.0,TXN-0002922
2025-11-21,2025-11-22,MISC ADJUSTMENT,,48559,-5701609.0,TXN-0002923
2025-11-17,2025-11-17,BROKERAGE / TRADE SETTLEMENT,13053,,-5714662.0,TXN-0002924
2025-11-21,2025-11-22,CLIENT FUNDING - RTGS,,104221,-5610441.0,TXN-0002925
2025-11-26,2025-11-26,PAYOUT TO CLIENT,21370,,-5631811.0,TXN-0002926
2025-11-20,2025-11-22,CLIENT FUNDING - RTGS,,102758,-5529053.0,TXN-0002927
2025-11-24,2025-11-25,CLIENT FUNDING - RTGS,,165616,-5363437.0,TXN-0002928
2025-11-29,2025-12-01,BROKERAGE / TRADE SETTLEMENT,90073,,-5453510.0,TXN-0002929
2025-11-26,2025-11-27,BROKERAGE / TRADE SETTLEMENT,17570,,-5471080.0,TXN-0002930
2025-11-26,2025-11-28,BROKERAGE / TRADE SETTLEMENT,105184,,-5576264.0,TXN-0002931
2025-11-24,2025-11-24,CLIENT FUNDING - RTGS,,240365,-5335899.0,TXN-0002932
2025-11-15,2025-11-17,MISC ADJUSTMENT,,32299,-5303600.0,TXN-0002933
2025-11-24,2025-11-25,CLIENT FUNDING - RTGS,,164845,-5138755.0,TXN-0002934
2025-11-27,2025-11-29,MISC ADJUSTMENT,,48202,-5090553.0,TXN-0002935
2025-11-26,2025-11-27,BANK / DP CHARGES,917,,-5091470.0,TXN-0002936
2025-11-19,2025-11-21,CLIENT FUNDING - RTGS,,260887,-4830583.0,TXN-0002937
2025-11-19,2025-11-19,BROKERAGE / TRADE SETTLEMENT,42457,,-4873040.0,TXN-0002938
2025-11-23,2025-11-25,BANK / DP CHARGES,1342,,-4874382.0,TXN-0002939
2025-11-23,2025-11-25,BANK / DP CHARGES,286,,-4874668.0,TXN-0002940
2025-11-22,2025-11-23,MISC ADJUSTMENT,,31958,-4842710.0,TXN-0002941
2025-11-27,2025-11-27,CLIENT FUNDING - RTGS,,186486,-4656224.0,TXN-0002942
2025-11-24,2025-11-24,BROKERAGE / TRADE SETTLEMENT,10171,,-4666395.0,TXN-0002943
2025-11-22,2025-11-22,MISC ADJUSTMENT,,14252,-4652143.0,TXN-0002944
2025-11-18,2025-11-18,MISC ADJUSTMENT,13195,,-4665338.0,TXN-0002945
2025-11-29,2025-12-01,MISC ADJUSTMENT,,18417,-4646921.0,TXN-0002946
2025-11-21,2025-11-22,BROKERAGE / TRADE SETTLEMENT,109306,,-4756227.0,TXN-0002947
2025-11-23,2025-11-23,BROKERAGE / TRADE SETTLEMENT,32095,,-4788322.0,TXN-0002948
2025-11-18,2025-11-20,MISC ADJUSTMENT,48646,,-4836968.0,TXN-0002949
2025-11-26,2025-11-26,MISC ADJUSTMENT,,26817,-4810151.0,TXN-0002950
2025-11-23,2025-11-25,BROKERAGE / TRADE SETTLEMENT,107966,,-4918117.0,TXN-0002951
2025-11-17,2025-11-19,MISC ADJUSTMENT,,19677,-4898440.0,TXN-0002952
2025-11-27,2025-11-27,CLIENT FUNDING - RTGS,,199417,-4699023.0,TXN-0002953
2025-11-18,2025-11-19,BANK / DP CHARGES,194,,-4699217.0,TXN-0002954
2025-11-25,2025-11-25,CLIENT FUNDING - RTGS,,79599,-4619618.0,TXN-0002955
2025-11-21,2025-11-21,BANK / DP CHARGES,1446,,-4621064.0,TXN-0002956
2025-11-19,2025-11-19,PAYOUT TO CLIENT,100997,,-4722061.0,TXN-0002957
2025-11-23,2025-11-23,PAYOUT TO CLIENT,199723,,-4921784.0,TXN-0002958
2025-11-27,2025-11-29,BROKERAGE / TRADE SETTLEMENT,135794,,-5057578.0,TXN-0002959
2025-11-22,2025-11-22,PAYOUT TO CLIENT,48830,,-5106408.0,TXN-0002960
2025-11-20,2025-11-20,MISC ADJUSTMENT,14286,,-5120694.0,TXN-0002961
2025-11-17,2025-11-17,BANK / DP CHARGES,1678,,-5122372.0,TXN-0002962
2025-11-22,2025-11-24,PAYOUT TO CLIENT,50082,,-5172454.0,TXN-0002963
2025-11-29,2025-11-29,PAYOUT TO CLIENT,180777,,-5353231.0,TXN-0002964
2025-11-27,2025-11-29,CLIENT FUNDING - RTGS,,176041,-5177190.0,TXN-0002965
2025-11-17,2025-11-17,BROKERAGE / TRADE SETTLEMENT,45089,,-5222279.0,TXN-0002966
2025-11-15,2025-11-15,BANK / DP CHARGES,511,,-5222790.0,TXN-0002967
2025-11-15,2025-11-17,CLIENT FUNDING - RTGS,,132125,-5090665.0,TXN-0002968
2025-11-25,2025-11-25,BANK / DP CHARGES,1093,,-5091758.0,TXN-0002969
2025-11-21,2025-11-21,BANK / DP CHARGES,1832,,-5093590.0,TXN-0002970
2025-11-19,2025-11-21,BANK / DP CHARGES,961,,-5094551.0,TXN-0002971
2025-11-21,2025-11-23,BROKERAGE / TRADE SETTLEMENT,69404,,-5163955.0,TXN-0002972
2025-11-18,2025-11-20,BANK / DP CHARGES,1632,,-5165587.0,TXN-0002973
2025-11-17,2025-11-19,BROKERAGE / TRADE SETTLEMENT,130656,,-5296243.0,TXN-0002974
2025-11-17,2025-11-17,PAYOUT TO CLIENT,173207,,-5469450.0,TXN-0002975
2025-11-24,2025-11-26,CLIENT FUNDING - RTGS,,126462,-5342988.0,TXN-0002976
2025-11-15,2025-11-15,PAYOUT TO CLIENT,88896,,-5431884.0,TXN-0002977
2025-11-20,2025-11-22,PAYOUT TO CLIENT,33817,,-5465701.0,TXN-0002978
2025-11-21,2025-11-22,PAYOUT TO CLIENT,115882,,-5581583.0,TXN-0002979
2025-11-26,2025-11-27,BROKERAGE / TRADE SETTLEMENT,51997,,-5633580.0,TXN-0002980
2025-11-26,2025-11-28,BROKERAGE / TRADE SETTLEMENT,93326,,-5726906.0,TXN-0002981
2025-11-16,2025-11-18,BANK / DP CHARGES,1751,,-5728657.0,TXN-0002982
2025-11-23,2025-11-25,PAYOUT TO CLIENT,39074,,-5767731.0,TXN-0002983
2025-11-28,2025-11-29,PAYOUT TO CLIENT,82410,,-5850141.0,TXN-0002984
2025-11-27,2025-11-28,BANK / DP CHARGES,412,,-5850553.0,TXN-0002985
2025-11-27,2025-11-28,CLIENT FUNDING - RTGS,,65801,-5784752.0,TXN-0002986
2025-11-27,2025-11-28,BROKERAGE / TRADE SETTLEMENT,58554,,-5843306.0,TXN-0002987
2025-11-27,2025-11-28,BANK / DP CHARGES,505,,-5843811.0,TXN-0002988
2025-11-28,2025-11-28,BANK / DP CHARGES,1460,,-5845271.0,TXN-0002989
2025-11-16,2025-11-17,PAYOUT TO CLIENT,29882,,-5875153.0,TXN-0002990
2025-11-28,2025-11-30,BANK / DP CHARGES,876,,-5876029.0,TXN-0002991
2025-11-29,2025-12-01,CLIENT FUNDING - RTGS,,205394,-5670635.0,TXN-0002992
2025-11-19,2025-11-20,CLIENT FUNDING - RTGS,,215603,-5455032.0,TXN-0002993
2025-11-26,2025-11-27,PAYOUT TO CLIENT,90211,,-5545243.0,TXN-0002994
2025-11-22,2025-11-24,CLIENT FUNDING - RTGS,,73803,-5471440.0,TXN-0002995
2025-11-20,2025-11-22,MISC ADJUSTMENT,,49772,-5421668.0,TXN-0002996
2025-11-27,2025-11-27,BANK / DP CHARGES,1416,,-5423084.0,TXN-0002997
2025-11-23,2025-11-23,MISC ADJUSTMENT,,11318,-5411766.0,TXN-0002998
2025-11-28,2025-11-30,BANK / DP CHARGES,1880,,-5413646.0,TXN-0002999
2025-11-22,2025-11-22,PAYOUT TO CLIENT,194282,,-5607928.0,TXN-0003000
2025-11-28,2025-11-28,BANK / DP CHARGES,231,,-5608159.0,TXN-0003001
2025-11-19,2025-11-20,BROKERAGE / TRADE SETTLEMENT,95974,,-5704133.0,TXN-0003002
2025-11-16,2025-11-17,BROKERAGE / TRADE SETTLEMENT,149683,,-5853816.0,TXN-0003003
2025-11-22,2025-11-22,BROKERAGE / TRADE SETTLEMENT,20014,,-5873830.0,TXN-0003004
2025-11-26,2025-11-28,CLIENT FUNDING - RTGS,,275454,-5598376.0,TXN-0003005
2025-11-17,2025-11-17,CLIENT FUNDING - RTGS,,144710,-5453666.0,TXN-0003006
2025-11-15,2025-11-15,CLIENT FUNDING - RTGS,,111098,-5342568.0,TXN-0003007
2025-11-18,2025-11-19,PAYOUT TO CLIENT,177265,,-5519833.0,TXN-0003008
2025-11-25,2025-11-25,PAYOUT TO CLIENT,189458,,-5709291.0,TXN-0003009
2025-11-18,2025-11-18,CLIENT FUNDING - RTGS,,94413,-5614878.0,TXN-0003010
2025-11-17,2025-11-17,PAYOUT TO CLIENT,169506,,-5784384.0,TXN-0003011
2025-11-16,2025-11-18,MISC ADJUSTMENT,6012,,-5790396.0,TXN-0003012
2025-11-27,2025-11-29,BANK / DP CHARGES,1766,,-5792162.0,TXN-0003013
2025-11-16,2025-11-18,MISC ADJUSTMENT,,38368,-5753794.0,TXN-0003014
2025-11-29,2025-11-29,MISC ADJUSTMENT,,39063,-5714731.0,TXN-0003015
2025-11-25,2025-11-25,BROKERAGE / TRADE SETTLEMENT,119491,,-5834222.0,TXN-0003016
2025-11-22,2025-11-22,PAYOUT TO CLIENT,192132,,-6026354.0,TXN-0003017
2025-11-22,2025-11-24,BROKERAGE / TRADE SETTLEMENT,71707,,-6098061.0,TXN-0003018
2025-11-25,2025-11-26,CLIENT FUNDING - RTGS,,151163,-5946898.0,TXN-0003019
2025-11-27,2025-11-28,BROKERAGE / TRADE SETTLEMENT,146690,,-6093588.0,TXN-0003020
2025-11-26,2025-11-26,MISC ADJUSTMENT,,46593,-6046995.0,TXN-0003021
2025-11-28,2025-11-29,BROKERAGE / TRADE SETTLEMENT,105160,,-6152155.0,TXN-0003022
2025-11-23,2025-11-25,BANK / DP CHARGES,922,,-6153077.0,TXN-0003023
2025-11-27,2025-11-27,MISC ADJUSTMENT,,15355,-6137722.0,TXN-0003024
2025-11-16,2025-11-18,BROKERAGE / TRADE SETTLEMENT,94746,,-6232468.0,TXN-0003025
2025-11-20,2025-11-22,MISC ADJUSTMENT,33920,,-6266388.0,TXN-0003026
2025-11-23,2025-11-25,BROKERAGE / TRADE SETTLEMENT,121066,,-6387454.0,TXN-0003027
2025-11-15,2025-11-17,CLIENT FUNDING - RTGS,,100902,-6286552.0,TXN-0003028
2025-11-21,2025-11-23,CLIENT FUNDING - RTGS,,122978,-6163574.0,TXN-0003029
2025-11-24,2025-11-25,BROKERAGE / TRADE SETTLEMENT,105619,,-6269193.0,TXN-0003030
2025-11-27,2025-11-28,PAYOUT TO CLIENT,56001,,-6325194.0,TXN-0003031
2025-11-18,2025-11-20,CLIENT FUNDING - RTGS,,202423,-6122771.0,TXN-0003032
2025-11-23,2025-11-25,BANK / DP CHARGES,391,,-6123162.0,TXN-0003033
2025-11-18,2025-11-18,CLIENT FUNDING - RTGS,,213035,-5910127.0,TXN-0003034
2025-11-26,2025-11-26,BROKERAGE / TRADE SETTLEMENT,23915,,-5934042.0,TXN-0003035
2025-11-29,2025-11-30,CLIENT FUNDING - RTGS,,239333,-5694709.0,TXN-0003036
2025-11-25,2025-11-25,BROKERAGE / TRADE SETTLEMENT,92939,,-5787648.0,TXN-0003037
2025-11-17,2025-11-18,MISC ADJUSTMENT,33242,,-5820890.0,TXN-0003038
2025-11-23,2025-11-25,CLIENT FUNDING - RTGS,,110042,-5710848.0,TXN-0003039
2025-11-25,2025-11-25,BROKERAGE / TRADE SETTLEMENT,69171,,-5780019.0,TXN-0003040
2025-11-27,2025-11-29,MISC ADJUSTMENT,,49330,-5730689.0,TXN-0003041
2025-11-23,2025-11-23,BROKERAGE / TRADE SETTLEMENT,48371,,-5779060.0,TXN-0003042
2025-11-29,2025-12-01,BANK / DP CHARGES,1839,,-5780899.0,TXN-0003043
2025-11-24,2025-11-24,BROKERAGE / TRADE SETTLEMENT,149191,,-5930090.0,TXN-0003044
2025-11-26,2025-11-26,PAYOUT TO CLIENT,146309,,-6076399.0,TXN-0003045
2025-11-18,2025-11-18,CLIENT FUNDING - RTGS,,157971,-5918428.0,TXN-0003046
2025-11-18,2025-11-18,CLIENT FUNDING - RTGS,,64878,-5853550.0,TXN-0003047
2025-11-27,2025-11-29,BANK / DP CHARGES,1522,,-5855072.0,TXN-0003048
2025-11-16,2025-11-16,CLIENT FUNDING - RTGS,,293850,-5561222.0,TXN-0003049
2025-11-15,2025-11-17,BROKERAGE / TRADE SETTLEMENT,68329,,-5629551.0,TXN-0003050
2025-11-22,2025-11-24,BANK / DP CHARGES,1979,,-5631530.0,TXN-0003051
2025-11-19,2025-11-19,PAYOUT TO CLIENT,23072,,-5654602.0,TXN-0003052
2025-11-20,2025-11-20,PAYOUT TO CLIENT,111544,,-5766146.0,TXN-0003053
2025-11-27,2025-11-27,BROKERAGE / TRADE SETTLEMENT,11211,,-5777357.0,TXN-0003054
2025-11-17,2025-11-18,MISC ADJUSTMENT,7886,,-5785243.0,TXN-0003055
2025-11-18,2025-11-18,BANK / DP CHARGES,1523,,-5786766.0,TXN-0003056
2025-11-23,2025-11-25,BROKERAGE / TRADE SETTLEMENT,61538,,-5848304.0,TXN-0003057
2025-11-25,2025-11-25,CLIENT FUNDING - RTGS,,174678,-5673626.0,TXN-0003058
2025-11-15,2025-11-16,BANK / DP CHARGES,142,,-5673768.0,TXN-0003059
2025-11-20,2025-11-20,PAYOUT TO CLIENT,105699,,-5779467.0,TXN-0003060
2025-11-15,2025-11-17,PAYOUT TO CLIENT,150663,,-5930130.0,TXN-0003061
2025-11-21,2025-11-22,BROKERAGE / TRADE SETTLEMENT,120133,,-6050263.0,TXN-0003062
2025-11-25,2025-11-27,BROKERAGE / TRADE SETTLEMENT,96284,,-6146547.0,TXN-0003063
2025-11-25,2025-11-27,PAYOUT TO CLIENT,83292,,-6229839.0,TXN-0003064
2025-11-16,2025-11-18,PAYOUT TO CLIENT,85401,,-6315240.0,TXN-0003065
2025-11-27,2025-11-27,PAYOUT TO CLIENT,64991,,-6380231.0,TXN-0003066
2025-11-27,2025-11-29,PAYOUT TO CLIENT,176082,,-6556313.0,TXN-0003067
2025-11-15,2025-11-15,MISC ADJUSTMENT,,42473,-6513840.0,TXN-0003068
2025-11-21,2025-11-22,BROKERAGE / TRADE SETTLEMENT,65565,,-6579405.0,TXN-0003069
2025-11-20,2025-11-21,BROKERAGE / TRADE SETTLEMENT,55350,,-6634755.0,TXN-0003070
2025-11-18,2025-11-20,PAYOUT TO CLIENT,157557,,-6792312.0,TXN-0003071
2025-11-15,2025-11-16,BROKERAGE / TRADE SETTLEMENT,47435,,-6839747.0,TXN-0003072
2025-11-15,2025-11-15,MISC ADJUSTMENT,32474,,-6872221.0,TXN-0003073
2025-11-26,2025-11-26,MISC ADJUSTMENT,,19161,-6853060.0,TXN-0003074
2025-11-21,2025-11-21,PAYOUT TO CLIENT,140589,,-6993649.0,TXN-0003075
2025-11-17,2025-11-18,BROKERAGE / TRADE SETTLEMENT,76411,,-7070060.0,TXN-0003076
2025-11-19,2025-11-21,MISC ADJUSTMENT,,34166,-7035894.0,TXN-0003077
2025-11-22,2025-11-23,BANK / DP CHARGES,515,,-7036409.0,TXN-0003078
2025-11-27,2025-11-29,CLIENT FUNDING - RTGS,,121501,-6914908.0,TXN-0003079
2025-11-15,2025-11-16,MISC ADJUSTMENT,,30086,-6884822.0,TXN-0003080
2025-11-29,2025-11-29,MISC ADJUSTMENT,36336,,-6921158.0,TXN-0003081
2025-11-18,2025-11-19,BROKERAGE / TRADE SETTLEMENT,78113,,-6999271.0,TXN-0003082
2025-11-28,2025-11-29,BANK / DP CHARGES,375,,-6999646.0,TXN-0003083
2025-11-26,2025-11-28,BANK / DP CHARGES,828,,-7000474.0,TXN-0003084
2025-11-17,2025-11-19,BANK / DP CHARGES,1010,,-7001484.0,TXN-0003085
2025-11-27,2025-11-27,PAYOUT TO CLIENT,106834,,-7108318.0,TXN-0003086
2025-11-21,2025-11-22,PAYOUT TO CLIENT,48714,,-7157032.0,TXN-0003087
2025-11-27,2025-11-29,BROKERAGE / TRADE SETTLEMENT,124104,,-7281136.0,TXN-0003088
2025-11-22,2025-11-22,CLIENT FUNDING - RTGS,,211342,-7069794.0,TXN-0003089
2025-11-24,2025-11-24,BANK / DP CHARGES,425,,-7070219.0,TXN-0003090
2025-11-26,2025-11-27,CLIENT FUNDING - RTGS,,52408,-7017811.0,TXN-0003091
2025-11-20,2025-11-20,CLIENT FUNDING - RTGS,,231625,-6786186.0,TXN-0003092
2025-11-29,2025-11-29,BROKERAGE / TRADE SETTLEMENT,92557,,-6878743.0,TXN-0003093
2025-11-19,2025-11-21,BANK / DP CHARGES,1249,,-6879992.0,TXN-0003094
2025-11-27,2025-11-29,PAYOUT TO CLIENT,67429,,-6947421.0,TXN-0003095
2025-11-17,2025-11-19,MISC ADJUSTMENT,,41017,-6906404.0,TXN-0003096
2025-11-23,2025-11-25,PAYOUT TO CLIENT,101534,,-7007938.0,TXN-0003097
2025-11-29,2025-11-29,CLIENT FUNDING - RTGS,,120490,-6887448.0,TXN-0003098
2025-11-15,2025-11-17,BANK / DP CHARGES,1074,,-6888522.0,TXN-0003099
2025-11-15,2025-11-15,BROKERAGE / TRADE SETTLEMENT,48769,,-6937291.0,TXN-0003100
2025-11-19,2025-11-21,MISC ADJUSTMENT,,9035,-6928256.0,TXN-0003101
2025-11-17,2025-11-18,BROKERAGE / TRADE SETTLEMENT,131979,,-7060235.0,TXN-0003102
2025-11-17,2025-11-19,MISC ADJUSTMENT,,44457,-7015778.0,TXN-0003103
2025-11-18,2025-11-19,MISC ADJUSTMENT,,37917,-6977861.0,TXN-0003104
2025-11-15,2025-11-15,PAYOUT TO CLIENT,75606,,-7053467.0,TXN-0003105
2025-11-17,2025-11-17,PAYOUT TO CLIENT,129680,,-7183147.0,TXN-0003106
2025-11-26,2025-11-27,CLIENT FUNDING - RTGS,,78131,-7105016.0,TXN-0003107
2025-11-25,2025-11-27,MISC ADJUSTMENT,,47801,-7057215.0,TXN-0003108
2025-11-29,2025-11-30,PAYOUT TO CLIENT,36007,,-7093222.0,TXN-0003109
2025-11-18,2025-11-18,PAYOUT TO CLIENT,92920,,-7186142.0,TXN-0003110
2025-11-21,2025-11-23,CLIENT FUNDING - RTGS,,85595,-7100547.0,TXN-0003111
2025-11-21,2025-11-21,PAYOUT TO CLIENT,184141,,-7284688.0,TXN-0003112
2025-11-15,2025-11-17,CLIENT FUNDING - RTGS,,73115,-7211573.0,TXN-0003113
2025-11-16,2025-11-17,PAYOUT TO CLIENT,29011,,-7240584.0,TXN-0003114
2025-11-16,2025-11-16,PAYOUT TO CLIENT,162702,,-7403286.0,TXN-0003115
2025-11-23,2025-11-23,CLIENT FUNDING - RTGS,,281080,-7122206.0,TXN-0003116
2025-11-29,2025-11-30,BANK / DP CHARGES,820,,-7123026.0,TXN-0003117
2025-11-26,2025-11-26,PAYOUT TO CLIENT,132105,,-7255131.0,TXN-0003118
2025-11-24,2025-11-26,MISC ADJUSTMENT,,6634,-7248497.0,TXN-0003119
2025-11-24,2025-11-26,BROKERAGE / TRADE SETTLEMENT,61247,,-7309744.0,TXN-0003120
2025-11-28,2025-11-30,BANK / DP CHARGES,1462,,-7311206.0,TXN-0003121
2025-11-17,2025-11-17,BANK / DP CHARGES,1748,,-7312954.0,TXN-0003122
2025-11-22,2025-11-22,CLIENT FUNDING - RTGS,,116604,-7196350.0,TXN-0003123
2025-11-20,2025-11-22,CLIENT FUNDING - RTGS,,50729,-7145621.0,TXN-0003124
2025-11-18,2025-11-18,CLIENT FUNDING - RTGS,,241357,-6904264.0,TXN-0003125
2025-11-20,2025-11-20,MISC ADJUSTMENT,46728,,-6950992.0,TXN-0003126
2025-11-16,2025-11-16,CLIENT FUNDING - RTGS,,203724,-6747268.0,TXN-0003127
2025-11-18,2025-11-20,BANK / DP CHARGES,1184,,-6748452.0,TXN-0003128
2025-11-19,2025-11-19,MISC ADJUSTMENT,,33233,-6715219.0,TXN-0003129
2025-11-28,2025-11-30,MISC ADJUSTMENT,13206,,-6728425.0,TXN-0003130
2025-11-25,2025-11-25,PAYOUT TO CLIENT,78015,,-6806440.0,TXN-0003131
2025-11-19,2025-11-19,BROKERAGE / TRADE SETTLEMENT,59985,,-6866425.0,TXN-0003132
2025-11-21,2025-11-23,PAYOUT TO CLIENT,100529,,-6966954.0,TXN-0003133
2025-11-24,2025-11-26,MISC ADJUSTMENT,18074,,-6985028.0,TXN-0003134
2025-11-17,2025-11-17,BROKERAGE / TRADE SETTLEMENT,91867,,-7076895.0,TXN-0003135
2025-11-29,2025-11-29,BANK / DP CHARGES,1743,,-7078638.0,TXN-0003136
2025-11-20,2025-11-20,MISC ADJUSTMENT,39399,,-7118037.0,TXN-0003137
2025-11-21,2025-11-23,BANK / DP CHARGES,400,,-7118437.0,TXN-0003138
2025-11-22,2025-11-23,BANK / DP CHARGES,1339,,-7119776.0,TXN-0003139
2025-11-16,2025-11-16,BROKERAGE / TRADE SETTLEMENT,115482,,-7235258.0,TXN-0003140
2025-11-20,2025-11-20,CLIENT FUNDING - RTGS,,201681,-7033577.0,TXN-0003141
2025-11-24,2025-11-24,BANK / DP CHARGES,1317,,-7034894.0,TXN-0003142
2025-11-16,2025-11-18,BROKERAGE / TRADE SETTLEMENT,25343,,-7060237.0,TXN-0003143
2025-11-26,2025-11-26,BANK / DP CHARGES,1627,,-7061864.0,TXN-0003144
2025-11-16,2025-11-16,BROKERAGE / TRADE SETTLEMENT,133318,,-7195182.0,TXN-0003145
2025-11-23,2025-11-23,BANK / DP CHARGES,913,,-7196095.0,TXN-0003146
2025-11-18,2025-11-18,BROKERAGE / TRADE SETTLEMENT,37001,,-7233096.0,TXN-0003147
2025-11-23,2025-11-24,BROKERAGE / TRADE SETTLEMENT,30592,,-7263688.0,TXN-0003148
2025-11-27,2025-11-27,PAYOUT TO CLIENT,74351,,-7338039.0,TXN-0003149
2025-11-27,2025-11-27,BROKERAGE / TRADE SETTLEMENT,11851,,-7349890.0,TXN-0003150
2025-11-16,2025-11-16,PAYOUT TO CLIENT,80231,,-7430121.0,TXN-0003151
2025-11-27,2025-11-28,CLIENT FUNDING - RTGS,,218096,-7212025.0,TXN-0003152
2025-11-29,2025-11-29,CLIENT FUNDING - RTGS,,130130,-7081895.0,TXN-0003153
2025-11-19,2025-11-20,CLIENT FUNDING - RTGS,,145334,-6936561.0,TXN-0003154
2025-11-16,2025-11-17,BANK / DP CHARGES,1786,,-6938347.0,TXN-0003155
2025-11-19,2025-11-19,BROKERAGE / TRADE SETTLEMENT,76848,,-7015195.0,TXN-0003156
2025-11-20,2025-11-20,PAYOUT TO CLIENT,169980,,-7185175.0,TXN-0003157
2025-11-18,2025-11-20,MISC ADJUSTMENT,,42410,-7142765.0,TXN-0003158
2025-11-15,2025-11-15,BANK / DP CHARGES,567,,-7143332.0,TXN-0003159
2025-11-25,2025-11-25,PAYOUT TO CLIENT,180377,,-7323709.0,TXN-0003160
2025-11-23,2025-11-25,MISC ADJUSTMENT,28675,,-7352384.0,TXN-0003161
2025-11-19,2025-11-19,MISC ADJUSTMENT,34763,,-7387147.0,TXN-0003162
2025-11-18,2025-11-18,BANK / DP CHARGES,803,,-7387950.0,TXN-0003163
2025-11-20,2025-11-22,CLIENT FUNDING - RTGS,,228614,-7159336.0,TXN-0003164
2025-11-29,2025-12-01,MISC ADJUSTMENT,,44777,-7114559.0,TXN-0003165
2025-11-28,2025-11-28,BANK / DP CHARGES,190,,-7114749.0,TXN-0003166
2025-11-21,2025-11-23,PAYOUT TO CLIENT,101522,,-7216271.0,TXN-0003167
2025-11-26,2025-11-26,BANK / DP CHARGES,1298,,-7217569.0,TXN-0003168
2025-11-26,2025-11-26,MISC ADJUSTMENT,,37524,-7180045.0,TXN-0003169
2025-11-17,2025-11-19,CLIENT FUNDING - RTGS,,203003,-6977042.0,TXN-0003170
2025-11-20,2025-11-20,BROKERAGE / TRADE SETTLEMENT,82005,,-7059047.0,TXN-0003171
2025-11-15,2025-11-15,BROKERAGE / TRADE SETTLEMENT,141557,,-7200604.0,TXN-0003172
2025-11-20,2025-11-20,MISC ADJUSTMENT,,39876,-7160728.0,TXN-0003173
2025-11-19,2025-11-19,BANK / DP CHARGES,733,,-7161461.0,TXN-0003174
2025-11-23,2025-11-23,MISC ADJUSTMENT,13840,,-7175301.0,TXN-0003175
2025-11-19,2025-11-19,CLIENT FUNDING - RTGS,,283387,-6891914.0,TXN-0003176
2025-11-24,2025-11-24,BROKERAGE / TRADE SETTLEMENT,128879,,-7020793.0,TXN-0003177
2025-11-15,2025-11-15,MISC ADJUSTMENT,31018,,-7051811.0,TXN-0003178
2025-11-28,2025-11-28,MISC ADJUSTMENT,27831,,-7079642.0,TXN-0003179
2025-11-18,2025-11-20,MISC ADJUSTMENT,,44441,-7035201.0,TXN-0003180
2025-11-28,2025-11-28,BROKERAGE / TRADE SETTLEMENT,72006,,-7107207.0,TXN-0003181
2025-11-29,2025-11-30,BANK / DP CHARGES,283,,-7107490.0,TXN-0003182
2025-11-21,2025-11-21,MISC ADJUSTMENT,,21981,-7085509.0,TXN-0003183
2025-11-25,2025-11-25,MISC ADJUSTMENT,,38779,-7046730.0,TXN-0003184
2025-11-29,2025-11-30,CLIENT FUNDING - RTGS,,207781,-6838949.0,TXN-0003185
2025-11-20,2025-11-20,PAYOUT TO CLIENT,26720,,-6865669.0,TXN-0003186
2025-11-16,2025-11-18,CLIENT FUNDING - RTGS,,76150,-6789519.0,TXN-0003187
2025-11-20,2025-11-21,BROKERAGE / TRADE SETTLEMENT,19008,,-6808527.0,TXN-0003188
2025-11-20,2025-11-22,MISC ADJUSTMENT,29497,,-6838024.0,TXN-0003189
2025-11-24,2025-11-24,BANK / DP CHARGES,1109,,-6839133.0,TXN-0003190
2025-11-15,2025-11-16,BANK / DP CHARGES,1526,,-6840659.0,TXN-0003191
2025-11-22,2025-11-22,BROKERAGE / TRADE SETTLEMENT,39898,,-6880557.0,TXN-0003192
2025-11-22,2025-11-22,CLIENT FUNDING - RTGS,,268261,-6612296.0,TXN-0003193
2025-11-26,2025-11-26,BANK / DP CHARGES,1994,,-6614290.0,TXN-0003194
2025-11-15,2025-11-17,MISC ADJUSTMENT,19201,,-6633491.0,TXN-0003195
2025-11-20,2025-11-20,BROKERAGE / TRADE SETTLEMENT,13591,,-6647082.0,TXN-0003196
2025-11-19,2025-11-20,CLIENT FUNDING - RTGS,,242787,-6404295.0,TXN-0003197
2025-11-24,2025-11-26,BROKERAGE / TRADE SETTLEMENT,56366,,-6460661.0,TXN-0003198
2025-11-18,2025-11-19,CLIENT FUNDING - RTGS,,130307,-6330354.0,TXN-0003199
2025-11-24,2025-11-24,BROKERAGE / TRADE SETTLEMENT,58345,,-6388699.0,TXN-0003200
2025-11-23,2025-11-23,CLIENT FUNDING - RTGS,,239090,-6149609.0,TXN-0003201
2025-11-25,2025-11-25,PAYOUT TO CLIENT,26048,,-6175657.0,TXN-0003202
2025-11-23,2025-11-23,CLIENT FUNDING - RTGS,,245416,-5930241.0,TXN-0003203
2025-11-27,2025-11-27,BANK / DP CHARGES,677,,-5930918.0,TXN-0003204
2025-11-15,2025-11-15,PAYOUT TO CLIENT,31991,,-5962909.0,TXN-0003205
2025-11-24,2025-11-26,CLIENT FUNDING - RTGS,,265376,-5697533.0,TXN-0003206
2025-11-15,2025-11-15,PAYOUT TO CLIENT,189437,,-5886970.0,TXN-0003207
2025-11-17,2025-11-19,BANK / DP CHARGES,1031,,-5888001.0,TXN-0003208
2025-11-20,2025-11-22,CLIENT FUNDING - RTGS,,117913,-5770088.0,TXN-0003209
2025-11-22,2025-11-23,BROKERAGE / TRADE SETTLEMENT,133148,,-5903236.0,TXN-0003210
2025-11-21,2025-11-23,BANK / DP CHARGES,1225,,-5904461.0,TXN-0003211
2025-11-25,2025-11-26,BROKERAGE / TRADE SETTLEMENT,36394,,-5940855.0,TXN-0003212
2025-11-18,2025-11-20,BROKERAGE / TRADE SETTLEMENT,80379,,-6021234.0,TXN-0003213
2025-11-23,2025-11-25,PAYOUT TO CLIENT,72666,,-6093900.0,TXN-0003214
2025-11-15,2025-11-15,BROKERAGE / TRADE SETTLEMENT,48727,,-6142627.0,TXN-0003215
2025-11-19,2025-11-19,MISC ADJUSTMENT,,40443,-6102184.0,TXN-0003216
2025-11-24,2025-11-24,PAYOUT TO CLIENT,100116,,-6202300.0,TXN-0003217
2025-11-16,2025-11-16,MISC ADJUSTMENT,8140,,-6210440.0,TXN-0003218
2025-11-18,2025-11-20,BANK / DP CHARGES,1969,,-6212409.0,TXN-0003219
2025-11-28,2025-11-28,BROKERAGE / TRADE SETTLEMENT,105057,,-6317466.0,TXN-0003220
2025-11-21,2025-11-22,CLIENT FUNDING - RTGS,,132352,-6185114.0,TXN-0003221
2025-11-20,2025-11-20,BROKERAGE / TRADE SETTLEMENT,17641,,-6202755.0,TXN-0003222
2025-11-26,2025-11-28,CLIENT FUNDING - RTGS,,212630,-5990125.0,TXN-0003223
2025-11-25,2025-11-25,BANK / DP CHARGES,314,,-5990439.0,TXN-0003224
2025-11-21,2025-11-21,MISC ADJUSTMENT,29563,,-6020002.0,TXN-0003225
2025-11-16,2025-11-17,CLIENT FUNDING - RTGS,,137798,-5882204.0,TXN-0003226
2025-11-24,2025-11-24,BROKERAGE / TRADE SETTLEMENT,141260,,-6023464.0,TXN-0003227
2025-11-23,2025-11-23,BROKERAGE / TRADE SETTLEMENT,31184,,-6054648.0,TXN-0003228
2025-11-25,2025-11-25,PAYOUT TO CLIENT,116489,,-6171137.0,TXN-0003229
2025-11-27,2025-11-27,PAYOUT TO CLIENT,46120,,-6217257.0,TXN-0003230
2025-11-18,2025-11-18,BROKERAGE / TRADE SETTLEMENT,10587,,-6227844.0,TXN-0003231
2025-11-24,2025-11-24,PAYOUT TO CLIENT,88161,,-6316005.0,TXN-0003232
2025-11-19,2025-11-21,BANK / DP CHARGES,559,,-6316564.0,TXN-0003233
2025-11-27,2025-11-27,BANK / DP CHARGES,759,,-6317323.0,TXN-0003234
2025-11-15,2025-11-15,CLIENT FUNDING - RTGS,,126472,-6190851.0,TXN-0003235
2025-11-24,2025-11-24,BANK / DP CHARGES,883,,-6191734.0,TXN-0003236
2025-11-29,2025-11-29,CLIENT FUNDING - RTGS,,107967,-6083767.0,TXN-0003237
2025-11-21,2025-11-21,BROKERAGE / TRADE SETTLEMENT,148180,,-6231947.0,TXN-0003238
2025-11-21,2025-11-23,BANK / DP CHARGES,1124,,-6233071.0,TXN-0003239
2025-11-16,2025-11-16,BROKERAGE / TRADE SETTLEMENT,120732,,-6353803.0,TXN-0003240
2025-11-26,2025-11-26,CLIENT FUNDING - RTGS,,178049,-6175754.0,TXN-0003241
2025-11-26,2025-11-28,CLIENT FUNDING - RTGS,,129358,-6046396.0,TXN-0003242
2025-11-22,2025-11-23,MISC ADJUSTMENT,,23510,-6022886.0,TXN-0003243
2025-11-24,2025-11-24,CLIENT FUNDING - RTGS,,197607,-5825279.0,TXN-0003244
2025-11-22,2025-11-22,CLIENT FUNDING - RTGS,,198434,-5626845.0,TXN-0003245
2025-11-22,2025-11-23,CLIENT FUNDING - RTGS,,199858,-5426987.0,TXN-0003246
2025-11-26,2025-11-26,CLIENT FUNDING - RTGS,,236064,-5190923.0,TXN-0003247
2025-11-17,2025-11-17,BANK / DP CHARGES,1405,,-5192328.0,TXN-0003248
2025-11-24,2025-11-24,BANK / DP CHARGES,1320,,-5193648.0,TXN-0003249
2025-11-29,2025-11-29,BROKERAGE / TRADE SETTLEMENT,129041,,-5322689.0,TXN-0003250
2025-11-19,2025-11-19,PAYOUT TO CLIENT,53683,,-5376372.0,TXN-0003251
2025-11-22,2025-11-24,BANK / DP CHARGES,394,,-5376766.0,TXN-0003252
2025-11-26,2025-11-27,CLIENT FUNDING - RTGS,,156342,-5220424.0,TXN-0003253
2025-11-19,2025-11-19,MISC ADJUSTMENT,,12876,-5207548.0,TXN-0003254
2025-11-18,2025-11-18,MISC ADJUSTMENT,14586,,-5222134.0,TXN-0003255
2025-11-22,2025-11-22,BROKERAGE / TRADE SETTLEMENT,104747,,-5326881.0,TXN-0003256
2025-11-26,2025-11-28,BROKERAGE / TRADE SETTLEMENT,79994,,-5406875.0,TXN-0003257
2025-11-27,2025-11-29,CLIENT FUNDING - RTGS,,217990,-5188885.0,TXN-0003258
2025-11-29,2025-11-30,BROKERAGE / TRADE SETTLEMENT,85222,,-5274107.0,TXN-0003259
2025-11-20,2025-11-22,PAYOUT TO CLIENT,75058,,-5349165.0,TXN-0003260
2025-11-27,2025-11-27,BANK / DP CHARGES,816,,-5349981.0,TXN-0003261
2025-11-28,2025-11-30,BANK / DP CHARGES,1451,,-5351432.0,TXN-0003262
2025-11-15,2025-11-15,CLIENT FUNDING - RTGS,,119595,-5231837.0,TXN-0003263
2025-11-20,2025-11-22,BROKERAGE / TRADE SETTLEMENT,68796,,-5300633.0,TXN-0003264
2025-11-29,2025-11-30,CLIENT FUNDING - RTGS,,298107,-5002526.0,TXN-0003265
2025-11-27,2025-11-28,BROKERAGE / TRADE SETTLEMENT,24808,,-5027334.0,TXN-0003266
2025-11-27,2025-11-27,BANK / DP CHARGES,604,,-5027938.0,TXN-0003267
2025-11-28,2025-11-30,MISC ADJUSTMENT,,21628,-5006310.0,TXN-0003268
2025-11-21,2025-11-22,PAYOUT TO CLIENT,91093,,-5097403.0,TXN-0003269
2025-11-19,2025-11-20,PAYOUT TO CLIENT,107455,,-5204858.0,TXN-0003270
2025-11-19,2025-11-19,BANK / DP CHARGES,946,,-5205804.0,TXN-0003271
2025-11-20,2025-11-21,PAYOUT TO CLIENT,175216,,-5381020.0,TXN-0003272
2025-11-15,2025-11-16,BROKERAGE / TRADE SETTLEMENT,110264,,-5491284.0,TXN-0003273
2025-11-15,2025-11-16,CLIENT FUNDING - RTGS,,67748,-5423536.0,TXN-0003274
2025-11-29,2025-12-01,BANK / DP CHARGES,1587,,-5425123.0,TXN-0003275
2025-11-28,2025-11-29,PAYOUT TO CLIENT,155212,,-5580335.0,TXN-0003276
2025-11-20,2025-11-22,PAYOUT TO CLIENT,61999,,-5642334.0,TXN-0003277
2025-11-20,2025-11-20,PAYOUT TO CLIENT,24800,,-5667134.0,TXN-0003278
2025-11-17,2025-11-18,BROKERAGE / TRADE SETTLEMENT,61801,,-5728935.0,TXN-0003279
2025-11-16,2025-11-16,CLIENT FUNDING - RTGS,,291876,-5437059.0,TXN-0003280
2025-11-27,2025-11-27,BROKERAGE / TRADE SETTLEMENT,135864,,-5572923.0,TXN-0003281
2025-11-20,2025-11-20,CLIENT FUNDING - RTGS,,136296,-5436627.0,TXN-0003282
2025-11-15,2025-11-15,CLIENT FUNDING - RTGS,,247280,-5189347.0,TXN-0003283
2025-11-27,2025-11-27,BROKERAGE / TRADE SETTLEMENT,21792,,-5211139.0,TXN-0003284
2025-11-29,2025-11-29,CLIENT FUNDING - RTGS,,288226,-4922913.0,TXN-0003285
2025-11-20,2025-11-21,MISC ADJUSTMENT,8538,,-4931451.0,TXN-0003286
2025-11-23,2025-11-24,BANK / DP CHARGES,537,,-4931988.0,TXN-0003287
2025-11-15,2025-11-15,BANK / DP CHARGES,1146,,-4933134.0,TXN-0003288
2025-11-16,2025-11-17,CLIENT FUNDING - RTGS,,254931,-4678203.0,TXN-0003289
2025-11-19,2025-11-19,MISC ADJUSTMENT,,16410,-4661793.0,TXN-0003290
2025-11-19,2025-11-20,CLIENT FUNDING - RTGS,,52333,-4609460.0,TXN-0003291
2025-11-22,2025-11-23,PAYOUT TO CLIENT,99421,,-4708881.0,TXN-0003292
2025-11-28,2025-11-28,MISC ADJUSTMENT,49203,,-4758084.0,TXN-0003293
2025-11-26,2025-11-26,BANK / DP CHARGES,1064,,-4759148.0,TXN-0003294
2025-11-18,2025-11-18,BROKERAGE / TRADE SETTLEMENT,73413,,-4832561.0,TXN-0003295
2025-11-25,2025-11-25,PAYOUT TO CLIENT,71398,,-4903959.0,TXN-0003296
2025-11-29,2025-11-30,CLIENT FUNDING - RTGS,,143255,-4760704.0,TXN-0003297
2025-11-24,2025-11-24,PAYOUT TO CLIENT,109217,,-4869921.0,TXN-0003298
2025-11-22,2025-11-22,BANK / DP CHARGES,1782,,-4871703.0,TXN-0003299
2025-11-25,2025-11-26,BROKERAGE / TRADE SETTLEMENT,102181,,-4973884.0,TXN-0003300
2025-11-17,2025-11-17,MISC ADJUSTMENT,,17718,-4956166.0,TXN-0003301
2025-11-24,2025-11-24,CLIENT FUNDING - RTGS,,53023,-4903143.0,TXN-0003302
2025-11-23,2025-11-23,BANK / DP CHARGES,1402,,-4904545.0,TXN-0003303
2025-11-25,2025-11-25,BANK / DP CHARGES,888,,-4905433.0,TXN-0003304
2025-11-15,2025-11-15,CLIENT FUNDING - RTGS,,240605,-4664828.0,TXN-0003305
2025-11-29,2025-11-29,PAYOUT TO CLIENT,168078,,-4832906.0,TXN-0003306
2025-11-23,2025-11-25,PAYOUT TO CLIENT,159153,,-4992059.0,TXN-0003307
2025-11-19,2025-11-19,BROKERAGE / TRADE SETTLEMENT,120915,,-5112974.0,TXN-0003308
2025-11-16,2025-11-16,CLIENT FUNDING - RTGS,,100696,-5012278.0,TXN-0003309
2025-11-27,2025-11-27,BROKERAGE / TRADE SETTLEMENT,52233,,-5064511.0,TXN-0003310
2025-11-19,2025-11-20,BANK / DP CHARGES,1847,,-5066358.0,TXN-0003311
2025-11-24,2025-11-24,BROKERAGE / TRADE SETTLEMENT,122813,,-5189171.0,TXN-0003312
2025-11-16,2025-11-16,MISC ADJUSTMENT,28911,,-5218082.0,TXN-0003313
2025-11-20,2025-11-22,PAYOUT TO CLIENT,80583,,-5298665.0,TXN-0003314
2025-11-23,2025-11-23,CLIENT FUNDING - RTGS,,56180,-5242485.0,TXN-0003315
2025-11-29,2025-11-29,BROKERAGE / TRADE SETTLEMENT,111756,,-5354241.0,TXN-0003316
2025-11-25,2025-11-26,PAYOUT TO CLIENT,53232,,-5407473.0,TXN-0003317
2025-11-15,2025-11-15,MISC ADJUSTMENT,34784,,-5442257.0,TXN-0003318
2025-11-24,2025-11-24,BROKERAGE / TRADE SETTLEMENT,140289,,-5582546.0,TXN-0003319
2025-11-27,2025-11-29,PAYOUT TO CLIENT,195793,,-5778339.0,TXN-0003320
2025-11-20,2025-11-22,PAYOUT TO CLIENT,148812,,-5927151.0,TXN-0003321
2025-11-29,2025-12-01,CLIENT FUNDING - RTGS,,228383,-5698768.0,TXN-0003322
2025-11-27,2025-11-28,CLIENT FUNDING - RTGS,,145369,-5553399.0,TXN-0003323
2025-11-29,2025-11-30,BROKERAGE / TRADE SETTLEMENT,135371,,-5688770.0,TXN-0003324
2025-11-27,2025-11-27,MISC ADJUSTMENT,,5151,-5683619.0,TXN-0003325
2025-11-25,2025-11-26,MISC ADJUSTMENT,43790,,-5727409.0,TXN-0003326
2025-11-27,2025-11-29,PAYOUT TO CLIENT,96337,,-5823746.0,TXN-0003327
2025-11-16,2025-11-16,PAYOUT TO CLIENT,183162,,-6006908.0,TXN-0003328
2025-11-19,2025-11-20,BROKERAGE / TRADE SETTLEMENT,87511,,-6094419.0,TXN-0003329
2025-11-15,2025-11-15,MISC ADJUSTMENT,18848,,-6113267.0,TXN-0003330
2025-11-23,2025-11-23,BROKERAGE / TRADE SETTLEMENT,143720,,-6256987.0,TXN-0003331
2025-11-23,2025-11-24,MISC ADJUSTMENT,25897,,-6282884.0,TXN-0003332
2025-11-17,2025-11-17,CLIENT FUNDING - RTGS,,280241,-6002643.0,TXN-0003333
2025-11-19,2025-11-19,PAYOUT TO CLIENT,122561,,-6125204.0,TXN-0003334
2025-11-24,2025-11-24,BROKERAGE / TRADE SETTLEMENT,51750,,-6176954.0,TXN-0003335
2025-11-15,2025-11-15,CLIENT FUNDING - RTGS,,270701,-5906253.0,TXN-0003336
2025-11-20,2025-11-21,MISC ADJUSTMENT,,36568,-5869685.0,TXN-0003337
2025-11-23,2025-11-24,PAYOUT TO CLIENT,55368,,-5925053.0,TXN-0003338
2025-11-16,2025-11-16,PAYOUT TO CLIENT,25901,,-5950954.0,TXN-0003339
2025-11-16,2025-11-16,MISC ADJUSTMENT,,33252,-5917702.0,TXN-0003340
2025-11-28,2025-11-28,CLIENT FUNDING - RTGS,,112127,-5805575.0,TXN-0003341
2025-11-24,2025-11-25,MISC ADJUSTMENT,40806,,-5846381.0,TXN-0003342
2025-11-17,2025-11-17,BROKERAGE / TRADE SETTLEMENT,25232,,-5871613.0,TXN-0003343
2025-11-15,2025-11-15,BROKERAGE / TRADE SETTLEMENT,74294,,-5945907.0,TXN-0003344
2025-11-28,2025-11-28,CLIENT FUNDING - RTGS,,79644,-5866263.0,TXN-0003345
2025-11-16,2025-11-16,BROKERAGE / TRADE SETTLEMENT,44447,,-5910710.0,TXN-0003346
2025-11-15,2025-11-15,PAYOUT TO CLIENT,140037,,-6050747.0,TXN-0003347
2025-11-24,2025-11-26,MISC ADJUSTMENT,,43625,-6007122.0,TXN-0003348
2025-11-28,2025-11-28,CLIENT FUNDING - RTGS,,110777,-5896345.0,TXN-0003349
2025-11-23,2025-11-23,MISC ADJUSTMENT,,18560,-5877785.0,TXN-0003350
2025-11-25,2025-11-25,CLIENT FUNDING - RTGS,,274955,-5602830.0,TXN-0003351
2025-11-29,2025-11-29,PAYOUT TO CLIENT,25454,,-5628284.0,TXN-0003352
2025-11-24,2025-11-24,BANK / DP CHARGES,1751,,-5630035.0,TXN-0003353
2025-11-15,2025-11-16,MISC ADJUSTMENT,42103,,-5672138.0,TXN-0003354
2025-11-19,2025-11-20,PAYOUT TO CLIENT,164997,,-5837135.0,TXN-0003355
2025-11-20,2025-11-22,CLIENT FUNDING - RTGS,,60969,-5776166.0,TXN-0003356
2025-11-20,2025-11-20,CLIENT FUNDING - RTGS,,282152,-5494014.0,TXN-0003357
2025-11-27,2025-11-29,CLIENT FUNDING - RTGS,,259051,-5234963.0,TXN-0003358
2025-11-29,2025-11-29,PAYOUT TO CLIENT,146045,,-5381008.0,TXN-0003359
2025-11-23,2025-11-25,MISC ADJUSTMENT,10970,,-5391978.0,TXN-0003360
2025-11-29,2025-12-01,BROKERAGE / TRADE SETTLEMENT,149943,,-5541921.0,TXN-0003361
2025-11-18,2025-11-19,MISC ADJUSTMENT,24780,,-5566701.0,TXN-0003362
2025-11-21,2025-11-21,BANK / DP CHARGES,1322,,-5568023.0,TXN-0003363
2025-11-27,2025-11-29,MISC ADJUSTMENT,,33686,-5534337.0,TXN-0003364
2025-11-20,2025-11-22,CLIENT FUNDING - RTGS,,271723,-5262614.0,TXN-0003365
2025-11-23,2025-11-23,CLIENT FUNDING - RTGS,,221491,-5041123.0,TXN-0003366
2025-11-22,2025-11-23,MISC ADJUSTMENT,45866,,-5086989.0,TXN-0003367
2025-11-23,2025-11-23,PAYOUT TO CLIENT,97549,,-5184538.0,TXN-0003368
2025-11-24,2025-11-24,BROKERAGE / TRADE SETTLEMENT,52440,,-5236978.0,TXN-0003369
2025-11-16,2025-11-18,BANK / DP CHARGES,1934,,-5238912.0,TXN-0003370
2025-11-28,2025-11-28,CLIENT FUNDING - RTGS,,64909,-5174003.0,TXN-0003371
2025-11-18,2025-11-18,CLIENT FUNDING - RTGS,,128695,-5045308.0,TXN-0003372
2025-11-25,2025-11-25,BROKERAGE / TRADE SETTLEMENT,27962,,-5073270.0,TXN-0003373
2025-11-19,2025-11-19,MISC ADJUSTMENT,,36267,-5037003.0,TXN-0003374
2025-11-28,2025-11-28,BANK / DP CHARGES,1305,,-5038308.0,TXN-0003375
2025-11-22,2025-11-24,PAYOUT TO CLIENT,199727,,-5238035.0,TXN-0003376
2025-11-15,2025-11-16,CLIENT FUNDING - RTGS,,118015,-5120020.0,TXN-0003377
2025-11-19,2025-11-19,MISC ADJUSTMENT,,44830,-5075190.0,TXN-0003378
2025-11-24,2025-11-24,PAYOUT TO CLIENT,134975,,-5210165.0,TXN-0003379
2025-11-24,2025-11-25,CLIENT FUNDING - RTGS,,288583,-4921582.0,TXN-0003380
2025-11-19,2025-11-19,MISC ADJUSTMENT,20525,,-4942107.0,TXN-0003381
2025-11-16,2025-11-17,BROKERAGE / TRADE SETTLEMENT,46208,,-4988315.0,TXN-0003382
2025-11-21,2025-11-22,BANK / DP CHARGES,1960,,-4990275.0,TXN-0003383
2025-11-24,2025-11-25,PAYOUT TO CLIENT,69742,,-5060017.0,TXN-0003384
2025-11-16,2025-11-17,PAYOUT TO CLIENT,55700,,-5115717.0,TXN-0003385
2025-11-19,2025-11-19,CLIENT FUNDING - RTGS,,129703,-4986014.0,TXN-0003386
2025-11-19,2025-11-20,BANK / DP CHARGES,1312,,-4987326.0,TXN-0003387
2025-11-26,2025-11-28,CLIENT FUNDING - RTGS,,281074,-4706252.0,TXN-0003388
2025-11-26,2025-11-28,MISC ADJUSTMENT,45523,,-4751775.0,TXN-0003389
2025-11-23,2025-11-23,BANK / DP CHARGES,1552,,-4753327.0,TXN-0003390
2025-11-18,2025-11-18,PAYOUT TO CLIENT,86456,,-4839783.0,TXN-0003391
2025-11-17,2025-11-17,PAYOUT TO CLIENT,161475,,-5001258.0,TXN-0003392
2025-11-25,2025-11-27,PAYOUT TO CLIENT,34604,,-5035862.0,TXN-0003393
2025-11-27,2025-11-29,MISC ADJUSTMENT,,20361,-5015501.0,TXN-0003394
2025-11-22,2025-11-22,CLIENT FUNDING - RTGS,,252712,-4762789.0,TXN-0003395
2025-11-16,2025-11-18,BROKERAGE / TRADE SETTLEMENT,138492,,-4901281.0,TXN-0003396
2025-11-24,2025-11-24,BANK / DP CHARGES,1122,,-4902403.0,TXN-0003397
2025-11-19,2025-11-19,BROKERAGE / TRADE SETTLEMENT,134876,,-5037279.0,TXN-0003398
2025-11-27,2025-11-27,MISC ADJUSTMENT,42059,,-5079338.0,TXN-0003399
2025-11-24,2025-11-24,BROKERAGE / TRADE SETTLEMENT,129672,,-5209010.0,TXN-0003400
2025-11-15,2025-11-15,MISC ADJUSTMENT,6179,,-5215189.0,TXN-0003401
2025-11-23,2025-11-24,BANK / DP CHARGES,611,,-5215800.0,TXN-0003402
2025-11-20,2025-11-22,PAYOUT TO CLIENT,134936,,-5350736.0,TXN-0003403
2025-11-19,2025-11-20,CLIENT FUNDING - RTGS,,242122,-5108614.0,TXN-0003404
2025-11-19,2025-11-19,BANK / DP CHARGES,596,,-5109210.0,TXN-0003405
2025-11-19,2025-11-19,CLIENT FUNDING - RTGS,,149199,-4960011.0,TXN-0003406
2025-11-23,2025-11-25,PAYOUT TO CLIENT,168882,,-5128893.0,TXN-0003407
2025-11-18,2025-11-18,BROKERAGE / TRADE SETTLEMENT,20501,,-5149394.0,TXN-0003408
2025-11-19,2025-11-19,BANK / DP CHARGES,283,,-5149677.0,TXN-0003409
2025-11-28,2025-11-29,BROKERAGE / TRADE SETTLEMENT,120169,,-5269846.0,TXN-0003410
2025-11-16,2025-11-17,BROKERAGE / TRADE SETTLEMENT,107429,,-5377275.0,TXN-0003411
2025-11-27,2025-11-29,PAYOUT TO CLIENT,198664,,-5575939.0,TXN-0003412
2025-11-29,2025-11-29,BROKERAGE / TRADE SETTLEMENT,87594,,-5663533.0,TXN-0003413
2025-11-22,2025-11-24,PAYOUT TO CLIENT,21635,,-5685168.0,TXN-0003414
2025-11-24,2025-11-24,CLIENT FUNDING - RTGS,,79894,-5605274.0,TXN-0003415
2025-11-22,2025-11-23,MISC ADJUSTMENT,,46576,-5558698.0,TXN-0003416
2025-11-20,2025-11-20,CLIENT FUNDING - RTGS,,228463,-5330235.0,TXN-0003417
2025-11-21,2025-11-22,CLIENT FUNDING - RTGS,,265448,-5064787.0,TXN-0003418
2025-11-27,2025-11-27,MISC ADJUSTMENT,,18865,-5045922.0,TXN-0003419
2025-11-17,2025-11-18,BANK / DP CHARGES,1813,,-5047735.0,TXN-0003420
2025-11-26,2025-11-27,BANK / DP CHARGES,1628,,-5049363.0,TXN-0003421
2025-11-26,2025-11-26,PAYOUT TO CLIENT,21246,,-5070609.0,TXN-0003422
2025-11-18,2025-11-18,MISC ADJUSTMENT,,17794,-5052815.0,TXN-0003423
2025-11-22,2025-11-24,CLIENT FUNDING - RTGS,,241155,-4811660.0,TXN-0003424
2025-11-28,2025-11-29,BROKERAGE / TRADE SETTLEMENT,119975,,-4931635.0,TXN-0003425
2025-11-20,2025-11-20,BANK / DP CHARGES,1210,,-4932845.0,TXN-0003426
2025-11-20,2025-11-20,PAYOUT TO CLIENT,133805,,-5066650.0,TXN-0003427
2025-11-24,2025-11-24,BROKERAGE / TRADE SETTLEMENT,20635,,-5087285.0,TXN-0003428
2025-11-28,2025-11-29,BANK / DP CHARGES,1246,,-5088531.0,TXN-0003429
2025-11-24,2025-11-24,PAYOUT TO CLIENT,53937,,-5142468.0,TXN-0003430
2025-11-15,2025-11-15,BANK / DP CHARGES,663,,-5143131.0,TXN-0003431
2025-11-28,2025-11-29,PAYOUT TO CLIENT,172214,,-5315345.0,TXN-0003432
2025-11-26,2025-11-28,BROKERAGE / TRADE SETTLEMENT,28178,,-5343523.0,TXN-0003433
2025-11-19,2025-11-21,BROKERAGE / TRADE SETTLEMENT,144649,,-5488172.0,TXN-0003434
2025-11-27,2025-11-27,BROKERAGE / TRADE SETTLEMENT,96030,,-5584202.0,TXN-0003435
2025-11-17,2025-11-17,CLIENT FUNDING - RTGS,,230342,-5353860.0,TXN-0003436
2025-11-19,2025-11-19,BROKERAGE / TRADE SETTLEMENT,146167,,-5500027.0,TXN-0003437
2025-11-28,2025-11-29,CLIENT FUNDING - RTGS,,186705,-5313322.0,TXN-0003438
2025-11-19,2025-11-21,PAYOUT TO CLIENT,36391,,-5349713.0,TXN-0003439
2025-11-15,2025-11-17,BROKERAGE / TRADE SETTLEMENT,39803,,-5389516.0,TXN-0003440
2025-11-21,2025-11-22,PAYOUT TO CLIENT,25210,,-5414726.0,TXN-0003441
2025-11-28,2025-11-29,BROKERAGE / TRADE SETTLEMENT,20927,,-5435653.0,TXN-0003442
2025-11-19,2025-11-20,BANK / DP CHARGES,1943,,-5437596.0,TXN-0003443
2025-11-29,2025-11-30,MISC ADJUSTMENT,,41641,-5395955.0,TXN-0003444
2025-11-28,2025-11-28,BANK / DP CHARGES,555,,-5396510.0,TXN-0003445
2025-11-27,2025-11-29,BROKERAGE / TRADE SETTLEMENT,22873,,-5419383.0,TXN-0003446
2025-11-21,2025-11-23,CLIENT FUNDING - RTGS,,215684,-5203699.0,TXN-0003447
2025-11-16,2025-11-18,CLIENT FUNDING - RTGS,,81111,-5122588.0,TXN-0003448
2025-11-20,2025-11-21,PAYOUT TO CLIENT,114574,,-5237162.0,TXN-0003449
2025-11-24,2025-11-24,BANK / DP CHARGES,1926,,-5239088.0,TXN-0003450
2025-11-23,2025-11-25,CLIENT FUNDING - RTGS,,286247,-4952841.0,TXN-0003451
2025-11-19,2025-11-19,BROKERAGE / TRADE SETTLEMENT,129893,,-5082734.0,TXN-0003452
2025-11-23,2025-11-24,CLIENT FUNDING - RTGS,,62927,-5019807.0,TXN-0003453
2025-11-17,2025-11-17,BROKERAGE / TRADE SETTLEMENT,113997,,-5133804.0,TXN-0003454
2025-11-17,2025-11-18,CLIENT FUNDING - RTGS,,194786,-4939018.0,TXN-0003455
2025-11-29,2025-12-01,PAYOUT TO CLIENT,134264,,-5073282.0,TXN-0003456
2025-11-17,2025-11-19,BROKERAGE / TRADE SETTLEMENT,140110,,-5213392.0,TXN-0003457
2025-11-18,2025-11-19,MISC ADJUSTMENT,,5289,-5208103.0,TXN-0003458
2025-11-19,2025-11-20,MISC ADJUSTMENT,35004,,-5243107.0,TXN-0003459
2025-11-27,2025-11-29,BROKERAGE / TRADE SETTLEMENT,30065,,-5273172.0,TXN-0003460
2025-11-23,2025-11-25,BANK / DP CHARGES,1056,,-5274228.0,TXN-0003461
2025-11-29,2025-11-30,PAYOUT TO CLIENT,129070,,-5403298.0,TXN-0003462
2025-11-21,2025-11-23,BROKERAGE / TRADE SETTLEMENT,113107,,-5516405.0,TXN-0003463
2025-11-27,2025-11-27,BANK / DP CHARGES,1040,,-5517445.0,TXN-0003464
2025-11-20,2025-11-20,CLIENT FUNDING - RTGS,,294895,-5222550.0,TXN-0003465
2025-11-19,2025-11-19,CLIENT FUNDING - RTGS,,68278,-5154272.0,TXN-0003466
2025-11-25,2025-11-26,BROKERAGE / TRADE SETTLEMENT,149352,,-5303624.0,TXN-0003467
2025-11-26,2025-11-27,BROKERAGE / TRADE SETTLEMENT,85368,,-5388992.0,TXN-0003468
2025-11-24,2025-11-26,PAYOUT TO CLIENT,49327,,-5438319.0,TXN-0003469
2025-11-23,2025-11-23,MISC ADJUSTMENT,,27770,-5410549.0,TXN-0003470
2025-11-27,2025-11-27,BROKERAGE / TRADE SETTLEMENT,128502,,-5539051.0,TXN-0003471
2025-11-27,2025-11-27,BROKERAGE / TRADE SETTLEMENT,34885,,-5573936.0,TXN-0003472
2025-11-26,2025-11-26,BROKERAGE / TRADE SETTLEMENT,64410,,-5638346.0,TXN-0003473
2025-11-27,2025-11-29,PAYOUT TO CLIENT,30483,,-5668829.0,TXN-0003474
2025-11-20,2025-11-20,CLIENT FUNDING - RTGS,,165598,-5503231.0,TXN-0003475
2025-11-26,2025-11-27,BANK / DP CHARGES,1791,,-5505022.0,TXN-0003476
2025-11-24,2025-11-24,PAYOUT TO CLIENT,181421,,-5686443.0,TXN-0003477
2025-11-29,2025-11-30,BANK / DP CHARGES,1683,,-5688126.0,TXN-0003478
2025-11-22,2025-11-24,MISC ADJUSTMENT,,16139,-5671987.0,TXN-0003479
2025-11-20,2025-11-22,BROKERAGE / TRADE SETTLEMENT,110736,,-5782723.0,TXN-0003480
2025-11-24,2025-11-26,BROKERAGE / TRADE SETTLEMENT,84357,,-5867080.0,TXN-0003481
2025-11-29,2025-12-01,BANK / DP CHARGES,252,,-5867332.0,TXN-0003482
2025-11-29,2025-11-29,PAYOUT TO CLIENT,160960,,-6028292.0,TXN-0003483
2025-11-16,2025-11-18,CLIENT FUNDING - RTGS,,156105,-5872187.0,TXN-0003484
2025-11-23,2025-11-23,PAYOUT TO CLIENT,161965,,-6034152.0,TXN-0003485
2025-11-24,2025-11-24,CLIENT FUNDING - RTGS,,233562,-5800590.0,TXN-0003486
2025-11-27,2025-11-27,BROKERAGE / TRADE SETTLEMENT,116478,,-5917068.0,TXN-0003487
2025-11-18,2025-11-18,MISC ADJUSTMENT,,45213,-5871855.0,TXN-0003488
2025-11-23,2025-11-24,MISC ADJUSTMENT,25068,,-5896923.0,TXN-0003489
2025-11-27,2025-11-27,BANK / DP CHARGES,183,,-5897106.0,TXN-0003490
2025-11-22,2025-11-22,CLIENT FUNDING - RTGS,,217238,-5679868.0,TXN-0003491
2025-11-21,2025-11-21,PAYOUT TO CLIENT,133501,,-5813369.0,TXN-0003492
2025-11-25,2025-11-26,CLIENT FUNDING - RTGS,,156583,-5656786.0,TXN-0003493
2025-11-27,2025-11-27,CLIENT FUNDING - RTGS,,199125,-5457661.0,TXN-0003494
2025-11-22,2025-11-23,MISC ADJUSTMENT,,47645,-5410016.0,TXN-0003495
2025-11-29,2025-11-30,BANK / DP CHARGES,1836,,-5411852.0,TXN-0003496
2025-11-22,2025-11-22,CLIENT FUNDING - RTGS,,192873,-5218979.0,TXN-0003497
2025-11-19,2025-11-21,BROKERAGE / TRADE SETTLEMENT,128681,,-5347660.0,TXN-0003498
2025-11-25,2025-11-26,BANK / DP CHARGES,1744,,-5349404.0,TXN-0003499
2025-11-26,2025-11-28,CLIENT FUNDING - RTGS,,104118,-5245286.0,TXN-0003500
2025-11-17,2025-11-17,CLIENT FUNDING - RTGS,,67866,-5177420.0,TXN-0003501
2025-11-28,2025-11-29,BANK / DP CHARGES,1469,,-5178889.0,TXN-0003502
2025-11-25,2025-11-27,MISC ADJUSTMENT,15249,,-5194138.0,TXN-0003503
2025-11-16,2025-11-16,CLIENT FUNDING - RTGS,,278691,-4915447.0,TXN-0003504
2025-11-25,2025-11-26,MISC ADJUSTMENT,13853,,-4929300.0,TXN-0003505
2025-11-25,2025-11-25,MISC ADJUSTMENT,,5936,-4923364.0,TXN-0003506
2025-11-21,2025-11-21,BROKERAGE / TRADE SETTLEMENT,131994,,-5055358.0,TXN-0003507
2025-11-28,2025-11-30,PAYOUT TO CLIENT,181313,,-5236671.0,TXN-0003508
2025-11-21,2025-11-23,BROKERAGE / TRADE SETTLEMENT,113184,,-5349855.0,TXN-0003509
2025-11-19,2025-11-21,PAYOUT TO CLIENT,106161,,-5456016.0,TXN-0003510
2025-11-28,2025-11-29,BROKERAGE / TRADE SETTLEMENT,106190,,-5562206.0,TXN-0003511
2025-11-15,2025-11-15,BANK / DP CHARGES,537,,-5562743.0,TXN-0003512
2025-11-19,2025-11-19,BROKERAGE / TRADE SETTLEMENT,142824,,-5705567.0,TXN-0003513
2025-11-29,2025-11-30,PAYOUT TO CLIENT,162154,,-5867721.0,TXN-0003514
2025-11-17,2025-11-17,MISC ADJUSTMENT,36941,,-5904662.0,TXN-0003515
2025-11-25,2025-11-27,CLIENT FUNDING - RTGS,,212670,-5691992.0,TXN-0003516
2025-11-28,2025-11-29,BANK / DP CHARGES,207,,-5692199.0,TXN-0003517
2025-11-24,2025-11-26,BANK / DP CHARGES,1082,,-5693281.0,TXN-0003518
2025-11-22,2025-11-22,CLIENT FUNDING - RTGS,,223240,-5470041.0,TXN-0003519
2025-11-22,2025-11-22,BANK / DP CHARGES,1196,,-5471237.0,TXN-0003520
2025-11-20,2025-11-20,PAYOUT TO CLIENT,193949,,-5665186.0,TXN-0003521
2025-11-29,2025-12-01,BANK / DP CHARGES,1087,,-5666273.0,TXN-0003522
2025-11-27,2025-11-27,CLIENT FUNDING - RTGS,,251298,-5414975.0,TXN-0003523
2025-11-22,2025-11-22,MISC ADJUSTMENT,33557,,-5448532.0,TXN-0003524
2025-11-23,2025-11-24,MISC ADJUSTMENT,33957,,-5482489.0,TXN-0003525
2025-11-19,2025-11-21,CLIENT FUNDING - RTGS,,96323,-5386166.0,TXN-0003526
2025-11-19,2025-11-20,BROKERAGE / TRADE SETTLEMENT,80927,,-5467093.0,TXN-0003527
2025-11-29,2025-11-30,CLIENT FUNDING - RTGS,,117843,-5349250.0,TXN-0003528
2025-11-23,2025-11-24,CLIENT FUNDING - RTGS,,214340,-5134910.0,TXN-0003529
2025-11-15,2025-11-16,PAYOUT TO CLIENT,125031,,-5259941.0,TXN-0003530
2025-11-24,2025-11-26,CLIENT FUNDING - RTGS,,187325,-5072616.0,TXN-0003531
2025-11-25,2025-11-27,CLIENT FUNDING - RTGS,,115848,-4956768.0,TXN-0003532
2025-11-18,2025-11-18,BROKERAGE / TRADE SETTLEMENT,52912,,-5009680.0,TXN-0003533
2025-11-16,2025-11-17,MISC ADJUSTMENT,,20085,-4989595.0,TXN-0003534
2025-11-26,2025-11-27,BROKERAGE / TRADE SETTLEMENT,102306,,-5091901.0,TXN-0003535
2025-11-19,2025-11-20,BANK / DP CHARGES,838,,-5092739.0,TXN-0003536
2025-11-15,2025-11-17,BROKERAGE / TRADE SETTLEMENT,133864,,-5226603.0,TXN-0003537
2025-11-28,2025-11-28,MISC ADJUSTMENT,,21303,-5205300.0,TXN-0003538
2025-11-24,2025-11-26,PAYOUT TO CLIENT,137260,,-5342560.0,TXN-0003539
2025-11-25,2025-11-25,MISC ADJUSTMENT,,29520,-5313040.0,TXN-0003540
2025-11-28,2025-11-30,MISC ADJUSTMENT,,8451,-5304589.0,TXN-0003541
2025-11-18,2025-11-18,BANK / DP CHARGES,1273,,-5305862.0,TXN-0003542
2025-11-23,2025-11-25,BROKERAGE / TRADE SETTLEMENT,57665,,-5363527.0,TXN-0003543
2025-11-15,2025-11-16,CLIENT FUNDING - RTGS,,241697,-5121830.0,TXN-0003544
2025-11-20,2025-11-20,MISC ADJUSTMENT,,5985,-5115845.0,TXN-0003545
2025-11-18,2025-11-20,BROKERAGE / TRADE SETTLEMENT,68008,,-5183853.0,TXN-0003546
2025-11-22,2025-11-24,MISC ADJUSTMENT,,20694,-5163159.0,TXN-0003547
2025-11-18,2025-11-19,BROKERAGE / TRADE SETTLEMENT,44009,,-5207168.0,TXN-0003548
2025-11-19,2025-11-19,BROKERAGE / TRADE SETTLEMENT,30565,,-5237733.0,TXN-0003549
2025-11-20,2025-11-22,BANK / DP CHARGES,1730,,-5239463.0,TXN-0003550
2025-11-16,2025-11-16,CLIENT FUNDING - RTGS,,138867,-5100596.0,TXN-0003551
2025-11-24,2025-11-24,BROKERAGE / TRADE SETTLEMENT,32699,,-5133295.0,TXN-0003552
2025-11-26,2025-11-26,PAYOUT TO CLIENT,181631,,-5314926.0,TXN-0003553
2025-11-29,2025-11-30,MISC ADJUSTMENT,10757,,-5325683.0,TXN-0003554
2025-11-27,2025-11-27,MISC ADJUSTMENT,,27528,-5298155.0,TXN-0003555
2025-11-29,2025-11-29,PAYOUT TO CLIENT,73437,,-5371592.0,TXN-0003556
2025-11-26,2025-11-26,BANK / DP CHARGES,963,,-5372555.0,TXN-0003557
2025-11-24,2025-11-24,BROKERAGE / TRADE SETTLEMENT,125944,,-5498499.0,TXN-0003558
2025-11-25,2025-11-25,CLIENT FUNDING - RTGS,,73206,-5425293.0,TXN-0003559
2025-11-18,2025-11-19,MISC ADJUSTMENT,,26727,-5398566.0,TXN-0003560
2025-11-27,2025-11-29,CLIENT FUNDING - RTGS,,278405,-5120161.0,TXN-0003561
2025-11-26,2025-11-27,MISC ADJUSTMENT,38491,,-5158652.0,TXN-0003562
2025-11-28,2025-11-28,BROKERAGE / TRADE SETTLEMENT,125862,,-5284514.0,TXN-0003563
2025-11-29,2025-11-30,PAYOUT TO CLIENT,161071,,-5445585.0,TXN-0003564
2025-11-24,2025-11-24,MISC ADJUSTMENT,,10511,-5435074.0,TXN-0003565
2025-11-20,2025-11-22,BANK / DP CHARGES,1738,,-5436812.0,TXN-0003566
2025-11-28,2025-11-28,CLIENT FUNDING - RTGS,,186235,-5250577.0,TXN-0003567
2025-11-21,2025-11-21,CLIENT FUNDING - RTGS,,67316,-5183261.0,TXN-0003568
2025-11-16,2025-11-17,BROKERAGE / TRADE SETTLEMENT,149050,,-5332311.0,TXN-0003569
2025-11-15,2025-11-17,PAYOUT TO CLIENT,47470,,-5379781.0,TXN-0003570
2025-11-26,2025-11-26,MISC ADJUSTMENT,,24086,-5355695.0,TXN-0003571
2025-11-26,2025-11-26,BANK / DP CHARGES,974,,-5356669.0,TXN-0003572
2025-11-25,2025-11-25,CLIENT FUNDING - RTGS,,240808,-5115861.0,TXN-0003573
2025-11-15,2025-11-15,CLIENT FUNDING - RTGS,,117287,-4998574.0,TXN-0003574
2025-11-22,2025-11-23,MISC ADJUSTMENT,,21953,-4976621.0,TXN-0003575
2025-11-29,2025-12-01,MISC ADJUSTMENT,24681,,-5001302.0,TXN-0003576
2025-11-24,2025-11-25,CLIENT FUNDING - RTGS,,94990,-4906312.0,TXN-0003577
2025-11-24,2025-11-24,BANK / DP CHARGES,878,,-4907190.0,TXN-0003578
2025-11-20,2025-11-20,PAYOUT TO CLIENT,99019,,-5006209.0,TXN-0003579
2025-11-16,2025-11-16,PAYOUT TO CLIENT,117075,,-5123284.0,TXN-0003580
2025-11-26,2025-11-28,MISC ADJUSTMENT,48217,,-5171501.0,TXN-0003581
2025-11-19,2025-11-21,MISC ADJUSTMENT,,17597,-5153904.0,TXN-0003582
2025-11-22,2025-11-22,PAYOUT TO CLIENT,133750,,-5287654.0,TXN-0003583
2025-11-26,2025-11-26,BANK / DP CHARGES,133,,-5287787.0,TXN-0003584
2025-11-15,2025-11-15,BROKERAGE / TRADE SETTLEMENT,43132,,-5330919.0,TXN-0003585
2025-11-21,2025-11-22,PAYOUT TO CLIENT,112255,,-5443174.0,TXN-0003586
2025-11-24,2025-11-24,PAYOUT TO CLIENT,152938,,-5596112.0,TXN-0003587
2025-11-24,2025-11-24,MISC ADJUSTMENT,43186,,-5639298.0,TXN-0003588
2025-11-28,2025-11-28,BANK / DP CHARGES,338,,-5639636.0,TXN-0003589
2025-11-27,2025-11-28,MISC ADJUSTMENT,8815,,-5648451.0,TXN-0003590
2025-11-22,2025-11-23,CLIENT FUNDING - RTGS,,51899,-5596552.0,TXN-0003591
2025-11-20,2025-11-20,MISC ADJUSTMENT,,23253,-5573299.0,TXN-0003592
2025-11-24,2025-11-25,PAYOUT TO CLIENT,36898,,-5610197.0,TXN-0003593
2025-11-19,2025-11-19,PAYOUT TO CLIENT,91771,,-5701968.0,TXN-0003594
2025-11-24,2025-11-26,BROKERAGE / TRADE SETTLEMENT,81457,,-5783425.0,TXN-0003595
2025-11-15,2025-11-16,CLIENT FUNDING - RTGS,,85000,-5698425.0,TXN-0003596
2025-11-25,2025-11-26,PAYOUT TO CLIENT,110408,,-5808833.0,TXN-0003597
2025-11-29,2025-11-29,PAYOUT TO CLIENT,117116,,-5925949.0,TXN-0003598
2025-11-15,2025-11-16,MISC ADJUSTMENT,,11434,-5914515.0,TXN-0003599
2025-11-28,2025-11-30,PAYOUT TO CLIENT,144421,,-6058936.0,TXN-0003600
2025-11-19,2025-11-21,BROKERAGE / TRADE SETTLEMENT,15457,,-6074393.0,TXN-0003601
2025-11-25,2025-11-26,BANK / DP CHARGES,390,,-6074783.0,TXN-0003602
2025-11-17,2025-11-19,BROKERAGE / TRADE SETTLEMENT,117661,,-6192444.0,TXN-0003603
2025-11-27,2025-11-28,BANK / DP CHARGES,546,,-6192990.0,TXN-0003604
2025-11-16,2025-11-16,BROKERAGE / TRADE SETTLEMENT,115459,,-6308449.0,TXN-0003605
2025-11-21,2025-11-21,BROKERAGE / TRADE SETTLEMENT,17019,,-6325468.0,TXN-0003606
2025-11-15,2025-11-17,CLIENT FUNDING - RTGS,,159486,-6165982.0,TXN-0003607
2025-11-23,2025-11-24,BROKERAGE / TRADE SETTLEMENT,55573,,-6221555.0,TXN-0003608
2025-11-20,2025-11-20,PAYOUT TO CLIENT,90188,,-6311743.0,TXN-0003609
2025-11-16,2025-11-18,MISC ADJUSTMENT,16991,,-6328734.0,TXN-0003610
2025-11-29,2025-11-29,PAYOUT TO CLIENT,59727,,-6388461.0,TXN-0003611
2025-11-26,2025-11-28,BANK / DP CHARGES,1308,,-6389769.0,TXN-0003612
2025-11-21,2025-11-21,PAYOUT TO CLIENT,27840,,-6417609.0,TXN-0003613
2025-11-20,2025-11-22,MISC ADJUSTMENT,44953,,-6462562.0,TXN-0003614
2025-11-16,2025-11-16,BANK / DP CHARGES,783,,-6463345.0,TXN-0003615
2025-11-28,2025-11-28,PAYOUT TO CLIENT,101357,,-6564702.0,TXN-0003616
2025-11-26,2025-11-27,BANK / DP CHARGES,1274,,-6565976.0,TXN-0003617
2025-11-17,2025-11-17,CLIENT FUNDING - RTGS,,244838,-6321138.0,TXN-0003618
2025-11-17,2025-11-18,BANK / DP CHARGES,797,,-6321935.0,TXN-0003619
2025-11-21,2025-11-21,BANK / DP CHARGES,669,,-6322604.0,TXN-0003620
2025-11-15,2025-11-17,PAYOUT TO CLIENT,108146,,-6430750.0,TXN-0003621
2025-11-17,2025-11-19,PAYOUT TO CLIENT,142421,,-6573171.0,TXN-0003622
2025-11-26,2025-11-26,BROKERAGE / TRADE SETTLEMENT,65418,,-6638589.0,TXN-0003623
2025-11-17,2025-11-17,BANK / DP CHARGES,1258,,-6639847.0,TXN-0003624
2025-11-19,2025-11-20,PAYOUT TO CLIENT,189976,,-6829823.0,TXN-0003625
2025-11-24,2025-11-25,BROKERAGE / TRADE SETTLEMENT,89384,,-6919207.0,TXN-0003626
2025-11-16,2025-11-16,MISC ADJUSTMENT,16123,,-6935330.0,TXN-0003627
2025-11-28,2025-11-29,CLIENT FUNDING - RTGS,,264207,-6671123.0,TXN-0003628
2025-11-24,2025-11-24,MISC ADJUSTMENT,,49972,-6621151.0,TXN-0003629
2025-11-15,2025-11-15,PAYOUT TO CLIENT,176942,,-6798093.0,TXN-0003630
2025-11-16,2025-11-17,CLIENT FUNDING - RTGS,,120272,-6677821.0,TXN-0003631
2025-11-22,2025-11-22,BROKERAGE / TRADE SETTLEMENT,81362,,-6759183.0,TXN-0003632
2025-11-18,2025-11-20,CLIENT FUNDING - RTGS,,53309,-6705874.0,TXN-0003633
2025-11-29,2025-11-29,BROKERAGE / TRADE SETTLEMENT,125487,,-6831361.0,TXN-0003634
2025-11-16,2025-11-16,PAYOUT TO CLIENT,69672,,-6901033.0,TXN-0003635
2025-11-26,2025-11-26,CLIENT FUNDING - RTGS,,157868,-6743165.0,TXN-0003636
2025-11-24,2025-11-24,MISC ADJUSTMENT,,10261,-6732904.0,TXN-0003637
2025-11-29,2025-11-30,PAYOUT TO CLIENT,185899,,-6918803.0,TXN-0003638
2025-11-24,2025-11-25,MISC ADJUSTMENT,,32844,-6885959.0,TXN-0003639
2025-11-16,2025-11-16,CLIENT FUNDING - RTGS,,268849,-6617110.0,TXN-0003640
2025-11-17,2025-11-17,CLIENT FUNDING - RTGS,,175842,-6441268.0,TXN-0003641
2025-11-20,2025-11-21,PAYOUT TO CLIENT,173284,,-6614552.0,TXN-0003642
2025-11-19,2025-11-20,PAYOUT TO CLIENT,31284,,-6645836.0,TXN-0003643
2025-11-26,2025-11-28,PAYOUT TO CLIENT,184929,,-6830765.0,TXN-0003644
2025-11-26,2025-11-26,BROKERAGE / TRADE SETTLEMENT,63900,,-6894665.0,TXN-0003645
2025-11-23,2025-11-23,CLIENT FUNDING - RTGS,,215278,-6679387.0,TXN-0003646
2025-11-26,2025-11-28,MISC ADJUSTMENT,,42358,-6637029.0,TXN-0003647
2025-11-26,2025-11-26,CLIENT FUNDING - RTGS,,54983,-6582046.0,TXN-0003648
2025-11-24,2025-11-24,PAYOUT TO CLIENT,87606,,-6669652.0,TXN-0003649
2025-11-26,2025-11-26,PAYOUT TO CLIENT,82396,,-6752048.0,TXN-0003650
2025-11-17,2025-11-19,MISC ADJUSTMENT,33509,,-6785557.0,TXN-0003651
2025-11-19,2025-11-21,BROKERAGE / TRADE SETTLEMENT,79755,,-6865312.0,TXN-0003652
2025-11-15,2025-11-15,CLIENT FUNDING - RTGS,,90841,-6774471.0,TXN-0003653
2025-11-25,2025-11-27,BANK / DP CHARGES,1137,,-6775608.0,TXN-0003654
2025-11-25,2025-11-27,BANK / DP CHARGES,121,,-6775729.0,TXN-0003655
2025-11-20,2025-11-20,MISC ADJUSTMENT,25870,,-6801599.0,TXN-0003656
2025-11-19,2025-11-21,MISC ADJUSTMENT,,37946,-6763653.0,TXN-0003657
2025-11-23,2025-11-24,PAYOUT TO CLIENT,156591,,-6920244.0,TXN-0003658
2025-11-27,2025-11-29,MISC ADJUSTMENT,,42752,-6877492.0,TXN-0003659
2025-11-22,2025-11-22,BANK / DP CHARGES,750,,-6878242.0,TXN-0003660
2025-11-16,2025-11-16,BANK / DP CHARGES,1448,,-6879690.0,TXN-0003661
2025-11-25,2025-11-26,CLIENT FUNDING - RTGS,,174338,-6705352.0,TXN-0003662
2025-11-19,2025-11-20,PAYOUT TO CLIENT,179478,,-6884830.0,TXN-0003663
2025-11-18,2025-11-19,BROKERAGE / TRADE SETTLEMENT,114234,,-6999064.0,TXN-0003664
2025-11-19,2025-11-21,BANK / DP CHARGES,1353,,-7000417.0,TXN-0003665
2025-11-21,2025-11-21,PAYOUT TO CLIENT,185307,,-7185724.0,TXN-0003666
2025-11-24,2025-11-25,BROKERAGE / TRADE SETTLEMENT,45574,,-7231298.0,TXN-0003667
2025-11-17,2025-11-19,CLIENT FUNDING - RTGS,,268119,-6963179.0,TXN-0003668
2025-11-28,2025-11-29,BANK / DP CHARGES,1097,,-6964276.0,TXN-0003669
2025-11-15,2025-11-16,MISC ADJUSTMENT,,30991,-6933285.0,TXN-0003670
2025-11-17,2025-11-17,PAYOUT TO CLIENT,30747,,-6964032.0,TXN-0003671
2025-11-22,2025-11-24,BANK / DP CHARGES,1750,,-6965782.0,TXN-0003672
2025-11-18,2025-11-19,BANK / DP CHARGES,733,,-6966515.0,TXN-0003673
2025-11-18,2025-11-20,CLIENT FUNDING - RTGS,,263940,-6702575.0,TXN-0003674
2025-11-28,2025-11-28,MISC ADJUSTMENT,11365,,-6713940.0,TXN-0003675
2025-11-25,2025-11-25,CLIENT FUNDING - RTGS,,202932,-6511008.0,TXN-0003676
2025-11-22,2025-11-22,BROKERAGE / TRADE SETTLEMENT,17025,,-6528033.0,TXN-0003677
2025-11-28,2025-11-29,MISC ADJUSTMENT,,16019,-6512014.0,TXN-0003678
2025-11-18,2025-11-18,BROKERAGE / TRADE SETTLEMENT,47522,,-6559536.0,TXN-0003679
2025-11-27,2025-11-27,BROKERAGE / TRADE SETTLEMENT,89505,,-6649041.0,TXN-0003680
2025-11-22,2025-11-23,PAYOUT TO CLIENT,32567,,-6681608.0,TXN-0003681
2025-11-20,2025-11-20,PAYOUT TO CLIENT,105447,,-6787055.0,TXN-0003682
2025-11-28,2025-11-30,CLIENT FUNDING - RTGS,,215599,-6571456.0,TXN-0003683
2025-11-19,2025-11-19,MISC ADJUSTMENT,,7322,-6564134.0,TXN-0003684
2025-11-27,2025-11-29,PAYOUT TO CLIENT,109854,,-6673988.0,TXN-0003685
2025-11-23,2025-11-24,CLIENT FUNDING - RTGS,,152583,-6521405.0,TXN-0003686
2025-11-20,2025-11-21,BANK / DP CHARGES,954,,-6522359.0,TXN-0003687
2025-11-28,2025-11-28,CLIENT FUNDING - RTGS,,91152,-6431207.0,TXN-0003688
2025-11-16,2025-11-16,PAYOUT TO CLIENT,103768,,-6534975.0,TXN-0003689
2025-11-19,2025-11-20,CLIENT FUNDING - RTGS,,229359,-6305616.0,TXN-0003690
2025-11-21,2025-11-22,BROKERAGE / TRADE SETTLEMENT,69616,,-6375232.0,TXN-0003691
2025-11-21,2025-11-21,BANK / DP CHARGES,619,,-6375851.0,TXN-0003692
2025-11-25,2025-11-25,CLIENT FUNDING - RTGS,,100036,-6275815.0,TXN-0003693
2025-11-21,2025-11-22,BROKERAGE / TRADE SETTLEMENT,114081,,-6389896.0,TXN-0003694
2025-11-24,2025-11-24,BANK / DP CHARGES,434,,-6390330.0,TXN-0003695
2025-11-17,2025-11-18,CLIENT FUNDING - RTGS,,225729,-6164601.0,TXN-0003696
2025-11-21,2025-11-22,BANK / DP CHARGES,386,,-6164987.0,TXN-0003697
2025-11-16,2025-11-16,BANK / DP CHARGES,623,,-6165610.0,TXN-0003698
2025-11-24,2025-11-25,CLIENT FUNDING - RTGS,,194611,-5970999.0,TXN-0003699
2025-11-29,2025-11-29,CLIENT FUNDING - RTGS,,127762,-5843237.0,TXN-0003700
2025-11-15,2025-11-17,BROKERAGE / TRADE SETTLEMENT,135958,,-5979195.0,TXN-0003701
2025-11-28,2025-11-28,MISC ADJUSTMENT,34133,,-6013328.0,TXN-0003702
2025-11-22,2025-11-22,BANK / DP CHARGES,329,,-6013657.0,TXN-0003703
2025-11-29,2025-11-29,MISC ADJUSTMENT,,27619,-5986038.0,TXN-0003704
2025-11-22,2025-11-24,CLIENT FUNDING - RTGS,,197063,-5788975.0,TXN-0003705
2025-11-27,2025-11-28,BROKERAGE / TRADE SETTLEMENT,40004,,-5828979.0,TXN-0003706
2025-11-28,2025-11-28,MISC ADJUSTMENT,32931,,-5861910.0,TXN-0003707
2025-11-22,2025-11-22,MISC ADJUSTMENT,32226,,-5894136.0,TXN-0003708
2025-11-19,2025-11-19,BROKERAGE / TRADE SETTLEMENT,90200,,-5984336.0,TXN-0003709
2025-11-27,2025-11-27,PAYOUT TO CLIENT,177095,,-6161431.0,TXN-0003710
2025-11-23,2025-11-25,BROKERAGE / TRADE SETTLEMENT,109558,,-6270989.0,TXN-0003711
2025-11-15,2025-11-17,PAYOUT TO CLIENT,67880,,-6338869.0,TXN-0003712
2025-11-27,2025-11-27,PAYOUT TO CLIENT,40996,,-6379865.0,TXN-0003713
2025-11-16,2025-11-17,CLIENT FUNDING - RTGS,,287959,-6091906.0,TXN-0003714
2025-11-21,2025-11-22,CLIENT FUNDING - RTGS,,205141,-5886765.0,TXN-0003715
2025-11-26,2025-11-26,BANK / DP CHARGES,1419,,-5888184.0,TXN-0003716
2025-11-20,2025-11-22,PAYOUT TO CLIENT,118286,,-6006470.0,TXN-0003717
2025-11-22,2025-11-24,BROKERAGE / TRADE SETTLEMENT,107399,,-6113869.0,TXN-0003718
2025-11-27,2025-11-29,BANK / DP CHARGES,981,,-6114850.0,TXN-0003719
2025-11-24,2025-11-26,BANK / DP CHARGES,1642,,-6116492.0,TXN-0003720
2025-11-21,2025-11-21,CLIENT FUNDING - RTGS,,106656,-6009836.0,TXN-0003721
2025-11-17,2025-11-17,PAYOUT TO CLIENT,70351,,-6080187.0,TXN-0003722
2025-11-19,2025-11-20,PAYOUT TO CLIENT,115797,,-6195984.0,TXN-0003723
2025-11-27,2025-11-29,BANK / DP CHARGES,122,,-6196106.0,TXN-0003724
2025-11-21,2025-11-22,PAYOUT TO CLIENT,96322,,-6292428.0,TXN-0003725
2025-11-19,2025-11-19,BROKERAGE / TRADE SETTLEMENT,67004,,-6359432.0,TXN-0003726
2025-11-24,2025-11-24,CLIENT FUNDING - RTGS,,52659,-6306773.0,TXN-0003727
2025-11-24,2025-11-26,BROKERAGE / TRADE SETTLEMENT,54936,,-6361709.0,TXN-0003728
2025-11-23,2025-11-25,BANK / DP CHARGES,129,,-6361838.0,TXN-0003729
2025-11-15,2025-11-17,MISC ADJUSTMENT,,23842,-6337996.0,TXN-0003730
2025-11-24,2025-11-26,BROKERAGE / TRADE SETTLEMENT,145830,,-6483826.0,TXN-0003731
2025-11-28,2025-11-30,CLIENT FUNDING - RTGS,,175914,-6307912.0,TXN-0003732
2025-11-17,2025-11-17,CLIENT FUNDING - RTGS,,107949,-6199963.0,TXN-0003733
2025-11-29,2025-11-29,BROKERAGE / TRADE SETTLEMENT,13250,,-6213213.0,TXN-0003734
2025-11-15,2025-11-17,BANK / DP CHARGES,1650,,-6214863.0,TXN-0003735
2025-11-27,2025-11-29,BROKERAGE / TRADE SETTLEMENT,46719,,-6261582.0,TXN-0003736
2025-11-24,2025-11-25,BROKERAGE / TRADE SETTLEMENT,136295,,-6397877.0,TXN-0003737
2025-11-20,2025-11-20,BROKERAGE / TRADE SETTLEMENT,81375,,-6479252.0,TXN-0003738
2025-11-19,2025-11-21,PAYOUT TO CLIENT,129138,,-6608390.0,TXN-0003739
2025-11-24,2025-11-26,PAYOUT TO CLIENT,146324,,-6754714.0,TXN-0003740
2025-11-17,2025-11-17,PAYOUT TO CLIENT,58289,,-6813003.0,TXN-0003741
2025-11-29,2025-11-29,MISC ADJUSTMENT,,27244,-6785759.0,TXN-0003742
2025-11-19,2025-11-19,PAYOUT TO CLIENT,44482,,-6830241.0,TXN-0003743
2025-11-18,2025-11-19,BANK / DP CHARGES,1669,,-6831910.0,TXN-0003744
2025-11-15,2025-11-16,PAYOUT TO CLIENT,97088,,-6928998.0,TXN-0003745
2025-11-19,2025-11-19,CLIENT FUNDING - RTGS,,70249,-6858749.0,TXN-0003746
2025-11-25,2025-11-26,BANK / DP CHARGES,852,,-6859601.0,TXN-0003747
2025-11-26,2025-11-26,BANK / DP CHARGES,310,,-6859911.0,TXN-0003748
2025-11-29,2025-12-01,PAYOUT TO CLIENT,44220,,-6904131.0,TXN-0003749
2025-11-16,2025-11-16,MISC ADJUSTMENT,,21643,-6882488.0,TXN-0003750
2025-11-16,2025-11-16,MISC ADJUSTMENT,31829,,-6914317.0,TXN-0003751
2025-11-25,2025-11-26,BANK / DP CHARGES,1446,,-6915763.0,TXN-0003752
2025-11-17,2025-11-17,CLIENT FUNDING - RTGS,,122514,-6793249.0,TXN-0003753
2025-11-29,2025-11-30,PAYOUT TO CLIENT,121649,,-6914898.0,TXN-0003754
2025-11-18,2025-11-19,PAYOUT TO CLIENT,120200,,-7035098.0,TXN-0003755
2025-11-25,2025-11-25,MISC ADJUSTMENT,,25155,-7009943.0,TXN-0003756
2025-11-24,2025-11-24,MISC ADJUSTMENT,,46262,-6963681.0,TXN-0003757
2025-11-26,2025-11-27,PAYOUT TO CLIENT,112082,,-7075763.0,TXN-0003758
2025-11-22,2025-11-22,MISC ADJUSTMENT,46612,,-7122375.0,TXN-0003759
2025-11-25,2025-11-25,PAYOUT TO CLIENT,58259,,-7180634.0,TXN-0003760
2025-11-26,2025-11-28,CLIENT FUNDING - RTGS,,148921,-7031713.0,TXN-0003761
2025-11-19,2025-11-21,BANK / DP CHARGES,1769,,-7033482.0,TXN-0003762
2025-11-25,2025-11-25,BROKERAGE / TRADE SETTLEMENT,87121,,-7120603.0,TXN-0003763
2025-11-24,2025-11-26,CLIENT FUNDING - RTGS,,97226,-7023377.0,TXN-0003764
2025-11-29,2025-11-29,CLIENT FUNDING - RTGS,,103389,-6919988.0,TXN-0003765
2025-11-24,2025-11-24,BANK / DP CHARGES,821,,-6920809.0,TXN-0003766
2025-11-20,2025-11-20,MISC ADJUSTMENT,,42120,-6878689.0,TXN-0003767
2025-11-27,2025-11-27,BROKERAGE / TRADE SETTLEMENT,94502,,-6973191.0,TXN-0003768
2025-11-19,2025-11-20,BANK / DP CHARGES,854,,-6974045.0,TXN-0003769
2025-11-15,2025-11-15,PAYOUT TO CLIENT,70575,,-7044620.0,TXN-0003770
2025-11-21,2025-11-23,BROKERAGE / TRADE SETTLEMENT,139369,,-7183989.0,TXN-0003771
2025-11-27,2025-11-27,MISC ADJUSTMENT,37533,,-7221522.0,TXN-0003772
2025-11-20,2025-11-21,CLIENT FUNDING - RTGS,,130579,-7090943.0,TXN-0003773
2025-11-26,2025-11-26,PAYOUT TO CLIENT,53240,,-7144183.0,TXN-0003774
2025-11-26,2025-11-26,BROKERAGE / TRADE SETTLEMENT,39327,,-7183510.0,TXN-0003775
2025-11-19,2025-11-20,BROKERAGE / TRADE SETTLEMENT,39273,,-7222783.0,TXN-0003776
2025-11-18,2025-11-20,MISC ADJUSTMENT,,33737,-7189046.0,TXN-0003777
2025-11-27,2025-11-27,CLIENT FUNDING - RTGS,,279693,-6909353.0,TXN-0003778
2025-11-17,2025-11-17,CLIENT FUNDING - RTGS,,283991,-6625362.0,TXN-0003779
2025-11-27,2025-11-29,MISC ADJUSTMENT,24759,,-6650121.0,TXN-0003780
2025-11-25,2025-11-25,BANK / DP CHARGES,698,,-6650819.0,TXN-0003781
2025-11-21,2025-11-21,CLIENT FUNDING - RTGS,,136737,-6514082.0,TXN-0003782
2025-11-15,2025-11-15,BANK / DP CHARGES,1821,,-6515903.0,TXN-0003783
2025-11-22,2025-11-24,CLIENT FUNDING - RTGS,,163319,-6352584.0,TXN-0003784
2025-11-16,2025-11-17,BROKERAGE / TRADE SETTLEMENT,102965,,-6455549.0,TXN-0003785
2025-11-22,2025-11-22,MISC ADJUSTMENT,,28546,-6427003.0,TXN-0003786
2025-11-29,2025-11-29,MISC ADJUSTMENT,,13909,-6413094.0,TXN-0003787
2025-11-19,2025-11-19,BANK / DP CHARGES,1045,,-6414139.0,TXN-0003788
2025-11-18,2025-11-20,BROKERAGE / TRADE SETTLEMENT,31428,,-6445567.0,TXN-0003789
2025-11-18,2025-11-20,MISC ADJUSTMENT,,15833,-6429734.0,TXN-0003790
2025-11-18,2025-11-18,BROKERAGE / TRADE SETTLEMENT,50013,,-6479747.0,TXN-0003791
2025-11-29,2025-11-30,BANK / DP CHARGES,1472,,-6481219.0,TXN-0003792
2025-11-23,2025-11-25,MISC ADJUSTMENT,,31622,-6449597.0,TXN-0003793
2025-11-21,2025-11-22,MISC ADJUSTMENT,,19148,-6430449.0,TXN-0003794
2025-11-18,2025-11-18,PAYOUT TO CLIENT,122078,,-6552527.0,TXN-0003795
2025-11-20,2025-11-22,CLIENT FUNDING - RTGS,,182667,-6369860.0,TXN-0003796
2025-11-25,2025-11-25,BANK / DP CHARGES,306,,-6370166.0,TXN-0003797
2025-11-23,2025-11-24,BANK / DP CHARGES,883,,-6371049.0,TXN-0003798
2025-11-27,2025-11-27,CLIENT FUNDING - RTGS,,227891,-6143158.0,TXN-0003799
2025-11-18,2025-11-19,BANK / DP CHARGES,139,,-6143297.0,TXN-0003800
2025-11-25,2025-11-25,PAYOUT TO CLIENT,111207,,-6254504.0,TXN-0003801
2025-11-26,2025-11-26,CLIENT FUNDING - RTGS,,200722,-6053782.0,TXN-0003802
2025-11-28,2025-11-28,CLIENT FUNDING - RTGS,,74403,-5979379.0,TXN-0003803
2025-11-25,2025-11-26,MISC ADJUSTMENT,40849,,-6020228.0,TXN-0003804
2025-11-16,2025-11-17,PAYOUT TO CLIENT,148674,,-6168902.0,TXN-0003805
2025-11-18,2025-11-20,BROKERAGE / TRADE SETTLEMENT,69403,,-6238305.0,TXN-0003806
2025-11-29,2025-11-30,MISC ADJUSTMENT,38494,,-6276799.0,TXN-0003807
2025-11-21,2025-11-23,PAYOUT TO CLIENT,78042,,-6354841.0,TXN-0003808
2025-11-26,2025-11-27,PAYOUT TO CLIENT,39640,,-6394481.0,TXN-0003809
2025-11-21,2025-11-22,MISC ADJUSTMENT,,15529,-6378952.0,TXN-0003810
2025-11-29,2025-11-30,BROKERAGE / TRADE SETTLEMENT,84945,,-6463897.0,TXN-0003811
2025-11-28,2025-11-28,BROKERAGE / TRADE SETTLEMENT,38650,,-6502547.0,TXN-0003812
2025-11-28,2025-11-28,MISC ADJUSTMENT,34398,,-6536945.0,TXN-0003813
2025-11-17,2025-11-18,PAYOUT TO CLIENT,146899,,-6683844.0,TXN-0003814
2025-11-27,2025-11-28,MISC ADJUSTMENT,,29208,-6654636.0,TXN-0003815
2025-11-20,2025-11-20,BROKERAGE / TRADE SETTLEMENT,142283,,-6796919.0,TXN-0003816
2025-11-17,2025-11-18,BANK / DP CHARGES,528,,-6797447.0,TXN-0003817
2025-11-18,2025-11-18,MISC ADJUSTMENT,7476,,-6804923.0,TXN-0003818
2025-11-27,2025-11-28,PAYOUT TO CLIENT,153007,,-6957930.0,TXN-0003819
2025-11-22,2025-11-24,BANK / DP CHARGES,1559,,-6959489.0,TXN-0003820
2025-11-28,2025-11-28,MISC ADJUSTMENT,46240,,-7005729.0,TXN-0003821
2025-11-25,2025-11-27,PAYOUT TO CLIENT,186260,,-7191989.0,TXN-0003822
2025-11-29,2025-12-01,MISC ADJUSTMENT,,32690,-7159299.0,TXN-0003823
2025-11-17,2025-11-17,PAYOUT TO CLIENT,118499,,-7277798.0,TXN-0003824
2025-11-28,2025-11-28,MISC ADJUSTMENT,34864,,-7312662.0,TXN-0003825
2025-11-19,2025-11-19,PAYOUT TO CLIENT,31377,,-7344039.0,TXN-0003826
2025-11-27,2025-11-29,CLIENT FUNDING - RTGS,,224146,-7119893.0,TXN-0003827
2025-11-19,2025-11-19,BROKERAGE / TRADE SETTLEMENT,43033,,-7162926.0,TXN-0003828
2025-11-27,2025-11-29,BROKERAGE / TRADE SETTLEMENT,66886,,-7229812.0,TXN-0003829
2025-11-16,2025-11-17,CLIENT FUNDING - RTGS,,256978,-6972834.0,TXN-0003830
2025-11-18,2025-11-18,PAYOUT TO CLIENT,123116,,-7095950.0,TXN-0003831
2025-11-24,2025-11-26,MISC ADJUSTMENT,13376,,-7109326.0,TXN-0003832
2025-11-19,2025-11-19,BANK / DP CHARGES,1497,,-7110823.0,TXN-0003833
2025-11-27,2025-11-27,CLIENT FUNDING - RTGS,,293260,-6817563.0,TXN-0003834
2025-11-16,2025-11-18,PAYOUT TO CLIENT,62461,,-6880024.0,TXN-0003835
2025-11-19,2025-11-19,BANK / DP CHARGES,1880,,-6881904.0,TXN-0003836
2025-11-22,2025-11-22,BANK / DP CHARGES,1493,,-6883397.0,TXN-0003837
2025-11-25,2025-11-25,PAYOUT TO CLIENT,142697,,-7026094.0,TXN-0003838
2025-11-17,2025-11-18,CLIENT FUNDING - RTGS,,228381,-6797713.0,TXN-0003839
2025-11-22,2025-11-22,BANK / DP CHARGES,1274,,-6798987.0,TXN-0003840
2025-11-24,2025-11-24,BANK / DP CHARGES,190,,-6799177.0,TXN-0003841
2025-11-28,2025-11-29,BANK / DP CHARGES,567,,-6799744.0,TXN-0003842
2025-11-26,2025-11-28,CLIENT FUNDING - RTGS,,244033,-6555711.0,TXN-0003843
2025-11-15,2025-11-15,BROKERAGE / TRADE SETTLEMENT,98867,,-6654578.0,TXN-0003844
2025-11-24,2025-11-26,BROKERAGE / TRADE SETTLEMENT,112995,,-6767573.0,TXN-0003845
2025-11-27,2025-11-28,BROKERAGE / TRADE SETTLEMENT,42576,,-6810149.0,TXN-0003846
2025-11-27,2025-11-29,MISC ADJUSTMENT,,42352,-6767797.0,TXN-0003847
2025-11-26,2025-11-28,PAYOUT TO CLIENT,166448,,-6934245.0,TXN-0003848
2025-11-26,2025-11-28,PAYOUT TO CLIENT,189193,,-7123438.0,TXN-0003849
2025-11-29,2025-11-29,PAYOUT TO CLIENT,193984,,-7317422.0,TXN-0003850
2025-11-16,2025-11-17,BROKERAGE / TRADE SETTLEMENT,46849,,-7364271.0,TXN-0003851
2025-11-22,2025-11-24,BANK / DP CHARGES,1599,,-7365870.0,TXN-0003852
2025-11-25,2025-11-27,CLIENT FUNDING - RTGS,,57049,-7308821.0,TXN-0003853
2025-11-18,2025-11-18,CLIENT FUNDING - RTGS,,93379,-7215442.0,TXN-0003854
2025-11-20,2025-11-20,BANK / DP CHARGES,274,,-7215716.0,TXN-0003855
2025-11-16,2025-11-18,PAYOUT TO CLIENT,175361,,-7391077.0,TXN-0003856
2025-11-17,2025-11-17,BROKERAGE / TRADE SETTLEMENT,103342,,-7494419.0,TXN-0003857
2025-11-15,2025-11-16,BROKERAGE / TRADE SETTLEMENT,126126,,-7620545.0,TXN-0003858
2025-11-21,2025-11-23,CLIENT FUNDING - RTGS,,229453,-7391092.0,TXN-0003859
2025-11-23,2025-11-24,PAYOUT TO CLIENT,57337,,-7448429.0,TXN-0003860
2025-11-23,2025-11-25,BANK / DP CHARGES,1273,,-7449702.0,TXN-0003861
2025-11-20,2025-11-20,CLIENT FUNDING - RTGS,,60199,-7389503.0,TXN-0003862
2025-11-16,2025-11-16,CLIENT FUNDING - RTGS,,54598,-7334905.0,TXN-0003863
2025-11-25,2025-11-25,MISC ADJUSTMENT,,37542,-7297363.0,TXN-0003864
2025-11-28,2025-11-30,BANK / DP CHARGES,580,,-7297943.0,TXN-0003865
2025-11-22,2025-11-22,MISC ADJUSTMENT,,12227,-7285716.0,TXN-0003866
2025-11-29,2025-11-30,CLIENT FUNDING - RTGS,,275346,-7010370.0,TXN-0003867
2025-11-22,2025-11-24,BANK / DP CHARGES,1621,,-7011991.0,TXN-0003868
2025-11-21,2025-11-21,BANK / DP CHARGES,372,,-7012363.0,TXN-0003869
2025-11-23,2025-11-25,BROKERAGE / TRADE SETTLEMENT,67188,,-7079551.0,TXN-0003870
2025-11-21,2025-11-23,BANK / DP CHARGES,1957,,-7081508.0,TXN-0003871
2025-11-23,2025-11-25,PAYOUT TO CLIENT,78062,,-7159570.0,TXN-0003872
2025-11-20,2025-11-20,BROKERAGE / TRADE SETTLEMENT,68879,,-7228449.0,TXN-0003873
2025-11-26,2025-11-26,MISC ADJUSTMENT,22309,,-7250758.0,TXN-0003874
2025-11-20,2025-11-22,MISC ADJUSTMENT,,42491,-7208267.0,TXN-0003875
2025-11-19,2025-11-20,BROKERAGE / TRADE SETTLEMENT,48244,,-7256511.0,TXN-0003876
2025-11-29,2025-11-30,CLIENT FUNDING - RTGS,,80922,-7175589.0,TXN-0003877
2025-11-20,2025-11-22,PAYOUT TO CLIENT,29666,,-7205255.0,TXN-0003878
2025-11-29,2025-11-29,PAYOUT TO CLIENT,149716,,-7354971.0,TXN-0003879
2025-11-18,2025-11-19,BROKERAGE / TRADE SETTLEMENT,103426,,-7458397.0,TXN-0003880
2025-11-24,2025-11-24,BANK / DP CHARGES,1467,,-7459864.0,TXN-0003881
2025-11-27,2025-11-27,CLIENT FUNDING - RTGS,,275146,-7184718.0,TXN-0003882
2025-11-28,2025-11-29,BROKERAGE / TRADE SETTLEMENT,134285,,-7319003.0,TXN-0003883
2025-11-28,2025-11-30,MISC ADJUSTMENT,6281,,-7325284.0,TXN-0003884
2025-11-28,2025-11-28,BANK / DP CHARGES,1644,,-7326928.0,TXN-0003885
2025-11-23,2025-11-25,MISC ADJUSTMENT,,14327,-7312601.0,TXN-0003886
2025-11-23,2025-11-24,CLIENT FUNDING - RTGS,,222328,-7090273.0,TXN-0003887
2025-11-26,2025-11-28,PAYOUT TO CLIENT,33491,,-7123764.0,TXN-0003888
2025-11-24,2025-11-25,CLIENT FUNDING - RTGS,,163920,-6959844.0,TXN-0003889
2025-11-26,2025-11-28,CLIENT FUNDING - RTGS,,172073,-6787771.0,TXN-0003890
2025-11-15,2025-11-17,MISC ADJUSTMENT,15944,,-6803715.0,TXN-0003891
2025-11-28,2025-11-28,BROKERAGE / TRADE SETTLEMENT,109025,,-6912740.0,TXN-0003892
2025-11-16,2025-11-16,BANK / DP CHARGES,943,,-6913683.0,TXN-0003893
2025-11-15,2025-11-15,BANK / DP CHARGES,979,,-6914662.0,TXN-0003894
2025-11-24,2025-11-25,BANK / DP CHARGES,154,,-6914816.0,TXN-0003895
2025-11-17,2025-11-17,CLIENT FUNDING - RTGS,,234734,-6680082.0,TXN-0003896
2025-11-15,2025-11-17,BANK / DP CHARGES,1735,,-6681817.0,TXN-0003897
2025-11-24,2025-11-24,MISC ADJUSTMENT,47557,,-6729374.0,TXN-0003898
2025-11-15,2025-11-16,BANK / DP CHARGES,265,,-6729639.0,TXN-0003899
2025-11-28,2025-11-28,CLIENT FUNDING - RTGS,,119764,-6609875.0,TXN-0003900
2025-11-25,2025-11-25,CLIENT FUNDING - RTGS,,215039,-6394836.0,TXN-0003901
2025-11-16,2025-11-16,BANK / DP CHARGES,283,,-6395119.0,TXN-0003902
2025-11-21,2025-11-23,BROKERAGE / TRADE SETTLEMENT,28292,,-6423411.0,TXN-0003903
2025-11-17,2025-11-19,PAYOUT TO CLIENT,78224,,-6501635.0,TXN-0003904
2025-11-23,2025-11-23,BROKERAGE / TRADE SETTLEMENT,127000,,-6628635.0,TXN-0003905
2025-11-16,2025-11-16,BROKERAGE / TRADE SETTLEMENT,34707,,-6663342.0,TXN-0003906
2025-11-16,2025-11-18,BANK / DP CHARGES,1903,,-6665245.0,TXN-0003907
2025-11-29,2025-12-01,BROKERAGE / TRADE SETTLEMENT,76241,,-6741486.0,TXN-0003908
2025-11-17,2025-11-18,BANK / DP CHARGES,1094,,-6742580.0,TXN-0003909
2025-11-27,2025-11-29,CLIENT FUNDING - RTGS,,122534,-6620046.0,TXN-0003910
2025-11-26,2025-11-26,PAYOUT TO CLIENT,35583,,-6655629.0,TXN-0003911
2025-11-24,2025-11-24,BROKERAGE / TRADE SETTLEMENT,53587,,-6709216.0,TXN-0003912
2025-11-27,2025-11-28,CLIENT FUNDING - RTGS,,161284,-6547932.0,TXN-0003913
2025-11-20,2025-11-20,PAYOUT TO CLIENT,167480,,-6715412.0,TXN-0003914
2025-11-27,2025-11-28,MISC ADJUSTMENT,40735,,-6756147.0,TXN-0003915
2025-11-23,2025-11-23,MISC ADJUSTMENT,9388,,-6765535.0,TXN-0003916
2025-11-26,2025-11-26,CLIENT FUNDING - RTGS,,203263,-6562272.0,TXN-0003917
2025-11-26,2025-11-26,BANK / DP CHARGES,1751,,-6564023.0,TXN-0003918
2025-11-21,2025-11-21,MISC ADJUSTMENT,,41855,-6522168.0,TXN-0003919
2025-11-20,2025-11-20,BROKERAGE / TRADE SETTLEMENT,112600,,-6634768.0,TXN-0003920
2025-11-21,2025-11-21,BROKERAGE / TRADE SETTLEMENT,101846,,-6736614.0,TXN-0003921
2025-11-24,2025-11-26,PAYOUT TO CLIENT,172931,,-6909545.0,TXN-0003922
2025-11-21,2025-11-22,BROKERAGE / TRADE SETTLEMENT,60294,,-6969839.0,TXN-0003923
2025-11-23,2025-11-23,BANK / DP CHARGES,1274,,-6971113.0,TXN-0003924
2025-11-27,2025-11-29,MISC ADJUSTMENT,27863,,-6998976.0,TXN-0003925
2025-11-16,2025-11-18,MISC ADJUSTMENT,,27912,-6971064.0,TXN-0003926
2025-11-22,2025-11-22,BANK / DP CHARGES,1571,,-6972635.0,TXN-0003927
2025-11-27,2025-11-27,CLIENT FUNDING - RTGS,,229147,-6743488.0,TXN-0003928
2025-11-29,2025-11-29,MISC ADJUSTMENT,,44149,-6699339.0,TXN-0003929
2025-11-21,2025-11-23,CLIENT FUNDING - RTGS,,238077,-6461262.0,TXN-0003930
2025-11-20,2025-11-22,BROKERAGE / TRADE SETTLEMENT,127414,,-6588676.0,TXN-0003931
2025-11-19,2025-11-19,BANK / DP CHARGES,926,,-6589602.0,TXN-0003932
2025-11-28,2025-11-30,BANK / DP CHARGES,1571,,-6591173.0,TXN-0003933
2025-11-25,2025-11-26,CLIENT FUNDING - RTGS,,286028,-6305145.0,TXN-0003934
2025-11-24,2025-11-24,BANK / DP CHARGES,859,,-6306004.0,TXN-0003935
2025-11-25,2025-11-25,PAYOUT TO CLIENT,89649,,-6395653.0,TXN-0003936
2025-11-28,2025-11-28,BANK / DP CHARGES,108,,-6395761.0,TXN-0003937
2025-11-27,2025-11-28,CLIENT FUNDING - RTGS,,200097,-6195664.0,TXN-0003938
2025-11-20,2025-11-20,PAYOUT TO CLIENT,58747,,-6254411.0,TXN-0003939
2025-11-20,2025-11-20,BANK / DP CHARGES,1052,,-6255463.0,TXN-0003940
2025-11-29,2025-11-30,MISC ADJUSTMENT,18305,,-6273768.0,TXN-0003941
2025-11-27,2025-11-27,PAYOUT TO CLIENT,76804,,-6350572.0,TXN-0003942
2025-11-17,2025-11-18,BROKERAGE / TRADE SETTLEMENT,89459,,-6440031.0,TXN-0003943
2025-11-26,2025-11-28,CLIENT FUNDING - RTGS,,282565,-6157466.0,TXN-0003944
2025-11-28,2025-11-30,MISC ADJUSTMENT,,18519,-6138947.0,TXN-0003945
2025-11-20,2025-11-20,BROKERAGE / TRADE SETTLEMENT,58161,,-6197108.0,TXN-0003946
2025-11-24,2025-11-25,PAYOUT TO CLIENT,53000,,-6250108.0,TXN-0003947
2025-11-25,2025-11-27,PAYOUT TO CLIENT,130867,,-6380975.0,TXN-0003948
2025-11-27,2025-11-29,BROKERAGE / TRADE SETTLEMENT,97982,,-6478957.0,TXN-0003949
2025-11-20,2025-11-20,BROKERAGE / TRADE SETTLEMENT,131719,,-6610676.0,TXN-0003950
2025-11-28,2025-11-30,PAYOUT TO CLIENT,34480,,-6645156.0,TXN-0003951
2025-11-15,2025-11-15,PAYOUT TO CLIENT,121791,,-6766947.0,TXN-0003952
2025-11-24,2025-11-24,PAYOUT TO CLIENT,60986,,-6827933.0,TXN-0003953
2025-11-28,2025-11-28,PAYOUT TO CLIENT,156546,,-6984479.0,TXN-0003954
2025-11-21,2025-11-21,CLIENT FUNDING - RTGS,,127962,-6856517.0,TXN-0003955
2025-11-20,2025-11-20,BANK / DP CHARGES,1962,,-6858479.0,TXN-0003956
2025-11-15,2025-11-15,CLIENT FUNDING - RTGS,,170466,-6688013.0,TXN-0003957
2025-11-24,2025-11-24,BROKERAGE / TRADE SETTLEMENT,36246,,-6724259.0,TXN-0003958
2025-11-18,2025-11-18,MISC ADJUSTMENT,41843,,-6766102.0,TXN-0003959
2025-11-26,2025-11-27,BROKERAGE / TRADE SETTLEMENT,136490,,-6902592.0,TXN-0003960
2025-11-26,2025-11-26,PAYOUT TO CLIENT,124709,,-7027301.0,TXN-0003961
2025-11-27,2025-11-29,PAYOUT TO CLIENT,146343,,-7173644.0,TXN-0003962
2025-11-23,2025-11-23,BANK / DP CHARGES,823,,-7174467.0,TXN-0003963
2025-11-25,2025-11-27,PAYOUT TO CLIENT,178850,,-7353317.0,TXN-0003964
2025-11-28,2025-11-30,PAYOUT TO CLIENT,94890,,-7448207.0,TXN-0003965
2025-11-25,2025-11-26,CLIENT FUNDING - RTGS,,294550,-7153657.0,TXN-0003966
2025-11-23,2025-11-23,MISC ADJUSTMENT,,17924,-7135733.0,TXN-0003967
2025-11-28,2025-11-28,BROKERAGE / TRADE SETTLEMENT,119650,,-7255383.0,TXN-0003968
2025-11-17,2025-11-19,BANK / DP CHARGES,330,,-7255713.0,TXN-0003969
2025-11-19,2025-11-20,MISC ADJUSTMENT,6369,,-7262082.0,TXN-0003970
2025-11-17,2025-11-18,BANK / DP CHARGES,567,,-7262649.0,TXN-0003971
2025-11-22,2025-11-22,MISC ADJUSTMENT,,31534,-7231115.0,TXN-0003972
2025-11-19,2025-11-19,CLIENT FUNDING - RTGS,,244189,-6986926.0,TXN-0003973
2025-11-25,2025-11-25,MISC ADJUSTMENT,41002,,-7027928.0,TXN-0003974
2025-11-19,2025-11-19,CLIENT FUNDING - RTGS,,258819,-6769109.0,TXN-0003975
2025-11-27,2025-11-29,BROKERAGE / TRADE SETTLEMENT,91416,,-6860525.0,TXN-0003976
2025-11-22,2025-11-23,BANK / DP CHARGES,716,,-6861241.0,TXN-0003977
2025-11-22,2025-11-22,PAYOUT TO CLIENT,131100,,-6992341.0,TXN-0003978
2025-11-18,2025-11-20,CLIENT FUNDING - RTGS,,256557,-6735784.0,TXN-0003979
2025-11-22,2025-11-23,CLIENT FUNDING - RTGS,,202043,-6533741.0,TXN-0003980
2025-11-18,2025-11-20,CLIENT FUNDING - RTGS,,180670,-6353071.0,TXN-0003981
2025-11-20,2025-11-20,PAYOUT TO CLIENT,106496,,-6459567.0,TXN-0003982
2025-11-28,2025-11-30,BANK / DP CHARGES,586,,-6460153.0,TXN-0003983
2025-11-24,2025-11-24,BROKERAGE / TRADE SETTLEMENT,40777,,-6500930.0,TXN-0003984
2025-11-24,2025-11-25,MISC ADJUSTMENT,,19743,-6481187.0,TXN-0003985
2025-11-22,2025-11-24,CLIENT FUNDING - RTGS,,150686,-6330501.0,TXN-0003986
2025-11-23,2025-11-23,MISC ADJUSTMENT,,7366,-6323135.0,TXN-0003987
2025-11-28,2025-11-29,CLIENT FUNDING - RTGS,,194361,-6128774.0,TXN-0003988
2025-11-22,2025-11-24,MISC ADJUSTMENT,14118,,-6142892.0,TXN-0003989
2025-11-20,2025-11-20,PAYOUT TO CLIENT,109599,,-6252491.0,TXN-0003990
2025-11-18,2025-11-19,BROKERAGE / TRADE SETTLEMENT,138551,,-6391042.0,TXN-0003991
2025-11-26,2025-11-27,BANK / DP CHARGES,113,,-6391155.0,TXN-0003992
2025-11-18,2025-11-20,PAYOUT TO CLIENT,26684,,-6417839.0,TXN-0003993
2025-11-15,2025-11-17,PAYOUT TO CLIENT,117674,,-6535513.0,TXN-0003994
2025-11-28,2025-11-28,MISC ADJUSTMENT,,29348,-6506165.0,TXN-0003995
2025-11-22,2025-11-22,PAYOUT TO CLIENT,173550,,-6679715.0,TXN-0003996
2025-11-22,2025-11-24,MISC ADJUSTMENT,,13619,-6666096.0,TXN-0003997
2025-11-15,2025-11-15,CLIENT FUNDING - RTGS,,193800,-6472296.0,TXN-0003998
2025-11-26,2025-11-26,MISC ADJUSTMENT,,39304,-6432992.0,TXN-0003999
2025-11-24,2025-11-24,BANK / DP CHARGES,1353,,-6434345.0,TXN-0004000
2025-11-27,2025-11-27,BANK / DP CHARGES,429,,-6434774.0,TXN-0004001
2025-11-26,2025-11-27,BANK / DP CHARGES,1563,,-6436337.0,TXN-0004002
2025-11-25,2025-11-25,PAYOUT TO CLIENT,95174,,-6531511.0,TXN-0004003
2025-11-18,2025-11-18,PAYOUT TO CLIENT,177300,,-6708811.0,TXN-0004004
2025-11-19,2025-11-21,CLIENT FUNDING - RTGS,,116315,-6592496.0,TXN-0004005
2025-11-16,2025-11-16,BANK / DP CHARGES,800,,-6593296.0,TXN-0004006
2025-11-23,2025-11-23,BANK / DP CHARGES,1285,,-6594581.0,TXN-0004007
2025-11-20,2025-11-20,PAYOUT TO CLIENT,136735,,-6731316.0,TXN-0004008
2025-11-27,2025-11-27,BANK / DP CHARGES,1726,,-6733042.0,TXN-0004009
2025-11-27,2025-11-28,CLIENT FUNDING - RTGS,,78167,-6654875.0,TXN-0004010
2025-11-18,2025-11-19,BROKERAGE / TRADE SETTLEMENT,101076,,-6755951.0,TXN-0004011
2025-11-26,2025-11-28,CLIENT FUNDING - RTGS,,83051,-6672900.0,TXN-0004012
2025-11-25,2025-11-25,BANK / DP CHARGES,1532,,-6674432.0,TXN-0004013
2025-11-24,2025-11-24,BANK / DP CHARGES,209,,-6674641.0,TXN-0004014
2025-11-18,2025-11-19,CLIENT FUNDING - RTGS,,285636,-6389005.0,TXN-0004015
2025-11-17,2025-11-17,PAYOUT TO CLIENT,172837,,-6561842.0,TXN-0004016
2025-11-25,2025-11-25,PAYOUT TO CLIENT,73462,,-6635304.0,TXN-0004017
2025-11-25,2025-11-27,MISC ADJUSTMENT,,42521,-6592783.0,TXN-0004018
2025-11-25,2025-11-25,CLIENT FUNDING - RTGS,,214606,-6378177.0,TXN-0004019
2025-11-17,2025-11-17,PAYOUT TO CLIENT,75601,,-6453778.0,TXN-0004020
2025-11-25,2025-11-27,MISC ADJUSTMENT,38775,,-6492553.0,TXN-0004021
2025-11-24,2025-11-24,BANK / DP CHARGES,1386,,-6493939.0,TXN-0004022
2025-11-16,2025-11-17,CLIENT FUNDING - RTGS,,227991,-6265948.0,TXN-0004023
2025-11-25,2025-11-26,PAYOUT TO CLIENT,169702,,-6435650.0,TXN-0004024
2025-11-16,2025-11-16,BANK / DP CHARGES,1340,,-6436990.0,TXN-0004025
2025-11-26,2025-11-26,CLIENT FUNDING - RTGS,,133400,-6303590.0,TXN-0004026
2025-11-16,2025-11-16,BANK / DP CHARGES,1570,,-6305160.0,TXN-0004027
2025-11-29,2025-11-29,PAYOUT TO CLIENT,130235,,-6435395.0,TXN-0004028
2025-11-25,2025-11-25,BANK / DP CHARGES,860,,-6436255.0,TXN-0004029
2025-11-21,2025-11-21,CLIENT FUNDING - RTGS,,164676,-6271579.0,TXN-0004030
2025-11-15,2025-11-15,MISC ADJUSTMENT,,35477,-6236102.0,TXN-0004031
2025-11-16,2025-11-17,BANK / DP CHARGES,863,,-6236965.0,TXN-0004032
2025-11-23,2025-11-23,PAYOUT TO CLIENT,151298,,-6388263.0,TXN-0004033
2025-11-18,2025-11-18,BROKERAGE / TRADE SETTLEMENT,16227,,-6404490.0,TXN-0004034
2025-11-16,2025-11-17,BROKERAGE / TRADE SETTLEMENT,44677,,-6449167.0,TXN-0004035
2025-11-17,2025-11-18,PAYOUT TO CLIENT,97717,,-6546884.0,TXN-0004036
2025-11-26,2025-11-27,CLIENT FUNDING - RTGS,,140120,-6406764.0,TXN-0004037
2025-11-18,2025-11-18,CLIENT FUNDING - RTGS,,169716,-6237048.0,TXN-0004038
2025-11-25,2025-11-27,BANK / DP CHARGES,469,,-6237517.0,TXN-0004039
2025-11-25,2025-11-25,BANK / DP CHARGES,1168,,-6238685.0,TXN-0004040
2025-11-25,2025-11-27,PAYOUT TO CLIENT,179409,,-6418094.0,TXN-0004041
2025-11-18,2025-11-18,PAYOUT TO CLIENT,164716,,-6582810.0,TXN-0004042
2025-11-28,2025-11-30,CLIENT FUNDING - RTGS,,114607,-6468203.0,TXN-0004043
2025-11-19,2025-11-19,CLIENT FUNDING - RTGS,,299802,-6168401.0,TXN-0004044
2025-11-19,2025-11-21,MISC ADJUSTMENT,24076,,-6192477.0,TXN-0004045
2025-11-24,2025-11-25,CLIENT FUNDING - RTGS,,63749,-6128728.0,TXN-0004046
2025-11-18,2025-11-18,BANK / DP CHARGES,426,,-6129154.0,TXN-0004047
2025-11-17,2025-11-17,PAYOUT TO CLIENT,193753,,-6322907.0,TXN-0004048
2025-11-23,2025-11-23,BANK / DP CHARGES,1056,,-6323963.0,TXN-0004049
2025-11-18,2025-11-18,PAYOUT TO CLIENT,191036,,-6514999.0,TXN-0004050
2025-11-21,2025-11-23,BROKERAGE / TRADE SETTLEMENT,136128,,-6651127.0,TXN-0004051
2025-11-27,2025-11-27,PAYOUT TO CLIENT,41247,,-6692374.0,TXN-0004052
2025-11-23,2025-11-25,CLIENT FUNDING - RTGS,,83541,-6608833.0,TXN-0004053
2025-11-17,2025-11-17,CLIENT FUNDING - RTGS,,164609,-6444224.0,TXN-0004054
2025-11-28,2025-11-30,PAYOUT TO CLIENT,140145,,-6584369.0,TXN-0004055
2025-11-20,2025-11-20,PAYOUT TO CLIENT,181889,,-6766258.0,TXN-0004056
2025-11-27,2025-11-29,BANK / DP CHARGES,702,,-6766960.0,TXN-0004057
2025-11-29,2025-11-29,CLIENT FUNDING - RTGS,,231985,-6534975.0,TXN-0004058
2025-11-17,2025-11-17,PAYOUT TO CLIENT,84013,,-6618988.0,TXN-0004059
2025-11-29,2025-11-29,BANK / DP CHARGES,1477,,-6620465.0,TXN-0004060
2025-11-22,2025-11-24,CLIENT FUNDING - RTGS,,99369,-6521096.0,TXN-0004061
2025-11-16,2025-11-16,BANK / DP CHARGES,417,,-6521513.0,TXN-0004062
2025-11-23,2025-11-23,BROKERAGE / TRADE SETTLEMENT,100132,,-6621645.0,TXN-0004063
2025-11-21,2025-11-22,PAYOUT TO CLIENT,193497,,-6815142.0,TXN-0004064
2025-11-17,2025-11-18,MISC ADJUSTMENT,,12437,-6802705.0,TXN-0004065
2025-11-26,2025-11-26,BANK / DP CHARGES,1228,,-6803933.0,TXN-0004066
2025-11-23,2025-11-23,MISC ADJUSTMENT,,46665,-6757268.0,TXN-0004067
2025-11-29,2025-11-30,MISC ADJUSTMENT,,25895,-6731373.0,TXN-0004068
2025-11-17,2025-11-18,PAYOUT TO CLIENT,75814,,-6807187.0,TXN-0004069
2025-11-19,2025-11-21,BANK / DP CHARGES,1751,,-6808938.0,TXN-0004070
2025-11-23,2025-11-24,CLIENT FUNDING - RTGS,,250095,-6558843.0,TXN-0004071
2025-11-23,2025-11-23,CLIENT FUNDING - RTGS,,202806,-6356037.0,TXN-0004072
2025-11-28,2025-11-30,CLIENT FUNDING - RTGS,,170389,-6185648.0,TXN-0004073
2025-11-18,2025-11-20,BANK / DP CHARGES,1500,,-6187148.0,TXN-0004074
2025-11-23,2025-11-25,PAYOUT TO CLIENT,169409,,-6356557.0,TXN-0004075
2025-11-24,2025-11-24,BANK / DP CHARGES,1498,,-6358055.0,TXN-0004076
2025-11-21,2025-11-23,BROKERAGE / TRADE SETTLEMENT,99370,,-6457425.0,TXN-0004077
2025-11-21,2025-11-21,BROKERAGE / TRADE SETTLEMENT,141767,,-6599192.0,TXN-0004078
2025-11-16,2025-11-16,BROKERAGE / TRADE SETTLEMENT,43266,,-6642458.0,TXN-0004079
2025-11-17,2025-11-17,PAYOUT TO CLIENT,191582,,-6834040.0,TXN-0004080
2025-11-16,2025-11-16,BROKERAGE / TRADE SETTLEMENT,122407,,-6956447.0,TXN-0004081
2025-11-15,2025-11-16,BROKERAGE / TRADE SETTLEMENT,31186,,-6987633.0,TXN-0004082
2025-11-17,2025-11-17,MISC ADJUSTMENT,13780,,-7001413.0,TXN-0004083
2025-11-22,2025-11-23,PAYOUT TO CLIENT,157759,,-7159172.0,TXN-0004084
2025-11-16,2025-11-17,CLIENT FUNDING - RTGS,,234800,-6924372.0,TXN-0004085
2025-11-20,2025-11-21,PAYOUT TO CLIENT,65306,,-6989678.0,TXN-0004086
2025-11-23,2025-11-25,CLIENT FUNDING - RTGS,,239442,-6750236.0,TXN-0004087
2025-11-22,2025-11-22,MISC ADJUSTMENT,43807,,-6794043.0,TXN-0004088
2025-11-21,2025-11-21,MISC ADJUSTMENT,39107,,-6833150.0,TXN-0004089
2025-11-19,2025-11-19,BANK / DP CHARGES,934,,-6834084.0,TXN-0004090
2025-11-20,2025-11-20,BROKERAGE / TRADE SETTLEMENT,87777,,-6921861.0,TXN-0004091
2025-11-28,2025-11-30,PAYOUT TO CLIENT,78933,,-7000794.0,TXN-0004092
2025-11-20,2025-11-22,CLIENT FUNDING - RTGS,,90290,-6910504.0,TXN-0004093
2025-11-15,2025-11-16,CLIENT FUNDING - RTGS,,82475,-6828029.0,TXN-0004094
2025-11-23,2025-11-23,CLIENT FUNDING - RTGS,,198031,-6629998.0,TXN-0004095
2025-11-22,2025-11-22,MISC ADJUSTMENT,,18922,-6611076.0,TXN-0004096
2025-11-29,2025-12-01,MISC ADJUSTMENT,,30532,-6580544.0,TXN-0004097
2025-11-22,2025-11-22,CLIENT FUNDING - RTGS,,159249,-6421295.0,TXN-0004098
2025-11-15,2025-11-17,BROKERAGE / TRADE SETTLEMENT,22245,,-6443540.0,TXN-0004099
2025-11-25,2025-11-26,MISC ADJUSTMENT,,30289,-6413251.0,TXN-0004100
2025-11-28,2025-11-28,PAYOUT TO CLIENT,95803,,-6509054.0,TXN-0004101
2025-11-29,2025-11-29,BANK / DP CHARGES,1787,,-6510841.0,TXN-0004102
2025-11-17,2025-11-18,PAYOUT TO CLIENT,56221,,-6567062.0,TXN-0004103
2025-11-23,2025-11-23,CLIENT FUNDING - RTGS,,244163,-6322899.0,TXN-0004104
2025-11-15,2025-11-15,BANK / DP CHARGES,185,,-6323084.0,TXN-0004105
2025-11-22,2025-11-23,PAYOUT TO CLIENT,132704,,-6455788.0,TXN-0004106
2025-11-29,2025-11-29,CLIENT FUNDING - RTGS,,58607,-6397181.0,TXN-0004107
2025-11-21,2025-11-21,BANK / DP CHARGES,1128,,-6398309.0,TXN-0004108
2025-11-21,2025-11-21,PAYOUT TO CLIENT,128892,,-6527201.0,TXN-0004109
2025-11-22,2025-11-22,MISC ADJUSTMENT,,33500,-6493701.0,TXN-0004110
2025-11-19,2025-11-21,MISC ADJUSTMENT,40298,,-6533999.0,TXN-0004111
2025-11-26,2025-11-27,BROKERAGE / TRADE SETTLEMENT,114919,,-6648918.0,TXN-0004112
2025-11-17,2025-11-17,BANK / DP CHARGES,1825,,-6650743.0,TXN-0004113
2025-11-15,2025-11-17,CLIENT FUNDING - RTGS,,254484,-6396259.0,TXN-0004114
2025-11-28,2025-11-28,BANK / DP CHARGES,140,,-6396399.0,TXN-0004115
2025-11-28,2025-11-29,MISC ADJUSTMENT,39823,,-6436222.0,TXN-0004116
2025-11-24,2025-11-25,BROKERAGE / TRADE SETTLEMENT,82294,,-6518516.0,TXN-0004117
2025-11-24,2025-11-24,BROKERAGE / TRADE SETTLEMENT,47997,,-6566513.0,TXN-0004118
2025-11-21,2025-11-22,CLIENT FUNDING - RTGS,,172806,-6393707.0,TXN-0004119
2025-11-27,2025-11-27,BANK / DP CHARGES,1349,,-6395056.0,TXN-0004120
2025-11-25,2025-11-26,BROKERAGE / TRADE SETTLEMENT,146751,,-6541807.0,TXN-0004121
2025-11-27,2025-11-27,BANK / DP CHARGES,1681,,-6543488.0,TXN-0004122
2025-11-16,2025-11-16,BROKERAGE / TRADE SETTLEMENT,91963,,-6635451.0,TXN-0004123
2025-11-15,2025-11-16,BROKERAGE / TRADE SETTLEMENT,71320,,-6706771.0,TXN-0004124
2025-11-28,2025-11-28,BROKERAGE / TRADE SETTLEMENT,10177,,-6716948.0,TXN-0004125
2025-11-17,2025-11-18,BROKERAGE / TRADE SETTLEMENT,48226,,-6765174.0,TXN-0004126
2025-11-18,2025-11-19,BANK / DP CHARGES,1670,,-6766844.0,TXN-0004127
2025-11-19,2025-11-20,CLIENT FUNDING - RTGS,,52555,-6714289.0,TXN-0004128
2025-11-18,2025-11-19,PAYOUT TO CLIENT,172146,,-6886435.0,TXN-0004129
2025-11-19,2025-11-19,BANK / DP CHARGES,1579,,-6888014.0,TXN-0004130
2025-11-15,2025-11-17,CLIENT FUNDING - RTGS,,170393,-6717621.0,TXN-0004131
2025-11-25,2025-11-25,BANK / DP CHARGES,1299,,-6718920.0,TXN-0004132
2025-11-17,2025-11-18,PAYOUT TO CLIENT,40746,,-6759666.0,TXN-0004133
2025-11-18,2025-11-20,BROKERAGE / TRADE SETTLEMENT,81723,,-6841389.0,TXN-0004134
2025-11-19,2025-11-19,PAYOUT TO CLIENT,159975,,-7001364.0,TXN-0004135
2025-11-24,2025-11-26,BROKERAGE / TRADE SETTLEMENT,23366,,-7024730.0,TXN-0004136
2025-11-19,2025-11-19,BANK / DP CHARGES,475,,-7025205.0,TXN-0004137
2025-11-17,2025-11-17,CLIENT FUNDING - RTGS,,227734,-6797471.0,TXN-0004138
2025-11-25,2025-11-25,BANK / DP CHARGES,515,,-6797986.0,TXN-0004139
2025-11-25,2025-11-25,BROKERAGE / TRADE SETTLEMENT,123237,,-6921223.0,TXN-0004140
2025-11-16,2025-11-17,PAYOUT TO CLIENT,118232,,-7039455.0,TXN-0004141
2025-11-26,2025-11-26,BROKERAGE / TRADE SETTLEMENT,114243,,-7153698.0,TXN-0004142
2025-11-21,2025-11-21,CLIENT FUNDING - RTGS,,64520,-7089178.0,TXN-0004143
2025-11-20,2025-11-20,PAYOUT TO CLIENT,63085,,-7152263.0,TXN-0004144
2025-11-18,2025-11-18,MISC ADJUSTMENT,,6105,-7146158.0,TXN-0004145
2025-11-21,2025-11-21,CLIENT FUNDING - RTGS,,278450,-6867708.0,TXN-0004146
2025-11-22,2025-11-24,CLIENT FUNDING - RTGS,,166112,-6701596.0,TXN-0004147
2025-11-27,2025-11-29,BANK / DP CHARGES,341,,-6701937.0,TXN-0004148
2025-11-28,2025-11-28,PAYOUT TO CLIENT,64232,,-6766169.0,TXN-0004149
2025-11-15,2025-11-15,PAYOUT TO CLIENT,143121,,-6909290.0,TXN-0004150
2025-11-22,2025-11-23,BROKERAGE / TRADE SETTLEMENT,43888,,-6953178.0,TXN-0004151
2025-11-16,2025-11-16,BANK / DP CHARGES,1215,,-6954393.0,TXN-0004152
2025-11-23,2025-11-24,PAYOUT TO CLIENT,27976,,-6982369.0,TXN-0004153
2025-11-19,2025-11-19,BROKERAGE / TRADE SETTLEMENT,70851,,-7053220.0,TXN-0004154
2025-11-17,2025-11-18,MISC ADJUSTMENT,7712,,-7060932.0,TXN-0004155
2025-11-22,2025-11-22,BANK / DP CHARGES,1126,,-7062058.0,TXN-0004156
2025-11-28,2025-11-29,PAYOUT TO CLIENT,58476,,-7120534.0,TXN-0004157
2025-11-21,2025-11-23,BROKERAGE / TRADE SETTLEMENT,85301,,-7205835.0,TXN-0004158
2025-11-17,2025-11-18,CLIENT FUNDING - RTGS,,240174,-6965661.0,TXN-0004159
2025-11-28,2025-11-29,PAYOUT TO CLIENT,124323,,-7089984.0,TXN-0004160
2025-11-28,2025-11-30,MISC ADJUSTMENT,28255,,-7118239.0,TXN-0004161
2025-11-19,2025-11-21,MISC ADJUSTMENT,,38341,-7079898.0,TXN-0004162
2025-11-16,2025-11-18,MISC ADJUSTMENT,,6486,-7073412.0,TXN-0004163
2025-11-24,2025-11-26,BROKERAGE / TRADE SETTLEMENT,14708,,-7088120.0,TXN-0004164
2025-11-16,2025-11-16,CLIENT FUNDING - RTGS,,66516,-7021604.0,TXN-0004165
2025-11-25,2025-11-27,MISC ADJUSTMENT,,29393,-6992211.0,TXN-0004166
2025-11-25,2025-11-25,BROKERAGE / TRADE SETTLEMENT,61538,,-7053749.0,TXN-0004167
2025-11-27,2025-11-28,PAYOUT TO CLIENT,118971,,-7172720.0,TXN-0004168
2025-11-27,2025-11-29,BANK / DP CHARGES,902,,-7173622.0,TXN-0004169
2025-11-23,2025-11-25,PAYOUT TO CLIENT,127385,,-7301007.0,TXN-0004170
2025-11-15,2025-11-15,PAYOUT TO CLIENT,123138,,-7424145.0,TXN-0004171
2025-11-28,2025-11-30,BANK / DP CHARGES,239,,-7424384.0,TXN-0004172
2025-11-17,2025-11-19,CLIENT FUNDING - RTGS,,115285,-7309099.0,TXN-0004173
2025-11-29,2025-11-29,BANK / DP CHARGES,1197,,-7310296.0,TXN-0004174
2025-11-23,2025-11-23,MISC ADJUSTMENT,7657,,-7317953.0,TXN-0004175
2025-11-19,2025-11-21,MISC ADJUSTMENT,45403,,-7363356.0,TXN-0004176
2025-11-23,2025-11-23,CLIENT FUNDING - RTGS,,92238,-7271118.0,TXN-0004177
2025-11-20,2025-11-21,BANK / DP CHARGES,809,,-7271927.0,TXN-0004178
2025-11-21,2025-11-21,BANK / DP CHARGES,304,,-7272231.0,TXN-0004179
2025-11-16,2025-11-17,MISC ADJUSTMENT,,10691,-7261540.0,TXN-0004180
2025-11-20,2025-11-20,BROKERAGE / TRADE SETTLEMENT,49877,,-7311417.0,TXN-0004181
2025-11-22,2025-11-23,MISC ADJUSTMENT,39994,,-7351411.0,TXN-0004182
2025-11-17,2025-11-17,PAYOUT TO CLIENT,138199,,-7489610.0,TXN-0004183
2025-11-18,2025-11-18,PAYOUT TO CLIENT,37638,,-7527248.0,TXN-0004184
2025-11-25,2025-11-25,BANK / DP CHARGES,1725,,-7528973.0,TXN-0004185
2025-11-16,2025-11-17,BROKERAGE / TRADE SETTLEMENT,123742,,-7652715.0,TXN-0004186
2025-11-15,2025-11-15,CLIENT FUNDING - RTGS,,265202,-7387513.0,TXN-0004187
2025-11-20,2025-11-22,BROKERAGE / TRADE SETTLEMENT,50322,,-7437835.0,TXN-0004188
2025-11-17,2025-11-17,BANK / DP CHARGES,1674,,-7439509.0,TXN-0004189
2025-11-26,2025-11-27,CLIENT FUNDING - RTGS,,183171,-7256338.0,TXN-0004190
2025-11-29,2025-12-01,BROKERAGE / TRADE SETTLEMENT,87507,,-7343845.0,TXN-0004191
2025-11-21,2025-11-21,BROKERAGE / TRADE SETTLEMENT,111188,,-7455033.0,TXN-0004192
2025-11-20,2025-11-20,BROKERAGE / TRADE SETTLEMENT,85156,,-7540189.0,TXN-0004193
2025-11-20,2025-11-21,MISC ADJUSTMENT,40183,,-7580372.0,TXN-0004194
2025-11-16,2025-11-16,PAYOUT TO CLIENT,127937,,-7708309.0,TXN-0004195
2025-11-18,2025-11-18,MISC ADJUSTMENT,12916,,-7721225.0,TXN-0004196
2025-11-15,2025-11-15,PAYOUT TO CLIENT,161868,,-7883093.0,TXN-0004197
2025-11-26,2025-11-26,PAYOUT TO CLIENT,182810,,-8065903.0,TXN-0004198
2025-11-23,2025-11-24,BANK / DP CHARGES,854,,-8066757.0,TXN-0004199
2025-11-19,2025-11-21,CLIENT FUNDING - RTGS,,171263,-7895494.0,TXN-0004200
2025-11-19,2025-11-21,MISC ADJUSTMENT,9193,,-7904687.0,TXN-0004201
2025-11-24,2025-11-24,PAYOUT TO CLIENT,104715,,-8009402.0,TXN-0004202
2025-11-22,2025-11-24,BANK / DP CHARGES,147,,-8009549.0,TXN-0004203
2025-11-21,2025-11-21,MISC ADJUSTMENT,24460,,-8034009.0,TXN-0004204
2025-11-20,2025-11-20,BROKERAGE / TRADE SETTLEMENT,135475,,-8169484.0,TXN-0004205
2025-11-19,2025-11-20,PAYOUT TO CLIENT,112172,,-8281656.0,TXN-0004206
2025-11-19,2025-11-21,BROKERAGE / TRADE SETTLEMENT,98366,,-8380022.0,TXN-0004207
2025-11-22,2025-11-22,MISC ADJUSTMENT,26489,,-8406511.0,TXN-0004208
2025-11-24,2025-11-26,PAYOUT TO CLIENT,84268,,-8490779.0,TXN-0004209
2025-11-16,2025-11-18,BANK / DP CHARGES,988,,-8491767.0,TXN-0004210
2025-11-21,2025-11-21,MISC ADJUSTMENT,,36839,-8454928.0,TXN-0004211
2025-11-25,2025-11-25,MISC ADJUSTMENT,21823,,-8476751.0,TXN-0004212
2025-11-25,2025-11-27,CLIENT FUNDING - RTGS,,121383,-8355368.0,TXN-0004213
2025-11-19,2025-11-19,BROKERAGE / TRADE SETTLEMENT,125816,,-8481184.0,TXN-0004214
2025-11-16,2025-11-17,BANK / DP CHARGES,1858,,-8483042.0,TXN-0004215
2025-11-17,2025-11-17,MISC ADJUSTMENT,,43321,-8439721.0,TXN-0004216
2025-11-23,2025-11-23,BROKERAGE / TRADE SETTLEMENT,54325,,-8494046.0,TXN-0004217
2025-11-20,2025-11-20,BROKERAGE / TRADE SETTLEMENT,89600,,-8583646.0,TXN-0004218
2025-11-16,2025-11-17,BANK / DP CHARGES,1132,,-8584778.0,TXN-0004219
2025-11-16,2025-11-16,CLIENT FUNDING - RTGS,,95190,-8489588.0,TXN-0004220
2025-11-15,2025-11-15,BROKERAGE / TRADE SETTLEMENT,96022,,-8585610.0,TXN-0004221
2025-11-23,2025-11-24,PAYOUT TO CLIENT,27839,,-8613449.0,TXN-0004222
2025-11-19,2025-11-20,PAYOUT TO CLIENT,99453,,-8712902.0,TXN-0004223
2025-11-21,2025-11-21,BROKERAGE / TRADE SETTLEMENT,29753,,-8742655.0,TXN-0004224
2025-11-27,2025-11-29,BROKERAGE / TRADE SETTLEMENT,68790,,-8811445.0,TXN-0004225
2025-11-15,2025-11-15,BANK / DP CHARGES,909,,-8812354.0,TXN-0004226
2025-11-26,2025-11-28,BROKERAGE / TRADE SETTLEMENT,124837,,-8937191.0,TXN-0004227
2025-11-27,2025-11-29,BANK / DP CHARGES,1041,,-8938232.0,TXN-0004228
2025-11-22,2025-11-24,BROKERAGE / TRADE SETTLEMENT,32507,,-8970739.0,TXN-0004229
2025-11-22,2025-11-24,BROKERAGE / TRADE SETTLEMENT,115966,,-9086705.0,TXN-0004230
2025-11-24,2025-11-26,CLIENT FUNDING - RTGS,,78567,-9008138.0,TXN-0004231
2025-11-20,2025-11-21,MISC ADJUSTMENT,,34131,-8974007.0,TXN-0004232
2025-11-17,2025-11-17,BROKERAGE / TRADE SETTLEMENT,37426,,-9011433.0,TXN-0004233
2025-11-15,2025-11-15,PAYOUT TO CLIENT,115691,,-9127124.0,TXN-0004234
2025-11-28,2025-11-29,MISC ADJUSTMENT,,32621,-9094503.0,TXN-0004235
2025-11-19,2025-11-20,BROKERAGE / TRADE SETTLEMENT,93683,,-9188186.0,TXN-0004236
2025-11-16,2025-11-18,BANK / DP CHARGES,1992,,-9190178.0,TXN-0004237
2025-11-26,2025-11-28,CLIENT FUNDING - RTGS,,207199,-8982979.0,TXN-0004238
2025-11-29,2025-11-29,CLIENT FUNDING - RTGS,,59961,-8923018.0,TXN-0004239
2025-11-24,2025-11-25,CLIENT FUNDING - RTGS,,159468,-8763550.0,TXN-0004240
2025-11-22,2025-11-22,BROKERAGE / TRADE SETTLEMENT,31636,,-8795186.0,TXN-0004241
2025-11-22,2025-11-22,BROKERAGE / TRADE SETTLEMENT,53378,,-8848564.0,TXN-0004242
2025-11-21,2025-11-23,BANK / DP CHARGES,1137,,-8849701.0,TXN-0004243
2025-11-23,2025-11-24,BROKERAGE / TRADE SETTLEMENT,104540,,-8954241.0,TXN-0004244
2025-11-19,2025-11-19,PAYOUT TO CLIENT,62346,,-9016587.0,TXN-0004245
2025-11-27,2025-11-29,MISC ADJUSTMENT,,43762,-8972825.0,TXN-0004246
2025-11-23,2025-11-23,BROKERAGE / TRADE SETTLEMENT,42967,,-9015792.0,TXN-0004247
2025-11-18,2025-11-20,CLIENT FUNDING - RTGS,,229303,-8786489.0,TXN-0004248
2025-11-26,2025-11-28,BROKERAGE / TRADE SETTLEMENT,108947,,-8895436.0,TXN-0004249
2025-11-24,2025-11-24,CLIENT FUNDING - RTGS,,141457,-8753979.0,TXN-0004250
2025-11-17,2025-11-18,CLIENT FUNDING - RTGS,,251970,-8502009.0,TXN-0004251
2025-11-24,2025-11-26,PAYOUT TO CLIENT,21541,,-8523550.0,TXN-0004252
2025-11-26,2025-11-27,BANK / DP CHARGES,698,,-8524248.0,TXN-0004253
2025-11-15,2025-11-15,MISC ADJUSTMENT,21040,,-8545288.0,TXN-0004254
2025-11-25,2025-11-25,BANK / DP CHARGES,1422,,-8546710.0,TXN-0004255
2025-11-23,2025-11-24,BANK / DP CHARGES,1459,,-8548169.0,TXN-0004256
2025-11-18,2025-11-18,MISC ADJUSTMENT,,43544,-8504625.0,TXN-0004257
2025-11-19,2025-11-19,MISC ADJUSTMENT,,36714,-8467911.0,TXN-0004258
2025-11-24,2025-11-24,MISC ADJUSTMENT,,16018,-8451893.0,TXN-0004259
2025-11-19,2025-11-21,BANK / DP CHARGES,1344,,-8453237.0,TXN-0004260
2025-11-19,2025-11-21,BANK / DP CHARGES,1533,,-8454770.0,TXN-0004261
2025-11-16,2025-11-17,CLIENT FUNDING - RTGS,,252695,-8202075.0,TXN-0004262
2025-11-28,2025-11-28,BROKERAGE / TRADE SETTLEMENT,71593,,-8273668.0,TXN-0004263
2025-11-22,2025-11-22,MISC ADJUSTMENT,,8468,-8265200.0,TXN-0004264
2025-11-28,2025-11-30,CLIENT FUNDING - RTGS,,208213,-8056987.0,TXN-0004265
2025-11-27,2025-11-29,PAYOUT TO CLIENT,74106,,-8131093.0,TXN-0004266
2025-11-28,2025-11-28,PAYOUT TO CLIENT,54120,,-8185213.0,TXN-0004267
2025-11-23,2025-11-24,MISC ADJUSTMENT,,49143,-8136070.0,TXN-0004268
2025-11-29,2025-11-29,CLIENT FUNDING - RTGS,,160349,-7975721.0,TXN-0004269
2025-11-25,2025-11-25,BROKERAGE / TRADE SETTLEMENT,37629,,-8013350.0,TXN-0004270
2025-11-25,2025-11-27,PAYOUT TO CLIENT,198746,,-8212096.0,TXN-0004271
2025-11-27,2025-11-28,BANK / DP CHARGES,438,,-8212534.0,TXN-0004272
2025-11-23,2025-11-23,PAYOUT TO CLIENT,64353,,-8276887.0,TXN-0004273
2025-11-20,2025-11-20,BANK / DP CHARGES,391,,-8277278.0,TXN-0004274
2025-11-23,2025-11-25,MISC ADJUSTMENT,10561,,-8287839.0,TXN-0004275
2025-11-18,2025-11-20,BANK / DP CHARGES,165,,-8288004.0,TXN-0004276
2025-11-19,2025-11-20,CLIENT FUNDING - RTGS,,223619,-8064385.0,TXN-0004277
2025-11-16,2025-11-16,BANK / DP CHARGES,1728,,-8066113.0,TXN-0004278
2025-11-21,2025-11-23,BROKERAGE / TRADE SETTLEMENT,119380,,-8185493.0,TXN-0004279
2025-11-29,2025-11-29,MISC ADJUSTMENT,,45932,-8139561.0,TXN-0004280
2025-11-15,2025-11-15,MISC ADJUSTMENT,19116,,-8158677.0,TXN-0004281
2025-11-16,2025-11-16,CLIENT FUNDING - RTGS,,260079,-7898598.0,TXN-0004282
2025-11-26,2025-11-26,BANK / DP CHARGES,822,,-7899420.0,TXN-0004283
2025-11-28,2025-11-29,BANK / DP CHARGES,269,,-7899689.0,TXN-0004284
2025-11-25,2025-11-27,BANK / DP CHARGES,1033,,-7900722.0,TXN-0004285
2025-11-22,2025-11-22,CLIENT FUNDING - RTGS,,88051,-7812671.0,TXN-0004286
2025-11-28,2025-11-28,CLIENT FUNDING - RTGS,,136727,-7675944.0,TXN-0004287
2025-11-29,2025-11-29,CLIENT FUNDING - RTGS,,147416,-7528528.0,TXN-0004288
2025-11-15,2025-11-16,BROKERAGE / TRADE SETTLEMENT,22184,,-7550712.0,TXN-0004289
2025-11-17,2025-11-17,CLIENT FUNDING - RTGS,,276106,-7274606.0,TXN-0004290
2025-11-16,2025-11-16,PAYOUT TO CLIENT,64744,,-7339350.0,TXN-0004291
2025-11-19,2025-11-21,PAYOUT TO CLIENT,144863,,-7484213.0,TXN-0004292
2025-11-29,2025-11-29,CLIENT FUNDING - RTGS,,124748,-7359465.0,TXN-0004293
2025-11-29,2025-11-29,BROKERAGE / TRADE SETTLEMENT,38774,,-7398239.0,TXN-0004294
2025-11-15,2025-11-16,BROKERAGE / TRADE SETTLEMENT,58007,,-7456246.0,TXN-0004295
2025-11-18,2025-11-19,CLIENT FUNDING - RTGS,,281121,-7175125.0,TXN-0004296
2025-11-19,2025-11-20,CLIENT FUNDING - RTGS,,186958,-6988167.0,TXN-0004297
2025-11-28,2025-11-28,MISC ADJUSTMENT,34808,,-7022975.0,TXN-0004298
2025-11-23,2025-11-25,PAYOUT TO CLIENT,25570,,-7048545.0,TXN-0004299
2025-11-18,2025-11-20,MISC ADJUSTMENT,,38950,-7009595.0,TXN-0004300
2025-11-15,2025-11-15,PAYOUT TO CLIENT,195406,,-7205001.0,TXN-0004301
2025-11-28,2025-11-30,BANK / DP CHARGES,870,,-7205871.0,TXN-0004302
2025-11-28,2025-11-30,BANK / DP CHARGES,968,,-7206839.0,TXN-0004303
2025-11-25,2025-11-26,BROKERAGE / TRADE SETTLEMENT,114301,,-7321140.0,TXN-0004304
2025-11-17,2025-11-19,MISC ADJUSTMENT,,28041,-7293099.0,TXN-0004305
2025-11-17,2025-11-17,MISC ADJUSTMENT,,48531,-7244568.0,TXN-0004306
2025-11-19,2025-11-19,BANK / DP CHARGES,1100,,-7245668.0,TXN-0004307
2025-11-27,2025-11-29,BANK / DP CHARGES,664,,-7246332.0,TXN-0004308
2025-11-22,2025-11-22,BROKERAGE / TRADE SETTLEMENT,102398,,-7348730.0,TXN-0004309
2025-11-16,2025-11-18,CLIENT FUNDING - RTGS,,285992,-7062738.0,TXN-0004310
2025-11-19,2025-11-19,BANK / DP CHARGES,963,,-7063701.0,TXN-0004311
2025-11-25,2025-11-25,MISC ADJUSTMENT,,34860,-7028841.0,TXN-0004312
2025-11-28,2025-11-28,CLIENT FUNDING - RTGS,,274882,-6753959.0,TXN-0004313
2025-11-27,2025-11-27,MISC ADJUSTMENT,,30677,-6723282.0,TXN-0004314
2025-11-20,2025-11-20,CLIENT FUNDING - RTGS,,94487,-6628795.0,TXN-0004315
2025-11-27,2025-11-28,BROKERAGE / TRADE SETTLEMENT,134715,,-6763510.0,TXN-0004316
2025-11-21,2025-11-23,MISC ADJUSTMENT,,28826,-6734684.0,TXN-0004317
2025-11-22,2025-11-22,BROKERAGE / TRADE SETTLEMENT,46529,,-6781213.0,TXN-0004318
2025-11-27,2025-11-28,CLIENT FUNDING - RTGS,,189152,-6592061.0,TXN-0004319
2025-11-17,2025-11-19,BANK / DP CHARGES,1370,,-6593431.0,TXN-0004320
2025-11-28,2025-11-28,BROKERAGE / TRADE SETTLEMENT,99953,,-6693384.0,TXN-0004321
2025-11-19,2025-11-20,PAYOUT TO CLIENT,51945,,-6745329.0,TXN-0004322
2025-11-16,2025-11-16,CLIENT FUNDING - RTGS,,254645,-6490684.0,TXN-0004323
2025-11-24,2025-11-24,BROKERAGE / TRADE SETTLEMENT,125758,,-6616442.0,TXN-0004324
2025-11-23,2025-11-23,BANK / DP CHARGES,589,,-6617031.0,TXN-0004325
2025-11-28,2025-11-28,CLIENT FUNDING - RTGS,,205778,-6411253.0,TXN-0004326
2025-11-20,2025-11-20,CLIENT FUNDING - RTGS,,261195,-6150058.0,TXN-0004327
2025-11-18,2025-11-18,CLIENT FUNDING - RTGS,,121803,-6028255.0,TXN-0004328
2025-11-29,2025-11-29,MISC ADJUSTMENT,,34423,-5993832.0,TXN-0004329
2025-11-15,2025-11-15,PAYOUT TO CLIENT,94695,,-6088527.0,TXN-0004330
2025-11-23,2025-11-23,PAYOUT TO CLIENT,100481,,-6189008.0,TXN-0004331
2025-11-20,2025-11-20,MISC ADJUSTMENT,,6706,-6182302.0,TXN-0004332
2025-11-23,2025-11-25,CLIENT FUNDING - RTGS,,246350,-5935952.0,TXN-0004333
2025-11-24,2025-11-25,CLIENT FUNDING - RTGS,,81472,-5854480.0,TXN-0004334
2025-11-28,2025-11-28,BROKERAGE / TRADE SETTLEMENT,128071,,-5982551.0,TXN-0004335
2025-11-21,2025-11-21,PAYOUT TO CLIENT,87496,,-6070047.0,TXN-0004336
2025-11-24,2025-11-24,PAYOUT TO CLIENT,109312,,-6179359.0,TXN-0004337
2025-11-20,2025-11-20,BROKERAGE / TRADE SETTLEMENT,12203,,-6191562.0,TXN-0004338
2025-11-25,2025-11-25,MISC ADJUSTMENT,,18733,-6172829.0,TXN-0004339
2025-11-20,2025-11-21,BANK / DP CHARGES,554,,-6173383.0,TXN-0004340
2025-11-22,2025-11-22,BANK / DP CHARGES,102,,-6173485.0,TXN-0004341
2025-11-22,2025-11-22,BANK / DP CHARGES,1135,,-6174620.0,TXN-0004342
2025-11-20,2025-11-20,CLIENT FUNDING - RTGS,,239430,-5935190.0,TXN-0004343
2025-11-26,2025-11-27,CLIENT FUNDING - RTGS,,131384,-5803806.0,TXN-0004344
2025-11-15,2025-11-17,BANK / DP CHARGES,769,,-5804575.0,TXN-0004345
2025-11-21,2025-11-23,BROKERAGE / TRADE SETTLEMENT,17040,,-5821615.0,TXN-0004346
2025-11-18,2025-11-18,CLIENT FUNDING - RTGS,,259176,-5562439.0,TXN-0004347
2025-11-21,2025-11-23,CLIENT FUNDING - RTGS,,92723,-5469716.0,TXN-0004348
2025-11-21,2025-11-23,BANK / DP CHARGES,810,,-5470526.0,TXN-0004349
2025-11-26,2025-11-26,CLIENT FUNDING - RTGS,,87723,-5382803.0,TXN-0004350
2025-11-29,2025-11-30,BANK / DP CHARGES,1477,,-5384280.0,TXN-0004351
2025-11-16,2025-11-18,BROKERAGE / TRADE SETTLEMENT,85696,,-5469976.0,TXN-0004352
2025-11-28,2025-11-28,BROKERAGE / TRADE SETTLEMENT,105863,,-5575839.0,TXN-0004353
2025-11-26,2025-11-26,BANK / DP CHARGES,1170,,-5577009.0,TXN-0004354
2025-11-18,2025-11-20,BROKERAGE / TRADE SETTLEMENT,27190,,-5604199.0,TXN-0004355
2025-11-21,2025-11-23,BROKERAGE / TRADE SETTLEMENT,69222,,-5673421.0,TXN-0004356
2025-11-27,2025-11-29,BANK / DP CHARGES,1167,,-5674588.0,TXN-0004357
2025-11-24,2025-11-24,BROKERAGE / TRADE SETTLEMENT,139709,,-5814297.0,TXN-0004358
2025-11-18,2025-11-18,BROKERAGE / TRADE SETTLEMENT,29256,,-5843553.0,TXN-0004359
2025-11-28,2025-11-28,BANK / DP CHARGES,1993,,-5845546.0,TXN-0004360
2025-11-23,2025-11-25,CLIENT FUNDING - RTGS,,228466,-5617080.0,TXN-0004361
2025-11-25,2025-11-26,MISC ADJUSTMENT,,15680,-5601400.0,TXN-0004362
2025-11-27,2025-11-29,BANK / DP CHARGES,1396,,-5602796.0,TXN-0004363
2025-11-16,2025-11-16,BROKERAGE / TRADE SETTLEMENT,132876,,-5735672.0,TXN-0004364
2025-11-26,2025-11-28,PAYOUT TO CLIENT,113548,,-5849220.0,TXN-0004365
2025-11-19,2025-11-19,BROKERAGE / TRADE SETTLEMENT,130755,,-5979975.0,TXN-0004366
2025-11-21,2025-11-23,BANK / DP CHARGES,1151,,-5981126.0,TXN-0004367
2025-11-25,2025-11-26,PAYOUT TO CLIENT,78920,,-6060046.0,TXN-0004368
2025-11-25,2025-11-25,CLIENT FUNDING - RTGS,,76886,-5983160.0,TXN-0004369
2025-11-29,2025-11-29,BROKERAGE / TRADE SETTLEMENT,17899,,-6001059.0,TXN-0004370
2025-11-26,2025-11-26,MISC ADJUSTMENT,31002,,-6032061.0,TXN-0004371
2025-11-22,2025-11-23,MISC ADJUSTMENT,,5279,-6026782.0,TXN-0004372
2025-11-27,2025-11-29,MISC ADJUSTMENT,15070,,-6041852.0,TXN-0004373
2025-11-28,2025-11-28,PAYOUT TO CLIENT,58189,,-6100041.0,TXN-0004374
2025-11-21,2025-11-23,PAYOUT TO CLIENT,60806,,-6160847.0,TXN-0004375
2025-11-27,2025-11-27,MISC ADJUSTMENT,43217,,-6204064.0,TXN-0004376
2025-11-26,2025-11-26,BROKERAGE / TRADE SETTLEMENT,74049,,-6278113.0,TXN-0004377
2025-11-18,2025-11-18,BANK / DP CHARGES,571,,-6278684.0,TXN-0004378
2025-11-18,2025-11-19,BROKERAGE / TRADE SETTLEMENT,34110,,-6312794.0,TXN-0004379
2025-11-19,2025-11-19,CLIENT FUNDING - RTGS,,110506,-6202288.0,TXN-0004380
2025-11-20,2025-11-22,BANK / DP CHARGES,882,,-6203170.0,TXN-0004381
2025-11-28,2025-11-30,MISC ADJUSTMENT,,49696,-6153474.0,TXN-0004382
2025-11-16,2025-11-16,PAYOUT TO CLIENT,29310,,-6182784.0,TXN-0004383
2025-11-22,2025-11-24,BANK / DP CHARGES,677,,-6183461.0,TXN-0004384
2025-11-23,2025-11-23,PAYOUT TO CLIENT,120683,,-6304144.0,TXN-0004385
2025-11-16,2025-11-18,PAYOUT TO CLIENT,48018,,-6352162.0,TXN-0004386
2025-11-17,2025-11-19,BANK / DP CHARGES,1492,,-6353654.0,TXN-0004387
2025-11-21,2025-11-21,BANK / DP CHARGES,1615,,-6355269.0,TXN-0004388
2025-11-19,2025-11-19,BROKERAGE / TRADE SETTLEMENT,32155,,-6387424.0,TXN-0004389
2025-11-26,2025-11-26,CLIENT FUNDING - RTGS,,212938,-6174486.0,TXN-0004390
2025-11-17,2025-11-18,CLIENT FUNDING - RTGS,,191771,-5982715.0,TXN-0004391
2025-11-26,2025-11-26,MISC ADJUSTMENT,,32239,-5950476.0,TXN-0004392
2025-11-27,2025-11-27,PAYOUT TO CLIENT,179158,,-6129634.0,TXN-0004393
2025-11-23,2025-11-24,BROKERAGE / TRADE SETTLEMENT,119884,,-6249518.0,TXN-0004394
2025-11-20,2025-11-21,BROKERAGE / TRADE SETTLEMENT,47706,,-6297224.0,TXN-0004395
2025-11-27,2025-11-29,BANK / DP CHARGES,1674,,-6298898.0,TXN-0004396
2025-11-18,2025-11-19,BROKERAGE / TRADE SETTLEMENT,82268,,-6381166.0,TXN-0004397
2025-11-28,2025-11-30,BROKERAGE / TRADE SETTLEMENT,57146,,-6438312.0,TXN-0004398
2025-11-15,2025-11-16,CLIENT FUNDING - RTGS,,164178,-6274134.0,TXN-0004399
2025-11-29,2025-11-29,BROKERAGE / TRADE SETTLEMENT,31001,,-6305135.0,TXN-0004400
2025-11-25,2025-11-25,CLIENT FUNDING - RTGS,,238228,-6066907.0,TXN-0004401
2025-11-17,2025-11-17,BANK / DP CHARGES,715,,-6067622.0,TXN-0004402
2025-11-21,2025-11-23,MISC ADJUSTMENT,36731,,-6104353.0,TXN-0004403
2025-11-28,2025-11-29,BROKERAGE / TRADE SETTLEMENT,99228,,-6203581.0,TXN-0004404
2025-11-28,2025-11-30,PAYOUT TO CLIENT,185084,,-6388665.0,TXN-0004405
2025-11-20,2025-11-22,CLIENT FUNDING - RTGS,,276476,-6112189.0,TXN-0004406
2025-11-18,2025-11-20,BROKERAGE / TRADE SETTLEMENT,129508,,-6241697.0,TXN-0004407
2025-11-17,2025-11-17,CLIENT FUNDING - RTGS,,194581,-6047116.0,TXN-0004408
2025-11-21,2025-11-21,PAYOUT TO CLIENT,186432,,-6233548.0,TXN-0004409
2025-11-22,2025-11-24,BANK / DP CHARGES,534,,-6234082.0,TXN-0004410
2025-11-26,2025-11-27,MISC ADJUSTMENT,,33126,-6200956.0,TXN-0004411
2025-11-26,2025-11-26,PAYOUT TO CLIENT,135235,,-6336191.0,TXN-0004412
2025-11-18,2025-11-19,PAYOUT TO CLIENT,142593,,-6478784.0,TXN-0004413
2025-11-18,2025-11-18,BROKERAGE / TRADE SETTLEMENT,101534,,-6580318.0,TXN-0004414
2025-11-29,2025-11-29,PAYOUT TO CLIENT,158942,,-6739260.0,TXN-0004415
2025-11-26,2025-11-26,BANK / DP CHARGES,1132,,-6740392.0,TXN-0004416
2025-11-15,2025-11-15,MISC ADJUSTMENT,,40093,-6700299.0,TXN-0004417
2025-11-26,2025-11-27,PAYOUT TO CLIENT,86929,,-6787228.0,TXN-0004418
2025-11-27,2025-11-28,BROKERAGE / TRADE SETTLEMENT,89265,,-6876493.0,TXN-0004419
2025-11-18,2025-11-20,MISC ADJUSTMENT,,36874,-6839619.0,TXN-0004420
2025-11-28,2025-11-30,PAYOUT TO CLIENT,196968,,-7036587.0,TXN-0004421
2025-11-27,2025-11-27,MISC ADJUSTMENT,29956,,-7066543.0,TXN-0004422
2025-11-20,2025-11-20,BANK / DP CHARGES,1916,,-7068459.0,TXN-0004423
2025-11-26,2025-11-26,PAYOUT TO CLIENT,181200,,-7249659.0,TXN-0004424
2025-11-28,2025-11-28,BANK / DP CHARGES,1275,,-7250934.0,TXN-0004425
2025-11-17,2025-11-18,BROKERAGE / TRADE SETTLEMENT,10506,,-7261440.0,TXN-0004426
2025-11-15,2025-11-15,CLIENT FUNDING - RTGS,,263265,-6998175.0,TXN-0004427
2025-11-15,2025-11-16,PAYOUT TO CLIENT,53981,,-7052156.0,TXN-0004428
2025-11-17,2025-11-17,CLIENT FUNDING - RTGS,,138629,-6913527.0,TXN-0004429
2025-11-22,2025-11-23,BROKERAGE / TRADE SETTLEMENT,147616,,-7061143.0,TXN-0004430
2025-11-18,2025-11-20,CLIENT FUNDING - RTGS,,123382,-6937761.0,TXN-0004431
2025-11-27,2025-11-29,BANK / DP CHARGES,1236,,-6938997.0,TXN-0004432
2025-11-26,2025-11-27,PAYOUT TO CLIENT,150437,,-7089434.0,TXN-0004433
2025-11-29,2025-11-29,PAYOUT TO CLIENT,74403,,-7163837.0,TXN-0004434
2025-11-25,2025-11-25,PAYOUT TO CLIENT,150295,,-7314132.0,TXN-0004435
2025-11-21,2025-11-22,BANK / DP CHARGES,1772,,-7315904.0,TXN-0004436
2025-11-19,2025-11-19,CLIENT FUNDING - RTGS,,93725,-7222179.0,TXN-0004437
2025-11-21,2025-11-22,MISC ADJUSTMENT,44530,,-7266709.0,TXN-0004438
2025-11-29,2025-11-29,BROKERAGE / TRADE SETTLEMENT,74667,,-7341376.0,TXN-0004439
2025-11-23,2025-11-25,BANK / DP CHARGES,1791,,-7343167.0,TXN-0004440
2025-11-22,2025-11-22,CLIENT FUNDING - RTGS,,119734,-7223433.0,TXN-0004441
2025-11-20,2025-11-20,PAYOUT TO CLIENT,42565,,-7265998.0,TXN-0004442
2025-11-27,2025-11-29,CLIENT FUNDING - RTGS,,243273,-7022725.0,TXN-0004443
2025-11-28,2025-11-30,PAYOUT TO CLIENT,66231,,-7088956.0,TXN-0004444
2025-11-20,2025-11-22,BROKERAGE / TRADE SETTLEMENT,33300,,-7122256.0,TXN-0004445
2025-11-25,2025-11-26,CLIENT FUNDING - RTGS,,70229,-7052027.0,TXN-0004446
2025-11-26,2025-11-27,BANK / DP CHARGES,1738,,-7053765.0,TXN-0004447
2025-11-29,2025-11-29,MISC ADJUSTMENT,,29433,-7024332.0,TXN-0004448
2025-11-21,2025-11-22,BANK / DP CHARGES,160,,-7024492.0,TXN-0004449
2025-11-24,2025-11-24,MISC ADJUSTMENT,,37196,-6987296.0,TXN-0004450
2025-11-23,2025-11-24,PAYOUT TO CLIENT,149210,,-7136506.0,TXN-0004451
2025-11-20,2025-11-20,PAYOUT TO CLIENT,152584,,-7289090.0,TXN-0004452
2025-11-20,2025-11-21,BANK / DP CHARGES,1590,,-7290680.0,TXN-0004453
2025-11-21,2025-11-23,MISC ADJUSTMENT,,47140,-7243540.0,TXN-0004454
2025-11-16,2025-11-18,BROKERAGE / TRADE SETTLEMENT,54618,,-7298158.0,TXN-0004455
2025-11-23,2025-11-24,BANK / DP CHARGES,861,,-7299019.0,TXN-0004456
2025-11-25,2025-11-26,BROKERAGE / TRADE SETTLEMENT,16209,,-7315228.0,TXN-0004457
2025-11-25,2025-11-25,CLIENT FUNDING - RTGS,,264229,-7050999.0,TXN-0004458
2025-11-22,2025-11-22,CLIENT FUNDING - RTGS,,201289,-6849710.0,TXN-0004459
2025-11-23,2025-11-25,PAYOUT TO CLIENT,186200,,-7035910.0,TXN-0004460
2025-11-27,2025-11-28,MISC ADJUSTMENT,,49120,-6986790.0,TXN-0004461
2025-11-17,2025-11-17,BANK / DP CHARGES,1705,,-6988495.0,TXN-0004462
2025-11-21,2025-11-23,BANK / DP CHARGES,884,,-6989379.0,TXN-0004463
2025-11-26,2025-11-26,BROKERAGE / TRADE SETTLEMENT,50609,,-7039988.0,TXN-0004464
2025-11-25,2025-11-27,MISC ADJUSTMENT,26600,,-7066588.0,TXN-0004465
2025-11-29,2025-12-01,BANK / DP CHARGES,1021,,-7067609.0,TXN-0004466
2025-11-20,2025-11-20,CLIENT FUNDING - RTGS,,264179,-6803430.0,TXN-0004467
2025-11-25,2025-11-25,PAYOUT TO CLIENT,39511,,-6842941.0,TXN-0004468
2025-11-23,2025-11-23,CLIENT FUNDING - RTGS,,108999,-6733942.0,TXN-0004469
2025-11-17,2025-11-19,PAYOUT TO CLIENT,109890,,-6843832.0,TXN-0004470
2025-11-24,2025-11-25,BANK / DP CHARGES,669,,-6844501.0,TXN-0004471
2025-11-15,2025-11-15,BROKERAGE / TRADE SETTLEMENT,13650,,-6858151.0,TXN-0004472
2025-11-27,2025-11-29,PAYOUT TO CLIENT,29513,,-6887664.0,TXN-0004473
2025-11-24,2025-11-24,MISC ADJUSTMENT,43403,,-6931067.0,TXN-0004474
2025-11-24,2025-11-26,CLIENT FUNDING - RTGS,,298771,-6632296.0,TXN-0004475
2025-11-26,2025-11-26,PAYOUT TO CLIENT,86637,,-6718933.0,TXN-0004476
2025-11-29,2025-11-29,CLIENT FUNDING - RTGS,,122737,-6596196.0,TXN-0004477
2025-11-19,2025-11-19,BANK / DP CHARGES,1007,,-6597203.0,TXN-0004478
2025-11-15,2025-11-15,CLIENT FUNDING - RTGS,,211984,-6385219.0,TXN-0004479
2025-11-15,2025-11-17,CLIENT FUNDING - RTGS,,96089,-6289130.0,TXN-0004480
2025-11-21,2025-11-22,BANK / DP CHARGES,1987,,-6291117.0,TXN-0004481
2025-11-25,2025-11-25,PAYOUT TO CLIENT,60700,,-6351817.0,TXN-0004482
2025-11-22,2025-11-23,MISC ADJUSTMENT,,27233,-6324584.0,TXN-0004483
2025-11-17,2025-11-17,BROKERAGE / TRADE SETTLEMENT,53238,,-6377822.0,TXN-0004484
2025-11-21,2025-11-23,CLIENT FUNDING - RTGS,,258749,-6119073.0,TXN-0004485
2025-11-25,2025-11-25,PAYOUT TO CLIENT,80057,,-6199130.0,TXN-0004486
2025-11-27,2025-11-29,PAYOUT TO CLIENT,138263,,-6337393.0,TXN-0004487
2025-11-25,2025-11-25,MISC ADJUSTMENT,,16548,-6320845.0,TXN-0004488
2025-11-19,2025-11-20,BROKERAGE / TRADE SETTLEMENT,72910,,-6393755.0,TXN-0004489
2025-11-18,2025-11-18,PAYOUT TO CLIENT,148897,,-6542652.0,TXN-0004490
2025-11-19,2025-11-19,MISC ADJUSTMENT,13695,,-6556347.0,TXN-0004491
2025-11-26,2025-11-26,MISC ADJUSTMENT,,44736,-6511611.0,TXN-0004492
2025-11-15,2025-11-16,BANK / DP CHARGES,1504,,-6513115.0,TXN-0004493
2025-11-22,2025-11-22,BANK / DP CHARGES,1823,,-6514938.0,TXN-0004494
2025-11-24,2025-11-25,MISC ADJUSTMENT,,42216,-6472722.0,TXN-0004495
2025-11-26,2025-11-28,BROKERAGE / TRADE SETTLEMENT,37560,,-6510282.0,TXN-0004496
2025-11-15,2025-11-15,PAYOUT TO CLIENT,80159,,-6590441.0,TXN-0004497
2025-11-23,2025-11-24,MISC ADJUSTMENT,,5930,-6584511.0,TXN-0004498
2025-11-21,2025-11-21,PAYOUT TO CLIENT,113470,,-6697981.0,TXN-0004499
2025-11-19,2025-11-19,BANK / DP CHARGES,413,,-6698394.0,TXN-0004500
2025-11-26,2025-11-27,BANK / DP CHARGES,1221,,-6699615.0,TXN-0004501
2025-11-22,2025-11-23,PAYOUT TO CLIENT,193937,,-6893552.0,TXN-0004502
2025-11-25,2025-11-26,BROKERAGE / TRADE SETTLEMENT,16952,,-6910504.0,TXN-0004503
2025-11-26,2025-11-27,CLIENT FUNDING - RTGS,,157220,-6753284.0,TXN-0004504
2025-11-26,2025-11-26,PAYOUT TO CLIENT,134636,,-6887920.0,TXN-0004505
2025-11-22,2025-11-23,MISC ADJUSTMENT,,47255,-6840665.0,TXN-0004506
2025-11-22,2025-11-22,MISC ADJUSTMENT,21245,,-6861910.0,TXN-0004507
2025-11-17,2025-11-19,BANK / DP CHARGES,597,,-6862507.0,TXN-0004508
2025-11-20,2025-11-22,CLIENT FUNDING - RTGS,,121086,-6741421.0,TXN-0004509
2025-11-18,2025-11-18,CLIENT FUNDING - RTGS,,121458,-6619963.0,TXN-0004510
2025-11-29,2025-11-30,CLIENT FUNDING - RTGS,,181765,-6438198.0,TXN-0004511
2025-11-23,2025-11-23,MISC ADJUSTMENT,14280,,-6452478.0,TXN-0004512
2025-11-24,2025-11-24,BANK / DP CHARGES,657,,-6453135.0,TXN-0004513
2025-11-18,2025-11-20,PAYOUT TO CLIENT,147290,,-6600425.0,TXN-0004514
2025-11-18,2025-11-20,CLIENT FUNDING - RTGS,,211708,-6388717.0,TXN-0004515
2025-11-19,2025-11-20,BANK / DP CHARGES,1749,,-6390466.0,TXN-0004516
2025-11-27,2025-11-28,BANK / DP CHARGES,1684,,-6392150.0,TXN-0004517
2025-11-15,2025-11-15,MISC ADJUSTMENT,,8129,-6384021.0,TXN-0004518
2025-11-26,2025-11-28,BROKERAGE / TRADE SETTLEMENT,44458,,-6428479.0,TXN-0004519
2025-11-20,2025-11-22,BROKERAGE / TRADE SETTLEMENT,99108,,-6527587.0,TXN-0004520
2025-11-17,2025-11-19,BROKERAGE / TRADE SETTLEMENT,77254,,-6604841.0,TXN-0004521
2025-11-29,2025-11-29,BANK / DP CHARGES,882,,-6605723.0,TXN-0004522
2025-11-17,2025-11-17,BANK / DP CHARGES,1346,,-6607069.0,TXN-0004523
2025-11-26,2025-11-26,CLIENT FUNDING - RTGS,,196891,-6410178.0,TXN-0004524
2025-11-20,2025-11-22,BROKERAGE / TRADE SETTLEMENT,29075,,-6439253.0,TXN-0004525
2025-11-21,2025-11-22,CLIENT FUNDING - RTGS,,201297,-6237956.0,TXN-0004526
2025-11-22,2025-11-22,PAYOUT TO CLIENT,60530,,-6298486.0,TXN-0004527
2025-11-21,2025-11-21,CLIENT FUNDING - RTGS,,99010,-6199476.0,TXN-0004528
2025-11-28,2025-11-29,MISC ADJUSTMENT,,43656,-6155820.0,TXN-0004529
2025-11-22,2025-11-22,BANK / DP CHARGES,827,,-6156647.0,TXN-0004530
2025-11-28,2025-11-30,BROKERAGE / TRADE SETTLEMENT,46598,,-6203245.0,TXN-0004531
2025-11-16,2025-11-18,BANK / DP CHARGES,1158,,-6204403.0,TXN-0004532
2025-11-21,2025-11-21,CLIENT FUNDING - RTGS,,126482,-6077921.0,TXN-0004533
2025-11-25,2025-11-25,BANK / DP CHARGES,490,,-6078411.0,TXN-0004534
2025-11-17,2025-11-17,BROKERAGE / TRADE SETTLEMENT,91465,,-6169876.0,TXN-0004535
2025-11-16,2025-11-16,MISC ADJUSTMENT,,21394,-6148482.0,TXN-0004536
2025-11-26,2025-11-26,BANK / DP CHARGES,1266,,-6149748.0,TXN-0004537
2025-11-15,2025-11-17,PAYOUT TO CLIENT,162466,,-6312214.0,TXN-0004538
2025-11-28,2025-11-28,PAYOUT TO CLIENT,77882,,-6390096.0,TXN-0004539
2025-11-15,2025-11-15,MISC ADJUSTMENT,45720,,-6435816.0,TXN-0004540
2025-11-18,2025-11-18,BANK / DP CHARGES,982,,-6436798.0,TXN-0004541
2025-11-28,2025-11-28,CLIENT FUNDING - RTGS,,212941,-6223857.0,TXN-0004542
2025-11-16,2025-11-16,CLIENT FUNDING - RTGS,,85623,-6138234.0,TXN-0004543
2025-11-20,2025-11-22,CLIENT FUNDING - RTGS,,229244,-5908990.0,TXN-0004544
2025-11-16,2025-11-17,PAYOUT TO CLIENT,193216,,-6102206.0,TXN-0004545
2025-11-24,2025-11-24,BROKERAGE / TRADE SETTLEMENT,17896,,-6120102.0,TXN-0004546
2025-11-25,2025-11-25,BANK / DP CHARGES,529,,-6120631.0,TXN-0004547
2025-11-24,2025-11-26,MISC ADJUSTMENT,34095,,-6154726.0,TXN-0004548
2025-11-19,2025-11-21,BROKERAGE / TRADE SETTLEMENT,137188,,-6291914.0,TXN-0004549
2025-11-26,2025-11-28,MISC ADJUSTMENT,,24782,-6267132.0,TXN-0004550
2025-11-25,2025-11-25,CLIENT FUNDING - RTGS,,122921,-6144211.0,TXN-0004551
2025-11-16,2025-11-16,CLIENT FUNDING - RTGS,,179170,-5965041.0,TXN-0004552
2025-11-16,2025-11-17,MISC ADJUSTMENT,43990,,-6009031.0,TXN-0004553
2025-11-18,2025-11-19,MISC ADJUSTMENT,,37633,-5971398.0,TXN-0004554
2025-11-29,2025-12-01,BANK / DP CHARGES,1392,,-5972790.0,TXN-0004555
2025-11-18,2025-11-20,BANK / DP CHARGES,905,,-5973695.0,TXN-0004556
2025-11-15,2025-11-16,MISC ADJUSTMENT,,14079,-5959616.0,TXN-0004557
2025-11-27,2025-11-27,MISC ADJUSTMENT,,33037,-5926579.0,TXN-0004558
2025-11-28,2025-11-29,MISC ADJUSTMENT,35200,,-5961779.0,TXN-0004559
2025-11-18,2025-11-20,CLIENT FUNDING - RTGS,,162169,-5799610.0,TXN-0004560
2025-11-18,2025-11-19,CLIENT FUNDING - RTGS,,103425,-5696185.0,TXN-0004561
2025-11-25,2025-11-27,CLIENT FUNDING - RTGS,,184818,-5511367.0,TXN-0004562
2025-11-23,2025-11-23,BROKERAGE / TRADE SETTLEMENT,88954,,-5600321.0,TXN-0004563
2025-11-18,2025-11-18,BROKERAGE / TRADE SETTLEMENT,112156,,-5712477.0,TXN-0004564
2025-11-18,2025-11-18,PAYOUT TO CLIENT,195275,,-5907752.0,TXN-0004565
2025-11-27,2025-11-29,PAYOUT TO CLIENT,43188,,-5950940.0,TXN-0004566
2025-11-16,2025-11-16,BANK / DP CHARGES,635,,-5951575.0,TXN-0004567
2025-11-27,2025-11-28,BROKERAGE / TRADE SETTLEMENT,52551,,-6004126.0,TXN-0004568
2025-11-24,2025-11-24,CLIENT FUNDING - RTGS,,213428,-5790698.0,TXN-0004569
2025-11-22,2025-11-22,CLIENT FUNDING - RTGS,,73125,-5717573.0,TXN-0004570
2025-11-25,2025-11-25,MISC ADJUSTMENT,19019,,-5736592.0,TXN-0004571
2025-11-25,2025-11-25,CLIENT FUNDING - RTGS,,140304,-5596288.0,TXN-0004572
2025-11-16,2025-11-16,PAYOUT TO CLIENT,93411,,-5689699.0,TXN-0004573
2025-11-28,2025-11-30,PAYOUT TO CLIENT,151659,,-5841358.0,TXN-0004574
2025-11-22,2025-11-23,BROKERAGE / TRADE SETTLEMENT,89633,,-5930991.0,TXN-0004575
2025-11-23,2025-11-23,CLIENT FUNDING - RTGS,,246024,-5684967.0,TXN-0004576
2025-11-17,2025-11-19,PAYOUT TO CLIENT,54321,,-5739288.0,TXN-0004577
2025-11-27,2025-11-27,MISC ADJUSTMENT,25824,,-5765112.0,TXN-0004578
2025-11-17,2025-11-17,MISC ADJUSTMENT,,9106,-5756006.0,TXN-0004579
2025-11-23,2025-11-23,BANK / DP CHARGES,803,,-5756809.0,TXN-0004580
2025-11-27,2025-11-27,CLIENT FUNDING - RTGS,,219005,-5537804.0,TXN-0004581
2025-11-27,2025-11-28,PAYOUT TO CLIENT,172656,,-5710460.0,TXN-0004582
2025-11-24,2025-11-24,BANK / DP CHARGES,1168,,-5711628.0,TXN-0004583
2025-11-15,2025-11-16,BROKERAGE / TRADE SETTLEMENT,128183,,-5839811.0,TXN-0004584
2025-11-24,2025-11-25,PAYOUT TO CLIENT,76590,,-5916401.0,TXN-0004585
2025-11-28,2025-11-28,CLIENT FUNDING - RTGS,,122365,-5794036.0,TXN-0004586
2025-11-22,2025-11-22,MISC ADJUSTMENT,41896,,-5835932.0,TXN-0004587
2025-11-19,2025-11-19,BROKERAGE / TRADE SETTLEMENT,124867,,-5960799.0,TXN-0004588
2025-11-22,2025-11-22,BROKERAGE / TRADE SETTLEMENT,72782,,-6033581.0,TXN-0004589
2025-11-24,2025-11-26,PAYOUT TO CLIENT,94324,,-6127905.0,TXN-0004590
2025-11-20,2025-11-22,BANK / DP CHARGES,324,,-6128229.0,TXN-0004591
2025-11-21,2025-11-21,CLIENT FUNDING - RTGS,,219316,-5908913.0,TXN-0004592
2025-11-25,2025-11-27,BROKERAGE / TRADE SETTLEMENT,14851,,-5923764.0,TXN-0004593
2025-11-29,2025-11-30,CLIENT FUNDING - RTGS,,238892,-5684872.0,TXN-0004594
2025-11-25,2025-11-27,MISC ADJUSTMENT,,48897,-5635975.0,TXN-0004595
2025-11-22,2025-11-23,MISC ADJUSTMENT,,29121,-5606854.0,TXN-0004596
2025-11-26,2025-11-28,BANK / DP CHARGES,1719,,-5608573.0,TXN-0004597
2025-11-25,2025-11-27,CLIENT FUNDING - RTGS,,290116,-5318457.0,TXN-0004598
2025-11-22,2025-11-23,CLIENT FUNDING - RTGS,,275369,-5043088.0,TXN-0004599
2025-11-24,2025-11-24,MISC ADJUSTMENT,31196,,-5074284.0,TXN-0004600
2025-11-25,2025-11-27,BROKERAGE / TRADE SETTLEMENT,120677,,-5194961.0,TXN-0004601
2025-11-19,2025-11-20,BANK / DP CHARGES,972,,-5195933.0,TXN-0004602
2025-11-15,2025-11-16,MISC ADJUSTMENT,27502,,-5223435.0,TXN-0004603
2025-11-25,2025-11-26,PAYOUT TO CLIENT,72897,,-5296332.0,TXN-0004604
2025-11-27,2025-11-28,BROKERAGE / TRADE SETTLEMENT,96575,,-5392907.0,TXN-0004605
2025-11-25,2025-11-27,CLIENT FUNDING - RTGS,,282363,-5110544.0,TXN-0004606
2025-11-26,2025-11-27,MISC ADJUSTMENT,43841,,-5154385.0,TXN-0004607
2025-11-26,2025-11-26,BANK / DP CHARGES,708,,-5155093.0,TXN-0004608
2025-11-26,2025-11-27,PAYOUT TO CLIENT,151499,,-5306592.0,TXN-0004609
2025-11-24,2025-11-25,MISC ADJUSTMENT,,16956,-5289636.0,TXN-0004610
2025-11-27,2025-11-29,BROKERAGE / TRADE SETTLEMENT,20262,,-5309898.0,TXN-0004611
2025-11-17,2025-11-17,MISC ADJUSTMENT,,42074,-5267824.0,TXN-0004612
2025-11-20,2025-11-22,CLIENT FUNDING - RTGS,,109380,-5158444.0,TXN-0004613
2025-11-20,2025-11-22,PAYOUT TO CLIENT,33143,,-5191587.0,TXN-0004614
2025-11-29,2025-12-01,BANK / DP CHARGES,997,,-5192584.0,TXN-0004615
2025-11-15,2025-11-15,BROKERAGE / TRADE SETTLEMENT,107070,,-5299654.0,TXN-0004616
2025-11-24,2025-11-26,BROKERAGE / TRADE SETTLEMENT,19167,,-5318821.0,TXN-0004617
2025-11-19,2025-11-19,BANK / DP CHARGES,942,,-5319763.0,TXN-0004618
2025-11-22,2025-11-23,PAYOUT TO CLIENT,51289,,-5371052.0,TXN-0004619
2025-11-15,2025-11-16,BROKERAGE / TRADE SETTLEMENT,90687,,-5461739.0,TXN-0004620
2025-11-17,2025-11-19,BROKERAGE / TRADE SETTLEMENT,59032,,-5520771.0,TXN-0004621
2025-11-24,2025-11-24,BROKERAGE / TRADE SETTLEMENT,64990,,-5585761.0,TXN-0004622
2025-11-29,2025-12-01,BROKERAGE / TRADE SETTLEMENT,44120,,-5629881.0,TXN-0004623
2025-11-19,2025-11-19,CLIENT FUNDING - RTGS,,254941,-5374940.0,TXN-0004624
2025-11-22,2025-11-23,BROKERAGE / TRADE SETTLEMENT,117462,,-5492402.0,TXN-0004625
2025-11-25,2025-11-25,BANK / DP CHARGES,684,,-5493086.0,TXN-0004626
2025-11-27,2025-11-27,BROKERAGE / TRADE SETTLEMENT,95716,,-5588802.0,TXN-0004627
2025-11-19,2025-11-20,BANK / DP CHARGES,1885,,-5590687.0,TXN-0004628
2025-11-24,2025-11-26,MISC ADJUSTMENT,,21277,-5569410.0,TXN-0004629
2025-11-26,2025-11-27,PAYOUT TO CLIENT,21858,,-5591268.0,TXN-0004630
2025-11-26,2025-11-26,BANK / DP CHARGES,452,,-5591720.0,TXN-0004631
2025-11-19,2025-11-19,PAYOUT TO CLIENT,25599,,-5617319.0,TXN-0004632
2025-11-15,2025-11-16,BANK / DP CHARGES,486,,-5617805.0,TXN-0004633
2025-11-29,2025-11-29,MISC ADJUSTMENT,46325,,-5664130.0,TXN-0004634
2025-11-29,2025-11-30,PAYOUT TO CLIENT,79906,,-5744036.0,TXN-0004635
2025-11-27,2025-11-28,CLIENT FUNDING - RTGS,,255038,-5488998.0,TXN-0004636
2025-11-21,2025-11-23,CLIENT FUNDING - RTGS,,85504,-5403494.0,TXN-0004637
2025-11-17,2025-11-17,PAYOUT TO CLIENT,119112,,-5522606.0,TXN-0004638
2025-11-15,2025-11-15,CLIENT FUNDING - RTGS,,212467,-5310139.0,TXN-0004639
2025-11-23,2025-11-25,MISC ADJUSTMENT,,31046,-5279093.0,TXN-0004640
2025-11-19,2025-11-20,MISC ADJUSTMENT,,12869,-5266224.0,TXN-0004641
2025-11-29,2025-11-30,MISC ADJUSTMENT,,36743,-5229481.0,TXN-0004642
2025-11-27,2025-11-29,BROKERAGE / TRADE SETTLEMENT,96064,,-5325545.0,TXN-0004643
2025-11-18,2025-11-18,MISC ADJUSTMENT,,39268,-5286277.0,TXN-0004644
2025-11-22,2025-11-24,CLIENT FUNDING - RTGS,,293636,-4992641.0,TXN-0004645
2025-11-20,2025-11-22,BROKERAGE / TRADE SETTLEMENT,138564,,-5131205.0,TXN-0004646
2025-11-25,2025-11-26,MISC ADJUSTMENT,49568,,-5180773.0,TXN-0004647
2025-11-18,2025-11-18,BROKERAGE / TRADE SETTLEMENT,21866,,-5202639.0,TXN-0004648
2025-11-21,2025-11-21,BROKERAGE / TRADE SETTLEMENT,137091,,-5339730.0,TXN-0004649
2025-11-28,2025-11-28,PAYOUT TO CLIENT,191259,,-5530989.0,TXN-0004650
2025-11-21,2025-11-22,BROKERAGE / TRADE SETTLEMENT,73853,,-5604842.0,TXN-0004651
2025-11-27,2025-11-29,MISC ADJUSTMENT,17249,,-5622091.0,TXN-0004652
2025-11-21,2025-11-21,PAYOUT TO CLIENT,77771,,-5699862.0,TXN-0004653
2025-11-26,2025-11-27,MISC ADJUSTMENT,15924,,-5715786.0,TXN-0004654
2025-11-20,2025-11-20,BANK / DP CHARGES,382,,-5716168.0,TXN-0004655
2025-11-25,2025-11-25,BANK / DP CHARGES,306,,-5716474.0,TXN-0004656
2025-11-26,2025-11-28,PAYOUT TO CLIENT,78029,,-5794503.0,TXN-0004657
2025-11-29,2025-11-30,MISC ADJUSTMENT,25868,,-5820371.0,TXN-0004658
2025-11-26,2025-11-27,CLIENT FUNDING - RTGS,,190904,-5629467.0,TXN-0004659
2025-11-28,2025-11-28,BANK / DP CHARGES,628,,-5630095.0,TXN-0004660
2025-11-19,2025-11-19,BANK / DP CHARGES,694,,-5630789.0,TXN-0004661
2025-11-18,2025-11-18,PAYOUT TO CLIENT,61943,,-5692732.0,TXN-0004662
2025-11-16,2025-11-16,BROKERAGE / TRADE SETTLEMENT,46177,,-5738909.0,TXN-0004663
2025-11-27,2025-11-27,PAYOUT TO CLIENT,53154,,-5792063.0,TXN-0004664
2025-11-27,2025-11-27,MISC ADJUSTMENT,49982,,-5842045.0,TXN-0004665
2025-11-25,2025-11-26,CLIENT FUNDING - RTGS,,251033,-5591012.0,TXN-0004666
2025-11-29,2025-12-01,BANK / DP CHARGES,662,,-5591674.0,TXN-0004667
2025-11-23,2025-11-25,CLIENT FUNDING - RTGS,,288928,-5302746.0,TXN-0004668
2025-11-27,2025-11-27,PAYOUT TO CLIENT,130110,,-5432856.0,TXN-0004669
2025-11-19,2025-11-20,MISC ADJUSTMENT,,11036,-5421820.0,TXN-0004670
2025-11-19,2025-11-20,PAYOUT TO CLIENT,126375,,-5548195.0,TXN-0004671
2025-11-23,2025-11-23,PAYOUT TO CLIENT,96214,,-5644409.0,TXN-0004672
2025-11-27,2025-11-27,MISC ADJUSTMENT,,49410,-5594999.0,TXN-0004673
2025-11-22,2025-11-24,MISC ADJUSTMENT,11634,,-5606633.0,TXN-0004674
2025-11-28,2025-11-28,PAYOUT TO CLIENT,77759,,-5684392.0,TXN-0004675
2025-11-17,2025-11-17,PAYOUT TO CLIENT,155646,,-5840038.0,TXN-0004676
2025-11-26,2025-11-26,CLIENT FUNDING - RTGS,,273111,-5566927.0,TXN-0004677
2025-11-19,2025-11-21,BROKERAGE / TRADE SETTLEMENT,89865,,-5656792.0,TXN-0004678
2025-11-28,2025-11-28,PAYOUT TO CLIENT,174732,,-5831524.0,TXN-0004679
2025-11-16,2025-11-16,MISC ADJUSTMENT,,29395,-5802129.0,TXN-0004680
2025-11-17,2025-11-17,PAYOUT TO CLIENT,93117,,-5895246.0,TXN-0004681
2025-11-24,2025-11-25,PAYOUT TO CLIENT,136455,,-6031701.0,TXN-0004682
2025-11-28,2025-11-28,BROKERAGE / TRADE SETTLEMENT,136533,,-6168234.0,TXN-0004683
2025-11-28,2025-11-30,MISC ADJUSTMENT,,7075,-6161159.0,TXN-0004684
2025-11-21,2025-11-23,MISC ADJUSTMENT,29535,,-6190694.0,TXN-0004685
2025-11-19,2025-11-21,MISC ADJUSTMENT,21472,,-6212166.0,TXN-0004686
2025-11-21,2025-11-21,MISC ADJUSTMENT,,37801,-6174365.0,TXN-0004687
2025-11-15,2025-11-15,PAYOUT TO CLIENT,198852,,-6373217.0,TXN-0004688
2025-11-24,2025-11-26,BROKERAGE / TRADE SETTLEMENT,21918,,-6395135.0,TXN-0004689
2025-11-16,2025-11-18,MISC ADJUSTMENT,,37916,-6357219.0,TXN-0004690
2025-11-18,2025-11-18,CLIENT FUNDING - RTGS,,264084,-6093135.0,TXN-0004691
2025-11-22,2025-11-22,BROKERAGE / TRADE SETTLEMENT,71959,,-6165094.0,TXN-0004692
2025-11-24,2025-11-26,CLIENT FUNDING - RTGS,,86186,-6078908.0,TXN-0004693
2025-11-20,2025-11-20,BANK / DP CHARGES,927,,-6079835.0,TXN-0004694
2025-11-25,2025-11-25,CLIENT FUNDING - RTGS,,70221,-6009614.0,TXN-0004695
2025-11-24,2025-11-24,CLIENT FUNDING - RTGS,,292196,-5717418.0,TXN-0004696
2025-11-29,2025-11-29,BROKERAGE / TRADE SETTLEMENT,130347,,-5847765.0,TXN-0004697
2025-11-15,2025-11-15,BROKERAGE / TRADE SETTLEMENT,104327,,-5952092.0,TXN-0004698
2025-11-18,2025-11-19,BANK / DP CHARGES,1832,,-5953924.0,TXN-0004699
2025-11-18,2025-11-18,PAYOUT TO CLIENT,81016,,-6034940.0,TXN-0004700
2025-11-27,2025-11-27,MISC ADJUSTMENT,17456,,-6052396.0,TXN-0004701
2025-11-20,2025-11-21,BANK / DP CHARGES,330,,-6052726.0,TXN-0004702
2025-11-21,2025-11-22,CLIENT FUNDING - RTGS,,163732,-5888994.0,TXN-0004703
2025-11-23,2025-11-25,BROKERAGE / TRADE SETTLEMENT,99036,,-5988030.0,TXN-0004704
2025-11-22,2025-11-24,BROKERAGE / TRADE SETTLEMENT,60781,,-6048811.0,TXN-0004705
2025-11-19,2025-11-19,MISC ADJUSTMENT,,33680,-6015131.0,TXN-0004706
2025-11-19,2025-11-20,MISC ADJUSTMENT,,32327,-5982804.0,TXN-0004707
2025-11-29,2025-11-29,BANK / DP CHARGES,479,,-5983283.0,TXN-0004708
2025-11-27,2025-11-28,BROKERAGE / TRADE SETTLEMENT,142877,,-6126160.0,TXN-0004709
2025-11-29,2025-11-29,BROKERAGE / TRADE SETTLEMENT,53798,,-6179958.0,TXN-0004710
2025-11-22,2025-11-22,MISC ADJUSTMENT,,13014,-6166944.0,TXN-0004711
2025-11-27,2025-11-29,BANK / DP CHARGES,238,,-6167182.0,TXN-0004712
2025-11-26,2025-11-28,BANK / DP CHARGES,1316,,-6168498.0,TXN-0004713
2025-11-15,2025-11-17,CLIENT FUNDING - RTGS,,197666,-5970832.0,TXN-0004714
2025-11-20,2025-11-20,BROKERAGE / TRADE SETTLEMENT,29507,,-6000339.0,TXN-0004715
2025-11-17,2025-11-17,PAYOUT TO CLIENT,94010,,-6094349.0,TXN-0004716
2025-11-21,2025-11-21,MISC ADJUSTMENT,33735,,-6128084.0,TXN-0004717
2025-11-19,2025-11-19,BANK / DP CHARGES,471,,-6128555.0,TXN-0004718
2025-11-24,2025-11-24,PAYOUT TO CLIENT,166349,,-6294904.0,TXN-0004719
2025-11-18,2025-11-19,CLIENT FUNDING - RTGS,,268290,-6026614.0,TXN-0004720
2025-11-19,2025-11-20,BANK / DP CHARGES,708,,-6027322.0,TXN-0004721
2025-11-16,2025-11-18,BANK / DP CHARGES,1079,,-6028401.0,TXN-0004722
2025-11-20,2025-11-21,BANK / DP CHARGES,1179,,-6029580.0,TXN-0004723
2025-11-27,2025-11-27,BANK / DP CHARGES,1834,,-6031414.0,TXN-0004724
2025-11-29,2025-11-29,BROKERAGE / TRADE SETTLEMENT,17575,,-6048989.0,TXN-0004725
2025-11-25,2025-11-26,CLIENT FUNDING - RTGS,,149547,-5899442.0,TXN-0004726
2025-11-20,2025-11-20,BANK / DP CHARGES,830,,-5900272.0,TXN-0004727
2025-11-24,2025-11-24,BANK / DP CHARGES,348,,-5900620.0,TXN-0004728
2025-11-21,2025-11-22,PAYOUT TO CLIENT,137567,,-6038187.0,TXN-0004729
2025-11-24,2025-11-24,BANK / DP CHARGES,302,,-6038489.0,TXN-0004730
2025-11-21,2025-11-23,BANK / DP CHARGES,902,,-6039391.0,TXN-0004731
2025-11-18,2025-11-19,BANK / DP CHARGES,674,,-6040065.0,TXN-0004732
2025-11-15,2025-11-17,CLIENT FUNDING - RTGS,,266600,-5773465.0,TXN-0004733
2025-11-17,2025-11-17,BANK / DP CHARGES,1702,,-5775167.0,TXN-0004734
2025-11-20,2025-11-22,PAYOUT TO CLIENT,146390,,-5921557.0,TXN-0004735
2025-11-23,2025-11-23,PAYOUT TO CLIENT,130747,,-6052304.0,TXN-0004736
2025-11-16,2025-11-16,PAYOUT TO CLIENT,61927,,-6114231.0,TXN-0004737
2025-11-15,2025-11-15,BROKERAGE / TRADE SETTLEMENT,96340,,-6210571.0,TXN-0004738
2025-11-24,2025-11-24,CLIENT FUNDING - RTGS,,136391,-6074180.0,TXN-0004739
2025-11-27,2025-11-28,CLIENT FUNDING - RTGS,,128663,-5945517.0,TXN-0004740
2025-11-28,2025-11-29,MISC ADJUSTMENT,42777,,-5988294.0,TXN-0004741
2025-11-28,2025-11-29,PAYOUT TO CLIENT,31701,,-6019995.0,TXN-0004742
2025-11-17,2025-11-19,MISC ADJUSTMENT,12859,,-6032854.0,TXN-0004743
2025-11-22,2025-11-22,CLIENT FUNDING - RTGS,,66802,-5966052.0,TXN-0004744
2025-11-17,2025-11-17,MISC ADJUSTMENT,,37051,-5929001.0,TXN-0004745
2025-11-15,2025-11-15,MISC ADJUSTMENT,,43487,-5885514.0,TXN-0004746
2025-11-22,2025-11-23,BANK / DP CHARGES,721,,-5886235.0,TXN-0004747
2025-11-19,2025-11-19,BROKERAGE / TRADE SETTLEMENT,72416,,-5958651.0,TXN-0004748
2025-11-23,2025-11-23,CLIENT FUNDING - RTGS,,126049,-5832602.0,TXN-0004749
2025-11-20,2025-11-22,MISC ADJUSTMENT,,29993,-5802609.0,TXN-0004750
2025-11-16,2025-11-18,CLIENT FUNDING - RTGS,,197367,-5605242.0,TXN-0004751
2025-11-17,2025-11-18,BANK / DP CHARGES,1045,,-5606287.0,TXN-0004752
2025-11-26,2025-11-28,CLIENT FUNDING - RTGS,,241347,-5364940.0,TXN-0004753
2025-11-26,2025-11-28,BANK / DP CHARGES,298,,-5365238.0,TXN-0004754
2025-11-21,2025-11-23,BROKERAGE / TRADE SETTLEMENT,107578,,-5472816.0,TXN-0004755
2025-11-26,2025-11-26,MISC ADJUSTMENT,,14902,-5457914.0,TXN-0004756
2025-11-17,2025-11-17,PAYOUT TO CLIENT,189155,,-5647069.0,TXN-0004757
2025-11-20,2025-11-21,MISC ADJUSTMENT,13152,,-5660221.0,TXN-0004758
2025-11-19,2025-11-21,PAYOUT TO CLIENT,41081,,-5701302.0,TXN-0004759
2025-11-29,2025-12-01,BROKERAGE / TRADE SETTLEMENT,37123,,-5738425.0,TXN-0004760
2025-11-26,2025-11-26,BROKERAGE / TRADE SETTLEMENT,110147,,-5848572.0,TXN-0004761
2025-11-22,2025-11-22,CLIENT FUNDING - RTGS,,55091,-5793481.0,TXN-0004762
2025-11-25,2025-11-25,MISC ADJUSTMENT,,17595,-5775886.0,TXN-0004763
2025-11-20,2025-11-21,MISC ADJUSTMENT,15215,,-5791101.0,TXN-0004764
2025-11-29,2025-11-30,PAYOUT TO CLIENT,183769,,-5974870.0,TXN-0004765
2025-11-23,2025-11-23,BROKERAGE / TRADE SETTLEMENT,103909,,-6078779.0,TXN-0004766
2025-11-16,2025-11-18,MISC ADJUSTMENT,,27721,-6051058.0,TXN-0004767
2025-11-24,2025-11-25,PAYOUT TO CLIENT,25783,,-6076841.0,TXN-0004768
2025-11-29,2025-12-01,CLIENT FUNDING - RTGS,,279696,-5797145.0,TXN-0004769
2025-11-25,2025-11-25,BROKERAGE / TRADE SETTLEMENT,33505,,-5830650.0,TXN-0004770
2025-11-16,2025-11-16,CLIENT FUNDING - RTGS,,143744,-5686906.0,TXN-0004771
2025-11-18,2025-11-18,PAYOUT TO CLIENT,170814,,-5857720.0,TXN-0004772
2025-11-18,2025-11-18,MISC ADJUSTMENT,42311,,-5900031.0,TXN-0004773
2025-11-17,2025-11-17,BANK / DP CHARGES,1219,,-5901250.0,TXN-0004774
2025-11-21,2025-11-22,PAYOUT TO CLIENT,191073,,-6092323.0,TXN-0004775
2025-11-21,2025-11-21,BANK / DP CHARGES,1692,,-6094015.0,TXN-0004776
2025-11-21,2025-11-21,PAYOUT TO CLIENT,156923,,-6250938.0,TXN-0004777
2025-11-25,2025-11-26,CLIENT FUNDING - RTGS,,122007,-6128931.0,TXN-0004778
2025-11-20,2025-11-21,BROKERAGE / TRADE SETTLEMENT,149389,,-6278320.0,TXN-0004779
2025-11-15,2025-11-15,CLIENT FUNDING - RTGS,,89601,-6188719.0,TXN-0004780
2025-11-25,2025-11-25,BANK / DP CHARGES,1651,,-6190370.0,TXN-0004781
2025-11-15,2025-11-15,BROKERAGE / TRADE SETTLEMENT,113823,,-6304193.0,TXN-0004782
2025-11-20,2025-11-20,MISC ADJUSTMENT,,23653,-6280540.0,TXN-0004783
2025-11-17,2025-11-19,BROKERAGE / TRADE SETTLEMENT,110694,,-6391234.0,TXN-0004784
2025-11-19,2025-11-19,PAYOUT TO CLIENT,127778,,-6519012.0,TXN-0004785
2025-11-27,2025-11-29,PAYOUT TO CLIENT,150427,,-6669439.0,TXN-0004786
2025-11-24,2025-11-26,BANK / DP CHARGES,1118,,-6670557.0,TXN-0004787
2025-11-22,2025-11-22,BANK / DP CHARGES,122,,-6670679.0,TXN-0004788
2025-11-17,2025-11-19,PAYOUT TO CLIENT,98294,,-6768973.0,TXN-0004789
2025-11-24,2025-11-24,BANK / DP CHARGES,721,,-6769694.0,TXN-0004790
2025-11-18,2025-11-20,BANK / DP CHARGES,756,,-6770450.0,TXN-0004791
2025-11-26,2025-11-26,BANK / DP CHARGES,450,,-6770900.0,TXN-0004792
2025-11-17,2025-11-17,PAYOUT TO CLIENT,102860,,-6873760.0,TXN-0004793
2025-11-16,2025-11-18,BANK / DP CHARGES,1320,,-6875080.0,TXN-0004794
2025-11-24,2025-11-24,CLIENT FUNDING - RTGS,,249836,-6625244.0,TXN-0004795
2025-11-15,2025-11-15,MISC ADJUSTMENT,,36303,-6588941.0,TXN-0004796
2025-11-29,2025-11-29,CLIENT FUNDING - RTGS,,284089,-6304852.0,TXN-0004797
2025-11-29,2025-11-29,PAYOUT TO CLIENT,64622,,-6369474.0,TXN-0004798
2025-11-20,2025-11-20,BANK / DP CHARGES,864,,-6370338.0,TXN-0004799
2025-11-27,2025-11-28,BROKERAGE / TRADE SETTLEMENT,121703,,-6492041.0,TXN-0004800
2025-11-15,2025-11-15,BANK / DP CHARGES,1590,,-6493631.0,TXN-0004801
2025-11-26,2025-11-28,BROKERAGE / TRADE SETTLEMENT,64815,,-6558446.0,TXN-0004802
2025-11-29,2025-12-01,PAYOUT TO CLIENT,119687,,-6678133.0,TXN-0004803
2025-11-17,2025-11-18,BANK / DP CHARGES,289,,-6678422.0,TXN-0004804
2025-11-25,2025-11-25,BANK / DP CHARGES,1689,,-6680111.0,TXN-0004805
2025-11-16,2025-11-16,MISC ADJUSTMENT,41230,,-6721341.0,TXN-0004806
2025-11-21,2025-11-21,BANK / DP CHARGES,401,,-6721742.0,TXN-0004807
2025-11-20,2025-11-21,CLIENT FUNDING - RTGS,,191974,-6529768.0,TXN-0004808
2025-11-18,2025-11-20,MISC ADJUSTMENT,34836,,-6564604.0,TXN-0004809
2025-11-16,2025-11-18,BROKERAGE / TRADE SETTLEMENT,13326,,-6577930.0,TXN-0004810
2025-11-25,2025-11-26,BANK / DP CHARGES,721,,-6578651.0,TXN-0004811
2025-11-21,2025-11-21,BANK / DP CHARGES,236,,-6578887.0,TXN-0004812
2025-11-25,2025-11-25,MISC ADJUSTMENT,,25808,-6553079.0,TXN-0004813
2025-11-28,2025-11-28,BANK / DP CHARGES,1915,,-6554994.0,TXN-0004814
2025-11-17,2025-11-17,PAYOUT TO CLIENT,88990,,-6643984.0,TXN-0004815
2025-11-27,2025-11-27,MISC ADJUSTMENT,16447,,-6660431.0,TXN-0004816
2025-11-22,2025-11-23,BROKERAGE / TRADE SETTLEMENT,78234,,-6738665.0,TXN-0004817
2025-11-17,2025-11-19,BROKERAGE / TRADE SETTLEMENT,70042,,-6808707.0,TXN-0004818
2025-11-22,2025-11-23,MISC ADJUSTMENT,22968,,-6831675.0,TXN-0004819
2025-11-26,2025-11-26,CLIENT FUNDING - RTGS,,193343,-6638332.0,TXN-0004820
2025-11-21,2025-11-22,PAYOUT TO CLIENT,130977,,-6769309.0,TXN-0004821
2025-11-27,2025-11-27,CLIENT FUNDING - RTGS,,271160,-6498149.0,TXN-0004822
2025-11-29,2025-11-29,BANK / DP CHARGES,822,,-6498971.0,TXN-0004823
2025-11-23,2025-11-23,BANK / DP CHARGES,392,,-6499363.0,TXN-0004824
2025-11-20,2025-11-22,CLIENT FUNDING - RTGS,,157301,-6342062.0,TXN-0004825
2025-11-21,2025-11-21,PAYOUT TO CLIENT,98887,,-6440949.0,TXN-0004826
2025-11-29,2025-11-29,CLIENT FUNDING - RTGS,,277725,-6163224.0,TXN-0004827
2025-11-23,2025-11-25,BANK / DP CHARGES,1550,,-6164774.0,TXN-0004828
2025-11-26,2025-11-27,CLIENT FUNDING - RTGS,,80939,-6083835.0,TXN-0004829
2025-11-26,2025-11-26,BROKERAGE / TRADE SETTLEMENT,64341,,-6148176.0,TXN-0004830
2025-11-24,2025-11-25,CLIENT FUNDING - RTGS,,177020,-5971156.0,TXN-0004831
2025-11-25,2025-11-27,MISC ADJUSTMENT,8482,,-5979638.0,TXN-0004832
2025-11-26,2025-11-27,BROKERAGE / TRADE SETTLEMENT,145400,,-6125038.0,TXN-0004833
2025-11-22,2025-11-22,CLIENT FUNDING - RTGS,,184974,-5940064.0,TXN-0004834
2025-11-25,2025-11-25,BROKERAGE / TRADE SETTLEMENT,121209,,-6061273.0,TXN-0004835
2025-11-24,2025-11-24,PAYOUT TO CLIENT,56183,,-6117456.0,TXN-0004836
2025-11-24,2025-11-24,MISC ADJUSTMENT,37937,,-6155393.0,TXN-0004837
2025-11-29,2025-11-29,CLIENT FUNDING - RTGS,,232288,-5923105.0,TXN-0004838
2025-11-28,2025-11-29,BANK / DP CHARGES,1666,,-5924771.0,TXN-0004839
2025-11-20,2025-11-22,CLIENT FUNDING - RTGS,,152550,-5772221.0,TXN-0004840
2025-11-24,2025-11-24,MISC ADJUSTMENT,,31684,-5740537.0,TXN-0004841
2025-11-22,2025-11-24,BANK / DP CHARGES,420,,-5740957.0,TXN-0004842
2025-11-26,2025-11-26,MISC ADJUSTMENT,,9484,-5731473.0,TXN-0004843
2025-11-28,2025-11-30,BROKERAGE / TRADE SETTLEMENT,10463,,-5741936.0,TXN-0004844
2025-11-15,2025-11-15,CLIENT FUNDING - RTGS,,246384,-5495552.0,TXN-0004845
2025-11-18,2025-11-18,BROKERAGE / TRADE SETTLEMENT,129780,,-5625332.0,TXN-0004846
2025-11-16,2025-11-18,MISC ADJUSTMENT,31174,,-5656506.0,TXN-0004847
2025-11-21,2025-11-21,BROKERAGE / TRADE SETTLEMENT,83033,,-5739539.0,TXN-0004848
2025-11-20,2025-11-21,CLIENT FUNDING - RTGS,,159515,-5580024.0,TXN-0004849
2025-11-22,2025-11-24,BROKERAGE / TRADE SETTLEMENT,129844,,-5709868.0,TXN-0004850
2025-11-24,2025-11-25,CLIENT FUNDING - RTGS,,151853,-5558015.0,TXN-0004851
2025-11-29,2025-11-30,BANK / DP CHARGES,618,,-5558633.0,TXN-0004852
2025-11-20,2025-11-21,BANK / DP CHARGES,159,,-5558792.0,TXN-0004853
2025-11-17,2025-11-17,BROKERAGE / TRADE SETTLEMENT,106843,,-5665635.0,TXN-0004854
2025-11-24,2025-11-26,PAYOUT TO CLIENT,98229,,-5763864.0,TXN-0004855
2025-11-18,2025-11-18,BANK / DP CHARGES,1824,,-5765688.0,TXN-0004856
2025-11-20,2025-11-20,BROKERAGE / TRADE SETTLEMENT,119574,,-5885262.0,TXN-0004857
2025-11-26,2025-11-27,BROKERAGE / TRADE SETTLEMENT,68163,,-5953425.0,TXN-0004858
2025-11-19,2025-11-21,BANK / DP CHARGES,544,,-5953969.0,TXN-0004859
2025-11-21,2025-11-21,MISC ADJUSTMENT,,28600,-5925369.0,TXN-0004860
2025-11-17,2025-11-19,CLIENT FUNDING - RTGS,,292788,-5632581.0,TXN-0004861
2025-11-29,2025-11-29,PAYOUT TO CLIENT,68525,,-5701106.0,TXN-0004862
2025-11-22,2025-11-22,BANK / DP CHARGES,1196,,-5702302.0,TXN-0004863
2025-11-27,2025-11-27,BANK / DP CHARGES,585,,-5702887.0,TXN-0004864
2025-11-19,2025-11-19,CLIENT FUNDING - RTGS,,55184,-5647703.0,TXN-0004865
2025-11-16,2025-11-18,CLIENT FUNDING - RTGS,,78152,-5569551.0,TXN-0004866
2025-11-28,2025-11-28,BANK / DP CHARGES,393,,-5569944.0,TXN-0004867
2025-11-20,2025-11-21,CLIENT FUNDING - RTGS,,107813,-5462131.0,TXN-0004868
2025-11-21,2025-11-21,PAYOUT TO CLIENT,141706,,-5603837.0,TXN-0004869
2025-11-16,2025-11-16,MISC ADJUSTMENT,30391,,-5634228.0,TXN-0004870
2025-11-19,2025-11-19,BANK / DP CHARGES,1133,,-5635361.0,TXN-0004871
2025-11-22,2025-11-23,BROKERAGE / TRADE SETTLEMENT,66275,,-5701636.0,TXN-0004872
2025-11-17,2025-11-17,BANK / DP CHARGES,1881,,-5703517.0,TXN-0004873
2025-11-17,2025-11-18,BROKERAGE / TRADE SETTLEMENT,142285,,-5845802.0,TXN-0004874
2025-11-16,2025-11-18,PAYOUT TO CLIENT,142435,,-5988237.0,TXN-0004875
2025-11-29,2025-12-01,BANK / DP CHARGES,360,,-5988597.0,TXN-0004876
2025-11-21,2025-11-21,PAYOUT TO CLIENT,96767,,-6085364.0,TXN-0004877
2025-11-16,2025-11-16,BANK / DP CHARGES,800,,-6086164.0,TXN-0004878
2025-11-22,2025-11-24,BANK / DP CHARGES,274,,-6086438.0,TXN-0004879
2025-11-25,2025-11-25,BANK / DP CHARGES,626,,-6087064.0,TXN-0004880
2025-11-17,2025-11-17,CLIENT FUNDING - RTGS,,254775,-5832289.0,TXN-0004881
2025-11-23,2025-11-23,BANK / DP CHARGES,454,,-5832743.0,TXN-0004882
2025-11-26,2025-11-26,BROKERAGE / TRADE SETTLEMENT,90721,,-5923464.0,TXN-0004883
2025-11-17,2025-11-18,PAYOUT TO CLIENT,141215,,-6064679.0,TXN-0004884
2025-11-24,2025-11-24,MISC ADJUSTMENT,,12812,-6051867.0,TXN-0004885
2025-11-28,2025-11-28,BROKERAGE / TRADE SETTLEMENT,108708,,-6160575.0,TXN-0004886
2025-11-17,2025-11-19,PAYOUT TO CLIENT,143130,,-6303705.0,TXN-0004887
2025-11-26,2025-11-26,PAYOUT TO CLIENT,138114,,-6441819.0,TXN-0004888
2025-11-18,2025-11-19,BROKERAGE / TRADE SETTLEMENT,75818,,-6517637.0,TXN-0004889
2025-11-16,2025-11-17,PAYOUT TO CLIENT,50627,,-6568264.0,TXN-0004890
2025-11-21,2025-11-23,CLIENT FUNDING - RTGS,,77025,-6491239.0,TXN-0004891
2025-11-22,2025-11-22,CLIENT FUNDING - RTGS,,175416,-6315823.0,TXN-0004892
2025-11-22,2025-11-23,PAYOUT TO CLIENT,49667,,-6365490.0,TXN-0004893
2025-11-15,2025-11-16,PAYOUT TO CLIENT,20080,,-6385570.0,TXN-0004894
2025-11-16,2025-11-18,PAYOUT TO CLIENT,128898,,-6514468.0,TXN-0004895
2025-11-28,2025-11-28,MISC ADJUSTMENT,,5328,-6509140.0,TXN-0004896
2025-11-15,2025-11-15,CLIENT FUNDING - RTGS,,77146,-6431994.0,TXN-0004897
2025-11-20,2025-11-21,MISC ADJUSTMENT,,47136,-6384858.0,TXN-0004898
2025-11-29,2025-11-30,BROKERAGE / TRADE SETTLEMENT,85669,,-6470527.0,TXN-0004899
2025-11-15,2025-11-17,BANK / DP CHARGES,1662,,-6472189.0,TXN-0004900
2025-11-28,2025-11-29,CLIENT FUNDING - RTGS,,110639,-6361550.0,TXN-0004901
2025-11-15,2025-11-16,BANK / DP CHARGES,423,,-6361973.0,TXN-0004902
2025-11-28,2025-11-29,BANK / DP CHARGES,150,,-6362123.0,TXN-0004903
2025-11-16,2025-11-16,PAYOUT TO CLIENT,94662,,-6456785.0,TXN-0004904
2025-11-17,2025-11-17,CLIENT FUNDING - RTGS,,69424,-6387361.0,TXN-0004905
2025-11-19,2025-11-19,BROKERAGE / TRADE SETTLEMENT,109479,,-6496840.0,TXN-0004906
2025-11-22,2025-11-22,MISC ADJUSTMENT,,29801,-6467039.0,TXN-0004907
2025-11-27,2025-11-28,BANK / DP CHARGES,882,,-6467921.0,TXN-0004908
2025-11-21,2025-11-22,PAYOUT TO CLIENT,62632,,-6530553.0,TXN-0004909
2025-11-18,2025-11-18,BANK / DP CHARGES,950,,-6531503.0,TXN-0004910
2025-11-28,2025-11-28,MISC ADJUSTMENT,,26861,-6504642.0,TXN-0004911
2025-11-15,2025-11-17,BANK / DP CHARGES,1184,,-6505826.0,TXN-0004912
2025-11-16,2025-11-17,PAYOUT TO CLIENT,184543,,-6690369.0,TXN-0004913
2025-11-19,2025-11-19,BROKERAGE / TRADE SETTLEMENT,85393,,-6775762.0,TXN-0004914
2025-11-21,2025-11-21,MISC ADJUSTMENT,,20195,-6755567.0,TXN-0004915
2025-11-16,2025-11-18,MISC ADJUSTMENT,,35467,-6720100.0,TXN-0004916
2025-11-18,2025-11-18,MISC ADJUSTMENT,48982,,-6769082.0,TXN-0004917
2025-11-19,2025-11-19,MISC ADJUSTMENT,49781,,-6818863.0,TXN-0004918
2025-11-24,2025-11-24,MISC ADJUSTMENT,30137,,-6849000.0,TXN-0004919
2025-11-24,2025-11-24,BROKERAGE / TRADE SETTLEMENT,52594,,-6901594.0,TXN-0004920
2025-11-17,2025-11-17,CLIENT FUNDING - RTGS,,130059,-6771535.0,TXN-0004921
2025-11-18,2025-11-18,BROKERAGE / TRADE SETTLEMENT,76303,,-6847838.0,TXN-0004922
2025-11-29,2025-11-29,CLIENT FUNDING - RTGS,,196464,-6651374.0,TXN-0004923
2025-11-24,2025-11-25,BANK / DP CHARGES,624,,-6651998.0,TXN-0004924
2025-11-23,2025-11-24,BANK / DP CHARGES,1072,,-6653070.0,TXN-0004925
2025-11-16,2025-11-18,CLIENT FUNDING - RTGS,,111559,-6541511.0,TXN-0004926
2025-11-28,2025-11-28,BANK / DP CHARGES,256,,-6541767.0,TXN-0004927
2025-11-17,2025-11-17,MISC ADJUSTMENT,,11876,-6529891.0,TXN-0004928
2025-11-22,2025-11-23,BROKERAGE / TRADE SETTLEMENT,41963,,-6571854.0,TXN-0004929
2025-11-22,2025-11-22,BROKERAGE / TRADE SETTLEMENT,96579,,-6668433.0,TXN-0004930
2025-11-27,2025-11-28,BANK / DP CHARGES,961,,-6669394.0,TXN-0004931
2025-11-22,2025-11-22,PAYOUT TO CLIENT,100318,,-6769712.0,TXN-0004932
2025-11-18,2025-11-18,BROKERAGE / TRADE SETTLEMENT,55824,,-6825536.0,TXN-0004933
2025-11-19,2025-11-21,BROKERAGE / TRADE SETTLEMENT,105184,,-6930720.0,TXN-0004934
2025-11-18,2025-11-19,CLIENT FUNDING - RTGS,,215254,-6715466.0,TXN-0004935
2025-11-20,2025-11-22,CLIENT FUNDING - RTGS,,121745,-6593721.0,TXN-0004936
2025-11-24,2025-11-26,BANK / DP CHARGES,801,,-6594522.0,TXN-0004937
2025-11-20,2025-11-22,PAYOUT TO CLIENT,48276,,-6642798.0,TXN-0004938
2025-11-20,2025-11-20,CLIENT FUNDING - RTGS,,85674,-6557124.0,TXN-0004939
2025-11-26,2025-11-26,CLIENT FUNDING - RTGS,,281496,-6275628.0,TXN-0004940
2025-11-26,2025-11-26,CLIENT FUNDING - RTGS,,278948,-5996680.0,TXN-0004941
2025-11-27,2025-11-27,BANK / DP CHARGES,938,,-5997618.0,TXN-0004942
2025-11-21,2025-11-21,MISC ADJUSTMENT,,29589,-5968029.0,TXN-0004943
2025-11-28,2025-11-28,BANK / DP CHARGES,238,,-5968267.0,TXN-0004944
2025-11-19,2025-11-19,MISC ADJUSTMENT,11842,,-5980109.0,TXN-0004945
2025-11-28,2025-11-30,CLIENT FUNDING - RTGS,,202291,-5777818.0,TXN-0004946
2025-11-21,2025-11-21,BANK / DP CHARGES,1844,,-5779662.0,TXN-0004947
2025-11-21,2025-11-23,MISC ADJUSTMENT,9140,,-5788802.0,TXN-0004948
2025-11-18,2025-11-18,BROKERAGE / TRADE SETTLEMENT,86924,,-5875726.0,TXN-0004949
2025-11-16,2025-11-18,CLIENT FUNDING - RTGS,,116001,-5759725.0,TXN-0004950
2025-11-23,2025-11-23,PAYOUT TO CLIENT,97678,,-5857403.0,TXN-0004951
2025-11-15,2025-11-15,CLIENT FUNDING - RTGS,,156100,-5701303.0,TXN-0004952
2025-11-26,2025-11-28,MISC ADJUSTMENT,,19512,-5681791.0,TXN-0004953
2025-11-17,2025-11-17,BROKERAGE / TRADE SETTLEMENT,100464,,-5782255.0,TXN-0004954
2025-11-15,2025-11-16,MISC ADJUSTMENT,34713,,-5816968.0,TXN-0004955
2025-11-21,2025-11-22,PAYOUT TO CLIENT,59380,,-5876348.0,TXN-0004956
2025-11-22,2025-11-22,MISC ADJUSTMENT,13994,,-5890342.0,TXN-0004957
2025-11-20,2025-11-21,BANK / DP CHARGES,943,,-5891285.0,TXN-0004958
2025-11-17,2025-11-19,CLIENT FUNDING - RTGS,,160376,-5730909.0,TXN-0004959
2025-11-28,2025-11-30,CLIENT FUNDING - RTGS,,107068,-5623841.0,TXN-0004960
2025-11-19,2025-11-20,BROKERAGE / TRADE SETTLEMENT,124475,,-5748316.0,TXN-0004961
2025-11-20,2025-11-20,BANK / DP CHARGES,223,,-5748539.0,TXN-0004962
2025-11-23,2025-11-25,BANK / DP CHARGES,1435,,-5749974.0,TXN-0004963
2025-11-23,2025-11-24,BROKERAGE / TRADE SETTLEMENT,39549,,-5789523.0,TXN-0004964
2025-11-21,2025-11-21,PAYOUT TO CLIENT,61647,,-5851170.0,TXN-0004965
2025-11-19,2025-11-20,MISC ADJUSTMENT,12101,,-5863271.0,TXN-0004966
2025-11-27,2025-11-29,BROKERAGE / TRADE SETTLEMENT,146037,,-6009308.0,TXN-0004967
2025-11-27,2025-11-29,BANK / DP CHARGES,768,,-6010076.0,TXN-0004968
2025-11-25,2025-11-25,BROKERAGE / TRADE SETTLEMENT,55394,,-6065470.0,TXN-0004969
2025-11-29,2025-11-30,PAYOUT TO CLIENT,123550,,-6189020.0,TXN-0004970
2025-11-20,2025-11-20,MISC ADJUSTMENT,,21081,-6167939.0,TXN-0004971
2025-11-24,2025-11-25,BANK / DP CHARGES,557,,-6168496.0,TXN-0004972
2025-11-28,2025-11-29,BROKERAGE / TRADE SETTLEMENT,139090,,-6307586.0,TXN-0004973
2025-11-26,2025-11-26,MISC ADJUSTMENT,,20467,-6287119.0,TXN-0004974
2025-11-21,2025-11-23,CLIENT FUNDING - RTGS,,95719,-6191400.0,TXN-0004975
2025-11-24,2025-11-24,BANK / DP CHARGES,1003,,-6192403.0,TXN-0004976
2025-11-25,2025-11-26,PAYOUT TO CLIENT,151259,,-6343662.0,TXN-0004977
2025-11-19,2025-11-19,BROKERAGE / TRADE SETTLEMENT,144780,,-6488442.0,TXN-0004978
2025-11-19,2025-11-20,BANK / DP CHARGES,1328,,-6489770.0,TXN-0004979
2025-11-21,2025-11-22,BANK / DP CHARGES,1197,,-6490967.0,TXN-0004980
2025-11-22,2025-11-22,BANK / DP CHARGES,1071,,-6492038.0,TXN-0004981
2025-11-21,2025-11-21,BROKERAGE / TRADE SETTLEMENT,54852,,-6546890.0,TXN-0004982
2025-11-17,2025-11-19,BROKERAGE / TRADE SETTLEMENT,59104,,-6605994.0,TXN-0004983
2025-11-23,2025-11-23,MISC ADJUSTMENT,,40871,-6565123.0,TXN-0004984
2025-11-25,2025-11-25,MISC ADJUSTMENT,,42739,-6522384.0,TXN-0004985
2025-11-15,2025-11-17,BROKERAGE / TRADE SETTLEMENT,94105,,-6616489.0,TXN-0004986
2025-11-15,2025-11-15,PAYOUT TO CLIENT,92806,,-6709295.0,TXN-0004987
2025-11-27,2025-11-28,PAYOUT TO CLIENT,193842,,-6903137.0,TXN-0004988
2025-11-24,2025-11-25,PAYOUT TO CLIENT,196723,,-7099860.0,TXN-0004989
2025-11-27,2025-11-28,PAYOUT TO CLIENT,108854,,-7208714.0,TXN-0004990
2025-11-26,2025-11-27,BANK / DP CHARGES,1577,,-7210291.0,TXN-0004991
2025-11-17,2025-11-18,MISC ADJUSTMENT,,28816,-7181475.0,TXN-0004992
2025-11-16,2025-11-16,BROKERAGE / TRADE SETTLEMENT,88403,,-7269878.0,TXN-0004993
2025-11-22,2025-11-22,PAYOUT TO CLIENT,54166,,-7324044.0,TXN-0004994
2025-11-27,2025-11-29,PAYOUT TO CLIENT,150620,,-7474664.0,TXN-0004995
2025-11-16,2025-11-16,BROKERAGE / TRADE SETTLEMENT,93674,,-7568338.0,TXN-0004996
2025-11-24,2025-11-25,MISC ADJUSTMENT,43312,,-7611650.0,TXN-0004997
2025-11-26,2025-11-26,BANK / DP CHARGES,130,,-7611780.0,TXN-0004998
2025-11-26,2025-11-26,PAYOUT TO CLIENT,164506,,-7776286.0,TXN-0004999
2025-11-16,2025-11-17,MISC ADJUSTMENT,,42132,-7734154.0,TXN-0005000
2025-11-24,2025-11-26,PAYOUT TO CLIENT,30024,,-7764178.0,TXN-0005001
2025-11-28,2025-11-28,CLIENT FUNDING - RTGS,,274091,-7490087.0,TXN-0005002
2025-11-15,2025-11-15,CLIENT FUNDING - RTGS,,84351,-7405736.0,TXN-0005003
2025-11-28,2025-11-30,BANK / DP CHARGES,778,,-7406514.0,TXN-0005004
2025-11-16,2025-11-16,CLIENT FUNDING - RTGS,,282119,-7124395.0,TXN-0005005
2025-11-20,2025-11-20,PAYOUT TO CLIENT,25396,,-7149791.0,TXN-0005006
2025-11-22,2025-11-24,BANK / DP CHARGES,1902,,-7151693.0,TXN-0005007
2025-11-20,2025-11-21,BROKERAGE / TRADE SETTLEMENT,138210,,-7289903.0,TXN-0005008
2025-11-29,2025-11-29,MISC ADJUSTMENT,,33580,-7256323.0,TXN-0005009
2025-11-16,2025-11-18,PAYOUT TO CLIENT,184754,,-7441077.0,TXN-0005010
2025-11-23,2025-11-23,BANK / DP CHARGES,1392,,-7442469.0,TXN-0005011
2025-11-19,2025-11-19,CLIENT FUNDING - RTGS,,56060,-7386409.0,TXN-0005012
2025-11-27,2025-11-28,BROKERAGE / TRADE SETTLEMENT,32843,,-7419252.0,TXN-0005013
2025-11-22,2025-11-22,MISC ADJUSTMENT,,6728,-7412524.0,TXN-0005014
2025-11-24,2025-11-24,BANK / DP CHARGES,976,,-7413500.0,TXN-0005015
2025-11-23,2025-11-23,CLIENT FUNDING - RTGS,,279907,-7133593.0,TXN-0005016
2025-11-22,2025-11-22,PAYOUT TO CLIENT,196168,,-7329761.0,TXN-0005017
2025-11-22,2025-11-22,BANK / DP CHARGES,405,,-7330166.0,TXN-0005018
2025-11-27,2025-11-27,BANK / DP CHARGES,1757,,-7331923.0,TXN-0005019
2025-11-25,2025-11-27,BROKERAGE / TRADE SETTLEMENT,143365,,-7475288.0,TXN-0005020
2025-11-22,2025-11-23,BANK / DP CHARGES,119,,-7475407.0,TXN-0005021
2025-11-24,2025-11-26,BANK / DP CHARGES,943,,-7476350.0,TXN-0005022
2025-11-26,2025-11-27,BROKERAGE / TRADE SETTLEMENT,113143,,-7589493.0,TXN-0005023
2025-11-28,2025-11-28,PAYOUT TO CLIENT,135504,,-7724997.0,TXN-0005024
2025-11-26,2025-11-28,MISC ADJUSTMENT,30343,,-7755340.0,TXN-0005025
2025-11-27,2025-11-28,PAYOUT TO CLIENT,72365,,-7827705.0,TXN-0005026
2025-11-21,2025-11-21,PAYOUT TO CLIENT,107062,,-7934767.0,TXN-0005027
2025-11-26,2025-11-28,PAYOUT TO CLIENT,100534,,-8035301.0,TXN-0005028
2025-11-25,2025-11-26,CLIENT FUNDING - RTGS,,159469,-7875832.0,TXN-0005029
2025-11-23,2025-11-25,CLIENT FUNDING - RTGS,,291032,-7584800.0,TXN-0005030
2025-11-20,2025-11-22,PAYOUT TO CLIENT,94930,,-7679730.0,TXN-0005031
2025-11-29,2025-11-29,BANK / DP CHARGES,921,,-7680651.0,TXN-0005032
2025-11-27,2025-11-27,BANK / DP CHARGES,1559,,-7682210.0,TXN-0005033
2025-11-29,2025-11-29,CLIENT FUNDING - RTGS,,215119,-7467091.0,TXN-0005034
2025-11-23,2025-11-24,CLIENT FUNDING - RTGS,,295200,-7171891.0,TXN-0005035
2025-11-18,2025-11-18,CLIENT FUNDING - RTGS,,265024,-6906867.0,TXN-0005036
2025-11-21,2025-11-23,BROKERAGE / TRADE SETTLEMENT,146928,,-7053795.0,TXN-0005037
2025-11-29,2025-12-01,MISC ADJUSTMENT,,24683,-7029112.0,TXN-0005038
2025-11-26,2025-11-26,PAYOUT TO CLIENT,162965,,-7192077.0,TXN-0005039
2025-11-17,2025-11-19,CLIENT FUNDING - RTGS,,96824,-7095253.0,TXN-0005040
2025-11-24,2025-11-25,CLIENT FUNDING - RTGS,,268266,-6826987.0,TXN-0005041
2025-11-28,2025-11-28,BANK / DP CHARGES,1129,,-6828116.0,TXN-0005042
2025-11-24,2025-11-25,BANK / DP CHARGES,1220,,-6829336.0,TXN-0005043
2025-11-24,2025-11-26,PAYOUT TO CLIENT,35952,,-6865288.0,TXN-0005044
2025-11-22,2025-11-22,PAYOUT TO CLIENT,158847,,-7024135.0,TXN-0005045
2025-11-20,2025-11-22,BROKERAGE / TRADE SETTLEMENT,103981,,-7128116.0,TXN-0005046
2025-11-16,2025-11-16,PAYOUT TO CLIENT,98217,,-7226333.0,TXN-0005047
2025-11-22,2025-11-24,CLIENT FUNDING - RTGS,,159995,-7066338.0,TXN-0005048
2025-11-29,2025-12-01,BROKERAGE / TRADE SETTLEMENT,12079,,-7078417.0,TXN-0005049
2025-11-25,2025-11-27,BANK / DP CHARGES,562,,-7078979.0,TXN-0005050
2025-11-23,2025-11-25,BROKERAGE / TRADE SETTLEMENT,83227,,-7162206.0,TXN-0005051
2025-11-27,2025-11-29,BROKERAGE / TRADE SETTLEMENT,71832,,-7234038.0,TXN-0005052
2025-11-18,2025-11-20,CLIENT FUNDING - RTGS,,127485,-7106553.0,TXN-0005053
2025-11-19,2025-11-19,CLIENT FUNDING - RTGS,,231555,-6874998.0,TXN-0005054
2025-11-29,2025-11-29,BROKERAGE / TRADE SETTLEMENT,38177,,-6913175.0,TXN-0005055
2025-11-25,2025-11-25,BROKERAGE / TRADE SETTLEMENT,82019,,-6995194.0,TXN-0005056
2025-11-15,2025-11-15,MISC ADJUSTMENT,,29464,-6965730.0,TXN-0005057
2025-11-22,2025-11-22,MISC ADJUSTMENT,26924,,-6992654.0,TXN-0005058
2025-11-22,2025-11-22,PAYOUT TO CLIENT,28192,,-7020846.0,TXN-0005059
2025-11-26,2025-11-27,MISC ADJUSTMENT,,12373,-7008473.0,TXN-0005060
2025-11-26,2025-11-27,CLIENT FUNDING - RTGS,,170533,-6837940.0,TXN-0005061
2025-11-20,2025-11-20,CLIENT FUNDING - RTGS,,166955,-6670985.0,TXN-0005062
2025-11-23,2025-11-23,PAYOUT TO CLIENT,34047,,-6705032.0,TXN-0005063
2025-11-20,2025-11-20,MISC ADJUSTMENT,14395,,-6719427.0,TXN-0005064
2025-11-16,2025-11-18,MISC ADJUSTMENT,,25096,-6694331.0,TXN-0005065
2025-11-19,2025-11-20,PAYOUT TO CLIENT,88000,,-6782331.0,TXN-0005066
2025-11-24,2025-11-25,CLIENT FUNDING - RTGS,,118105,-6664226.0,TXN-0005067
2025-11-25,2025-11-27,PAYOUT TO CLIENT,141159,,-6805385.0,TXN-0005068
2025-11-16,2025-11-16,BROKERAGE / TRADE SETTLEMENT,101875,,-6907260.0,TXN-0005069
2025-11-22,2025-11-22,BROKERAGE / TRADE SETTLEMENT,42666,,-6949926.0,TXN-0005070
2025-11-21,2025-11-22,BANK / DP CHARGES,1126,,-6951052.0,TXN-0005071
2025-11-27,2025-11-27,BANK / DP CHARGES,1362,,-6952414.0,TXN-0005072
2025-11-19,2025-11-19,PAYOUT TO CLIENT,176448,,-7128862.0,TXN-0005073
2025-11-22,2025-11-23,CLIENT FUNDING - RTGS,,141067,-6987795.0,TXN-0005074
2025-11-17,2025-11-17,MISC ADJUSTMENT,,10799,-6976996.0,TXN-0005075
2025-11-29,2025-11-29,MISC ADJUSTMENT,40472,,-7017468.0,TXN-0005076
2025-11-29,2025-12-01,CLIENT FUNDING - RTGS,,90493,-6926975.0,TXN-0005077
2025-11-29,2025-11-29,PAYOUT TO CLIENT,60595,,-6987570.0,TXN-0005078
2025-11-29,2025-12-01,CLIENT FUNDING - RTGS,,166448,-6821122.0,TXN-0005079
2025-11-24,2025-11-24,BROKERAGE / TRADE SETTLEMENT,99503,,-6920625.0,TXN-0005080
2025-11-20,2025-11-20,CLIENT FUNDING - RTGS,,210279,-6710346.0,TXN-0005081
2025-11-28,2025-11-30,BROKERAGE / TRADE SETTLEMENT,48159,,-6758505.0,TXN-0005082
2025-11-16,2025-11-18,BROKERAGE / TRADE SETTLEMENT,49308,,-6807813.0,TXN-0005083
2025-11-18,2025-11-18,CLIENT FUNDING - RTGS,,239246,-6568567.0,TXN-0005084
2025-11-27,2025-11-27,MISC ADJUSTMENT,32797,,-6601364.0,TXN-0005085
2025-11-25,2025-11-27,MISC ADJUSTMENT,41222,,-6642586.0,TXN-0005086
2025-11-25,2025-11-27,BROKERAGE / TRADE SETTLEMENT,116193,,-6758779.0,TXN-0005087
2025-11-26,2025-11-27,PAYOUT TO CLIENT,69726,,-6828505.0,TXN-0005088
2025-11-21,2025-11-21,MISC ADJUSTMENT,10527,,-6839032.0,TXN-0005089
2025-11-17,2025-11-19,BANK / DP CHARGES,845,,-6839877.0,TXN-0005090
2025-11-16,2025-11-16,BROKERAGE / TRADE SETTLEMENT,70700,,-6910577.0,TXN-0005091
2025-11-16,2025-11-16,CLIENT FUNDING - RTGS,,63644,-6846933.0,TXN-0005092
2025-11-16,2025-11-17,CLIENT FUNDING - RTGS,,294485,-6552448.0,TXN-0005093
2025-11-23,2025-11-25,BROKERAGE / TRADE SETTLEMENT,138202,,-6690650.0,TXN-0005094
2025-11-21,2025-11-23,BANK / DP CHARGES,1429,,-6692079.0,TXN-0005095
2025-11-29,2025-11-30,CLIENT FUNDING - RTGS,,151038,-6541041.0,TXN-0005096
2025-11-17,2025-11-18,BROKERAGE / TRADE SETTLEMENT,50330,,-6591371.0,TXN-0005097
2025-11-23,2025-11-23,CLIENT FUNDING - RTGS,,193036,-6398335.0,TXN-0005098
2025-11-27,2025-11-29,PAYOUT TO CLIENT,137106,,-6535441.0,TXN-0005099
2025-11-18,2025-11-19,CLIENT FUNDING - RTGS,,195137,-6340304.0,TXN-0005100
2025-11-16,2025-11-16,PAYOUT TO CLIENT,142933,,-6483237.0,TXN-0005101
2025-11-15,2025-11-15,BROKERAGE / TRADE SETTLEMENT,113260,,-6596497.0,TXN-0005102
2025-11-24,2025-11-24,BANK / DP CHARGES,637,,-6597134.0,TXN-0005103
2025-11-26,2025-11-26,BROKERAGE / TRADE SETTLEMENT,141066,,-6738200.0,TXN-0005104
2025-11-28,2025-11-30,BANK / DP CHARGES,1695,,-6739895.0,TXN-0005105
2025-11-21,2025-11-23,BANK / DP CHARGES,118,,-6740013.0,TXN-0005106
2025-11-20,2025-11-20,BANK / DP CHARGES,196,,-6740209.0,TXN-0005107
2025-11-26,2025-11-26,MISC ADJUSTMENT,,44200,-6696009.0,TXN-0005108
2025-11-23,2025-11-25,MISC ADJUSTMENT,,30545,-6665464.0,TXN-0005109
2025-11-26,2025-11-27,BROKERAGE / TRADE SETTLEMENT,121879,,-6787343.0,TXN-0005110
2025-11-16,2025-11-16,MISC ADJUSTMENT,,33485,-6753858.0,TXN-0005111
2025-11-21,2025-11-21,MISC ADJUSTMENT,43777,,-6797635.0,TXN-0005112
2025-11-28,2025-11-28,PAYOUT TO CLIENT,25966,,-6823601.0,TXN-0005113
2025-11-16,2025-11-16,BROKERAGE / TRADE SETTLEMENT,10154,,-6833755.0,TXN-0005114
2025-11-17,2025-11-19,BROKERAGE / TRADE SETTLEMENT,63732,,-6897487.0,TXN-0005115
2025-11-16,2025-11-17,PAYOUT TO CLIENT,90994,,-6988481.0,TXN-0005116
2025-11-23,2025-11-24,CLIENT FUNDING - RTGS,,101009,-6887472.0,TXN-0005117
2025-11-25,2025-11-25,BROKERAGE / TRADE SETTLEMENT,111665,,-6999137.0,TXN-0005118
2025-11-27,2025-11-27,CLIENT FUNDING - RTGS,,64162,-6934975.0,TXN-0005119
2025-11-25,2025-11-26,PAYOUT TO CLIENT,171726,,-7106701.0,TXN-0005120
2025-11-22,2025-11-24,BANK / DP CHARGES,1997,,-7108698.0,TXN-0005121
2025-11-19,2025-11-19,CLIENT FUNDING - RTGS,,182926,-6925772.0,TXN-0005122
2025-11-15,2025-11-16,CLIENT FUNDING - RTGS,,202545,-6723227.0,TXN-0005123
2025-11-16,2025-11-17,MISC ADJUSTMENT,25021,,-6748248.0,TXN-0005124
2025-11-21,2025-11-21,CLIENT FUNDING - RTGS,,133600,-6614648.0,TXN-0005125
2025-11-18,2025-11-19,MISC ADJUSTMENT,41864,,-6656512.0,TXN-0005126
2025-11-25,2025-11-25,PAYOUT TO CLIENT,143228,,-6799740.0,TXN-0005127
2025-11-19,2025-11-19,MISC ADJUSTMENT,,40667,-6759073.0,TXN-0005128
2025-11-23,2025-11-23,BANK / DP CHARGES,1740,,-6760813.0,TXN-0005129
2025-11-15,2025-11-17,BANK / DP CHARGES,1831,,-6762644.0,TXN-0005130
2025-11-26,2025-11-28,BANK / DP CHARGES,1500,,-6764144.0,TXN-0005131
2025-11-24,2025-11-26,MISC ADJUSTMENT,,42635,-6721509.0,TXN-0005132
2025-11-26,2025-11-28,PAYOUT TO CLIENT,175629,,-6897138.0,TXN-0005133
2025-11-26,2025-11-27,PAYOUT TO CLIENT,103156,,-7000294.0,TXN-0005134
2025-11-25,2025-11-25,PAYOUT TO CLIENT,44403,,-7044697.0,TXN-0005135
2025-11-27,2025-11-28,BROKERAGE / TRADE SETTLEMENT,111604,,-7156301.0,TXN-0005136
2025-11-21,2025-11-22,PAYOUT TO CLIENT,149007,,-7305308.0,TXN-0005137
2025-11-18,2025-11-20,MISC ADJUSTMENT,,43565,-7261743.0,TXN-0005138
2025-11-29,2025-11-29,BANK / DP CHARGES,1946,,-7263689.0,TXN-0005139
2025-11-28,2025-11-29,CLIENT FUNDING - RTGS,,228536,-7035153.0,TXN-0005140
2025-11-20,2025-11-20,BROKERAGE / TRADE SETTLEMENT,61356,,-7096509.0,TXN-0005141
2025-11-18,2025-11-18,PAYOUT TO CLIENT,36912,,-7133421.0,TXN-0005142
2025-11-17,2025-11-18,MISC ADJUSTMENT,,20389,-7113032.0,TXN-0005143
2025-11-27,2025-11-27,BANK / DP CHARGES,972,,-7114004.0,TXN-0005144
2025-11-26,2025-11-26,CLIENT FUNDING - RTGS,,182822,-6931182.0,TXN-0005145
2025-11-15,2025-11-17,MISC ADJUSTMENT,26646,,-6957828.0,TXN-0005146
2025-11-26,2025-11-27,PAYOUT TO CLIENT,66570,,-7024398.0,TXN-0005147
2025-11-26,2025-11-26,MISC ADJUSTMENT,,41344,-6983054.0,TXN-0005148
2025-11-23,2025-11-25,MISC ADJUSTMENT,,37393,-6945661.0,TXN-0005149
2025-11-24,2025-11-24,BROKERAGE / TRADE SETTLEMENT,71838,,-7017499.0,TXN-0005150
2025-11-18,2025-11-20,CLIENT FUNDING - RTGS,,293387,-6724112.0,TXN-0005151
2025-11-17,2025-11-17,CLIENT FUNDING - RTGS,,51096,-6673016.0,TXN-0005152
2025-11-24,2025-11-25,PAYOUT TO CLIENT,130611,,-6803627.0,TXN-0005153
2025-11-23,2025-11-24,CLIENT FUNDING - RTGS,,151180,-6652447.0,TXN-0005154
2025-11-26,2025-11-28,CLIENT FUNDING - RTGS,,72144,-6580303.0,TXN-0005155
2025-11-17,2025-11-17,BANK / DP CHARGES,1679,,-6581982.0,TXN-0005156
2025-11-29,2025-11-30,CLIENT FUNDING - RTGS,,194042,-6387940.0,TXN-0005157
2025-11-16,2025-11-17,PAYOUT TO CLIENT,164896,,-6552836.0,TXN-0005158
2025-11-29,2025-11-29,BROKERAGE / TRADE SETTLEMENT,37237,,-6590073.0,TXN-0005159
2025-11-24,2025-11-24,PAYOUT TO CLIENT,149883,,-6739956.0,TXN-0005160
2025-11-18,2025-11-19,CLIENT FUNDING - RTGS,,124227,-6615729.0,TXN-0005161
2025-11-20,2025-11-21,PAYOUT TO CLIENT,125768,,-6741497.0,TXN-0005162
2025-11-22,2025-11-23,BANK / DP CHARGES,1641,,-6743138.0,TXN-0005163
2025-11-19,2025-11-21,CLIENT FUNDING - RTGS,,58331,-6684807.0,TXN-0005164
2025-11-23,2025-11-23,CLIENT FUNDING - RTGS,,158005,-6526802.0,TXN-0005165
2025-11-21,2025-11-21,MISC ADJUSTMENT,49420,,-6576222.0,TXN-0005166
2025-11-17,2025-11-19,PAYOUT TO CLIENT,192347,,-6768569.0,TXN-0005167
2025-11-27,2025-11-27,MISC ADJUSTMENT,33545,,-6802114.0,TXN-0005168
2025-11-15,2025-11-15,CLIENT FUNDING - RTGS,,84166,-6717948.0,TXN-0005169
2025-11-19,2025-11-19,BROKERAGE / TRADE SETTLEMENT,137733,,-6855681.0,TXN-0005170
2025-11-16,2025-11-17,CLIENT FUNDING - RTGS,,77730,-6777951.0,TXN-0005171
2025-11-26,2025-11-28,MISC ADJUSTMENT,12564,,-6790515.0,TXN-0005172
2025-11-29,2025-11-29,CLIENT FUNDING - RTGS,,258648,-6531867.0,TXN-0005173
2025-11-16,2025-11-16,PAYOUT TO CLIENT,28541,,-6560408.0,TXN-0005174
2025-11-27,2025-11-27,PAYOUT TO CLIENT,39565,,-6599973.0,TXN-0005175
2025-11-24,2025-11-26,MISC ADJUSTMENT,25941,,-6625914.0,TXN-0005176
2025-11-23,2025-11-25,CLIENT FUNDING - RTGS,,277472,-6348442.0,TXN-0005177
2025-11-26,2025-11-27,BROKERAGE / TRADE SETTLEMENT,112594,,-6461036.0,TXN-0005178
2025-11-19,2025-11-19,PAYOUT TO CLIENT,131863,,-6592899.0,TXN-0005179
2025-11-23,2025-11-24,BANK / DP CHARGES,484,,-6593383.0,TXN-0005180
2025-11-24,2025-11-24,BANK / DP CHARGES,1535,,-6594918.0,TXN-0005181
2025-11-27,2025-11-27,CLIENT FUNDING - RTGS,,286996,-6307922.0,TXN-0005182
2025-11-20,2025-11-20,BROKERAGE / TRADE SETTLEMENT,46706,,-6354628.0,TXN-0005183
2025-11-20,2025-11-20,PAYOUT TO CLIENT,133079,,-6487707.0,TXN-0005184
2025-11-28,2025-11-28,CLIENT FUNDING - RTGS,,57619,-6430088.0,TXN-0005185
2025-11-24,2025-11-24,BROKERAGE / TRADE SETTLEMENT,112903,,-6542991.0,TXN-0005186
2025-11-21,2025-11-23,PAYOUT TO CLIENT,61641,,-6604632.0,TXN-0005187
2025-11-25,2025-11-26,BANK / DP CHARGES,1868,,-6606500.0,TXN-0005188
2025-11-26,2025-11-26,CLIENT FUNDING - RTGS,,278959,-6327541.0,TXN-0005189
2025-11-29,2025-11-30,CLIENT FUNDING - RTGS,,131212,-6196329.0,TXN-0005190
2025-11-20,2025-11-22,MISC ADJUSTMENT,11234,,-6207563.0,TXN-0005191
2025-11-22,2025-11-23,BROKERAGE / TRADE SETTLEMENT,37608,,-6245171.0,TXN-0005192
2025-11-20,2025-11-20,BANK / DP CHARGES,449,,-6245620.0,TXN-0005193
2025-11-23,2025-11-23,BROKERAGE / TRADE SETTLEMENT,89632,,-6335252.0,TXN-0005194
2025-11-20,2025-11-21,PAYOUT TO CLIENT,92461,,-6427713.0,TXN-0005195
2025-11-23,2025-11-23,BANK / DP CHARGES,650,,-6428363.0,TXN-0005196
2025-11-27,2025-11-29,BROKERAGE / TRADE SETTLEMENT,107859,,-6536222.0,TXN-0005197
2025-11-18,2025-11-19,BROKERAGE / TRADE SETTLEMENT,132946,,-6669168.0,TXN-0005198
2025-11-27,2025-11-27,CLIENT FUNDING - RTGS,,191743,-6477425.0,TXN-0005199
2025-11-28,2025-11-30,CLIENT FUNDING - RTGS,,145156,-6332269.0,TXN-0005200
2025-11-16,2025-11-18,PAYOUT TO CLIENT,76955,,-6409224.0,TXN-0005201
2025-11-16,2025-11-16,PAYOUT TO CLIENT,185293,,-6594517.0,TXN-0005202
2025-11-17,2025-11-17,BROKERAGE / TRADE SETTLEMENT,56888,,-6651405.0,TXN-0005203
2025-11-21,2025-11-23,CLIENT FUNDING - RTGS,,209394,-6442011.0,TXN-0005204
2025-11-27,2025-11-27,MISC ADJUSTMENT,,31654,-6410357.0,TXN-0005205
2025-11-17,2025-11-17,BROKERAGE / TRADE SETTLEMENT,29003,,-6439360.0,TXN-0005206
2025-11-21,2025-11-21,MISC ADJUSTMENT,25440,,-6464800.0,TXN-0005207
2025-11-19,2025-11-19,PAYOUT TO CLIENT,195081,,-6659881.0,TXN-0005208
2025-11-19,2025-11-19,PAYOUT TO CLIENT,60793,,-6720674.0,TXN-0005209
2025-11-27,2025-11-27,PAYOUT TO CLIENT,24230,,-6744904.0,TXN-0005210
2025-11-18,2025-11-19,PAYOUT TO CLIENT,104561,,-6849465.0,TXN-0005211
2025-11-29,2025-11-29,MISC ADJUSTMENT,,34379,-6815086.0,TXN-0005212
2025-11-24,2025-11-26,PAYOUT TO CLIENT,99120,,-6914206.0,TXN-0005213
2025-11-17,2025-11-19,BANK / DP CHARGES,1509,,-6915715.0,TXN-0005214
2025-11-17,2025-11-17,MISC ADJUSTMENT,,46615,-6869100.0,TXN-0005215
2025-11-25,2025-11-27,PAYOUT TO CLIENT,167996,,-7037096.0,TXN-0005216
2025-11-22,2025-11-23,MISC ADJUSTMENT,,40569,-6996527.0,TXN-0005217
2025-11-28,2025-11-29,MISC ADJUSTMENT,,18504,-6978023.0,TXN-0005218
2025-11-21,2025-11-22,BANK / DP CHARGES,1076,,-6979099.0,TXN-0005219
2025-11-15,2025-11-17,BANK / DP CHARGES,382,,-6979481.0,TXN-0005220
2025-11-26,2025-11-26,BROKERAGE / TRADE SETTLEMENT,81584,,-7061065.0,TXN-0005221
2025-11-19,2025-11-21,CLIENT FUNDING - RTGS,,140049,-6921016.0,TXN-0005222
2025-11-25,2025-11-25,PAYOUT TO CLIENT,161969,,-7082985.0,TXN-0005223
2025-11-20,2025-11-22,BROKERAGE / TRADE SETTLEMENT,77833,,-7160818.0,TXN-0005224
2025-11-17,2025-11-19,BANK / DP CHARGES,1413,,-7162231.0,TXN-0005225
2025-11-19,2025-11-19,BROKERAGE / TRADE SETTLEMENT,50171,,-7212402.0,TXN-0005226
2025-11-16,2025-11-18,BANK / DP CHARGES,867,,-7213269.0,TXN-0005227
2025-11-23,2025-11-23,MISC ADJUSTMENT,20089,,-7233358.0,TXN-0005228
2025-11-24,2025-11-25,PAYOUT TO CLIENT,116899,,-7350257.0,TXN-0005229
2025-11-21,2025-11-23,BANK / DP CHARGES,1475,,-7351732.0,TXN-0005230
2025-11-18,2025-11-19,PAYOUT TO CLIENT,178339,,-7530071.0,TXN-0005231
2025-11-15,2025-11-16,CLIENT FUNDING - RTGS,,223253,-7306818.0,TXN-0005232
2025-11-28,2025-11-28,BROKERAGE / TRADE SETTLEMENT,20628,,-7327446.0,TXN-0005233
2025-11-26,2025-11-28,CLIENT FUNDING - RTGS,,110191,-7217255.0,TXN-0005234
2025-11-26,2025-11-28,CLIENT FUNDING - RTGS,,78584,-7138671.0,TXN-0005235
2025-11-25,2025-11-27,BROKERAGE / TRADE SETTLEMENT,94047,,-7232718.0,TXN-0005236
2025-11-19,2025-11-19,PAYOUT TO CLIENT,94996,,-7327714.0,TXN-0005237
2025-11-28,2025-11-28,BROKERAGE / TRADE SETTLEMENT,101721,,-7429435.0,TXN-0005238
2025-11-27,2025-11-28,PAYOUT TO CLIENT,86553,,-7515988.0,TXN-0005239
2025-11-17,2025-11-17,CLIENT FUNDING - RTGS,,205691,-7310297.0,TXN-0005240
2025-11-27,2025-11-27,PAYOUT TO CLIENT,165306,,-7475603.0,TXN-0005241
2025-11-23,2025-11-23,MISC ADJUSTMENT,,8237,-7467366.0,TXN-0005242
2025-11-24,2025-11-24,CLIENT FUNDING - RTGS,,56975,-7410391.0,TXN-0005243
2025-11-15,2025-11-16,PAYOUT TO CLIENT,121388,,-7531779.0,TXN-0005244
2025-11-17,2025-11-19,BANK / DP CHARGES,404,,-7532183.0,TXN-0005245
2025-11-25,2025-11-25,MISC ADJUSTMENT,49946,,-7582129.0,TXN-0005246
2025-11-24,2025-11-26,MISC ADJUSTMENT,,49929,-7532200.0,TXN-0005247
2025-11-24,2025-11-26,BANK / DP CHARGES,1630,,-7533830.0,TXN-0005248
2025-11-28,2025-11-28,CLIENT FUNDING - RTGS,,149198,-7384632.0,TXN-0005249
2025-11-28,2025-11-29,CLIENT FUNDING - RTGS,,280059,-7104573.0,TXN-0005250
2025-11-18,2025-11-20,PAYOUT TO CLIENT,49999,,-7154572.0,TXN-0005251
2025-11-24,2025-11-26,BANK / DP CHARGES,538,,-7155110.0,TXN-0005252
2025-11-21,2025-11-23,MISC ADJUSTMENT,,35288,-7119822.0,TXN-0005253
2025-11-19,2025-11-19,MISC ADJUSTMENT,,8757,-7111065.0,TXN-0005254
2025-11-28,2025-11-29,PAYOUT TO CLIENT,88832,,-7199897.0,TXN-0005255
2025-11-27,2025-11-27,BANK / DP CHARGES,588,,-7200485.0,TXN-0005256
2025-11-22,2025-11-22,BROKERAGE / TRADE SETTLEMENT,26418,,-7226903.0,TXN-0005257
2025-11-26,2025-11-26,BANK / DP CHARGES,927,,-7227830.0,TXN-0005258
2025-11-19,2025-11-19,BROKERAGE / TRADE SETTLEMENT,35230,,-7263060.0,TXN-0005259
2025-11-27,2025-11-27,PAYOUT TO CLIENT,39947,,-7303007.0,TXN-0005260
2025-11-17,2025-11-17,PAYOUT TO CLIENT,157400,,-7460407.0,TXN-0005261
2025-11-29,2025-11-29,MISC ADJUSTMENT,,10605,-7449802.0,TXN-0005262
2025-11-18,2025-11-18,MISC ADJUSTMENT,10016,,-7459818.0,TXN-0005263
2025-11-18,2025-11-18,CLIENT FUNDING - RTGS,,297808,-7162010.0,TXN-0005264
2025-11-27,2025-11-29,CLIENT FUNDING - RTGS,,164169,-6997841.0,TXN-0005265
2025-11-26,2025-11-26,BANK / DP CHARGES,873,,-6998714.0,TXN-0005266
2025-11-23,2025-11-23,MISC ADJUSTMENT,27762,,-7026476.0,TXN-0005267
2025-11-28,2025-11-29,PAYOUT TO CLIENT,145404,,-7171880.0,TXN-0005268
2025-11-24,2025-11-25,PAYOUT TO CLIENT,58756,,-7230636.0,TXN-0005269
2025-11-16,2025-11-16,MISC ADJUSTMENT,5143,,-7235779.0,TXN-0005270
2025-11-15,2025-11-15,CLIENT FUNDING - RTGS,,238116,-6997663.0,TXN-0005271
2025-11-21,2025-11-23,PAYOUT TO CLIENT,171966,,-7169629.0,TXN-0005272
2025-11-21,2025-11-21,BANK / DP CHARGES,492,,-7170121.0,TXN-0005273
2025-11-18,2025-11-18,BROKERAGE / TRADE SETTLEMENT,116636,,-7286757.0,TXN-0005274
2025-11-19,2025-11-21,BROKERAGE / TRADE SETTLEMENT,18881,,-7305638.0,TXN-0005275
2025-11-29,2025-12-01,CLIENT FUNDING - RTGS,,137722,-7167916.0,TXN-0005276
2025-11-23,2025-11-23,PAYOUT TO CLIENT,104408,,-7272324.0,TXN-0005277
2025-11-18,2025-11-18,BANK / DP CHARGES,589,,-7272913.0,TXN-0005278
2025-11-29,2025-12-01,CLIENT FUNDING - RTGS,,137291,-7135622.0,TXN-0005279
2025-11-26,2025-11-26,MISC ADJUSTMENT,21373,,-7156995.0,TXN-0005280
2025-11-18,2025-11-19,PAYOUT TO CLIENT,106637,,-7263632.0,TXN-0005281
2025-11-15,2025-11-17,MISC ADJUSTMENT,,45939,-7217693.0,TXN-0005282
2025-11-15,2025-11-16,PAYOUT TO CLIENT,155848,,-7373541.0,TXN-0005283
2025-11-22,2025-11-22,BROKERAGE / TRADE SETTLEMENT,97325,,-7470866.0,TXN-0005284
2025-11-16,2025-11-16,MISC ADJUSTMENT,,41129,-7429737.0,TXN-0005285
2025-11-22,2025-11-22,BANK / DP CHARGES,1589,,-7431326.0,TXN-0005286
2025-11-29,2025-11-29,BROKERAGE / TRADE SETTLEMENT,138648,,-7569974.0,TXN-0005287
2025-11-24,2025-11-25,CLIENT FUNDING - RTGS,,95524,-7474450.0,TXN-0005288
2025-11-16,2025-11-18,BANK / DP CHARGES,1305,,-7475755.0,TXN-0005289
2025-11-16,2025-11-16,PAYOUT TO CLIENT,192281,,-7668036.0,TXN-0005290
2025-11-24,2025-11-26,CLIENT FUNDING - RTGS,,111462,-7556574.0,TXN-0005291
2025-11-17,2025-11-17,PAYOUT TO CLIENT,33877,,-7590451.0,TXN-0005292
2025-11-22,2025-11-23,BANK / DP CHARGES,1612,,-7592063.0,TXN-0005293
2025-11-15,2025-11-16,BROKERAGE / TRADE SETTLEMENT,147704,,-7739767.0,TXN-0005294
2025-11-23,2025-11-24,MISC ADJUSTMENT,48465,,-7788232.0,TXN-0005295
2025-11-20,2025-11-20,BROKERAGE / TRADE SETTLEMENT,62280,,-7850512.0,TXN-0005296
2025-11-20,2025-11-20,BROKERAGE / TRADE SETTLEMENT,16085,,-7866597.0,TXN-0005297
2025-11-16,2025-11-17,BANK / DP CHARGES,366,,-7866963.0,TXN-0005298
2025-11-18,2025-11-20,BANK / DP CHARGES,380,,-7867343.0,TXN-0005299
2025-11-16,2025-11-17,BANK / DP CHARGES,1777,,-7869120.0,TXN-0005300
2025-11-29,2025-11-30,BANK / DP CHARGES,385,,-7869505.0,TXN-0005301
2025-11-24,2025-11-26,BROKERAGE / TRADE SETTLEMENT,98602,,-7968107.0,TXN-0005302
2025-11-24,2025-11-25,CLIENT FUNDING - RTGS,,115772,-7852335.0,TXN-0005303
2025-11-21,2025-11-22,PAYOUT TO CLIENT,157814,,-8010149.0,TXN-0005304
2025-11-28,2025-11-30,CLIENT FUNDING - RTGS,,82554,-7927595.0,TXN-0005305
2025-11-19,2025-11-20,BROKERAGE / TRADE SETTLEMENT,40709,,-7968304.0,TXN-0005306
2025-11-27,2025-11-27,BANK / DP CHARGES,711,,-7969015.0,TXN-0005307
2025-11-26,2025-11-27,MISC ADJUSTMENT,,27254,-7941761.0,TXN-0005308
2025-11-16,2025-11-16,BANK / DP CHARGES,902,,-7942663.0,TXN-0005309
2025-11-18,2025-11-18,BANK / DP CHARGES,1608,,-7944271.0,TXN-0005310
2025-11-25,2025-11-27,PAYOUT TO CLIENT,49648,,-7993919.0,TXN-0005311
2025-11-17,2025-11-17,BROKERAGE / TRADE SETTLEMENT,60719,,-8054638.0,TXN-0005312
2025-11-21,2025-11-21,MISC ADJUSTMENT,,14878,-8039760.0,TXN-0005313
2025-11-18,2025-11-19,BROKERAGE / TRADE SETTLEMENT,93869,,-8133629.0,TXN-0005314
2025-11-28,2025-11-28,BANK / DP CHARGES,781,,-8134410.0,TXN-0005315
2025-11-29,2025-11-30,CLIENT FUNDING - RTGS,,218938,-7915472.0,TXN-0005316
2025-11-25,2025-11-25,MISC ADJUSTMENT,,25913,-7889559.0,TXN-0005317
2025-11-20,2025-11-22,BROKERAGE / TRADE SETTLEMENT,36710,,-7926269.0,TXN-0005318
2025-11-15,2025-11-16,CLIENT FUNDING - RTGS,,59115,-7867154.0,TXN-0005319
2025-11-15,2025-11-15,MISC ADJUSTMENT,,38882,-7828272.0,TXN-0005320
2025-11-23,2025-11-24,BANK / DP CHARGES,1597,,-7829869.0,TXN-0005321
2025-11-18,2025-11-19,BROKERAGE / TRADE SETTLEMENT,59352,,-7889221.0,TXN-0005322
2025-11-25,2025-11-25,MISC ADJUSTMENT,,22888,-7866333.0,TXN-0005323
2025-11-27,2025-11-28,PAYOUT TO CLIENT,25756,,-7892089.0,TXN-0005324
2025-11-27,2025-11-28,BROKERAGE / TRADE SETTLEMENT,29682,,-7921771.0,TXN-0005325
2025-11-15,2025-11-16,MISC ADJUSTMENT,48303,,-7970074.0,TXN-0005326
2025-11-16,2025-11-18,BANK / DP CHARGES,581,,-7970655.0,TXN-0005327
2025-11-26,2025-11-27,MISC ADJUSTMENT,14293,,-7984948.0,TXN-0005328
2025-11-19,2025-11-20,BANK / DP CHARGES,1070,,-7986018.0,TXN-0005329
2025-11-19,2025-11-19,BROKERAGE / TRADE SETTLEMENT,53093,,-8039111.0,TXN-0005330
2025-11-27,2025-11-28,MISC ADJUSTMENT,,24676,-8014435.0,TXN-0005331
2025-11-23,2025-11-23,PAYOUT TO CLIENT,177123,,-8191558.0,TXN-0005332
2025-11-29,2025-11-30,PAYOUT TO CLIENT,30179,,-8221737.0,TXN-0005333
2025-11-19,2025-11-20,PAYOUT TO CLIENT,166414,,-8388151.0,TXN-0005334
2025-11-22,2025-11-22,PAYOUT TO CLIENT,64254,,-8452405.0,TXN-0005335
2025-11-28,2025-11-28,BROKERAGE / TRADE SETTLEMENT,65330,,-8517735.0,TXN-0005336
2025-11-23,2025-11-23,CLIENT FUNDING - RTGS,,130062,-8387673.0,TXN-0005337
2025-11-24,2025-11-24,CLIENT FUNDING - RTGS,,226971,-8160702.0,TXN-0005338
2025-11-27,2025-11-29,PAYOUT TO CLIENT,68181,,-8228883.0,TXN-0005339
2025-11-28,2025-11-28,BANK / DP CHARGES,192,,-8229075.0,TXN-0005340
2025-11-21,2025-11-23,MISC ADJUSTMENT,,44806,-8184269.0,TXN-0005341
2025-11-21,2025-11-21,MISC ADJUSTMENT,18650,,-8202919.0,TXN-0005342
2025-11-17,2025-11-19,MISC ADJUSTMENT,,7284,-8195635.0,TXN-0005343
2025-11-27,2025-11-27,PAYOUT TO CLIENT,41392,,-8237027.0,TXN-0005344
2025-11-25,2025-11-26,CLIENT FUNDING - RTGS,,287631,-7949396.0,TXN-0005345
2025-11-23,2025-11-23,BANK / DP CHARGES,328,,-7949724.0,TXN-0005346
2025-11-24,2025-11-24,BROKERAGE / TRADE SETTLEMENT,22114,,-7971838.0,TXN-0005347
2025-11-27,2025-11-29,BROKERAGE / TRADE SETTLEMENT,105297,,-8077135.0,TXN-0005348
2025-11-24,2025-11-26,PAYOUT TO CLIENT,73688,,-8150823.0,TXN-0005349
2025-11-23,2025-11-23,BROKERAGE / TRADE SETTLEMENT,27041,,-8177864.0,TXN-0005350
2025-11-22,2025-11-22,CLIENT FUNDING - RTGS,,83107,-8094757.0,TXN-0005351
2025-11-20,2025-11-20,BROKERAGE / TRADE SETTLEMENT,40085,,-8134842.0,TXN-0005352
2025-11-26,2025-11-28,PAYOUT TO CLIENT,86162,,-8221004.0,TXN-0005353
2025-11-21,2025-11-23,BANK / DP CHARGES,1503,,-8222507.0,TXN-0005354
2025-11-17,2025-11-18,BANK / DP CHARGES,1923,,-8224430.0,TXN-0005355
2025-11-21,2025-11-22,PAYOUT TO CLIENT,38385,,-8262815.0,TXN-0005356
2025-11-15,2025-11-15,MISC ADJUSTMENT,8060,,-8270875.0,TXN-0005357
2025-11-19,2025-11-20,BROKERAGE / TRADE SETTLEMENT,58269,,-8329144.0,TXN-0005358
2025-11-15,2025-11-16,BROKERAGE / TRADE SETTLEMENT,29764,,-8358908.0,TXN-0005359
2025-11-21,2025-11-23,CLIENT FUNDING - RTGS,,80262,-8278646.0,TXN-0005360
2025-11-16,2025-11-17,BROKERAGE / TRADE SETTLEMENT,99657,,-8378303.0,TXN-0005361
2025-11-17,2025-11-17,MISC ADJUSTMENT,,16461,-8361842.0,TXN-0005362
2025-11-18,2025-11-18,BROKERAGE / TRADE SETTLEMENT,11942,,-8373784.0,TXN-0005363
2025-11-28,2025-11-30,MISC ADJUSTMENT,22762,,-8396546.0,TXN-0005364
2025-11-17,2025-11-19,BANK / DP CHARGES,1580,,-8398126.0,TXN-0005365
2025-11-22,2025-11-22,PAYOUT TO CLIENT,102005,,-8500131.0,TXN-0005366
2025-11-15,2025-11-15,BANK / DP CHARGES,103,,-8500234.0,TXN-0005367
2025-11-19,2025-11-19,CLIENT FUNDING - RTGS,,208575,-8291659.0,TXN-0005368
2025-11-20,2025-11-21,MISC ADJUSTMENT,,39832,-8251827.0,TXN-0005369
2025-11-28,2025-11-30,CLIENT FUNDING - RTGS,,294318,-7957509.0,TXN-0005370
2025-11-19,2025-11-19,PAYOUT TO CLIENT,178522,,-8136031.0,TXN-0005371
2025-11-29,2025-12-01,BANK / DP CHARGES,294,,-8136325.0,TXN-0005372
2025-11-24,2025-11-24,BROKERAGE / TRADE SETTLEMENT,15469,,-8151794.0,TXN-0005373
2025-11-27,2025-11-29,PAYOUT TO CLIENT,75003,,-8226797.0,TXN-0005374
2025-11-29,2025-12-01,BANK / DP CHARGES,1582,,-8228379.0,TXN-0005375
2025-11-23,2025-11-23,MISC ADJUSTMENT,19103,,-8247482.0,TXN-0005376
2025-11-28,2025-11-28,PAYOUT TO CLIENT,151926,,-8399408.0,TXN-0005377
2025-11-22,2025-11-24,BANK / DP CHARGES,370,,-8399778.0,TXN-0005378
2025-11-16,2025-11-16,PAYOUT TO CLIENT,114292,,-8514070.0,TXN-0005379
2025-11-28,2025-11-28,BANK / DP CHARGES,1469,,-8515539.0,TXN-0005380
2025-11-29,2025-11-30,BANK / DP CHARGES,1072,,-8516611.0,TXN-0005381
2025-11-21,2025-11-21,PAYOUT TO CLIENT,92937,,-8609548.0,TXN-0005382
2025-11-15,2025-11-17,BANK / DP CHARGES,1450,,-8610998.0,TXN-0005383
2025-11-19,2025-11-19,PAYOUT TO CLIENT,189555,,-8800553.0,TXN-0005384
2025-11-28,2025-11-28,MISC ADJUSTMENT,5371,,-8805924.0,TXN-0005385
2025-11-26,2025-11-27,BROKERAGE / TRADE SETTLEMENT,54579,,-8860503.0,TXN-0005386
2025-11-18,2025-11-20,MISC ADJUSTMENT,,37885,-8822618.0,TXN-0005387
2025-11-27,2025-11-28,CLIENT FUNDING - RTGS,,84535,-8738083.0,TXN-0005388
2025-11-21,2025-11-21,CLIENT FUNDING - RTGS,,125067,-8613016.0,TXN-0005389
2025-11-23,2025-11-25,CLIENT FUNDING - RTGS,,205791,-8407225.0,TXN-0005390
2025-11-29,2025-12-01,PAYOUT TO CLIENT,68063,,-8475288.0,TXN-0005391
2025-11-20,2025-11-22,BROKERAGE / TRADE SETTLEMENT,92557,,-8567845.0,TXN-0005392
2025-11-19,2025-11-19,MISC ADJUSTMENT,19543,,-8587388.0,TXN-0005393
2025-11-28,2025-11-29,CLIENT FUNDING - RTGS,,163966,-8423422.0,TXN-0005394
2025-11-17,2025-11-19,PAYOUT TO CLIENT,80870,,-8504292.0,TXN-0005395
2025-11-25,2025-11-25,BROKERAGE / TRADE SETTLEMENT,77547,,-8581839.0,TXN-0005396
2025-11-20,2025-11-21,MISC ADJUSTMENT,,45623,-8536216.0,TXN-0005397
2025-11-23,2025-11-24,BROKERAGE / TRADE SETTLEMENT,41997,,-8578213.0,TXN-0005398
2025-11-23,2025-11-23,PAYOUT TO CLIENT,97905,,-8676118.0,TXN-0005399
2025-11-24,2025-11-24,MISC ADJUSTMENT,,40816,-8635302.0,TXN-0005400
2025-11-24,2025-11-24,PAYOUT TO CLIENT,99770,,-8735072.0,TXN-0005401
2025-11-18,2025-11-18,BROKERAGE / TRADE SETTLEMENT,130708,,-8865780.0,TXN-0005402
2025-11-25,2025-11-26,BANK / DP CHARGES,1284,,-8867064.0,TXN-0005403
2025-11-23,2025-11-24,CLIENT FUNDING - RTGS,,253611,-8613453.0,TXN-0005404
2025-11-19,2025-11-21,PAYOUT TO CLIENT,175115,,-8788568.0,TXN-0005405
2025-11-22,2025-11-24,BROKERAGE / TRADE SETTLEMENT,81100,,-8869668.0,TXN-0005406
2025-11-26,2025-11-27,CLIENT FUNDING - RTGS,,257090,-8612578.0,TXN-0005407
2025-11-26,2025-11-28,BANK / DP CHARGES,1310,,-8613888.0,TXN-0005408
2025-11-20,2025-11-20,PAYOUT TO CLIENT,114890,,-8728778.0,TXN-0005409
2025-11-27,2025-11-29,PAYOUT TO CLIENT,147001,,-8875779.0,TXN-0005410
2025-11-16,2025-11-17,CLIENT FUNDING - RTGS,,138753,-8737026.0,TXN-0005411
2025-11-18,2025-11-20,CLIENT FUNDING - RTGS,,296274,-8440752.0,TXN-0005412
2025-11-18,2025-11-20,BROKERAGE / TRADE SETTLEMENT,74352,,-8515104.0,TXN-0005413
2025-11-19,2025-11-20,PAYOUT TO CLIENT,195729,,-8710833.0,TXN-0005414
2025-11-17,2025-11-17,PAYOUT TO CLIENT,76544,,-8787377.0,TXN-0005415
2025-11-29,2025-12-01,BROKERAGE / TRADE SETTLEMENT,59332,,-8846709.0,TXN-0005416
2025-11-28,2025-11-28,CLIENT FUNDING - RTGS,,261284,-8585425.0,TXN-0005417
2025-11-22,2025-11-23,CLIENT FUNDING - RTGS,,61804,-8523621.0,TXN-0005418
2025-11-22,2025-11-22,MISC ADJUSTMENT,,49743,-8473878.0,TXN-0005419
2025-11-23,2025-11-25,BROKERAGE / TRADE SETTLEMENT,106569,,-8580447.0,TXN-0005420
2025-11-15,2025-11-16,PAYOUT TO CLIENT,76085,,-8656532.0,TXN-0005421
2025-11-27,2025-11-29,BANK / DP CHARGES,732,,-8657264.0,TXN-0005422
2025-11-16,2025-11-17,CLIENT FUNDING - RTGS,,176642,-8480622.0,TXN-0005423
2025-11-15,2025-11-16,BROKERAGE / TRADE SETTLEMENT,51541,,-8532163.0,TXN-0005424
2025-11-29,2025-11-30,MISC ADJUSTMENT,,28026,-8504137.0,TXN-0005425
2025-11-20,2025-11-20,PAYOUT TO CLIENT,143555,,-8647692.0,TXN-0005426
2025-11-16,2025-11-18,BANK / DP CHARGES,1881,,-8649573.0,TXN-0005427
2025-11-16,2025-11-18,PAYOUT TO CLIENT,183282,,-8832855.0,TXN-0005428
2025-11-28,2025-11-29,BANK / DP CHARGES,1023,,-8833878.0,TXN-0005429
2025-11-17,2025-11-17,PAYOUT TO CLIENT,88595,,-8922473.0,TXN-0005430
2025-11-25,2025-11-26,CLIENT FUNDING - RTGS,,275977,-8646496.0,TXN-0005431
2025-11-19,2025-11-19,BANK / DP CHARGES,1526,,-8648022.0,TXN-0005432
2025-11-23,2025-11-24,MISC ADJUSTMENT,35994,,-8684016.0,TXN-0005433
2025-11-15,2025-11-15,MISC ADJUSTMENT,41020,,-8725036.0,TXN-0005434
2025-11-18,2025-11-19,CLIENT FUNDING - RTGS,,246438,-8478598.0,TXN-0005435
2025-11-27,2025-11-27,CLIENT FUNDING - RTGS,,165059,-8313539.0,TXN-0005436
2025-11-18,2025-11-19,PAYOUT TO CLIENT,94135,,-8407674.0,TXN-0005437
2025-11-27,2025-11-28,MISC ADJUSTMENT,,5062,-8402612.0,TXN-0005438
2025-11-23,2025-11-24,BANK / DP CHARGES,1395,,-8404007.0,TXN-0005439
2025-11-26,2025-11-26,BROKERAGE / TRADE SETTLEMENT,70732,,-8474739.0,TXN-0005440
2025-11-21,2025-11-23,MISC ADJUSTMENT,,14393,-8460346.0,TXN-0005441
2025-11-18,2025-11-20,CLIENT FUNDING - RTGS,,91133,-8369213.0,TXN-0005442
2025-11-27,2025-11-28,PAYOUT TO CLIENT,143341,,-8512554.0,TXN-0005443
2025-11-18,2025-11-18,BROKERAGE / TRADE SETTLEMENT,32999,,-8545553.0,TXN-0005444
2025-11-21,2025-11-21,MISC ADJUSTMENT,,30209,-8515344.0,TXN-0005445
2025-11-17,2025-11-17,BANK / DP CHARGES,1171,,-8516515.0,TXN-0005446
2025-11-19,2025-11-21,MISC ADJUSTMENT,47787,,-8564302.0,TXN-0005447
2025-11-15,2025-11-17,CLIENT FUNDING - RTGS,,212570,-8351732.0,TXN-0005448
2025-11-17,2025-11-18,CLIENT FUNDING - RTGS,,199205,-8152527.0,TXN-0005449
2025-11-20,2025-11-20,MISC ADJUSTMENT,9034,,-8161561.0,TXN-0005450
2025-11-24,2025-11-24,MISC ADJUSTMENT,6972,,-8168533.0,TXN-0005451
2025-11-20,2025-11-22,BANK / DP CHARGES,1740,,-8170273.0,TXN-0005452
2025-11-27,2025-11-27,BROKERAGE / TRADE SETTLEMENT,97233,,-8267506.0,TXN-0005453
2025-11-19,2025-11-20,PAYOUT TO CLIENT,194916,,-8462422.0,TXN-0005454
2025-11-15,2025-11-15,BANK / DP CHARGES,1618,,-8464040.0,TXN-0005455
2025-11-17,2025-11-18,MISC ADJUSTMENT,15444,,-8479484.0,TXN-0005456
2025-11-27,2025-11-29,PAYOUT TO CLIENT,101115,,-8580599.0,TXN-0005457
2025-11-17,2025-11-17,BROKERAGE / TRADE SETTLEMENT,17377,,-8597976.0,TXN-0005458
2025-11-27,2025-11-28,PAYOUT TO CLIENT,134045,,-8732021.0,TXN-0005459
2025-11-27,2025-11-29,MISC ADJUSTMENT,,35179,-8696842.0,TXN-0005460
2025-11-21,2025-11-22,BANK / DP CHARGES,1112,,-8697954.0,TXN-0005461
2025-11-18,2025-11-20,PAYOUT TO CLIENT,76336,,-8774290.0,TXN-0005462
2025-11-27,2025-11-29,MISC ADJUSTMENT,39049,,-8813339.0,TXN-0005463
2025-11-18,2025-11-20,MISC ADJUSTMENT,,15388,-8797951.0,TXN-0005464
2025-11-26,2025-11-28,BANK / DP CHARGES,256,,-8798207.0,TXN-0005465
2025-11-20,2025-11-20,CLIENT FUNDING - RTGS,,97354,-8700853.0,TXN-0005466
2025-11-28,2025-11-30,PAYOUT TO CLIENT,97683,,-8798536.0,TXN-0005467
2025-11-21,2025-11-23,BROKERAGE / TRADE SETTLEMENT,83094,,-8881630.0,TXN-0005468
2025-11-18,2025-11-19,CLIENT FUNDING - RTGS,,62039,-8819591.0,TXN-0005469
2025-11-23,2025-11-23,CLIENT FUNDING - RTGS,,211252,-8608339.0,TXN-0005470
2025-11-23,2025-11-24,BROKERAGE / TRADE SETTLEMENT,146768,,-8755107.0,TXN-0005471
2025-11-16,2025-11-16,MISC ADJUSTMENT,13788,,-8768895.0,TXN-0005472
2025-11-23,2025-11-25,BANK / DP CHARGES,1083,,-8769978.0,TXN-0005473
2025-11-18,2025-11-19,MISC ADJUSTMENT,44583,,-8814561.0,TXN-0005474
2025-11-23,2025-11-25,PAYOUT TO CLIENT,114875,,-8929436.0,TXN-0005475
2025-11-15,2025-11-15,MISC ADJUSTMENT,38822,,-8968258.0,TXN-0005476
2025-11-27,2025-11-29,PAYOUT TO CLIENT,49230,,-9017488.0,TXN-0005477
2025-11-20,2025-11-22,PAYOUT TO CLIENT,188825,,-9206313.0,TXN-0005478
2025-11-23,2025-11-25,BROKERAGE / TRADE SETTLEMENT,101145,,-9307458.0,TXN-0005479
2025-11-20,2025-11-20,BROKERAGE / TRADE SETTLEMENT,99736,,-9407194.0,TXN-0005480
2025-11-18,2025-11-18,CLIENT FUNDING - RTGS,,81120,-9326074.0,TXN-0005481
2025-11-19,2025-11-21,PAYOUT TO CLIENT,23052,,-9349126.0,TXN-0005482
2025-11-23,2025-11-23,BANK / DP CHARGES,470,,-9349596.0,TXN-0005483
2025-11-27,2025-11-29,MISC ADJUSTMENT,,26143,-9323453.0,TXN-0005484
2025-11-16,2025-11-18,BANK / DP CHARGES,1907,,-9325360.0,TXN-0005485
2025-11-19,2025-11-19,BANK / DP CHARGES,1421,,-9326781.0,TXN-0005486
2025-11-24,2025-11-24,MISC ADJUSTMENT,,31992,-9294789.0,TXN-0005487
2025-11-23,2025-11-24,MISC ADJUSTMENT,,24059,-9270730.0,TXN-0005488
2025-11-28,2025-11-29,BROKERAGE / TRADE SETTLEMENT,109818,,-9380548.0,TXN-0005489
2025-11-26,2025-11-27,MISC ADJUSTMENT,,18751,-9361797.0,TXN-0005490
2025-11-23,2025-11-25,BROKERAGE / TRADE SETTLEMENT,20274,,-9382071.0,TXN-0005491
2025-11-24,2025-11-24,MISC ADJUSTMENT,,36086,-9345985.0,TXN-0005492
2025-11-23,2025-11-25,PAYOUT TO CLIENT,193524,,-9539509.0,TXN-0005493
2025-11-28,2025-11-28,MISC ADJUSTMENT,,39679,-9499830.0,TXN-0005494
2025-11-22,2025-11-23,BANK / DP CHARGES,363,,-9500193.0,TXN-0005495
2025-11-20,2025-11-20,MISC ADJUSTMENT,,37160,-9463033.0,TXN-0005496
2025-11-19,2025-11-21,MISC ADJUSTMENT,,20981,-9442052.0,TXN-0005497
2025-11-27,2025-11-28,PAYOUT TO CLIENT,130266,,-9572318.0,TXN-0005498
2025-11-23,2025-11-24,BROKERAGE / TRADE SETTLEMENT,57104,,-9629422.0,TXN-0005499
2025-11-19,2025-11-21,PAYOUT TO CLIENT,89854,,-9719276.0,TXN-0005500
2025-11-19,2025-11-19,MISC ADJUSTMENT,,10228,-9709048.0,TXN-0005501
2025-11-28,2025-11-30,BANK / DP CHARGES,1693,,-9710741.0,TXN-0005502
2025-11-25,2025-11-27,BROKERAGE / TRADE SETTLEMENT,28100,,-9738841.0,TXN-0005503
2025-11-24,2025-11-24,CLIENT FUNDING - RTGS,,52232,-9686609.0,TXN-0005504
2025-11-15,2025-11-17,BANK / DP CHARGES,1157,,-9687766.0,TXN-0005505
2025-11-25,2025-11-26,BANK / DP CHARGES,231,,-9687997.0,TXN-0005506
2025-11-22,2025-11-22,PAYOUT TO CLIENT,194216,,-9882213.0,TXN-0005507
2025-11-18,2025-11-18,BROKERAGE / TRADE SETTLEMENT,40679,,-9922892.0,TXN-0005508
2025-11-19,2025-11-19,CLIENT FUNDING - RTGS,,122810,-9800082.0,TXN-0005509
2025-11-22,2025-11-22,BROKERAGE / TRADE SETTLEMENT,132278,,-9932360.0,TXN-0005510
2025-11-16,2025-11-16,CLIENT FUNDING - RTGS,,249288,-9683072.0,TXN-0005511
2025-11-15,2025-11-15,MISC ADJUSTMENT,,34926,-9648146.0,TXN-0005512
2025-11-22,2025-11-23,MISC ADJUSTMENT,19127,,-9667273.0,TXN-0005513
2025-11-23,2025-11-23,PAYOUT TO CLIENT,193632,,-9860905.0,TXN-0005514
2025-11-28,2025-11-29,PAYOUT TO CLIENT,158964,,-10019869.0,TXN-0005515
2025-11-29,2025-12-01,PAYOUT TO CLIENT,31570,,-10051439.0,TXN-0005516
2025-11-21,2025-11-22,MISC ADJUSTMENT,46587,,-10098026.0,TXN-0005517
2025-11-24,2025-11-24,BANK / DP CHARGES,843,,-10098869.0,TXN-0005518
2025-11-23,2025-11-24,CLIENT FUNDING - RTGS,,243013,-9855856.0,TXN-0005519
2025-11-26,2025-11-26,MISC ADJUSTMENT,,23822,-9832034.0,TXN-0005520
2025-11-18,2025-11-19,MISC ADJUSTMENT,24244,,-9856278.0,TXN-0005521
2025-11-24,2025-11-25,CLIENT FUNDING - RTGS,,228186,-9628092.0,TXN-0005522
2025-11-19,2025-11-20,BROKERAGE / TRADE SETTLEMENT,139127,,-9767219.0,TXN-0005523
2025-11-26,2025-11-27,PAYOUT TO CLIENT,171671,,-9938890.0,TXN-0005524
2025-11-23,2025-11-24,MISC ADJUSTMENT,,5720,-9933170.0,TXN-0005525
2025-11-29,2025-11-30,PAYOUT TO CLIENT,196594,,-10129764.0,TXN-0005526
2025-11-18,2025-11-18,MISC ADJUSTMENT,,32315,-10097449.0,TXN-0005527
2025-11-26,2025-11-26,BROKERAGE / TRADE SETTLEMENT,133795,,-10231244.0,TXN-0005528
2025-11-19,2025-11-21,BANK / DP CHARGES,483,,-10231727.0,TXN-0005529
2025-11-20,2025-11-20,PAYOUT TO CLIENT,154078,,-10385805.0,TXN-0005530
2025-11-27,2025-11-27,BANK / DP CHARGES,195,,-10386000.0,TXN-0005531
2025-11-20,2025-11-22,PAYOUT TO CLIENT,135625,,-10521625.0,TXN-0005532
2025-11-23,2025-11-25,PAYOUT TO CLIENT,107347,,-10628972.0,TXN-0005533
2025-11-16,2025-11-16,BANK / DP CHARGES,1628,,-10630600.0,TXN-0005534
2025-11-29,2025-11-29,BROKERAGE / TRADE SETTLEMENT,29968,,-10660568.0,TXN-0005535
2025-11-16,2025-11-16,CLIENT FUNDING - RTGS,,226449,-10434119.0,TXN-0005536
2025-11-16,2025-11-16,CLIENT FUNDING - RTGS,,74057,-10360062.0,TXN-0005537
2025-11-29,2025-11-30,PAYOUT TO CLIENT,148130,,-10508192.0,TXN-0005538
2025-11-23,2025-11-25,BANK / DP CHARGES,435,,-10508627.0,TXN-0005539
2025-11-28,2025-11-29,BANK / DP CHARGES,1105,,-10509732.0,TXN-0005540
2025-11-22,2025-11-24,BROKERAGE / TRADE SETTLEMENT,102440,,-10612172.0,TXN-0005541
2025-11-28,2025-11-29,PAYOUT TO CLIENT,128237,,-10740409.0,TXN-0005542
2025-11-18,2025-11-20,BANK / DP CHARGES,1136,,-10741545.0,TXN-0005543
2025-11-21,2025-11-21,PAYOUT TO CLIENT,181732,,-10923277.0,TXN-0005544
2025-11-17,2025-11-17,CLIENT FUNDING - RTGS,,84666,-10838611.0,TXN-0005545
2025-11-15,2025-11-15,BROKERAGE / TRADE SETTLEMENT,129614,,-10968225.0,TXN-0005546
2025-11-19,2025-11-19,BROKERAGE / TRADE SETTLEMENT,13803,,-10982028.0,TXN-0005547
2025-11-25,2025-11-25,BROKERAGE / TRADE SETTLEMENT,16056,,-10998084.0,TXN-0005548
2025-11-29,2025-11-30,MISC ADJUSTMENT,21056,,-11019140.0,TXN-0005549
2025-11-19,2025-11-19,PAYOUT TO CLIENT,44407,,-11063547.0,TXN-0005550
2025-11-18,2025-11-18,BANK / DP CHARGES,1157,,-11064704.0,TXN-0005551
2025-11-16,2025-11-16,CLIENT FUNDING - RTGS,,65398,-10999306.0,TXN-0005552
2025-11-22,2025-11-22,BANK / DP CHARGES,1298,,-11000604.0,TXN-0005553
2025-11-20,2025-11-22,BANK / DP CHARGES,1279,,-11001883.0,TXN-0005554
2025-11-22,2025-11-24,MISC ADJUSTMENT,29668,,-11031551.0,TXN-0005555
2025-11-28,2025-11-30,BANK / DP CHARGES,1858,,-11033409.0,TXN-0005556
2025-11-22,2025-11-24,PAYOUT TO CLIENT,157136,,-11190545.0,TXN-0005557
2025-11-16,2025-11-16,BROKERAGE / TRADE SETTLEMENT,14605,,-11205150.0,TXN-0005558
2025-11-24,2025-11-25,BROKERAGE / TRADE SETTLEMENT,25809,,-11230959.0,TXN-0005559
2025-11-22,2025-11-23,PAYOUT TO CLIENT,193333,,-11424292.0,TXN-0005560
2025-11-27,2025-11-29,CLIENT FUNDING - RTGS,,100424,-11323868.0,TXN-0005561
2025-11-22,2025-11-22,BANK / DP CHARGES,1552,,-11325420.0,TXN-0005562
2025-11-15,2025-11-15,PAYOUT TO CLIENT,127601,,-11453021.0,TXN-0005563
2025-11-26,2025-11-26,BANK / DP CHARGES,1054,,-11454075.0,TXN-0005564
2025-11-24,2025-11-25,PAYOUT TO CLIENT,138868,,-11592943.0,TXN-0005565
2025-11-23,2025-11-25,BROKERAGE / TRADE SETTLEMENT,75858,,-11668801.0,TXN-0005566
2025-11-21,2025-11-23,BROKERAGE / TRADE SETTLEMENT,22600,,-11691401.0,TXN-0005567
2025-11-24,2025-11-26,BANK / DP CHARGES,1568,,-11692969.0,TXN-0005568
2025-11-20,2025-11-20,CLIENT FUNDING - RTGS,,201821,-11491148.0,TXN-0005569
2025-11-16,2025-11-16,MISC ADJUSTMENT,,45161,-11445987.0,TXN-0005570
2025-11-28,2025-11-28,PAYOUT TO CLIENT,47324,,-11493311.0,TXN-0005571
2025-11-23,2025-11-23,CLIENT FUNDING - RTGS,,186623,-11306688.0,TXN-0005572
2025-11-18,2025-11-18,PAYOUT TO CLIENT,119057,,-11425745.0,TXN-0005573
2025-11-15,2025-11-15,BANK / DP CHARGES,863,,-11426608.0,TXN-0005574
2025-11-16,2025-11-17,BROKERAGE / TRADE SETTLEMENT,58207,,-11484815.0,TXN-0005575
2025-11-17,2025-11-17,PAYOUT TO CLIENT,158219,,-11643034.0,TXN-0005576
2025-11-26,2025-11-27,MISC ADJUSTMENT,48990,,-11692024.0,TXN-0005577
2025-11-25,2025-11-25,PAYOUT TO CLIENT,101651,,-11793675.0,TXN-0005578
2025-11-19,2025-11-19,PAYOUT TO CLIENT,25340,,-11819015.0,TXN-0005579
2025-11-27,2025-11-27,CLIENT FUNDING - RTGS,,82441,-11736574.0,TXN-0005580
2025-11-26,2025-11-28,BANK / DP CHARGES,466,,-11737040.0,TXN-0005581
2025-11-18,2025-11-18,CLIENT FUNDING - RTGS,,263273,-11473767.0,TXN-0005582
2025-11-26,2025-11-27,MISC ADJUSTMENT,44667,,-11518434.0,TXN-0005583
2025-11-24,2025-11-26,MISC ADJUSTMENT,,24557,-11493877.0,TXN-0005584
2025-11-27,2025-11-28,BROKERAGE / TRADE SETTLEMENT,104689,,-11598566.0,TXN-0005585
2025-11-25,2025-11-25,PAYOUT TO CLIENT,79853,,-11678419.0,TXN-0005586
2025-11-23,2025-11-23,CLIENT FUNDING - RTGS,,252405,-11426014.0,TXN-0005587
2025-11-20,2025-11-20,MISC ADJUSTMENT,,21481,-11404533.0,TXN-0005588
2025-11-16,2025-11-18,CLIENT FUNDING - RTGS,,80743,-11323790.0,TXN-0005589
2025-11-17,2025-11-19,CLIENT FUNDING - RTGS,,155686,-11168104.0,TXN-0005590
2025-11-24,2025-11-24,CLIENT FUNDING - RTGS,,274666,-10893438.0,TXN-0005591
2025-11-24,2025-11-24,BROKERAGE / TRADE SETTLEMENT,23351,,-10916789.0,TXN-0005592
2025-11-28,2025-11-30,BROKERAGE / TRADE SETTLEMENT,103432,,-11020221.0,TXN-0005593
2025-11-18,2025-11-20,BANK / DP CHARGES,1368,,-11021589.0,TXN-0005594
2025-11-20,2025-11-22,MISC ADJUSTMENT,,24973,-10996616.0,TXN-0005595
2025-11-17,2025-11-18,CLIENT FUNDING - RTGS,,100660,-10895956.0,TXN-0005596
2025-11-28,2025-11-28,BANK / DP CHARGES,1521,,-10897477.0,TXN-0005597
2025-11-26,2025-11-26,BANK / DP CHARGES,1856,,-10899333.0,TXN-0005598
2025-11-17,2025-11-17,CLIENT FUNDING - RTGS,,124650,-10774683.0,TXN-0005599
2025-11-19,2025-11-21,PAYOUT TO CLIENT,117739,,-10892422.0,TXN-0005600
2025-11-15,2025-11-15,MISC ADJUSTMENT,,30675,-10861747.0,TXN-0005601
2025-11-26,2025-11-26,CLIENT FUNDING - RTGS,,163398,-10698349.0,TXN-0005602
2025-11-25,2025-11-25,BANK / DP CHARGES,292,,-10698641.0,TXN-0005603
2025-11-21,2025-11-21,PAYOUT TO CLIENT,125755,,-10824396.0,TXN-0005604
2025-11-16,2025-11-18,BANK / DP CHARGES,194,,-10824590.0,TXN-0005605
2025-11-19,2025-11-19,MISC ADJUSTMENT,7219,,-10831809.0,TXN-0005606
2025-11-20,2025-11-21,PAYOUT TO CLIENT,142532,,-10974341.0,TXN-0005607
2025-11-19,2025-11-21,BANK / DP CHARGES,459,,-10974800.0,TXN-0005608
2025-11-17,2025-11-19,BROKERAGE / TRADE SETTLEMENT,95997,,-11070797.0,TXN-0005609
2025-11-17,2025-11-17,BROKERAGE / TRADE SETTLEMENT,58050,,-11128847.0,TXN-0005610
2025-11-26,2025-11-26,CLIENT FUNDING - RTGS,,223163,-10905684.0,TXN-0005611
2025-11-19,2025-11-19,MISC ADJUSTMENT,39481,,-10945165.0,TXN-0005612
2025-11-22,2025-11-22,PAYOUT TO CLIENT,196344,,-11141509.0,TXN-0005613
2025-11-24,2025-11-26,CLIENT FUNDING - RTGS,,172786,-10968723.0,TXN-0005614
2025-11-21,2025-11-23,PAYOUT TO CLIENT,54105,,-11022828.0,TXN-0005615
2025-11-20,2025-11-20,BROKERAGE / TRADE SETTLEMENT,57263,,-11080091.0,TXN-0005616
2025-11-24,2025-11-24,BROKERAGE / TRADE SETTLEMENT,58973,,-11139064.0,TXN-0005617
2025-11-27,2025-11-27,BANK / DP CHARGES,608,,-11139672.0,TXN-0005618
2025-11-21,2025-11-21,MISC ADJUSTMENT,22494,,-11162166.0,TXN-0005619
2025-11-15,2025-11-15,CLIENT FUNDING - RTGS,,286799,-10875367.0,TXN-0005620
2025-11-27,2025-11-27,BROKERAGE / TRADE SETTLEMENT,133148,,-11008515.0,TXN-0005621
2025-11-17,2025-11-18,BANK / DP CHARGES,1485,,-11010000.0,TXN-0005622
2025-11-25,2025-11-25,CLIENT FUNDING - RTGS,,169369,-10840631.0,TXN-0005623
2025-11-21,2025-11-22,BROKERAGE / TRADE SETTLEMENT,66322,,-10906953.0,TXN-0005624
2025-11-24,2025-11-24,MISC ADJUSTMENT,12109,,-10919062.0,TXN-0005625
2025-11-21,2025-11-23,MISC ADJUSTMENT,13856,,-10932918.0,TXN-0005626
2025-11-15,2025-11-17,MISC ADJUSTMENT,,30557,-10902361.0,TXN-0005627
2025-11-28,2025-11-28,MISC ADJUSTMENT,37952,,-10940313.0,TXN-0005628
2025-11-15,2025-11-15,MISC ADJUSTMENT,10897,,-10951210.0,TXN-0005629
2025-11-24,2025-11-24,BANK / DP CHARGES,1015,,-10952225.0,TXN-0005630
2025-11-28,2025-11-29,BANK / DP CHARGES,1446,,-10953671.0,TXN-0005631
2025-11-26,2025-11-26,BROKERAGE / TRADE SETTLEMENT,95279,,-11048950.0,TXN-0005632
2025-11-23,2025-11-24,CLIENT FUNDING - RTGS,,139705,-10909245.0,TXN-0005633
2025-11-29,2025-11-29,CLIENT FUNDING - RTGS,,278656,-10630589.0,TXN-0005634
2025-11-15,2025-11-17,PAYOUT TO CLIENT,94041,,-10724630.0,TXN-0005635
2025-11-25,2025-11-25,BROKERAGE / TRADE SETTLEMENT,74779,,-10799409.0,TXN-0005636
2025-11-25,2025-11-25,MISC ADJUSTMENT,18134,,-10817543.0,TXN-0005637
2025-11-24,2025-11-25,CLIENT FUNDING - RTGS,,288447,-10529096.0,TXN-0005638
2025-11-19,2025-11-21,PAYOUT TO CLIENT,67142,,-10596238.0,TXN-0005639
2025-11-24,2025-11-24,PAYOUT TO CLIENT,113030,,-10709268.0,TXN-0005640
2025-11-20,2025-11-22,BROKERAGE / TRADE SETTLEMENT,14817,,-10724085.0,TXN-0005641
2025-11-25,2025-11-25,BROKERAGE / TRADE SETTLEMENT,49584,,-10773669.0,TXN-0005642
2025-11-22,2025-11-23,BANK / DP CHARGES,1442,,-10775111.0,TXN-0005643
2025-11-24,2025-11-24,BANK / DP CHARGES,1717,,-10776828.0,TXN-0005644
2025-11-27,2025-11-28,BROKERAGE / TRADE SETTLEMENT,146678,,-10923506.0,TXN-0005645
2025-11-27,2025-11-27,BANK / DP CHARGES,1333,,-10924839.0,TXN-0005646
2025-11-15,2025-11-15,PAYOUT TO CLIENT,186788,,-11111627.0,TXN-0005647
2025-11-23,2025-11-25,CLIENT FUNDING - RTGS,,169890,-10941737.0,TXN-0005648
2025-11-28,2025-11-28,CLIENT FUNDING - RTGS,,159947,-10781790.0,TXN-0005649
2025-11-26,2025-11-27,PAYOUT TO CLIENT,53856,,-10835646.0,TXN-0005650
2025-11-20,2025-11-22,BROKERAGE / TRADE SETTLEMENT,83058,,-10918704.0,TXN-0005651
2025-11-22,2025-11-22,PAYOUT TO CLIENT,137749,,-11056453.0,TXN-0005652
2025-11-28,2025-11-30,CLIENT FUNDING - RTGS,,144108,-10912345.0,TXN-0005653
2025-11-20,2025-11-21,BANK / DP CHARGES,1715,,-10914060.0,TXN-0005654
2025-11-17,2025-11-18,BROKERAGE / TRADE SETTLEMENT,34495,,-10948555.0,TXN-0005655
2025-11-27,2025-11-28,MISC ADJUSTMENT,8766,,-10957321.0,TXN-0005656
2025-11-23,2025-11-25,PAYOUT TO CLIENT,75669,,-11032990.0,TXN-0005657
2025-11-28,2025-11-28,CLIENT FUNDING - RTGS,,61102,-10971888.0,TXN-0005658
2025-11-21,2025-11-21,BANK / DP CHARGES,220,,-10972108.0,TXN-0005659
2025-11-16,2025-11-16,PAYOUT TO CLIENT,118822,,-11090930.0,TXN-0005660
2025-11-20,2025-11-21,MISC ADJUSTMENT,35220,,-11126150.0,TXN-0005661
2025-11-20,2025-11-21,CLIENT FUNDING - RTGS,,105277,-11020873.0,TXN-0005662
2025-11-16,2025-11-16,BANK / DP CHARGES,1970,,-11022843.0,TXN-0005663
2025-11-27,2025-11-27,CLIENT FUNDING - RTGS,,268596,-10754247.0,TXN-0005664
2025-11-20,2025-11-22,BROKERAGE / TRADE SETTLEMENT,134251,,-10888498.0,TXN-0005665
2025-11-27,2025-11-29,PAYOUT TO CLIENT,98952,,-10987450.0,TXN-0005666
2025-11-21,2025-11-22,CLIENT FUNDING - RTGS,,244848,-10742602.0,TXN-0005667
2025-11-21,2025-11-23,BANK / DP CHARGES,1950,,-10744552.0,TXN-0005668
2025-11-26,2025-11-28,CLIENT FUNDING - RTGS,,247330,-10497222.0,TXN-0005669
2025-11-20,2025-11-22,PAYOUT TO CLIENT,184697,,-10681919.0,TXN-0005670
2025-11-25,2025-11-27,MISC ADJUSTMENT,,30299,-10651620.0,TXN-0005671
2025-11-28,2025-11-28,BANK / DP CHARGES,1139,,-10652759.0,TXN-0005672
2025-11-21,2025-11-22,BANK / DP CHARGES,1421,,-10654180.0,TXN-0005673
2025-11-25,2025-11-27,MISC ADJUSTMENT,,9912,-10644268.0,TXN-0005674
2025-11-23,2025-11-24,BROKERAGE / TRADE SETTLEMENT,106880,,-10751148.0,TXN-0005675
2025-11-21,2025-11-23,BROKERAGE / TRADE SETTLEMENT,92496,,-10843644.0,TXN-0005676
2025-11-25,2025-11-26,BROKERAGE / TRADE SETTLEMENT,52423,,-10896067.0,TXN-0005677
2025-11-29,2025-11-30,MISC ADJUSTMENT,,26583,-10869484.0,TXN-0005678
2025-11-23,2025-11-25,BANK / DP CHARGES,1575,,-10871059.0,TXN-0005679
2025-11-29,2025-11-29,CLIENT FUNDING - RTGS,,176940,-10694119.0,TXN-0005680
2025-11-19,2025-11-21,BANK / DP CHARGES,1008,,-10695127.0,TXN-0005681
2025-11-16,2025-11-16,BROKERAGE / TRADE SETTLEMENT,93293,,-10788420.0,TXN-0005682
2025-11-16,2025-11-16,CLIENT FUNDING - RTGS,,283537,-10504883.0,TXN-0005683
2025-11-25,2025-11-26,BANK / DP CHARGES,1649,,-10506532.0,TXN-0005684
2025-11-25,2025-11-25,MISC ADJUSTMENT,20554,,-10527086.0,TXN-0005685
2025-11-19,2025-11-19,BANK / DP CHARGES,334,,-10527420.0,TXN-0005686
2025-11-29,2025-12-01,BANK / DP CHARGES,1271,,-10528691.0,TXN-0005687
2025-11-21,2025-11-23,MISC ADJUSTMENT,44729,,-10573420.0,TXN-0005688
2025-11-19,2025-11-19,CLIENT FUNDING - RTGS,,187574,-10385846.0,TXN-0005689
2025-11-23,2025-11-23,BROKERAGE / TRADE SETTLEMENT,113420,,-10499266.0,TXN-0005690
2025-11-26,2025-11-28,PAYOUT TO CLIENT,87840,,-10587106.0,TXN-0005691
2025-11-25,2025-11-25,BROKERAGE / TRADE SETTLEMENT,111698,,-10698804.0,TXN-0005692
2025-11-16,2025-11-16,BROKERAGE / TRADE SETTLEMENT,40999,,-10739803.0,TXN-0005693
2025-11-28,2025-11-30,BANK / DP CHARGES,1736,,-10741539.0,TXN-0005694
2025-11-18,2025-11-20,CLIENT FUNDING - RTGS,,288733,-10452806.0,TXN-0005695
2025-11-29,2025-11-29,MISC ADJUSTMENT,,27650,-10425156.0,TXN-0005696
2025-11-16,2025-11-18,BANK / DP CHARGES,672,,-10425828.0,TXN-0005697
2025-11-21,2025-11-23,MISC ADJUSTMENT,,28657,-10397171.0,TXN-0005698
2025-11-26,2025-11-28,MISC ADJUSTMENT,,15405,-10381766.0,TXN-0005699
2025-11-19,2025-11-19,MISC ADJUSTMENT,,33370,-10348396.0,TXN-0005700
2025-11-29,2025-11-29,CLIENT FUNDING - RTGS,,228078,-10120318.0,TXN-0005701
2025-11-29,2025-11-29,PAYOUT TO CLIENT,82526,,-10202844.0,TXN-0005702
2025-11-20,2025-11-22,CLIENT FUNDING - RTGS,,87225,-10115619.0,TXN-0005703
2025-11-24,2025-11-25,BANK / DP CHARGES,1350,,-10116969.0,TXN-0005704
2025-11-24,2025-11-26,BROKERAGE / TRADE SETTLEMENT,73922,,-10190891.0,TXN-0005705
2025-11-19,2025-11-19,MISC ADJUSTMENT,41223,,-10232114.0,TXN-0005706
2025-11-28,2025-11-28,CLIENT FUNDING - RTGS,,118031,-10114083.0,TXN-0005707
2025-11-17,2025-11-19,CLIENT FUNDING - RTGS,,104532,-10009551.0,TXN-0005708
2025-11-16,2025-11-18,PAYOUT TO CLIENT,149321,,-10158872.0,TXN-0005709
2025-11-23,2025-11-25,MISC ADJUSTMENT,,5488,-10153384.0,TXN-0005710
2025-11-22,2025-11-22,BROKERAGE / TRADE SETTLEMENT,147434,,-10300818.0,TXN-0005711
2025-11-28,2025-11-29,BROKERAGE / TRADE SETTLEMENT,12713,,-10313531.0,TXN-0005712
2025-11-18,2025-11-18,PAYOUT TO CLIENT,86180,,-10399711.0,TXN-0005713
2025-11-22,2025-11-23,BROKERAGE / TRADE SETTLEMENT,139034,,-10538745.0,TXN-0005714
2025-11-17,2025-11-18,MISC ADJUSTMENT,48390,,-10587135.0,TXN-0005715
2025-11-15,2025-11-15,BROKERAGE / TRADE SETTLEMENT,136173,,-10723308.0,TXN-0005716
2025-11-17,2025-11-19,MISC ADJUSTMENT,21473,,-10744781.0,TXN-0005717
2025-11-21,2025-11-22,MISC ADJUSTMENT,31052,,-10775833.0,TXN-0005718
2025-11-18,2025-11-19,BROKERAGE / TRADE SETTLEMENT,31829,,-10807662.0,TXN-0005719
2025-11-23,2025-11-23,BROKERAGE / TRADE SETTLEMENT,113762,,-10921424.0,TXN-0005720
2025-11-24,2025-11-25,PAYOUT TO CLIENT,179412,,-11100836.0,TXN-0005721
2025-11-24,2025-11-24,MISC ADJUSTMENT,37655,,-11138491.0,TXN-0005722
2025-11-25,2025-11-25,CLIENT FUNDING - RTGS,,213886,-10924605.0,TXN-0005723
2025-11-27,2025-11-29,PAYOUT TO CLIENT,81606,,-11006211.0,TXN-0005724
2025-11-20,2025-11-21,BANK / DP CHARGES,1477,,-11007688.0,TXN-0005725
2025-11-25,2025-11-25,MISC ADJUSTMENT,23165,,-11030853.0,TXN-0005726
2025-11-28,2025-11-30,BANK / DP CHARGES,1626,,-11032479.0,TXN-0005727
2025-11-19,2025-11-19,BANK / DP CHARGES,572,,-11033051.0,TXN-0005728
2025-11-18,2025-11-18,MISC ADJUSTMENT,16279,,-11049330.0,TXN-0005729
2025-11-16,2025-11-16,CLIENT FUNDING - RTGS,,270692,-10778638.0,TXN-0005730
2025-11-20,2025-11-22,BROKERAGE / TRADE SETTLEMENT,11863,,-10790501.0,TXN-0005731
2025-11-29,2025-11-29,MISC ADJUSTMENT,,34802,-10755699.0,TXN-0005732
2025-11-16,2025-11-16,BROKERAGE / TRADE SETTLEMENT,41145,,-10796844.0,TXN-0005733
2025-11-19,2025-11-21,MISC ADJUSTMENT,39009,,-10835853.0,TXN-0005734
2025-11-18,2025-11-19,BROKERAGE / TRADE SETTLEMENT,79155,,-10915008.0,TXN-0005735
2025-11-21,2025-11-23,BROKERAGE / TRADE SETTLEMENT,83407,,-10998415.0,TXN-0005736
2025-11-18,2025-11-18,BANK / DP CHARGES,221,,-10998636.0,TXN-0005737
2025-11-23,2025-11-23,CLIENT FUNDING - RTGS,,67775,-10930861.0,TXN-0005738
2025-11-17,2025-11-17,PAYOUT TO CLIENT,105540,,-11036401.0,TXN-0005739
2025-11-19,2025-11-21,BROKERAGE / TRADE SETTLEMENT,49300,,-11085701.0,TXN-0005740
2025-11-21,2025-11-21,PAYOUT TO CLIENT,146558,,-11232259.0,TXN-0005741
2025-11-17,2025-11-17,BROKERAGE / TRADE SETTLEMENT,75254,,-11307513.0,TXN-0005742
2025-11-16,2025-11-18,BANK / DP CHARGES,737,,-11308250.0,TXN-0005743
2025-11-24,2025-11-24,MISC ADJUSTMENT,24665,,-11332915.0,TXN-0005744
2025-11-22,2025-11-23,BROKERAGE / TRADE SETTLEMENT,135101,,-11468016.0,TXN-0005745
2025-11-20,2025-11-20,MISC ADJUSTMENT,,34631,-11433385.0,TXN-0005746
2025-11-16,2025-11-16,BANK / DP CHARGES,1814,,-11435199.0,TXN-0005747
2025-11-19,2025-11-19,PAYOUT TO CLIENT,173065,,-11608264.0,TXN-0005748
2025-11-24,2025-11-26,CLIENT FUNDING - RTGS,,167312,-11440952.0,TXN-0005749
2025-11-23,2025-11-24,BANK / DP CHARGES,377,,-11441329.0,TXN-0005750
2025-11-20,2025-11-22,BROKERAGE / TRADE SETTLEMENT,125861,,-11567190.0,TXN-0005751
2025-11-15,2025-11-15,BROKERAGE / TRADE SETTLEMENT,62124,,-11629314.0,TXN-0005752
2025-11-29,2025-11-29,PAYOUT TO CLIENT,180905,,-11810219.0,TXN-0005753
2025-11-19,2025-11-20,PAYOUT TO CLIENT,96357,,-11906576.0,TXN-0005754
2025-11-28,2025-11-30,PAYOUT TO CLIENT,103170,,-12009746.0,TXN-0005755
2025-11-27,2025-11-29,BANK / DP CHARGES,1564,,-12011310.0,TXN-0005756
2025-11-25,2025-11-27,PAYOUT TO CLIENT,151034,,-12162344.0,TXN-0005757
2025-11-21,2025-11-23,PAYOUT TO CLIENT,98023,,-12260367.0,TXN-0005758
2025-11-26,2025-11-28,BANK / DP CHARGES,285,,-12260652.0,TXN-0005759
2025-11-21,2025-11-22,PAYOUT TO CLIENT,152430,,-12413082.0,TXN-0005760
2025-11-21,2025-11-21,CLIENT FUNDING - RTGS,,55696,-12357386.0,TXN-0005761
2025-11-24,2025-11-24,CLIENT FUNDING - RTGS,,247606,-12109780.0,TXN-0005762
2025-11-24,2025-11-25,BROKERAGE / TRADE SETTLEMENT,145654,,-12255434.0,TXN-0005763
2025-11-24,2025-11-24,PAYOUT TO CLIENT,193958,,-12449392.0,TXN-0005764
2025-11-23,2025-11-23,BANK / DP CHARGES,1539,,-12450931.0,TXN-0005765
2025-11-27,2025-11-29,MISC ADJUSTMENT,40274,,-12491205.0,TXN-0005766
2025-11-20,2025-11-20,MISC ADJUSTMENT,33853,,-12525058.0,TXN-0005767
2025-11-23,2025-11-24,PAYOUT TO CLIENT,113742,,-12638800.0,TXN-0005768
2025-11-21,2025-11-21,PAYOUT TO CLIENT,54864,,-12693664.0,TXN-0005769
2025-11-24,2025-11-25,BROKERAGE / TRADE SETTLEMENT,140499,,-12834163.0,TXN-0005770
2025-11-29,2025-11-29,PAYOUT TO CLIENT,85272,,-12919435.0,TXN-0005771
2025-11-20,2025-11-20,CLIENT FUNDING - RTGS,,206427,-12713008.0,TXN-0005772
2025-11-28,2025-11-28,MISC ADJUSTMENT,,9128,-12703880.0,TXN-0005773
2025-11-27,2025-11-27,CLIENT FUNDING - RTGS,,171251,-12532629.0,TXN-0005774
2025-11-29,2025-11-29,BANK / DP CHARGES,1905,,-12534534.0,TXN-0005775
2025-11-28,2025-11-30,MISC ADJUSTMENT,43553,,-12578087.0,TXN-0005776
2025-11-19,2025-11-21,BANK / DP CHARGES,586,,-12578673.0,TXN-0005777
2025-11-25,2025-11-25,MISC ADJUSTMENT,11865,,-12590538.0,TXN-0005778
2025-11-15,2025-11-17,CLIENT FUNDING - RTGS,,291818,-12298720.0,TXN-0005779
2025-11-19,2025-11-19,BANK / DP CHARGES,1588,,-12300308.0,TXN-0005780
2025-11-22,2025-11-24,PAYOUT TO CLIENT,158255,,-12458563.0,TXN-0005781
2025-11-20,2025-11-20,BANK / DP CHARGES,332,,-12458895.0,TXN-0005782
2025-11-24,2025-11-25,CLIENT FUNDING - RTGS,,271402,-12187493.0,TXN-0005783
2025-11-24,2025-11-25,PAYOUT TO CLIENT,188766,,-12376259.0,TXN-0005784
2025-11-29,2025-11-29,CLIENT FUNDING - RTGS,,224173,-12152086.0,TXN-0005785
2025-11-27,2025-11-28,BANK / DP CHARGES,1005,,-12153091.0,TXN-0005786
2025-11-15,2025-11-16,BROKERAGE / TRADE SETTLEMENT,60539,,-12213630.0,TXN-0005787
2025-11-25,2025-11-27,BROKERAGE / TRADE SETTLEMENT,13800,,-12227430.0,TXN-0005788
2025-11-25,2025-11-27,BANK / DP CHARGES,1125,,-12228555.0,TXN-0005789
2025-11-18,2025-11-18,PAYOUT TO CLIENT,184910,,-12413465.0,TXN-0005790
2025-11-20,2025-11-20,BANK / DP CHARGES,1478,,-12414943.0,TXN-0005791
2025-11-24,2025-11-24,BANK / DP CHARGES,1742,,-12416685.0,TXN-0005792
2025-11-28,2025-11-28,BANK / DP CHARGES,186,,-12416871.0,TXN-0005793
2025-11-29,2025-11-29,MISC ADJUSTMENT,32904,,-12449775.0,TXN-0005794
2025-11-22,2025-11-23,BROKERAGE / TRADE SETTLEMENT,105616,,-12555391.0,TXN-0005795
2025-11-21,2025-11-21,CLIENT FUNDING - RTGS,,231417,-12323974.0,TXN-0005796
2025-11-15,2025-11-15,MISC ADJUSTMENT,,41417,-12282557.0,TXN-0005797
2025-11-19,2025-11-19,BANK / DP CHARGES,552,,-12283109.0,TXN-0005798
2025-11-19,2025-11-21,CLIENT FUNDING - RTGS,,257011,-12026098.0,TXN-0005799
2025-11-16,2025-11-16,MISC ADJUSTMENT,39945,,-12066043.0,TXN-0005800
2025-11-20,2025-11-20,BANK / DP CHARGES,1187,,-12067230.0,TXN-0005801
2025-11-20,2025-11-22,BROKERAGE / TRADE SETTLEMENT,123519,,-12190749.0,TXN-0005802
2025-11-25,2025-11-27,PAYOUT TO CLIENT,112381,,-12303130.0,TXN-0005803
2025-11-19,2025-11-21,CLIENT FUNDING - RTGS,,226432,-12076698.0,TXN-0005804
2025-11-20,2025-11-20,CLIENT FUNDING - RTGS,,134627,-11942071.0,TXN-0005805
2025-11-19,2025-11-19,MISC ADJUSTMENT,,9101,-11932970.0,TXN-0005806
2025-11-15,2025-11-15,BANK / DP CHARGES,217,,-11933187.0,TXN-0005807
2025-11-21,2025-11-22,CLIENT FUNDING - RTGS,,147173,-11786014.0,TXN-0005808
2025-11-18,2025-11-18,BANK / DP CHARGES,1105,,-11787119.0,TXN-0005809
2025-11-27,2025-11-27,CLIENT FUNDING - RTGS,,70774,-11716345.0,TXN-0005810
2025-11-17,2025-11-17,BANK / DP CHARGES,833,,-11717178.0,TXN-0005811
2025-11-18,2025-11-18,BROKERAGE / TRADE SETTLEMENT,78249,,-11795427.0,TXN-0005812
2025-11-23,2025-11-24,BROKERAGE / TRADE SETTLEMENT,61183,,-11856610.0,TXN-0005813
2025-11-21,2025-11-22,PAYOUT TO CLIENT,84128,,-11940738.0,TXN-0005814
2025-11-21,2025-11-22,BANK / DP CHARGES,634,,-11941372.0,TXN-0005815
2025-11-26,2025-11-26,PAYOUT TO CLIENT,96002,,-12037374.0,TXN-0005816
2025-11-28,2025-11-28,BROKERAGE / TRADE SETTLEMENT,105803,,-12143177.0,TXN-0005817
2025-11-22,2025-11-24,BANK / DP CHARGES,1102,,-12144279.0,TXN-0005818
2025-11-24,2025-11-26,PAYOUT TO CLIENT,149781,,-12294060.0,TXN-0005819
2025-11-28,2025-11-28,PAYOUT TO CLIENT,95191,,-12389251.0,TXN-0005820
2025-11-23,2025-11-23,BANK / DP CHARGES,880,,-12390131.0,TXN-0005821
2025-11-16,2025-11-18,BROKERAGE / TRADE SETTLEMENT,92606,,-12482737.0,TXN-0005822
2025-11-28,2025-11-30,BANK / DP CHARGES,1074,,-12483811.0,TXN-0005823
2025-11-17,2025-11-18,BANK / DP CHARGES,1472,,-12485283.0,TXN-0005824
2025-11-18,2025-11-20,MISC ADJUSTMENT,,20708,-12464575.0,TXN-0005825
2025-11-17,2025-11-18,BROKERAGE / TRADE SETTLEMENT,106549,,-12571124.0,TXN-0005826
2025-11-21,2025-11-21,MISC ADJUSTMENT,,14955,-12556169.0,TXN-0005827
2025-11-28,2025-11-29,PAYOUT TO CLIENT,64899,,-12621068.0,TXN-0005828
2025-11-17,2025-11-19,BROKERAGE / TRADE SETTLEMENT,95841,,-12716909.0,TXN-0005829
2025-11-28,2025-11-28,BROKERAGE / TRADE SETTLEMENT,126406,,-12843315.0,TXN-0005830
2025-11-25,2025-11-26,BANK / DP CHARGES,1477,,-12844792.0,TXN-0005831
2025-11-19,2025-11-20,CLIENT FUNDING - RTGS,,135784,-12709008.0,TXN-0005832
2025-11-16,2025-11-16,CLIENT FUNDING - RTGS,,221096,-12487912.0,TXN-0005833
2025-11-26,2025-11-28,MISC ADJUSTMENT,,49370,-12438542.0,TXN-0005834
2025-11-23,2025-11-25,PAYOUT TO CLIENT,88537,,-12527079.0,TXN-0005835
2025-11-29,2025-12-01,MISC ADJUSTMENT,,36272,-12490807.0,TXN-0005836
2025-11-23,2025-11-23,PAYOUT TO CLIENT,75889,,-12566696.0,TXN-0005837
2025-11-26,2025-11-26,MISC ADJUSTMENT,18941,,-12585637.0,TXN-0005838
2025-11-23,2025-11-23,PAYOUT TO CLIENT,179112,,-12764749.0,TXN-0005839
2025-11-25,2025-11-27,CLIENT FUNDING - RTGS,,163710,-12601039.0,TXN-0005840
2025-11-17,2025-11-17,BANK / DP CHARGES,198,,-12601237.0,TXN-0005841
2025-11-28,2025-11-30,MISC ADJUSTMENT,42928,,-12644165.0,TXN-0005842
2025-11-26,2025-11-28,CLIENT FUNDING - RTGS,,294608,-12349557.0,TXN-0005843
2025-11-15,2025-11-16,CLIENT FUNDING - RTGS,,80514,-12269043.0,TXN-0005844
2025-11-25,2025-11-27,BANK / DP CHARGES,550,,-12269593.0,TXN-0005845
2025-11-25,2025-11-27,BROKERAGE / TRADE SETTLEMENT,98914,,-12368507.0,TXN-0005846
2025-11-28,2025-11-28,PAYOUT TO CLIENT,178853,,-12547360.0,TXN-0005847
2025-11-28,2025-11-30,MISC ADJUSTMENT,,48747,-12498613.0,TXN-0005848
2025-11-25,2025-11-26,BANK / DP CHARGES,490,,-12499103.0,TXN-0005849
2025-11-22,2025-11-24,BROKERAGE / TRADE SETTLEMENT,131596,,-12630699.0,TXN-0005850
2025-11-18,2025-11-20,BANK / DP CHARGES,1256,,-12631955.0,TXN-0005851
2025-11-26,2025-11-26,PAYOUT TO CLIENT,51212,,-12683167.0,TXN-0005852
2025-11-15,2025-11-15,BROKERAGE / TRADE SETTLEMENT,43525,,-12726692.0,TXN-0005853
2025-11-21,2025-11-22,PAYOUT TO CLIENT,175497,,-12902189.0,TXN-0005854
2025-11-15,2025-11-15,CLIENT FUNDING - RTGS,,138976,-12763213.0,TXN-0005855
2025-11-27,2025-11-27,CLIENT FUNDING - RTGS,,133016,-12630197.0,TXN-0005856
2025-11-18,2025-11-20,BROKERAGE / TRADE SETTLEMENT,102226,,-12732423.0,TXN-0005857
2025-11-27,2025-11-27,CLIENT FUNDING - RTGS,,148622,-12583801.0,TXN-0005858
2025-11-19,2025-11-21,BANK / DP CHARGES,1508,,-12585309.0,TXN-0005859
2025-11-22,2025-11-23,CLIENT FUNDING - RTGS,,138739,-12446570.0,TXN-0005860
2025-11-22,2025-11-22,CLIENT FUNDING - RTGS,,238970,-12207600.0,TXN-0005861
2025-11-28,2025-11-30,CLIENT FUNDING - RTGS,,115515,-12092085.0,TXN-0005862
2025-11-25,2025-11-27,MISC ADJUSTMENT,,47626,-12044459.0,TXN-0005863
2025-11-26,2025-11-28,BANK / DP CHARGES,1266,,-12045725.0,TXN-0005864
2025-11-19,2025-11-19,BROKERAGE / TRADE SETTLEMENT,90266,,-12135991.0,TXN-0005865
2025-11-26,2025-11-26,MISC ADJUSTMENT,,37780,-12098211.0,TXN-0005866
2025-11-27,2025-11-28,MISC ADJUSTMENT,,48227,-12049984.0,TXN-0005867
2025-11-27,2025-11-27,CLIENT FUNDING - RTGS,,157351,-11892633.0,TXN-0005868
2025-11-16,2025-11-16,PAYOUT TO CLIENT,22839,,-11915472.0,TXN-0005869
2025-11-23,2025-11-23,PAYOUT TO CLIENT,171680,,-12087152.0,TXN-0005870
2025-11-15,2025-11-16,BANK / DP CHARGES,1507,,-12088659.0,TXN-0005871
2025-11-18,2025-11-19,MISC ADJUSTMENT,,15368,-12073291.0,TXN-0005872
2025-11-20,2025-11-22,BROKERAGE / TRADE SETTLEMENT,31813,,-12105104.0,TXN-0005873
2025-11-22,2025-11-23,MISC ADJUSTMENT,34870,,-12139974.0,TXN-0005874
2025-11-24,2025-11-24,BANK / DP CHARGES,792,,-12140766.0,TXN-0005875
2025-11-17,2025-11-17,CLIENT FUNDING - RTGS,,104019,-12036747.0,TXN-0005876
2025-11-15,2025-11-15,BANK / DP CHARGES,890,,-12037637.0,TXN-0005877
2025-11-20,2025-11-21,CLIENT FUNDING - RTGS,,277379,-11760258.0,TXN-0005878
2025-11-28,2025-11-29,BANK / DP CHARGES,764,,-11761022.0,TXN-0005879
2025-11-17,2025-11-19,MISC ADJUSTMENT,13146,,-11774168.0,TXN-0005880
2025-11-19,2025-11-21,CLIENT FUNDING - RTGS,,218622,-11555546.0,TXN-0005881
2025-11-18,2025-11-18,MISC ADJUSTMENT,26091,,-11581637.0,TXN-0005882
2025-11-26,2025-11-28,BROKERAGE / TRADE SETTLEMENT,28318,,-11609955.0,TXN-0005883
2025-11-26,2025-11-26,MISC ADJUSTMENT,48760,,-11658715.0,TXN-0005884
2025-11-23,2025-11-23,BANK / DP CHARGES,412,,-11659127.0,TXN-0005885
2025-11-17,2025-11-17,MISC ADJUSTMENT,,24844,-11634283.0,TXN-0005886
2025-11-15,2025-11-16,BROKERAGE / TRADE SETTLEMENT,43133,,-11677416.0,TXN-0005887
2025-11-17,2025-11-19,MISC ADJUSTMENT,49235,,-11726651.0,TXN-0005888
2025-11-25,2025-11-25,CLIENT FUNDING - RTGS,,138694,-11587957.0,TXN-0005889
2025-11-25,2025-11-25,MISC ADJUSTMENT,,38418,-11549539.0,TXN-0005890
2025-11-18,2025-11-18,BROKERAGE / TRADE SETTLEMENT,109765,,-11659304.0,TXN-0005891
2025-11-22,2025-11-23,MISC ADJUSTMENT,21757,,-11681061.0,TXN-0005892
2025-11-23,2025-11-23,PAYOUT TO CLIENT,103238,,-11784299.0,TXN-0005893
2025-11-23,2025-11-24,CLIENT FUNDING - RTGS,,267738,-11516561.0,TXN-0005894
2025-11-20,2025-11-20,MISC ADJUSTMENT,19022,,-11535583.0,TXN-0005895
2025-11-16,2025-11-16,CLIENT FUNDING - RTGS,,275254,-11260329.0,TXN-0005896
2025-11-24,2025-11-24,CLIENT FUNDING - RTGS,,154423,-11105906.0,TXN-0005897
2025-11-18,2025-11-20,BANK / DP CHARGES,453,,-11106359.0,TXN-0005898
2025-11-24,2025-11-24,CLIENT FUNDING - RTGS,,264689,-10841670.0,TXN-0005899
2025-11-19,2025-11-21,CLIENT FUNDING - RTGS,,262496,-10579174.0,TXN-0005900
2025-11-24,2025-11-24,CLIENT FUNDING - RTGS,,224272,-10354902.0,TXN-0005901
2025-11-24,2025-11-25,MISC ADJUSTMENT,47901,,-10402803.0,TXN-0005902
2025-11-28,2025-11-28,BROKERAGE / TRADE SETTLEMENT,53879,,-10456682.0,TXN-0005903
2025-11-25,2025-11-27,BANK / DP CHARGES,1476,,-10458158.0,TXN-0005904
2025-11-15,2025-11-17,PAYOUT TO CLIENT,54440,,-10512598.0,TXN-0005905
2025-11-22,2025-11-22,BROKERAGE / TRADE SETTLEMENT,66902,,-10579500.0,TXN-0005906
2025-11-29,2025-11-29,MISC ADJUSTMENT,14888,,-10594388.0,TXN-0005907
2025-11-25,2025-11-25,PAYOUT TO CLIENT,124755,,-10719143.0,TXN-0005908
2025-11-21,2025-11-21,MISC ADJUSTMENT,,9254,-10709889.0,TXN-0005909
2025-11-18,2025-11-20,PAYOUT TO CLIENT,71660,,-10781549.0,TXN-0005910
2025-11-20,2025-11-21,MISC ADJUSTMENT,,20442,-10761107.0,TXN-0005911
2025-11-15,2025-11-17,PAYOUT TO CLIENT,179156,,-10940263.0,TXN-0005912
2025-11-25,2025-11-27,PAYOUT TO CLIENT,55596,,-10995859.0,TXN-0005913
2025-11-19,2025-11-19,CLIENT FUNDING - RTGS,,226870,-10768989.0,TXN-0005914
2025-11-22,2025-11-22,BROKERAGE / TRADE SETTLEMENT,37183,,-10806172.0,TXN-0005915
2025-11-21,2025-11-21,BROKERAGE / TRADE SETTLEMENT,133347,,-10939519.0,TXN-0005916
2025-11-29,2025-11-29,BANK / DP CHARGES,191,,-10939710.0,TXN-0005917
2025-11-26,2025-11-28,BROKERAGE / TRADE SETTLEMENT,109190,,-11048900.0,TXN-0005918
2025-11-22,2025-11-22,BANK / DP CHARGES,1569,,-11050469.0,TXN-0005919
2025-11-23,2025-11-23,BANK / DP CHARGES,360,,-11050829.0,TXN-0005920
2025-11-29,2025-12-01,BANK / DP CHARGES,656,,-11051485.0,TXN-0005921
2025-11-29,2025-11-29,BROKERAGE / TRADE SETTLEMENT,148690,,-11200175.0,TXN-0005922
2025-11-23,2025-11-25,PAYOUT TO CLIENT,130532,,-11330707.0,TXN-0005923
2025-11-23,2025-11-23,CLIENT FUNDING - RTGS,,95262,-11235445.0,TXN-0005924
2025-11-26,2025-11-28,MISC ADJUSTMENT,,13704,-11221741.0,TXN-0005925
2025-11-29,2025-11-30,MISC ADJUSTMENT,,28862,-11192879.0,TXN-0005926
2025-11-27,2025-11-28,MISC ADJUSTMENT,27637,,-11220516.0,TXN-0005927
2025-11-29,2025-12-01,MISC ADJUSTMENT,21585,,-11242101.0,TXN-0005928
2025-11-21,2025-11-22,MISC ADJUSTMENT,7169,,-11249270.0,TXN-0005929
2025-11-16,2025-11-16,PAYOUT TO CLIENT,87505,,-11336775.0,TXN-0005930
2025-11-25,2025-11-25,BANK / DP CHARGES,1925,,-11338700.0,TXN-0005931
2025-11-28,2025-11-28,BANK / DP CHARGES,1957,,-11340657.0,TXN-0005932
2025-11-18,2025-11-18,MISC ADJUSTMENT,,42739,-11297918.0,TXN-0005933
2025-11-23,2025-11-24,MISC ADJUSTMENT,14563,,-11312481.0,TXN-0005934
2025-11-19,2025-11-19,PAYOUT TO CLIENT,66616,,-11379097.0,TXN-0005935
2025-11-20,2025-11-22,CLIENT FUNDING - RTGS,,60940,-11318157.0,TXN-0005936
2025-11-28,2025-11-30,PAYOUT TO CLIENT,149628,,-11467785.0,TXN-0005937
2025-11-29,2025-11-29,BROKERAGE / TRADE SETTLEMENT,128038,,-11595823.0,TXN-0005938
2025-11-19,2025-11-19,MISC ADJUSTMENT,38439,,-11634262.0,TXN-0005939
2025-11-26,2025-11-28,CLIENT FUNDING - RTGS,,55888,-11578374.0,TXN-0005940
2025-11-21,2025-11-22,BROKERAGE / TRADE SETTLEMENT,69004,,-11647378.0,TXN-0005941
2025-11-20,2025-11-22,BANK / DP CHARGES,969,,-11648347.0,TXN-0005942
2025-11-25,2025-11-25,BANK / DP CHARGES,586,,-11648933.0,TXN-0005943
2025-11-26,2025-11-28,BROKERAGE / TRADE SETTLEMENT,35762,,-11684695.0,TXN-0005944
2025-11-28,2025-11-29,BANK / DP CHARGES,1942,,-11686637.0,TXN-0005945
2025-11-18,2025-11-18,PAYOUT TO CLIENT,160675,,-11847312.0,TXN-0005946
2025-11-18,2025-11-18,BROKERAGE / TRADE SETTLEMENT,89282,,-11936594.0,TXN-0005947
2025-11-20,2025-11-20,MISC ADJUSTMENT,,9220,-11927374.0,TXN-0005948
2025-11-15,2025-11-16,PAYOUT TO CLIENT,86513,,-12013887.0,TXN-0005949
2025-11-21,2025-11-21,BROKERAGE / TRADE SETTLEMENT,94046,,-12107933.0,TXN-0005950
2025-11-27,2025-11-27,PAYOUT TO CLIENT,129451,,-12237384.0,TXN-0005951
2025-11-24,2025-11-25,MISC ADJUSTMENT,45370,,-12282754.0,TXN-0005952
2025-11-26,2025-11-26,CLIENT FUNDING - RTGS,,178598,-12104156.0,TXN-0005953
2025-11-25,2025-11-25,PAYOUT TO CLIENT,37430,,-12141586.0,TXN-0005954
2025-11-25,2025-11-25,CLIENT FUNDING - RTGS,,270046,-11871540.0,TXN-0005955
2025-11-28,2025-11-29,BROKERAGE / TRADE SETTLEMENT,89384,,-11960924.0,TXN-0005956
2025-11-15,2025-11-15,PAYOUT TO CLIENT,144060,,-12104984.0,TXN-0005957
2025-11-23,2025-11-24,CLIENT FUNDING - RTGS,,194823,-11910161.0,TXN-0005958
2025-11-23,2025-11-25,PAYOUT TO CLIENT,196498,,-12106659.0,TXN-0005959
2025-11-28,2025-11-30,PAYOUT TO CLIENT,130839,,-12237498.0,TXN-0005960
2025-11-28,2025-11-30,BANK / DP CHARGES,516,,-12238014.0,TXN-0005961
2025-11-18,2025-11-18,PAYOUT TO CLIENT,153320,,-12391334.0,TXN-0005962
2025-11-25,2025-11-27,BROKERAGE / TRADE SETTLEMENT,108198,,-12499532.0,TXN-0005963
2025-11-25,2025-11-26,MISC ADJUSTMENT,41546,,-12541078.0,TXN-0005964
2025-11-18,2025-11-19,PAYOUT TO CLIENT,135665,,-12676743.0,TXN-0005965
2025-11-28,2025-11-30,BROKERAGE / TRADE SETTLEMENT,52756,,-12729499.0,TXN-0005966
2025-11-24,2025-11-25,BROKERAGE / TRADE SETTLEMENT,15772,,-12745271.0,TXN-0005967
2025-11-26,2025-11-27,BANK / DP CHARGES,1748,,-12747019.0,TXN-0005968
2025-11-17,2025-11-17,BANK / DP CHARGES,916,,-12747935.0,TXN-0005969
2025-11-26,2025-11-26,CLIENT FUNDING - RTGS,,144357,-12603578.0,TXN-0005970
2025-11-29,2025-11-29,BANK / DP CHARGES,1672,,-12605250.0,TXN-0005971
2025-11-25,2025-11-25,CLIENT FUNDING - RTGS,,243998,-12361252.0,TXN-0005972
2025-11-15,2025-11-16,CLIENT FUNDING - RTGS,,254021,-12107231.0,TXN-0005973
2025-11-26,2025-11-26,MISC ADJUSTMENT,20090,,-12127321.0,TXN-0005974
2025-11-20,2025-11-22,PAYOUT TO CLIENT,79043,,-12206364.0,TXN-0005975
2025-11-25,2025-11-25,BROKERAGE / TRADE SETTLEMENT,75403,,-12281767.0,TXN-0005976
2025-11-25,2025-11-27,CLIENT FUNDING - RTGS,,83870,-12197897.0,TXN-0005977
2025-11-26,2025-11-26,MISC ADJUSTMENT,39833,,-12237730.0,TXN-0005978
2025-11-20,2025-11-21,BROKERAGE / TRADE SETTLEMENT,87731,,-12325461.0,TXN-0005979
2025-11-28,2025-11-28,BANK / DP CHARGES,1547,,-12327008.0,TXN-0005980
2025-11-23,2025-11-23,BANK / DP CHARGES,157,,-12327165.0,TXN-0005981
2025-11-17,2025-11-19,CLIENT FUNDING - RTGS,,166767,-12160398.0,TXN-0005982
2025-11-22,2025-11-22,PAYOUT TO CLIENT,122666,,-12283064.0,TXN-0005983
2025-11-16,2025-11-16,BROKERAGE / TRADE SETTLEMENT,50364,,-12333428.0,TXN-0005984
2025-11-20,2025-11-20,PAYOUT TO CLIENT,137547,,-12470975.0,TXN-0005985
2025-11-19,2025-11-20,PAYOUT TO CLIENT,48568,,-12519543.0,TXN-0005986
2025-11-26,2025-11-26,CLIENT FUNDING - RTGS,,293876,-12225667.0,TXN-0005987
2025-11-28,2025-11-29,MISC ADJUSTMENT,,26382,-12199285.0,TXN-0005988
2025-11-22,2025-11-22,CLIENT FUNDING - RTGS,,220376,-11978909.0,TXN-0005989
2025-11-20,2025-11-20,MISC ADJUSTMENT,,18686,-11960223.0,TXN-0005990
2025-11-18,2025-11-18,BROKERAGE / TRADE SETTLEMENT,22483,,-11982706.0,TXN-0005991
2025-11-29,2025-11-29,MISC ADJUSTMENT,,48032,-11934674.0,TXN-0005992
2025-11-26,2025-11-27,MISC ADJUSTMENT,7864,,-11942538.0,TXN-0005993
2025-11-16,2025-11-16,MISC ADJUSTMENT,9462,,-11952000.0,TXN-0005994
2025-11-18,2025-11-20,PAYOUT TO CLIENT,61766,,-12013766.0,TXN-0005995
2025-11-17,2025-11-17,BANK / DP CHARGES,637,,-12014403.0,TXN-0005996
2025-11-18,2025-11-18,MISC ADJUSTMENT,37214,,-12051617.0,TXN-0005997
2025-11-23,2025-11-23,MISC ADJUSTMENT,,16077,-12035540.0,TXN-0005998
2025-11-23,2025-11-24,CLIENT FUNDING - RTGS,,186650,-11848890.0,TXN-0005999
2025-11-18,2025-11-18,MISC ADJUSTMENT,8375,,-11857265.0,TXN-0006000
2025-11-29,2025-12-01,CLIENT FUNDING - RTGS,,97716,-11759549.0,TXN-0006001
2025-11-28,2025-11-28,BANK / DP CHARGES,1945,,-11761494.0,TXN-0006002
2025-11-24,2025-11-24,MISC ADJUSTMENT,41152,,-11802646.0,TXN-0006003
2025-11-23,2025-11-25,BANK / DP CHARGES,537,,-11803183.0,TXN-0006004
2025-11-27,2025-11-27,MISC ADJUSTMENT,19267,,-11822450.0,TXN-0006005
2025-11-18,2025-11-18,PAYOUT TO CLIENT,51894,,-11874344.0,TXN-0006006
2025-11-26,2025-11-28,BANK / DP CHARGES,1990,,-11876334.0,TXN-0006007
2025-11-16,2025-11-16,CLIENT FUNDING - RTGS,,221951,-11654383.0,TXN-0006008
2025-11-21,2025-11-21,BANK / DP CHARGES,591,,-11654974.0,TXN-0006009
2025-11-26,2025-11-26,BANK / DP CHARGES,1452,,-11656426.0,TXN-0006010
2025-11-15,2025-11-16,CLIENT FUNDING - RTGS,,216032,-11440394.0,TXN-0006011
2025-11-29,2025-11-29,BANK / DP CHARGES,593,,-11440987.0,TXN-0006012
2025-11-21,2025-11-21,MISC ADJUSTMENT,,46234,-11394753.0,TXN-0006013
2025-11-15,2025-11-17,BROKERAGE / TRADE SETTLEMENT,81839,,-11476592.0,TXN-0006014
2025-11-28,2025-11-29,BANK / DP CHARGES,1697,,-11478289.0,TXN-0006015
2025-11-20,2025-11-20,BROKERAGE / TRADE SETTLEMENT,128068,,-11606357.0,TXN-0006016
2025-11-25,2025-11-25,BANK / DP CHARGES,1400,,-11607757.0,TXN-0006017
2025-11-27,2025-11-29,CLIENT FUNDING - RTGS,,266029,-11341728.0,TXN-0006018
2025-11-15,2025-11-15,MISC ADJUSTMENT,,46349,-11295379.0,TXN-0006019
2025-11-26,2025-11-26,MISC ADJUSTMENT,,26293,-11269086.0,TXN-0006020
2025-11-22,2025-11-22,BROKERAGE / TRADE SETTLEMENT,92500,,-11361586.0,TXN-0006021
2025-11-20,2025-11-20,PAYOUT TO CLIENT,197699,,-11559285.0,TXN-0006022
2025-11-26,2025-11-27,BROKERAGE / TRADE SETTLEMENT,75987,,-11635272.0,TXN-0006023
2025-11-24,2025-11-24,PAYOUT TO CLIENT,87563,,-11722835.0,TXN-0006024
2025-11-28,2025-11-28,BANK / DP CHARGES,1894,,-11724729.0,TXN-0006025
2025-11-18,2025-11-20,CLIENT FUNDING - RTGS,,84619,-11640110.0,TXN-0006026
2025-11-20,2025-11-22,BROKERAGE / TRADE SETTLEMENT,136808,,-11776918.0,TXN-0006027
2025-11-28,2025-11-28,BANK / DP CHARGES,554,,-11777472.0,TXN-0006028
2025-11-24,2025-11-25,MISC ADJUSTMENT,,10461,-11767011.0,TXN-0006029
2025-11-19,2025-11-20,MISC ADJUSTMENT,,40344,-11726667.0,TXN-0006030
2025-11-24,2025-11-26,PAYOUT TO CLIENT,175782,,-11902449.0,TXN-0006031
2025-11-26,2025-11-28,PAYOUT TO CLIENT,189417,,-12091866.0,TXN-0006032
2025-11-26,2025-11-26,MISC ADJUSTMENT,28869,,-12120735.0,TXN-0006033
2025-11-29,2025-11-30,CLIENT FUNDING - RTGS,,146526,-11974209.0,TXN-0006034
2025-11-29,2025-12-01,BANK / DP CHARGES,575,,-11974784.0,TXN-0006035
2025-11-15,2025-11-15,MISC ADJUSTMENT,,48748,-11926036.0,TXN-0006036
2025-11-20,2025-11-20,BROKERAGE / TRADE SETTLEMENT,128838,,-12054874.0,TXN-0006037
2025-11-28,2025-11-30,BANK / DP CHARGES,1759,,-12056633.0,TXN-0006038
2025-11-19,2025-11-20,CLIENT FUNDING - RTGS,,180466,-11876167.0,TXN-0006039
2025-11-28,2025-11-28,BROKERAGE / TRADE SETTLEMENT,105671,,-11981838.0,TXN-0006040
2025-11-19,2025-11-21,CLIENT FUNDING - RTGS,,222314,-11759524.0,TXN-0006041
2025-11-18,2025-11-18,BANK / DP CHARGES,1365,,-11760889.0,TXN-0006042
2025-11-17,2025-11-17,PAYOUT TO CLIENT,194007,,-11954896.0,TXN-0006043
2025-11-22,2025-11-24,CLIENT FUNDING - RTGS,,195119,-11759777.0,TXN-0006044
2025-11-24,2025-11-26,BROKERAGE / TRADE SETTLEMENT,22941,,-11782718.0,TXN-0006045
2025-11-17,2025-11-17,BANK / DP CHARGES,1616,,-11784334.0,TXN-0006046
2025-11-18,2025-11-20,PAYOUT TO CLIENT,119240,,-11903574.0,TXN-0006047
2025-11-20,2025-11-22,CLIENT FUNDING - RTGS,,194672,-11708902.0,TXN-0006048
2025-11-21,2025-11-22,PAYOUT TO CLIENT,125345,,-11834247.0,TXN-0006049
2025-11-17,2025-11-19,CLIENT FUNDING - RTGS,,195315,-11638932.0,TXN-0006050
2025-11-21,2025-11-21,PAYOUT TO CLIENT,73810,,-11712742.0,TXN-0006051
2025-11-18,2025-11-19,BANK / DP CHARGES,1592,,-11714334.0,TXN-0006052
2025-11-29,2025-11-29,PAYOUT TO CLIENT,38335,,-11752669.0,TXN-0006053
2025-11-17,2025-11-17,BANK / DP CHARGES,966,,-11753635.0,TXN-0006054
2025-11-17,2025-11-17,MISC ADJUSTMENT,,31958,-11721677.0,TXN-0006055
2025-11-27,2025-11-27,BANK / DP CHARGES,779,,-11722456.0,TXN-0006056
2025-11-29,2025-11-29,BANK / DP CHARGES,615,,-11723071.0,TXN-0006057
2025-11-21,2025-11-22,MISC ADJUSTMENT,,18057,-11705014.0,TXN-0006058
2025-11-16,2025-11-16,BROKERAGE / TRADE SETTLEMENT,25390,,-11730404.0,TXN-0006059
2025-11-25,2025-11-27,CLIENT FUNDING - RTGS,,107995,-11622409.0,TXN-0006060
2025-11-17,2025-11-17,BANK / DP CHARGES,1424,,-11623833.0,TXN-0006061
2025-11-20,2025-11-22,BROKERAGE / TRADE SETTLEMENT,44676,,-11668509.0,TXN-0006062
2025-11-15,2025-11-17,BROKERAGE / TRADE SETTLEMENT,53987,,-11722496.0,TXN-0006063
2025-11-26,2025-11-26,BROKERAGE / TRADE SETTLEMENT,23801,,-11746297.0,TXN-0006064
2025-11-19,2025-11-19,BANK / DP CHARGES,1962,,-11748259.0,TXN-0006065
2025-11-22,2025-11-22,BROKERAGE / TRADE SETTLEMENT,147001,,-11895260.0,TXN-0006066
2025-11-16,2025-11-17,BROKERAGE / TRADE SETTLEMENT,99872,,-11995132.0,TXN-0006067
2025-11-15,2025-11-16,MISC ADJUSTMENT,6968,,-12002100.0,TXN-0006068
2025-11-20,2025-11-22,BROKERAGE / TRADE SETTLEMENT,26705,,-12028805.0,TXN-0006069
2025-11-24,2025-11-25,CLIENT FUNDING - RTGS,,54080,-11974725.0,TXN-0006070
2025-11-28,2025-11-30,MISC ADJUSTMENT,,45898,-11928827.0,TXN-0006071
2025-11-26,2025-11-26,BROKERAGE / TRADE SETTLEMENT,118966,,-12047793.0,TXN-0006072
2025-11-25,2025-11-26,BANK / DP CHARGES,1810,,-12049603.0,TXN-0006073
2025-11-25,2025-11-27,PAYOUT TO CLIENT,167036,,-12216639.0,TXN-0006074
2025-11-23,2025-11-23,BROKERAGE / TRADE SETTLEMENT,18113,,-12234752.0,TXN-0006075
2025-11-22,2025-11-22,CLIENT FUNDING - RTGS,,296369,-11938383.0,TXN-0006076
2025-11-18,2025-11-18,CLIENT FUNDING - RTGS,,173505,-11764878.0,TXN-0006077
2025-11-25,2025-11-27,PAYOUT TO CLIENT,149574,,-11914452.0,TXN-0006078
2025-11-23,2025-11-23,BROKERAGE / TRADE SETTLEMENT,145667,,-12060119.0,TXN-0006079
2025-11-16,2025-11-16,CLIENT FUNDING - RTGS,,179119,-11881000.0,TXN-0006080
2025-11-21,2025-11-21,BROKERAGE / TRADE SETTLEMENT,16479,,-11897479.0,TXN-0006081
2025-11-19,2025-11-20,BROKERAGE / TRADE SETTLEMENT,107122,,-12004601.0,TXN-0006082
2025-11-22,2025-11-22,PAYOUT TO CLIENT,192035,,-12196636.0,TXN-0006083
2025-11-23,2025-11-25,BANK / DP CHARGES,360,,-12196996.0,TXN-0006084
2025-11-25,2025-11-25,MISC ADJUSTMENT,28088,,-12225084.0,TXN-0006085
2025-11-16,2025-11-18,BROKERAGE / TRADE SETTLEMENT,137009,,-12362093.0,TXN-0006086
2025-11-26,2025-11-27,PAYOUT TO CLIENT,171254,,-12533347.0,TXN-0006087
2025-11-16,2025-11-18,PAYOUT TO CLIENT,174227,,-12707574.0,TXN-0006088
2025-11-15,2025-11-15,MISC ADJUSTMENT,,6338,-12701236.0,TXN-0006089
2025-11-25,2025-11-26,BROKERAGE / TRADE SETTLEMENT,22027,,-12723263.0,TXN-0006090
2025-11-25,2025-11-26,CLIENT FUNDING - RTGS,,89956,-12633307.0,TXN-0006091
2025-11-26,2025-11-26,PAYOUT TO CLIENT,160289,,-12793596.0,TXN-0006092
2025-11-22,2025-11-22,BANK / DP CHARGES,586,,-12794182.0,TXN-0006093
2025-11-24,2025-11-24,MISC ADJUSTMENT,39173,,-12833355.0,TXN-0006094
2025-11-17,2025-11-18,PAYOUT TO CLIENT,69562,,-12902917.0,TXN-0006095
2025-11-28,2025-11-28,PAYOUT TO CLIENT,139972,,-13042889.0,TXN-0006096
2025-11-22,2025-11-23,CLIENT FUNDING - RTGS,,160963,-12881926.0,TXN-0006097
2025-11-17,2025-11-17,CLIENT FUNDING - RTGS,,238042,-12643884.0,TXN-0006098
2025-11-20,2025-11-21,MISC ADJUSTMENT,18329,,-12662213.0,TXN-0006099
2025-11-20,2025-11-20,MISC ADJUSTMENT,,41023,-12621190.0,TXN-0006100
2025-11-26,2025-11-27,CLIENT FUNDING - RTGS,,200251,-12420939.0,TXN-0006101
2025-11-16,2025-11-16,BANK / DP CHARGES,147,,-12421086.0,TXN-0006102
2025-11-28,2025-11-28,MISC ADJUSTMENT,,39627,-12381459.0,TXN-0006103
2025-11-28,2025-11-29,BANK / DP CHARGES,799,,-12382258.0,TXN-0006104
2025-11-23,2025-11-23,PAYOUT TO CLIENT,36652,,-12418910.0,TXN-0006105
2025-11-25,2025-11-25,PAYOUT TO CLIENT,69498,,-12488408.0,TXN-0006106
2025-11-28,2025-11-28,CLIENT FUNDING - RTGS,,124060,-12364348.0,TXN-0006107
2025-11-28,2025-11-28,MISC ADJUSTMENT,,49853,-12314495.0,TXN-0006108
2025-11-18,2025-11-19,CLIENT FUNDING - RTGS,,50802,-12263693.0,TXN-0006109
2025-11-25,2025-11-27,CLIENT FUNDING - RTGS,,192712,-12070981.0,TXN-0006110
2025-11-23,2025-11-25,CLIENT FUNDING - RTGS,,81920,-11989061.0,TXN-0006111
2025-11-25,2025-11-25,MISC ADJUSTMENT,6257,,-11995318.0,TXN-0006112
2025-11-24,2025-11-26,MISC ADJUSTMENT,45165,,-12040483.0,TXN-0006113
2025-11-26,2025-11-28,BROKERAGE / TRADE SETTLEMENT,141740,,-12182223.0,TXN-0006114
2025-11-23,2025-11-23,BROKERAGE / TRADE SETTLEMENT,108639,,-12290862.0,TXN-0006115
2025-11-16,2025-11-16,MISC ADJUSTMENT,,27655,-12263207.0,TXN-0006116
2025-11-21,2025-11-21,CLIENT FUNDING - RTGS,,208642,-12054565.0,TXN-0006117
2025-11-26,2025-11-26,BANK / DP CHARGES,1536,,-12056101.0,TXN-0006118
2025-11-18,2025-11-18,MISC ADJUSTMENT,28423,,-12084524.0,TXN-0006119
2025-11-29,2025-12-01,CLIENT FUNDING - RTGS,,279991,-11804533.0,TXN-0006120
2025-11-25,2025-11-25,BROKERAGE / TRADE SETTLEMENT,42677,,-11847210.0,TXN-0006121
2025-11-27,2025-11-28,PAYOUT TO CLIENT,73821,,-11921031.0,TXN-0006122
2025-11-18,2025-11-18,PAYOUT TO CLIENT,61779,,-11982810.0,TXN-0006123
2025-11-17,2025-11-19,MISC ADJUSTMENT,35102,,-12017912.0,TXN-0006124
2025-11-16,2025-11-16,CLIENT FUNDING - RTGS,,285710,-11732202.0,TXN-0006125
2025-11-25,2025-11-25,CLIENT FUNDING - RTGS,,265815,-11466387.0,TXN-0006126
2025-11-29,2025-11-29,MISC ADJUSTMENT,,41880,-11424507.0,TXN-0006127
2025-11-18,2025-11-18,CLIENT FUNDING - RTGS,,220920,-11203587.0,TXN-0006128
2025-11-29,2025-11-30,CLIENT FUNDING - RTGS,,246957,-10956630.0,TXN-0006129
2025-11-28,2025-11-28,BROKERAGE / TRADE SETTLEMENT,36845,,-10993475.0,TXN-0006130
2025-11-18,2025-11-20,CLIENT FUNDING - RTGS,,116484,-10876991.0,TXN-0006131
2025-11-24,2025-11-26,BROKERAGE / TRADE SETTLEMENT,127532,,-11004523.0,TXN-0006132
2025-11-23,2025-11-23,PAYOUT TO CLIENT,94306,,-11098829.0,TXN-0006133
2025-11-18,2025-11-20,BANK / DP CHARGES,1528,,-11100357.0,TXN-0006134
2025-11-28,2025-11-28,PAYOUT TO CLIENT,139034,,-11239391.0,TXN-0006135
2025-11-20,2025-11-20,MISC ADJUSTMENT,,6645,-11232746.0,TXN-0006136
2025-11-18,2025-11-19,BROKERAGE / TRADE SETTLEMENT,53693,,-11286439.0,TXN-0006137
2025-11-28,2025-11-28,BANK / DP CHARGES,1178,,-11287617.0,TXN-0006138
2025-11-16,2025-11-16,PAYOUT TO CLIENT,199458,,-11487075.0,TXN-0006139
2025-11-19,2025-11-19,PAYOUT TO CLIENT,33946,,-11521021.0,TXN-0006140
2025-11-20,2025-11-20,BANK / DP CHARGES,237,,-11521258.0,TXN-0006141
2025-11-18,2025-11-19,MISC ADJUSTMENT,,26634,-11494624.0,TXN-0006142
2025-11-20,2025-11-20,CLIENT FUNDING - RTGS,,207291,-11287333.0,TXN-0006143
2025-11-21,2025-11-22,CLIENT FUNDING - RTGS,,212823,-11074510.0,TXN-0006144
2025-11-17,2025-11-18,PAYOUT TO CLIENT,50831,,-11125341.0,TXN-0006145
2025-11-29,2025-11-30,BANK / DP CHARGES,1453,,-11126794.0,TXN-0006146
2025-11-28,2025-11-28,BANK / DP CHARGES,301,,-11127095.0,TXN-0006147
2025-11-15,2025-11-16,BANK / DP CHARGES,745,,-11127840.0,TXN-0006148
2025-11-23,2025-11-24,BANK / DP CHARGES,923,,-11128763.0,TXN-0006149
2025-11-15,2025-11-17,BANK / DP CHARGES,1088,,-11129851.0,TXN-0006150
2025-11-29,2025-11-29,CLIENT FUNDING - RTGS,,253004,-10876847.0,TXN-0006151
2025-11-17,2025-11-19,PAYOUT TO CLIENT,51507,,-10928354.0,TXN-0006152
2025-11-18,2025-11-18,PAYOUT TO CLIENT,40017,,-10968371.0,TXN-0006153
2025-11-25,2025-11-27,PAYOUT TO CLIENT,80766,,-11049137.0,TXN-0006154
2025-11-24,2025-11-26,PAYOUT TO CLIENT,108567,,-11157704.0,TXN-0006155
2025-11-15,2025-11-15,MISC ADJUSTMENT,,45490,-11112214.0,TXN-0006156
2025-11-28,2025-11-30,PAYOUT TO CLIENT,199118,,-11311332.0,TXN-0006157
2025-11-21,2025-11-21,CLIENT FUNDING - RTGS,,154839,-11156493.0,TXN-0006158
2025-11-29,2025-11-29,CLIENT FUNDING - RTGS,,222576,-10933917.0,TXN-0006159
2025-11-29,2025-11-30,BANK / DP CHARGES,1133,,-10935050.0,TXN-0006160
2025-11-25,2025-11-25,BROKERAGE / TRADE SETTLEMENT,17067,,-10952117.0,TXN-0006161
2025-11-17,2025-11-18,BANK / DP CHARGES,871,,-10952988.0,TXN-0006162
2025-11-21,2025-11-21,BANK / DP CHARGES,817,,-10953805.0,TXN-0006163
2025-11-27,2025-11-27,PAYOUT TO CLIENT,177034,,-11130839.0,TXN-0006164
2025-11-17,2025-11-18,MISC ADJUSTMENT,39258,,-11170097.0,TXN-0006165
2025-11-29,2025-12-01,BROKERAGE / TRADE SETTLEMENT,68259,,-11238356.0,TXN-0006166
2025-11-27,2025-11-29,BROKERAGE / TRADE SETTLEMENT,34747,,-11273103.0,TXN-0006167
2025-11-20,2025-11-20,BANK / DP CHARGES,264,,-11273367.0,TXN-0006168
2025-11-25,2025-11-27,PAYOUT TO CLIENT,175961,,-11449328.0,TXN-0006169
2025-11-21,2025-11-21,CLIENT FUNDING - RTGS,,137849,-11311479.0,TXN-0006170
2025-11-21,2025-11-23,CLIENT FUNDING - RTGS,,185555,-11125924.0,TXN-0006171
2025-11-27,2025-11-27,BANK / DP CHARGES,1131,,-11127055.0,TXN-0006172
2025-11-24,2025-11-25,BANK / DP CHARGES,674,,-11127729.0,TXN-0006173
2025-11-18,2025-11-19,CLIENT FUNDING - RTGS,,76147,-11051582.0,TXN-0006174
2025-11-20,2025-11-22,PAYOUT TO CLIENT,154783,,-11206365.0,TXN-0006175
2025-11-17,2025-11-17,CLIENT FUNDING - RTGS,,221933,-10984432.0,TXN-0006176
2025-11-21,2025-11-22,MISC ADJUSTMENT,9850,,-10994282.0,TXN-0006177
2025-11-18,2025-11-18,BROKERAGE / TRADE SETTLEMENT,28290,,-11022572.0,TXN-0006178
2025-11-19,2025-11-19,MISC ADJUSTMENT,31226,,-11053798.0,TXN-0006179
2025-11-23,2025-11-23,PAYOUT TO CLIENT,137452,,-11191250.0,TXN-0006180
2025-11-15,2025-11-17,BANK / DP CHARGES,1636,,-11192886.0,TXN-0006181
2025-11-21,2025-11-22,MISC ADJUSTMENT,8549,,-11201435.0,TXN-0006182
2025-11-19,2025-11-21,PAYOUT TO CLIENT,156887,,-11358322.0,TXN-0006183
2025-11-17,2025-11-17,BANK / DP CHARGES,1033,,-11359355.0,TXN-0006184
2025-11-29,2025-12-01,MISC ADJUSTMENT,,13672,-11345683.0,TXN-0006185
2025-11-18,2025-11-18,PAYOUT TO CLIENT,35377,,-11381060.0,TXN-0006186
2025-11-24,2025-11-24,CLIENT FUNDING - RTGS,,239943,-11141117.0,TXN-0006187
2025-11-26,2025-11-26,BANK / DP CHARGES,783,,-11141900.0,TXN-0006188
2025-11-15,2025-11-15,BANK / DP CHARGES,1097,,-11142997.0,TXN-0006189
2025-11-20,2025-11-22,BANK / DP CHARGES,1709,,-11144706.0,TXN-0006190
2025-11-28,2025-11-30,BANK / DP CHARGES,1047,,-11145753.0,TXN-0006191
2025-11-27,2025-11-27,BANK / DP CHARGES,565,,-11146318.0,TXN-0006192
2025-11-29,2025-12-01,BANK / DP CHARGES,846,,-11147164.0,TXN-0006193
2025-11-17,2025-11-17,MISC ADJUSTMENT,39913,,-11187077.0,TXN-0006194
2025-11-23,2025-11-23,PAYOUT TO CLIENT,132144,,-11319221.0,TXN-0006195
2025-11-16,2025-11-18,BANK / DP CHARGES,636,,-11319857.0,TXN-0006196
2025-11-16,2025-11-18,MISC ADJUSTMENT,,34539,-11285318.0,TXN-0006197
2025-11-26,2025-11-26,PAYOUT TO CLIENT,41709,,-11327027.0,TXN-0006198
2025-11-23,2025-11-25,CLIENT FUNDING - RTGS,,213733,-11113294.0,TXN-0006199
2025-11-25,2025-11-25,PAYOUT TO CLIENT,113997,,-11227291.0,TXN-0006200
2025-11-22,2025-11-24,BANK / DP CHARGES,1770,,-11229061.0,TXN-0006201
2025-11-18,2025-11-19,CLIENT FUNDING - RTGS,,260487,-10968574.0,TXN-0006202
2025-11-20,2025-11-20,PAYOUT TO CLIENT,195020,,-11163594.0,TXN-0006203
2025-11-26,2025-11-27,CLIENT FUNDING - RTGS,,213917,-10949677.0,TXN-0006204
2025-11-20,2025-11-22,PAYOUT TO CLIENT,157952,,-11107629.0,TXN-0006205
2025-11-24,2025-11-26,CLIENT FUNDING - RTGS,,246282,-10861347.0,TXN-0006206
2025-11-16,2025-11-16,PAYOUT TO CLIENT,148630,,-11009977.0,TXN-0006207
2025-11-22,2025-11-22,BANK / DP CHARGES,244,,-11010221.0,TXN-0006208
2025-11-27,2025-11-27,CLIENT FUNDING - RTGS,,75111,-10935110.0,TXN-0006209
2025-11-26,2025-11-27,MISC ADJUSTMENT,14357,,-10949467.0,TXN-0006210
2025-11-26,2025-11-26,BROKERAGE / TRADE SETTLEMENT,42680,,-10992147.0,TXN-0006211
2025-11-19,2025-11-19,BROKERAGE / TRADE SETTLEMENT,36237,,-11028384.0,TXN-0006212
2025-11-17,2025-11-17,BANK / DP CHARGES,121,,-11028505.0,TXN-0006213
2025-11-22,2025-11-24,BANK / DP CHARGES,1527,,-11030032.0,TXN-0006214
2025-11-24,2025-11-25,PAYOUT TO CLIENT,184963,,-11214995.0,TXN-0006215
2025-11-22,2025-11-23,PAYOUT TO CLIENT,62807,,-11277802.0,TXN-0006216
2025-11-20,2025-11-20,PAYOUT TO CLIENT,66629,,-11344431.0,TXN-0006217
2025-11-26,2025-11-26,PAYOUT TO CLIENT,114826,,-11459257.0,TXN-0006218
2025-11-27,2025-11-29,BANK / DP CHARGES,1134,,-11460391.0,TXN-0006219
2025-11-23,2025-11-25,CLIENT FUNDING - RTGS,,284686,-11175705.0,TXN-0006220
2025-11-27,2025-11-28,PAYOUT TO CLIENT,81322,,-11257027.0,TXN-0006221
2025-11-18,2025-11-20,BROKERAGE / TRADE SETTLEMENT,127260,,-11384287.0,TXN-0006222
2025-11-18,2025-11-20,MISC ADJUSTMENT,24257,,-11408544.0,TXN-0006223
2025-11-26,2025-11-26,BANK / DP CHARGES,1990,,-11410534.0,TXN-0006224
2025-11-19,2025-11-19,PAYOUT TO CLIENT,96017,,-11506551.0,TXN-0006225
2025-11-24,2025-11-24,CLIENT FUNDING - RTGS,,159337,-11347214.0,TXN-0006226
2025-11-27,2025-11-28,BANK / DP CHARGES,784,,-11347998.0,TXN-0006227
2025-11-26,2025-11-26,CLIENT FUNDING - RTGS,,285461,-11062537.0,TXN-0006228
2025-11-28,2025-11-30,BANK / DP CHARGES,788,,-11063325.0,TXN-0006229
2025-11-21,2025-11-21,MISC ADJUSTMENT,,43268,-11020057.0,TXN-0006230
2025-11-22,2025-11-22,BROKERAGE / TRADE SETTLEMENT,21757,,-11041814.0,TXN-0006231
2025-11-18,2025-11-18,BROKERAGE / TRADE SETTLEMENT,119856,,-11161670.0,TXN-0006232
2025-11-20,2025-11-20,CLIENT FUNDING - RTGS,,65923,-11095747.0,TXN-0006233
2025-11-17,2025-11-18,MISC ADJUSTMENT,,24328,-11071419.0,TXN-0006234
2025-11-26,2025-11-27,MISC ADJUSTMENT,,10156,-11061263.0,TXN-0006235
2025-11-15,2025-11-16,BANK / DP CHARGES,599,,-11061862.0,TXN-0006236
2025-11-16,2025-11-18,MISC ADJUSTMENT,,47724,-11014138.0,TXN-0006237
2025-11-23,2025-11-23,CLIENT FUNDING - RTGS,,59598,-10954540.0,TXN-0006238
2025-11-26,2025-11-26,MISC ADJUSTMENT,,46722,-10907818.0,TXN-0006239
2025-11-29,2025-11-29,CLIENT FUNDING - RTGS,,67437,-10840381.0,TXN-0006240
2025-11-28,2025-11-28,CLIENT FUNDING - RTGS,,169557,-10670824.0,TXN-0006241
2025-11-25,2025-11-25,MISC ADJUSTMENT,,41953,-10628871.0,TXN-0006242
2025-11-20,2025-11-21,PAYOUT TO CLIENT,61093,,-10689964.0,TXN-0006243
2025-11-19,2025-11-20,BANK / DP CHARGES,629,,-10690593.0,TXN-0006244
2025-11-24,2025-11-24,PAYOUT TO CLIENT,55968,,-10746561.0,TXN-0006245
2025-11-18,2025-11-20,BROKERAGE / TRADE SETTLEMENT,55222,,-10801783.0,TXN-0006246
2025-11-22,2025-11-24,CLIENT FUNDING - RTGS,,206313,-10595470.0,TXN-0006247
2025-11-16,2025-11-16,MISC ADJUSTMENT,44047,,-10639517.0,TXN-0006248
2025-11-26,2025-11-26,BANK / DP CHARGES,1616,,-10641133.0,TXN-0006249
2025-11-21,2025-11-21,PAYOUT TO CLIENT,39644,,-10680777.0,TXN-0006250
2025-11-23,2025-11-23,BANK / DP CHARGES,1123,,-10681900.0,TXN-0006251
2025-11-16,2025-11-16,BANK / DP CHARGES,828,,-10682728.0,TXN-0006252
2025-11-25,2025-11-26,MISC ADJUSTMENT,49394,,-10732122.0,TXN-0006253
2025-11-25,2025-11-25,BANK / DP CHARGES,145,,-10732267.0,TXN-0006254
2025-11-17,2025-11-19,MISC ADJUSTMENT,6011,,-10738278.0,TXN-0006255
2025-11-26,2025-11-27,BANK / DP CHARGES,1870,,-10740148.0,TXN-0006256
2025-11-20,2025-11-22,CLIENT FUNDING - RTGS,,238245,-10501903.0,TXN-0006257
2025-11-15,2025-11-17,BANK / DP CHARGES,1339,,-10503242.0,TXN-0006258
2025-11-28,2025-11-28,BROKERAGE / TRADE SETTLEMENT,91178,,-10594420.0,TXN-0006259
2025-11-22,2025-11-24,MISC ADJUSTMENT,,19267,-10575153.0,TXN-0006260
2025-11-24,2025-11-26,CLIENT FUNDING - RTGS,,289691,-10285462.0,TXN-0006261
2025-11-25,2025-11-26,BANK / DP CHARGES,1833,,-10287295.0,TXN-0006262
2025-11-19,2025-11-19,CLIENT FUNDING - RTGS,,260307,-10026988.0,TXN-0006263
2025-11-23,2025-11-25,BROKERAGE / TRADE SETTLEMENT,88636,,-10115624.0,TXN-0006264
2025-11-25,2025-11-25,BROKERAGE / TRADE SETTLEMENT,119023,,-10234647.0,TXN-0006265
2025-11-24,2025-11-26,MISC ADJUSTMENT,,40733,-10193914.0,TXN-0006266
2025-11-29,2025-11-30,BROKERAGE / TRADE SETTLEMENT,56655,,-10250569.0,TXN-0006267
2025-11-18,2025-11-20,MISC ADJUSTMENT,,36336,-10214233.0,TXN-0006268
2025-11-25,2025-11-25,PAYOUT TO CLIENT,47259,,-10261492.0,TXN-0006269
2025-11-24,2025-11-24,BANK / DP CHARGES,1042,,-10262534.0,TXN-0006270
2025-11-15,2025-11-15,PAYOUT TO CLIENT,114778,,-10377312.0,TXN-0006271
2025-11-16,2025-11-17,PAYOUT TO CLIENT,35384,,-10412696.0,TXN-0006272
2025-11-17,2025-11-19,MISC ADJUSTMENT,,25193,-10387503.0,TXN-0006273
2025-11-23,2025-11-25,CLIENT FUNDING - RTGS,,194092,-10193411.0,TXN-0006274
2025-11-19,2025-11-20,BROKERAGE / TRADE SETTLEMENT,16727,,-10210138.0,TXN-0006275
2025-11-16,2025-11-16,BANK / DP CHARGES,422,,-10210560.0,TXN-0006276
2025-11-23,2025-11-25,PAYOUT TO CLIENT,56006,,-10266566.0,TXN-0006277
2025-11-22,2025-11-24,BROKERAGE / TRADE SETTLEMENT,106544,,-10373110.0,TXN-0006278
2025-11-15,2025-11-15,PAYOUT TO CLIENT,127716,,-10500826.0,TXN-0006279
2025-11-15,2025-11-17,BROKERAGE / TRADE SETTLEMENT,92061,,-10592887.0,TXN-0006280
2025-11-19,2025-11-19,PAYOUT TO CLIENT,147538,,-10740425.0,TXN-0006281
2025-11-25,2025-11-25,PAYOUT TO CLIENT,149821,,-10890246.0,TXN-0006282
2025-11-25,2025-11-27,PAYOUT TO CLIENT,96822,,-10987068.0,TXN-0006283
2025-11-28,2025-11-28,BROKERAGE / TRADE SETTLEMENT,83612,,-11070680.0,TXN-0006284
2025-11-16,2025-11-16,PAYOUT TO CLIENT,27196,,-11097876.0,TXN-0006285
2025-11-15,2025-11-16,BROKERAGE / TRADE SETTLEMENT,82193,,-11180069.0,TXN-0006286
2025-11-27,2025-11-27,BROKERAGE / TRADE SETTLEMENT,116948,,-11297017.0,TXN-0006287
2025-11-23,2025-11-23,MISC ADJUSTMENT,,38638,-11258379.0,TXN-0006288
2025-11-22,2025-11-24,BROKERAGE / TRADE SETTLEMENT,120600,,-11378979.0,TXN-0006289
2025-11-15,2025-11-15,BROKERAGE / TRADE SETTLEMENT,104492,,-11483471.0,TXN-0006290
2025-11-28,2025-11-30,BROKERAGE / TRADE SETTLEMENT,91809,,-11575280.0,TXN-0006291
2025-11-22,2025-11-23,MISC ADJUSTMENT,9835,,-11585115.0,TXN-0006292
2025-11-22,2025-11-22,BANK / DP CHARGES,1018,,-11586133.0,TXN-0006293
2025-11-16,2025-11-17,BROKERAGE / TRADE SETTLEMENT,128451,,-11714584.0,TXN-0006294
2025-11-15,2025-11-16,CLIENT FUNDING - RTGS,,177032,-11537552.0,TXN-0006295
2025-11-27,2025-11-27,CLIENT FUNDING - RTGS,,159988,-11377564.0,TXN-0006296
2025-11-16,2025-11-16,CLIENT FUNDING - RTGS,,256483,-11121081.0,TXN-0006297
2025-11-24,2025-11-25,BANK / DP CHARGES,1413,,-11122494.0,TXN-0006298
2025-11-23,2025-11-23,BANK / DP CHARGES,526,,-11123020.0,TXN-0006299
2025-11-18,2025-11-20,BROKERAGE / TRADE SETTLEMENT,136588,,-11259608.0,TXN-0006300
2025-11-19,2025-11-21,PAYOUT TO CLIENT,125649,,-11385257.0,TXN-0006301
2025-11-23,2025-11-23,MISC ADJUSTMENT,33032,,-11418289.0,TXN-0006302
2025-11-24,2025-11-25,BROKERAGE / TRADE SETTLEMENT,98467,,-11516756.0,TXN-0006303
2025-11-28,2025-11-28,BANK / DP CHARGES,829,,-11517585.0,TXN-0006304
2025-11-25,2025-11-27,CLIENT FUNDING - RTGS,,98408,-11419177.0,TXN-0006305
2025-11-20,2025-11-20,CLIENT FUNDING - RTGS,,296465,-11122712.0,TXN-0006306
2025-11-29,2025-11-30,MISC ADJUSTMENT,16334,,-11139046.0,TXN-0006307
2025-11-18,2025-11-18,MISC ADJUSTMENT,,24329,-11114717.0,TXN-0006308
2025-11-29,2025-11-29,BROKERAGE / TRADE SETTLEMENT,19975,,-11134692.0,TXN-0006309
2025-11-26,2025-11-26,PAYOUT TO CLIENT,155523,,-11290215.0,TXN-0006310
2025-11-27,2025-11-27,BROKERAGE / TRADE SETTLEMENT,118077,,-11408292.0,TXN-0006311
2025-11-18,2025-11-18,BANK / DP CHARGES,1634,,-11409926.0,TXN-0006312
2025-11-26,2025-11-26,CLIENT FUNDING - RTGS,,242425,-11167501.0,TXN-0006313
2025-11-28,2025-11-30,PAYOUT TO CLIENT,172881,,-11340382.0,TXN-0006314
2025-11-24,2025-11-24,CLIENT FUNDING - RTGS,,183860,-11156522.0,TXN-0006315
2025-11-22,2025-11-24,BROKERAGE / TRADE SETTLEMENT,141699,,-11298221.0,TXN-0006316
2025-11-23,2025-11-25,CLIENT FUNDING - RTGS,,235948,-11062273.0,TXN-0006317
2025-11-29,2025-11-29,PAYOUT TO CLIENT,65029,,-11127302.0,TXN-0006318
2025-11-28,2025-11-28,PAYOUT TO CLIENT,119337,,-11246639.0,TXN-0006319
2025-11-22,2025-11-22,BROKERAGE / TRADE SETTLEMENT,73821,,-11320460.0,TXN-0006320
2025-11-29,2025-11-30,CLIENT FUNDING - RTGS,,251488,-11068972.0,TXN-0006321
2025-11-16,2025-11-16,PAYOUT TO CLIENT,35773,,-11104745.0,TXN-0006322
2025-11-25,2025-11-26,MISC ADJUSTMENT,,31053,-11073692.0,TXN-0006323
2025-11-19,2025-11-21,CLIENT FUNDING - RTGS,,101735,-10971957.0,TXN-0006324
2025-11-28,2025-11-28,PAYOUT TO CLIENT,85899,,-11057856.0,TXN-0006325
2025-11-27,2025-11-27,BANK / DP CHARGES,252,,-11058108.0,TXN-0006326
2025-11-15,2025-11-17,MISC ADJUSTMENT,28981,,-11087089.0,TXN-0006327
2025-11-21,2025-11-23,PAYOUT TO CLIENT,164862,,-11251951.0,TXN-0006328
2025-11-20,2025-11-22,BROKERAGE / TRADE SETTLEMENT,99440,,-11351391.0,TXN-0006329
2025-11-19,2025-11-19,BANK / DP CHARGES,144,,-11351535.0,TXN-0006330
2025-11-25,2025-11-25,BROKERAGE / TRADE SETTLEMENT,20393,,-11371928.0,TXN-0006331
2025-11-20,2025-11-20,BANK / DP CHARGES,183,,-11372111.0,TXN-0006332
2025-11-27,2025-11-28,MISC ADJUSTMENT,,24830,-11347281.0,TXN-0006333
2025-11-16,2025-11-16,MISC ADJUSTMENT,29115,,-11376396.0,TXN-0006334
2025-11-27,2025-11-28,CLIENT FUNDING - RTGS,,273687,-11102709.0,TXN-0006335
2025-11-27,2025-11-27,CLIENT FUNDING - RTGS,,295119,-10807590.0,TXN-0006336
2025-11-22,2025-11-24,MISC ADJUSTMENT,18368,,-10825958.0,TXN-0006337
2025-11-28,2025-11-29,PAYOUT TO CLIENT,85323,,-10911281.0,TXN-0006338
2025-11-27,2025-11-27,BROKERAGE / TRADE SETTLEMENT,70475,,-10981756.0,TXN-0006339
2025-11-22,2025-11-23,BANK / DP CHARGES,1683,,-10983439.0,TXN-0006340
2025-11-15,2025-11-17,CLIENT FUNDING - RTGS,,242687,-10740752.0,TXN-0006341
2025-11-15,2025-11-16,PAYOUT TO CLIENT,39087,,-10779839.0,TXN-0006342
2025-11-27,2025-11-28,MISC ADJUSTMENT,,42353,-10737486.0,TXN-0006343
2025-11-20,2025-11-21,PAYOUT TO CLIENT,61346,,-10798832.0,TXN-0006344
2025-11-21,2025-11-23,PAYOUT TO CLIENT,144488,,-10943320.0,TXN-0006345
2025-11-24,2025-11-24,BROKERAGE / TRADE SETTLEMENT,95750,,-11039070.0,TXN-0006346
2025-11-17,2025-11-18,BANK / DP CHARGES,393,,-11039463.0,TXN-0006347
2025-11-18,2025-11-20,BROKERAGE / TRADE SETTLEMENT,146607,,-11186070.0,TXN-0006348
2025-11-27,2025-11-29,BROKERAGE / TRADE SETTLEMENT,73882,,-11259952.0,TXN-0006349
2025-11-27,2025-11-27,CLIENT FUNDING - RTGS,,243364,-11016588.0,TXN-0006350
2025-11-16,2025-11-16,BANK / DP CHARGES,1336,,-11017924.0,TXN-0006351
2025-11-18,2025-11-19,BROKERAGE / TRADE SETTLEMENT,109535,,-11127459.0,TXN-0006352
2025-11-15,2025-11-17,PAYOUT TO CLIENT,126760,,-11254219.0,TXN-0006353
2025-11-28,2025-11-30,PAYOUT TO CLIENT,63424,,-11317643.0,TXN-0006354
2025-11-28,2025-11-29,PAYOUT TO CLIENT,46899,,-11364542.0,TXN-0006355
2025-11-17,2025-11-18,PAYOUT TO CLIENT,171261,,-11535803.0,TXN-0006356
2025-11-15,2025-11-16,MISC ADJUSTMENT,,41759,-11494044.0,TXN-0006357
2025-11-22,2025-11-24,MISC ADJUSTMENT,5404,,-11499448.0,TXN-0006358
2025-11-21,2025-11-21,MISC ADJUSTMENT,,31809,-11467639.0,TXN-0006359
2025-11-24,2025-11-24,MISC ADJUSTMENT,10436,,-11478075.0,TXN-0006360
2025-11-26,2025-11-27,CLIENT FUNDING - RTGS,,179958,-11298117.0,TXN-0006361
2025-11-25,2025-11-25,BROKERAGE / TRADE SETTLEMENT,59850,,-11357967.0,TXN-0006362
2025-11-19,2025-11-19,MISC ADJUSTMENT,9626,,-11367593.0,TXN-0006363
2025-11-19,2025-11-19,CLIENT FUNDING - RTGS,,97164,-11270429.0,TXN-0006364
2025-11-16,2025-11-17,MISC ADJUSTMENT,,37507,-11232922.0,TXN-0006365
2025-11-26,2025-11-28,PAYOUT TO CLIENT,144593,,-11377515.0,TXN-0006366
2025-11-20,2025-11-20,BANK / DP CHARGES,785,,-11378300.0,TXN-0006367
2025-11-25,2025-11-25,BANK / DP CHARGES,576,,-11378876.0,TXN-0006368
2025-11-28,2025-11-29,BANK / DP CHARGES,609,,-11379485.0,TXN-0006369
2025-11-23,2025-11-23,BANK / DP CHARGES,493,,-11379978.0,TXN-0006370
2025-11-24,2025-11-26,BANK / DP CHARGES,392,,-11380370.0,TXN-0006371
2025-11-27,2025-11-29,BROKERAGE / TRADE SETTLEMENT,80261,,-11460631.0,TXN-0006372
2025-11-17,2025-11-17,MISC ADJUSTMENT,30845,,-11491476.0,TXN-0006373
2025-11-26,2025-11-28,PAYOUT TO CLIENT,25554,,-11517030.0,TXN-0006374
2025-11-23,2025-11-23,BROKERAGE / TRADE SETTLEMENT,59248,,-11576278.0,TXN-0006375
2025-11-18,2025-11-18,BANK / DP CHARGES,431,,-11576709.0,TXN-0006376
2025-11-21,2025-11-23,BANK / DP CHARGES,476,,-11577185.0,TXN-0006377
2025-11-29,2025-11-29,BANK / DP CHARGES,1753,,-11578938.0,TXN-0006378
2025-11-27,2025-11-29,CLIENT FUNDING - RTGS,,56316,-11522622.0,TXN-0006379
2025-11-28,2025-11-30,BANK / DP CHARGES,996,,-11523618.0,TXN-0006380
2025-11-25,2025-11-27,MISC ADJUSTMENT,31499,,-11555117.0,TXN-0006381
2025-11-24,2025-11-24,CLIENT FUNDING - RTGS,,183687,-11371430.0,TXN-0006382
2025-11-20,2025-11-20,PAYOUT TO CLIENT,21999,,-11393429.0,TXN-0006383
2025-11-28,2025-11-28,BANK / DP CHARGES,1975,,-11395404.0,TXN-0006384
2025-11-24,2025-11-24,MISC ADJUSTMENT,,34848,-11360556.0,TXN-0006385
2025-11-21,2025-11-22,BANK / DP CHARGES,214,,-11360770.0,TXN-0006386
2025-11-18,2025-11-18,BROKERAGE / TRADE SETTLEMENT,149980,,-11510750.0,TXN-0006387
2025-11-23,2025-11-25,PAYOUT TO CLIENT,33139,,-11543889.0,TXN-0006388
2025-11-26,2025-11-26,BROKERAGE / TRADE SETTLEMENT,12265,,-11556154.0,TXN-0006389
2025-11-24,2025-11-24,CLIENT FUNDING - RTGS,,184549,-11371605.0,TXN-0006390
2025-11-22,2025-11-23,BROKERAGE / TRADE SETTLEMENT,132291,,-11503896.0,TXN-0006391
2025-11-21,2025-11-22,PAYOUT TO CLIENT,61483,,-11565379.0,TXN-0006392
2025-11-28,2025-11-28,BROKERAGE / TRADE SETTLEMENT,130639,,-11696018.0,TXN-0006393
2025-11-26,2025-11-28,MISC ADJUSTMENT,23806,,-11719824.0,TXN-0006394
2025-11-18,2025-11-18,BROKERAGE / TRADE SETTLEMENT,126799,,-11846623.0,TXN-0006395
2025-11-16,2025-11-16,CLIENT FUNDING - RTGS,,184781,-11661842.0,TXN-0006396
2025-11-26,2025-11-26,BANK / DP CHARGES,529,,-11662371.0,TXN-0006397
2025-11-21,2025-11-21,BANK / DP CHARGES,714,,-11663085.0,TXN-0006398
2025-11-27,2025-11-27,BROKERAGE / TRADE SETTLEMENT,52814,,-11715899.0,TXN-0006399
2025-11-20,2025-11-22,BROKERAGE / TRADE SETTLEMENT,118710,,-11834609.0,TXN-0006400
2025-11-25,2025-11-25,BROKERAGE / TRADE SETTLEMENT,61383,,-11895992.0,TXN-0006401
2025-11-21,2025-11-21,MISC ADJUSTMENT,38352,,-11934344.0,TXN-0006402
2025-11-16,2025-11-16,BROKERAGE / TRADE SETTLEMENT,51464,,-11985808.0,TXN-0006403
2025-11-15,2025-11-15,CLIENT FUNDING - RTGS,,98704,-11887104.0,TXN-0006404
2025-11-25,2025-11-27,BROKERAGE / TRADE SETTLEMENT,87263,,-11974367.0,TXN-0006405
2025-11-20,2025-11-20,PAYOUT TO CLIENT,193550,,-12167917.0,TXN-0006406
2025-11-15,2025-11-16,BANK / DP CHARGES,1689,,-12169606.0,TXN-0006407
2025-11-26,2025-11-27,CLIENT FUNDING - RTGS,,285809,-11883797.0,TXN-0006408
2025-11-17,2025-11-18,CLIENT FUNDING - RTGS,,145281,-11738516.0,TXN-0006409
2025-11-17,2025-11-19,BANK / DP CHARGES,1614,,-11740130.0,TXN-0006410
2025-11-23,2025-11-25,BANK / DP CHARGES,1663,,-11741793.0,TXN-0006411
2025-11-21,2025-11-21,PAYOUT TO CLIENT,185233,,-11927026.0,TXN-0006412
2025-11-19,2025-11-19,CLIENT FUNDING - RTGS,,211367,-11715659.0,TXN-0006413
2025-11-22,2025-11-22,BANK / DP CHARGES,217,,-11715876.0,TXN-0006414
2025-11-17,2025-11-18,PAYOUT TO CLIENT,52708,,-11768584.0,TXN-0006415
2025-11-18,2025-11-18,BROKERAGE / TRADE SETTLEMENT,71518,,-11840102.0,TXN-0006416
2025-11-16,2025-11-17,MISC ADJUSTMENT,13147,,-11853249.0,TXN-0006417
2025-11-17,2025-11-19,BANK / DP CHARGES,1260,,-11854509.0,TXN-0006418
2025-11-18,2025-11-19,CLIENT FUNDING - RTGS,,132005,-11722504.0,TXN-0006419
2025-11-16,2025-11-16,CLIENT FUNDING - RTGS,,218636,-11503868.0,TXN-0006420
2025-11-20,2025-11-20,BROKERAGE / TRADE SETTLEMENT,31777,,-11535645.0,TXN-0006421
2025-11-22,2025-11-24,BANK / DP CHARGES,1329,,-11536974.0,TXN-0006422
2025-11-25,2025-11-25,BROKERAGE / TRADE SETTLEMENT,63653,,-11600627.0,TXN-0006423
2025-11-29,2025-11-29,BANK / DP CHARGES,1901,,-11602528.0,TXN-0006424
2025-11-27,2025-11-27,CLIENT FUNDING - RTGS,,251611,-11350917.0,TXN-0006425
2025-11-23,2025-11-25,MISC ADJUSTMENT,,11970,-11338947.0,TXN-0006426
2025-11-19,2025-11-21,BROKERAGE / TRADE SETTLEMENT,62967,,-11401914.0,TXN-0006427
2025-11-22,2025-11-22,MISC ADJUSTMENT,46177,,-11448091.0,TXN-0006428
2025-11-19,2025-11-19,BROKERAGE / TRADE SETTLEMENT,43313,,-11491404.0,TXN-0006429
2025-11-23,2025-11-23,PAYOUT TO CLIENT,146005,,-11637409.0,TXN-0006430
2025-11-18,2025-11-19,BROKERAGE / TRADE SETTLEMENT,30993,,-11668402.0,TXN-0006431
2025-11-23,2025-11-24,BROKERAGE / TRADE SETTLEMENT,22462,,-11690864.0,TXN-0006432
2025-11-26,2025-11-28,MISC ADJUSTMENT,,37170,-11653694.0,TXN-0006433
2025-11-15,2025-11-15,BROKERAGE / TRADE SETTLEMENT,129344,,-11783038.0,TXN-0006434
2025-11-23,2025-11-25,BANK / DP CHARGES,906,,-11783944.0,TXN-0006435
2025-11-21,2025-11-22,CLIENT FUNDING - RTGS,,187880,-11596064.0,TXN-0006436
2025-11-20,2025-11-21,MISC ADJUSTMENT,,19702,-11576362.0,TXN-0006437
2025-11-26,2025-11-26,PAYOUT TO CLIENT,33520,,-11609882.0,TXN-0006438
2025-11-23,2025-11-25,PAYOUT TO CLIENT,36628,,-11646510.0,TXN-0006439
2025-11-25,2025-11-26,BANK / DP CHARGES,499,,-11647009.0,TXN-0006440
2025-11-25,2025-11-25,CLIENT FUNDING - RTGS,,183730,-11463279.0,TXN-0006441
2025-11-17,2025-11-17,CLIENT FUNDING - RTGS,,247060,-11216219.0,TXN-0006442
2025-11-18,2025-11-19,MISC ADJUSTMENT,24613,,-11240832.0,TXN-0006443
2025-11-17,2025-11-19,CLIENT FUNDING - RTGS,,79128,-11161704.0,TXN-0006444
2025-11-16,2025-11-18,MISC ADJUSTMENT,,9230,-11152474.0,TXN-0006445
2025-11-20,2025-11-20,BROKERAGE / TRADE SETTLEMENT,99764,,-11252238.0,TXN-0006446
2025-11-21,2025-11-21,CLIENT FUNDING - RTGS,,152407,-11099831.0,TXN-0006447
2025-11-28,2025-11-29,BANK / DP CHARGES,1730,,-11101561.0,TXN-0006448
2025-11-23,2025-11-23,CLIENT FUNDING - RTGS,,264216,-10837345.0,TXN-0006449
2025-11-27,2025-11-27,CLIENT FUNDING - RTGS,,196183,-10641162.0,TXN-0006450
2025-11-28,2025-11-28,BROKERAGE / TRADE SETTLEMENT,65211,,-10706373.0,TXN-0006451
2025-11-15,2025-11-15,BANK / DP CHARGES,1968,,-10708341.0,TXN-0006452
2025-11-29,2025-11-29,PAYOUT TO CLIENT,189553,,-10897894.0,TXN-0006453
2025-11-29,2025-11-29,BANK / DP CHARGES,1511,,-10899405.0,TXN-0006454
2025-11-17,2025-11-17,CLIENT FUNDING - RTGS,,201460,-10697945.0,TXN-0006455
2025-11-29,2025-11-29,PAYOUT TO CLIENT,181172,,-10879117.0,TXN-0006456
2025-11-23,2025-11-24,CLIENT FUNDING - RTGS,,76718,-10802399.0,TXN-0006457
2025-11-18,2025-11-18,PAYOUT TO CLIENT,184734,,-10987133.0,TXN-0006458
2025-11-29,2025-11-30,BANK / DP CHARGES,1398,,-10988531.0,TXN-0006459
2025-11-17,2025-11-18,BROKERAGE / TRADE SETTLEMENT,60079,,-11048610.0,TXN-0006460
2025-11-18,2025-11-18,CLIENT FUNDING - RTGS,,149572,-10899038.0,TXN-0006461
2025-11-26,2025-11-28,CLIENT FUNDING - RTGS,,177455,-10721583.0,TXN-0006462
2025-11-25,2025-11-25,PAYOUT TO CLIENT,100452,,-10822035.0,TXN-0006463
2025-11-16,2025-11-18,BANK / DP CHARGES,1667,,-10823702.0,TXN-0006464
2025-11-18,2025-11-18,PAYOUT TO CLIENT,66342,,-10890044.0,TXN-0006465
2025-11-17,2025-11-19,CLIENT FUNDING - RTGS,,77163,-10812881.0,TXN-0006466
2025-11-22,2025-11-23,BROKERAGE / TRADE SETTLEMENT,110055,,-10922936.0,TXN-0006467
2025-11-17,2025-11-17,PAYOUT TO CLIENT,28499,,-10951435.0,TXN-0006468
2025-11-29,2025-11-29,BROKERAGE / TRADE SETTLEMENT,31519,,-10982954.0,TXN-0006469
2025-11-23,2025-11-23,BROKERAGE / TRADE SETTLEMENT,84119,,-11067073.0,TXN-0006470
2025-11-25,2025-11-25,BANK / DP CHARGES,1744,,-11068817.0,TXN-0006471
2025-11-19,2025-11-19,MISC ADJUSTMENT,,16459,-11052358.0,TXN-0006472
2025-11-16,2025-11-16,PAYOUT TO CLIENT,181305,,-11233663.0,TXN-0006473
2025-11-25,2025-11-26,BANK / DP CHARGES,1628,,-11235291.0,TXN-0006474
2025-11-20,2025-11-20,PAYOUT TO CLIENT,189566,,-11424857.0,TXN-0006475
2025-11-22,2025-11-23,BANK / DP CHARGES,570,,-11425427.0,TXN-0006476
2025-11-16,2025-11-16,BANK / DP CHARGES,807,,-11426234.0,TXN-0006477
2025-11-21,2025-11-21,PAYOUT TO CLIENT,121528,,-11547762.0,TXN-0006478
2025-11-25,2025-11-26,PAYOUT TO CLIENT,59787,,-11607549.0,TXN-0006479
2025-11-23,2025-11-24,MISC ADJUSTMENT,,39713,-11567836.0,TXN-0006480
2025-11-23,2025-11-23,BROKERAGE / TRADE SETTLEMENT,131909,,-11699745.0,TXN-0006481
2025-11-18,2025-11-18,BANK / DP CHARGES,331,,-11700076.0,TXN-0006482
2025-11-18,2025-11-18,MISC ADJUSTMENT,,40435,-11659641.0,TXN-0006483
2025-11-29,2025-11-29,CLIENT FUNDING - RTGS,,121576,-11538065.0,TXN-0006484
2025-11-20,2025-11-22,BANK / DP CHARGES,313,,-11538378.0,TXN-0006485
2025-11-27,2025-11-27,CLIENT FUNDING - RTGS,,263019,-11275359.0,TXN-0006486
2025-11-26,2025-11-26,MISC ADJUSTMENT,37925,,-11313284.0,TXN-0006487
2025-11-28,2025-11-30,MISC ADJUSTMENT,48143,,-11361427.0,TXN-0006488
2025-11-19,2025-11-19,PAYOUT TO CLIENT,67887,,-11429314.0,TXN-0006489
2025-11-17,2025-11-18,CLIENT FUNDING - RTGS,,132777,-11296537.0,TXN-0006490
2025-11-28,2025-11-28,MISC ADJUSTMENT,,18288,-11278249.0,TXN-0006491
2025-11-20,2025-11-20,MISC ADJUSTMENT,,27799,-11250450.0,TXN-0006492
2025-11-20,2025-11-22,CLIENT FUNDING - RTGS,,292432,-10958018.0,TXN-0006493
2025-11-18,2025-11-18,BROKERAGE / TRADE SETTLEMENT,147614,,-11105632.0,TXN-0006494
2025-11-24,2025-11-25,BANK / DP CHARGES,385,,-11106017.0,TXN-0006495
2025-11-19,2025-11-19,BANK / DP CHARGES,151,,-11106168.0,TXN-0006496
2025-11-21,2025-11-21,BROKERAGE / TRADE SETTLEMENT,66407,,-11172575.0,TXN-0006497
2025-11-22,2025-11-23,CLIENT FUNDING - RTGS,,73504,-11099071.0,TXN-0006498
2025-11-25,2025-11-27,CLIENT FUNDING - RTGS,,180572,-10918499.0,TXN-0006499
2025-11-20,2025-11-22,MISC ADJUSTMENT,22237,,-10940736.0,TXN-0006500
2025-11-26,2025-11-26,BANK / DP CHARGES,903,,-10941639.0,TXN-0006501
2025-11-15,2025-11-17,MISC ADJUSTMENT,47312,,-10988951.0,TXN-0006502
2025-11-24,2025-11-24,CLIENT FUNDING - RTGS,,249216,-10739735.0,TXN-0006503
2025-11-22,2025-11-22,PAYOUT TO CLIENT,51272,,-10791007.0,TXN-0006504
2025-11-24,2025-11-24,BROKERAGE / TRADE SETTLEMENT,14972,,-10805979.0,TXN-0006505
2025-11-26,2025-11-27,BROKERAGE / TRADE SETTLEMENT,12767,,-10818746.0,TXN-0006506
2025-11-15,2025-11-16,MISC ADJUSTMENT,,26289,-10792457.0,TXN-0006507
2025-11-18,2025-11-18,PAYOUT TO CLIENT,136594,,-10929051.0,TXN-0006508
2025-11-27,2025-11-27,BANK / DP CHARGES,580,,-10929631.0,TXN-0006509
2025-11-23,2025-11-23,CLIENT FUNDING - RTGS,,201773,-10727858.0,TXN-0006510
2025-11-28,2025-11-29,MISC ADJUSTMENT,,9610,-10718248.0,TXN-0006511
2025-11-23,2025-11-23,CLIENT FUNDING - RTGS,,50894,-10667354.0,TXN-0006512
2025-11-16,2025-11-18,CLIENT FUNDING - RTGS,,81593,-10585761.0,TXN-0006513
2025-11-19,2025-11-21,BROKERAGE / TRADE SETTLEMENT,13910,,-10599671.0,TXN-0006514
2025-11-26,2025-11-26,CLIENT FUNDING - RTGS,,57760,-10541911.0,TXN-0006515
2025-11-27,2025-11-27,BROKERAGE / TRADE SETTLEMENT,59238,,-10601149.0,TXN-0006516
2025-11-18,2025-11-19,MISC ADJUSTMENT,9116,,-10610265.0,TXN-0006517
2025-11-15,2025-11-15,BANK / DP CHARGES,736,,-10611001.0,TXN-0006518
2025-11-25,2025-11-27,BROKERAGE / TRADE SETTLEMENT,148721,,-10759722.0,TXN-0006519
2025-11-23,2025-11-24,BANK / DP CHARGES,1404,,-10761126.0,TXN-0006520
2025-11-21,2025-11-23,PAYOUT TO CLIENT,140095,,-10901221.0,TXN-0006521
2025-11-22,2025-11-23,BROKERAGE / TRADE SETTLEMENT,93601,,-10994822.0,TXN-0006522
2025-11-20,2025-11-21,PAYOUT TO CLIENT,142453,,-11137275.0,TXN-0006523
2025-11-15,2025-11-15,CLIENT FUNDING - RTGS,,139607,-10997668.0,TXN-0006524
2025-11-28,2025-11-29,BANK / DP CHARGES,1237,,-10998905.0,TXN-0006525
2025-11-21,2025-11-23,MISC ADJUSTMENT,,17557,-10981348.0,TXN-0006526
2025-11-16,2025-11-16,BANK / DP CHARGES,1485,,-10982833.0,TXN-0006527
2025-11-28,2025-11-28,BROKERAGE / TRADE SETTLEMENT,105728,,-11088561.0,TXN-0006528
2025-11-19,2025-11-19,MISC ADJUSTMENT,25681,,-11114242.0,TXN-0006529
2025-11-18,2025-11-18,PAYOUT TO CLIENT,25856,,-11140098.0,TXN-0006530
2025-11-23,2025-11-23,PAYOUT TO CLIENT,70256,,-11210354.0,TXN-0006531
2025-11-22,2025-11-23,BANK / DP CHARGES,171,,-11210525.0,TXN-0006532
2025-11-15,2025-11-15,BROKERAGE / TRADE SETTLEMENT,108112,,-11318637.0,TXN-0006533
2025-11-15,2025-11-15,CLIENT FUNDING - RTGS,,202440,-11116197.0,TXN-0006534
2025-11-23,2025-11-25,BROKERAGE / TRADE SETTLEMENT,138736,,-11254933.0,TXN-0006535
2025-11-21,2025-11-21,BANK / DP CHARGES,820,,-11255753.0,TXN-0006536
2025-11-27,2025-11-28,MISC ADJUSTMENT,,36779,-11218974.0,TXN-0006537
2025-11-25,2025-11-26,CLIENT FUNDING - RTGS,,252454,-10966520.0,TXN-0006538
2025-11-15,2025-11-16,CLIENT FUNDING - RTGS,,271379,-10695141.0,TXN-0006539
2025-11-21,2025-11-22,MISC ADJUSTMENT,46045,,-10741186.0,TXN-0006540
2025-11-27,2025-11-28,MISC ADJUSTMENT,,46603,-10694583.0,TXN-0006541
2025-11-29,2025-11-29,CLIENT FUNDING - RTGS,,175086,-10519497.0,TXN-0006542
2025-11-21,2025-11-23,BROKERAGE / TRADE SETTLEMENT,30491,,-10549988.0,TXN-0006543
2025-11-28,2025-11-29,BROKERAGE / TRADE SETTLEMENT,40342,,-10590330.0,TXN-0006544
2025-11-17,2025-11-18,MISC ADJUSTMENT,,36254,-10554076.0,TXN-0006545
2025-11-21,2025-11-23,CLIENT FUNDING - RTGS,,105405,-10448671.0,TXN-0006546
2025-11-20,2025-11-20,BROKERAGE / TRADE SETTLEMENT,111077,,-10559748.0,TXN-0006547
2025-11-15,2025-11-16,PAYOUT TO CLIENT,190862,,-10750610.0,TXN-0006548
2025-11-20,2025-11-20,MISC ADJUSTMENT,9496,,-10760106.0,TXN-0006549
2025-11-18,2025-11-18,BANK / DP CHARGES,189,,-10760295.0,TXN-0006550
2025-11-27,2025-11-27,BROKERAGE / TRADE SETTLEMENT,123351,,-10883646.0,TXN-0006551
2025-11-27,2025-11-29,PAYOUT TO CLIENT,40084,,-10923730.0,TXN-0006552
2025-11-27,2025-11-27,MISC ADJUSTMENT,27929,,-10951659.0,TXN-0006553
2025-11-29,2025-11-29,MISC ADJUSTMENT,26889,,-10978548.0,TXN-0006554
2025-11-28,2025-11-30,BROKERAGE / TRADE SETTLEMENT,56503,,-11035051.0,TXN-0006555
2025-11-27,2025-11-28,BROKERAGE / TRADE SETTLEMENT,125459,,-11160510.0,TXN-0006556
2025-11-15,2025-11-17,BROKERAGE / TRADE SETTLEMENT,68823,,-11229333.0,TXN-0006557
2025-11-18,2025-11-18,PAYOUT TO CLIENT,45608,,-11274941.0,TXN-0006558
2025-11-19,2025-11-19,BANK / DP CHARGES,1309,,-11276250.0,TXN-0006559
2025-11-17,2025-11-17,BANK / DP CHARGES,1035,,-11277285.0,TXN-0006560
2025-11-29,2025-11-29,PAYOUT TO CLIENT,30949,,-11308234.0,TXN-0006561
2025-11-19,2025-11-20,BROKERAGE / TRADE SETTLEMENT,42860,,-11351094.0,TXN-0006562
2025-11-15,2025-11-17,BANK / DP CHARGES,1266,,-11352360.0,TXN-0006563
2025-11-17,2025-11-17,BROKERAGE / TRADE SETTLEMENT,125881,,-11478241.0,TXN-0006564
2025-11-16,2025-11-17,PAYOUT TO CLIENT,129650,,-11607891.0,TXN-0006565
2025-11-18,2025-11-20,BROKERAGE / TRADE SETTLEMENT,78028,,-11685919.0,TXN-0006566
2025-11-20,2025-11-20,BROKERAGE / TRADE SETTLEMENT,40584,,-11726503.0,TXN-0006567
2025-11-26,2025-11-28,BROKERAGE / TRADE SETTLEMENT,63044,,-11789547.0,TXN-0006568
2025-11-27,2025-11-27,MISC ADJUSTMENT,16479,,-11806026.0,TXN-0006569
2025-11-22,2025-11-22,MISC ADJUSTMENT,7300,,-11813326.0,TXN-0006570
2025-11-29,2025-11-29,BANK / DP CHARGES,745,,-11814071.0,TXN-0006571
2025-11-28,2025-11-30,BANK / DP CHARGES,1063,,-11815134.0,TXN-0006572
2025-11-23,2025-11-23,BANK / DP CHARGES,1326,,-11816460.0,TXN-0006573
2025-11-29,2025-12-01,MISC ADJUSTMENT,41300,,-11857760.0,TXN-0006574
2025-11-19,2025-11-21,MISC ADJUSTMENT,,19424,-11838336.0,TXN-0006575
2025-11-20,2025-11-22,MISC ADJUSTMENT,22268,,-11860604.0,TXN-0006576
2025-11-26,2025-11-26,PAYOUT TO CLIENT,139239,,-11999843.0,TXN-0006577
2025-11-23,2025-11-23,PAYOUT TO CLIENT,58723,,-12058566.0,TXN-0006578
2025-11-27,2025-11-27,BANK / DP CHARGES,1478,,-12060044.0,TXN-0006579
2025-11-20,2025-11-20,PAYOUT TO CLIENT,104616,,-12164660.0,TXN-0006580
2025-11-17,2025-11-18,BANK / DP CHARGES,1073,,-12165733.0,TXN-0006581
2025-11-17,2025-11-19,PAYOUT TO CLIENT,198358,,-12364091.0,TXN-0006582
2025-11-16,2025-11-17,CLIENT FUNDING - RTGS,,211979,-12152112.0,TXN-0006583
2025-11-27,2025-11-27,BANK / DP CHARGES,356,,-12152468.0,TXN-0006584
2025-11-21,2025-11-21,CLIENT FUNDING - RTGS,,114190,-12038278.0,TXN-0006585
2025-11-20,2025-11-20,BANK / DP CHARGES,443,,-12038721.0,TXN-0006586
2025-11-28,2025-11-28,PAYOUT TO CLIENT,161407,,-12200128.0,TXN-0006587
2025-11-15,2025-11-16,CLIENT FUNDING - RTGS,,105064,-12095064.0,TXN-0006588
2025-11-25,2025-11-27,MISC ADJUSTMENT,,23227,-12071837.0,TXN-0006589
2025-11-15,2025-11-16,PAYOUT TO CLIENT,153352,,-12225189.0,TXN-0006590
2025-11-28,2025-11-28,MISC ADJUSTMENT,,41327,-12183862.0,TXN-0006591
2025-11-26,2025-11-28,PAYOUT TO CLIENT,78890,,-12262752.0,TXN-0006592
2025-11-18,2025-11-19,PAYOUT TO CLIENT,125413,,-12388165.0,TXN-0006593
2025-11-17,2025-11-18,BROKERAGE / TRADE SETTLEMENT,46355,,-12434520.0,TXN-0006594
2025-11-28,2025-11-28,BANK / DP CHARGES,433,,-12434953.0,TXN-0006595
2025-11-20,2025-11-20,MISC ADJUSTMENT,,18567,-12416386.0,TXN-0006596
2025-11-15,2025-11-15,PAYOUT TO CLIENT,108590,,-12524976.0,TXN-0006597
2025-11-20,2025-11-22,BANK / DP CHARGES,987,,-12525963.0,TXN-0006598
2025-11-20,2025-11-20,BROKERAGE / TRADE SETTLEMENT,106997,,-12632960.0,TXN-0006599
2025-11-15,2025-11-15,CLIENT FUNDING - RTGS,,211032,-12421928.0,TXN-0006600
2025-11-15,2025-11-16,CLIENT FUNDING - RTGS,,99111,-12322817.0,TXN-0006601
2025-11-21,2025-11-22,CLIENT FUNDING - RTGS,,196900,-12125917.0,TXN-0006602
2025-11-23,2025-11-25,PAYOUT TO CLIENT,100660,,-12226577.0,TXN-0006603
2025-11-20,2025-11-20,BANK / DP CHARGES,1533,,-12228110.0,TXN-0006604
2025-11-18,2025-11-18,BROKERAGE / TRADE SETTLEMENT,59707,,-12287817.0,TXN-0006605
2025-11-16,2025-11-16,PAYOUT TO CLIENT,130130,,-12417947.0,TXN-0006606
2025-11-23,2025-11-24,CLIENT FUNDING - RTGS,,171136,-12246811.0,TXN-0006607
2025-11-21,2025-11-21,BROKERAGE / TRADE SETTLEMENT,100378,,-12347189.0,TXN-0006608
2025-11-15,2025-11-15,BANK / DP CHARGES,208,,-12347397.0,TXN-0006609
2025-11-25,2025-11-26,BANK / DP CHARGES,967,,-12348364.0,TXN-0006610
2025-11-25,2025-11-25,CLIENT FUNDING - RTGS,,79594,-12268770.0,TXN-0006611
2025-11-21,2025-11-21,BROKERAGE / TRADE SETTLEMENT,69813,,-12338583.0,TXN-0006612
2025-11-22,2025-11-24,BROKERAGE / TRADE SETTLEMENT,140812,,-12479395.0,TXN-0006613
2025-11-27,2025-11-27,BROKERAGE / TRADE SETTLEMENT,29914,,-12509309.0,TXN-0006614
2025-11-16,2025-11-16,MISC ADJUSTMENT,,29325,-12479984.0,TXN-0006615
2025-11-21,2025-11-21,MISC ADJUSTMENT,,10055,-12469929.0,TXN-0006616
2025-11-25,2025-11-25,BANK / DP CHARGES,515,,-12470444.0,TXN-0006617
2025-11-20,2025-11-22,MISC ADJUSTMENT,40140,,-12510584.0,TXN-0006618
2025-11-26,2025-11-26,PAYOUT TO CLIENT,185128,,-12695712.0,TXN-0006619
2025-11-15,2025-11-15,CLIENT FUNDING - RTGS,,259938,-12435774.0,TXN-0006620
2025-11-18,2025-11-19,BANK / DP CHARGES,1610,,-12437384.0,TXN-0006621
2025-11-20,2025-11-21,PAYOUT TO CLIENT,76473,,-12513857.0,TXN-0006622
2025-11-27,2025-11-27,BANK / DP CHARGES,1768,,-12515625.0,TXN-0006623
2025-11-24,2025-11-26,PAYOUT TO CLIENT,20243,,-12535868.0,TXN-0006624
2025-11-18,2025-11-20,CLIENT FUNDING - RTGS,,142163,-12393705.0,TXN-0006625
2025-11-29,2025-12-01,CLIENT FUNDING - RTGS,,217106,-12176599.0,TXN-0006626
2025-11-26,2025-11-27,BANK / DP CHARGES,1422,,-12178021.0,TXN-0006627
2025-11-16,2025-11-16,PAYOUT TO CLIENT,115428,,-12293449.0,TXN-0006628
2025-11-21,2025-11-23,CLIENT FUNDING - RTGS,,164130,-12129319.0,TXN-0006629
2025-11-16,2025-11-16,BROKERAGE / TRADE SETTLEMENT,48694,,-12178013.0,TXN-0006630
2025-11-21,2025-11-21,MISC ADJUSTMENT,,33622,-12144391.0,TXN-0006631
2025-11-27,2025-11-28,BROKERAGE / TRADE SETTLEMENT,56311,,-12200702.0,TXN-0006632
2025-11-23,2025-11-23,CLIENT FUNDING - RTGS,,156330,-12044372.0,TXN-0006633
2025-11-21,2025-11-21,MISC ADJUSTMENT,16721,,-12061093.0,TXN-0006634
2025-11-25,2025-11-25,BANK / DP CHARGES,506,,-12061599.0,TXN-0006635
2025-11-18,2025-11-19,BANK / DP CHARGES,1443,,-12063042.0,TXN-0006636
2025-11-27,2025-11-29,MISC ADJUSTMENT,29627,,-12092669.0,TXN-0006637
2025-11-23,2025-11-23,BANK / DP CHARGES,903,,-12093572.0,TXN-0006638
2025-11-25,2025-11-25,MISC ADJUSTMENT,,25738,-12067834.0,TXN-0006639
2025-11-18,2025-11-20,CLIENT FUNDING - RTGS,,241623,-11826211.0,TXN-0006640
2025-11-17,2025-11-17,BANK / DP CHARGES,988,,-11827199.0,TXN-0006641
2025-11-24,2025-11-26,BROKERAGE / TRADE SETTLEMENT,147627,,-11974826.0,TXN-0006642
2025-11-24,2025-11-24,PAYOUT TO CLIENT,21159,,-11995985.0,TXN-0006643
2025-11-28,2025-11-29,BANK / DP CHARGES,984,,-11996969.0,TXN-0006644
2025-11-27,2025-11-28,CLIENT FUNDING - RTGS,,270575,-11726394.0,TXN-0006645
2025-11-28,2025-11-28,CLIENT FUNDING - RTGS,,161587,-11564807.0,TXN-0006646
2025-11-18,2025-11-18,BANK / DP CHARGES,1074,,-11565881.0,TXN-0006647
2025-11-17,2025-11-17,BANK / DP CHARGES,1005,,-11566886.0,TXN-0006648
2025-11-29,2025-12-01,BROKERAGE / TRADE SETTLEMENT,77395,,-11644281.0,TXN-0006649
2025-11-23,2025-11-25,CLIENT FUNDING - RTGS,,145724,-11498557.0,TXN-0006650
2025-11-21,2025-11-22,CLIENT FUNDING - RTGS,,226593,-11271964.0,TXN-0006651
2025-11-29,2025-11-29,PAYOUT TO CLIENT,80875,,-11352839.0,TXN-0006652
2025-11-24,2025-11-26,CLIENT FUNDING - RTGS,,88494,-11264345.0,TXN-0006653
2025-11-24,2025-11-24,PAYOUT TO CLIENT,172382,,-11436727.0,TXN-0006654
2025-11-19,2025-11-21,CLIENT FUNDING - RTGS,,241546,-11195181.0,TXN-0006655
2025-11-22,2025-11-22,BROKERAGE / TRADE SETTLEMENT,67201,,-11262382.0,TXN-0006656
2025-11-25,2025-11-26,BANK / DP CHARGES,1173,,-11263555.0,TXN-0006657
2025-11-15,2025-11-15,BROKERAGE / TRADE SETTLEMENT,101271,,-11364826.0,TXN-0006658
2025-11-21,2025-11-23,BROKERAGE / TRADE SETTLEMENT,27485,,-11392311.0,TXN-0006659
2025-11-18,2025-11-18,CLIENT FUNDING - RTGS,,67322,-11324989.0,TXN-0006660
2025-11-16,2025-11-16,BROKERAGE / TRADE SETTLEMENT,103571,,-11428560.0,TXN-0006661
2025-11-23,2025-11-25,BANK / DP CHARGES,1565,,-11430125.0,TXN-0006662
2025-11-26,2025-11-27,BANK / DP CHARGES,1425,,-11431550.0,TXN-0006663
2025-11-22,2025-11-22,BANK / DP CHARGES,1715,,-11433265.0,TXN-0006664
2025-11-20,2025-11-20,BROKERAGE / TRADE SETTLEMENT,149468,,-11582733.0,TXN-0006665
2025-11-25,2025-11-25,MISC ADJUSTMENT,,25023,-11557710.0,TXN-0006666
2025-11-23,2025-11-23,BROKERAGE / TRADE SETTLEMENT,15777,,-11573487.0,TXN-0006667
2025-11-15,2025-11-16,CLIENT FUNDING - RTGS,,120831,-11452656.0,TXN-0006668
2025-11-19,2025-11-19,MISC ADJUSTMENT,46417,,-11499073.0,TXN-0006669
2025-11-28,2025-11-29,BROKERAGE / TRADE SETTLEMENT,21871,,-11520944.0,TXN-0006670
2025-11-20,2025-11-22,BROKERAGE / TRADE SETTLEMENT,145823,,-11666767.0,TXN-0006671
2025-11-17,2025-11-18,CLIENT FUNDING - RTGS,,195938,-11470829.0,TXN-0006672
2025-11-23,2025-11-24,MISC ADJUSTMENT,13224,,-11484053.0,TXN-0006673
2025-11-24,2025-11-24,MISC ADJUSTMENT,13776,,-11497829.0,TXN-0006674
2025-11-16,2025-11-17,BROKERAGE / TRADE SETTLEMENT,68181,,-11566010.0,TXN-0006675
2025-11-15,2025-11-16,BANK / DP CHARGES,169,,-11566179.0,TXN-0006676
2025-11-18,2025-11-18,BROKERAGE / TRADE SETTLEMENT,63111,,-11629290.0,TXN-0006677
2025-11-15,2025-11-16,BANK / DP CHARGES,458,,-11629748.0,TXN-0006678
2025-11-16,2025-11-16,MISC ADJUSTMENT,,47625,-11582123.0,TXN-0006679
2025-11-29,2025-11-29,CLIENT FUNDING - RTGS,,256794,-11325329.0,TXN-0006680
2025-11-19,2025-11-19,MISC ADJUSTMENT,,9793,-11315536.0,TXN-0006681
2025-11-21,2025-11-22,PAYOUT TO CLIENT,150923,,-11466459.0,TXN-0006682
2025-11-28,2025-11-28,BANK / DP CHARGES,828,,-11467287.0,TXN-0006683
2025-11-22,2025-11-24,MISC ADJUSTMENT,41420,,-11508707.0,TXN-0006684
2025-11-19,2025-11-20,CLIENT FUNDING - RTGS,,115205,-11393502.0,TXN-0006685
2025-11-18,2025-11-19,CLIENT FUNDING - RTGS,,104297,-11289205.0,TXN-0006686
2025-11-26,2025-11-26,MISC ADJUSTMENT,,24127,-11265078.0,TXN-0006687
2025-11-27,2025-11-27,MISC ADJUSTMENT,,11057,-11254021.0,TXN-0006688
2025-11-25,2025-11-26,BROKERAGE / TRADE SETTLEMENT,30013,,-11284034.0,TXN-0006689
2025-11-15,2025-11-17,PAYOUT TO CLIENT,56848,,-11340882.0,TXN-0006690
2025-11-28,2025-11-30,CLIENT FUNDING - RTGS,,74976,-11265906.0,TXN-0006691
2025-11-23,2025-11-23,BANK / DP CHARGES,1476,,-11267382.0,TXN-0006692
2025-11-20,2025-11-21,BROKERAGE / TRADE SETTLEMENT,28643,,-11296025.0,TXN-0006693
2025-11-26,2025-11-26,BROKERAGE / TRADE SETTLEMENT,76043,,-11372068.0,TXN-0006694
2025-11-15,2025-11-16,CLIENT FUNDING - RTGS,,216444,-11155624.0,TXN-0006695
2025-11-23,2025-11-24,PAYOUT TO CLIENT,150946,,-11306570.0,TXN-0006696
2025-11-16,2025-11-16,BROKERAGE / TRADE SETTLEMENT,36401,,-11342971.0,TXN-0006697
2025-11-21,2025-11-23,BANK / DP CHARGES,637,,-11343608.0,TXN-0006698
2025-11-24,2025-11-24,MISC ADJUSTMENT,,40652,-11302956.0,TXN-0006699
2025-11-16,2025-11-16,CLIENT FUNDING - RTGS,,261462,-11041494.0,TXN-0006700
2025-11-23,2025-11-24,CLIENT FUNDING - RTGS,,68392,-10973102.0,TXN-0006701
2025-11-22,2025-11-22,BROKERAGE / TRADE SETTLEMENT,118654,,-11091756.0,TXN-0006702
2025-11-19,2025-11-20,BANK / DP CHARGES,1778,,-11093534.0,TXN-0006703
2025-11-16,2025-11-16,CLIENT FUNDING - RTGS,,212431,-10881103.0,TXN-0006704
2025-11-18,2025-11-20,MISC ADJUSTMENT,13750,,-10894853.0,TXN-0006705
2025-11-19,2025-11-20,BANK / DP CHARGES,1420,,-10896273.0,TXN-0006706
2025-11-25,2025-11-26,BANK / DP CHARGES,1518,,-10897791.0,TXN-0006707
2025-11-25,2025-11-26,BANK / DP CHARGES,1950,,-10899741.0,TXN-0006708
2025-11-17,2025-11-18,MISC ADJUSTMENT,,33591,-10866150.0,TXN-0006709
2025-11-21,2025-11-21,PAYOUT TO CLIENT,111896,,-10978046.0,TXN-0006710
2025-11-26,2025-11-26,BANK / DP CHARGES,1993,,-10980039.0,TXN-0006711
2025-11-16,2025-11-18,MISC ADJUSTMENT,,29327,-10950712.0,TXN-0006712
2025-11-18,2025-11-20,BROKERAGE / TRADE SETTLEMENT,107814,,-11058526.0,TXN-0006713
2025-11-23,2025-11-23,MISC ADJUSTMENT,,20614,-11037912.0,TXN-0006714
2025-11-16,2025-11-16,PAYOUT TO CLIENT,99542,,-11137454.0,TXN-0006715
2025-11-22,2025-11-23,MISC ADJUSTMENT,,48388,-11089066.0,TXN-0006716
2025-11-21,2025-11-21,MISC ADJUSTMENT,,18588,-11070478.0,TXN-0006717
2025-11-15,2025-11-15,BANK / DP CHARGES,426,,-11070904.0,TXN-0006718
2025-11-26,2025-11-28,MISC ADJUSTMENT,,27369,-11043535.0,TXN-0006719
2025-11-29,2025-11-29,BROKERAGE / TRADE SETTLEMENT,13153,,-11056688.0,TXN-0006720
2025-11-17,2025-11-18,BANK / DP CHARGES,216,,-11056904.0,TXN-0006721
2025-11-23,2025-11-24,BANK / DP CHARGES,1680,,-11058584.0,TXN-0006722
2025-11-21,2025-11-23,BROKERAGE / TRADE SETTLEMENT,103156,,-11161740.0,TXN-0006723
2025-11-18,2025-11-20,PAYOUT TO CLIENT,58246,,-11219986.0,TXN-0006724
2025-11-20,2025-11-21,MISC ADJUSTMENT,,22561,-11197425.0,TXN-0006725
2025-11-22,2025-11-23,CLIENT FUNDING - RTGS,,233097,-10964328.0,TXN-0006726
2025-11-15,2025-11-15,CLIENT FUNDING - RTGS,,298835,-10665493.0,TXN-0006727
2025-11-26,2025-11-26,CLIENT FUNDING - RTGS,,79139,-10586354.0,TXN-0006728
2025-11-18,2025-11-18,PAYOUT TO CLIENT,54131,,-10640485.0,TXN-0006729
2025-11-22,2025-11-22,MISC ADJUSTMENT,,26670,-10613815.0,TXN-0006730
2025-11-17,2025-11-18,MISC ADJUSTMENT,6787,,-10620602.0,TXN-0006731
2025-11-28,2025-11-29,CLIENT FUNDING - RTGS,,79453,-10541149.0,TXN-0006732
2025-11-23,2025-11-23,BROKERAGE / TRADE SETTLEMENT,145854,,-10687003.0,TXN-0006733
2025-11-23,2025-11-23,MISC ADJUSTMENT,,43013,-10643990.0,TXN-0006734
2025-11-19,2025-11-20,CLIENT FUNDING - RTGS,,71818,-10572172.0,TXN-0006735
2025-11-19,2025-11-20,BROKERAGE / TRADE SETTLEMENT,120436,,-10692608.0,TXN-0006736
2025-11-16,2025-11-16,MISC ADJUSTMENT,12374,,-10704982.0,TXN-0006737
2025-11-29,2025-11-29,PAYOUT TO CLIENT,157181,,-10862163.0,TXN-0006738
2025-11-16,2025-11-18,PAYOUT TO CLIENT,89406,,-10951569.0,TXN-0006739
2025-11-29,2025-11-29,CLIENT FUNDING - RTGS,,52533,-10899036.0,TXN-0006740
2025-11-20,2025-11-21,CLIENT FUNDING - RTGS,,56382,-10842654.0,TXN-0006741
2025-11-25,2025-11-25,BROKERAGE / TRADE SETTLEMENT,138280,,-10980934.0,TXN-0006742
2025-11-19,2025-11-19,PAYOUT TO CLIENT,144028,,-11124962.0,TXN-0006743
2025-11-20,2025-11-20,CLIENT FUNDING - RTGS,,95134,-11029828.0,TXN-0006744
2025-11-26,2025-11-26,BROKERAGE / TRADE SETTLEMENT,142767,,-11172595.0,TXN-0006745
2025-11-23,2025-11-24,BANK / DP CHARGES,343,,-11172938.0,TXN-0006746
2025-11-24,2025-11-25,PAYOUT TO CLIENT,75243,,-11248181.0,TXN-0006747
2025-11-25,2025-11-25,BANK / DP CHARGES,1430,,-11249611.0,TXN-0006748
2025-11-26,2025-11-28,BANK / DP CHARGES,1565,,-11251176.0,TXN-0006749
2025-11-25,2025-11-25,MISC ADJUSTMENT,,37412,-11213764.0,TXN-0006750
2025-11-25,2025-11-26,MISC ADJUSTMENT,27288,,-11241052.0,TXN-0006751
2025-11-24,2025-11-24,MISC ADJUSTMENT,,24800,-11216252.0,TXN-0006752
2025-11-19,2025-11-19,BROKERAGE / TRADE SETTLEMENT,74978,,-11291230.0,TXN-0006753
2025-11-22,2025-11-24,PAYOUT TO CLIENT,45080,,-11336310.0,TXN-0006754
2025-11-22,2025-11-22,BANK / DP CHARGES,1256,,-11337566.0,TXN-0006755
2025-11-15,2025-11-15,MISC ADJUSTMENT,35335,,-11372901.0,TXN-0006756
2025-11-29,2025-11-30,MISC ADJUSTMENT,,39168,-11333733.0,TXN-0006757
2025-11-19,2025-11-19,PAYOUT TO CLIENT,106470,,-11440203.0,TXN-0006758
2025-11-20,2025-11-20,MISC ADJUSTMENT,,18075,-11422128.0,TXN-0006759
2025-11-29,2025-11-29,MISC ADJUSTMENT,,44095,-11378033.0,TXN-0006760
2025-11-28,2025-11-29,BANK / DP CHARGES,1262,,-11379295.0,TXN-0006761
2025-11-20,2025-11-21,PAYOUT TO CLIENT,67529,,-11446824.0,TXN-0006762
2025-11-27,2025-11-27,BANK / DP CHARGES,789,,-11447613.0,TXN-0006763
2025-11-22,2025-11-22,BANK / DP CHARGES,383,,-11447996.0,TXN-0006764
2025-11-17,2025-11-19,MISC ADJUSTMENT,15692,,-11463688.0,TXN-0006765
2025-11-19,2025-11-21,MISC ADJUSTMENT,39932,,-11503620.0,TXN-0006766
2025-11-25,2025-11-27,BANK / DP CHARGES,963,,-11504583.0,TXN-0006767
2025-11-23,2025-11-24,BANK / DP CHARGES,298,,-11504881.0,TXN-0006768
2025-11-21,2025-11-21,CLIENT FUNDING - RTGS,,154167,-11350714.0,TXN-0006769
2025-11-17,2025-11-19,BROKERAGE / TRADE SETTLEMENT,21668,,-11372382.0,TXN-0006770
2025-11-15,2025-11-15,PAYOUT TO CLIENT,59074,,-11431456.0,TXN-0006771
2025-11-27,2025-11-27,BROKERAGE / TRADE SETTLEMENT,19510,,-11450966.0,TXN-0006772
2025-11-17,2025-11-17,BANK / DP CHARGES,396,,-11451362.0,TXN-0006773
2025-11-25,2025-11-27,BROKERAGE / TRADE SETTLEMENT,78575,,-11529937.0,TXN-0006774
2025-11-19,2025-11-19,MISC ADJUSTMENT,42134,,-11572071.0,TXN-0006775
2025-11-25,2025-11-27,BANK / DP CHARGES,1724,,-11573795.0,TXN-0006776
2025-11-19,2025-11-19,BROKERAGE / TRADE SETTLEMENT,93754,,-11667549.0,TXN-0006777
2025-11-17,2025-11-19,CLIENT FUNDING - RTGS,,88869,-11578680.0,TXN-0006778
2025-11-16,2025-11-16,BROKERAGE / TRADE SETTLEMENT,94916,,-11673596.0,TXN-0006779
2025-11-20,2025-11-20,MISC ADJUSTMENT,,9312,-11664284.0,TXN-0006780
2025-11-18,2025-11-18,MISC ADJUSTMENT,,16432,-11647852.0,TXN-0006781
2025-11-25,2025-11-26,PAYOUT TO CLIENT,173102,,-11820954.0,TXN-0006782
2025-11-18,2025-11-20,CLIENT FUNDING - RTGS,,292225,-11528729.0,TXN-0006783
2025-11-19,2025-11-19,CLIENT FUNDING - RTGS,,116801,-11411928.0,TXN-0006784
2025-11-16,2025-11-16,CLIENT FUNDING - RTGS,,277635,-11134293.0,TXN-0006785
2025-11-28,2025-11-28,BROKERAGE / TRADE SETTLEMENT,103629,,-11237922.0,TXN-0006786
2025-11-16,2025-11-18,BANK / DP CHARGES,313,,-11238235.0,TXN-0006787
2025-11-26,2025-11-26,PAYOUT TO CLIENT,106503,,-11344738.0,TXN-0006788
2025-11-27,2025-11-28,CLIENT FUNDING - RTGS,,99846,-11244892.0,TXN-0006789
2025-11-24,2025-11-24,MISC ADJUSTMENT,,47577,-11197315.0,TXN-0006790
2025-11-20,2025-11-21,MISC ADJUSTMENT,,6141,-11191174.0,TXN-0006791
2025-11-20,2025-11-20,MISC ADJUSTMENT,,27220,-11163954.0,TXN-0006792
2025-11-29,2025-11-29,MISC ADJUSTMENT,11180,,-11175134.0,TXN-0006793
2025-11-27,2025-11-27,BANK / DP CHARGES,1772,,-11176906.0,TXN-0006794
2025-11-15,2025-11-15,BROKERAGE / TRADE SETTLEMENT,83583,,-11260489.0,TXN-0006795
2025-11-16,2025-11-18,MISC ADJUSTMENT,46112,,-11306601.0,TXN-0006796
2025-11-29,2025-11-29,BANK / DP CHARGES,650,,-11307251.0,TXN-0006797
2025-11-24,2025-11-24,MISC ADJUSTMENT,48380,,-11355631.0,TXN-0006798
2025-11-16,2025-11-16,MISC ADJUSTMENT,5984,,-11361615.0,TXN-0006799
2025-11-17,2025-11-18,MISC ADJUSTMENT,,21969,-11339646.0,TXN-0006800
2025-11-27,2025-11-27,CLIENT FUNDING - RTGS,,102696,-11236950.0,TXN-0006801
2025-11-24,2025-11-24,PAYOUT TO CLIENT,91636,,-11328586.0,TXN-0006802
2025-11-26,2025-11-26,MISC ADJUSTMENT,,46702,-11281884.0,TXN-0006803
2025-11-20,2025-11-22,PAYOUT TO CLIENT,61543,,-11343427.0,TXN-0006804
2025-11-27,2025-11-27,BROKERAGE / TRADE SETTLEMENT,107675,,-11451102.0,TXN-0006805
2025-11-27,2025-11-28,BROKERAGE / TRADE SETTLEMENT,119912,,-11571014.0,TXN-0006806
2025-11-18,2025-11-19,BANK / DP CHARGES,629,,-11571643.0,TXN-0006807
2025-11-29,2025-11-29,CLIENT FUNDING - RTGS,,162166,-11409477.0,TXN-0006808
2025-11-18,2025-11-19,BANK / DP CHARGES,1827,,-11411304.0,TXN-0006809
2025-11-20,2025-11-20,PAYOUT TO CLIENT,139741,,-11551045.0,TXN-0006810
2025-11-22,2025-11-22,BANK / DP CHARGES,1154,,-11552199.0,TXN-0006811
2025-11-16,2025-11-16,BANK / DP CHARGES,1328,,-11553527.0,TXN-0006812
2025-11-23,2025-11-25,CLIENT FUNDING - RTGS,,108577,-11444950.0,TXN-0006813
2025-11-20,2025-11-22,CLIENT FUNDING - RTGS,,188494,-11256456.0,TXN-0006814
2025-11-23,2025-11-24,MISC ADJUSTMENT,,25641,-11230815.0,TXN-0006815
2025-11-16,2025-11-16,PAYOUT TO CLIENT,174073,,-11404888.0,TXN-0006816
2025-11-24,2025-11-24,BANK / DP CHARGES,204,,-11405092.0,TXN-0006817
2025-11-18,2025-11-19,MISC ADJUSTMENT,,19825,-11385267.0,TXN-0006818
2025-11-18,2025-11-20,CLIENT FUNDING - RTGS,,119964,-11265303.0,TXN-0006819
2025-11-29,2025-11-30,BROKERAGE / TRADE SETTLEMENT,16529,,-11281832.0,TXN-0006820
2025-11-17,2025-11-17,BANK / DP CHARGES,985,,-11282817.0,TXN-0006821
2025-11-15,2025-11-16,CLIENT FUNDING - RTGS,,237490,-11045327.0,TXN-0006822
2025-11-25,2025-11-25,BROKERAGE / TRADE SETTLEMENT,116671,,-11161998.0,TXN-0006823
2025-11-22,2025-11-23,BROKERAGE / TRADE SETTLEMENT,140804,,-11302802.0,TXN-0006824
2025-11-15,2025-11-17,BROKERAGE / TRADE SETTLEMENT,128920,,-11431722.0,TXN-0006825
2025-11-23,2025-11-23,PAYOUT TO CLIENT,62286,,-11494008.0,TXN-0006826
2025-11-23,2025-11-25,BROKERAGE / TRADE SETTLEMENT,122873,,-11616881.0,TXN-0006827
2025-11-29,2025-11-30,PAYOUT TO CLIENT,175684,,-11792565.0,TXN-0006828
2025-11-22,2025-11-24,BROKERAGE / TRADE SETTLEMENT,20470,,-11813035.0,TXN-0006829
2025-11-15,2025-11-16,CLIENT FUNDING - RTGS,,191582,-11621453.0,TXN-0006830
2025-11-16,2025-11-18,MISC ADJUSTMENT,,35689,-11585764.0,TXN-0006831
2025-11-27,2025-11-29,CLIENT FUNDING - RTGS,,144246,-11441518.0,TXN-0006832
2025-11-27,2025-11-29,BROKERAGE / TRADE SETTLEMENT,39416,,-11480934.0,TXN-0006833
2025-11-19,2025-11-19,BROKERAGE / TRADE SETTLEMENT,52877,,-11533811.0,TXN-0006834
2025-11-23,2025-11-23,CLIENT FUNDING - RTGS,,240122,-11293689.0,TXN-0006835
2025-11-22,2025-11-22,CLIENT FUNDING - RTGS,,172289,-11121400.0,TXN-0006836
2025-11-23,2025-11-23,BANK / DP CHARGES,431,,-11121831.0,TXN-0006837
2025-11-29,2025-11-29,BROKERAGE / TRADE SETTLEMENT,147883,,-11269714.0,TXN-0006838
2025-11-24,2025-11-24,CLIENT FUNDING - RTGS,,95664,-11174050.0,TXN-0006839
2025-11-23,2025-11-23,BANK / DP CHARGES,1439,,-11175489.0,TXN-0006840
2025-11-26,2025-11-26,CLIENT FUNDING - RTGS,,254044,-10921445.0,TXN-0006841
2025-11-23,2025-11-23,BANK / DP CHARGES,294,,-10921739.0,TXN-0006842
2025-11-15,2025-11-15,BROKERAGE / TRADE SETTLEMENT,142379,,-11064118.0,TXN-0006843
2025-11-23,2025-11-23,CLIENT FUNDING - RTGS,,277238,-10786880.0,TXN-0006844
2025-11-28,2025-11-28,BROKERAGE / TRADE SETTLEMENT,65533,,-10852413.0,TXN-0006845
2025-11-28,2025-11-28,BROKERAGE / TRADE SETTLEMENT,27948,,-10880361.0,TXN-0006846
2025-11-20,2025-11-21,BANK / DP CHARGES,1167,,-10881528.0,TXN-0006847
2025-11-15,2025-11-17,MISC ADJUSTMENT,29797,,-10911325.0,TXN-0006848
2025-11-17,2025-11-17,BROKERAGE / TRADE SETTLEMENT,137178,,-11048503.0,TXN-0006849
2025-11-24,2025-11-24,MISC ADJUSTMENT,17101,,-11065604.0,TXN-0006850
2025-11-29,2025-11-29,BROKERAGE / TRADE SETTLEMENT,16071,,-11081675.0,TXN-0006851
2025-11-26,2025-11-26,PAYOUT TO CLIENT,73556,,-11155231.0,TXN-0006852
2025-11-26,2025-11-27,CLIENT FUNDING - RTGS,,114073,-11041158.0,TXN-0006853
2025-11-15,2025-11-17,PAYOUT TO CLIENT,130812,,-11171970.0,TXN-0006854
2025-11-28,2025-11-29,MISC ADJUSTMENT,36478,,-11208448.0,TXN-0006855
2025-11-23,2025-11-23,BANK / DP CHARGES,1546,,-11209994.0,TXN-0006856
2025-11-24,2025-11-26,BANK / DP CHARGES,133,,-11210127.0,TXN-0006857
2025-11-15,2025-11-17,BROKERAGE / TRADE SETTLEMENT,63214,,-11273341.0,TXN-0006858
2025-11-19,2025-11-19,BANK / DP CHARGES,1431,,-11274772.0,TXN-0006859
2025-11-17,2025-11-17,PAYOUT TO CLIENT,91220,,-11365992.0,TXN-0006860
2025-11-23,2025-11-25,BROKERAGE / TRADE SETTLEMENT,10703,,-11376695.0,TXN-0006861
2025-11-17,2025-11-17,MISC ADJUSTMENT,,32022,-11344673.0,TXN-0006862
2025-11-26,2025-11-26,MISC ADJUSTMENT,,14778,-11329895.0,TXN-0006863
2025-11-21,2025-11-22,CLIENT FUNDING - RTGS,,61960,-11267935.0,TXN-0006864
2025-11-18,2025-11-18,BANK / DP CHARGES,1582,,-11269517.0,TXN-0006865
2025-11-17,2025-11-18,BANK / DP CHARGES,1938,,-11271455.0,TXN-0006866
2025-11-29,2025-11-30,MISC ADJUSTMENT,16753,,-11288208.0,TXN-0006867
2025-11-25,2025-11-25,BANK / DP CHARGES,279,,-11288487.0,TXN-0006868
2025-11-24,2025-11-24,MISC ADJUSTMENT,,41914,-11246573.0,TXN-0006869
2025-11-27,2025-11-28,BROKERAGE / TRADE SETTLEMENT,147125,,-11393698.0,TXN-0006870
2025-11-24,2025-11-24,BANK / DP CHARGES,817,,-11394515.0,TXN-0006871
2025-11-28,2025-11-30,PAYOUT TO CLIENT,28239,,-11422754.0,TXN-0006872
2025-11-26,2025-11-26,BANK / DP CHARGES,330,,-11423084.0,TXN-0006873
2025-11-21,2025-11-21,MISC ADJUSTMENT,10066,,-11433150.0,TXN-0006874
2025-11-20,2025-11-20,CLIENT FUNDING - RTGS,,230441,-11202709.0,TXN-0006875
2025-11-24,2025-11-25,CLIENT FUNDING - RTGS,,202600,-11000109.0,TXN-0006876
2025-11-17,2025-11-17,PAYOUT TO CLIENT,159631,,-11159740.0,TXN-0006877
2025-11-18,2025-11-18,BROKERAGE / TRADE SETTLEMENT,111424,,-11271164.0,TXN-0006878
2025-11-16,2025-11-16,PAYOUT TO CLIENT,28992,,-11300156.0,TXN-0006879
2025-11-17,2025-11-17,CLIENT FUNDING - RTGS,,69755,-11230401.0,TXN-0006880
2025-11-16,2025-11-16,CLIENT FUNDING - RTGS,,166474,-11063927.0,TXN-0006881
2025-11-26,2025-11-28,BANK / DP CHARGES,279,,-11064206.0,TXN-0006882
2025-11-26,2025-11-26,BROKERAGE / TRADE SETTLEMENT,28666,,-11092872.0,TXN-0006883
2025-11-28,2025-11-28,MISC ADJUSTMENT,19956,,-11112828.0,TXN-0006884
2025-11-21,2025-11-21,CLIENT FUNDING - RTGS,,285686,-10827142.0,TXN-0006885
2025-11-21,2025-11-22,BROKERAGE / TRADE SETTLEMENT,143609,,-10970751.0,TXN-0006886
2025-11-22,2025-11-22,CLIENT FUNDING - RTGS,,277662,-10693089.0,TXN-0006887
2025-11-23,2025-11-25,PAYOUT TO CLIENT,114935,,-10808024.0,TXN-0006888
2025-11-19,2025-11-19,MISC ADJUSTMENT,33855,,-10841879.0,TXN-0006889
2025-11-28,2025-11-28,PAYOUT TO CLIENT,86279,,-10928158.0,TXN-0006890
2025-11-17,2025-11-19,BANK / DP CHARGES,1732,,-10929890.0,TXN-0006891
2025-11-16,2025-11-18,BANK / DP CHARGES,472,,-10930362.0,TXN-0006892
2025-11-23,2025-11-25,CLIENT FUNDING - RTGS,,202022,-10728340.0,TXN-0006893
2025-11-22,2025-11-23,CLIENT FUNDING - RTGS,,280753,-10447587.0,TXN-0006894
2025-11-16,2025-11-18,BROKERAGE / TRADE SETTLEMENT,138144,,-10585731.0,TXN-0006895
2025-11-26,2025-11-26,BROKERAGE / TRADE SETTLEMENT,66220,,-10651951.0,TXN-0006896
2025-11-19,2025-11-19,MISC ADJUSTMENT,,34480,-10617471.0,TXN-0006897
2025-11-24,2025-11-26,CLIENT FUNDING - RTGS,,256933,-10360538.0,TXN-0006898
2025-11-27,2025-11-27,CLIENT FUNDING - RTGS,,83338,-10277200.0,TXN-0006899
2025-11-20,2025-11-20,BANK / DP CHARGES,1761,,-10278961.0,TXN-0006900
2025-11-24,2025-11-24,BROKERAGE / TRADE SETTLEMENT,94349,,-10373310.0,TXN-0006901
2025-11-20,2025-11-20,MISC ADJUSTMENT,,49316,-10323994.0,TXN-0006902
2025-11-27,2025-11-29,PAYOUT TO CLIENT,176398,,-10500392.0,TXN-0006903
2025-11-29,2025-11-29,BANK / DP CHARGES,1546,,-10501938.0,TXN-0006904
2025-11-29,2025-11-29,MISC ADJUSTMENT,,12725,-10489213.0,TXN-0006905
2025-11-19,2025-11-19,PAYOUT TO CLIENT,146607,,-10635820.0,TXN-0006906
2025-11-17,2025-11-18,PAYOUT TO CLIENT,65562,,-10701382.0,TXN-0006907
2025-11-25,2025-11-25,BROKERAGE / TRADE SETTLEMENT,55231,,-10756613.0,TXN-0006908
2025-11-22,2025-11-22,CLIENT FUNDING - RTGS,,268191,-10488422.0,TXN-0006909
2025-11-24,2025-11-24,PAYOUT TO CLIENT,156898,,-10645320.0,TXN-0006910
2025-11-17,2025-11-17,MISC ADJUSTMENT,,41953,-10603367.0,TXN-0006911
2025-11-26,2025-11-26,MISC ADJUSTMENT,46111,,-10649478.0,TXN-0006912
2025-11-21,2025-11-21,BANK / DP CHARGES,337,,-10649815.0,TXN-0006913
2025-11-29,2025-11-29,CLIENT FUNDING - RTGS,,91540,-10558275.0,TXN-0006914
2025-11-19,2025-11-19,MISC ADJUSTMENT,37219,,-10595494.0,TXN-0006915
2025-11-21,2025-11-23,BROKERAGE / TRADE SETTLEMENT,130791,,-10726285.0,TXN-0006916
2025-11-28,2025-11-29,MISC ADJUSTMENT,33607,,-10759892.0,TXN-0006917
2025-11-24,2025-11-24,BROKERAGE / TRADE SETTLEMENT,89674,,-10849566.0,TXN-0006918
2025-11-16,2025-11-16,BANK / DP CHARGES,968,,-10850534.0,TXN-0006919
2025-11-27,2025-11-28,PAYOUT TO CLIENT,110547,,-10961081.0,TXN-0006920
2025-11-18,2025-11-20,BROKERAGE / TRADE SETTLEMENT,91195,,-11052276.0,TXN-0006921
2025-11-19,2025-11-19,CLIENT FUNDING - RTGS,,235409,-10816867.0,TXN-0006922
2025-11-21,2025-11-21,CLIENT FUNDING - RTGS,,264455,-10552412.0,TXN-0006923
2025-11-24,2025-11-24,BROKERAGE / TRADE SETTLEMENT,99757,,-10652169.0,TXN-0006924
2025-11-19,2025-11-19,PAYOUT TO CLIENT,97541,,-10749710.0,TXN-0006925
2025-11-25,2025-11-27,MISC ADJUSTMENT,,9847,-10739863.0,TXN-0006926
2025-11-18,2025-11-20,PAYOUT TO CLIENT,193005,,-10932868.0,TXN-0006927
2025-11-19,2025-11-21,CLIENT FUNDING - RTGS,,180327,-10752541.0,TXN-0006928
2025-11-25,2025-11-25,BANK / DP CHARGES,696,,-10753237.0,TXN-0006929
2025-11-25,2025-11-27,CLIENT FUNDING - RTGS,,93468,-10659769.0,TXN-0006930
2025-11-15,2025-11-17,BROKERAGE / TRADE SETTLEMENT,52349,,-10712118.0,TXN-0006931
2025-11-28,2025-11-29,CLIENT FUNDING - RTGS,,234920,-10477198.0,TXN-0006932
2025-11-19,2025-11-20,BANK / DP CHARGES,174,,-10477372.0,TXN-0006933
2025-11-25,2025-11-26,BANK / DP CHARGES,946,,-10478318.0,TXN-0006934
2025-11-20,2025-11-21,BROKERAGE / TRADE SETTLEMENT,107878,,-10586196.0,TXN-0006935
2025-11-25,2025-11-27,CLIENT FUNDING - RTGS,,143844,-10442352.0,TXN-0006936
2025-11-18,2025-11-19,MISC ADJUSTMENT,,47044,-10395308.0,TXN-0006937
2025-11-28,2025-11-28,MISC ADJUSTMENT,43911,,-10439219.0,TXN-0006938
2025-11-20,2025-11-21,PAYOUT TO CLIENT,188566,,-10627785.0,TXN-0006939
2025-11-16,2025-11-17,BANK / DP CHARGES,1372,,-10629157.0,TXN-0006940
2025-11-16,2025-11-18,BROKERAGE / TRADE SETTLEMENT,10220,,-10639377.0,TXN-0006941
2025-11-27,2025-11-29,BANK / DP CHARGES,1202,,-10640579.0,TXN-0006942
2025-11-20,2025-11-22,BANK / DP CHARGES,1051,,-10641630.0,TXN-0006943
2025-11-25,2025-11-25,BROKERAGE / TRADE SETTLEMENT,43917,,-10685547.0,TXN-0006944
2025-11-19,2025-11-21,PAYOUT TO CLIENT,131676,,-10817223.0,TXN-0006945
2025-11-16,2025-11-18,BANK / DP CHARGES,478,,-10817701.0,TXN-0006946
2025-11-16,2025-11-16,BROKERAGE / TRADE SETTLEMENT,45073,,-10862774.0,TXN-0006947
2025-11-29,2025-11-29,MISC ADJUSTMENT,,34907,-10827867.0,TXN-0006948
2025-11-23,2025-11-24,BROKERAGE / TRADE SETTLEMENT,137729,,-10965596.0,TXN-0006949
2025-11-21,2025-11-23,BROKERAGE / TRADE SETTLEMENT,123867,,-11089463.0,TXN-0006950
2025-11-18,2025-11-18,MISC ADJUSTMENT,,39620,-11049843.0,TXN-0006951
2025-11-19,2025-11-19,BROKERAGE / TRADE SETTLEMENT,35453,,-11085296.0,TXN-0006952
2025-11-15,2025-11-15,PAYOUT TO CLIENT,169263,,-11254559.0,TXN-0006953
2025-11-26,2025-11-27,PAYOUT TO CLIENT,27459,,-11282018.0,TXN-0006954
2025-11-28,2025-11-28,BROKERAGE / TRADE SETTLEMENT,17778,,-11299796.0,TXN-0006955
2025-11-27,2025-11-27,CLIENT FUNDING - RTGS,,200122,-11099674.0,TXN-0006956
2025-11-18,2025-11-20,BROKERAGE / TRADE SETTLEMENT,64892,,-11164566.0,TXN-0006957
2025-11-20,2025-11-20,BROKERAGE / TRADE SETTLEMENT,48517,,-11213083.0,TXN-0006958
2025-11-16,2025-11-16,MISC ADJUSTMENT,22926,,-11236009.0,TXN-0006959
2025-11-20,2025-11-22,CLIENT FUNDING - RTGS,,231909,-11004100.0,TXN-0006960
2025-11-26,2025-11-28,PAYOUT TO CLIENT,195345,,-11199445.0,TXN-0006961
2025-11-17,2025-11-19,BROKERAGE / TRADE SETTLEMENT,100845,,-11300290.0,TXN-0006962
2025-11-21,2025-11-22,BANK / DP CHARGES,458,,-11300748.0,TXN-0006963
2025-11-15,2025-11-15,MISC ADJUSTMENT,22898,,-11323646.0,TXN-0006964
2025-11-26,2025-11-26,MISC ADJUSTMENT,,37192,-11286454.0,TXN-0006965
2025-11-29,2025-11-30,BANK / DP CHARGES,1199,,-11287653.0,TXN-0006966
2025-11-16,2025-11-18,BANK / DP CHARGES,1220,,-11288873.0,TXN-0006967
2025-11-28,2025-11-30,CLIENT FUNDING - RTGS,,217577,-11071296.0,TXN-0006968
2025-11-24,2025-11-26,BANK / DP CHARGES,860,,-11072156.0,TXN-0006969
2025-11-24,2025-11-24,BANK / DP CHARGES,1063,,-11073219.0,TXN-0006970
2025-11-26,2025-11-26,MISC ADJUSTMENT,38796,,-11112015.0,TXN-0006971
2025-11-21,2025-11-22,PAYOUT TO CLIENT,103517,,-11215532.0,TXN-0006972
2025-11-22,2025-11-24,CLIENT FUNDING - RTGS,,245872,-10969660.0,TXN-0006973
2025-11-26,2025-11-26,BROKERAGE / TRADE SETTLEMENT,25569,,-10995229.0,TXN-0006974
2025-11-27,2025-11-28,BANK / DP CHARGES,763,,-10995992.0,TXN-0006975
2025-11-22,2025-11-22,CLIENT FUNDING - RTGS,,75489,-10920503.0,TXN-0006976
2025-11-26,2025-11-26,CLIENT FUNDING - RTGS,,128020,-10792483.0,TXN-0006977
2025-11-21,2025-11-22,PAYOUT TO CLIENT,81242,,-10873725.0,TXN-0006978
2025-11-17,2025-11-17,BANK / DP CHARGES,1783,,-10875508.0,TXN-0006979
2025-11-25,2025-11-27,PAYOUT TO CLIENT,83765,,-10959273.0,TXN-0006980
2025-11-26,2025-11-26,BANK / DP CHARGES,333,,-10959606.0,TXN-0006981
2025-11-19,2025-11-20,PAYOUT TO CLIENT,41244,,-11000850.0,TXN-0006982
2025-11-27,2025-11-27,PAYOUT TO CLIENT,35064,,-11035914.0,TXN-0006983
2025-11-28,2025-11-28,MISC ADJUSTMENT,22837,,-11058751.0,TXN-0006984
2025-11-24,2025-11-24,PAYOUT TO CLIENT,35546,,-11094297.0,TXN-0006985
2025-11-25,2025-11-25,PAYOUT TO CLIENT,28900,,-11123197.0,TXN-0006986
2025-11-28,2025-11-28,BROKERAGE / TRADE SETTLEMENT,135893,,-11259090.0,TXN-0006987
2025-11-19,2025-11-19,PAYOUT TO CLIENT,81792,,-11340882.0,TXN-0006988
2025-11-28,2025-11-28,CLIENT FUNDING - RTGS,,298056,-11042826.0,TXN-0006989
2025-11-27,2025-11-27,CLIENT FUNDING - RTGS,,297810,-10745016.0,TXN-0006990
2025-11-26,2025-11-26,CLIENT FUNDING - RTGS,,67453,-10677563.0,TXN-0006991
2025-11-25,2025-11-25,CLIENT FUNDING - RTGS,,284757,-10392806.0,TXN-0006992
2025-11-22,2025-11-23,MISC ADJUSTMENT,,28432,-10364374.0,TXN-0006993
2025-11-20,2025-11-22,CLIENT FUNDING - RTGS,,63147,-10301227.0,TXN-0006994
2025-11-24,2025-11-24,BANK / DP CHARGES,548,,-10301775.0,TXN-0006995
2025-11-15,2025-11-15,CLIENT FUNDING - RTGS,,117884,-10183891.0,TXN-0006996
2025-11-22,2025-11-22,BANK / DP CHARGES,1911,,-10185802.0,TXN-0006997
2025-11-26,2025-11-28,BANK / DP CHARGES,839,,-10186641.0,TXN-0006998
2025-11-22,2025-11-22,MISC ADJUSTMENT,21081,,-10207722.0,TXN-0006999
2025-11-17,2025-11-17,CLIENT FUNDING - RTGS,,63269,-10144453.0,TXN-0007000
2025-11-16,2025-11-16,PAYOUT TO CLIENT,131089,,-10275542.0,TXN-0007001
2025-11-19,2025-11-21,BANK / DP CHARGES,1299,,-10276841.0,TXN-0007002
2025-11-23,2025-11-24,PAYOUT TO CLIENT,70491,,-10347332.0,TXN-0007003
2025-11-26,2025-11-28,BROKERAGE / TRADE SETTLEMENT,20539,,-10367871.0,TXN-0007004
2025-11-16,2025-11-16,PAYOUT TO CLIENT,140397,,-10508268.0,TXN-0007005
2025-11-26,2025-11-27,PAYOUT TO CLIENT,32896,,-10541164.0,TXN-0007006
2025-11-18,2025-11-19,PAYOUT TO CLIENT,57843,,-10599007.0,TXN-0007007
2025-11-28,2025-11-30,BROKERAGE / TRADE SETTLEMENT,30568,,-10629575.0,TXN-0007008
2025-11-23,2025-11-25,BANK / DP CHARGES,1897,,-10631472.0,TXN-0007009
2025-11-16,2025-11-18,BANK / DP CHARGES,1844,,-10633316.0,TXN-0007010
2025-11-22,2025-11-23,CLIENT FUNDING - RTGS,,298685,-10334631.0,TXN-0007011
2025-11-19,2025-11-20,BANK / DP CHARGES,574,,-10335205.0,TXN-0007012
2025-11-20,2025-11-20,CLIENT FUNDING - RTGS,,62067,-10273138.0,TXN-0007013
2025-11-27,2025-11-27,CLIENT FUNDING - RTGS,,159180,-10113958.0,TXN-0007014
2025-11-18,2025-11-18,BROKERAGE / TRADE SETTLEMENT,97643,,-10211601.0,TXN-0007015
2025-11-15,2025-11-16,MISC ADJUSTMENT,,8221,-10203380.0,TXN-0007016
2025-11-28,2025-11-30,MISC ADJUSTMENT,40891,,-10244271.0,TXN-0007017
2025-11-22,2025-11-22,MISC ADJUSTMENT,,11063,-10233208.0,TXN-0007018
2025-11-17,2025-11-17,MISC ADJUSTMENT,19669,,-10252877.0,TXN-0007019
2025-11-18,2025-11-19,PAYOUT TO CLIENT,56025,,-10308902.0,TXN-0007020
2025-11-29,2025-11-29,BROKERAGE / TRADE SETTLEMENT,116561,,-10425463.0,TXN-0007021
2025-11-27,2025-11-29,BROKERAGE / TRADE SETTLEMENT,13310,,-10438773.0,TXN-0007022
2025-11-23,2025-11-25,CLIENT FUNDING - RTGS,,248480,-10190293.0,TXN-0007023
2025-11-27,2025-11-28,MISC ADJUSTMENT,,24825,-10165468.0,TXN-0007024
2025-11-27,2025-11-28,PAYOUT TO CLIENT,99715,,-10265183.0,TXN-0007025
2025-11-21,2025-11-22,BROKERAGE / TRADE SETTLEMENT,58193,,-10323376.0,TXN-0007026
2025-11-21,2025-11-21,PAYOUT TO CLIENT,113644,,-10437020.0,TXN-0007027
2025-11-28,2025-11-28,MISC ADJUSTMENT,,37846,-10399174.0,TXN-0007028
2025-11-21,2025-11-21,CLIENT FUNDING - RTGS,,118482,-10280692.0,TXN-0007029
2025-11-21,2025-11-22,CLIENT FUNDING - RTGS,,241255,-10039437.0,TXN-0007030
2025-11-17,2025-11-19,CLIENT FUNDING - RTGS,,101974,-9937463.0,TXN-0007031
2025-11-25,2025-11-26,MISC ADJUSTMENT,,16625,-9920838.0,TXN-0007032
2025-11-27,2025-11-28,MISC ADJUSTMENT,,18049,-9902789.0,TXN-0007033
2025-11-29,2025-12-01,MISC ADJUSTMENT,7473,,-9910262.0,TXN-0007034
2025-11-27,2025-11-27,BROKERAGE / TRADE SETTLEMENT,87914,,-9998176.0,TXN-0007035
2025-11-16,2025-11-18,BANK / DP CHARGES,258,,-9998434.0,TXN-0007036
2025-11-17,2025-11-17,MISC ADJUSTMENT,41739,,-10040173.0,TXN-0007037
2025-11-21,2025-11-22,BANK / DP CHARGES,1956,,-10042129.0,TXN-0007038
2025-11-20,2025-11-22,BANK / DP CHARGES,801,,-10042930.0,TXN-0007039
2025-11-28,2025-11-30,BANK / DP CHARGES,1672,,-10044602.0,TXN-0007040
2025-11-22,2025-11-24,PAYOUT TO CLIENT,77936,,-10122538.0,TXN-0007041
2025-11-25,2025-11-25,BANK / DP CHARGES,886,,-10123424.0,TXN-0007042
2025-11-21,2025-11-23,BANK / DP CHARGES,1175,,-10124599.0,TXN-0007043
2025-11-27,2025-11-27,PAYOUT TO CLIENT,33798,,-10158397.0,TXN-0007044
2025-11-29,2025-11-29,CLIENT FUNDING - RTGS,,194475,-9963922.0,TXN-0007045
2025-11-18,2025-11-19,CLIENT FUNDING - RTGS,,81177,-9882745.0,TXN-0007046
2025-11-21,2025-11-23,CLIENT FUNDING - RTGS,,191800,-9690945.0,TXN-0007047
2025-11-17,2025-11-17,CLIENT FUNDING - RTGS,,106657,-9584288.0,TXN-0007048
2025-11-27,2025-11-27,MISC ADJUSTMENT,,28261,-9556027.0,TXN-0007049
2025-11-26,2025-11-28,CLIENT FUNDING - RTGS,,146149,-9409878.0,TXN-0007050
2025-11-16,2025-11-16,MISC ADJUSTMENT,,34447,-9375431.0,TXN-0007051
2025-11-22,2025-11-23,BANK / DP CHARGES,1766,,-9377197.0,TXN-0007052
2025-11-21,2025-11-21,CLIENT FUNDING - RTGS,,219725,-9157472.0,TXN-0007053
2025-11-20,2025-11-22,PAYOUT TO CLIENT,94078,,-9251550.0,TXN-0007054
2025-11-28,2025-11-30,MISC ADJUSTMENT,42121,,-9293671.0,TXN-0007055
2025-11-27,2025-11-27,MISC ADJUSTMENT,48514,,-9342185.0,TXN-0007056
2025-11-27,2025-11-29,CLIENT FUNDING - RTGS,,289009,-9053176.0,TXN-0007057
2025-11-25,2025-11-25,BROKERAGE / TRADE SETTLEMENT,69291,,-9122467.0,TXN-0007058
2025-11-25,2025-11-27,MISC ADJUSTMENT,,25883,-9096584.0,TXN-0007059
2025-11-28,2025-11-28,BANK / DP CHARGES,1354,,-9097938.0,TXN-0007060
2025-11-24,2025-11-25,PAYOUT TO CLIENT,145087,,-9243025.0,TXN-0007061
2025-11-24,2025-11-24,MISC ADJUSTMENT,,36344,-9206681.0,TXN-0007062
2025-11-18,2025-11-20,BANK / DP CHARGES,697,,-9207378.0,TXN-0007063
2025-11-28,2025-11-29,BANK / DP CHARGES,526,,-9207904.0,TXN-0007064
2025-11-18,2025-11-18,BANK / DP CHARGES,1344,,-9209248.0,TXN-0007065
2025-11-16,2025-11-16,PAYOUT TO CLIENT,42219,,-9251467.0,TXN-0007066
2025-11-29,2025-12-01,MISC ADJUSTMENT,,34215,-9217252.0,TXN-0007067
2025-11-25,2025-11-26,MISC ADJUSTMENT,8050,,-9225302.0,TXN-0007068
2025-11-16,2025-11-17,PAYOUT TO CLIENT,170842,,-9396144.0,TXN-0007069
2025-11-21,2025-11-21,BANK / DP CHARGES,1772,,-9397916.0,TXN-0007070
2025-11-24,2025-11-24,BANK / DP CHARGES,1115,,-9399031.0,TXN-0007071
2025-11-20,2025-11-20,PAYOUT TO CLIENT,63478,,-9462509.0,TXN-0007072
2025-11-23,2025-11-24,BANK / DP CHARGES,506,,-9463015.0,TXN-0007073
2025-11-22,2025-11-22,PAYOUT TO CLIENT,74170,,-9537185.0,TXN-0007074
2025-11-21,2025-11-21,BROKERAGE / TRADE SETTLEMENT,119180,,-9656365.0,TXN-0007075
2025-11-26,2025-11-27,BANK / DP CHARGES,1151,,-9657516.0,TXN-0007076
2025-11-20,2025-11-20,MISC ADJUSTMENT,33359,,-9690875.0,TXN-0007077
2025-11-29,2025-11-30,PAYOUT TO CLIENT,87907,,-9778782.0,TXN-0007078
2025-11-23,2025-11-23,MISC ADJUSTMENT,43043,,-9821825.0,TXN-0007079
2025-11-26,2025-11-26,PAYOUT TO CLIENT,75249,,-9897074.0,TXN-0007080
2025-11-21,2025-11-23,CLIENT FUNDING - RTGS,,293320,-9603754.0,TXN-0007081
2025-11-17,2025-11-17,CLIENT FUNDING - RTGS,,100574,-9503180.0,TXN-0007082
2025-11-28,2025-11-28,CLIENT FUNDING - RTGS,,80355,-9422825.0,TXN-0007083
2025-11-22,2025-11-23,MISC ADJUSTMENT,24757,,-9447582.0,TXN-0007084
2025-11-21,2025-11-21,MISC ADJUSTMENT,,40892,-9406690.0,TXN-0007085
2025-11-21,2025-11-21,MISC ADJUSTMENT,30658,,-9437348.0,TXN-0007086
2025-11-22,2025-11-22,BANK / DP CHARGES,398,,-9437746.0,TXN-0007087
2025-11-17,2025-11-19,CLIENT FUNDING - RTGS,,229245,-9208501.0,TXN-0007088
2025-11-16,2025-11-18,BROKERAGE / TRADE SETTLEMENT,131571,,-9340072.0,TXN-0007089
2025-11-26,2025-11-27,CLIENT FUNDING - RTGS,,265639,-9074433.0,TXN-0007090
2025-11-23,2025-11-23,MISC ADJUSTMENT,,48056,-9026377.0,TXN-0007091
2025-11-24,2025-11-24,PAYOUT TO CLIENT,178349,,-9204726.0,TXN-0007092
2025-11-26,2025-11-26,PAYOUT TO CLIENT,119639,,-9324365.0,TXN-0007093
2025-11-21,2025-11-22,CLIENT FUNDING - RTGS,,291829,-9032536.0,TXN-0007094
2025-11-27,2025-11-27,PAYOUT TO CLIENT,191004,,-9223540.0,TXN-0007095
2025-11-29,2025-11-29,BANK / DP CHARGES,244,,-9223784.0,TXN-0007096
2025-11-15,2025-11-15,BROKERAGE / TRADE SETTLEMENT,134570,,-9358354.0,TXN-0007097
2025-11-16,2025-11-16,MISC ADJUSTMENT,30404,,-9388758.0,TXN-0007098
2025-11-15,2025-11-15,CLIENT FUNDING - RTGS,,269783,-9118975.0,TXN-0007099
2025-11-23,2025-11-24,PAYOUT TO CLIENT,68264,,-9187239.0,TXN-0007100
2025-11-23,2025-11-23,CLIENT FUNDING - RTGS,,182872,-9004367.0,TXN-0007101
2025-11-29,2025-11-29,PAYOUT TO CLIENT,48785,,-9053152.0,TXN-0007102
2025-11-22,2025-11-22,PAYOUT TO CLIENT,122046,,-9175198.0,TXN-0007103
2025-11-23,2025-11-23,BANK / DP CHARGES,777,,-9175975.0,TXN-0007104
2025-11-18,2025-11-18,CLIENT FUNDING - RTGS,,109493,-9066482.0,TXN-0007105
2025-11-15,2025-11-16,BROKERAGE / TRADE SETTLEMENT,122582,,-9189064.0,TXN-0007106
2025-11-21,2025-11-21,MISC ADJUSTMENT,19059,,-9208123.0,TXN-0007107
2025-11-22,2025-11-22,BROKERAGE / TRADE SETTLEMENT,57067,,-9265190.0,TXN-0007108
2025-11-28,2025-11-30,BANK / DP CHARGES,1590,,-9266780.0,TXN-0007109
2025-11-27,2025-11-27,PAYOUT TO CLIENT,145707,,-9412487.0,TXN-0007110
2025-11-22,2025-11-24,PAYOUT TO CLIENT,170110,,-9582597.0,TXN-0007111
2025-11-22,2025-11-22,BROKERAGE / TRADE SETTLEMENT,84665,,-9667262.0,TXN-0007112
2025-11-25,2025-11-25,BROKERAGE / TRADE SETTLEMENT,101293,,-9768555.0,TXN-0007113
2025-11-16,2025-11-16,BROKERAGE / TRADE SETTLEMENT,135862,,-9904417.0,TXN-0007114
2025-11-16,2025-11-18,BROKERAGE / TRADE SETTLEMENT,108461,,-10012878.0,TXN-0007115
2025-11-15,2025-11-15,CLIENT FUNDING - RTGS,,269925,-9742953.0,TXN-0007116
2025-11-28,2025-11-30,MISC ADJUSTMENT,,7352,-9735601.0,TXN-0007117
2025-11-29,2025-11-29,BANK / DP CHARGES,760,,-9736361.0,TXN-0007118
2025-11-27,2025-11-28,CLIENT FUNDING - RTGS,,184682,-9551679.0,TXN-0007119
2025-11-28,2025-11-28,BROKERAGE / TRADE SETTLEMENT,83971,,-9635650.0,TXN-0007120
2025-11-16,2025-11-18,PAYOUT TO CLIENT,106533,,-9742183.0,TXN-0007121
2025-11-19,2025-11-21,CLIENT FUNDING - RTGS,,80691,-9661492.0,TXN-0007122
2025-11-27,2025-11-29,CLIENT FUNDING - RTGS,,56193,-9605299.0,TXN-0007123
2025-11-22,2025-11-22,CLIENT FUNDING - RTGS,,278878,-9326421.0,TXN-0007124
2025-11-15,2025-11-17,CLIENT FUNDING - RTGS,,249729,-9076692.0,TXN-0007125
2025-11-16,2025-11-17,PAYOUT TO CLIENT,22164,,-9098856.0,TXN-0007126
2025-11-18,2025-11-19,BROKERAGE / TRADE SETTLEMENT,83491,,-9182347.0,TXN-0007127
2025-11-28,2025-11-30,MISC ADJUSTMENT,20219,,-9202566.0,TXN-0007128
2025-11-20,2025-11-20,MISC ADJUSTMENT,22744,,-9225310.0,TXN-0007129
2025-11-25,2025-11-25,CLIENT FUNDING - RTGS,,223621,-9001689.0,TXN-0007130
2025-11-16,2025-11-16,BANK / DP CHARGES,290,,-9001979.0,TXN-0007131
2025-11-17,2025-11-17,BANK / DP CHARGES,1587,,-9003566.0,TXN-0007132
2025-11-28,2025-11-29,PAYOUT TO CLIENT,184534,,-9188100.0,TXN-0007133
2025-11-27,2025-11-29,BANK / DP CHARGES,1782,,-9189882.0,TXN-0007134
2025-11-23,2025-11-23,BROKERAGE / TRADE SETTLEMENT,71439,,-9261321.0,TXN-0007135
2025-11-17,2025-11-17,MISC ADJUSTMENT,14996,,-9276317.0,TXN-0007136
2025-11-22,2025-11-24,BANK / DP CHARGES,882,,-9277199.0,TXN-0007137
2025-11-19,2025-11-20,BANK / DP CHARGES,1383,,-9278582.0,TXN-0007138
2025-11-29,2025-11-30,BROKERAGE / TRADE SETTLEMENT,109239,,-9387821.0,TXN-0007139
2025-11-29,2025-11-29,PAYOUT TO CLIENT,100193,,-9488014.0,TXN-0007140
2025-11-26,2025-11-27,PAYOUT TO CLIENT,52073,,-9540087.0,TXN-0007141
2025-11-29,2025-12-01,BANK / DP CHARGES,168,,-9540255.0,TXN-0007142
2025-11-21,2025-11-22,CLIENT FUNDING - RTGS,,247060,-9293195.0,TXN-0007143
2025-11-28,2025-11-29,BROKERAGE / TRADE SETTLEMENT,41644,,-9334839.0,TXN-0007144
2025-11-22,2025-11-23,MISC ADJUSTMENT,,20404,-9314435.0,TXN-0007145
2025-11-18,2025-11-19,BANK / DP CHARGES,946,,-9315381.0,TXN-0007146
2025-11-26,2025-11-27,MISC ADJUSTMENT,,13695,-9301686.0,TXN-0007147
2025-11-25,2025-11-25,BROKERAGE / TRADE SETTLEMENT,38164,,-9339850.0,TXN-0007148
2025-11-29,2025-11-29,BANK / DP CHARGES,594,,-9340444.0,TXN-0007149
2025-11-26,2025-11-26,PAYOUT TO CLIENT,104321,,-9444765.0,TXN-0007150
2025-11-28,2025-11-28,BANK / DP CHARGES,1227,,-9445992.0,TXN-0007151
2025-11-20,2025-11-21,PAYOUT TO CLIENT,152927,,-9598919.0,TXN-0007152
2025-11-20,2025-11-22,PAYOUT TO CLIENT,56836,,-9655755.0,TXN-0007153
2025-11-24,2025-11-26,PAYOUT TO CLIENT,103471,,-9759226.0,TXN-0007154
2025-11-26,2025-11-27,CLIENT FUNDING - RTGS,,151742,-9607484.0,TXN-0007155
2025-11-23,2025-11-24,BANK / DP CHARGES,1761,,-9609245.0,TXN-0007156
2025-11-19,2025-11-19,PAYOUT TO CLIENT,91185,,-9700430.0,TXN-0007157
2025-11-19,2025-11-19,PAYOUT TO CLIENT,86258,,-9786688.0,TXN-0007158
2025-11-22,2025-11-22,BROKERAGE / TRADE SETTLEMENT,62041,,-9848729.0,TXN-0007159
2025-11-15,2025-11-15,CLIENT FUNDING - RTGS,,293642,-9555087.0,TXN-0007160
2025-11-23,2025-11-25,PAYOUT TO CLIENT,118446,,-9673533.0,TXN-0007161
2025-11-24,2025-11-26,MISC ADJUSTMENT,,16405,-9657128.0,TXN-0007162
2025-11-23,2025-11-23,PAYOUT TO CLIENT,197933,,-9855061.0,TXN-0007163
2025-11-24,2025-11-26,BANK / DP CHARGES,243,,-9855304.0,TXN-0007164
2025-11-26,2025-11-26,MISC ADJUSTMENT,,14810,-9840494.0,TXN-0007165
2025-11-27,2025-11-27,MISC ADJUSTMENT,43348,,-9883842.0,TXN-0007166
2025-11-21,2025-11-21,BANK / DP CHARGES,1977,,-9885819.0,TXN-0007167
2025-11-17,2025-11-17,PAYOUT TO CLIENT,129099,,-10014918.0,TXN-0007168
2025-11-18,2025-11-19,PAYOUT TO CLIENT,182359,,-10197277.0,TXN-0007169
2025-11-22,2025-11-23,BANK / DP CHARGES,849,,-10198126.0,TXN-0007170
2025-11-23,2025-11-24,BROKERAGE / TRADE SETTLEMENT,97215,,-10295341.0,TXN-0007171
2025-11-22,2025-11-22,BROKERAGE / TRADE SETTLEMENT,30819,,-10326160.0,TXN-0007172
2025-11-15,2025-11-15,MISC ADJUSTMENT,47793,,-10373953.0,TXN-0007173
2025-11-16,2025-11-18,BROKERAGE / TRADE SETTLEMENT,32654,,-10406607.0,TXN-0007174
2025-11-17,2025-11-17,BROKERAGE / TRADE SETTLEMENT,120912,,-10527519.0,TXN-0007175
2025-11-18,2025-11-18,BROKERAGE / TRADE SETTLEMENT,117531,,-10645050.0,TXN-0007176
2025-11-26,2025-11-28,PAYOUT TO CLIENT,95398,,-10740448.0,TXN-0007177
2025-11-24,2025-11-25,CLIENT FUNDING - RTGS,,167956,-10572492.0,TXN-0007178
2025-11-27,2025-11-28,PAYOUT TO CLIENT,93083,,-10665575.0,TXN-0007179
2025-11-18,2025-11-18,BROKERAGE / TRADE SETTLEMENT,136995,,-10802570.0,TXN-0007180
2025-11-17,2025-11-17,BROKERAGE / TRADE SETTLEMENT,128648,,-10931218.0,TXN-0007181
2025-11-27,2025-11-28,PAYOUT TO CLIENT,104265,,-11035483.0,TXN-0007182
2025-11-17,2025-11-18,MISC ADJUSTMENT,22817,,-11058300.0,TXN-0007183
2025-11-15,2025-11-15,MISC ADJUSTMENT,17132,,-11075432.0,TXN-0007184
2025-11-23,2025-11-23,CLIENT FUNDING - RTGS,,193538,-10881894.0,TXN-0007185
2025-11-25,2025-11-27,MISC ADJUSTMENT,,43924,-10837970.0,TXN-0007186
2025-11-24,2025-11-26,CLIENT FUNDING - RTGS,,56117,-10781853.0,TXN-0007187
2025-11-18,2025-11-18,CLIENT FUNDING - RTGS,,92341,-10689512.0,TXN-0007188
2025-11-27,2025-11-27,MISC ADJUSTMENT,30340,,-10719852.0,TXN-0007189
2025-11-26,2025-11-28,BROKERAGE / TRADE SETTLEMENT,34923,,-10754775.0,TXN-0007190
2025-11-23,2025-11-24,PAYOUT TO CLIENT,128650,,-10883425.0,TXN-0007191
2025-11-21,2025-11-23,MISC ADJUSTMENT,,20891,-10862534.0,TXN-0007192
2025-11-19,2025-11-19,PAYOUT TO CLIENT,79942,,-10942476.0,TXN-0007193
2025-11-22,2025-11-24,BANK / DP CHARGES,1412,,-10943888.0,TXN-0007194
2025-11-16,2025-11-17,BROKERAGE / TRADE SETTLEMENT,54841,,-10998729.0,TXN-0007195
2025-11-27,2025-11-29,PAYOUT TO CLIENT,159409,,-11158138.0,TXN-0007196
2025-11-16,2025-11-16,PAYOUT TO CLIENT,161179,,-11319317.0,TXN-0007197
2025-11-27,2025-11-28,BANK / DP CHARGES,1527,,-11320844.0,TXN-0007198
2025-11-17,2025-11-17,BANK / DP CHARGES,1369,,-11322213.0,TXN-0007199
2025-11-22,2025-11-24,BROKERAGE / TRADE SETTLEMENT,110187,,-11432400.0,TXN-0007200
2025-11-20,2025-11-21,PAYOUT TO CLIENT,104638,,-11537038.0,TXN-0007201
2025-11-25,2025-11-26,PAYOUT TO CLIENT,165362,,-11702400.0,TXN-0007202
2025-11-29,2025-11-30,MISC ADJUSTMENT,,29626,-11672774.0,TXN-0007203
2025-11-23,2025-11-24,BANK / DP CHARGES,697,,-11673471.0,TXN-0007204
2025-11-18,2025-11-18,BROKERAGE / TRADE SETTLEMENT,11054,,-11684525.0,TXN-0007205
2025-11-17,2025-11-19,BROKERAGE / TRADE SETTLEMENT,105825,,-11790350.0,TXN-0007206
2025-11-23,2025-11-23,PAYOUT TO CLIENT,147142,,-11937492.0,TXN-0007207
2025-11-22,2025-11-22,MISC ADJUSTMENT,,47271,-11890221.0,TXN-0007208
2025-11-24,2025-11-24,BANK / DP CHARGES,1888,,-11892109.0,TXN-0007209
2025-11-19,2025-11-20,PAYOUT TO CLIENT,82859,,-11974968.0,TXN-0007210
2025-11-17,2025-11-19,CLIENT FUNDING - RTGS,,245180,-11729788.0,TXN-0007211
2025-11-22,2025-11-24,BROKERAGE / TRADE SETTLEMENT,129296,,-11859084.0,TXN-0007212
2025-11-29,2025-12-01,MISC ADJUSTMENT,,27898,-11831186.0,TXN-0007213
2025-11-17,2025-11-18,PAYOUT TO CLIENT,127030,,-11958216.0,TXN-0007214
2025-11-20,2025-11-20,BANK / DP CHARGES,1338,,-11959554.0,TXN-0007215
2025-11-28,2025-11-28,CLIENT FUNDING - RTGS,,185518,-11774036.0,TXN-0007216
2025-11-28,2025-11-30,BANK / DP CHARGES,1187,,-11775223.0,TXN-0007217
2025-11-19,2025-11-21,CLIENT FUNDING - RTGS,,96353,-11678870.0,TXN-0007218
2025-11-28,2025-11-30,BROKERAGE / TRADE SETTLEMENT,123161,,-11802031.0,TXN-0007219
2025-11-20,2025-11-21,BANK / DP CHARGES,940,,-11802971.0,TXN-0007220
2025-11-27,2025-11-27,CLIENT FUNDING - RTGS,,293752,-11509219.0,TXN-0007221
2025-11-16,2025-11-17,CLIENT FUNDING - RTGS,,233244,-11275975.0,TXN-0007222
2025-11-27,2025-11-28,MISC ADJUSTMENT,,18898,-11257077.0,TXN-0007223
2025-11-26,2025-11-27,BROKERAGE / TRADE SETTLEMENT,41231,,-11298308.0,TXN-0007224
2025-11-26,2025-11-26,BANK / DP CHARGES,1910,,-11300218.0,TXN-0007225
2025-11-24,2025-11-25,MISC ADJUSTMENT,9317,,-11309535.0,TXN-0007226
2025-11-15,2025-11-15,CLIENT FUNDING - RTGS,,115495,-11194040.0,TXN-0007227
2025-11-21,2025-11-21,BROKERAGE / TRADE SETTLEMENT,125512,,-11319552.0,TXN-0007228
2025-11-16,2025-11-18,MISC ADJUSTMENT,8726,,-11328278.0,TXN-0007229
2025-11-15,2025-11-17,BANK / DP CHARGES,1305,,-11329583.0,TXN-0007230
2025-11-27,2025-11-27,MISC ADJUSTMENT,,6403,-11323180.0,TXN-0007231
2025-11-20,2025-11-20,PAYOUT TO CLIENT,170113,,-11493293.0,TXN-0007232
2025-11-19,2025-11-19,MISC ADJUSTMENT,23772,,-11517065.0,TXN-0007233
2025-11-23,2025-11-24,BROKERAGE / TRADE SETTLEMENT,68106,,-11585171.0,TXN-0007234
2025-11-28,2025-11-30,CLIENT FUNDING - RTGS,,139577,-11445594.0,TXN-0007235
2025-11-29,2025-11-30,BROKERAGE / TRADE SETTLEMENT,68880,,-11514474.0,TXN-0007236
2025-11-16,2025-11-17,PAYOUT TO CLIENT,156598,,-11671072.0,TXN-0007237
2025-11-27,2025-11-29,BROKERAGE / TRADE SETTLEMENT,144203,,-11815275.0,TXN-0007238
2025-11-15,2025-11-15,PAYOUT TO CLIENT,50865,,-11866140.0,TXN-0007239
2025-11-18,2025-11-18,CLIENT FUNDING - RTGS,,277280,-11588860.0,TXN-0007240
2025-11-21,2025-11-21,CLIENT FUNDING - RTGS,,248378,-11340482.0,TXN-0007241
2025-11-17,2025-11-18,PAYOUT TO CLIENT,40068,,-11380550.0,TXN-0007242
2025-11-22,2025-11-22,BROKERAGE / TRADE SETTLEMENT,46201,,-11426751.0,TXN-0007243
2025-11-26,2025-11-26,PAYOUT TO CLIENT,188718,,-11615469.0,TXN-0007244
2025-11-22,2025-11-22,PAYOUT TO CLIENT,47132,,-11662601.0,TXN-0007245
2025-11-21,2025-11-22,MISC ADJUSTMENT,37937,,-11700538.0,TXN-0007246
2025-11-22,2025-11-22,MISC ADJUSTMENT,18464,,-11719002.0,TXN-0007247
2025-11-26,2025-11-26,BANK / DP CHARGES,320,,-11719322.0,TXN-0007248
2025-11-22,2025-11-24,BROKERAGE / TRADE SETTLEMENT,44711,,-11764033.0,TXN-0007249
2025-11-18,2025-11-20,CLIENT FUNDING - RTGS,,82671,-11681362.0,TXN-0007250
2025-11-23,2025-11-25,BANK / DP CHARGES,172,,-11681534.0,TXN-0007251
2025-11-16,2025-11-16,BROKERAGE / TRADE SETTLEMENT,71959,,-11753493.0,TXN-0007252
2025-11-26,2025-11-26,BROKERAGE / TRADE SETTLEMENT,41689,,-11795182.0,TXN-0007253
2025-11-17,2025-11-17,PAYOUT TO CLIENT,183422,,-11978604.0,TXN-0007254
2025-11-22,2025-11-22,CLIENT FUNDING - RTGS,,287148,-11691456.0,TXN-0007255
2025-11-16,2025-11-17,BROKERAGE / TRADE SETTLEMENT,25222,,-11716678.0,TXN-0007256
2025-11-28,2025-11-29,CLIENT FUNDING - RTGS,,216425,-11500253.0,TXN-0007257
2025-11-16,2025-11-16,MISC ADJUSTMENT,25933,,-11526186.0,TXN-0007258
2025-11-22,2025-11-24,CLIENT FUNDING - RTGS,,207390,-11318796.0,TXN-0007259
2025-11-17,2025-11-19,BANK / DP CHARGES,335,,-11319131.0,TXN-0007260
2025-11-20,2025-11-20,PAYOUT TO CLIENT,187093,,-11506224.0,TXN-0007261
2025-11-26,2025-11-28,PAYOUT TO CLIENT,21973,,-11528197.0,TXN-0007262
2025-11-16,2025-11-16,MISC ADJUSTMENT,28995,,-11557192.0,TXN-0007263
2025-11-19,2025-11-21,BROKERAGE / TRADE SETTLEMENT,14315,,-11571507.0,TXN-0007264
2025-11-21,2025-11-21,MISC ADJUSTMENT,24955,,-11596462.0,TXN-0007265
2025-11-25,2025-11-25,BANK / DP CHARGES,1685,,-11598147.0,TXN-0007266
2025-11-25,2025-11-25,CLIENT FUNDING - RTGS,,205121,-11393026.0,TXN-0007267
2025-11-21,2025-11-22,BROKERAGE / TRADE SETTLEMENT,83998,,-11477024.0,TXN-0007268
2025-11-22,2025-11-22,CLIENT FUNDING - RTGS,,125992,-11351032.0,TXN-0007269
2025-11-26,2025-11-28,BROKERAGE / TRADE SETTLEMENT,126592,,-11477624.0,TXN-0007270
2025-11-20,2025-11-20,PAYOUT TO CLIENT,21565,,-11499189.0,TXN-0007271
2025-11-22,2025-11-22,PAYOUT TO CLIENT,77982,,-11577171.0,TXN-0007272
2025-11-17,2025-11-17,CLIENT FUNDING - RTGS,,145783,-11431388.0,TXN-0007273
2025-11-23,2025-11-23,BANK / DP CHARGES,1410,,-11432798.0,TXN-0007274
2025-11-17,2025-11-18,MISC ADJUSTMENT,,18664,-11414134.0,TXN-0007275
2025-11-23,2025-11-23,BANK / DP CHARGES,1574,,-11415708.0,TXN-0007276
2025-11-28,2025-11-30,BROKERAGE / TRADE SETTLEMENT,110707,,-11526415.0,TXN-0007277
2025-11-17,2025-11-17,CLIENT FUNDING - RTGS,,235295,-11291120.0,TXN-0007278
2025-11-19,2025-11-19,BANK / DP CHARGES,1244,,-11292364.0,TXN-0007279
2025-11-20,2025-11-20,BROKERAGE / TRADE SETTLEMENT,143679,,-11436043.0,TXN-0007280
2025-11-25,2025-11-25,CLIENT FUNDING - RTGS,,183174,-11252869.0,TXN-0007281
2025-11-27,2025-11-28,MISC ADJUSTMENT,46254,,-11299123.0,TXN-0007282
2025-11-19,2025-11-19,BANK / DP CHARGES,1419,,-11300542.0,TXN-0007283
2025-11-21,2025-11-22,CLIENT FUNDING - RTGS,,147625,-11152917.0,TXN-0007284
2025-11-23,2025-11-24,CLIENT FUNDING - RTGS,,265627,-10887290.0,TXN-0007285
2025-11-22,2025-11-23,BANK / DP CHARGES,348,,-10887638.0,TXN-0007286
2025-11-24,2025-11-26,BANK / DP CHARGES,1056,,-10888694.0,TXN-0007287
2025-11-28,2025-11-28,BROKERAGE / TRADE SETTLEMENT,127308,,-11016002.0,TXN-0007288
2025-11-22,2025-11-23,BROKERAGE / TRADE SETTLEMENT,107914,,-11123916.0,TXN-0007289
2025-11-28,2025-11-30,CLIENT FUNDING - RTGS,,150099,-10973817.0,TXN-0007290
2025-11-16,2025-11-18,BANK / DP CHARGES,134,,-10973951.0,TXN-0007291
2025-11-17,2025-11-17,PAYOUT TO CLIENT,158856,,-11132807.0,TXN-0007292
2025-11-26,2025-11-27,MISC ADJUSTMENT,30890,,-11163697.0,TXN-0007293
2025-11-16,2025-11-17,MISC ADJUSTMENT,39402,,-11203099.0,TXN-0007294
2025-11-28,2025-11-29,MISC ADJUSTMENT,,47232,-11155867.0,TXN-0007295
2025-11-17,2025-11-19,BROKERAGE / TRADE SETTLEMENT,91467,,-11247334.0,TXN-0007296
2025-11-27,2025-11-28,CLIENT FUNDING - RTGS,,132954,-11114380.0,TXN-0007297
2025-11-23,2025-11-24,BROKERAGE / TRADE SETTLEMENT,105355,,-11219735.0,TXN-0007298
2025-11-18,2025-11-20,CLIENT FUNDING - RTGS,,61855,-11157880.0,TXN-0007299
2025-11-24,2025-11-26,CLIENT FUNDING - RTGS,,170251,-10987629.0,TXN-0007300
2025-11-27,2025-11-29,CLIENT FUNDING - RTGS,,144624,-10843005.0,TXN-0007301
2025-11-19,2025-11-19,CLIENT FUNDING - RTGS,,275592,-10567413.0,TXN-0007302
2025-11-21,2025-11-21,BANK / DP CHARGES,743,,-10568156.0,TXN-0007303
2025-11-24,2025-11-24,PAYOUT TO CLIENT,57898,,-10626054.0,TXN-0007304
2025-11-29,2025-12-01,BANK / DP CHARGES,1974,,-10628028.0,TXN-0007305
2025-11-23,2025-11-23,CLIENT FUNDING - RTGS,,123736,-10504292.0,TXN-0007306
2025-11-23,2025-11-24,MISC ADJUSTMENT,38796,,-10543088.0,TXN-0007307
2025-11-24,2025-11-24,BROKERAGE / TRADE SETTLEMENT,53548,,-10596636.0,TXN-0007308
2025-11-18,2025-11-19,CLIENT FUNDING - RTGS,,296195,-10300441.0,TXN-0007309
2025-11-24,2025-11-25,PAYOUT TO CLIENT,34418,,-10334859.0,TXN-0007310
2025-11-15,2025-11-17,PAYOUT TO CLIENT,196958,,-10531817.0,TXN-0007311
2025-11-21,2025-11-22,PAYOUT TO CLIENT,67052,,-10598869.0,TXN-0007312
2025-11-27,2025-11-28,CLIENT FUNDING - RTGS,,115649,-10483220.0,TXN-0007313
2025-11-27,2025-11-27,BANK / DP CHARGES,956,,-10484176.0,TXN-0007314
2025-11-16,2025-11-16,PAYOUT TO CLIENT,78003,,-10562179.0,TXN-0007315
2025-11-27,2025-11-27,BROKERAGE / TRADE SETTLEMENT,93171,,-10655350.0,TXN-0007316
2025-11-24,2025-11-26,PAYOUT TO CLIENT,32407,,-10687757.0,TXN-0007317
2025-11-16,2025-11-16,BROKERAGE / TRADE SETTLEMENT,13669,,-10701426.0,TXN-0007318
2025-11-28,2025-11-28,CLIENT FUNDING - RTGS,,171978,-10529448.0,TXN-0007319
2025-11-16,2025-11-16,BANK / DP CHARGES,1680,,-10531128.0,TXN-0007320
2025-11-16,2025-11-18,BANK / DP CHARGES,1449,,-10532577.0,TXN-0007321
2025-11-25,2025-11-27,MISC ADJUSTMENT,,30124,-10502453.0,TXN-0007322
2025-11-26,2025-11-26,CLIENT FUNDING - RTGS,,207700,-10294753.0,TXN-0007323
2025-11-21,2025-11-22,PAYOUT TO CLIENT,70054,,-10364807.0,TXN-0007324
2025-11-15,2025-11-15,BROKERAGE / TRADE SETTLEMENT,105842,,-10470649.0,TXN-0007325
2025-11-24,2025-11-26,CLIENT FUNDING - RTGS,,295659,-10174990.0,TXN-0007326
2025-11-19,2025-11-20,PAYOUT TO CLIENT,87315,,-10262305.0,TXN-0007327
2025-11-28,2025-11-28,MISC ADJUSTMENT,21623,,-10283928.0,TXN-0007328
2025-11-15,2025-11-15,CLIENT FUNDING - RTGS,,260506,-10023422.0,TXN-0007329
2025-11-22,2025-11-23,CLIENT FUNDING - RTGS,,166087,-9857335.0,TXN-0007330
2025-11-27,2025-11-28,MISC ADJUSTMENT,,23727,-9833608.0,TXN-0007331
2025-11-27,2025-11-29,MISC ADJUSTMENT,,23011,-9810597.0,TXN-0007332
2025-11-20,2025-11-21,MISC ADJUSTMENT,33369,,-9843966.0,TXN-0007333
2025-11-28,2025-11-28,BANK / DP CHARGES,118,,-9844084.0,TXN-0007334
2025-11-29,2025-12-01,CLIENT FUNDING - RTGS,,199650,-9644434.0,TXN-0007335
2025-11-19,2025-11-20,CLIENT FUNDING - RTGS,,132897,-9511537.0,TXN-0007336
2025-11-28,2025-11-28,BROKERAGE / TRADE SETTLEMENT,43379,,-9554916.0,TXN-0007337
2025-11-24,2025-11-25,BROKERAGE / TRADE SETTLEMENT,33550,,-9588466.0,TXN-0007338
2025-11-24,2025-11-24,PAYOUT TO CLIENT,90052,,-9678518.0,TXN-0007339
2025-11-22,2025-11-23,PAYOUT TO CLIENT,164540,,-9843058.0,TXN-0007340
2025-11-28,2025-11-30,CLIENT FUNDING - RTGS,,223878,-9619180.0,TXN-0007341
2025-11-19,2025-11-20,PAYOUT TO CLIENT,26241,,-9645421.0,TXN-0007342
2025-11-26,2025-11-26,BROKERAGE / TRADE SETTLEMENT,55239,,-9700660.0,TXN-0007343
2025-11-18,2025-11-18,CLIENT FUNDING - RTGS,,148275,-9552385.0,TXN-0007344
2025-11-27,2025-11-29,BANK / DP CHARGES,946,,-9553331.0,TXN-0007345
2025-11-16,2025-11-16,PAYOUT TO CLIENT,174672,,-9728003.0,TXN-0007346
2025-11-24,2025-11-25,CLIENT FUNDING - RTGS,,86588,-9641415.0,TXN-0007347
2025-11-17,2025-11-18,BANK / DP CHARGES,885,,-9642300.0,TXN-0007348
2025-11-18,2025-11-18,MISC ADJUSTMENT,,36739,-9605561.0,TXN-0007349
2025-11-15,2025-11-16,BANK / DP CHARGES,107,,-9605668.0,TXN-0007350
2025-11-29,2025-11-29,PAYOUT TO CLIENT,141117,,-9746785.0,TXN-0007351
2025-11-19,2025-11-20,MISC ADJUSTMENT,20393,,-9767178.0,TXN-0007352
2025-11-16,2025-11-16,BANK / DP CHARGES,965,,-9768143.0,TXN-0007353
2025-11-26,2025-11-26,BANK / DP CHARGES,1579,,-9769722.0,TXN-0007354
2025-11-27,2025-11-27,CLIENT FUNDING - RTGS,,284783,-9484939.0,TXN-0007355
2025-11-15,2025-11-15,MISC ADJUSTMENT,,20178,-9464761.0,TXN-0007356
2025-11-18,2025-11-18,CLIENT FUNDING - RTGS,,211662,-9253099.0,TXN-0007357
2025-11-25,2025-11-27,BANK / DP CHARGES,1744,,-9254843.0,TXN-0007358
2025-11-24,2025-11-24,MISC ADJUSTMENT,,44254,-9210589.0,TXN-0007359
2025-11-21,2025-11-22,MISC ADJUSTMENT,6844,,-9217433.0,TXN-0007360
2025-11-20,2025-11-22,BANK / DP CHARGES,1668,,-9219101.0,TXN-0007361
2025-11-28,2025-11-30,CLIENT FUNDING - RTGS,,261902,-8957199.0,TXN-0007362
2025-11-23,2025-11-25,BROKERAGE / TRADE SETTLEMENT,85498,,-9042697.0,TXN-0007363
2025-11-17,2025-11-19,BANK / DP CHARGES,987,,-9043684.0,TXN-0007364
2025-11-21,2025-11-22,PAYOUT TO CLIENT,73229,,-9116913.0,TXN-0007365
2025-11-22,2025-11-22,MISC ADJUSTMENT,,31421,-9085492.0,TXN-0007366
2025-11-22,2025-11-22,CLIENT FUNDING - RTGS,,213847,-8871645.0,TXN-0007367
2025-11-26,2025-11-27,PAYOUT TO CLIENT,32107,,-8903752.0,TXN-0007368
2025-11-19,2025-11-19,BROKERAGE / TRADE SETTLEMENT,124141,,-9027893.0,TXN-0007369
2025-11-27,2025-11-27,CLIENT FUNDING - RTGS,,69161,-8958732.0,TXN-0007370
2025-11-20,2025-11-20,BANK / DP CHARGES,634,,-8959366.0,TXN-0007371
2025-11-17,2025-11-17,BROKERAGE / TRADE SETTLEMENT,59924,,-9019290.0,TXN-0007372
2025-11-20,2025-11-20,MISC ADJUSTMENT,,40255,-8979035.0,TXN-0007373
2025-11-18,2025-11-20,PAYOUT TO CLIENT,113209,,-9092244.0,TXN-0007374
2025-11-28,2025-11-29,MISC ADJUSTMENT,,16428,-9075816.0,TXN-0007375
2025-11-29,2025-11-29,CLIENT FUNDING - RTGS,,275464,-8800352.0,TXN-0007376
2025-11-28,2025-11-28,BROKERAGE / TRADE SETTLEMENT,99752,,-8900104.0,TXN-0007377
2025-11-16,2025-11-16,BANK / DP CHARGES,1764,,-8901868.0,TXN-0007378
2025-11-25,2025-11-25,MISC ADJUSTMENT,48935,,-8950803.0,TXN-0007379
2025-11-23,2025-11-23,MISC ADJUSTMENT,22465,,-8973268.0,TXN-0007380
2025-11-22,2025-11-22,PAYOUT TO CLIENT,54714,,-9027982.0,TXN-0007381
2025-11-22,2025-11-22,BANK / DP CHARGES,1448,,-9029430.0,TXN-0007382
2025-11-29,2025-11-29,MISC ADJUSTMENT,45884,,-9075314.0,TXN-0007383
2025-11-17,2025-11-18,MISC ADJUSTMENT,44668,,-9119982.0,TXN-0007384
2025-11-26,2025-11-28,PAYOUT TO CLIENT,159501,,-9279483.0,TXN-0007385
2025-11-23,2025-11-24,CLIENT FUNDING - RTGS,,288741,-8990742.0,TXN-0007386
2025-11-18,2025-11-18,BROKERAGE / TRADE SETTLEMENT,30348,,-9021090.0,TXN-0007387
2025-11-21,2025-11-21,BROKERAGE / TRADE SETTLEMENT,29716,,-9050806.0,TXN-0007388
2025-11-25,2025-11-25,BANK / DP CHARGES,1368,,-9052174.0,TXN-0007389
2025-11-27,2025-11-27,BANK / DP CHARGES,637,,-9052811.0,TXN-0007390
2025-11-19,2025-11-19,BROKERAGE / TRADE SETTLEMENT,90660,,-9143471.0,TXN-0007391
2025-11-15,2025-11-15,CLIENT FUNDING - RTGS,,239070,-8904401.0,TXN-0007392
2025-11-15,2025-11-16,CLIENT FUNDING - RTGS,,72739,-8831662.0,TXN-0007393
2025-11-20,2025-11-22,BROKERAGE / TRADE SETTLEMENT,40267,,-8871929.0,TXN-0007394
2025-11-20,2025-11-20,BROKERAGE / TRADE SETTLEMENT,22092,,-8894021.0,TXN-0007395
2025-11-23,2025-11-23,CLIENT FUNDING - RTGS,,106052,-8787969.0,TXN-0007396
2025-11-23,2025-11-25,CLIENT FUNDING - RTGS,,190966,-8597003.0,TXN-0007397
2025-11-21,2025-11-23,PAYOUT TO CLIENT,142907,,-8739910.0,TXN-0007398
2025-11-26,2025-11-28,BANK / DP CHARGES,644,,-8740554.0,TXN-0007399
2025-11-21,2025-11-21,MISC ADJUSTMENT,30280,,-8770834.0,TXN-0007400
2025-11-28,2025-11-28,CLIENT FUNDING - RTGS,,173969,-8596865.0,TXN-0007401
2025-11-17,2025-11-17,BROKERAGE / TRADE SETTLEMENT,125605,,-8722470.0,TXN-0007402
2025-11-17,2025-11-19,BANK / DP CHARGES,105,,-8722575.0,TXN-0007403
2025-11-23,2025-11-23,MISC ADJUSTMENT,29123,,-8751698.0,TXN-0007404
2025-11-18,2025-11-20,BROKERAGE / TRADE SETTLEMENT,47637,,-8799335.0,TXN-0007405
2025-11-24,2025-11-24,PAYOUT TO CLIENT,139632,,-8938967.0,TXN-0007406
2025-11-20,2025-11-22,BROKERAGE / TRADE SETTLEMENT,48293,,-8987260.0,TXN-0007407
2025-11-15,2025-11-15,PAYOUT TO CLIENT,67804,,-9055064.0,TXN-0007408
2025-11-23,2025-11-24,PAYOUT TO CLIENT,176296,,-9231360.0,TXN-0007409
2025-11-22,2025-11-22,MISC ADJUSTMENT,,20586,-9210774.0,TXN-0007410
2025-11-29,2025-11-29,BANK / DP CHARGES,1917,,-9212691.0,TXN-0007411
2025-11-24,2025-11-24,PAYOUT TO CLIENT,90004,,-9302695.0,TXN-0007412
2025-11-19,2025-11-19,PAYOUT TO CLIENT,36155,,-9338850.0,TXN-0007413
2025-11-17,2025-11-18,BROKERAGE / TRADE SETTLEMENT,40062,,-9378912.0,TXN-0007414
2025-11-20,2025-11-21,MISC ADJUSTMENT,,8010,-9370902.0,TXN-0007415
2025-11-28,2025-11-29,MISC ADJUSTMENT,34882,,-9405784.0,TXN-0007416
2025-11-24,2025-11-24,BANK / DP CHARGES,878,,-9406662.0,TXN-0007417
2025-11-15,2025-11-15,BROKERAGE / TRADE SETTLEMENT,137240,,-9543902.0,TXN-0007418
2025-11-28,2025-11-28,MISC ADJUSTMENT,,44883,-9499019.0,TXN-0007419
2025-11-28,2025-11-29,MISC ADJUSTMENT,,39641,-9459378.0,TXN-0007420
2025-11-27,2025-11-27,MISC ADJUSTMENT,,48694,-9410684.0,TXN-0007421
2025-11-22,2025-11-22,BROKERAGE / TRADE SETTLEMENT,33391,,-9444075.0,TXN-0007422
2025-11-21,2025-11-23,BANK / DP CHARGES,169,,-9444244.0,TXN-0007423
2025-11-20,2025-11-21,BROKERAGE / TRADE SETTLEMENT,69278,,-9513522.0,TXN-0007424
2025-11-18,2025-11-18,MISC ADJUSTMENT,,17317,-9496205.0,TXN-0007425
2025-11-19,2025-11-21,MISC ADJUSTMENT,38249,,-9534454.0,TXN-0007426
2025-11-17,2025-11-17,PAYOUT TO CLIENT,55064,,-9589518.0,TXN-0007427
2025-11-24,2025-11-24,PAYOUT TO CLIENT,80406,,-9669924.0,TXN-0007428
2025-11-28,2025-11-30,CLIENT FUNDING - RTGS,,254606,-9415318.0,TXN-0007429
2025-11-16,2025-11-16,BROKERAGE / TRADE SETTLEMENT,50007,,-9465325.0,TXN-0007430
2025-11-16,2025-11-16,BANK / DP CHARGES,1841,,-9467166.0,TXN-0007431
2025-11-20,2025-11-20,MISC ADJUSTMENT,28136,,-9495302.0,TXN-0007432
2025-11-26,2025-11-26,MISC ADJUSTMENT,23819,,-9519121.0,TXN-0007433
2025-11-24,2025-11-25,CLIENT FUNDING - RTGS,,280346,-9238775.0,TXN-0007434
2025-11-28,2025-11-28,CLIENT FUNDING - RTGS,,192714,-9046061.0,TXN-0007435
2025-11-27,2025-11-28,MISC ADJUSTMENT,19357,,-9065418.0,TXN-0007436
2025-11-22,2025-11-24,CLIENT FUNDING - RTGS,,168662,-8896756.0,TXN-0007437
2025-11-24,2025-11-26,PAYOUT TO CLIENT,22944,,-8919700.0,TXN-0007438
2025-11-29,2025-11-30,BANK / DP CHARGES,1948,,-8921648.0,TXN-0007439
2025-11-21,2025-11-22,PAYOUT TO CLIENT,178247,,-9099895.0,TXN-0007440
2025-11-28,2025-11-28,MISC ADJUSTMENT,,7845,-9092050.0,TXN-0007441
2025-11-15,2025-11-15,CLIENT FUNDING - RTGS,,115160,-8976890.0,TXN-0007442
2025-11-16,2025-11-18,BROKERAGE / TRADE SETTLEMENT,140998,,-9117888.0,TXN-0007443
2025-11-24,2025-11-25,BROKERAGE / TRADE SETTLEMENT,142249,,-9260137.0,TXN-0007444
2025-11-21,2025-11-21,BROKERAGE / TRADE SETTLEMENT,24597,,-9284734.0,TXN-0007445
2025-11-22,2025-11-24,BROKERAGE / TRADE SETTLEMENT,148707,,-9433441.0,TXN-0007446
2025-11-17,2025-11-17,MISC ADJUSTMENT,,27163,-9406278.0,TXN-0007447
2025-11-26,2025-11-26,BANK / DP CHARGES,282,,-9406560.0,TXN-0007448
2025-11-24,2025-11-26,MISC ADJUSTMENT,30728,,-9437288.0,TXN-0007449
2025-11-22,2025-11-24,BANK / DP CHARGES,1919,,-9439207.0,TXN-0007450
2025-11-29,2025-12-01,BANK / DP CHARGES,630,,-9439837.0,TXN-0007451
2025-11-26,2025-11-27,BANK / DP CHARGES,1506,,-9441343.0,TXN-0007452
2025-11-24,2025-11-24,CLIENT FUNDING - RTGS,,209531,-9231812.0,TXN-0007453
2025-11-24,2025-11-24,MISC ADJUSTMENT,48401,,-9280213.0,TXN-0007454
2025-11-15,2025-11-17,MISC ADJUSTMENT,,17186,-9263027.0,TXN-0007455
2025-11-18,2025-11-20,PAYOUT TO CLIENT,119049,,-9382076.0,TXN-0007456
2025-11-23,2025-11-24,PAYOUT TO CLIENT,184156,,-9566232.0,TXN-0007457
2025-11-21,2025-11-22,BROKERAGE / TRADE SETTLEMENT,131323,,-9697555.0,TXN-0007458
2025-11-28,2025-11-29,CLIENT FUNDING - RTGS,,157480,-9540075.0,TXN-0007459
2025-11-16,2025-11-16,PAYOUT TO CLIENT,124559,,-9664634.0,TXN-0007460
2025-11-21,2025-11-21,MISC ADJUSTMENT,18114,,-9682748.0,TXN-0007461
2025-11-24,2025-11-26,CLIENT FUNDING - RTGS,,71479,-9611269.0,TXN-0007462
2025-11-27,2025-11-29,PAYOUT TO CLIENT,86917,,-9698186.0,TXN-0007463
2025-11-25,2025-11-25,PAYOUT TO CLIENT,36760,,-9734946.0,TXN-0007464
2025-11-28,2025-11-29,BANK / DP CHARGES,101,,-9735047.0,TXN-0007465
2025-11-20,2025-11-20,BROKERAGE / TRADE SETTLEMENT,114913,,-9849960.0,TXN-0007466
2025-11-20,2025-11-21,BROKERAGE / TRADE SETTLEMENT,100388,,-9950348.0,TXN-0007467
2025-11-15,2025-11-15,MISC ADJUSTMENT,,24151,-9926197.0,TXN-0007468
2025-11-22,2025-11-23,BROKERAGE / TRADE SETTLEMENT,76497,,-10002694.0,TXN-0007469
2025-11-25,2025-11-25,BROKERAGE / TRADE SETTLEMENT,84260,,-10086954.0,TXN-0007470
2025-11-29,2025-12-01,CLIENT FUNDING - RTGS,,185791,-9901163.0,TXN-0007471
2025-11-17,2025-11-18,BANK / DP CHARGES,759,,-9901922.0,TXN-0007472
2025-11-24,2025-11-25,BANK / DP CHARGES,1718,,-9903640.0,TXN-0007473
2025-11-20,2025-11-20,CLIENT FUNDING - RTGS,,266002,-9637638.0,TXN-0007474
2025-11-18,2025-11-19,PAYOUT TO CLIENT,171421,,-9809059.0,TXN-0007475
2025-11-19,2025-11-19,BROKERAGE / TRADE SETTLEMENT,126645,,-9935704.0,TXN-0007476
2025-11-17,2025-11-18,MISC ADJUSTMENT,,44407,-9891297.0,TXN-0007477
2025-11-29,2025-11-29,BANK / DP CHARGES,1861,,-9893158.0,TXN-0007478
2025-11-26,2025-11-26,PAYOUT TO CLIENT,152092,,-10045250.0,TXN-0007479
2025-11-21,2025-11-22,CLIENT FUNDING - RTGS,,203018,-9842232.0,TXN-0007480
2025-11-23,2025-11-23,MISC ADJUSTMENT,,34654,-9807578.0,TXN-0007481
2025-11-26,2025-11-26,BANK / DP CHARGES,1635,,-9809213.0,TXN-0007482
2025-11-17,2025-11-17,BANK / DP CHARGES,1542,,-9810755.0,TXN-0007483
2025-11-21,2025-11-21,BANK / DP CHARGES,196,,-9810951.0,TXN-0007484
2025-11-17,2025-11-17,MISC ADJUSTMENT,36302,,-9847253.0,TXN-0007485
2025-11-20,2025-11-21,BROKERAGE / TRADE SETTLEMENT,32521,,-9879774.0,TXN-0007486
2025-11-23,2025-11-24,BROKERAGE / TRADE SETTLEMENT,128952,,-10008726.0,TXN-0007487
2025-11-16,2025-11-16,BROKERAGE / TRADE SETTLEMENT,119558,,-10128284.0,TXN-0007488
2025-11-27,2025-11-29,CLIENT FUNDING - RTGS,,275764,-9852520.0,TXN-0007489
2025-11-27,2025-11-27,CLIENT FUNDING - RTGS,,163463,-9689057.0,TXN-0007490
2025-11-16,2025-11-16,BANK / DP CHARGES,1405,,-9690462.0,TXN-0007491
2025-11-22,2025-11-24,MISC ADJUSTMENT,,8554,-9681908.0,TXN-0007492
2025-11-27,2025-11-28,PAYOUT TO CLIENT,160863,,-9842771.0,TXN-0007493
2025-11-23,2025-11-23,CLIENT FUNDING - RTGS,,210537,-9632234.0,TXN-0007494
2025-11-20,2025-11-22,PAYOUT TO CLIENT,126927,,-9759161.0,TXN-0007495
2025-11-17,2025-11-19,PAYOUT TO CLIENT,76387,,-9835548.0,TXN-0007496
2025-11-27,2025-11-28,BANK / DP CHARGES,118,,-9835666.0,TXN-0007497
2025-11-24,2025-11-25,MISC ADJUSTMENT,34710,,-9870376.0,TXN-0007498
2025-11-20,2025-11-21,MISC ADJUSTMENT,,20289,-9850087.0,TXN-0007499
2025-11-25,2025-11-27,CLIENT FUNDING - RTGS,,93151,-9756936.0,TXN-0007500
2025-11-19,2025-11-19,PAYOUT TO CLIENT,70519,,-9827455.0,TXN-0007501
2025-11-27,2025-11-29,CLIENT FUNDING - RTGS,,178008,-9649447.0,TXN-0007502
2025-11-20,2025-11-20,BROKERAGE / TRADE SETTLEMENT,51918,,-9701365.0,TXN-0007503
2025-11-19,2025-11-20,CLIENT FUNDING - RTGS,,201395,-9499970.0,TXN-0007504
2025-11-23,2025-11-23,CLIENT FUNDING - RTGS,,93602,-9406368.0,TXN-0007505
2025-11-20,2025-11-20,MISC ADJUSTMENT,,25535,-9380833.0,TXN-0007506
2025-11-15,2025-11-17,CLIENT FUNDING - RTGS,,113088,-9267745.0,TXN-0007507
2025-11-20,2025-11-20,PAYOUT TO CLIENT,178293,,-9446038.0,TXN-0007508
2025-11-20,2025-11-20,MISC ADJUSTMENT,,37629,-9408409.0,TXN-0007509
2025-11-15,2025-11-15,MISC ADJUSTMENT,22689,,-9431098.0,TXN-0007510
2025-11-26,2025-11-26,MISC ADJUSTMENT,45153,,-9476251.0,TXN-0007511
2025-11-18,2025-11-18,PAYOUT TO CLIENT,123715,,-9599966.0,TXN-0007512
2025-11-18,2025-11-20,CLIENT FUNDING - RTGS,,287223,-9312743.0,TXN-0007513
2025-11-27,2025-11-27,BANK / DP CHARGES,619,,-9313362.0,TXN-0007514
2025-11-29,2025-11-29,MISC ADJUSTMENT,,48131,-9265231.0,TXN-0007515
2025-11-23,2025-11-24,CLIENT FUNDING - RTGS,,141858,-9123373.0,TXN-0007516
2025-11-24,2025-11-25,CLIENT FUNDING - RTGS,,291642,-8831731.0,TXN-0007517
2025-11-16,2025-11-18,BROKERAGE / TRADE SETTLEMENT,112946,,-8944677.0,TXN-0007518
2025-11-25,2025-11-27,MISC ADJUSTMENT,,43585,-8901092.0,TXN-0007519
2025-11-16,2025-11-18,CLIENT FUNDING - RTGS,,299230,-8601862.0,TXN-0007520
2025-11-28,2025-11-29,BANK / DP CHARGES,1684,,-8603546.0,TXN-0007521
2025-11-27,2025-11-28,PAYOUT TO CLIENT,62293,,-8665839.0,TXN-0007522
2025-11-19,2025-11-21,PAYOUT TO CLIENT,196928,,-8862767.0,TXN-0007523
2025-11-28,2025-11-29,BROKERAGE / TRADE SETTLEMENT,133385,,-8996152.0,TXN-0007524
2025-11-18,2025-11-18,MISC ADJUSTMENT,22252,,-9018404.0,TXN-0007525
2025-11-23,2025-11-23,BROKERAGE / TRADE SETTLEMENT,91684,,-9110088.0,TXN-0007526
2025-11-20,2025-11-22,BROKERAGE / TRADE SETTLEMENT,98962,,-9209050.0,TXN-0007527
2025-11-22,2025-11-22,MISC ADJUSTMENT,28872,,-9237922.0,TXN-0007528
2025-11-18,2025-11-18,MISC ADJUSTMENT,6777,,-9244699.0,TXN-0007529
2025-11-15,2025-11-17,BANK / DP CHARGES,1459,,-9246158.0,TXN-0007530
2025-11-17,2025-11-17,MISC ADJUSTMENT,,24405,-9221753.0,TXN-0007531
2025-11-25,2025-11-25,CLIENT FUNDING - RTGS,,149349,-9072404.0,TXN-0007532
2025-11-20,2025-11-20,BROKERAGE / TRADE SETTLEMENT,121797,,-9194201.0,TXN-0007533
2025-11-17,2025-11-17,BROKERAGE / TRADE SETTLEMENT,31970,,-9226171.0,TXN-0007534
2025-11-29,2025-12-01,BROKERAGE / TRADE SETTLEMENT,28285,,-9254456.0,TXN-0007535
2025-11-16,2025-11-17,BANK / DP CHARGES,1891,,-9256347.0,TXN-0007536
2025-11-27,2025-11-27,BANK / DP CHARGES,1551,,-9257898.0,TXN-0007537
2025-11-24,2025-11-26,CLIENT FUNDING - RTGS,,155897,-9102001.0,TXN-0007538
2025-11-21,2025-11-21,MISC ADJUSTMENT,18552,,-9120553.0,TXN-0007539
2025-11-25,2025-11-25,PAYOUT TO CLIENT,39071,,-9159624.0,TXN-0007540
2025-11-26,2025-11-26,PAYOUT TO CLIENT,56064,,-9215688.0,TXN-0007541
2025-11-23,2025-11-23,BANK / DP CHARGES,922,,-9216610.0,TXN-0007542
2025-11-21,2025-11-23,PAYOUT TO CLIENT,71290,,-9287900.0,TXN-0007543
2025-11-28,2025-11-29,MISC ADJUSTMENT,,16309,-9271591.0,TXN-0007544
2025-11-27,2025-11-28,MISC ADJUSTMENT,18062,,-9289653.0,TXN-0007545
2025-11-15,2025-11-15,BANK / DP CHARGES,622,,-9290275.0,TXN-0007546
2025-11-15,2025-11-17,MISC ADJUSTMENT,,21721,-9268554.0,TXN-0007547
2025-11-16,2025-11-16,PAYOUT TO CLIENT,195705,,-9464259.0,TXN-0007548
2025-11-23,2025-11-24,CLIENT FUNDING - RTGS,,159925,-9304334.0,TXN-0007549
2025-11-24,2025-11-24,MISC ADJUSTMENT,42649,,-9346983.0,TXN-0007550
2025-11-26,2025-11-28,BROKERAGE / TRADE SETTLEMENT,18351,,-9365334.0,TXN-0007551
2025-11-23,2025-11-23,MISC ADJUSTMENT,34005,,-9399339.0,TXN-0007552
2025-11-26,2025-11-28,BANK / DP CHARGES,1167,,-9400506.0,TXN-0007553
2025-11-27,2025-11-27,BANK / DP CHARGES,443,,-9400949.0,TXN-0007554
2025-11-21,2025-11-22,PAYOUT TO CLIENT,34217,,-9435166.0,TXN-0007555
2025-11-28,2025-11-29,BROKERAGE / TRADE SETTLEMENT,131967,,-9567133.0,TXN-0007556
2025-11-22,2025-11-24,BANK / DP CHARGES,565,,-9567698.0,TXN-0007557
2025-11-21,2025-11-21,BANK / DP CHARGES,1680,,-9569378.0,TXN-0007558
2025-11-29,2025-12-01,MISC ADJUSTMENT,,9692,-9559686.0,TXN-0007559
2025-11-20,2025-11-20,PAYOUT TO CLIENT,179062,,-9738748.0,TXN-0007560
2025-11-22,2025-11-24,CLIENT FUNDING - RTGS,,249879,-9488869.0,TXN-0007561
2025-11-19,2025-11-19,BROKERAGE / TRADE SETTLEMENT,47666,,-9536535.0,TXN-0007562
2025-11-21,2025-11-21,PAYOUT TO CLIENT,32985,,-9569520.0,TXN-0007563
2025-11-27,2025-11-27,BANK / DP CHARGES,1287,,-9570807.0,TXN-0007564
2025-11-23,2025-11-23,BANK / DP CHARGES,630,,-9571437.0,TXN-0007565
2025-11-21,2025-11-23,MISC ADJUSTMENT,33915,,-9605352.0,TXN-0007566
2025-11-18,2025-11-18,MISC ADJUSTMENT,10408,,-9615760.0,TXN-0007567
2025-11-16,2025-11-16,BANK / DP CHARGES,1825,,-9617585.0,TXN-0007568
2025-11-15,2025-11-15,MISC ADJUSTMENT,44064,,-9661649.0,TXN-0007569
2025-11-22,2025-11-22,PAYOUT TO CLIENT,33245,,-9694894.0,TXN-0007570
2025-11-16,2025-11-17,BANK / DP CHARGES,461,,-9695355.0,TXN-0007571
2025-11-20,2025-11-20,PAYOUT TO CLIENT,129141,,-9824496.0,TXN-0007572
2025-11-28,2025-11-29,BANK / DP CHARGES,133,,-9824629.0,TXN-0007573
2025-11-29,2025-12-01,BROKERAGE / TRADE SETTLEMENT,59508,,-9884137.0,TXN-0007574
2025-11-20,2025-11-22,PAYOUT TO CLIENT,132655,,-10016792.0,TXN-0007575
2025-11-24,2025-11-24,BANK / DP CHARGES,526,,-10017318.0,TXN-0007576
2025-11-22,2025-11-22,PAYOUT TO CLIENT,67681,,-10084999.0,TXN-0007577
2025-11-22,2025-11-22,BANK / DP CHARGES,690,,-10085689.0,TXN-0007578
2025-11-25,2025-11-27,CLIENT FUNDING - RTGS,,226995,-9858694.0,TXN-0007579
2025-11-18,2025-11-20,CLIENT FUNDING - RTGS,,199042,-9659652.0,TXN-0007580
2025-11-18,2025-11-18,CLIENT FUNDING - RTGS,,124509,-9535143.0,TXN-0007581
2025-11-24,2025-11-24,MISC ADJUSTMENT,,31382,-9503761.0,TXN-0007582
2025-11-16,2025-11-16,BROKERAGE / TRADE SETTLEMENT,116168,,-9619929.0,TXN-0007583
2025-11-16,2025-11-18,BROKERAGE / TRADE SETTLEMENT,139414,,-9759343.0,TXN-0007584
2025-11-20,2025-11-21,MISC ADJUSTMENT,23202,,-9782545.0,TXN-0007585
2025-11-25,2025-11-27,BANK / DP CHARGES,675,,-9783220.0,TXN-0007586
2025-11-21,2025-11-21,CLIENT FUNDING - RTGS,,107825,-9675395.0,TXN-0007587
2025-11-16,2025-11-16,BROKERAGE / TRADE SETTLEMENT,115832,,-9791227.0,TXN-0007588
2025-11-17,2025-11-17,PAYOUT TO CLIENT,116624,,-9907851.0,TXN-0007589
2025-11-28,2025-11-28,BANK / DP CHARGES,1749,,-9909600.0,TXN-0007590
2025-11-26,2025-11-28,BANK / DP CHARGES,876,,-9910476.0,TXN-0007591
2025-11-25,2025-11-25,BROKERAGE / TRADE SETTLEMENT,59464,,-9969940.0,TXN-0007592
2025-11-17,2025-11-17,MISC ADJUSTMENT,45411,,-10015351.0,TXN-0007593
2025-11-17,2025-11-19,MISC ADJUSTMENT,12223,,-10027574.0,TXN-0007594
2025-11-27,2025-11-27,CLIENT FUNDING - RTGS,,65384,-9962190.0,TXN-0007595
2025-11-22,2025-11-24,MISC ADJUSTMENT,,36192,-9925998.0,TXN-0007596
2025-11-17,2025-11-19,BANK / DP CHARGES,851,,-9926849.0,TXN-0007597
2025-11-28,2025-11-28,CLIENT FUNDING - RTGS,,277785,-9649064.0,TXN-0007598
2025-11-27,2025-11-29,MISC ADJUSTMENT,29283,,-9678347.0,TXN-0007599
2025-11-24,2025-11-24,BANK / DP CHARGES,1839,,-9680186.0,TXN-0007600
2025-11-16,2025-11-16,BROKERAGE / TRADE SETTLEMENT,32689,,-9712875.0,TXN-0007601
2025-11-17,2025-11-19,BROKERAGE / TRADE SETTLEMENT,119711,,-9832586.0,TXN-0007602
2025-11-21,2025-11-21,BROKERAGE / TRADE SETTLEMENT,106794,,-9939380.0,TXN-0007603
2025-11-18,2025-11-19,MISC ADJUSTMENT,,25798,-9913582.0,TXN-0007604
2025-11-27,2025-11-29,CLIENT FUNDING - RTGS,,126753,-9786829.0,TXN-0007605
2025-11-28,2025-11-28,BANK / DP CHARGES,1837,,-9788666.0,TXN-0007606
2025-11-27,2025-11-27,MISC ADJUSTMENT,5404,,-9794070.0,TXN-0007607
2025-11-23,2025-11-25,CLIENT FUNDING - RTGS,,288149,-9505921.0,TXN-0007608
2025-11-28,2025-11-30,CLIENT FUNDING - RTGS,,73730,-9432191.0,TXN-0007609
2025-11-21,2025-11-21,BANK / DP CHARGES,1479,,-9433670.0,TXN-0007610
2025-11-22,2025-11-24,MISC ADJUSTMENT,,10281,-9423389.0,TXN-0007611
2025-11-18,2025-11-19,CLIENT FUNDING - RTGS,,95718,-9327671.0,TXN-0007612
2025-11-22,2025-11-22,CLIENT FUNDING - RTGS,,187855,-9139816.0,TXN-0007613
2025-11-19,2025-11-20,MISC ADJUSTMENT,,21405,-9118411.0,TXN-0007614
2025-11-22,2025-11-22,BROKERAGE / TRADE SETTLEMENT,116352,,-9234763.0,TXN-0007615
2025-11-27,2025-11-28,MISC ADJUSTMENT,,42642,-9192121.0,TXN-0007616
2025-11-26,2025-11-26,MISC ADJUSTMENT,,40212,-9151909.0,TXN-0007617
2025-11-23,2025-11-24,CLIENT FUNDING - RTGS,,220059,-8931850.0,TXN-0007618
2025-11-26,2025-11-27,PAYOUT TO CLIENT,57324,,-8989174.0,TXN-0007619
2025-11-21,2025-11-22,CLIENT FUNDING - RTGS,,212793,-8776381.0,TXN-0007620
2025-11-26,2025-11-28,BANK / DP CHARGES,1062,,-8777443.0,TXN-0007621
2025-11-22,2025-11-24,PAYOUT TO CLIENT,34974,,-8812417.0,TXN-0007622
2025-11-29,2025-11-29,CLIENT FUNDING - RTGS,,144512,-8667905.0,TXN-0007623
2025-11-18,2025-11-19,BANK / DP CHARGES,1991,,-8669896.0,TXN-0007624
2025-11-19,2025-11-21,MISC ADJUSTMENT,,29975,-8639921.0,TXN-0007625
2025-11-20,2025-11-20,BANK / DP CHARGES,912,,-8640833.0,TXN-0007626
2025-11-17,2025-11-17,BROKERAGE / TRADE SETTLEMENT,108178,,-8749011.0,TXN-0007627
2025-11-25,2025-11-26,MISC ADJUSTMENT,18613,,-8767624.0,TXN-0007628
2025-11-17,2025-11-19,BANK / DP CHARGES,389,,-8768013.0,TXN-0007629
2025-11-19,2025-11-19,PAYOUT TO CLIENT,103829,,-8871842.0,TXN-0007630
2025-11-27,2025-11-27,CLIENT FUNDING - RTGS,,206280,-8665562.0,TXN-0007631
2025-11-20,2025-11-22,MISC ADJUSTMENT,18214,,-8683776.0,TXN-0007632
2025-11-27,2025-11-27,BANK / DP CHARGES,327,,-8684103.0,TXN-0007633
2025-11-28,2025-11-28,CLIENT FUNDING - RTGS,,270408,-8413695.0,TXN-0007634
2025-11-28,2025-11-28,CLIENT FUNDING - RTGS,,117087,-8296608.0,TXN-0007635
2025-11-25,2025-11-26,CLIENT FUNDING - RTGS,,50541,-8246067.0,TXN-0007636
2025-11-22,2025-11-24,PAYOUT TO CLIENT,172948,,-8419015.0,TXN-0007637
2025-11-18,2025-11-19,CLIENT FUNDING - RTGS,,261990,-8157025.0,TXN-0007638
2025-11-24,2025-11-25,MISC ADJUSTMENT,8507,,-8165532.0,TXN-0007639
2025-11-18,2025-11-20,PAYOUT TO CLIENT,178388,,-8343920.0,TXN-0007640
2025-11-23,2025-11-25,CLIENT FUNDING - RTGS,,290054,-8053866.0,TXN-0007641
2025-11-23,2025-11-23,BANK / DP CHARGES,1460,,-8055326.0,TXN-0007642
2025-11-21,2025-11-21,BANK / DP CHARGES,321,,-8055647.0,TXN-0007643
2025-11-21,2025-11-21,MISC ADJUSTMENT,,48878,-8006769.0,TXN-0007644
2025-11-29,2025-12-01,MISC ADJUSTMENT,,10626,-7996143.0,TXN-0007645
2025-11-22,2025-11-23,CLIENT FUNDING - RTGS,,143423,-7852720.0,TXN-0007646
2025-11-15,2025-11-16,MISC ADJUSTMENT,11339,,-7864059.0,TXN-0007647
2025-11-27,2025-11-27,BANK / DP CHARGES,522,,-7864581.0,TXN-0007648
2025-11-16,2025-11-16,BROKERAGE / TRADE SETTLEMENT,88826,,-7953407.0,TXN-0007649
2025-11-20,2025-11-20,CLIENT FUNDING - RTGS,,213593,-7739814.0,TXN-0007650
2025-11-22,2025-11-22,CLIENT FUNDING - RTGS,,79484,-7660330.0,TXN-0007651
2025-11-21,2025-11-23,PAYOUT TO CLIENT,169110,,-7829440.0,TXN-0007652
2025-11-15,2025-11-16,CLIENT FUNDING - RTGS,,264760,-7564680.0,TXN-0007653
2025-11-29,2025-12-01,BROKERAGE / TRADE SETTLEMENT,120488,,-7685168.0,TXN-0007654
2025-11-17,2025-11-19,PAYOUT TO CLIENT,166948,,-7852116.0,TXN-0007655
2025-11-19,2025-11-20,CLIENT FUNDING - RTGS,,157860,-7694256.0,TXN-0007656
2025-11-25,2025-11-26,BROKERAGE / TRADE SETTLEMENT,79364,,-7773620.0,TXN-0007657
2025-11-29,2025-11-29,CLIENT FUNDING - RTGS,,157490,-7616130.0,TXN-0007658
2025-11-23,2025-11-24,PAYOUT TO CLIENT,26273,,-7642403.0,TXN-0007659
2025-11-17,2025-11-19,MISC ADJUSTMENT,,15493,-7626910.0,TXN-0007660
2025-11-27,2025-11-28,PAYOUT TO CLIENT,100854,,-7727764.0,TXN-0007661
2025-11-20,2025-11-21,CLIENT FUNDING - RTGS,,226834,-7500930.0,TXN-0007662
2025-11-29,2025-11-29,BANK / DP CHARGES,1712,,-7502642.0,TXN-0007663
2025-11-28,2025-11-28,BANK / DP CHARGES,1067,,-7503709.0,TXN-0007664
2025-11-20,2025-11-22,BANK / DP CHARGES,1801,,-7505510.0,TXN-0007665
2025-11-16,2025-11-17,CLIENT FUNDING - RTGS,,67751,-7437759.0,TXN-0007666
2025-11-29,2025-11-30,MISC ADJUSTMENT,39382,,-7477141.0,TXN-0007667
2025-11-19,2025-11-20,PAYOUT TO CLIENT,28153,,-7505294.0,TXN-0007668
2025-11-15,2025-11-17,BROKERAGE / TRADE SETTLEMENT,68304,,-7573598.0,TXN-0007669
2025-11-27,2025-11-29,BROKERAGE / TRADE SETTLEMENT,30173,,-7603771.0,TXN-0007670
2025-11-26,2025-11-27,MISC ADJUSTMENT,21273,,-7625044.0,TXN-0007671
2025-11-24,2025-11-25,BROKERAGE / TRADE SETTLEMENT,116080,,-7741124.0,TXN-0007672
2025-11-23,2025-11-23,BANK / DP CHARGES,1455,,-7742579.0,TXN-0007673
2025-11-16,2025-11-16,MISC ADJUSTMENT,25548,,-7768127.0,TXN-0007674
2025-11-28,2025-11-28,BROKERAGE / TRADE SETTLEMENT,80064,,-7848191.0,TXN-0007675
2025-11-23,2025-11-24,PAYOUT TO CLIENT,24865,,-7873056.0,TXN-0007676
2025-11-26,2025-11-26,MISC ADJUSTMENT,26790,,-7899846.0,TXN-0007677
2025-11-27,2025-11-27,BANK / DP CHARGES,1400,,-7901246.0,TXN-0007678
2025-11-21,2025-11-23,CLIENT FUNDING - RTGS,,226872,-7674374.0,TXN-0007679
2025-11-23,2025-11-23,MISC ADJUSTMENT,,6294,-7668080.0,TXN-0007680
2025-11-22,2025-11-22,BROKERAGE / TRADE SETTLEMENT,38138,,-7706218.0,TXN-0007681
2025-11-18,2025-11-20,CLIENT FUNDING - RTGS,,145030,-7561188.0,TXN-0007682
2025-11-15,2025-11-15,BANK / DP CHARGES,1176,,-7562364.0,TXN-0007683
2025-11-21,2025-11-22,PAYOUT TO CLIENT,125537,,-7687901.0,TXN-0007684
2025-11-23,2025-11-24,MISC ADJUSTMENT,,13060,-7674841.0,TXN-0007685
2025-11-17,2025-11-17,PAYOUT TO CLIENT,162644,,-7837485.0,TXN-0007686
2025-11-21,2025-11-21,PAYOUT TO CLIENT,52453,,-7889938.0,TXN-0007687
2025-11-19,2025-11-20,MISC ADJUSTMENT,24416,,-7914354.0,TXN-0007688
2025-11-19,2025-11-21,PAYOUT TO CLIENT,39549,,-7953903.0,TXN-0007689
2025-11-26,2025-11-28,BROKERAGE / TRADE SETTLEMENT,47793,,-8001696.0,TXN-0007690
2025-11-22,2025-11-24,BANK / DP CHARGES,628,,-8002324.0,TXN-0007691
2025-11-19,2025-11-20,MISC ADJUSTMENT,,27563,-7974761.0,TXN-0007692
2025-11-24,2025-11-24,CLIENT FUNDING - RTGS,,101809,-7872952.0,TXN-0007693
2025-11-25,2025-11-25,MISC ADJUSTMENT,14733,,-7887685.0,TXN-0007694
2025-11-26,2025-11-27,CLIENT FUNDING - RTGS,,185533,-7702152.0,TXN-0007695
2025-11-15,2025-11-16,BANK / DP CHARGES,398,,-7702550.0,TXN-0007696
2025-11-17,2025-11-17,CLIENT FUNDING - RTGS,,230210,-7472340.0,TXN-0007697
2025-11-15,2025-11-16,CLIENT FUNDING - RTGS,,53636,-7418704.0,TXN-0007698
2025-11-29,2025-11-30,BANK / DP CHARGES,296,,-7419000.0,TXN-0007699
2025-11-28,2025-11-28,MISC ADJUSTMENT,,38807,-7380193.0,TXN-0007700
2025-11-16,2025-11-18,BANK / DP CHARGES,1398,,-7381591.0,TXN-0007701
2025-11-22,2025-11-22,BROKERAGE / TRADE SETTLEMENT,102538,,-7484129.0,TXN-0007702
2025-11-18,2025-11-18,BROKERAGE / TRADE SETTLEMENT,129916,,-7614045.0,TXN-0007703
2025-11-23,2025-11-23,BANK / DP CHARGES,999,,-7615044.0,TXN-0007704
2025-11-23,2025-11-23,PAYOUT TO CLIENT,57784,,-7672828.0,TXN-0007705
2025-11-22,2025-11-22,BROKERAGE / TRADE SETTLEMENT,65205,,-7738033.0,TXN-0007706
2025-11-26,2025-11-28,CLIENT FUNDING - RTGS,,79093,-7658940.0,TXN-0007707
2025-11-22,2025-11-22,MISC ADJUSTMENT,,5968,-7652972.0,TXN-0007708
2025-11-22,2025-11-23,BANK / DP CHARGES,408,,-7653380.0,TXN-0007709
2025-11-16,2025-11-17,MISC ADJUSTMENT,18361,,-7671741.0,TXN-0007710
2025-11-21,2025-11-21,PAYOUT TO CLIENT,137982,,-7809723.0,TXN-0007711
2025-11-24,2025-11-24,CLIENT FUNDING - RTGS,,143868,-7665855.0,TXN-0007712
2025-11-18,2025-11-20,MISC ADJUSTMENT,48867,,-7714722.0,TXN-0007713
2025-11-28,2025-11-29,BANK / DP CHARGES,573,,-7715295.0,TXN-0007714
2025-11-19,2025-11-19,CLIENT FUNDING - RTGS,,73138,-7642157.0,TXN-0007715
2025-11-27,2025-11-27,BROKERAGE / TRADE SETTLEMENT,18704,,-7660861.0,TXN-0007716
2025-11-24,2025-11-24,CLIENT FUNDING - RTGS,,241901,-7418960.0,TXN-0007717
2025-11-20,2025-11-20,PAYOUT TO CLIENT,125755,,-7544715.0,TXN-0007718
2025-11-26,2025-11-28,BROKERAGE / TRADE SETTLEMENT,112557,,-7657272.0,TXN-0007719
2025-11-23,2025-11-23,CLIENT FUNDING - RTGS,,56728,-7600544.0,TXN-0007720
2025-11-26,2025-11-26,PAYOUT TO CLIENT,103262,,-7703806.0,TXN-0007721
2025-11-18,2025-11-19,BROKERAGE / TRADE SETTLEMENT,78445,,-7782251.0,TXN-0007722
2025-11-29,2025-11-29,PAYOUT TO CLIENT,197504,,-7979755.0,TXN-0007723
2025-11-19,2025-11-19,PAYOUT TO CLIENT,133607,,-8113362.0,TXN-0007724
2025-11-27,2025-11-27,MISC ADJUSTMENT,10380,,-8123742.0,TXN-0007725
2025-11-29,2025-11-30,PAYOUT TO CLIENT,42417,,-8166159.0,TXN-0007726
2025-11-21,2025-11-21,CLIENT FUNDING - RTGS,,121094,-8045065.0,TXN-0007727
2025-11-23,2025-11-23,BROKERAGE / TRADE SETTLEMENT,148629,,-8193694.0,TXN-0007728
2025-11-28,2025-11-30,BANK / DP CHARGES,1921,,-8195615.0,TXN-0007729
2025-11-19,2025-11-19,MISC ADJUSTMENT,,45095,-8150520.0,TXN-0007730
2025-11-26,2025-11-28,PAYOUT TO CLIENT,55551,,-8206071.0,TXN-0007731
2025-11-16,2025-11-17,MISC ADJUSTMENT,,22542,-8183529.0,TXN-0007732
2025-11-28,2025-11-30,BROKERAGE / TRADE SETTLEMENT,118147,,-8301676.0,TXN-0007733
2025-11-25,2025-11-26,PAYOUT TO CLIENT,187313,,-8488989.0,TXN-0007734
2025-11-16,2025-11-16,MISC ADJUSTMENT,20958,,-8509947.0,TXN-0007735
2025-11-15,2025-11-15,BROKERAGE / TRADE SETTLEMENT,82407,,-8592354.0,TXN-0007736
2025-11-18,2025-11-19,BANK / DP CHARGES,1101,,-8593455.0,TXN-0007737
2025-11-24,2025-11-24,CLIENT FUNDING - RTGS,,188575,-8404880.0,TXN-0007738
2025-11-25,2025-11-25,BANK / DP CHARGES,1264,,-8406144.0,TXN-0007739
2025-11-28,2025-11-30,BROKERAGE / TRADE SETTLEMENT,11342,,-8417486.0,TXN-0007740
2025-11-21,2025-11-21,CLIENT FUNDING - RTGS,,132472,-8285014.0,TXN-0007741
2025-11-16,2025-11-16,PAYOUT TO CLIENT,130311,,-8415325.0,TXN-0007742
2025-11-16,2025-11-17,BANK / DP CHARGES,1322,,-8416647.0,TXN-0007743
2025-11-23,2025-11-23,MISC ADJUSTMENT,36869,,-8453516.0,TXN-0007744
2025-11-20,2025-11-22,MISC ADJUSTMENT,46926,,-8500442.0,TXN-0007745
2025-11-29,2025-11-29,MISC ADJUSTMENT,34921,,-8535363.0,TXN-0007746
2025-11-29,2025-12-01,BROKERAGE / TRADE SETTLEMENT,138322,,-8673685.0,TXN-0007747
2025-11-15,2025-11-17,BROKERAGE / TRADE SETTLEMENT,119557,,-8793242.0,TXN-0007748
2025-11-27,2025-11-29,BROKERAGE / TRADE SETTLEMENT,139994,,-8933236.0,TXN-0007749
2025-11-20,2025-11-20,PAYOUT TO CLIENT,64704,,-8997940.0,TXN-0007750
2025-11-22,2025-11-22,BROKERAGE / TRADE SETTLEMENT,74510,,-9072450.0,TXN-0007751
2025-11-22,2025-11-22,BROKERAGE / TRADE SETTLEMENT,50313,,-9122763.0,TXN-0007752
2025-11-18,2025-11-20,BANK / DP CHARGES,832,,-9123595.0,TXN-0007753
2025-11-16,2025-11-16,PAYOUT TO CLIENT,157133,,-9280728.0,TXN-0007754
2025-11-23,2025-11-25,MISC ADJUSTMENT,,39408,-9241320.0,TXN-0007755
2025-11-26,2025-11-27,PAYOUT TO CLIENT,95742,,-9337062.0,TXN-0007756
2025-11-18,2025-11-19,MISC ADJUSTMENT,5038,,-9342100.0,TXN-0007757
2025-11-29,2025-12-01,MISC ADJUSTMENT,,41618,-9300482.0,TXN-0007758
2025-11-18,2025-11-18,MISC ADJUSTMENT,31659,,-9332141.0,TXN-0007759
2025-11-17,2025-11-17,CLIENT FUNDING - RTGS,,158637,-9173504.0,TXN-0007760
2025-11-20,2025-11-21,BANK / DP CHARGES,463,,-9173967.0,TXN-0007761
2025-11-24,2025-11-24,CLIENT FUNDING - RTGS,,82444,-9091523.0,TXN-0007762
2025-11-21,2025-11-23,BANK / DP CHARGES,1863,,-9093386.0,TXN-0007763
2025-11-15,2025-11-15,BROKERAGE / TRADE SETTLEMENT,60430,,-9153816.0,TXN-0007764
2025-11-21,2025-11-21,PAYOUT TO CLIENT,101434,,-9255250.0,TXN-0007765
2025-11-28,2025-11-29,MISC ADJUSTMENT,14674,,-9269924.0,TXN-0007766
2025-11-16,2025-11-17,BANK / DP CHARGES,1998,,-9271922.0,TXN-0007767
2025-11-20,2025-11-20,BANK / DP CHARGES,599,,-9272521.0,TXN-0007768
2025-11-27,2025-11-27,CLIENT FUNDING - RTGS,,60076,-9212445.0,TXN-0007769
2025-11-25,2025-11-27,BANK / DP CHARGES,790,,-9213235.0,TXN-0007770
2025-11-24,2025-11-24,PAYOUT TO CLIENT,144486,,-9357721.0,TXN-0007771
2025-11-19,2025-11-20,BROKERAGE / TRADE SETTLEMENT,14665,,-9372386.0,TXN-0007772
2025-11-28,2025-11-29,PAYOUT TO CLIENT,197277,,-9569663.0,TXN-0007773
2025-11-26,2025-11-28,MISC ADJUSTMENT,18652,,-9588315.0,TXN-0007774
2025-11-18,2025-11-20,BROKERAGE / TRADE SETTLEMENT,23172,,-9611487.0,TXN-0007775
2025-11-15,2025-11-16,BANK / DP CHARGES,1089,,-9612576.0,TXN-0007776
2025-11-15,2025-11-16,MISC ADJUSTMENT,,33209,-9579367.0,TXN-0007777
2025-11-18,2025-11-20,BANK / DP CHARGES,278,,-9579645.0,TXN-0007778
2025-11-19,2025-11-20,BROKERAGE / TRADE SETTLEMENT,15600,,-9595245.0,TXN-0007779
2025-11-29,2025-11-29,BANK / DP CHARGES,1512,,-9596757.0,TXN-0007780
2025-11-18,2025-11-18,PAYOUT TO CLIENT,36318,,-9633075.0,TXN-0007781
2025-11-23,2025-11-23,CLIENT FUNDING - RTGS,,187632,-9445443.0,TXN-0007782
2025-11-28,2025-11-30,CLIENT FUNDING - RTGS,,179407,-9266036.0,TXN-0007783
2025-11-28,2025-11-28,CLIENT FUNDING - RTGS,,83052,-9182984.0,TXN-0007784
2025-11-29,2025-11-30,PAYOUT TO CLIENT,149179,,-9332163.0,TXN-0007785
2025-11-21,2025-11-22,CLIENT FUNDING - RTGS,,89032,-9243131.0,TXN-0007786
2025-11-16,2025-11-16,PAYOUT TO CLIENT,48796,,-9291927.0,TXN-0007787
2025-11-17,2025-11-18,CLIENT FUNDING - RTGS,,172296,-9119631.0,TXN-0007788
2025-11-29,2025-11-30,BROKERAGE / TRADE SETTLEMENT,63406,,-9183037.0,TXN-0007789
2025-11-24,2025-11-26,BANK / DP CHARGES,959,,-9183996.0,TXN-0007790
2025-11-17,2025-11-19,BANK / DP CHARGES,1367,,-9185363.0,TXN-0007791
2025-11-27,2025-11-28,PAYOUT TO CLIENT,151790,,-9337153.0,TXN-0007792
2025-11-21,2025-11-22,BANK / DP CHARGES,1358,,-9338511.0,TXN-0007793
2025-11-18,2025-11-20,MISC ADJUSTMENT,41585,,-9380096.0,TXN-0007794
2025-11-29,2025-12-01,BANK / DP CHARGES,1565,,-9381661.0,TXN-0007795
2025-11-20,2025-11-22,MISC ADJUSTMENT,,34497,-9347164.0,TXN-0007796
2025-11-22,2025-11-24,BROKERAGE / TRADE SETTLEMENT,77302,,-9424466.0,TXN-0007797
2025-11-21,2025-11-23,MISC ADJUSTMENT,23409,,-9447875.0,TXN-0007798
2025-11-29,2025-12-01,CLIENT FUNDING - RTGS,,184870,-9263005.0,TXN-0007799
2025-11-24,2025-11-24,BROKERAGE / TRADE SETTLEMENT,78122,,-9341127.0,TXN-0007800
2025-11-21,2025-11-22,MISC ADJUSTMENT,40192,,-9381319.0,TXN-0007801
2025-11-20,2025-11-21,BROKERAGE / TRADE SETTLEMENT,39744,,-9421063.0,TXN-0007802
2025-11-25,2025-11-27,PAYOUT TO CLIENT,127126,,-9548189.0,TXN-0007803
2025-11-18,2025-11-18,BROKERAGE / TRADE SETTLEMENT,60927,,-9609116.0,TXN-0007804
2025-11-20,2025-11-20,MISC ADJUSTMENT,,39638,-9569478.0,TXN-0007805
2025-11-29,2025-11-30,CLIENT FUNDING - RTGS,,289254,-9280224.0,TXN-0007806
2025-11-17,2025-11-17,MISC ADJUSTMENT,18000,,-9298224.0,TXN-0007807
2025-11-24,2025-11-24,PAYOUT TO CLIENT,38937,,-9337161.0,TXN-0007808
2025-11-19,2025-11-19,CLIENT FUNDING - RTGS,,131868,-9205293.0,TXN-0007809
2025-11-15,2025-11-15,CLIENT FUNDING - RTGS,,112526,-9092767.0,TXN-0007810
2025-11-22,2025-11-22,BROKERAGE / TRADE SETTLEMENT,146857,,-9239624.0,TXN-0007811
2025-11-26,2025-11-26,BROKERAGE / TRADE SETTLEMENT,65367,,-9304991.0,TXN-0007812
2025-11-21,2025-11-21,BANK / DP CHARGES,904,,-9305895.0,TXN-0007813
2025-11-28,2025-11-28,CLIENT FUNDING - RTGS,,151221,-9154674.0,TXN-0007814
2025-11-25,2025-11-25,BROKERAGE / TRADE SETTLEMENT,60831,,-9215505.0,TXN-0007815
2025-11-29,2025-11-29,CLIENT FUNDING - RTGS,,140275,-9075230.0,TXN-0007816
2025-11-18,2025-11-19,BANK / DP CHARGES,1813,,-9077043.0,TXN-0007817
2025-11-16,2025-11-18,PAYOUT TO CLIENT,69305,,-9146348.0,TXN-0007818
2025-11-18,2025-11-18,CLIENT FUNDING - RTGS,,202445,-8943903.0,TXN-0007819
2025-11-26,2025-11-26,CLIENT FUNDING - RTGS,,76532,-8867371.0,TXN-0007820
2025-11-21,2025-11-23,MISC ADJUSTMENT,41484,,-8908855.0,TXN-0007821
2025-11-16,2025-11-18,MISC ADJUSTMENT,24469,,-8933324.0,TXN-0007822
2025-11-26,2025-11-26,PAYOUT TO CLIENT,195312,,-9128636.0,TXN-0007823
2025-11-28,2025-11-28,PAYOUT TO CLIENT,47383,,-9176019.0,TXN-0007824
2025-11-16,2025-11-16,BANK / DP CHARGES,1511,,-9177530.0,TXN-0007825
2025-11-15,2025-11-15,CLIENT FUNDING - RTGS,,71160,-9106370.0,TXN-0007826
2025-11-26,2025-11-27,CLIENT FUNDING - RTGS,,166875,-8939495.0,TXN-0007827
2025-11-18,2025-11-19,PAYOUT TO CLIENT,166024,,-9105519.0,TXN-0007828
2025-11-29,2025-12-01,MISC ADJUSTMENT,20704,,-9126223.0,TXN-0007829
2025-11-19,2025-11-20,CLIENT FUNDING - RTGS,,111781,-9014442.0,TXN-0007830
2025-11-24,2025-11-24,MISC ADJUSTMENT,,24454,-8989988.0,TXN-0007831
2025-11-22,2025-11-23,BROKERAGE / TRADE SETTLEMENT,74012,,-9064000.0,TXN-0007832
2025-11-26,2025-11-28,MISC ADJUSTMENT,,21002,-9042998.0,TXN-0007833
2025-11-18,2025-11-18,MISC ADJUSTMENT,23208,,-9066206.0,TXN-0007834
2025-11-20,2025-11-20,CLIENT FUNDING - RTGS,,221381,-8844825.0,TXN-0007835
2025-11-26,2025-11-26,MISC ADJUSTMENT,27120,,-8871945.0,TXN-0007836
2025-11-23,2025-11-25,PAYOUT TO CLIENT,185335,,-9057280.0,TXN-0007837
2025-11-17,2025-11-17,CLIENT FUNDING - RTGS,,105057,-8952223.0,TXN-0007838
2025-11-15,2025-11-17,MISC ADJUSTMENT,30100,,-8982323.0,TXN-0007839
2025-11-25,2025-11-25,PAYOUT TO CLIENT,93192,,-9075515.0,TXN-0007840
2025-11-25,2025-11-25,MISC ADJUSTMENT,43148,,-9118663.0,TXN-0007841
2025-11-27,2025-11-27,CLIENT FUNDING - RTGS,,133207,-8985456.0,TXN-0007842
2025-11-26,2025-11-27,PAYOUT TO CLIENT,174007,,-9159463.0,TXN-0007843
2025-11-28,2025-11-28,MISC ADJUSTMENT,,27174,-9132289.0,TXN-0007844
2025-11-28,2025-11-28,PAYOUT TO CLIENT,194391,,-9326680.0,TXN-0007845
2025-11-21,2025-11-22,MISC ADJUSTMENT,,35151,-9291529.0,TXN-0007846
2025-11-21,2025-11-21,PAYOUT TO CLIENT,93551,,-9385080.0,TXN-0007847
2025-11-20,2025-11-20,BANK / DP CHARGES,1631,,-9386711.0,TXN-0007848
2025-11-15,2025-11-16,BANK / DP CHARGES,1375,,-9388086.0,TXN-0007849
2025-11-21,2025-11-22,BROKERAGE / TRADE SETTLEMENT,78441,,-9466527.0,TXN-0007850
2025-11-24,2025-11-26,MISC ADJUSTMENT,27675,,-9494202.0,TXN-0007851
2025-11-24,2025-11-24,BANK / DP CHARGES,1590,,-9495792.0,TXN-0007852
2025-11-27,2025-11-29,BANK / DP CHARGES,997,,-9496789.0,TXN-0007853
2025-11-26,2025-11-28,MISC ADJUSTMENT,,17412,-9479377.0,TXN-0007854
2025-11-29,2025-11-30,BROKERAGE / TRADE SETTLEMENT,41695,,-9521072.0,TXN-0007855
2025-11-21,2025-11-21,MISC ADJUSTMENT,,35583,-9485489.0,TXN-0007856
2025-11-23,2025-11-23,CLIENT FUNDING - RTGS,,152069,-9333420.0,TXN-0007857
2025-11-17,2025-11-19,BANK / DP CHARGES,1750,,-9335170.0,TXN-0007858
2025-11-15,2025-11-16,BANK / DP CHARGES,1741,,-9336911.0,TXN-0007859
2025-11-19,2025-11-19,BANK / DP CHARGES,151,,-9337062.0,TXN-0007860
2025-11-16,2025-11-16,BANK / DP CHARGES,886,,-9337948.0,TXN-0007861
2025-11-22,2025-11-22,MISC ADJUSTMENT,36534,,-9374482.0,TXN-0007862
2025-11-29,2025-11-29,BROKERAGE / TRADE SETTLEMENT,85687,,-9460169.0,TXN-0007863
2025-11-28,2025-11-28,PAYOUT TO CLIENT,81342,,-9541511.0,TXN-0007864
2025-11-26,2025-11-28,BROKERAGE / TRADE SETTLEMENT,70891,,-9612402.0,TXN-0007865
2025-11-16,2025-11-17,BROKERAGE / TRADE SETTLEMENT,55132,,-9667534.0,TXN-0007866
2025-11-18,2025-11-20,BROKERAGE / TRADE SETTLEMENT,51235,,-9718769.0,TXN-0007867
2025-11-26,2025-11-26,BROKERAGE / TRADE SETTLEMENT,86004,,-9804773.0,TXN-0007868
2025-11-25,2025-11-25,PAYOUT TO CLIENT,74459,,-9879232.0,TXN-0007869
2025-11-16,2025-11-16,CLIENT FUNDING - RTGS,,252930,-9626302.0,TXN-0007870
2025-11-23,2025-11-24,BANK / DP CHARGES,935,,-9627237.0,TXN-0007871
2025-11-19,2025-11-19,BROKERAGE / TRADE SETTLEMENT,55335,,-9682572.0,TXN-0007872
2025-11-20,2025-11-22,PAYOUT TO CLIENT,83252,,-9765824.0,TXN-0007873
2025-11-24,2025-11-24,MISC ADJUSTMENT,,37991,-9727833.0,TXN-0007874
2025-11-26,2025-11-28,BANK / DP CHARGES,1606,,-9729439.0,TXN-0007875
2025-11-15,2025-11-17,BROKERAGE / TRADE SETTLEMENT,77340,,-9806779.0,TXN-0007876
2025-11-29,2025-11-29,MISC ADJUSTMENT,41949,,-9848728.0,TXN-0007877
2025-11-20,2025-11-22,PAYOUT TO CLIENT,146304,,-9995032.0,TXN-0007878
2025-11-18,2025-11-20,CLIENT FUNDING - RTGS,,290389,-9704643.0,TXN-0007879
2025-11-27,2025-11-27,PAYOUT TO CLIENT,172848,,-9877491.0,TXN-0007880
2025-11-25,2025-11-27,BROKERAGE / TRADE SETTLEMENT,30109,,-9907600.0,TXN-0007881
2025-11-17,2025-11-18,PAYOUT TO CLIENT,94619,,-10002219.0,TXN-0007882
2025-11-19,2025-11-19,MISC ADJUSTMENT,,25514,-9976705.0,TXN-0007883
2025-11-19,2025-11-21,MISC ADJUSTMENT,28065,,-10004770.0,TXN-0007884
2025-11-16,2025-11-17,MISC ADJUSTMENT,,23904,-9980866.0,TXN-0007885
2025-11-26,2025-11-26,BROKERAGE / TRADE SETTLEMENT,88665,,-10069531.0,TXN-0007886
2025-11-29,2025-12-01,BROKERAGE / TRADE SETTLEMENT,121903,,-10191434.0,TXN-0007887
2025-11-17,2025-11-18,MISC ADJUSTMENT,41531,,-10232965.0,TXN-0007888
2025-11-21,2025-11-22,CLIENT FUNDING - RTGS,,120157,-10112808.0,TXN-0007889
2025-11-27,2025-11-27,CLIENT FUNDING - RTGS,,152457,-9960351.0,TXN-0007890
2025-11-23,2025-11-24,MISC ADJUSTMENT,,11518,-9948833.0,TXN-0007891
2025-11-23,2025-11-25,BROKERAGE / TRADE SETTLEMENT,98061,,-10046894.0,TXN-0007892
2025-11-19,2025-11-20,PAYOUT TO CLIENT,90171,,-10137065.0,TXN-0007893
2025-11-24,2025-11-24,PAYOUT TO CLIENT,50368,,-10187433.0,TXN-0007894
2025-11-23,2025-11-25,BANK / DP CHARGES,1886,,-10189319.0,TXN-0007895
2025-11-21,2025-11-23,CLIENT FUNDING - RTGS,,125843,-10063476.0,TXN-0007896
2025-11-22,2025-11-23,BROKERAGE / TRADE SETTLEMENT,87597,,-10151073.0,TXN-0007897
2025-11-21,2025-11-21,CLIENT FUNDING - RTGS,,68204,-10082869.0,TXN-0007898
2025-11-17,2025-11-19,PAYOUT TO CLIENT,164548,,-10247417.0,TXN-0007899
2025-11-29,2025-11-30,MISC ADJUSTMENT,,41096,-10206321.0,TXN-0007900
2025-11-20,2025-11-20,MISC ADJUSTMENT,21444,,-10227765.0,TXN-0007901
2025-11-19,2025-11-19,BANK / DP CHARGES,209,,-10227974.0,TXN-0007902
2025-11-15,2025-11-15,CLIENT FUNDING - RTGS,,122401,-10105573.0,TXN-0007903
2025-11-22,2025-11-23,BROKERAGE / TRADE SETTLEMENT,28623,,-10134196.0,TXN-0007904
2025-11-28,2025-11-28,BROKERAGE / TRADE SETTLEMENT,60518,,-10194714.0,TXN-0007905
2025-11-29,2025-11-29,BROKERAGE / TRADE SETTLEMENT,143632,,-10338346.0,TXN-0007906
2025-11-17,2025-11-17,MISC ADJUSTMENT,23748,,-10362094.0,TXN-0007907
2025-11-21,2025-11-23,CLIENT FUNDING - RTGS,,180305,-10181789.0,TXN-0007908
2025-11-21,2025-11-23,BANK / DP CHARGES,259,,-10182048.0,TXN-0007909
2025-11-17,2025-11-17,MISC ADJUSTMENT,,17746,-10164302.0,TXN-0007910
2025-11-21,2025-11-23,BANK / DP CHARGES,1796,,-10166098.0,TXN-0007911
2025-11-21,2025-11-21,BANK / DP CHARGES,457,,-10166555.0,TXN-0007912
2025-11-23,2025-11-23,MISC ADJUSTMENT,43072,,-10209627.0,TXN-0007913
2025-11-26,2025-11-28,MISC ADJUSTMENT,,48694,-10160933.0,TXN-0007914
2025-11-22,2025-11-23,PAYOUT TO CLIENT,178426,,-10339359.0,TXN-0007915
2025-11-16,2025-11-16,BANK / DP CHARGES,805,,-10340164.0,TXN-0007916
2025-11-23,2025-11-25,PAYOUT TO CLIENT,21426,,-10361590.0,TXN-0007917
2025-11-28,2025-11-28,BROKERAGE / TRADE SETTLEMENT,52861,,-10414451.0,TXN-0007918
2025-11-16,2025-11-16,PAYOUT TO CLIENT,199571,,-10614022.0,TXN-0007919
2025-11-19,2025-11-19,CLIENT FUNDING - RTGS,,202957,-10411065.0,TXN-0007920
2025-11-20,2025-11-20,PAYOUT TO CLIENT,123246,,-10534311.0,TXN-0007921
2025-11-29,2025-11-29,BANK / DP CHARGES,1450,,-10535761.0,TXN-0007922
2025-11-26,2025-11-28,PAYOUT TO CLIENT,44337,,-10580098.0,TXN-0007923
2025-11-20,2025-11-20,MISC ADJUSTMENT,,29831,-10550267.0,TXN-0007924
2025-11-15,2025-11-17,BROKERAGE / TRADE SETTLEMENT,145658,,-10695925.0,TXN-0007925
2025-11-23,2025-11-24,BROKERAGE / TRADE SETTLEMENT,122184,,-10818109.0,TXN-0007926
2025-11-23,2025-11-25,MISC ADJUSTMENT,39699,,-10857808.0,TXN-0007927
2025-11-23,2025-11-23,BANK / DP CHARGES,1504,,-10859312.0,TXN-0007928
2025-11-24,2025-11-24,PAYOUT TO CLIENT,125243,,-10984555.0,TXN-0007929
2025-11-15,2025-11-16,PAYOUT TO CLIENT,127577,,-11112132.0,TXN-0007930
2025-11-22,2025-11-22,BANK / DP CHARGES,579,,-11112711.0,TXN-0007931
2025-11-17,2025-11-19,CLIENT FUNDING - RTGS,,160540,-10952171.0,TXN-0007932
2025-11-19,2025-11-20,BANK / DP CHARGES,472,,-10952643.0,TXN-0007933
2025-11-16,2025-11-17,BANK / DP CHARGES,603,,-10953246.0,TXN-0007934
2025-11-27,2025-11-27,MISC ADJUSTMENT,36075,,-10989321.0,TXN-0007935
2025-11-28,2025-11-28,BANK / DP CHARGES,1635,,-10990956.0,TXN-0007936
2025-11-29,2025-12-01,PAYOUT TO CLIENT,51056,,-11042012.0,TXN-0007937
2025-11-17,2025-11-18,CLIENT FUNDING - RTGS,,290346,-10751666.0,TXN-0007938
2025-11-29,2025-11-29,PAYOUT TO CLIENT,180710,,-10932376.0,TXN-0007939
2025-11-29,2025-11-30,CLIENT FUNDING - RTGS,,189322,-10743054.0,TXN-0007940
2025-11-21,2025-11-21,BROKERAGE / TRADE SETTLEMENT,22577,,-10765631.0,TXN-0007941
2025-11-29,2025-11-30,CLIENT FUNDING - RTGS,,236978,-10528653.0,TXN-0007942
2025-11-25,2025-11-25,PAYOUT TO CLIENT,194107,,-10722760.0,TXN-0007943
2025-11-19,2025-11-19,CLIENT FUNDING - RTGS,,120268,-10602492.0,TXN-0007944
2025-11-27,2025-11-27,PAYOUT TO CLIENT,147689,,-10750181.0,TXN-0007945
2025-11-29,2025-12-01,PAYOUT TO CLIENT,119411,,-10869592.0,TXN-0007946
2025-11-19,2025-11-19,BROKERAGE / TRADE SETTLEMENT,57650,,-10927242.0,TXN-0007947
2025-11-28,2025-11-29,BROKERAGE / TRADE SETTLEMENT,37154,,-10964396.0,TXN-0007948
2025-11-23,2025-11-23,MISC ADJUSTMENT,,18158,-10946238.0,TXN-0007949
2025-11-20,2025-11-20,PAYOUT TO CLIENT,192126,,-11138364.0,TXN-0007950
2025-11-18,2025-11-18,MISC ADJUSTMENT,,42937,-11095427.0,TXN-0007951
2025-11-15,2025-11-16,MISC ADJUSTMENT,,37651,-11057776.0,TXN-0007952
2025-11-27,2025-11-28,BANK / DP CHARGES,1020,,-11058796.0,TXN-0007953
2025-11-24,2025-11-24,MISC ADJUSTMENT,46444,,-11105240.0,TXN-0007954
2025-11-22,2025-11-22,BANK / DP CHARGES,1591,,-11106831.0,TXN-0007955
2025-11-20,2025-11-20,PAYOUT TO CLIENT,168362,,-11275193.0,TXN-0007956
2025-11-22,2025-11-24,BROKERAGE / TRADE SETTLEMENT,18274,,-11293467.0,TXN-0007957
2025-11-28,2025-11-28,BANK / DP CHARGES,1545,,-11295012.0,TXN-0007958
2025-11-17,2025-11-17,BROKERAGE / TRADE SETTLEMENT,147902,,-11442914.0,TXN-0007959
2025-11-29,2025-11-29,CLIENT FUNDING - RTGS,,64510,-11378404.0,TXN-0007960
2025-11-23,2025-11-23,MISC ADJUSTMENT,,49664,-11328740.0,TXN-0007961
2025-11-25,2025-11-25,BROKERAGE / TRADE SETTLEMENT,132143,,-11460883.0,TXN-0007962
2025-11-18,2025-11-18,BROKERAGE / TRADE SETTLEMENT,128625,,-11589508.0,TXN-0007963
2025-11-25,2025-11-25,CLIENT FUNDING - RTGS,,262341,-11327167.0,TXN-0007964
2025-11-29,2025-11-29,CLIENT FUNDING - RTGS,,221405,-11105762.0,TXN-0007965
2025-11-24,2025-11-24,BROKERAGE / TRADE SETTLEMENT,142151,,-11247913.0,TXN-0007966
2025-11-19,2025-11-20,CLIENT FUNDING - RTGS,,174111,-11073802.0,TXN-0007967
2025-11-26,2025-11-26,PAYOUT TO CLIENT,148172,,-11221974.0,TXN-0007968
2025-11-20,2025-11-21,BROKERAGE / TRADE SETTLEMENT,77069,,-11299043.0,TXN-0007969
2025-11-21,2025-11-23,MISC ADJUSTMENT,16526,,-11315569.0,TXN-0007970
2025-11-20,2025-11-21,PAYOUT TO CLIENT,166550,,-11482119.0,TXN-0007971
2025-11-20,2025-11-20,PAYOUT TO CLIENT,135272,,-11617391.0,TXN-0007972
2025-11-18,2025-11-18,BROKERAGE / TRADE SETTLEMENT,15643,,-11633034.0,TXN-0007973
2025-11-20,2025-11-20,BROKERAGE / TRADE SETTLEMENT,90770,,-11723804.0,TXN-0007974
2025-11-24,2025-11-24,MISC ADJUSTMENT,,8430,-11715374.0,TXN-0007975
2025-11-15,2025-11-15,MISC ADJUSTMENT,14343,,-11729717.0,TXN-0007976
2025-11-29,2025-11-29,PAYOUT TO CLIENT,127277,,-11856994.0,TXN-0007977
2025-11-20,2025-11-22,BROKERAGE / TRADE SETTLEMENT,57497,,-11914491.0,TXN-0007978
2025-11-24,2025-11-26,BROKERAGE / TRADE SETTLEMENT,137889,,-12052380.0,TXN-0007979
2025-11-28,2025-11-30,MISC ADJUSTMENT,19335,,-12071715.0,TXN-0007980
2025-11-25,2025-11-26,CLIENT FUNDING - RTGS,,150606,-11921109.0,TXN-0007981
2025-11-25,2025-11-25,BROKERAGE / TRADE SETTLEMENT,11811,,-11932920.0,TXN-0007982
2025-11-20,2025-11-20,PAYOUT TO CLIENT,59930,,-11992850.0,TXN-0007983
2025-11-16,2025-11-17,CLIENT FUNDING - RTGS,,122051,-11870799.0,TXN-0007984
2025-11-29,2025-11-29,CLIENT FUNDING - RTGS,,265653,-11605146.0,TXN-0007985
2025-11-19,2025-11-21,BANK / DP CHARGES,258,,-11605404.0,TXN-0007986
2025-11-22,2025-11-22,PAYOUT TO CLIENT,183427,,-11788831.0,TXN-0007987
2025-11-19,2025-11-21,PAYOUT TO CLIENT,191885,,-11980716.0,TXN-0007988
2025-11-19,2025-11-19,CLIENT FUNDING - RTGS,,54007,-11926709.0,TXN-0007989
2025-11-17,2025-11-17,BANK / DP CHARGES,1659,,-11928368.0,TXN-0007990
2025-11-17,2025-11-17,BROKERAGE / TRADE SETTLEMENT,135086,,-12063454.0,TXN-0007991
2025-11-15,2025-11-15,CLIENT FUNDING - RTGS,,194015,-11869439.0,TXN-0007992
2025-11-19,2025-11-19,CLIENT FUNDING - RTGS,,185764,-11683675.0,TXN-0007993
2025-11-16,2025-11-16,CLIENT FUNDING - RTGS,,232642,-11451033.0,TXN-0007994
2025-11-20,2025-11-20,PAYOUT TO CLIENT,83781,,-11534814.0,TXN-0007995
2025-11-29,2025-11-29,CLIENT FUNDING - RTGS,,241101,-11293713.0,TXN-0007996
2025-11-15,2025-11-16,PAYOUT TO CLIENT,67444,,-11361157.0,TXN-0007997
2025-11-27,2025-11-28,PAYOUT TO CLIENT,191865,,-11553022.0,TXN-0007998
2025-11-21,2025-11-21,MISC ADJUSTMENT,5617,,-11558639.0,TXN-0007999
