TxnDate,ValueDate,Narration,Amount,RefNo
2025-11-18,2025-11-20,IMPS,183303,LED-000000
2025-11-25,2025-11-26,BROKER PAYIN,111282,LED-000001
2025-11-21,2025-11-23,BROKER PAYOUT,-118683,LED-000002
2025-11-17,,,154680,LED-000003
2025-11-27,2025-11-29,AUTO SWEEP,-86399,LED-000004
2025-11-26,2025-11-27,AUTO SWEEP,7556,LED-000005
2025-11-30,2025-12-02,IMPS,-20267,LED-000006
2025-11-30,2025-12-01,UPI,-154439,LED-000007
2025-11-23,2025-11-24,IMPS,120940,LED-000008
2025-11-21,,IMPS,-132065,LED-000009
2025-11-21,2025-11-21,ATM WDL,99978,LED-000010
2025-11-29,2025-12-01,BROKER PAYIN,-160044,LED-000011
2025-11-23,2025-11-23,AUTO SWEEP,114789,LED-000012
2025-11-20,2025-11-20,BROKER PAYIN,106912,LED-000013
2025-11-29,2025-11-29,BROKER PAYIN,-22410,LED-000014
2025-11-22,2025-11-23,UPI,-108013,LED-000015
2025-11-17,2025-11-18,BROKER PAYOUT,121913,LED-000016
2025-11-25,2025-11-26,ATM WDL,131496,LED-000017
2025-11-25,2025-11-26,AUTO SWEEP,-138578,LED-000018
2025-11-26,2025-11-26,UPI,162030,LED-000019
2025-11-20,2025-11-20,BROKER PAYOUT,106496,LED-000020
2025-11-20,2025-11-21,ATM WDL,-187616,LED-000021
2025-12-01,2025-12-03,UPI,58371,LED-000022
2025-11-27,2025-11-28,IMPS,32336,LED-000023
2025-11-26,2025-11-28,AUTO SWEEP,4890,LED-000024
2025-11-25,2025-11-25,BROKER PAYOUT,-6240,LED-000025
2025-11-17,2025-11-17,BROKER PAYIN,-66500,LED-000026
2025-11-19,2025-11-20,BROKER PAYOUT,-98721,LED-000027
2025-11-30,2025-12-01,AUTO SWEEP,57244,LED-000028
2025-11-30,2025-12-01,BROKER PAYOUT,-129921,LED-000029
2025-11-19,2025-11-21,IMPS,-153097,LED-000030
2025-11-28,,IMPS,-139581,LED-000031
2025-11-23,,BROKER PAYIN,-88339,LED-000032
2025-11-20,2025-11-22,BROKER PAYOUT,63898,LED-000033
2025-12-01,2025-12-01,BROKER PAYIN,104395,LED-000034
2025-11-20,2025-11-22,BROKER PAYOUT,111374,LED-000035
2025-11-30,2025-11-30,BROKER PAYIN,-30094,LED-000036
2025-11-19,2025-11-19,IMPS,123122,LED-000037
2025-11-18,2025-11-19,BROKER PAYOUT,-172689,LED-000038
2025-11-17,2025-11-19,ATM WDL,37790,LED-000039
2025-11-20,2025-11-22,BROKER PAYIN,46084,LED-000040
2025-11-22,2025-11-23,UPI,141131,LED-000041
2025-11-22,2025-11-23,IMPS,196099,LED-000042
2025-11-18,2025-11-20,ATM WDL,-172873,LED-000043
2025-11-21,2025-11-23,ATM WDL,195475,LED-000044
2025-11-26,,AUTO SWEEP,186076,LED-000045
2025-11-21,2025-11-21,,-65088,LED-000046
2025-11-19,2025-11-20,UPI,177032,LED-000047
2025-11-23,2025-11-24,ATM WDL,159397,LED-000048
2025-11-20,,BROKER PAYIN,-151989,LED-000049
2025-11-27,,BROKER PAYOUT,164345,LED-000050
2025-11-22,2025-11-23,IMPS,-71832,LED-000051
2025-11-27,2025-11-29,BROKER PAYOUT,102667,LED-000052
2025-11-20,2025-11-22,ATM WDL,53830,LED-000053
2025-11-25,2025-11-25,IMPS,-57789,LED-000054
2025-11-19,2025-11-21,AUTO SWEEP,82905,LED-000055
2025-11-18,2025-11-18,BROKER PAYOUT,189580,LED-000056
2025-11-29,2025-12-01,UPI,-188680,LED-000057
2025-11-28,2025-11-29,IMPS,-87792,LED-000058
2025-11-21,2025-11-21,IMPS,144772,LED-000059
2025-11-19,2025-11-20,IMPS,-62778,LED-000060
2025-11-22,2025-11-23,ATM WDL,4546,LED-000061
2025-11-27,,IMPS,-175856,LED-000062
2025-12-01,2025-12-03,BROKER PAYOUT,-74503,LED-000063
2025-11-21,2025-11-23,ATM WDL,-183187,LED-000064
2025-11-25,2025-11-26,UPI,-141598,LED-000065
2025-11-27,2025-11-29,UPI,-162282,LED-000066
2025-11-25,2025-11-27,ATM WDL,-122465,LED-000067
2025-11-25,2025-11-26,ATM WDL,-128455,LED-000068
2025-11-20,2025-11-21,BROKER PAYOUT,-160395,LED-000069
2025-11-25,2025-11-25,ATM WDL,-7830,LED-000070
2025-11-17,2025-11-17,ATM WDL,-67578,LED-000071
2025-11-27,,AUTO SWEEP,3344,LED-000072
2025-11-17,2025-11-18,,-69127,LED-000073
2025-12-01,2025-12-01,AUTO SWEEP,7803,LED-000074
2025-11-27,2025-11-27,ATM WDL,-3374,LED-000075
2025-12-01,2025-12-03,BROKER PAYIN,-98926,LED-000076
2025-11-27,2025-11-27,UPI,-137340,LED-000077
2025-11-19,2025-11-19,AUTO SWEEP,141773,LED-000078
2025-11-21,2025-11-23,ATM WDL,-24889,LED-000079
2025-11-26,2025-11-28,IMPS,-132565,LED-000080
2025-12-01,2025-12-02,UPI,-182161,LED-000081
2025-11-23,2025-11-23,BROKER PAYOUT,190254,LED-000082
2025-11-27,2025-11-29,UPI,-74705,LED-000083
2025-11-23,2025-11-23,AUTO SWEEP,-8723,LED-000084
2025-11-24,2025-11-26,BROKER PAYOUT,193638,LED-000085
2025-11-22,2025-11-23,UPI,120040,LED-000086
2025-11-30,,,-147439,LED-000087
2025-11-21,2025-11-22,BROKER PAYOUT,114948,LED-000088
2025-11-19,2025-11-21,UPI,63657,LED-000089
2025-12-01,2025-12-01,BROKER PAYOUT,189911,LED-000090
2025-11-26,2025-11-28,IMPS,-41830,LED-000091
2025-11-30,2025-11-30,IMPS,198067,LED-000092
2025-11-26,2025-11-27,BROKER PAYOUT,107425,LED-000093
2025-11-21,2025-11-22,BROKER PAYIN,68549,LED-000094
2025-11-27,2025-11-28,AUTO SWEEP,99523,LED-000095
2025-11-20,2025-11-20,BROKER PAYOUT,-57152,LED-000096
2025-11-19,2025-11-19,AUTO SWEEP,167527,LED-000097
2025-11-28,2025-11-28,BROKER PAYOUT,-42789,LED-000098
2025-11-25,,ATM WDL,-54921,LED-000099
2025-11-24,2025-11-25,,138963,LED-000100
2025-12-01,2025-12-01,UPI,-55150,LED-000101
2025-11-23,2025-11-25,,-126721,LED-000102
2025-11-25,2025-11-26,ATM WDL,122239,LED-000103
2025-11-27,2025-11-27,SUSPICIOUS BULK WITHDRAWAL,-1744435,LED-000104
2025-11-19,2025-11-19,BROKER PAYIN,-43565,LED-000105
2025-11-26,2025-11-28,IMPS,184219,LED-000106
2025-11-25,2025-11-25,SUSPICIOUS BULK WITHDRAWAL,-718921,LED-000107
2025-11-19,2025-11-19,ATM WDL,-173809,LED-000108
2025-11-24,2025-11-24,AUTO SWEEP,-67997,LED-000109
2025-11-18,,UPI,-14653,LED-000110
2025-11-29,2025-11-29,IMPS,177877,LED-000111
2025-11-23,2025-11-23,BROKER PAYOUT,-92868,LED-000112
2025-11-19,2025-11-19,ATM WDL,93311,LED-000113
2025-11-22,,BROKER PAYOUT,101481,LED-000114
2025-11-26,2025-11-26,BROKER PAYOUT,172090,LED-000115
2025-11-19,2025-11-19,UPI,-169073,LED-000116
2025-11-25,2025-11-25,BROKER PAYOUT,151477,LED-000117
2025-11-29,2025-11-29,SUSPICIOUS BULK WITHDRAWAL,-1723427,LED-000118
2025-11-25,2025-11-27,ATM WDL,61663,LED-000119
2025-11-22,2025-11-24,BROKER PAYIN,-171308,LED-000120
2025-11-30,2025-12-01,BROKER PAYIN,-134667,LED-000121
2025-11-18,2025-11-18,BROKER PAYOUT,195544,LED-000122
2025-11-18,2025-11-20,,163254,LED-000123
2025-11-21,2025-11-21,IMPS,-175531,LED-000124
2025-11-18,2025-11-19,IMPS,-192270,LED-000125
2025-11-26,2025-11-28,BROKER PAYOUT,-143772,LED-000126
2025-12-01,2025-12-01,UPI,-118232,LED-000127
2025-11-30,,AUTO SWEEP,-54172,LED-000128
2025-11-25,2025-11-25,IMPS,120134,LED-000129
2025-11-22,2025-11-24,BROKER PAYOUT,-51068,LED-000130
2025-11-30,2025-12-02,IMPS,52604,LED-000131
2025-11-18,,BROKER PAYIN,89856,LED-000132
2025-11-27,,UPI,174817,LED-000133
2025-11-24,2025-11-24,IMPS,153555,LED-000134
2025-12-01,2025-12-01,AUTO SWEEP,180009,LED-000135
2025-11-19,2025-11-20,ATM WDL,-59238,LED-000136
2025-11-25,,UPI,67026,LED-000137
2025-11-25,2025-11-25,IMPS,-154730,LED-000138
2025-12-01,2025-12-01,ATM WDL,-35706,LED-000139
2025-11-23,2025-11-25,UPI,9199,LED-000140
2025-11-27,2025-11-28,AUTO SWEEP,19819,LED-000141
2025-11-22,2025-11-22,UPI,-88033,LED-000142
2025-11-19,2025-11-19,BROKER PAYIN,15571,LED-000143
2025-11-19,2025-11-19,AUTO SWEEP,-46140,LED-000144
2025-11-20,2025-11-20,ATM WDL,27352,LED-000145
2025-11-30,2025-11-30,UPI,161489,LED-000146
2025-11-20,2025-11-21,UPI,43635,LED-000147
2025-11-27,2025-11-29,BROKER PAYIN,-174598,LED-000148
2025-12-01,2025-12-03,UPI,-135,LED-000149
2025-11-30,2025-11-30,ATM WDL,16701,LED-000150
2025-11-17,2025-11-18,UPI,-186990,LED-000151
2025-11-18,2025-11-19,BROKER PAYIN,-61614,LED-000152
2025-11-29,2025-12-01,BROKER PAYIN,-114129,LED-000153
2025-11-27,,BROKER PAYIN,-139672,LED-000154
2025-11-21,2025-11-23,AUTO SWEEP,-187342,LED-000155
2025-11-23,2025-11-24,ATM WDL,-106220,LED-000156
2025-11-25,2025-11-27,ATM WDL,-149307,LED-000157
2025-11-22,2025-11-22,AUTO SWEEP,-100581,LED-000158
2025-11-17,2025-11-18,ATM WDL,-170750,LED-000159
2025-12-01,,AUTO SWEEP,116621,LED-000160
2025-11-23,2025-11-25,ATM WDL,-157515,LED-000161
2025-11-18,2025-11-19,BROKER PAYOUT,-110621,LED-000162
2025-11-17,2025-11-19,BROKER PAYOUT,-130850,LED-000163
2025-12-01,2025-12-03,IMPS,7673,LED-000164
2025-11-24,2025-11-25,BROKER PAYOUT,-91492,LED-000165
2025-11-26,2025-11-26,ATM WDL,3855,LED-000166
2025-11-20,,IMPS,-117888,LED-000167
2025-11-19,2025-11-19,ATM WDL,-165597,LED-000168
2025-11-20,,AUTO SWEEP,127720,LED-000169
2025-11-24,2025-11-26,AUTO SWEEP,-119165,LED-000170
2025-11-24,2025-11-26,BROKER PAYOUT,101824,LED-000171
2025-11-17,2025-11-17,AUTO SWEEP,196048,LED-000172
2025-11-29,,ATM WDL,-142851,LED-000173
2025-11-21,,UPI,189094,LED-000174
2025-11-27,2025-11-29,BROKER PAYIN,-69360,LED-000175
2025-11-22,2025-11-23,ATM WDL,-164627,LED-000176
2025-11-25,2025-11-26,IMPS,-116159,LED-000177
2025-11-21,,,17652,LED-000178
2025-11-28,2025-11-30,UPI,46884,LED-000179
2025-11-28,2025-11-29,IMPS,-56279,LED-000180
2025-11-17,2025-11-19,UPI,-117846,LED-000181
2025-11-28,2025-11-30,BROKER PAYOUT,908,LED-000182
2025-11-21,2025-11-21,UPI,-172178,LED-000183
2025-11-30,2025-12-01,IMPS,-18285,LED-000184
2025-11-25,2025-11-25,BROKER PAYIN,135310,LED-000185
2025-11-19,2025-11-20,ATM WDL,159509,LED-000186
2025-12-01,2025-12-01,IMPS,67747,LED-000187
2025-11-30,2025-11-30,BROKER PAYIN,-176059,LED-000188
2025-12-01,2025-12-03,BROKER PAYOUT,-19389,LED-000189
2025-11-19,2025-11-20,BROKER PAYIN,-69318,LED-000190
2025-11-21,2025-11-21,BROKER PAYOUT,-25317,LED-000191
2025-12-01,2025-12-01,ATM WDL,164928,LED-000192
2025-11-24,2025-11-26,BROKER PAYOUT,-14754,LED-000193
2025-12-01,2025-12-02,UPI,-92884,LED-000194
2025-11-28,,ATM WDL,16614,LED-000195
2025-11-22,,BROKER PAYOUT,-41148,LED-000196
2025-11-29,2025-12-01,IMPS,-197717,LED-000197
2025-11-20,2025-11-20,ATM WDL,-100556,LED-000198
2025-12-01,2025-12-03,AUTO SWEEP,140077,LED-000199
2025-11-27,2025-11-29,BROKER PAYIN,68975,LED-000200
2025-11-23,2025-11-23,AUTO SWEEP,-152029,LED-000201
2025-11-25,2025-11-27,UPI,103615,LED-000202
2025-12-01,2025-12-02,ATM WDL,98357,LED-000203
2025-11-21,2025-11-21,BROKER PAYIN,-43951,LED-000204
2025-11-28,,BROKER PAYIN,-163666,LED-000205
2025-11-27,2025-11-29,BROKER PAYOUT,-92221,LED-000206
2025-11-21,2025-11-22,AUTO SWEEP,34490,LED-000207
2025-11-25,2025-11-27,BROKER PAYOUT,-199012,LED-000208
2025-11-26,2025-11-27,BROKER PAYOUT,-191681,LED-000209
2025-11-24,2025-11-25,AUTO SWEEP,-32768,LED-000210
2025-11-17,2025-11-18,IMPS,-144812,LED-000211
2025-11-20,2025-11-20,,107756,LED-000212
2025-11-18,2025-11-20,ATM WDL,136314,LED-000213
2025-11-18,2025-11-19,AUTO SWEEP,20743,LED-000214
2025-11-27,2025-11-29,IMPS,148830,LED-000215
2025-11-23,2025-11-25,AUTO SWEEP,-81006,LED-000216
2025-11-25,2025-11-26,BROKER PAYOUT,51289,LED-000217
2025-11-17,,IMPS,-21684,LED-000218
2025-11-26,2025-11-26,ATM WDL,-169658,LED-000219
2025-11-17,,BROKER PAYOUT,48377,LED-000220
2025-11-18,2025-11-18,ATM WDL,-23555,LED-000221
2025-11-18,2025-11-18,IMPS,-30372,LED-000222
2025-11-30,2025-11-30,IMPS,95214,LED-000223
2025-11-26,2025-11-26,UPI,-174662,LED-000224
2025-11-28,2025-11-28,,-22635,LED-000225
2025-11-18,2025-11-20,BROKER PAYOUT,89319,LED-000226
2025-11-25,2025-11-25,AUTO SWEEP,184974,LED-000227
2025-11-22,2025-11-22,BROKER PAYOUT,-118273,LED-000228
2025-11-19,2025-11-21,BROKER PAYIN,-188572,LED-000229
2025-11-23,,UPI,-18010,LED-000230
2025-11-22,2025-11-23,AUTO SWEEP,-31489,LED-000231
2025-11-23,2025-11-23,AUTO SWEEP,-152751,LED-000232
2025-12-01,2025-12-03,ATM WDL,197074,LED-000233
2025-11-21,2025-11-21,IMPS,157958,LED-000234
2025-11-18,2025-11-19,BROKER PAYIN,15119,LED-000235
2025-11-23,2025-11-23,BROKER PAYOUT,-45691,LED-000236
2025-11-19,2025-11-20,UPI,-13481,LED-000237
2025-11-25,2025-11-27,SUSPICIOUS BULK WITHDRAWAL,-1278863,LED-000238
2025-11-22,2025-11-24,AUTO SWEEP,-6275,LED-000239
2025-11-24,2025-11-24,AUTO SWEEP,-94124,LED-000240
2025-11-27,2025-11-27,AUTO SWEEP,77412,LED-000241
2025-11-28,2025-11-28,ATM WDL,-5076,LED-000242
2025-11-24,2025-11-26,AUTO SWEEP,-86347,LED-000243
2025-11-17,2025-11-18,BROKER PAYIN,-72036,LED-000244
2025-11-21,2025-11-21,IMPS,74614,LED-000245
2025-11-21,2025-11-23,IMPS,-125037,LED-000246
2025-11-26,2025-11-28,AUTO SWEEP,98107,LED-000247
2025-11-28,2025-11-30,UPI,-120448,LED-000248
2025-11-23,2025-11-23,BROKER PAYOUT,76664,LED-000249
2025-11-20,2025-11-22,,-184646,LED-000250
2025-11-26,2025-11-27,IMPS,-77567,LED-000251
2025-11-28,2025-11-29,ATM WDL,-170825,LED-000252
2025-11-22,,ATM WDL,-59919,LED-000253
2025-11-30,2025-12-01,BROKER PAYIN,-62091,LED-000254
2025-11-25,2025-11-26,ATM WDL,-108728,LED-000255
2025-11-26,2025-11-26,BROKER PAYIN,-38321,LED-000256
2025-11-18,2025-11-19,BROKER PAYOUT,-192351,LED-000257
2025-11-20,2025-11-20,AUTO SWEEP,5486,LED-000258
2025-12-01,2025-12-01,BROKER PAYIN,-184078,LED-000259
2025-11-25,,ATM WDL,25511,LED-000260
2025-11-20,2025-11-21,IMPS,94091,LED-000261
2025-11-20,2025-11-21,BROKER PAYOUT,181500,LED-000262
2025-11-24,2025-11-25,IMPS,178438,LED-000263
2025-11-21,2025-11-22,ATM WDL,180306,LED-000264
2025-11-21,2025-11-23,IMPS,68962,LED-000265
2025-11-18,2025-11-20,AUTO SWEEP,178721,LED-000266
2025-11-22,2025-11-22,,-64344,LED-000267
2025-12-01,2025-12-03,IMPS,187446,LED-000268
2025-11-30,2025-11-30,BROKER PAYIN,-150714,LED-000269
2025-12-01,,BROKER PAYIN,-191095,LED-000270
2025-11-20,2025-11-20,UPI,81525,LED-000271
2025-11-26,,BROKER PAYIN,68962,LED-000272
2025-11-28,2025-11-28,IMPS,11394,LED-000273
2025-11-26,2025-11-26,BROKER PAYOUT,-29942,LED-000274
2025-11-27,2025-11-28,AUTO SWEEP,-122917,LED-000275
2025-11-28,2025-11-29,UPI,-74403,LED-000276
2025-11-24,2025-11-26,UPI,64827,LED-000277
2025-11-29,2025-12-01,BROKER PAYIN,177730,LED-000278
2025-11-29,2025-11-30,UPI,-75635,LED-000279
2025-11-18,2025-11-18,UPI,-51801,LED-000280
2025-11-21,2025-11-22,AUTO SWEEP,-159658,LED-000281
2025-11-27,,BROKER PAYOUT,140366,LED-000282
2025-11-20,,BROKER PAYOUT,108361,LED-000283
2025-11-26,2025-11-26,BROKER PAYIN,-157763,LED-000284
2025-11-19,2025-11-19,UPI,-116572,LED-000285
2025-11-23,2025-11-24,UPI,-184989,LED-000286
2025-11-24,2025-11-24,BROKER PAYIN,-127749,LED-000287
2025-11-20,2025-11-21,BROKER PAYIN,40459,LED-000288
2025-11-17,2025-11-19,IMPS,-160454,LED-000289
2025-11-21,2025-11-22,UPI,66095,LED-000290
2025-11-19,2025-11-21,UPI,27406,LED-000291
2025-11-17,2025-11-19,UPI,164479,LED-000292
2025-11-25,2025-11-25,BROKER PAYOUT,-107345,LED-000293
2025-11-23,2025-11-25,UPI,164921,LED-000294
2025-11-24,2025-11-26,BROKER PAYOUT,-131012,LED-000295
2025-11-17,2025-11-17,UPI,39673,LED-000296
2025-11-22,2025-11-24,IMPS,45476,LED-000297
2025-11-25,2025-11-25,SUSPICIOUS BULK WITHDRAWAL,-1899830,LED-000298
2025-11-30,2025-11-30,AUTO SWEEP,73739,LED-000299
2025-11-24,2025-11-25,BROKER PAYOUT,-24820,LED-000300
2025-11-27,2025-11-29,IMPS,-10120,LED-000301
2025-11-25,2025-11-27,UPI,-133646,LED-000302
2025-11-25,2025-11-25,ATM WDL,-166353,LED-000303
2025-11-17,2025-11-19,BROKER PAYIN,36963,LED-000304
2025-11-18,2025-11-20,,113294,LED-000305
2025-11-27,2025-11-27,UPI,58451,LED-000306
2025-11-30,2025-12-01,BROKER PAYIN,-16654,LED-000307
2025-11-30,2025-12-02,UPI,-17189,LED-000308
2025-11-27,2025-11-29,ATM WDL,-101395,LED-000309
2025-11-30,2025-11-30,BROKER PAYIN,28006,LED-000310
2025-11-22,2025-11-22,SUSPICIOUS BULK WITHDRAWAL,-756173,LED-000311
2025-11-24,2025-11-26,BROKER PAYIN,-174815,LED-000312
2025-11-23,2025-11-23,AUTO SWEEP,-97643,LED-000313
2025-11-24,,UPI,161433,LED-000314
2025-11-28,2025-11-28,BROKER PAYIN,28480,LED-000315
2025-11-24,2025-11-26,AUTO SWEEP,-184983,LED-000316
2025-11-18,,IMPS,178916,LED-000317
2025-11-23,2025-11-25,UPI,-9523,LED-000318
2025-11-22,2025-11-24,UPI,-56039,LED-000319
2025-12-01,2025-12-03,BROKER PAYOUT,-194947,LED-000320
2025-11-17,2025-11-18,AUTO SWEEP,-17163,LED-000321
2025-12-01,2025-12-01,,27087,LED-000322
2025-11-28,,UPI,3582,LED-000323
2025-11-28,,BROKER PAYIN,-35184,LED-000324
2025-11-24,2025-11-25,BROKER PAYOUT,16979,LED-000325
2025-11-26,2025-11-27,ATM WDL,95185,LED-000326
2025-11-27,,BROKER PAYIN,-8108,LED-000327
2025-11-24,2025-11-24,AUTO SWEEP,58577,LED-000328
2025-11-22,,UPI,185597,LED-000329
2025-11-22,2025-11-23,SUSPICIOUS BULK WITHDRAWAL,-1999301,LED-000330
2025-11-29,2025-11-30,UPI,-22186,LED-000331
2025-11-17,2025-11-19,ATM WDL,34251,LED-000332
2025-11-26,2025-11-27,UPI,-23555,LED-000333
2025-11-18,2025-11-20,BROKER PAYIN,135422,LED-000334
2025-11-27,2025-11-28,IMPS,-135295,LED-000335
2025-11-26,2025-11-27,BROKER PAYOUT,-193242,LED-000336
2025-11-29,2025-11-29,ATM WDL,-93640,LED-000337
2025-11-25,,UPI,124371,LED-000338
2025-12-01,2025-12-02,BROKER PAYIN,-112342,LED-000339
2025-11-26,2025-11-27,UPI,-122743,LED-000340
2025-11-24,2025-11-26,BROKER PAYIN,-97690,LED-000341
2025-11-26,2025-11-26,BROKER PAYIN,-11006,LED-000342
2025-11-21,2025-11-22,UPI,-125174,LED-000343
2025-11-23,2025-11-23,AUTO SWEEP,-19517,LED-000344
2025-11-18,2025-11-20,BROKER PAYIN,98424,LED-000345
2025-11-24,2025-11-24,ATM WDL,-25107,LED-000346
2025-11-30,2025-11-30,AUTO SWEEP,141667,LED-000347
2025-11-20,,AUTO SWEEP,130617,LED-000348
2025-11-20,2025-11-20,UPI,36426,LED-000349
2025-11-29,2025-11-30,AUTO SWEEP,141293,LED-000350
2025-11-28,2025-11-28,AUTO SWEEP,-168446,LED-000351
2025-11-24,2025-11-26,UPI,-195223,LED-000352
2025-11-25,2025-11-27,AUTO SWEEP,144480,LED-000353
2025-11-30,2025-12-01,BROKER PAYIN,143184,LED-000354
2025-11-25,2025-11-26,AUTO SWEEP,160396,LED-000355
2025-11-21,2025-11-22,BROKER PAYIN,5610,LED-000356
2025-11-28,2025-11-29,UPI,32587,LED-000357
2025-11-21,2025-11-21,AUTO SWEEP,-184646,LED-000358
2025-11-24,2025-11-26,IMPS,-6951,LED-000359
2025-11-30,2025-12-01,IMPS,-132774,LED-000360
2025-11-18,2025-11-18,BROKER PAYIN,168337,LED-000361
2025-11-27,2025-11-28,ATM WDL,-49153,LED-000362
2025-11-20,2025-11-21,ATM WDL,159098,LED-000363
2025-11-24,2025-11-26,BROKER PAYOUT,-154243,LED-000364
2025-11-28,2025-11-30,AUTO SWEEP,131034,LED-000365
2025-11-28,2025-11-29,UPI,-188593,LED-000366
2025-11-26,2025-11-28,ATM WDL,20516,LED-000367
2025-11-30,,UPI,149416,LED-000368
2025-11-17,2025-11-18,AUTO SWEEP,195936,LED-000369
2025-11-24,2025-11-26,BROKER PAYOUT,8256,LED-000370
2025-11-25,2025-11-27,IMPS,-181737,LED-000371
2025-11-24,2025-11-25,UPI,-23035,LED-000372
2025-11-29,2025-12-01,BROKER PAYIN,-92818,LED-000373
2025-11-27,2025-11-28,BROKER PAYIN,-128847,LED-000374
2025-11-23,,UPI,-62664,LED-000375
2025-11-30,2025-11-30,IMPS,67219,LED-000376
2025-11-30,2025-12-02,UPI,52115,LED-000377
2025-11-26,2025-11-26,BROKER PAYIN,-66260,LED-000378
2025-11-21,2025-11-23,IMPS,156059,LED-000379
2025-11-23,,BROKER PAYOUT,-107076,LED-000380
2025-11-17,2025-11-17,UPI,133655,LED-000381
2025-12-01,2025-12-02,BROKER PAYIN,89846,LED-000382
2025-11-30,2025-11-30,BROKER PAYIN,-186280,LED-000383
2025-11-19,2025-11-19,IMPS,-171227,LED-000384
2025-12-01,2025-12-01,BROKER PAYOUT,-34601,LED-000385
2025-11-29,2025-11-30,AUTO SWEEP,-97786,LED-000386
2025-11-26,2025-11-28,IMPS,29805,LED-000387
2025-11-21,2025-11-21,ATM WDL,2682,LED-000388
2025-11-27,2025-11-28,UPI,-71169,LED-000389
2025-11-30,,BROKER PAYOUT,-59430,LED-000390
2025-11-17,2025-11-18,UPI,-87683,LED-000391
2025-11-20,,ATM WDL,-51900,LED-000392
2025-11-25,2025-11-25,BROKER PAYIN,153284,LED-000393
2025-11-20,2025-11-22,AUTO SWEEP,82291,LED-000394
2025-11-29,2025-12-01,ATM WDL,156753,LED-000395
2025-12-01,2025-12-02,UPI,-30110,LED-000396
2025-11-23,2025-11-25,,-10135,LED-000397
2025-11-30,2025-12-02,BROKER PAYOUT,158907,LED-000398
2025-11-30,2025-11-30,IMPS,15562,LED-000399
2025-11-19,2025-11-19,BROKER PAYOUT,31804,LED-000400
2025-11-28,2025-11-28,IMPS,79823,LED-000401
2025-11-30,2025-12-01,ATM WDL,143819,LED-000402
2025-11-24,2025-11-25,BROKER PAYOUT,75376,LED-000403
2025-11-28,2025-11-29,IMPS,35460,LED-000404
2025-11-23,2025-11-24,UPI,20150,LED-000405
2025-11-24,2025-11-24,BROKER PAYOUT,-85788,LED-000406
2025-11-27,2025-11-28,IMPS,33315,LED-000407
2025-12-01,2025-12-01,ATM WDL,163398,LED-000408
2025-11-25,2025-11-26,UPI,-132881,LED-000409
2025-11-17,2025-11-17,BROKER PAYOUT,-174109,LED-000410
2025-11-28,2025-11-29,IMPS,-79568,LED-000411
2025-11-20,2025-11-21,AUTO SWEEP,-187650,LED-000412
2025-11-23,2025-11-25,AUTO SWEEP,132174,LED-000413
2025-11-23,,UPI,-48887,LED-000414
2025-11-24,,IMPS,-197294,LED-000415
2025-11-18,2025-11-20,BROKER PAYOUT,-172451,LED-000416
2025-11-25,2025-11-25,IMPS,-126410,LED-000417
2025-11-28,2025-11-29,BROKER PAYOUT,163597,LED-000418
2025-11-22,2025-11-22,UPI,81579,LED-000419
2025-11-26,2025-11-27,BROKER PAYIN,11375,LED-000420
2025-11-20,2025-11-22,ATM WDL,161877,LED-000421
2025-11-25,2025-11-25,ATM WDL,138937,LED-000422
2025-11-28,2025-11-30,UPI,-91585,LED-000423
2025-11-17,2025-11-19,IMPS,127281,LED-000424
2025-11-19,2025-11-19,,152346,LED-000425
2025-11-22,,AUTO SWEEP,99098,LED-000426
2025-11-19,2025-11-20,AUTO SWEEP,-110918,LED-000427
2025-11-27,2025-11-27,BROKER PAYIN,-119437,LED-000428
2025-11-19,2025-11-21,BROKER PAYIN,-50617,LED-000429
2025-12-01,2025-12-02,ATM WDL,-145254,LED-000430
2025-11-18,2025-11-18,UPI,-28864,LED-000431
2025-11-18,2025-11-18,SUSPICIOUS BULK WITHDRAWAL,-1027645,LED-000432
2025-11-18,2025-11-19,BROKER PAYIN,-138211,LED-000433
2025-11-30,2025-12-02,BROKER PAYIN,-97408,LED-000434
2025-11-24,2025-11-24,BROKER PAYOUT,-24478,LED-000435
2025-11-27,2025-11-27,BROKER PAYOUT,-194204,LED-000436
2025-11-22,2025-11-23,BROKER PAYOUT,10208,LED-000437
2025-11-18,2025-11-20,AUTO SWEEP,-36271,LED-000438
2025-11-25,2025-11-25,UPI,-47994,LED-000439
2025-11-17,,UPI,-86441,LED-000440
2025-11-28,2025-11-30,UPI,90184,LED-000441
2025-11-28,2025-11-28,IMPS,152269,LED-000442
2025-11-20,,BROKER PAYIN,32979,LED-000443
2025-11-25,2025-11-26,SUSPICIOUS BULK WITHDRAWAL,-1317328,LED-000444
2025-11-26,2025-11-27,AUTO SWEEP,96094,LED-000445
2025-11-30,2025-11-30,ATM WDL,84027,LED-000446
2025-11-26,2025-11-28,SUSPICIOUS BULK WITHDRAWAL,-631909,LED-000447
2025-11-27,2025-11-28,SUSPICIOUS BULK WITHDRAWAL,-1990283,LED-000448
2025-11-24,2025-11-24,UPI,-28640,LED-000449
2025-11-30,2025-12-02,AUTO SWEEP,-133298,LED-000450
2025-11-27,2025-11-27,ATM WDL,115798,LED-000451
2025-11-19,2025-11-19,UPI,53230,LED-000452
2025-11-19,2025-11-21,IMPS,-128208,LED-000453
2025-11-18,2025-11-20,AUTO SWEEP,111011,LED-000454
2025-12-01,2025-12-03,UPI,-10777,LED-000455
2025-11-22,2025-11-22,ATM WDL,48358,LED-000456
2025-11-24,2025-11-26,UPI,25314,LED-000457
2025-11-28,2025-11-30,BROKER PAYIN,85613,LED-000458
2025-11-21,2025-11-21,BROKER PAYIN,23291,LED-000459
2025-11-22,2025-11-23,BROKER PAYOUT,-185277,LED-000460
2025-11-30,,SUSPICIOUS BULK WITHDRAWAL,-1171145,LED-000461
2025-11-17,2025-11-18,ATM WDL,112129,LED-000462
2025-11-22,2025-11-22,ATM WDL,19933,LED-000463
2025-11-27,2025-11-29,BROKER PAYIN,-54076,LED-000464
2025-11-21,2025-11-22,AUTO SWEEP,194540,LED-000465
2025-11-17,2025-11-17,ATM WDL,167502,LED-000466
2025-11-20,2025-11-22,ATM WDL,60070,LED-000467
2025-11-30,2025-12-01,BROKER PAYIN,133007,LED-000468
2025-11-28,2025-11-30,UPI,-55947,LED-000469
2025-12-01,2025-12-01,AUTO SWEEP,85043,LED-000470
2025-11-24,2025-11-26,BROKER PAYIN,-17131,LED-000471
2025-11-22,2025-11-24,AUTO SWEEP,-84085,LED-000472
2025-11-20,2025-11-21,BROKER PAYOUT,-197683,LED-000473
2025-11-19,2025-11-21,UPI,130723,LED-000474
2025-11-17,2025-11-18,BROKER PAYIN,195444,LED-000475
2025-11-27,2025-11-29,BROKER PAYOUT,-81485,LED-000476
2025-11-21,2025-11-23,UPI,164644,LED-000477
2025-11-17,2025-11-19,IMPS,55836,LED-000478
2025-11-24,2025-11-24,BROKER PAYOUT,-122958,LED-000479
2025-11-28,2025-11-30,AUTO SWEEP,193893,LED-000480
2025-11-21,2025-11-23,IMPS,-171188,LED-000481
2025-12-01,2025-12-01,IMPS,90374,LED-000482
2025-11-20,2025-11-22,UPI,87970,LED-000483
2025-11-25,2025-11-25,UPI,-135307,LED-000484
2025-11-28,2025-11-30,IMPS,-138155,LED-000485
2025-11-29,2025-12-01,BROKER PAYIN,149775,LED-000486
2025-11-30,2025-11-30,AUTO SWEEP,97516,LED-000487
2025-11-18,2025-11-19,IMPS,-194265,LED-000488
2025-11-24,2025-11-24,BROKER PAYOUT,-131354,LED-000489
2025-11-29,2025-11-30,AUTO SWEEP,118014,LED-000490
2025-11-20,2025-11-20,AUTO SWEEP,-22226,LED-000491
2025-11-20,2025-11-21,BROKER PAYOUT,-175711,LED-000492
2025-11-23,2025-11-24,BROKER PAYIN,17534,LED-000493
2025-11-25,2025-11-25,IMPS,-73922,LED-000494
2025-11-27,2025-11-29,IMPS,-193936,LED-000495
2025-11-30,2025-12-01,UPI,69919,LED-000496
2025-11-30,2025-11-30,ATM WDL,17233,LED-000497
2025-11-19,2025-11-19,IMPS,-157111,LED-000498
2025-11-21,2025-11-23,BROKER PAYIN,68761,LED-000499
2025-11-26,2025-11-28,BROKER PAYOUT,62046,LED-000500
2025-11-23,2025-11-24,BROKER PAYIN,-56504,LED-000501
2025-11-18,2025-11-19,IMPS,-181857,LED-000502
2025-11-19,2025-11-21,BROKER PAYOUT,71074,LED-000503
2025-11-22,2025-11-23,BROKER PAYIN,27316,LED-000504
2025-11-19,2025-11-20,UPI,-63062,LED-000505
2025-11-19,2025-11-21,IMPS,129152,LED-000506
2025-11-22,,AUTO SWEEP,94873,LED-000507
2025-11-20,2025-11-20,UPI,-129812,LED-000508
2025-11-22,,UPI,-126116,LED-000509
2025-11-29,2025-11-29,ATM WDL,-64519,LED-000510
2025-11-20,2025-11-22,UPI,100608,LED-000511
2025-11-22,,ATM WDL,-130465,LED-000512
2025-12-01,2025-12-03,UPI,150859,LED-000513
2025-11-17,,,80258,LED-000514
2025-11-21,2025-11-23,IMPS,27495,LED-000515
2025-11-18,2025-11-20,IMPS,123516,LED-000516
2025-11-17,,ATM WDL,-145140,LED-000517
2025-11-18,2025-11-19,UPI,10676,LED-000518
2025-11-29,2025-11-30,BROKER PAYIN,-36278,LED-000519
2025-11-20,2025-11-20,AUTO SWEEP,-22450,LED-000520
2025-11-21,2025-11-21,UPI,-163944,LED-000521
2025-11-25,2025-11-27,UPI,38386,LED-000522
2025-11-28,2025-11-30,UPI,185371,LED-000523
2025-11-25,2025-11-25,BROKER PAYOUT,-50962,LED-000524
2025-12-01,2025-12-03,SUSPICIOUS BULK WITHDRAWAL,-1366389,LED-000525
2025-11-29,2025-11-29,BROKER PAYOUT,-19537,LED-000526
2025-11-17,2025-11-19,BROKER PAYOUT,-23951,LED-000527
2025-11-25,2025-11-25,BROKER PAYIN,-133329,LED-000528
2025-11-17,2025-11-17,IMPS,112259,LED-000529
2025-11-26,2025-11-27,BROKER PAYIN,-60635,LED-000530
2025-11-19,2025-11-20,ATM WDL,51456,LED-000531
2025-11-25,2025-11-25,BROKER PAYOUT,75278,LED-000532
2025-11-22,2025-11-23,IMPS,87490,LED-000533
2025-11-28,,BROKER PAYOUT,4647,LED-000534
2025-11-20,2025-11-22,BROKER PAYIN,-90131,LED-000535
2025-11-21,2025-11-21,ATM WDL,57580,LED-000536
2025-11-28,2025-11-30,BROKER PAYOUT,110239,LED-000537
2025-11-18,2025-11-20,AUTO SWEEP,-94338,LED-000538
2025-11-24,2025-11-26,ATM WDL,-124841,LED-000539
2025-11-23,2025-11-25,UPI,-16000,LED-000540
2025-11-25,2025-11-25,ATM WDL,-151018,LED-000541
2025-11-20,2025-11-21,AUTO SWEEP,-4763,LED-000542
2025-11-24,2025-11-26,AUTO SWEEP,-190327,LED-000543
2025-11-19,2025-11-21,BROKER PAYOUT,94836,LED-000544
2025-11-26,2025-11-28,UPI,-126793,LED-000545
2025-11-19,2025-11-20,BROKER PAYIN,-21174,LED-000546
2025-11-27,,ATM WDL,-144854,LED-000547
2025-11-24,2025-11-26,ATM WDL,160747,LED-000548
2025-11-26,,UPI,32560,LED-000549
2025-11-18,,AUTO SWEEP,-87931,LED-000550
2025-11-23,2025-11-23,SUSPICIOUS BULK WITHDRAWAL,-959622,LED-000551
2025-12-01,2025-12-01,ATM WDL,8942,LED-000552
2025-11-29,2025-11-30,BROKER PAYIN,83134,LED-000553
2025-11-18,2025-11-18,BROKER PAYOUT,-135033,LED-000554
2025-11-28,2025-11-28,BROKER PAYIN,-59998,LED-000555
2025-11-30,,AUTO SWEEP,-50344,LED-000556
2025-12-01,2025-12-03,UPI,-120927,LED-000557
2025-11-20,2025-11-22,UPI,139290,LED-000558
2025-11-20,2025-11-22,ATM WDL,-97308,LED-000559
2025-11-21,2025-11-21,IMPS,42090,LED-000560
2025-11-27,2025-11-27,BROKER PAYOUT,165010,LED-000561
2025-11-22,2025-11-23,AUTO SWEEP,-70581,LED-000562
2025-11-19,2025-11-19,IMPS,134776,LED-000563
2025-11-21,2025-11-21,UPI,-17360,LED-000564
2025-12-01,2025-12-03,UPI,-76576,LED-000565
2025-11-19,2025-11-21,IMPS,-162120,LED-000566
2025-11-18,2025-11-19,BROKER PAYIN,131623,LED-000567
2025-11-22,2025-11-23,BROKER PAYIN,197147,LED-000568
2025-12-01,2025-12-01,IMPS,112973,LED-000569
2025-11-20,2025-11-21,UPI,169464,LED-000570
2025-11-22,2025-11-23,IMPS,-26248,LED-000571
2025-11-27,2025-11-27,ATM WDL,-132087,LED-000572
2025-11-27,2025-11-28,ATM WDL,-189136,LED-000573
2025-11-30,2025-12-02,IMPS,-104338,LED-000574
2025-11-28,2025-11-29,UPI,152542,LED-000575
2025-11-23,2025-11-25,,121034,LED-000576
2025-11-25,2025-11-26,BROKER PAYIN,-44128,LED-000577
2025-11-25,2025-11-25,AUTO SWEEP,162270,LED-000578
2025-11-27,2025-11-27,UPI,29899,LED-000579
2025-11-22,2025-11-23,UPI,-69881,LED-000580
2025-11-23,2025-11-25,BROKER PAYIN,16067,LED-000581
2025-11-21,2025-11-22,AUTO SWEEP,-101027,LED-000582
2025-11-29,2025-11-29,IMPS,132646,LED-000583
2025-11-24,2025-11-24,BROKER PAYIN,-48712,LED-000584
2025-11-27,2025-11-28,UPI,-54612,LED-000585
2025-11-23,2025-11-25,BROKER PAYIN,144757,LED-000586
2025-11-24,2025-11-24,AUTO SWEEP,-11519,LED-000587
2025-11-30,2025-11-30,BROKER PAYOUT,-35905,LED-000588
2025-11-17,2025-11-17,,-119686,LED-000589
2025-11-21,,IMPS,-11147,LED-000590
2025-11-27,,BROKER PAYOUT,194905,LED-000591
2025-11-23,2025-11-23,UPI,-86375,LED-000592
2025-11-29,,IMPS,101925,LED-000593
2025-11-19,,UPI,-54811,LED-000594
2025-11-19,2025-11-20,UPI,-54712,LED-000595
2025-11-18,2025-11-18,AUTO SWEEP,159017,LED-000596
2025-12-01,2025-12-03,UPI,-153472,LED-000597
2025-11-30,2025-12-02,UPI,80134,LED-000598
2025-11-19,2025-11-19,AUTO SWEEP,84426,LED-000599
2025-11-29,2025-12-01,BROKER PAYOUT,171190,LED-000600
2025-11-23,2025-11-25,,-32217,LED-000601
2025-11-30,2025-11-30,BROKER PAYIN,-188715,LED-000602
2025-11-27,2025-11-27,ATM WDL,-94258,LED-000603
2025-11-20,2025-11-22,AUTO SWEEP,-117105,LED-000604
2025-12-01,2025-12-01,UPI,187000,LED-000605
2025-11-23,2025-11-23,BROKER PAYOUT,191474,LED-000606
2025-12-01,2025-12-03,BROKER PAYOUT,14023,LED-000607
2025-11-25,2025-11-25,UPI,-135353,LED-000608
2025-11-28,2025-11-30,ATM WDL,-7133,LED-000609
2025-11-23,2025-11-24,ATM WDL,-125792,LED-000610
2025-11-23,2025-11-25,ATM WDL,-170910,LED-000611
2025-11-24,2025-11-25,BROKER PAYOUT,81519,LED-000612
2025-11-30,2025-11-30,IMPS,45429,LED-000613
2025-11-26,2025-11-26,UPI,-88673,LED-000614
2025-12-01,2025-12-02,IMPS,-152452,LED-000615
2025-11-22,2025-11-22,ATM WDL,182854,LED-000616
2025-11-18,2025-11-19,UPI,157646,LED-000617
2025-11-27,,UPI,87991,LED-000618
2025-11-29,2025-11-29,UPI,145314,LED-000619
2025-12-01,2025-12-01,BROKER PAYOUT,-178276,LED-000620
2025-11-20,2025-11-22,BROKER PAYOUT,-9067,LED-000621
2025-11-19,2025-11-19,AUTO SWEEP,76981,LED-000622
2025-11-23,2025-11-24,UPI,-190818,LED-000623
2025-11-22,2025-11-24,IMPS,-74919,LED-000624
2025-11-18,2025-11-19,BROKER PAYIN,-65445,LED-000625
2025-11-30,2025-12-01,BROKER PAYIN,192271,LED-000626
2025-11-19,2025-11-21,IMPS,-172479,LED-000627
2025-11-29,2025-12-01,IMPS,-167753,LED-000628
2025-11-24,2025-11-25,BROKER PAYOUT,-185417,LED-000629
2025-11-25,2025-11-26,BROKER PAYOUT,-28385,LED-000630
2025-11-26,2025-11-26,UPI,182591,LED-000631
2025-11-27,2025-11-27,UPI,188567,LED-000632
2025-11-20,2025-11-20,BROKER PAYIN,-27236,LED-000633
2025-11-23,2025-11-24,BROKER PAYOUT,-195344,LED-000634
2025-12-01,2025-12-02,UPI,-142323,LED-000635
2025-11-30,2025-12-02,UPI,-129465,LED-000636
2025-11-28,2025-11-28,BROKER PAYIN,-42787,LED-000637
2025-11-25,2025-11-27,BROKER PAYIN,19258,LED-000638
2025-11-27,2025-11-28,IMPS,182765,LED-000639
2025-11-27,2025-11-28,AUTO SWEEP,-148356,LED-000640
2025-11-28,2025-11-29,IMPS,-66371,LED-000641
2025-12-01,2025-12-01,IMPS,196991,LED-000642
2025-11-18,2025-11-19,IMPS,173246,LED-000643
2025-11-25,2025-11-26,AUTO SWEEP,88339,LED-000644
2025-12-01,2025-12-03,ATM WDL,-17467,LED-000645
2025-11-30,2025-11-30,UPI,12790,LED-000646
2025-12-01,2025-12-02,UPI,-125836,LED-000647
2025-11-26,2025-11-27,UPI,-37039,LED-000648
2025-11-25,2025-11-25,BROKER PAYIN,-183014,LED-000649
2025-11-20,2025-11-21,IMPS,65025,LED-000650
2025-11-28,2025-11-28,ATM WDL,137974,LED-000651
2025-11-30,2025-11-30,BROKER PAYOUT,-182069,LED-000652
2025-11-18,2025-11-19,AUTO SWEEP,197889,LED-000653
2025-11-26,2025-11-27,IMPS,154149,LED-000654
2025-11-24,2025-11-26,IMPS,-42772,LED-000655
2025-12-01,2025-12-02,IMPS,70350,LED-000656
2025-11-26,2025-11-27,AUTO SWEEP,2568,LED-000657
2025-12-01,2025-12-03,ATM WDL,57821,LED-000658
2025-11-29,2025-12-01,IMPS,102608,LED-000659
2025-11-25,2025-11-27,AUTO SWEEP,-96432,LED-000660
2025-11-23,2025-11-25,AUTO SWEEP,-2095,LED-000661
2025-11-30,2025-12-02,BROKER PAYIN,-61392,LED-000662
2025-11-26,2025-11-27,BROKER PAYOUT,36937,LED-000663
2025-11-29,,ATM WDL,-67580,LED-000664
2025-11-18,2025-11-18,IMPS,-137091,LED-000665
2025-11-29,2025-12-01,ATM WDL,-151441,LED-000666
2025-11-18,2025-11-20,AUTO SWEEP,-192781,LED-000667
2025-12-01,2025-12-01,BROKER PAYOUT,-32187,LED-000668
2025-11-28,2025-11-30,AUTO SWEEP,166856,LED-000669
2025-11-24,2025-11-26,BROKER PAYOUT,187560,LED-000670
2025-11-30,2025-11-30,ATM WDL,9211,LED-000671
2025-11-24,2025-11-26,ATM WDL,-76052,LED-000672
2025-11-23,2025-11-23,UPI,15306,LED-000673
2025-11-21,2025-11-22,BROKER PAYIN,-117625,LED-000674
2025-11-26,2025-11-27,BROKER PAYIN,-89598,LED-000675
2025-12-01,,ATM WDL,-196672,LED-000676
2025-11-23,2025-11-23,BROKER PAYOUT,3200,LED-000677
2025-11-26,2025-11-27,UPI,-133852,LED-000678
2025-11-23,2025-11-24,ATM WDL,136883,LED-000679
2025-11-25,2025-11-25,AUTO SWEEP,162417,LED-000680
2025-12-01,2025-12-01,BROKER PAYOUT,65712,LED-000681
2025-11-30,2025-11-30,BROKER PAYOUT,115049,LED-000682
2025-11-20,2025-11-20,BROKER PAYOUT,-16182,LED-000683
2025-11-19,2025-11-21,BROKER PAYIN,-52190,LED-000684
2025-11-29,2025-12-01,AUTO SWEEP,168088,LED-000685
2025-11-21,2025-11-21,UPI,58610,LED-000686
2025-11-19,,BROKER PAYIN,-32531,LED-000687
2025-11-18,2025-11-18,ATM WDL,-104712,LED-000688
2025-11-23,,BROKER PAYOUT,26330,LED-000689
2025-11-24,,UPI,-153810,LED-000690
2025-11-22,,UPI,-51422,LED-000691
2025-11-20,2025-11-21,AUTO SWEEP,-106071,LED-000692
2025-11-29,2025-12-01,BROKER PAYIN,5464,LED-000693
2025-11-18,2025-11-20,UPI,-88749,LED-000694
2025-11-21,2025-11-22,AUTO SWEEP,121390,LED-000695
2025-11-27,2025-11-29,IMPS,-16763,LED-000696
2025-11-21,2025-11-21,IMPS,-183439,LED-000697
2025-11-30,2025-12-02,BROKER PAYIN,-39119,LED-000698
2025-11-23,2025-11-24,BROKER PAYOUT,-127427,LED-000699
2025-11-30,2025-12-01,AUTO SWEEP,96689,LED-000700
2025-11-23,2025-11-23,BROKER PAYIN,50767,LED-000701
2025-11-27,2025-11-29,IMPS,93610,LED-000702
2025-11-21,2025-11-23,AUTO SWEEP,185440,LED-000703
2025-11-25,2025-11-26,IMPS,-194298,LED-000704
2025-11-19,2025-11-19,AUTO SWEEP,184400,LED-000705
2025-11-17,,BROKER PAYOUT,-111021,LED-000706
2025-11-30,2025-12-02,BROKER PAYOUT,-132477,LED-000707
2025-11-26,2025-11-27,SUSPICIOUS BULK WITHDRAWAL,-937132,LED-000708
2025-12-01,2025-12-01,ATM WDL,-23238,LED-000709
2025-11-28,2025-11-28,ATM WDL,77498,LED-000710
2025-11-23,2025-11-23,AUTO SWEEP,102835,LED-000711
2025-11-28,2025-11-30,UPI,-45978,LED-000712
2025-11-23,2025-11-25,BROKER PAYOUT,125458,LED-000713
2025-11-17,2025-11-19,ATM WDL,30415,LED-000714
2025-11-28,2025-11-30,BROKER PAYOUT,49067,LED-000715
2025-11-21,,AUTO SWEEP,16310,LED-000716
2025-11-25,2025-11-27,ATM WDL,-120972,LED-000717
2025-11-22,2025-11-24,BROKER PAYIN,-138879,LED-000718
2025-11-30,2025-11-30,ATM WDL,-9059,LED-000719
2025-11-27,2025-11-29,IMPS,9478,LED-000720
2025-11-28,,IMPS,-53011,LED-000721
2025-11-23,2025-11-24,UPI,134021,LED-000722
2025-11-28,2025-11-30,BROKER PAYIN,-185421,LED-000723
2025-11-21,2025-11-23,AUTO SWEEP,126573,LED-000724
2025-11-26,2025-11-28,AUTO SWEEP,198952,LED-000725
2025-11-18,2025-11-20,ATM WDL,-180068,LED-000726
2025-11-17,2025-11-18,AUTO SWEEP,161136,LED-000727
2025-11-27,2025-11-27,UPI,-76142,LED-000728
2025-12-01,,BROKER PAYIN,79206,LED-000729
2025-11-18,2025-11-19,BROKER PAYIN,185229,LED-000730
2025-11-25,2025-11-26,SUSPICIOUS BULK WITHDRAWAL,-1051109,LED-000731
2025-11-22,2025-11-22,IMPS,-6602,LED-000732
2025-11-28,2025-11-30,SUSPICIOUS BULK WITHDRAWAL,-1440762,LED-000733
2025-11-18,2025-11-18,UPI,123491,LED-000734
2025-11-23,2025-11-25,ATM WDL,141232,LED-000735
2025-11-18,2025-11-18,IMPS,150198,LED-000736
2025-11-28,2025-11-28,AUTO SWEEP,70001,LED-000737
2025-11-26,2025-11-26,BROKER PAYIN,135141,LED-000738
2025-11-30,2025-12-01,BROKER PAYIN,-189698,LED-000739
2025-11-22,2025-11-23,BROKER PAYIN,-129965,LED-000740
2025-11-29,2025-11-29,ATM WDL,-101166,LED-000741
2025-11-25,2025-11-26,IMPS,57637,LED-000742
2025-11-24,2025-11-24,BROKER PAYOUT,185394,LED-000743
2025-11-21,2025-11-23,AUTO SWEEP,-109252,LED-000744
2025-11-27,2025-11-29,UPI,-177257,LED-000745
2025-11-17,2025-11-18,AUTO SWEEP,112801,LED-000746
2025-11-17,2025-11-19,BROKER PAYOUT,147193,LED-000747
2025-11-23,2025-11-24,IMPS,-20380,LED-000748
2025-11-18,2025-11-20,IMPS,36522,LED-000749
2025-11-19,2025-11-21,BROKER PAYOUT,-8284,LED-000750
2025-11-20,2025-11-20,UPI,-128437,LED-000751
2025-11-22,2025-11-23,UPI,-61056,LED-000752
2025-11-21,2025-11-23,ATM WDL,15986,LED-000753
2025-11-25,2025-11-25,BROKER PAYOUT,-106457,LED-000754
2025-11-27,2025-11-28,UPI,-196866,LED-000755
2025-11-24,2025-11-26,BROKER PAYIN,-37696,LED-000756
2025-11-28,2025-11-30,ATM WDL,-23213,LED-000757
2025-11-27,2025-11-27,BROKER PAYIN,-77581,LED-000758
2025-11-26,,BROKER PAYIN,28625,LED-000759
2025-11-24,2025-11-26,BROKER PAYIN,-119935,LED-000760
2025-11-27,2025-11-29,BROKER PAYOUT,121451,LED-000761
2025-12-01,2025-12-01,BROKER PAYOUT,-29069,LED-000762
2025-11-17,2025-11-18,AUTO SWEEP,171011,LED-000763
2025-11-18,,BROKER PAYOUT,197070,LED-000764
2025-11-19,2025-11-19,BROKER PAYOUT,-83774,LED-000765
2025-11-28,2025-11-30,BROKER PAYOUT,-156265,LED-000766
2025-11-22,2025-11-22,IMPS,117048,LED-000767
2025-11-23,,IMPS,55556,LED-000768
2025-11-24,2025-11-24,UPI,-117166,LED-000769
2025-11-30,2025-11-30,BROKER PAYIN,159585,LED-000770
2025-11-20,2025-11-20,IMPS,181067,LED-000771
2025-11-28,2025-11-28,ATM WDL,-38071,LED-000772
2025-11-30,2025-12-02,BROKER PAYOUT,-110238,LED-000773
2025-11-27,2025-11-28,BROKER PAYIN,54320,LED-000774
2025-11-27,2025-11-28,AUTO SWEEP,-28768,LED-000775
2025-11-22,2025-11-22,BROKER PAYIN,-104814,LED-000776
2025-11-18,2025-11-20,BROKER PAYIN,115979,LED-000777
2025-11-29,2025-11-30,SUSPICIOUS BULK WITHDRAWAL,-1511195,LED-000778
2025-11-17,2025-11-17,UPI,-126437,LED-000779
2025-11-21,2025-11-21,AUTO SWEEP,-195399,LED-000780
2025-11-24,2025-11-26,UPI,-154304,LED-000781
2025-11-29,2025-11-30,IMPS,26052,LED-000782
2025-11-22,2025-11-24,IMPS,-11980,LED-000783
2025-11-23,2025-11-24,BROKER PAYIN,98570,LED-000784
2025-11-21,2025-11-22,IMPS,192155,LED-000785
2025-12-01,2025-12-01,ATM WDL,47766,LED-000786
2025-11-23,2025-11-23,AUTO SWEEP,111511,LED-000787
2025-11-25,2025-11-25,UPI,-14550,LED-000788
2025-11-29,2025-11-30,AUTO SWEEP,-119357,LED-000789
2025-11-17,,BROKER PAYIN,-129527,LED-000790
2025-11-19,2025-11-21,BROKER PAYOUT,-19650,LED-000791
2025-11-28,2025-11-30,BROKER PAYIN,92764,LED-000792
2025-11-26,2025-11-26,BROKER PAYOUT,-93313,LED-000793
2025-11-17,2025-11-17,BROKER PAYOUT,-79639,LED-000794
2025-11-18,2025-11-19,IMPS,-189152,LED-000795
2025-11-21,,BROKER PAYIN,175004,LED-000796
2025-11-28,2025-11-30,BROKER PAYIN,156058,LED-000797
2025-11-29,2025-11-30,ATM WDL,-68543,LED-000798
2025-11-18,2025-11-20,ATM WDL,-147830,LED-000799
2025-11-22,2025-11-22,,88565,LED-000800
2025-11-21,2025-11-21,IMPS,26501,LED-000801
2025-11-28,2025-11-30,IMPS,-80864,LED-000802
2025-11-23,2025-11-25,AUTO SWEEP,137149,LED-000803
2025-11-20,2025-11-21,ATM WDL,59496,LED-000804
2025-11-19,2025-11-21,AUTO SWEEP,114855,LED-000805
2025-11-24,2025-11-25,UPI,-46775,LED-000806
2025-11-21,2025-11-21,BROKER PAYOUT,190124,LED-000807
2025-11-30,2025-12-01,UPI,152295,LED-000808
2025-11-20,2025-11-22,ATM WDL,92470,LED-000809
2025-11-30,2025-11-30,BROKER PAYOUT,161850,LED-000810
2025-11-19,2025-11-21,BROKER PAYIN,-130496,LED-000811
2025-11-24,2025-11-25,IMPS,45307,LED-000812
2025-11-20,2025-11-22,AUTO SWEEP,-110068,LED-000813
2025-11-26,2025-11-26,AUTO SWEEP,3040,LED-000814
2025-11-30,2025-12-01,BROKER PAYIN,128603,LED-000815
2025-11-28,2025-11-30,UPI,-152102,LED-000816
2025-11-18,2025-11-19,UPI,-181635,LED-000817
2025-11-29,2025-11-29,BROKER PAYIN,-83873,LED-000818
2025-11-17,2025-11-17,UPI,116418,LED-000819
2025-11-24,2025-11-26,BROKER PAYIN,-31833,LED-000820
2025-11-19,2025-11-20,ATM WDL,-169580,LED-000821
2025-11-18,2025-11-20,AUTO SWEEP,-196013,LED-000822
2025-11-21,2025-11-23,BROKER PAYOUT,-53574,LED-000823
2025-11-20,2025-11-22,BROKER PAYIN,100218,LED-000824
2025-11-25,2025-11-25,UPI,73855,LED-000825
2025-11-26,2025-11-28,ATM WDL,33990,LED-000826
2025-11-22,2025-11-22,AUTO SWEEP,179890,LED-000827
2025-11-28,2025-11-30,UPI,-100834,LED-000828
2025-11-21,2025-11-21,BROKER PAYIN,86466,LED-000829
2025-11-17,2025-11-19,BROKER PAYIN,32071,LED-000830
2025-11-19,2025-11-20,BROKER PAYIN,-125650,LED-000831
2025-11-29,2025-11-30,UPI,-53147,LED-000832
2025-11-24,2025-11-25,ATM WDL,-5371,LED-000833
2025-11-22,2025-11-22,IMPS,-49703,LED-000834
2025-11-22,2025-11-24,AUTO SWEEP,2261,LED-000835
2025-11-21,2025-11-22,ATM WDL,50741,LED-000836
2025-11-29,2025-11-29,SUSPICIOUS BULK WITHDRAWAL,-1536368,LED-000837
2025-11-23,2025-11-23,,4997,LED-000838
2025-11-25,2025-11-26,BROKER PAYOUT,-39399,LED-000839
2025-11-18,2025-11-18,IMPS,4662,LED-000840
2025-11-30,2025-12-02,BROKER PAYIN,149887,LED-000841
2025-12-01,2025-12-01,BROKER PAYOUT,-160118,LED-000842
2025-11-27,2025-11-29,IMPS,-11914,LED-000843
2025-11-23,2025-11-24,ATM WDL,-67877,LED-000844
2025-11-20,2025-11-21,BROKER PAYOUT,141993,LED-000845
2025-11-26,2025-11-28,BROKER PAYIN,45912,LED-000846
2025-11-28,2025-11-29,BROKER PAYOUT,-26041,LED-000847
2025-11-30,2025-11-30,IMPS,101962,LED-000848
2025-11-20,2025-11-21,AUTO SWEEP,141960,LED-000849
2025-11-21,2025-11-22,BROKER PAYIN,74605,LED-000850
2025-11-27,2025-11-29,IMPS,-103116,LED-000851
2025-12-01,2025-12-03,AUTO SWEEP,-122248,LED-000852
2025-11-24,2025-11-24,BROKER PAYOUT,-80391,LED-000853
2025-11-26,2025-11-26,AUTO SWEEP,-191031,LED-000854
2025-11-21,2025-11-23,ATM WDL,-90428,LED-000855
2025-11-29,2025-11-30,IMPS,-180334,LED-000856
2025-11-25,2025-11-27,UPI,138929,LED-000857
2025-11-21,2025-11-22,BROKER PAYOUT,32189,LED-000858
2025-11-18,2025-11-19,UPI,-166838,LED-000859
2025-11-17,2025-11-18,UPI,-131665,LED-000860
2025-11-29,2025-11-29,UPI,128152,LED-000861
2025-11-26,2025-11-28,BROKER PAYOUT,-21563,LED-000862
2025-11-30,2025-11-30,BROKER PAYIN,-41095,LED-000863
2025-11-22,2025-11-22,BROKER PAYOUT,-192664,LED-000864
2025-11-21,2025-11-21,ATM WDL,21021,LED-000865
2025-11-29,2025-12-01,UPI,-128439,LED-000866
2025-11-27,2025-11-28,IMPS,-26047,LED-000867
2025-11-30,2025-12-01,UPI,-145193,LED-000868
2025-11-17,2025-11-18,UPI,-66700,LED-000869
2025-11-26,2025-11-26,ATM WDL,-141786,LED-000870
2025-11-18,2025-11-18,ATM WDL,148872,LED-000871
2025-11-24,2025-11-26,UPI,190496,LED-000872
2025-11-27,2025-11-29,ATM WDL,23334,LED-000873
2025-11-30,2025-12-01,BROKER PAYOUT,160214,LED-000874
2025-11-20,2025-11-21,ATM WDL,116784,LED-000875
2025-11-23,2025-11-25,UPI,-147422,LED-000876
2025-11-21,2025-11-23,BROKER PAYIN,-44520,LED-000877
2025-11-25,2025-11-26,UPI,-143481,LED-000878
2025-11-19,2025-11-19,BROKER PAYIN,128826,LED-000879
2025-12-01,2025-12-01,BROKER PAYOUT,-197259,LED-000880
2025-11-29,2025-12-01,UPI,66956,LED-000881
2025-11-24,,IMPS,156399,LED-000882
2025-11-26,2025-11-28,UPI,-157116,LED-000883
2025-11-28,2025-11-28,ATM WDL,177859,LED-000884
2025-11-21,2025-11-21,BROKER PAYIN,-62895,LED-000885
2025-11-26,2025-11-27,BROKER PAYOUT,29807,LED-000886
2025-11-17,2025-11-17,BROKER PAYOUT,-65628,LED-000887
2025-11-29,2025-11-30,ATM WDL,-108629,LED-000888
2025-11-23,,IMPS,195655,LED-000889
2025-11-24,2025-11-26,AUTO SWEEP,-197374,LED-000890
2025-11-22,2025-11-24,ATM WDL,-46353,LED-000891
2025-11-21,2025-11-23,ATM WDL,-50715,LED-000892
2025-11-27,2025-11-29,IMPS,151627,LED-000893
2025-11-21,2025-11-23,UPI,50370,LED-000894
2025-11-24,,ATM WDL,-83379,LED-000895
2025-11-27,2025-11-29,ATM WDL,139856,LED-000896
2025-11-21,2025-11-21,UPI,-132832,LED-000897
2025-11-18,2025-11-19,BROKER PAYOUT,-81979,LED-000898
2025-11-18,2025-11-18,BROKER PAYOUT,37844,LED-000899
2025-11-28,2025-11-28,UPI,-14198,LED-000900
2025-11-29,2025-11-30,BROKER PAYOUT,131019,LED-000901
2025-11-18,2025-11-20,UPI,-182624,LED-000902
2025-11-21,2025-11-23,BROKER PAYOUT,54238,LED-000903
2025-11-20,,,71679,LED-000904
2025-11-27,2025-11-29,ATM WDL,-41083,LED-000905
2025-11-18,2025-11-18,BROKER PAYOUT,128657,LED-000906
2025-11-28,2025-11-29,AUTO SWEEP,24334,LED-000907
2025-11-20,2025-11-22,AUTO SWEEP,-129630,LED-000908
2025-11-22,2025-11-23,IMPS,-22444,LED-000909
2025-11-18,2025-11-18,IMPS,-155118,LED-000910
2025-11-22,2025-11-23,SUSPICIOUS BULK WITHDRAWAL,-895431,LED-000911
2025-11-27,2025-11-27,UPI,-34529,LED-000912
2025-11-22,2025-11-22,ATM WDL,183164,LED-000913
2025-12-01,2025-12-02,BROKER PAYOUT,60222,LED-000914
2025-11-22,,AUTO SWEEP,68424,LED-000915
2025-11-29,2025-11-30,ATM WDL,-94296,LED-000916
2025-11-28,2025-11-29,AUTO SWEEP,-37297,LED-000917
2025-11-17,2025-11-19,ATM WDL,-135736,LED-000918
2025-11-17,2025-11-19,AUTO SWEEP,-83083,LED-000919
2025-11-30,2025-12-01,AUTO SWEEP,96852,LED-000920
2025-11-22,2025-11-22,IMPS,165297,LED-000921
2025-11-28,2025-11-29,ATM WDL,14160,LED-000922
2025-11-21,2025-11-23,UPI,196530,LED-000923
2025-11-19,2025-11-19,ATM WDL,-10757,LED-000924
2025-11-30,2025-12-01,ATM WDL,-123580,LED-000925
2025-11-18,,AUTO SWEEP,168341,LED-000926
2025-11-25,2025-11-26,UPI,4329,LED-000927
2025-11-18,2025-11-19,UPI,124568,LED-000928
2025-11-17,2025-11-19,IMPS,-3065,LED-000929
2025-11-17,2025-11-18,IMPS,-71340,LED-000930
2025-11-30,2025-12-02,BROKER PAYOUT,-158521,LED-000931
2025-11-29,,IMPS,37377,LED-000932
2025-11-30,,IMPS,-134755,LED-000933
2025-11-30,2025-12-01,BROKER PAYOUT,-11827,LED-000934
2025-11-26,,UPI,-14207,LED-000935
2025-11-17,,IMPS,-43767,LED-000936
2025-11-25,2025-11-25,AUTO SWEEP,-157981,LED-000937
2025-11-23,2025-11-25,UPI,-148986,LED-000938
2025-11-28,2025-11-28,AUTO SWEEP,-36667,LED-000939
2025-11-29,2025-11-29,BROKER PAYIN,-58412,LED-000940
2025-11-18,2025-11-18,ATM WDL,198870,LED-000941
2025-11-21,2025-11-22,IMPS,-31839,LED-000942
2025-11-25,2025-11-26,AUTO SWEEP,10173,LED-000943
2025-11-17,,BROKER PAYOUT,-116912,LED-000944
2025-11-26,2025-11-28,UPI,98950,LED-000945
2025-11-18,2025-11-20,AUTO SWEEP,27733,LED-000946
2025-11-26,2025-11-26,,-193211,LED-000947
2025-11-24,2025-11-26,BROKER PAYIN,20058,LED-000948
2025-11-29,2025-12-01,AUTO SWEEP,-156174,LED-000949
2025-12-01,2025-12-02,IMPS,-60426,LED-000950
2025-11-19,2025-11-21,AUTO SWEEP,-147499,LED-000951
2025-11-21,2025-11-21,IMPS,117314,LED-000952
2025-11-22,,BROKER PAYIN,133,LED-000953
2025-11-30,2025-12-02,BROKER PAYOUT,156366,LED-000954
2025-11-27,,,-130125,LED-000955
2025-11-17,2025-11-18,AUTO SWEEP,-159593,LED-000956
2025-11-24,2025-11-26,AUTO SWEEP,113142,LED-000957
2025-12-01,2025-12-01,UPI,-123196,LED-000958
2025-11-26,2025-11-27,AUTO SWEEP,64304,LED-000959
2025-11-29,2025-11-29,UPI,-58410,LED-000960
2025-11-17,2025-11-18,BROKER PAYIN,87872,LED-000961
2025-11-17,,,-180029,LED-000962
2025-12-01,2025-12-03,BROKER PAYOUT,-162775,LED-000963
2025-11-23,2025-11-25,AUTO SWEEP,149331,LED-000964
2025-11-19,2025-11-21,AUTO SWEEP,-148455,LED-000965
2025-11-24,2025-11-24,BROKER PAYIN,192367,LED-000966
2025-11-29,2025-12-01,BROKER PAYIN,-39626,LED-000967
2025-11-25,2025-11-26,IMPS,-47578,LED-000968
2025-11-19,2025-11-19,BROKER PAYIN,152240,LED-000969
2025-11-22,2025-11-24,AUTO SWEEP,-99400,LED-000970
2025-11-20,2025-11-21,UPI,138945,LED-000971
2025-11-17,2025-11-17,BROKER PAYIN,108705,LED-000972
2025-11-23,2025-11-25,AUTO SWEEP,102273,LED-000973
2025-11-22,2025-11-22,BROKER PAYIN,-39645,LED-000974
2025-11-17,2025-11-17,IMPS,120427,LED-000975
2025-11-20,2025-11-22,,-98565,LED-000976
2025-11-17,2025-11-17,ATM WDL,-50057,LED-000977
2025-11-22,2025-11-22,ATM WDL,-45530,LED-000978
2025-11-21,2025-11-21,UPI,190705,LED-000979
2025-11-27,2025-11-27,IMPS,-150820,LED-000980
2025-11-19,2025-11-19,AUTO SWEEP,-182814,LED-000981
2025-11-26,2025-11-26,BROKER PAYIN,76449,LED-000982
2025-11-25,2025-11-26,BROKER PAYIN,76284,LED-000983
2025-11-17,2025-11-17,IMPS,60155,LED-000984
2025-11-29,2025-12-01,BROKER PAYIN,-105619,LED-000985
2025-11-20,2025-11-20,UPI,-100878,LED-000986
2025-11-19,2025-11-21,AUTO SWEEP,196884,LED-000987
2025-11-21,2025-11-23,BROKER PAYIN,117654,LED-000988
2025-11-17,2025-11-19,BROKER PAYOUT,-88421,LED-000989
2025-12-01,2025-12-01,BROKER PAYIN,-37268,LED-000990
2025-11-30,2025-12-01,UPI,41296,LED-000991
2025-11-26,2025-11-28,UPI,118787,LED-000992
2025-11-28,,BROKER PAYOUT,162015,LED-000993
2025-11-19,2025-11-20,AUTO SWEEP,-92670,LED-000994
2025-12-01,2025-12-03,SUSPICIOUS BULK WITHDRAWAL,-830874,LED-000995
2025-11-20,2025-11-21,BROKER PAYOUT,-2996,LED-000996
2025-11-25,2025-11-25,IMPS,113515,LED-000997
2025-11-20,2025-11-20,BROKER PAYOUT,95915,LED-000998
2025-11-28,2025-11-30,ATM WDL,185175,LED-000999
2025-11-27,2025-11-28,AUTO SWEEP,65688,LED-001000
2025-11-17,2025-11-19,UPI,-15866,LED-001001
2025-11-28,2025-11-29,BROKER PAYIN,-131798,LED-001002
2025-11-24,2025-11-26,ATM WDL,9645,LED-001003
2025-11-23,2025-11-24,UPI,-169758,LED-001004
2025-11-17,2025-11-18,UPI,-47015,LED-001005
2025-11-29,2025-11-30,BROKER PAYIN,-149469,LED-001006
2025-11-28,2025-11-29,BROKER PAYIN,-113492,LED-001007
2025-11-26,2025-11-28,ATM WDL,136491,LED-001008
2025-11-18,2025-11-20,UPI,118468,LED-001009
2025-11-23,2025-11-25,AUTO SWEEP,-183690,LED-001010
2025-11-28,2025-11-30,UPI,-161590,LED-001011
2025-11-23,2025-11-24,UPI,18005,LED-001012
2025-11-22,2025-11-22,ATM WDL,192490,LED-001013
2025-11-28,2025-11-30,IMPS,-33846,LED-001014
2025-11-27,2025-11-29,ATM WDL,-108831,LED-001015
2025-11-18,2025-11-19,IMPS,183960,LED-001016
2025-11-20,2025-11-20,IMPS,-38983,LED-001017
2025-11-19,2025-11-19,AUTO SWEEP,109810,LED-001018
2025-11-30,2025-12-01,AUTO SWEEP,-132624,LED-001019
2025-11-18,2025-11-20,UPI,-4804,LED-001020
2025-11-21,2025-11-22,BROKER PAYIN,-112108,LED-001021
2025-12-01,2025-12-01,IMPS,96330,LED-001022
2025-11-17,,IMPS,-128242,LED-001023
2025-11-28,,ATM WDL,-118669,LED-001024
2025-11-28,2025-11-29,BROKER PAYIN,143419,LED-001025
2025-11-25,,IMPS,-14112,LED-001026
2025-11-27,2025-11-29,SUSPICIOUS BULK WITHDRAWAL,-1839213,LED-001027
2025-11-26,2025-11-28,UPI,113529,LED-001028
2025-11-27,2025-11-29,AUTO SWEEP,-112731,LED-001029
2025-11-21,2025-11-23,AUTO SWEEP,-188208,LED-001030
2025-11-18,2025-11-20,BROKER PAYIN,-141379,LED-001031
2025-11-18,2025-11-18,AUTO SWEEP,77296,LED-001032
2025-11-25,2025-11-25,ATM WDL,-141277,LED-001033
2025-11-28,,BROKER PAYIN,31632,LED-001034
2025-11-25,2025-11-27,IMPS,-102086,LED-001035
2025-11-24,2025-11-26,AUTO SWEEP,49165,LED-001036
2025-11-21,,AUTO SWEEP,-60654,LED-001037
2025-11-20,2025-11-22,AUTO SWEEP,-919,LED-001038
2025-11-17,2025-11-18,IMPS,-171077,LED-001039
2025-11-24,2025-11-26,IMPS,-153310,LED-001040
2025-11-19,2025-11-19,BROKER PAYIN,167536,LED-001041
2025-12-01,2025-12-01,ATM WDL,-136023,LED-001042
2025-11-23,2025-11-25,AUTO SWEEP,18008,LED-001043
2025-11-21,2025-11-21,IMPS,174103,LED-001044
2025-11-26,2025-11-27,AUTO SWEEP,135143,LED-001045
2025-11-20,2025-11-21,BROKER PAYOUT,-36714,LED-001046
2025-11-29,2025-11-29,IMPS,194436,LED-001047
2025-11-27,2025-11-29,ATM WDL,-184274,LED-001048
2025-11-18,2025-11-19,AUTO SWEEP,48118,LED-001049
2025-11-25,2025-11-27,ATM WDL,176363,LED-001050
2025-11-20,,AUTO SWEEP,-176111,LED-001051
2025-11-24,2025-11-26,AUTO SWEEP,70286,LED-001052
2025-11-27,2025-11-29,BROKER PAYIN,-149566,LED-001053
2025-11-19,2025-11-20,IMPS,-162682,LED-001054
2025-11-30,,AUTO SWEEP,19597,LED-001055
2025-11-20,,AUTO SWEEP,-45590,LED-001056
2025-11-25,2025-11-25,IMPS,-29975,LED-001057
2025-11-26,2025-11-28,ATM WDL,181754,LED-001058
2025-11-21,2025-11-22,IMPS,-4067,LED-001059
2025-11-24,2025-11-24,SUSPICIOUS BULK WITHDRAWAL,-1436564,LED-001060
2025-11-23,2025-11-24,UPI,192665,LED-001061
2025-12-01,2025-12-01,SUSPICIOUS BULK WITHDRAWAL,-963217,LED-001062
2025-11-27,2025-11-28,,4531,LED-001063
2025-11-18,,ATM WDL,-116342,LED-001064
2025-11-26,2025-11-26,UPI,-155282,LED-001065
2025-11-22,2025-11-24,BROKER PAYIN,16749,LED-001066
2025-11-18,2025-11-18,UPI,68499,LED-001067
2025-11-24,2025-11-26,IMPS,45472,LED-001068
2025-11-23,2025-11-24,UPI,-116354,LED-001069
2025-11-26,,ATM WDL,80631,LED-001070
2025-11-21,2025-11-22,IMPS,-120692,LED-001071
2025-11-21,2025-11-23,BROKER PAYOUT,-136029,LED-001072
2025-11-21,2025-11-21,,-39394,LED-001073
2025-11-26,2025-11-26,AUTO SWEEP,-171833,LED-001074
2025-11-26,2025-11-26,BROKER PAYOUT,50766,LED-001075
2025-11-18,2025-11-19,UPI,-83963,LED-001076
2025-11-29,2025-11-30,SUSPICIOUS BULK WITHDRAWAL,-724261,LED-001077
2025-11-23,2025-11-25,BROKER PAYOUT,69373,LED-001078
2025-11-27,2025-11-29,ATM WDL,-41858,LED-001079
2025-11-30,2025-12-02,AUTO SWEEP,3037,LED-001080
2025-11-30,2025-12-01,IMPS,109526,LED-001081
2025-11-25,2025-11-26,BROKER PAYIN,-55536,LED-001082
2025-11-25,2025-11-25,UPI,69736,LED-001083
2025-11-25,2025-11-25,IMPS,103414,LED-001084
2025-11-28,2025-11-30,AUTO SWEEP,-77944,LED-001085
2025-11-22,2025-11-23,ATM WDL,139245,LED-001086
2025-11-30,2025-11-30,BROKER PAYIN,132653,LED-001087
2025-11-24,2025-11-25,BROKER PAYIN,-60879,LED-001088
2025-11-17,2025-11-17,IMPS,105762,LED-001089
2025-11-25,2025-11-25,BROKER PAYOUT,117947,LED-001090
2025-11-23,2025-11-24,UPI,-163364,LED-001091
2025-11-26,2025-11-26,BROKER PAYIN,-36178,LED-001092
2025-11-23,2025-11-24,UPI,91970,LED-001093
2025-11-20,2025-11-21,UPI,-184257,LED-001094
2025-11-20,2025-11-20,ATM WDL,130204,LED-001095
2025-11-24,2025-11-26,IMPS,-171914,LED-001096
2025-11-23,2025-11-23,BROKER PAYIN,-54956,LED-001097
2025-11-22,2025-11-24,UPI,166652,LED-001098
2025-11-17,2025-11-18,AUTO SWEEP,-147895,LED-001099
2025-11-19,2025-11-19,BROKER PAYIN,-185675,LED-001100
2025-11-26,2025-11-27,AUTO SWEEP,-65868,LED-001101
2025-11-26,2025-11-26,BROKER PAYOUT,-137839,LED-001102
2025-11-28,2025-11-28,ATM WDL,5111,LED-001103
2025-11-24,2025-11-24,IMPS,-103048,LED-001104
2025-11-22,2025-11-22,AUTO SWEEP,82065,LED-001105
2025-11-28,,BROKER PAYOUT,-61872,LED-001106
2025-11-25,2025-11-26,ATM WDL,2873,LED-001107
2025-11-30,2025-11-30,IMPS,-94325,LED-001108
2025-11-25,2025-11-26,BROKER PAYIN,19357,LED-001109
2025-11-19,2025-11-19,AUTO SWEEP,-41247,LED-001110
2025-11-17,2025-11-19,AUTO SWEEP,-188653,LED-001111
2025-11-17,,AUTO SWEEP,-93541,LED-001112
2025-11-24,2025-11-25,ATM WDL,169425,LED-001113
2025-11-30,2025-11-30,IMPS,10522,LED-001114
2025-11-17,2025-11-17,ATM WDL,170594,LED-001115
2025-11-24,2025-11-25,AUTO SWEEP,197728,LED-001116
2025-11-22,2025-11-22,ATM WDL,-50662,LED-001117
2025-11-17,2025-11-17,BROKER PAYOUT,53581,LED-001118
2025-11-21,,IMPS,-88350,LED-001119
2025-11-23,,ATM WDL,-96162,LED-001120
2025-11-17,2025-11-18,BROKER PAYIN,15683,LED-001121
2025-11-21,2025-11-23,BROKER PAYOUT,172039,LED-001122
2025-11-30,2025-11-30,BROKER PAYOUT,-5819,LED-001123
2025-11-25,2025-11-25,IMPS,-75420,LED-001124
2025-11-19,2025-11-19,IMPS,-92120,LED-001125
2025-11-21,2025-11-21,IMPS,-24961,LED-001126
2025-11-23,2025-11-23,UPI,-175484,LED-001127
2025-11-27,2025-11-28,BROKER PAYIN,123960,LED-001128
2025-12-01,2025-12-02,ATM WDL,13065,LED-001129
2025-11-25,2025-11-25,BROKER PAYIN,105793,LED-001130
2025-11-25,2025-11-26,IMPS,106500,LED-001131
2025-11-22,2025-11-23,AUTO SWEEP,-36702,LED-001132
2025-11-22,,ATM WDL,-122603,LED-001133
2025-11-23,2025-11-23,BROKER PAYOUT,164283,LED-001134
2025-12-01,2025-12-03,IMPS,33744,LED-001135
2025-11-17,2025-11-17,BROKER PAYIN,172396,LED-001136
2025-11-28,2025-11-28,AUTO SWEEP,-105105,LED-001137
2025-11-17,2025-11-18,BROKER PAYOUT,112019,LED-001138
2025-12-01,2025-12-01,IMPS,30308,LED-001139
2025-11-22,2025-11-24,UPI,-33377,LED-001140
2025-11-22,2025-11-23,ATM WDL,87964,LED-001141
2025-11-26,2025-11-26,BROKER PAYOUT,150541,LED-001142
2025-11-28,2025-11-28,UPI,-72911,LED-001143
2025-11-19,2025-11-19,BROKER PAYOUT,-159936,LED-001144
2025-11-29,2025-11-29,BROKER PAYOUT,-71446,LED-001145
2025-11-26,2025-11-26,ATM WDL,-18437,LED-001146
2025-11-22,2025-11-24,UPI,-135966,LED-001147
2025-11-28,2025-11-30,UPI,-174253,LED-001148
2025-11-30,2025-11-30,AUTO SWEEP,197226,LED-001149
2025-11-17,2025-11-19,UPI,115568,LED-001150
2025-11-21,2025-11-23,BROKER PAYOUT,-164944,LED-001151
2025-11-26,2025-11-27,BROKER PAYOUT,-120408,LED-001152
2025-11-18,2025-11-20,SUSPICIOUS BULK WITHDRAWAL,-1144764,LED-001153
2025-11-29,2025-11-30,UPI,-79928,LED-001154
2025-11-19,2025-11-20,ATM WDL,-6454,LED-001155
2025-11-26,,UPI,19892,LED-001156
2025-11-26,,ATM WDL,69090,LED-001157
2025-11-27,2025-11-28,IMPS,78133,LED-001158
2025-11-18,2025-11-20,BROKER PAYOUT,-16479,LED-001159
2025-11-30,,IMPS,9204,LED-001160
2025-11-23,2025-11-24,AUTO SWEEP,25932,LED-001161
2025-11-30,2025-11-30,UPI,54039,LED-001162
2025-11-18,2025-11-19,AUTO SWEEP,9037,LED-001163
2025-11-28,2025-11-29,UPI,-132706,LED-001164
2025-11-18,2025-11-20,IMPS,-56824,LED-001165
2025-11-30,2025-12-01,ATM WDL,155795,LED-001166
2025-11-26,2025-11-28,ATM WDL,-179476,LED-001167
2025-11-27,2025-11-27,ATM WDL,-153945,LED-001168
2025-11-20,2025-11-22,UPI,-33584,LED-001169
2025-11-25,2025-11-27,ATM WDL,-182552,LED-001170
2025-11-21,2025-11-22,IMPS,-104743,LED-001171
2025-11-17,2025-11-18,ATM WDL,116601,LED-001172
2025-11-17,2025-11-19,UPI,-32783,LED-001173
2025-11-18,2025-11-18,BROKER PAYOUT,-42182,LED-001174
2025-11-22,2025-11-22,BROKER PAYIN,-63620,LED-001175
2025-11-23,2025-11-25,,50004,LED-001176
2025-11-24,2025-11-26,BROKER PAYOUT,1386,LED-001177
2025-11-26,,UPI,24975,LED-001178
2025-11-25,2025-11-27,BROKER PAYIN,139135,LED-001179
2025-11-27,,BROKER PAYOUT,-79484,LED-001180
2025-11-22,2025-11-24,UPI,178960,LED-001181
2025-11-27,2025-11-27,IMPS,-48832,LED-001182
2025-11-26,2025-11-27,UPI,-93440,LED-001183
2025-11-18,2025-11-19,UPI,7881,LED-001184
2025-11-26,2025-11-27,ATM WDL,169512,LED-001185
2025-12-01,,UPI,-66688,LED-001186
2025-12-01,2025-12-02,AUTO SWEEP,-19903,LED-001187
2025-11-21,2025-11-22,ATM WDL,164376,LED-001188
2025-11-26,2025-11-27,ATM WDL,13432,LED-001189
2025-11-23,,BROKER PAYOUT,-126744,LED-001190
2025-11-28,2025-11-28,AUTO SWEEP,-157942,LED-001191
2025-12-01,2025-12-02,BROKER PAYOUT,-106279,LED-001192
2025-11-23,,ATM WDL,58009,LED-001193
2025-11-27,2025-11-27,AUTO SWEEP,34753,LED-001194
2025-11-25,2025-11-25,ATM WDL,42095,LED-001195
2025-11-28,2025-11-29,UPI,101518,LED-001196
2025-11-27,2025-11-29,UPI,-37316,LED-001197
2025-11-27,2025-11-27,AUTO SWEEP,-136549,LED-001198
2025-11-29,,BROKER PAYOUT,-73932,LED-001199
2025-11-22,2025-11-23,UPI,-71730,LED-001200
2025-11-18,2025-11-19,IMPS,177149,LED-001201
2025-11-18,2025-11-18,,-175104,LED-001202
2025-11-29,2025-12-01,IMPS,110315,LED-001203
2025-11-19,2025-11-21,BROKER PAYIN,3382,LED-001204
2025-11-24,,ATM WDL,-170845,LED-001205
2025-11-27,2025-11-28,UPI,108654,LED-001206
2025-11-20,2025-11-20,BROKER PAYIN,-2555,LED-001207
2025-11-24,2025-11-24,AUTO SWEEP,139460,LED-001208
2025-11-24,2025-11-25,IMPS,-105622,LED-001209
2025-11-17,2025-11-18,ATM WDL,-1532,LED-001210
2025-11-28,2025-11-30,UPI,75117,LED-001211
2025-11-21,2025-11-21,AUTO SWEEP,-177366,LED-001212
2025-11-25,2025-11-26,BROKER PAYIN,40038,LED-001213
2025-11-19,2025-11-21,BROKER PAYOUT,-22012,LED-001214
2025-11-19,2025-11-20,ATM WDL,76906,LED-001215
2025-11-18,,AUTO SWEEP,-63258,LED-001216
2025-12-01,2025-12-01,UPI,45788,LED-001217
2025-11-24,2025-11-24,IMPS,-177807,LED-001218
2025-11-19,2025-11-19,BROKER PAYOUT,-104513,LED-001219
2025-11-18,2025-11-18,UPI,-103747,LED-001220
2025-11-21,2025-11-22,ATM WDL,-23050,LED-001221
2025-11-22,2025-11-24,AUTO SWEEP,-126966,LED-001222
2025-11-17,2025-11-19,IMPS,14951,LED-001223
2025-11-28,2025-11-29,ATM WDL,-105193,LED-001224
2025-11-23,2025-11-25,BROKER PAYIN,72471,LED-001225
2025-12-01,2025-12-02,BROKER PAYOUT,166948,LED-001226
2025-11-27,2025-11-29,BROKER PAYOUT,81181,LED-001227
2025-11-22,,UPI,-57745,LED-001228
2025-11-23,2025-11-25,BROKER PAYIN,87638,LED-001229
2025-12-01,2025-12-01,,135018,LED-001230
2025-11-20,2025-11-20,ATM WDL,93564,LED-001231
2025-11-29,2025-11-30,IMPS,-159691,LED-001232
2025-11-21,2025-11-22,UPI,-107474,LED-001233
2025-11-26,2025-11-28,UPI,-167828,LED-001234
2025-11-19,,BROKER PAYOUT,-30746,LED-001235
2025-11-22,2025-11-23,UPI,-20154,LED-001236
2025-11-29,2025-12-01,AUTO SWEEP,100437,LED-001237
2025-11-25,2025-11-26,ATM WDL,39249,LED-001238
2025-11-19,2025-11-19,,-14617,LED-001239
2025-11-23,2025-11-24,UPI,78439,LED-001240
2025-11-25,2025-11-25,BROKER PAYIN,-89780,LED-001241
2025-11-23,2025-11-24,BROKER PAYOUT,-77170,LED-001242
2025-11-22,2025-11-23,BROKER PAYOUT,131911,LED-001243
2025-11-19,2025-11-21,BROKER PAYIN,-65006,LED-001244
2025-11-18,2025-11-20,AUTO SWEEP,194109,LED-001245
2025-11-26,2025-11-27,AUTO SWEEP,113496,LED-001246
2025-11-20,2025-11-21,UPI,105843,LED-001247
2025-11-26,2025-11-26,AUTO SWEEP,22971,LED-001248
2025-12-01,2025-12-03,BROKER PAYOUT,119711,LED-001249
2025-11-19,2025-11-19,UPI,95692,LED-001250
2025-11-25,2025-11-25,UPI,61723,LED-001251
2025-11-19,2025-11-21,AUTO SWEEP,-27203,LED-001252
2025-12-01,2025-12-02,AUTO SWEEP,95747,LED-001253
2025-11-22,2025-11-22,UPI,107549,LED-001254
2025-11-27,2025-11-28,IMPS,180857,LED-001255
2025-11-25,2025-11-25,BROKER PAYOUT,153673,LED-001256
2025-11-26,,IMPS,157159,LED-001257
2025-11-21,2025-11-21,BROKER PAYIN,-129243,LED-001258
2025-11-29,2025-11-30,BROKER PAYOUT,45091,LED-001259
2025-11-17,,IMPS,181856,LED-001260
2025-11-23,,IMPS,104383,LED-001261
2025-11-18,2025-11-20,IMPS,21203,LED-001262
2025-11-26,2025-11-27,SUSPICIOUS BULK WITHDRAWAL,-1034921,LED-001263
2025-11-30,2025-12-01,IMPS,138113,LED-001264
2025-11-17,,AUTO SWEEP,147785,LED-001265
2025-11-25,,AUTO SWEEP,-172028,LED-001266
2025-11-20,2025-11-20,ATM WDL,124903,LED-001267
2025-11-27,2025-11-29,AUTO SWEEP,-186999,LED-001268
2025-11-30,2025-12-02,BROKER PAYIN,141106,LED-001269
2025-11-29,2025-11-29,AUTO SWEEP,-67257,LED-001270
2025-11-20,2025-11-21,AUTO SWEEP,159185,LED-001271
2025-11-30,2025-12-01,BROKER PAYIN,61921,LED-001272
2025-11-30,2025-12-02,ATM WDL,937,LED-001273
2025-11-26,2025-11-27,BROKER PAYIN,150711,LED-001274
2025-11-26,2025-11-27,AUTO SWEEP,168942,LED-001275
2025-11-19,2025-11-19,ATM WDL,-139376,LED-001276
2025-11-25,,IMPS,131997,LED-001277
2025-11-21,2025-11-21,IMPS,-125048,LED-001278
2025-11-24,2025-11-25,AUTO SWEEP,-57882,LED-001279
2025-11-22,2025-11-22,BROKER PAYIN,138076,LED-001280
2025-11-29,2025-11-29,BROKER PAYOUT,-49342,LED-001281
2025-11-28,2025-11-30,BROKER PAYIN,-62940,LED-001282
2025-12-01,2025-12-01,BROKER PAYOUT,94155,LED-001283
2025-11-20,2025-11-20,ATM WDL,97338,LED-001284
2025-11-25,2025-11-26,AUTO SWEEP,-79829,LED-001285
2025-11-23,2025-11-25,BROKER PAYIN,-42502,LED-001286
2025-12-01,,AUTO SWEEP,113554,LED-001287
2025-11-23,2025-11-23,UPI,-173610,LED-001288
2025-11-27,2025-11-29,ATM WDL,-118588,LED-001289
2025-11-25,,AUTO SWEEP,-62393,LED-001290
2025-11-26,2025-11-27,ATM WDL,-115566,LED-001291
2025-11-26,2025-11-26,UPI,115744,LED-001292
2025-11-26,,UPI,181736,LED-001293
2025-11-27,2025-11-27,AUTO SWEEP,124681,LED-001294
2025-11-25,2025-11-25,AUTO SWEEP,-145836,LED-001295
2025-11-28,2025-11-30,BROKER PAYIN,71750,LED-001296
2025-11-27,2025-11-29,,173125,LED-001297
2025-11-25,,ATM WDL,-38528,LED-001298
2025-11-21,2025-11-23,IMPS,-67652,LED-001299
2025-11-25,,BROKER PAYOUT,18916,LED-001300
2025-11-23,2025-11-25,IMPS,-186954,LED-001301
2025-11-22,2025-11-24,,-24961,LED-001302
2025-11-27,2025-11-29,UPI,-140747,LED-001303
2025-11-18,2025-11-20,BROKER PAYOUT,-141576,LED-001304
2025-11-27,2025-11-28,UPI,-61198,LED-001305
2025-11-28,2025-11-29,ATM WDL,-123677,LED-001306
2025-11-20,2025-11-21,ATM WDL,194969,LED-001307
2025-11-21,2025-11-23,IMPS,-41649,LED-001308
2025-11-17,2025-11-17,SUSPICIOUS BULK WITHDRAWAL,-1222270,LED-001309
2025-11-17,2025-11-19,BROKER PAYIN,-113355,LED-001310
2025-12-01,2025-12-01,BROKER PAYOUT,-3986,LED-001311
2025-11-18,2025-11-20,BROKER PAYIN,33696,LED-001312
2025-11-27,2025-11-27,IMPS,131902,LED-001313
2025-11-29,2025-11-30,AUTO SWEEP,-113412,LED-001314
2025-11-26,2025-11-28,AUTO SWEEP,-190091,LED-001315
2025-11-17,,UPI,-67484,LED-001316
2025-11-20,2025-11-22,UPI,11389,LED-001317
2025-11-23,,UPI,-131730,LED-001318
2025-11-28,,IMPS,-39150,LED-001319
2025-11-26,2025-11-28,ATM WDL,-199168,LED-001320
2025-11-30,2025-12-01,UPI,-163704,LED-001321
2025-11-21,,ATM WDL,-67151,LED-001322
2025-11-24,2025-11-24,BROKER PAYIN,23592,LED-001323
2025-11-17,2025-11-17,SUSPICIOUS BULK WITHDRAWAL,-728181,LED-001324
2025-12-01,2025-12-02,,-112291,LED-001325
2025-11-28,2025-11-30,ATM WDL,-4663,LED-001326
2025-11-29,2025-11-30,IMPS,27559,LED-001327
2025-11-27,2025-11-29,ATM WDL,117215,LED-001328
2025-11-26,2025-11-26,BROKER PAYOUT,-27323,LED-001329
2025-11-29,2025-11-29,AUTO SWEEP,168301,LED-001330
2025-11-25,2025-11-27,BROKER PAYOUT,63426,LED-001331
2025-11-27,2025-11-27,BROKER PAYOUT,-29578,LED-001332
2025-11-25,2025-11-27,IMPS,-64904,LED-001333
2025-11-27,,BROKER PAYOUT,-132510,LED-001334
2025-11-30,2025-12-01,BROKER PAYOUT,-1817,LED-001335
2025-11-25,2025-11-27,BROKER PAYOUT,60251,LED-001336
2025-11-19,2025-11-19,IMPS,-114740,LED-001337
2025-11-29,2025-12-01,AUTO SWEEP,110150,LED-001338
2025-11-21,2025-11-22,IMPS,-9069,LED-001339
2025-11-23,2025-11-24,BROKER PAYIN,-31589,LED-001340
2025-11-22,2025-11-24,BROKER PAYIN,167088,LED-001341
2025-11-28,2025-11-29,ATM WDL,-104095,LED-001342
2025-11-25,2025-11-26,SUSPICIOUS BULK WITHDRAWAL,-1114210,LED-001343
2025-11-24,2025-11-24,UPI,-67379,LED-001344
2025-12-01,2025-12-01,BROKER PAYOUT,94256,LED-001345
2025-11-21,2025-11-21,BROKER PAYOUT,-27798,LED-001346
2025-11-23,2025-11-24,BROKER PAYIN,-99931,LED-001347
2025-11-29,2025-11-30,ATM WDL,134020,LED-001348
2025-11-27,2025-11-29,BROKER PAYIN,-27584,LED-001349
2025-11-29,2025-12-01,AUTO SWEEP,-37435,LED-001350
2025-11-20,2025-11-22,BROKER PAYOUT,-148223,LED-001351
2025-11-21,2025-11-22,BROKER PAYIN,132553,LED-001352
2025-11-27,2025-11-28,BROKER PAYIN,24947,LED-001353
2025-12-01,2025-12-01,IMPS,-127623,LED-001354
2025-11-26,2025-11-27,BROKER PAYOUT,-197171,LED-001355
2025-11-17,2025-11-17,ATM WDL,112187,LED-001356
2025-11-25,2025-11-26,AUTO SWEEP,-184041,LED-001357
2025-11-23,2025-11-25,IMPS,72587,LED-001358
2025-11-22,2025-11-22,IMPS,85083,LED-001359
2025-11-17,2025-11-17,ATM WDL,-91108,LED-001360
2025-11-24,2025-11-24,ATM WDL,-43562,LED-001361
2025-11-29,,IMPS,20291,LED-001362
2025-11-17,2025-11-19,ATM WDL,32118,LED-001363
2025-11-25,2025-11-26,UPI,137469,LED-001364
2025-12-01,2025-12-01,UPI,96814,LED-001365
2025-11-26,,AUTO SWEEP,53779,LED-001366
2025-12-01,2025-12-02,IMPS,101982,LED-001367
2025-11-18,2025-11-20,AUTO SWEEP,-52225,LED-001368
2025-11-27,2025-11-27,IMPS,-116875,LED-001369
2025-11-27,2025-11-27,UPI,-126644,LED-001370
2025-11-24,2025-11-26,BROKER PAYOUT,110121,LED-001371
2025-11-26,,BROKER PAYIN,185365,LED-001372
2025-11-29,2025-11-29,AUTO SWEEP,37587,LED-001373
2025-11-22,2025-11-22,AUTO SWEEP,146683,LED-001374
2025-11-29,2025-11-30,BROKER PAYOUT,92691,LED-001375
2025-11-24,2025-11-25,BROKER PAYOUT,-75316,LED-001376
2025-11-26,2025-11-28,ATM WDL,-165779,LED-001377
2025-11-22,,UPI,92837,LED-001378
2025-11-20,,IMPS,39765,LED-001379
2025-11-19,2025-11-19,IMPS,152213,LED-001380
2025-11-27,2025-11-28,IMPS,51799,LED-001381
2025-11-25,2025-11-25,,44165,LED-001382
2025-11-23,2025-11-23,AUTO SWEEP,-29050,LED-001383
2025-11-17,2025-11-19,UPI,-30611,LED-001384
2025-11-29,2025-11-29,BROKER PAYIN,-52471,LED-001385
2025-11-22,2025-11-22,BROKER PAYOUT,-5192,LED-001386
2025-11-28,2025-11-30,UPI,114138,LED-001387
2025-11-17,,,130187,LED-001388
2025-11-23,2025-11-24,IMPS,168387,LED-001389
2025-11-28,,UPI,35713,LED-001390
2025-11-19,2025-11-21,BROKER PAYIN,1012,LED-001391
2025-11-18,2025-11-18,BROKER PAYOUT,-117742,LED-001392
2025-11-17,2025-11-18,AUTO SWEEP,-29418,LED-001393
2025-12-01,2025-12-01,AUTO SWEEP,193700,LED-001394
2025-11-26,2025-11-26,AUTO SWEEP,148861,LED-001395
2025-11-17,2025-11-18,BROKER PAYOUT,178238,LED-001396
2025-11-21,2025-11-23,UPI,-170294,LED-001397
2025-12-01,2025-12-02,IMPS,-116921,LED-001398
2025-11-19,2025-11-19,ATM WDL,53485,LED-001399
2025-11-20,2025-11-20,AUTO SWEEP,101234,LED-001400
2025-11-29,2025-12-01,UPI,-111347,LED-001401
2025-12-01,2025-12-03,AUTO SWEEP,49937,LED-001402
2025-11-18,2025-11-19,BROKER PAYIN,-175708,LED-001403
2025-11-19,2025-11-19,BROKER PAYIN,116935,LED-001404
2025-11-21,2025-11-23,SUSPICIOUS BULK WITHDRAWAL,-1120502,LED-001405
2025-11-21,2025-11-23,BROKER PAYOUT,93392,LED-001406
2025-11-17,2025-11-19,IMPS,111460,LED-001407
2025-11-17,2025-11-18,UPI,42870,LED-001408
2025-12-01,2025-12-01,IMPS,-177835,LED-001409
2025-11-28,,ATM WDL,72139,LED-001410
2025-11-19,2025-11-20,ATM WDL,12309,LED-001411
2025-11-17,2025-11-18,BROKER PAYIN,-56257,LED-001412
2025-11-24,2025-11-24,IMPS,-148217,LED-001413
2025-11-25,2025-11-26,UPI,-147544,LED-001414
2025-11-27,2025-11-28,UPI,135822,LED-001415
2025-11-30,2025-12-02,UPI,-177589,LED-001416
2025-11-30,2025-11-30,UPI,-132536,LED-001417
2025-11-19,2025-11-20,ATM WDL,-183114,LED-001418
2025-11-27,2025-11-27,AUTO SWEEP,25801,LED-001419
2025-11-20,2025-11-22,AUTO SWEEP,-93421,LED-001420
2025-11-21,,AUTO SWEEP,-91021,LED-001421
2025-12-01,2025-12-01,BROKER PAYIN,-112945,LED-001422
2025-11-28,2025-11-30,,-179967,LED-001423
2025-11-21,2025-11-22,IMPS,-112638,LED-001424
2025-11-20,,BROKER PAYOUT,-105144,LED-001425
2025-11-18,2025-11-19,BROKER PAYOUT,121307,LED-001426
2025-11-29,2025-11-29,IMPS,146907,LED-001427
2025-11-19,2025-11-21,BROKER PAYIN,-109072,LED-001428
2025-11-19,2025-11-21,SUSPICIOUS BULK WITHDRAWAL,-1551582,LED-001429
2025-11-27,2025-11-28,ATM WDL,-90471,LED-001430
2025-11-29,2025-11-30,ATM WDL,-98977,LED-001431
2025-12-01,2025-12-03,ATM WDL,138511,LED-001432
2025-11-27,2025-11-28,UPI,-52604,LED-001433
2025-11-17,2025-11-18,BROKER PAYOUT,-5149,LED-001434
2025-11-26,2025-11-26,AUTO SWEEP,128142,LED-001435
2025-11-29,2025-12-01,ATM WDL,105146,LED-001436
2025-11-17,2025-11-18,BROKER PAYIN,95498,LED-001437
2025-11-19,2025-11-19,ATM WDL,197491,LED-001438
2025-11-17,2025-11-18,UPI,40568,LED-001439
2025-11-27,2025-11-28,UPI,-73655,LED-001440
2025-11-22,2025-11-22,BROKER PAYIN,14585,LED-001441
2025-11-19,2025-11-20,AUTO SWEEP,85530,LED-001442
2025-11-17,2025-11-18,UPI,94704,LED-001443
2025-11-23,2025-11-24,BROKER PAYOUT,52911,LED-001444
2025-11-19,2025-11-21,ATM WDL,-21807,LED-001445
2025-11-30,2025-12-02,BROKER PAYOUT,11844,LED-001446
2025-11-29,2025-12-01,IMPS,-151134,LED-001447
2025-11-20,2025-11-20,BROKER PAYIN,156376,LED-001448
2025-11-27,2025-11-28,UPI,-169296,LED-001449
2025-12-01,2025-12-02,IMPS,-170099,LED-001450
2025-11-20,2025-11-22,BROKER PAYOUT,91860,LED-001451
2025-11-29,2025-11-30,ATM WDL,46570,LED-001452
2025-11-25,2025-11-26,AUTO SWEEP,-197090,LED-001453
2025-11-27,2025-11-28,BROKER PAYIN,24148,LED-001454
2025-11-27,2025-11-29,ATM WDL,-83312,LED-001455
2025-11-30,2025-12-02,ATM WDL,-149168,LED-001456
2025-11-30,2025-12-02,,50340,LED-001457
2025-11-26,2025-11-26,ATM WDL,39722,LED-001458
2025-11-29,2025-11-29,UPI,95718,LED-001459
2025-11-20,,UPI,-80288,LED-001460
2025-11-23,2025-11-25,IMPS,-121488,LED-001461
2025-11-21,2025-11-23,,86195,LED-001462
2025-11-28,2025-11-30,SUSPICIOUS BULK WITHDRAWAL,-1317569,LED-001463
2025-11-28,2025-11-28,UPI,-69885,LED-001464
2025-11-28,2025-11-28,BROKER PAYOUT,-56653,LED-001465
2025-11-17,2025-11-19,BROKER PAYIN,-194378,LED-001466
2025-11-30,2025-11-30,IMPS,-824,LED-001467
2025-11-28,2025-11-28,,140559,LED-001468
2025-11-17,2025-11-17,AUTO SWEEP,6186,LED-001469
2025-11-29,2025-12-01,IMPS,69454,LED-001470
2025-11-23,2025-11-24,AUTO SWEEP,192713,LED-001471
2025-11-28,,IMPS,-184450,LED-001472
2025-11-20,2025-11-22,BROKER PAYOUT,-18593,LED-001473
2025-11-24,2025-11-26,BROKER PAYIN,-39716,LED-001474
2025-11-19,2025-11-20,ATM WDL,-97992,LED-001475
2025-11-26,2025-11-26,,75668,LED-001476
2025-11-21,2025-11-23,BROKER PAYOUT,46326,LED-001477
2025-11-19,2025-11-19,UPI,-158014,LED-001478
2025-11-22,2025-11-22,BROKER PAYOUT,88248,LED-001479
2025-11-24,2025-11-24,BROKER PAYIN,-85652,LED-001480
2025-11-30,2025-12-02,UPI,69431,LED-001481
2025-11-20,2025-11-22,BROKER PAYIN,94884,LED-001482
2025-11-30,2025-12-02,AUTO SWEEP,-182964,LED-001483
2025-11-24,2025-11-25,AUTO SWEEP,166240,LED-001484
2025-11-24,2025-11-25,BROKER PAYIN,-126333,LED-001485
2025-11-28,2025-11-29,ATM WDL,-116254,LED-001486
2025-11-29,2025-12-01,ATM WDL,160295,LED-001487
2025-11-25,2025-11-26,AUTO SWEEP,58773,LED-001488
2025-11-24,,BROKER PAYOUT,142247,LED-001489
2025-11-30,2025-12-01,ATM WDL,40287,LED-001490
2025-11-17,2025-11-18,IMPS,110502,LED-001491
2025-11-26,2025-11-28,,176177,LED-001492
2025-12-01,2025-12-02,UPI,-76328,LED-001493
2025-11-30,2025-11-30,UPI,-66238,LED-001494
2025-11-22,2025-11-23,,146358,LED-001495
2025-11-30,2025-11-30,ATM WDL,-44834,LED-001496
2025-11-18,2025-11-18,AUTO SWEEP,-169254,LED-001497
2025-11-21,2025-11-22,BROKER PAYIN,-46411,LED-001498
2025-11-24,2025-11-26,,-70324,LED-001499
2025-12-01,2025-12-02,BROKER PAYIN,154460,LED-001500
2025-12-01,2025-12-03,UPI,112138,LED-001501
2025-11-29,2025-11-30,BROKER PAYOUT,144999,LED-001502
2025-11-30,,UPI,-47324,LED-001503
2025-11-18,2025-11-19,BROKER PAYIN,44865,LED-001504
2025-11-20,2025-11-21,AUTO SWEEP,180397,LED-001505
2025-11-22,2025-11-23,BROKER PAYIN,188122,LED-001506
2025-11-28,2025-11-28,AUTO SWEEP,-171834,LED-001507
2025-11-29,2025-12-01,BROKER PAYOUT,-45419,LED-001508
2025-11-22,2025-11-23,BROKER PAYOUT,-23304,LED-001509
2025-11-17,2025-11-18,ATM WDL,-124525,LED-001510
2025-11-26,2025-11-26,ATM WDL,30158,LED-001511
2025-11-19,2025-11-19,UPI,123844,LED-001512
2025-11-20,2025-11-20,IMPS,60637,LED-001513
2025-11-30,2025-12-02,ATM WDL,-172715,LED-001514
2025-11-21,2025-11-22,AUTO SWEEP,-104412,LED-001515
2025-11-18,2025-11-20,BROKER PAYOUT,182458,LED-001516
2025-11-17,2025-11-17,AUTO SWEEP,174844,LED-001517
2025-11-25,2025-11-26,BROKER PAYOUT,-151161,LED-001518
2025-11-27,2025-11-27,AUTO SWEEP,-145405,LED-001519
2025-11-18,2025-11-19,BROKER PAYOUT,-35537,LED-001520
2025-11-27,2025-11-29,UPI,22378,LED-001521
2025-11-23,2025-11-23,BROKER PAYOUT,-79876,LED-001522
2025-11-27,2025-11-28,UPI,-11064,LED-001523
2025-11-26,2025-11-27,,176004,LED-001524
2025-11-25,2025-11-27,UPI,-80243,LED-001525
2025-11-29,2025-12-01,BROKER PAYIN,-186682,LED-001526
2025-11-25,2025-11-25,BROKER PAYOUT,117758,LED-001527
2025-11-30,2025-12-02,BROKER PAYOUT,56540,LED-001528
2025-11-25,2025-11-25,BROKER PAYIN,-15453,LED-001529
2025-11-23,2025-11-25,BROKER PAYOUT,-128938,LED-001530
2025-11-25,2025-11-27,AUTO SWEEP,82232,LED-001531
2025-11-20,2025-11-22,BROKER PAYIN,-16500,LED-001532
2025-11-24,2025-11-24,UPI,-125349,LED-001533
2025-11-23,,AUTO SWEEP,-155070,LED-001534
2025-11-30,2025-11-30,ATM WDL,-135942,LED-001535
2025-11-28,2025-11-28,AUTO SWEEP,19303,LED-001536
2025-11-24,2025-11-25,ATM WDL,-82852,LED-001537
2025-11-20,2025-11-22,BROKER PAYOUT,140050,LED-001538
2025-11-23,,AUTO SWEEP,152315,LED-001539
2025-11-28,2025-11-29,AUTO SWEEP,-53825,LED-001540
2025-11-23,2025-11-23,ATM WDL,79012,LED-001541
2025-12-01,2025-12-03,BROKER PAYIN,-186880,LED-001542
2025-11-18,2025-11-19,,-136722,LED-001543
2025-11-17,2025-11-18,AUTO SWEEP,-149310,LED-001544
2025-11-29,,AUTO SWEEP,-164040,LED-001545
2025-11-25,2025-11-27,BROKER PAYOUT,-34952,LED-001546
2025-12-01,2025-12-01,AUTO SWEEP,-31862,LED-001547
2025-11-17,2025-11-17,IMPS,88224,LED-001548
2025-11-20,2025-11-20,AUTO SWEEP,78098,LED-001549
2025-11-27,,BROKER PAYIN,14130,LED-001550
2025-11-20,2025-11-22,IMPS,-141710,LED-001551
2025-11-19,2025-11-21,BROKER PAYIN,-82349,LED-001552
2025-11-25,,BROKER PAYIN,-128462,LED-001553
2025-11-24,2025-11-24,IMPS,-15055,LED-001554
2025-11-20,2025-11-20,BROKER PAYOUT,120566,LED-001555
2025-12-01,,UPI,-10709,LED-001556
2025-11-24,,ATM WDL,-79868,LED-001557
2025-11-28,2025-11-28,ATM WDL,-86640,LED-001558
2025-11-22,2025-11-24,UPI,-30370,LED-001559
2025-11-27,2025-11-27,AUTO SWEEP,76090,LED-001560
2025-11-28,2025-11-30,BROKER PAYOUT,-99959,LED-001561
2025-11-20,2025-11-21,IMPS,37063,LED-001562
2025-11-28,,ATM WDL,93284,LED-001563
2025-11-18,,ATM WDL,-39227,LED-001564
2025-11-27,2025-11-28,BROKER PAYOUT,187984,LED-001565
2025-11-20,2025-11-22,BROKER PAYIN,-174866,LED-001566
2025-11-19,2025-11-21,BROKER PAYIN,-192657,LED-001567
2025-11-22,2025-11-24,ATM WDL,114853,LED-001568
2025-11-18,2025-11-18,BROKER PAYIN,-125717,LED-001569
2025-11-26,2025-11-26,AUTO SWEEP,-149417,LED-001570
2025-11-19,2025-11-19,BROKER PAYOUT,101715,LED-001571
2025-12-01,2025-12-01,BROKER PAYIN,20264,LED-001572
2025-11-20,2025-11-21,BROKER PAYIN,76378,LED-001573
2025-11-27,2025-11-27,ATM WDL,-97702,LED-001574
2025-11-24,2025-11-24,BROKER PAYIN,134839,LED-001575
2025-11-28,2025-11-28,BROKER PAYIN,-142439,LED-001576
2025-11-24,2025-11-26,IMPS,113914,LED-001577
2025-11-26,2025-11-27,UPI,160145,LED-001578
2025-11-24,2025-11-26,UPI,149579,LED-001579
2025-11-18,2025-11-19,IMPS,-100517,LED-001580
2025-11-30,2025-11-30,UPI,-139145,LED-001581
2025-11-28,2025-11-29,BROKER PAYIN,120948,LED-001582
2025-11-30,2025-12-02,ATM WDL,-79584,LED-001583
2025-11-23,2025-11-24,ATM WDL,13324,LED-001584
2025-11-27,2025-11-27,BROKER PAYOUT,185312,LED-001585
2025-11-25,2025-11-25,UPI,-199956,LED-001586
2025-11-18,2025-11-18,AUTO SWEEP,-73466,LED-001587
2025-11-18,2025-11-20,AUTO SWEEP,85574,LED-001588
2025-11-23,2025-11-24,BROKER PAYIN,-119196,LED-001589
2025-11-19,2025-11-20,BROKER PAYIN,132478,LED-001590
2025-11-30,2025-11-30,BROKER PAYOUT,131679,LED-001591
2025-11-30,2025-12-01,BROKER PAYOUT,-50671,LED-001592
2025-11-21,2025-11-21,UPI,-130705,LED-001593
2025-11-17,,AUTO SWEEP,182982,LED-001594
2025-12-01,2025-12-03,ATM WDL,160569,LED-001595
2025-11-30,2025-11-30,UPI,192441,LED-001596
2025-11-28,2025-11-30,IMPS,-189992,LED-001597
2025-11-26,2025-11-28,IMPS,110742,LED-001598
2025-11-25,2025-11-26,UPI,176382,LED-001599
2025-11-22,2025-11-24,BROKER PAYOUT,-114456,LED-001600
2025-11-21,2025-11-22,,144337,LED-001601
2025-11-18,2025-11-18,IMPS,56992,LED-001602
2025-11-21,,IMPS,-73235,LED-001603
2025-11-23,,UPI,-173932,LED-001604
2025-12-01,2025-12-01,AUTO SWEEP,152175,LED-001605
2025-11-22,2025-11-22,UPI,171706,LED-001606
2025-11-24,2025-11-24,ATM WDL,-25013,LED-001607
2025-11-23,2025-11-24,AUTO SWEEP,-196497,LED-001608
2025-11-18,2025-11-20,IMPS,-140311,LED-001609
2025-11-23,2025-11-24,BROKER PAYIN,-57870,LED-001610
2025-11-22,2025-11-22,ATM WDL,-3020,LED-001611
2025-11-29,2025-11-29,IMPS,-41781,LED-001612
2025-11-24,2025-11-25,UPI,-187218,LED-001613
2025-11-22,2025-11-23,BROKER PAYIN,102691,LED-001614
2025-11-29,2025-12-01,IMPS,-130582,LED-001615
2025-11-28,2025-11-29,AUTO SWEEP,-51490,LED-001616
2025-11-24,,BROKER PAYIN,65708,LED-001617
2025-12-01,2025-12-02,,32648,LED-001618
2025-11-30,2025-11-30,IMPS,182956,LED-001619
2025-11-17,,IMPS,-62897,LED-001620
2025-11-21,2025-11-23,BROKER PAYIN,199881,LED-001621
2025-11-20,2025-11-20,AUTO SWEEP,-69041,LED-001622
2025-11-28,2025-11-29,IMPS,-162833,LED-001623
2025-11-24,2025-11-25,UPI,-180517,LED-001624
2025-11-20,2025-11-20,BROKER PAYOUT,-18616,LED-001625
2025-11-24,2025-11-25,AUTO SWEEP,159727,LED-001626
2025-11-29,2025-12-01,IMPS,47275,LED-001627
2025-11-21,2025-11-22,IMPS,-58356,LED-001628
2025-11-28,2025-11-30,IMPS,14543,LED-001629
2025-11-27,2025-11-28,BROKER PAYIN,-32247,LED-001630
2025-11-17,2025-11-19,IMPS,72924,LED-001631
2025-11-23,2025-11-25,BROKER PAYOUT,173543,LED-001632
2025-11-30,2025-11-30,IMPS,-138307,LED-001633
2025-11-27,2025-11-27,UPI,166547,LED-001634
2025-11-24,2025-11-26,ATM WDL,-143655,LED-001635
2025-11-24,2025-11-26,BROKER PAYIN,100343,LED-001636
2025-11-25,2025-11-26,BROKER PAYIN,-54898,LED-001637
2025-11-22,,AUTO SWEEP,-126734,LED-001638
2025-11-25,,UPI,105698,LED-001639
2025-11-29,2025-11-30,UPI,29573,LED-001640
2025-11-30,2025-12-01,BROKER PAYIN,102153,LED-001641
2025-11-30,2025-12-01,BROKER PAYOUT,184058,LED-001642
2025-11-26,2025-11-28,BROKER PAYOUT,-1908,LED-001643
2025-11-27,2025-11-29,,-143970,LED-001644
2025-11-25,2025-11-26,BROKER PAYOUT,186131,LED-001645
2025-11-26,,BROKER PAYIN,79560,LED-001646
2025-11-24,2025-11-24,IMPS,-177097,LED-001647
2025-11-19,2025-11-20,IMPS,118744,LED-001648
2025-11-27,2025-11-29,IMPS,187555,LED-001649
2025-11-30,2025-12-02,IMPS,-23372,LED-001650
2025-11-28,2025-11-28,BROKER PAYOUT,37796,LED-001651
2025-11-18,2025-11-19,BROKER PAYOUT,130119,LED-001652
2025-12-01,2025-12-01,UPI,-95404,LED-001653
2025-11-28,2025-11-28,UPI,-101555,LED-001654
2025-11-25,2025-11-25,,-1672288,LED-001655
2025-11-20,2025-11-20,BROKER PAYIN,-92368,LED-001656
2025-11-28,2025-11-30,BROKER PAYOUT,141634,LED-001657
2025-11-18,2025-11-19,BROKER PAYIN,128729,LED-001658
2025-11-29,2025-12-01,BROKER PAYOUT,150827,LED-001659
2025-11-23,2025-11-23,UPI,-193737,LED-001660
2025-11-25,2025-11-27,ATM WDL,64185,LED-001661
2025-11-23,2025-11-25,BROKER PAYOUT,-83654,LED-001662
2025-11-26,2025-11-26,IMPS,23008,LED-001663
2025-11-26,2025-11-26,AUTO SWEEP,-146985,LED-001664
2025-11-19,2025-11-21,AUTO SWEEP,92211,LED-001665
2025-11-23,,,181612,LED-001666
2025-11-17,2025-11-18,BROKER PAYOUT,162316,LED-001667
2025-11-18,2025-11-19,UPI,192252,LED-001668
2025-11-26,2025-11-28,IMPS,-57337,LED-001669
2025-11-18,2025-11-18,ATM WDL,-174458,LED-001670
2025-11-20,2025-11-21,AUTO SWEEP,-145812,LED-001671
2025-11-30,2025-12-01,AUTO SWEEP,-194256,LED-001672
2025-12-01,2025-12-02,IMPS,-66957,LED-001673
2025-11-19,2025-11-21,IMPS,-163804,LED-001674
2025-11-21,2025-11-21,BROKER PAYOUT,-198157,LED-001675
2025-11-18,2025-11-19,BROKER PAYOUT,-157647,LED-001676
2025-11-30,2025-12-01,BROKER PAYIN,-184420,LED-001677
2025-11-28,2025-11-30,BROKER PAYIN,-56805,LED-001678
2025-11-24,2025-11-24,IMPS,143901,LED-001679
2025-11-24,2025-11-24,UPI,140381,LED-001680
2025-11-27,2025-11-28,BROKER PAYOUT,-191191,LED-001681
2025-11-29,2025-12-01,BROKER PAYIN,-40252,LED-001682
2025-11-21,,IMPS,-142991,LED-001683
2025-11-24,2025-11-25,BROKER PAYOUT,-142592,LED-001684
2025-11-18,2025-11-18,AUTO SWEEP,79216,LED-001685
2025-11-28,,ATM WDL,-172176,LED-001686
2025-12-01,2025-12-02,IMPS,100418,LED-001687
2025-11-27,2025-11-28,UPI,-102797,LED-001688
2025-11-29,2025-11-29,BROKER PAYIN,140047,LED-001689
2025-11-26,2025-11-27,BROKER PAYIN,83905,LED-001690
2025-11-20,,AUTO SWEEP,4566,LED-001691
2025-11-22,2025-11-24,IMPS,-69415,LED-001692
2025-11-28,2025-11-30,BROKER PAYOUT,158742,LED-001693
2025-11-17,2025-11-18,BROKER PAYOUT,189339,LED-001694
2025-11-19,2025-11-19,,42728,LED-001695
2025-11-21,2025-11-22,BROKER PAYIN,-89016,LED-001696
2025-11-25,,UPI,33588,LED-001697
2025-11-26,,ATM WDL,1120,LED-001698
2025-11-29,2025-11-29,BROKER PAYOUT,114798,LED-001699
2025-11-21,2025-11-23,BROKER PAYIN,-101345,LED-001700
2025-11-21,,BROKER PAYIN,87814,LED-001701
2025-12-01,2025-12-01,UPI,168586,LED-001702
2025-11-18,2025-11-20,ATM WDL,-149409,LED-001703
2025-11-24,2025-11-26,BROKER PAYIN,72875,LED-001704
2025-11-29,2025-11-29,ATM WDL,113288,LED-001705
2025-11-24,2025-11-26,IMPS,-18681,LED-001706
2025-11-26,2025-11-28,BROKER PAYOUT,-43703,LED-001707
2025-11-28,2025-11-28,BROKER PAYOUT,149893,LED-001708
2025-11-23,2025-11-24,IMPS,-67574,LED-001709
2025-11-25,,BROKER PAYOUT,120554,LED-001710
2025-11-20,2025-11-20,,-57643,LED-001711
2025-11-28,2025-11-30,BROKER PAYOUT,-64164,LED-001712
2025-11-20,2025-11-22,AUTO SWEEP,-87085,LED-001713
2025-11-29,2025-11-29,ATM WDL,-100425,LED-001714
2025-11-30,2025-12-02,BROKER PAYIN,-116848,LED-001715
2025-11-17,2025-11-17,UPI,46356,LED-001716
2025-11-17,2025-11-19,IMPS,9875,LED-001717
2025-11-17,,BROKER PAYIN,190901,LED-001718
2025-11-22,2025-11-24,BROKER PAYIN,46105,LED-001719
2025-12-01,2025-12-03,BROKER PAYIN,-140249,LED-001720
2025-11-29,2025-11-29,AUTO SWEEP,109994,LED-001721
2025-11-29,,IMPS,86992,LED-001722
2025-11-21,2025-11-21,UPI,120795,LED-001723
2025-11-24,2025-11-24,BROKER PAYIN,120522,LED-001724
2025-11-20,2025-11-20,UPI,91857,LED-001725
2025-11-17,2025-11-17,ATM WDL,161715,LED-001726
2025-11-24,2025-11-26,UPI,144491,LED-001727
2025-11-18,2025-11-18,UPI,-193178,LED-001728
2025-11-28,2025-11-30,BROKER PAYIN,-116155,LED-001729
2025-11-25,2025-11-25,ATM WDL,-100124,LED-001730
2025-11-28,2025-11-29,BROKER PAYIN,-12039,LED-001731
2025-11-21,2025-11-22,AUTO SWEEP,-189339,LED-001732
2025-11-17,,ATM WDL,-63497,LED-001733
2025-11-30,2025-11-30,ATM WDL,28881,LED-001734
2025-11-20,2025-11-20,IMPS,-45104,LED-001735
2025-11-28,2025-11-30,AUTO SWEEP,150451,LED-001736
2025-11-17,2025-11-18,ATM WDL,99447,LED-001737
2025-12-01,2025-12-02,BROKER PAYOUT,-145588,LED-001738
2025-11-23,2025-11-25,SUSPICIOUS BULK WITHDRAWAL,-1415616,LED-001739
2025-11-19,2025-11-20,UPI,-167669,LED-001740
2025-11-30,2025-11-30,BROKER PAYOUT,-181251,LED-001741
2025-11-22,2025-11-24,IMPS,73125,LED-001742
2025-11-17,,IMPS,-135863,LED-001743
2025-11-27,2025-11-28,AUTO SWEEP,170100,LED-001744
2025-11-26,2025-11-27,AUTO SWEEP,187235,LED-001745
2025-11-29,2025-12-01,,188006,LED-001746
2025-12-01,2025-12-01,IMPS,-162355,LED-001747
2025-11-22,2025-11-24,ATM WDL,-199765,LED-001748
2025-11-23,2025-11-23,,171474,LED-001749
2025-11-25,2025-11-25,AUTO SWEEP,-136791,LED-001750
2025-11-24,2025-11-25,UPI,135955,LED-001751
2025-11-23,2025-11-23,AUTO SWEEP,-104142,LED-001752
2025-11-20,2025-11-21,BROKER PAYIN,48256,LED-001753
2025-11-25,2025-11-27,UPI,-194001,LED-001754
2025-11-24,2025-11-25,BROKER PAYOUT,49884,LED-001755
2025-11-26,2025-11-28,UPI,-49116,LED-001756
2025-11-28,2025-11-29,BROKER PAYIN,-137332,LED-001757
2025-11-19,2025-11-21,SUSPICIOUS BULK WITHDRAWAL,-1745272,LED-001758
2025-11-22,2025-11-22,AUTO SWEEP,-94220,LED-001759
2025-11-29,,BROKER PAYOUT,-78460,LED-001760
2025-12-01,2025-12-01,IMPS,20613,LED-001761
2025-11-26,2025-11-26,ATM WDL,-171370,LED-001762
2025-11-25,,BROKER PAYOUT,101991,LED-001763
2025-11-17,2025-11-17,IMPS,-186362,LED-001764
2025-11-23,2025-11-23,AUTO SWEEP,180572,LED-001765
2025-11-29,2025-11-30,BROKER PAYIN,-36690,LED-001766
2025-11-20,2025-11-20,AUTO SWEEP,58974,LED-001767
2025-11-25,2025-11-26,ATM WDL,-123247,LED-001768
2025-12-01,2025-12-03,IMPS,-84231,LED-001769
2025-11-28,2025-11-29,BROKER PAYOUT,-85168,LED-001770
2025-11-30,2025-11-30,AUTO SWEEP,38423,LED-001771
2025-11-28,,IMPS,-138106,LED-001772
2025-11-25,2025-11-26,UPI,118033,LED-001773
2025-11-17,2025-11-17,IMPS,56080,LED-001774
2025-12-01,2025-12-02,AUTO SWEEP,188340,LED-001775
2025-11-29,2025-12-01,BROKER PAYIN,19049,LED-001776
2025-11-18,2025-11-20,BROKER PAYOUT,-99375,LED-001777
2025-11-30,2025-12-02,IMPS,-88912,LED-001778
2025-11-20,2025-11-21,IMPS,-46964,LED-001779
2025-11-22,2025-11-22,IMPS,126111,LED-001780
2025-11-29,2025-11-30,SUSPICIOUS BULK WITHDRAWAL,-980764,LED-001781
2025-11-25,2025-11-25,BROKER PAYIN,-137739,LED-001782
2025-11-22,2025-11-24,AUTO SWEEP,-176422,LED-001783
2025-11-25,2025-11-26,SUSPICIOUS BULK WITHDRAWAL,-1366394,LED-001784
2025-11-18,2025-11-19,UPI,40514,LED-001785
2025-11-26,2025-11-27,IMPS,28870,LED-001786
2025-11-18,2025-11-20,AUTO SWEEP,-7858,LED-001787
2025-11-28,2025-11-30,AUTO SWEEP,5673,LED-001788
2025-11-19,2025-11-20,BROKER PAYOUT,167680,LED-001789
2025-11-26,2025-11-26,IMPS,-89281,LED-001790
2025-11-27,2025-11-29,BROKER PAYIN,38392,LED-001791
2025-11-22,2025-11-23,UPI,174302,LED-001792
2025-11-25,2025-11-25,BROKER PAYOUT,154382,LED-001793
2025-11-24,2025-11-24,BROKER PAYOUT,47400,LED-001794
2025-12-01,2025-12-02,ATM WDL,75388,LED-001795
2025-11-18,2025-11-20,BROKER PAYOUT,-35206,LED-001796
2025-11-28,2025-11-30,BROKER PAYIN,-185006,LED-001797
2025-11-24,2025-11-24,,-14835,LED-001798
2025-11-22,2025-11-24,AUTO SWEEP,89277,LED-001799
2025-11-30,2025-12-01,AUTO SWEEP,1453,LED-001800
2025-12-01,2025-12-02,AUTO SWEEP,-65638,LED-001801
2025-11-28,2025-11-30,ATM WDL,175253,LED-001802
2025-12-01,2025-12-03,UPI,159363,LED-001803
2025-11-20,2025-11-21,ATM WDL,-154496,LED-001804
2025-11-20,2025-11-22,BROKER PAYIN,-32560,LED-001805
2025-11-26,2025-11-26,IMPS,-362,LED-001806
2025-11-30,2025-12-01,ATM WDL,-73511,LED-001807
2025-11-27,,ATM WDL,63446,LED-001808
2025-11-29,2025-11-29,AUTO SWEEP,10793,LED-001809
2025-11-26,2025-11-28,BROKER PAYIN,43392,LED-001810
2025-11-17,2025-11-19,AUTO SWEEP,-33547,LED-001811
2025-11-30,2025-12-02,AUTO SWEEP,157396,LED-001812
2025-11-27,2025-11-29,ATM WDL,-143758,LED-001813
2025-11-23,2025-11-23,IMPS,141467,LED-001814
2025-11-30,2025-11-30,IMPS,-40503,LED-001815
2025-12-01,2025-12-03,UPI,-58790,LED-001816
2025-11-25,2025-11-27,BROKER PAYOUT,-159305,LED-001817
2025-11-17,2025-11-19,BROKER PAYOUT,100904,LED-001818
2025-11-23,2025-11-24,IMPS,189486,LED-001819
2025-11-28,,UPI,74377,LED-001820
2025-11-21,2025-11-21,ATM WDL,-147824,LED-001821
2025-11-27,2025-11-29,BROKER PAYOUT,11648,LED-001822
2025-11-30,2025-12-02,IMPS,-75810,LED-001823
2025-11-29,2025-11-29,SUSPICIOUS BULK WITHDRAWAL,-1687303,LED-001824
2025-11-27,2025-11-29,UPI,77398,LED-001825
2025-11-18,2025-11-20,ATM WDL,107573,LED-001826
2025-11-24,2025-11-24,BROKER PAYIN,-32028,LED-001827
2025-11-18,2025-11-18,UPI,151399,LED-001828
2025-11-20,2025-11-20,BROKER PAYOUT,111340,LED-001829
2025-11-23,2025-11-24,UPI,26838,LED-001830
2025-11-17,2025-11-17,BROKER PAYOUT,-2675,LED-001831
2025-11-24,2025-11-25,,-68631,LED-001832
2025-11-22,2025-11-22,ATM WDL,145527,LED-001833
2025-11-28,2025-11-28,BROKER PAYIN,14265,LED-001834
2025-11-23,2025-11-25,IMPS,117839,LED-001835
2025-11-17,,ATM WDL,87647,LED-001836
2025-11-23,2025-11-24,AUTO SWEEP,134347,LED-001837
2025-11-29,2025-12-01,BROKER PAYIN,-14660,LED-001838
2025-11-21,2025-11-23,IMPS,-199342,LED-001839
2025-11-30,2025-12-02,BROKER PAYOUT,-112019,LED-001840
2025-11-27,2025-11-28,UPI,-97957,LED-001841
2025-11-20,2025-11-22,BROKER PAYIN,-122871,LED-001842
2025-11-18,2025-11-20,SUSPICIOUS BULK WITHDRAWAL,-546186,LED-001843
2025-11-17,2025-11-19,BROKER PAYOUT,62818,LED-001844
2025-12-01,2025-12-02,BROKER PAYOUT,-122547,LED-001845
2025-11-21,2025-11-23,ATM WDL,-1956,LED-001846
2025-11-23,2025-11-24,BROKER PAYOUT,53688,LED-001847
2025-11-24,2025-11-24,IMPS,38016,LED-001848
2025-11-25,2025-11-27,,53934,LED-001849
2025-11-28,2025-11-28,BROKER PAYIN,65010,LED-001850
2025-11-17,2025-11-18,BROKER PAYIN,-131139,LED-001851
2025-11-29,2025-11-30,ATM WDL,-100128,LED-001852
2025-11-19,2025-11-20,BROKER PAYIN,23882,LED-001853
2025-11-21,2025-11-22,ATM WDL,20228,LED-001854
2025-11-20,2025-11-21,BROKER PAYOUT,-196613,LED-001855
2025-11-24,,IMPS,59440,LED-001856
2025-11-24,2025-11-25,IMPS,-168103,LED-001857
2025-11-27,2025-11-28,BROKER PAYIN,62329,LED-001858
2025-11-23,2025-11-24,IMPS,-156966,LED-001859
2025-11-24,2025-11-25,AUTO SWEEP,-69965,LED-001860
2025-11-23,2025-11-24,BROKER PAYOUT,61016,LED-001861
2025-11-28,,ATM WDL,177042,LED-001862
2025-11-24,2025-11-26,AUTO SWEEP,-96217,LED-001863
2025-11-17,2025-11-18,UPI,-168907,LED-001864
2025-11-19,2025-11-21,BROKER PAYOUT,150486,LED-001865
2025-11-20,2025-11-20,ATM WDL,-143079,LED-001866
2025-11-27,2025-11-27,,11421,LED-001867
2025-11-30,,IMPS,-95376,LED-001868
2025-11-24,2025-11-24,IMPS,108818,LED-001869
2025-11-27,2025-11-27,BROKER PAYIN,89045,LED-001870
2025-11-21,2025-11-23,UPI,-167420,LED-001871
2025-11-26,2025-11-28,ATM WDL,-111993,LED-001872
2025-11-28,2025-11-28,BROKER PAYIN,136655,LED-001873
2025-11-24,2025-11-26,AUTO SWEEP,15519,LED-001874
2025-11-27,2025-11-28,ATM WDL,129744,LED-001875
2025-11-17,2025-11-19,IMPS,115996,LED-001876
2025-11-26,,IMPS,100556,LED-001877
2025-11-22,2025-11-22,UPI,-61168,LED-001878
2025-11-17,,IMPS,71386,LED-001879
2025-11-22,2025-11-23,ATM WDL,-178,LED-001880
2025-11-24,,BROKER PAYIN,55982,LED-001881
2025-11-25,2025-11-26,BROKER PAYOUT,103230,LED-001882
2025-11-18,2025-11-19,UPI,183846,LED-001883
2025-11-27,2025-11-29,UPI,29300,LED-001884
2025-11-19,,ATM WDL,33461,LED-001885
2025-11-17,2025-11-19,ATM WDL,142706,LED-001886
2025-12-01,2025-12-01,AUTO SWEEP,-160401,LED-001887
2025-11-25,2025-11-25,BROKER PAYIN,110987,LED-001888
2025-12-01,2025-12-01,BROKER PAYOUT,163674,LED-001889
2025-11-20,2025-11-20,AUTO SWEEP,-28795,LED-001890
2025-11-19,2025-11-21,BROKER PAYOUT,-64165,LED-001891
2025-11-21,2025-11-22,IMPS,-132948,LED-001892
2025-11-17,2025-11-17,IMPS,94991,LED-001893
2025-11-20,2025-11-22,AUTO SWEEP,198648,LED-001894
2025-11-29,2025-11-29,UPI,-135025,LED-001895
2025-11-28,,BROKER PAYIN,194351,LED-001896
2025-11-21,2025-11-23,ATM WDL,163943,LED-001897
2025-11-19,2025-11-20,BROKER PAYIN,-12339,LED-001898
2025-11-18,2025-11-18,BROKER PAYIN,-161544,LED-001899
2025-11-24,2025-11-24,UPI,-174761,LED-001900
2025-11-26,2025-11-28,UPI,149594,LED-001901
2025-11-26,2025-11-28,BROKER PAYIN,137476,LED-001902
2025-11-24,2025-11-26,BROKER PAYOUT,54233,LED-001903
2025-11-29,2025-11-29,BROKER PAYIN,16463,LED-001904
2025-11-22,2025-11-22,BROKER PAYIN,-194837,LED-001905
2025-11-27,2025-11-28,IMPS,124879,LED-001906
2025-11-27,2025-11-27,BROKER PAYIN,-139155,LED-001907
2025-11-19,2025-11-21,IMPS,67609,LED-001908
2025-11-26,2025-11-28,ATM WDL,-184028,LED-001909
2025-12-01,2025-12-03,BROKER PAYIN,98594,LED-001910
2025-11-17,2025-11-18,ATM WDL,97347,LED-001911
2025-11-21,2025-11-23,,52494,LED-001912
2025-11-20,2025-11-20,AUTO SWEEP,-147239,LED-001913
2025-11-17,2025-11-18,IMPS,72887,LED-001914
2025-11-19,2025-11-19,IMPS,10137,LED-001915
2025-11-25,2025-11-27,AUTO SWEEP,-32254,LED-001916
2025-11-26,2025-11-27,ATM WDL,176500,LED-001917
2025-11-22,2025-11-24,SUSPICIOUS BULK WITHDRAWAL,-1663275,LED-001918
2025-11-27,2025-11-28,AUTO SWEEP,-174143,LED-001919
2025-11-20,2025-11-21,AUTO SWEEP,-106056,LED-001920
2025-11-29,2025-11-29,ATM WDL,18551,LED-001921
2025-11-29,2025-12-01,IMPS,189893,LED-001922
2025-11-25,,IMPS,48905,LED-001923
2025-11-26,2025-11-28,ATM WDL,-135864,LED-001924
2025-11-22,2025-11-24,AUTO SWEEP,124846,LED-001925
2025-11-19,2025-11-19,UPI,-177311,LED-001926
2025-11-30,,ATM WDL,191026,LED-001927
2025-11-17,2025-11-18,UPI,91856,LED-001928
2025-11-23,2025-11-24,BROKER PAYOUT,-124636,LED-001929
2025-11-17,2025-11-18,BROKER PAYOUT,71559,LED-001930
2025-11-29,2025-11-30,AUTO SWEEP,-4572,LED-001931
2025-11-20,2025-11-22,BROKER PAYIN,91663,LED-001932
2025-11-28,2025-11-28,BROKER PAYIN,131673,LED-001933
2025-11-23,,IMPS,108036,LED-001934
2025-11-27,,BROKER PAYIN,-166520,LED-001935
2025-12-01,2025-12-02,BROKER PAYIN,60851,LED-001936
2025-11-20,2025-11-21,IMPS,41756,LED-001937
2025-11-30,2025-12-02,ATM WDL,28539,LED-001938
2025-12-01,2025-12-03,UPI,86029,LED-001939
2025-11-27,2025-11-29,BROKER PAYIN,-79243,LED-001940
2025-11-27,2025-11-27,AUTO SWEEP,161424,LED-001941
2025-11-25,2025-11-27,ATM WDL,5712,LED-001942
2025-11-26,2025-11-26,ATM WDL,-151162,LED-001943
2025-11-26,2025-11-27,BROKER PAYOUT,148017,LED-001944
2025-11-17,2025-11-17,UPI,-60887,LED-001945
2025-11-23,2025-11-23,BROKER PAYOUT,19719,LED-001946
2025-11-20,2025-11-21,ATM WDL,-23934,LED-001947
2025-11-24,2025-11-24,IMPS,87489,LED-001948
2025-12-01,2025-12-01,,193829,LED-001949
2025-11-30,2025-12-02,ATM WDL,-89252,LED-001950
2025-11-23,2025-11-25,BROKER PAYOUT,-49239,LED-001951
2025-11-19,2025-11-19,BROKER PAYOUT,-177943,LED-001952
2025-11-20,2025-11-22,IMPS,-40489,LED-001953
2025-11-24,2025-11-26,AUTO SWEEP,-113494,LED-001954
2025-11-29,2025-11-30,IMPS,147,LED-001955
2025-11-30,2025-11-30,IMPS,160205,LED-001956
2025-11-17,2025-11-18,UPI,118954,LED-001957
2025-11-20,2025-11-20,ATM WDL,70903,LED-001958
2025-11-29,2025-12-01,BROKER PAYIN,-51734,LED-001959
2025-11-17,2025-11-18,UPI,181710,LED-001960
2025-11-21,2025-11-22,BROKER PAYOUT,84290,LED-001961
2025-11-26,2025-11-26,BROKER PAYOUT,-163054,LED-001962
2025-11-18,2025-11-18,AUTO SWEEP,-53454,LED-001963
2025-11-28,2025-11-28,BROKER PAYOUT,-88531,LED-001964
2025-11-20,2025-11-22,BROKER PAYIN,-62137,LED-001965
2025-11-22,2025-11-22,ATM WDL,-48574,LED-001966
2025-11-25,2025-11-26,ATM WDL,177063,LED-001967
2025-11-17,2025-11-19,AUTO SWEEP,-140269,LED-001968
2025-11-28,2025-11-28,BROKER PAYOUT,101588,LED-001969
2025-11-22,2025-11-22,BROKER PAYIN,-72782,LED-001970
2025-12-01,2025-12-01,BROKER PAYIN,-78298,LED-001971
2025-11-21,2025-11-22,IMPS,147050,LED-001972
2025-11-26,2025-11-27,ATM WDL,-98588,LED-001973
2025-11-24,2025-11-25,BROKER PAYOUT,-12734,LED-001974
2025-11-29,2025-12-01,UPI,-106956,LED-001975
2025-11-25,2025-11-25,UPI,38803,LED-001976
2025-12-01,2025-12-01,AUTO SWEEP,125642,LED-001977
2025-11-22,2025-11-24,UPI,-120713,LED-001978
2025-11-24,2025-11-26,IMPS,-9225,LED-001979
2025-11-18,,AUTO SWEEP,67701,LED-001980
2025-11-25,2025-11-27,ATM WDL,-109298,LED-001981
2025-11-28,2025-11-30,BROKER PAYOUT,90522,LED-001982
2025-11-20,,IMPS,-184527,LED-001983
2025-11-18,2025-11-19,UPI,182904,LED-001984
2025-11-20,,BROKER PAYOUT,-163566,LED-001985
2025-11-26,2025-11-28,AUTO SWEEP,98558,LED-001986
2025-11-30,2025-11-30,BROKER PAYOUT,-57099,LED-001987
2025-11-30,2025-12-02,BROKER PAYOUT,-24765,LED-001988
2025-12-01,2025-12-03,ATM WDL,65776,LED-001989
2025-11-29,2025-11-29,ATM WDL,23789,LED-001990
2025-11-22,2025-11-22,IMPS,-139562,LED-001991
2025-11-29,2025-11-29,BROKER PAYOUT,64147,LED-001992
2025-11-23,2025-11-24,BROKER PAYIN,100462,LED-001993
2025-11-24,,BROKER PAYIN,-192719,LED-001994
2025-11-20,2025-11-21,BROKER PAYIN,29454,LED-001995
2025-11-27,2025-11-28,ATM WDL,-23702,LED-001996
2025-12-01,2025-12-03,IMPS,114024,LED-001997
2025-11-23,2025-11-25,BROKER PAYOUT,-186385,LED-001998
2025-11-24,2025-11-24,AUTO SWEEP,42825,LED-001999
2025-11-18,,BROKER PAYOUT,-119245,LED-002000
2025-11-26,2025-11-28,BROKER PAYOUT,25123,LED-002001
2025-11-24,2025-11-25,IMPS,-110425,LED-002002
2025-11-21,2025-11-21,BROKER PAYOUT,37627,LED-002003
2025-11-21,2025-11-21,AUTO SWEEP,159707,LED-002004
2025-11-25,2025-11-27,AUTO SWEEP,-197031,LED-002005
2025-11-29,2025-11-30,ATM WDL,71232,LED-002006
2025-11-27,,ATM WDL,-110949,LED-002007
2025-11-24,2025-11-25,BROKER PAYOUT,-170419,LED-002008
2025-12-01,2025-12-02,ATM WDL,198711,LED-002009
2025-11-22,2025-11-22,UPI,59691,LED-002010
2025-11-27,,BROKER PAYIN,-18849,LED-002011
2025-11-18,2025-11-19,UPI,10740,LED-002012
2025-11-27,2025-11-29,UPI,-143772,LED-002013
2025-11-20,2025-11-21,IMPS,-156878,LED-002014
2025-12-01,,SUSPICIOUS BULK WITHDRAWAL,-1204588,LED-002015
2025-11-28,2025-11-30,UPI,-187382,LED-002016
2025-11-29,2025-12-01,BROKER PAYIN,131065,LED-002017
2025-11-30,2025-12-02,ATM WDL,16990,LED-002018
2025-11-27,2025-11-29,BROKER PAYIN,-101042,LED-002019
2025-11-30,2025-12-01,,-173447,LED-002020
2025-11-18,2025-11-18,IMPS,23845,LED-002021
2025-11-25,2025-11-27,,65633,LED-002022
2025-11-24,,IMPS,-161989,LED-002023
2025-11-25,2025-11-25,IMPS,25395,LED-002024
2025-11-19,2025-11-19,ATM WDL,161345,LED-002025
2025-12-01,2025-12-03,BROKER PAYOUT,84765,LED-002026
2025-11-29,2025-11-30,ATM WDL,147961,LED-002027
2025-11-30,2025-12-02,AUTO SWEEP,-11416,LED-002028
2025-11-24,2025-11-24,BROKER PAYOUT,-44942,LED-002029
2025-11-29,2025-11-29,BROKER PAYIN,-185914,LED-002030
2025-11-20,2025-11-21,IMPS,-118480,LED-002031
2025-11-24,2025-11-25,IMPS,63357,LED-002032
2025-11-22,2025-11-23,IMPS,120804,LED-002033
2025-11-23,2025-11-24,BROKER PAYOUT,-89198,LED-002034
2025-11-26,2025-11-26,BROKER PAYOUT,73938,LED-002035
2025-11-30,2025-12-01,BROKER PAYIN,-169183,LED-002036
2025-11-27,2025-11-29,ATM WDL,-191193,LED-002037
2025-12-01,,BROKER PAYOUT,125800,LED-002038
2025-11-23,2025-11-25,AUTO SWEEP,-167740,LED-002039
2025-11-29,2025-12-01,BROKER PAYOUT,170096,LED-002040
2025-12-01,2025-12-03,BROKER PAYOUT,-198577,LED-002041
2025-11-18,2025-11-18,AUTO SWEEP,156348,LED-002042
2025-11-29,2025-12-01,BROKER PAYOUT,185513,LED-002043
2025-11-20,2025-11-20,ATM WDL,-40689,LED-002044
2025-11-29,2025-11-30,AUTO SWEEP,-28785,LED-002045
2025-11-28,2025-11-28,AUTO SWEEP,-129521,LED-002046
2025-11-26,,IMPS,179710,LED-002047
2025-11-25,2025-11-25,BROKER PAYIN,180034,LED-002048
2025-11-30,2025-12-02,IMPS,32881,LED-002049
2025-11-27,2025-11-28,IMPS,-22439,LED-002050
2025-11-18,2025-11-18,IMPS,-195196,LED-002051
2025-11-30,2025-12-01,IMPS,150244,LED-002052
2025-11-20,2025-11-20,BROKER PAYOUT,66850,LED-002053
2025-11-20,2025-11-20,BROKER PAYIN,-8225,LED-002054
2025-11-23,,UPI,136,LED-002055
2025-11-18,2025-11-18,BROKER PAYOUT,1231,LED-002056
2025-11-26,2025-11-26,BROKER PAYIN,-178622,LED-002057
2025-11-21,2025-11-21,BROKER PAYOUT,85499,LED-002058
2025-11-23,2025-11-23,ATM WDL,-109303,LED-002059
2025-11-17,2025-11-19,IMPS,-178416,LED-002060
2025-11-28,2025-11-28,BROKER PAYOUT,-4523,LED-002061
2025-11-27,2025-11-28,BROKER PAYIN,93867,LED-002062
2025-12-01,2025-12-02,ATM WDL,144737,LED-002063
2025-11-24,2025-11-26,UPI,-101060,LED-002064
2025-11-27,2025-11-27,UPI,77545,LED-002065
2025-11-25,2025-11-25,BROKER PAYOUT,-96864,LED-002066
2025-11-27,2025-11-29,BROKER PAYIN,-26814,LED-002067
2025-11-17,2025-11-17,UPI,-174885,LED-002068
2025-11-19,2025-11-21,IMPS,-1655,LED-002069
2025-11-28,2025-11-28,UPI,-51266,LED-002070
2025-11-30,2025-11-30,UPI,10965,LED-002071
2025-11-22,2025-11-22,AUTO SWEEP,-23708,LED-002072
2025-11-19,2025-11-21,,73346,LED-002073
2025-11-21,2025-11-21,BROKER PAYIN,179246,LED-002074
2025-11-29,2025-11-29,AUTO SWEEP,-145611,LED-002075
2025-11-27,2025-11-28,,51103,LED-002076
2025-11-23,2025-11-23,ATM WDL,-115973,LED-002077
2025-11-25,2025-11-27,UPI,91582,LED-002078
2025-12-01,,IMPS,-157314,LED-002079
2025-11-19,2025-11-19,AUTO SWEEP,-173970,LED-002080
2025-11-26,2025-11-26,,38138,LED-002081
2025-11-21,2025-11-23,AUTO SWEEP,-173838,LED-002082
2025-12-01,2025-12-02,UPI,117789,LED-002083
2025-11-29,2025-11-30,AUTO SWEEP,-91389,LED-002084
2025-12-01,2025-12-02,BROKER PAYOUT,27101,LED-002085
2025-11-17,2025-11-17,IMPS,106175,LED-002086
2025-11-21,2025-11-23,ATM WDL,-7932,LED-002087
2025-11-27,,AUTO SWEEP,-192039,LED-002088
2025-11-30,2025-11-30,IMPS,630,LED-002089
2025-11-20,2025-11-21,BROKER PAYIN,9033,LED-002090
2025-11-19,2025-11-21,IMPS,-3484,LED-002091
2025-11-17,2025-11-18,AUTO SWEEP,-69512,LED-002092
2025-11-21,2025-11-22,UPI,177838,LED-002093
2025-11-28,2025-11-28,BROKER PAYOUT,61297,LED-002094
2025-11-29,2025-11-29,UPI,-130165,LED-002095
2025-11-23,,UPI,105424,LED-002096
2025-11-26,2025-11-26,UPI,171036,LED-002097
2025-11-21,2025-11-21,BROKER PAYOUT,-162594,LED-002098
2025-11-18,2025-11-18,UPI,-96023,LED-002099
2025-11-29,2025-11-29,BROKER PAYOUT,54013,LED-002100
2025-11-17,,BROKER PAYIN,36323,LED-002101
2025-11-22,2025-11-23,BROKER PAYIN,-40789,LED-002102
2025-11-24,2025-11-24,AUTO SWEEP,140756,LED-002103
2025-11-22,2025-11-24,ATM WDL,-54503,LED-002104
2025-11-18,2025-11-18,UPI,-58762,LED-002105
2025-11-27,2025-11-28,BROKER PAYOUT,-87762,LED-002106
2025-11-27,2025-11-28,IMPS,-10742,LED-002107
2025-11-27,2025-11-28,AUTO SWEEP,33181,LED-002108
2025-11-18,2025-11-20,BROKER PAYOUT,-12483,LED-002109
2025-12-01,2025-12-01,UPI,-190198,LED-002110
2025-11-26,2025-11-27,BROKER PAYOUT,-105212,LED-002111
2025-11-20,2025-11-21,UPI,-179641,LED-002112
2025-11-17,2025-11-18,BROKER PAYOUT,114429,LED-002113
2025-11-25,2025-11-27,BROKER PAYIN,178423,LED-002114
2025-11-28,2025-11-30,BROKER PAYOUT,-53761,LED-002115
2025-11-19,2025-11-21,UPI,50677,LED-002116
2025-11-26,2025-11-26,AUTO SWEEP,-64711,LED-002117
2025-11-25,2025-11-26,UPI,-186390,LED-002118
2025-11-21,2025-11-21,IMPS,99288,LED-002119
2025-12-01,2025-12-01,SUSPICIOUS BULK WITHDRAWAL,-1293009,LED-002120
2025-11-30,2025-11-30,IMPS,187320,LED-002121
2025-11-17,2025-11-18,UPI,69313,LED-002122
2025-12-01,2025-12-01,AUTO SWEEP,189944,LED-002123
2025-11-17,2025-11-17,BROKER PAYOUT,-107685,LED-002124
2025-12-01,,BROKER PAYIN,-94661,LED-002125
2025-11-17,2025-11-18,IMPS,-60314,LED-002126
2025-11-26,2025-11-28,BROKER PAYIN,116374,LED-002127
2025-11-21,2025-11-21,IMPS,-28771,LED-002128
2025-11-25,2025-11-25,BROKER PAYIN,-108127,LED-002129
2025-11-24,2025-11-25,ATM WDL,-35681,LED-002130
2025-11-24,2025-11-25,AUTO SWEEP,-10119,LED-002131
2025-11-26,2025-11-27,UPI,191032,LED-002132
2025-11-27,2025-11-29,UPI,174960,LED-002133
2025-11-22,2025-11-23,BROKER PAYIN,-29893,LED-002134
2025-11-28,2025-11-29,IMPS,36996,LED-002135
2025-11-22,2025-11-22,BROKER PAYIN,-21096,LED-002136
2025-11-17,2025-11-19,ATM WDL,-166488,LED-002137
2025-12-01,2025-12-02,BROKER PAYOUT,105451,LED-002138
2025-11-27,2025-11-27,BROKER PAYIN,33500,LED-002139
2025-11-29,2025-12-01,BROKER PAYIN,-173109,LED-002140
2025-11-28,2025-11-28,BROKER PAYOUT,-64915,LED-002141
2025-11-27,2025-11-28,AUTO SWEEP,-121247,LED-002142
2025-11-29,2025-12-01,ATM WDL,-112894,LED-002143
2025-11-24,2025-11-26,ATM WDL,-166259,LED-002144
2025-11-20,2025-11-22,UPI,186730,LED-002145
2025-11-27,2025-11-29,UPI,-64078,LED-002146
2025-11-17,2025-11-18,AUTO SWEEP,-199613,LED-002147
2025-11-30,2025-11-30,SUSPICIOUS BULK WITHDRAWAL,-868482,LED-002148
2025-11-18,2025-11-20,SUSPICIOUS BULK WITHDRAWAL,-1816978,LED-002149
2025-11-22,2025-11-24,BROKER PAYIN,-147548,LED-002150
2025-11-22,2025-11-22,,9858,LED-002151
2025-11-27,2025-11-29,IMPS,-63775,LED-002152
2025-11-17,,AUTO SWEEP,175138,LED-002153
2025-11-22,2025-11-23,UPI,151022,LED-002154
2025-11-20,2025-11-20,IMPS,-74508,LED-002155
2025-11-27,2025-11-29,BROKER PAYOUT,-90653,LED-002156
2025-11-26,2025-11-27,UPI,-182594,LED-002157
2025-11-27,2025-11-27,,-142693,LED-002158
2025-11-30,,IMPS,-138628,LED-002159
2025-11-25,2025-11-25,,-169633,LED-002160
2025-11-25,,IMPS,-112651,LED-002161
2025-12-01,2025-12-03,BROKER PAYIN,166501,LED-002162
2025-11-18,2025-11-18,,-128300,LED-002163
2025-11-27,2025-11-27,ATM WDL,87753,LED-002164
2025-11-18,2025-11-19,AUTO SWEEP,-70690,LED-002165
2025-12-01,2025-12-03,BROKER PAYIN,-117261,LED-002166
2025-11-18,2025-11-18,AUTO SWEEP,87583,LED-002167
2025-11-28,2025-11-28,,155692,LED-002168
2025-11-24,2025-11-24,UPI,-94072,LED-002169
2025-11-26,2025-11-26,UPI,-48280,LED-002170
2025-11-22,2025-11-22,BROKER PAYIN,112435,LED-002171
2025-11-26,2025-11-28,BROKER PAYIN,15106,LED-002172
2025-11-30,2025-12-01,BROKER PAYIN,-32864,LED-002173
2025-11-20,,SUSPICIOUS BULK WITHDRAWAL,-517685,LED-002174
2025-11-26,2025-11-28,BROKER PAYOUT,167704,LED-002175
2025-11-18,2025-11-18,BROKER PAYIN,-11017,LED-002176
2025-11-21,2025-11-23,ATM WDL,30070,LED-002177
2025-11-20,2025-11-21,ATM WDL,61411,LED-002178
2025-11-30,2025-12-01,AUTO SWEEP,50656,LED-002179
2025-12-01,2025-12-02,BROKER PAYIN,68005,LED-002180
2025-11-25,2025-11-25,ATM WDL,-173779,LED-002181
2025-11-23,,ATM WDL,128774,LED-002182
2025-11-19,2025-11-19,IMPS,-61329,LED-002183
2025-11-23,2025-11-25,IMPS,114695,LED-002184
2025-11-25,,BROKER PAYOUT,22167,LED-002185
2025-11-25,,UPI,-127351,LED-002186
2025-11-20,2025-11-21,IMPS,155720,LED-002187
2025-11-22,2025-11-22,AUTO SWEEP,30650,LED-002188
2025-12-01,2025-12-01,SUSPICIOUS BULK WITHDRAWAL,-661732,LED-002189
2025-11-18,2025-11-18,UPI,60403,LED-002190
2025-11-23,2025-11-25,UPI,-37268,LED-002191
2025-11-24,2025-11-26,AUTO SWEEP,-34904,LED-002192
2025-11-17,2025-11-18,BROKER PAYIN,137419,LED-002193
2025-11-20,2025-11-22,BROKER PAYIN,-191762,LED-002194
2025-11-19,2025-11-19,ATM WDL,179203,LED-002195
2025-11-30,2025-12-01,BROKER PAYOUT,-24832,LED-002196
2025-11-21,2025-11-22,BROKER PAYIN,30715,LED-002197
2025-11-27,2025-11-29,UPI,41580,LED-002198
2025-11-20,2025-11-21,,-58576,LED-002199
2025-11-21,2025-11-23,BROKER PAYIN,-25371,LED-002200
2025-11-22,2025-11-24,,-189169,LED-002201
2025-11-20,,BROKER PAYIN,-133038,LED-002202
2025-11-28,2025-11-29,ATM WDL,-432,LED-002203
2025-11-25,2025-11-25,UPI,-27319,LED-002204
2025-11-19,,UPI,137944,LED-002205
2025-11-18,2025-11-18,BROKER PAYIN,-33753,LED-002206
2025-12-01,2025-12-03,ATM WDL,1224,LED-002207
2025-11-20,2025-11-22,AUTO SWEEP,-116590,LED-002208
2025-11-29,2025-11-30,ATM WDL,53509,LED-002209
2025-11-19,2025-11-19,BROKER PAYOUT,134409,LED-002210
2025-11-18,2025-11-20,,-115914,LED-002211
2025-12-01,2025-12-01,AUTO SWEEP,-43461,LED-002212
2025-11-18,2025-11-18,BROKER PAYOUT,-10812,LED-002213
2025-11-20,2025-11-21,AUTO SWEEP,50462,LED-002214
2025-11-23,2025-11-23,ATM WDL,1120,LED-002215
2025-11-21,2025-11-21,IMPS,-174761,LED-002216
2025-11-19,2025-11-21,AUTO SWEEP,61759,LED-002217
2025-11-19,2025-11-19,ATM WDL,37934,LED-002218
2025-11-28,2025-11-29,ATM WDL,104810,LED-002219
2025-11-27,2025-11-29,ATM WDL,-148421,LED-002220
2025-11-27,2025-11-27,UPI,-62989,LED-002221
2025-11-23,2025-11-23,UPI,122800,LED-002222
2025-11-27,2025-11-28,ATM WDL,-72712,LED-002223
2025-11-17,2025-11-19,BROKER PAYOUT,932,LED-002224
2025-11-18,2025-11-20,AUTO SWEEP,62213,LED-002225
2025-11-19,2025-11-20,IMPS,-184117,LED-002226
2025-11-30,2025-12-01,AUTO SWEEP,-97722,LED-002227
2025-11-20,2025-11-22,UPI,-180219,LED-002228
2025-11-23,2025-11-23,ATM WDL,100544,LED-002229
2025-11-28,2025-11-28,BROKER PAYOUT,-161529,LED-002230
2025-11-17,2025-11-19,AUTO SWEEP,124315,LED-002231
2025-11-29,2025-11-29,AUTO SWEEP,58013,LED-002232
2025-11-22,2025-11-22,UPI,105071,LED-002233
2025-11-22,2025-11-22,ATM WDL,-10131,LED-002234
2025-11-28,2025-11-30,BROKER PAYOUT,45321,LED-002235
2025-11-25,2025-11-26,AUTO SWEEP,143515,LED-002236
2025-11-19,2025-11-21,IMPS,-132898,LED-002237
2025-11-19,,IMPS,-15545,LED-002238
2025-11-21,2025-11-21,AUTO SWEEP,-159219,LED-002239
2025-11-28,2025-11-28,,-106095,LED-002240
2025-11-29,2025-11-29,ATM WDL,-135887,LED-002241
2025-11-19,2025-11-20,IMPS,23523,LED-002242
2025-11-30,2025-12-02,AUTO SWEEP,-127607,LED-002243
2025-11-20,2025-11-20,IMPS,-166824,LED-002244
2025-11-29,2025-11-30,AUTO SWEEP,169966,LED-002245
2025-11-26,,AUTO SWEEP,146442,LED-002246
2025-11-29,2025-11-29,IMPS,186278,LED-002247
2025-11-21,2025-11-21,BROKER PAYOUT,27660,LED-002248
2025-11-24,2025-11-25,BROKER PAYOUT,46724,LED-002249
2025-12-01,2025-12-02,UPI,-115363,LED-002250
2025-11-26,2025-11-28,UPI,-149796,LED-002251
2025-11-24,,AUTO SWEEP,125698,LED-002252
2025-11-29,2025-12-01,BROKER PAYOUT,66127,LED-002253
2025-12-01,2025-12-01,UPI,-90691,LED-002254
2025-11-18,2025-11-19,BROKER PAYOUT,163646,LED-002255
2025-12-01,2025-12-02,ATM WDL,90087,LED-002256
2025-11-28,2025-11-30,IMPS,197768,LED-002257
2025-11-29,2025-11-30,BROKER PAYIN,-9927,LED-002258
2025-11-25,2025-11-26,BROKER PAYIN,146679,LED-002259
2025-12-01,2025-12-03,IMPS,1888,LED-002260
2025-11-23,2025-11-24,IMPS,-93244,LED-002261
2025-12-01,2025-12-03,SUSPICIOUS BULK WITHDRAWAL,-609407,LED-002262
2025-11-28,2025-11-28,IMPS,125201,LED-002263
2025-11-28,2025-11-30,UPI,-127605,LED-002264
2025-11-26,2025-11-27,BROKER PAYOUT,-198752,LED-002265
2025-11-18,2025-11-19,BROKER PAYOUT,198936,LED-002266
2025-11-28,2025-11-28,SUSPICIOUS BULK WITHDRAWAL,-905321,LED-002267
2025-11-25,,AUTO SWEEP,-122331,LED-002268
2025-11-27,2025-11-29,UPI,66656,LED-002269
2025-11-19,2025-11-19,UPI,-68024,LED-002270
2025-11-19,,AUTO SWEEP,147016,LED-002271
2025-11-17,2025-11-17,ATM WDL,-84553,LED-002272
2025-11-27,2025-11-27,AUTO SWEEP,141541,LED-002273
2025-11-28,2025-11-29,AUTO SWEEP,-111743,LED-002274
2025-11-17,2025-11-17,UPI,19262,LED-002275
2025-11-30,,,-15089,LED-002276
2025-11-20,2025-11-22,IMPS,-41778,LED-002277
2025-11-19,2025-11-20,AUTO SWEEP,26767,LED-002278
2025-11-30,2025-12-02,AUTO SWEEP,-159481,LED-002279
2025-11-27,2025-11-28,BROKER PAYOUT,127443,LED-002280
2025-11-25,2025-11-27,BROKER PAYOUT,119526,LED-002281
2025-11-23,2025-11-23,ATM WDL,-39515,LED-002282
2025-11-29,2025-11-30,BROKER PAYOUT,-164844,LED-002283
2025-11-18,2025-11-18,ATM WDL,88611,LED-002284
2025-11-17,2025-11-19,BROKER PAYIN,-157684,LED-002285
2025-11-26,2025-11-27,UPI,-146502,LED-002286
2025-11-28,2025-11-28,AUTO SWEEP,11080,LED-002287
2025-11-28,,UPI,159069,LED-002288
2025-11-26,2025-11-27,ATM WDL,157614,LED-002289
2025-11-22,,ATM WDL,125543,LED-002290
2025-11-26,2025-11-28,ATM WDL,111375,LED-002291
2025-11-20,2025-11-22,BROKER PAYIN,-26383,LED-002292
2025-11-18,2025-11-20,AUTO SWEEP,-18662,LED-002293
2025-11-27,2025-11-29,AUTO SWEEP,-170114,LED-002294
2025-12-01,2025-12-03,BROKER PAYOUT,24373,LED-002295
2025-11-20,2025-11-21,BROKER PAYOUT,-81129,LED-002296
2025-11-24,2025-11-26,BROKER PAYIN,171230,LED-002297
2025-11-25,2025-11-25,SUSPICIOUS BULK WITHDRAWAL,-1537008,LED-002298
2025-11-28,2025-11-28,BROKER PAYOUT,-96779,LED-002299
2025-11-19,,UPI,-125230,LED-002300
2025-11-21,2025-11-21,UPI,-183974,LED-002301
2025-11-24,2025-11-24,AUTO SWEEP,128790,LED-002302
2025-11-25,2025-11-25,IMPS,28767,LED-002303
2025-11-17,2025-11-19,BROKER PAYIN,-80703,LED-002304
2025-12-01,2025-12-03,UPI,-153682,LED-002305
2025-11-25,,BROKER PAYOUT,71396,LED-002306
2025-11-22,2025-11-24,AUTO SWEEP,42810,LED-002307
2025-11-22,2025-11-23,AUTO SWEEP,63542,LED-002308
2025-11-22,2025-11-23,ATM WDL,-30711,LED-002309
2025-12-01,2025-12-01,IMPS,138867,LED-002310
2025-11-17,2025-11-19,ATM WDL,-197965,LED-002311
2025-11-28,2025-11-28,AUTO SWEEP,86086,LED-002312
2025-11-22,2025-11-22,ATM WDL,-117468,LED-002313
2025-11-26,2025-11-27,BROKER PAYOUT,-73506,LED-002314
2025-11-18,2025-11-19,UPI,134599,LED-002315
2025-11-30,2025-12-02,IMPS,97491,LED-002316
2025-11-28,2025-11-28,UPI,38647,LED-002317
2025-11-25,2025-11-25,AUTO SWEEP,80125,LED-002318
2025-11-22,2025-11-24,AUTO SWEEP,-84937,LED-002319
2025-11-19,2025-11-20,AUTO SWEEP,-199566,LED-002320
2025-11-22,2025-11-24,IMPS,-186099,LED-002321
2025-11-25,2025-11-27,AUTO SWEEP,40064,LED-002322
2025-11-21,,BROKER PAYIN,-66411,LED-002323
2025-11-22,2025-11-23,ATM WDL,-173756,LED-002324
2025-11-25,2025-11-26,AUTO SWEEP,-130663,LED-002325
2025-11-17,2025-11-18,BROKER PAYOUT,198004,LED-002326
2025-11-20,2025-11-21,IMPS,146195,LED-002327
2025-11-25,2025-11-26,ATM WDL,-160386,LED-002328
2025-11-18,2025-11-19,AUTO SWEEP,-140588,LED-002329
2025-11-25,2025-11-27,UPI,-180862,LED-002330
2025-11-17,2025-11-18,AUTO SWEEP,181559,LED-002331
2025-11-24,2025-11-25,,-90979,LED-002332
2025-11-18,2025-11-20,UPI,-100609,LED-002333
2025-11-26,2025-11-26,AUTO SWEEP,-86182,LED-002334
2025-11-28,2025-11-29,BROKER PAYOUT,-86707,LED-002335
2025-11-28,2025-11-30,UPI,-94175,LED-002336
2025-11-20,2025-11-21,AUTO SWEEP,-30770,LED-002337
2025-11-29,,BROKER PAYOUT,-22821,LED-002338
2025-11-17,2025-11-18,,-100161,LED-002339
2025-11-20,2025-11-22,BROKER PAYIN,-18458,LED-002340
2025-11-23,2025-11-25,AUTO SWEEP,-146018,LED-002341
2025-11-22,2025-11-24,BROKER PAYOUT,-172105,LED-002342
2025-11-22,2025-11-22,AUTO SWEEP,153498,LED-002343
2025-11-21,2025-11-21,SUSPICIOUS BULK WITHDRAWAL,-1390879,LED-002344
2025-11-24,,IMPS,-35355,LED-002345
2025-11-30,2025-12-01,UPI,-139110,LED-002346
2025-11-24,2025-11-25,BROKER PAYOUT,190620,LED-002347
2025-11-24,2025-11-25,IMPS,-82838,LED-002348
2025-11-20,2025-11-21,BROKER PAYIN,-7302,LED-002349
2025-11-17,2025-11-18,UPI,4379,LED-002350
2025-11-21,,IMPS,-95400,LED-002351
2025-11-30,2025-12-02,BROKER PAYOUT,-29035,LED-002352
2025-11-17,2025-11-17,ATM WDL,-27257,LED-002353
2025-11-25,2025-11-26,AUTO SWEEP,-108969,LED-002354
2025-11-18,,IMPS,184298,LED-002355
2025-11-28,2025-11-28,AUTO SWEEP,-145619,LED-002356
2025-11-25,2025-11-26,BROKER PAYIN,106146,LED-002357
2025-11-18,2025-11-19,BROKER PAYIN,-168886,LED-002358
2025-11-23,2025-11-23,AUTO SWEEP,-164443,LED-002359
2025-11-23,2025-11-24,BROKER PAYIN,-136958,LED-002360
2025-11-18,2025-11-20,AUTO SWEEP,-70218,LED-002361
2025-12-01,2025-12-01,BROKER PAYIN,-69699,LED-002362
2025-11-24,2025-11-24,IMPS,-118767,LED-002363
2025-11-18,2025-11-18,UPI,-50061,LED-002364
2025-11-27,2025-11-27,BROKER PAYOUT,-180365,LED-002365
2025-11-29,2025-11-30,SUSPICIOUS BULK WITHDRAWAL,-712815,LED-002366
2025-11-21,2025-11-23,AUTO SWEEP,187668,LED-002367
2025-11-21,2025-11-21,UPI,169626,LED-002368
2025-11-26,2025-11-28,AUTO SWEEP,53132,LED-002369
2025-11-23,,ATM WDL,-102485,LED-002370
2025-11-21,2025-11-23,IMPS,88641,LED-002371
2025-11-25,2025-11-25,IMPS,-132248,LED-002372
2025-11-28,2025-11-30,ATM WDL,-98198,LED-002373
2025-11-25,2025-11-27,IMPS,140321,LED-002374
2025-12-01,2025-12-01,BROKER PAYIN,-47472,LED-002375
2025-11-17,2025-11-19,BROKER PAYOUT,170923,LED-002376
2025-11-17,2025-11-19,BROKER PAYOUT,91482,LED-002377
2025-11-20,2025-11-20,UPI,-138900,LED-002378
2025-11-29,2025-12-01,IMPS,-159618,LED-002379
2025-11-17,2025-11-18,IMPS,82563,LED-002380
2025-11-27,2025-11-29,UPI,-67703,LED-002381
2025-11-19,2025-11-19,BROKER PAYIN,43480,LED-002382
2025-11-26,2025-11-28,ATM WDL,54019,LED-002383
2025-11-29,2025-12-01,ATM WDL,-99349,LED-002384
2025-11-26,2025-11-27,,126315,LED-002385
2025-11-19,,BROKER PAYOUT,92431,LED-002386
2025-11-21,2025-11-21,AUTO SWEEP,-139542,LED-002387
2025-11-24,2025-11-26,ATM WDL,39539,LED-002388
2025-11-21,2025-11-22,ATM WDL,76394,LED-002389
2025-11-29,,BROKER PAYIN,47983,LED-002390
2025-11-28,2025-11-29,BROKER PAYOUT,110263,LED-002391
2025-11-27,2025-11-27,BROKER PAYIN,20554,LED-002392
2025-11-21,2025-11-23,IMPS,-128362,LED-002393
2025-11-20,2025-11-20,UPI,-145783,LED-002394
2025-11-18,2025-11-20,UPI,352,LED-002395
2025-11-23,,UPI,-169666,LED-002396
2025-11-27,2025-11-27,BROKER PAYOUT,-177148,LED-002397
2025-11-19,2025-11-20,UPI,143942,LED-002398
2025-11-30,2025-11-30,BROKER PAYOUT,-175712,LED-002399
2025-11-17,2025-11-18,AUTO SWEEP,-92124,LED-002400
2025-11-21,2025-11-22,BROKER PAYOUT,18224,LED-002401
2025-11-25,2025-11-26,ATM WDL,-110312,LED-002402
2025-11-30,2025-12-02,ATM WDL,53883,LED-002403
2025-11-22,2025-11-23,UPI,160030,LED-002404
2025-11-27,2025-11-27,BROKER PAYOUT,-144257,LED-002405
2025-11-17,2025-11-17,BROKER PAYIN,103053,LED-002406
2025-11-23,2025-11-24,BROKER PAYOUT,189291,LED-002407
2025-12-01,2025-12-01,ATM WDL,-150506,LED-002408
2025-11-28,2025-11-28,BROKER PAYOUT,156192,LED-002409
2025-11-22,2025-11-23,ATM WDL,38694,LED-002410
2025-11-18,2025-11-19,UPI,56517,LED-002411
2025-11-30,2025-12-01,AUTO SWEEP,-73133,LED-002412
2025-11-17,2025-11-18,AUTO SWEEP,140589,LED-002413
2025-11-24,2025-11-25,ATM WDL,26662,LED-002414
2025-11-26,2025-11-28,IMPS,-153524,LED-002415
2025-11-23,2025-11-24,UPI,106500,LED-002416
2025-11-18,2025-11-18,UPI,-57109,LED-002417
2025-11-27,2025-11-28,BROKER PAYOUT,-77617,LED-002418
2025-11-17,2025-11-19,BROKER PAYOUT,-26484,LED-002419
2025-11-18,2025-11-18,AUTO SWEEP,75131,LED-002420
2025-12-01,2025-12-03,BROKER PAYIN,74692,LED-002421
2025-11-27,2025-11-29,AUTO SWEEP,-173269,LED-002422
2025-11-22,2025-11-24,AUTO SWEEP,68305,LED-002423
2025-11-18,,UPI,-94909,LED-002424
2025-11-23,2025-11-23,UPI,66340,LED-002425
2025-11-21,2025-11-23,BROKER PAYOUT,-193788,LED-002426
2025-11-26,2025-11-28,AUTO SWEEP,64142,LED-002427
2025-12-01,2025-12-02,BROKER PAYOUT,-120937,LED-002428
2025-11-17,2025-11-18,BROKER PAYIN,190064,LED-002429
2025-11-19,2025-11-21,AUTO SWEEP,118643,LED-002430
2025-11-20,2025-11-22,AUTO SWEEP,-48783,LED-002431
2025-11-20,2025-11-21,BROKER PAYOUT,-47403,LED-002432
2025-11-26,2025-11-26,AUTO SWEEP,-184729,LED-002433
2025-11-25,2025-11-27,ATM WDL,58813,LED-002434
2025-11-29,2025-12-01,BROKER PAYOUT,189129,LED-002435
2025-11-23,,IMPS,6288,LED-002436
2025-11-19,2025-11-19,AUTO SWEEP,54760,LED-002437
2025-11-23,,ATM WDL,176147,LED-002438
2025-11-21,2025-11-21,UPI,-97579,LED-002439
2025-11-25,2025-11-26,BROKER PAYIN,170712,LED-002440
2025-11-28,2025-11-28,UPI,-82582,LED-002441
2025-12-01,2025-12-02,UPI,-110102,LED-002442
2025-11-29,2025-11-30,UPI,135486,LED-002443
2025-11-24,2025-11-24,IMPS,-34972,LED-002444
2025-12-01,2025-12-03,BROKER PAYIN,124356,LED-002445
2025-11-26,2025-11-27,BROKER PAYIN,43837,LED-002446
2025-11-17,2025-11-19,ATM WDL,56899,LED-002447
2025-12-01,2025-12-03,BROKER PAYOUT,94818,LED-002448
2025-11-21,2025-11-21,UPI,132108,LED-002449
2025-11-24,2025-11-24,,12095,LED-002450
2025-11-20,2025-11-21,IMPS,-62214,LED-002451
2025-12-01,2025-12-01,IMPS,-193911,LED-002452
2025-11-21,2025-11-21,UPI,-72550,LED-002453
2025-11-18,2025-11-18,UPI,-26840,LED-002454
2025-11-17,2025-11-19,AUTO SWEEP,5833,LED-002455
2025-11-30,2025-11-30,BROKER PAYIN,87179,LED-002456
2025-11-18,2025-11-18,ATM WDL,-6644,LED-002457
2025-11-22,2025-11-24,BROKER PAYOUT,10760,LED-002458
2025-11-24,2025-11-24,IMPS,37003,LED-002459
2025-11-29,2025-11-29,AUTO SWEEP,157199,LED-002460
2025-11-25,2025-11-25,SUSPICIOUS BULK WITHDRAWAL,-1504497,LED-002461
2025-11-28,2025-11-28,BROKER PAYIN,27192,LED-002462
2025-11-24,2025-11-25,ATM WDL,-38472,LED-002463
2025-11-18,2025-11-20,BROKER PAYIN,-108950,LED-002464
2025-11-26,2025-11-26,UPI,60032,LED-002465
2025-11-20,2025-11-22,IMPS,-51590,LED-002466
2025-11-21,2025-11-21,BROKER PAYIN,-56388,LED-002467
2025-11-22,,BROKER PAYOUT,-16738,LED-002468
2025-11-19,,AUTO SWEEP,-117038,LED-002469
2025-11-29,2025-12-01,IMPS,-89116,LED-002470
2025-11-22,,BROKER PAYIN,45940,LED-002471
2025-11-18,2025-11-18,AUTO SWEEP,170532,LED-002472
2025-11-21,,BROKER PAYOUT,-170160,LED-002473
2025-11-25,2025-11-26,ATM WDL,150434,LED-002474
2025-11-25,2025-11-26,UPI,-147390,LED-002475
2025-11-18,2025-11-18,BROKER PAYIN,-187755,LED-002476
2025-12-01,2025-12-02,BROKER PAYOUT,-109588,LED-002477
2025-11-27,2025-11-29,AUTO SWEEP,123177,LED-002478
2025-11-21,2025-11-22,ATM WDL,148405,LED-002479
2025-11-22,2025-11-22,AUTO SWEEP,134870,LED-002480
2025-11-25,2025-11-26,BROKER PAYOUT,-48496,LED-002481
2025-11-26,2025-11-27,UPI,-195653,LED-002482
2025-11-23,,BROKER PAYOUT,-128542,LED-002483
2025-11-27,2025-11-28,BROKER PAYIN,89444,LED-002484
2025-11-17,2025-11-19,IMPS,191657,LED-002485
2025-11-28,2025-11-29,UPI,-167431,LED-002486
2025-11-21,2025-11-21,UPI,186394,LED-002487
2025-11-30,2025-12-02,ATM WDL,34328,LED-002488
2025-11-23,2025-11-24,IMPS,146066,LED-002489
2025-11-29,2025-12-01,IMPS,177632,LED-002490
2025-11-30,2025-12-02,UPI,84352,LED-002491
2025-11-18,,ATM WDL,176669,LED-002492
2025-11-25,2025-11-25,UPI,-169785,LED-002493
2025-11-20,2025-11-22,AUTO SWEEP,-153227,LED-002494
2025-11-19,2025-11-21,IMPS,50239,LED-002495
2025-11-18,2025-11-20,BROKER PAYIN,-66282,LED-002496
2025-12-01,2025-12-03,ATM WDL,42675,LED-002497
2025-11-23,2025-11-23,SUSPICIOUS BULK WITHDRAWAL,-1049406,LED-002498
2025-11-21,2025-11-23,BROKER PAYIN,-12341,LED-002499
2025-11-19,,BROKER PAYIN,-53107,LED-002500
2025-11-30,2025-11-30,IMPS,70127,LED-002501
2025-11-21,2025-11-21,BROKER PAYOUT,-110575,LED-002502
2025-11-19,2025-11-21,ATM WDL,-114913,LED-002503
2025-11-19,2025-11-20,AUTO SWEEP,-123087,LED-002504
2025-11-29,2025-11-29,UPI,-197176,LED-002505
2025-11-26,2025-11-26,AUTO SWEEP,-37280,LED-002506
2025-11-29,2025-11-30,AUTO SWEEP,-115605,LED-002507
2025-11-18,2025-11-19,AUTO SWEEP,8644,LED-002508
2025-11-24,,BROKER PAYOUT,-134383,LED-002509
2025-11-25,2025-11-25,BROKER PAYOUT,-67372,LED-002510
2025-11-29,,UPI,-77801,LED-002511
2025-11-30,,IMPS,-134311,LED-002512
2025-11-30,2025-12-02,BROKER PAYOUT,-156531,LED-002513
2025-11-20,2025-11-22,UPI,40599,LED-002514
2025-11-27,2025-11-29,IMPS,20845,LED-002515
2025-11-22,2025-11-22,UPI,-197842,LED-002516
2025-11-22,2025-11-22,AUTO SWEEP,10051,LED-002517
2025-11-23,2025-11-25,UPI,-185486,LED-002518
2025-11-29,2025-11-30,UPI,158560,LED-002519
2025-11-25,2025-11-27,BROKER PAYOUT,-133945,LED-002520
2025-11-20,2025-11-22,BROKER PAYOUT,112902,LED-002521
2025-11-17,2025-11-17,UPI,114382,LED-002522
2025-11-25,2025-11-25,ATM WDL,-15618,LED-002523
2025-11-19,2025-11-21,IMPS,-102396,LED-002524
2025-11-21,2025-11-23,BROKER PAYIN,-187874,LED-002525
2025-11-27,2025-11-28,UPI,-24259,LED-002526
2025-11-23,2025-11-23,ATM WDL,178768,LED-002527
2025-11-29,2025-11-30,AUTO SWEEP,-113469,LED-002528
2025-11-19,2025-11-21,BROKER PAYOUT,188565,LED-002529
2025-11-24,2025-11-25,UPI,-65769,LED-002530
2025-11-23,,ATM WDL,-129802,LED-002531
2025-11-26,2025-11-27,ATM WDL,-33874,LED-002532
2025-11-20,2025-11-22,IMPS,-30245,LED-002533
2025-11-25,2025-11-25,BROKER PAYIN,-122216,LED-002534
2025-11-18,2025-11-20,UPI,-165888,LED-002535
2025-11-25,2025-11-25,IMPS,-20014,LED-002536
2025-11-30,,AUTO SWEEP,-70422,LED-002537
2025-11-24,2025-11-26,BROKER PAYIN,-28430,LED-002538
2025-11-28,2025-11-30,IMPS,-47239,LED-002539
2025-11-21,2025-11-21,AUTO SWEEP,-6457,LED-002540
2025-12-01,2025-12-01,BROKER PAYOUT,150502,LED-002541
2025-11-23,2025-11-24,AUTO SWEEP,105965,LED-002542
2025-11-19,,BROKER PAYIN,98295,LED-002543
2025-11-24,2025-11-24,AUTO SWEEP,-145971,LED-002544
2025-11-28,2025-11-29,IMPS,-74020,LED-002545
2025-11-23,2025-11-24,BROKER PAYOUT,22255,LED-002546
2025-11-26,2025-11-27,BROKER PAYIN,157308,LED-002547
2025-11-17,2025-11-18,ATM WDL,-139070,LED-002548
2025-11-28,2025-11-29,IMPS,-46354,LED-002549
2025-11-18,2025-11-19,BROKER PAYOUT,-22217,LED-002550
2025-11-24,2025-11-26,UPI,-28040,LED-002551
2025-11-30,2025-12-01,IMPS,187961,LED-002552
2025-11-26,2025-11-26,ATM WDL,-82565,LED-002553
2025-11-17,2025-11-19,BROKER PAYOUT,115476,LED-002554
2025-11-19,2025-11-20,IMPS,-183013,LED-002555
2025-11-29,2025-11-30,UPI,151566,LED-002556
2025-11-30,2025-12-02,BROKER PAYOUT,-125950,LED-002557
2025-11-28,2025-11-28,BROKER PAYOUT,137216,LED-002558
2025-11-30,2025-11-30,UPI,-87509,LED-002559
2025-11-21,2025-11-21,AUTO SWEEP,-35757,LED-002560
2025-11-23,2025-11-23,UPI,73954,LED-002561
2025-11-20,2025-11-22,BROKER PAYIN,-60506,LED-002562
2025-11-19,2025-11-20,ATM WDL,-183945,LED-002563
2025-11-22,2025-11-22,BROKER PAYOUT,15126,LED-002564
2025-11-19,2025-11-19,UPI,-100670,LED-002565
2025-11-17,2025-11-17,SUSPICIOUS BULK WITHDRAWAL,-1433510,LED-002566
2025-11-29,,AUTO SWEEP,185691,LED-002567
2025-12-01,2025-12-03,UPI,-109436,LED-002568
2025-11-29,2025-11-30,BROKER PAYOUT,198850,LED-002569
2025-11-30,2025-12-01,BROKER PAYIN,-56597,LED-002570
2025-11-30,2025-11-30,BROKER PAYOUT,149141,LED-002571
2025-11-30,2025-11-30,ATM WDL,167178,LED-002572
2025-11-17,2025-11-18,UPI,172625,LED-002573
2025-11-23,2025-11-23,AUTO SWEEP,-187186,LED-002574
2025-11-21,2025-11-21,ATM WDL,-122549,LED-002575
2025-11-20,2025-11-22,AUTO SWEEP,-93450,LED-002576
2025-11-26,2025-11-26,BROKER PAYOUT,-59765,LED-002577
2025-11-30,2025-12-02,AUTO SWEEP,-140722,LED-002578
2025-11-25,2025-11-25,UPI,174558,LED-002579
2025-11-19,2025-11-20,UPI,10529,LED-002580
2025-11-24,2025-11-24,BROKER PAYIN,-125633,LED-002581
2025-11-23,2025-11-23,BROKER PAYIN,-49946,LED-002582
2025-11-26,,ATM WDL,113930,LED-002583
2025-11-29,,BROKER PAYIN,11609,LED-002584
2025-11-28,2025-11-28,ATM WDL,-17223,LED-002585
2025-11-18,2025-11-20,IMPS,-43616,LED-002586
2025-11-21,2025-11-21,IMPS,77504,LED-002587
2025-11-29,,ATM WDL,-11980,LED-002588
2025-12-01,2025-12-02,IMPS,-21403,LED-002589
2025-11-20,2025-11-22,,89453,LED-002590
2025-11-30,2025-12-02,BROKER PAYIN,-70936,LED-002591
2025-11-21,2025-11-22,BROKER PAYOUT,-106216,LED-002592
2025-11-19,2025-11-19,BROKER PAYOUT,126187,LED-002593
2025-11-25,2025-11-25,BROKER PAYIN,-52706,LED-002594
2025-11-20,2025-11-20,AUTO SWEEP,-189483,LED-002595
2025-11-30,2025-12-01,AUTO SWEEP,-103371,LED-002596
2025-11-23,2025-11-23,ATM WDL,-140821,LED-002597
2025-11-28,2025-11-28,BROKER PAYIN,91400,LED-002598
2025-11-27,2025-11-27,IMPS,-93970,LED-002599
2025-11-27,2025-11-27,IMPS,-189102,LED-002600
2025-11-21,2025-11-21,UPI,44875,LED-002601
2025-11-18,,ATM WDL,-150878,LED-002602
2025-11-27,2025-11-28,IMPS,-94747,LED-002603
2025-11-24,2025-11-24,UPI,-86488,LED-002604
2025-12-01,2025-12-02,IMPS,111405,LED-002605
2025-11-29,2025-11-29,IMPS,169486,LED-002606
2025-11-30,2025-12-01,ATM WDL,156798,LED-002607
2025-11-19,2025-11-21,AUTO SWEEP,-20300,LED-002608
2025-11-29,2025-11-30,BROKER PAYIN,-156147,LED-002609
2025-11-23,2025-11-24,IMPS,85867,LED-002610
2025-11-30,2025-12-01,UPI,20798,LED-002611
2025-12-01,2025-12-02,UPI,-27041,LED-002612
2025-11-30,,AUTO SWEEP,-167213,LED-002613
2025-11-24,2025-11-24,IMPS,-199609,LED-002614
2025-11-29,2025-11-29,BROKER PAYOUT,195495,LED-002615
2025-11-19,2025-11-20,BROKER PAYOUT,199100,LED-002616
2025-11-30,2025-12-02,UPI,198269,LED-002617
2025-11-29,2025-11-30,ATM WDL,93680,LED-002618
2025-11-22,2025-11-22,BROKER PAYIN,54527,LED-002619
2025-11-19,2025-11-21,AUTO SWEEP,52894,LED-002620
2025-12-01,,UPI,-142499,LED-002621
2025-11-29,2025-11-29,ATM WDL,-137814,LED-002622
2025-11-24,2025-11-25,ATM WDL,-1038,LED-002623
2025-11-28,2025-11-30,UPI,154465,LED-002624
2025-11-24,,ATM WDL,-9730,LED-002625
2025-11-22,,BROKER PAYIN,31614,LED-002626
2025-11-17,,SUSPICIOUS BULK WITHDRAWAL,-920769,LED-002627
2025-11-17,2025-11-18,UPI,-130766,LED-002628
2025-11-29,2025-11-29,BROKER PAYOUT,139877,LED-002629
2025-11-28,2025-11-29,IMPS,98430,LED-002630
2025-11-17,,UPI,-108952,LED-002631
2025-11-24,2025-11-26,BROKER PAYOUT,-177365,LED-002632
2025-11-23,2025-11-25,UPI,-163943,LED-002633
2025-12-01,2025-12-03,IMPS,156186,LED-002634
2025-11-18,2025-11-20,BROKER PAYIN,-190875,LED-002635
2025-11-17,2025-11-17,BROKER PAYIN,-108833,LED-002636
2025-11-26,2025-11-26,ATM WDL,-92138,LED-002637
2025-11-30,2025-12-01,ATM WDL,-197630,LED-002638
2025-11-20,2025-11-21,IMPS,53272,LED-002639
2025-11-21,2025-11-23,BROKER PAYOUT,-170491,LED-002640
2025-11-28,2025-11-30,AUTO SWEEP,184554,LED-002641
2025-11-19,2025-11-21,BROKER PAYIN,-12052,LED-002642
2025-11-30,2025-12-01,ATM WDL,177724,LED-002643
2025-11-29,2025-11-29,BROKER PAYOUT,-38156,LED-002644
2025-11-19,2025-11-21,IMPS,181823,LED-002645
2025-11-21,2025-11-22,BROKER PAYIN,21533,LED-002646
2025-11-30,2025-12-02,AUTO SWEEP,-85448,LED-002647
2025-11-27,,UPI,75979,LED-002648
2025-11-21,2025-11-23,SUSPICIOUS BULK WITHDRAWAL,-501385,LED-002649
2025-11-28,2025-11-28,UPI,-86443,LED-002650
2025-11-29,2025-11-29,AUTO SWEEP,-93877,LED-002651
2025-12-01,2025-12-03,BROKER PAYIN,-29264,LED-002652
2025-11-26,2025-11-28,BROKER PAYIN,38149,LED-002653
2025-11-30,2025-11-30,UPI,-167872,LED-002654
2025-11-22,2025-11-23,BROKER PAYOUT,-192742,LED-002655
2025-11-24,,BROKER PAYOUT,116122,LED-002656
2025-11-20,2025-11-22,ATM WDL,-101006,LED-002657
2025-11-30,,UPI,-130307,LED-002658
2025-11-20,2025-11-22,BROKER PAYOUT,-16696,LED-002659
2025-11-29,2025-11-29,IMPS,33111,LED-002660
2025-11-26,2025-11-27,UPI,-130160,LED-002661
2025-11-27,2025-11-28,UPI,-187311,LED-002662
2025-11-24,2025-11-26,ATM WDL,5810,LED-002663
2025-11-25,2025-11-25,IMPS,15388,LED-002664
2025-11-17,2025-11-18,AUTO SWEEP,127361,LED-002665
2025-11-20,2025-11-22,IMPS,71786,LED-002666
2025-11-22,2025-11-24,IMPS,53027,LED-002667
2025-11-17,2025-11-18,ATM WDL,-141225,LED-002668
2025-11-18,2025-11-19,BROKER PAYOUT,-97489,LED-002669
2025-11-17,2025-11-17,BROKER PAYOUT,-150843,LED-002670
2025-12-01,,IMPS,-70280,LED-002671
2025-11-30,2025-11-30,BROKER PAYOUT,-36703,LED-002672
2025-11-27,2025-11-27,BROKER PAYOUT,16449,LED-002673
2025-11-29,2025-12-01,ATM WDL,-184704,LED-002674
2025-11-30,2025-12-02,IMPS,-192740,LED-002675
2025-12-01,2025-12-03,ATM WDL,-116459,LED-002676
2025-12-01,2025-12-03,UPI,76069,LED-002677
2025-11-27,2025-11-29,BROKER PAYIN,-20420,LED-002678
2025-11-30,2025-11-30,BROKER PAYIN,39333,LED-002679
2025-11-30,2025-12-02,UPI,-83809,LED-002680
2025-11-19,2025-11-21,BROKER PAYIN,10841,LED-002681
2025-11-28,2025-11-28,UPI,117947,LED-002682
2025-11-28,2025-11-29,UPI,30198,LED-002683
2025-11-21,2025-11-23,BROKER PAYOUT,-102328,LED-002684
2025-12-01,2025-12-01,SUSPICIOUS BULK WITHDRAWAL,-551831,LED-002685
2025-11-23,2025-11-24,AUTO SWEEP,96506,LED-002686
2025-11-23,2025-11-23,IMPS,72136,LED-002687
2025-11-29,,ATM WDL,103205,LED-002688
2025-11-22,2025-11-22,ATM WDL,-189893,LED-002689
2025-11-29,2025-11-29,ATM WDL,116159,LED-002690
2025-11-28,2025-11-30,ATM WDL,182625,LED-002691
2025-11-17,2025-11-19,UPI,-157723,LED-002692
2025-11-20,,BROKER PAYIN,2988,LED-002693
2025-11-25,2025-11-26,AUTO SWEEP,-84950,LED-002694
2025-11-27,2025-11-28,AUTO SWEEP,-83607,LED-002695
2025-11-30,2025-11-30,AUTO SWEEP,-148093,LED-002696
2025-11-19,2025-11-21,UPI,13846,LED-002697
2025-11-19,2025-11-21,UPI,159523,LED-002698
2025-11-20,2025-11-20,AUTO SWEEP,185904,LED-002699
2025-11-27,2025-11-29,AUTO SWEEP,144009,LED-002700
2025-12-01,2025-12-03,IMPS,-59063,LED-002701
2025-11-28,2025-11-29,AUTO SWEEP,-10437,LED-002702
2025-11-22,2025-11-23,BROKER PAYOUT,-22844,LED-002703
2025-11-26,2025-11-27,BROKER PAYIN,199239,LED-002704
2025-11-18,2025-11-18,IMPS,-1714,LED-002705
2025-11-20,2025-11-22,ATM WDL,153331,LED-002706
2025-11-17,2025-11-19,IMPS,55670,LED-002707
2025-11-27,2025-11-27,AUTO SWEEP,-149315,LED-002708
2025-11-28,,IMPS,189986,LED-002709
2025-11-20,2025-11-21,UPI,-13746,LED-002710
2025-12-01,2025-12-03,BROKER PAYIN,-173457,LED-002711
2025-11-19,2025-11-21,BROKER PAYIN,-146611,LED-002712
2025-11-23,2025-11-24,IMPS,14639,LED-002713
2025-11-29,2025-12-01,ATM WDL,-184656,LED-002714
2025-11-28,2025-11-29,IMPS,-80794,LED-002715
2025-11-30,2025-11-30,BROKER PAYIN,-105872,LED-002716
2025-11-30,,ATM WDL,104367,LED-002717
2025-11-18,2025-11-20,ATM WDL,16433,LED-002718
2025-11-30,2025-11-30,ATM WDL,185567,LED-002719
2025-11-27,2025-11-28,BROKER PAYIN,170877,LED-002720
2025-11-19,2025-11-21,ATM WDL,-96061,LED-002721
2025-11-23,2025-11-24,BROKER PAYOUT,-77326,LED-002722
2025-11-27,2025-11-28,BROKER PAYOUT,-35901,LED-002723
2025-11-19,2025-11-19,ATM WDL,154881,LED-002724
2025-11-17,2025-11-19,BROKER PAYOUT,-103564,LED-002725
2025-11-26,2025-11-28,ATM WDL,-115387,LED-002726
2025-11-26,2025-11-26,AUTO SWEEP,-19910,LED-002727
2025-11-19,2025-11-21,BROKER PAYOUT,-24720,LED-002728
2025-11-22,2025-11-24,IMPS,-166960,LED-002729
2025-11-21,2025-11-23,IMPS,-158514,LED-002730
2025-11-21,2025-11-21,BROKER PAYOUT,-86917,LED-002731
2025-11-29,2025-11-29,AUTO SWEEP,58814,LED-002732
2025-11-29,2025-11-29,AUTO SWEEP,-63380,LED-002733
2025-11-20,2025-11-21,BROKER PAYOUT,-42526,LED-002734
2025-11-17,2025-11-17,UPI,-61872,LED-002735
2025-11-22,2025-11-24,IMPS,65053,LED-002736
2025-11-25,,AUTO SWEEP,-49125,LED-002737
2025-11-24,2025-11-25,BROKER PAYIN,-185546,LED-002738
2025-11-22,2025-11-23,IMPS,74094,LED-002739
2025-11-23,2025-11-25,UPI,9545,LED-002740
2025-12-01,2025-12-03,,-51147,LED-002741
2025-11-17,2025-11-19,UPI,125488,LED-002742
2025-11-19,2025-11-19,BROKER PAYIN,37200,LED-002743
2025-12-01,2025-12-02,UPI,-182254,LED-002744
2025-11-27,2025-11-28,IMPS,91930,LED-002745
2025-11-29,2025-11-30,UPI,28220,LED-002746
2025-11-19,2025-11-19,IMPS,139421,LED-002747
2025-12-01,2025-12-01,BROKER PAYOUT,-171883,LED-002748
2025-11-17,2025-11-19,IMPS,-97847,LED-002749
2025-11-24,2025-11-26,SUSPICIOUS BULK WITHDRAWAL,-892623,LED-002750
2025-11-30,2025-12-02,ATM WDL,92469,LED-002751
2025-11-20,2025-11-22,UPI,-59218,LED-002752
2025-11-26,2025-11-27,UPI,142655,LED-002753
2025-11-19,2025-11-21,BROKER PAYOUT,93107,LED-002754
2025-11-19,2025-11-21,ATM WDL,-98279,LED-002755
2025-11-24,2025-11-24,BROKER PAYIN,-180837,LED-002756
2025-11-18,2025-11-20,UPI,-146879,LED-002757
2025-11-20,2025-11-22,AUTO SWEEP,-24136,LED-002758
2025-11-20,2025-11-21,ATM WDL,2740,LED-002759
2025-11-29,2025-12-01,BROKER PAYOUT,-162517,LED-002760
2025-11-19,2025-11-20,IMPS,73770,LED-002761
2025-11-20,2025-11-21,ATM WDL,153248,LED-002762
2025-11-26,2025-11-27,AUTO SWEEP,76902,LED-002763
2025-11-18,2025-11-20,BROKER PAYIN,175449,LED-002764
2025-11-24,2025-11-26,BROKER PAYIN,-117538,LED-002765
2025-11-26,2025-11-26,BROKER PAYOUT,-124159,LED-002766
2025-11-30,2025-11-30,IMPS,-120459,LED-002767
2025-11-26,2025-11-26,BROKER PAYOUT,2334,LED-002768
2025-11-27,2025-11-28,BROKER PAYOUT,-55819,LED-002769
2025-11-21,2025-11-22,BROKER PAYOUT,90829,LED-002770
2025-11-24,2025-11-26,AUTO SWEEP,-2986,LED-002771
2025-11-21,2025-11-22,,15872,LED-002772
2025-11-18,2025-11-20,,-109778,LED-002773
2025-11-26,2025-11-26,ATM WDL,-152471,LED-002774
2025-11-28,2025-11-28,AUTO SWEEP,-152827,LED-002775
2025-11-22,2025-11-24,AUTO SWEEP,-122803,LED-002776
2025-11-23,,ATM WDL,-186517,LED-002777
2025-11-20,2025-11-22,BROKER PAYOUT,-23320,LED-002778
2025-11-18,,BROKER PAYOUT,-38954,LED-002779
2025-11-27,2025-11-29,SUSPICIOUS BULK WITHDRAWAL,-1500028,LED-002780
2025-11-27,,BROKER PAYOUT,-144674,LED-002781
2025-11-23,2025-11-24,ATM WDL,114130,LED-002782
2025-11-17,,BROKER PAYIN,19409,LED-002783
2025-11-19,2025-11-19,BROKER PAYIN,-84288,LED-002784
2025-11-18,2025-11-18,UPI,-104326,LED-002785
2025-11-21,2025-11-21,UPI,150269,LED-002786
2025-11-17,2025-11-19,BROKER PAYIN,91382,LED-002787
2025-11-29,,BROKER PAYOUT,-85284,LED-002788
2025-11-26,2025-11-27,AUTO SWEEP,134263,LED-002789
2025-12-01,2025-12-03,BROKER PAYIN,-58660,LED-002790
2025-11-26,2025-11-27,BROKER PAYIN,-46161,LED-002791
2025-11-17,2025-11-19,UPI,-199077,LED-002792
2025-12-01,2025-12-03,UPI,151775,LED-002793
2025-11-25,2025-11-26,UPI,26027,LED-002794
2025-11-22,2025-11-24,UPI,-112078,LED-002795
2025-11-17,2025-11-17,BROKER PAYIN,166166,LED-002796
2025-11-27,2025-11-28,BROKER PAYOUT,-104450,LED-002797
2025-11-23,2025-11-25,SUSPICIOUS BULK WITHDRAWAL,-812163,LED-002798
2025-11-26,2025-11-26,IMPS,-52825,LED-002799
2025-11-19,2025-11-21,UPI,-159184,LED-002800
2025-11-27,2025-11-28,ATM WDL,126224,LED-002801
2025-11-28,,AUTO SWEEP,195412,LED-002802
2025-11-25,2025-11-26,BROKER PAYOUT,124155,LED-002803
2025-11-22,,AUTO SWEEP,154386,LED-002804
2025-12-01,2025-12-02,ATM WDL,-145549,LED-002805
2025-11-29,2025-11-29,AUTO SWEEP,-106055,LED-002806
2025-11-22,,BROKER PAYIN,-163659,LED-002807
2025-11-25,2025-11-27,IMPS,-102169,LED-002808
2025-12-01,2025-12-01,ATM WDL,-75529,LED-002809
2025-11-27,,UPI,-17484,LED-002810
2025-11-22,2025-11-24,AUTO SWEEP,81543,LED-002811
2025-11-26,2025-11-27,,19066,LED-002812
2025-11-27,2025-11-27,BROKER PAYOUT,-15038,LED-002813
2025-11-24,2025-11-24,UPI,-159495,LED-002814
2025-11-21,2025-11-23,UPI,112843,LED-002815
2025-11-27,2025-11-28,UPI,-147176,LED-002816
2025-12-01,2025-12-02,UPI,187577,LED-002817
2025-11-17,2025-11-17,BROKER PAYIN,108875,LED-002818
2025-11-21,2025-11-23,BROKER PAYOUT,194100,LED-002819
2025-11-18,,BROKER PAYIN,5321,LED-002820
2025-11-28,2025-11-29,UPI,-141812,LED-002821
2025-11-24,2025-11-25,BROKER PAYOUT,-55195,LED-002822
2025-11-26,2025-11-28,,-92289,LED-002823
2025-11-23,2025-11-24,UPI,60935,LED-002824
2025-11-26,2025-11-27,BROKER PAYOUT,117715,LED-002825
2025-11-27,2025-11-28,ATM WDL,-73140,LED-002826
2025-11-19,2025-11-19,AUTO SWEEP,53320,LED-002827
2025-11-22,2025-11-24,AUTO SWEEP,52839,LED-002828
2025-11-24,2025-11-24,ATM WDL,104666,LED-002829
2025-11-25,2025-11-25,ATM WDL,-194207,LED-002830
2025-11-30,2025-12-02,AUTO SWEEP,95242,LED-002831
2025-11-18,2025-11-19,IMPS,179000,LED-002832
2025-11-28,2025-11-29,SUSPICIOUS BULK WITHDRAWAL,-1414624,LED-002833
2025-11-22,2025-11-24,UPI,199579,LED-002834
2025-11-29,2025-11-29,ATM WDL,95957,LED-002835
2025-11-26,2025-11-28,UPI,-65835,LED-002836
2025-11-22,2025-11-24,BROKER PAYIN,-180598,LED-002837
2025-11-29,2025-12-01,ATM WDL,-77374,LED-002838
2025-11-22,2025-11-23,BROKER PAYIN,70577,LED-002839
2025-11-28,2025-11-30,ATM WDL,-132204,LED-002840
2025-11-29,,BROKER PAYOUT,-6381,LED-002841
2025-11-21,2025-11-21,,-113666,LED-002842
2025-12-01,2025-12-03,UPI,-103494,LED-002843
2025-11-23,2025-11-23,ATM WDL,-145961,LED-002844
2025-11-25,,ATM WDL,-173895,LED-002845
2025-11-22,2025-11-22,BROKER PAYOUT,74968,LED-002846
2025-11-17,2025-11-19,ATM WDL,-177862,LED-002847
2025-11-30,2025-12-01,UPI,17489,LED-002848
2025-11-21,2025-11-22,AUTO SWEEP,56947,LED-002849
2025-11-20,2025-11-21,ATM WDL,-154977,LED-002850
2025-11-24,2025-11-26,ATM WDL,-88185,LED-002851
2025-11-25,2025-11-26,BROKER PAYIN,137432,LED-002852
2025-11-17,,IMPS,-128206,LED-002853
2025-11-25,2025-11-25,BROKER PAYOUT,199985,LED-002854
2025-11-29,,UPI,197915,LED-002855
2025-11-19,2025-11-21,UPI,-173574,LED-002856
2025-11-30,2025-12-02,BROKER PAYOUT,64777,LED-002857
2025-11-24,,BROKER PAYOUT,-136297,LED-002858
2025-11-21,2025-11-21,AUTO SWEEP,-128785,LED-002859
2025-12-01,2025-12-02,AUTO SWEEP,-131330,LED-002860
2025-11-27,2025-11-29,BROKER PAYIN,41383,LED-002861
2025-11-25,2025-11-25,AUTO SWEEP,101672,LED-002862
2025-11-26,2025-11-27,AUTO SWEEP,-120867,LED-002863
2025-11-20,,ATM WDL,-51266,LED-002864
2025-11-28,2025-11-30,IMPS,-57746,LED-002865
2025-11-25,,IMPS,-157218,LED-002866
2025-11-26,,BROKER PAYOUT,-17707,LED-002867
2025-11-22,,BROKER PAYOUT,181767,LED-002868
2025-11-22,2025-11-24,UPI,-164346,LED-002869
2025-11-19,2025-11-20,IMPS,7469,LED-002870
2025-11-19,2025-11-19,AUTO SWEEP,-32451,LED-002871
2025-11-23,2025-11-25,BROKER PAYOUT,-49168,LED-002872
2025-11-17,2025-11-19,IMPS,-176175,LED-002873
2025-11-24,2025-11-24,AUTO SWEEP,7291,LED-002874
2025-12-01,2025-12-02,ATM WDL,144996,LED-002875
2025-11-26,2025-11-27,UPI,9230,LED-002876
2025-12-01,2025-12-03,UPI,-134826,LED-002877
2025-11-26,2025-11-27,BROKER PAYOUT,-5044,LED-002878
2025-11-23,2025-11-25,AUTO SWEEP,198869,LED-002879
2025-11-18,2025-11-19,,167314,LED-002880
2025-11-18,2025-11-18,AUTO SWEEP,-179426,LED-002881
2025-11-28,2025-11-29,UPI,79660,LED-002882
2025-11-24,,AUTO SWEEP,28521,LED-002883
2025-12-01,2025-12-02,UPI,-115541,LED-002884
2025-11-24,2025-11-25,IMPS,154364,LED-002885
2025-11-23,2025-11-23,UPI,150743,LED-002886
2025-11-25,2025-11-25,IMPS,-30426,LED-002887
2025-11-29,2025-12-01,AUTO SWEEP,-59441,LED-002888
2025-11-24,2025-11-24,AUTO SWEEP,-114508,LED-002889
2025-11-17,2025-11-19,AUTO SWEEP,-39370,LED-002890
2025-11-22,2025-11-22,ATM WDL,-68798,LED-002891
2025-11-18,2025-11-19,BROKER PAYOUT,-54413,LED-002892
2025-11-22,2025-11-24,BROKER PAYIN,-62925,LED-002893
2025-11-30,2025-12-02,IMPS,57349,LED-002894
2025-11-24,2025-11-25,SUSPICIOUS BULK WITHDRAWAL,-898016,LED-002895
2025-11-27,2025-11-28,IMPS,-100338,LED-002896
2025-11-28,2025-11-30,IMPS,178311,LED-002897
2025-11-26,2025-11-28,UPI,-77122,LED-002898
2025-11-23,2025-11-24,SUSPICIOUS BULK WITHDRAWAL,-1713774,LED-002899
2025-11-17,2025-11-19,UPI,72873,LED-002900
2025-11-21,2025-11-22,UPI,-100838,LED-002901
2025-11-20,2025-11-20,ATM WDL,24018,LED-002902
2025-11-29,2025-12-01,ATM WDL,-103752,LED-002903
2025-11-24,,IMPS,-151474,LED-002904
2025-11-23,2025-11-24,ATM WDL,-139823,LED-002905
2025-11-29,2025-12-01,IMPS,-40243,LED-002906
2025-11-23,2025-11-23,BROKER PAYIN,-41580,LED-002907
2025-11-28,2025-11-30,BROKER PAYIN,-34769,LED-002908
2025-11-27,2025-11-28,BROKER PAYIN,11100,LED-002909
2025-11-22,2025-11-24,IMPS,47516,LED-002910
2025-11-18,2025-11-19,BROKER PAYIN,71926,LED-002911
2025-11-26,,ATM WDL,152645,LED-002912
2025-11-27,2025-11-28,,-19041,LED-002913
2025-11-26,2025-11-28,ATM WDL,-141543,LED-002914
2025-11-29,2025-11-30,BROKER PAYOUT,-23357,LED-002915
2025-11-19,2025-11-21,ATM WDL,-16658,LED-002916
2025-12-01,2025-12-01,UPI,-9106,LED-002917
2025-11-26,2025-11-27,BROKER PAYIN,-147588,LED-002918
2025-11-29,2025-11-30,BROKER PAYIN,134766,LED-002919
2025-11-23,2025-11-24,BROKER PAYOUT,-127738,LED-002920
2025-11-18,2025-11-19,BROKER PAYOUT,-98378,LED-002921
2025-11-27,2025-11-27,UPI,147898,LED-002922
2025-12-01,2025-12-03,BROKER PAYIN,-157426,LED-002923
2025-11-29,2025-12-01,,-20107,LED-002924
2025-12-01,2025-12-03,BROKER PAYIN,166620,LED-002925
2025-11-18,2025-11-20,AUTO SWEEP,-99308,LED-002926
2025-11-26,2025-11-28,IMPS,-172916,LED-002927
2025-11-20,2025-11-22,AUTO SWEEP,-133805,LED-002928
2025-12-01,,BROKER PAYIN,-137175,LED-002929
2025-11-18,2025-11-18,AUTO SWEEP,164141,LED-002930
2025-11-19,2025-11-19,IMPS,-107195,LED-002931
2025-11-20,2025-11-21,BROKER PAYIN,-117677,LED-002932
2025-11-20,2025-11-22,BROKER PAYOUT,-149591,LED-002933
2025-11-26,2025-11-26,AUTO SWEEP,-106824,LED-002934
2025-11-26,2025-11-26,ATM WDL,92140,LED-002935
2025-12-01,2025-12-01,UPI,-115024,LED-002936
2025-11-24,2025-11-24,AUTO SWEEP,-104958,LED-002937
2025-11-18,2025-11-18,IMPS,12521,LED-002938
2025-11-25,2025-11-27,BROKER PAYIN,-117857,LED-002939
2025-11-22,2025-11-23,IMPS,-127824,LED-002940
2025-11-27,2025-11-27,BROKER PAYIN,-55238,LED-002941
2025-11-22,2025-11-23,UPI,-19192,LED-002942
2025-11-23,2025-11-23,BROKER PAYOUT,-148503,LED-002943
2025-11-21,2025-11-23,BROKER PAYIN,128515,LED-002944
2025-11-18,2025-11-20,BROKER PAYIN,-72382,LED-002945
2025-11-26,2025-11-26,AUTO SWEEP,36539,LED-002946
2025-11-28,2025-11-30,ATM WDL,-95336,LED-002947
2025-11-24,2025-11-26,ATM WDL,-103995,LED-002948
2025-11-30,2025-11-30,BROKER PAYOUT,-154005,LED-002949
2025-11-27,2025-11-28,SUSPICIOUS BULK WITHDRAWAL,-1142775,LED-002950
2025-11-25,2025-11-26,BROKER PAYIN,-86389,LED-002951
2025-11-26,2025-11-27,BROKER PAYOUT,-193919,LED-002952
2025-11-19,2025-11-20,BROKER PAYIN,-17186,LED-002953
2025-11-22,2025-11-24,ATM WDL,-52428,LED-002954
2025-11-20,2025-11-21,IMPS,168207,LED-002955
2025-11-18,2025-11-19,ATM WDL,67866,LED-002956
2025-11-24,2025-11-26,BROKER PAYOUT,83120,LED-002957
2025-12-01,2025-12-01,ATM WDL,193929,LED-002958
2025-11-25,2025-11-26,ATM WDL,-102237,LED-002959
2025-11-18,2025-11-20,BROKER PAYIN,150119,LED-002960
2025-12-01,2025-12-03,IMPS,114219,LED-002961
2025-11-23,2025-11-23,IMPS,144513,LED-002962
2025-11-18,2025-11-20,UPI,-104383,LED-002963
2025-11-22,2025-11-22,IMPS,-156268,LED-002964
2025-12-01,2025-12-02,BROKER PAYOUT,82230,LED-002965
2025-11-18,2025-11-19,BROKER PAYIN,13935,LED-002966
2025-11-26,2025-11-28,AUTO SWEEP,-105963,LED-002967
2025-11-24,2025-11-25,BROKER PAYOUT,44929,LED-002968
2025-11-22,,BROKER PAYIN,-92330,LED-002969
2025-11-27,2025-11-29,IMPS,-22557,LED-002970
2025-11-26,2025-11-27,AUTO SWEEP,71512,LED-002971
2025-11-26,2025-11-26,UPI,13209,LED-002972
2025-12-01,2025-12-02,BROKER PAYIN,-149452,LED-002973
2025-11-28,2025-11-28,BROKER PAYOUT,-153911,LED-002974
2025-11-22,2025-11-23,UPI,-77107,LED-002975
2025-11-17,2025-11-17,UPI,-147791,LED-002976
2025-11-26,2025-11-28,BROKER PAYOUT,-148677,LED-002977
2025-11-22,2025-11-24,BROKER PAYOUT,-3941,LED-002978
2025-11-24,2025-11-26,BROKER PAYIN,-194940,LED-002979
2025-11-25,2025-11-25,BROKER PAYIN,176026,LED-002980
2025-11-30,2025-12-01,ATM WDL,-57336,LED-002981
2025-11-21,2025-11-22,BROKER PAYIN,-166336,LED-002982
2025-11-28,2025-11-29,ATM WDL,52816,LED-002983
2025-11-24,2025-11-25,IMPS,-113909,LED-002984
2025-11-22,2025-11-23,BROKER PAYIN,191956,LED-002985
2025-11-30,2025-12-01,AUTO SWEEP,37735,LED-002986
2025-11-25,2025-11-25,IMPS,81819,LED-002987
2025-12-01,2025-12-01,BROKER PAYIN,-128037,LED-002988
2025-11-26,2025-11-26,BROKER PAYIN,-157276,LED-002989
2025-11-20,2025-11-22,IMPS,144544,LED-002990
2025-11-25,2025-11-26,UPI,162192,LED-002991
2025-11-18,2025-11-18,AUTO SWEEP,-113911,LED-002992
2025-11-20,2025-11-22,UPI,160441,LED-002993
2025-11-23,2025-11-25,UPI,-126853,LED-002994
2025-11-26,2025-11-28,BROKER PAYIN,92580,LED-002995
2025-11-29,2025-11-30,BROKER PAYOUT,88365,LED-002996
2025-11-25,2025-11-25,ATM WDL,-121185,LED-002997
2025-11-28,2025-11-28,IMPS,142640,LED-002998
2025-11-25,2025-11-26,BROKER PAYIN,-56953,LED-002999
2025-11-26,2025-11-27,BROKER PAYOUT,-87919,LED-003000
2025-11-26,2025-11-28,ATM WDL,18031,LED-003001
2025-12-01,2025-12-03,BROKER PAYIN,-22707,LED-003002
2025-11-27,2025-11-28,BROKER PAYIN,-16011,LED-003003
2025-12-01,2025-12-01,BROKER PAYIN,25081,LED-003004
2025-11-27,,UPI,-119676,LED-003005
2025-12-01,2025-12-02,ATM WDL,15587,LED-003006
2025-11-19,2025-11-21,ATM WDL,-43721,LED-003007
2025-11-20,,BROKER PAYOUT,-34526,LED-003008
2025-11-28,2025-11-30,ATM WDL,83234,LED-003009
2025-11-20,2025-11-22,AUTO SWEEP,-187720,LED-003010
2025-11-30,2025-11-30,UPI,-57279,LED-003011
2025-12-01,2025-12-01,ATM WDL,-136950,LED-003012
2025-11-21,2025-11-23,IMPS,-63049,LED-003013
2025-11-22,2025-11-22,BROKER PAYOUT,56572,LED-003014
2025-11-25,2025-11-27,BROKER PAYOUT,159340,LED-003015
2025-11-27,2025-11-29,BROKER PAYIN,106768,LED-003016
2025-11-26,2025-11-27,IMPS,-67283,LED-003017
2025-11-18,,IMPS,186541,LED-003018
2025-11-28,2025-11-28,IMPS,-176547,LED-003019
2025-11-22,2025-11-23,,10700,LED-003020
2025-12-01,2025-12-02,UPI,-125018,LED-003021
2025-11-19,2025-11-21,BROKER PAYIN,-153155,LED-003022
2025-12-01,2025-12-02,UPI,192771,LED-003023
2025-12-01,2025-12-02,IMPS,-50053,LED-003024
2025-11-27,2025-11-27,BROKER PAYIN,60594,LED-003025
2025-11-29,2025-11-30,UPI,-187734,LED-003026
2025-11-30,2025-11-30,IMPS,13690,LED-003027
2025-11-24,2025-11-25,ATM WDL,-12924,LED-003028
2025-12-01,2025-12-01,UPI,176012,LED-003029
2025-11-27,2025-11-28,BROKER PAYOUT,-32854,LED-003030
2025-11-23,2025-11-25,AUTO SWEEP,-71057,LED-003031
2025-12-01,2025-12-02,BROKER PAYIN,2971,LED-003032
2025-11-29,2025-11-30,BROKER PAYOUT,-129782,LED-003033
2025-11-26,2025-11-28,IMPS,-106434,LED-003034
2025-11-24,2025-11-25,UPI,-95675,LED-003035
2025-11-30,2025-12-02,BROKER PAYIN,138783,LED-003036
2025-11-25,2025-11-26,BROKER PAYOUT,-195413,LED-003037
2025-12-01,2025-12-01,BROKER PAYIN,-192851,LED-003038
2025-11-27,2025-11-29,,-34435,LED-003039
2025-11-22,2025-11-22,AUTO SWEEP,-185795,LED-003040
2025-11-30,2025-12-02,AUTO SWEEP,-35683,LED-003041
2025-11-27,2025-11-28,BROKER PAYIN,152680,LED-003042
2025-12-01,2025-12-02,UPI,57620,LED-003043
2025-11-28,2025-11-30,AUTO SWEEP,-177865,LED-003044
2025-12-01,2025-12-01,AUTO SWEEP,-198867,LED-003045
2025-11-23,2025-11-23,BROKER PAYIN,-170139,LED-003046
2025-11-19,2025-11-21,ATM WDL,-86209,LED-003047
2025-11-20,2025-11-21,IMPS,96277,LED-003048
2025-11-29,2025-12-01,ATM WDL,-100249,LED-003049
2025-11-27,2025-11-29,AUTO SWEEP,184858,LED-003050
2025-11-23,2025-11-24,IMPS,128734,LED-003051
2025-11-27,2025-11-27,SUSPICIOUS BULK WITHDRAWAL,-1017211,LED-003052
2025-11-30,2025-12-02,ATM WDL,-177987,LED-003053
2025-11-23,2025-11-24,IMPS,172660,LED-003054
2025-11-27,2025-11-27,UPI,-44324,LED-003055
2025-11-23,2025-11-23,UPI,-29772,LED-003056
2025-11-19,2025-11-20,BROKER PAYIN,-143596,LED-003057
2025-11-17,2025-11-17,AUTO SWEEP,-136790,LED-003058
2025-11-20,2025-11-20,BROKER PAYOUT,-164490,LED-003059
2025-11-29,2025-11-30,BROKER PAYOUT,78426,LED-003060
2025-11-24,2025-11-24,IMPS,-55796,LED-003061
2025-11-24,2025-11-26,AUTO SWEEP,125515,LED-003062
2025-11-18,2025-11-20,IMPS,183519,LED-003063
2025-11-29,2025-12-01,,-123900,LED-003064
2025-11-21,2025-11-22,IMPS,-106685,LED-003065
2025-11-28,2025-11-29,ATM WDL,55918,LED-003066
2025-11-28,,IMPS,155779,LED-003067
2025-11-17,2025-11-18,AUTO SWEEP,-25345,LED-003068
2025-11-29,2025-11-29,BROKER PAYOUT,104151,LED-003069
2025-11-17,2025-11-19,BROKER PAYOUT,-101560,LED-003070
2025-11-24,2025-11-26,AUTO SWEEP,165214,LED-003071
2025-11-18,2025-11-20,BROKER PAYIN,134709,LED-003072
2025-12-01,2025-12-03,BROKER PAYOUT,-184502,LED-003073
2025-11-23,2025-11-24,AUTO SWEEP,-4665,LED-003074
2025-11-22,2025-11-22,ATM WDL,59392,LED-003075
2025-11-27,2025-11-27,SUSPICIOUS BULK WITHDRAWAL,-697229,LED-003076
2025-11-29,2025-11-30,IMPS,65022,LED-003077
2025-11-25,2025-11-27,BROKER PAYIN,-53351,LED-003078
2025-11-17,2025-11-19,UPI,93253,LED-003079
2025-11-25,2025-11-25,ATM WDL,-78769,LED-003080
2025-11-25,2025-11-27,UPI,30745,LED-003081
2025-11-27,2025-11-29,BROKER PAYOUT,98393,LED-003082
2025-11-26,,BROKER PAYIN,54211,LED-003083
2025-11-30,2025-12-02,UPI,110062,LED-003084
2025-11-24,2025-11-26,BROKER PAYOUT,56154,LED-003085
2025-11-30,2025-11-30,ATM WDL,-169193,LED-003086
2025-11-19,,ATM WDL,45108,LED-003087
2025-11-23,2025-11-25,UPI,-77121,LED-003088
2025-11-17,2025-11-18,IMPS,-54491,LED-003089
2025-12-01,2025-12-02,AUTO SWEEP,-110536,LED-003090
2025-11-17,2025-11-18,AUTO SWEEP,-168997,LED-003091
2025-11-30,2025-12-02,UPI,51495,LED-003092
2025-11-27,2025-11-28,UPI,-146075,LED-003093
2025-11-21,2025-11-22,AUTO SWEEP,-149623,LED-003094
2025-11-24,,UPI,128415,LED-003095
2025-11-18,2025-11-20,AUTO SWEEP,73898,LED-003096
2025-11-28,2025-11-28,BROKER PAYOUT,-45338,LED-003097
2025-11-21,2025-11-23,AUTO SWEEP,-140084,LED-003098
2025-11-29,2025-11-29,BROKER PAYIN,-88626,LED-003099
2025-11-23,2025-11-23,AUTO SWEEP,-38566,LED-003100
2025-11-18,2025-11-18,ATM WDL,97847,LED-003101
2025-11-19,2025-11-20,BROKER PAYIN,75591,LED-003102
2025-11-18,2025-11-19,BROKER PAYIN,117025,LED-003103
2025-11-25,2025-11-27,BROKER PAYIN,126480,LED-003104
2025-11-19,2025-11-21,BROKER PAYOUT,56929,LED-003105
2025-11-23,2025-11-25,ATM WDL,101281,LED-003106
2025-11-25,2025-11-25,BROKER PAYOUT,-194687,LED-003107
2025-11-24,2025-11-26,AUTO SWEEP,-98662,LED-003108
2025-11-21,2025-11-22,BROKER PAYIN,-29045,LED-003109
2025-11-26,2025-11-27,ATM WDL,154981,LED-003110
2025-11-23,2025-11-25,,-27459,LED-003111
2025-11-27,2025-11-28,BROKER PAYOUT,94238,LED-003112
2025-11-19,2025-11-21,UPI,98692,LED-003113
2025-11-20,,BROKER PAYIN,-111482,LED-003114
2025-11-29,2025-11-30,AUTO SWEEP,-160036,LED-003115
2025-11-23,,UPI,64443,LED-003116
2025-11-20,,UPI,-114264,LED-003117
2025-11-27,2025-11-27,IMPS,108117,LED-003118
2025-11-18,2025-11-19,BROKER PAYOUT,14878,LED-003119
2025-11-28,2025-11-29,BROKER PAYIN,89899,LED-003120
2025-11-28,2025-11-29,BROKER PAYIN,69991,LED-003121
2025-11-28,2025-11-29,AUTO SWEEP,34496,LED-003122
2025-11-26,2025-11-27,IMPS,-156687,LED-003123
2025-11-27,2025-11-28,AUTO SWEEP,-179869,LED-003124
2025-11-21,2025-11-22,IMPS,98987,LED-003125
2025-11-21,,BROKER PAYIN,-91789,LED-003126
2025-11-26,2025-11-27,ATM WDL,-177797,LED-003127
2025-11-23,2025-11-25,BROKER PAYIN,-156211,LED-003128
2025-11-18,2025-11-19,IMPS,189580,LED-003129
2025-11-28,2025-11-30,AUTO SWEEP,65748,LED-003130
2025-12-01,2025-12-01,AUTO SWEEP,-189677,LED-003131
2025-11-20,2025-11-22,BROKER PAYOUT,92487,LED-003132
2025-11-21,,BROKER PAYOUT,99915,LED-003133
2025-11-22,2025-11-23,AUTO SWEEP,133686,LED-003134
2025-11-24,2025-11-26,ATM WDL,140446,LED-003135
2025-11-30,2025-12-02,AUTO SWEEP,65199,LED-003136
2025-11-26,2025-11-28,AUTO SWEEP,59456,LED-003137
2025-11-26,,UPI,153000,LED-003138
2025-11-17,2025-11-18,AUTO SWEEP,143838,LED-003139
2025-11-24,2025-11-25,UPI,162954,LED-003140
2025-11-29,2025-11-29,UPI,-111656,LED-003141
2025-11-17,2025-11-18,AUTO SWEEP,-81316,LED-003142
2025-11-20,2025-11-21,UPI,188273,LED-003143
2025-11-17,2025-11-19,IMPS,-7764,LED-003144
2025-11-17,2025-11-17,SUSPICIOUS BULK WITHDRAWAL,-1182157,LED-003145
2025-11-21,,IMPS,-73664,LED-003146
2025-11-18,2025-11-19,BROKER PAYOUT,149746,LED-003147
2025-11-24,2025-11-25,BROKER PAYIN,-12019,LED-003148
2025-11-23,2025-11-25,BROKER PAYOUT,127246,LED-003149
2025-12-01,,ATM WDL,-37606,LED-003150
2025-11-30,2025-12-02,ATM WDL,-121060,LED-003151
2025-11-26,2025-11-27,BROKER PAYIN,-98817,LED-003152
2025-11-24,2025-11-26,AUTO SWEEP,130786,LED-003153
2025-11-27,2025-11-29,BROKER PAYIN,-130544,LED-003154
2025-11-23,2025-11-25,BROKER PAYOUT,-188786,LED-003155
2025-11-30,2025-11-30,AUTO SWEEP,-31921,LED-003156
2025-11-20,2025-11-22,AUTO SWEEP,-2225,LED-003157
2025-11-24,2025-11-24,AUTO SWEEP,121317,LED-003158
2025-11-24,2025-11-26,BROKER PAYOUT,-112177,LED-003159
2025-11-21,2025-11-23,BROKER PAYIN,-98408,LED-003160
2025-11-19,2025-11-19,BROKER PAYOUT,183749,LED-003161
2025-11-20,2025-11-22,UPI,52258,LED-003162
2025-11-22,2025-11-24,UPI,-88527,LED-003163
2025-11-23,2025-11-24,UPI,199423,LED-003164
2025-11-17,2025-11-17,BROKER PAYIN,-89777,LED-003165
2025-11-18,,BROKER PAYIN,152497,LED-003166
2025-11-29,2025-12-01,IMPS,-179060,LED-003167
2025-11-22,2025-11-23,AUTO SWEEP,-163793,LED-003168
2025-11-17,2025-11-18,BROKER PAYOUT,106289,LED-003169
2025-11-30,2025-11-30,BROKER PAYOUT,-189684,LED-003170
2025-11-22,2025-11-23,UPI,-152141,LED-003171
2025-11-24,2025-11-25,ATM WDL,136891,LED-003172
2025-11-21,2025-11-23,BROKER PAYOUT,116859,LED-003173
2025-12-01,2025-12-02,IMPS,-45417,LED-003174
2025-11-28,2025-11-29,BROKER PAYIN,119512,LED-003175
2025-11-29,2025-12-01,SUSPICIOUS BULK WITHDRAWAL,-1052522,LED-003176
2025-11-18,2025-11-20,BROKER PAYIN,-174652,LED-003177
2025-11-25,2025-11-27,IMPS,23540,LED-003178
2025-11-23,2025-11-23,AUTO SWEEP,-58926,LED-003179
2025-11-28,,BROKER PAYOUT,-190347,LED-003180
2025-11-23,2025-11-24,BROKER PAYIN,5381,LED-003181
2025-11-23,2025-11-25,UPI,-71303,LED-003182
2025-11-28,2025-11-29,ATM WDL,-195148,LED-003183
2025-11-17,2025-11-18,BROKER PAYIN,-58168,LED-003184
2025-11-29,2025-12-01,BROKER PAYOUT,162191,LED-003185
2025-11-22,2025-11-24,ATM WDL,110173,LED-003186
2025-11-19,2025-11-20,ATM WDL,-83230,LED-003187
2025-11-20,2025-11-22,IMPS,-36856,LED-003188
2025-11-21,2025-11-21,BROKER PAYOUT,155861,LED-003189
2025-11-25,2025-11-27,UPI,-99195,LED-003190
2025-11-29,2025-12-01,BROKER PAYOUT,90787,LED-003191
2025-11-23,2025-11-24,BROKER PAYOUT,-38680,LED-003192
2025-11-22,2025-11-23,BROKER PAYIN,-62454,LED-003193
2025-11-29,2025-12-01,BROKER PAYIN,5030,LED-003194
2025-11-20,2025-11-20,ATM WDL,-83973,LED-003195
2025-11-25,2025-11-26,AUTO SWEEP,178474,LED-003196
2025-11-28,2025-11-29,AUTO SWEEP,-84118,LED-003197
2025-11-28,2025-11-28,AUTO SWEEP,-117068,LED-003198
2025-11-19,2025-11-19,,-77174,LED-003199
2025-11-23,2025-11-23,ATM WDL,190433,LED-003200
2025-11-19,,IMPS,186529,LED-003201
2025-11-25,2025-11-25,UPI,-182978,LED-003202
2025-11-27,2025-11-29,ATM WDL,-66910,LED-003203
2025-11-27,2025-11-28,AUTO SWEEP,40026,LED-003204
2025-11-21,2025-11-21,AUTO SWEEP,192569,LED-003205
2025-11-19,2025-11-21,BROKER PAYOUT,-57342,LED-003206
2025-11-22,2025-11-22,BROKER PAYIN,187846,LED-003207
2025-12-01,2025-12-02,UPI,58203,LED-003208
2025-11-29,2025-11-30,ATM WDL,181989,LED-003209
2025-11-20,2025-11-22,UPI,-90545,LED-003210
2025-11-27,2025-11-27,UPI,153232,LED-003211
2025-11-26,2025-11-28,,-147680,LED-003212
2025-11-24,2025-11-25,IMPS,-21110,LED-003213
2025-11-25,2025-11-25,AUTO SWEEP,75286,LED-003214
2025-11-26,2025-11-28,IMPS,28035,LED-003215
2025-11-24,2025-11-26,IMPS,-133184,LED-003216
2025-11-18,2025-11-20,IMPS,30941,LED-003217
2025-11-19,2025-11-21,UPI,59969,LED-003218
2025-11-24,2025-11-26,UPI,116410,LED-003219
2025-11-20,,ATM WDL,-135862,LED-003220
2025-11-25,2025-11-26,SUSPICIOUS BULK WITHDRAWAL,-1946667,LED-003221
2025-11-23,2025-11-24,IMPS,-140341,LED-003222
2025-11-29,2025-11-30,IMPS,-33445,LED-003223
2025-11-23,2025-11-23,IMPS,93174,LED-003224
2025-11-21,2025-11-22,SUSPICIOUS BULK WITHDRAWAL,-1632054,LED-003225
2025-11-24,2025-11-26,,-7686,LED-003226
2025-11-21,2025-11-22,ATM WDL,186138,LED-003227
2025-11-28,2025-11-28,BROKER PAYOUT,-186910,LED-003228
2025-11-27,2025-11-27,BROKER PAYIN,76595,LED-003229
2025-11-30,2025-11-30,ATM WDL,185496,LED-003230
2025-11-29,2025-12-01,BROKER PAYIN,-90237,LED-003231
2025-11-23,2025-11-25,ATM WDL,-98544,LED-003232
2025-11-28,2025-11-30,,113263,LED-003233
2025-11-24,2025-11-25,ATM WDL,193562,LED-003234
2025-11-17,2025-11-17,BROKER PAYOUT,18718,LED-003235
2025-11-24,,,81243,LED-003236
2025-11-23,2025-11-25,BROKER PAYOUT,-7539,LED-003237
2025-11-20,2025-11-20,BROKER PAYIN,-180848,LED-003238
2025-11-18,2025-11-18,BROKER PAYIN,-75284,LED-003239
2025-11-17,2025-11-18,ATM WDL,-63714,LED-003240
2025-11-18,2025-11-18,AUTO SWEEP,157861,LED-003241
2025-11-24,2025-11-26,AUTO SWEEP,112537,LED-003242
2025-11-27,,IMPS,137558,LED-003243
2025-11-23,2025-11-25,BROKER PAYOUT,-81650,LED-003244
2025-11-30,2025-12-02,BROKER PAYOUT,110386,LED-003245
2025-11-28,2025-11-28,AUTO SWEEP,-154492,LED-003246
2025-11-21,2025-11-21,BROKER PAYIN,-86376,LED-003247
2025-11-23,2025-11-24,AUTO SWEEP,84863,LED-003248
2025-11-28,2025-11-29,,-1752600,LED-003249
2025-11-26,2025-11-27,UPI,8686,LED-003250
2025-11-17,2025-11-17,UPI,110061,LED-003251
2025-11-27,2025-11-27,UPI,47439,LED-003252
2025-11-30,2025-11-30,IMPS,-108562,LED-003253
2025-11-28,2025-11-30,UPI,16134,LED-003254
2025-12-01,2025-12-02,IMPS,158916,LED-003255
2025-11-28,2025-11-28,BROKER PAYIN,-74959,LED-003256
2025-11-26,2025-11-28,,-28202,LED-003257
2025-11-25,2025-11-25,ATM WDL,68692,LED-003258
2025-11-21,2025-11-22,SUSPICIOUS BULK WITHDRAWAL,-1751639,LED-003259
2025-11-27,2025-11-29,AUTO SWEEP,-5269,LED-003260
2025-11-28,2025-11-30,AUTO SWEEP,-81504,LED-003261
2025-11-26,,IMPS,-90668,LED-003262
2025-11-20,2025-11-20,ATM WDL,-176122,LED-003263
2025-11-20,2025-11-22,AUTO SWEEP,-114487,LED-003264
2025-11-17,2025-11-18,BROKER PAYIN,133827,LED-003265
2025-11-29,2025-12-01,ATM WDL,-13274,LED-003266
2025-11-22,2025-11-22,UPI,136137,LED-003267
2025-11-19,2025-11-20,BROKER PAYOUT,83351,LED-003268
2025-11-27,2025-11-27,IMPS,-115024,LED-003269
2025-11-17,2025-11-19,UPI,-88396,LED-003270
2025-11-26,2025-11-28,ATM WDL,54319,LED-003271
2025-11-22,2025-11-24,ATM WDL,103254,LED-003272
2025-11-27,2025-11-28,BROKER PAYIN,114742,LED-003273
2025-11-26,2025-11-27,ATM WDL,-70482,LED-003274
2025-11-30,2025-12-01,SUSPICIOUS BULK WITHDRAWAL,-1538669,LED-003275
2025-11-20,2025-11-21,BROKER PAYIN,33768,LED-003276
2025-11-21,2025-11-21,AUTO SWEEP,-140260,LED-003277
2025-11-20,2025-11-22,BROKER PAYIN,66534,LED-003278
2025-11-18,2025-11-18,BROKER PAYOUT,-52773,LED-003279
2025-11-28,2025-11-29,ATM WDL,-84806,LED-003280
2025-11-17,2025-11-17,BROKER PAYIN,181797,LED-003281
2025-11-25,,AUTO SWEEP,-53938,LED-003282
2025-11-17,2025-11-17,BROKER PAYIN,150800,LED-003283
2025-11-25,2025-11-26,BROKER PAYOUT,-131728,LED-003284
2025-11-22,2025-11-22,UPI,-191410,LED-003285
2025-11-22,2025-11-23,AUTO SWEEP,19787,LED-003286
2025-11-27,2025-11-28,UPI,64756,LED-003287
2025-11-29,2025-12-01,BROKER PAYOUT,-46770,LED-003288
2025-11-29,2025-12-01,ATM WDL,6872,LED-003289
2025-11-17,2025-11-17,AUTO SWEEP,6627,LED-003290
2025-11-23,2025-11-24,IMPS,92798,LED-003291
2025-11-18,2025-11-19,BROKER PAYIN,28774,LED-003292
2025-11-17,2025-11-19,ATM WDL,121844,LED-003293
2025-11-20,2025-11-22,UPI,-56913,LED-003294
2025-11-17,2025-11-17,IMPS,65175,LED-003295
2025-11-23,2025-11-23,UPI,-159386,LED-003296
2025-11-21,2025-11-22,AUTO SWEEP,167759,LED-003297
2025-11-26,2025-11-28,AUTO SWEEP,59834,LED-003298
2025-11-21,2025-11-21,BROKER PAYIN,138152,LED-003299
2025-11-17,2025-11-17,BROKER PAYOUT,2900,LED-003300
2025-11-30,2025-12-02,IMPS,33831,LED-003301
2025-11-28,2025-11-30,ATM WDL,71659,LED-003302
2025-11-23,2025-11-23,BROKER PAYIN,195183,LED-003303
2025-11-28,2025-11-29,IMPS,-60510,LED-003304
2025-11-24,2025-11-24,BROKER PAYOUT,-89965,LED-003305
2025-11-24,2025-11-25,IMPS,-7689,LED-003306
2025-11-17,2025-11-17,BROKER PAYOUT,9086,LED-003307
2025-11-23,2025-11-25,IMPS,-35235,LED-003308
2025-11-30,2025-12-01,IMPS,-133274,LED-003309
2025-11-20,2025-11-22,BROKER PAYIN,111040,LED-003310
2025-11-18,2025-11-18,IMPS,-9975,LED-003311
2025-11-22,2025-11-22,AUTO SWEEP,-143236,LED-003312
2025-11-30,2025-12-01,ATM WDL,80583,LED-003313
2025-11-22,2025-11-24,ATM WDL,-139715,LED-003314
2025-11-19,2025-11-19,ATM WDL,146005,LED-003315
2025-11-24,2025-11-24,BROKER PAYIN,139562,LED-003316
2025-11-20,2025-11-22,AUTO SWEEP,-22157,LED-003317
2025-11-17,2025-11-18,UPI,-138407,LED-003318
2025-11-18,2025-11-20,IMPS,-129481,LED-003319
2025-11-23,2025-11-23,UPI,-31572,LED-003320
2025-11-21,,ATM WDL,-92649,LED-003321
2025-11-20,2025-11-21,UPI,-24394,LED-003322
2025-11-21,2025-11-22,IMPS,-195108,LED-003323
2025-11-28,2025-11-29,IMPS,193194,LED-003324
2025-11-29,,IMPS,438,LED-003325
2025-11-28,2025-11-30,ATM WDL,-59577,LED-003326
2025-11-26,2025-11-26,AUTO SWEEP,-23419,LED-003327
2025-11-28,2025-11-29,UPI,111511,LED-003328
2025-11-26,2025-11-28,AUTO SWEEP,-140294,LED-003329
2025-11-25,,BROKER PAYIN,121177,LED-003330
2025-11-21,,AUTO SWEEP,-59665,LED-003331
2025-11-29,2025-11-30,UPI,-187620,LED-003332
2025-11-27,2025-11-28,,-91853,LED-003333
2025-11-17,2025-11-18,ATM WDL,56970,LED-003334
2025-12-01,2025-12-01,BROKER PAYOUT,-30098,LED-003335
2025-11-18,2025-11-18,ATM WDL,55414,LED-003336
2025-11-20,2025-11-21,ATM WDL,199046,LED-003337
2025-11-19,2025-11-19,UPI,79217,LED-003338
2025-11-29,2025-12-01,BROKER PAYOUT,61503,LED-003339
2025-11-22,,ATM WDL,17493,LED-003340
2025-11-27,2025-11-29,ATM WDL,12055,LED-003341
2025-11-29,2025-11-30,UPI,-113068,LED-003342
2025-11-28,,AUTO SWEEP,-49870,LED-003343
2025-11-25,2025-11-25,IMPS,-189253,LED-003344
2025-11-30,2025-11-30,UPI,136,LED-003345
2025-11-22,2025-11-22,UPI,172959,LED-003346
2025-12-01,2025-12-01,ATM WDL,136404,LED-003347
2025-11-28,2025-11-28,IMPS,-194015,LED-003348
2025-11-24,2025-11-24,ATM WDL,-40141,LED-003349
2025-11-23,2025-11-23,BROKER PAYIN,97171,LED-003350
2025-11-20,2025-11-22,IMPS,183785,LED-003351
2025-11-19,2025-11-20,BROKER PAYIN,61768,LED-003352
2025-11-21,2025-11-21,IMPS,51674,LED-003353
2025-11-24,2025-11-26,BROKER PAYIN,-100695,LED-003354
2025-11-30,2025-12-01,AUTO SWEEP,-89805,LED-003355
2025-11-23,2025-11-23,UPI,22232,LED-003356
2025-11-24,,ATM WDL,108443,LED-003357
2025-11-17,2025-11-19,IMPS,-173043,LED-003358
2025-11-29,2025-12-01,AUTO SWEEP,-52394,LED-003359
2025-11-23,2025-11-23,UPI,44956,LED-003360
2025-11-17,2025-11-19,,-136381,LED-003361
2025-11-28,2025-11-29,IMPS,147012,LED-003362
2025-11-18,2025-11-18,BROKER PAYIN,-48260,LED-003363
2025-11-22,,AUTO SWEEP,184332,LED-003364
2025-11-19,2025-11-21,UPI,-56851,LED-003365
2025-11-23,2025-11-24,BROKER PAYIN,-151674,LED-003366
2025-11-23,2025-11-25,BROKER PAYIN,87413,LED-003367
2025-11-21,2025-11-22,BROKER PAYOUT,16162,LED-003368
2025-11-28,2025-11-29,IMPS,110345,LED-003369
2025-11-17,,UPI,145251,LED-003370
2025-11-20,2025-11-22,AUTO SWEEP,93470,LED-003371
2025-11-30,2025-11-30,AUTO SWEEP,100133,LED-003372
2025-11-29,2025-11-30,AUTO SWEEP,123303,LED-003373
2025-11-27,2025-11-28,BROKER PAYOUT,-31443,LED-003374
2025-11-23,,IMPS,-186091,LED-003375
2025-11-22,2025-11-24,BROKER PAYIN,1078,LED-003376
2025-11-27,2025-11-29,BROKER PAYOUT,-74631,LED-003377
2025-11-24,2025-11-25,BROKER PAYOUT,-15329,LED-003378
2025-11-21,2025-11-21,ATM WDL,-64130,LED-003379
2025-11-20,2025-11-20,ATM WDL,-172083,LED-003380
2025-11-27,2025-11-28,ATM WDL,125891,LED-003381
2025-11-27,2025-11-29,ATM WDL,111979,LED-003382
2025-11-29,2025-12-01,AUTO SWEEP,-129462,LED-003383
2025-11-20,2025-11-22,IMPS,123079,LED-003384
2025-11-18,2025-11-18,AUTO SWEEP,6755,LED-003385
2025-11-18,2025-11-18,IMPS,139402,LED-003386
2025-11-30,2025-11-30,,55756,LED-003387
2025-11-29,2025-11-29,UPI,-106225,LED-003388
2025-11-26,2025-11-26,,-177097,LED-003389
2025-11-27,2025-11-29,IMPS,162397,LED-003390
2025-11-20,2025-11-21,BROKER PAYIN,106548,LED-003391
2025-11-29,2025-11-29,BROKER PAYOUT,-131118,LED-003392
2025-11-29,2025-11-29,IMPS,-48713,LED-003393
2025-11-17,2025-11-19,AUTO SWEEP,73202,LED-003394
2025-11-19,2025-11-20,ATM WDL,-60938,LED-003395
2025-11-29,2025-11-29,UPI,-123324,LED-003396
2025-11-18,2025-11-19,UPI,4306,LED-003397
2025-11-28,2025-11-29,BROKER PAYOUT,-40392,LED-003398
2025-11-23,2025-11-24,BROKER PAYOUT,-195235,LED-003399
2025-11-23,2025-11-25,BROKER PAYOUT,188981,LED-003400
2025-11-17,2025-11-17,AUTO SWEEP,-183772,LED-003401
2025-11-20,2025-11-20,ATM WDL,91809,LED-003402
2025-11-30,2025-11-30,IMPS,177230,LED-003403
2025-11-19,2025-11-19,IMPS,70014,LED-003404
2025-11-26,2025-11-26,BROKER PAYOUT,9773,LED-003405
2025-11-26,,ATM WDL,-152108,LED-003406
2025-11-18,,ATM WDL,2531,LED-003407
2025-11-23,2025-11-25,ATM WDL,39134,LED-003408
2025-11-19,2025-11-21,AUTO SWEEP,-101353,LED-003409
2025-11-17,2025-11-18,BROKER PAYOUT,-4066,LED-003410
2025-11-30,,BROKER PAYOUT,117670,LED-003411
2025-11-25,,ATM WDL,88056,LED-003412
2025-11-22,2025-11-23,SUSPICIOUS BULK WITHDRAWAL,-1593696,LED-003413
2025-11-17,2025-11-17,UPI,-15485,LED-003414
2025-11-25,2025-11-26,AUTO SWEEP,-11740,LED-003415
2025-11-24,2025-11-26,BROKER PAYIN,179212,LED-003416
2025-11-21,2025-11-22,BROKER PAYIN,124627,LED-003417
2025-11-20,2025-11-21,UPI,-96303,LED-003418
2025-11-19,2025-11-19,AUTO SWEEP,175507,LED-003419
2025-11-23,2025-11-23,ATM WDL,-5382,LED-003420
2025-11-25,2025-11-25,ATM WDL,76857,LED-003421
2025-11-21,2025-11-21,UPI,-44408,LED-003422
2025-11-24,2025-11-25,AUTO SWEEP,195761,LED-003423
2025-11-27,2025-11-27,ATM WDL,8522,LED-003424
2025-11-24,2025-11-25,IMPS,187368,LED-003425
2025-11-28,2025-11-29,UPI,-16482,LED-003426
2025-11-29,2025-12-01,BROKER PAYIN,-11976,LED-003427
2025-11-25,2025-11-26,ATM WDL,-179309,LED-003428
2025-11-23,,IMPS,168910,LED-003429
2025-11-30,2025-12-01,AUTO SWEEP,-17800,LED-003430
2025-11-18,2025-11-19,ATM WDL,56120,LED-003431
2025-11-23,2025-11-23,SUSPICIOUS BULK WITHDRAWAL,-661757,LED-003432
2025-11-30,2025-12-02,BROKER PAYOUT,-21036,LED-003433
2025-11-27,2025-11-28,ATM WDL,-160817,LED-003434
2025-12-01,2025-12-03,UPI,115547,LED-003435
2025-11-27,2025-11-29,BROKER PAYOUT,110623,LED-003436
2025-11-17,2025-11-19,BROKER PAYIN,142041,LED-003437
2025-11-21,2025-11-22,BROKER PAYOUT,103406,LED-003438
2025-11-26,2025-11-26,UPI,-90128,LED-003439
2025-11-17,2025-11-18,IMPS,-101967,LED-003440
2025-11-23,2025-11-23,BROKER PAYIN,-168864,LED-003441
2025-11-26,2025-11-26,ATM WDL,-62320,LED-003442
2025-11-19,2025-11-19,IMPS,-53527,LED-003443
2025-11-30,2025-12-01,AUTO SWEEP,-66288,LED-003444
2025-11-17,2025-11-19,AUTO SWEEP,-142888,LED-003445
2025-11-26,2025-11-26,AUTO SWEEP,-86313,LED-003446
2025-11-21,2025-11-22,UPI,160434,LED-003447
2025-11-20,2025-11-21,BROKER PAYIN,-20253,LED-003448
2025-11-28,2025-11-30,BROKER PAYOUT,-171124,LED-003449
2025-11-23,2025-11-24,IMPS,77417,LED-003450
2025-11-29,,BROKER PAYIN,89529,LED-003451
2025-12-01,,SUSPICIOUS BULK WITHDRAWAL,-877564,LED-003452
2025-11-30,2025-11-30,IMPS,148380,LED-003453
2025-11-17,2025-11-18,AUTO SWEEP,-137165,LED-003454
2025-11-30,2025-12-01,BROKER PAYOUT,22534,LED-003455
2025-11-26,2025-11-28,UPI,111868,LED-003456
2025-11-25,2025-11-27,ATM WDL,81255,LED-003457
2025-11-21,2025-11-21,ATM WDL,-180580,LED-003458
2025-11-19,2025-11-20,BROKER PAYIN,181015,LED-003459
2025-11-17,2025-11-18,UPI,89887,LED-003460
2025-11-29,,AUTO SWEEP,108769,LED-003461
2025-11-18,2025-11-20,IMPS,-37474,LED-003462
2025-11-25,2025-11-25,ATM WDL,6338,LED-003463
2025-11-24,2025-11-24,BROKER PAYIN,-87515,LED-003464
2025-11-29,2025-12-01,AUTO SWEEP,-15735,LED-003465
2025-11-28,2025-11-28,ATM WDL,70568,LED-003466
2025-11-23,,AUTO SWEEP,125646,LED-003467
2025-11-19,2025-11-20,UPI,169583,LED-003468
2025-11-17,2025-11-18,ATM WDL,176888,LED-003469
2025-12-01,2025-12-03,AUTO SWEEP,188987,LED-003470
2025-12-01,2025-12-02,ATM WDL,12145,LED-003471
2025-11-21,2025-11-21,UPI,-57619,LED-003472
2025-11-23,2025-11-23,,-193422,LED-003473
2025-11-24,2025-11-24,ATM WDL,86708,LED-003474
2025-11-27,2025-11-29,ATM WDL,154722,LED-003475
2025-11-20,2025-11-21,BROKER PAYIN,-100153,LED-003476
2025-11-18,2025-11-20,AUTO SWEEP,-173706,LED-003477
2025-11-18,2025-11-19,BROKER PAYIN,142564,LED-003478
2025-11-19,2025-11-21,IMPS,22639,LED-003479
2025-11-18,2025-11-19,BROKER PAYOUT,13354,LED-003480
2025-11-25,2025-11-25,AUTO SWEEP,98725,LED-003481
2025-11-29,2025-12-01,BROKER PAYIN,-166878,LED-003482
2025-11-25,2025-11-26,ATM WDL,169480,LED-003483
2025-11-29,2025-12-01,BROKER PAYIN,-121308,LED-003484
2025-11-19,2025-11-20,UPI,1006,LED-003485
2025-11-25,2025-11-27,UPI,74297,LED-003486
2025-11-30,2025-11-30,AUTO SWEEP,-106216,LED-003487
2025-11-18,2025-11-19,ATM WDL,-63937,LED-003488
2025-11-23,2025-11-25,BROKER PAYIN,90994,LED-003489
2025-11-29,2025-11-30,,29586,LED-003490
2025-11-21,,BROKER PAYIN,-116416,LED-003491
2025-11-23,2025-11-25,BROKER PAYIN,121959,LED-003492
2025-11-24,2025-11-25,IMPS,-42772,LED-003493
2025-11-24,2025-11-25,BROKER PAYIN,71870,LED-003494
2025-11-30,2025-11-30,UPI,138793,LED-003495
2025-11-30,2025-11-30,SUSPICIOUS BULK WITHDRAWAL,-1803278,LED-003496
2025-11-19,2025-11-21,BROKER PAYIN,-120460,LED-003497
2025-12-01,2025-12-03,UPI,23667,LED-003498
2025-11-28,2025-11-30,IMPS,43537,LED-003499
2025-11-18,2025-11-19,BROKER PAYOUT,-51,LED-003500
2025-11-30,2025-11-30,UPI,-191906,LED-003501
2025-11-21,,UPI,184510,LED-003502
2025-11-19,2025-11-21,AUTO SWEEP,180975,LED-003503
2025-11-30,2025-12-02,AUTO SWEEP,126957,LED-003504
2025-11-21,2025-11-23,BROKER PAYIN,28492,LED-003505
2025-12-01,2025-12-03,BROKER PAYOUT,-16226,LED-003506
2025-12-01,2025-12-03,UPI,-167420,LED-003507
2025-11-24,2025-11-24,IMPS,-182331,LED-003508
2025-11-24,2025-11-24,BROKER PAYIN,152323,LED-003509
2025-11-28,2025-11-29,UPI,168770,LED-003510
2025-11-23,2025-11-25,BROKER PAYOUT,-94546,LED-003511
2025-11-20,2025-11-21,BROKER PAYOUT,3044,LED-003512
2025-11-29,2025-11-29,IMPS,-155347,LED-003513
2025-11-18,2025-11-19,IMPS,125370,LED-003514
2025-11-27,2025-11-29,AUTO SWEEP,17645,LED-003515
2025-11-23,2025-11-24,AUTO SWEEP,-112353,LED-003516
2025-11-20,2025-11-20,UPI,-62761,LED-003517
2025-11-24,2025-11-24,IMPS,-131732,LED-003518
2025-11-19,2025-11-19,UPI,-140034,LED-003519
2025-11-20,2025-11-20,AUTO SWEEP,53344,LED-003520
2025-11-24,2025-11-24,BROKER PAYOUT,198306,LED-003521
2025-11-26,2025-11-28,AUTO SWEEP,17394,LED-003522
2025-11-17,2025-11-19,ATM WDL,16492,LED-003523
2025-11-18,2025-11-19,BROKER PAYOUT,13037,LED-003524
2025-11-29,2025-12-01,BROKER PAYIN,26126,LED-003525
2025-11-23,2025-11-24,BROKER PAYOUT,189549,LED-003526
2025-11-20,2025-11-21,AUTO SWEEP,184674,LED-003527
2025-11-27,2025-11-29,IMPS,-49261,LED-003528
2025-11-26,2025-11-27,AUTO SWEEP,103364,LED-003529
2025-11-28,2025-11-30,BROKER PAYOUT,-7950,LED-003530
2025-11-28,2025-11-30,,148146,LED-003531
2025-11-21,2025-11-22,BROKER PAYIN,-53426,LED-003532
2025-11-25,2025-11-25,ATM WDL,113355,LED-003533
2025-11-27,2025-11-27,BROKER PAYIN,193657,LED-003534
2025-11-22,2025-11-22,IMPS,33488,LED-003535
2025-11-27,2025-11-28,UPI,66867,LED-003536
2025-11-26,,BROKER PAYIN,147805,LED-003537
2025-11-18,2025-11-20,UPI,198355,LED-003538
2025-11-22,2025-11-23,,-22272,LED-003539
2025-11-27,2025-11-27,ATM WDL,95166,LED-003540
2025-11-20,2025-11-20,,-166301,LED-003541
2025-11-18,2025-11-18,IMPS,-190521,LED-003542
2025-11-23,2025-11-23,IMPS,-156431,LED-003543
2025-11-22,2025-11-22,BROKER PAYIN,-51793,LED-003544
2025-11-27,,ATM WDL,-1938,LED-003545
2025-11-17,2025-11-19,IMPS,153067,LED-003546
2025-11-20,2025-11-20,BROKER PAYOUT,-33672,LED-003547
2025-11-23,2025-11-25,AUTO SWEEP,158028,LED-003548
2025-11-24,,IMPS,-139199,LED-003549
2025-11-24,2025-11-24,AUTO SWEEP,194804,LED-003550
2025-11-22,2025-11-24,BROKER PAYIN,170086,LED-003551
2025-11-29,2025-11-30,IMPS,-110572,LED-003552
2025-11-22,2025-11-24,BROKER PAYOUT,64226,LED-003553
2025-11-27,2025-11-29,AUTO SWEEP,-13565,LED-003554
2025-11-20,,BROKER PAYOUT,109130,LED-003555
2025-11-26,2025-11-26,BROKER PAYIN,-136396,LED-003556
2025-11-26,2025-11-28,ATM WDL,-111254,LED-003557
2025-11-21,2025-11-21,AUTO SWEEP,179770,LED-003558
2025-11-19,2025-11-21,BROKER PAYIN,20888,LED-003559
2025-11-28,2025-11-29,BROKER PAYIN,-22084,LED-003560
2025-11-29,2025-11-29,ATM WDL,92296,LED-003561
2025-11-28,2025-11-29,IMPS,152391,LED-003562
2025-11-26,2025-11-27,AUTO SWEEP,-175463,LED-003563
2025-11-18,2025-11-18,UPI,-44980,LED-003564
2025-11-27,2025-11-29,UPI,-161126,LED-003565
2025-11-26,2025-11-27,BROKER PAYOUT,-8219,LED-003566
2025-11-26,,IMPS,154537,LED-003567
2025-11-25,2025-11-26,BROKER PAYOUT,178076,LED-003568
2025-11-28,2025-11-30,BROKER PAYIN,144456,LED-003569
2025-11-22,2025-11-24,BROKER PAYIN,23414,LED-003570
2025-11-17,2025-11-17,BROKER PAYOUT,-106048,LED-003571
2025-11-22,2025-11-24,BROKER PAYIN,-194875,LED-003572
2025-11-25,,BROKER PAYIN,29404,LED-003573
2025-11-27,2025-11-27,BROKER PAYOUT,-56597,LED-003574
2025-11-27,2025-11-27,BROKER PAYOUT,-144926,LED-003575
2025-11-29,,BROKER PAYOUT,148207,LED-003576
2025-11-22,2025-11-23,BROKER PAYOUT,11851,LED-003577
2025-11-27,2025-11-28,IMPS,139000,LED-003578
2025-11-21,2025-11-22,AUTO SWEEP,-172073,LED-003579
2025-11-21,2025-11-22,BROKER PAYOUT,117880,LED-003580
2025-11-17,2025-11-19,IMPS,-173955,LED-003581
2025-11-19,2025-11-19,BROKER PAYOUT,59523,LED-003582
2025-11-19,2025-11-20,BROKER PAYIN,-23547,LED-003583
2025-11-24,2025-11-25,IMPS,174861,LED-003584
2025-11-28,2025-11-30,BROKER PAYOUT,-152685,LED-003585
2025-11-24,2025-11-25,AUTO SWEEP,-192693,LED-003586
2025-11-24,2025-11-25,AUTO SWEEP,-15277,LED-003587
2025-11-19,2025-11-19,BROKER PAYIN,-179507,LED-003588
2025-11-27,2025-11-28,BROKER PAYIN,86097,LED-003589
2025-11-19,,ATM WDL,-173682,LED-003590
2025-11-26,2025-11-26,ATM WDL,20835,LED-003591
2025-11-17,2025-11-18,ATM WDL,-156007,LED-003592
2025-11-28,,BROKER PAYOUT,-197377,LED-003593
2025-11-20,2025-11-21,UPI,-19750,LED-003594
2025-11-24,2025-11-25,BROKER PAYIN,43586,LED-003595
2025-11-30,2025-12-02,SUSPICIOUS BULK WITHDRAWAL,-1273167,LED-003596
2025-11-18,2025-11-20,BROKER PAYIN,-37849,LED-003597
2025-11-26,,BROKER PAYOUT,-124753,LED-003598
2025-11-19,2025-11-21,ATM WDL,-63428,LED-003599
2025-11-26,,BROKER PAYOUT,-187281,LED-003600
2025-11-26,2025-11-26,UPI,145090,LED-003601
2025-11-20,2025-11-22,ATM WDL,170929,LED-003602
2025-11-27,2025-11-28,AUTO SWEEP,-168947,LED-003603
2025-11-23,2025-11-23,AUTO SWEEP,97451,LED-003604
2025-11-18,2025-11-20,IMPS,-73218,LED-003605
2025-11-22,2025-11-24,IMPS,51608,LED-003606
2025-11-24,2025-11-26,AUTO SWEEP,28319,LED-003607
2025-11-22,2025-11-22,AUTO SWEEP,-105102,LED-003608
2025-11-18,2025-11-18,AUTO SWEEP,-42536,LED-003609
2025-11-17,2025-11-18,ATM WDL,-94635,LED-003610
2025-12-01,2025-12-01,ATM WDL,-43607,LED-003611
2025-11-17,2025-11-18,BROKER PAYOUT,-119905,LED-003612
2025-11-30,2025-12-02,BROKER PAYIN,197558,LED-003613
2025-11-29,2025-11-29,IMPS,4202,LED-003614
2025-12-01,2025-12-03,ATM WDL,-53973,LED-003615
2025-11-18,2025-11-18,AUTO SWEEP,108330,LED-003616
2025-11-29,,AUTO SWEEP,-137507,LED-003617
2025-11-30,2025-12-01,UPI,190046,LED-003618
2025-11-27,2025-11-29,UPI,125090,LED-003619
2025-11-21,2025-11-22,BROKER PAYIN,-185684,LED-003620
2025-11-20,2025-11-20,AUTO SWEEP,75083,LED-003621
2025-12-01,2025-12-02,AUTO SWEEP,126287,LED-003622
2025-11-20,2025-11-22,ATM WDL,80280,LED-003623
2025-11-29,,IMPS,-2994,LED-003624
2025-11-24,2025-11-26,IMPS,28128,LED-003625
2025-11-18,2025-11-19,ATM WDL,161358,LED-003626
2025-11-17,2025-11-19,UPI,11487,LED-003627
2025-11-21,2025-11-21,UPI,133164,LED-003628
2025-11-18,2025-11-20,AUTO SWEEP,-121481,LED-003629
2025-11-18,2025-11-19,BROKER PAYIN,-25753,LED-003630
2025-11-28,2025-11-30,BROKER PAYOUT,67361,LED-003631
2025-11-24,2025-11-26,BROKER PAYIN,179034,LED-003632
2025-11-20,2025-11-21,AUTO SWEEP,-181609,LED-003633
2025-11-22,2025-11-24,BROKER PAYIN,148272,LED-003634
2025-11-27,2025-11-27,AUTO SWEEP,99684,LED-003635
2025-11-22,2025-11-23,UPI,-69483,LED-003636
2025-11-23,2025-11-23,BROKER PAYOUT,16768,LED-003637
2025-11-18,2025-11-19,SUSPICIOUS BULK WITHDRAWAL,-1473140,LED-003638
2025-11-28,2025-11-28,AUTO SWEEP,172526,LED-003639
2025-11-28,2025-11-29,BROKER PAYIN,2545,LED-003640
2025-11-21,2025-11-22,BROKER PAYIN,16537,LED-003641
2025-11-25,2025-11-27,UPI,-186903,LED-003642
2025-12-01,2025-12-02,BROKER PAYOUT,-152661,LED-003643
2025-11-25,2025-11-25,BROKER PAYOUT,21684,LED-003644
2025-11-26,2025-11-27,BROKER PAYOUT,73348,LED-003645
2025-11-27,2025-11-28,UPI,-47488,LED-003646
2025-11-30,2025-12-02,IMPS,93322,LED-003647
2025-11-19,2025-11-19,BROKER PAYOUT,152817,LED-003648
2025-11-24,2025-11-24,BROKER PAYOUT,-34816,LED-003649
2025-11-20,2025-11-20,IMPS,-23007,LED-003650
2025-11-19,2025-11-21,AUTO SWEEP,-133815,LED-003651
2025-11-28,,ATM WDL,49548,LED-003652
2025-11-19,2025-11-19,BROKER PAYIN,114060,LED-003653
2025-11-29,2025-11-29,IMPS,61982,LED-003654
2025-11-29,2025-12-01,UPI,15830,LED-003655
2025-12-01,,BROKER PAYOUT,57421,LED-003656
2025-11-20,2025-11-22,UPI,-2507,LED-003657
2025-11-22,2025-11-23,BROKER PAYOUT,191532,LED-003658
2025-11-19,2025-11-20,UPI,181234,LED-003659
2025-11-22,2025-11-23,IMPS,168723,LED-003660
2025-11-23,2025-11-25,AUTO SWEEP,-95789,LED-003661
2025-11-24,,BROKER PAYIN,-5079,LED-003662
2025-11-21,2025-11-21,AUTO SWEEP,-157498,LED-003663
2025-11-18,2025-11-18,SUSPICIOUS BULK WITHDRAWAL,-1529585,LED-003664
2025-11-25,2025-11-27,AUTO SWEEP,-184646,LED-003665
2025-11-22,2025-11-22,UPI,-144960,LED-003666
2025-11-19,,BROKER PAYIN,160232,LED-003667
2025-11-27,2025-11-28,UPI,-75356,LED-003668
2025-11-26,,UPI,187453,LED-003669
2025-11-23,,IMPS,16855,LED-003670
2025-11-28,2025-11-29,UPI,82780,LED-003671
2025-11-29,2025-11-30,AUTO SWEEP,148730,LED-003672
2025-11-22,2025-11-22,BROKER PAYOUT,25725,LED-003673
2025-11-29,2025-11-30,SUSPICIOUS BULK WITHDRAWAL,-1028263,LED-003674
2025-11-20,2025-11-20,IMPS,-161460,LED-003675
2025-11-29,,IMPS,143184,LED-003676
2025-11-18,2025-11-20,AUTO SWEEP,125154,LED-003677
2025-11-17,2025-11-18,AUTO SWEEP,-140444,LED-003678
2025-11-20,,UPI,-182977,LED-003679
2025-11-19,,UPI,-100007,LED-003680
2025-11-20,2025-11-20,IMPS,36849,LED-003681
2025-11-27,2025-11-29,UPI,-69264,LED-003682
2025-11-24,2025-11-25,IMPS,26212,LED-003683
2025-11-19,2025-11-20,UPI,150200,LED-003684
2025-11-20,2025-11-21,UPI,141981,LED-003685
2025-11-17,2025-11-19,BROKER PAYOUT,39636,LED-003686
2025-11-30,2025-12-02,BROKER PAYIN,28499,LED-003687
2025-11-27,2025-11-27,UPI,46884,LED-003688
2025-11-29,2025-11-29,BROKER PAYOUT,-102270,LED-003689
2025-11-28,2025-11-29,UPI,-4124,LED-003690
2025-11-28,,AUTO SWEEP,-182636,LED-003691
2025-11-27,2025-11-29,UPI,-70323,LED-003692
2025-11-27,2025-11-29,BROKER PAYOUT,82802,LED-003693
2025-11-28,2025-11-30,IMPS,166345,LED-003694
2025-11-26,2025-11-28,AUTO SWEEP,-148924,LED-003695
2025-11-17,2025-11-17,BROKER PAYOUT,-84142,LED-003696
2025-11-20,2025-11-22,AUTO SWEEP,124922,LED-003697
2025-12-01,2025-12-02,IMPS,22589,LED-003698
2025-11-17,2025-11-17,UPI,-62624,LED-003699
2025-11-22,2025-11-22,UPI,-57683,LED-003700
2025-11-23,2025-11-24,UPI,-178733,LED-003701
2025-11-25,2025-11-26,ATM WDL,3939,LED-003702
2025-11-26,2025-11-27,UPI,-26050,LED-003703
2025-11-23,2025-11-24,ATM WDL,-110486,LED-003704
2025-11-23,2025-11-23,AUTO SWEEP,-6703,LED-003705
2025-11-26,2025-11-28,SUSPICIOUS BULK WITHDRAWAL,-1531399,LED-003706
2025-11-17,2025-11-18,UPI,13557,LED-003707
2025-11-24,2025-11-25,BROKER PAYIN,-156637,LED-003708
2025-11-18,2025-11-18,BROKER PAYOUT,-139309,LED-003709
2025-11-26,2025-11-27,AUTO SWEEP,-71961,LED-003710
2025-12-01,2025-12-03,AUTO SWEEP,-60793,LED-003711
2025-11-25,2025-11-27,BROKER PAYOUT,105958,LED-003712
2025-11-25,2025-11-26,UPI,168310,LED-003713
2025-11-19,2025-11-19,BROKER PAYIN,88428,LED-003714
2025-12-01,2025-12-01,BROKER PAYOUT,104012,LED-003715
2025-11-24,,IMPS,102120,LED-003716
2025-12-01,2025-12-02,AUTO SWEEP,-198527,LED-003717
2025-11-21,2025-11-22,BROKER PAYOUT,35900,LED-003718
2025-11-27,2025-11-28,UPI,164581,LED-003719
2025-12-01,2025-12-01,AUTO SWEEP,38486,LED-003720
2025-11-22,2025-11-23,IMPS,-193532,LED-003721
2025-11-19,2025-11-21,UPI,-77186,LED-003722
2025-11-28,,BROKER PAYOUT,69727,LED-003723
2025-11-21,2025-11-22,UPI,162152,LED-003724
2025-11-20,2025-11-22,AUTO SWEEP,69837,LED-003725
2025-11-21,2025-11-23,BROKER PAYOUT,48116,LED-003726
2025-11-20,2025-11-21,ATM WDL,-144275,LED-003727
2025-12-01,2025-12-03,UPI,14987,LED-003728
2025-11-17,2025-11-17,BROKER PAYIN,-108068,LED-003729
2025-11-28,2025-11-29,BROKER PAYOUT,-159516,LED-003730
2025-11-17,2025-11-17,AUTO SWEEP,-42159,LED-003731
2025-11-23,2025-11-24,BROKER PAYOUT,-115637,LED-003732
2025-11-21,2025-11-23,ATM WDL,-139488,LED-003733
2025-11-17,2025-11-17,IMPS,63635,LED-003734
2025-11-18,2025-11-19,ATM WDL,117979,LED-003735
2025-11-26,,BROKER PAYIN,28888,LED-003736
2025-11-30,2025-12-01,ATM WDL,122474,LED-003737
2025-11-27,2025-11-27,UPI,151457,LED-003738
2025-11-21,2025-11-22,BROKER PAYIN,-97640,LED-003739
2025-11-25,2025-11-27,AUTO SWEEP,-32254,LED-003740
2025-11-29,2025-11-30,UPI,65304,LED-003741
2025-11-21,2025-11-23,UPI,81858,LED-003742
2025-11-29,2025-12-01,UPI,2910,LED-003743
2025-11-30,,BROKER PAYOUT,109782,LED-003744
2025-11-19,2025-11-20,IMPS,-67241,LED-003745
2025-11-29,,ATM WDL,177923,LED-003746
2025-11-21,2025-11-21,ATM WDL,75531,LED-003747
2025-11-21,2025-11-23,BROKER PAYOUT,-93806,LED-003748
2025-11-18,2025-11-19,AUTO SWEEP,98602,LED-003749
2025-11-17,2025-11-19,BROKER PAYOUT,130295,LED-003750
2025-11-24,2025-11-26,BROKER PAYOUT,-62672,LED-003751
2025-11-28,2025-11-30,BROKER PAYIN,-185379,LED-003752
2025-11-17,2025-11-18,BROKER PAYIN,125896,LED-003753
2025-11-26,2025-11-26,AUTO SWEEP,140134,LED-003754
2025-11-24,2025-11-25,IMPS,129501,LED-003755
2025-11-28,2025-11-28,UPI,43614,LED-003756
2025-12-01,2025-12-02,BROKER PAYOUT,195995,LED-003757
2025-11-29,2025-11-30,BROKER PAYIN,83180,LED-003758
2025-11-20,2025-11-20,BROKER PAYIN,125968,LED-003759
2025-11-28,2025-11-28,IMPS,196929,LED-003760
2025-11-29,2025-12-01,IMPS,169180,LED-003761
2025-11-24,2025-11-24,AUTO SWEEP,23527,LED-003762
2025-11-29,2025-11-30,UPI,158026,LED-003763
2025-12-01,,BROKER PAYIN,35721,LED-003764
2025-11-23,,UPI,11121,LED-003765
2025-11-19,2025-11-21,BROKER PAYIN,83424,LED-003766
2025-11-25,2025-11-26,IMPS,161025,LED-003767
2025-11-26,2025-11-26,,125909,LED-003768
2025-11-18,2025-11-20,UPI,60053,LED-003769
2025-11-18,2025-11-20,ATM WDL,-79704,LED-003770
2025-11-18,2025-11-19,BROKER PAYOUT,-197649,LED-003771
2025-11-22,2025-11-22,AUTO SWEEP,115856,LED-003772
2025-11-20,2025-11-22,BROKER PAYIN,91039,LED-003773
2025-11-21,2025-11-23,,-1815705,LED-003774
2025-11-28,2025-11-30,ATM WDL,52053,LED-003775
2025-11-30,2025-12-02,BROKER PAYOUT,-106676,LED-003776
2025-11-19,,UPI,11346,LED-003777
2025-11-23,2025-11-23,BROKER PAYOUT,-109542,LED-003778
2025-12-01,,BROKER PAYOUT,-136875,LED-003779
2025-11-17,2025-11-19,ATM WDL,160015,LED-003780
2025-11-29,2025-11-30,SUSPICIOUS BULK WITHDRAWAL,-1154849,LED-003781
2025-12-01,2025-12-01,BROKER PAYIN,132746,LED-003782
2025-11-21,2025-11-22,BROKER PAYOUT,-50749,LED-003783
2025-11-29,2025-11-29,AUTO SWEEP,-12231,LED-003784
2025-11-18,2025-11-19,ATM WDL,-179739,LED-003785
2025-11-18,2025-11-20,UPI,168260,LED-003786
2025-11-20,2025-11-22,BROKER PAYIN,64340,LED-003787
2025-11-29,2025-11-29,AUTO SWEEP,-48707,LED-003788
2025-11-19,2025-11-21,BROKER PAYIN,78375,LED-003789
2025-11-17,2025-11-19,BROKER PAYOUT,71163,LED-003790
2025-11-23,2025-11-24,,-107129,LED-003791
2025-11-22,2025-11-24,ATM WDL,-1913,LED-003792
2025-12-01,2025-12-02,,46841,LED-003793
2025-11-30,2025-12-01,IMPS,-125858,LED-003794
2025-11-20,2025-11-22,BROKER PAYIN,-15706,LED-003795
2025-11-22,2025-11-23,BROKER PAYOUT,-31878,LED-003796
2025-11-26,2025-11-27,AUTO SWEEP,-102195,LED-003797
2025-11-23,2025-11-25,IMPS,5890,LED-003798
2025-11-23,2025-11-25,,-110713,LED-003799
2025-11-17,2025-11-18,UPI,12906,LED-003800
2025-11-20,2025-11-21,IMPS,95704,LED-003801
2025-11-27,2025-11-28,IMPS,-105266,LED-003802
2025-11-19,2025-11-20,AUTO SWEEP,-173585,LED-003803
2025-11-27,2025-11-27,BROKER PAYOUT,-54179,LED-003804
2025-11-30,2025-12-01,UPI,26400,LED-003805
2025-11-29,2025-12-01,ATM WDL,-103915,LED-003806
2025-11-24,2025-11-24,,170734,LED-003807
2025-12-01,2025-12-01,IMPS,-56074,LED-003808
2025-11-25,2025-11-25,,-72081,LED-003809
2025-11-26,2025-11-26,BROKER PAYOUT,-38811,LED-003810
2025-11-30,2025-12-02,BROKER PAYOUT,121944,LED-003811
2025-11-23,2025-11-23,BROKER PAYOUT,103076,LED-003812
2025-11-30,2025-12-02,AUTO SWEEP,161239,LED-003813
2025-11-19,2025-11-19,BROKER PAYOUT,-114548,LED-003814
2025-11-23,,ATM WDL,100502,LED-003815
2025-11-25,2025-11-25,ATM WDL,-10782,LED-003816
2025-11-28,2025-11-29,AUTO SWEEP,60589,LED-003817
2025-11-26,2025-11-26,AUTO SWEEP,127851,LED-003818
2025-11-28,,AUTO SWEEP,156132,LED-003819
2025-12-01,2025-12-03,ATM WDL,-4091,LED-003820
2025-11-30,2025-12-01,AUTO SWEEP,166163,LED-003821
2025-11-27,2025-11-29,UPI,197683,LED-003822
2025-11-19,2025-11-20,BROKER PAYOUT,186534,LED-003823
2025-11-22,2025-11-22,AUTO SWEEP,89370,LED-003824
2025-11-25,2025-11-26,AUTO SWEEP,156985,LED-003825
2025-11-22,2025-11-23,BROKER PAYOUT,-63521,LED-003826
2025-11-20,2025-11-22,ATM WDL,-189868,LED-003827
2025-11-30,2025-11-30,UPI,42515,LED-003828
2025-11-26,2025-11-28,IMPS,190041,LED-003829
2025-11-19,2025-11-21,UPI,-21112,LED-003830
2025-11-24,2025-11-26,ATM WDL,30927,LED-003831
2025-11-21,,ATM WDL,77433,LED-003832
2025-11-20,2025-11-21,BROKER PAYIN,-112648,LED-003833
2025-11-30,2025-12-02,BROKER PAYOUT,-153681,LED-003834
2025-12-01,2025-12-03,ATM WDL,-124887,LED-003835
2025-11-19,2025-11-21,AUTO SWEEP,-43059,LED-003836
2025-11-27,2025-11-29,,-1955508,LED-003837
2025-11-27,2025-11-27,ATM WDL,170054,LED-003838
2025-11-28,2025-11-28,IMPS,-128097,LED-003839
2025-11-18,2025-11-18,ATM WDL,117910,LED-003840
2025-11-21,2025-11-23,BROKER PAYOUT,21395,LED-003841
2025-11-25,2025-11-26,ATM WDL,-127779,LED-003842
2025-11-30,2025-12-01,BROKER PAYOUT,-158623,LED-003843
2025-11-18,2025-11-19,ATM WDL,-45960,LED-003844
2025-11-23,2025-11-25,IMPS,-77037,LED-003845
2025-11-30,2025-12-02,IMPS,-135085,LED-003846
2025-11-23,,AUTO SWEEP,-29733,LED-003847
2025-11-23,2025-11-24,UPI,-60194,LED-003848
2025-11-25,2025-11-25,ATM WDL,-66931,LED-003849
2025-11-17,2025-11-19,BROKER PAYIN,-61735,LED-003850
2025-11-22,2025-11-23,BROKER PAYOUT,-45976,LED-003851
2025-11-24,2025-11-26,,173798,LED-003852
2025-12-01,2025-12-01,IMPS,-77633,LED-003853
2025-11-27,2025-11-28,IMPS,-87639,LED-003854
2025-11-22,2025-11-22,BROKER PAYIN,159171,LED-003855
2025-11-28,2025-11-29,UPI,-55753,LED-003856
2025-11-23,2025-11-24,BROKER PAYIN,197100,LED-003857
2025-11-22,2025-11-24,UPI,-63604,LED-003858
2025-11-26,,ATM WDL,-92387,LED-003859
2025-11-20,2025-11-21,BROKER PAYIN,170995,LED-003860
2025-11-23,2025-11-25,BROKER PAYOUT,-123118,LED-003861
2025-11-23,2025-11-24,UPI,166747,LED-003862
2025-11-28,2025-11-30,AUTO SWEEP,85032,LED-003863
2025-11-28,2025-11-28,AUTO SWEEP,-70031,LED-003864
2025-11-25,2025-11-27,AUTO SWEEP,141584,LED-003865
2025-11-24,2025-11-24,AUTO SWEEP,-20277,LED-003866
2025-11-19,2025-11-20,ATM WDL,86913,LED-003867
2025-11-22,2025-11-24,AUTO SWEEP,91236,LED-003868
2025-11-25,2025-11-26,BROKER PAYOUT,143217,LED-003869
2025-11-24,2025-11-24,AUTO SWEEP,-118022,LED-003870
2025-11-18,2025-11-18,UPI,-104939,LED-003871
2025-11-30,2025-11-30,AUTO SWEEP,11425,LED-003872
2025-11-20,2025-11-22,,-87111,LED-003873
2025-11-17,2025-11-18,UPI,-9026,LED-003874
2025-11-22,2025-11-24,UPI,-68511,LED-003875
2025-11-29,2025-11-30,IMPS,107208,LED-003876
2025-11-17,2025-11-19,BROKER PAYIN,-73471,LED-003877
2025-11-18,2025-11-20,BROKER PAYIN,96130,LED-003878
2025-11-21,2025-11-23,UPI,8675,LED-003879
2025-11-24,2025-11-25,UPI,22852,LED-003880
2025-12-01,2025-12-01,UPI,101416,LED-003881
2025-11-30,2025-12-02,BROKER PAYOUT,4017,LED-003882
2025-11-30,2025-12-01,AUTO SWEEP,62388,LED-003883
2025-11-17,2025-11-18,UPI,158450,LED-003884
2025-11-30,2025-12-01,AUTO SWEEP,-165665,LED-003885
2025-11-22,2025-11-24,UPI,158968,LED-003886
2025-11-17,2025-11-18,AUTO SWEEP,-30075,LED-003887
2025-11-21,2025-11-23,ATM WDL,173119,LED-003888
2025-11-19,2025-11-21,ATM WDL,41501,LED-003889
2025-11-26,2025-11-28,,192634,LED-003890
2025-11-30,2025-11-30,IMPS,-67444,LED-003891
2025-11-18,2025-11-19,UPI,-55366,LED-003892
2025-11-22,2025-11-22,IMPS,-173388,LED-003893
2025-11-23,2025-11-23,BROKER PAYIN,-31558,LED-003894
2025-11-21,2025-11-23,BROKER PAYIN,120733,LED-003895
2025-11-25,2025-11-27,UPI,-13791,LED-003896
2025-11-22,2025-11-23,UPI,189798,LED-003897
2025-11-23,2025-11-25,ATM WDL,-156056,LED-003898
2025-11-18,2025-11-19,UPI,74605,LED-003899
2025-11-27,2025-11-28,ATM WDL,-120556,LED-003900
2025-11-27,2025-11-27,UPI,-83980,LED-003901
2025-11-26,2025-11-26,ATM WDL,-86707,LED-003902
2025-11-28,2025-11-29,BROKER PAYIN,80998,LED-003903
2025-11-18,2025-11-18,AUTO SWEEP,-176941,LED-003904
2025-11-18,2025-11-20,IMPS,190770,LED-003905
2025-11-28,2025-11-30,BROKER PAYOUT,31571,LED-003906
2025-11-28,2025-11-28,ATM WDL,110842,LED-003907
2025-11-27,2025-11-29,BROKER PAYOUT,115672,LED-003908
2025-11-19,2025-11-21,SUSPICIOUS BULK WITHDRAWAL,-882519,LED-003909
2025-11-23,2025-11-23,ATM WDL,22644,LED-003910
2025-11-18,2025-11-20,BROKER PAYOUT,-82773,LED-003911
2025-11-22,2025-11-22,BROKER PAYIN,10677,LED-003912
2025-11-26,2025-11-28,IMPS,-124797,LED-003913
2025-11-30,2025-12-01,IMPS,3843,LED-003914
2025-11-17,2025-11-17,BROKER PAYIN,-186277,LED-003915
2025-11-18,2025-11-18,ATM WDL,76283,LED-003916
2025-11-27,2025-11-27,UPI,-135075,LED-003917
2025-11-27,2025-11-28,,88174,LED-003918
2025-11-17,2025-11-17,BROKER PAYIN,4368,LED-003919
2025-11-23,2025-11-23,ATM WDL,68151,LED-003920
2025-11-29,2025-12-01,,-163719,LED-003921
2025-11-24,,AUTO SWEEP,-195066,LED-003922
2025-11-17,,ATM WDL,122757,LED-003923
2025-11-25,2025-11-25,IMPS,187745,LED-003924
2025-11-19,2025-11-19,AUTO SWEEP,42837,LED-003925
2025-11-19,,UPI,-45571,LED-003926
2025-11-28,2025-11-30,ATM WDL,198799,LED-003927
2025-11-27,2025-11-29,,190723,LED-003928
2025-11-22,2025-11-24,ATM WDL,5358,LED-003929
2025-11-22,2025-11-22,UPI,-126993,LED-003930
2025-11-24,,BROKER PAYOUT,-192854,LED-003931
2025-11-21,2025-11-22,BROKER PAYIN,2736,LED-003932
2025-11-25,2025-11-27,IMPS,-146740,LED-003933
2025-11-25,2025-11-27,ATM WDL,-147938,LED-003934
2025-11-28,2025-11-30,UPI,-144542,LED-003935
2025-11-21,2025-11-21,UPI,151971,LED-003936
2025-11-17,,AUTO SWEEP,-3985,LED-003937
2025-11-20,2025-11-22,ATM WDL,-75959,LED-003938
2025-11-28,2025-11-29,AUTO SWEEP,175994,LED-003939
2025-11-20,2025-11-21,BROKER PAYOUT,-64607,LED-003940
2025-11-24,2025-11-26,BROKER PAYOUT,11934,LED-003941
2025-11-25,2025-11-27,BROKER PAYOUT,-162903,LED-003942
2025-11-22,,UPI,-46107,LED-003943
2025-11-30,2025-12-02,UPI,187581,LED-003944
2025-11-23,,IMPS,137005,LED-003945
2025-11-18,2025-11-19,IMPS,-25655,LED-003946
2025-11-26,2025-11-26,UPI,-73137,LED-003947
2025-11-25,2025-11-25,ATM WDL,-39767,LED-003948
2025-11-25,2025-11-27,ATM WDL,-122767,LED-003949
2025-11-23,2025-11-23,BROKER PAYOUT,-49529,LED-003950
2025-11-27,2025-11-28,ATM WDL,-198528,LED-003951
2025-11-30,2025-11-30,BROKER PAYIN,-174441,LED-003952
2025-11-25,2025-11-26,BROKER PAYIN,-73563,LED-003953
2025-12-01,2025-12-01,UPI,5953,LED-003954
2025-11-22,2025-11-24,AUTO SWEEP,-31548,LED-003955
2025-11-25,2025-11-26,BROKER PAYIN,111494,LED-003956
2025-11-30,2025-11-30,ATM WDL,-34644,LED-003957
2025-11-18,2025-11-18,IMPS,-199640,LED-003958
2025-11-29,2025-11-29,IMPS,109464,LED-003959
2025-11-24,2025-11-26,BROKER PAYOUT,-14840,LED-003960
2025-11-28,2025-11-29,ATM WDL,21786,LED-003961
2025-11-28,2025-11-28,ATM WDL,-189463,LED-003962
2025-11-21,2025-11-21,,-128157,LED-003963
2025-12-01,2025-12-03,UPI,110732,LED-003964
2025-11-23,2025-11-23,UPI,159934,LED-003965
2025-11-18,,UPI,-47344,LED-003966
2025-11-25,2025-11-25,ATM WDL,-98918,LED-003967
2025-11-19,2025-11-21,ATM WDL,-56093,LED-003968
2025-12-01,2025-12-02,BROKER PAYOUT,-78560,LED-003969
2025-11-24,2025-11-24,ATM WDL,-183717,LED-003970
2025-11-18,2025-11-19,UPI,-79596,LED-003971
2025-11-26,,UPI,173324,LED-003972
2025-11-20,2025-11-20,BROKER PAYOUT,-28534,LED-003973
2025-11-18,2025-11-20,IMPS,-107444,LED-003974
2025-11-24,2025-11-25,UPI,150603,LED-003975
2025-12-01,2025-12-02,UPI,-72616,LED-003976
2025-11-20,2025-11-22,BROKER PAYIN,-127582,LED-003977
2025-11-17,2025-11-17,ATM WDL,102827,LED-003978
2025-11-26,2025-11-26,UPI,34812,LED-003979
2025-11-21,2025-11-21,AUTO SWEEP,-113625,LED-003980
2025-11-20,2025-11-22,ATM WDL,-81874,LED-003981
2025-11-29,2025-12-01,,-144333,LED-003982
2025-11-30,2025-12-01,BROKER PAYOUT,-196006,LED-003983
2025-11-27,2025-11-27,,160462,LED-003984
2025-12-01,2025-12-02,UPI,-99246,LED-003985
2025-11-22,2025-11-22,AUTO SWEEP,87751,LED-003986
2025-11-24,2025-11-26,UPI,-80244,LED-003987
2025-11-27,2025-11-27,ATM WDL,-189105,LED-003988
2025-11-21,2025-11-22,ATM WDL,150651,LED-003989
2025-11-18,,IMPS,4044,LED-003990
2025-11-29,2025-11-29,IMPS,190579,LED-003991
2025-11-28,2025-11-29,AUTO SWEEP,-19250,LED-003992
2025-11-26,,AUTO SWEEP,190303,LED-003993
2025-11-17,2025-11-17,IMPS,186164,LED-003994
2025-11-25,2025-11-27,IMPS,126415,LED-003995
2025-11-27,,BROKER PAYOUT,115667,LED-003996
2025-11-22,2025-11-23,ATM WDL,118116,LED-003997
2025-11-20,2025-11-21,BROKER PAYOUT,-196435,LED-003998
2025-11-27,2025-11-28,,122018,LED-003999
2025-11-27,2025-11-27,BROKER PAYIN,-52459,LED-004000
2025-11-20,2025-11-20,UPI,-146732,LED-004001
2025-11-26,2025-11-28,BROKER PAYOUT,-140389,LED-004002
2025-11-25,2025-11-27,UPI,158193,LED-004003
2025-11-26,2025-11-27,AUTO SWEEP,-21055,LED-004004
2025-11-19,2025-11-20,BROKER PAYIN,44531,LED-004005
2025-11-17,2025-11-19,AUTO SWEEP,25836,LED-004006
2025-11-21,,IMPS,-117190,LED-004007
2025-11-23,2025-11-25,IMPS,162248,LED-004008
2025-11-27,2025-11-28,BROKER PAYOUT,-142806,LED-004009
2025-11-19,2025-11-20,BROKER PAYIN,-48753,LED-004010
2025-11-17,2025-11-19,ATM WDL,2407,LED-004011
2025-11-26,2025-11-27,UPI,167226,LED-004012
2025-11-30,2025-11-30,AUTO SWEEP,22679,LED-004013
2025-11-17,2025-11-18,BROKER PAYOUT,-92144,LED-004014
2025-11-23,2025-11-23,SUSPICIOUS BULK WITHDRAWAL,-1787053,LED-004015
2025-11-18,2025-11-18,BROKER PAYOUT,140183,LED-004016
2025-11-20,2025-11-20,ATM WDL,97567,LED-004017
2025-11-28,,ATM WDL,79520,LED-004018
2025-11-22,2025-11-24,ATM WDL,139704,LED-004019
2025-11-27,2025-11-27,BROKER PAYIN,78431,LED-004020
2025-11-17,2025-11-17,UPI,-105489,LED-004021
2025-11-23,2025-11-25,IMPS,31273,LED-004022
2025-11-17,2025-11-19,BROKER PAYOUT,-18934,LED-004023
2025-11-24,2025-11-24,IMPS,-12100,LED-004024
2025-11-19,2025-11-20,IMPS,9035,LED-004025
2025-12-01,2025-12-03,ATM WDL,169419,LED-004026
2025-11-18,2025-11-20,IMPS,183904,LED-004027
2025-11-24,2025-11-24,IMPS,-88648,LED-004028
2025-11-30,2025-12-01,ATM WDL,87536,LED-004029
2025-11-17,2025-11-19,ATM WDL,-96624,LED-004030
2025-11-20,,AUTO SWEEP,79442,LED-004031
2025-11-28,,ATM WDL,-140076,LED-004032
2025-11-30,2025-12-01,IMPS,-111282,LED-004033
2025-11-30,,ATM WDL,3246,LED-004034
2025-11-22,2025-11-22,IMPS,24747,LED-004035
2025-11-17,,BROKER PAYIN,18750,LED-004036
2025-11-24,2025-11-25,BROKER PAYOUT,-74210,LED-004037
2025-11-23,2025-11-23,BROKER PAYIN,-143036,LED-004038
2025-11-21,,UPI,131140,LED-004039
2025-11-17,2025-11-18,ATM WDL,-146440,LED-004040
2025-11-20,,IMPS,-77139,LED-004041
2025-11-22,2025-11-23,ATM WDL,88562,LED-004042
2025-11-21,2025-11-22,BROKER PAYIN,-45532,LED-004043
2025-11-21,,IMPS,-93741,LED-004044
2025-11-25,2025-11-27,IMPS,69857,LED-004045
2025-11-19,2025-11-21,ATM WDL,147864,LED-004046
2025-11-22,2025-11-23,AUTO SWEEP,22302,LED-004047
2025-11-21,2025-11-22,AUTO SWEEP,-139500,LED-004048
2025-11-20,2025-11-21,BROKER PAYOUT,-26651,LED-004049
2025-11-23,2025-11-23,ATM WDL,60452,LED-004050
2025-11-27,2025-11-27,IMPS,33546,LED-004051
2025-12-01,2025-12-01,IMPS,130574,LED-004052
2025-11-27,2025-11-28,IMPS,34447,LED-004053
2025-11-25,,BROKER PAYOUT,105411,LED-004054
2025-11-28,2025-11-29,IMPS,-151538,LED-004055
2025-11-25,2025-11-25,ATM WDL,62648,LED-004056
2025-11-18,,ATM WDL,142329,LED-004057
2025-11-23,2025-11-23,UPI,26962,LED-004058
2025-11-17,2025-11-18,BROKER PAYOUT,90762,LED-004059
2025-11-24,2025-11-24,BROKER PAYIN,28306,LED-004060
2025-11-30,2025-12-01,BROKER PAYOUT,132015,LED-004061
2025-12-01,2025-12-01,AUTO SWEEP,147406,LED-004062
2025-11-20,2025-11-22,IMPS,-162147,LED-004063
2025-11-28,2025-11-30,BROKER PAYIN,-3298,LED-004064
2025-11-18,2025-11-18,UPI,88358,LED-004065
2025-12-01,2025-12-03,IMPS,-29789,LED-004066
2025-11-19,2025-11-21,BROKER PAYOUT,-22989,LED-004067
2025-11-18,2025-11-20,AUTO SWEEP,-86050,LED-004068
2025-11-22,2025-11-23,BROKER PAYOUT,195215,LED-004069
2025-11-28,2025-11-30,BROKER PAYOUT,140962,LED-004070
2025-11-19,2025-11-19,ATM WDL,120531,LED-004071
2025-11-28,2025-11-30,BROKER PAYIN,139406,LED-004072
2025-11-21,2025-11-21,UPI,9036,LED-004073
2025-11-28,2025-11-30,BROKER PAYOUT,105776,LED-004074
2025-11-22,,BROKER PAYIN,61640,LED-004075
2025-11-25,,ATM WDL,-175967,LED-004076
2025-11-26,2025-11-26,UPI,-101184,LED-004077
2025-11-18,2025-11-18,IMPS,61356,LED-004078
2025-11-18,2025-11-18,,56622,LED-004079
2025-11-29,2025-12-01,BROKER PAYIN,-35391,LED-004080
2025-11-28,2025-11-28,UPI,36866,LED-004081
2025-11-18,2025-11-19,BROKER PAYIN,77927,LED-004082
2025-11-20,2025-11-21,ATM WDL,118648,LED-004083
2025-11-18,2025-11-20,UPI,-68061,LED-004084
2025-11-28,2025-11-28,BROKER PAYOUT,-145431,LED-004085
2025-11-18,2025-11-19,BROKER PAYIN,-105534,LED-004086
2025-11-27,2025-11-27,BROKER PAYOUT,-116947,LED-004087
2025-11-30,2025-12-01,AUTO SWEEP,-79983,LED-004088
2025-11-23,2025-11-24,AUTO SWEEP,157510,LED-004089
2025-11-23,2025-11-25,AUTO SWEEP,-150980,LED-004090
2025-11-26,,IMPS,-54712,LED-004091
2025-11-26,2025-11-28,BROKER PAYOUT,-111986,LED-004092
2025-11-22,2025-11-22,BROKER PAYOUT,-119786,LED-004093
2025-11-26,,IMPS,-153639,LED-004094
2025-11-19,2025-11-20,UPI,160018,LED-004095
2025-11-20,2025-11-20,AUTO SWEEP,140231,LED-004096
2025-11-22,,SUSPICIOUS BULK WITHDRAWAL,-940783,LED-004097
2025-11-24,2025-11-25,BROKER PAYIN,-67478,LED-004098
2025-12-01,2025-12-01,AUTO SWEEP,145016,LED-004099
2025-11-18,2025-11-19,AUTO SWEEP,129002,LED-004100
2025-11-20,2025-11-20,UPI,166794,LED-004101
2025-11-20,,UPI,2915,LED-004102
2025-12-01,2025-12-02,BROKER PAYIN,159516,LED-004103
2025-11-26,,BROKER PAYIN,-13722,LED-004104
2025-11-21,2025-11-23,BROKER PAYIN,-155731,LED-004105
2025-11-17,2025-11-18,AUTO SWEEP,-157920,LED-004106
2025-11-27,2025-11-27,IMPS,107973,LED-004107
2025-11-26,2025-11-28,,105967,LED-004108
2025-11-18,2025-11-19,AUTO SWEEP,-76452,LED-004109
2025-11-28,2025-11-29,ATM WDL,170721,LED-004110
2025-11-21,2025-11-23,UPI,72628,LED-004111
2025-11-25,2025-11-27,BROKER PAYOUT,158249,LED-004112
2025-11-28,2025-11-29,AUTO SWEEP,43646,LED-004113
2025-11-21,2025-11-22,SUSPICIOUS BULK WITHDRAWAL,-736280,LED-004114
2025-11-17,2025-11-18,AUTO SWEEP,-139335,LED-004115
2025-11-24,2025-11-25,IMPS,-7012,LED-004116
2025-11-29,2025-12-01,IMPS,167030,LED-004117
2025-11-27,2025-11-29,BROKER PAYIN,-52345,LED-004118
2025-11-24,2025-11-25,ATM WDL,20632,LED-004119
2025-11-21,2025-11-23,UPI,-57188,LED-004120
2025-12-01,2025-12-02,UPI,174876,LED-004121
2025-11-29,2025-11-30,AUTO SWEEP,187799,LED-004122
2025-11-27,2025-11-29,AUTO SWEEP,-108983,LED-004123
2025-11-25,,IMPS,-7966,LED-004124
2025-11-30,2025-12-02,BROKER PAYIN,62855,LED-004125
2025-11-20,2025-11-20,BROKER PAYIN,-171951,LED-004126
2025-11-30,2025-12-02,UPI,75189,LED-004127
2025-11-26,2025-11-28,ATM WDL,-22215,LED-004128
2025-11-17,,BROKER PAYOUT,32365,LED-004129
2025-11-25,,UPI,-77616,LED-004130
2025-11-30,2025-12-02,BROKER PAYIN,-136081,LED-004131
2025-11-18,2025-11-20,BROKER PAYIN,143397,LED-004132
2025-11-23,2025-11-25,IMPS,-100194,LED-004133
2025-11-27,2025-11-27,UPI,-34280,LED-004134
2025-11-30,2025-12-02,,-144132,LED-004135
2025-11-17,2025-11-17,BROKER PAYIN,158483,LED-004136
2025-11-24,2025-11-25,BROKER PAYIN,-42519,LED-004137
2025-11-28,2025-11-29,BROKER PAYOUT,152687,LED-004138
2025-11-29,2025-11-30,AUTO SWEEP,-143382,LED-004139
2025-11-17,2025-11-18,BROKER PAYIN,180351,LED-004140
2025-11-24,2025-11-25,,-182293,LED-004141
2025-11-28,2025-11-29,ATM WDL,-191472,LED-004142
2025-11-19,2025-11-20,ATM WDL,101078,LED-004143
2025-11-22,,IMPS,-29538,LED-004144
2025-11-26,2025-11-27,UPI,-147072,LED-004145
2025-11-27,2025-11-29,,-40794,LED-004146
2025-12-01,2025-12-01,ATM WDL,-162190,LED-004147
2025-11-29,2025-11-30,AUTO SWEEP,-27852,LED-004148
2025-11-17,2025-11-17,SUSPICIOUS BULK WITHDRAWAL,-790772,LED-004149
2025-11-20,2025-11-20,BROKER PAYIN,191227,LED-004150
2025-11-23,2025-11-25,IMPS,-50725,LED-004151
2025-12-01,2025-12-03,AUTO SWEEP,192282,LED-004152
2025-12-01,2025-12-01,AUTO SWEEP,-93783,LED-004153
2025-11-25,2025-11-25,AUTO SWEEP,-163726,LED-004154
2025-11-30,2025-11-30,IMPS,-53374,LED-004155
2025-11-26,2025-11-28,AUTO SWEEP,-157626,LED-004156
2025-11-21,2025-11-23,UPI,-124215,LED-004157
2025-11-24,2025-11-24,SUSPICIOUS BULK WITHDRAWAL,-1091106,LED-004158
2025-11-28,2025-11-29,UPI,-102140,LED-004159
2025-11-19,2025-11-21,UPI,-46283,LED-004160
2025-11-21,2025-11-23,AUTO SWEEP,-103958,LED-004161
2025-11-23,2025-11-24,UPI,-170871,LED-004162
2025-11-18,,IMPS,72278,LED-004163
2025-11-30,2025-12-02,ATM WDL,-104418,LED-004164
2025-11-18,2025-11-19,BROKER PAYOUT,-174647,LED-004165
2025-11-19,2025-11-19,BROKER PAYIN,85871,LED-004166
2025-11-19,2025-11-21,BROKER PAYIN,-76555,LED-004167
2025-11-27,2025-11-29,AUTO SWEEP,35949,LED-004168
2025-11-23,,ATM WDL,-122287,LED-004169
2025-11-30,2025-11-30,BROKER PAYIN,170352,LED-004170
2025-11-25,2025-11-25,,183117,LED-004171
2025-11-26,2025-11-27,UPI,49938,LED-004172
2025-11-27,2025-11-29,BROKER PAYOUT,-145358,LED-004173
2025-11-17,2025-11-18,IMPS,94836,LED-004174
2025-11-18,,AUTO SWEEP,80389,LED-004175
2025-11-21,2025-11-23,AUTO SWEEP,87971,LED-004176
2025-11-22,2025-11-22,BROKER PAYOUT,-84329,LED-004177
2025-11-19,,BROKER PAYOUT,135177,LED-004178
2025-12-01,2025-12-03,AUTO SWEEP,-51095,LED-004179
2025-11-19,2025-11-20,BROKER PAYOUT,-53364,LED-004180
2025-11-28,2025-11-30,BROKER PAYOUT,39351,LED-004181
2025-11-17,2025-11-19,UPI,-24078,LED-004182
2025-11-18,2025-11-18,BROKER PAYIN,186962,LED-004183
2025-11-22,2025-11-23,ATM WDL,159639,LED-004184
2025-11-25,2025-11-26,UPI,-199904,LED-004185
2025-11-25,2025-11-25,IMPS,194236,LED-004186
2025-11-18,2025-11-19,BROKER PAYIN,140273,LED-004187
2025-11-20,2025-11-20,UPI,-53946,LED-004188
2025-11-18,2025-11-18,BROKER PAYIN,12542,LED-004189
2025-11-28,2025-11-30,ATM WDL,9036,LED-004190
2025-11-27,2025-11-28,ATM WDL,-129291,LED-004191
2025-11-19,2025-11-20,BROKER PAYIN,9711,LED-004192
2025-11-29,2025-12-01,ATM WDL,-143761,LED-004193
2025-11-19,2025-11-20,IMPS,156915,LED-004194
2025-11-19,2025-11-21,AUTO SWEEP,-36660,LED-004195
2025-11-26,2025-11-28,,-190635,LED-004196
2025-11-27,2025-11-29,UPI,126497,LED-004197
2025-12-01,2025-12-03,AUTO SWEEP,-56943,LED-004198
2025-11-21,2025-11-21,ATM WDL,-140354,LED-004199
2025-11-22,2025-11-22,BROKER PAYOUT,60148,LED-004200
2025-11-30,2025-11-30,AUTO SWEEP,130968,LED-004201
2025-11-25,2025-11-25,IMPS,86263,LED-004202
2025-11-28,2025-11-30,BROKER PAYIN,-116603,LED-004203
2025-11-28,2025-11-29,AUTO SWEEP,66409,LED-004204
2025-11-22,2025-11-24,UPI,-24338,LED-004205
2025-11-17,2025-11-17,IMPS,172434,LED-004206
2025-11-30,2025-12-02,BROKER PAYIN,-144481,LED-004207
2025-11-30,2025-12-02,UPI,-181306,LED-004208
2025-11-23,2025-11-25,BROKER PAYIN,63519,LED-004209
2025-11-26,2025-11-27,AUTO SWEEP,140013,LED-004210
2025-11-24,2025-11-26,BROKER PAYOUT,-20823,LED-004211
2025-11-29,2025-11-29,BROKER PAYIN,-90300,LED-004212
2025-11-18,2025-11-20,BROKER PAYIN,104023,LED-004213
2025-11-24,2025-11-25,UPI,-171610,LED-004214
2025-11-20,,IMPS,-25607,LED-004215
2025-12-01,2025-12-02,SUSPICIOUS BULK WITHDRAWAL,-1303554,LED-004216
2025-11-30,2025-12-01,IMPS,-5587,LED-004217
2025-11-23,,AUTO SWEEP,-6977,LED-004218
2025-11-30,2025-12-02,ATM WDL,183791,LED-004219
2025-11-18,2025-11-20,ATM WDL,102293,LED-004220
2025-11-22,,,-141904,LED-004221
2025-11-19,2025-11-20,AUTO SWEEP,60085,LED-004222
2025-11-29,2025-11-29,IMPS,-43878,LED-004223
2025-11-27,2025-11-29,AUTO SWEEP,-170406,LED-004224
2025-11-30,2025-12-01,IMPS,-88326,LED-004225
2025-11-30,2025-12-01,IMPS,160352,LED-004226
2025-11-29,2025-11-30,AUTO SWEEP,-151576,LED-004227
2025-11-25,2025-11-26,AUTO SWEEP,42401,LED-004228
2025-11-27,2025-11-27,UPI,-121652,LED-004229
2025-11-27,2025-11-28,UPI,171018,LED-004230
2025-11-20,,BROKER PAYOUT,189304,LED-004231
2025-11-18,2025-11-18,UPI,67290,LED-004232
2025-11-20,2025-11-21,BROKER PAYIN,54844,LED-004233
2025-11-29,2025-12-01,AUTO SWEEP,10226,LED-004234
2025-11-23,2025-11-25,UPI,-45629,LED-004235
2025-12-01,,BROKER PAYOUT,-71210,LED-004236
2025-11-20,2025-11-22,BROKER PAYIN,-51261,LED-004237
2025-11-29,2025-11-29,ATM WDL,4141,LED-004238
2025-11-27,2025-11-29,IMPS,161413,LED-004239
2025-11-21,2025-11-23,IMPS,43361,LED-004240
2025-11-17,2025-11-19,BROKER PAYOUT,-81361,LED-004241
2025-11-19,2025-11-19,AUTO SWEEP,-99255,LED-004242
2025-11-17,2025-11-19,BROKER PAYOUT,98244,LED-004243
2025-11-27,2025-11-29,ATM WDL,-155902,LED-004244
2025-11-23,,ATM WDL,-73486,LED-004245
2025-11-21,2025-11-21,BROKER PAYOUT,-74603,LED-004246
2025-11-29,2025-11-29,UPI,97455,LED-004247
2025-11-25,2025-11-25,AUTO SWEEP,43743,LED-004248
2025-11-23,2025-11-25,ATM WDL,-136330,LED-004249
2025-11-21,2025-11-21,UPI,-132794,LED-004250
2025-11-25,2025-11-26,ATM WDL,-82434,LED-004251
2025-11-21,2025-11-21,ATM WDL,-61152,LED-004252
2025-11-23,,,-112675,LED-004253
2025-11-22,2025-11-24,ATM WDL,-50541,LED-004254
2025-11-19,2025-11-19,UPI,4966,LED-004255
2025-12-01,2025-12-02,UPI,161826,LED-004256
2025-11-29,2025-12-01,BROKER PAYOUT,73677,LED-004257
2025-11-26,2025-11-26,BROKER PAYOUT,162432,LED-004258
2025-11-19,2025-11-21,UPI,-58624,LED-004259
2025-11-22,,,68149,LED-004260
2025-11-26,2025-11-26,AUTO SWEEP,32043,LED-004261
2025-11-24,2025-11-25,ATM WDL,-161399,LED-004262
2025-11-17,2025-11-18,IMPS,-22851,LED-004263
2025-11-29,,AUTO SWEEP,4213,LED-004264
2025-11-20,2025-11-20,ATM WDL,-76110,LED-004265
2025-11-21,2025-11-23,ATM WDL,77966,LED-004266
2025-11-20,2025-11-20,AUTO SWEEP,69388,LED-004267
2025-11-24,2025-11-25,BROKER PAYOUT,-191582,LED-004268
2025-11-18,2025-11-19,AUTO SWEEP,-60140,LED-004269
2025-11-30,2025-12-01,UPI,4937,LED-004270
2025-11-22,,BROKER PAYOUT,-191970,LED-004271
2025-11-30,2025-12-01,UPI,147969,LED-004272
2025-11-20,,IMPS,-107330,LED-004273
2025-11-17,,BROKER PAYOUT,196927,LED-004274
2025-11-26,2025-11-28,BROKER PAYOUT,69407,LED-004275
2025-11-30,2025-11-30,,-7828,LED-004276
2025-11-29,2025-11-30,ATM WDL,-116470,LED-004277
2025-11-22,2025-11-22,AUTO SWEEP,-95292,LED-004278
2025-11-23,2025-11-23,UPI,-189178,LED-004279
2025-11-18,,BROKER PAYOUT,-55278,LED-004280
2025-11-27,2025-11-28,BROKER PAYOUT,144915,LED-004281
2025-11-29,2025-12-01,ATM WDL,122573,LED-004282
2025-11-27,,BROKER PAYIN,91021,LED-004283
2025-11-25,2025-11-25,UPI,141715,LED-004284
2025-12-01,2025-12-01,ATM WDL,141356,LED-004285
2025-11-29,2025-11-30,BROKER PAYIN,185886,LED-004286
2025-11-19,2025-11-19,IMPS,44319,LED-004287
2025-11-28,2025-11-29,IMPS,-118441,LED-004288
2025-11-29,2025-12-01,AUTO SWEEP,-151854,LED-004289
2025-11-22,,UPI,-10894,LED-004290
2025-11-30,2025-11-30,SUSPICIOUS BULK WITHDRAWAL,-1202073,LED-004291
2025-11-17,2025-11-18,BROKER PAYOUT,-74024,LED-004292
2025-11-22,2025-11-24,,-1029693,LED-004293
2025-11-26,2025-11-28,UPI,19056,LED-004294
2025-11-22,2025-11-23,BROKER PAYOUT,119367,LED-004295
2025-11-23,2025-11-24,IMPS,48128,LED-004296
2025-11-28,2025-11-30,ATM WDL,136429,LED-004297
2025-12-01,2025-12-03,ATM WDL,-77240,LED-004298
2025-11-20,2025-11-20,BROKER PAYOUT,-61983,LED-004299
2025-11-26,2025-11-26,BROKER PAYOUT,152415,LED-004300
2025-11-24,2025-11-24,IMPS,-11375,LED-004301
2025-11-23,2025-11-25,IMPS,56585,LED-004302
2025-11-26,,ATM WDL,-187377,LED-004303
2025-11-17,2025-11-17,BROKER PAYIN,181626,LED-004304
2025-11-17,2025-11-18,UPI,-136166,LED-004305
2025-11-18,2025-11-19,IMPS,-42979,LED-004306
2025-11-17,2025-11-19,BROKER PAYIN,-106699,LED-004307
2025-11-27,,ATM WDL,20836,LED-004308
2025-11-22,2025-11-23,IMPS,47511,LED-004309
2025-11-23,2025-11-23,BROKER PAYOUT,-106492,LED-004310
2025-11-21,,BROKER PAYIN,-87642,LED-004311
2025-12-01,2025-12-02,ATM WDL,41244,LED-004312
2025-11-22,2025-11-22,BROKER PAYOUT,-36858,LED-004313
2025-11-23,2025-11-25,BROKER PAYOUT,22741,LED-004314
2025-11-25,2025-11-27,UPI,17090,LED-004315
2025-11-19,2025-11-20,AUTO SWEEP,-199664,LED-004316
2025-11-17,2025-11-19,ATM WDL,73296,LED-004317
2025-11-17,2025-11-17,IMPS,191568,LED-004318
2025-11-18,,UPI,188051,LED-004319
2025-11-26,2025-11-27,UPI,40161,LED-004320
2025-11-19,,ATM WDL,-97857,LED-004321
2025-11-19,2025-11-20,UPI,105793,LED-004322
2025-11-28,,IMPS,-33688,LED-004323
2025-11-17,2025-11-19,BROKER PAYOUT,-97099,LED-004324
2025-11-26,2025-11-27,BROKER PAYOUT,-197119,LED-004325
2025-11-28,2025-11-30,BROKER PAYIN,-137714,LED-004326
2025-11-18,,UPI,157594,LED-004327
2025-11-24,2025-11-24,AUTO SWEEP,104298,LED-004328
2025-11-22,2025-11-24,IMPS,-124296,LED-004329
2025-11-29,2025-12-01,ATM WDL,-102435,LED-004330
2025-11-30,2025-12-02,UPI,-2996,LED-004331
2025-11-20,2025-11-21,BROKER PAYIN,-122228,LED-004332
2025-11-19,2025-11-21,UPI,-4643,LED-004333
2025-11-20,2025-11-21,BROKER PAYIN,-172915,LED-004334
2025-11-29,2025-11-29,BROKER PAYOUT,-20387,LED-004335
2025-11-20,2025-11-20,BROKER PAYOUT,145201,LED-004336
2025-11-25,2025-11-27,,-37294,LED-004337
2025-11-19,2025-11-19,BROKER PAYOUT,-106204,LED-004338
2025-11-30,2025-12-02,UPI,15027,LED-004339
2025-11-25,2025-11-25,AUTO SWEEP,170469,LED-004340
2025-11-29,2025-11-29,ATM WDL,18413,LED-004341
2025-11-29,2025-11-30,BROKER PAYIN,-118786,LED-004342
2025-11-17,2025-11-18,AUTO SWEEP,124785,LED-004343
2025-11-28,2025-11-28,ATM WDL,-24703,LED-004344
2025-11-23,2025-11-25,UPI,19975,LED-004345
2025-12-01,2025-12-03,ATM WDL,88472,LED-004346
2025-12-01,,ATM WDL,115552,LED-004347
2025-11-23,,ATM WDL,-145725,LED-004348
2025-11-20,2025-11-21,UPI,56031,LED-004349
2025-12-01,2025-12-02,BROKER PAYOUT,88007,LED-004350
2025-11-17,2025-11-19,,-143324,LED-004351
2025-12-01,2025-12-03,BROKER PAYOUT,-50796,LED-004352
2025-11-27,2025-11-28,UPI,-146409,LED-004353
2025-11-28,2025-11-30,AUTO SWEEP,93048,LED-004354
2025-11-27,2025-11-27,AUTO SWEEP,-54487,LED-004355
2025-11-21,2025-11-21,UPI,111399,LED-004356
2025-11-17,2025-11-19,BROKER PAYOUT,-1517,LED-004357
2025-11-30,2025-11-30,BROKER PAYIN,19037,LED-004358
2025-11-27,2025-11-27,BROKER PAYIN,-27902,LED-004359
2025-11-24,2025-11-24,BROKER PAYIN,-196812,LED-004360
2025-11-25,2025-11-27,UPI,-6245,LED-004361
2025-11-23,2025-11-24,UPI,68389,LED-004362
2025-11-29,2025-11-30,BROKER PAYIN,50132,LED-004363
2025-11-30,2025-12-01,BROKER PAYOUT,179371,LED-004364
2025-11-21,2025-11-22,UPI,-106475,LED-004365
2025-11-27,2025-11-28,BROKER PAYIN,69827,LED-004366
2025-11-27,2025-11-27,UPI,-72740,LED-004367
2025-11-27,2025-11-29,AUTO SWEEP,-14409,LED-004368
2025-11-23,2025-11-25,UPI,125277,LED-004369
2025-11-20,2025-11-22,ATM WDL,-61232,LED-004370
2025-11-23,,BROKER PAYOUT,-510,LED-004371
2025-11-19,2025-11-19,BROKER PAYOUT,-114212,LED-004372
2025-11-28,2025-11-29,BROKER PAYOUT,154362,LED-004373
2025-11-30,2025-12-01,BROKER PAYIN,-126135,LED-004374
2025-11-20,2025-11-21,BROKER PAYIN,144085,LED-004375
2025-11-18,2025-11-20,ATM WDL,142813,LED-004376
2025-11-28,2025-11-28,ATM WDL,195572,LED-004377
2025-12-01,2025-12-03,AUTO SWEEP,138407,LED-004378
2025-11-23,2025-11-23,,138394,LED-004379
2025-11-26,2025-11-28,SUSPICIOUS BULK WITHDRAWAL,-1657637,LED-004380
2025-11-28,2025-11-30,BROKER PAYOUT,103566,LED-004381
2025-11-30,2025-12-01,IMPS,72376,LED-004382
2025-11-19,2025-11-20,IMPS,80016,LED-004383
2025-11-17,,BROKER PAYOUT,134192,LED-004384
2025-11-30,2025-12-02,UPI,44889,LED-004385
2025-11-25,2025-11-25,UPI,-6532,LED-004386
2025-11-30,2025-12-01,BROKER PAYIN,83245,LED-004387
2025-11-25,2025-11-27,,-18811,LED-004388
2025-11-27,2025-11-28,ATM WDL,98621,LED-004389
2025-11-25,,ATM WDL,129731,LED-004390
2025-12-01,2025-12-03,ATM WDL,-147932,LED-004391
2025-11-27,2025-11-29,IMPS,-25836,LED-004392
2025-11-22,2025-11-23,BROKER PAYOUT,-161801,LED-004393
2025-11-17,2025-11-18,BROKER PAYIN,-4583,LED-004394
2025-11-20,2025-11-20,BROKER PAYOUT,137025,LED-004395
2025-11-20,2025-11-20,IMPS,102160,LED-004396
2025-11-28,2025-11-30,BROKER PAYOUT,-125539,LED-004397
2025-11-20,,ATM WDL,-117765,LED-004398
2025-11-24,2025-11-24,BROKER PAYOUT,77484,LED-004399
2025-11-22,2025-11-22,SUSPICIOUS BULK WITHDRAWAL,-784571,LED-004400
2025-11-20,2025-11-21,ATM WDL,-187120,LED-004401
2025-11-17,2025-11-18,BROKER PAYOUT,15397,LED-004402
2025-11-21,2025-11-22,BROKER PAYIN,90339,LED-004403
2025-11-29,2025-12-01,BROKER PAYOUT,13730,LED-004404
2025-11-26,2025-11-28,ATM WDL,83247,LED-004405
2025-11-18,2025-11-20,UPI,133729,LED-004406
2025-11-30,2025-11-30,BROKER PAYOUT,-65923,LED-004407
2025-12-01,2025-12-01,IMPS,105925,LED-004408
2025-11-19,2025-11-21,IMPS,156323,LED-004409
2025-11-17,2025-11-18,UPI,106933,LED-004410
2025-12-01,2025-12-02,IMPS,-5236,LED-004411
2025-11-30,2025-12-02,UPI,145832,LED-004412
2025-11-25,2025-11-26,UPI,-1806,LED-004413
2025-11-19,2025-11-20,IMPS,-192467,LED-004414
2025-12-01,2025-12-01,ATM WDL,96852,LED-004415
2025-12-01,2025-12-02,ATM WDL,-59041,LED-004416
2025-12-01,2025-12-03,BROKER PAYIN,-116418,LED-004417
2025-11-20,2025-11-21,AUTO SWEEP,181622,LED-004418
2025-11-23,2025-11-23,BROKER PAYIN,-2929,LED-004419
2025-12-01,2025-12-03,AUTO SWEEP,4216,LED-004420
2025-11-21,2025-11-22,IMPS,-10616,LED-004421
2025-11-23,,UPI,28702,LED-004422
2025-11-29,2025-11-30,IMPS,133242,LED-004423
2025-11-27,2025-11-28,IMPS,15615,LED-004424
2025-11-25,2025-11-27,BROKER PAYOUT,-25051,LED-004425
2025-11-28,,AUTO SWEEP,97801,LED-004426
2025-11-29,2025-11-29,BROKER PAYIN,-66435,LED-004427
2025-11-17,2025-11-18,AUTO SWEEP,1985,LED-004428
2025-11-29,2025-11-29,AUTO SWEEP,68717,LED-004429
2025-11-17,2025-11-17,BROKER PAYOUT,-74324,LED-004430
2025-11-30,2025-12-01,IMPS,-153446,LED-004431
2025-11-29,2025-11-30,AUTO SWEEP,-37334,LED-004432
2025-11-27,2025-11-27,IMPS,95067,LED-004433
2025-11-29,2025-11-30,UPI,-57441,LED-004434
2025-11-28,2025-11-29,IMPS,128599,LED-004435
2025-11-24,2025-11-25,ATM WDL,-59987,LED-004436
2025-11-30,2025-12-01,UPI,132279,LED-004437
2025-11-20,2025-11-22,UPI,180763,LED-004438
2025-11-30,2025-12-02,IMPS,146064,LED-004439
2025-11-27,2025-11-27,,61870,LED-004440
2025-11-26,2025-11-26,BROKER PAYOUT,18492,LED-004441
2025-11-28,2025-11-28,IMPS,-118653,LED-004442
2025-12-01,2025-12-03,BROKER PAYOUT,-139837,LED-004443
2025-11-24,2025-11-25,BROKER PAYOUT,-123978,LED-004444
2025-11-17,2025-11-17,BROKER PAYOUT,50262,LED-004445
2025-11-29,2025-11-29,UPI,-137820,LED-004446
2025-11-22,2025-11-23,ATM WDL,-194302,LED-004447
2025-11-26,2025-11-28,BROKER PAYIN,190831,LED-004448
2025-11-24,2025-11-26,UPI,-143209,LED-004449
2025-12-01,2025-12-01,BROKER PAYOUT,-190429,LED-004450
2025-11-28,2025-11-29,IMPS,26473,LED-004451
2025-12-01,2025-12-03,UPI,114694,LED-004452
2025-11-18,2025-11-20,IMPS,-59177,LED-004453
2025-11-29,2025-11-29,IMPS,185727,LED-004454
2025-11-29,2025-12-01,AUTO SWEEP,-185384,LED-004455
2025-11-18,2025-11-18,AUTO SWEEP,-190219,LED-004456
2025-12-01,,ATM WDL,77200,LED-004457
2025-11-30,2025-12-01,UPI,-25391,LED-004458
2025-11-19,2025-11-21,UPI,-161265,LED-004459
2025-11-18,2025-11-20,UPI,95470,LED-004460
2025-11-27,2025-11-27,BROKER PAYIN,-95561,LED-004461
2025-11-29,2025-11-30,IMPS,69299,LED-004462
2025-11-28,2025-11-28,ATM WDL,184402,LED-004463
2025-11-17,2025-11-19,ATM WDL,-140721,LED-004464
2025-11-17,2025-11-18,UPI,187619,LED-004465
2025-11-27,2025-11-28,BROKER PAYIN,86638,LED-004466
2025-11-21,2025-11-23,BROKER PAYOUT,187696,LED-004467
2025-11-29,2025-12-01,BROKER PAYIN,22009,LED-004468
2025-11-24,,AUTO SWEEP,128,LED-004469
2025-11-19,2025-11-21,BROKER PAYIN,185381,LED-004470
2025-11-26,2025-11-27,AUTO SWEEP,-121712,LED-004471
2025-11-26,2025-11-27,BROKER PAYOUT,73088,LED-004472
2025-11-27,2025-11-27,,-147301,LED-004473
2025-11-21,2025-11-21,BROKER PAYIN,-158295,LED-004474
2025-11-26,2025-11-26,BROKER PAYOUT,-72389,LED-004475
2025-11-26,2025-11-28,ATM WDL,-199098,LED-004476
2025-11-26,2025-11-26,,1033,LED-004477
2025-11-18,,BROKER PAYOUT,-28633,LED-004478
2025-11-19,2025-11-20,AUTO SWEEP,172587,LED-004479
2025-12-01,,ATM WDL,75435,LED-004480
2025-12-01,,AUTO SWEEP,-82661,LED-004481
2025-11-23,2025-11-25,BROKER PAYOUT,-180096,LED-004482
2025-11-26,2025-11-27,AUTO SWEEP,-56886,LED-004483
2025-11-21,2025-11-23,AUTO SWEEP,125451,LED-004484
2025-11-29,2025-12-01,BROKER PAYIN,146237,LED-004485
2025-11-25,2025-11-26,AUTO SWEEP,-171971,LED-004486
2025-11-23,,ATM WDL,-51359,LED-004487
2025-11-26,2025-11-28,BROKER PAYOUT,-61671,LED-004488
2025-11-20,2025-11-20,UPI,-148660,LED-004489
2025-11-28,2025-11-29,IMPS,-140436,LED-004490
2025-11-24,,UPI,176285,LED-004491
2025-11-29,2025-11-29,IMPS,14511,LED-004492
2025-12-01,2025-12-02,ATM WDL,-29232,LED-004493
2025-11-24,2025-11-26,UPI,-144971,LED-004494
2025-11-24,2025-11-25,BROKER PAYOUT,-8961,LED-004495
2025-11-17,2025-11-17,AUTO SWEEP,98590,LED-004496
2025-11-27,2025-11-28,BROKER PAYOUT,-11074,LED-004497
2025-11-18,2025-11-18,UPI,48228,LED-004498
2025-11-29,2025-11-29,IMPS,32303,LED-004499
2025-11-17,2025-11-19,UPI,-18744,LED-004500
2025-11-17,2025-11-17,IMPS,1895,LED-004501
2025-11-26,2025-11-27,AUTO SWEEP,78421,LED-004502
2025-11-21,2025-11-21,IMPS,-153509,LED-004503
2025-11-23,2025-11-23,AUTO SWEEP,11098,LED-004504
2025-11-25,,AUTO SWEEP,-12356,LED-004505
2025-11-29,2025-11-29,BROKER PAYOUT,-62479,LED-004506
2025-11-29,2025-11-30,SUSPICIOUS BULK WITHDRAWAL,-796909,LED-004507
2025-11-21,2025-11-22,,133037,LED-004508
2025-11-26,2025-11-26,AUTO SWEEP,26872,LED-004509
2025-11-30,2025-12-02,ATM WDL,-124389,LED-004510
2025-11-28,,BROKER PAYOUT,92759,LED-004511
2025-11-21,2025-11-22,BROKER PAYOUT,193238,LED-004512
2025-11-24,2025-11-25,UPI,-90420,LED-004513
2025-11-18,2025-11-18,IMPS,56784,LED-004514
2025-11-22,2025-11-22,BROKER PAYOUT,152446,LED-004515
2025-11-20,2025-11-21,IMPS,-146305,LED-004516
2025-11-29,2025-12-01,ATM WDL,-49294,LED-004517
2025-11-20,2025-11-20,ATM WDL,-105906,LED-004518
2025-11-18,2025-11-20,SUSPICIOUS BULK WITHDRAWAL,-1818960,LED-004519
2025-11-28,2025-11-28,AUTO SWEEP,67253,LED-004520
2025-11-21,2025-11-22,AUTO SWEEP,192958,LED-004521
2025-11-27,2025-11-29,ATM WDL,-44099,LED-004522
2025-11-18,2025-11-20,ATM WDL,77583,LED-004523
2025-11-29,2025-12-01,ATM WDL,-6647,LED-004524
2025-11-25,2025-11-25,AUTO SWEEP,-70736,LED-004525
2025-11-26,2025-11-27,ATM WDL,-28805,LED-004526
2025-11-29,2025-11-29,ATM WDL,-29374,LED-004527
2025-11-18,2025-11-19,BROKER PAYIN,50033,LED-004528
2025-11-28,2025-11-29,AUTO SWEEP,-28035,LED-004529
2025-11-22,2025-11-23,ATM WDL,-85167,LED-004530
2025-12-01,2025-12-01,BROKER PAYIN,191982,LED-004531
2025-11-26,,BROKER PAYIN,-86067,LED-004532
2025-11-24,,IMPS,-1665,LED-004533
2025-11-18,2025-11-20,AUTO SWEEP,-73152,LED-004534
2025-12-01,2025-12-03,IMPS,-79154,LED-004535
2025-11-27,,BROKER PAYIN,-146965,LED-004536
2025-11-21,,UPI,-64007,LED-004537
2025-11-19,,IMPS,-65606,LED-004538
2025-11-27,2025-11-27,AUTO SWEEP,-131963,LED-004539
2025-11-17,2025-11-17,BROKER PAYOUT,-199322,LED-004540
2025-11-23,2025-11-24,ATM WDL,-9361,LED-004541
2025-11-18,,BROKER PAYIN,135054,LED-004542
2025-11-17,2025-11-18,UPI,-181899,LED-004543
2025-11-21,,IMPS,-16852,LED-004544
2025-11-23,2025-11-24,BROKER PAYOUT,73223,LED-004545
2025-11-30,2025-12-02,UPI,-190602,LED-004546
2025-11-20,2025-11-20,BROKER PAYOUT,-5605,LED-004547
2025-11-22,2025-11-22,BROKER PAYIN,-152754,LED-004548
2025-11-17,2025-11-18,UPI,-149028,LED-004549
2025-12-01,2025-12-02,IMPS,-64564,LED-004550
2025-11-26,2025-11-28,AUTO SWEEP,120987,LED-004551
2025-11-27,2025-11-27,ATM WDL,-37458,LED-004552
2025-11-27,,BROKER PAYIN,-128616,LED-004553
2025-11-29,2025-11-30,UPI,108444,LED-004554
2025-11-19,2025-11-19,AUTO SWEEP,78880,LED-004555
2025-11-30,2025-11-30,UPI,20326,LED-004556
2025-12-01,2025-12-01,IMPS,-17632,LED-004557
2025-11-27,2025-11-29,ATM WDL,-41321,LED-004558
2025-11-21,2025-11-21,IMPS,-60272,LED-004559
2025-11-19,2025-11-21,IMPS,-18632,LED-004560
2025-11-28,2025-11-29,UPI,147681,LED-004561
2025-11-17,2025-11-19,BROKER PAYOUT,-149922,LED-004562
2025-11-30,2025-12-01,BROKER PAYOUT,13154,LED-004563
2025-11-26,2025-11-26,BROKER PAYIN,-164109,LED-004564
2025-11-21,2025-11-22,UPI,57365,LED-004565
2025-11-30,,BROKER PAYOUT,115659,LED-004566
2025-11-25,2025-11-26,BROKER PAYIN,94392,LED-004567
2025-11-29,2025-11-30,UPI,-52345,LED-004568
2025-11-24,2025-11-25,IMPS,44383,LED-004569
2025-11-18,2025-11-19,BROKER PAYOUT,184563,LED-004570
2025-11-22,2025-11-22,SUSPICIOUS BULK WITHDRAWAL,-1100988,LED-004571
2025-11-20,2025-11-20,IMPS,-123429,LED-004572
2025-11-27,2025-11-29,UPI,89221,LED-004573
2025-12-01,2025-12-02,BROKER PAYOUT,-110029,LED-004574
2025-11-20,2025-11-22,AUTO SWEEP,54727,LED-004575
2025-11-19,2025-11-21,SUSPICIOUS BULK WITHDRAWAL,-1712385,LED-004576
2025-11-17,2025-11-19,UPI,51654,LED-004577
2025-11-20,2025-11-20,ATM WDL,-78204,LED-004578
2025-11-22,2025-11-22,ATM WDL,-2580,LED-004579
2025-11-25,2025-11-27,BROKER PAYOUT,-127405,LED-004580
2025-11-24,2025-11-25,IMPS,-24656,LED-004581
2025-11-23,2025-11-23,,-92815,LED-004582
2025-11-26,2025-11-26,AUTO SWEEP,-186080,LED-004583
2025-11-24,2025-11-26,BROKER PAYIN,-152708,LED-004584
2025-11-19,2025-11-19,SUSPICIOUS BULK WITHDRAWAL,-1499723,LED-004585
2025-11-24,2025-11-25,ATM WDL,183281,LED-004586
2025-11-28,,BROKER PAYIN,-130435,LED-004587
2025-11-26,2025-11-28,AUTO SWEEP,110262,LED-004588
2025-11-20,2025-11-22,ATM WDL,196448,LED-004589
2025-11-19,2025-11-21,BROKER PAYOUT,29239,LED-004590
2025-11-18,2025-11-18,BROKER PAYOUT,150889,LED-004591
2025-11-30,2025-12-01,IMPS,134837,LED-004592
2025-11-28,2025-11-30,BROKER PAYOUT,-110344,LED-004593
2025-11-17,2025-11-19,ATM WDL,122137,LED-004594
2025-11-23,,ATM WDL,75926,LED-004595
2025-11-27,,ATM WDL,-138530,LED-004596
2025-11-23,2025-11-25,BROKER PAYOUT,-63197,LED-004597
2025-11-24,2025-11-24,AUTO SWEEP,-5745,LED-004598
2025-11-22,2025-11-23,UPI,-37045,LED-004599
2025-11-26,2025-11-26,IMPS,109537,LED-004600
2025-12-01,2025-12-03,BROKER PAYOUT,89798,LED-004601
2025-11-22,2025-11-23,IMPS,-116619,LED-004602
2025-11-17,2025-11-19,AUTO SWEEP,42400,LED-004603
2025-11-21,2025-11-21,BROKER PAYOUT,-127050,LED-004604
2025-11-22,2025-11-23,BROKER PAYOUT,-120779,LED-004605
2025-12-01,2025-12-01,ATM WDL,-174704,LED-004606
2025-11-24,,ATM WDL,-77559,LED-004607
2025-11-21,,UPI,-165419,LED-004608
2025-11-19,2025-11-21,IMPS,-158934,LED-004609
2025-11-29,2025-11-30,BROKER PAYOUT,66611,LED-004610
2025-11-29,2025-11-29,IMPS,158305,LED-004611
2025-11-22,2025-11-24,AUTO SWEEP,-86622,LED-004612
2025-11-22,2025-11-22,ATM WDL,-133107,LED-004613
2025-11-24,2025-11-24,BROKER PAYOUT,-32012,LED-004614
2025-11-20,2025-11-21,BROKER PAYIN,-152866,LED-004615
2025-11-19,2025-11-19,BROKER PAYIN,-193321,LED-004616
2025-11-17,,IMPS,194425,LED-004617
2025-11-25,2025-11-27,BROKER PAYOUT,163736,LED-004618
2025-11-26,2025-11-27,UPI,-159990,LED-004619
2025-11-19,,UPI,-2710,LED-004620
2025-11-22,2025-11-23,UPI,-196051,LED-004621
2025-11-22,,BROKER PAYIN,105324,LED-004622
2025-11-29,2025-11-30,UPI,-145471,LED-004623
2025-12-01,2025-12-03,BROKER PAYIN,-70270,LED-004624
2025-11-25,2025-11-25,BROKER PAYOUT,-92143,LED-004625
2025-11-17,2025-11-19,AUTO SWEEP,129066,LED-004626
2025-11-24,2025-11-25,AUTO SWEEP,105045,LED-004627
2025-11-22,2025-11-22,UPI,-81741,LED-004628
2025-11-20,,BROKER PAYOUT,38950,LED-004629
2025-11-26,2025-11-28,UPI,-75670,LED-004630
2025-11-17,2025-11-18,BROKER PAYIN,44649,LED-004631
2025-11-22,2025-11-24,BROKER PAYOUT,-48715,LED-004632
2025-11-20,2025-11-21,AUTO SWEEP,-95314,LED-004633
2025-11-28,2025-11-28,UPI,-138613,LED-004634
2025-11-26,2025-11-27,BROKER PAYOUT,-182757,LED-004635
2025-11-22,2025-11-23,IMPS,-99074,LED-004636
2025-11-22,,ATM WDL,-127639,LED-004637
2025-11-19,2025-11-21,BROKER PAYIN,-27042,LED-004638
2025-11-25,2025-11-27,AUTO SWEEP,-65311,LED-004639
2025-11-18,2025-11-19,BROKER PAYOUT,22319,LED-004640
2025-11-23,2025-11-24,BROKER PAYIN,-153719,LED-004641
2025-11-28,2025-11-28,ATM WDL,-46168,LED-004642
2025-11-20,,ATM WDL,92593,LED-004643
2025-11-18,,UPI,198334,LED-004644
2025-11-26,2025-11-27,ATM WDL,88939,LED-004645
2025-11-21,2025-11-21,ATM WDL,64564,LED-004646
2025-11-21,2025-11-23,BROKER PAYOUT,-42670,LED-004647
2025-11-19,2025-11-21,IMPS,-123329,LED-004648
2025-11-25,2025-11-27,BROKER PAYIN,10975,LED-004649
2025-11-20,2025-11-22,BROKER PAYOUT,-68819,LED-004650
2025-11-22,2025-11-23,ATM WDL,77829,LED-004651
2025-11-21,2025-11-21,IMPS,-136481,LED-004652
2025-11-27,2025-11-29,BROKER PAYOUT,78941,LED-004653
2025-11-24,2025-11-26,BROKER PAYIN,-164729,LED-004654
2025-11-30,2025-11-30,BROKER PAYOUT,190366,LED-004655
2025-11-27,2025-11-29,ATM WDL,-111845,LED-004656
2025-12-01,2025-12-01,UPI,76778,LED-004657
2025-11-22,2025-11-24,IMPS,95761,LED-004658
2025-11-28,,IMPS,187563,LED-004659
2025-11-17,2025-11-17,AUTO SWEEP,199778,LED-004660
2025-11-24,2025-11-25,ATM WDL,158818,LED-004661
2025-11-21,2025-11-21,IMPS,-178608,LED-004662
2025-11-19,2025-11-20,BROKER PAYIN,140742,LED-004663
2025-11-26,2025-11-27,IMPS,36495,LED-004664
2025-11-19,2025-11-20,BROKER PAYOUT,57901,LED-004665
2025-11-26,2025-11-27,BROKER PAYOUT,-69991,LED-004666
2025-11-20,,IMPS,74809,LED-004667
2025-11-29,2025-11-30,ATM WDL,-119712,LED-004668
2025-11-20,2025-11-21,AUTO SWEEP,132479,LED-004669
2025-11-23,2025-11-25,BROKER PAYOUT,-29120,LED-004670
2025-11-27,2025-11-28,ATM WDL,35856,LED-004671
2025-12-01,2025-12-03,BROKER PAYOUT,153124,LED-004672
2025-11-24,2025-11-24,IMPS,31757,LED-004673
2025-11-21,2025-11-21,IMPS,51017,LED-004674
2025-11-20,2025-11-20,BROKER PAYOUT,-49699,LED-004675
2025-11-19,2025-11-21,ATM WDL,51318,LED-004676
2025-11-20,,UPI,-189242,LED-004677
2025-11-28,2025-11-29,BROKER PAYIN,-119633,LED-004678
2025-11-20,2025-11-21,AUTO SWEEP,73498,LED-004679
2025-11-21,2025-11-22,BROKER PAYIN,-63814,LED-004680
2025-11-29,2025-11-29,BROKER PAYIN,-193359,LED-004681
2025-11-27,2025-11-29,ATM WDL,157559,LED-004682
2025-11-18,2025-11-20,ATM WDL,125569,LED-004683
2025-11-25,2025-11-26,UPI,43439,LED-004684
2025-11-18,2025-11-18,BROKER PAYIN,162274,LED-004685
2025-11-20,2025-11-21,UPI,20005,LED-004686
2025-11-22,2025-11-24,IMPS,44974,LED-004687
2025-11-27,2025-11-27,BROKER PAYIN,179159,LED-004688
2025-11-21,2025-11-22,ATM WDL,181931,LED-004689
2025-11-30,2025-11-30,IMPS,-151193,LED-004690
2025-11-29,2025-11-29,BROKER PAYIN,67242,LED-004691
2025-11-17,2025-11-18,UPI,-199689,LED-004692
2025-11-20,,,-98605,LED-004693
2025-11-29,2025-11-30,UPI,69861,LED-004694
2025-11-25,2025-11-26,UPI,39742,LED-004695
2025-12-01,2025-12-03,IMPS,182110,LED-004696
2025-11-17,2025-11-17,BROKER PAYIN,57705,LED-004697
2025-11-17,2025-11-17,UPI,-13849,LED-004698
2025-11-28,2025-11-29,UPI,78521,LED-004699
2025-11-29,2025-11-30,ATM WDL,45760,LED-004700
2025-11-28,2025-11-28,ATM WDL,-193686,LED-004701
2025-11-29,2025-11-30,UPI,-6872,LED-004702
2025-11-27,2025-11-29,UPI,-76794,LED-004703
2025-11-20,2025-11-20,BROKER PAYOUT,179850,LED-004704
2025-11-26,2025-11-28,IMPS,-73788,LED-004705
2025-11-19,2025-11-21,IMPS,95133,LED-004706
2025-11-19,2025-11-20,BROKER PAYOUT,-99128,LED-004707
2025-11-21,2025-11-21,IMPS,21491,LED-004708
2025-11-25,,BROKER PAYIN,15855,LED-004709
2025-12-01,2025-12-03,BROKER PAYOUT,184670,LED-004710
2025-11-21,2025-11-23,IMPS,-4327,LED-004711
2025-12-01,,AUTO SWEEP,35233,LED-004712
2025-11-18,2025-11-18,AUTO SWEEP,183616,LED-004713
2025-11-17,2025-11-19,BROKER PAYIN,22369,LED-004714
2025-11-29,2025-12-01,ATM WDL,-98659,LED-004715
2025-11-19,2025-11-19,IMPS,158648,LED-004716
2025-11-29,2025-11-30,BROKER PAYOUT,-89795,LED-004717
2025-11-25,2025-11-25,UPI,-61417,LED-004718
2025-11-21,2025-11-23,BROKER PAYOUT,-76165,LED-004719
2025-11-27,2025-11-27,ATM WDL,7577,LED-004720
2025-11-30,,IMPS,-183098,LED-004721
2025-12-01,2025-12-01,ATM WDL,51771,LED-004722
2025-11-18,2025-11-20,UPI,20736,LED-004723
2025-11-30,2025-12-01,IMPS,-192067,LED-004724
2025-11-28,2025-11-29,UPI,52296,LED-004725
2025-11-26,2025-11-26,UPI,32768,LED-004726
2025-12-01,2025-12-02,UPI,33932,LED-004727
2025-11-21,2025-11-22,ATM WDL,-179069,LED-004728
2025-11-22,2025-11-23,ATM WDL,-12984,LED-004729
2025-11-29,2025-11-29,BROKER PAYIN,-6980,LED-004730
2025-11-24,2025-11-26,AUTO SWEEP,177363,LED-004731
2025-11-27,2025-11-27,ATM WDL,108354,LED-004732
2025-11-30,2025-12-02,ATM WDL,-105680,LED-004733
2025-11-19,,ATM WDL,52513,LED-004734
2025-11-18,2025-11-18,AUTO SWEEP,-154357,LED-004735
2025-11-18,2025-11-19,BROKER PAYOUT,31026,LED-004736
2025-11-28,2025-11-29,IMPS,-142992,LED-004737
2025-11-25,2025-11-27,ATM WDL,94642,LED-004738
2025-11-30,2025-12-01,BROKER PAYOUT,-57092,LED-004739
2025-11-18,2025-11-20,UPI,93903,LED-004740
2025-11-26,2025-11-28,IMPS,104598,LED-004741
2025-11-26,2025-11-26,AUTO SWEEP,-169247,LED-004742
2025-11-30,2025-12-02,BROKER PAYOUT,171349,LED-004743
2025-11-17,,ATM WDL,-103803,LED-004744
2025-11-27,2025-11-28,BROKER PAYIN,-144950,LED-004745
2025-11-29,2025-11-29,UPI,-166928,LED-004746
2025-11-18,2025-11-20,AUTO SWEEP,175805,LED-004747
2025-11-28,2025-11-29,SUSPICIOUS BULK WITHDRAWAL,-1889457,LED-004748
2025-11-28,2025-11-30,BROKER PAYIN,-46201,LED-004749
2025-11-24,2025-11-25,BROKER PAYIN,66789,LED-004750
2025-11-25,2025-11-26,ATM WDL,-6506,LED-004751
2025-11-20,2025-11-21,AUTO SWEEP,73768,LED-004752
2025-11-24,2025-11-24,UPI,-171553,LED-004753
2025-11-18,2025-11-20,UPI,-174766,LED-004754
2025-11-27,2025-11-29,IMPS,17090,LED-004755
2025-11-27,2025-11-29,UPI,49848,LED-004756
2025-11-20,,BROKER PAYOUT,129385,LED-004757
2025-11-19,2025-11-19,BROKER PAYIN,-141280,LED-004758
2025-11-23,2025-11-25,UPI,-121303,LED-004759
2025-11-18,2025-11-19,BROKER PAYOUT,4082,LED-004760
2025-11-27,2025-11-29,UPI,-168240,LED-004761
2025-11-24,2025-11-25,BROKER PAYIN,-24334,LED-004762
2025-11-20,2025-11-21,BROKER PAYOUT,-3242,LED-004763
2025-11-23,2025-11-24,BROKER PAYOUT,95955,LED-004764
2025-11-25,2025-11-25,UPI,-24480,LED-004765
2025-11-30,2025-11-30,BROKER PAYIN,197008,LED-004766
2025-12-01,2025-12-01,BROKER PAYIN,-37063,LED-004767
2025-11-20,2025-11-22,ATM WDL,-41825,LED-004768
2025-11-23,2025-11-24,AUTO SWEEP,-128652,LED-004769
2025-11-19,2025-11-20,UPI,-94574,LED-004770
2025-11-25,2025-11-26,IMPS,151387,LED-004771
2025-11-28,2025-11-30,AUTO SWEEP,13386,LED-004772
2025-11-28,2025-11-29,UPI,-41561,LED-004773
2025-11-28,2025-11-28,BROKER PAYOUT,112887,LED-004774
2025-11-23,2025-11-25,AUTO SWEEP,-94526,LED-004775
2025-11-20,2025-11-21,ATM WDL,187520,LED-004776
2025-11-29,,UPI,-94429,LED-004777
2025-11-21,2025-11-22,ATM WDL,112410,LED-004778
2025-11-21,2025-11-23,IMPS,-152086,LED-004779
2025-11-23,2025-11-24,AUTO SWEEP,-59270,LED-004780
2025-11-17,2025-11-17,IMPS,89734,LED-004781
2025-11-28,,AUTO SWEEP,-110257,LED-004782
2025-11-28,2025-11-29,UPI,-142947,LED-004783
2025-11-25,2025-11-27,IMPS,152088,LED-004784
2025-11-27,2025-11-29,AUTO SWEEP,116409,LED-004785
2025-11-24,2025-11-25,ATM WDL,45013,LED-004786
2025-11-29,2025-11-30,BROKER PAYIN,-19244,LED-004787
2025-11-25,2025-11-25,ATM WDL,-193853,LED-004788
2025-11-25,2025-11-27,BROKER PAYOUT,-110177,LED-004789
2025-11-23,2025-11-24,AUTO SWEEP,27851,LED-004790
2025-12-01,2025-12-03,AUTO SWEEP,-44379,LED-004791
2025-11-29,2025-11-30,IMPS,115176,LED-004792
2025-11-26,2025-11-26,UPI,-45083,LED-004793
2025-11-21,2025-11-22,UPI,170795,LED-004794
2025-11-17,,BROKER PAYOUT,89927,LED-004795
2025-11-28,2025-11-28,BROKER PAYOUT,-27205,LED-004796
2025-11-29,2025-11-30,IMPS,95636,LED-004797
2025-11-29,2025-12-01,BROKER PAYOUT,124084,LED-004798
2025-11-26,2025-11-27,ATM WDL,31504,LED-004799
2025-11-27,2025-11-27,BROKER PAYIN,22787,LED-004800
2025-12-01,2025-12-01,AUTO SWEEP,119547,LED-004801
2025-11-20,2025-11-22,IMPS,95241,LED-004802
2025-11-21,2025-11-22,ATM WDL,26145,LED-004803
2025-11-24,2025-11-25,UPI,-43697,LED-004804
2025-11-27,2025-11-28,IMPS,-124397,LED-004805
2025-11-30,,BROKER PAYIN,178582,LED-004806
2025-11-20,2025-11-20,ATM WDL,155748,LED-004807
2025-11-23,,ATM WDL,-110225,LED-004808
2025-11-22,2025-11-24,IMPS,-3205,LED-004809
2025-11-28,,BROKER PAYIN,93303,LED-004810
2025-11-26,2025-11-28,UPI,-48630,LED-004811
2025-12-01,2025-12-02,AUTO SWEEP,-148742,LED-004812
2025-11-24,,BROKER PAYOUT,-131134,LED-004813
2025-12-01,2025-12-01,UPI,15922,LED-004814
2025-11-28,2025-11-28,SUSPICIOUS BULK WITHDRAWAL,-1839444,LED-004815
2025-11-20,2025-11-20,AUTO SWEEP,150594,LED-004816
2025-11-28,2025-11-30,BROKER PAYIN,-51579,LED-004817
2025-11-28,2025-11-29,BROKER PAYOUT,130183,LED-004818
2025-11-17,2025-11-18,IMPS,-152319,LED-004819
2025-11-22,2025-11-22,BROKER PAYIN,36702,LED-004820
2025-11-26,2025-11-28,UPI,-15989,LED-004821
2025-11-27,2025-11-27,UPI,22407,LED-004822
2025-11-24,2025-11-26,BROKER PAYIN,-135936,LED-004823
2025-11-25,2025-11-27,BROKER PAYIN,74302,LED-004824
2025-12-01,2025-12-03,SUSPICIOUS BULK WITHDRAWAL,-1415419,LED-004825
2025-11-26,2025-11-26,IMPS,-63857,LED-004826
2025-11-20,,BROKER PAYOUT,131490,LED-004827
2025-11-25,,BROKER PAYIN,107075,LED-004828
2025-11-20,,ATM WDL,172707,LED-004829
2025-11-24,2025-11-25,IMPS,-169910,LED-004830
2025-11-26,2025-11-26,ATM WDL,199799,LED-004831
2025-11-20,2025-11-20,ATM WDL,89664,LED-004832
2025-11-22,2025-11-22,IMPS,154151,LED-004833
2025-11-28,2025-11-30,IMPS,83286,LED-004834
2025-11-30,2025-12-02,AUTO SWEEP,-145038,LED-004835
2025-11-28,2025-11-28,AUTO SWEEP,-138588,LED-004836
2025-11-21,,UPI,-64219,LED-004837
2025-11-27,2025-11-27,AUTO SWEEP,-6385,LED-004838
2025-11-18,2025-11-19,BROKER PAYIN,138696,LED-004839
2025-11-23,2025-11-24,BROKER PAYIN,64643,LED-004840
2025-11-25,2025-11-25,ATM WDL,-15276,LED-004841
2025-12-01,,UPI,186393,LED-004842
2025-11-28,2025-11-29,ATM WDL,-93967,LED-004843
2025-11-18,2025-11-18,BROKER PAYIN,130565,LED-004844
2025-11-29,2025-11-30,BROKER PAYIN,157037,LED-004845
2025-11-24,2025-11-24,IMPS,112608,LED-004846
2025-11-20,2025-11-22,UPI,97937,LED-004847
2025-11-24,2025-11-26,BROKER PAYIN,-80663,LED-004848
2025-11-28,2025-11-29,IMPS,-115997,LED-004849
2025-11-25,2025-11-27,AUTO SWEEP,72536,LED-004850
2025-11-30,2025-12-02,IMPS,-108735,LED-004851
2025-11-21,2025-11-21,BROKER PAYIN,95116,LED-004852
2025-11-28,2025-11-30,BROKER PAYIN,11553,LED-004853
2025-11-24,2025-11-26,IMPS,97665,LED-004854
2025-11-23,2025-11-23,ATM WDL,-110728,LED-004855
2025-11-30,2025-12-01,AUTO SWEEP,-15833,LED-004856
2025-11-21,2025-11-22,ATM WDL,-84422,LED-004857
2025-11-24,2025-11-25,IMPS,-190136,LED-004858
2025-11-22,2025-11-23,AUTO SWEEP,-67130,LED-004859
2025-11-28,2025-11-28,BROKER PAYOUT,-5872,LED-004860
2025-11-19,2025-11-21,UPI,194830,LED-004861
2025-11-19,2025-11-19,UPI,-142977,LED-004862
2025-11-24,2025-11-25,IMPS,91039,LED-004863
2025-11-23,2025-11-25,BROKER PAYOUT,-174633,LED-004864
2025-11-30,2025-12-01,UPI,-187358,LED-004865
2025-11-26,2025-11-27,BROKER PAYIN,-61164,LED-004866
2025-11-22,2025-11-23,UPI,-102853,LED-004867
2025-11-27,2025-11-28,BROKER PAYIN,-192252,LED-004868
2025-11-18,2025-11-20,AUTO SWEEP,-84535,LED-004869
2025-11-27,2025-11-27,BROKER PAYOUT,27916,LED-004870
2025-11-29,2025-12-01,AUTO SWEEP,-96821,LED-004871
2025-11-24,2025-11-26,ATM WDL,175721,LED-004872
2025-11-25,2025-11-25,UPI,49119,LED-004873
2025-11-28,2025-11-29,BROKER PAYIN,-61905,LED-004874
2025-11-23,2025-11-25,BROKER PAYOUT,-29555,LED-004875
2025-12-01,2025-12-02,ATM WDL,-168710,LED-004876
2025-11-20,,IMPS,-165343,LED-004877
2025-11-30,2025-11-30,IMPS,113193,LED-004878
2025-11-18,2025-11-20,UPI,-1510,LED-004879
2025-11-27,2025-11-27,BROKER PAYIN,-68145,LED-004880
2025-11-17,2025-11-18,BROKER PAYIN,-133656,LED-004881
2025-11-17,2025-11-17,UPI,197392,LED-004882
2025-11-18,2025-11-20,IMPS,52981,LED-004883
2025-11-20,2025-11-20,BROKER PAYIN,98085,LED-004884
2025-11-18,2025-11-20,,-138069,LED-004885
2025-11-17,2025-11-19,UPI,54673,LED-004886
2025-12-01,2025-12-03,BROKER PAYOUT,76815,LED-004887
2025-11-25,2025-11-26,IMPS,-169543,LED-004888
2025-12-01,,IMPS,-76001,LED-004889
2025-11-27,2025-11-29,IMPS,175451,LED-004890
2025-11-29,2025-11-29,IMPS,134237,LED-004891
2025-11-19,2025-11-21,UPI,-29359,LED-004892
2025-11-23,2025-11-25,IMPS,137029,LED-004893
2025-11-23,2025-11-23,AUTO SWEEP,58069,LED-004894
2025-12-01,2025-12-03,ATM WDL,60838,LED-004895
2025-12-01,2025-12-03,ATM WDL,-26555,LED-004896
2025-11-28,2025-11-29,IMPS,27174,LED-004897
2025-11-20,,IMPS,-120189,LED-004898
2025-11-19,,ATM WDL,33855,LED-004899
2025-11-23,2025-11-23,AUTO SWEEP,-63531,LED-004900
2025-11-30,2025-11-30,BROKER PAYIN,7111,LED-004901
2025-11-22,2025-11-22,BROKER PAYOUT,-92539,LED-004902
2025-11-19,2025-11-19,UPI,192023,LED-004903
2025-11-26,2025-11-26,BROKER PAYOUT,-93798,LED-004904
2025-11-18,2025-11-18,BROKER PAYIN,140424,LED-004905
2025-11-27,2025-11-28,BROKER PAYOUT,176507,LED-004906
2025-11-26,2025-11-26,ATM WDL,-76836,LED-004907
2025-11-27,2025-11-29,AUTO SWEEP,-159856,LED-004908
2025-11-27,2025-11-28,IMPS,57642,LED-004909
2025-11-23,2025-11-25,ATM WDL,-62219,LED-004910
2025-11-22,2025-11-22,AUTO SWEEP,-25672,LED-004911
2025-11-22,2025-11-22,BROKER PAYOUT,-185875,LED-004912
2025-11-23,2025-11-24,BROKER PAYOUT,-1509,LED-004913
2025-11-24,,BROKER PAYIN,53652,LED-004914
2025-11-22,2025-11-24,UPI,-183808,LED-004915
2025-11-26,2025-11-26,BROKER PAYOUT,51792,LED-004916
2025-11-27,2025-11-29,UPI,-32932,LED-004917
2025-11-23,2025-11-24,UPI,-16626,LED-004918
2025-11-22,2025-11-22,UPI,-98705,LED-004919
2025-11-21,2025-11-22,,88675,LED-004920
2025-11-18,2025-11-18,BROKER PAYOUT,-184111,LED-004921
2025-11-26,2025-11-26,BROKER PAYIN,164815,LED-004922
2025-11-30,2025-11-30,BROKER PAYOUT,-2452,LED-004923
2025-11-20,2025-11-20,UPI,97835,LED-004924
2025-11-28,2025-11-30,SUSPICIOUS BULK WITHDRAWAL,-1432675,LED-004925
2025-11-24,2025-11-25,AUTO SWEEP,189190,LED-004926
2025-11-21,2025-11-22,ATM WDL,110295,LED-004927
2025-11-30,2025-11-30,BROKER PAYOUT,-154300,LED-004928
2025-11-30,2025-11-30,BROKER PAYOUT,-17351,LED-004929
2025-11-25,2025-11-26,ATM WDL,-174387,LED-004930
2025-11-17,2025-11-17,UPI,167192,LED-004931
2025-11-28,2025-11-30,BROKER PAYIN,-81034,LED-004932
2025-11-28,,BROKER PAYOUT,188175,LED-004933
2025-11-20,2025-11-22,ATM WDL,-35819,LED-004934
2025-11-18,,ATM WDL,147653,LED-004935
2025-11-20,2025-11-20,,107977,LED-004936
2025-11-27,2025-11-27,IMPS,-189790,LED-004937
2025-11-25,2025-11-26,IMPS,-26398,LED-004938
2025-11-28,2025-11-30,BROKER PAYIN,-54642,LED-004939
2025-11-22,2025-11-24,BROKER PAYOUT,151001,LED-004940
2025-11-19,2025-11-20,ATM WDL,112022,LED-004941
2025-11-29,2025-11-30,AUTO SWEEP,-65265,LED-004942
2025-11-20,2025-11-21,BROKER PAYOUT,128650,LED-004943
2025-11-20,2025-11-20,IMPS,181432,LED-004944
2025-11-29,2025-12-01,UPI,-5446,LED-004945
2025-11-20,2025-11-22,UPI,12606,LED-004946
2025-11-26,2025-11-26,ATM WDL,81348,LED-004947
2025-11-23,2025-11-25,UPI,71948,LED-004948
2025-11-20,2025-11-20,IMPS,-169411,LED-004949
2025-11-24,,BROKER PAYOUT,193419,LED-004950
2025-11-17,2025-11-19,ATM WDL,11471,LED-004951
2025-11-23,2025-11-24,ATM WDL,153788,LED-004952
2025-11-29,2025-11-29,ATM WDL,168726,LED-004953
2025-11-24,2025-11-26,ATM WDL,151765,LED-004954
2025-11-27,2025-11-29,BROKER PAYOUT,-64083,LED-004955
2025-11-28,,IMPS,-127370,LED-004956
2025-11-30,2025-12-01,BROKER PAYIN,-66552,LED-004957
2025-11-20,,BROKER PAYIN,-48675,LED-004958
2025-11-26,2025-11-28,BROKER PAYIN,194209,LED-004959
2025-11-20,2025-11-22,IMPS,156304,LED-004960
2025-11-18,2025-11-19,BROKER PAYOUT,-157735,LED-004961
2025-11-24,2025-11-26,UPI,-105963,LED-004962
2025-11-19,2025-11-21,BROKER PAYIN,-56980,LED-004963
2025-11-24,2025-11-25,BROKER PAYOUT,17354,LED-004964
2025-12-01,2025-12-03,IMPS,-193480,LED-004965
2025-11-25,2025-11-27,,-98829,LED-004966
2025-11-29,2025-12-01,SUSPICIOUS BULK WITHDRAWAL,-891427,LED-004967
2025-11-20,2025-11-20,BROKER PAYOUT,18180,LED-004968
2025-11-21,2025-11-23,BROKER PAYIN,125189,LED-004969
2025-12-01,,BROKER PAYOUT,55948,LED-004970
2025-11-28,2025-11-29,BROKER PAYIN,-146733,LED-004971
2025-11-22,2025-11-24,AUTO SWEEP,86894,LED-004972
2025-11-29,2025-11-30,BROKER PAYOUT,107214,LED-004973
2025-11-18,2025-11-20,BROKER PAYIN,172912,LED-004974
2025-11-22,,IMPS,-35678,LED-004975
2025-11-18,2025-11-18,IMPS,-117146,LED-004976
2025-11-27,2025-11-29,UPI,195356,LED-004977
2025-11-18,2025-11-18,IMPS,-145932,LED-004978
2025-11-30,2025-11-30,BROKER PAYIN,-39434,LED-004979
2025-11-28,2025-11-28,UPI,36116,LED-004980
2025-11-24,2025-11-26,IMPS,-118695,LED-004981
2025-11-18,2025-11-20,IMPS,130234,LED-004982
2025-11-25,2025-11-27,UPI,188228,LED-004983
2025-11-23,2025-11-25,ATM WDL,67238,LED-004984
2025-11-17,2025-11-17,UPI,157313,LED-004985
2025-11-27,2025-11-28,BROKER PAYOUT,199988,LED-004986
2025-11-28,2025-11-29,,-19444,LED-004987
2025-11-20,2025-11-22,BROKER PAYIN,33158,LED-004988
2025-11-30,2025-11-30,BROKER PAYOUT,160173,LED-004989
2025-11-17,2025-11-17,ATM WDL,117704,LED-004990
2025-11-22,2025-11-24,ATM WDL,129601,LED-004991
2025-12-01,2025-12-03,BROKER PAYIN,-37087,LED-004992
2025-11-30,2025-11-30,IMPS,163362,LED-004993
2025-11-28,2025-11-28,BROKER PAYIN,172079,LED-004994
2025-11-17,,ATM WDL,45602,LED-004995
2025-11-17,2025-11-19,IMPS,-155764,LED-004996
2025-11-24,2025-11-25,UPI,-68353,LED-004997
2025-11-27,2025-11-29,BROKER PAYIN,-47283,LED-004998
2025-11-18,2025-11-18,ATM WDL,-167244,LED-004999
2025-11-26,2025-11-27,BROKER PAYIN,-133117,LED-005000
2025-11-28,2025-11-30,IMPS,111492,LED-005001
2025-12-01,,UPI,-146318,LED-005002
2025-11-20,2025-11-21,UPI,180353,LED-005003
2025-11-17,2025-11-19,UPI,101864,LED-005004
2025-11-19,2025-11-21,UPI,154282,LED-005005
2025-11-20,2025-11-21,BROKER PAYIN,96736,LED-005006
2025-11-29,2025-11-30,,27501,LED-005007
2025-11-17,2025-11-17,BROKER PAYIN,13260,LED-005008
2025-11-25,2025-11-25,ATM WDL,-154556,LED-005009
2025-11-28,2025-11-28,IMPS,186344,LED-005010
2025-11-20,2025-11-22,BROKER PAYIN,-176587,LED-005011
2025-11-27,2025-11-28,BROKER PAYOUT,-160147,LED-005012
2025-11-17,2025-11-18,BROKER PAYOUT,198932,LED-005013
2025-11-28,2025-11-28,UPI,117600,LED-005014
2025-11-30,,AUTO SWEEP,-100420,LED-005015
2025-11-23,2025-11-25,SUSPICIOUS BULK WITHDRAWAL,-1052940,LED-005016
2025-11-20,,UPI,-158649,LED-005017
2025-11-28,2025-11-28,AUTO SWEEP,-184196,LED-005018
2025-11-29,2025-11-30,IMPS,182845,LED-005019
2025-11-26,2025-11-26,AUTO SWEEP,-110025,LED-005020
2025-11-28,2025-11-29,UPI,180875,LED-005021
2025-11-22,,UPI,-50078,LED-005022
2025-11-18,2025-11-20,ATM WDL,36172,LED-005023
2025-11-27,2025-11-29,BROKER PAYIN,-121814,LED-005024
2025-11-23,2025-11-24,AUTO SWEEP,-168676,LED-005025
2025-11-24,2025-11-24,ATM WDL,192843,LED-005026
2025-11-26,2025-11-28,IMPS,4965,LED-005027
2025-11-18,2025-11-20,UPI,21992,LED-005028
2025-11-17,2025-11-19,UPI,-79186,LED-005029
2025-11-20,2025-11-21,BROKER PAYIN,-147106,LED-005030
2025-11-20,2025-11-20,IMPS,199703,LED-005031
2025-11-21,2025-11-21,IMPS,7744,LED-005032
2025-11-26,2025-11-28,AUTO SWEEP,143055,LED-005033
2025-11-29,2025-11-29,SUSPICIOUS BULK WITHDRAWAL,-1792615,LED-005034
2025-11-19,2025-11-20,BROKER PAYIN,-115248,LED-005035
2025-11-30,2025-11-30,ATM WDL,139651,LED-005036
2025-11-30,2025-11-30,SUSPICIOUS BULK WITHDRAWAL,-1410494,LED-005037
2025-11-28,2025-11-29,ATM WDL,50546,LED-005038
2025-11-27,2025-11-28,ATM WDL,-101841,LED-005039
2025-11-18,2025-11-18,BROKER PAYOUT,156834,LED-005040
2025-11-30,2025-12-01,IMPS,-115240,LED-005041
2025-11-17,2025-11-19,BROKER PAYOUT,-21743,LED-005042
2025-11-23,2025-11-24,BROKER PAYOUT,-165695,LED-005043
2025-11-25,2025-11-26,UPI,-148581,LED-005044
2025-11-24,2025-11-26,BROKER PAYOUT,-154350,LED-005045
2025-11-24,2025-11-26,IMPS,130605,LED-005046
2025-11-29,,UPI,56100,LED-005047
2025-11-30,2025-11-30,ATM WDL,161754,LED-005048
2025-12-01,2025-12-02,ATM WDL,-5513,LED-005049
2025-12-01,2025-12-02,BROKER PAYOUT,-92817,LED-005050
2025-11-23,2025-11-25,UPI,180459,LED-005051
2025-11-17,2025-11-17,UPI,-91644,LED-005052
2025-11-19,2025-11-20,IMPS,129536,LED-005053
2025-11-18,2025-11-19,ATM WDL,45352,LED-005054
2025-11-27,2025-11-27,ATM WDL,13094,LED-005055
2025-11-20,2025-11-21,ATM WDL,-172261,LED-005056
2025-11-24,2025-11-26,BROKER PAYOUT,-173526,LED-005057
2025-11-21,2025-11-21,BROKER PAYOUT,178147,LED-005058
2025-11-22,2025-11-23,SUSPICIOUS BULK WITHDRAWAL,-1587164,LED-005059
2025-11-21,2025-11-21,AUTO SWEEP,-199879,LED-005060
2025-11-17,2025-11-19,AUTO SWEEP,183528,LED-005061
2025-11-18,2025-11-20,BROKER PAYIN,18575,LED-005062
2025-11-24,,AUTO SWEEP,-3459,LED-005063
2025-11-28,2025-11-28,UPI,109934,LED-005064
2025-11-21,2025-11-21,BROKER PAYOUT,137964,LED-005065
2025-11-28,2025-11-28,BROKER PAYOUT,156950,LED-005066
2025-11-24,2025-11-26,AUTO SWEEP,-162117,LED-005067
2025-11-29,2025-12-01,ATM WDL,25080,LED-005068
2025-11-30,2025-11-30,BROKER PAYIN,-179471,LED-005069
2025-11-20,2025-11-21,BROKER PAYIN,-27043,LED-005070
2025-11-23,2025-11-25,IMPS,-140642,LED-005071
2025-11-23,2025-11-23,BROKER PAYIN,81740,LED-005072
2025-11-27,2025-11-29,UPI,-118674,LED-005073
2025-11-26,2025-11-28,AUTO SWEEP,-105601,LED-005074
2025-11-30,2025-11-30,BROKER PAYIN,113337,LED-005075
2025-11-18,2025-11-18,IMPS,28182,LED-005076
2025-11-27,2025-11-29,AUTO SWEEP,23527,LED-005077
2025-11-18,2025-11-18,UPI,71070,LED-005078
2025-11-21,2025-11-21,IMPS,139817,LED-005079
2025-11-26,2025-11-28,ATM WDL,-6765,LED-005080
2025-11-19,2025-11-19,IMPS,-126157,LED-005081
2025-11-19,2025-11-20,AUTO SWEEP,-63045,LED-005082
2025-11-22,2025-11-23,AUTO SWEEP,-121112,LED-005083
2025-11-30,2025-12-01,ATM WDL,56434,LED-005084
2025-12-01,,BROKER PAYIN,177477,LED-005085
2025-11-25,2025-11-27,BROKER PAYIN,93750,LED-005086
2025-11-26,2025-11-28,UPI,190121,LED-005087
2025-11-26,2025-11-27,IMPS,108550,LED-005088
2025-11-30,2025-12-02,IMPS,-95055,LED-005089
2025-11-23,2025-11-23,UPI,7854,LED-005090
2025-11-25,2025-11-26,UPI,110769,LED-005091
2025-11-22,2025-11-23,IMPS,-64759,LED-005092
2025-11-27,2025-11-29,UPI,-59220,LED-005093
2025-11-23,2025-11-24,BROKER PAYIN,-154602,LED-005094
2025-11-20,2025-11-21,ATM WDL,6354,LED-005095
2025-11-25,2025-11-25,BROKER PAYIN,111706,LED-005096
2025-11-21,2025-11-21,BROKER PAYIN,-117326,LED-005097
2025-11-28,2025-11-29,ATM WDL,-4518,LED-005098
2025-11-25,2025-11-25,BROKER PAYIN,86987,LED-005099
2025-11-23,2025-11-23,BROKER PAYOUT,43857,LED-005100
2025-11-29,,ATM WDL,67828,LED-005101
2025-11-29,2025-11-29,ATM WDL,-163209,LED-005102
2025-11-29,2025-11-30,BROKER PAYIN,37264,LED-005103
2025-11-27,2025-11-29,AUTO SWEEP,-86898,LED-005104
2025-11-30,2025-12-01,BROKER PAYOUT,97482,LED-005105
2025-11-27,2025-11-29,UPI,12822,LED-005106
2025-11-28,2025-11-28,,-132221,LED-005107
2025-11-17,2025-11-19,IMPS,169707,LED-005108
2025-11-21,2025-11-21,BROKER PAYIN,11792,LED-005109
2025-11-27,,,-141727,LED-005110
2025-11-22,2025-11-23,BROKER PAYOUT,-45726,LED-005111
2025-11-17,2025-11-19,BROKER PAYOUT,-64947,LED-005112
2025-11-23,2025-11-23,UPI,-83089,LED-005113
2025-11-22,2025-11-24,ATM WDL,-22177,LED-005114
2025-11-22,2025-11-24,BROKER PAYIN,83561,LED-005115
2025-11-22,2025-11-22,AUTO SWEEP,-159734,LED-005116
2025-12-01,2025-12-02,UPI,116741,LED-005117
2025-11-17,2025-11-19,IMPS,128998,LED-005118
2025-11-22,2025-11-23,IMPS,-74905,LED-005119
2025-11-26,2025-11-26,BROKER PAYIN,13161,LED-005120
2025-11-19,2025-11-19,ATM WDL,-51670,LED-005121
2025-11-19,2025-11-19,AUTO SWEEP,73154,LED-005122
2025-11-30,2025-11-30,SUSPICIOUS BULK WITHDRAWAL,-751843,LED-005123
2025-12-01,2025-12-01,AUTO SWEEP,191968,LED-005124
2025-11-23,2025-11-25,,130479,LED-005125
2025-11-27,,UPI,-155617,LED-005126
2025-11-30,2025-11-30,BROKER PAYIN,129502,LED-005127
2025-11-17,,IMPS,-182397,LED-005128
2025-11-29,2025-11-30,AUTO SWEEP,87123,LED-005129
2025-11-21,2025-11-21,IMPS,134827,LED-005130
2025-11-30,2025-12-02,IMPS,-164270,LED-005131
2025-11-24,2025-11-25,UPI,132006,LED-005132
2025-11-26,2025-11-26,BROKER PAYIN,-174545,LED-005133
2025-11-21,2025-11-21,BROKER PAYIN,-74188,LED-005134
2025-11-23,,ATM WDL,34035,LED-005135
2025-11-25,2025-11-27,BROKER PAYIN,160016,LED-005136
2025-11-20,2025-11-20,UPI,-130142,LED-005137
2025-11-29,2025-11-30,IMPS,-37504,LED-005138
2025-11-26,2025-11-26,ATM WDL,-18508,LED-005139
2025-11-26,2025-11-26,IMPS,-61559,LED-005140
2025-11-17,2025-11-19,BROKER PAYIN,158130,LED-005141
2025-11-21,2025-11-22,AUTO SWEEP,81020,LED-005142
2025-11-25,2025-11-25,UPI,172685,LED-005143
2025-11-23,2025-11-25,UPI,-76742,LED-005144
2025-11-18,2025-11-19,AUTO SWEEP,22097,LED-005145
2025-11-27,2025-11-28,UPI,44428,LED-005146
2025-11-28,2025-11-28,AUTO SWEEP,13796,LED-005147
2025-11-26,2025-11-26,ATM WDL,61060,LED-005148
2025-11-25,2025-11-27,IMPS,193467,LED-005149
2025-11-24,2025-11-25,BROKER PAYOUT,95267,LED-005150
2025-11-25,2025-11-26,AUTO SWEEP,56951,LED-005151
2025-11-23,,BROKER PAYIN,93218,LED-005152
2025-11-29,2025-11-29,BROKER PAYOUT,162039,LED-005153
2025-11-24,2025-11-24,ATM WDL,-178206,LED-005154
2025-11-27,2025-11-27,BROKER PAYIN,62379,LED-005155
2025-11-20,2025-11-21,ATM WDL,100271,LED-005156
2025-11-24,2025-11-26,AUTO SWEEP,-140688,LED-005157
2025-11-28,,UPI,173550,LED-005158
2025-11-20,2025-11-21,BROKER PAYOUT,54742,LED-005159
2025-11-21,2025-11-23,AUTO SWEEP,-63718,LED-005160
2025-11-19,2025-11-19,,69722,LED-005161
2025-11-29,2025-12-01,AUTO SWEEP,-170385,LED-005162
2025-11-30,2025-12-01,IMPS,134728,LED-005163
2025-11-25,2025-11-27,AUTO SWEEP,19271,LED-005164
2025-11-30,2025-12-01,ATM WDL,71948,LED-005165
2025-11-25,2025-11-25,BROKER PAYOUT,11683,LED-005166
2025-11-24,2025-11-24,UPI,-119413,LED-005167
2025-11-22,,UPI,-118003,LED-005168
2025-11-23,,SUSPICIOUS BULK WITHDRAWAL,-813527,LED-005169
2025-11-25,2025-11-26,AUTO SWEEP,-12734,LED-005170
2025-12-01,2025-12-03,IMPS,172303,LED-005171
2025-11-18,,ATM WDL,-44051,LED-005172
2025-11-25,,UPI,179599,LED-005173
2025-11-24,2025-11-25,BROKER PAYIN,-191340,LED-005174
2025-11-26,2025-11-27,BROKER PAYOUT,-141023,LED-005175
2025-11-21,,ATM WDL,-70357,LED-005176
2025-11-27,2025-11-28,UPI,4918,LED-005177
2025-11-27,2025-11-28,ATM WDL,137533,LED-005178
2025-11-26,2025-11-28,ATM WDL,154334,LED-005179
2025-11-30,2025-12-02,UPI,-191256,LED-005180
2025-11-23,2025-11-25,AUTO SWEEP,74492,LED-005181
2025-11-30,2025-11-30,BROKER PAYOUT,-149503,LED-005182
2025-11-28,2025-11-28,BROKER PAYOUT,-43824,LED-005183
2025-11-29,2025-11-30,BROKER PAYIN,-63342,LED-005184
2025-11-19,,BROKER PAYIN,128655,LED-005185
2025-11-19,,BROKER PAYOUT,132130,LED-005186
2025-12-01,2025-12-02,UPI,-167045,LED-005187
2025-11-23,2025-11-25,,157284,LED-005188
2025-11-21,2025-11-22,IMPS,41371,LED-005189
2025-11-21,2025-11-21,BROKER PAYOUT,66704,LED-005190
2025-11-27,2025-11-27,BROKER PAYIN,-122650,LED-005191
2025-11-23,2025-11-24,ATM WDL,-42268,LED-005192
2025-11-26,,UPI,168891,LED-005193
2025-11-17,2025-11-18,BROKER PAYOUT,-166534,LED-005194
2025-11-18,2025-11-20,AUTO SWEEP,-63021,LED-005195
2025-11-29,2025-11-29,ATM WDL,121370,LED-005196
2025-11-21,2025-11-21,IMPS,-183980,LED-005197
2025-12-01,2025-12-01,BROKER PAYIN,-122210,LED-005198
2025-11-18,2025-11-20,UPI,14182,LED-005199
2025-11-24,2025-11-24,AUTO SWEEP,158776,LED-005200
2025-11-27,,IMPS,16208,LED-005201
2025-11-17,2025-11-18,AUTO SWEEP,-95319,LED-005202
2025-11-26,2025-11-27,IMPS,105128,LED-005203
2025-11-25,2025-11-25,UPI,79185,LED-005204
2025-11-21,,BROKER PAYOUT,-8761,LED-005205
2025-11-17,2025-11-19,IMPS,-46666,LED-005206
2025-11-21,2025-11-21,AUTO SWEEP,-85482,LED-005207
2025-11-21,2025-11-23,BROKER PAYIN,116935,LED-005208
2025-12-01,2025-12-01,BROKER PAYIN,-138625,LED-005209
2025-11-21,2025-11-23,IMPS,-109410,LED-005210
2025-11-25,2025-11-26,ATM WDL,195329,LED-005211
2025-11-20,2025-11-22,IMPS,-30732,LED-005212
2025-11-18,,BROKER PAYIN,-13852,LED-005213
2025-11-30,,BROKER PAYIN,-178360,LED-005214
2025-11-23,2025-11-24,ATM WDL,-140519,LED-005215
2025-11-26,2025-11-27,UPI,195142,LED-005216
2025-11-17,,BROKER PAYIN,-162070,LED-005217
2025-11-28,2025-11-30,UPI,141731,LED-005218
2025-11-20,2025-11-22,AUTO SWEEP,-172839,LED-005219
2025-11-26,2025-11-28,IMPS,16169,LED-005220
2025-11-18,,UPI,24955,LED-005221
2025-11-21,2025-11-21,ATM WDL,85264,LED-005222
2025-11-19,2025-11-19,ATM WDL,108007,LED-005223
2025-11-21,2025-11-22,BROKER PAYOUT,82058,LED-005224
2025-11-19,,BROKER PAYOUT,-103198,LED-005225
2025-11-29,,ATM WDL,-74254,LED-005226
2025-11-21,2025-11-21,UPI,80671,LED-005227
2025-11-25,2025-11-27,ATM WDL,-33750,LED-005228
2025-11-20,2025-11-20,BROKER PAYOUT,-49025,LED-005229
2025-11-20,,BROKER PAYOUT,120377,LED-005230
2025-11-22,,BROKER PAYIN,-43687,LED-005231
2025-11-27,,AUTO SWEEP,-47602,LED-005232
2025-11-23,2025-11-23,UPI,-178240,LED-005233
2025-11-21,2025-11-23,BROKER PAYIN,167235,LED-005234
2025-11-30,2025-12-01,ATM WDL,-148349,LED-005235
2025-11-19,,UPI,103784,LED-005236
2025-11-22,2025-11-22,UPI,-153778,LED-005237
2025-11-28,,IMPS,166551,LED-005238
2025-11-23,2025-11-24,BROKER PAYOUT,1503,LED-005239
2025-11-21,2025-11-22,BROKER PAYIN,-5044,LED-005240
2025-11-26,2025-11-28,BROKER PAYIN,82187,LED-005241
2025-11-28,2025-11-28,AUTO SWEEP,-53553,LED-005242
2025-11-28,2025-11-29,BROKER PAYIN,195166,LED-005243
2025-11-28,2025-11-28,ATM WDL,12913,LED-005244
2025-12-01,2025-12-03,UPI,142332,LED-005245
2025-11-22,2025-11-23,AUTO SWEEP,-85688,LED-005246
2025-11-28,2025-11-30,IMPS,164215,LED-005247
2025-11-20,2025-11-21,ATM WDL,69930,LED-005248
2025-11-30,2025-11-30,AUTO SWEEP,-16763,LED-005249
2025-11-21,2025-11-22,UPI,-31570,LED-005250
2025-11-17,2025-11-17,BROKER PAYIN,81146,LED-005251
2025-11-27,2025-11-29,BROKER PAYIN,-163140,LED-005252
2025-11-21,2025-11-22,BROKER PAYIN,-111227,LED-005253
2025-11-30,2025-12-02,AUTO SWEEP,-191351,LED-005254
2025-11-23,2025-11-23,BROKER PAYIN,44899,LED-005255
2025-11-21,,AUTO SWEEP,24108,LED-005256
2025-11-19,2025-11-21,BROKER PAYIN,-103737,LED-005257
2025-11-21,2025-11-23,IMPS,-121365,LED-005258
2025-11-30,2025-11-30,AUTO SWEEP,170011,LED-005259
2025-11-30,,BROKER PAYIN,82350,LED-005260
2025-12-01,2025-12-03,IMPS,-9673,LED-005261
2025-11-25,2025-11-25,AUTO SWEEP,8527,LED-005262
2025-11-20,,BROKER PAYOUT,3220,LED-005263
2025-11-21,2025-11-23,IMPS,-136320,LED-005264
2025-11-24,2025-11-24,UPI,-193659,LED-005265
2025-11-23,2025-11-23,BROKER PAYIN,193588,LED-005266
2025-11-17,2025-11-17,IMPS,90619,LED-005267
2025-11-21,2025-11-22,BROKER PAYOUT,38408,LED-005268
2025-11-18,2025-11-20,UPI,75519,LED-005269
2025-11-26,2025-11-28,AUTO SWEEP,-15174,LED-005270
2025-12-01,2025-12-02,UPI,-153003,LED-005271
2025-11-28,2025-11-28,UPI,-94820,LED-005272
2025-11-29,2025-11-29,BROKER PAYIN,-100070,LED-005273
2025-11-19,2025-11-21,ATM WDL,150037,LED-005274
2025-11-17,2025-11-19,SUSPICIOUS BULK WITHDRAWAL,-1253789,LED-005275
2025-11-30,2025-12-02,UPI,29961,LED-005276
2025-11-25,2025-11-26,BROKER PAYOUT,-181085,LED-005277
2025-11-20,2025-11-21,ATM WDL,-97381,LED-005278
2025-11-17,2025-11-18,ATM WDL,-97491,LED-005279
2025-11-23,2025-11-24,AUTO SWEEP,-190210,LED-005280
2025-11-27,2025-11-27,BROKER PAYIN,-81616,LED-005281
2025-11-18,2025-11-19,,195851,LED-005282
2025-11-22,2025-11-24,UPI,89355,LED-005283
2025-11-22,2025-11-23,ATM WDL,47365,LED-005284
2025-11-26,2025-11-26,BROKER PAYIN,102719,LED-005285
2025-11-28,2025-11-30,BROKER PAYOUT,185226,LED-005286
2025-11-20,2025-11-20,ATM WDL,-50536,LED-005287
2025-11-20,2025-11-21,BROKER PAYOUT,-40035,LED-005288
2025-12-01,2025-12-01,ATM WDL,199291,LED-005289
2025-11-26,2025-11-28,BROKER PAYOUT,32886,LED-005290
2025-11-29,2025-12-01,ATM WDL,-34194,LED-005291
2025-12-01,2025-12-03,IMPS,-62426,LED-005292
2025-11-26,2025-11-27,ATM WDL,-78798,LED-005293
2025-11-29,2025-11-29,IMPS,125482,LED-005294
2025-11-17,2025-11-17,IMPS,38868,LED-005295
2025-11-21,,UPI,198525,LED-005296
2025-12-01,2025-12-03,ATM WDL,-137102,LED-005297
2025-11-28,2025-11-28,BROKER PAYIN,163618,LED-005298
2025-11-30,2025-12-01,BROKER PAYIN,199314,LED-005299
2025-11-18,2025-11-18,AUTO SWEEP,-39493,LED-005300
2025-12-01,2025-12-03,ATM WDL,-8649,LED-005301
2025-11-22,2025-11-23,AUTO SWEEP,49350,LED-005302
2025-11-23,2025-11-23,BROKER PAYOUT,25988,LED-005303
2025-11-30,2025-12-01,IMPS,154897,LED-005304
2025-11-25,2025-11-27,UPI,-186996,LED-005305
2025-11-21,2025-11-21,UPI,-192539,LED-005306
2025-11-28,2025-11-30,IMPS,-127264,LED-005307
2025-11-28,2025-11-30,BROKER PAYOUT,57303,LED-005308
2025-11-19,2025-11-21,UPI,117234,LED-005309
2025-11-20,2025-11-22,UPI,-71065,LED-005310
2025-11-27,,BROKER PAYOUT,-86198,LED-005311
2025-11-17,2025-11-17,AUTO SWEEP,-64043,LED-005312
2025-11-28,2025-11-28,BROKER PAYIN,141766,LED-005313
2025-11-26,2025-11-28,AUTO SWEEP,164841,LED-005314
2025-11-27,2025-11-29,ATM WDL,12953,LED-005315
2025-11-30,2025-11-30,ATM WDL,167231,LED-005316
2025-11-30,2025-11-30,IMPS,-166380,LED-005317
2025-11-26,2025-11-27,ATM WDL,-175748,LED-005318
2025-11-30,2025-12-01,UPI,138506,LED-005319
2025-11-21,2025-11-21,ATM WDL,-103120,LED-005320
2025-11-28,,AUTO SWEEP,43622,LED-005321
2025-11-22,2025-11-23,UPI,-154173,LED-005322
2025-11-23,2025-11-25,BROKER PAYIN,79323,LED-005323
2025-11-27,2025-11-27,BROKER PAYOUT,-85501,LED-005324
2025-11-27,2025-11-28,ATM WDL,22814,LED-005325
2025-11-25,2025-11-25,AUTO SWEEP,62736,LED-005326
2025-11-26,2025-11-27,IMPS,-10045,LED-005327
2025-11-24,2025-11-25,BROKER PAYIN,-58084,LED-005328
2025-11-29,2025-11-29,ATM WDL,-116673,LED-005329
2025-11-30,2025-11-30,AUTO SWEEP,-36633,LED-005330
2025-11-20,2025-11-21,BROKER PAYOUT,195275,LED-005331
2025-11-27,2025-11-27,BROKER PAYOUT,-139677,LED-005332
2025-11-28,2025-11-29,AUTO SWEEP,-68112,LED-005333
2025-11-23,2025-11-24,IMPS,-22392,LED-005334
2025-11-30,2025-11-30,IMPS,-55795,LED-005335
2025-11-26,2025-11-26,ATM WDL,-188654,LED-005336
2025-11-20,2025-11-21,BROKER PAYOUT,-18121,LED-005337
2025-11-19,2025-11-19,BROKER PAYIN,-29191,LED-005338
2025-11-21,2025-11-22,BROKER PAYIN,40451,LED-005339
2025-11-23,,BROKER PAYIN,-123465,LED-005340
2025-11-18,2025-11-20,AUTO SWEEP,-62165,LED-005341
2025-11-26,2025-11-28,IMPS,136298,LED-005342
2025-11-18,2025-11-18,BROKER PAYIN,-108807,LED-005343
2025-11-27,2025-11-28,UPI,-194720,LED-005344
2025-11-18,2025-11-19,IMPS,46944,LED-005345
2025-11-19,2025-11-20,BROKER PAYIN,-157709,LED-005346
2025-11-24,2025-11-25,IMPS,128601,LED-005347
2025-11-17,2025-11-17,BROKER PAYOUT,-186881,LED-005348
2025-11-27,2025-11-27,BROKER PAYIN,-4241,LED-005349
2025-11-30,2025-12-01,BROKER PAYOUT,-60996,LED-005350
2025-11-18,2025-11-18,ATM WDL,69577,LED-005351
2025-11-18,2025-11-18,BROKER PAYIN,191651,LED-005352
2025-11-21,2025-11-22,IMPS,195370,LED-005353
2025-11-27,2025-11-29,UPI,-111651,LED-005354
2025-12-01,,UPI,-172834,LED-005355
2025-12-01,2025-12-03,AUTO SWEEP,-195135,LED-005356
2025-11-26,2025-11-26,ATM WDL,166203,LED-005357
2025-11-26,2025-11-28,BROKER PAYOUT,149955,LED-005358
2025-11-20,2025-11-20,IMPS,-157796,LED-005359
2025-11-17,2025-11-17,BROKER PAYIN,-164706,LED-005360
2025-11-17,2025-11-18,BROKER PAYIN,-174595,LED-005361
2025-11-28,2025-11-29,IMPS,161675,LED-005362
2025-11-23,2025-11-25,UPI,34031,LED-005363
2025-11-21,2025-11-21,ATM WDL,109838,LED-005364
2025-11-28,2025-11-29,AUTO SWEEP,-77899,LED-005365
2025-11-29,2025-12-01,IMPS,-194277,LED-005366
2025-11-22,2025-11-24,UPI,167506,LED-005367
2025-11-18,2025-11-19,AUTO SWEEP,12812,LED-005368
2025-11-20,2025-11-20,BROKER PAYIN,-176940,LED-005369
2025-11-27,2025-11-28,UPI,192486,LED-005370
2025-11-25,2025-11-27,ATM WDL,-125416,LED-005371
2025-11-21,2025-11-22,UPI,-188801,LED-005372
2025-11-29,2025-11-29,IMPS,105188,LED-005373
2025-11-26,2025-11-28,BROKER PAYIN,-18531,LED-005374
2025-11-25,2025-11-26,IMPS,-66157,LED-005375
2025-11-27,2025-11-29,,56119,LED-005376
2025-11-20,2025-11-20,,186419,LED-005377
2025-11-23,2025-11-23,BROKER PAYOUT,-191602,LED-005378
2025-11-18,2025-11-18,ATM WDL,145056,LED-005379
2025-11-17,2025-11-19,BROKER PAYIN,-11,LED-005380
2025-11-28,2025-11-28,ATM WDL,-71033,LED-005381
2025-11-27,2025-11-28,ATM WDL,14223,LED-005382
2025-11-30,2025-12-02,AUTO SWEEP,-165461,LED-005383
2025-11-18,2025-11-19,ATM WDL,7209,LED-005384
2025-11-24,2025-11-24,AUTO SWEEP,-176306,LED-005385
2025-11-21,2025-11-22,AUTO SWEEP,-51649,LED-005386
2025-11-23,,AUTO SWEEP,103185,LED-005387
2025-11-21,2025-11-23,BROKER PAYOUT,153959,LED-005388
2025-11-30,2025-11-30,AUTO SWEEP,-129071,LED-005389
2025-11-30,2025-11-30,ATM WDL,86154,LED-005390
2025-11-27,2025-11-29,ATM WDL,-190287,LED-005391
2025-11-24,2025-11-26,BROKER PAYOUT,-187047,LED-005392
2025-11-17,2025-11-18,IMPS,89937,LED-005393
2025-11-19,2025-11-19,AUTO SWEEP,65020,LED-005394
2025-11-18,2025-11-18,UPI,-83952,LED-005395
2025-11-28,2025-11-28,AUTO SWEEP,173466,LED-005396
2025-11-22,,UPI,-27135,LED-005397
2025-11-23,2025-11-24,ATM WDL,131798,LED-005398
2025-11-21,2025-11-23,ATM WDL,16618,LED-005399
2025-11-28,2025-11-30,BROKER PAYIN,-116820,LED-005400
2025-11-17,2025-11-18,IMPS,79933,LED-005401
2025-11-17,,BROKER PAYOUT,-99083,LED-005402
2025-11-25,2025-11-27,UPI,103900,LED-005403
2025-11-30,2025-12-01,AUTO SWEEP,85457,LED-005404
2025-11-17,2025-11-17,IMPS,-184233,LED-005405
2025-11-30,2025-11-30,BROKER PAYIN,160580,LED-005406
2025-11-30,2025-12-01,IMPS,38093,LED-005407
2025-11-29,2025-12-01,BROKER PAYOUT,199164,LED-005408
2025-12-01,2025-12-02,ATM WDL,-195424,LED-005409
2025-11-22,2025-11-22,UPI,-37578,LED-005410
2025-11-18,2025-11-18,BROKER PAYOUT,-37946,LED-005411
2025-11-17,2025-11-19,BROKER PAYOUT,-191968,LED-005412
2025-11-27,2025-11-27,BROKER PAYIN,-134087,LED-005413
2025-12-01,2025-12-01,ATM WDL,175383,LED-005414
2025-11-30,2025-12-02,BROKER PAYIN,186553,LED-005415
2025-12-01,2025-12-01,AUTO SWEEP,-147731,LED-005416
2025-11-24,,,189958,LED-005417
2025-11-27,2025-11-27,IMPS,92165,LED-005418
2025-11-30,2025-12-01,UPI,84803,LED-005419
2025-11-20,2025-11-21,BROKER PAYOUT,39250,LED-005420
2025-11-19,2025-11-19,BROKER PAYIN,-88574,LED-005421
2025-11-30,2025-11-30,BROKER PAYIN,-115741,LED-005422
2025-11-29,2025-12-01,AUTO SWEEP,84928,LED-005423
2025-11-25,2025-11-25,BROKER PAYIN,61324,LED-005424
2025-12-01,2025-12-02,BROKER PAYIN,60698,LED-005425
2025-11-17,2025-11-19,BROKER PAYIN,-90622,LED-005426
2025-11-30,2025-11-30,BROKER PAYOUT,-5133,LED-005427
2025-11-24,2025-11-25,IMPS,35931,LED-005428
2025-11-22,2025-11-24,AUTO SWEEP,-186985,LED-005429
2025-11-29,2025-11-30,BROKER PAYOUT,-60149,LED-005430
2025-11-26,2025-11-27,BROKER PAYOUT,145373,LED-005431
2025-11-24,,BROKER PAYOUT,-90756,LED-005432
2025-11-20,,IMPS,-105501,LED-005433
2025-11-24,2025-11-25,ATM WDL,6960,LED-005434
2025-11-21,,AUTO SWEEP,123096,LED-005435
2025-12-01,2025-12-03,BROKER PAYIN,111539,LED-005436
2025-11-28,2025-11-30,BROKER PAYIN,-127973,LED-005437
2025-11-21,2025-11-23,BROKER PAYIN,16968,LED-005438
2025-11-26,2025-11-28,AUTO SWEEP,-198652,LED-005439
2025-11-21,2025-11-23,ATM WDL,-21106,LED-005440
2025-11-21,2025-11-22,BROKER PAYOUT,50915,LED-005441
2025-11-19,2025-11-21,ATM WDL,19572,LED-005442
2025-11-21,2025-11-23,,64772,LED-005443
2025-11-17,2025-11-17,AUTO SWEEP,74699,LED-005444
2025-11-19,2025-11-21,ATM WDL,99703,LED-005445
2025-11-28,2025-11-29,IMPS,-29875,LED-005446
2025-11-24,2025-11-26,IMPS,-112527,LED-005447
2025-11-22,2025-11-22,IMPS,-31955,LED-005448
2025-11-21,2025-11-22,AUTO SWEEP,-44008,LED-005449
2025-11-21,2025-11-21,ATM WDL,77337,LED-005450
2025-11-21,2025-11-22,UPI,-78420,LED-005451
2025-11-29,2025-11-29,UPI,34622,LED-005452
2025-12-01,2025-12-03,SUSPICIOUS BULK WITHDRAWAL,-1102032,LED-005453
2025-11-21,2025-11-22,ATM WDL,-18869,LED-005454
2025-11-20,2025-11-22,IMPS,22607,LED-005455
2025-11-26,2025-11-27,BROKER PAYIN,-150751,LED-005456
2025-11-23,2025-11-24,BROKER PAYOUT,37983,LED-005457
2025-11-19,2025-11-20,IMPS,5461,LED-005458
2025-11-19,2025-11-20,UPI,-122204,LED-005459
2025-12-01,2025-12-03,BROKER PAYIN,89629,LED-005460
2025-11-24,2025-11-26,UPI,34472,LED-005461
2025-11-24,2025-11-26,AUTO SWEEP,16276,LED-005462
2025-11-26,2025-11-28,UPI,-50262,LED-005463
2025-11-30,2025-12-01,BROKER PAYIN,174010,LED-005464
2025-11-27,2025-11-29,ATM WDL,-45790,LED-005465
2025-11-23,2025-11-23,UPI,-56532,LED-005466
2025-11-25,2025-11-27,ATM WDL,98362,LED-005467
2025-11-28,2025-11-28,UPI,15407,LED-005468
2025-11-27,2025-11-28,BROKER PAYIN,-27070,LED-005469
2025-11-19,2025-11-19,UPI,119538,LED-005470
2025-11-29,2025-11-29,ATM WDL,617,LED-005471
2025-11-22,2025-11-23,IMPS,-161956,LED-005472
2025-11-20,2025-11-20,ATM WDL,191353,LED-005473
2025-11-23,2025-11-25,AUTO SWEEP,85643,LED-005474
2025-11-20,2025-11-22,AUTO SWEEP,129603,LED-005475
2025-12-01,2025-12-03,BROKER PAYOUT,98803,LED-005476
2025-11-22,2025-11-23,ATM WDL,-178908,LED-005477
2025-12-01,2025-12-03,BROKER PAYOUT,-62610,LED-005478
2025-11-20,,BROKER PAYOUT,-180164,LED-005479
2025-11-19,2025-11-21,BROKER PAYIN,-165887,LED-005480
2025-11-22,2025-11-24,ATM WDL,-73593,LED-005481
2025-11-23,2025-11-23,BROKER PAYIN,-162203,LED-005482
2025-11-22,2025-11-22,AUTO SWEEP,62397,LED-005483
2025-11-26,2025-11-28,UPI,63289,LED-005484
2025-11-21,2025-11-21,AUTO SWEEP,78355,LED-005485
2025-11-23,2025-11-23,BROKER PAYIN,189964,LED-005486
2025-11-19,2025-11-21,ATM WDL,188444,LED-005487
2025-11-22,2025-11-24,BROKER PAYOUT,133429,LED-005488
2025-11-21,2025-11-23,ATM WDL,79139,LED-005489
2025-11-26,2025-11-27,ATM WDL,30119,LED-005490
2025-11-23,2025-11-24,ATM WDL,72756,LED-005491
2025-11-24,2025-11-25,BROKER PAYIN,171530,LED-005492
2025-11-29,2025-12-01,BROKER PAYIN,-57589,LED-005493
2025-11-21,2025-11-21,IMPS,55358,LED-005494
2025-11-24,2025-11-26,BROKER PAYOUT,-194324,LED-005495
2025-11-23,2025-11-23,UPI,-186535,LED-005496
2025-11-19,2025-11-21,ATM WDL,91567,LED-005497
2025-11-28,2025-11-30,BROKER PAYOUT,106525,LED-005498
2025-11-26,,UPI,-151237,LED-005499
2025-11-21,,AUTO SWEEP,-71977,LED-005500
2025-11-24,2025-11-26,UPI,121442,LED-005501
2025-11-22,2025-11-23,AUTO SWEEP,-128851,LED-005502
2025-11-27,2025-11-28,IMPS,-135486,LED-005503
2025-11-22,2025-11-23,BROKER PAYOUT,39849,LED-005504
2025-11-27,2025-11-28,AUTO SWEEP,-115331,LED-005505
2025-11-21,2025-11-23,BROKER PAYIN,-155487,LED-005506
2025-11-21,2025-11-22,BROKER PAYIN,11297,LED-005507
2025-11-27,2025-11-27,BROKER PAYIN,-9718,LED-005508
2025-11-23,,IMPS,12948,LED-005509
2025-11-28,,BROKER PAYOUT,120316,LED-005510
2025-11-23,2025-11-23,BROKER PAYOUT,107266,LED-005511
2025-11-18,2025-11-18,AUTO SWEEP,134675,LED-005512
2025-11-27,2025-11-27,ATM WDL,-187601,LED-005513
2025-11-23,2025-11-23,BROKER PAYOUT,-78702,LED-005514
2025-11-23,2025-11-23,BROKER PAYIN,-24463,LED-005515
2025-11-29,2025-12-01,BROKER PAYOUT,89844,LED-005516
2025-12-01,2025-12-01,ATM WDL,34054,LED-005517
2025-11-23,,AUTO SWEEP,124904,LED-005518
2025-12-01,2025-12-02,BROKER PAYOUT,-16141,LED-005519
2025-11-23,2025-11-24,UPI,-82732,LED-005520
2025-11-21,,BROKER PAYOUT,-199550,LED-005521
2025-11-22,2025-11-23,AUTO SWEEP,27111,LED-005522
2025-11-17,2025-11-18,ATM WDL,-16200,LED-005523
2025-11-26,2025-11-26,BROKER PAYIN,-135303,LED-005524
2025-11-28,,UPI,128068,LED-005525
2025-11-21,,UPI,-94703,LED-005526
2025-11-22,2025-11-24,UPI,170755,LED-005527
2025-11-17,2025-11-19,UPI,-111960,LED-005528
2025-11-23,2025-11-24,IMPS,-168145,LED-005529
2025-11-29,2025-11-29,AUTO SWEEP,27749,LED-005530
2025-11-22,2025-11-24,BROKER PAYOUT,91275,LED-005531
2025-11-19,2025-11-21,BROKER PAYOUT,-186774,LED-005532
2025-11-28,2025-11-29,BROKER PAYOUT,-150342,LED-005533
2025-11-26,2025-11-28,AUTO SWEEP,58556,LED-005534
2025-11-28,2025-11-30,,-26688,LED-005535
2025-11-28,2025-11-29,UPI,-53701,LED-005536
2025-11-25,2025-11-26,IMPS,104522,LED-005537
2025-11-28,2025-11-28,UPI,174640,LED-005538
2025-11-24,,UPI,170676,LED-005539
2025-11-24,2025-11-24,UPI,-171416,LED-005540
2025-11-27,2025-11-29,ATM WDL,-260,LED-005541
2025-11-17,2025-11-18,IMPS,-179317,LED-005542
2025-11-22,2025-11-24,ATM WDL,-6746,LED-005543
2025-12-01,2025-12-02,BROKER PAYOUT,-188119,LED-005544
2025-11-18,2025-11-19,IMPS,41190,LED-005545
2025-11-27,,BROKER PAYIN,37585,LED-005546
2025-11-21,2025-11-22,AUTO SWEEP,39034,LED-005547
2025-11-27,2025-11-27,UPI,112170,LED-005548
2025-11-23,2025-11-24,UPI,-96967,LED-005549
2025-11-28,2025-11-30,IMPS,55241,LED-005550
2025-11-23,2025-11-24,BROKER PAYOUT,-1817,LED-005551
2025-11-18,,AUTO SWEEP,-18756,LED-005552
2025-11-20,2025-11-22,IMPS,-10995,LED-005553
2025-11-24,2025-11-25,BROKER PAYIN,155793,LED-005554
2025-11-23,2025-11-24,UPI,-12948,LED-005555
2025-11-25,2025-11-25,IMPS,122237,LED-005556
2025-11-22,2025-11-22,AUTO SWEEP,-74384,LED-005557
2025-11-21,2025-11-21,IMPS,180371,LED-005558
2025-11-17,2025-11-18,AUTO SWEEP,-68468,LED-005559
2025-11-23,2025-11-23,AUTO SWEEP,11588,LED-005560
2025-11-27,2025-11-28,BROKER PAYOUT,159386,LED-005561
2025-11-23,2025-11-25,AUTO SWEEP,98229,LED-005562
2025-12-01,2025-12-01,AUTO SWEEP,-98088,LED-005563
2025-11-27,,BROKER PAYIN,192477,LED-005564
2025-11-30,2025-12-02,AUTO SWEEP,134182,LED-005565
2025-11-17,2025-11-17,AUTO SWEEP,42392,LED-005566
2025-11-26,2025-11-26,AUTO SWEEP,82748,LED-005567
2025-11-26,2025-11-28,BROKER PAYIN,88714,LED-005568
2025-12-01,2025-12-03,AUTO SWEEP,195748,LED-005569
2025-11-24,,BROKER PAYIN,9066,LED-005570
2025-11-30,2025-11-30,ATM WDL,-182990,LED-005571
2025-11-24,2025-11-24,UPI,7773,LED-005572
2025-11-20,2025-11-22,AUTO SWEEP,106626,LED-005573
2025-11-25,2025-11-26,IMPS,-119621,LED-005574
2025-12-01,2025-12-02,AUTO SWEEP,67325,LED-005575
2025-11-28,2025-11-28,BROKER PAYOUT,111319,LED-005576
2025-11-28,,BROKER PAYOUT,39150,LED-005577
2025-11-19,2025-11-19,ATM WDL,191784,LED-005578
2025-11-22,2025-11-23,ATM WDL,32763,LED-005579
2025-12-01,2025-12-01,IMPS,-166957,LED-005580
2025-12-01,2025-12-01,UPI,107616,LED-005581
2025-11-24,2025-11-24,AUTO SWEEP,11707,LED-005582
2025-12-01,2025-12-01,AUTO SWEEP,40493,LED-005583
2025-11-26,2025-11-27,UPI,88709,LED-005584
2025-11-27,2025-11-29,BROKER PAYIN,115572,LED-005585
2025-12-01,2025-12-02,,-192559,LED-005586
2025-11-29,2025-12-01,UPI,21780,LED-005587
2025-11-20,2025-11-22,BROKER PAYOUT,159557,LED-005588
2025-11-20,2025-11-21,BROKER PAYOUT,-31806,LED-005589
2025-11-25,2025-11-25,UPI,-68868,LED-005590
2025-11-24,,BROKER PAYOUT,-129189,LED-005591
2025-11-19,2025-11-20,,-183828,LED-005592
2025-11-23,2025-11-23,IMPS,13889,LED-005593
2025-11-30,2025-11-30,UPI,-35495,LED-005594
2025-11-17,2025-11-17,IMPS,-50362,LED-005595
2025-11-19,2025-11-21,IMPS,53723,LED-005596
2025-11-27,2025-11-27,IMPS,125069,LED-005597
2025-11-24,2025-11-24,ATM WDL,-180910,LED-005598
2025-11-24,2025-11-26,ATM WDL,-117844,LED-005599
2025-11-21,2025-11-22,IMPS,-46737,LED-005600
2025-11-19,2025-11-20,ATM WDL,-87012,LED-005601
2025-11-28,2025-11-28,UPI,-13124,LED-005602
2025-11-25,2025-11-25,,-30543,LED-005603
2025-11-26,2025-11-27,UPI,-114428,LED-005604
2025-11-21,2025-11-21,ATM WDL,110558,LED-005605
2025-11-22,2025-11-24,AUTO SWEEP,13890,LED-005606
2025-11-25,2025-11-25,ATM WDL,135907,LED-005607
2025-11-27,2025-11-28,UPI,-121164,LED-005608
2025-12-01,2025-12-02,BROKER PAYOUT,-14867,LED-005609
2025-11-30,2025-12-01,IMPS,-170397,LED-005610
2025-11-23,2025-11-23,BROKER PAYOUT,-189433,LED-005611
2025-11-28,,BROKER PAYIN,191558,LED-005612
2025-11-28,2025-11-30,AUTO SWEEP,11387,LED-005613
2025-11-25,2025-11-25,ATM WDL,43806,LED-005614
2025-11-20,2025-11-22,IMPS,121691,LED-005615
2025-12-01,2025-12-02,BROKER PAYOUT,-93793,LED-005616
2025-11-26,2025-11-28,BROKER PAYOUT,-54772,LED-005617
2025-11-22,2025-11-24,BROKER PAYOUT,35399,LED-005618
2025-11-30,2025-12-02,IMPS,-123700,LED-005619
2025-11-17,2025-11-18,BROKER PAYOUT,175476,LED-005620
2025-11-28,2025-11-30,UPI,176545,LED-005621
2025-11-20,2025-11-22,AUTO SWEEP,167617,LED-005622
2025-11-26,2025-11-28,IMPS,-116223,LED-005623
2025-11-24,2025-11-24,,147976,LED-005624
2025-11-30,2025-11-30,UPI,-6680,LED-005625
2025-11-22,2025-11-22,IMPS,-173637,LED-005626
2025-11-20,2025-11-22,BROKER PAYIN,-150409,LED-005627
2025-11-29,2025-11-29,SUSPICIOUS BULK WITHDRAWAL,-1126940,LED-005628
2025-11-19,2025-11-20,BROKER PAYIN,126708,LED-005629
2025-11-27,2025-11-28,ATM WDL,-38963,LED-005630
2025-11-23,2025-11-23,,167703,LED-005631
2025-11-18,2025-11-18,BROKER PAYIN,20353,LED-005632
2025-11-30,2025-11-30,IMPS,155054,LED-005633
2025-11-19,2025-11-19,BROKER PAYIN,-85108,LED-005634
2025-11-17,2025-11-18,IMPS,163755,LED-005635
2025-11-18,2025-11-18,BROKER PAYOUT,69953,LED-005636
2025-11-23,2025-11-23,IMPS,-174005,LED-005637
2025-11-20,2025-11-20,AUTO SWEEP,60304,LED-005638
2025-12-01,2025-12-02,BROKER PAYIN,139623,LED-005639
2025-12-01,2025-12-01,UPI,172340,LED-005640
2025-11-17,2025-11-18,BROKER PAYIN,-44214,LED-005641
2025-11-17,2025-11-17,UPI,-35148,LED-005642
2025-11-29,,ATM WDL,172826,LED-005643
2025-12-01,2025-12-01,AUTO SWEEP,92157,LED-005644
2025-12-01,2025-12-03,BROKER PAYOUT,-193912,LED-005645
2025-11-22,2025-11-24,BROKER PAYIN,-69962,LED-005646
2025-11-28,2025-11-28,AUTO SWEEP,18576,LED-005647
2025-11-30,2025-11-30,ATM WDL,-128053,LED-005648
2025-11-30,2025-11-30,UPI,-82873,LED-005649
2025-11-18,2025-11-19,BROKER PAYIN,-145870,LED-005650
2025-11-24,2025-11-26,IMPS,170507,LED-005651
2025-11-25,2025-11-26,AUTO SWEEP,-116593,LED-005652
2025-11-25,2025-11-27,AUTO SWEEP,49564,LED-005653
2025-11-28,2025-11-28,IMPS,78270,LED-005654
2025-11-30,2025-12-01,ATM WDL,40020,LED-005655
2025-11-29,2025-11-30,BROKER PAYOUT,11542,LED-005656
2025-11-26,2025-11-27,UPI,-144281,LED-005657
2025-11-26,2025-11-28,BROKER PAYOUT,-87119,LED-005658
2025-11-19,2025-11-20,BROKER PAYIN,-191832,LED-005659
2025-11-29,2025-11-30,AUTO SWEEP,160669,LED-005660
2025-11-23,2025-11-23,BROKER PAYIN,-136138,LED-005661
2025-11-23,2025-11-23,BROKER PAYOUT,-136251,LED-005662
2025-11-21,,UPI,-32363,LED-005663
2025-11-22,2025-11-22,AUTO SWEEP,-100639,LED-005664
2025-11-19,2025-11-19,UPI,37103,LED-005665
2025-11-28,2025-11-29,AUTO SWEEP,-26806,LED-005666
2025-11-29,2025-11-30,UPI,-77183,LED-005667
2025-11-21,2025-11-21,BROKER PAYIN,150515,LED-005668
2025-12-01,2025-12-01,IMPS,120236,LED-005669
2025-11-23,2025-11-25,UPI,169946,LED-005670
2025-11-17,2025-11-19,ATM WDL,-171575,LED-005671
2025-11-26,2025-11-26,AUTO SWEEP,38818,LED-005672
2025-11-21,2025-11-22,IMPS,-140567,LED-005673
2025-11-17,2025-11-18,ATM WDL,-67524,LED-005674
2025-11-24,2025-11-26,UPI,147970,LED-005675
2025-11-23,2025-11-24,ATM WDL,-66980,LED-005676
2025-11-17,2025-11-18,BROKER PAYOUT,11236,LED-005677
2025-11-18,2025-11-18,UPI,-77209,LED-005678
2025-11-24,2025-11-25,ATM WDL,17200,LED-005679
2025-11-30,2025-12-01,BROKER PAYOUT,-172052,LED-005680
2025-11-19,2025-11-20,IMPS,-190105,LED-005681
2025-11-20,2025-11-21,IMPS,-175439,LED-005682
2025-11-28,2025-11-29,ATM WDL,195030,LED-005683
2025-11-27,,BROKER PAYOUT,193901,LED-005684
2025-11-25,2025-11-27,BROKER PAYOUT,-58471,LED-005685
2025-11-17,,BROKER PAYIN,152944,LED-005686
2025-11-30,2025-11-30,ATM WDL,-139198,LED-005687
2025-11-25,2025-11-26,AUTO SWEEP,40859,LED-005688
2025-11-23,,UPI,150159,LED-005689
2025-11-20,2025-11-20,BROKER PAYOUT,-191781,LED-005690
2025-12-01,2025-12-02,ATM WDL,111827,LED-005691
2025-11-26,2025-11-26,ATM WDL,-73406,LED-005692
2025-11-24,2025-11-25,ATM WDL,114908,LED-005693
2025-11-22,2025-11-23,UPI,133189,LED-005694
2025-11-17,2025-11-18,IMPS,-74462,LED-005695
2025-11-22,,IMPS,-16655,LED-005696
2025-11-23,2025-11-25,BROKER PAYOUT,-155497,LED-005697
2025-12-01,2025-12-03,BROKER PAYIN,-183074,LED-005698
2025-11-24,2025-11-25,BROKER PAYOUT,14789,LED-005699
2025-11-24,2025-11-26,IMPS,-184486,LED-005700
2025-11-24,2025-11-26,UPI,157076,LED-005701
2025-11-22,2025-11-22,ATM WDL,47951,LED-005702
2025-12-01,2025-12-01,BROKER PAYOUT,95922,LED-005703
2025-11-22,2025-11-22,BROKER PAYOUT,-93909,LED-005704
2025-12-01,2025-12-01,AUTO SWEEP,186133,LED-005705
2025-11-23,2025-11-23,IMPS,94425,LED-005706
2025-11-28,2025-11-30,AUTO SWEEP,-141645,LED-005707
2025-11-25,2025-11-27,ATM WDL,-14332,LED-005708
2025-11-22,2025-11-24,AUTO SWEEP,196295,LED-005709
2025-11-23,2025-11-23,AUTO SWEEP,-99504,LED-005710
2025-11-30,2025-12-02,IMPS,134656,LED-005711
2025-11-23,2025-11-25,AUTO SWEEP,-74215,LED-005712
2025-11-17,,IMPS,-152788,LED-005713
2025-11-26,,BROKER PAYIN,-171340,LED-005714
2025-11-22,2025-11-24,BROKER PAYOUT,-111402,LED-005715
2025-11-26,2025-11-27,IMPS,-50278,LED-005716
2025-11-23,2025-11-24,ATM WDL,-91184,LED-005717
2025-11-30,2025-11-30,UPI,68831,LED-005718
2025-11-26,2025-11-27,AUTO SWEEP,154001,LED-005719
2025-11-17,2025-11-18,BROKER PAYOUT,86615,LED-005720
2025-11-26,2025-11-28,AUTO SWEEP,81292,LED-005721
2025-11-25,2025-11-26,ATM WDL,152628,LED-005722
2025-11-27,2025-11-27,UPI,-15991,LED-005723
2025-11-17,,AUTO SWEEP,-19940,LED-005724
2025-11-20,,UPI,101692,LED-005725
2025-11-17,2025-11-18,BROKER PAYOUT,-72126,LED-005726
2025-11-21,2025-11-22,ATM WDL,19695,LED-005727
2025-11-19,2025-11-20,AUTO SWEEP,184965,LED-005728
2025-11-25,2025-11-27,IMPS,4692,LED-005729
2025-11-29,2025-12-01,ATM WDL,81869,LED-005730
2025-11-23,2025-11-24,AUTO SWEEP,82081,LED-005731
2025-11-29,2025-12-01,IMPS,-68228,LED-005732
2025-11-23,2025-11-25,AUTO SWEEP,-101887,LED-005733
2025-11-17,2025-11-18,IMPS,-61035,LED-005734
2025-11-22,2025-11-22,,-891631,LED-005735
2025-11-17,,UPI,-117921,LED-005736
2025-11-21,2025-11-21,BROKER PAYIN,-184820,LED-005737
2025-11-30,2025-12-01,BROKER PAYOUT,-44966,LED-005738
2025-11-20,2025-11-22,BROKER PAYIN,-36773,LED-005739
2025-11-27,2025-11-29,AUTO SWEEP,135289,LED-005740
2025-11-28,2025-11-30,BROKER PAYIN,45881,LED-005741
2025-12-01,2025-12-01,ATM WDL,-141379,LED-005742
2025-11-27,2025-11-29,UPI,82999,LED-005743
2025-12-01,2025-12-02,ATM WDL,126726,LED-005744
2025-11-17,2025-11-18,BROKER PAYIN,-147060,LED-005745
2025-12-01,2025-12-03,UPI,-3456,LED-005746
2025-11-25,2025-11-27,AUTO SWEEP,83004,LED-005747
2025-11-25,2025-11-27,IMPS,-112828,LED-005748
2025-11-20,2025-11-22,ATM WDL,191615,LED-005749
2025-11-24,2025-11-26,BROKER PAYIN,174193,LED-005750
2025-11-18,2025-11-19,BROKER PAYOUT,89871,LED-005751
2025-11-30,2025-12-02,ATM WDL,137845,LED-005752
2025-11-21,2025-11-23,IMPS,-13992,LED-005753
2025-11-27,2025-11-29,,44169,LED-005754
2025-11-21,2025-11-21,BROKER PAYOUT,-88156,LED-005755
2025-11-24,2025-11-24,IMPS,146952,LED-005756
2025-11-30,2025-11-30,SUSPICIOUS BULK WITHDRAWAL,-1922372,LED-005757
2025-11-18,2025-11-20,ATM WDL,98731,LED-005758
2025-11-21,2025-11-21,AUTO SWEEP,-195401,LED-005759
2025-11-27,2025-11-28,BROKER PAYIN,-52775,LED-005760
2025-11-19,2025-11-20,IMPS,-195246,LED-005761
2025-11-20,2025-11-21,BROKER PAYOUT,-77618,LED-005762
2025-11-21,2025-11-22,BROKER PAYOUT,96828,LED-005763
2025-11-23,2025-11-23,UPI,26792,LED-005764
2025-11-19,2025-11-19,BROKER PAYOUT,90404,LED-005765
2025-11-23,2025-11-24,SUSPICIOUS BULK WITHDRAWAL,-1497868,LED-005766
2025-11-22,2025-11-23,AUTO SWEEP,97710,LED-005767
2025-11-24,2025-11-25,BROKER PAYOUT,-147997,LED-005768
2025-11-28,2025-11-28,IMPS,-90028,LED-005769
2025-11-29,2025-12-01,AUTO SWEEP,-151448,LED-005770
2025-11-23,2025-11-25,AUTO SWEEP,-5580,LED-005771
2025-11-19,2025-11-19,BROKER PAYOUT,107380,LED-005772
2025-11-25,2025-11-25,IMPS,-72173,LED-005773
2025-11-29,2025-12-01,ATM WDL,24867,LED-005774
2025-11-27,2025-11-29,IMPS,37655,LED-005775
2025-11-25,2025-11-26,BROKER PAYIN,-183030,LED-005776
2025-11-23,2025-11-25,BROKER PAYIN,-61244,LED-005777
2025-11-27,2025-11-28,,-92398,LED-005778
2025-11-25,2025-11-26,ATM WDL,-78509,LED-005779
2025-11-21,,IMPS,-7072,LED-005780
2025-11-26,,AUTO SWEEP,-164804,LED-005781
2025-11-19,2025-11-21,AUTO SWEEP,-104270,LED-005782
2025-11-27,2025-11-28,IMPS,-136375,LED-005783
2025-11-29,,BROKER PAYOUT,-125976,LED-005784
2025-12-01,2025-12-01,AUTO SWEEP,-87021,LED-005785
2025-11-17,2025-11-17,BROKER PAYIN,154865,LED-005786
2025-11-17,2025-11-18,ATM WDL,-116243,LED-005787
2025-11-19,2025-11-19,IMPS,82817,LED-005788
2025-11-30,2025-12-02,IMPS,7733,LED-005789
2025-11-24,2025-11-24,AUTO SWEEP,-45137,LED-005790
2025-11-23,2025-11-25,UPI,-31902,LED-005791
2025-11-24,2025-11-24,UPI,71797,LED-005792
2025-11-23,2025-11-24,,172442,LED-005793
2025-11-20,2025-11-21,ATM WDL,88034,LED-005794
2025-11-19,,IMPS,-39904,LED-005795
2025-11-21,2025-11-23,UPI,-158821,LED-005796
2025-11-17,2025-11-19,ATM WDL,153892,LED-005797
2025-11-24,2025-11-24,BROKER PAYIN,-1940,LED-005798
2025-11-21,2025-11-21,BROKER PAYIN,93339,LED-005799
2025-11-18,2025-11-20,UPI,19594,LED-005800
2025-11-30,2025-12-02,ATM WDL,44760,LED-005801
2025-11-30,2025-12-02,SUSPICIOUS BULK WITHDRAWAL,-1688219,LED-005802
2025-11-22,2025-11-23,BROKER PAYIN,103200,LED-005803
2025-11-17,2025-11-19,IMPS,118554,LED-005804
2025-11-17,2025-11-17,SUSPICIOUS BULK WITHDRAWAL,-881282,LED-005805
2025-11-29,2025-11-29,UPI,51666,LED-005806
2025-11-23,,UPI,83548,LED-005807
2025-11-21,2025-11-23,IMPS,-23142,LED-005808
2025-11-29,2025-11-29,IMPS,-119738,LED-005809
2025-11-24,2025-11-24,AUTO SWEEP,11056,LED-005810
2025-11-23,2025-11-24,ATM WDL,-169105,LED-005811
2025-11-30,2025-12-02,BROKER PAYIN,-180425,LED-005812
2025-11-27,2025-11-28,BROKER PAYIN,28790,LED-005813
2025-11-20,2025-11-21,BROKER PAYIN,-170734,LED-005814
2025-11-29,2025-12-01,BROKER PAYOUT,113122,LED-005815
2025-12-01,2025-12-02,UPI,59212,LED-005816
2025-11-24,2025-11-26,UPI,-91720,LED-005817
2025-11-24,,BROKER PAYOUT,-176934,LED-005818
2025-11-26,2025-11-28,BROKER PAYIN,-72552,LED-005819
2025-11-24,2025-11-24,BROKER PAYIN,149716,LED-005820
2025-11-26,2025-11-26,ATM WDL,-133826,LED-005821
2025-11-19,2025-11-19,,-110771,LED-005822
2025-11-18,2025-11-18,IMPS,-179467,LED-005823
2025-11-28,2025-11-28,IMPS,173983,LED-005824
2025-12-01,2025-12-03,BROKER PAYIN,83820,LED-005825
2025-11-17,2025-11-17,BROKER PAYOUT,82056,LED-005826
2025-12-01,2025-12-03,AUTO SWEEP,75896,LED-005827
2025-11-24,2025-11-24,IMPS,-91820,LED-005828
2025-11-20,2025-11-21,BROKER PAYOUT,42771,LED-005829
2025-11-19,2025-11-20,ATM WDL,182094,LED-005830
2025-11-19,2025-11-19,UPI,104042,LED-005831
2025-11-22,2025-11-22,UPI,129694,LED-005832
2025-11-17,2025-11-17,UPI,63904,LED-005833
2025-11-18,2025-11-20,BROKER PAYIN,135249,LED-005834
2025-12-01,2025-12-02,AUTO SWEEP,102484,LED-005835
2025-11-24,2025-11-26,UPI,7379,LED-005836
2025-11-28,,IMPS,-147964,LED-005837
2025-11-29,2025-11-29,IMPS,98322,LED-005838
2025-11-27,2025-11-27,BROKER PAYIN,198827,LED-005839
2025-11-22,2025-11-22,ATM WDL,19852,LED-005840
2025-11-18,2025-11-18,ATM WDL,-60774,LED-005841
2025-11-18,2025-11-18,BROKER PAYIN,-7788,LED-005842
2025-11-25,2025-11-25,ATM WDL,87226,LED-005843
2025-11-28,2025-11-30,ATM WDL,56338,LED-005844
2025-11-30,2025-12-02,UPI,-35780,LED-005845
2025-11-24,2025-11-26,UPI,167524,LED-005846
2025-11-26,2025-11-27,BROKER PAYOUT,185941,LED-005847
2025-11-25,2025-11-25,IMPS,56251,LED-005848
2025-11-19,2025-11-21,UPI,63568,LED-005849
2025-12-01,2025-12-02,ATM WDL,132594,LED-005850
2025-11-22,2025-11-23,ATM WDL,194415,LED-005851
2025-11-28,2025-11-29,BROKER PAYOUT,-72072,LED-005852
2025-11-28,2025-11-29,BROKER PAYIN,180493,LED-005853
2025-11-30,2025-11-30,BROKER PAYOUT,172861,LED-005854
2025-11-30,,ATM WDL,-97774,LED-005855
2025-11-20,2025-11-21,AUTO SWEEP,128688,LED-005856
2025-11-30,2025-12-01,AUTO SWEEP,-113686,LED-005857
2025-11-26,2025-11-26,UPI,59982,LED-005858
2025-11-24,2025-11-26,IMPS,-199936,LED-005859
2025-11-25,2025-11-27,,74106,LED-005860
2025-11-30,2025-11-30,AUTO SWEEP,-177217,LED-005861
2025-11-23,2025-11-24,BROKER PAYIN,108986,LED-005862
2025-11-25,2025-11-26,BROKER PAYOUT,174197,LED-005863
2025-12-01,2025-12-01,BROKER PAYOUT,191030,LED-005864
2025-11-23,2025-11-23,BROKER PAYOUT,32926,LED-005865
2025-11-26,2025-11-28,BROKER PAYOUT,40229,LED-005866
2025-11-20,2025-11-22,AUTO SWEEP,-71418,LED-005867
2025-11-20,2025-11-22,BROKER PAYOUT,68238,LED-005868
2025-11-19,2025-11-19,BROKER PAYIN,-22867,LED-005869
2025-11-21,2025-11-22,ATM WDL,-11928,LED-005870
2025-11-17,2025-11-18,IMPS,-30955,LED-005871
2025-11-17,2025-11-18,BROKER PAYIN,-36977,LED-005872
2025-11-21,2025-11-23,AUTO SWEEP,173251,LED-005873
2025-11-27,2025-11-29,BROKER PAYIN,-79326,LED-005874
2025-11-27,2025-11-27,BROKER PAYOUT,86342,LED-005875
2025-11-22,2025-11-24,ATM WDL,-110715,LED-005876
2025-11-28,2025-11-29,AUTO SWEEP,49538,LED-005877
2025-11-19,2025-11-21,BROKER PAYIN,-81087,LED-005878
2025-11-28,2025-11-28,,-39025,LED-005879
2025-11-18,2025-11-19,BROKER PAYIN,-8656,LED-005880
2025-11-27,2025-11-29,UPI,84657,LED-005881
2025-11-29,2025-11-30,BROKER PAYIN,191020,LED-005882
2025-11-19,2025-11-21,IMPS,-165198,LED-005883
2025-11-27,2025-11-29,BROKER PAYIN,179022,LED-005884
2025-11-26,2025-11-28,BROKER PAYOUT,-193306,LED-005885
2025-11-29,2025-12-01,ATM WDL,-115506,LED-005886
2025-11-24,,AUTO SWEEP,97753,LED-005887
2025-11-25,2025-11-25,UPI,63728,LED-005888
2025-11-25,2025-11-27,BROKER PAYIN,-49179,LED-005889
2025-11-19,2025-11-21,BROKER PAYOUT,15738,LED-005890
2025-11-27,,AUTO SWEEP,89518,LED-005891
2025-11-18,2025-11-19,BROKER PAYOUT,-107063,LED-005892
2025-11-20,2025-11-20,AUTO SWEEP,26946,LED-005893
2025-11-22,2025-11-23,BROKER PAYOUT,-44280,LED-005894
2025-11-27,2025-11-27,UPI,-20049,LED-005895
2025-11-20,2025-11-20,UPI,104388,LED-005896
2025-11-29,2025-11-29,BROKER PAYOUT,-51228,LED-005897
2025-11-28,2025-11-29,UPI,-100477,LED-005898
2025-11-20,2025-11-21,BROKER PAYIN,-96003,LED-005899
2025-11-24,2025-11-25,AUTO SWEEP,-179821,LED-005900
2025-11-21,2025-11-22,IMPS,100609,LED-005901
2025-11-19,2025-11-21,UPI,44304,LED-005902
2025-11-27,2025-11-28,UPI,76570,LED-005903
2025-11-25,2025-11-26,AUTO SWEEP,26683,LED-005904
2025-11-29,2025-12-01,UPI,18859,LED-005905
2025-11-20,2025-11-20,AUTO SWEEP,128197,LED-005906
2025-12-01,2025-12-02,BROKER PAYIN,44362,LED-005907
2025-11-23,2025-11-24,AUTO SWEEP,165992,LED-005908
2025-11-21,2025-11-23,BROKER PAYIN,-79816,LED-005909
2025-11-26,2025-11-26,UPI,-115989,LED-005910
2025-11-24,2025-11-24,IMPS,-44330,LED-005911
2025-11-21,,AUTO SWEEP,-18883,LED-005912
2025-11-19,2025-11-21,BROKER PAYIN,101840,LED-005913
2025-12-01,,AUTO SWEEP,59530,LED-005914
2025-11-18,2025-11-19,IMPS,151105,LED-005915
2025-11-20,2025-11-22,UPI,102809,LED-005916
2025-11-28,2025-11-29,ATM WDL,119011,LED-005917
2025-11-29,2025-12-01,BROKER PAYIN,-130176,LED-005918
2025-11-20,2025-11-22,UPI,68903,LED-005919
2025-11-20,2025-11-22,ATM WDL,-150858,LED-005920
2025-11-27,2025-11-28,IMPS,-25758,LED-005921
2025-11-23,,ATM WDL,-69683,LED-005922
2025-11-25,2025-11-27,BROKER PAYOUT,186266,LED-005923
2025-11-21,2025-11-22,IMPS,-115734,LED-005924
2025-11-27,2025-11-27,AUTO SWEEP,-126031,LED-005925
2025-11-27,2025-11-28,AUTO SWEEP,112243,LED-005926
2025-11-24,2025-11-26,BROKER PAYIN,-63370,LED-005927
2025-11-24,,BROKER PAYIN,-196044,LED-005928
2025-11-20,2025-11-20,ATM WDL,154938,LED-005929
2025-11-19,2025-11-21,IMPS,65487,LED-005930
2025-11-22,2025-11-23,BROKER PAYIN,146722,LED-005931
2025-11-23,2025-11-25,BROKER PAYIN,-18547,LED-005932
2025-11-28,2025-11-28,IMPS,19773,LED-005933
2025-11-21,2025-11-22,AUTO SWEEP,-40324,LED-005934
2025-11-24,2025-11-26,BROKER PAYIN,178225,LED-005935
2025-11-25,2025-11-26,IMPS,124850,LED-005936
2025-11-30,2025-11-30,ATM WDL,-149571,LED-005937
2025-11-22,2025-11-23,ATM WDL,-63771,LED-005938
2025-11-23,2025-11-23,AUTO SWEEP,197750,LED-005939
2025-11-23,2025-11-24,ATM WDL,-91084,LED-005940
2025-11-30,2025-11-30,IMPS,-3088,LED-005941
2025-11-30,2025-12-01,,185075,LED-005942
2025-11-23,2025-11-23,BROKER PAYOUT,41507,LED-005943
2025-11-23,2025-11-23,IMPS,154006,LED-005944
2025-11-29,2025-11-30,BROKER PAYOUT,-53328,LED-005945
2025-11-19,,BROKER PAYOUT,20432,LED-005946
2025-11-22,2025-11-24,UPI,118297,LED-005947
2025-11-23,,,99120,LED-005948
2025-11-26,2025-11-28,AUTO SWEEP,-199741,LED-005949
2025-11-27,2025-11-27,UPI,145848,LED-005950
2025-11-17,,BROKER PAYOUT,-176481,LED-005951
2025-11-25,2025-11-27,UPI,-137377,LED-005952
2025-11-24,2025-11-25,BROKER PAYIN,2553,LED-005953
2025-11-24,2025-11-25,ATM WDL,153011,LED-005954
2025-11-19,2025-11-19,IMPS,154456,LED-005955
2025-11-29,2025-12-01,AUTO SWEEP,-58697,LED-005956
2025-11-23,2025-11-24,ATM WDL,-92396,LED-005957
2025-12-01,2025-12-02,BROKER PAYIN,-192696,LED-005958
2025-11-22,2025-11-24,AUTO SWEEP,38987,LED-005959
2025-11-21,,UPI,14510,LED-005960
2025-11-27,2025-11-28,BROKER PAYOUT,194345,LED-005961
2025-11-22,2025-11-22,IMPS,-66474,LED-005962
2025-12-01,2025-12-02,ATM WDL,175681,LED-005963
2025-11-23,2025-11-24,ATM WDL,-60423,LED-005964
2025-11-29,2025-11-29,ATM WDL,42690,LED-005965
2025-11-20,2025-11-20,UPI,88730,LED-005966
2025-11-28,,BROKER PAYIN,-134837,LED-005967
2025-11-23,2025-11-23,IMPS,15679,LED-005968
2025-11-19,2025-11-19,IMPS,-73348,LED-005969
2025-11-28,2025-11-30,UPI,-156918,LED-005970
2025-12-01,2025-12-03,AUTO SWEEP,178816,LED-005971
2025-11-25,2025-11-25,BROKER PAYIN,-76487,LED-005972
2025-11-22,2025-11-24,BROKER PAYOUT,123706,LED-005973
2025-11-26,2025-11-28,ATM WDL,4810,LED-005974
2025-11-18,2025-11-18,BROKER PAYOUT,84156,LED-005975
2025-11-19,2025-11-20,UPI,-22874,LED-005976
2025-11-27,2025-11-29,UPI,98872,LED-005977
2025-11-26,2025-11-27,AUTO SWEEP,-39638,LED-005978
2025-11-30,2025-12-01,BROKER PAYOUT,46546,LED-005979
2025-11-21,2025-11-21,ATM WDL,130226,LED-005980
2025-11-19,2025-11-20,AUTO SWEEP,-77282,LED-005981
2025-11-20,2025-11-21,BROKER PAYIN,102335,LED-005982
2025-11-27,2025-11-29,UPI,54242,LED-005983
2025-11-28,2025-11-28,UPI,126974,LED-005984
2025-11-25,2025-11-25,ATM WDL,169521,LED-005985
2025-11-20,2025-11-21,AUTO SWEEP,116924,LED-005986
2025-11-21,2025-11-21,SUSPICIOUS BULK WITHDRAWAL,-1762707,LED-005987
2025-11-18,2025-11-19,BROKER PAYOUT,-96374,LED-005988
2025-11-22,2025-11-24,BROKER PAYIN,47682,LED-005989
2025-11-23,2025-11-23,AUTO SWEEP,-74010,LED-005990
2025-11-25,,UPI,8597,LED-005991
2025-11-30,2025-12-02,IMPS,-31469,LED-005992
2025-11-23,2025-11-23,AUTO SWEEP,63703,LED-005993
2025-11-28,2025-11-30,AUTO SWEEP,174318,LED-005994
2025-11-17,2025-11-19,IMPS,45032,LED-005995
2025-11-25,2025-11-27,IMPS,-126824,LED-005996
2025-11-28,2025-11-28,SUSPICIOUS BULK WITHDRAWAL,-621136,LED-005997
2025-11-25,2025-11-25,AUTO SWEEP,151938,LED-005998
2025-11-17,2025-11-18,UPI,39621,LED-005999
