ClientID,ISIN,SecurityName,FreeQty,LockedQty,TotalQty,Valuation
CL974801,INE018A01030,LT,1247,0,1247,624437.63
CL276143,INE001A01036,HDFC,1518,0,1518,3977141.86
CL349344,INE002A01018,RELIANCE,2058,0,2058,3499633.77
CL326530,INE062A01020,SBIN,1895,0,1895,815080.57
CL296786,INE238A01026,AXISBANK,115,117,232,34105.1
CL941619,INE090A01021,ICICIBANK,2064,171,2235,1334518.64
CL351148,INE090A01021,ICICIBANK,1941,0,1941,919711.83
CL936401,INE002A01018,RELIANCE,566,0,566,1501165.19
CL472384,INE001A01036,HDFC,178,0,178,484932.35
CL642078,INE090A01021,ICICIBANK,2372,0,2372,515345.1
CL708863,INE090A01021,ICICIBANK,2755,0,2755,4088202.69
CL332652,INE237A01028,KOTAKBANK,2944,0,2944,3640172.13
CL263818,INE154A01025,ITC,1450,36,1486,1818418.44
CL493640,INE002A01018,RELIANCE,1053,0,1053,1346193.06
CL805782,INE238A01026,AXISBANK,2131,0,2131,5265299.35
CL959200,INE154A01025,ITC,2625,0,2625,4447715.61
CL733699,INE018A01030,LT,958,0,958,1191203.45
CL199867,INE062A01020,SBIN,17,0,17,45725.84
CL613359,INE237A01028,KOTAKBANK,1287,193,1480,3532453.21
CL304785,INE237A01028,KOTAKBANK,1965,0,1965,3870328.23
CL085914,INE018A01030,LT,1117,0,1117,3122474.53
CL962410,INE155A01022,TATAMOTORS,1100,0,1100,2063262.01
CL218063,INE018A01030,LT,1717,0,1717,1238688.92
CL562685,INE009A01021,INFY,1125,0,1125,1920039.01
CL806764,INE009A01021,INFY,6,0,6,9474.15
CL061003,INE155A01022,TATAMOTORS,441,0,441,457324.5
CL558281,INE154A01025,ITC,278,0,278,779897.03
CL578002,INE155A01022,TATAMOTORS,2890,0,2890,670128.19
CL669287,INE062A01020,SBIN,666,0,666,813371.97
CL797362,INE238A01026,AXISBANK,882,0,882,1949168.29
CL519390,INE001A01036,HDFC,2335,0,2335,4209551.73
CL285800,INE155A01022,TATAMOTORS,1188,182,1370,3219808.18
CL003377,INE001A01036,HDFC,601,0,601,1359984.41
CL919356,INE090A01021,ICICIBANK,694,0,694,1906041.83
CL283262,INE062A01020,SBIN,1057,41,1098,677108.55
CL121416,INE002A01018,RELIANCE,2714,285,2999,7769819.29
CL504819,INE237A01028,KOTAKBANK,1171,0,1171,2598181.97
CL310843,INE009A01021,INFY,1368,0,1368,2248230.49
CL719018,INE238A01026,AXISBANK,82,0,82,210903.12
CL228177,INE018A01030,LT,751,179,930,2032379.41
CL772375,INE155A01022,TATAMOTORS,1782,0,1782,3982784.85
CL500484,INE001A01036,HDFC,1298,0,1298,2429576.96
CL778434,INE238A01026,AXISBANK,1408,0,1408,592661.75
CL882626,INE154A01025,ITC,208,0,208,53262.05
CL855077,INE155A01022,TATAMOTORS,2589,0,2589,4427357.76
CL801322,INE237A01028,KOTAKBANK,1184,0,1184,1346146.2
CL846378,INE002A01018,RELIANCE,1102,0,1102,236381.51
CL235118,INE154A01025,ITC,98,0,98,27798.7
CL618978,INE001A01036,HDFC,807,0,807,1822550.98
CL928176,INE018A01030,LT,2644,0,2644,867889.79
CL212230,INE009A01021,INFY,2367,0,2367,2272594.56
CL445508,INE001A01036,HDFC,728,0,728,656021.31
CL311211,INE062A01020,SBIN,939,0,939,2087782.92
CL950512,INE154A01025,ITC,1579,0,1579,3781629.43
CL466086,INE002A01018,RELIANCE,2622,0,2622,5749759.3
CL965416,INE002A01018,RELIANCE,1340,224,1564,1545797.3
CL250652,INE062A01020,SBIN,2969,0,2969,4261501.11
CL130197,INE154A01025,ITC,2892,0,2892,4507180.12
CL381902,INE238A01026,AXISBANK,1574,0,1574,2262760.63
CL108376,INE009A01021,INFY,686,0,686,1602630.1
CL762418,INE237A01028,KOTAKBANK,2648,0,2648,4416283.2
CL245182,INE009A01021,INFY,1148,0,1148,2084659.75
CL458234,INE090A01021,ICICIBANK,443,0,443,1138840.57
CL712495,INE001A01036,HDFC,1941,0,1941,5744564.8
CL630613,INE009A01021,INFY,2863,194,3057,3176393.67
CL696470,INE155A01022,TATAMOTORS,1464,0,1464,3684442.68
CL036360,INE018A01030,LT,1579,0,1579,3370374.65
CL331794,INE018A01030,LT,2733,0,2733,6666923.72
CL190417,INE237A01028,KOTAKBANK,321,0,321,173957.99
CL315640,INE090A01021,ICICIBANK,316,30,346,483193.05
CL827692,INE001A01036,HDFC,626,0,626,1350779.02
CL811775,INE002A01018,RELIANCE,1934,0,1934,1318779.69
CL945811,INE154A01025,ITC,1485,234,1719,4857218.79
CL499202,INE154A01025,ITC,1175,151,1326,2430633.65
CL580978,INE009A01021,INFY,693,0,693,711925.52
CL252965,INE062A01020,SBIN,58,0,58,34431.34
CL178054,INE238A01026,AXISBANK,2367,0,2367,5916489.64
CL818822,INE009A01021,INFY,2555,0,2555,7099315.0
CL531504,INE238A01026,AXISBANK,806,0,806,1992060.02
CL726242,INE155A01022,TATAMOTORS,2371,282,2653,896366.53
CL991304,INE018A01030,LT,1817,0,1817,3510039.88
CL672536,INE238A01026,AXISBANK,1969,0,1969,2857665.67
CL330816,INE154A01025,ITC,1132,0,1132,399880.85
CL305996,INE009A01021,INFY,1749,0,1749,3531719.52
CL062568,INE001A01036,HDFC,1496,0,1496,1745545.6
CL947537,INE009A01021,INFY,2578,0,2578,5887750.43
CL242364,INE062A01020,SBIN,1314,0,1314,2613041.27
CL235512,INE002A01018,RELIANCE,1847,0,1847,2205440.48
CL319974,INE238A01026,AXISBANK,69,0,69,56983.25
CL446957,INE018A01030,LT,828,0,828,1730913.15
CL863432,INE154A01025,ITC,2790,135,2925,8165075.38
CL266648,INE062A01020,SBIN,1663,0,1663,1874604.51
CL322451,INE154A01025,ITC,2216,0,2216,4667554.55
CL844578,INE237A01028,KOTAKBANK,2115,0,2115,4672851.73
CL142817,INE001A01036,HDFC,2980,0,2980,6151181.33
CL181767,INE155A01022,TATAMOTORS,2851,0,2851,559910.78
CL942776,INE090A01021,ICICIBANK,1593,0,1593,3671410.49
CL429547,INE001A01036,HDFC,2387,0,2387,4393280.0
CL592963,INE155A01022,TATAMOTORS,1591,264,1855,3721486.87
CL689642,INE002A01018,RELIANCE,1678,0,1678,3003133.97
CL023093,INE002A01018,RELIANCE,2218,0,2218,5088845.56
CL873116,INE154A01025,ITC,1851,0,1851,4715605.23
CL676244,INE237A01028,KOTAKBANK,2332,0,2332,4600398.24
CL759215,INE155A01022,TATAMOTORS,540,0,540,1225750.66
CL479812,INE155A01022,TATAMOTORS,313,0,313,38684.06
CL577120,INE237A01028,KOTAKBANK,1144,0,1144,356293.58
CL252787,INE001A01036,HDFC,1400,0,1400,3558075.55
CL663731,INE154A01025,ITC,1353,0,1353,2858218.42
CL635706,INE154A01025,ITC,241,0,241,600720.31
CL089331,INE002A01018,RELIANCE,64,0,64,89776.35
CL983032,INE002A01018,RELIANCE,943,0,943,2802456.15
CL790592,INE155A01022,TATAMOTORS,2977,0,2977,6508353.41
CL610689,INE237A01028,KOTAKBANK,589,291,880,277431.08
CL519636,INE001A01036,HDFC,2019,0,2019,4312687.81
CL322852,INE090A01021,ICICIBANK,2571,6,2577,1284821.99
CL309898,INE238A01026,AXISBANK,521,0,521,675017.21
CL792679,INE062A01020,SBIN,338,0,338,163468.38
CL755711,INE154A01025,ITC,2205,0,2205,640909.89
CL477016,INE009A01021,INFY,12,0,12,17981.25
CL652047,INE001A01036,HDFC,2857,0,2857,2139161.75
CL152557,INE062A01020,SBIN,642,0,642,1011213.61
CL883264,INE009A01021,INFY,2427,0,2427,6717911.34
CL271339,INE002A01018,RELIANCE,1230,0,1230,3664058.7
CL530174,INE001A01036,HDFC,1833,0,1833,2964908.17
CL299658,INE009A01021,INFY,2691,0,2691,4380511.71
CL614289,INE062A01020,SBIN,860,0,860,395971.81
CL632893,INE155A01022,TATAMOTORS,686,0,686,1139423.8
CL265886,INE238A01026,AXISBANK,1651,86,1737,2697751.95
CL030942,INE237A01028,KOTAKBANK,1327,0,1327,566112.29
CL822631,INE062A01020,SBIN,1714,175,1889,3515292.44
CL738717,INE009A01021,INFY,1373,97,1470,590586.42
CL969308,INE090A01021,ICICIBANK,570,0,570,217747.06
CL700878,INE090A01021,ICICIBANK,427,0,427,146944.96
CL324706,INE009A01021,INFY,735,0,735,733133.9
CL111251,INE001A01036,HDFC,2082,0,2082,6066412.42
CL499403,INE062A01020,SBIN,2938,0,2938,7338794.01
CL248183,INE237A01028,KOTAKBANK,2064,0,2064,4003872.0
CL061682,INE001A01036,HDFC,688,0,688,1797584.77
CL814006,INE237A01028,KOTAKBANK,1492,0,1492,2204173.51
CL668222,INE018A01030,LT,971,0,971,1602682.05
CL155938,INE009A01021,INFY,609,0,609,1626892.98
CL171986,INE154A01025,ITC,1322,0,1322,3819999.83
CL717588,INE154A01025,ITC,869,0,869,243628.29
CL177001,INE001A01036,HDFC,2734,0,2734,1132750.44
CL163582,INE002A01018,RELIANCE,297,0,297,166151.39
CL374128,INE155A01022,TATAMOTORS,141,0,141,124298.45
CL762414,INE237A01028,KOTAKBANK,2418,0,2418,2452354.61
CL564266,INE018A01030,LT,37,0,37,37277.27
CL191215,INE238A01026,AXISBANK,283,0,283,366483.13
CL636827,INE154A01025,ITC,842,60,902,1699334.55
CL238521,INE154A01025,ITC,2747,0,2747,2892762.94
CL218862,INE002A01018,RELIANCE,1385,0,1385,595265.57
CL785870,INE018A01030,LT,2412,0,2412,3992322.4
CL197587,INE090A01021,ICICIBANK,2901,55,2956,7469684.6
CL068091,INE238A01026,AXISBANK,1048,0,1048,2810377.34
CL655936,INE090A01021,ICICIBANK,1334,0,1334,3837812.27
CL615638,INE009A01021,INFY,884,0,884,474386.7
CL151860,INE154A01025,ITC,1544,0,1544,1417719.74
CL298349,INE018A01030,LT,699,0,699,1537495.2
CL839318,INE018A01030,LT,1540,0,1540,1837633.03
CL710977,INE062A01020,SBIN,42,0,42,64097.79
CL249063,INE018A01030,LT,1225,0,1225,862488.32
CL366449,INE090A01021,ICICIBANK,902,0,902,1495929.37
CL323796,INE002A01018,RELIANCE,2953,0,2953,415695.66
CL983308,INE009A01021,INFY,2547,58,2605,6835641.48
CL619717,INE154A01025,ITC,1258,0,1258,2601899.25
CL296373,INE062A01020,SBIN,2841,232,3073,6002688.99
CL994121,INE001A01036,HDFC,2746,0,2746,6472977.78
CL056297,INE018A01030,LT,2364,0,2364,5291972.26
CL861703,INE018A01030,LT,2424,0,2424,735039.16
CL869027,INE238A01026,AXISBANK,245,0,245,117121.5
CL725687,INE002A01018,RELIANCE,647,0,647,403563.8
CL665496,INE001A01036,HDFC,241,0,241,567673.93
CL098466,INE154A01025,ITC,803,0,803,239380.81
CL334516,INE062A01020,SBIN,1309,84,1393,2618021.45
CL564969,INE155A01022,TATAMOTORS,140,0,140,67958.94
CL996889,INE155A01022,TATAMOTORS,1569,0,1569,4246263.48
CL563133,INE090A01021,ICICIBANK,204,130,334,288070.64
CL965935,INE155A01022,TATAMOTORS,1202,151,1353,2864144.04
CL930140,INE002A01018,RELIANCE,905,0,905,1653857.96
CL671993,INE155A01022,TATAMOTORS,2487,0,2487,638949.93
CL825973,INE238A01026,AXISBANK,1237,242,1479,3904040.57
CL328433,INE154A01025,ITC,1682,0,1682,1017055.5
CL694730,INE002A01018,RELIANCE,724,141,865,1516109.05
CL511666,INE155A01022,TATAMOTORS,1453,173,1626,208861.24
CL454644,INE002A01018,RELIANCE,997,0,997,781064.96
CL853905,INE018A01030,LT,137,0,137,111880.33
CL465393,INE002A01018,RELIANCE,1787,0,1787,2787275.75
CL335715,INE090A01021,ICICIBANK,1004,0,1004,2345188.28
CL675912,INE062A01020,SBIN,2754,140,2894,1955324.4
CL803386,INE001A01036,HDFC,680,0,680,919666.22
CL146457,INE154A01025,ITC,1784,0,1784,2415936.73
CL874989,INE237A01028,KOTAKBANK,309,268,577,796832.32
CL964799,INE062A01020,SBIN,2029,0,2029,593206.08
CL707805,INE009A01021,INFY,74,0,74,86968.13
CL470800,INE238A01026,AXISBANK,85,0,85,42207.76
CL048498,INE009A01021,INFY,1086,0,1086,394937.31
CL540471,INE154A01025,ITC,967,0,967,2551885.72
CL626919,INE237A01028,KOTAKBANK,2389,0,2389,1194236.14
CL366906,INE154A01025,ITC,2590,0,2590,5373228.44
CL593928,INE237A01028,KOTAKBANK,1280,0,1280,1266000.62
CL999723,INE090A01021,ICICIBANK,1687,0,1687,2906377.96
CL381053,INE154A01025,ITC,2541,0,2541,995155.8
CL736839,INE238A01026,AXISBANK,1,0,1,1442.38
CL339243,INE062A01020,SBIN,2889,0,2889,2727351.17
CL095812,INE062A01020,SBIN,2080,0,2080,1930842.88
CL337509,INE002A01018,RELIANCE,573,0,573,1623731.33
CL228215,INE062A01020,SBIN,2660,0,2660,5294732.12
CL826821,INE090A01021,ICICIBANK,943,0,943,2229157.35
CL552445,INE009A01021,INFY,2277,0,2277,3872699.11
CL911727,INE237A01028,KOTAKBANK,1735,0,1735,2186812.3
CL357446,INE002A01018,RELIANCE,895,0,895,1498318.45
CL999270,INE154A01025,ITC,122,0,122,266746.27
CL472718,INE001A01036,HDFC,247,0,247,163771.23
CL836344,INE001A01036,HDFC,239,0,239,366690.78
CL113126,INE154A01025,ITC,1831,0,1831,3846315.42
CL413648,INE001A01036,HDFC,2747,0,2747,1470975.39
CL453315,INE154A01025,ITC,131,0,131,301672.76
CL071742,INE009A01021,INFY,684,0,684,764810.94
CL062407,INE238A01026,AXISBANK,1798,0,1798,4051495.6
CL478775,INE018A01030,LT,746,0,746,172791.13
CL550290,INE001A01036,HDFC,1299,0,1299,1103446.87
CL428707,INE009A01021,INFY,715,0,715,1352024.43
CL552663,INE090A01021,ICICIBANK,2509,0,2509,4362071.71
CL606978,INE018A01030,LT,2462,0,2462,6703127.49
CL551912,INE002A01018,RELIANCE,1469,0,1469,236062.74
CL494420,INE155A01022,TATAMOTORS,17,0,17,35726.51
CL807285,INE155A01022,TATAMOTORS,2277,0,2277,5006046.49
CL114522,INE155A01022,TATAMOTORS,131,233,364,229374.55
CL232721,INE237A01028,KOTAKBANK,784,0,784,157316.79
CL970833,INE154A01025,ITC,1421,72,1493,1069458.11
CL084922,INE009A01021,INFY,2359,0,2359,3029044.0
CL906888,INE154A01025,ITC,202,0,202,526757.36
CL406199,INE002A01018,RELIANCE,1714,0,1714,2117122.61
CL395109,INE090A01021,ICICIBANK,455,0,455,1248271.59
CL202423,INE238A01026,AXISBANK,2666,150,2816,1993264.18
CL893268,INE238A01026,AXISBANK,1748,225,1973,3472632.5
CL173267,INE009A01021,INFY,132,91,223,173923.9
CL844041,INE155A01022,TATAMOTORS,9,0,9,16430.72
CL751211,INE009A01021,INFY,2978,0,2978,7470549.22
CL215062,INE238A01026,AXISBANK,2699,0,2699,4833469.64
CL901528,INE009A01021,INFY,1198,58,1256,499172.39
CL975362,INE238A01026,AXISBANK,587,157,744,1816986.69
CL711959,INE237A01028,KOTAKBANK,972,0,972,608539.61
CL543446,INE237A01028,KOTAKBANK,144,14,158,86678.49
CL014389,INE001A01036,HDFC,2197,0,2197,4180508.61
CL173573,INE002A01018,RELIANCE,106,0,106,207315.27
CL444826,INE154A01025,ITC,2522,250,2772,4349593.58
CL483578,INE018A01030,LT,2295,0,2295,6260163.1
CL343181,INE062A01020,SBIN,784,118,902,2532759.94
CL354961,INE155A01022,TATAMOTORS,537,0,537,1568880.13
CL764461,INE090A01021,ICICIBANK,2774,0,2774,6863733.78
CL564589,INE018A01030,LT,2731,0,2731,4822329.69
CL296946,INE001A01036,HDFC,2321,0,2321,5370220.62
CL300125,INE018A01030,LT,1326,0,1326,3561700.53
CL608078,INE062A01020,SBIN,2221,261,2482,4911175.88
CL035568,INE018A01030,LT,769,0,769,796359.81
CL478805,INE018A01030,LT,1617,0,1617,1336191.04
CL634302,INE154A01025,ITC,877,0,877,880382.52
CL973436,INE237A01028,KOTAKBANK,1407,0,1407,488158.76
CL064303,INE154A01025,ITC,1355,59,1414,821745.92
CL617360,INE155A01022,TATAMOTORS,2653,124,2777,8253819.31
CL180474,INE001A01036,HDFC,1774,0,1774,1852528.96
CL907720,INE238A01026,AXISBANK,320,0,320,303525.64
CL111341,INE155A01022,TATAMOTORS,1851,0,1851,312490.1
CL801267,INE062A01020,SBIN,2593,0,2593,4295749.26
CL267350,INE009A01021,INFY,235,0,235,251600.0
CL590336,INE009A01021,INFY,308,0,308,858526.33
CL296395,INE009A01021,INFY,1055,184,1239,2906075.08
CL228342,INE238A01026,AXISBANK,2142,0,2142,5822329.48
CL818068,INE018A01030,LT,1800,0,1800,1618689.47
CL742616,INE062A01020,SBIN,2980,0,2980,8087675.69
CL069757,INE009A01021,INFY,548,0,548,1481715.33
CL466188,INE002A01018,RELIANCE,2569,244,2813,3507254.08
CL518887,INE062A01020,SBIN,2399,0,2399,1343747.39
CL269787,INE062A01020,SBIN,273,0,273,606785.95
CL637806,INE002A01018,RELIANCE,2858,0,2858,6344412.7
CL921194,INE062A01020,SBIN,278,0,278,825155.95
CL482097,INE009A01021,INFY,844,0,844,1361641.03
CL977525,INE009A01021,INFY,401,0,401,374500.8
CL009960,INE062A01020,SBIN,230,0,230,575105.22
CL844034,INE090A01021,ICICIBANK,2702,0,2702,3349483.7
CL875354,INE002A01018,RELIANCE,759,250,1009,1785863.33
CL620367,INE155A01022,TATAMOTORS,829,198,1027,3004982.12
CL065013,INE001A01036,HDFC,2099,0,2099,3851021.38
CL295091,INE237A01028,KOTAKBANK,808,0,808,1309186.48
CL533706,INE062A01020,SBIN,477,0,477,568584.59
CL879880,INE062A01020,SBIN,869,0,869,2199499.07
CL911850,INE155A01022,TATAMOTORS,212,231,443,253063.65
CL971710,INE002A01018,RELIANCE,2439,0,2439,5104211.48
CL973667,INE090A01021,ICICIBANK,2343,0,2343,1989338.63
CL503453,INE062A01020,SBIN,2013,0,2013,2913717.39
CL828032,INE062A01020,SBIN,2858,0,2858,4259138.88
CL717954,INE238A01026,AXISBANK,2515,0,2515,2056086.09
CL991874,INE018A01030,LT,949,0,949,1139204.87
CL584555,INE002A01018,RELIANCE,2162,0,2162,4858346.01
CL717590,INE154A01025,ITC,2056,194,2250,6012399.86
CL430540,INE062A01020,SBIN,2117,0,2117,2846163.29
CL052858,INE154A01025,ITC,1096,0,1096,1936231.08
CL012244,INE062A01020,SBIN,2688,30,2718,2054426.67
CL208706,INE154A01025,ITC,295,0,295,378807.13
CL052484,INE018A01030,LT,302,0,302,827300.18
CL560191,INE155A01022,TATAMOTORS,1331,0,1331,3133540.49
CL080214,INE001A01036,HDFC,2546,0,2546,329903.0
CL598366,INE237A01028,KOTAKBANK,1794,0,1794,1344091.26
CL920113,INE009A01021,INFY,1586,291,1877,5092920.63
CL722203,INE238A01026,AXISBANK,2045,0,2045,3699234.42
CL074816,INE155A01022,TATAMOTORS,1530,204,1734,1059148.88
CL901424,INE238A01026,AXISBANK,570,0,570,689476.43
CL042845,INE238A01026,AXISBANK,1303,16,1319,709331.87
CL463577,INE001A01036,HDFC,2081,117,2198,6168103.99
CL347096,INE002A01018,RELIANCE,2826,0,2826,7460565.15
CL028641,INE002A01018,RELIANCE,1192,0,1192,1817862.49
CL999874,INE001A01036,HDFC,678,0,678,1484496.41
CL712147,INE002A01018,RELIANCE,1397,0,1397,4183628.17
CL056895,INE237A01028,KOTAKBANK,2040,0,2040,5324476.65
CL280383,INE238A01026,AXISBANK,2537,88,2625,2960303.66
CL299108,INE001A01036,HDFC,1823,0,1823,5055619.89
CL662554,INE002A01018,RELIANCE,931,0,931,393721.85
CL105972,INE062A01020,SBIN,72,0,72,175010.62
CL201589,INE237A01028,KOTAKBANK,2197,0,2197,523932.03
CL134539,INE018A01030,LT,2430,275,2705,437434.65
CL797283,INE062A01020,SBIN,2228,0,2228,2845357.27
CL152644,INE237A01028,KOTAKBANK,674,0,674,825803.84
CL457350,INE002A01018,RELIANCE,698,195,893,445080.83
CL423256,INE090A01021,ICICIBANK,7,285,292,355558.13
CL070820,INE090A01021,ICICIBANK,1661,0,1661,3632349.62
CL139343,INE062A01020,SBIN,2815,0,2815,3186743.56
CL823689,INE154A01025,ITC,2178,0,2178,6152611.12
CL191199,INE155A01022,TATAMOTORS,873,0,873,629863.87
CL184016,INE154A01025,ITC,1609,0,1609,3046256.85
CL832234,INE237A01028,KOTAKBANK,1168,0,1168,1624549.44
CL283839,INE001A01036,HDFC,1959,60,2019,227407.3
CL558084,INE002A01018,RELIANCE,2547,0,2547,5154786.98
CL094443,INE062A01020,SBIN,1288,0,1288,1404065.31
CL612351,INE090A01021,ICICIBANK,2025,0,2025,5579545.32
CL790837,INE009A01021,INFY,2937,0,2937,7945036.38
CL291373,INE062A01020,SBIN,2287,0,2287,6336779.91
CL308572,INE238A01026,AXISBANK,2377,207,2584,2145054.8
CL411523,INE154A01025,ITC,2123,0,2123,4766869.51
CL212664,INE154A01025,ITC,2899,0,2899,5132749.26
CL388862,INE237A01028,KOTAKBANK,1956,0,1956,2326785.98
CL719525,INE154A01025,ITC,1288,0,1288,2627192.43
CL592620,INE002A01018,RELIANCE,507,0,507,323661.93
CL446809,INE238A01026,AXISBANK,717,0,717,1691384.62
CL205649,INE001A01036,HDFC,1474,292,1766,2881339.72
CL070289,INE002A01018,RELIANCE,2776,0,2776,2077050.6
CL122854,INE090A01021,ICICIBANK,1102,0,1102,3173372.55
CL902691,INE001A01036,HDFC,889,55,944,2636713.68
CL584364,INE237A01028,KOTAKBANK,863,0,863,218106.41
CL200805,INE001A01036,HDFC,724,0,724,1225399.3
CL086868,INE002A01018,RELIANCE,2591,0,2591,2268720.33
CL086010,INE090A01021,ICICIBANK,2220,0,2220,650536.97
CL275504,INE001A01036,HDFC,226,0,226,583451.81
CL429792,INE001A01036,HDFC,731,0,731,684730.87
CL422271,INE154A01025,ITC,759,84,843,384678.66
CL583070,INE237A01028,KOTAKBANK,63,283,346,980194.81
CL691633,INE238A01026,AXISBANK,1303,0,1303,3200999.48
CL337823,INE090A01021,ICICIBANK,2381,240,2621,6312411.39
CL148191,INE062A01020,SBIN,709,0,709,1623331.25
CL284070,INE237A01028,KOTAKBANK,246,0,246,530563.84
CL329207,INE238A01026,AXISBANK,1321,0,1321,2008484.23
CL704159,INE062A01020,SBIN,2330,0,2330,5937143.29
CL566694,INE238A01026,AXISBANK,1146,0,1146,458424.85
CL404965,INE018A01030,LT,2644,0,2644,4459282.17
CL954687,INE002A01018,RELIANCE,1848,0,1848,4267352.91
CL074610,INE154A01025,ITC,2415,0,2415,5621916.89
CL230364,INE090A01021,ICICIBANK,1379,0,1379,1153459.8
CL653447,INE009A01021,INFY,864,0,864,1586398.17
CL264626,INE155A01022,TATAMOTORS,221,0,221,568413.53
CL097241,INE009A01021,INFY,892,0,892,917353.21
CL805326,INE001A01036,HDFC,1564,0,1564,3072906.64
CL337438,INE238A01026,AXISBANK,1039,0,1039,2352442.98
CL401238,INE062A01020,SBIN,453,0,453,1000101.71
CL448255,INE009A01021,INFY,2560,69,2629,6436424.56
CL550005,INE154A01025,ITC,2926,0,2926,3101823.02
CL125324,INE155A01022,TATAMOTORS,862,0,862,883019.36
CL496597,INE001A01036,HDFC,598,0,598,1095365.64
CL362690,INE009A01021,INFY,1557,0,1557,3480863.69
CL634352,INE062A01020,SBIN,2037,0,2037,3898351.0
CL639699,INE002A01018,RELIANCE,781,0,781,1515444.41
CL255290,INE154A01025,ITC,1833,0,1833,3413040.68
CL559161,INE155A01022,TATAMOTORS,2226,0,2226,3929504.09
CL896782,INE062A01020,SBIN,860,0,860,139579.23
CL474766,INE062A01020,SBIN,2720,0,2720,3544426.82
CL149293,INE090A01021,ICICIBANK,2341,176,2517,6499878.3
CL930111,INE090A01021,ICICIBANK,2735,0,2735,8070245.07
CL427701,INE090A01021,ICICIBANK,2344,0,2344,1836767.34
CL273466,INE155A01022,TATAMOTORS,2375,0,2375,5912930.54
CL127414,INE001A01036,HDFC,2483,0,2483,7215176.66
CL197210,INE154A01025,ITC,1591,206,1797,3314149.15
CL238501,INE002A01018,RELIANCE,1391,0,1391,3076709.44
CL570044,INE090A01021,ICICIBANK,2860,0,2860,5750121.7
CL768615,INE154A01025,ITC,2182,160,2342,4434440.36
CL236028,INE018A01030,LT,2321,0,2321,1796300.62
CL463443,INE018A01030,LT,2780,0,2780,2916522.88
CL726951,INE009A01021,INFY,1584,0,1584,4728656.83
CL377932,INE001A01036,HDFC,34,0,34,55433.1
CL827857,INE238A01026,AXISBANK,1729,203,1932,217384.43
CL174977,INE018A01030,LT,2881,2,2883,7896254.63
CL150527,INE009A01021,INFY,2317,0,2317,1105673.15
CL649044,INE018A01030,LT,2639,0,2639,1279622.82
CL148674,INE155A01022,TATAMOTORS,2244,28,2272,5099996.96
CL385237,INE002A01018,RELIANCE,753,0,753,1225662.65
CL462366,INE237A01028,KOTAKBANK,1215,0,1215,3572398.47
CL864143,INE154A01025,ITC,902,0,902,509196.49
CL296457,INE237A01028,KOTAKBANK,640,0,640,1034754.03
CL561661,INE002A01018,RELIANCE,600,0,600,732205.99
CL633375,INE237A01028,KOTAKBANK,1908,139,2047,3695440.44
CL275104,INE154A01025,ITC,1226,0,1226,1593366.05
CL529201,INE009A01021,INFY,2053,0,2053,830146.3
CL702695,INE238A01026,AXISBANK,1897,0,1897,1892453.76
CL026569,INE018A01030,LT,956,61,1017,1882085.08
CL021956,INE090A01021,ICICIBANK,2130,0,2130,3553599.81
CL300844,INE002A01018,RELIANCE,2910,0,2910,4925855.24
CL496828,INE001A01036,HDFC,146,0,146,74490.78
CL149912,INE009A01021,INFY,1204,97,1301,3820366.35
CL552826,INE018A01030,LT,1359,264,1623,545174.46
CL625798,INE018A01030,LT,1512,0,1512,3202357.41
CL971233,INE002A01018,RELIANCE,1843,0,1843,3980328.67
CL780824,INE009A01021,INFY,2888,218,3106,6595225.06
CL282091,INE018A01030,LT,2178,0,2178,2624505.4
CL647233,INE001A01036,HDFC,1037,0,1037,464029.02
CL760162,INE154A01025,ITC,669,0,669,1362484.12
CL161341,INE154A01025,ITC,115,0,115,56316.67
CL924117,INE009A01021,INFY,401,39,440,775923.85
CL310733,INE237A01028,KOTAKBANK,2834,128,2962,6468915.86
CL296954,INE155A01022,TATAMOTORS,1382,0,1382,3308329.21
CL704607,INE001A01036,HDFC,553,0,553,1082128.14
CL701295,INE009A01021,INFY,582,0,582,951212.54
CL693482,INE155A01022,TATAMOTORS,2345,0,2345,6545174.02
CL804611,INE090A01021,ICICIBANK,1280,163,1443,3283016.96
CL674081,INE090A01021,ICICIBANK,1182,0,1182,2163882.72
CL830088,INE154A01025,ITC,2218,0,2218,1506348.52
CL473369,INE090A01021,ICICIBANK,2726,0,2726,1956174.88
CL549571,INE009A01021,INFY,504,0,504,1495942.71
CL879325,INE062A01020,SBIN,870,0,870,1525400.43
CL769010,INE237A01028,KOTAKBANK,2001,0,2001,5338195.55
CL873565,INE062A01020,SBIN,2710,0,2710,5440867.64
CL977342,INE002A01018,RELIANCE,2040,0,2040,5760930.05
CL804396,INE062A01020,SBIN,2680,17,2697,6344815.07
CL368763,INE237A01028,KOTAKBANK,660,53,713,599190.93
CL900237,INE090A01021,ICICIBANK,1718,0,1718,895139.47
CL121088,INE009A01021,INFY,1681,95,1776,4012235.34
CL246826,INE002A01018,RELIANCE,387,0,387,599001.82
CL201603,INE237A01028,KOTAKBANK,2968,0,2968,6178631.78
CL647823,INE002A01018,RELIANCE,2512,0,2512,6502666.45
CL570071,INE237A01028,KOTAKBANK,2150,0,2150,3523888.78
CL905275,INE090A01021,ICICIBANK,1272,0,1272,2934391.56
CL748943,INE090A01021,ICICIBANK,511,11,522,1275055.76
CL997363,INE062A01020,SBIN,786,114,900,2355813.07
CL899823,INE090A01021,ICICIBANK,1176,0,1176,935265.64
CL245469,INE154A01025,ITC,760,0,760,1021824.39
CL266340,INE155A01022,TATAMOTORS,2079,0,2079,3999889.49
CL047976,INE155A01022,TATAMOTORS,347,0,347,897053.98
CL915975,INE018A01030,LT,2140,45,2185,1318248.17
CL091218,INE001A01036,HDFC,411,0,411,841164.92
CL460347,INE154A01025,ITC,2713,0,2713,2821677.46
CL529947,INE018A01030,LT,2181,0,2181,4608584.8
CL794285,INE009A01021,INFY,2606,0,2606,4414268.83
CL982481,INE009A01021,INFY,2510,0,2510,3520175.8
CL773473,INE155A01022,TATAMOTORS,1374,0,1374,1632269.62
CL819494,INE062A01020,SBIN,714,177,891,2294170.69
CL980760,INE018A01030,LT,1341,0,1341,1406732.07
CL707515,INE001A01036,HDFC,1386,0,1386,1218333.67
CL509363,INE155A01022,TATAMOTORS,564,0,564,1241970.8
CL110044,INE154A01025,ITC,177,158,335,993418.3
CL487402,INE018A01030,LT,150,0,150,365072.64
CL121069,INE238A01026,AXISBANK,520,221,741,2067058.34
CL772801,INE154A01025,ITC,1372,0,1372,2428627.14
CL983458,INE238A01026,AXISBANK,1716,205,1921,4002808.25
CL834975,INE155A01022,TATAMOTORS,1812,0,1812,3244007.15
CL118538,INE001A01036,HDFC,1134,154,1288,2108520.13
CL886315,INE154A01025,ITC,1470,0,1470,2179942.31
CL184352,INE009A01021,INFY,2332,229,2561,5124974.71
CL017276,INE237A01028,KOTAKBANK,2215,43,2258,1307046.98
CL441087,INE002A01018,RELIANCE,1248,0,1248,800778.26
CL806693,INE002A01018,RELIANCE,972,0,972,638817.76
CL803531,INE155A01022,TATAMOTORS,2403,0,2403,6201982.79
CL132376,INE018A01030,LT,2130,0,2130,4083727.99
CL604562,INE090A01021,ICICIBANK,628,0,628,509825.77
CL115946,INE001A01036,HDFC,2152,0,2152,231137.85
CL078189,INE002A01018,RELIANCE,590,71,661,1713716.59
CL337336,INE237A01028,KOTAKBANK,332,0,332,348192.92
CL484802,INE155A01022,TATAMOTORS,1945,0,1945,1366810.69
CL365930,INE090A01021,ICICIBANK,87,0,87,231092.45
CL613789,INE002A01018,RELIANCE,560,0,560,348458.96
CL866368,INE154A01025,ITC,1880,0,1880,1539623.51
CL312273,INE018A01030,LT,162,74,236,446707.06
CL011416,INE018A01030,LT,2456,0,2456,3171150.42
CL455072,INE009A01021,INFY,1616,0,1616,2921557.51
CL824901,INE009A01021,INFY,2428,0,2428,1412670.79
CL655893,INE018A01030,LT,1738,19,1757,4186549.82
CL752311,INE009A01021,INFY,2425,0,2425,3685296.24
CL395754,INE002A01018,RELIANCE,162,0,162,234587.96
CL861644,INE090A01021,ICICIBANK,2070,0,2070,4154949.9
CL228913,INE062A01020,SBIN,56,0,56,103148.3
CL434404,INE001A01036,HDFC,2601,0,2601,7049637.53
CL715382,INE001A01036,HDFC,802,0,802,239748.31
CL201995,INE237A01028,KOTAKBANK,2301,0,2301,620007.48
CL114474,INE154A01025,ITC,911,0,911,1286280.68
CL173486,INE062A01020,SBIN,2182,0,2182,5748090.34
CL029888,INE001A01036,HDFC,186,0,186,344927.05
CL635592,INE154A01025,ITC,1316,271,1587,3161022.35
CL445288,INE090A01021,ICICIBANK,2257,0,2257,2344708.84
CL758260,INE237A01028,KOTAKBANK,966,0,966,1013298.9
CL852160,INE018A01030,LT,2228,29,2257,3330332.26
CL823391,INE237A01028,KOTAKBANK,2883,0,2883,6424475.01
CL895596,INE002A01018,RELIANCE,2235,266,2501,5996299.38
CL634726,INE090A01021,ICICIBANK,1136,0,1136,2328875.38
CL966516,INE238A01026,AXISBANK,1884,0,1884,5217380.63
CL274075,INE009A01021,INFY,2993,0,2993,8036182.18
CL642065,INE155A01022,TATAMOTORS,2751,0,2751,7987871.44
CL511951,INE090A01021,ICICIBANK,817,0,817,2345440.99
CL510302,INE001A01036,HDFC,2597,0,2597,6458238.35
CL537359,INE238A01026,AXISBANK,2627,0,2627,7763340.26
CL918998,INE154A01025,ITC,2846,0,2846,1221595.66
CL034081,INE237A01028,KOTAKBANK,2109,0,2109,6004166.24
CL712898,INE009A01021,INFY,271,0,271,767625.34
CL512946,INE237A01028,KOTAKBANK,1404,214,1618,2859819.81
CL743585,INE155A01022,TATAMOTORS,898,0,898,1508767.79
CL695597,INE154A01025,ITC,1782,0,1782,1592136.96
CL158367,INE154A01025,ITC,2697,0,2697,6944722.27
CL487449,INE062A01020,SBIN,2173,0,2173,1539864.15
CL149626,INE009A01021,INFY,349,0,349,254797.46
CL565273,INE090A01021,ICICIBANK,2185,45,2230,5019091.26
CL766874,INE002A01018,RELIANCE,1159,0,1159,1063582.32
CL345586,INE009A01021,INFY,2591,0,2591,4003651.85
CL241723,INE154A01025,ITC,2355,0,2355,1976899.9
CL799343,INE238A01026,AXISBANK,393,0,393,688770.35
CL817083,INE009A01021,INFY,1156,0,1156,2072239.3
CL349556,INE001A01036,HDFC,128,0,128,114632.52
CL234172,INE154A01025,ITC,549,0,549,332089.22
CL978642,INE155A01022,TATAMOTORS,2466,0,2466,6747533.49
CL603565,INE155A01022,TATAMOTORS,313,43,356,1058371.61
CL569655,INE018A01030,LT,2304,27,2331,3606126.46
CL089419,INE002A01018,RELIANCE,2300,0,2300,5357439.16
CL656895,INE090A01021,ICICIBANK,1956,0,1956,3083987.37
CL524043,INE009A01021,INFY,752,0,752,1122608.17
CL096530,INE090A01021,ICICIBANK,226,0,226,341032.1
CL350767,INE155A01022,TATAMOTORS,1563,0,1563,4517171.97
CL799302,INE155A01022,TATAMOTORS,2031,0,2031,2917983.34
CL772445,INE238A01026,AXISBANK,1996,0,1996,4159298.57
CL568495,INE238A01026,AXISBANK,244,0,244,564353.05
CL030901,INE001A01036,HDFC,2826,138,2964,8569207.36
CL060640,INE002A01018,RELIANCE,19,0,19,44873.27
CL942278,INE154A01025,ITC,553,130,683,1484217.41
CL572560,INE155A01022,TATAMOTORS,438,0,438,148766.26
CL636496,INE238A01026,AXISBANK,976,0,976,1305491.52
CL911391,INE154A01025,ITC,1433,0,1433,4166901.83
CL578683,INE154A01025,ITC,1742,0,1742,2465864.81
CL158357,INE154A01025,ITC,284,0,284,175132.46
CL203910,INE018A01030,LT,2242,0,2242,1160140.04
CL942757,INE090A01021,ICICIBANK,2918,0,2918,6721568.95
CL945193,INE154A01025,ITC,855,0,855,2186036.85
CL366696,INE002A01018,RELIANCE,2065,0,2065,437735.75
CL130615,INE238A01026,AXISBANK,139,0,139,326061.39
CL227730,INE001A01036,HDFC,1497,0,1497,666837.76
CL005932,INE062A01020,SBIN,2016,0,2016,3406087.34
CL167417,INE238A01026,AXISBANK,1883,0,1883,466545.05
CL784648,INE001A01036,HDFC,228,69,297,814158.2
CL358065,INE002A01018,RELIANCE,1729,0,1729,1232347.59
CL989415,INE001A01036,HDFC,1023,0,1023,2313663.54
CL772696,INE001A01036,HDFC,193,0,193,483764.54
CL310596,INE237A01028,KOTAKBANK,247,0,247,689454.25
CL691841,INE002A01018,RELIANCE,12,0,12,12135.32
CL994747,INE001A01036,HDFC,2380,0,2380,4160787.46
CL606976,INE001A01036,HDFC,1759,0,1759,4527422.13
CL861552,INE237A01028,KOTAKBANK,287,0,287,173007.63
CL411719,INE018A01030,LT,2447,85,2532,6799845.93
CL533617,INE001A01036,HDFC,1838,0,1838,2514582.01
CL541759,INE018A01030,LT,2047,0,2047,2134285.79
CL068355,INE090A01021,ICICIBANK,2487,0,2487,1369229.49
CL301969,INE237A01028,KOTAKBANK,703,0,703,1101768.65
CL467115,INE001A01036,HDFC,1817,0,1817,5033944.06
CL959528,INE018A01030,LT,1372,0,1372,972413.11
CL692547,INE062A01020,SBIN,1460,0,1460,1902214.36
CL434737,INE009A01021,INFY,2068,0,2068,3426035.18
CL903819,INE154A01025,ITC,2185,0,2185,1639428.55
CL633268,INE018A01030,LT,2056,0,2056,1059672.21
CL377660,INE237A01028,KOTAKBANK,2811,0,2811,8334041.72
CL442607,INE154A01025,ITC,1086,0,1086,2272438.62
CL811571,INE154A01025,ITC,2511,0,2511,3603867.49
CL036744,INE062A01020,SBIN,927,0,927,1600706.37
CL362522,INE090A01021,ICICIBANK,417,0,417,223317.24
CL116313,INE237A01028,KOTAKBANK,700,0,700,188588.92
CL532705,INE090A01021,ICICIBANK,2473,149,2622,3214245.06
CL385047,INE002A01018,RELIANCE,2127,0,2127,3120356.89
CL554699,INE062A01020,SBIN,2867,0,2867,2100744.74
CL298045,INE018A01030,LT,1104,0,1104,384644.94
CL783956,INE018A01030,LT,147,0,147,40459.81
CL815884,INE155A01022,TATAMOTORS,1890,17,1907,198832.47
CL287317,INE154A01025,ITC,401,0,401,965601.01
CL309996,INE155A01022,TATAMOTORS,654,0,654,1926472.99
CL347283,INE154A01025,ITC,2955,0,2955,2285871.39
CL864874,INE155A01022,TATAMOTORS,961,0,961,169227.26
CL750013,INE002A01018,RELIANCE,2504,0,2504,1655249.52
CL220600,INE155A01022,TATAMOTORS,2030,232,2262,3789684.09
CL865237,INE155A01022,TATAMOTORS,2616,0,2616,5553261.86
CL410350,INE018A01030,LT,1009,59,1068,2019376.02
CL117694,INE155A01022,TATAMOTORS,1649,0,1649,2161678.93
CL205245,INE155A01022,TATAMOTORS,368,192,560,788731.89
CL135545,INE009A01021,INFY,1923,0,1923,1450753.38
CL050824,INE155A01022,TATAMOTORS,2484,0,2484,4472244.57
CL889334,INE155A01022,TATAMOTORS,1973,0,1973,820198.99
CL918023,INE002A01018,RELIANCE,1478,35,1513,4128807.52
CL918436,INE237A01028,KOTAKBANK,1361,231,1592,4461796.71
CL778811,INE155A01022,TATAMOTORS,2458,0,2458,6794342.71
CL321114,INE090A01021,ICICIBANK,1665,275,1940,760014.95
CL394468,INE001A01036,HDFC,2993,0,2993,8093081.44
CL267325,INE062A01020,SBIN,1598,0,1598,1648273.74
CL947876,INE062A01020,SBIN,2882,0,2882,3963652.92
CL222896,INE001A01036,HDFC,1737,0,1737,1633744.52
CL112544,INE155A01022,TATAMOTORS,2194,0,2194,2854157.13
CL602653,INE238A01026,AXISBANK,904,0,904,601487.1
CL002173,INE155A01022,TATAMOTORS,2834,0,2834,3011879.41
CL525775,INE018A01030,LT,2432,0,2432,2886099.01
CL371306,INE154A01025,ITC,1493,0,1493,3979010.52
CL381106,INE238A01026,AXISBANK,2349,0,2349,1194301.21
CL111560,INE090A01021,ICICIBANK,656,0,656,1395672.52
CL375824,INE155A01022,TATAMOTORS,297,0,297,180375.46
CL984322,INE062A01020,SBIN,175,0,175,39077.58
CL546043,INE238A01026,AXISBANK,796,0,796,1280875.3
CL241579,INE018A01030,LT,728,147,875,1031426.6
CL704172,INE002A01018,RELIANCE,644,218,862,413204.73
CL765944,INE001A01036,HDFC,2543,0,2543,393110.91
CL642587,INE002A01018,RELIANCE,1586,0,1586,3879923.85
CL943739,INE018A01030,LT,2962,0,2962,7062677.83
CL651096,INE237A01028,KOTAKBANK,517,105,622,433195.73
CL305657,INE018A01030,LT,545,0,545,571683.71
CL689456,INE155A01022,TATAMOTORS,505,0,505,514598.49
CL076308,INE018A01030,LT,2982,300,3282,3523995.64
CL987919,INE001A01036,HDFC,1544,213,1757,1065234.03
CL514566,INE237A01028,KOTAKBANK,2280,0,2280,5881756.63
CL223209,INE154A01025,ITC,2504,0,2504,6216424.35
CL317575,INE155A01022,TATAMOTORS,2400,230,2630,934389.02
CL972788,INE009A01021,INFY,985,0,985,1718584.46
CL272594,INE238A01026,AXISBANK,561,0,561,996441.95
CL193228,INE238A01026,AXISBANK,1299,145,1444,1627232.22
CL267633,INE062A01020,SBIN,2178,0,2178,6282998.03
CL682500,INE018A01030,LT,2828,0,2828,3620254.57
CL863160,INE155A01022,TATAMOTORS,624,218,842,2137885.32
CL553617,INE062A01020,SBIN,2800,0,2800,568863.57
CL796858,INE155A01022,TATAMOTORS,853,0,853,1228576.57
CL032042,INE009A01021,INFY,2452,0,2452,2355926.78
CL349860,INE062A01020,SBIN,1895,0,1895,3319982.69
CL391270,INE155A01022,TATAMOTORS,1060,0,1060,1744996.43
CL694957,INE238A01026,AXISBANK,1124,0,1124,2941319.74
CL837659,INE090A01021,ICICIBANK,2154,41,2195,4720795.36
CL215788,INE238A01026,AXISBANK,1244,0,1244,940861.81
CL692553,INE237A01028,KOTAKBANK,1212,0,1212,3284990.13
CL995040,INE238A01026,AXISBANK,492,0,492,514928.7
CL408534,INE062A01020,SBIN,1488,6,1494,1389622.08
CL354562,INE090A01021,ICICIBANK,2343,252,2595,1354419.47
CL108621,INE238A01026,AXISBANK,80,0,80,31543.43
CL459111,INE009A01021,INFY,2877,0,2877,5425608.97
CL721696,INE154A01025,ITC,2245,0,2245,840689.48
CL428576,INE154A01025,ITC,920,0,920,128577.27
CL515117,INE002A01018,RELIANCE,1378,0,1378,1530792.3
CL889557,INE154A01025,ITC,2716,0,2716,4510965.49
CL445294,INE155A01022,TATAMOTORS,1101,0,1101,679982.51
CL495722,INE238A01026,AXISBANK,1642,221,1863,1304133.44
CL437504,INE001A01036,HDFC,627,0,627,236798.41
CL383707,INE062A01020,SBIN,1188,0,1188,3479225.68
CL815113,INE009A01021,INFY,1234,0,1234,1302558.44
CL812131,INE154A01025,ITC,462,0,462,944347.74
CL464538,INE090A01021,ICICIBANK,897,0,897,1058363.62
CL821775,INE238A01026,AXISBANK,2125,0,2125,1737999.99
CL531841,INE154A01025,ITC,156,0,156,351511.39
CL428998,INE154A01025,ITC,1810,69,1879,4075332.37
CL342845,INE154A01025,ITC,729,0,729,1838847.15
CL997548,INE002A01018,RELIANCE,1131,0,1131,1000263.95
CL674195,INE155A01022,TATAMOTORS,831,0,831,1946390.03
CL274731,INE018A01030,LT,1373,0,1373,4115261.53
CL930060,INE238A01026,AXISBANK,2286,0,2286,4986621.67
CL397078,INE155A01022,TATAMOTORS,2914,0,2914,7492269.12
CL008800,INE002A01018,RELIANCE,4,0,4,1261.21
CL819706,INE001A01036,HDFC,2170,0,2170,351737.58
CL353994,INE018A01030,LT,340,91,431,398818.03
CL007084,INE238A01026,AXISBANK,402,0,402,1069120.06
CL077650,INE090A01021,ICICIBANK,1225,0,1225,1054584.45
CL660683,INE238A01026,AXISBANK,1241,0,1241,320010.03
CL163432,INE238A01026,AXISBANK,384,280,664,1709257.18
CL208133,INE237A01028,KOTAKBANK,2143,0,2143,1587645.38
CL949346,INE154A01025,ITC,1031,0,1031,2979542.27
CL339970,INE090A01021,ICICIBANK,901,0,901,1259530.33
CL464885,INE009A01021,INFY,889,0,889,1243186.54
CL852264,INE154A01025,ITC,1154,0,1154,663836.88
CL603778,INE062A01020,SBIN,1501,117,1618,3901646.32
CL303404,INE154A01025,ITC,14,0,14,25079.88
CL516460,INE237A01028,KOTAKBANK,1428,0,1428,2401921.22
CL751416,INE155A01022,TATAMOTORS,2203,281,2484,1815961.17
CL736022,INE238A01026,AXISBANK,831,0,831,1160323.02
CL435519,INE001A01036,HDFC,2936,0,2936,1057849.78
CL686956,INE002A01018,RELIANCE,2187,0,2187,780415.05
CL107956,INE237A01028,KOTAKBANK,416,0,416,263864.97
CL178091,INE090A01021,ICICIBANK,2994,0,2994,3665228.21
CL275338,INE018A01030,LT,2624,0,2624,3157493.89
CL736812,INE090A01021,ICICIBANK,589,60,649,1057556.18
CL735514,INE009A01021,INFY,986,0,986,1622037.94
CL712024,INE062A01020,SBIN,2652,59,2711,6225661.6
CL298484,INE237A01028,KOTAKBANK,2395,0,2395,1430111.24
CL319860,INE002A01018,RELIANCE,2711,0,2711,4190908.17
CL723653,INE009A01021,INFY,2419,0,2419,4986916.03
CL885610,INE001A01036,HDFC,1558,0,1558,3935227.39
CL061662,INE154A01025,ITC,2103,213,2316,4453908.15
CL941395,INE009A01021,INFY,80,0,80,91789.1
CL959085,INE009A01021,INFY,1441,66,1507,773402.84
CL178510,INE018A01030,LT,2199,34,2233,6231878.37
CL645468,INE090A01021,ICICIBANK,1902,0,1902,258618.88
CL862247,INE062A01020,SBIN,263,0,263,371770.16
CL389064,INE154A01025,ITC,285,0,285,45006.07
CL017913,INE237A01028,KOTAKBANK,603,0,603,792886.95
CL037246,INE155A01022,TATAMOTORS,2334,178,2512,6151160.76
CL582713,INE238A01026,AXISBANK,489,109,598,183709.62
CL252817,INE009A01021,INFY,1005,78,1083,989784.44
CL881897,INE009A01021,INFY,1591,0,1591,2641099.07
CL100679,INE062A01020,SBIN,736,0,736,158587.23
CL986749,INE009A01021,INFY,1891,0,1891,808174.82
CL528243,INE237A01028,KOTAKBANK,2683,0,2683,4493052.98
CL585142,INE237A01028,KOTAKBANK,1831,0,1831,761627.87
CL320130,INE018A01030,LT,2903,0,2903,8018118.98
CL108259,INE238A01026,AXISBANK,909,0,909,1408525.53
CL387081,INE238A01026,AXISBANK,219,0,219,536073.62
CL773901,INE009A01021,INFY,2470,0,2470,4904773.13
CL370513,INE090A01021,ICICIBANK,657,16,673,521242.56
CL886085,INE009A01021,INFY,1540,296,1836,376413.39
CL236296,INE001A01036,HDFC,1088,0,1088,1276945.8
CL803429,INE018A01030,LT,2855,0,2855,1623876.91
CL031860,INE154A01025,ITC,1825,0,1825,3577769.71
CL374966,INE001A01036,HDFC,1961,0,1961,2034099.57
CL291412,INE062A01020,SBIN,681,0,681,1302208.11
CL876047,INE237A01028,KOTAKBANK,1456,0,1456,4187442.48
CL598911,INE009A01021,INFY,873,0,873,740930.17
CL617404,INE155A01022,TATAMOTORS,1620,0,1620,1775792.92
CL722699,INE009A01021,INFY,1897,0,1897,3581741.87
CL463655,INE018A01030,LT,469,0,469,1242696.36
CL062078,INE001A01036,HDFC,2401,0,2401,5301186.34
CL854353,INE155A01022,TATAMOTORS,2562,0,2562,987020.99
CL426987,INE154A01025,ITC,2332,0,2332,5593832.66
CL794918,INE009A01021,INFY,1254,0,1254,367605.42
CL662329,INE237A01028,KOTAKBANK,856,0,856,286548.7
CL795587,INE009A01021,INFY,2057,0,2057,3255658.87
CL118509,INE154A01025,ITC,228,0,228,147048.02
CL736774,INE155A01022,TATAMOTORS,2577,0,2577,6629291.1
CL401949,INE155A01022,TATAMOTORS,2177,0,2177,1735926.09
CL008917,INE237A01028,KOTAKBANK,283,0,283,832391.75
CL911037,INE238A01026,AXISBANK,208,0,208,289862.95
CL427203,INE002A01018,RELIANCE,1769,0,1769,1491278.76
CL170210,INE238A01026,AXISBANK,2620,0,2620,349801.95
CL244761,INE090A01021,ICICIBANK,2361,0,2361,1336835.32
CL272091,INE001A01036,HDFC,17,0,17,45174.3
CL696694,INE009A01021,INFY,621,0,621,1101899.08
CL706439,INE062A01020,SBIN,2978,197,3175,767675.21
CL249021,INE154A01025,ITC,1713,0,1713,1713448.51
CL921651,INE155A01022,TATAMOTORS,1413,0,1413,147170.83
CL178297,INE090A01021,ICICIBANK,482,0,482,781274.68
CL070569,INE018A01030,LT,127,0,127,174846.87
CL071063,INE154A01025,ITC,1754,0,1754,879721.13
CL638060,INE062A01020,SBIN,872,0,872,1523203.92
CL550953,INE238A01026,AXISBANK,225,0,225,419412.21
CL682598,INE090A01021,ICICIBANK,2641,52,2693,2699849.43
CL711179,INE009A01021,INFY,1845,0,1845,3181374.7
CL533529,INE154A01025,ITC,1664,0,1664,1051773.88
CL647381,INE090A01021,ICICIBANK,2994,0,2994,4492787.54
CL338031,INE237A01028,KOTAKBANK,1204,0,1204,3059843.15
CL935981,INE238A01026,AXISBANK,2739,0,2739,801242.95
CL368741,INE238A01026,AXISBANK,2058,293,2351,4114726.69
CL202413,INE237A01028,KOTAKBANK,480,0,480,628095.24
CL899611,INE009A01021,INFY,2285,0,2285,4484011.91
CL403222,INE237A01028,KOTAKBANK,1651,0,1651,543662.55
CL269514,INE154A01025,ITC,909,0,909,210450.64
CL804187,INE002A01018,RELIANCE,741,246,987,1503426.73
CL921282,INE090A01021,ICICIBANK,1272,0,1272,2009215.89
CL612533,INE062A01020,SBIN,1950,0,1950,4037131.95
CL734952,INE018A01030,LT,2292,0,2292,6787998.0
CL442029,INE154A01025,ITC,1214,0,1214,650168.12
CL538153,INE154A01025,ITC,2146,0,2146,5865782.06
CL116516,INE018A01030,LT,1279,59,1338,843498.54
CL393169,INE090A01021,ICICIBANK,1563,0,1563,4189469.41
CL578109,INE237A01028,KOTAKBANK,856,0,856,1175198.19
CL994169,INE002A01018,RELIANCE,2364,93,2457,1261372.98
CL093613,INE090A01021,ICICIBANK,2886,0,2886,1875129.77
CL813829,INE009A01021,INFY,1538,0,1538,4233356.79
CL375767,INE090A01021,ICICIBANK,1483,0,1483,2320299.36
CL198799,INE009A01021,INFY,2709,75,2784,6195718.67
CL463137,INE155A01022,TATAMOTORS,40,0,40,21245.64
CL393568,INE009A01021,INFY,1444,0,1444,1966221.81
CL773973,INE090A01021,ICICIBANK,2236,0,2236,3594629.91
CL715469,INE009A01021,INFY,1447,0,1447,3455664.01
CL900969,INE062A01020,SBIN,93,0,93,130995.03
CL262800,INE062A01020,SBIN,1912,39,1951,2547755.05
CL211727,INE062A01020,SBIN,533,0,533,939713.14
CL853426,INE009A01021,INFY,2060,184,2244,355017.79
CL878372,INE090A01021,ICICIBANK,1990,258,2248,556267.2
CL210966,INE238A01026,AXISBANK,673,0,673,708860.07
CL678470,INE154A01025,ITC,2362,0,2362,4952316.97
CL483738,INE237A01028,KOTAKBANK,849,0,849,717031.66
CL905614,INE090A01021,ICICIBANK,1954,0,1954,4319124.46
CL619708,INE154A01025,ITC,2637,0,2637,2182979.17
CL045336,INE238A01026,AXISBANK,2413,0,2413,6777616.13
CL009809,INE238A01026,AXISBANK,1444,0,1444,2916557.71
CL551420,INE001A01036,HDFC,1859,0,1859,2161325.15
CL901830,INE090A01021,ICICIBANK,1099,0,1099,2645230.39
CL878127,INE237A01028,KOTAKBANK,1072,0,1072,2155537.16
CL961581,INE237A01028,KOTAKBANK,2769,0,2769,1275763.03
CL024872,INE062A01020,SBIN,1950,0,1950,1722536.17
CL535267,INE237A01028,KOTAKBANK,1052,0,1052,834878.28
CL476095,INE018A01030,LT,2549,0,2549,3501099.36
CL327273,INE062A01020,SBIN,1761,0,1761,4945444.7
CL346848,INE090A01021,ICICIBANK,183,0,183,542764.34
CL796107,INE155A01022,TATAMOTORS,1264,170,1434,972223.08
CL997534,INE238A01026,AXISBANK,205,242,447,533313.78
CL662205,INE238A01026,AXISBANK,1305,0,1305,619991.7
CL637472,INE238A01026,AXISBANK,387,0,387,633628.53
CL788581,INE062A01020,SBIN,1251,0,1251,2793924.93
CL607635,INE062A01020,SBIN,859,0,859,205881.8
CL495396,INE090A01021,ICICIBANK,1875,0,1875,795639.55
CL532065,INE062A01020,SBIN,2351,85,2436,4318388.51
CL699819,INE001A01036,HDFC,2725,0,2725,2905615.52
CL832700,INE062A01020,SBIN,2208,0,2208,3255438.07
CL180483,INE002A01018,RELIANCE,879,215,1094,1896385.68
CL929186,INE001A01036,HDFC,2183,0,2183,4755889.51
CL601819,INE155A01022,TATAMOTORS,2376,0,2376,6135173.37
CL860304,INE237A01028,KOTAKBANK,1806,0,1806,3129923.76
CL221324,INE155A01022,TATAMOTORS,1760,0,1760,5150847.65
CL473470,INE154A01025,ITC,118,0,118,132647.06
CL406392,INE001A01036,HDFC,440,0,440,492510.49
CL346518,INE001A01036,HDFC,2922,0,2922,6725178.88
CL740975,INE009A01021,INFY,254,269,523,1512616.43
CL686669,INE237A01028,KOTAKBANK,1374,0,1374,4026412.0
CL582683,INE018A01030,LT,748,0,748,1064720.24
CL785340,INE018A01030,LT,1119,0,1119,641515.45
CL866319,INE237A01028,KOTAKBANK,1818,0,1818,3744169.11
CL672361,INE001A01036,HDFC,1088,0,1088,1700503.92
CL334198,INE238A01026,AXISBANK,1957,61,2018,4417652.65
CL698506,INE155A01022,TATAMOTORS,1931,195,2126,5216363.67
CL015847,INE154A01025,ITC,1286,225,1511,3920158.14
CL875569,INE154A01025,ITC,2663,0,2663,4555827.93
CL493329,INE154A01025,ITC,1466,0,1466,2721495.23
CL324061,INE001A01036,HDFC,467,0,467,138145.7
CL205072,INE001A01036,HDFC,651,233,884,668681.83
CL852964,INE090A01021,ICICIBANK,1025,0,1025,1141858.91
CL927487,INE001A01036,HDFC,2752,0,2752,292902.81
CL378044,INE154A01025,ITC,1127,0,1127,1549721.5
CL790564,INE018A01030,LT,1624,169,1793,5339007.2
CL863882,INE009A01021,INFY,1524,0,1524,409219.86
CL767163,INE001A01036,HDFC,2003,0,2003,3809852.94
CL127436,INE237A01028,KOTAKBANK,1912,0,1912,282227.76
CL666038,INE018A01030,LT,1169,259,1428,3400828.5
CL206212,INE237A01028,KOTAKBANK,2952,129,3081,2327185.35
CL670807,INE154A01025,ITC,1556,224,1780,2646672.15
CL652868,INE009A01021,INFY,1151,0,1151,2633816.48
CL186618,INE090A01021,ICICIBANK,957,13,970,2444652.21
CL081790,INE238A01026,AXISBANK,2899,0,2899,5530531.68
CL460870,INE237A01028,KOTAKBANK,807,0,807,1864666.41
CL108450,INE238A01026,AXISBANK,1246,194,1440,1653295.65
CL090823,INE237A01028,KOTAKBANK,679,0,679,1270100.05
CL222712,INE154A01025,ITC,2746,0,2746,682628.67
CL655003,INE238A01026,AXISBANK,1169,0,1169,365460.75
CL760346,INE155A01022,TATAMOTORS,1508,0,1508,1189370.42
CL583111,INE238A01026,AXISBANK,156,0,156,133953.52
CL582488,INE238A01026,AXISBANK,415,0,415,1155334.82
CL231040,INE002A01018,RELIANCE,705,0,705,759325.48
CL072057,INE001A01036,HDFC,553,0,553,1094290.35
CL555306,INE062A01020,SBIN,179,0,179,102811.48
CL334070,INE238A01026,AXISBANK,2092,0,2092,4571465.46
CL615126,INE238A01026,AXISBANK,1563,0,1563,1858620.11
CL393196,INE238A01026,AXISBANK,2658,0,2658,1985377.93
CL100751,INE238A01026,AXISBANK,2041,0,2041,4048778.08
CL390648,INE090A01021,ICICIBANK,2964,0,2964,3901829.82
CL119957,INE002A01018,RELIANCE,2798,0,2798,948179.17
CL257870,INE001A01036,HDFC,1586,0,1586,2790263.13
CL413272,INE237A01028,KOTAKBANK,2924,158,3082,2734573.06
CL094778,INE090A01021,ICICIBANK,2059,0,2059,2865143.39
CL228384,INE238A01026,AXISBANK,2371,0,2371,3294844.99
CL432761,INE062A01020,SBIN,2769,0,2769,2552255.1
CL401793,INE238A01026,AXISBANK,1896,0,1896,3286026.33
CL759585,INE238A01026,AXISBANK,2568,0,2568,6993774.19
CL086224,INE001A01036,HDFC,2261,0,2261,1140942.65
CL304656,INE090A01021,ICICIBANK,2051,0,2051,1685703.74
CL721814,INE018A01030,LT,1980,0,1980,1728116.02
CL699217,INE154A01025,ITC,136,0,136,167335.51
CL282196,INE090A01021,ICICIBANK,1228,0,1228,1160002.61
CL126285,INE238A01026,AXISBANK,125,62,187,480235.52
CL223776,INE001A01036,HDFC,2688,0,2688,4382911.53
CL110787,INE062A01020,SBIN,2467,0,2467,1308197.6
CL019952,INE009A01021,INFY,2359,0,2359,351409.03
CL270037,INE009A01021,INFY,1947,110,2057,3932285.72
CL097178,INE018A01030,LT,2112,0,2112,2015752.07
CL616246,INE018A01030,LT,1601,0,1601,1946774.22
CL411831,INE018A01030,LT,2193,0,2193,2728449.52
CL667802,INE238A01026,AXISBANK,1777,0,1777,3744133.09
CL785967,INE062A01020,SBIN,1332,122,1454,1755800.13
CL019275,INE001A01036,HDFC,2056,0,2056,5632057.13
CL397410,INE154A01025,ITC,115,0,115,330950.21
CL851613,INE155A01022,TATAMOTORS,758,0,758,1537349.56
CL420768,INE001A01036,HDFC,1365,0,1365,2717179.61
CL537771,INE001A01036,HDFC,1113,0,1113,414326.31
CL468603,INE009A01021,INFY,2010,114,2124,1564052.21
CL406930,INE001A01036,HDFC,651,0,651,1452861.98
CL560309,INE009A01021,INFY,1916,0,1916,2070130.34
CL422609,INE090A01021,ICICIBANK,191,0,191,52721.74
CL623177,INE009A01021,INFY,512,144,656,867959.56
CL059470,INE062A01020,SBIN,1587,0,1587,4530944.78
CL210848,INE018A01030,LT,2702,0,2702,6206849.19
CL831321,INE002A01018,RELIANCE,2449,84,2533,4837413.08
CL980736,INE237A01028,KOTAKBANK,2403,0,2403,6245088.87
CL959455,INE062A01020,SBIN,2871,0,2871,5727376.08
CL666786,INE237A01028,KOTAKBANK,234,0,234,90991.08
CL915692,INE238A01026,AXISBANK,468,0,468,1033393.36
CL757672,INE155A01022,TATAMOTORS,1547,0,1547,3969622.74
CL193753,INE018A01030,LT,577,0,577,1385741.47
CL459617,INE090A01021,ICICIBANK,592,0,592,1540693.48
CL237125,INE001A01036,HDFC,565,193,758,326990.15
CL845982,INE237A01028,KOTAKBANK,1392,0,1392,1759373.74
CL338623,INE018A01030,LT,334,0,334,719357.65
CL978552,INE001A01036,HDFC,2894,0,2894,6987125.29
CL999666,INE090A01021,ICICIBANK,1724,0,1724,1082889.88
CL417829,INE154A01025,ITC,2987,0,2987,2929590.8
CL532995,INE002A01018,RELIANCE,1725,0,1725,4885221.8
CL047985,INE002A01018,RELIANCE,2210,0,2210,6011057.79
CL623321,INE090A01021,ICICIBANK,42,0,42,98902.77
CL210177,INE018A01030,LT,2229,0,2229,447856.28
CL903263,INE237A01028,KOTAKBANK,1012,0,1012,1641235.57
CL460034,INE238A01026,AXISBANK,188,0,188,38685.75
CL264892,INE238A01026,AXISBANK,1100,0,1100,379332.31
CL086926,INE155A01022,TATAMOTORS,2770,133,2903,8124551.74
CL324691,INE155A01022,TATAMOTORS,1380,0,1380,436326.01
CL727896,INE155A01022,TATAMOTORS,2310,0,2310,2451040.96
CL680948,INE001A01036,HDFC,358,0,358,292010.52
CL633217,INE062A01020,SBIN,503,0,503,1297739.29
CL450299,INE018A01030,LT,1346,0,1346,483372.93
CL025216,INE090A01021,ICICIBANK,1410,0,1410,3665370.77
CL206304,INE237A01028,KOTAKBANK,2233,25,2258,4919480.12
CL593769,INE090A01021,ICICIBANK,2139,21,2160,4001408.47
CL185337,INE090A01021,ICICIBANK,2542,0,2542,1054004.21
CL626022,INE154A01025,ITC,2645,154,2799,2799679.55
CL992462,INE155A01022,TATAMOTORS,398,251,649,1146259.08
CL124018,INE001A01036,HDFC,1935,0,1935,1825418.5
CL142137,INE009A01021,INFY,1465,0,1465,884366.26
CL902455,INE018A01030,LT,2905,60,2965,4283162.56
CL339662,INE002A01018,RELIANCE,262,0,262,281715.2
CL089845,INE155A01022,TATAMOTORS,2566,0,2566,3958927.83
CL437059,INE155A01022,TATAMOTORS,2310,0,2310,708788.11
CL225211,INE002A01018,RELIANCE,2118,238,2356,3282885.33
CL152945,INE001A01036,HDFC,2108,0,2108,2382964.23
CL642789,INE018A01030,LT,2288,0,2288,338382.65
CL695702,INE018A01030,LT,1353,38,1391,1390284.6
CL391072,INE237A01028,KOTAKBANK,812,0,812,1694195.4
CL510080,INE238A01026,AXISBANK,1797,0,1797,4673100.41
CL085385,INE154A01025,ITC,189,0,189,83948.58
CL602511,INE155A01022,TATAMOTORS,1193,0,1193,2003582.44
CL812244,INE155A01022,TATAMOTORS,53,0,53,6960.99
CL054195,INE155A01022,TATAMOTORS,988,0,988,2764583.86
CL446257,INE237A01028,KOTAKBANK,1114,0,1114,577659.26
CL511361,INE009A01021,INFY,256,52,308,700495.05
CL048687,INE155A01022,TATAMOTORS,1878,0,1878,4905113.25
CL251693,INE090A01021,ICICIBANK,1569,0,1569,1305222.38
CL407963,INE002A01018,RELIANCE,1401,0,1401,1111888.62
CL505514,INE018A01030,LT,2909,0,2909,6390187.6
CL510627,INE155A01022,TATAMOTORS,481,0,481,782406.82
CL541964,INE001A01036,HDFC,1035,0,1035,954751.68
CL330639,INE090A01021,ICICIBANK,626,0,626,764717.49
CL924910,INE002A01018,RELIANCE,559,0,559,1047898.55
CL978651,INE155A01022,TATAMOTORS,1620,0,1620,1921236.48
CL679357,INE090A01021,ICICIBANK,466,0,466,1327234.82
CL098650,INE001A01036,HDFC,1561,0,1561,2867881.55
CL842353,INE002A01018,RELIANCE,1249,122,1371,756593.56
CL472447,INE062A01020,SBIN,1445,0,1445,3414943.87
CL643460,INE090A01021,ICICIBANK,2990,0,2990,6516840.65
CL666686,INE090A01021,ICICIBANK,1945,0,1945,5419202.86
CL967476,INE002A01018,RELIANCE,1824,0,1824,1618223.07
CL677034,INE154A01025,ITC,134,0,134,146852.21
CL230716,INE237A01028,KOTAKBANK,2482,247,2729,772519.55
CL982745,INE237A01028,KOTAKBANK,462,0,462,783856.24
CL375983,INE009A01021,INFY,67,0,67,92558.26
CL339878,INE154A01025,ITC,2075,0,2075,4661480.51
CL151846,INE154A01025,ITC,1714,0,1714,3842386.57
CL599661,INE237A01028,KOTAKBANK,2516,0,2516,5967882.9
CL406334,INE237A01028,KOTAKBANK,1816,0,1816,4227354.72
CL030978,INE154A01025,ITC,2130,0,2130,3466840.78
CL959435,INE154A01025,ITC,1756,0,1756,4506359.67
CL297285,INE238A01026,AXISBANK,2358,0,2358,6834008.02
CL223179,INE001A01036,HDFC,2106,0,2106,1079714.92
CL941112,INE238A01026,AXISBANK,1559,0,1559,3126853.22
CL782418,INE154A01025,ITC,2753,0,2753,1454985.54
CL908362,INE237A01028,KOTAKBANK,863,0,863,735543.84
CL210772,INE237A01028,KOTAKBANK,1631,0,1631,2730803.6
CL773729,INE001A01036,HDFC,1922,86,2008,945578.48
CL847303,INE009A01021,INFY,1339,0,1339,2640313.41
CL451176,INE001A01036,HDFC,1472,0,1472,2657967.28
CL249887,INE001A01036,HDFC,2795,0,2795,5077021.17
CL512152,INE155A01022,TATAMOTORS,1261,0,1261,2650156.9
CL440480,INE238A01026,AXISBANK,2516,0,2516,6679593.32
CL510754,INE002A01018,RELIANCE,2476,0,2476,6697258.74
CL607558,INE001A01036,HDFC,2700,0,2700,5286970.9
CL486121,INE155A01022,TATAMOTORS,2500,0,2500,3275219.11
CL023260,INE154A01025,ITC,1482,0,1482,2781667.82
CL005362,INE238A01026,AXISBANK,144,0,144,208313.92
CL979130,INE154A01025,ITC,842,0,842,910583.17
CL581454,INE154A01025,ITC,2440,0,2440,4492347.6
CL456174,INE018A01030,LT,525,0,525,1235562.33
CL812081,INE001A01036,HDFC,1500,0,1500,3008387.67
CL542811,INE002A01018,RELIANCE,1209,0,1209,3522438.32
CL680002,INE155A01022,TATAMOTORS,2766,0,2766,6876798.71
CL538427,INE090A01021,ICICIBANK,459,230,689,1637440.35
CL418706,INE238A01026,AXISBANK,1419,0,1419,1045069.68
CL362140,INE238A01026,AXISBANK,2323,0,2323,1809330.84
CL383875,INE154A01025,ITC,2572,0,2572,2823325.78
CL832410,INE002A01018,RELIANCE,1825,0,1825,1338384.24
CL716514,INE155A01022,TATAMOTORS,2857,0,2857,7476764.04
CL756535,INE155A01022,TATAMOTORS,2670,0,2670,6157616.42
CL392931,INE238A01026,AXISBANK,2522,0,2522,4673821.08
CL434186,INE002A01018,RELIANCE,1132,0,1132,367162.48
CL382871,INE001A01036,HDFC,2315,294,2609,4566640.12
CL092598,INE238A01026,AXISBANK,905,0,905,133431.61
CL597297,INE090A01021,ICICIBANK,2111,217,2328,5268233.61
CL658288,INE018A01030,LT,2087,0,2087,2262152.67
CL846105,INE001A01036,HDFC,2357,0,2357,2871527.98
CL020642,INE009A01021,INFY,387,0,387,663264.38
CL479685,INE009A01021,INFY,804,0,804,689336.42
CL766890,INE154A01025,ITC,591,0,591,908292.77
CL870586,INE009A01021,INFY,2218,242,2460,6537207.05
CL992652,INE238A01026,AXISBANK,1046,0,1046,2544296.71
CL535733,INE009A01021,INFY,290,179,469,1295485.51
CL520398,INE001A01036,HDFC,1837,88,1925,5377532.83
CL977645,INE062A01020,SBIN,126,0,126,44293.17
CL676939,INE155A01022,TATAMOTORS,2167,0,2167,1175526.81
CL680931,INE001A01036,HDFC,1353,0,1353,1596769.28
CL979068,INE238A01026,AXISBANK,1134,0,1134,685710.64
CL166130,INE238A01026,AXISBANK,2716,0,2716,1139656.05
CL368467,INE001A01036,HDFC,172,0,172,465861.76
CL992969,INE018A01030,LT,2222,0,2222,5722567.7
CL196651,INE009A01021,INFY,1639,0,1639,306825.34
CL646546,INE090A01021,ICICIBANK,2059,0,2059,3707943.4
CL683927,INE009A01021,INFY,622,0,622,823658.62
CL067278,INE237A01028,KOTAKBANK,1313,0,1313,3898848.9
CL421787,INE155A01022,TATAMOTORS,224,196,420,351134.42
CL476700,INE062A01020,SBIN,1661,0,1661,1166341.48
CL064347,INE238A01026,AXISBANK,2954,0,2954,4411878.02
CL303851,INE062A01020,SBIN,1919,0,1919,2464860.75
CL394322,INE018A01030,LT,1644,0,1644,651641.49
CL552572,INE154A01025,ITC,707,0,707,278823.11
CL764558,INE090A01021,ICICIBANK,2338,0,2338,4603971.08
CL676182,INE090A01021,ICICIBANK,593,0,593,1449353.06
CL906756,INE155A01022,TATAMOTORS,1356,0,1356,2659775.21
CL986996,INE090A01021,ICICIBANK,1502,0,1502,1218433.38
CL761389,INE238A01026,AXISBANK,986,104,1090,371118.51
CL359899,INE155A01022,TATAMOTORS,2116,0,2116,486716.04
CL448259,INE018A01030,LT,1038,134,1172,384797.66
CL259276,INE009A01021,INFY,2470,0,2470,2425983.81
CL789560,INE237A01028,KOTAKBANK,1543,0,1543,1574549.98
CL340232,INE002A01018,RELIANCE,430,0,430,978318.8
CL402096,INE001A01036,HDFC,2450,139,2589,6866280.05
CL840593,INE238A01026,AXISBANK,824,213,1037,2773029.29
CL653205,INE002A01018,RELIANCE,1479,0,1479,4066775.11
CL391754,INE002A01018,RELIANCE,368,0,368,140984.84
CL732165,INE062A01020,SBIN,2960,0,2960,7814904.25
CL032870,INE062A01020,SBIN,550,0,550,242208.54
CL991464,INE155A01022,TATAMOTORS,511,0,511,1197599.38
CL529684,INE018A01030,LT,372,0,372,477859.2
CL633103,INE154A01025,ITC,1868,95,1963,1376073.91
CL444269,INE090A01021,ICICIBANK,2847,0,2847,8015954.77
CL194906,INE002A01018,RELIANCE,2154,0,2154,5144571.04
CL441697,INE238A01026,AXISBANK,2989,0,2989,3156450.8
CL460677,INE155A01022,TATAMOTORS,2180,0,2180,2035908.47
CL786561,INE237A01028,KOTAKBANK,117,163,280,731251.29
CL160629,INE018A01030,LT,1523,0,1523,281870.41
CL149835,INE090A01021,ICICIBANK,2900,0,2900,7860440.02
CL890493,INE002A01018,RELIANCE,2348,0,2348,6638361.85
CL329781,INE001A01036,HDFC,1674,0,1674,1171394.73
CL137134,INE238A01026,AXISBANK,1892,297,2189,5191116.14
CL125511,INE062A01020,SBIN,1810,290,2100,4829752.71
CL060118,INE154A01025,ITC,681,0,681,662175.62
CL765315,INE001A01036,HDFC,2619,0,2619,5281155.86
CL654229,INE009A01021,INFY,2995,21,3016,7874715.78
CL351095,INE009A01021,INFY,2653,0,2653,3691121.12
CL785709,INE002A01018,RELIANCE,2585,0,2585,7747712.77
CL554953,INE002A01018,RELIANCE,1345,0,1345,2647030.3
CL443419,INE062A01020,SBIN,2417,0,2417,1779224.27
CL334539,INE238A01026,AXISBANK,638,55,693,860446.63
CL058569,INE001A01036,HDFC,2795,0,2795,2998308.13
CL433403,INE090A01021,ICICIBANK,2003,0,2003,637103.52
CL879055,INE238A01026,AXISBANK,2408,0,2408,3934953.05
CL254251,INE018A01030,LT,95,0,95,240819.86
CL035206,INE062A01020,SBIN,1907,0,1907,5351776.46
CL923745,INE238A01026,AXISBANK,1630,0,1630,730746.81
CL019754,INE002A01018,RELIANCE,692,0,692,1616853.3
CL264869,INE154A01025,ITC,1049,0,1049,1736446.93
CL546753,INE237A01028,KOTAKBANK,2796,0,2796,4423828.03
CL234226,INE002A01018,RELIANCE,1032,0,1032,1451594.28
CL387663,INE002A01018,RELIANCE,115,0,115,102553.17
CL905593,INE238A01026,AXISBANK,1220,0,1220,3347073.46
CL209690,INE238A01026,AXISBANK,1927,0,1927,3962166.05
CL070869,INE002A01018,RELIANCE,2015,0,2015,1420952.49
CL995741,INE002A01018,RELIANCE,2884,0,2884,8534604.33
CL932682,INE154A01025,ITC,997,0,997,1728319.51
CL927005,INE002A01018,RELIANCE,1021,0,1021,555126.8
CL005287,INE155A01022,TATAMOTORS,1186,0,1186,2640211.09
CL806464,INE237A01028,KOTAKBANK,2354,0,2354,3750641.71
CL236353,INE155A01022,TATAMOTORS,1813,0,1813,4013482.89
CL481879,INE001A01036,HDFC,2819,0,2819,4363951.37
CL244743,INE062A01020,SBIN,1268,247,1515,4070602.3
CL611589,INE155A01022,TATAMOTORS,33,258,291,269358.61
CL968804,INE155A01022,TATAMOTORS,362,0,362,379607.13
CL710741,INE001A01036,HDFC,2947,0,2947,2925563.28
CL169444,INE062A01020,SBIN,451,0,451,692001.58
CL948933,INE154A01025,ITC,2027,0,2027,4407701.09
CL034716,INE062A01020,SBIN,2868,0,2868,4577615.92
CL890980,INE062A01020,SBIN,77,26,103,163251.99
CL391678,INE009A01021,INFY,2614,0,2614,3005984.1
CL536312,INE090A01021,ICICIBANK,602,0,602,417808.32
CL514928,INE009A01021,INFY,1769,0,1769,2035340.98
CL543831,INE002A01018,RELIANCE,2954,286,3240,2971279.29
CL879263,INE009A01021,INFY,232,0,232,472857.87
CL495975,INE237A01028,KOTAKBANK,2582,0,2582,1065962.94
CL514211,INE237A01028,KOTAKBANK,1110,0,1110,1664460.44
CL647835,INE155A01022,TATAMOTORS,1799,143,1942,2432462.34
CL111281,INE154A01025,ITC,1398,0,1398,3834356.38
CL489737,INE062A01020,SBIN,2731,0,2731,974042.51
CL685281,INE155A01022,TATAMOTORS,544,0,544,364581.66
CL884569,INE155A01022,TATAMOTORS,2720,0,2720,7569946.94
CL951971,INE090A01021,ICICIBANK,2696,0,2696,780154.72
CL931676,INE090A01021,ICICIBANK,59,0,59,19921.04
CL568020,INE155A01022,TATAMOTORS,369,176,545,945304.24
CL343068,INE002A01018,RELIANCE,1676,0,1676,4291353.96
CL675665,INE018A01030,LT,113,0,113,197376.14
CL541534,INE002A01018,RELIANCE,2265,0,2265,967988.51
CL840651,INE062A01020,SBIN,991,261,1252,1172526.55
CL645431,INE237A01028,KOTAKBANK,1398,0,1398,1361020.94
CL107889,INE009A01021,INFY,1416,0,1416,3477308.12
CL226398,INE238A01026,AXISBANK,1810,0,1810,518726.73
CL318073,INE001A01036,HDFC,759,0,759,468071.65
CL335971,INE018A01030,LT,51,0,51,146519.68
CL524169,INE237A01028,KOTAKBANK,1606,0,1606,4213926.78
CL526894,INE154A01025,ITC,2001,0,2001,5455266.5
CL302051,INE238A01026,AXISBANK,549,117,666,281391.08
CL488787,INE154A01025,ITC,2538,0,2538,3625116.31
CL266835,INE002A01018,RELIANCE,857,0,857,949746.14
CL297974,INE237A01028,KOTAKBANK,765,0,765,2000238.92
CL310817,INE009A01021,INFY,1415,0,1415,3677023.39
CL376888,INE154A01025,ITC,1788,144,1932,2146889.95
CL849168,INE238A01026,AXISBANK,2727,0,2727,6278935.11
CL695767,INE062A01020,SBIN,533,0,533,1568699.69
CL972600,INE009A01021,INFY,1767,0,1767,2048646.51
CL514552,INE062A01020,SBIN,1505,0,1505,595491.98
CL069106,INE237A01028,KOTAKBANK,2358,0,2358,5782183.77
CL211395,INE155A01022,TATAMOTORS,1433,0,1433,4080851.73
CL301666,INE018A01030,LT,911,0,911,2547714.04
CL946851,INE154A01025,ITC,2716,0,2716,739181.56
CL730619,INE001A01036,HDFC,2404,0,2404,3143699.19
CL541331,INE062A01020,SBIN,1623,0,1623,3739969.74
CL148247,INE238A01026,AXISBANK,117,102,219,354667.35
CL072072,INE237A01028,KOTAKBANK,687,0,687,831390.48
CL787164,INE002A01018,RELIANCE,749,0,749,1462568.65
CL014815,INE238A01026,AXISBANK,57,292,349,58412.9
CL301129,INE090A01021,ICICIBANK,2347,76,2423,2578481.0
CL603906,INE238A01026,AXISBANK,1389,0,1389,1985487.85
CL380879,INE237A01028,KOTAKBANK,1079,178,1257,3123513.71
CL206675,INE237A01028,KOTAKBANK,2992,0,2992,8199478.58
CL993239,INE062A01020,SBIN,1808,0,1808,2462531.78
CL244103,INE009A01021,INFY,2180,0,2180,5004938.81
CL350075,INE090A01021,ICICIBANK,3,0,3,7693.79
CL658111,INE002A01018,RELIANCE,1958,60,2018,2781556.72
CL537299,INE237A01028,KOTAKBANK,2470,0,2470,1371757.89
CL597899,INE062A01020,SBIN,1936,254,2190,5162251.53
CL970952,INE009A01021,INFY,1379,253,1632,2199368.5
CL008023,INE090A01021,ICICIBANK,2067,0,2067,1378854.54
CL457383,INE002A01018,RELIANCE,2994,155,3149,2894543.52
CL254260,INE238A01026,AXISBANK,1173,0,1173,2139154.95
CL689481,INE090A01021,ICICIBANK,625,0,625,1077985.85
CL573948,INE237A01028,KOTAKBANK,2946,0,2946,3161296.16
CL015694,INE237A01028,KOTAKBANK,1090,0,1090,582650.35
CL379415,INE154A01025,ITC,715,126,841,1963194.64
CL554921,INE155A01022,TATAMOTORS,956,0,956,788560.81
CL284919,INE237A01028,KOTAKBANK,1663,0,1663,4854572.26
CL667964,INE154A01025,ITC,2886,0,2886,4265653.04
CL023612,INE001A01036,HDFC,1911,0,1911,2899892.04
CL055218,INE237A01028,KOTAKBANK,2058,0,2058,2359526.94
CL448786,INE154A01025,ITC,680,0,680,322883.26
CL808957,INE154A01025,ITC,617,0,617,740779.61
CL634292,INE090A01021,ICICIBANK,1339,0,1339,3888500.24
CL627481,INE001A01036,HDFC,93,0,93,278142.87
CL116593,INE062A01020,SBIN,470,0,470,752167.1
CL220158,INE062A01020,SBIN,2559,0,2559,6877799.88
CL093203,INE018A01030,LT,1320,246,1566,4686589.06
CL975972,INE062A01020,SBIN,538,0,538,489147.76
CL534812,INE009A01021,INFY,552,0,552,1248637.37
CL407900,INE002A01018,RELIANCE,2033,0,2033,6030730.89
CL069041,INE009A01021,INFY,1269,0,1269,1997662.54
CL984560,INE154A01025,ITC,1983,0,1983,3627038.9
CL912044,INE155A01022,TATAMOTORS,601,0,601,1342775.99
CL122495,INE154A01025,ITC,2826,0,2826,1191321.63
CL092048,INE090A01021,ICICIBANK,327,0,327,675426.61
CL716454,INE018A01030,LT,617,0,617,364029.96
CL735023,INE001A01036,HDFC,628,0,628,124690.98
CL917354,INE062A01020,SBIN,1956,0,1956,2104444.68
CL372793,INE009A01021,INFY,1091,0,1091,933437.21
CL814623,INE001A01036,HDFC,440,139,579,1110981.35
CL534859,INE001A01036,HDFC,2488,126,2614,4467700.22
CL064744,INE002A01018,RELIANCE,1742,115,1857,1683620.16
CL235962,INE090A01021,ICICIBANK,759,0,759,282929.0
CL104584,INE062A01020,SBIN,1288,0,1288,3628751.2
CL121124,INE154A01025,ITC,181,0,181,542155.94
CL253874,INE001A01036,HDFC,1333,129,1462,2508417.86
CL535774,INE238A01026,AXISBANK,1401,248,1649,266416.13
CL099725,INE018A01030,LT,2483,0,2483,4472822.75
CL218358,INE002A01018,RELIANCE,2757,0,2757,7081335.76
CL768603,INE155A01022,TATAMOTORS,1904,0,1904,1804633.79
CL269327,INE018A01030,LT,2306,0,2306,6606406.8
CL597631,INE155A01022,TATAMOTORS,1924,0,1924,2752722.32
CL584289,INE018A01030,LT,1908,0,1908,1597680.57
CL576463,INE155A01022,TATAMOTORS,187,0,187,89354.18
CL041096,INE062A01020,SBIN,1034,0,1034,334670.11
CL018079,INE155A01022,TATAMOTORS,2732,0,2732,7993530.45
CL723576,INE090A01021,ICICIBANK,1002,0,1002,2523821.61
CL100904,INE154A01025,ITC,1355,0,1355,3174731.24
CL757991,INE154A01025,ITC,2734,48,2782,7437168.87
CL935207,INE154A01025,ITC,1125,0,1125,761177.49
CL633830,INE062A01020,SBIN,2218,0,2218,5569189.54
CL415847,INE002A01018,RELIANCE,186,0,186,464606.99
CL464539,INE154A01025,ITC,2423,109,2532,4122847.4
CL013693,INE155A01022,TATAMOTORS,1688,0,1688,1127831.07
CL734707,INE018A01030,LT,2782,33,2815,3172556.15
CL404174,INE238A01026,AXISBANK,2914,165,3079,7713868.48
CL081866,INE154A01025,ITC,1087,0,1087,1408441.23
CL991771,INE238A01026,AXISBANK,1042,0,1042,976849.21
CL171195,INE238A01026,AXISBANK,2537,0,2537,4665987.61
CL609772,INE238A01026,AXISBANK,999,0,999,133563.8
CL209986,INE238A01026,AXISBANK,2464,200,2664,3073321.83
CL356342,INE238A01026,AXISBANK,222,0,222,319830.9
CL015014,INE018A01030,LT,1615,251,1866,3223096.13
CL037576,INE155A01022,TATAMOTORS,2326,0,2326,1579239.46
CL837653,INE154A01025,ITC,2706,0,2706,5944885.78
CL360926,INE009A01021,INFY,2492,0,2492,1253826.05
CL291848,INE009A01021,INFY,297,0,297,465916.71
CL070081,INE155A01022,TATAMOTORS,2976,0,2976,7336755.85
CL730895,INE238A01026,AXISBANK,1161,0,1161,305021.76
CL210013,INE155A01022,TATAMOTORS,2424,0,2424,7143078.83
CL033344,INE001A01036,HDFC,1463,0,1463,215935.55
CL774764,INE237A01028,KOTAKBANK,1763,0,1763,609381.03
CL529658,INE018A01030,LT,507,0,507,142003.32
CL128432,INE002A01018,RELIANCE,400,0,400,908094.58
CL145643,INE154A01025,ITC,940,0,940,2572520.32
CL732254,INE090A01021,ICICIBANK,2807,0,2807,7483200.78
CL210220,INE155A01022,TATAMOTORS,2954,0,2954,4653101.27
CL969055,INE155A01022,TATAMOTORS,361,0,361,801170.65
CL730793,INE001A01036,HDFC,1727,0,1727,2126949.35
CL647008,INE238A01026,AXISBANK,1246,144,1390,3011022.16
CL799479,INE001A01036,HDFC,1795,0,1795,2654554.21
CL654347,INE090A01021,ICICIBANK,1887,0,1887,3534677.49
CL767700,INE009A01021,INFY,559,0,559,626157.42
CL080496,INE018A01030,LT,2803,132,2935,8405056.35
CL954464,INE001A01036,HDFC,2355,0,2355,2243840.89
CL371032,INE009A01021,INFY,1191,0,1191,125648.62
CL829214,INE238A01026,AXISBANK,2130,0,2130,3225912.55
CL962093,INE002A01018,RELIANCE,2560,0,2560,5898220.59
CL588445,INE001A01036,HDFC,862,0,862,1648751.27
CL126721,INE237A01028,KOTAKBANK,409,46,455,739065.49
CL036542,INE238A01026,AXISBANK,774,0,774,1507360.0
CL055927,INE002A01018,RELIANCE,2193,0,2193,6462841.73
CL871719,INE238A01026,AXISBANK,419,0,419,677198.59
CL672458,INE090A01021,ICICIBANK,2203,0,2203,2441258.42
CL057499,INE018A01030,LT,1081,0,1081,2425607.32
CL524483,INE002A01018,RELIANCE,2473,16,2489,5966192.6
CL373749,INE001A01036,HDFC,61,0,61,33653.6
CL144363,INE062A01020,SBIN,411,0,411,534892.65
CL466832,INE238A01026,AXISBANK,1488,0,1488,2588838.24
CL754787,INE062A01020,SBIN,72,229,301,407983.69
CL553420,INE155A01022,TATAMOTORS,344,154,498,453474.45
CL082909,INE009A01021,INFY,1017,0,1017,2918798.42
CL197139,INE238A01026,AXISBANK,1351,0,1351,346308.69
CL719623,INE001A01036,HDFC,2617,0,2617,1585094.61
CL846836,INE018A01030,LT,1370,0,1370,391815.46
CL474132,INE237A01028,KOTAKBANK,928,103,1031,996852.63
CL940186,INE238A01026,AXISBANK,2870,0,2870,1431980.06
CL600924,INE090A01021,ICICIBANK,995,0,995,481486.28
CL011043,INE154A01025,ITC,1923,0,1923,3369402.74
CL780954,INE238A01026,AXISBANK,2971,56,3027,8762394.14
CL680980,INE155A01022,TATAMOTORS,1738,0,1738,3636108.7
CL706182,INE238A01026,AXISBANK,1414,0,1414,1422111.8
CL631248,INE018A01030,LT,392,0,392,565989.09
CL330796,INE002A01018,RELIANCE,592,0,592,1115968.61
CL188105,INE154A01025,ITC,1307,0,1307,1644896.51
CL989111,INE002A01018,RELIANCE,752,0,752,652496.29
CL689149,INE062A01020,SBIN,980,0,980,531734.73
CL235482,INE018A01030,LT,643,0,643,704178.17
CL756608,INE009A01021,INFY,1491,241,1732,1064730.47
CL524885,INE154A01025,ITC,1847,0,1847,784647.17
CL487527,INE238A01026,AXISBANK,509,0,509,535123.59
CL572642,INE090A01021,ICICIBANK,973,0,973,351617.08
CL708647,INE090A01021,ICICIBANK,1650,0,1650,1542691.91
CL009636,INE018A01030,LT,2934,0,2934,7736611.27
CL778557,INE090A01021,ICICIBANK,316,0,316,159820.28
CL965550,INE062A01020,SBIN,1012,0,1012,1503223.78
CL204999,INE237A01028,KOTAKBANK,1660,0,1660,2987456.79
CL497266,INE002A01018,RELIANCE,1023,0,1023,1167893.16
CL298268,INE018A01030,LT,2864,0,2864,6451616.69
CL080939,INE238A01026,AXISBANK,565,146,711,2039495.06
CL994502,INE155A01022,TATAMOTORS,2153,0,2153,4269304.96
CL355164,INE237A01028,KOTAKBANK,706,0,706,160470.78
CL252494,INE238A01026,AXISBANK,2891,0,2891,8511964.85
CL374732,INE009A01021,INFY,1368,0,1368,2859670.33
CL816256,INE238A01026,AXISBANK,728,0,728,1244852.7
CL471418,INE155A01022,TATAMOTORS,334,237,571,654758.9
CL795528,INE238A01026,AXISBANK,316,0,316,708794.53
CL841207,INE154A01025,ITC,696,0,696,901662.14
CL180525,INE238A01026,AXISBANK,1802,73,1875,4919335.92
CL249183,INE001A01036,HDFC,91,0,91,242338.81
CL878944,INE154A01025,ITC,1244,0,1244,628307.18
CL577633,INE002A01018,RELIANCE,2960,0,2960,2168082.43
CL536789,INE009A01021,INFY,2109,0,2109,2321318.97
CL020146,INE090A01021,ICICIBANK,699,0,699,1809873.42
CL664831,INE237A01028,KOTAKBANK,1954,0,1954,2808365.71
CL804520,INE001A01036,HDFC,2559,0,2559,2214217.53
CL519620,INE090A01021,ICICIBANK,1066,0,1066,307476.85
CL310539,INE237A01028,KOTAKBANK,469,0,469,121121.7
CL516261,INE018A01030,LT,1489,0,1489,3896913.61
CL553100,INE062A01020,SBIN,2952,0,2952,8291892.7
CL348284,INE090A01021,ICICIBANK,1653,298,1951,3585884.54
CL714875,INE238A01026,AXISBANK,76,0,76,36463.32
CL095387,INE237A01028,KOTAKBANK,736,0,736,2096671.59
CL533898,INE237A01028,KOTAKBANK,516,150,666,165630.42
CL623157,INE090A01021,ICICIBANK,934,0,934,2580959.67
CL801738,INE090A01021,ICICIBANK,2217,0,2217,5086344.07
CL732480,INE154A01025,ITC,1864,0,1864,2172858.72
CL559327,INE001A01036,HDFC,2071,0,2071,5759797.58
CL996257,INE018A01030,LT,1627,0,1627,3052929.36
CL991024,INE001A01036,HDFC,573,0,573,80380.23
CL394246,INE238A01026,AXISBANK,1950,0,1950,2830323.96
CL493388,INE238A01026,AXISBANK,1730,0,1730,2948358.57
CL832490,INE154A01025,ITC,1174,0,1174,458030.66
CL456064,INE001A01036,HDFC,1323,0,1323,1891101.21
CL090037,INE002A01018,RELIANCE,2119,0,2119,766838.01
CL694855,INE002A01018,RELIANCE,1047,53,1100,3215312.64
CL004364,INE155A01022,TATAMOTORS,699,0,699,925789.17
CL643996,INE237A01028,KOTAKBANK,1634,0,1634,3144412.42
CL306986,INE238A01026,AXISBANK,277,0,277,654958.48
CL043083,INE154A01025,ITC,2517,0,2517,5571122.5
CL640297,INE154A01025,ITC,2337,0,2337,1163719.66
CL341244,INE001A01036,HDFC,47,0,47,120054.03
CL321681,INE018A01030,LT,1205,0,1205,154561.03
CL740143,INE018A01030,LT,506,0,506,1357124.79
CL840905,INE154A01025,ITC,2745,0,2745,5781623.94
CL461652,INE002A01018,RELIANCE,1848,0,1848,2647959.04
CL386551,INE001A01036,HDFC,2159,0,2159,450023.18
CL839731,INE018A01030,LT,1894,0,1894,3214771.32
CL601103,INE062A01020,SBIN,508,0,508,1395296.68
CL102952,INE237A01028,KOTAKBANK,1831,0,1831,366520.58
CL464268,INE018A01030,LT,2164,0,2164,2999055.51
CL684694,INE001A01036,HDFC,1649,0,1649,3945119.46
CL382736,INE009A01021,INFY,1996,0,1996,237333.78
CL412844,INE154A01025,ITC,409,0,409,595177.08
CL007725,INE009A01021,INFY,2730,0,2730,524647.08
CL289743,INE001A01036,HDFC,2346,66,2412,6823250.53
CL088389,INE001A01036,HDFC,1329,53,1382,2940165.04
CL130321,INE154A01025,ITC,1231,0,1231,2668833.63
CL463079,INE154A01025,ITC,130,163,293,371421.99
CL059800,INE154A01025,ITC,1613,0,1613,1811257.58
CL633173,INE155A01022,TATAMOTORS,2239,0,2239,3719966.26
CL553132,INE018A01030,LT,2403,0,2403,3792511.56
CL445240,INE237A01028,KOTAKBANK,2670,0,2670,2785877.69
CL154983,INE238A01026,AXISBANK,151,0,151,140057.55
CL035054,INE009A01021,INFY,1592,0,1592,1910082.86
CL232607,INE001A01036,HDFC,2863,85,2948,3858765.47
CL508016,INE154A01025,ITC,2667,0,2667,4775392.04
CL270881,INE018A01030,LT,2366,164,2530,6022589.11
CL616049,INE237A01028,KOTAKBANK,28,0,28,45158.19
CL629239,INE009A01021,INFY,1716,0,1716,2288980.76
CL886411,INE062A01020,SBIN,1364,102,1466,3682956.56
CL546807,INE009A01021,INFY,1515,0,1515,266900.39
CL378816,INE090A01021,ICICIBANK,530,0,530,1033817.54
CL422911,INE238A01026,AXISBANK,1074,0,1074,2003428.55
CL499038,INE001A01036,HDFC,770,0,770,1179732.72
CL035633,INE090A01021,ICICIBANK,2058,0,2058,5345455.34
CL094019,INE154A01025,ITC,398,0,398,1095747.21
CL947859,INE001A01036,HDFC,2944,0,2944,4007595.69
CL944322,INE001A01036,HDFC,2411,0,2411,3979685.79
CL416710,INE018A01030,LT,2711,0,2711,1630194.78
CL543858,INE001A01036,HDFC,1920,0,1920,321269.68
CL659405,INE155A01022,TATAMOTORS,1817,0,1817,4229898.72
CL349903,INE001A01036,HDFC,938,0,938,1982524.3
CL827796,INE090A01021,ICICIBANK,1711,285,1996,2591144.43
CL538262,INE001A01036,HDFC,1596,0,1596,3859743.57
CL912013,INE237A01028,KOTAKBANK,1700,0,1700,2611719.42
CL149425,INE238A01026,AXISBANK,1984,0,1984,4158279.41
CL406876,INE238A01026,AXISBANK,2199,0,2199,5512907.28
CL010318,INE090A01021,ICICIBANK,993,0,993,355360.78
CL834087,INE154A01025,ITC,98,0,98,94551.31
CL927889,INE238A01026,AXISBANK,2578,0,2578,4061711.95
CL499172,INE090A01021,ICICIBANK,2988,0,2988,4835043.45
CL684201,INE018A01030,LT,2177,0,2177,2516743.03
CL837247,INE237A01028,KOTAKBANK,722,148,870,1244246.7
CL446930,INE090A01021,ICICIBANK,2939,0,2939,8081000.24
CL163855,INE090A01021,ICICIBANK,1522,0,1522,600969.29
CL324070,INE090A01021,ICICIBANK,2218,0,2218,6279514.5
CL122658,INE001A01036,HDFC,658,0,658,1551158.79
CL204706,INE009A01021,INFY,2671,0,2671,7694483.64
CL987521,INE090A01021,ICICIBANK,774,0,774,689497.31
CL422228,INE001A01036,HDFC,528,0,528,1022261.49
CL819826,INE237A01028,KOTAKBANK,1707,0,1707,4871010.28
CL685886,INE009A01021,INFY,2738,0,2738,2468709.81
CL431144,INE002A01018,RELIANCE,815,0,815,931840.6
CL572187,INE002A01018,RELIANCE,774,0,774,616909.22
CL639094,INE062A01020,SBIN,1610,0,1610,525083.6
CL391451,INE155A01022,TATAMOTORS,1700,0,1700,4844286.12
CL081055,INE237A01028,KOTAKBANK,2497,0,2497,4059997.55
CL590736,INE237A01028,KOTAKBANK,961,0,961,211110.93
CL158871,INE002A01018,RELIANCE,2030,0,2030,2541461.82
CL948354,INE002A01018,RELIANCE,582,0,582,420412.85
CL132845,INE002A01018,RELIANCE,2911,0,2911,1567795.82
CL258605,INE018A01030,LT,596,0,596,916538.31
CL421610,INE237A01028,KOTAKBANK,2874,0,2874,3906280.61
CL270220,INE155A01022,TATAMOTORS,1156,0,1156,1708312.98
CL732857,INE155A01022,TATAMOTORS,91,5,96,62605.97
CL500659,INE154A01025,ITC,1173,0,1173,2029859.21
CL462645,INE002A01018,RELIANCE,2818,0,2818,6081598.07
CL675131,INE002A01018,RELIANCE,976,0,976,540156.04
CL936889,INE062A01020,SBIN,1553,0,1553,4547708.22
CL997330,INE009A01021,INFY,299,0,299,821549.97
CL779775,INE155A01022,TATAMOTORS,354,0,354,781731.74
CL632285,INE237A01028,KOTAKBANK,2495,0,2495,7126880.34
CL037263,INE238A01026,AXISBANK,1044,275,1319,3293935.66
CL045634,INE018A01030,LT,25,0,25,70242.5
CL458099,INE154A01025,ITC,1633,0,1633,3792604.88
CL070875,INE002A01018,RELIANCE,2234,0,2234,3742621.61
CL339214,INE155A01022,TATAMOTORS,591,0,591,888687.77
CL353515,INE155A01022,TATAMOTORS,2508,0,2508,7217243.29
CL005685,INE018A01030,LT,2803,0,2803,1025104.11
CL047774,INE009A01021,INFY,761,0,761,1425109.44
CL195836,INE155A01022,TATAMOTORS,643,75,718,249074.62
CL082631,INE090A01021,ICICIBANK,1380,0,1380,3228300.8
CL925362,INE009A01021,INFY,2157,0,2157,4590867.34
CL493516,INE238A01026,AXISBANK,888,0,888,768292.25
CL455925,INE001A01036,HDFC,2554,0,2554,3726413.9
CL197444,INE090A01021,ICICIBANK,2657,0,2657,5850677.61
CL961417,INE062A01020,SBIN,646,289,935,801584.9
CL491216,INE155A01022,TATAMOTORS,2106,0,2106,5694005.68
CL635187,INE009A01021,INFY,2703,0,2703,6263430.28
CL394557,INE154A01025,ITC,2561,0,2561,6899676.39
CL309763,INE062A01020,SBIN,1247,0,1247,2210744.92
CL528283,INE090A01021,ICICIBANK,642,0,642,675139.7
CL497545,INE018A01030,LT,2274,5,2279,1980622.28
CL474423,INE090A01021,ICICIBANK,2248,0,2248,1792946.43
CL036494,INE238A01026,AXISBANK,395,0,395,481609.29
CL884103,INE238A01026,AXISBANK,621,0,621,466299.05
CL643688,INE062A01020,SBIN,2563,71,2634,3249312.55
CL018217,INE154A01025,ITC,2715,0,2715,6758296.3
CL610916,INE002A01018,RELIANCE,2207,0,2207,4016455.87
CL243719,INE154A01025,ITC,2741,0,2741,5884940.92
CL967532,INE009A01021,INFY,2805,0,2805,6804225.15
CL770316,INE155A01022,TATAMOTORS,2431,0,2431,7122683.44
CL131823,INE001A01036,HDFC,490,0,490,1223365.78
CL666236,INE237A01028,KOTAKBANK,309,246,555,738300.39
CL194163,INE002A01018,RELIANCE,2991,0,2991,4990069.57
CL875903,INE001A01036,HDFC,2679,0,2679,4052414.78
CL399769,INE018A01030,LT,389,0,389,463133.34
CL165701,INE155A01022,TATAMOTORS,985,80,1065,2288113.06
CL278243,INE002A01018,RELIANCE,206,0,206,612322.01
CL647985,INE009A01021,INFY,1711,0,1711,3002552.78
CL756332,INE238A01026,AXISBANK,1603,0,1603,4505925.99
CL353285,INE002A01018,RELIANCE,2625,0,2625,7499973.24
CL112685,INE155A01022,TATAMOTORS,1204,0,1204,1549801.34
CL153175,INE062A01020,SBIN,2759,211,2970,1616641.45
CL191431,INE018A01030,LT,1743,0,1743,1047766.38
CL005533,INE001A01036,HDFC,828,0,828,1031910.29
CL782884,INE237A01028,KOTAKBANK,1595,0,1595,2727413.99
CL182943,INE002A01018,RELIANCE,1139,0,1139,1584736.47
CL488619,INE062A01020,SBIN,2978,0,2978,4308627.2
CL875614,INE090A01021,ICICIBANK,2802,0,2802,7725959.05
CL358718,INE009A01021,INFY,2989,179,3168,1186461.61
CL599793,INE154A01025,ITC,2928,0,2928,7877664.22
CL609773,INE062A01020,SBIN,247,0,247,428614.48
CL891026,INE237A01028,KOTAKBANK,1113,6,1119,1898209.46
CL552829,INE062A01020,SBIN,1248,0,1248,801878.34
CL076149,INE002A01018,RELIANCE,1381,79,1460,3129952.39
CL603416,INE154A01025,ITC,324,0,324,531371.89
CL721319,INE001A01036,HDFC,572,0,572,789701.78
CL235995,INE002A01018,RELIANCE,241,0,241,491101.37
CL655244,INE090A01021,ICICIBANK,1525,0,1525,2310747.98
CL006854,INE001A01036,HDFC,871,0,871,1693743.58
CL265985,INE062A01020,SBIN,821,0,821,824597.26
CL981090,INE009A01021,INFY,861,0,861,2114693.25
CL426462,INE001A01036,HDFC,2965,0,2965,4013428.41
CL356039,INE155A01022,TATAMOTORS,1399,45,1444,727335.15
CL459574,INE154A01025,ITC,848,0,848,1663539.4
CL268983,INE155A01022,TATAMOTORS,621,0,621,1601027.93
CL502106,INE002A01018,RELIANCE,1607,0,1607,3146249.8
CL852237,INE238A01026,AXISBANK,277,0,277,314040.44
CL978921,INE090A01021,ICICIBANK,2781,0,2781,3959051.07
CL398763,INE062A01020,SBIN,2625,0,2625,7616797.09
CL274043,INE001A01036,HDFC,2573,0,2573,2093886.51
CL259277,INE001A01036,HDFC,877,0,877,953938.69
CL118805,INE062A01020,SBIN,1874,0,1874,5197911.43
CL142631,INE009A01021,INFY,951,0,951,1181016.02
CL472259,INE155A01022,TATAMOTORS,1868,0,1868,4789856.59
CL627043,INE238A01026,AXISBANK,2775,0,2775,485808.25
CL553832,INE090A01021,ICICIBANK,448,0,448,1046972.51
CL256729,INE090A01021,ICICIBANK,242,0,242,240566.78
CL749941,INE238A01026,AXISBANK,1282,132,1414,3451733.57
CL802382,INE237A01028,KOTAKBANK,799,0,799,304071.63
CL082103,INE002A01018,RELIANCE,1023,0,1023,2573623.68
CL016480,INE238A01026,AXISBANK,1707,0,1707,4008264.81
CL038438,INE237A01028,KOTAKBANK,2736,0,2736,505621.24
CL670901,INE090A01021,ICICIBANK,882,242,1124,1015397.83
CL114307,INE090A01021,ICICIBANK,2874,0,2874,7100444.71
CL127906,INE154A01025,ITC,2410,0,2410,2890955.5
CL828978,INE238A01026,AXISBANK,194,0,194,347691.41
CL958528,INE009A01021,INFY,2373,0,2373,7092792.87
CL787827,INE062A01020,SBIN,1445,0,1445,3446396.38
CL053885,INE002A01018,RELIANCE,1832,0,1832,2329910.55
CL638792,INE154A01025,ITC,1863,32,1895,4128426.09
CL953720,INE090A01021,ICICIBANK,387,0,387,185094.28
CL336614,INE238A01026,AXISBANK,2756,0,2756,2480878.39
CL141277,INE154A01025,ITC,2163,0,2163,2557865.52
CL256951,INE154A01025,ITC,487,0,487,1361593.07
CL525505,INE002A01018,RELIANCE,2778,0,2778,2267048.22
CL491276,INE018A01030,LT,1886,0,1886,207078.0
CL613265,INE002A01018,RELIANCE,1539,212,1751,5092221.45
CL590451,INE018A01030,LT,1518,0,1518,4107841.37
CL221308,INE002A01018,RELIANCE,1392,145,1537,531697.95
CL260343,INE238A01026,AXISBANK,2682,0,2682,3891797.78
CL723333,INE002A01018,RELIANCE,2521,0,2521,6382341.0
CL627490,INE238A01026,AXISBANK,2785,0,2785,6634445.46
CL168871,INE154A01025,ITC,2209,0,2209,3294458.05
CL436042,INE154A01025,ITC,1372,0,1372,664370.91
CL145159,INE018A01030,LT,2329,0,2329,4428463.61
CL432991,INE090A01021,ICICIBANK,1192,0,1192,2774081.49
CL769589,INE062A01020,SBIN,1376,0,1376,3680687.59
CL142274,INE237A01028,KOTAKBANK,1823,0,1823,4057837.28
CL889484,INE002A01018,RELIANCE,2012,0,2012,4498288.86
CL155026,INE009A01021,INFY,73,0,73,140828.1
CL649854,INE237A01028,KOTAKBANK,261,136,397,1094265.07
CL685960,INE001A01036,HDFC,2204,88,2292,2518565.18
CL102827,INE154A01025,ITC,223,4,227,660663.4
CL643948,INE090A01021,ICICIBANK,1751,4,1755,4777233.65
CL073864,INE090A01021,ICICIBANK,2360,0,2360,2969299.51
CL125948,INE062A01020,SBIN,2059,0,2059,3983670.83
CL970804,INE018A01030,LT,2525,0,2525,4672912.17
CL089200,INE002A01018,RELIANCE,649,0,649,672175.92
CL869550,INE002A01018,RELIANCE,917,0,917,2577790.34
CL791325,INE062A01020,SBIN,1231,176,1407,1005594.58
CL889042,INE238A01026,AXISBANK,1301,0,1301,145095.67
CL325157,INE155A01022,TATAMOTORS,332,0,332,468087.54
CL894927,INE018A01030,LT,2999,0,2999,8846637.94
CL458368,INE238A01026,AXISBANK,941,0,941,1014173.06
CL699638,INE018A01030,LT,1472,0,1472,1192754.85
CL391905,INE001A01036,HDFC,436,0,436,735340.26
CL079125,INE062A01020,SBIN,1391,0,1391,3900923.48
CL082229,INE001A01036,HDFC,738,0,738,266161.94
CL307337,INE090A01021,ICICIBANK,121,0,121,232584.1
CL728241,INE238A01026,AXISBANK,2583,0,2583,5230416.28
CL594062,INE238A01026,AXISBANK,804,0,804,1637393.51
CL755733,INE090A01021,ICICIBANK,1804,0,1804,4524027.99
CL058703,INE238A01026,AXISBANK,2401,0,2401,1113532.81
CL561225,INE002A01018,RELIANCE,952,0,952,1866454.56
CL206864,INE090A01021,ICICIBANK,1717,0,1717,2394486.44
CL165806,INE237A01028,KOTAKBANK,1625,111,1736,3735199.55
CL000835,INE002A01018,RELIANCE,1448,0,1448,1348802.05
CL779040,INE001A01036,HDFC,1725,0,1725,1471900.73
CL570928,INE018A01030,LT,152,0,152,324264.57
CL280741,INE062A01020,SBIN,2876,82,2958,3582120.31
CL739257,INE238A01026,AXISBANK,2813,0,2813,2200712.24
CL190253,INE155A01022,TATAMOTORS,2861,0,2861,7144929.57
CL707082,INE237A01028,KOTAKBANK,2923,0,2923,8542455.1
CL831374,INE001A01036,HDFC,3,0,3,3357.86
CL153728,INE155A01022,TATAMOTORS,1218,0,1218,2681666.64
CL997654,INE062A01020,SBIN,2307,67,2374,1537567.32
CL393730,INE155A01022,TATAMOTORS,1393,0,1393,4156348.81
CL293396,INE009A01021,INFY,2149,0,2149,3213570.6
CL764926,INE155A01022,TATAMOTORS,1425,0,1425,3985070.44
CL797290,INE237A01028,KOTAKBANK,539,219,758,1794197.02
CL001268,INE090A01021,ICICIBANK,295,0,295,711060.19
CL925842,INE062A01020,SBIN,874,0,874,519578.04
CL897037,INE001A01036,HDFC,1848,91,1939,1116696.45
CL301934,INE238A01026,AXISBANK,1936,0,1936,4150804.9
CL831864,INE238A01026,AXISBANK,831,0,831,742905.53
CL338558,INE238A01026,AXISBANK,1431,116,1547,4581206.2
CL643894,INE018A01030,LT,359,0,359,1020646.21
CL000485,INE090A01021,ICICIBANK,2832,5,2837,6594002.72
CL522093,INE238A01026,AXISBANK,1242,0,1242,2874192.39
CL496335,INE237A01028,KOTAKBANK,1332,0,1332,3715370.14
CL316355,INE090A01021,ICICIBANK,1006,0,1006,904883.7
CL014320,INE018A01030,LT,1538,0,1538,4429557.72
CL674466,INE009A01021,INFY,2282,0,2282,3922673.62
CL047045,INE238A01026,AXISBANK,140,0,140,84468.0
CL575734,INE237A01028,KOTAKBANK,1503,0,1503,2739334.13
CL636222,INE002A01018,RELIANCE,1435,0,1435,1905512.33
CL736557,INE018A01030,LT,1739,0,1739,5148281.64
CL502438,INE154A01025,ITC,1676,265,1941,5767515.97
CL187470,INE009A01021,INFY,1786,0,1786,5180278.29
CL423170,INE009A01021,INFY,2846,183,3029,4223541.28
CL167751,INE002A01018,RELIANCE,916,0,916,851607.23
CL199843,INE090A01021,ICICIBANK,2895,0,2895,2498206.81
CL250986,INE237A01028,KOTAKBANK,1267,0,1267,1161262.02
CL130224,INE009A01021,INFY,161,0,161,331379.73
CL176504,INE002A01018,RELIANCE,1374,0,1374,2653503.44
CL969639,INE238A01026,AXISBANK,2364,0,2364,633213.67
CL926265,INE009A01021,INFY,2325,208,2533,638303.67
CL723451,INE090A01021,ICICIBANK,976,0,976,161846.71
CL617416,INE009A01021,INFY,2214,0,2214,5428403.73
CL321275,INE002A01018,RELIANCE,2611,0,2611,294225.11
CL270549,INE090A01021,ICICIBANK,2251,128,2379,6694077.66
CL769909,INE237A01028,KOTAKBANK,1105,0,1105,1516397.49
CL865196,INE237A01028,KOTAKBANK,647,0,647,1160227.85
CL837202,INE237A01028,KOTAKBANK,2157,0,2157,1925729.22
CL935116,INE009A01021,INFY,1830,0,1830,1432479.11
CL712865,INE090A01021,ICICIBANK,2798,135,2933,4362064.59
CL431489,INE155A01022,TATAMOTORS,1727,0,1727,2900302.35
CL025063,INE155A01022,TATAMOTORS,428,170,598,1705993.91
CL212476,INE002A01018,RELIANCE,2694,0,2694,3862665.73
CL325337,INE062A01020,SBIN,1508,283,1791,961728.86
CL060689,INE001A01036,HDFC,2629,0,2629,612933.0
CL841870,INE018A01030,LT,2223,0,2223,3216928.08
CL475530,INE002A01018,RELIANCE,1560,251,1811,2592110.25
CL681777,INE002A01018,RELIANCE,2613,0,2613,1843089.67
CL709263,INE238A01026,AXISBANK,2513,0,2513,1058067.2
CL337694,INE001A01036,HDFC,320,0,320,820637.72
CL680519,INE154A01025,ITC,262,0,262,398789.28
CL959577,INE001A01036,HDFC,1085,0,1085,1405485.37
CL163433,INE018A01030,LT,2183,0,2183,3729333.83
CL817464,INE009A01021,INFY,2563,0,2563,3786415.97
CL592600,INE154A01025,ITC,1737,0,1737,738226.14
CL807870,INE001A01036,HDFC,2189,41,2230,2426976.93
CL170101,INE062A01020,SBIN,2233,0,2233,1377335.36
CL108315,INE155A01022,TATAMOTORS,354,0,354,898070.37
CL147266,INE155A01022,TATAMOTORS,2710,0,2710,6697220.47
CL273073,INE002A01018,RELIANCE,330,0,330,214393.22
CL660928,INE155A01022,TATAMOTORS,2660,0,2660,2172091.37
CL270429,INE238A01026,AXISBANK,589,0,589,792577.92
CL564904,INE090A01021,ICICIBANK,1037,59,1096,739797.27
CL668100,INE062A01020,SBIN,2018,0,2018,3398253.01
CL556348,INE090A01021,ICICIBANK,2186,0,2186,476815.56
CL816954,INE001A01036,HDFC,2485,0,2485,486382.64
CL525484,INE062A01020,SBIN,943,0,943,1608304.7
CL154033,INE090A01021,ICICIBANK,2439,0,2439,3612577.05
CL267352,INE155A01022,TATAMOTORS,2452,93,2545,7275088.94
CL951113,INE237A01028,KOTAKBANK,1660,0,1660,2060410.88
CL048688,INE062A01020,SBIN,1602,0,1602,2041803.07
CL028044,INE090A01021,ICICIBANK,1838,0,1838,2961334.26
CL277800,INE002A01018,RELIANCE,2972,0,2972,8182817.74
CL907636,INE154A01025,ITC,2985,0,2985,4806093.92
CL630347,INE062A01020,SBIN,928,0,928,1464590.93
CL258151,INE238A01026,AXISBANK,1058,0,1058,2485999.78
CL512434,INE090A01021,ICICIBANK,2609,238,2847,3548872.1
CL032687,INE002A01018,RELIANCE,2750,0,2750,2916791.82
CL299114,INE018A01030,LT,577,0,577,1050769.99
CL499095,INE090A01021,ICICIBANK,1155,0,1155,157400.17
CL901973,INE001A01036,HDFC,2803,0,2803,6278185.94
CL767461,INE062A01020,SBIN,1983,0,1983,5748026.02
CL549526,INE001A01036,HDFC,923,0,923,498445.56
CL333464,INE154A01025,ITC,2799,0,2799,8363944.71
CL130143,INE009A01021,INFY,1944,0,1944,2164186.49
CL602466,INE009A01021,INFY,1731,0,1731,2118614.71
CL862126,INE062A01020,SBIN,2732,0,2732,5211476.11
CL634134,INE002A01018,RELIANCE,2687,0,2687,7281780.23
CL518068,INE002A01018,RELIANCE,858,120,978,1892766.17
CL621978,INE009A01021,INFY,1132,0,1132,1173415.54
CL312115,INE001A01036,HDFC,1081,0,1081,705288.15
CL637374,INE237A01028,KOTAKBANK,2745,0,2745,1582512.63
CL838841,INE154A01025,ITC,557,0,557,575549.58
CL860340,INE090A01021,ICICIBANK,2837,0,2837,6661705.21
CL315245,INE154A01025,ITC,1931,0,1931,3668125.66
CL382627,INE090A01021,ICICIBANK,1200,64,1264,1725098.34
CL092251,INE237A01028,KOTAKBANK,824,0,824,2313232.26
CL994735,INE009A01021,INFY,1452,0,1452,2236255.15
CL073931,INE009A01021,INFY,439,0,439,51988.7
CL837060,INE002A01018,RELIANCE,1048,109,1157,967288.47
CL196773,INE062A01020,SBIN,313,0,313,172589.22
CL730027,INE090A01021,ICICIBANK,1798,0,1798,3514115.31
CL473953,INE018A01030,LT,1137,0,1137,2518929.79
CL935792,INE155A01022,TATAMOTORS,567,0,567,77449.94
CL335116,INE237A01028,KOTAKBANK,2663,20,2683,6770928.17
CL149638,INE154A01025,ITC,86,294,380,709238.09
CL934630,INE237A01028,KOTAKBANK,2138,0,2138,1449723.58
CL631081,INE155A01022,TATAMOTORS,1113,0,1113,1165983.54
CL638510,INE237A01028,KOTAKBANK,2990,241,3231,2154042.37
CL958346,INE154A01025,ITC,1978,0,1978,5483838.52
CL801981,INE001A01036,HDFC,1114,0,1114,143001.01
CL833437,INE001A01036,HDFC,292,0,292,453737.5
CL923540,INE237A01028,KOTAKBANK,440,0,440,1189786.14
CL560505,INE002A01018,RELIANCE,365,0,365,830806.48
CL934046,INE002A01018,RELIANCE,1169,0,1169,2453215.66
CL348642,INE002A01018,RELIANCE,1704,0,1704,354281.85
CL153557,INE062A01020,SBIN,1601,0,1601,3937701.1
CL469066,INE238A01026,AXISBANK,1250,0,1250,261878.64
CL091907,INE002A01018,RELIANCE,169,0,169,416606.95
CL971744,INE238A01026,AXISBANK,1565,0,1565,296583.89
CL513252,INE001A01036,HDFC,993,0,993,1430848.64
CL556320,INE001A01036,HDFC,2226,0,2226,2943046.28
CL891392,INE002A01018,RELIANCE,2515,0,2515,1840494.04
CL224284,INE155A01022,TATAMOTORS,1460,0,1460,950745.13
CL678320,INE237A01028,KOTAKBANK,29,0,29,5813.48
CL224532,INE009A01021,INFY,1786,0,1786,1900490.12
CL660630,INE018A01030,LT,1538,66,1604,4515795.37
CL120931,INE018A01030,LT,2206,0,2206,5174407.54
CL655540,INE002A01018,RELIANCE,2943,0,2943,1583275.37
CL793346,INE002A01018,RELIANCE,2296,0,2296,650984.53
CL444995,INE237A01028,KOTAKBANK,2703,109,2812,3352250.05
CL534585,INE001A01036,HDFC,1811,0,1811,3357109.25
CL966875,INE238A01026,AXISBANK,1979,0,1979,833607.58
CL377742,INE238A01026,AXISBANK,2287,0,2287,1933266.18
CL823017,INE009A01021,INFY,2142,0,2142,6236763.0
CL726040,INE062A01020,SBIN,2637,212,2849,4311637.09
CL002412,INE154A01025,ITC,2347,175,2522,5528964.94
CL558697,INE002A01018,RELIANCE,1684,0,1684,588523.37
CL181281,INE062A01020,SBIN,2191,0,2191,5061570.28
CL913403,INE002A01018,RELIANCE,1456,0,1456,289567.62
CL813267,INE238A01026,AXISBANK,1376,0,1376,2857748.54
CL637545,INE238A01026,AXISBANK,2871,0,2871,7387295.03
CL505900,INE062A01020,SBIN,279,0,279,548365.39
CL968481,INE062A01020,SBIN,2286,0,2286,1315692.27
CL686369,INE154A01025,ITC,789,0,789,2214817.0
CL461466,INE009A01021,INFY,2571,253,2824,7469232.53
CL228604,INE001A01036,HDFC,2334,144,2478,1133445.57
CL246154,INE001A01036,HDFC,2297,0,2297,446860.33
CL884156,INE238A01026,AXISBANK,1016,0,1016,2277063.79
CL238729,INE009A01021,INFY,263,0,263,542906.57
CL700817,INE001A01036,HDFC,1349,0,1349,912486.46
CL708739,INE009A01021,INFY,1069,0,1069,2725060.23
CL786543,INE002A01018,RELIANCE,649,0,649,717651.29
CL118187,INE018A01030,LT,555,0,555,86189.92
CL514451,INE155A01022,TATAMOTORS,2587,0,2587,4218715.14
CL617484,INE002A01018,RELIANCE,721,0,721,1498570.25
CL804703,INE155A01022,TATAMOTORS,2716,0,2716,2683517.59
CL693491,INE237A01028,KOTAKBANK,1387,0,1387,1125275.66
CL562418,INE238A01026,AXISBANK,2566,0,2566,5392977.05
CL769952,INE090A01021,ICICIBANK,1359,0,1359,1614982.99
CL774669,INE018A01030,LT,357,0,357,496617.22
CL250574,INE238A01026,AXISBANK,1463,0,1463,2966419.98
CL568145,INE009A01021,INFY,726,202,928,2517452.14
CL815149,INE154A01025,ITC,1480,0,1480,3075944.77
CL921746,INE237A01028,KOTAKBANK,1653,0,1653,4675515.46
CL483302,INE018A01030,LT,2949,152,3101,4340795.93
CL455753,INE154A01025,ITC,1431,0,1431,1243609.71
CL483891,INE001A01036,HDFC,1474,0,1474,489643.97
CL952873,INE237A01028,KOTAKBANK,2703,20,2723,6012606.27
CL814403,INE062A01020,SBIN,248,0,248,372666.02
CL676978,INE237A01028,KOTAKBANK,1619,147,1766,1214936.89
CL803954,INE002A01018,RELIANCE,2573,0,2573,5640148.58
CL193035,INE155A01022,TATAMOTORS,1255,0,1255,1974931.42
CL885690,INE155A01022,TATAMOTORS,1909,254,2163,5539808.88
CL219051,INE018A01030,LT,527,0,527,795559.22
CL457538,INE018A01030,LT,1855,0,1855,2897820.63
CL360592,INE155A01022,TATAMOTORS,1965,0,1965,5458074.03
CL896325,INE090A01021,ICICIBANK,750,73,823,1950039.11
CL323570,INE062A01020,SBIN,1499,251,1750,5142598.02
CL929940,INE018A01030,LT,1866,33,1899,4900173.2
CL761120,INE238A01026,AXISBANK,1367,0,1367,3775457.54
CL737762,INE154A01025,ITC,2581,0,2581,3540243.73
CL029557,INE009A01021,INFY,1800,0,1800,3033383.26
CL917767,INE009A01021,INFY,1614,256,1870,3825223.48
CL272787,INE018A01030,LT,522,112,634,452516.58
CL427056,INE154A01025,ITC,1359,0,1359,2849187.04
CL873915,INE002A01018,RELIANCE,2338,0,2338,2981354.18
CL147587,INE090A01021,ICICIBANK,2759,0,2759,5283719.14
CL359138,INE155A01022,TATAMOTORS,2708,0,2708,8077685.94
CL831868,INE090A01021,ICICIBANK,2338,0,2338,6269118.3
CL185855,INE062A01020,SBIN,1397,150,1547,4492360.29
CL096931,INE001A01036,HDFC,2773,0,2773,5967980.27
CL440211,INE018A01030,LT,1756,0,1756,486338.04
CL896932,INE155A01022,TATAMOTORS,1413,0,1413,1778984.3
CL012442,INE062A01020,SBIN,1678,0,1678,4032203.12
CL234147,INE018A01030,LT,277,0,277,233456.16
CL817072,INE155A01022,TATAMOTORS,2285,0,2285,4021099.15
CL143207,INE062A01020,SBIN,1492,0,1492,4035320.25
CL711444,INE090A01021,ICICIBANK,739,0,739,976818.21
CL094212,INE018A01030,LT,2187,5,2192,687120.89
CL768307,INE001A01036,HDFC,1542,0,1542,956467.71
CL000080,INE009A01021,INFY,1820,0,1820,592262.89
CL579575,INE018A01030,LT,1841,0,1841,1834987.23
CL140433,INE237A01028,KOTAKBANK,2685,0,2685,852321.22
CL022077,INE062A01020,SBIN,736,0,736,1373548.81
CL664603,INE009A01021,INFY,890,39,929,542383.01
CL086945,INE155A01022,TATAMOTORS,540,0,540,646066.53
CL395325,INE002A01018,RELIANCE,578,0,578,135707.11
CL145153,INE009A01021,INFY,584,0,584,770154.14
CL837006,INE155A01022,TATAMOTORS,1769,0,1769,3826374.07
CL928126,INE154A01025,ITC,2134,0,2134,749826.32
CL500123,INE155A01022,TATAMOTORS,2031,0,2031,3018867.16
CL319901,INE090A01021,ICICIBANK,2635,0,2635,5500503.78
CL995436,INE238A01026,AXISBANK,2186,0,2186,718699.7
CL121356,INE018A01030,LT,1670,117,1787,834131.96
CL193668,INE238A01026,AXISBANK,1247,0,1247,3283625.38
CL279515,INE018A01030,LT,2216,0,2216,2028910.2
CL998336,INE154A01025,ITC,972,0,972,834760.81
CL631788,INE002A01018,RELIANCE,2594,273,2867,2147675.25
CL676195,INE155A01022,TATAMOTORS,2653,0,2653,6900422.32
CL199618,INE062A01020,SBIN,1312,0,1312,1583848.52
CL756829,INE009A01021,INFY,625,0,625,747614.38
CL872856,INE237A01028,KOTAKBANK,1123,0,1123,324024.8
CL721313,INE002A01018,RELIANCE,2313,0,2313,1191261.36
CL567100,INE155A01022,TATAMOTORS,2703,0,2703,7254724.49
CL813122,INE155A01022,TATAMOTORS,1785,0,1785,824517.67
CL120103,INE238A01026,AXISBANK,2484,0,2484,2120510.27
CL239717,INE018A01030,LT,606,0,606,1508771.24
CL268562,INE009A01021,INFY,633,270,903,1736154.51
CL553201,INE154A01025,ITC,2313,222,2535,5024116.84
CL187683,INE090A01021,ICICIBANK,1581,0,1581,1326899.32
CL089957,INE018A01030,LT,2636,0,2636,4457827.16
CL067854,INE155A01022,TATAMOTORS,1098,0,1098,1674197.31
CL276615,INE155A01022,TATAMOTORS,1344,0,1344,1558270.17
CL563976,INE001A01036,HDFC,1112,0,1112,2502277.67
CL498398,INE090A01021,ICICIBANK,1009,0,1009,1389007.21
CL053389,INE001A01036,HDFC,1889,0,1889,3145066.54
CL061774,INE018A01030,LT,898,0,898,2348533.29
CL178771,INE238A01026,AXISBANK,583,0,583,1273321.93
CL998717,INE238A01026,AXISBANK,2858,0,2858,1036423.7
CL587633,INE237A01028,KOTAKBANK,1378,0,1378,2077015.93
CL304372,INE009A01021,INFY,2829,0,2829,5667233.82
CL137096,INE001A01036,HDFC,1944,0,1944,5005148.81
CL433498,INE018A01030,LT,1797,0,1797,581225.25
CL145797,INE002A01018,RELIANCE,1195,0,1195,3378221.22
CL189735,INE018A01030,LT,1326,0,1326,932272.18
CL015001,INE001A01036,HDFC,83,0,83,142153.96
CL854052,INE154A01025,ITC,405,0,405,412660.55
CL344879,INE237A01028,KOTAKBANK,2469,0,2469,5678004.13
CL342393,INE237A01028,KOTAKBANK,936,100,1036,1094578.58
CL669497,INE018A01030,LT,2260,285,2545,988529.24
CL907548,INE002A01018,RELIANCE,778,0,778,918543.21
CL733846,INE155A01022,TATAMOTORS,102,0,102,40021.06
CL189510,INE155A01022,TATAMOTORS,2021,0,2021,4880026.64
CL360222,INE002A01018,RELIANCE,179,0,179,278980.9
CL029250,INE237A01028,KOTAKBANK,1259,0,1259,2247311.04
CL553926,INE154A01025,ITC,2128,0,2128,5030798.77
CL033888,INE155A01022,TATAMOTORS,199,0,199,224975.77
CL059332,INE238A01026,AXISBANK,2781,0,2781,4914508.77
CL128631,INE155A01022,TATAMOTORS,2535,258,2793,3096088.79
CL289209,INE062A01020,SBIN,2444,0,2444,4915781.33
CL594039,INE238A01026,AXISBANK,1756,155,1911,1367487.85
CL238332,INE002A01018,RELIANCE,1964,0,1964,2126783.38
CL722839,INE062A01020,SBIN,1733,88,1821,3627524.71
CL686476,INE002A01018,RELIANCE,393,196,589,1101396.97
CL933867,INE238A01026,AXISBANK,1287,0,1287,1560633.87
CL051015,INE002A01018,RELIANCE,1718,0,1718,3335237.24
CL913383,INE090A01021,ICICIBANK,2154,0,2154,3642242.52
CL731111,INE018A01030,LT,2546,284,2830,5566107.06
CL319993,INE002A01018,RELIANCE,1407,0,1407,1719864.6
CL067641,INE154A01025,ITC,2108,0,2108,1286304.05
CL988257,INE237A01028,KOTAKBANK,2243,5,2248,3100404.15
CL329978,INE237A01028,KOTAKBANK,2466,0,2466,3305524.56
CL579517,INE238A01026,AXISBANK,2779,0,2779,6613939.19
CL801529,INE238A01026,AXISBANK,2336,0,2336,1344148.4
CL746047,INE238A01026,AXISBANK,1418,0,1418,2132817.44
CL837046,INE002A01018,RELIANCE,80,0,80,68163.69
CL996444,INE009A01021,INFY,596,0,596,1383325.41
CL972420,INE154A01025,ITC,242,0,242,206311.68
CL916129,INE155A01022,TATAMOTORS,831,0,831,615350.64
CL896267,INE154A01025,ITC,138,0,138,385253.24
CL737689,INE001A01036,HDFC,1458,0,1458,3717394.74
CL631645,INE062A01020,SBIN,1801,0,1801,4542507.28
CL700860,INE002A01018,RELIANCE,2659,0,2659,7193756.37
CL289725,INE002A01018,RELIANCE,1573,7,1580,3567169.91
CL674066,INE237A01028,KOTAKBANK,1968,71,2039,5620556.68
CL702302,INE238A01026,AXISBANK,1864,0,1864,4063122.36
CL414099,INE090A01021,ICICIBANK,1545,94,1639,3696464.07
CL158579,INE154A01025,ITC,2316,0,2316,2973837.06
CL222600,INE154A01025,ITC,1499,0,1499,1931997.22
CL091961,INE238A01026,AXISBANK,1945,0,1945,865042.4
CL401211,INE238A01026,AXISBANK,266,0,266,357117.25
CL495087,INE018A01030,LT,1372,45,1417,1241904.25
CL921238,INE238A01026,AXISBANK,471,142,613,1108120.68
CL487913,INE238A01026,AXISBANK,2339,0,2339,5631730.54
CL451716,INE001A01036,HDFC,177,0,177,130554.25
CL356221,INE062A01020,SBIN,2615,0,2615,5818037.36
CL416101,INE154A01025,ITC,114,0,114,178871.11
CL650412,INE090A01021,ICICIBANK,2950,292,3242,5930612.17
CL003739,INE237A01028,KOTAKBANK,2013,0,2013,5154352.75
CL673254,INE155A01022,TATAMOTORS,2486,0,2486,2226193.92
CL669921,INE237A01028,KOTAKBANK,2963,64,3027,2722637.72
CL500538,INE090A01021,ICICIBANK,1701,0,1701,2855912.32
CL439054,INE155A01022,TATAMOTORS,1271,0,1271,168596.94
CL663879,INE237A01028,KOTAKBANK,815,140,955,2392880.73
CL903654,INE062A01020,SBIN,970,0,970,1062349.93
CL093643,INE154A01025,ITC,1626,0,1626,4297109.34
CL845647,INE237A01028,KOTAKBANK,2758,0,2758,4621227.52
CL332188,INE062A01020,SBIN,383,0,383,795997.25
CL113157,INE154A01025,ITC,947,0,947,2107820.11
CL196784,INE238A01026,AXISBANK,2743,0,2743,7578906.55
CL749182,INE018A01030,LT,99,0,99,150629.97
CL255167,INE009A01021,INFY,716,0,716,576143.66
CL097255,INE062A01020,SBIN,2671,0,2671,2562968.11
CL167382,INE155A01022,TATAMOTORS,468,0,468,930258.44
CL386418,INE155A01022,TATAMOTORS,2529,0,2529,1910123.97
CL453533,INE238A01026,AXISBANK,2783,0,2783,4042446.33
CL060466,INE018A01030,LT,1133,0,1133,2335497.33
CL067183,INE090A01021,ICICIBANK,1162,0,1162,1056734.09
CL466089,INE154A01025,ITC,1689,0,1689,1951029.32
CL334586,INE238A01026,AXISBANK,978,0,978,1561608.01
CL252857,INE018A01030,LT,1564,0,1564,2969225.89
CL465519,INE090A01021,ICICIBANK,2000,0,2000,4571474.51
CL016979,INE009A01021,INFY,1139,94,1233,3530724.69
CL507874,INE002A01018,RELIANCE,255,0,255,403074.36
CL521144,INE155A01022,TATAMOTORS,1969,22,1991,4023421.24
CL483200,INE009A01021,INFY,228,0,228,627330.57
CL045152,INE001A01036,HDFC,2028,81,2109,2167958.6
CL338898,INE009A01021,INFY,1996,0,1996,4377293.94
CL099675,INE237A01028,KOTAKBANK,1866,0,1866,1708059.4
CL246118,INE001A01036,HDFC,31,0,31,37698.77
CL420651,INE018A01030,LT,1598,0,1598,359596.95
CL001748,INE001A01036,HDFC,2026,0,2026,4293278.68
CL585395,INE009A01021,INFY,1146,0,1146,1123867.19
CL155252,INE009A01021,INFY,239,244,483,599917.64
CL240802,INE009A01021,INFY,503,0,503,1478777.32
CL246042,INE062A01020,SBIN,303,0,303,709034.63
CL321265,INE062A01020,SBIN,2164,0,2164,2983979.68
CL379776,INE018A01030,LT,529,0,529,1000975.4
CL867675,INE018A01030,LT,2615,0,2615,4633449.91
CL878179,INE090A01021,ICICIBANK,1967,0,1967,4083513.36
CL359910,INE237A01028,KOTAKBANK,935,0,935,2301062.91
CL780177,INE090A01021,ICICIBANK,1379,0,1379,3429734.23
CL273570,INE238A01026,AXISBANK,729,282,1011,282701.41
CL110895,INE238A01026,AXISBANK,229,0,229,178944.2
CL152561,INE237A01028,KOTAKBANK,310,0,310,185176.35
CL314925,INE018A01030,LT,953,0,953,1479682.73
CL047924,INE002A01018,RELIANCE,2178,0,2178,2599348.86
CL356299,INE155A01022,TATAMOTORS,723,157,880,2365850.77
CL549002,INE154A01025,ITC,1645,0,1645,3803365.62
CL325105,INE090A01021,ICICIBANK,2373,0,2373,5155881.25
CL079174,INE062A01020,SBIN,297,0,297,553199.36
CL596543,INE018A01030,LT,2697,0,2697,3511099.24
CL238915,INE154A01025,ITC,2920,281,3201,2893614.22
CL481836,INE154A01025,ITC,120,0,120,306091.78
CL232052,INE018A01030,LT,1744,0,1744,2829329.22
CL502845,INE062A01020,SBIN,405,0,405,572589.45
CL789606,INE002A01018,RELIANCE,2479,0,2479,672536.0
CL964152,INE090A01021,ICICIBANK,1705,0,1705,321698.27
CL970236,INE062A01020,SBIN,2432,0,2432,4815825.16
CL342378,INE002A01018,RELIANCE,2530,0,2530,5677931.43
CL497991,INE001A01036,HDFC,1636,0,1636,3547327.68
CL222697,INE154A01025,ITC,2382,0,2382,1376194.48
CL435008,INE009A01021,INFY,1741,0,1741,1674146.05
CL780024,INE090A01021,ICICIBANK,2714,0,2714,712461.95
CL228592,INE018A01030,LT,2193,43,2236,2695992.41
CL212296,INE001A01036,HDFC,1018,0,1018,582509.57
CL790759,INE155A01022,TATAMOTORS,1718,0,1718,4799067.85
CL263249,INE154A01025,ITC,109,0,109,223834.89
CL293240,INE238A01026,AXISBANK,1862,0,1862,1512513.86
CL122841,INE090A01021,ICICIBANK,344,0,344,887812.24
CL472689,INE238A01026,AXISBANK,245,0,245,442395.0
CL036490,INE062A01020,SBIN,2855,0,2855,4049793.99
CL122002,INE090A01021,ICICIBANK,2570,0,2570,5089453.36
CL564439,INE009A01021,INFY,431,0,431,476077.46
CL562884,INE237A01028,KOTAKBANK,521,0,521,248311.61
CL411951,INE237A01028,KOTAKBANK,1655,0,1655,2839064.81
CL993314,INE009A01021,INFY,1284,233,1517,800492.07
CL858878,INE237A01028,KOTAKBANK,912,273,1185,2176658.57
CL285173,INE154A01025,ITC,1924,0,1924,2538998.52
CL376585,INE062A01020,SBIN,2277,0,2277,6357563.93
CL326205,INE238A01026,AXISBANK,1396,0,1396,2685318.29
CL294212,INE018A01030,LT,1175,0,1175,2723103.24
CL029439,INE090A01021,ICICIBANK,697,0,697,1995342.99
CL868575,INE238A01026,AXISBANK,922,0,922,818166.54
CL993643,INE237A01028,KOTAKBANK,358,0,358,582800.31
CL387124,INE062A01020,SBIN,2631,0,2631,3212370.49
CL941896,INE009A01021,INFY,151,296,447,897926.54
CL999724,INE154A01025,ITC,618,0,618,1705125.7
CL094925,INE002A01018,RELIANCE,2566,0,2566,6948807.63
CL733259,INE154A01025,ITC,602,0,602,423896.37
CL004828,INE090A01021,ICICIBANK,1521,0,1521,2734505.61
CL358310,INE154A01025,ITC,1144,0,1144,3299487.44
CL211207,INE238A01026,AXISBANK,1447,0,1447,1230386.72
CL450335,INE238A01026,AXISBANK,2202,0,2202,3692180.76
CL423052,INE154A01025,ITC,1293,0,1293,2430882.52
CL972051,INE009A01021,INFY,1385,0,1385,3541202.52
CL143877,INE237A01028,KOTAKBANK,2397,0,2397,1962451.45
CL339691,INE062A01020,SBIN,94,0,94,128580.57
CL345042,INE018A01030,LT,2589,234,2823,7385994.8
CL425700,INE002A01018,RELIANCE,902,0,902,350367.93
CL279425,INE001A01036,HDFC,2216,0,2216,3118148.02
CL503371,INE001A01036,HDFC,1471,0,1471,546240.5
CL599669,INE155A01022,TATAMOTORS,2649,0,2649,4009926.27
CL439209,INE237A01028,KOTAKBANK,1037,28,1065,2322438.87
CL078066,INE001A01036,HDFC,877,0,877,1118912.28
CL890022,INE018A01030,LT,1574,0,1574,214792.9
CL436797,INE238A01026,AXISBANK,919,0,919,256376.99
CL759831,INE155A01022,TATAMOTORS,2169,0,2169,6460914.92
CL965505,INE009A01021,INFY,1704,0,1704,2286991.58
CL461057,INE154A01025,ITC,463,0,463,999789.23
CL255749,INE002A01018,RELIANCE,2451,0,2451,1098061.84
CL151115,INE155A01022,TATAMOTORS,1509,0,1509,1309232.2
CL272808,INE237A01028,KOTAKBANK,1005,0,1005,298037.64
CL189343,INE155A01022,TATAMOTORS,272,234,506,484283.14
CL357254,INE018A01030,LT,1095,0,1095,330313.37
CL184062,INE002A01018,RELIANCE,2203,0,2203,6397454.92
CL886863,INE237A01028,KOTAKBANK,2862,0,2862,1115519.63
CL906736,INE001A01036,HDFC,603,0,603,678239.83
CL435743,INE018A01030,LT,286,0,286,468301.65
CL808518,INE238A01026,AXISBANK,1635,0,1635,168352.6
CL488833,INE018A01030,LT,413,0,413,223308.03
CL712593,INE001A01036,HDFC,681,0,681,542705.5
CL204863,INE018A01030,LT,830,0,830,1602392.26
CL196932,INE062A01020,SBIN,2580,0,2580,3691009.68
CL931571,INE062A01020,SBIN,639,0,639,1679576.89
CL892497,INE238A01026,AXISBANK,2462,0,2462,4037153.2
CL016037,INE238A01026,AXISBANK,1456,0,1456,3830456.17
CL113834,INE018A01030,LT,2720,0,2720,6595895.71
CL444400,INE001A01036,HDFC,1713,0,1713,2241108.14
CL625638,INE018A01030,LT,13,243,256,683728.74
CL586766,INE238A01026,AXISBANK,2795,0,2795,1724083.07
CL919338,INE237A01028,KOTAKBANK,1606,0,1606,3209649.55
CL346306,INE238A01026,AXISBANK,2598,0,2598,7595892.38
CL010842,INE154A01025,ITC,2202,0,2202,6417195.73
CL502866,INE002A01018,RELIANCE,420,0,420,638870.02
CL829164,INE238A01026,AXISBANK,1704,0,1704,2590235.4
CL925141,INE154A01025,ITC,920,0,920,2110809.31
CL124668,INE238A01026,AXISBANK,2492,0,2492,7182796.03
CL144738,INE237A01028,KOTAKBANK,1198,0,1198,2321591.43
CL624171,INE237A01028,KOTAKBANK,2086,0,2086,313977.67
CL494058,INE237A01028,KOTAKBANK,2463,254,2717,2382985.45
CL773986,INE002A01018,RELIANCE,2364,139,2503,5797366.85
CL863554,INE002A01018,RELIANCE,1020,0,1020,724556.2
CL353544,INE238A01026,AXISBANK,1532,0,1532,1000366.5
CL336700,INE001A01036,HDFC,2578,0,2578,7710031.75
CL936924,INE009A01021,INFY,396,286,682,1835591.03
CL769161,INE062A01020,SBIN,1949,0,1949,4545531.95
CL878468,INE062A01020,SBIN,1085,0,1085,197994.64
CL566583,INE090A01021,ICICIBANK,1104,260,1364,1154127.46
CL504284,INE238A01026,AXISBANK,2065,159,2224,4332523.33
CL057344,INE001A01036,HDFC,267,0,267,657953.82
CL908307,INE001A01036,HDFC,312,21,333,286708.83
CL805955,INE090A01021,ICICIBANK,693,55,748,1834967.64
CL343965,INE018A01030,LT,975,166,1141,2693342.5
CL490625,INE062A01020,SBIN,2570,58,2628,6160027.77
CL534790,INE090A01021,ICICIBANK,2717,0,2717,6095306.88
CL022578,INE154A01025,ITC,796,0,796,2012217.85
CL856179,INE090A01021,ICICIBANK,2302,0,2302,6517032.71
CL289963,INE237A01028,KOTAKBANK,1030,273,1303,3862447.65
CL185801,INE002A01018,RELIANCE,1715,0,1715,4645442.65
CL412076,INE238A01026,AXISBANK,1995,0,1995,396744.19
CL426849,INE002A01018,RELIANCE,2515,0,2515,4914215.25
CL097702,INE090A01021,ICICIBANK,634,0,634,1500743.06
CL916435,INE018A01030,LT,802,0,802,1720612.29
CL949646,INE018A01030,LT,1976,0,1976,5455336.18
CL244251,INE155A01022,TATAMOTORS,236,0,236,575830.67
CL100449,INE155A01022,TATAMOTORS,554,0,554,177375.38
CL462708,INE018A01030,LT,741,88,829,1292109.47
CL716055,INE238A01026,AXISBANK,262,0,262,275297.83
CL677311,INE238A01026,AXISBANK,1774,0,1774,1837314.98
CL072179,INE238A01026,AXISBANK,16,0,16,6046.75
CL572299,INE018A01030,LT,2169,0,2169,6243272.9
CL444316,INE018A01030,LT,1602,0,1602,2399603.81
CL389702,INE154A01025,ITC,321,137,458,571047.59
CL908989,INE237A01028,KOTAKBANK,1470,0,1470,2565611.39
CL286784,INE154A01025,ITC,172,0,172,337520.08
CL577877,INE001A01036,HDFC,2451,0,2451,4294819.83
CL711703,INE154A01025,ITC,2386,13,2399,675318.63
CL749946,INE002A01018,RELIANCE,1258,0,1258,130539.63
CL807744,INE001A01036,HDFC,1514,0,1514,3792262.48
CL233052,INE001A01036,HDFC,1393,0,1393,3634503.33
CL718293,INE062A01020,SBIN,2173,113,2286,3532649.72
CL907535,INE090A01021,ICICIBANK,1395,0,1395,448059.81
CL360002,INE090A01021,ICICIBANK,1672,0,1672,743733.56
CL862906,INE238A01026,AXISBANK,2486,0,2486,732949.56
CL350459,INE238A01026,AXISBANK,918,91,1009,283512.63
CL395900,INE155A01022,TATAMOTORS,2720,0,2720,6329525.56
CL867565,INE090A01021,ICICIBANK,1903,0,1903,4787342.56
CL209836,INE001A01036,HDFC,2821,0,2821,2250732.05
CL180216,INE155A01022,TATAMOTORS,599,0,599,1121482.12
CL568448,INE155A01022,TATAMOTORS,779,0,779,1190770.05
CL118636,INE018A01030,LT,1888,0,1888,3973823.92
CL660858,INE062A01020,SBIN,1824,0,1824,4193497.04
CL336343,INE018A01030,LT,1422,135,1557,1561850.82
CL714803,INE154A01025,ITC,2757,0,2757,7184663.08
CL958559,INE009A01021,INFY,2672,0,2672,4749940.95
CL609738,INE237A01028,KOTAKBANK,2850,0,2850,2176559.95
CL186370,INE237A01028,KOTAKBANK,468,0,468,248842.9
CL947065,INE018A01030,LT,1630,0,1630,3911204.16
CL987267,INE238A01026,AXISBANK,1605,0,1605,1722172.53
CL267888,INE018A01030,LT,953,0,953,1071784.42
CL547888,INE237A01028,KOTAKBANK,2290,0,2290,4316273.71
CL876095,INE154A01025,ITC,13,0,13,6803.49
CL091011,INE062A01020,SBIN,137,0,137,370331.94
CL438920,INE062A01020,SBIN,1345,0,1345,3711058.69
CL304042,INE009A01021,INFY,43,0,43,5883.44
CL408728,INE009A01021,INFY,785,0,785,2060076.48
CL484842,INE002A01018,RELIANCE,925,0,925,1814674.01
CL624666,INE009A01021,INFY,1007,0,1007,2255664.04
CL208355,INE154A01025,ITC,877,0,877,967816.01
CL784627,INE062A01020,SBIN,2235,0,2235,1972716.92
CL491285,INE237A01028,KOTAKBANK,2171,0,2171,5900905.84
CL074501,INE238A01026,AXISBANK,2221,0,2221,4968489.72
CL923652,INE155A01022,TATAMOTORS,2391,0,2391,3305535.41
CL897717,INE238A01026,AXISBANK,1113,105,1218,1265640.66
CL966749,INE238A01026,AXISBANK,2385,157,2542,4018398.5
CL313536,INE155A01022,TATAMOTORS,866,0,866,2325816.77
CL544678,INE154A01025,ITC,1823,0,1823,4640697.73
CL214786,INE062A01020,SBIN,2022,0,2022,5783256.59
CL123538,INE154A01025,ITC,1643,0,1643,1178198.47
CL947951,INE237A01028,KOTAKBANK,2175,0,2175,3542445.09
CL963292,INE009A01021,INFY,2749,0,2749,6442294.69
CL318765,INE237A01028,KOTAKBANK,615,0,615,1594321.18
CL720178,INE090A01021,ICICIBANK,2542,0,2542,641280.56
CL395668,INE238A01026,AXISBANK,2832,0,2832,3993460.93
CL188799,INE238A01026,AXISBANK,563,0,563,985549.58
CL828298,INE009A01021,INFY,2193,0,2193,779216.44
CL752492,INE018A01030,LT,940,0,940,1661993.57
CL057077,INE237A01028,KOTAKBANK,2943,219,3162,3010762.47
CL263413,INE155A01022,TATAMOTORS,1146,0,1146,900526.76
CL194564,INE062A01020,SBIN,1678,0,1678,4534214.22
CL470453,INE090A01021,ICICIBANK,2672,0,2672,2156904.99
CL404289,INE002A01018,RELIANCE,983,0,983,2849277.26
CL290857,INE001A01036,HDFC,1528,0,1528,3397815.65
CL542893,INE018A01030,LT,1507,124,1631,992533.65
CL602189,INE090A01021,ICICIBANK,1945,245,2190,3858854.34
CL944647,INE155A01022,TATAMOTORS,1057,0,1057,2841380.31
CL688388,INE238A01026,AXISBANK,2044,0,2044,1138291.31
CL367099,INE009A01021,INFY,2243,0,2243,1229245.33
CL358494,INE155A01022,TATAMOTORS,1610,0,1610,1647761.79
CL306136,INE018A01030,LT,1112,0,1112,2211250.58
CL076363,INE001A01036,HDFC,666,0,666,1156386.2
CL562426,INE238A01026,AXISBANK,553,0,553,838004.11
CL139793,INE155A01022,TATAMOTORS,1031,0,1031,532165.25
CL553066,INE002A01018,RELIANCE,2518,0,2518,6309402.42
CL323870,INE238A01026,AXISBANK,1023,0,1023,1301685.54
CL389558,INE002A01018,RELIANCE,2763,8,2771,3315406.16
CL013131,INE090A01021,ICICIBANK,2842,234,3076,9160620.21
CL164237,INE062A01020,SBIN,1245,46,1291,3568310.87
CL605916,INE018A01030,LT,341,257,598,1606214.61
CL146043,INE238A01026,AXISBANK,1911,0,1911,785075.67
CL251526,INE155A01022,TATAMOTORS,205,0,205,591604.33
CL348421,INE154A01025,ITC,1856,142,1998,3011559.42
CL899311,INE090A01021,ICICIBANK,1071,0,1071,846885.52
CL590562,INE238A01026,AXISBANK,754,0,754,1538411.97
CL662987,INE062A01020,SBIN,1128,0,1128,1671539.95
CL113052,INE154A01025,ITC,1913,0,1913,244131.95
CL619282,INE009A01021,INFY,1329,0,1329,2168409.48
CL507995,INE090A01021,ICICIBANK,1385,0,1385,3796332.43
CL100209,INE001A01036,HDFC,2988,0,2988,3792597.32
CL737919,INE237A01028,KOTAKBANK,2927,0,2927,4656489.71
CL815225,INE062A01020,SBIN,325,0,325,820116.3
CL231662,INE090A01021,ICICIBANK,876,0,876,2215237.23
CL889760,INE001A01036,HDFC,530,271,801,2023889.36
CL645610,INE001A01036,HDFC,1332,0,1332,1225871.74
CL187341,INE002A01018,RELIANCE,1030,184,1214,1105697.74
CL646878,INE062A01020,SBIN,1115,0,1115,2991023.46
CL158870,INE155A01022,TATAMOTORS,1659,0,1659,3090424.63
CL864950,INE090A01021,ICICIBANK,2732,0,2732,1929021.43
CL281906,INE237A01028,KOTAKBANK,1910,0,1910,1938374.68
CL521474,INE001A01036,HDFC,903,0,903,2652998.45
CL604657,INE018A01030,LT,2324,0,2324,845584.54
CL740904,INE062A01020,SBIN,303,0,303,473613.86
CL420018,INE238A01026,AXISBANK,9,0,9,11715.56
CL720436,INE154A01025,ITC,2429,0,2429,6001631.11
CL641405,INE238A01026,AXISBANK,2920,0,2920,5057085.32
CL266387,INE155A01022,TATAMOTORS,1982,0,1982,3780379.64
CL709076,INE090A01021,ICICIBANK,1911,0,1911,3127251.53
CL555019,INE009A01021,INFY,793,109,902,1108940.77
CL771686,INE090A01021,ICICIBANK,966,0,966,1297674.8
CL926660,INE154A01025,ITC,2951,0,2951,7915395.34
CL578495,INE154A01025,ITC,1246,0,1246,2577539.88
CL480619,INE090A01021,ICICIBANK,640,0,640,252659.67
CL589221,INE009A01021,INFY,2950,0,2950,896893.78
CL738857,INE018A01030,LT,1418,283,1701,1592954.16
CL183232,INE238A01026,AXISBANK,1203,0,1203,1058980.51
CL999447,INE009A01021,INFY,2665,0,2665,1874493.57
CL680786,INE237A01028,KOTAKBANK,1856,209,2065,892942.52
CL194986,INE009A01021,INFY,1240,0,1240,707937.99
CL311118,INE238A01026,AXISBANK,4,0,4,585.03
CL500443,INE002A01018,RELIANCE,1730,0,1730,1266717.57
CL320326,INE009A01021,INFY,2023,0,2023,2658968.25
CL317756,INE154A01025,ITC,2587,0,2587,5915940.1
CL885483,INE009A01021,INFY,2523,0,2523,534320.87
CL265441,INE018A01030,LT,655,71,726,151893.1
CL451729,INE002A01018,RELIANCE,827,0,827,273603.22
CL660393,INE018A01030,LT,1879,0,1879,4190907.54
CL034046,INE155A01022,TATAMOTORS,177,223,400,257468.83
CL222618,INE090A01021,ICICIBANK,197,0,197,563951.24
CL320144,INE237A01028,KOTAKBANK,846,0,846,493316.51
CL079980,INE062A01020,SBIN,1047,0,1047,2670356.82
CL943548,INE238A01026,AXISBANK,348,0,348,1017466.13
CL264421,INE155A01022,TATAMOTORS,1387,0,1387,2391804.45
CL708038,INE009A01021,INFY,661,0,661,225567.86
CL877966,INE018A01030,LT,1747,0,1747,393596.97
CL743327,INE002A01018,RELIANCE,1218,0,1218,674407.63
CL791128,INE002A01018,RELIANCE,2845,0,2845,1072793.29
CL343787,INE155A01022,TATAMOTORS,428,31,459,1376845.45
CL980995,INE001A01036,HDFC,537,0,537,1406245.07
CL712696,INE090A01021,ICICIBANK,1956,0,1956,1548378.38
CL748177,INE009A01021,INFY,121,0,121,41620.77
CL952705,INE009A01021,INFY,1850,26,1876,2588547.81
CL679045,INE155A01022,TATAMOTORS,400,0,400,179613.11
CL372785,INE001A01036,HDFC,1531,0,1531,3306214.38
CL970241,INE237A01028,KOTAKBANK,80,0,80,140108.8
CL937239,INE002A01018,RELIANCE,698,0,698,747156.55
CL716198,INE018A01030,LT,862,0,862,2313413.8
CL647993,INE018A01030,LT,1468,0,1468,4193004.35
CL512772,INE155A01022,TATAMOTORS,442,0,442,643771.23
CL356129,INE018A01030,LT,640,0,640,735818.81
CL994893,INE018A01030,LT,947,0,947,2049076.16
CL952877,INE154A01025,ITC,1738,0,1738,1792737.09
CL245471,INE018A01030,LT,2279,0,2279,5547291.04
CL929602,INE009A01021,INFY,1168,0,1168,592099.82
CL581005,INE001A01036,HDFC,1622,0,1622,3084949.84
CL888182,INE062A01020,SBIN,199,0,199,378931.08
CL168951,INE154A01025,ITC,2693,0,2693,3988799.12
CL099234,INE009A01021,INFY,76,0,76,163355.03
CL187675,INE009A01021,INFY,481,0,481,337439.22
CL505045,INE237A01028,KOTAKBANK,2747,44,2791,5984103.14
CL197237,INE018A01030,LT,1863,0,1863,1199258.46
CL293990,INE090A01021,ICICIBANK,2128,0,2128,4597638.21
CL661643,INE237A01028,KOTAKBANK,2107,0,2107,3717765.0
CL190894,INE002A01018,RELIANCE,1994,0,1994,1706843.64
CL648860,INE009A01021,INFY,506,0,506,214548.19
CL847607,INE237A01028,KOTAKBANK,857,219,1076,165158.62
CL373187,INE018A01030,LT,186,0,186,26370.03
CL673305,INE002A01018,RELIANCE,2331,0,2331,2744786.03
CL837229,INE090A01021,ICICIBANK,1281,0,1281,3824900.35
CL253806,INE062A01020,SBIN,2451,19,2470,2797704.49
CL718815,INE090A01021,ICICIBANK,818,0,818,1283578.98
CL527696,INE090A01021,ICICIBANK,620,0,620,1491473.34
CL957932,INE002A01018,RELIANCE,1761,130,1891,2657584.48
CL953916,INE090A01021,ICICIBANK,74,0,74,85278.99
CL544421,INE237A01028,KOTAKBANK,473,0,473,52381.49
CL137136,INE009A01021,INFY,467,0,467,262344.84
CL019596,INE090A01021,ICICIBANK,2004,222,2226,6228429.35
CL485882,INE155A01022,TATAMOTORS,53,0,53,153784.82
CL138289,INE237A01028,KOTAKBANK,2184,30,2214,1624634.12
CL540245,INE018A01030,LT,1244,0,1244,1111888.91
CL862581,INE155A01022,TATAMOTORS,297,0,297,662427.59
CL181429,INE154A01025,ITC,567,0,567,1291044.67
CL354527,INE002A01018,RELIANCE,2177,0,2177,2772364.97
CL238348,INE001A01036,HDFC,2985,0,2985,3515552.54
CL328790,INE154A01025,ITC,2283,0,2283,5738024.5
CL888668,INE155A01022,TATAMOTORS,2257,4,2261,4789129.74
CL633218,INE018A01030,LT,2447,0,2447,6079775.84
CL905229,INE018A01030,LT,1951,0,1951,2360358.85
CL492661,INE018A01030,LT,1684,0,1684,3150821.29
CL504511,INE155A01022,TATAMOTORS,657,0,657,1454504.75
CL743748,INE237A01028,KOTAKBANK,1925,158,2083,2417617.58
CL043688,INE018A01030,LT,2625,0,2625,4840838.69
CL034270,INE002A01018,RELIANCE,2815,0,2815,3547436.14
CL160944,INE018A01030,LT,367,294,661,1472604.65
CL601300,INE154A01025,ITC,1866,41,1907,5599736.59
CL237088,INE238A01026,AXISBANK,487,0,487,660876.64
CL900783,INE237A01028,KOTAKBANK,372,120,492,1463865.83
CL623689,INE155A01022,TATAMOTORS,2924,0,2924,6605093.77
CL944316,INE001A01036,HDFC,2719,0,2719,6289002.77
CL291111,INE155A01022,TATAMOTORS,31,0,31,27188.61
CL388422,INE090A01021,ICICIBANK,2281,0,2281,5714428.83
CL374602,INE237A01028,KOTAKBANK,987,0,987,848313.97
CL178524,INE018A01030,LT,565,0,565,1057054.33
CL911449,INE237A01028,KOTAKBANK,2183,18,2201,6192653.49
CL117423,INE062A01020,SBIN,870,0,870,303242.11
CL985653,INE237A01028,KOTAKBANK,164,68,232,563343.98
CL989082,INE002A01018,RELIANCE,1120,0,1120,2737336.49
CL547268,INE018A01030,LT,2410,0,2410,4905223.53
CL173871,INE009A01021,INFY,1441,0,1441,3603128.62
CL899540,INE154A01025,ITC,2469,64,2533,3334019.05
CL959038,INE154A01025,ITC,1551,119,1670,2003241.42
CL725421,INE238A01026,AXISBANK,256,0,256,625523.35
CL513541,INE002A01018,RELIANCE,1032,0,1032,1920351.72
CL848258,INE001A01036,HDFC,1072,0,1072,1864698.08
CL844168,INE155A01022,TATAMOTORS,2212,291,2503,6632818.26
CL446018,INE237A01028,KOTAKBANK,62,0,62,106843.93
CL019737,INE001A01036,HDFC,1615,0,1615,1102018.23
CL692537,INE009A01021,INFY,2224,0,2224,1359661.04
CL309642,INE062A01020,SBIN,2468,0,2468,764784.7
CL122250,INE009A01021,INFY,97,0,97,247808.74
CL465868,INE237A01028,KOTAKBANK,1036,0,1036,1968504.26
CL632574,INE001A01036,HDFC,1149,0,1149,1264203.32
CL003176,INE237A01028,KOTAKBANK,1199,0,1199,1557665.6
CL466044,INE090A01021,ICICIBANK,1504,0,1504,4483010.76
CL773096,INE154A01025,ITC,2056,0,2056,991013.26
CL159911,INE002A01018,RELIANCE,1146,0,1146,350437.66
CL382475,INE238A01026,AXISBANK,2501,0,2501,1031936.56
CL281316,INE237A01028,KOTAKBANK,2910,0,2910,2032533.97
CL595604,INE009A01021,INFY,2948,0,2948,4027106.75
CL755686,INE009A01021,INFY,2640,0,2640,5048467.91
CL905057,INE238A01026,AXISBANK,1801,173,1974,1617722.27
CL431612,INE238A01026,AXISBANK,753,0,753,1630158.78
CL517157,INE009A01021,INFY,1522,0,1522,4264726.97
CL269597,INE237A01028,KOTAKBANK,1587,0,1587,2164831.58
CL847396,INE001A01036,HDFC,2575,0,2575,1413817.07
CL835040,INE238A01026,AXISBANK,655,0,655,359437.28
CL660261,INE090A01021,ICICIBANK,247,0,247,685012.68
CL698543,INE238A01026,AXISBANK,360,40,400,968889.37
CL858005,INE154A01025,ITC,2453,203,2656,1407934.14
CL546620,INE062A01020,SBIN,2064,0,2064,1671069.66
CL797431,INE009A01021,INFY,1180,0,1180,655464.83
CL132435,INE009A01021,INFY,2625,0,2625,609992.55
CL256284,INE062A01020,SBIN,1591,0,1591,3905810.99
CL355774,INE018A01030,LT,1869,0,1869,577508.83
CL587749,INE155A01022,TATAMOTORS,888,0,888,115669.03
CL415140,INE155A01022,TATAMOTORS,2503,0,2503,1868408.07
CL027878,INE090A01021,ICICIBANK,2708,0,2708,3556189.25
CL820935,INE154A01025,ITC,1942,0,1942,5422269.9
CL278376,INE154A01025,ITC,2026,0,2026,5929312.96
CL160457,INE154A01025,ITC,2851,174,3025,2720808.61
CL685583,INE237A01028,KOTAKBANK,1082,0,1082,3172658.45
CL297698,INE237A01028,KOTAKBANK,1467,0,1467,2468318.65
CL197516,INE155A01022,TATAMOTORS,1611,0,1611,3761976.47
CL632367,INE155A01022,TATAMOTORS,2539,0,2539,1737559.35
CL051061,INE018A01030,LT,1056,0,1056,3003540.38
CL271519,INE062A01020,SBIN,1605,0,1605,1543782.03
CL193574,INE090A01021,ICICIBANK,524,0,524,852721.04
CL707125,INE090A01021,ICICIBANK,140,159,299,243592.76
CL111457,INE090A01021,ICICIBANK,438,0,438,69445.12
CL833135,INE090A01021,ICICIBANK,1950,186,2136,5113188.64
CL261551,INE002A01018,RELIANCE,2003,0,2003,3328529.02
CL859906,INE155A01022,TATAMOTORS,1478,0,1478,838235.64
CL087523,INE155A01022,TATAMOTORS,2473,0,2473,4647632.66
CL933632,INE237A01028,KOTAKBANK,2511,0,2511,4727513.66
CL107804,INE002A01018,RELIANCE,1441,0,1441,3118789.7
CL063451,INE062A01020,SBIN,2539,0,2539,4541397.6
CL101557,INE062A01020,SBIN,1190,0,1190,2585963.16
CL618031,INE002A01018,RELIANCE,1629,0,1629,2956885.79
CL649004,INE237A01028,KOTAKBANK,625,27,652,572793.04
CL575562,INE238A01026,AXISBANK,1414,0,1414,3138196.73
CL262298,INE154A01025,ITC,16,13,29,40649.87
CL681490,INE155A01022,TATAMOTORS,815,0,815,334764.72
CL062118,INE001A01036,HDFC,1551,0,1551,1076093.01
CL502533,INE155A01022,TATAMOTORS,1117,0,1117,3219987.06
CL382028,INE062A01020,SBIN,2750,0,2750,7129859.51
CL457758,INE090A01021,ICICIBANK,2307,0,2307,520503.43
CL955957,INE002A01018,RELIANCE,876,0,876,1287736.33
CL728471,INE238A01026,AXISBANK,206,0,206,608621.96
CL586640,INE001A01036,HDFC,557,0,557,620849.54
CL016050,INE062A01020,SBIN,166,22,188,370535.51
CL585589,INE002A01018,RELIANCE,1394,181,1575,3643043.91
CL474685,INE018A01030,LT,2652,0,2652,795160.81
CL532593,INE018A01030,LT,1873,0,1873,1615452.49
CL136629,INE009A01021,INFY,2300,171,2471,637239.82
CL034398,INE009A01021,INFY,380,0,380,217180.56
CL641642,INE154A01025,ITC,2000,0,2000,5982304.91
CL097337,INE009A01021,INFY,2565,0,2565,3736907.0
CL522064,INE001A01036,HDFC,2122,0,2122,6307071.8
CL528458,INE062A01020,SBIN,1588,0,1588,642890.24
CL314800,INE002A01018,RELIANCE,2168,182,2350,5783879.69
CL088706,INE009A01021,INFY,1491,0,1491,343635.93
CL199591,INE155A01022,TATAMOTORS,1991,0,1991,3787697.31
CL861861,INE238A01026,AXISBANK,553,0,553,1372681.96
CL457301,INE238A01026,AXISBANK,1267,0,1267,3350414.71
CL093218,INE001A01036,HDFC,2445,0,2445,3046952.88
CL527145,INE001A01036,HDFC,1464,0,1464,4020306.12
CL937481,INE062A01020,SBIN,420,0,420,584176.64
CL560019,INE154A01025,ITC,2348,10,2358,3791593.78
CL797554,INE238A01026,AXISBANK,1402,0,1402,2584225.08
CL587888,INE090A01021,ICICIBANK,1811,0,1811,5068233.31
CL381927,INE238A01026,AXISBANK,1725,0,1725,3682173.83
CL347454,INE238A01026,AXISBANK,1302,0,1302,1183771.43
CL160306,INE018A01030,LT,1082,0,1082,2980167.23
CL796310,INE062A01020,SBIN,2846,0,2846,4022582.82
CL723209,INE018A01030,LT,2181,0,2181,1409614.52
CL459150,INE001A01036,HDFC,543,164,707,1203242.26
CL074609,INE001A01036,HDFC,2243,0,2243,4290211.96
CL557987,INE237A01028,KOTAKBANK,1111,0,1111,1425590.43
CL060375,INE018A01030,LT,2802,0,2802,7640123.09
CL674861,INE090A01021,ICICIBANK,720,206,926,1124348.0
CL254812,INE018A01030,LT,1902,16,1918,3678824.64
CL473117,INE062A01020,SBIN,689,33,722,298866.52
CL878017,INE009A01021,INFY,1934,0,1934,1045714.08
CL687938,INE001A01036,HDFC,2199,0,2199,2479789.89
CL603724,INE002A01018,RELIANCE,475,208,683,1956644.22
CL981428,INE154A01025,ITC,341,0,341,278105.23
CL477347,INE062A01020,SBIN,124,0,124,206614.88
CL805340,INE155A01022,TATAMOTORS,1579,0,1579,3579709.54
CL972642,INE155A01022,TATAMOTORS,2853,0,2853,1624989.57
CL191811,INE002A01018,RELIANCE,1799,0,1799,4313136.12
CL974495,INE237A01028,KOTAKBANK,1032,0,1032,1547935.94
CL387950,INE009A01021,INFY,2460,31,2491,2190861.35
CL283654,INE154A01025,ITC,2070,155,2225,2053580.34
CL396574,INE155A01022,TATAMOTORS,1465,0,1465,3154872.54
CL823192,INE018A01030,LT,1141,10,1151,3298585.53
CL631134,INE001A01036,HDFC,2320,0,2320,3250661.45
CL370209,INE155A01022,TATAMOTORS,100,0,100,209702.25
CL671281,INE154A01025,ITC,1857,118,1975,4385013.75
CL431556,INE090A01021,ICICIBANK,2706,0,2706,4617903.78
CL384566,INE238A01026,AXISBANK,2146,0,2146,5841123.12
CL699212,INE002A01018,RELIANCE,2095,0,2095,3828767.28
CL455587,INE155A01022,TATAMOTORS,1592,0,1592,1801143.01
CL284018,INE062A01020,SBIN,1465,0,1465,3446473.67
CL040422,INE154A01025,ITC,2584,0,2584,390054.89
CL310078,INE018A01030,LT,2124,279,2403,1010524.56
CL219558,INE002A01018,RELIANCE,2723,0,2723,5094073.42
CL339353,INE154A01025,ITC,1534,278,1812,4247608.8
CL500517,INE238A01026,AXISBANK,464,0,464,1189036.38
CL226574,INE155A01022,TATAMOTORS,1144,0,1144,3170367.6
CL484433,INE237A01028,KOTAKBANK,1904,0,1904,1786896.83
CL538008,INE238A01026,AXISBANK,1490,266,1756,5259824.76
CL959014,INE090A01021,ICICIBANK,765,0,765,1106113.32
CL651765,INE237A01028,KOTAKBANK,2506,0,2506,4849743.38
CL648848,INE154A01025,ITC,235,214,449,667926.79
CL221149,INE090A01021,ICICIBANK,1585,0,1585,1115251.18
CL608827,INE009A01021,INFY,2256,0,2256,4823893.96
CL310310,INE001A01036,HDFC,141,66,207,593607.96
CL517393,INE155A01022,TATAMOTORS,894,0,894,824221.61
CL743342,INE155A01022,TATAMOTORS,1352,0,1352,3223726.82
CL784518,INE001A01036,HDFC,281,0,281,335681.42
CL424056,INE238A01026,AXISBANK,6,0,6,14329.97
CL524539,INE062A01020,SBIN,384,0,384,1104106.2
CL765943,INE090A01021,ICICIBANK,1252,0,1252,3153577.69
CL344885,INE002A01018,RELIANCE,2109,0,2109,4921514.13
CL745032,INE238A01026,AXISBANK,1962,0,1962,2363943.39
CL536665,INE237A01028,KOTAKBANK,1736,67,1803,1181444.32
CL527898,INE237A01028,KOTAKBANK,268,0,268,130125.45
CL344835,INE238A01026,AXISBANK,2805,45,2850,5123594.42
CL833437,INE001A01036,HDFC,168,0,168,277677.12
CL468248,INE238A01026,AXISBANK,670,0,670,878376.9
CL208383,INE237A01028,KOTAKBANK,2922,0,2922,2330135.48
CL580848,INE002A01018,RELIANCE,2395,0,2395,7084693.62
CL007400,INE090A01021,ICICIBANK,397,16,413,45739.21
CL164107,INE018A01030,LT,2037,0,2037,1564999.21
CL676135,INE002A01018,RELIANCE,386,0,386,1134825.91
CL415791,INE155A01022,TATAMOTORS,1999,0,1999,2012886.38
CL355945,INE238A01026,AXISBANK,2741,0,2741,3603632.23
CL266592,INE018A01030,LT,2113,0,2113,420317.61
CL784680,INE237A01028,KOTAKBANK,2608,0,2608,4919106.02
CL053905,INE062A01020,SBIN,2361,0,2361,3448363.99
CL070682,INE062A01020,SBIN,1069,82,1151,2336864.99
CL290642,INE009A01021,INFY,2128,0,2128,3147106.34
CL437550,INE154A01025,ITC,676,0,676,2015758.98
CL475069,INE238A01026,AXISBANK,749,0,749,319083.31
CL990413,INE238A01026,AXISBANK,617,0,617,400783.99
CL730811,INE090A01021,ICICIBANK,1338,0,1338,1034865.55
CL055042,INE062A01020,SBIN,1280,0,1280,360529.58
CL967222,INE062A01020,SBIN,2205,0,2205,867851.44
CL910340,INE237A01028,KOTAKBANK,1136,0,1136,1314522.04
CL214595,INE090A01021,ICICIBANK,1684,0,1684,1013574.88
CL465507,INE009A01021,INFY,359,0,359,250868.04
CL435947,INE237A01028,KOTAKBANK,1300,0,1300,3592930.25
CL121495,INE237A01028,KOTAKBANK,2219,126,2345,5672506.81
CL857905,INE018A01030,LT,223,0,223,591370.07
CL919289,INE238A01026,AXISBANK,69,0,69,124196.26
CL825618,INE002A01018,RELIANCE,2253,0,2253,5736298.25
CL838635,INE018A01030,LT,879,0,879,1605537.38
CL984945,INE009A01021,INFY,2936,0,2936,4620865.61
CL268092,INE090A01021,ICICIBANK,1353,0,1353,1620931.94
CL910540,INE002A01018,RELIANCE,2087,282,2369,4280426.73
CL936206,INE018A01030,LT,521,0,521,207356.41
CL192632,INE237A01028,KOTAKBANK,1806,0,1806,3628317.9
CL951716,INE001A01036,HDFC,2886,0,2886,3343434.77
CL763402,INE062A01020,SBIN,2114,0,2114,887775.13
CL846158,INE002A01018,RELIANCE,167,0,167,494052.21
CL322039,INE238A01026,AXISBANK,719,0,719,1160613.44
CL349841,INE062A01020,SBIN,1870,0,1870,3993595.08
CL221362,INE237A01028,KOTAKBANK,2955,0,2955,2512809.53
CL376963,INE155A01022,TATAMOTORS,1820,0,1820,3887034.82
CL215435,INE154A01025,ITC,842,0,842,880906.71
CL716439,INE154A01025,ITC,2423,41,2464,1861014.82
CL846868,INE155A01022,TATAMOTORS,318,158,476,335967.02
CL805306,INE090A01021,ICICIBANK,1605,0,1605,1513850.98
CL983593,INE154A01025,ITC,2844,0,2844,3904287.87
CL880132,INE062A01020,SBIN,117,104,221,260948.47
CL523064,INE001A01036,HDFC,538,0,538,144636.97
CL304001,INE155A01022,TATAMOTORS,2983,0,2983,919027.43
CL936283,INE155A01022,TATAMOTORS,2929,0,2929,3868143.05
CL655155,INE001A01036,HDFC,977,0,977,473161.43
CL713471,INE002A01018,RELIANCE,321,0,321,226517.69
CL712842,INE009A01021,INFY,1084,187,1271,2981178.45
CL402651,INE002A01018,RELIANCE,190,0,190,170731.85
CL418582,INE238A01026,AXISBANK,909,0,909,1804548.41
CL842160,INE154A01025,ITC,272,0,272,439553.7
CL678999,INE009A01021,INFY,2313,0,2313,469061.88
CL260074,INE062A01020,SBIN,2616,0,2616,6070608.51
CL159529,INE002A01018,RELIANCE,522,0,522,907193.39
CL753754,INE238A01026,AXISBANK,2026,0,2026,2145487.51
CL456670,INE001A01036,HDFC,942,0,942,132713.11
CL559020,INE001A01036,HDFC,2088,0,2088,1037451.21
CL525587,INE062A01020,SBIN,2165,158,2323,3607464.05
CL699130,INE237A01028,KOTAKBANK,2025,0,2025,447141.39
CL149053,INE238A01026,AXISBANK,2775,0,2775,6720418.89
CL616744,INE238A01026,AXISBANK,2689,66,2755,3082021.85
CL109023,INE001A01036,HDFC,447,0,447,965077.7
CL163077,INE009A01021,INFY,1475,0,1475,3732715.87
CL095496,INE237A01028,KOTAKBANK,2242,206,2448,5049984.49
CL960198,INE062A01020,SBIN,2476,11,2487,7424283.93
CL590294,INE154A01025,ITC,414,0,414,66492.31
CL103505,INE009A01021,INFY,631,0,631,1409828.34
CL077181,INE154A01025,ITC,99,0,99,170597.89
CL246150,INE018A01030,LT,2526,0,2526,2650646.51
CL374095,INE155A01022,TATAMOTORS,2042,0,2042,5744568.93
CL200943,INE062A01020,SBIN,2164,0,2164,4844792.1
CL888392,INE090A01021,ICICIBANK,2257,0,2257,2226871.23
CL628688,INE062A01020,SBIN,1237,0,1237,2511591.19
CL332448,INE001A01036,HDFC,410,0,410,384734.81
CL892942,INE009A01021,INFY,1027,0,1027,441240.88
CL117804,INE018A01030,LT,1645,0,1645,2078066.21
CL087517,INE238A01026,AXISBANK,223,0,223,529957.58
CL957132,INE018A01030,LT,1743,0,1743,1385226.76
CL512966,INE238A01026,AXISBANK,347,0,347,1016700.22
CL525760,INE090A01021,ICICIBANK,1691,0,1691,3251422.37
CL976852,INE090A01021,ICICIBANK,2670,189,2859,3089677.15
CL345521,INE237A01028,KOTAKBANK,2910,0,2910,7155520.95
CL328854,INE009A01021,INFY,497,0,497,860076.73
CL451091,INE155A01022,TATAMOTORS,2610,0,2610,1791298.64
CL943854,INE090A01021,ICICIBANK,2333,0,2333,5784036.24
CL142612,INE154A01025,ITC,2928,0,2928,880634.07
CL718524,INE237A01028,KOTAKBANK,677,0,677,662111.26
CL505207,INE009A01021,INFY,1177,198,1375,1737899.59
CL269036,INE001A01036,HDFC,756,0,756,1239607.84
CL888308,INE009A01021,INFY,2119,0,2119,3923545.34
CL464181,INE155A01022,TATAMOTORS,1830,0,1830,2069995.01
CL866310,INE009A01021,INFY,569,0,569,1284659.03
CL987447,INE238A01026,AXISBANK,987,0,987,245600.09
CL034072,INE002A01018,RELIANCE,2394,0,2394,6456771.1
CL091424,INE062A01020,SBIN,504,37,541,196305.57
CL928669,INE002A01018,RELIANCE,1048,0,1048,716324.13
CL608516,INE237A01028,KOTAKBANK,2007,128,2135,5057739.1
CL882162,INE237A01028,KOTAKBANK,262,0,262,124871.89
CL761332,INE018A01030,LT,1463,0,1463,650651.91
CL948687,INE090A01021,ICICIBANK,2062,0,2062,2791275.5
CL940314,INE238A01026,AXISBANK,73,0,73,120886.7
CL042608,INE062A01020,SBIN,389,0,389,656113.49
CL745771,INE009A01021,INFY,1842,0,1842,4139452.51
CL922448,INE018A01030,LT,553,0,553,1574925.57
CL477635,INE001A01036,HDFC,2361,0,2361,5879576.51
CL141908,INE062A01020,SBIN,2714,0,2714,3287053.52
CL666446,INE155A01022,TATAMOTORS,2211,0,2211,2438484.64
CL435429,INE001A01036,HDFC,1246,5,1251,500588.51
CL625046,INE154A01025,ITC,731,77,808,1980916.2
CL642435,INE009A01021,INFY,2472,0,2472,4616674.94
CL889612,INE001A01036,HDFC,2646,0,2646,5254181.49
CL105991,INE154A01025,ITC,1686,128,1814,1964999.06
CL310840,INE090A01021,ICICIBANK,207,0,207,57816.13
CL258216,INE154A01025,ITC,959,0,959,925299.73
CL883283,INE155A01022,TATAMOTORS,1262,0,1262,3159960.44
CL270151,INE237A01028,KOTAKBANK,2475,0,2475,5463626.6
CL664106,INE001A01036,HDFC,2023,11,2034,3917090.64
CL498992,INE062A01020,SBIN,1721,0,1721,508677.7
CL943452,INE062A01020,SBIN,2198,0,2198,6152621.28
CL492987,INE018A01030,LT,2624,0,2624,1236072.7
CL765561,INE062A01020,SBIN,2966,127,3093,2646327.03
CL600344,INE002A01018,RELIANCE,364,0,364,805066.69
CL401434,INE238A01026,AXISBANK,2886,44,2930,7258203.22
CL587784,INE001A01036,HDFC,1314,201,1515,3211857.67
CL311390,INE001A01036,HDFC,2101,0,2101,2884942.96
CL719588,INE155A01022,TATAMOTORS,825,0,825,1196582.22
CL253653,INE009A01021,INFY,458,0,458,889258.16
CL142939,INE001A01036,HDFC,828,0,828,1675565.35
CL812823,INE062A01020,SBIN,442,0,442,550271.31
CL560890,INE018A01030,LT,668,0,668,137352.42
CL027203,INE155A01022,TATAMOTORS,957,0,957,1685180.02
CL559324,INE009A01021,INFY,175,0,175,397447.51
CL129620,INE062A01020,SBIN,2778,0,2778,4257115.58
CL354083,INE062A01020,SBIN,1986,0,1986,2513996.68
CL483481,INE238A01026,AXISBANK,2053,77,2130,2542281.93
CL752437,INE018A01030,LT,2562,0,2562,7074652.84
CL633640,INE237A01028,KOTAKBANK,541,224,765,676276.19
CL659577,INE155A01022,TATAMOTORS,2914,20,2934,6291206.58
CL989719,INE062A01020,SBIN,1992,0,1992,3381846.17
CL514157,INE155A01022,TATAMOTORS,1181,0,1181,1015414.97
CL411925,INE090A01021,ICICIBANK,960,0,960,999218.63
CL183545,INE238A01026,AXISBANK,1433,0,1433,3255492.18
CL516395,INE090A01021,ICICIBANK,1118,0,1118,1348114.61
CL588523,INE090A01021,ICICIBANK,1517,215,1732,814592.55
CL398100,INE155A01022,TATAMOTORS,1432,0,1432,726120.07
CL172689,INE237A01028,KOTAKBANK,765,291,1056,1710720.3
CL020951,INE018A01030,LT,42,0,42,63608.5
CL563719,INE090A01021,ICICIBANK,2825,0,2825,8004356.28
CL142836,INE238A01026,AXISBANK,304,0,304,69648.15
CL510702,INE001A01036,HDFC,1520,0,1520,828247.67
CL581752,INE238A01026,AXISBANK,2660,55,2715,5195385.14
CL206312,INE155A01022,TATAMOTORS,438,202,640,294587.12
CL089985,INE238A01026,AXISBANK,2875,0,2875,3259280.64
CL057445,INE238A01026,AXISBANK,1893,0,1893,5564974.17
CL764205,INE002A01018,RELIANCE,1833,0,1833,1782137.53
CL438367,INE018A01030,LT,868,0,868,2581296.68
CL362894,INE009A01021,INFY,1287,240,1527,4552323.94
CL942370,INE002A01018,RELIANCE,450,0,450,1029254.86
CL929404,INE001A01036,HDFC,623,0,623,1325921.05
CL381001,INE154A01025,ITC,1937,0,1937,5182567.3
CL555683,INE155A01022,TATAMOTORS,1164,290,1454,2195877.5
CL910392,INE001A01036,HDFC,1190,0,1190,3081706.92
CL403179,INE002A01018,RELIANCE,1157,0,1157,291283.34
CL243458,INE018A01030,LT,2035,0,2035,1285084.5
CL615051,INE237A01028,KOTAKBANK,1331,0,1331,764902.53
CL572700,INE090A01021,ICICIBANK,1663,0,1663,4518586.14
CL928160,INE154A01025,ITC,766,0,766,1853969.02
CL417360,INE154A01025,ITC,1929,0,1929,5604857.38
CL423495,INE002A01018,RELIANCE,1341,0,1341,3593176.73
CL683306,INE237A01028,KOTAKBANK,623,0,623,406545.9
CL693239,INE237A01028,KOTAKBANK,174,291,465,403509.0
CL770230,INE062A01020,SBIN,2211,0,2211,3365399.17
CL019390,INE018A01030,LT,1312,0,1312,1849499.89
CL808579,INE155A01022,TATAMOTORS,1607,0,1607,2232262.27
CL588092,INE090A01021,ICICIBANK,30,0,30,88446.36
CL018936,INE155A01022,TATAMOTORS,2978,158,3136,2152062.28
CL528040,INE009A01021,INFY,762,0,762,1622259.15
CL224259,INE062A01020,SBIN,2982,0,2982,6592943.84
CL702435,INE238A01026,AXISBANK,1811,0,1811,3678216.32
CL245339,INE237A01028,KOTAKBANK,2037,0,2037,5437200.64
CL645449,INE155A01022,TATAMOTORS,685,0,685,1963344.05
CL700120,INE018A01030,LT,2812,0,2812,4639325.33
CL712803,INE090A01021,ICICIBANK,2398,0,2398,2744426.12
CL197585,INE090A01021,ICICIBANK,820,0,820,586321.43
CL226572,INE002A01018,RELIANCE,2924,0,2924,3598284.86
CL465891,INE154A01025,ITC,1090,0,1090,2618081.51
CL220828,INE018A01030,LT,2649,0,2649,634490.6
CL295960,INE009A01021,INFY,302,0,302,40819.06
CL921073,INE090A01021,ICICIBANK,1072,0,1072,2742018.77
CL460992,INE155A01022,TATAMOTORS,2898,16,2914,7617929.42
CL432399,INE062A01020,SBIN,603,0,603,740310.17
CL769923,INE154A01025,ITC,1745,0,1745,3850065.72
CL810722,INE002A01018,RELIANCE,1498,0,1498,3923523.26
CL177090,INE002A01018,RELIANCE,1055,0,1055,1110224.13
CL341751,INE155A01022,TATAMOTORS,141,161,302,540812.76
CL670762,INE001A01036,HDFC,1163,0,1163,3299770.12
CL700982,INE018A01030,LT,283,0,283,56421.74
CL718812,INE001A01036,HDFC,1921,0,1921,2577630.86
CL829558,INE001A01036,HDFC,808,0,808,1469039.47
CL290279,INE155A01022,TATAMOTORS,1749,0,1749,887025.31
CL826374,INE238A01026,AXISBANK,2478,0,2478,6135599.07
CL498063,INE237A01028,KOTAKBANK,2138,208,2346,6267398.49
CL267662,INE002A01018,RELIANCE,2287,0,2287,4668312.51
CL199080,INE009A01021,INFY,741,0,741,1955432.62
CL327717,INE237A01028,KOTAKBANK,2508,0,2508,1177676.14
CL417037,INE009A01021,INFY,1853,0,1853,2454498.8
CL366413,INE238A01026,AXISBANK,1022,0,1022,1639516.58
CL311094,INE155A01022,TATAMOTORS,2623,0,2623,1618294.53
CL105256,INE009A01021,INFY,1231,0,1231,1307696.19
CL643604,INE002A01018,RELIANCE,2226,0,2226,2197990.15
CL294546,INE018A01030,LT,1333,0,1333,3728830.41
CL835509,INE062A01020,SBIN,1172,0,1172,3277420.53
CL910141,INE001A01036,HDFC,2877,0,2877,4261298.43
CL968860,INE238A01026,AXISBANK,2902,0,2902,5387827.04
CL838001,INE238A01026,AXISBANK,312,254,566,61404.81
CL798270,INE018A01030,LT,84,0,84,114706.91
CL065327,INE062A01020,SBIN,2955,0,2955,1808320.44
CL585205,INE237A01028,KOTAKBANK,378,0,378,908470.19
CL192402,INE155A01022,TATAMOTORS,1746,0,1746,4544701.06
CL246991,INE090A01021,ICICIBANK,430,0,430,739707.43
CL435590,INE154A01025,ITC,1361,0,1361,1781559.22
CL124870,INE237A01028,KOTAKBANK,2576,0,2576,545527.12
CL123685,INE237A01028,KOTAKBANK,800,23,823,2410887.92
CL595470,INE018A01030,LT,2718,0,2718,3879908.61
CL396751,INE009A01021,INFY,172,0,172,108175.23
CL937181,INE018A01030,LT,2339,0,2339,6987651.09
CL947529,INE062A01020,SBIN,1057,0,1057,2588721.68
CL340813,INE009A01021,INFY,653,0,653,283309.28
CL975011,INE090A01021,ICICIBANK,2413,0,2413,5158199.43
CL236928,INE090A01021,ICICIBANK,396,0,396,364693.81
CL716738,INE018A01030,LT,1625,0,1625,793904.06
CL433915,INE009A01021,INFY,53,0,53,24812.03
CL084370,INE237A01028,KOTAKBANK,2143,0,2143,5155758.29
CL806624,INE090A01021,ICICIBANK,2693,22,2715,4317156.52
CL547736,INE237A01028,KOTAKBANK,2460,0,2460,4155166.43
CL383062,INE018A01030,LT,410,0,410,352812.13
CL735164,INE238A01026,AXISBANK,284,77,361,455806.54
CL096946,INE001A01036,HDFC,2926,0,2926,4748541.54
CL907169,INE009A01021,INFY,2709,0,2709,6428123.13
CL727261,INE009A01021,INFY,2437,0,2437,2026328.15
CL957341,INE090A01021,ICICIBANK,1358,0,1358,1889308.62
CL927469,INE238A01026,AXISBANK,2736,0,2736,4286212.22
CL532741,INE018A01030,LT,2304,0,2304,6238347.01
CL712059,INE009A01021,INFY,494,0,494,76408.72
CL576902,INE009A01021,INFY,169,0,169,429564.77
CL223819,INE009A01021,INFY,616,0,616,834277.52
CL677858,INE237A01028,KOTAKBANK,2378,0,2378,757619.05
CL315610,INE009A01021,INFY,2483,0,2483,4906639.12
CL428224,INE155A01022,TATAMOTORS,1802,225,2027,1957514.82
CL060693,INE155A01022,TATAMOTORS,2079,0,2079,937588.51
CL964795,INE238A01026,AXISBANK,707,194,901,2597007.01
CL926999,INE238A01026,AXISBANK,185,0,185,64314.36
CL549838,INE090A01021,ICICIBANK,2807,177,2984,1065501.77
CL478195,INE009A01021,INFY,2963,0,2963,1606390.09
CL858786,INE238A01026,AXISBANK,931,0,931,2019282.59
CL471485,INE002A01018,RELIANCE,2926,0,2926,6830773.51
CL169786,INE154A01025,ITC,2839,0,2839,5702889.96
CL926906,INE009A01021,INFY,849,0,849,951059.36
CL117713,INE001A01036,HDFC,2781,0,2781,4142749.01
CL604227,INE018A01030,LT,487,0,487,633400.48
CL222053,INE018A01030,LT,1941,0,1941,3556601.71
CL035584,INE155A01022,TATAMOTORS,222,0,222,385416.97
CL467585,INE155A01022,TATAMOTORS,1121,0,1121,2371898.53
CL232804,INE090A01021,ICICIBANK,1330,0,1330,3334760.96
CL186159,INE090A01021,ICICIBANK,2086,0,2086,3305395.51
CL854280,INE090A01021,ICICIBANK,710,0,710,1469234.75
CL464895,INE154A01025,ITC,408,0,408,944946.8
CL057592,INE062A01020,SBIN,345,0,345,385420.18
CL990723,INE090A01021,ICICIBANK,2630,0,2630,2999658.33
CL261576,INE002A01018,RELIANCE,661,187,848,492519.69
CL343534,INE062A01020,SBIN,2770,65,2835,6996468.58
CL026165,INE002A01018,RELIANCE,711,0,711,1059249.65
CL142193,INE238A01026,AXISBANK,2212,0,2212,4585089.99
CL283260,INE090A01021,ICICIBANK,1425,0,1425,2896368.81
CL947725,INE154A01025,ITC,1098,0,1098,1988630.59
CL383064,INE238A01026,AXISBANK,903,164,1067,1635171.58
CL335953,INE018A01030,LT,741,229,970,2462710.55
CL319097,INE001A01036,HDFC,599,0,599,670069.47
CL310814,INE238A01026,AXISBANK,1714,0,1714,2261551.93
CL099411,INE090A01021,ICICIBANK,1538,0,1538,1472687.06
CL189665,INE237A01028,KOTAKBANK,2405,0,2405,3817220.12
CL577255,INE238A01026,AXISBANK,507,0,507,1386630.43
CL597655,INE062A01020,SBIN,906,182,1088,1640923.62
CL222370,INE238A01026,AXISBANK,727,0,727,943556.13
CL268878,INE062A01020,SBIN,1135,0,1135,3389048.83
CL306606,INE062A01020,SBIN,589,279,868,1985703.82
CL783714,INE009A01021,INFY,1323,0,1323,2903722.18
CL462585,INE018A01030,LT,1806,0,1806,4151098.06
CL009585,INE154A01025,ITC,2646,79,2725,5279126.4
CL100130,INE001A01036,HDFC,917,0,917,2659212.8
CL756559,INE001A01036,HDFC,999,0,999,111390.92
CL983581,INE001A01036,HDFC,538,57,595,293550.45
CL711438,INE155A01022,TATAMOTORS,1760,0,1760,561218.23
CL958335,INE062A01020,SBIN,198,0,198,545342.79
CL467598,INE155A01022,TATAMOTORS,597,0,597,449258.54
CL798945,INE001A01036,HDFC,1418,0,1418,3962135.13
CL723570,INE001A01036,HDFC,2717,0,2717,1103193.47
CL986437,INE154A01025,ITC,2045,0,2045,2900917.95
CL511841,INE009A01021,INFY,998,91,1089,3123496.45
CL652857,INE238A01026,AXISBANK,2085,0,2085,2006388.33
CL048056,INE090A01021,ICICIBANK,641,0,641,405342.62
CL759407,INE001A01036,HDFC,1030,0,1030,1712645.55
CL829932,INE238A01026,AXISBANK,2726,0,2726,2399634.15
CL414744,INE002A01018,RELIANCE,2334,297,2631,6874645.32
CL915284,INE002A01018,RELIANCE,1434,0,1434,706780.49
CL830277,INE002A01018,RELIANCE,1545,24,1569,2284441.7
CL995470,INE009A01021,INFY,139,0,139,312271.44
CL269127,INE062A01020,SBIN,227,0,227,132091.31
CL125672,INE238A01026,AXISBANK,2851,153,3004,7932223.36
CL263466,INE018A01030,LT,628,0,628,1793544.93
CL139687,INE090A01021,ICICIBANK,234,0,234,660174.44
CL342150,INE154A01025,ITC,2489,0,2489,2874603.62
CL160129,INE009A01021,INFY,2122,0,2122,4956303.42
CL934826,INE009A01021,INFY,2973,0,2973,1352200.85
CL793473,INE018A01030,LT,1782,0,1782,4959577.54
CL040563,INE237A01028,KOTAKBANK,506,0,506,1072175.14
CL065320,INE154A01025,ITC,1837,0,1837,4481236.85
CL897556,INE062A01020,SBIN,952,0,952,555641.33
CL949385,INE238A01026,AXISBANK,813,0,813,1758954.6
CL747066,INE002A01018,RELIANCE,878,0,878,320332.7
CL732415,INE238A01026,AXISBANK,1681,0,1681,2099002.97
CL951705,INE002A01018,RELIANCE,1157,0,1157,3108941.29
CL971165,INE238A01026,AXISBANK,2864,0,2864,302201.28
CL240448,INE238A01026,AXISBANK,2814,0,2814,6724092.35
CL788805,INE018A01030,LT,1681,0,1681,1435355.42
CL330129,INE062A01020,SBIN,899,0,899,2391265.31
CL287651,INE002A01018,RELIANCE,333,0,333,283256.13
CL603317,INE009A01021,INFY,2975,153,3128,5992192.13
CL218994,INE002A01018,RELIANCE,314,0,314,502558.47
CL664222,INE090A01021,ICICIBANK,449,76,525,423154.85
CL311062,INE018A01030,LT,419,0,419,751532.62
CL501422,INE009A01021,INFY,157,0,157,134256.73
CL489015,INE154A01025,ITC,2548,105,2653,4422938.43
CL402081,INE062A01020,SBIN,785,6,791,2086144.83
CL900133,INE238A01026,AXISBANK,1210,0,1210,2778119.45
CL921450,INE062A01020,SBIN,2255,0,2255,4342341.45
CL109726,INE062A01020,SBIN,1848,0,1848,572736.0
CL953667,INE009A01021,INFY,1509,0,1509,3731727.9
CL819830,INE062A01020,SBIN,2945,0,2945,2175085.46
CL572601,INE237A01028,KOTAKBANK,1437,0,1437,202025.14
CL249445,INE001A01036,HDFC,1603,0,1603,1292826.14
CL288464,INE062A01020,SBIN,296,0,296,561049.81
CL278645,INE002A01018,RELIANCE,1389,0,1389,1342260.57
CL108583,INE237A01028,KOTAKBANK,1438,91,1529,3841321.11
CL234912,INE155A01022,TATAMOTORS,2630,0,2630,5913412.95
CL977314,INE090A01021,ICICIBANK,1882,0,1882,5277296.98
CL465741,INE090A01021,ICICIBANK,2978,0,2978,2988405.85
CL320967,INE090A01021,ICICIBANK,1313,277,1590,1963125.37
CL884906,INE090A01021,ICICIBANK,1609,0,1609,4115116.07
CL817420,INE090A01021,ICICIBANK,1640,220,1860,1851120.01
CL259620,INE018A01030,LT,1891,0,1891,3256902.05
CL422456,INE090A01021,ICICIBANK,863,0,863,2236480.11
CL055825,INE090A01021,ICICIBANK,2731,0,2731,3298345.18
CL530378,INE001A01036,HDFC,2472,0,2472,1019790.49
CL884921,INE001A01036,HDFC,1189,0,1189,1874448.89
CL390263,INE001A01036,HDFC,593,224,817,1725234.21
CL060817,INE002A01018,RELIANCE,1793,0,1793,740252.96
CL942722,INE062A01020,SBIN,2321,124,2445,3710300.9
CL943204,INE090A01021,ICICIBANK,2574,0,2574,5209227.15
CL275148,INE002A01018,RELIANCE,1458,0,1458,1589244.8
CL366307,INE002A01018,RELIANCE,306,0,306,91179.24
CL695192,INE001A01036,HDFC,2375,0,2375,5361857.33
CL365857,INE002A01018,RELIANCE,2318,0,2318,4160453.79
CL763017,INE154A01025,ITC,2342,0,2342,5213573.87
CL209139,INE237A01028,KOTAKBANK,462,0,462,611552.88
CL814151,INE154A01025,ITC,2236,0,2236,389581.54
CL600070,INE009A01021,INFY,795,0,795,2079806.18
CL102494,INE237A01028,KOTAKBANK,1554,0,1554,3288252.76
CL521991,INE009A01021,INFY,444,0,444,832809.44
CL561851,INE238A01026,AXISBANK,1685,175,1860,2070480.04
CL206505,INE237A01028,KOTAKBANK,375,0,375,862389.4
CL003933,INE002A01018,RELIANCE,2934,0,2934,4928691.51
CL110198,INE009A01021,INFY,1597,0,1597,4589497.64
CL797038,INE062A01020,SBIN,2032,0,2032,4660426.09
CL102612,INE090A01021,ICICIBANK,2191,0,2191,6408466.49
CL404282,INE155A01022,TATAMOTORS,2147,0,2147,1919350.4
CL114576,INE002A01018,RELIANCE,942,0,942,580415.81
CL807973,INE062A01020,SBIN,913,0,913,118438.68
CL281470,INE154A01025,ITC,2892,0,2892,2393869.67
CL464343,INE238A01026,AXISBANK,983,0,983,1544984.3
CL546094,INE009A01021,INFY,921,0,921,281219.21
CL772334,INE009A01021,INFY,1202,0,1202,415013.01
CL571669,INE237A01028,KOTAKBANK,2242,0,2242,5312191.21
CL661408,INE237A01028,KOTAKBANK,537,0,537,1609710.84
CL247327,INE154A01025,ITC,1162,0,1162,3321860.27
CL244636,INE154A01025,ITC,2701,0,2701,7753703.29
CL252347,INE018A01030,LT,1318,0,1318,3586294.64
CL273974,INE154A01025,ITC,2139,0,2139,3813527.4
CL586069,INE009A01021,INFY,376,0,376,831550.42
CL375163,INE154A01025,ITC,1130,166,1296,3110643.56
CL898229,INE062A01020,SBIN,1277,88,1365,615358.62
CL220019,INE237A01028,KOTAKBANK,277,0,277,740292.98
CL210132,INE154A01025,ITC,133,8,141,375335.66
CL844541,INE154A01025,ITC,1235,0,1235,3109754.6
CL569309,INE090A01021,ICICIBANK,364,0,364,373668.51
CL202672,INE018A01030,LT,157,0,157,66396.08
CL724305,INE237A01028,KOTAKBANK,2747,0,2747,7060445.67
CL070781,INE001A01036,HDFC,2880,0,2880,1451947.93
CL492389,INE018A01030,LT,2704,0,2704,7615254.19
CL668544,INE090A01021,ICICIBANK,1367,0,1367,1309178.66
CL225604,INE238A01026,AXISBANK,2691,0,2691,4593471.34
CL755636,INE062A01020,SBIN,1685,0,1685,911899.45
CL164169,INE155A01022,TATAMOTORS,521,80,601,1455039.54
CL578673,INE001A01036,HDFC,2793,0,2793,5780560.61
CL033400,INE002A01018,RELIANCE,1363,245,1608,812509.15
CL046945,INE154A01025,ITC,1122,0,1122,2762338.18
CL297776,INE062A01020,SBIN,973,0,973,1887968.61
CL805967,INE237A01028,KOTAKBANK,339,0,339,467332.59
CL191718,INE018A01030,LT,1484,0,1484,779202.83
CL066197,INE238A01026,AXISBANK,2059,24,2083,893462.17
CL768351,INE018A01030,LT,767,0,767,78297.76
CL690180,INE001A01036,HDFC,1971,0,1971,539489.18
CL677911,INE090A01021,ICICIBANK,117,0,117,303238.8
CL717784,INE154A01025,ITC,2764,62,2826,5257375.1
CL386421,INE237A01028,KOTAKBANK,2384,0,2384,977763.2
CL484738,INE018A01030,LT,2267,0,2267,4435180.79
CL184153,INE155A01022,TATAMOTORS,2010,0,2010,2886060.03
CL030299,INE237A01028,KOTAKBANK,2247,0,2247,5081898.88
CL000987,INE090A01021,ICICIBANK,30,89,119,149161.49
CL300239,INE018A01030,LT,245,0,245,145522.66
CL465376,INE001A01036,HDFC,2359,0,2359,5337431.82
CL848386,INE002A01018,RELIANCE,1657,0,1657,2018374.57
CL085521,INE062A01020,SBIN,423,0,423,736919.86
CL709139,INE002A01018,RELIANCE,2144,13,2157,762596.32
CL709532,INE154A01025,ITC,1138,0,1138,2570034.14
CL213453,INE009A01021,INFY,2142,0,2142,3147267.81
CL820300,INE018A01030,LT,172,0,172,75410.57
CL402246,INE062A01020,SBIN,2960,1,2961,6659369.69
CL321499,INE155A01022,TATAMOTORS,2608,241,2849,8045720.86
CL763085,INE237A01028,KOTAKBANK,1316,0,1316,1436373.94
CL845459,INE238A01026,AXISBANK,2790,0,2790,2622981.78
CL745366,INE155A01022,TATAMOTORS,2307,0,2307,396695.61
CL924299,INE009A01021,INFY,944,137,1081,1235207.29
CL880474,INE001A01036,HDFC,243,0,243,669955.16
CL208782,INE090A01021,ICICIBANK,2766,0,2766,7423226.18
CL877368,INE062A01020,SBIN,2603,229,2832,6341093.21
CL116551,INE002A01018,RELIANCE,591,0,591,1266702.75
CL098133,INE238A01026,AXISBANK,70,0,70,25807.42
CL508656,INE154A01025,ITC,2279,0,2279,3896603.64
CL740851,INE090A01021,ICICIBANK,1037,0,1037,2203526.41
CL937115,INE090A01021,ICICIBANK,2404,0,2404,5465775.24
CL447955,INE062A01020,SBIN,2835,0,2835,7389878.74
CL245185,INE002A01018,RELIANCE,2851,184,3035,8419530.85
CL210017,INE001A01036,HDFC,1288,0,1288,1602520.31
CL185188,INE062A01020,SBIN,1646,0,1646,4892274.87
CL101399,INE002A01018,RELIANCE,1735,0,1735,3178882.8
CL956944,INE238A01026,AXISBANK,1088,0,1088,2943845.57
CL572050,INE154A01025,ITC,1577,0,1577,2312085.62
CL661665,INE018A01030,LT,2791,112,2903,2066697.42
CL113925,INE238A01026,AXISBANK,1194,0,1194,2878887.46
CL285307,INE062A01020,SBIN,1277,0,1277,2507611.31
CL089718,INE238A01026,AXISBANK,2440,0,2440,2877520.85
CL101156,INE238A01026,AXISBANK,2298,0,2298,3235524.59
CL855737,INE090A01021,ICICIBANK,2068,0,2068,5818111.03
CL758904,INE001A01036,HDFC,2282,0,2282,6809272.87
CL332507,INE155A01022,TATAMOTORS,1105,22,1127,2899002.58
CL407107,INE062A01020,SBIN,1799,72,1871,2830341.59
CL304106,INE237A01028,KOTAKBANK,2229,0,2229,2178856.35
CL646065,INE237A01028,KOTAKBANK,2580,0,2580,6876849.16
CL227617,INE009A01021,INFY,524,0,524,1132827.5
CL041922,INE238A01026,AXISBANK,1781,0,1781,3956826.99
CL711933,INE237A01028,KOTAKBANK,2090,0,2090,3294853.73
CL030281,INE002A01018,RELIANCE,73,0,73,130506.7
CL377598,INE002A01018,RELIANCE,2132,0,2132,794434.81
CL700271,INE090A01021,ICICIBANK,2105,0,2105,671560.72
CL330622,INE062A01020,SBIN,644,0,644,1538602.5
CL114482,INE154A01025,ITC,2743,275,3018,6584826.8
CL824696,INE237A01028,KOTAKBANK,99,15,114,117148.59
CL938739,INE018A01030,LT,1468,0,1468,790005.13
CL082291,INE018A01030,LT,1158,0,1158,512558.47
CL153219,INE154A01025,ITC,1059,233,1292,3101463.06
CL014278,INE002A01018,RELIANCE,452,0,452,667554.83
CL724661,INE237A01028,KOTAKBANK,2379,0,2379,6262527.34
CL939223,INE238A01026,AXISBANK,2783,80,2863,6689616.13
CL141709,INE155A01022,TATAMOTORS,2550,0,2550,5113928.2
CL856237,INE062A01020,SBIN,1307,0,1307,170986.13
CL368499,INE238A01026,AXISBANK,1715,283,1998,4273396.05
CL891016,INE238A01026,AXISBANK,1870,0,1870,4738513.84
CL794385,INE090A01021,ICICIBANK,1263,87,1350,3242855.26
CL411991,INE238A01026,AXISBANK,529,0,529,1153321.42
CL648623,INE001A01036,HDFC,1812,0,1812,409682.71
CL196835,INE062A01020,SBIN,665,0,665,933077.77
CL070081,INE155A01022,TATAMOTORS,944,0,944,2780042.8
CL909618,INE090A01021,ICICIBANK,1919,0,1919,4712374.71
CL072321,INE062A01020,SBIN,2856,0,2856,3947335.08
CL316099,INE155A01022,TATAMOTORS,559,0,559,1181406.38
CL344723,INE238A01026,AXISBANK,1054,0,1054,1898338.52
CL991929,INE018A01030,LT,1573,0,1573,4529664.16
CL563562,INE001A01036,HDFC,2115,117,2232,4999716.15
CL572765,INE237A01028,KOTAKBANK,1919,251,2170,2444550.34
CL941941,INE018A01030,LT,20,15,35,80333.04
CL391129,INE238A01026,AXISBANK,2730,0,2730,3696904.48
CL273227,INE009A01021,INFY,2169,0,2169,4778336.6
CL156774,INE090A01021,ICICIBANK,1086,17,1103,766761.43
CL876765,INE237A01028,KOTAKBANK,323,0,323,442203.23
CL676003,INE009A01021,INFY,2554,0,2554,3168010.23
CL355973,INE002A01018,RELIANCE,2890,0,2890,4453672.72
CL949289,INE238A01026,AXISBANK,1737,0,1737,3714430.24
CL242693,INE155A01022,TATAMOTORS,1086,47,1133,3322427.04
CL731782,INE062A01020,SBIN,1800,0,1800,5021345.58
CL006746,INE154A01025,ITC,2432,0,2432,6094809.45
CL801959,INE154A01025,ITC,836,0,836,1491948.15
CL286774,INE155A01022,TATAMOTORS,1116,28,1144,1592273.98
CL466131,INE155A01022,TATAMOTORS,1914,0,1914,3043483.16
CL401841,INE018A01030,LT,27,0,27,62083.6
CL363570,INE002A01018,RELIANCE,829,0,829,1150417.35
CL666272,INE002A01018,RELIANCE,2629,0,2629,1030228.19
CL119284,INE238A01026,AXISBANK,351,169,520,1321011.06
CL207484,INE155A01022,TATAMOTORS,2930,269,3199,7293739.47
CL919702,INE002A01018,RELIANCE,852,0,852,1839000.31
CL351798,INE002A01018,RELIANCE,315,0,315,622974.37
CL786288,INE238A01026,AXISBANK,1275,0,1275,3083508.19
CL790059,INE062A01020,SBIN,2838,0,2838,8392509.51
CL774537,INE001A01036,HDFC,2840,0,2840,1911263.41
CL236239,INE001A01036,HDFC,1400,0,1400,4153668.88
CL336423,INE062A01020,SBIN,1933,0,1933,737778.36
CL564628,INE002A01018,RELIANCE,1165,0,1165,3228503.82
CL362453,INE001A01036,HDFC,2300,0,2300,489943.8
CL243013,INE009A01021,INFY,116,256,372,439288.33
CL095469,INE002A01018,RELIANCE,1746,0,1746,4857374.03
CL587297,INE062A01020,SBIN,294,0,294,645438.88
CL904541,INE238A01026,AXISBANK,738,0,738,1799217.48
CL381601,INE009A01021,INFY,2404,0,2404,3657989.96
CL218987,INE002A01018,RELIANCE,2781,116,2897,3279990.38
CL072465,INE002A01018,RELIANCE,2313,248,2561,1973317.88
CL397185,INE090A01021,ICICIBANK,1292,0,1292,1862645.64
CL595133,INE018A01030,LT,320,0,320,317216.38
CL088017,INE237A01028,KOTAKBANK,218,0,218,224517.96
CL709061,INE155A01022,TATAMOTORS,2597,0,2597,3771140.58
CL382748,INE002A01018,RELIANCE,151,177,328,825902.95
CL611110,INE018A01030,LT,1495,0,1495,4053226.78
CL188250,INE062A01020,SBIN,1897,0,1897,2356992.1
CL254279,INE001A01036,HDFC,2022,66,2088,1326028.96
CL556457,INE018A01030,LT,262,0,262,351100.26
CL913949,INE237A01028,KOTAKBANK,487,51,538,1125977.41
CL584500,INE018A01030,LT,1640,100,1740,830400.81
CL185907,INE002A01018,RELIANCE,1540,46,1586,1873611.37
CL454602,INE154A01025,ITC,1601,0,1601,2825188.11
CL932086,INE237A01028,KOTAKBANK,2507,0,2507,2964083.04
CL440696,INE002A01018,RELIANCE,130,0,130,247803.35
CL931714,INE002A01018,RELIANCE,822,0,822,1918707.64
CL547930,INE237A01028,KOTAKBANK,683,0,683,134754.98
CL838867,INE002A01018,RELIANCE,2161,187,2348,3377220.76
CL718842,INE237A01028,KOTAKBANK,2293,0,2293,1872227.72
CL491828,INE009A01021,INFY,2078,0,2078,867225.61
CL991802,INE009A01021,INFY,2232,0,2232,6312823.84
CL191874,INE009A01021,INFY,2749,0,2749,3671260.98
CL687832,INE018A01030,LT,2109,0,2109,1318332.67
CL256527,INE237A01028,KOTAKBANK,1371,168,1539,3607760.72
CL892746,INE001A01036,HDFC,2269,0,2269,358327.66
CL564837,INE001A01036,HDFC,613,0,613,1112279.95
CL480792,INE002A01018,RELIANCE,2738,0,2738,4870538.39
CL428007,INE002A01018,RELIANCE,1003,0,1003,1437814.34
CL384606,INE154A01025,ITC,2369,191,2560,1306020.34
CL148726,INE154A01025,ITC,2674,0,2674,489166.84
CL500121,INE090A01021,ICICIBANK,63,247,310,341407.54
CL303157,INE062A01020,SBIN,1854,0,1854,4170449.27
CL836199,INE001A01036,HDFC,1674,0,1674,3850581.76
CL406783,INE154A01025,ITC,476,0,476,1102434.25
CL698083,INE237A01028,KOTAKBANK,2312,286,2598,4155319.63
CL936306,INE155A01022,TATAMOTORS,2271,0,2271,6423739.58
CL422096,INE009A01021,INFY,450,0,450,1089887.16
CL977831,INE062A01020,SBIN,2846,0,2846,549681.3
CL340476,INE155A01022,TATAMOTORS,425,0,425,1123703.69
CL406217,INE238A01026,AXISBANK,2013,0,2013,840992.88
CL345256,INE001A01036,HDFC,905,0,905,2434341.03
CL834089,INE018A01030,LT,2293,263,2556,4456728.23
CL408777,INE062A01020,SBIN,563,0,563,294851.42
CL532056,INE009A01021,INFY,242,0,242,528489.67
CL958569,INE009A01021,INFY,1009,0,1009,361681.95
CL477534,INE018A01030,LT,1787,275,2062,659910.7
CL739643,INE237A01028,KOTAKBANK,2473,0,2473,2969484.42
CL364208,INE237A01028,KOTAKBANK,2865,0,2865,3963626.05
CL454551,INE238A01026,AXISBANK,1646,0,1646,3672078.28
CL802406,INE090A01021,ICICIBANK,2256,0,2256,1875427.47
CL733206,INE155A01022,TATAMOTORS,618,254,872,1123840.45
CL031596,INE001A01036,HDFC,2101,0,2101,2809771.82
CL698373,INE090A01021,ICICIBANK,2654,0,2654,6348884.84
CL429333,INE155A01022,TATAMOTORS,1805,0,1805,3938304.02
CL388042,INE237A01028,KOTAKBANK,451,0,451,325307.67
CL197080,INE238A01026,AXISBANK,433,0,433,394606.34
CL166972,INE018A01030,LT,430,0,430,1051115.14
CL507258,INE062A01020,SBIN,2448,242,2690,4038765.43
CL375972,INE002A01018,RELIANCE,1201,0,1201,1550649.78
CL509589,INE001A01036,HDFC,168,253,421,1246586.36
CL467710,INE237A01028,KOTAKBANK,2004,0,2004,2469478.36
CL102641,INE018A01030,LT,2056,0,2056,3160789.75
CL210930,INE009A01021,INFY,2055,0,2055,4746477.47
CL567481,INE154A01025,ITC,2401,0,2401,6703486.48
CL085786,INE002A01018,RELIANCE,225,21,246,122239.34
CL822383,INE090A01021,ICICIBANK,2647,250,2897,2347764.26
CL071911,INE154A01025,ITC,2529,0,2529,5279967.6
CL421563,INE062A01020,SBIN,868,0,868,706166.47
CL498609,INE238A01026,AXISBANK,1901,0,1901,3088580.65
CL736574,INE237A01028,KOTAKBANK,2028,294,2322,4104873.59
CL857755,INE062A01020,SBIN,2221,0,2221,3950531.03
CL913446,INE090A01021,ICICIBANK,1317,224,1541,2724024.16
CL130224,INE002A01018,RELIANCE,461,0,461,140751.17
CL909249,INE090A01021,ICICIBANK,1500,0,1500,3765976.73
CL888783,INE001A01036,HDFC,2950,0,2950,7660510.35
CL280502,INE238A01026,AXISBANK,2107,232,2339,2174583.81
CL901785,INE237A01028,KOTAKBANK,250,25,275,339868.83
CL042438,INE002A01018,RELIANCE,1837,208,2045,2854357.61
CL976453,INE002A01018,RELIANCE,1159,299,1458,4372785.45
CL249003,INE001A01036,HDFC,833,241,1074,2993155.07
CL392385,INE155A01022,TATAMOTORS,1912,202,2114,3385825.48
CL631470,INE155A01022,TATAMOTORS,2772,0,2772,3269408.82
CL370353,INE238A01026,AXISBANK,1089,0,1089,3169905.33
CL915287,INE018A01030,LT,1432,0,1432,1911105.62
CL549138,INE090A01021,ICICIBANK,2157,108,2265,5969344.75
CL788551,INE238A01026,AXISBANK,1900,0,1900,5640969.0
CL711871,INE237A01028,KOTAKBANK,2827,0,2827,921102.54
CL046646,INE154A01025,ITC,71,0,71,125981.21
CL681880,INE154A01025,ITC,5,0,5,10715.86
CL536371,INE238A01026,AXISBANK,2795,0,2795,2120871.11
CL460109,INE090A01021,ICICIBANK,2874,0,2874,3242347.64
CL855022,INE155A01022,TATAMOTORS,1604,0,1604,1360919.28
CL192324,INE062A01020,SBIN,1461,0,1461,502479.83
CL719407,INE090A01021,ICICIBANK,332,108,440,250915.55
CL419302,INE237A01028,KOTAKBANK,2669,0,2669,4128637.56
CL583302,INE237A01028,KOTAKBANK,2211,0,2211,4031222.28
CL941769,INE062A01020,SBIN,1530,0,1530,1303166.08
CL565217,INE062A01020,SBIN,450,0,450,1188993.09
CL930988,INE002A01018,RELIANCE,831,0,831,214192.9
CL020942,INE154A01025,ITC,1386,234,1620,2765234.3
CL704171,INE062A01020,SBIN,754,0,754,795867.64
CL701960,INE154A01025,ITC,735,36,771,2193157.78
CL989743,INE018A01030,LT,1948,0,1948,5444567.16
CL198503,INE001A01036,HDFC,2978,0,2978,4754913.98
CL037578,INE002A01018,RELIANCE,1069,0,1069,2793171.48
CL918561,INE002A01018,RELIANCE,2331,151,2482,893609.33
CL663640,INE238A01026,AXISBANK,1562,0,1562,2621925.24
CL994895,INE237A01028,KOTAKBANK,2067,0,2067,4927029.35
CL028875,INE154A01025,ITC,2812,0,2812,7340712.34
CL275545,INE002A01018,RELIANCE,2037,293,2330,386589.57
CL843004,INE062A01020,SBIN,1637,0,1637,313101.53
CL066835,INE237A01028,KOTAKBANK,992,0,992,1113743.0
CL119141,INE009A01021,INFY,1468,0,1468,2732052.73
CL911891,INE237A01028,KOTAKBANK,2761,0,2761,7781147.62
CL922594,INE237A01028,KOTAKBANK,1701,0,1701,1583221.99
CL652190,INE001A01036,HDFC,2759,0,2759,2150096.69
CL126998,INE237A01028,KOTAKBANK,2039,0,2039,642845.09
CL651946,INE237A01028,KOTAKBANK,611,0,611,842002.04
CL180654,INE009A01021,INFY,2217,14,2231,6054711.31
CL173065,INE238A01026,AXISBANK,711,251,962,371698.83
CL687793,INE155A01022,TATAMOTORS,2364,278,2642,2099039.78
CL683881,INE238A01026,AXISBANK,2628,0,2628,3077332.21
CL936497,INE062A01020,SBIN,2700,0,2700,2054026.59
CL647193,INE009A01021,INFY,244,0,244,156131.71
CL459011,INE090A01021,ICICIBANK,2268,213,2481,1423047.14
CL486696,INE155A01022,TATAMOTORS,1089,0,1089,1554237.57
CL098910,INE237A01028,KOTAKBANK,450,0,450,774266.57
CL159587,INE001A01036,HDFC,150,112,262,693178.4
CL766371,INE237A01028,KOTAKBANK,745,0,745,825508.25
CL533372,INE154A01025,ITC,1072,0,1072,261447.79
CL121258,INE062A01020,SBIN,2447,0,2447,7153247.88
CL079894,INE018A01030,LT,2800,0,2800,7393434.89
CL971528,INE002A01018,RELIANCE,1518,0,1518,1274826.46
CL059042,INE090A01021,ICICIBANK,54,156,210,554668.52
CL145950,INE062A01020,SBIN,409,0,409,119963.08
CL598706,INE062A01020,SBIN,1756,0,1756,2861553.94
CL664742,INE009A01021,INFY,2835,0,2835,2507419.27
CL909769,INE237A01028,KOTAKBANK,953,0,953,2761983.36
CL722071,INE001A01036,HDFC,1330,0,1330,2147235.94
CL682535,INE155A01022,TATAMOTORS,1534,199,1733,4160069.54
CL672913,INE062A01020,SBIN,1423,0,1423,2902449.77
CL314648,INE062A01020,SBIN,1580,0,1580,217747.17
CL667660,INE237A01028,KOTAKBANK,672,0,672,1815506.82
CL431109,INE062A01020,SBIN,1729,0,1729,532924.45
CL009131,INE155A01022,TATAMOTORS,785,168,953,445324.7
CL888104,INE154A01025,ITC,1917,0,1917,5694046.57
CL589113,INE090A01021,ICICIBANK,2892,0,2892,5507057.3
CL182873,INE238A01026,AXISBANK,637,0,637,368054.26
CL702930,INE237A01028,KOTAKBANK,778,236,1014,161117.6
CL974049,INE238A01026,AXISBANK,2527,0,2527,7498313.11
CL762694,INE009A01021,INFY,473,0,473,284163.42
CL528901,INE238A01026,AXISBANK,2752,0,2752,932986.56
CL669837,INE002A01018,RELIANCE,89,0,89,258141.91
CL002710,INE018A01030,LT,1964,0,1964,3256440.08
CL875173,INE001A01036,HDFC,2356,0,2356,6556546.86
CL145688,INE155A01022,TATAMOTORS,1292,0,1292,2286881.01
CL964190,INE062A01020,SBIN,2130,0,2130,5412314.91
CL667916,INE009A01021,INFY,2651,283,2934,6946688.32
CL876082,INE009A01021,INFY,264,0,264,223613.6
CL397568,INE238A01026,AXISBANK,2362,0,2362,1179265.23
CL618845,INE062A01020,SBIN,2018,0,2018,213398.8
CL707413,INE018A01030,LT,2519,0,2519,510803.85
CL639200,INE009A01021,INFY,2975,0,2975,2956153.17
CL884487,INE237A01028,KOTAKBANK,1629,0,1629,345894.64
CL916015,INE001A01036,HDFC,2668,0,2668,4509080.19
CL989543,INE001A01036,HDFC,1758,0,1758,1807601.71
CL814974,INE062A01020,SBIN,2827,101,2928,4362942.18
CL858827,INE009A01021,INFY,842,0,842,1789367.01
CL308777,INE155A01022,TATAMOTORS,558,0,558,1359608.91
CL516231,INE238A01026,AXISBANK,1492,0,1492,3844396.31
CL299526,INE009A01021,INFY,517,0,517,683500.23
CL508829,INE238A01026,AXISBANK,918,0,918,1563903.49
CL496275,INE001A01036,HDFC,2016,0,2016,2742061.5
CL181758,INE009A01021,INFY,590,172,762,916842.31
CL378471,INE062A01020,SBIN,123,0,123,232262.63
CL757966,INE238A01026,AXISBANK,1966,0,1966,5713321.01
CL143190,INE009A01021,INFY,1436,0,1436,3938756.23
CL607956,INE009A01021,INFY,1979,0,1979,974870.06
CL051077,INE154A01025,ITC,946,0,946,1904064.45
CL226336,INE009A01021,INFY,2276,0,2276,4083598.87
CL371887,INE009A01021,INFY,959,0,959,1933167.67
CL411191,INE155A01022,TATAMOTORS,964,0,964,1610448.85
CL792055,INE002A01018,RELIANCE,1186,0,1186,3210076.96
CL446371,INE155A01022,TATAMOTORS,81,0,81,119379.66
CL967360,INE009A01021,INFY,2465,0,2465,4309738.22
CL375930,INE062A01020,SBIN,444,141,585,204761.55
CL994663,INE009A01021,INFY,649,0,649,455887.14
CL202221,INE155A01022,TATAMOTORS,2026,0,2026,5531795.45
CL072375,INE018A01030,LT,1507,0,1507,2560286.59
CL078755,INE018A01030,LT,39,0,39,54437.13
CL514145,INE155A01022,TATAMOTORS,2513,0,2513,5768039.95
CL847437,INE018A01030,LT,1039,0,1039,396449.94
CL568060,INE009A01021,INFY,2870,0,2870,5798094.17
CL572243,INE001A01036,HDFC,778,126,904,811424.56
CL510595,INE237A01028,KOTAKBANK,1293,0,1293,1544658.36
CL540874,INE062A01020,SBIN,2095,69,2164,4488661.52
CL817523,INE237A01028,KOTAKBANK,990,92,1082,968300.06
CL923398,INE155A01022,TATAMOTORS,1209,0,1209,2532977.46
CL696646,INE009A01021,INFY,1998,0,1998,4847590.88
CL009091,INE154A01025,ITC,2248,158,2406,2123111.51
CL556021,INE018A01030,LT,654,0,654,731048.35
CL006734,INE009A01021,INFY,1729,0,1729,1043421.74
CL120275,INE237A01028,KOTAKBANK,1969,0,1969,3466910.35
CL576566,INE001A01036,HDFC,946,0,946,2038890.58
CL692715,INE002A01018,RELIANCE,629,0,629,1633500.26
CL324436,INE237A01028,KOTAKBANK,2584,0,2584,5282204.18
CL300240,INE001A01036,HDFC,2502,0,2502,6746210.2
CL604049,INE009A01021,INFY,1426,0,1426,2062871.99
CL298038,INE238A01026,AXISBANK,321,0,321,217271.71
CL139024,INE090A01021,ICICIBANK,1537,156,1693,3743236.5
CL584354,INE002A01018,RELIANCE,1300,0,1300,2275402.52
CL610933,INE001A01036,HDFC,1300,257,1557,4657009.42
CL353875,INE001A01036,HDFC,226,0,226,438186.54
CL787725,INE155A01022,TATAMOTORS,2511,0,2511,7018961.7
CL086162,INE001A01036,HDFC,976,0,976,691075.73
CL093845,INE001A01036,HDFC,462,53,515,589903.88
CL020676,INE009A01021,INFY,1502,0,1502,1022197.55
CL128194,INE002A01018,RELIANCE,1098,0,1098,1106661.46
CL011756,INE009A01021,INFY,2284,0,2284,4826949.74
CL148641,INE001A01036,HDFC,1280,0,1280,851975.14
CL605923,INE002A01018,RELIANCE,215,0,215,556933.1
CL397034,INE238A01026,AXISBANK,90,0,90,109781.99
CL814459,INE002A01018,RELIANCE,1380,0,1380,226901.3
CL233777,INE002A01018,RELIANCE,363,0,363,242053.74
CL788105,INE002A01018,RELIANCE,7,0,7,14429.86
CL419125,INE238A01026,AXISBANK,1364,0,1364,3550791.04
CL546759,INE001A01036,HDFC,2902,4,2906,3206187.7
CL660022,INE155A01022,TATAMOTORS,1788,0,1788,4200035.14
CL778233,INE009A01021,INFY,2015,0,2015,5701048.0
CL456043,INE155A01022,TATAMOTORS,999,0,999,1221027.45
CL978877,INE001A01036,HDFC,266,256,522,1516732.99
CL432007,INE237A01028,KOTAKBANK,2030,221,2251,685494.98
CL724468,INE090A01021,ICICIBANK,2414,0,2414,1993173.42
CL488222,INE009A01021,INFY,61,0,61,119868.11
CL123245,INE009A01021,INFY,1743,0,1743,3525964.3
CL864680,INE154A01025,ITC,1639,206,1845,2055844.22
CL167435,INE155A01022,TATAMOTORS,1440,0,1440,2475908.61
CL767651,INE018A01030,LT,335,295,630,484838.31
CL929821,INE001A01036,HDFC,993,0,993,890233.87
CL763725,INE009A01021,INFY,967,0,967,1246367.7
CL944835,INE001A01036,HDFC,818,0,818,1076539.22
CL875021,INE002A01018,RELIANCE,753,86,839,457246.62
CL428836,INE001A01036,HDFC,1335,0,1335,1070850.21
CL406061,INE002A01018,RELIANCE,1101,0,1101,1469449.99
CL521547,INE155A01022,TATAMOTORS,2768,236,3004,5890429.6
CL322772,INE155A01022,TATAMOTORS,1180,0,1180,136479.41
CL475909,INE154A01025,ITC,2,0,2,2400.11
CL100581,INE154A01025,ITC,117,0,117,328987.2
CL234381,INE001A01036,HDFC,2643,0,2643,2270404.0
CL743140,INE009A01021,INFY,1192,0,1192,894023.12
CL776207,INE155A01022,TATAMOTORS,2331,0,2331,1049788.89
CL086009,INE018A01030,LT,1135,0,1135,351810.08
CL924106,INE155A01022,TATAMOTORS,705,0,705,1945476.15
CL277547,INE001A01036,HDFC,2527,116,2643,6987244.58
CL404214,INE238A01026,AXISBANK,20,297,317,773461.7
CL680066,INE002A01018,RELIANCE,2228,0,2228,364780.46
CL583008,INE155A01022,TATAMOTORS,811,58,869,458617.19
CL694781,INE155A01022,TATAMOTORS,1765,0,1765,5293230.07
CL561862,INE002A01018,RELIANCE,1852,0,1852,4169470.06
CL941833,INE002A01018,RELIANCE,2088,0,2088,763156.66
CL510773,INE237A01028,KOTAKBANK,1587,0,1587,1726122.71
CL682641,INE018A01030,LT,1818,0,1818,1600759.95
CL188991,INE090A01021,ICICIBANK,874,0,874,2512230.88
CL668533,INE237A01028,KOTAKBANK,1484,0,1484,3831002.31
CL491587,INE155A01022,TATAMOTORS,1656,0,1656,545779.18
CL289927,INE238A01026,AXISBANK,2879,0,2879,7103475.7
CL679520,INE009A01021,INFY,952,0,952,1010403.08
CL803822,INE090A01021,ICICIBANK,2581,0,2581,5189409.66
CL462457,INE155A01022,TATAMOTORS,2345,0,2345,3041704.91
CL302966,INE009A01021,INFY,2263,0,2263,5970199.21
CL131994,INE062A01020,SBIN,135,0,135,382449.5
CL688829,INE002A01018,RELIANCE,1684,0,1684,3397821.07
CL732855,INE062A01020,SBIN,1666,0,1666,4749368.71
CL145005,INE155A01022,TATAMOTORS,2682,291,2973,2286981.38
CL927627,INE155A01022,TATAMOTORS,1202,0,1202,230193.77
CL226089,INE154A01025,ITC,2366,0,2366,5668971.79
CL599599,INE154A01025,ITC,584,0,584,1501179.89
CL825050,INE002A01018,RELIANCE,1218,76,1294,2056554.44
CL365100,INE002A01018,RELIANCE,530,0,530,1467271.75
CL193819,INE002A01018,RELIANCE,2730,0,2730,3719913.84
CL273230,INE002A01018,RELIANCE,412,213,625,301385.37
CL863469,INE018A01030,LT,2435,60,2495,3141854.79
CL268204,INE238A01026,AXISBANK,1490,0,1490,3462853.65
CL698490,INE155A01022,TATAMOTORS,2157,0,2157,2991773.35
CL257446,INE018A01030,LT,1560,0,1560,1500444.35
CL386519,INE237A01028,KOTAKBANK,1409,0,1409,1604774.39
CL394013,INE018A01030,LT,1456,0,1456,4024696.44
CL382943,INE002A01018,RELIANCE,2931,255,3186,5919619.91
CL734573,INE001A01036,HDFC,1962,214,2176,5048664.1
CL962395,INE154A01025,ITC,1785,84,1869,4580590.73
CL733497,INE001A01036,HDFC,1401,191,1592,3096123.9
CL743359,INE155A01022,TATAMOTORS,2040,0,2040,4705730.69
CL385785,INE238A01026,AXISBANK,953,0,953,2421736.52
CL423112,INE062A01020,SBIN,1394,158,1552,1963717.3
CL557955,INE238A01026,AXISBANK,99,0,99,77544.71
CL422432,INE090A01021,ICICIBANK,13,7,20,18427.36
CL594288,INE237A01028,KOTAKBANK,1795,0,1795,5251470.34
CL820358,INE009A01021,INFY,2121,0,2121,317530.99
CL066100,INE154A01025,ITC,364,0,364,230799.24
CL316422,INE155A01022,TATAMOTORS,2087,0,2087,2772587.01
CL279052,INE154A01025,ITC,2311,0,2311,5926837.65
CL949961,INE090A01021,ICICIBANK,879,0,879,335809.41
CL098365,INE155A01022,TATAMOTORS,1869,0,1869,1657340.08
CL594236,INE237A01028,KOTAKBANK,1405,0,1405,1172894.93
CL451650,INE062A01020,SBIN,506,0,506,1236544.96
CL281502,INE062A01020,SBIN,1433,0,1433,3063419.07
CL454551,INE238A01026,AXISBANK,2364,0,2364,3186893.06
CL236141,INE090A01021,ICICIBANK,2126,0,2126,5455451.34
CL827976,INE002A01018,RELIANCE,2497,0,2497,5680218.61
CL627247,INE018A01030,LT,2115,0,2115,4873527.74
CL575090,INE062A01020,SBIN,2822,0,2822,5082860.25
CL165268,INE090A01021,ICICIBANK,679,0,679,1643530.71
CL818958,INE009A01021,INFY,2972,0,2972,4823366.09
CL725947,INE018A01030,LT,2635,90,2725,1344038.06
CL771652,INE009A01021,INFY,1690,0,1690,4851626.54
CL371073,INE018A01030,LT,1768,0,1768,3734216.99
CL955270,INE237A01028,KOTAKBANK,2069,0,2069,676143.6
CL237109,INE009A01021,INFY,1014,0,1014,558073.3
CL667341,INE237A01028,KOTAKBANK,1897,0,1897,3296437.38
CL331769,INE018A01030,LT,2901,0,2901,5487172.88
CL488339,INE155A01022,TATAMOTORS,283,0,283,132271.9
CL811701,INE062A01020,SBIN,226,203,429,818250.03
CL111910,INE238A01026,AXISBANK,2154,0,2154,2100684.5
CL346911,INE155A01022,TATAMOTORS,1639,0,1639,4243125.47
CL158316,INE018A01030,LT,2494,0,2494,5863728.06
CL862228,INE062A01020,SBIN,1907,0,1907,4663847.38
CL011748,INE062A01020,SBIN,2033,0,2033,3951654.65
CL838980,INE155A01022,TATAMOTORS,2221,0,2221,410764.24
CL950269,INE237A01028,KOTAKBANK,2538,0,2538,5089541.11
CL691052,INE090A01021,ICICIBANK,751,0,751,1152280.2
CL867003,INE154A01025,ITC,66,0,66,9428.42
CL278154,INE154A01025,ITC,1009,0,1009,155963.43
CL643070,INE018A01030,LT,2425,260,2685,3591805.26
CL331389,INE002A01018,RELIANCE,599,300,899,901550.6
CL588984,INE155A01022,TATAMOTORS,2800,0,2800,506364.36
CL444207,INE062A01020,SBIN,1957,0,1957,2798346.91
CL461865,INE002A01018,RELIANCE,1366,0,1366,2499398.39
CL350195,INE237A01028,KOTAKBANK,209,0,209,301980.13
CL675330,INE001A01036,HDFC,2229,0,2229,6337339.66
CL976197,INE062A01020,SBIN,578,0,578,263855.37
CL879928,INE237A01028,KOTAKBANK,385,192,577,1717020.47
CL612040,INE018A01030,LT,1040,0,1040,638510.08
CL430410,INE154A01025,ITC,2142,0,2142,708702.54
CL411273,INE001A01036,HDFC,134,0,134,144519.85
CL653748,INE154A01025,ITC,233,5,238,379578.89
CL634265,INE001A01036,HDFC,1742,0,1742,454555.13
CL652157,INE002A01018,RELIANCE,2834,0,2834,5272001.66
CL854351,INE155A01022,TATAMOTORS,1429,0,1429,1486746.6
CL917661,INE062A01020,SBIN,1440,0,1440,566277.7
CL638205,INE154A01025,ITC,1769,0,1769,3102202.88
CL922832,INE018A01030,LT,1928,0,1928,3719317.9
CL181107,INE001A01036,HDFC,952,194,1146,3135204.16
CL761312,INE155A01022,TATAMOTORS,1660,14,1674,3383111.11
CL901848,INE001A01036,HDFC,513,0,513,1491240.3
CL484608,INE062A01020,SBIN,387,244,631,1787495.08
CL232748,INE001A01036,HDFC,1385,0,1385,3012212.36
CL148234,INE238A01026,AXISBANK,1741,0,1741,3208609.71
CL795273,INE018A01030,LT,1066,0,1066,504520.48
CL748261,INE062A01020,SBIN,1141,279,1420,3107290.67
CL174122,INE001A01036,HDFC,1639,0,1639,188701.71
CL734902,INE238A01026,AXISBANK,2003,0,2003,3171199.75
CL039469,INE009A01021,INFY,2874,0,2874,1699587.7
CL710586,INE155A01022,TATAMOTORS,775,0,775,427384.81
CL068069,INE154A01025,ITC,490,0,490,1335952.2
CL129026,INE001A01036,HDFC,2014,0,2014,777815.16
CL468271,INE154A01025,ITC,418,0,418,181412.25
CL705456,INE009A01021,INFY,697,0,697,1341218.03
CL312746,INE062A01020,SBIN,1109,0,1109,3318686.63
CL338258,INE155A01022,TATAMOTORS,1631,0,1631,659753.89
CL364613,INE155A01022,TATAMOTORS,2332,148,2480,5152553.17
CL566311,INE154A01025,ITC,372,0,372,918809.28
CL661924,INE154A01025,ITC,1702,0,1702,3048501.8
CL494400,INE154A01025,ITC,2781,0,2781,5679351.84
CL863275,INE009A01021,INFY,2090,0,2090,4197100.29
CL052443,INE154A01025,ITC,1049,0,1049,1109397.9
CL246833,INE002A01018,RELIANCE,2701,0,2701,3697922.06
CL691488,INE002A01018,RELIANCE,436,0,436,552798.97
CL878842,INE238A01026,AXISBANK,576,0,576,1136741.84
CL718478,INE155A01022,TATAMOTORS,1520,0,1520,1858175.82
CL695553,INE155A01022,TATAMOTORS,318,0,318,906213.21
CL479756,INE018A01030,LT,337,291,628,332336.79
CL223520,INE090A01021,ICICIBANK,2761,0,2761,605003.54
CL560911,INE154A01025,ITC,118,0,118,104770.88
CL707630,INE001A01036,HDFC,607,0,607,719594.4
CL885579,INE237A01028,KOTAKBANK,250,117,367,1064887.05
CL778862,INE238A01026,AXISBANK,54,0,54,38396.97
CL387393,INE090A01021,ICICIBANK,597,0,597,739777.4
CL647888,INE001A01036,HDFC,51,0,51,36518.02
CL045066,INE155A01022,TATAMOTORS,1191,0,1191,2844474.66
CL733991,INE155A01022,TATAMOTORS,334,0,334,67884.44
CL949092,INE154A01025,ITC,369,0,369,529374.42
CL148512,INE155A01022,TATAMOTORS,2281,0,2281,6806580.97
CL835480,INE090A01021,ICICIBANK,2711,0,2711,3555832.94
CL033250,INE009A01021,INFY,594,0,594,458059.52
CL799256,INE237A01028,KOTAKBANK,248,0,248,43650.84
CL025949,INE090A01021,ICICIBANK,61,0,61,62277.33
CL915817,INE009A01021,INFY,958,0,958,334235.88
CL446603,INE001A01036,HDFC,325,300,625,1681223.93
CL804970,INE090A01021,ICICIBANK,2733,66,2799,6376179.61
CL247158,INE001A01036,HDFC,851,19,870,441673.64
CL932060,INE238A01026,AXISBANK,506,154,660,1871522.64
CL065588,INE009A01021,INFY,2705,0,2705,6692753.07
CL532445,INE238A01026,AXISBANK,1792,0,1792,1864922.65
CL398117,INE001A01036,HDFC,2858,0,2858,4725040.2
CL224797,INE018A01030,LT,1603,176,1779,1139547.14
CL645964,INE009A01021,INFY,690,0,690,1744328.32
CL985687,INE154A01025,ITC,2529,0,2529,1934788.22
CL723285,INE155A01022,TATAMOTORS,1942,48,1990,2180575.14
CL542440,INE237A01028,KOTAKBANK,2042,0,2042,2936687.59
CL397038,INE001A01036,HDFC,1919,0,1919,1689577.1
CL694793,INE009A01021,INFY,1766,0,1766,2076551.29
CL955311,INE009A01021,INFY,762,0,762,1835526.33
CL349426,INE001A01036,HDFC,2033,0,2033,574955.42
CL894143,INE062A01020,SBIN,2067,276,2343,673213.22
CL322883,INE237A01028,KOTAKBANK,1712,0,1712,4112290.65
CL649603,INE009A01021,INFY,2904,194,3098,4046057.22
CL921016,INE237A01028,KOTAKBANK,2863,0,2863,4090598.04
CL124417,INE002A01018,RELIANCE,49,0,49,142843.31
CL673081,INE154A01025,ITC,287,0,287,825069.22
CL536432,INE237A01028,KOTAKBANK,1605,49,1654,1708561.38
CL569401,INE002A01018,RELIANCE,1940,0,1940,4837080.17
CL840090,INE154A01025,ITC,369,0,369,314274.38
CL541486,INE237A01028,KOTAKBANK,1320,0,1320,3230248.93
CL695768,INE154A01025,ITC,1753,0,1753,4753000.19
CL424665,INE002A01018,RELIANCE,738,0,738,376424.85
CL565338,INE238A01026,AXISBANK,1371,0,1371,2100974.35
CL894706,INE154A01025,ITC,2865,0,2865,5868188.32
CL910448,INE002A01018,RELIANCE,2518,0,2518,3626701.79
CL379058,INE090A01021,ICICIBANK,73,0,73,59495.04
CL678965,INE001A01036,HDFC,1258,0,1258,2297106.35
CL468317,INE090A01021,ICICIBANK,2340,0,2340,6315423.18
CL996544,INE237A01028,KOTAKBANK,1488,284,1772,3837798.77
CL280385,INE009A01021,INFY,1143,0,1143,3098367.58
CL750080,INE238A01026,AXISBANK,351,0,351,174460.58
CL309309,INE062A01020,SBIN,1830,288,2118,6235714.45
CL900469,INE154A01025,ITC,1950,282,2232,6647915.59
CL032456,INE090A01021,ICICIBANK,2788,0,2788,1310009.7
CL491937,INE155A01022,TATAMOTORS,1608,141,1749,3167918.17
CL656404,INE237A01028,KOTAKBANK,256,0,256,477538.43
CL136759,INE090A01021,ICICIBANK,2657,0,2657,2516306.71
CL839874,INE090A01021,ICICIBANK,2942,0,2942,7467004.13
CL937483,INE009A01021,INFY,2484,107,2591,5383230.87
CL210253,INE018A01030,LT,2260,11,2271,4684091.12
CL208448,INE154A01025,ITC,1263,0,1263,2494015.67
CL897808,INE009A01021,INFY,1019,0,1019,1176797.09
CL422059,INE009A01021,INFY,559,0,559,1040325.54
CL512190,INE154A01025,ITC,1054,0,1054,2920145.71
CL065374,INE238A01026,AXISBANK,2622,0,2622,1492568.54
CL639123,INE009A01021,INFY,1825,0,1825,2826626.67
CL083727,INE002A01018,RELIANCE,1239,0,1239,2188386.6
CL626209,INE001A01036,HDFC,2490,0,2490,4863850.44
CL620939,INE154A01025,ITC,2802,0,2802,5129334.29
CL777441,INE001A01036,HDFC,2436,0,2436,6684132.01
CL668009,INE009A01021,INFY,1911,0,1911,5471344.55
CL290194,INE154A01025,ITC,458,0,458,875162.3
CL224083,INE237A01028,KOTAKBANK,620,0,620,629645.89
CL106669,INE238A01026,AXISBANK,2471,0,2471,2741160.51
CL482685,INE018A01030,LT,2643,0,2643,4362952.1
CL167411,INE237A01028,KOTAKBANK,1959,0,1959,2908702.73
CL269784,INE001A01036,HDFC,1327,0,1327,636367.77
CL458579,INE238A01026,AXISBANK,2813,267,3080,2505040.95
CL531110,INE062A01020,SBIN,236,0,236,104597.12
CL925980,INE002A01018,RELIANCE,993,0,993,2178732.09
CL035662,INE090A01021,ICICIBANK,2813,0,2813,3233752.34
CL518301,INE155A01022,TATAMOTORS,73,0,73,170992.42
CL254597,INE155A01022,TATAMOTORS,2445,0,2445,6306953.56
CL617034,INE154A01025,ITC,284,274,558,758825.7
CL533909,INE002A01018,RELIANCE,1299,97,1396,2269040.5
CL344013,INE155A01022,TATAMOTORS,178,0,178,533875.05
CL229741,INE090A01021,ICICIBANK,2464,61,2525,4068017.67
CL022595,INE237A01028,KOTAKBANK,1451,0,1451,1965449.18
CL145255,INE062A01020,SBIN,2737,0,2737,6852791.62
CL588496,INE062A01020,SBIN,872,0,872,1195617.95
CL250122,INE018A01030,LT,136,0,136,323155.79
CL357415,INE154A01025,ITC,2867,0,2867,5682633.01
CL311298,INE009A01021,INFY,735,0,735,647235.64
CL998080,INE237A01028,KOTAKBANK,2091,0,2091,1216502.36
CL699064,INE002A01018,RELIANCE,2451,0,2451,1259288.18
CL935076,INE002A01018,RELIANCE,723,256,979,1996968.44
CL678059,INE238A01026,AXISBANK,2954,63,3017,6507994.58
CL352700,INE154A01025,ITC,967,0,967,1575048.78
CL450554,INE237A01028,KOTAKBANK,2611,93,2704,945640.07
CL714096,INE090A01021,ICICIBANK,2902,0,2902,4981159.15
CL074116,INE154A01025,ITC,1259,0,1259,3404619.39
CL769624,INE002A01018,RELIANCE,2397,272,2669,4011256.68
CL427548,INE001A01036,HDFC,840,244,1084,1011443.23
CL336548,INE002A01018,RELIANCE,536,0,536,475401.47
CL625652,INE154A01025,ITC,1049,249,1298,157869.13
CL651070,INE018A01030,LT,2362,0,2362,789733.03
CL090057,INE062A01020,SBIN,647,54,701,1423994.86
CL288449,INE002A01018,RELIANCE,482,0,482,1127341.78
CL606246,INE154A01025,ITC,2451,0,2451,5878531.6
CL484854,INE002A01018,RELIANCE,2746,0,2746,7841205.27
CL085407,INE002A01018,RELIANCE,353,0,353,862503.99
CL140857,INE009A01021,INFY,638,0,638,1099727.68
CL437928,INE090A01021,ICICIBANK,2524,0,2524,6804496.93
CL245085,INE237A01028,KOTAKBANK,100,0,100,257105.89
CL825896,INE237A01028,KOTAKBANK,1347,0,1347,1908567.82
CL209906,INE062A01020,SBIN,2166,0,2166,3713625.45
CL331827,INE018A01030,LT,1804,0,1804,645086.64
CL389165,INE238A01026,AXISBANK,724,0,724,1352108.86
CL724645,INE062A01020,SBIN,1139,0,1139,536573.87
CL784134,INE018A01030,LT,2925,0,2925,4635293.92
CL431733,INE062A01020,SBIN,2596,0,2596,7384844.01
CL662244,INE238A01026,AXISBANK,994,0,994,1365173.46
CL511595,INE237A01028,KOTAKBANK,1768,0,1768,3769277.59
CL407261,INE001A01036,HDFC,839,0,839,2252798.13
CL310088,INE062A01020,SBIN,504,0,504,1330116.27
CL888051,INE154A01025,ITC,2790,0,2790,5829448.21
CL088698,INE090A01021,ICICIBANK,1638,161,1799,4076248.78
CL491279,INE238A01026,AXISBANK,2270,178,2448,3743307.67
CL988140,INE155A01022,TATAMOTORS,2144,0,2144,1195698.47
CL124235,INE154A01025,ITC,1361,0,1361,1318909.36
CL422900,INE062A01020,SBIN,2735,262,2997,4259323.72
CL506814,INE155A01022,TATAMOTORS,677,0,677,609303.32
CL473528,INE018A01030,LT,231,251,482,967300.27
CL698274,INE155A01022,TATAMOTORS,631,285,916,527415.19
CL001437,INE238A01026,AXISBANK,1641,0,1641,3896762.01
CL231467,INE090A01021,ICICIBANK,2194,91,2285,3408363.35
CL399078,INE155A01022,TATAMOTORS,1276,0,1276,396494.84
CL059125,INE237A01028,KOTAKBANK,2012,0,2012,292336.38
CL358929,INE062A01020,SBIN,850,203,1053,917348.2
CL227945,INE018A01030,LT,2071,0,2071,2277291.12
CL254111,INE237A01028,KOTAKBANK,1234,0,1234,3221274.11
CL437813,INE018A01030,LT,2115,0,2115,3463382.95
CL231008,INE090A01021,ICICIBANK,5,0,5,11057.24
CL688673,INE154A01025,ITC,2487,0,2487,2096552.71
CL196353,INE001A01036,HDFC,1412,89,1501,2974322.69
CL389794,INE001A01036,HDFC,740,102,842,453562.71
CL143571,INE002A01018,RELIANCE,1603,0,1603,4396457.29
CL087292,INE090A01021,ICICIBANK,180,0,180,354732.99
CL081794,INE009A01021,INFY,874,0,874,2528643.08
CL202749,INE154A01025,ITC,1680,0,1680,4249697.64
CL258811,INE062A01020,SBIN,779,19,798,1476010.46
CL328983,INE001A01036,HDFC,1774,0,1774,664459.28
CL100602,INE154A01025,ITC,53,0,53,36650.47
CL096639,INE018A01030,LT,2881,0,2881,680507.93
CL352061,INE237A01028,KOTAKBANK,1283,0,1283,3518317.43
CL927077,INE155A01022,TATAMOTORS,91,0,91,203825.67
CL121290,INE001A01036,HDFC,2379,42,2421,2862249.41
CL737413,INE090A01021,ICICIBANK,297,0,297,515850.0
CL512222,INE090A01021,ICICIBANK,2426,13,2439,1655886.74
CL775361,INE155A01022,TATAMOTORS,1319,239,1558,2966975.43
CL319575,INE001A01036,HDFC,2634,0,2634,5571781.17
CL250364,INE001A01036,HDFC,922,0,922,650765.41
CL646871,INE018A01030,LT,2075,0,2075,1393579.41
CL669055,INE154A01025,ITC,283,0,283,592349.13
CL672352,INE237A01028,KOTAKBANK,1381,32,1413,448585.34
CL402636,INE018A01030,LT,1020,0,1020,2116951.45
CL998735,INE002A01018,RELIANCE,1783,0,1783,4742984.39
CL199323,INE002A01018,RELIANCE,1673,0,1673,1371935.98
CL564265,INE062A01020,SBIN,2098,0,2098,510036.62
CL837527,INE237A01028,KOTAKBANK,1226,0,1226,2515563.04
CL557188,INE155A01022,TATAMOTORS,2733,0,2733,2690819.38
CL819799,INE238A01026,AXISBANK,2318,146,2464,5854023.21
CL961668,INE002A01018,RELIANCE,197,0,197,582648.31
CL293279,INE018A01030,LT,1785,0,1785,4593340.25
CL528051,INE002A01018,RELIANCE,170,125,295,630795.45
CL118529,INE090A01021,ICICIBANK,1126,0,1126,434958.62
CL416806,INE154A01025,ITC,1788,0,1788,4582256.15
CL928665,INE090A01021,ICICIBANK,2848,0,2848,4344014.3
CL985765,INE002A01018,RELIANCE,17,0,17,50072.09
CL373780,INE154A01025,ITC,1198,37,1235,235728.87
CL288998,INE062A01020,SBIN,520,0,520,506535.89
CL437753,INE237A01028,KOTAKBANK,426,131,557,298004.71
CL973866,INE237A01028,KOTAKBANK,1509,0,1509,2031530.78
CL879553,INE002A01018,RELIANCE,2128,0,2128,3548821.95
CL345906,INE018A01030,LT,2738,0,2738,7126226.09
CL952980,INE009A01021,INFY,1470,14,1484,1186456.8
CL243451,INE018A01030,LT,81,0,81,181809.72
CL936055,INE001A01036,HDFC,2788,0,2788,2301126.04
CL739447,INE090A01021,ICICIBANK,700,0,700,249985.03
CL513093,INE062A01020,SBIN,1375,0,1375,1742763.38
CL389744,INE002A01018,RELIANCE,169,0,169,214682.16
CL623540,INE090A01021,ICICIBANK,1201,0,1201,1726981.66
CL231077,INE009A01021,INFY,31,0,31,84151.5
CL289178,INE001A01036,HDFC,700,0,700,1235969.08
CL417464,INE018A01030,LT,1879,0,1879,4728233.02
CL913866,INE154A01025,ITC,2993,0,2993,5631622.65
CL660957,INE237A01028,KOTAKBANK,2976,0,2976,6396726.45
CL421744,INE062A01020,SBIN,724,0,724,1410533.47
CL053749,INE002A01018,RELIANCE,1313,0,1313,178247.06
CL065256,INE009A01021,INFY,2324,0,2324,3479084.25
CL200321,INE009A01021,INFY,80,0,80,190273.26
CL364339,INE090A01021,ICICIBANK,394,0,394,97614.71
CL134725,INE009A01021,INFY,922,9,931,1206553.67
CL431548,INE237A01028,KOTAKBANK,921,0,921,1790496.15
CL146447,INE237A01028,KOTAKBANK,2453,0,2453,3035614.51
CL973774,INE238A01026,AXISBANK,1507,0,1507,1684771.53
CL596104,INE002A01018,RELIANCE,898,243,1141,3003817.3
CL361118,INE238A01026,AXISBANK,2314,0,2314,4408598.49
CL786068,INE238A01026,AXISBANK,2237,0,2237,4495174.24
CL533193,INE009A01021,INFY,2772,0,2772,8022933.76
CL294512,INE155A01022,TATAMOTORS,2807,0,2807,6641458.35
CL597614,INE090A01021,ICICIBANK,1540,192,1732,2343989.75
CL295420,INE018A01030,LT,867,0,867,454641.25
CL381713,INE009A01021,INFY,2696,0,2696,7533961.19
CL891996,INE237A01028,KOTAKBANK,2974,0,2974,7815036.32
CL022772,INE237A01028,KOTAKBANK,1379,0,1379,1117322.25
CL493740,INE237A01028,KOTAKBANK,574,0,574,86444.05
CL003284,INE018A01030,LT,689,0,689,273497.13
CL465294,INE090A01021,ICICIBANK,2017,0,2017,1419379.35
CL180411,INE155A01022,TATAMOTORS,1753,0,1753,2978096.32
CL721699,INE090A01021,ICICIBANK,511,0,511,903536.42
CL662320,INE090A01021,ICICIBANK,2661,0,2661,2325963.2
CL262148,INE018A01030,LT,2827,0,2827,5419590.75
CL118870,INE002A01018,RELIANCE,686,0,686,860891.44
CL382612,INE237A01028,KOTAKBANK,445,0,445,469890.94
CL651974,INE238A01026,AXISBANK,2979,0,2979,6968180.74
CL120920,INE154A01025,ITC,699,0,699,516728.05
CL772815,INE062A01020,SBIN,2774,0,2774,5858452.56
CL364732,INE001A01036,HDFC,569,0,569,723198.77
CL596026,INE090A01021,ICICIBANK,272,0,272,269460.89
CL939176,INE018A01030,LT,495,0,495,672452.04
CL807990,INE090A01021,ICICIBANK,2321,0,2321,646042.71
CL676302,INE018A01030,LT,2810,0,2810,1927106.52
CL770114,INE002A01018,RELIANCE,1755,0,1755,4077843.96
CL246559,INE237A01028,KOTAKBANK,2542,0,2542,4320558.64
CL061396,INE001A01036,HDFC,442,109,551,132299.74
CL000287,INE155A01022,TATAMOTORS,411,0,411,261839.86
CL224370,INE018A01030,LT,1875,0,1875,4054945.73
CL755223,INE154A01025,ITC,2869,0,2869,5936283.95
CL645239,INE009A01021,INFY,2058,42,2100,1640718.27
CL682994,INE237A01028,KOTAKBANK,1506,284,1790,4825232.72
CL611856,INE154A01025,ITC,1012,0,1012,1848195.53
CL282806,INE009A01021,INFY,473,0,473,280092.89
CL828412,INE002A01018,RELIANCE,585,34,619,1381240.37
CL050941,INE154A01025,ITC,2021,0,2021,2827178.21
CL742726,INE001A01036,HDFC,1315,0,1315,246615.66
CL803254,INE154A01025,ITC,654,0,654,1212302.05
CL325337,INE001A01036,HDFC,1485,0,1485,2076360.17
CL249133,INE238A01026,AXISBANK,176,298,474,170415.21
CL351642,INE062A01020,SBIN,1680,0,1680,2912836.55
CL599851,INE155A01022,TATAMOTORS,12,122,134,322024.17
CL067094,INE001A01036,HDFC,2968,0,2968,1010537.26
CL461120,INE002A01018,RELIANCE,1749,0,1749,2794280.41
CL972153,INE009A01021,INFY,2451,0,2451,3304873.78
CL317629,INE090A01021,ICICIBANK,1405,157,1562,3821285.47
CL532032,INE002A01018,RELIANCE,1231,270,1501,3816847.09
CL357353,INE155A01022,TATAMOTORS,1472,0,1472,4140447.56
CL613442,INE090A01021,ICICIBANK,697,0,697,660456.95
CL249435,INE002A01018,RELIANCE,852,0,852,639151.84
CL054061,INE009A01021,INFY,2432,0,2432,548765.01
CL294715,INE062A01020,SBIN,1765,0,1765,4843991.57
CL284791,INE090A01021,ICICIBANK,2799,0,2799,703923.8
CL264918,INE155A01022,TATAMOTORS,1416,0,1416,1100566.68
CL173929,INE009A01021,INFY,302,0,302,50292.03
CL081705,INE238A01026,AXISBANK,496,0,496,1041746.38
CL047009,INE090A01021,ICICIBANK,300,0,300,835847.87
CL078410,INE002A01018,RELIANCE,1009,165,1174,975838.04
CL029414,INE237A01028,KOTAKBANK,1926,0,1926,3600140.46
CL635338,INE154A01025,ITC,576,283,859,975746.43
CL346177,INE062A01020,SBIN,2113,0,2113,2160796.13
CL899123,INE090A01021,ICICIBANK,1467,0,1467,2721105.66
CL176794,INE155A01022,TATAMOTORS,235,0,235,186073.84
CL685674,INE009A01021,INFY,1382,0,1382,838250.69
CL437206,INE237A01028,KOTAKBANK,29,0,29,51542.89
CL103900,INE090A01021,ICICIBANK,1667,0,1667,1184814.45
CL840549,INE238A01026,AXISBANK,2734,0,2734,4202188.96
CL368841,INE001A01036,HDFC,2815,0,2815,5115398.19
CL382137,INE009A01021,INFY,2146,0,2146,5871175.99
CL848655,INE009A01021,INFY,280,0,280,432721.71
CL097997,INE155A01022,TATAMOTORS,2689,0,2689,420716.48
CL962384,INE154A01025,ITC,2536,0,2536,4403418.19
CL348017,INE238A01026,AXISBANK,180,195,375,913937.45
CL695542,INE154A01025,ITC,244,0,244,668613.01
CL928758,INE237A01028,KOTAKBANK,679,0,679,201639.02
CL181748,INE155A01022,TATAMOTORS,2937,0,2937,4782205.93
CL687571,INE090A01021,ICICIBANK,2743,0,2743,6846939.37
CL635515,INE237A01028,KOTAKBANK,2133,0,2133,4226561.8
CL954114,INE238A01026,AXISBANK,1388,0,1388,1737461.61
CL463441,INE001A01036,HDFC,113,0,113,182099.13
CL809368,INE237A01028,KOTAKBANK,778,0,778,161867.08
CL946458,INE154A01025,ITC,693,0,693,219746.73
CL036273,INE001A01036,HDFC,1174,29,1203,2548593.95
CL842965,INE062A01020,SBIN,1181,0,1181,1078270.97
CL362483,INE018A01030,LT,2615,0,2615,5104554.22
CL486496,INE062A01020,SBIN,2980,0,2980,7804229.61
CL011468,INE238A01026,AXISBANK,237,0,237,697993.21
CL965039,INE018A01030,LT,2657,0,2657,4864140.1
CL816171,INE155A01022,TATAMOTORS,325,0,325,791298.31
CL878873,INE018A01030,LT,814,0,814,744034.75
CL933022,INE001A01036,HDFC,990,0,990,571527.92
CL344871,INE155A01022,TATAMOTORS,129,141,270,431826.47
CL379524,INE238A01026,AXISBANK,979,0,979,1635901.15
CL282533,INE090A01021,ICICIBANK,2731,0,2731,1411776.95
CL503766,INE154A01025,ITC,1605,0,1605,1237964.17
CL914293,INE001A01036,HDFC,2125,0,2125,1449550.3
CL198690,INE237A01028,KOTAKBANK,2738,0,2738,698583.38
CL091618,INE155A01022,TATAMOTORS,1489,0,1489,2924011.65
CL858763,INE018A01030,LT,1958,0,1958,2585900.6
CL599360,INE001A01036,HDFC,172,0,172,502259.59
CL101212,INE002A01018,RELIANCE,1493,0,1493,1006364.19
CL086281,INE237A01028,KOTAKBANK,1781,155,1936,3602350.18
CL442561,INE062A01020,SBIN,2302,5,2307,6296472.09
CL971939,INE062A01020,SBIN,1352,0,1352,1156056.57
CL610775,INE018A01030,LT,1808,0,1808,3414973.35
CL137808,INE154A01025,ITC,2163,0,2163,867510.05
CL365871,INE002A01018,RELIANCE,1059,0,1059,505101.59
CL170227,INE018A01030,LT,863,126,989,1143220.06
CL095218,INE237A01028,KOTAKBANK,2402,0,2402,1610695.36
CL615477,INE238A01026,AXISBANK,1257,0,1257,2728497.04
CL691589,INE155A01022,TATAMOTORS,1313,0,1313,3587881.47
CL751835,INE018A01030,LT,2569,0,2569,832187.67
CL089510,INE237A01028,KOTAKBANK,2447,0,2447,3407076.39
CL017994,INE001A01036,HDFC,1547,0,1547,1449924.97
CL343827,INE002A01018,RELIANCE,1189,0,1189,163106.44
CL078881,INE009A01021,INFY,1140,0,1140,1139295.82
CL050548,INE237A01028,KOTAKBANK,2007,0,2007,5338466.02
CL805289,INE002A01018,RELIANCE,2606,82,2688,1209134.11
CL489327,INE001A01036,HDFC,2326,0,2326,5488302.56
CL172527,INE090A01021,ICICIBANK,251,0,251,727066.34
CL733171,INE001A01036,HDFC,191,123,314,335452.32
CL737400,INE237A01028,KOTAKBANK,761,0,761,2193867.59
CL864952,INE018A01030,LT,1259,262,1521,1464764.81
CL373906,INE154A01025,ITC,2362,0,2362,391401.36
CL960643,INE154A01025,ITC,1751,0,1751,3822768.88
CL400650,INE237A01028,KOTAKBANK,2005,0,2005,3681503.58
CL979690,INE238A01026,AXISBANK,2351,0,2351,3665580.98
CL375906,INE237A01028,KOTAKBANK,2835,0,2835,8446974.8
CL740581,INE001A01036,HDFC,1487,0,1487,3856240.87
CL241307,INE018A01030,LT,262,0,262,170627.78
CL494212,INE237A01028,KOTAKBANK,1283,0,1283,3754859.55
CL099196,INE237A01028,KOTAKBANK,2320,103,2423,939863.71
CL401279,INE062A01020,SBIN,250,0,250,463352.32
CL997369,INE238A01026,AXISBANK,2321,0,2321,6607504.15
CL924559,INE154A01025,ITC,2053,0,2053,1683549.64
CL472050,INE154A01025,ITC,1757,0,1757,3819386.87
CL653146,INE062A01020,SBIN,2980,117,3097,6786293.49
CL373286,INE018A01030,LT,1936,0,1936,216307.26
CL377913,INE009A01021,INFY,292,0,292,328541.78
CL324508,INE002A01018,RELIANCE,273,59,332,142029.55
CL092429,INE009A01021,INFY,1111,0,1111,140369.96
CL743771,INE090A01021,ICICIBANK,1552,0,1552,1340634.92
CL075038,INE002A01018,RELIANCE,2667,0,2667,7596007.9
CL814352,INE090A01021,ICICIBANK,1451,177,1628,4724114.47
CL776363,INE018A01030,LT,589,0,589,905100.37
CL891401,INE062A01020,SBIN,300,242,542,1222463.37
CL051669,INE155A01022,TATAMOTORS,2634,0,2634,6769115.87
CL915431,INE154A01025,ITC,2336,0,2336,4337788.91
CL314897,INE155A01022,TATAMOTORS,2213,0,2213,5505411.52
CL973900,INE090A01021,ICICIBANK,2060,141,2201,725610.14
CL739301,INE002A01018,RELIANCE,496,0,496,883117.26
CL580515,INE090A01021,ICICIBANK,2238,24,2262,1363288.26
CL398965,INE090A01021,ICICIBANK,345,0,345,718241.05
CL496970,INE001A01036,HDFC,849,0,849,2458002.59
CL530831,INE002A01018,RELIANCE,2672,0,2672,6952241.68
CL939103,INE062A01020,SBIN,795,0,795,2303744.39
CL582756,INE062A01020,SBIN,1991,0,1991,5954930.54
CL622973,INE155A01022,TATAMOTORS,2004,0,2004,5450338.13
CL077021,INE018A01030,LT,874,0,874,802817.41
CL267602,INE009A01021,INFY,978,0,978,775939.25
CL668111,INE238A01026,AXISBANK,1114,261,1375,328290.55
CL409521,INE238A01026,AXISBANK,1786,0,1786,1936346.03
CL710799,INE155A01022,TATAMOTORS,1824,0,1824,5054619.35
CL701660,INE238A01026,AXISBANK,1218,0,1218,3070329.8
CL757757,INE018A01030,LT,2294,104,2398,1052031.64
CL501640,INE237A01028,KOTAKBANK,1005,55,1060,365060.37
CL005980,INE237A01028,KOTAKBANK,539,99,638,271057.73
CL345926,INE001A01036,HDFC,2376,129,2505,5244023.9
CL463168,INE002A01018,RELIANCE,2255,6,2261,2057519.47
CL758527,INE154A01025,ITC,1474,0,1474,3198685.06
CL241347,INE238A01026,AXISBANK,2187,130,2317,4681333.24
CL266727,INE238A01026,AXISBANK,545,0,545,1574990.14
CL750312,INE018A01030,LT,2729,0,2729,1899746.02
CL890884,INE238A01026,AXISBANK,1902,0,1902,844737.9
CL418586,INE062A01020,SBIN,39,251,290,719513.59
CL200669,INE238A01026,AXISBANK,778,0,778,1926432.38
CL970907,INE002A01018,RELIANCE,289,15,304,657752.68
CL475441,INE009A01021,INFY,2977,0,2977,1185860.62
CL969999,INE002A01018,RELIANCE,2994,157,3151,2357347.94
CL571178,INE009A01021,INFY,2794,104,2898,6922256.0
CL951213,INE001A01036,HDFC,359,0,359,250435.04
CL682694,INE018A01030,LT,443,0,443,426292.12
CL419057,INE237A01028,KOTAKBANK,2672,57,2729,4831580.51
CL153291,INE237A01028,KOTAKBANK,276,0,276,752528.9
CL520512,INE062A01020,SBIN,2032,0,2032,5093484.56
CL665409,INE155A01022,TATAMOTORS,1665,286,1951,1489099.91
CL557554,INE237A01028,KOTAKBANK,2286,0,2286,3950079.82
CL430126,INE154A01025,ITC,598,0,598,1690725.54
CL261328,INE002A01018,RELIANCE,585,0,585,173104.65
CL126834,INE090A01021,ICICIBANK,126,102,228,300487.64
CL150280,INE002A01018,RELIANCE,1204,0,1204,1411816.24
CL435657,INE154A01025,ITC,2808,0,2808,515536.08
CL306033,INE238A01026,AXISBANK,2991,0,2991,6614940.21
CL150919,INE018A01030,LT,2817,0,2817,1389002.09
CL595549,INE009A01021,INFY,1781,0,1781,1117605.94
CL951449,INE018A01030,LT,1443,0,1443,2903212.93
CL666774,INE154A01025,ITC,1703,0,1703,996729.23
CL395556,INE090A01021,ICICIBANK,770,0,770,1126704.05
CL905893,INE238A01026,AXISBANK,2523,0,2523,6310338.6
CL818692,INE001A01036,HDFC,2055,0,2055,3661486.75
CL329184,INE062A01020,SBIN,1544,0,1544,3107179.83
CL635759,INE009A01021,INFY,2658,97,2755,4560446.17
CL803849,INE062A01020,SBIN,2138,0,2138,1080691.48
CL104262,INE001A01036,HDFC,2087,0,2087,3156221.61
CL345526,INE001A01036,HDFC,840,0,840,338020.75
CL655309,INE002A01018,RELIANCE,1268,0,1268,1924162.35
CL353328,INE002A01018,RELIANCE,987,0,987,496699.31
CL367531,INE154A01025,ITC,1754,0,1754,4982469.91
CL377517,INE155A01022,TATAMOTORS,103,291,394,1052860.99
CL610677,INE018A01030,LT,364,0,364,432352.87
CL804623,INE001A01036,HDFC,1945,0,1945,4974847.88
CL877893,INE018A01030,LT,2296,0,2296,240917.63
CL851499,INE155A01022,TATAMOTORS,604,0,604,1013350.95
CL383366,INE237A01028,KOTAKBANK,877,0,877,2038894.86
CL781028,INE237A01028,KOTAKBANK,1348,0,1348,3326615.36
CL127607,INE001A01036,HDFC,49,0,49,141935.06
CL540922,INE155A01022,TATAMOTORS,94,0,94,131779.3
CL117855,INE238A01026,AXISBANK,387,0,387,774244.78
CL359331,INE237A01028,KOTAKBANK,2906,0,2906,3297701.28
CL912211,INE002A01018,RELIANCE,345,0,345,498385.45
CL209372,INE062A01020,SBIN,1807,0,1807,1322323.82
CL777647,INE018A01030,LT,1669,0,1669,2827494.31
CL654721,INE155A01022,TATAMOTORS,683,0,683,502380.9
CL225282,INE090A01021,ICICIBANK,2864,0,2864,6678242.63
CL364166,INE001A01036,HDFC,2834,143,2977,6788106.1
CL007082,INE238A01026,AXISBANK,2897,236,3133,5336264.61
CL605471,INE238A01026,AXISBANK,933,0,933,2128582.7
CL036291,INE018A01030,LT,2745,0,2745,5556102.89
CL509582,INE237A01028,KOTAKBANK,2257,0,2257,6733756.21
CL670020,INE090A01021,ICICIBANK,752,0,752,678519.81
CL328202,INE002A01018,RELIANCE,2350,0,2350,5107961.91
CL595028,INE237A01028,KOTAKBANK,235,154,389,79737.08
CL202100,INE009A01021,INFY,1198,0,1198,2552541.62
CL865775,INE018A01030,LT,2173,0,2173,2663947.6
CL641627,INE018A01030,LT,1845,0,1845,4528072.39
CL291936,INE001A01036,HDFC,491,0,491,972321.16
CL875516,INE062A01020,SBIN,1563,0,1563,3603372.26
CL920122,INE018A01030,LT,1044,0,1044,1995526.82
CL198218,INE090A01021,ICICIBANK,2648,0,2648,2205658.68
CL775075,INE155A01022,TATAMOTORS,823,0,823,2108090.06
CL974730,INE009A01021,INFY,2370,0,2370,2899653.25
CL044878,INE002A01018,RELIANCE,1144,0,1144,166482.84
CL872650,INE018A01030,LT,1388,0,1388,3901028.02
CL829713,INE155A01022,TATAMOTORS,1656,0,1656,3983716.57
CL998873,INE002A01018,RELIANCE,2235,0,2235,5343863.59
CL959423,INE018A01030,LT,1933,233,2166,5247799.14
CL777740,INE002A01018,RELIANCE,1450,0,1450,2121672.38
CL922045,INE018A01030,LT,1160,0,1160,383060.44
CL421435,INE237A01028,KOTAKBANK,446,0,446,218230.06
CL648105,INE018A01030,LT,879,0,879,2128154.3
CL636061,INE018A01030,LT,2065,0,2065,3976202.23
CL281706,INE018A01030,LT,2774,164,2938,4379875.75
CL198609,INE001A01036,HDFC,1708,0,1708,307950.83
CL423762,INE001A01036,HDFC,735,0,735,277195.81
CL106787,INE009A01021,INFY,2920,0,2920,1968101.03
CL839951,INE002A01018,RELIANCE,2413,150,2563,4504683.36
CL729737,INE155A01022,TATAMOTORS,1292,0,1292,1165569.19
CL218094,INE090A01021,ICICIBANK,2159,206,2365,2800364.03
CL078215,INE009A01021,INFY,2893,0,2893,2708258.01
CL910183,INE238A01026,AXISBANK,1476,0,1476,3882704.75
CL993538,INE009A01021,INFY,2989,0,2989,5917416.51
CL976068,INE018A01030,LT,246,0,246,29610.51
CL778497,INE018A01030,LT,1104,0,1104,2402318.63
CL722354,INE237A01028,KOTAKBANK,65,0,65,11004.88
CL128956,INE155A01022,TATAMOTORS,315,0,315,394266.76
CL596051,INE090A01021,ICICIBANK,2306,0,2306,2509670.35
CL811816,INE237A01028,KOTAKBANK,2154,0,2154,3256614.56
CL528277,INE009A01021,INFY,495,0,495,239126.47
CL885427,INE001A01036,HDFC,1196,0,1196,3569629.72
CL901048,INE001A01036,HDFC,2706,0,2706,2282846.0
CL935351,INE001A01036,HDFC,391,0,391,420136.95
CL777504,INE154A01025,ITC,2798,0,2798,6414576.31
CL569390,INE009A01021,INFY,2388,0,2388,3529317.57
CL120270,INE018A01030,LT,330,0,330,710934.98
CL451351,INE154A01025,ITC,1638,0,1638,4199270.53
CL088428,INE090A01021,ICICIBANK,495,0,495,260612.88
CL656192,INE238A01026,AXISBANK,419,46,465,125456.0
CL737508,INE237A01028,KOTAKBANK,1865,252,2117,3339358.35
CL936168,INE018A01030,LT,2287,0,2287,4070661.16
CL577196,INE018A01030,LT,69,0,69,175334.43
CL908159,INE155A01022,TATAMOTORS,516,0,516,396422.14
CL929325,INE237A01028,KOTAKBANK,2134,0,2134,487992.58
CL047430,INE155A01022,TATAMOTORS,2342,0,2342,1893987.86
CL538650,INE090A01021,ICICIBANK,1995,0,1995,1120149.26
CL047556,INE001A01036,HDFC,1989,0,1989,5249253.26
CL934592,INE018A01030,LT,1426,0,1426,1035197.35
CL444400,INE238A01026,AXISBANK,1474,0,1474,2433828.05
CL621449,INE155A01022,TATAMOTORS,381,145,526,1504908.19
CL844657,INE018A01030,LT,2124,0,2124,4078939.5
CL184661,INE238A01026,AXISBANK,682,0,682,1811575.91
CL125664,INE155A01022,TATAMOTORS,1399,0,1399,3190658.42
CL705040,INE009A01021,INFY,119,0,119,293519.2
CL982745,INE237A01028,KOTAKBANK,1111,255,1366,3265439.55
CL329075,INE018A01030,LT,2996,0,2996,7507842.28
CL427804,INE090A01021,ICICIBANK,2838,0,2838,5715948.26
CL615175,INE001A01036,HDFC,716,0,716,926663.95
CL468794,INE238A01026,AXISBANK,71,0,71,136777.11
CL494628,INE009A01021,INFY,557,0,557,1476279.19
CL896863,INE018A01030,LT,2801,0,2801,6841957.2
CL757413,INE238A01026,AXISBANK,2438,0,2438,5940605.84
CL180759,INE238A01026,AXISBANK,2223,37,2260,4882093.52
CL650239,INE237A01028,KOTAKBANK,502,0,502,461997.24
CL514048,INE001A01036,HDFC,1017,0,1017,2731893.8
CL144148,INE002A01018,RELIANCE,2777,0,2777,8085794.84
CL928720,INE001A01036,HDFC,2341,0,2341,1235397.33
CL486844,INE062A01020,SBIN,410,0,410,540015.79
CL849598,INE001A01036,HDFC,923,0,923,1308708.85
CL096302,INE002A01018,RELIANCE,406,0,406,422623.67
CL509550,INE155A01022,TATAMOTORS,1037,163,1200,935460.9
CL547533,INE237A01028,KOTAKBANK,904,246,1150,2558266.03
CL622253,INE237A01028,KOTAKBANK,1902,261,2163,970930.41
CL949162,INE154A01025,ITC,2537,29,2566,513153.98
CL341406,INE009A01021,INFY,2807,0,2807,786676.86
CL888082,INE237A01028,KOTAKBANK,1186,0,1186,1247477.12
CL372282,INE062A01020,SBIN,306,0,306,775739.5
CL321659,INE009A01021,INFY,2255,0,2255,5763644.52
CL090573,INE002A01018,RELIANCE,1653,0,1653,1327001.03
CL288798,INE155A01022,TATAMOTORS,1186,58,1244,1800889.68
CL405356,INE154A01025,ITC,908,0,908,1951008.03
CL453021,INE238A01026,AXISBANK,35,0,35,32663.36
CL697380,INE238A01026,AXISBANK,1326,0,1326,301334.0
CL657261,INE009A01021,INFY,1730,0,1730,3681573.0
CL296718,INE002A01018,RELIANCE,1712,0,1712,3524872.4
CL870668,INE090A01021,ICICIBANK,1176,0,1176,880796.17
CL328027,INE018A01030,LT,2586,0,2586,3252617.35
CL217057,INE062A01020,SBIN,1030,0,1030,2914638.45
CL292556,INE155A01022,TATAMOTORS,2278,0,2278,3901725.26
CL089733,INE018A01030,LT,345,0,345,758799.68
CL573035,INE018A01030,LT,1356,0,1356,3303405.53
CL042705,INE009A01021,INFY,1189,0,1189,2599870.62
CL352867,INE002A01018,RELIANCE,1868,83,1951,2879275.78
CL683970,INE237A01028,KOTAKBANK,2714,0,2714,1589387.66
CL088758,INE001A01036,HDFC,750,0,750,132038.65
CL281076,INE155A01022,TATAMOTORS,672,0,672,974213.01
CL493154,INE009A01021,INFY,2199,0,2199,1284886.05
CL112289,INE001A01036,HDFC,150,0,150,429916.7
CL643932,INE001A01036,HDFC,1597,0,1597,600880.75
CL801626,INE154A01025,ITC,2634,0,2634,4252580.75
CL617011,INE155A01022,TATAMOTORS,1477,41,1518,2419599.86
CL492745,INE090A01021,ICICIBANK,2202,0,2202,4306797.32
CL110674,INE001A01036,HDFC,941,236,1177,2450690.79
CL606735,INE001A01036,HDFC,899,0,899,1324989.33
CL617677,INE062A01020,SBIN,789,0,789,2119988.63
CL311956,INE154A01025,ITC,13,0,13,14719.57
CL107180,INE237A01028,KOTAKBANK,2945,0,2945,5963902.49
CL148317,INE018A01030,LT,1162,0,1162,1942260.9
CL108436,INE155A01022,TATAMOTORS,1203,0,1203,2510675.77
CL438883,INE238A01026,AXISBANK,2556,0,2556,6945811.07
CL890949,INE238A01026,AXISBANK,851,0,851,1010382.37
CL936435,INE018A01030,LT,861,0,861,626462.03
CL540208,INE238A01026,AXISBANK,1508,0,1508,3433474.31
CL554645,INE237A01028,KOTAKBANK,95,0,95,215900.41
CL774608,INE238A01026,AXISBANK,1718,0,1718,4464848.16
CL057039,INE090A01021,ICICIBANK,64,0,64,16351.7
CL497902,INE018A01030,LT,890,0,890,418675.02
CL687966,INE238A01026,AXISBANK,213,0,213,470297.03
CL658847,INE062A01020,SBIN,2556,0,2556,1025383.83
CL408544,INE018A01030,LT,1212,0,1212,2583345.05
CL387803,INE009A01021,INFY,2623,0,2623,1228271.4
CL967705,INE090A01021,ICICIBANK,2935,0,2935,2322316.55
CL800444,INE154A01025,ITC,712,0,712,622695.13
CL565216,INE155A01022,TATAMOTORS,959,0,959,2851536.0
CL151882,INE090A01021,ICICIBANK,1011,0,1011,1459585.0
CL530298,INE237A01028,KOTAKBANK,465,138,603,431899.22
CL499616,INE090A01021,ICICIBANK,1624,224,1848,226635.35
CL335953,INE090A01021,ICICIBANK,58,254,312,473277.97
CL853151,INE001A01036,HDFC,1700,0,1700,4013159.48
CL165565,INE009A01021,INFY,60,0,60,80321.98
CL393541,INE009A01021,INFY,2541,0,2541,4209380.43
CL033282,INE002A01018,RELIANCE,2686,0,2686,4947812.34
CL760254,INE238A01026,AXISBANK,1963,0,1963,4732716.91
CL828524,INE018A01030,LT,2895,0,2895,4533668.52
CL831895,INE018A01030,LT,2933,197,3130,2803585.08
CL488262,INE238A01026,AXISBANK,178,0,178,156946.26
CL136431,INE001A01036,HDFC,2138,0,2138,5463041.12
CL299481,INE062A01020,SBIN,336,48,384,917930.78
CL513101,INE090A01021,ICICIBANK,1616,0,1616,756282.67
CL014444,INE155A01022,TATAMOTORS,1364,0,1364,2692927.64
CL933042,INE154A01025,ITC,1958,0,1958,5757235.89
CL502917,INE154A01025,ITC,2827,0,2827,3112518.22
CL080043,INE001A01036,HDFC,2194,0,2194,6289347.81
CL844412,INE001A01036,HDFC,384,0,384,765002.53
CL859126,INE009A01021,INFY,2873,0,2873,4296240.88
CL373883,INE154A01025,ITC,1050,0,1050,516281.68
CL054305,INE001A01036,HDFC,2753,0,2753,1613297.13
CL420672,INE154A01025,ITC,1850,0,1850,3470306.97
CL872637,INE155A01022,TATAMOTORS,2454,0,2454,2252885.3
CL949247,INE238A01026,AXISBANK,2757,0,2757,3098633.51
CL039892,INE237A01028,KOTAKBANK,35,0,35,7034.47
CL424619,INE237A01028,KOTAKBANK,2067,0,2067,4198568.17
CL437116,INE062A01020,SBIN,1118,0,1118,1951713.12
CL532225,INE238A01026,AXISBANK,2996,0,2996,802561.88
CL499690,INE090A01021,ICICIBANK,964,0,964,2266706.94
CL748741,INE002A01018,RELIANCE,2192,0,2192,946066.7
CL511435,INE155A01022,TATAMOTORS,109,0,109,192970.65
CL174975,INE090A01021,ICICIBANK,1615,0,1615,2668969.03
CL659558,INE154A01025,ITC,1696,0,1696,2070420.38
CL597573,INE154A01025,ITC,2030,0,2030,3725322.55
CL839148,INE018A01030,LT,2017,0,2017,4105525.42
CL399260,INE018A01030,LT,1212,0,1212,3158330.19
CL498421,INE154A01025,ITC,589,0,589,1558288.16
CL181484,INE001A01036,HDFC,2882,0,2882,2720185.43
CL199751,INE155A01022,TATAMOTORS,2248,262,2510,900446.78
CL156112,INE237A01028,KOTAKBANK,539,0,539,1349159.76
CL913939,INE009A01021,INFY,2759,0,2759,735315.35
CL067014,INE154A01025,ITC,2414,0,2414,3734088.69
CL842177,INE237A01028,KOTAKBANK,1597,80,1677,2875744.49
CL362004,INE090A01021,ICICIBANK,2881,267,3148,1288430.18
CL500687,INE237A01028,KOTAKBANK,2597,0,2597,7783922.69
CL612781,INE155A01022,TATAMOTORS,554,0,554,769605.14
CL930406,INE154A01025,ITC,887,18,905,109002.28
CL552529,INE090A01021,ICICIBANK,2458,0,2458,2284315.77
CL949281,INE155A01022,TATAMOTORS,2463,0,2463,4764674.52
CL350695,INE062A01020,SBIN,2621,29,2650,3749917.97
CL095212,INE001A01036,HDFC,785,0,785,1600195.45
CL485162,INE154A01025,ITC,1036,0,1036,167724.16
CL825494,INE154A01025,ITC,2125,0,2125,3773516.55
CL113941,INE154A01025,ITC,2151,0,2151,1729946.82
CL000300,INE155A01022,TATAMOTORS,922,0,922,455929.13
CL762752,INE018A01030,LT,1732,0,1732,1757433.51
CL719922,INE001A01036,HDFC,540,0,540,1156694.07
CL352834,INE154A01025,ITC,562,0,562,376436.76
CL712758,INE009A01021,INFY,2490,0,2490,5944090.53
CL855162,INE002A01018,RELIANCE,1440,0,1440,2542416.61
CL756497,INE062A01020,SBIN,2479,0,2479,5670162.46
CL270606,INE018A01030,LT,2805,0,2805,2657794.49
CL291242,INE002A01018,RELIANCE,591,0,591,627674.4
CL890201,INE155A01022,TATAMOTORS,2141,0,2141,1135133.4
CL905380,INE062A01020,SBIN,932,145,1077,1162012.37
CL341077,INE001A01036,HDFC,1424,201,1625,1571908.62
CL078339,INE001A01036,HDFC,1875,0,1875,3205958.73
CL209808,INE237A01028,KOTAKBANK,767,0,767,2274538.0
CL837072,INE090A01021,ICICIBANK,948,0,948,1180958.49
CL230462,INE238A01026,AXISBANK,56,0,56,83042.47
CL830268,INE002A01018,RELIANCE,1062,0,1062,2278560.94
CL966053,INE090A01021,ICICIBANK,808,0,808,1151382.64
CL144017,INE090A01021,ICICIBANK,1738,0,1738,4191998.0
CL887238,INE002A01018,RELIANCE,547,0,547,107997.8
CL198179,INE001A01036,HDFC,2325,0,2325,4515175.03
CL281282,INE001A01036,HDFC,1660,191,1851,4510445.95
CL284526,INE018A01030,LT,1026,0,1026,2530753.89
CL321630,INE009A01021,INFY,1515,0,1515,4294794.34
CL935974,INE154A01025,ITC,2636,0,2636,3634415.02
CL733813,INE237A01028,KOTAKBANK,886,0,886,2632824.47
CL142905,INE062A01020,SBIN,2738,0,2738,3262814.39
CL327706,INE238A01026,AXISBANK,1704,0,1704,2517677.63
CL856610,INE238A01026,AXISBANK,530,0,530,705708.54
CL813515,INE237A01028,KOTAKBANK,1406,113,1519,4448434.8
CL556393,INE090A01021,ICICIBANK,1847,0,1847,2666984.67
CL111229,INE237A01028,KOTAKBANK,2977,0,2977,6764761.92
CL586560,INE062A01020,SBIN,1536,0,1536,4374557.87
CL570685,INE062A01020,SBIN,304,0,304,261497.64
CL708231,INE090A01021,ICICIBANK,1761,0,1761,237792.35
CL859472,INE154A01025,ITC,1561,154,1715,1830669.12
CL896591,INE090A01021,ICICIBANK,2678,0,2678,2743658.17
CL101936,INE002A01018,RELIANCE,483,0,483,970529.83
CL036267,INE237A01028,KOTAKBANK,1757,0,1757,4708371.47
CL463997,INE018A01030,LT,1459,0,1459,3355964.82
CL933782,INE002A01018,RELIANCE,729,0,729,695194.39
CL082324,INE001A01036,HDFC,2116,0,2116,5653015.81
CL842405,INE009A01021,INFY,2915,0,2915,6016385.99
CL712500,INE002A01018,RELIANCE,656,0,656,1769170.63
CL962813,INE090A01021,ICICIBANK,1784,0,1784,2927696.07
CL110772,INE238A01026,AXISBANK,2008,116,2124,3378222.39
CL577875,INE001A01036,HDFC,1727,0,1727,1813972.01
CL522652,INE237A01028,KOTAKBANK,2356,0,2356,5620429.41
CL874968,INE018A01030,LT,2630,0,2630,4120296.52
CL060168,INE237A01028,KOTAKBANK,225,0,225,536578.49
CL468973,INE009A01021,INFY,1092,0,1092,3080908.73
CL538143,INE090A01021,ICICIBANK,1941,136,2077,1227352.17
CL693032,INE155A01022,TATAMOTORS,551,0,551,1062806.32
CL410247,INE009A01021,INFY,711,137,848,571832.58
CL034951,INE238A01026,AXISBANK,2235,66,2301,860464.31
CL333730,INE018A01030,LT,270,0,270,744934.22
CL283203,INE155A01022,TATAMOTORS,965,0,965,1649742.51
CL388092,INE154A01025,ITC,854,226,1080,2688009.63
CL927618,INE237A01028,KOTAKBANK,1278,0,1278,2303893.82
CL677929,INE237A01028,KOTAKBANK,160,0,160,172740.14
CL868375,INE090A01021,ICICIBANK,2620,0,2620,7447600.37
CL381129,INE018A01030,LT,1838,0,1838,3901085.67
CL902559,INE237A01028,KOTAKBANK,2240,0,2240,3811620.38
CL971508,INE009A01021,INFY,1499,0,1499,4447063.94
CL071563,INE002A01018,RELIANCE,610,0,610,1184765.09
CL810938,INE009A01021,INFY,338,0,338,365622.11
CL315821,INE237A01028,KOTAKBANK,2584,0,2584,6376665.34
CL539949,INE237A01028,KOTAKBANK,393,0,393,929023.7
CL055492,INE009A01021,INFY,2448,248,2696,2382670.38
CL196886,INE090A01021,ICICIBANK,925,0,925,185232.7
CL847938,INE154A01025,ITC,2364,0,2364,437159.1
CL027072,INE062A01020,SBIN,326,0,326,120925.21
CL773872,INE018A01030,LT,179,146,325,970880.87
CL409069,INE238A01026,AXISBANK,111,0,111,326621.52
CL046030,INE154A01025,ITC,2399,0,2399,2956355.07
CL598860,INE002A01018,RELIANCE,2810,0,2810,4319589.77
CL597310,INE238A01026,AXISBANK,708,0,708,1403309.15
CL547426,INE238A01026,AXISBANK,2187,0,2187,4624546.42
CL239049,INE018A01030,LT,527,0,527,1184219.84
CL242018,INE001A01036,HDFC,2896,0,2896,6851682.15
CL827391,INE002A01018,RELIANCE,2894,0,2894,2524477.86
CL478532,INE155A01022,TATAMOTORS,191,0,191,512648.26
CL185337,INE090A01021,ICICIBANK,2060,0,2060,2179444.15
CL925861,INE009A01021,INFY,558,0,558,566342.97
CL543284,INE002A01018,RELIANCE,2069,0,2069,2190120.1
CL176217,INE001A01036,HDFC,847,0,847,1392586.9
CL647547,INE237A01028,KOTAKBANK,240,0,240,304061.56
CL127408,INE001A01036,HDFC,2210,0,2210,3714571.56
CL019069,INE018A01030,LT,1463,123,1586,3994295.42
CL348186,INE238A01026,AXISBANK,2270,177,2447,4770547.57
CL600812,INE001A01036,HDFC,1981,180,2161,3942890.09
CL154630,INE237A01028,KOTAKBANK,1405,0,1405,1994983.7
CL108463,INE155A01022,TATAMOTORS,2318,0,2318,2642708.26
CL945365,INE001A01036,HDFC,962,0,962,809017.02
CL885226,INE062A01020,SBIN,1862,0,1862,3183263.08
CL039620,INE001A01036,HDFC,1732,0,1732,3416629.94
CL629497,INE155A01022,TATAMOTORS,2800,61,2861,1935767.76
CL037853,INE009A01021,INFY,46,0,46,80580.14
CL626310,INE090A01021,ICICIBANK,1791,0,1791,3561165.78
CL230962,INE090A01021,ICICIBANK,2789,0,2789,1568211.75
CL997769,INE154A01025,ITC,896,0,896,1040368.18
CL314866,INE001A01036,HDFC,1913,0,1913,5288263.13
CL943973,INE090A01021,ICICIBANK,2412,0,2412,6868448.69
CL809959,INE009A01021,INFY,496,0,496,1024906.07
CL266819,INE001A01036,HDFC,2666,0,2666,5630217.82
CL176696,INE154A01025,ITC,2313,0,2313,5646015.06
CL893630,INE237A01028,KOTAKBANK,1371,0,1371,2357599.14
CL130357,INE001A01036,HDFC,52,0,52,126272.49
CL581209,INE154A01025,ITC,1643,0,1643,4295869.5
CL822031,INE018A01030,LT,765,0,765,925243.28
CL588112,INE090A01021,ICICIBANK,2678,0,2678,1129423.31
CL796897,INE238A01026,AXISBANK,964,0,964,557756.92
CL913916,INE002A01018,RELIANCE,2154,0,2154,1923209.66
CL765527,INE062A01020,SBIN,2876,0,2876,7628782.48
CL112721,INE018A01030,LT,1171,0,1171,269382.97
CL615148,INE018A01030,LT,2136,295,2431,5511453.98
CL749051,INE002A01018,RELIANCE,2017,0,2017,960466.76
CL749384,INE001A01036,HDFC,1447,0,1447,3162196.2
CL045998,INE009A01021,INFY,625,0,625,110091.25
CL089059,INE154A01025,ITC,261,0,261,99176.54
CL601501,INE237A01028,KOTAKBANK,2681,0,2681,1467489.17
CL235655,INE002A01018,RELIANCE,1228,0,1228,3049931.6
CL038348,INE155A01022,TATAMOTORS,1873,0,1873,2676218.63
CL813174,INE154A01025,ITC,1372,38,1410,1551631.24
CL871858,INE154A01025,ITC,1130,0,1130,2192971.61
CL631472,INE009A01021,INFY,1591,0,1591,1572317.05
CL455371,INE002A01018,RELIANCE,772,253,1025,2847727.6
CL718298,INE018A01030,LT,1975,0,1975,5579449.16
CL152323,INE001A01036,HDFC,2915,0,2915,6959422.26
CL622972,INE155A01022,TATAMOTORS,1610,0,1610,4045379.62
CL491961,INE062A01020,SBIN,546,0,546,1176619.86
CL883591,INE002A01018,RELIANCE,1881,0,1881,440169.77
CL113521,INE018A01030,LT,1366,142,1508,2856173.39
CL693718,INE155A01022,TATAMOTORS,1866,0,1866,4296556.13
CL312662,INE018A01030,LT,2953,0,2953,2160684.8
CL923053,INE062A01020,SBIN,2923,0,2923,8317998.47
CL698278,INE001A01036,HDFC,1700,0,1700,4299647.59
CL936492,INE009A01021,INFY,1191,0,1191,2688901.62
CL478183,INE090A01021,ICICIBANK,2181,0,2181,5550045.68
CL134915,INE009A01021,INFY,429,0,429,379046.52
CL706855,INE009A01021,INFY,1143,0,1143,309792.1
CL617471,INE009A01021,INFY,2939,0,2939,5411119.06
CL284613,INE062A01020,SBIN,401,0,401,824083.12
CL119335,INE062A01020,SBIN,1428,159,1587,542455.74
CL890374,INE062A01020,SBIN,628,0,628,645425.85
CL357119,INE009A01021,INFY,1374,0,1374,683080.92
CL912356,INE155A01022,TATAMOTORS,877,0,877,687969.41
CL466786,INE018A01030,LT,989,0,989,2684741.17
CL325482,INE001A01036,HDFC,903,0,903,1296915.36
CL049517,INE090A01021,ICICIBANK,676,0,676,303044.38
CL509669,INE154A01025,ITC,2433,0,2433,5514861.91
CL558754,INE154A01025,ITC,1879,37,1916,5192637.27
CL885942,INE001A01036,HDFC,1916,196,2112,5593033.12
CL685904,INE062A01020,SBIN,2735,0,2735,4147648.49
CL007360,INE062A01020,SBIN,1778,0,1778,1180171.57
CL291211,INE001A01036,HDFC,828,0,828,2294143.15
CL076420,INE001A01036,HDFC,363,53,416,520507.37
CL960871,INE009A01021,INFY,2232,0,2232,1517401.77
CL878638,INE237A01028,KOTAKBANK,327,0,327,973054.67
CL194169,INE002A01018,RELIANCE,1458,0,1458,3683834.43
CL170831,INE090A01021,ICICIBANK,1149,0,1149,1609360.34
CL439152,INE009A01021,INFY,204,0,204,292985.35
CL453892,INE002A01018,RELIANCE,1528,0,1528,3621721.65
CL445409,INE009A01021,INFY,2714,6,2720,1604544.4
CL978720,INE238A01026,AXISBANK,1119,93,1212,2043166.67
CL297602,INE009A01021,INFY,2454,0,2454,1796338.66
CL997396,INE155A01022,TATAMOTORS,1759,0,1759,5085692.48
CL536020,INE237A01028,KOTAKBANK,1421,0,1421,3060834.0
CL191681,INE062A01020,SBIN,2828,0,2828,1921381.27
CL209214,INE002A01018,RELIANCE,650,140,790,653629.99
CL657717,INE002A01018,RELIANCE,1026,0,1026,2317435.63
CL499562,INE238A01026,AXISBANK,2527,115,2642,1030062.76
CL132012,INE009A01021,INFY,2887,0,2887,6573384.5
CL804611,INE154A01025,ITC,1699,0,1699,1605650.27
CL771304,INE062A01020,SBIN,653,238,891,941125.1
CL482607,INE237A01028,KOTAKBANK,858,0,858,446145.11
CL608213,INE002A01018,RELIANCE,1883,0,1883,737631.32
CL830653,INE062A01020,SBIN,2138,0,2138,990211.74
CL490118,INE062A01020,SBIN,487,0,487,1077224.89
CL412048,INE237A01028,KOTAKBANK,447,50,497,867821.6
CL538307,INE154A01025,ITC,2195,0,2195,619932.47
CL279713,INE155A01022,TATAMOTORS,2909,0,2909,6966795.7
CL955675,INE009A01021,INFY,2385,0,2385,291479.67
CL053832,INE237A01028,KOTAKBANK,868,0,868,688674.81
CL955505,INE155A01022,TATAMOTORS,181,0,181,59415.5
CL485506,INE018A01030,LT,1780,24,1804,3711315.27
CL000165,INE002A01018,RELIANCE,2817,134,2951,4111861.15
CL237295,INE001A01036,HDFC,1772,0,1772,1351802.93
CL232351,INE237A01028,KOTAKBANK,1416,0,1416,1271539.49
CL997160,INE018A01030,LT,1723,96,1819,601204.52
CL185905,INE154A01025,ITC,1863,0,1863,4302635.65
CL444661,INE062A01020,SBIN,1664,0,1664,3395008.65
CL165528,INE237A01028,KOTAKBANK,864,0,864,2255919.13
CL769797,INE237A01028,KOTAKBANK,1670,0,1670,3980728.89
CL842497,INE009A01021,INFY,1465,0,1465,995253.83
CL201954,INE001A01036,HDFC,1600,0,1600,3985801.51
CL523964,INE237A01028,KOTAKBANK,147,0,147,437453.88
CL743549,INE062A01020,SBIN,684,0,684,979912.69
CL325895,INE062A01020,SBIN,1336,0,1336,2775213.2
CL430238,INE001A01036,HDFC,2670,0,2670,6674450.64
CL180500,INE018A01030,LT,2887,0,2887,578662.84
CL686415,INE018A01030,LT,440,87,527,1133740.05
CL430878,INE155A01022,TATAMOTORS,1479,0,1479,3997136.2
CL514408,INE002A01018,RELIANCE,2509,0,2509,2250376.5
CL684341,INE018A01030,LT,1607,0,1607,1831385.74
CL860936,INE237A01028,KOTAKBANK,1195,0,1195,2832355.64
CL303337,INE154A01025,ITC,1283,0,1283,2185661.57
CL323667,INE062A01020,SBIN,1173,0,1173,1496532.47
CL548858,INE090A01021,ICICIBANK,574,0,574,742766.27
CL583528,INE001A01036,HDFC,2386,0,2386,2085066.04
CL032912,INE009A01021,INFY,1259,0,1259,3198905.11
CL537956,INE062A01020,SBIN,2646,0,2646,2508316.31
CL351662,INE009A01021,INFY,2551,0,2551,1131514.2
CL166196,INE090A01021,ICICIBANK,1445,0,1445,795030.2
CL067127,INE009A01021,INFY,486,0,486,841612.86
CL957301,INE001A01036,HDFC,2582,0,2582,1303903.31
CL543604,INE237A01028,KOTAKBANK,2010,0,2010,396147.39
CL257347,INE237A01028,KOTAKBANK,981,0,981,1985144.42
CL746831,INE155A01022,TATAMOTORS,2738,0,2738,4333666.52
CL340523,INE238A01026,AXISBANK,1233,0,1233,573280.6
CL182354,INE001A01036,HDFC,1416,0,1416,389862.83
CL737422,INE009A01021,INFY,1467,0,1467,2180029.11
CL500451,INE154A01025,ITC,1449,0,1449,395893.35
CL237678,INE237A01028,KOTAKBANK,2291,0,2291,4431458.94
CL606082,INE090A01021,ICICIBANK,2218,0,2218,5037638.47
CL909765,INE237A01028,KOTAKBANK,347,0,347,228791.34
CL067090,INE062A01020,SBIN,2225,0,2225,5798066.14
CL246596,INE001A01036,HDFC,2119,0,2119,6090072.08
CL144704,INE009A01021,INFY,2203,0,2203,3487167.45
CL966070,INE009A01021,INFY,286,72,358,766047.23
CL916089,INE237A01028,KOTAKBANK,109,0,109,284285.08
CL141942,INE155A01022,TATAMOTORS,1155,0,1155,2159096.97
CL516129,INE018A01030,LT,2674,268,2942,2598864.18
CL223653,INE018A01030,LT,2282,0,2282,6526349.9
CL092976,INE154A01025,ITC,2541,0,2541,6543510.18
CL724876,INE154A01025,ITC,1431,0,1431,2724271.5
CL399067,INE238A01026,AXISBANK,853,0,853,1916995.74
CL400395,INE155A01022,TATAMOTORS,2982,0,2982,3689854.29
CL946958,INE018A01030,LT,2149,8,2157,4029504.68
CL122405,INE001A01036,HDFC,711,0,711,1173641.7
CL047217,INE237A01028,KOTAKBANK,2062,0,2062,3105794.24
CL790333,INE062A01020,SBIN,2852,0,2852,980256.99
CL673620,INE238A01026,AXISBANK,1173,0,1173,1588948.36
CL898992,INE238A01026,AXISBANK,960,0,960,201648.31
CL213037,INE237A01028,KOTAKBANK,1249,0,1249,320744.94
CL512707,INE238A01026,AXISBANK,2424,0,2424,1532067.01
CL196500,INE154A01025,ITC,1268,0,1268,1437164.17
CL456767,INE002A01018,RELIANCE,1881,0,1881,4692019.12
CL321615,INE009A01021,INFY,878,0,878,701331.9
CL831604,INE155A01022,TATAMOTORS,2626,0,2626,4964496.56
CL342639,INE090A01021,ICICIBANK,674,0,674,547454.62
CL830875,INE090A01021,ICICIBANK,364,0,364,251447.35
CL459037,INE155A01022,TATAMOTORS,642,0,642,566966.61
CL848589,INE002A01018,RELIANCE,1144,0,1144,138139.41
CL076483,INE154A01025,ITC,1745,0,1745,2626652.39
CL312182,INE062A01020,SBIN,2488,0,2488,7159361.6
CL901964,INE009A01021,INFY,1187,0,1187,2414132.19
CL190223,INE238A01026,AXISBANK,715,284,999,1736466.48
CL119968,INE062A01020,SBIN,2941,0,2941,1404825.96
CL375771,INE154A01025,ITC,1440,216,1656,4683816.54
CL607030,INE155A01022,TATAMOTORS,2923,0,2923,5193902.09
CL546281,INE001A01036,HDFC,2539,0,2539,5071627.81
CL763288,INE018A01030,LT,2283,219,2502,4006292.18
CL606366,INE018A01030,LT,1207,0,1207,2783267.1
CL354511,INE001A01036,HDFC,1772,86,1858,1587826.0
CL375769,INE009A01021,INFY,1627,0,1627,3930147.53
CL181237,INE154A01025,ITC,1391,113,1504,777176.02
CL575817,INE018A01030,LT,2639,0,2639,4738261.79
CL674161,INE009A01021,INFY,1064,0,1064,367790.48
CL531118,INE002A01018,RELIANCE,1921,0,1921,4522033.86
CL707289,INE009A01021,INFY,2252,0,2252,2689809.79
CL975935,INE237A01028,KOTAKBANK,671,0,671,274816.48
CL877776,INE062A01020,SBIN,2485,0,2485,740111.87
CL142838,INE090A01021,ICICIBANK,2690,0,2690,5047978.0
CL518886,INE155A01022,TATAMOTORS,2695,0,2695,2301176.11
CL139798,INE062A01020,SBIN,1256,204,1460,3791712.69
CL964855,INE090A01021,ICICIBANK,330,0,330,730303.16
CL143695,INE090A01021,ICICIBANK,303,202,505,969395.81
CL772588,INE237A01028,KOTAKBANK,2030,16,2046,2985950.7
CL087912,INE155A01022,TATAMOTORS,1743,0,1743,2159888.98
CL391826,INE155A01022,TATAMOTORS,2178,0,2178,3918243.87
CL678728,INE155A01022,TATAMOTORS,1755,0,1755,1453259.85
CL302968,INE237A01028,KOTAKBANK,985,0,985,873867.52
CL753836,INE154A01025,ITC,2900,0,2900,8596472.52
CL400168,INE002A01018,RELIANCE,1807,0,1807,4844823.24
CL801384,INE002A01018,RELIANCE,2681,0,2681,828544.26
CL630851,INE154A01025,ITC,654,214,868,1664848.06
CL391473,INE002A01018,RELIANCE,835,159,994,2677881.47
CL528373,INE009A01021,INFY,212,0,212,124913.06
CL576088,INE001A01036,HDFC,1218,0,1218,2577680.78
CL218612,INE018A01030,LT,1537,130,1667,4720971.64
CL467884,INE018A01030,LT,1881,0,1881,512594.74
CL562725,INE062A01020,SBIN,633,60,693,524046.93
CL090940,INE062A01020,SBIN,1422,0,1422,603419.33
CL105041,INE237A01028,KOTAKBANK,300,0,300,742723.3
CL965502,INE009A01021,INFY,654,0,654,814580.77
CL763452,INE155A01022,TATAMOTORS,2188,0,2188,3965538.01
CL546714,INE002A01018,RELIANCE,1090,182,1272,3210071.07
CL276311,INE062A01020,SBIN,1804,0,1804,277663.97
CL104953,INE002A01018,RELIANCE,178,0,178,365910.79
CL719152,INE237A01028,KOTAKBANK,490,0,490,427790.95
CL178448,INE002A01018,RELIANCE,1103,0,1103,1519488.7
CL524918,INE155A01022,TATAMOTORS,2045,0,2045,4425373.04
CL331984,INE237A01028,KOTAKBANK,1103,0,1103,1128515.52
CL082285,INE002A01018,RELIANCE,306,77,383,383245.05
CL280321,INE009A01021,INFY,2121,0,2121,5284064.07
CL257047,INE155A01022,TATAMOTORS,2012,0,2012,2842289.37
CL580763,INE018A01030,LT,1115,0,1115,731424.09
CL995432,INE062A01020,SBIN,811,0,811,90845.18
CL646964,INE018A01030,LT,1003,0,1003,2987324.87
CL151559,INE237A01028,KOTAKBANK,2933,0,2933,5166503.43
CL754480,INE018A01030,LT,1617,0,1617,2349892.65
CL582595,INE090A01021,ICICIBANK,1146,0,1146,2902145.91
CL917751,INE062A01020,SBIN,2154,0,2154,5325592.9
CL565841,INE238A01026,AXISBANK,1223,0,1223,484228.24
CL115551,INE018A01030,LT,2832,0,2832,4866025.26
CL309403,INE001A01036,HDFC,47,0,47,86224.09
CL892659,INE237A01028,KOTAKBANK,1974,0,1974,2326834.65
CL905337,INE018A01030,LT,1791,0,1791,244818.88
CL357018,INE237A01028,KOTAKBANK,1349,0,1349,2703357.39
CL349538,INE009A01021,INFY,706,0,706,1872044.71
CL872872,INE237A01028,KOTAKBANK,2326,77,2403,5629087.69
CL932465,INE018A01030,LT,1954,0,1954,5108969.99
CL224827,INE237A01028,KOTAKBANK,1304,0,1304,3725910.23
CL910917,INE154A01025,ITC,2587,0,2587,2543710.29
CL267262,INE090A01021,ICICIBANK,669,0,669,140069.56
CL521480,INE009A01021,INFY,680,0,680,754298.82
CL229004,INE018A01030,LT,1168,0,1168,1949595.71
CL418262,INE062A01020,SBIN,1034,0,1034,1575422.63
CL506232,INE002A01018,RELIANCE,2450,0,2450,3498895.24
CL481986,INE018A01030,LT,1490,26,1516,972286.14
CL643844,INE238A01026,AXISBANK,414,0,414,599614.03
CL429070,INE237A01028,KOTAKBANK,172,0,172,170171.94
CL943425,INE237A01028,KOTAKBANK,1888,0,1888,5170555.5
CL870561,INE238A01026,AXISBANK,757,239,996,209075.03
CL253569,INE018A01030,LT,529,0,529,630170.89
CL359513,INE009A01021,INFY,2911,0,2911,1124783.59
CL530967,INE001A01036,HDFC,633,0,633,624264.86
CL593397,INE009A01021,INFY,1807,0,1807,1905719.71
CL657443,INE155A01022,TATAMOTORS,1827,277,2104,1698466.52
CL800310,INE002A01018,RELIANCE,2787,0,2787,3209223.0
CL827111,INE009A01021,INFY,1863,0,1863,803648.67
CL607507,INE090A01021,ICICIBANK,588,257,845,1550066.57
CL811291,INE001A01036,HDFC,1811,135,1946,3954529.88
CL234029,INE001A01036,HDFC,1208,0,1208,3476983.4
CL603570,INE154A01025,ITC,2320,0,2320,3766116.51
CL846118,INE090A01021,ICICIBANK,2774,0,2774,458813.28
CL758154,INE018A01030,LT,2860,0,2860,1185376.58
CL973918,INE018A01030,LT,1599,0,1599,2207233.43
CL812512,INE155A01022,TATAMOTORS,225,47,272,476537.64
CL936079,INE002A01018,RELIANCE,1560,124,1684,2396747.5
CL475416,INE238A01026,AXISBANK,236,0,236,482075.09
CL223270,INE062A01020,SBIN,837,170,1007,549826.98
CL968584,INE002A01018,RELIANCE,2084,0,2084,946099.92
CL753148,INE155A01022,TATAMOTORS,222,0,222,182042.57
CL503869,INE009A01021,INFY,1455,0,1455,2636261.09
CL814683,INE155A01022,TATAMOTORS,1966,0,1966,5702935.04
CL782105,INE002A01018,RELIANCE,1441,0,1441,1905426.73
CL648336,INE237A01028,KOTAKBANK,1700,0,1700,4391766.45
CL676057,INE009A01021,INFY,1656,0,1656,748177.02
CL066779,INE238A01026,AXISBANK,1555,0,1555,606743.21
CL103634,INE009A01021,INFY,1230,0,1230,3570181.18
CL378576,INE009A01021,INFY,519,54,573,264311.37
CL474543,INE237A01028,KOTAKBANK,3,0,3,4359.29
CL336992,INE154A01025,ITC,1409,0,1409,3532481.55
CL066844,INE155A01022,TATAMOTORS,2325,0,2325,5037636.45
CL731084,INE009A01021,INFY,1540,71,1611,816173.78
CL668102,INE238A01026,AXISBANK,2188,0,2188,3241066.07
CL961207,INE009A01021,INFY,2212,264,2476,251346.21
CL817455,INE018A01030,LT,226,0,226,48602.95
CL156571,INE009A01021,INFY,2002,191,2193,3890337.99
CL639485,INE154A01025,ITC,2418,0,2418,3769366.52
CL934346,INE238A01026,AXISBANK,2843,0,2843,3497166.5
CL786168,INE155A01022,TATAMOTORS,2959,136,3095,2709474.18
CL892632,INE237A01028,KOTAKBANK,1633,30,1663,2711018.88
CL918757,INE090A01021,ICICIBANK,2404,0,2404,5233534.4
CL279383,INE237A01028,KOTAKBANK,2116,0,2116,3089781.8
CL448354,INE018A01030,LT,85,0,85,150389.43
CL454619,INE002A01018,RELIANCE,2137,0,2137,1295010.58
CL455872,INE002A01018,RELIANCE,1486,0,1486,4094121.32
CL050053,INE062A01020,SBIN,1479,0,1479,1290786.38
CL071119,INE001A01036,HDFC,573,0,573,1305648.88
CL224459,INE237A01028,KOTAKBANK,917,0,917,736176.17
CL798427,INE154A01025,ITC,641,0,641,1396748.42
CL774913,INE009A01021,INFY,543,0,543,647688.97
CL015983,INE154A01025,ITC,2930,0,2930,1555484.31
CL831567,INE238A01026,AXISBANK,2944,0,2944,368467.26
CL359782,INE018A01030,LT,1470,0,1470,1393728.58
CL648197,INE002A01018,RELIANCE,1428,0,1428,3410357.98
CL231830,INE018A01030,LT,33,0,33,50747.46
CL630613,INE155A01022,TATAMOTORS,95,0,95,275900.46
CL559632,INE002A01018,RELIANCE,706,0,706,1745835.38
CL014152,INE154A01025,ITC,1336,0,1336,3737762.89
CL430485,INE237A01028,KOTAKBANK,2176,0,2176,3616740.75
CL909630,INE001A01036,HDFC,2228,42,2270,4751160.53
CL389950,INE062A01020,SBIN,2938,0,2938,3220256.23
CL543326,INE018A01030,LT,290,0,290,329932.5
CL760927,INE062A01020,SBIN,2304,0,2304,343542.74
CL294570,INE062A01020,SBIN,529,0,529,1230496.6
CL400067,INE154A01025,ITC,1366,0,1366,949078.18
CL861903,INE238A01026,AXISBANK,2935,0,2935,2516419.79
CL610459,INE002A01018,RELIANCE,1350,0,1350,2598408.18
CL162217,INE238A01026,AXISBANK,2667,0,2667,7483451.23
CL982572,INE062A01020,SBIN,20,16,36,49301.41
CL523142,INE237A01028,KOTAKBANK,2663,0,2663,600378.89
CL682236,INE155A01022,TATAMOTORS,809,0,809,1284040.54
CL758882,INE155A01022,TATAMOTORS,222,212,434,525000.65
CL236542,INE062A01020,SBIN,1695,0,1695,907691.77
CL610848,INE090A01021,ICICIBANK,1950,0,1950,3710575.26
CL592376,INE237A01028,KOTAKBANK,2602,0,2602,579680.68
CL328245,INE154A01025,ITC,546,0,546,1548401.57
CL451083,INE018A01030,LT,834,0,834,2081137.06
CL720582,INE002A01018,RELIANCE,1739,0,1739,3919578.47
CL109848,INE238A01026,AXISBANK,305,0,305,194937.02
CL830925,INE009A01021,INFY,2724,0,2724,7328015.55
CL486629,INE009A01021,INFY,2481,0,2481,2941297.69
CL791761,INE062A01020,SBIN,2306,0,2306,851399.9
CL601742,INE154A01025,ITC,1660,0,1660,2869180.4
CL358184,INE018A01030,LT,1760,0,1760,4752878.93
CL685789,INE009A01021,INFY,380,0,380,106570.55
CL612763,INE090A01021,ICICIBANK,2657,171,2828,5312721.0
CL256792,INE238A01026,AXISBANK,1751,100,1851,210374.31
CL087647,INE062A01020,SBIN,1007,0,1007,2848067.5
CL774549,INE090A01021,ICICIBANK,60,0,60,10931.91
CL764772,INE090A01021,ICICIBANK,1764,0,1764,597347.93
CL876281,INE002A01018,RELIANCE,1970,0,1970,433228.01
CL567831,INE062A01020,SBIN,529,0,529,1146375.26
CL498899,INE062A01020,SBIN,2037,0,2037,722157.92
CL355393,INE237A01028,KOTAKBANK,1554,0,1554,1917332.13
CL163289,INE002A01018,RELIANCE,1954,171,2125,3510481.02
CL295507,INE090A01021,ICICIBANK,2988,0,2988,7421393.35
CL228897,INE002A01018,RELIANCE,2821,0,2821,4605274.84
CL942995,INE154A01025,ITC,1680,0,1680,625437.09
CL464805,INE018A01030,LT,819,0,819,856887.56
CL948530,INE009A01021,INFY,489,0,489,245457.57
CL587706,INE018A01030,LT,1548,0,1548,1811433.15
CL556571,INE238A01026,AXISBANK,2031,0,2031,1360701.89
CL093205,INE237A01028,KOTAKBANK,2962,0,2962,4724472.96
CL078710,INE062A01020,SBIN,2006,0,2006,1122417.98
CL816778,INE090A01021,ICICIBANK,2682,0,2682,4654382.41
CL567674,INE238A01026,AXISBANK,1939,0,1939,3292087.4
CL881155,INE237A01028,KOTAKBANK,266,0,266,556305.18
CL639126,INE001A01036,HDFC,2094,0,2094,1432029.21
CL337984,INE002A01018,RELIANCE,2783,0,2783,4545655.35
CL857712,INE009A01021,INFY,1973,0,1973,2347476.07
CL669131,INE090A01021,ICICIBANK,969,0,969,1316066.13
CL157214,INE001A01036,HDFC,1119,0,1119,2763748.24
CL597115,INE018A01030,LT,1497,0,1497,1123834.03
CL711546,INE009A01021,INFY,622,73,695,472765.5
CL029418,INE238A01026,AXISBANK,1743,0,1743,1457170.97
CL916284,INE238A01026,AXISBANK,2602,99,2701,7749762.32
CL087240,INE090A01021,ICICIBANK,717,0,717,1095546.18
CL346224,INE001A01036,HDFC,2245,0,2245,3416107.08
CL733048,INE002A01018,RELIANCE,2027,0,2027,934863.02
CL501250,INE155A01022,TATAMOTORS,833,0,833,398917.46
CL978643,INE154A01025,ITC,1609,0,1609,660684.21
CL470933,INE009A01021,INFY,1541,0,1541,3568331.19
CL829899,INE090A01021,ICICIBANK,1799,0,1799,4957371.02
CL555624,INE018A01030,LT,641,0,641,699823.43
CL149281,INE090A01021,ICICIBANK,1852,0,1852,4165144.3
CL238512,INE002A01018,RELIANCE,2326,0,2326,252794.8
CL162705,INE001A01036,HDFC,1681,0,1681,3371655.69
CL208405,INE154A01025,ITC,365,0,365,976223.16
CL819916,INE237A01028,KOTAKBANK,2055,123,2178,1468304.7
CL521682,INE001A01036,HDFC,2264,0,2264,3808538.41
CL249207,INE238A01026,AXISBANK,502,0,502,1292970.29
CL265431,INE238A01026,AXISBANK,1194,0,1194,3104045.58
CL385043,INE018A01030,LT,2569,280,2849,603034.59
CL441126,INE154A01025,ITC,321,0,321,602551.47
CL893515,INE155A01022,TATAMOTORS,2096,0,2096,2098813.86
CL225758,INE009A01021,INFY,2038,0,2038,4808588.77
CL125124,INE237A01028,KOTAKBANK,2739,170,2909,1824625.39
CL483870,INE018A01030,LT,1337,107,1444,851905.86
CL056404,INE154A01025,ITC,520,19,539,753042.34
CL954558,INE238A01026,AXISBANK,1348,0,1348,2480971.14
CL042033,INE155A01022,TATAMOTORS,2566,0,2566,5484430.16
CL387135,INE090A01021,ICICIBANK,2949,208,3157,5924003.19
CL556330,INE155A01022,TATAMOTORS,2576,0,2576,472359.12
CL771636,INE009A01021,INFY,1534,0,1534,440205.17
CL130433,INE155A01022,TATAMOTORS,1201,0,1201,2351972.74
CL259785,INE090A01021,ICICIBANK,1250,0,1250,1856137.9
CL605164,INE062A01020,SBIN,1108,0,1108,2832991.3
CL274024,INE238A01026,AXISBANK,431,92,523,697076.16
CL168660,INE090A01021,ICICIBANK,1736,0,1736,3306036.24
CL958607,INE001A01036,HDFC,617,0,617,807417.87
CL411554,INE018A01030,LT,1026,187,1213,167407.79
CL293406,INE001A01036,HDFC,1859,0,1859,233276.35
CL634531,INE062A01020,SBIN,1013,210,1223,258606.04
CL246705,INE090A01021,ICICIBANK,2527,41,2568,1477081.63
CL029977,INE018A01030,LT,1918,59,1977,3322168.66
CL379157,INE001A01036,HDFC,1115,0,1115,2559169.4
CL259271,INE001A01036,HDFC,2439,0,2439,6780121.0
CL236838,INE009A01021,INFY,911,0,911,2459927.2
CL735002,INE154A01025,ITC,519,0,519,559083.85
CL330739,INE018A01030,LT,2442,0,2442,6686821.69
CL620412,INE062A01020,SBIN,1910,40,1950,5743501.27
CL495570,INE237A01028,KOTAKBANK,2920,186,3106,2275210.65
CL578040,INE155A01022,TATAMOTORS,2808,0,2808,3043973.32
CL918794,INE062A01020,SBIN,64,0,64,125682.45
CL280880,INE238A01026,AXISBANK,2719,0,2719,8002054.01
CL381121,INE002A01018,RELIANCE,4,0,4,2739.29
CL263027,INE237A01028,KOTAKBANK,2708,208,2916,8517002.61
CL290906,INE154A01025,ITC,927,0,927,2689009.27
CL436888,INE009A01021,INFY,1654,0,1654,3985649.45
CL459533,INE009A01021,INFY,1878,0,1878,2178445.8
CL990468,INE002A01018,RELIANCE,1549,0,1549,4118418.3
CL837730,INE238A01026,AXISBANK,1292,124,1416,1839064.38
CL184059,INE090A01021,ICICIBANK,368,0,368,268836.47
CL233926,INE009A01021,INFY,2774,0,2774,369336.32
CL525762,INE155A01022,TATAMOTORS,591,0,591,456752.77
CL277052,INE001A01036,HDFC,138,76,214,36605.57
CL772773,INE062A01020,SBIN,2275,256,2531,2224751.48
CL533437,INE062A01020,SBIN,664,0,664,934522.29
CL544745,INE155A01022,TATAMOTORS,1826,0,1826,776132.53
CL033196,INE090A01021,ICICIBANK,680,0,680,1582056.13
CL587150,INE237A01028,KOTAKBANK,2304,88,2392,1280725.66
CL284278,INE154A01025,ITC,1309,0,1309,1529602.82
CL139774,INE090A01021,ICICIBANK,2486,33,2519,1593578.85
CL995083,INE001A01036,HDFC,1264,0,1264,1367239.46
CL377944,INE237A01028,KOTAKBANK,2140,0,2140,554726.51
CL553688,INE155A01022,TATAMOTORS,2531,0,2531,3813224.13
CL355527,INE155A01022,TATAMOTORS,1049,0,1049,2126052.49
CL677021,INE002A01018,RELIANCE,447,0,447,77149.28
CL237657,INE155A01022,TATAMOTORS,1784,0,1784,2042334.4
CL649179,INE001A01036,HDFC,815,0,815,553836.96
CL738175,INE009A01021,INFY,82,0,82,57130.15
CL330163,INE154A01025,ITC,2487,0,2487,5484142.84
CL502765,INE155A01022,TATAMOTORS,282,0,282,224710.98
CL178795,INE009A01021,INFY,484,0,484,318023.5
CL583642,INE238A01026,AXISBANK,1640,0,1640,2898064.42
CL189380,INE009A01021,INFY,1256,0,1256,2892148.38
CL927583,INE154A01025,ITC,653,0,653,494734.07
CL832524,INE238A01026,AXISBANK,1002,0,1002,1766691.43
CL964185,INE062A01020,SBIN,2034,0,2034,3614177.84
CL683018,INE009A01021,INFY,1699,0,1699,2896432.79
CL548047,INE018A01030,LT,366,0,366,374494.96
CL779468,INE237A01028,KOTAKBANK,1311,0,1311,3575844.8
CL223832,INE002A01018,RELIANCE,2372,0,2372,3912052.04
CL002283,INE018A01030,LT,313,48,361,239029.24
CL180288,INE154A01025,ITC,114,0,114,218527.54
CL800888,INE018A01030,LT,2828,0,2828,5012433.12
CL646212,INE002A01018,RELIANCE,827,0,827,1675492.73
CL277487,INE154A01025,ITC,699,0,699,685244.84
CL067473,INE238A01026,AXISBANK,765,0,765,973585.01
CL022856,INE238A01026,AXISBANK,2249,0,2249,3278965.34
CL313680,INE155A01022,TATAMOTORS,2386,0,2386,6786538.72
CL662677,INE154A01025,ITC,2456,0,2456,4832031.35
CL547947,INE238A01026,AXISBANK,332,0,332,706766.07
CL550564,INE090A01021,ICICIBANK,190,8,198,348014.25
CL812824,INE002A01018,RELIANCE,2420,0,2420,5087783.07
CL846263,INE018A01030,LT,2425,0,2425,5816257.22
CL484614,INE154A01025,ITC,1640,0,1640,1775261.37
CL075564,INE090A01021,ICICIBANK,932,264,1196,2427190.66
CL445326,INE237A01028,KOTAKBANK,2534,0,2534,2753117.49
CL463040,INE238A01026,AXISBANK,281,0,281,630548.94
CL845225,INE155A01022,TATAMOTORS,1648,0,1648,3949077.6
CL639135,INE002A01018,RELIANCE,905,0,905,2438641.93
CL517347,INE238A01026,AXISBANK,69,288,357,550966.51
CL162710,INE154A01025,ITC,837,0,837,1924804.85
CL212042,INE002A01018,RELIANCE,2702,250,2952,5083841.42
CL557030,INE238A01026,AXISBANK,1096,0,1096,3137217.8
CL788165,INE001A01036,HDFC,2705,0,2705,3055637.89
CL643770,INE009A01021,INFY,1542,0,1542,3903254.91
CL952446,INE018A01030,LT,1042,0,1042,671793.84
CL121874,INE001A01036,HDFC,1332,0,1332,255691.56
CL992387,INE002A01018,RELIANCE,984,0,984,426354.69
CL330664,INE155A01022,TATAMOTORS,1899,0,1899,3765732.0
CL008992,INE154A01025,ITC,2488,0,2488,2298017.47
CL985077,INE001A01036,HDFC,1771,0,1771,4190909.61
CL606803,INE009A01021,INFY,953,0,953,991557.81
CL241522,INE009A01021,INFY,0,0,0,0.0
CL586598,INE155A01022,TATAMOTORS,2371,0,2371,5201753.77
CL296776,INE018A01030,LT,2378,0,2378,5644093.78
CL659509,INE009A01021,INFY,1313,163,1476,3917606.73
CL450585,INE018A01030,LT,2882,0,2882,3558722.3
CL922488,INE002A01018,RELIANCE,2962,0,2962,449141.09
CL797352,INE154A01025,ITC,39,0,39,8990.19
CL634366,INE001A01036,HDFC,1760,0,1760,237499.4
CL897753,INE002A01018,RELIANCE,701,0,701,1434657.31
CL428987,INE154A01025,ITC,1642,0,1642,4046736.17
CL593951,INE154A01025,ITC,1647,0,1647,3069424.55
CL550522,INE062A01020,SBIN,967,0,967,1435426.59
CL985133,INE002A01018,RELIANCE,2958,0,2958,6144975.33
CL300849,INE018A01030,LT,792,0,792,266864.72
CL828246,INE154A01025,ITC,2572,276,2848,7064661.37
CL921306,INE062A01020,SBIN,1234,0,1234,3566929.58
CL308642,INE155A01022,TATAMOTORS,936,0,936,2260604.16
CL245220,INE238A01026,AXISBANK,1828,0,1828,1732494.8
CL808653,INE154A01025,ITC,708,0,708,1586717.56
CL449224,INE090A01021,ICICIBANK,742,265,1007,1707042.72
CL399158,INE062A01020,SBIN,1018,0,1018,1329850.88
CL987707,INE002A01018,RELIANCE,1907,0,1907,5043332.76
CL994286,INE238A01026,AXISBANK,1648,0,1648,1515277.85
CL226477,INE001A01036,HDFC,674,23,697,1040937.29
CL916446,INE009A01021,INFY,2385,0,2385,3112508.19
CL152170,INE154A01025,ITC,1029,226,1255,2797606.55
CL289553,INE062A01020,SBIN,1693,0,1693,207796.69
CL789971,INE062A01020,SBIN,2356,0,2356,2302235.43
CL527656,INE009A01021,INFY,173,0,173,23360.54
CL849020,INE154A01025,ITC,1852,0,1852,3990465.95
CL302097,INE062A01020,SBIN,2479,0,2479,1346205.97
CL073103,INE090A01021,ICICIBANK,2311,0,2311,1440267.32
CL765456,INE155A01022,TATAMOTORS,736,0,736,2195366.6
CL587865,INE155A01022,TATAMOTORS,1948,178,2126,6126483.39
CL419390,INE238A01026,AXISBANK,2803,0,2803,5401244.38
CL707517,INE154A01025,ITC,2594,183,2777,2539062.14
CL977572,INE154A01025,ITC,2063,176,2239,2087693.25
CL943688,INE002A01018,RELIANCE,2102,0,2102,3319444.81
CL895978,INE062A01020,SBIN,2068,0,2068,3287518.58
CL551015,INE237A01028,KOTAKBANK,510,0,510,785619.33
CL704679,INE009A01021,INFY,2097,202,2299,2674312.08
CL152331,INE155A01022,TATAMOTORS,2406,0,2406,7169972.52
CL079826,INE009A01021,INFY,1962,0,1962,2549110.97
CL716836,INE009A01021,INFY,2886,191,3077,6621599.0
CL486837,INE155A01022,TATAMOTORS,982,262,1244,2832721.94
CL595266,INE002A01018,RELIANCE,2037,0,2037,2705419.28
CL023858,INE002A01018,RELIANCE,724,0,724,265802.09
CL066531,INE238A01026,AXISBANK,1194,0,1194,3378075.1
CL510836,INE009A01021,INFY,171,26,197,314652.56
CL401588,INE002A01018,RELIANCE,2136,0,2136,2244510.31
CL986586,INE001A01036,HDFC,2569,0,2569,2990472.01
CL624795,INE237A01028,KOTAKBANK,177,203,380,212008.47
CL167129,INE062A01020,SBIN,1469,0,1469,3212548.15
CL680812,INE090A01021,ICICIBANK,105,0,105,53403.05
CL147041,INE155A01022,TATAMOTORS,828,0,828,2276057.85
CL299650,INE238A01026,AXISBANK,588,280,868,731862.46
CL482605,INE001A01036,HDFC,1372,0,1372,3288330.52
CL826820,INE090A01021,ICICIBANK,105,0,105,100653.78
CL348407,INE090A01021,ICICIBANK,245,0,245,225394.09
CL897051,INE090A01021,ICICIBANK,1804,0,1804,1676307.79
CL946822,INE062A01020,SBIN,1002,0,1002,1321956.27
CL757761,INE009A01021,INFY,2266,0,2266,3487075.81
CL509783,INE002A01018,RELIANCE,2199,0,2199,483584.05
CL955904,INE155A01022,TATAMOTORS,2115,0,2115,865105.4
CL746969,INE154A01025,ITC,303,0,303,104474.53
CL745926,INE002A01018,RELIANCE,2180,98,2278,1274507.86
CL714489,INE238A01026,AXISBANK,624,0,624,1793407.46
CL226879,INE154A01025,ITC,500,0,500,789433.5
CL502288,INE018A01030,LT,242,0,242,24417.29
CL040357,INE001A01036,HDFC,2376,0,2376,2887583.18
CL516584,INE237A01028,KOTAKBANK,2780,0,2780,1935443.61
CL214001,INE238A01026,AXISBANK,1846,0,1846,639366.25
CL574676,INE154A01025,ITC,1211,0,1211,724130.31
CL408022,INE237A01028,KOTAKBANK,2287,271,2558,3938482.72
CL936846,INE238A01026,AXISBANK,2532,21,2553,7068689.2
CL880492,INE002A01018,RELIANCE,2644,0,2644,6019608.15
CL268984,INE238A01026,AXISBANK,816,0,816,2139309.79
CL168284,INE018A01030,LT,1047,0,1047,2070746.29
CL099138,INE009A01021,INFY,1947,0,1947,4876595.57
CL481624,INE009A01021,INFY,2511,259,2770,6838349.9
CL283580,INE154A01025,ITC,687,0,687,1390890.62
CL842577,INE062A01020,SBIN,2975,0,2975,6637337.93
CL256223,INE018A01030,LT,2780,0,2780,4075494.75
CL916356,INE001A01036,HDFC,2705,0,2705,5819518.85
CL363622,INE154A01025,ITC,1826,0,1826,2422334.01
CL996184,INE154A01025,ITC,2976,0,2976,2828230.22
CL218386,INE090A01021,ICICIBANK,1887,0,1887,1905578.08
CL186560,INE062A01020,SBIN,1962,43,2005,2044001.1
CL946462,INE009A01021,INFY,2826,0,2826,437009.12
CL350371,INE155A01022,TATAMOTORS,2673,80,2753,8144291.63
CL145491,INE090A01021,ICICIBANK,2653,0,2653,1218398.57
CL526931,INE237A01028,KOTAKBANK,835,22,857,1136094.94
CL052046,INE155A01022,TATAMOTORS,908,106,1014,2519391.28
CL512616,INE154A01025,ITC,2620,69,2689,5066307.63
CL329949,INE238A01026,AXISBANK,471,8,479,189642.63
CL096184,INE238A01026,AXISBANK,340,0,340,931300.97
CL026061,INE154A01025,ITC,2395,0,2395,7148648.61
CL830689,INE001A01036,HDFC,2430,0,2430,2986314.52
CL736691,INE062A01020,SBIN,678,0,678,1156977.97
CL360646,INE001A01036,HDFC,2662,0,2662,5847268.32
CL556155,INE062A01020,SBIN,85,147,232,328063.57
CL027093,INE238A01026,AXISBANK,139,0,139,275561.57
CL362252,INE238A01026,AXISBANK,2073,0,2073,1583726.38
CL150752,INE009A01021,INFY,1447,0,1447,2351776.94
CL456070,INE154A01025,ITC,115,0,115,259245.79
CL368121,INE155A01022,TATAMOTORS,2901,0,2901,2006320.75
CL389436,INE238A01026,AXISBANK,923,0,923,2383066.4
CL317934,INE238A01026,AXISBANK,648,0,648,1762514.26
CL860201,INE238A01026,AXISBANK,689,0,689,445160.54
CL490707,INE002A01018,RELIANCE,1118,0,1118,3040911.47
CL425825,INE237A01028,KOTAKBANK,487,173,660,583777.43
CL572262,INE002A01018,RELIANCE,482,0,482,317640.22
CL620731,INE090A01021,ICICIBANK,623,0,623,409658.62
CL646695,INE090A01021,ICICIBANK,1224,0,1224,2811509.74
CL899451,INE009A01021,INFY,2355,38,2393,905340.14
CL457420,INE237A01028,KOTAKBANK,576,0,576,978814.19
CL096205,INE237A01028,KOTAKBANK,2898,156,3054,7907199.53
CL830258,INE090A01021,ICICIBANK,585,0,585,321371.64
CL565784,INE238A01026,AXISBANK,631,0,631,438521.93
CL855450,INE001A01036,HDFC,2737,0,2737,7218631.83
CL820662,INE001A01036,HDFC,1399,179,1578,538680.35
CL751082,INE238A01026,AXISBANK,1094,144,1238,886209.01
CL531800,INE001A01036,HDFC,930,31,961,1012437.09
CL115410,INE154A01025,ITC,2353,0,2353,1560379.29
CL218181,INE001A01036,HDFC,1918,0,1918,4318337.27
CL887130,INE009A01021,INFY,1710,0,1710,1819157.61
CL115861,INE009A01021,INFY,763,0,763,673676.43
CL659394,INE155A01022,TATAMOTORS,2507,0,2507,3890345.21
CL886731,INE154A01025,ITC,62,114,176,135683.86
CL894006,INE001A01036,HDFC,2526,0,2526,848694.37
CL489602,INE062A01020,SBIN,220,0,220,436638.47
CL380972,INE154A01025,ITC,2204,0,2204,3810482.32
CL723178,INE090A01021,ICICIBANK,2555,0,2555,4675844.84
CL370266,INE002A01018,RELIANCE,946,0,946,2022171.28
CL282972,INE018A01030,LT,143,0,143,69173.03
CL866535,INE018A01030,LT,931,0,931,1146523.58
CL365553,INE001A01036,HDFC,2533,0,2533,7003527.15
CL133588,INE001A01036,HDFC,2241,12,2253,490635.49
CL727076,INE018A01030,LT,2288,138,2426,653613.01
CL676315,INE238A01026,AXISBANK,2633,0,2633,2942208.28
CL733530,INE154A01025,ITC,1788,0,1788,3584118.71
CL442940,INE001A01036,HDFC,2127,0,2127,2505956.74
CL983252,INE090A01021,ICICIBANK,1530,0,1530,3493101.64
CL925360,INE001A01036,HDFC,258,0,258,50032.61
CL282455,INE002A01018,RELIANCE,771,0,771,1898695.48
CL370534,INE155A01022,TATAMOTORS,2875,0,2875,5153089.45
CL579365,INE155A01022,TATAMOTORS,2841,0,2841,5025883.84
CL017099,INE090A01021,ICICIBANK,1754,0,1754,2727477.12
CL847046,INE237A01028,KOTAKBANK,826,0,826,794320.11
CL109403,INE238A01026,AXISBANK,689,0,689,1204600.34
CL758535,INE154A01025,ITC,2251,0,2251,1493651.17
CL087946,INE154A01025,ITC,1610,67,1677,3660700.99
CL465066,INE001A01036,HDFC,1448,0,1448,2892253.73
CL890393,INE018A01030,LT,978,0,978,2118718.81
CL339791,INE002A01018,RELIANCE,1012,66,1078,2550342.25
CL780745,INE154A01025,ITC,1698,0,1698,928032.17
CL575561,INE090A01021,ICICIBANK,739,0,739,1464252.58
CL687177,INE062A01020,SBIN,1202,0,1202,325407.78
CL600163,INE238A01026,AXISBANK,2669,0,2669,4885604.97
CL713417,INE009A01021,INFY,2805,47,2852,1932596.56
CL386803,INE090A01021,ICICIBANK,1208,75,1283,2341560.22
CL319771,INE018A01030,LT,2907,0,2907,1351422.39
CL223675,INE001A01036,HDFC,94,212,306,411446.79
CL773648,INE090A01021,ICICIBANK,1045,0,1045,591291.66
CL136426,INE002A01018,RELIANCE,857,110,967,1893074.08
CL809428,INE062A01020,SBIN,361,0,361,769337.04
CL785311,INE154A01025,ITC,2487,0,2487,6509601.08
CL490090,INE154A01025,ITC,1066,0,1066,1814640.87
CL210212,INE002A01018,RELIANCE,2162,0,2162,4121278.51
CL540746,INE090A01021,ICICIBANK,2285,0,2285,5957780.47
CL257154,INE090A01021,ICICIBANK,1969,0,1969,2759317.4
CL576102,INE238A01026,AXISBANK,1532,0,1532,1722008.75
CL506695,INE062A01020,SBIN,24,0,24,46785.65
CL513975,INE009A01021,INFY,2719,151,2870,8040144.74
CL579789,INE009A01021,INFY,2068,0,2068,4186518.84
CL962285,INE238A01026,AXISBANK,258,0,258,601192.65
CL659695,INE237A01028,KOTAKBANK,1793,0,1793,4494885.24
CL512397,INE009A01021,INFY,177,0,177,310956.89
CL559673,INE002A01018,RELIANCE,294,0,294,793606.23
CL869733,INE238A01026,AXISBANK,1775,0,1775,5133708.88
CL997741,INE090A01021,ICICIBANK,2433,274,2707,3509342.15
CL746213,INE009A01021,INFY,2643,64,2707,5763441.17
CL012145,INE154A01025,ITC,1644,0,1644,1987617.97
CL521755,INE238A01026,AXISBANK,2650,91,2741,2774374.28
CL339791,INE002A01018,RELIANCE,2745,0,2745,5896535.58
CL222302,INE009A01021,INFY,293,0,293,170343.48
CL082855,INE238A01026,AXISBANK,289,0,289,587330.96
CL689878,INE237A01028,KOTAKBANK,1716,0,1716,222639.11
CL111899,INE090A01021,ICICIBANK,764,0,764,878239.49
CL435632,INE155A01022,TATAMOTORS,1665,0,1665,2785557.36
CL370072,INE154A01025,ITC,1087,0,1087,193625.29
CL381197,INE018A01030,LT,247,0,247,648942.97
CL682201,INE009A01021,INFY,2859,0,2859,2555427.55
CL855984,INE062A01020,SBIN,1452,61,1513,3155435.49
CL600222,INE154A01025,ITC,2479,0,2479,6305072.99
CL238244,INE238A01026,AXISBANK,2000,33,2033,1488755.03
CL780105,INE062A01020,SBIN,2515,0,2515,3333949.78
CL349733,INE009A01021,INFY,1638,0,1638,3591892.62
CL032411,INE001A01036,HDFC,2656,0,2656,545011.97
CL920152,INE018A01030,LT,2153,253,2406,6269315.78
CL019893,INE062A01020,SBIN,1741,0,1741,2857470.68
CL331267,INE002A01018,RELIANCE,2435,0,2435,1923508.47
CL483681,INE018A01030,LT,401,0,401,548369.99
CL886125,INE062A01020,SBIN,398,0,398,411001.09
CL056410,INE155A01022,TATAMOTORS,2045,0,2045,4735719.71
CL006646,INE009A01021,INFY,116,57,173,121373.5
CL814666,INE018A01030,LT,2538,0,2538,3856867.97
CL573475,INE237A01028,KOTAKBANK,1640,0,1640,547440.1
CL190053,INE090A01021,ICICIBANK,775,0,775,2084008.72
CL164626,INE018A01030,LT,2542,290,2832,7315739.26
CL408896,INE018A01030,LT,1556,0,1556,1642208.79
CL032411,INE154A01025,ITC,1033,0,1033,2236079.25
CL462431,INE002A01018,RELIANCE,1666,0,1666,374057.12
CL504052,INE154A01025,ITC,1407,0,1407,275774.76
CL952714,INE002A01018,RELIANCE,807,55,862,396971.22
CL195104,INE062A01020,SBIN,962,207,1169,2867275.09
CL552746,INE018A01030,LT,397,0,397,856869.79
CL068792,INE009A01021,INFY,1035,0,1035,1867022.85
CL567368,INE237A01028,KOTAKBANK,1260,0,1260,2163003.03
CL865822,INE009A01021,INFY,2254,0,2254,2116761.58
CL365552,INE090A01021,ICICIBANK,2344,208,2552,5750927.22
CL248872,INE018A01030,LT,1142,271,1413,3845115.25
CL922433,INE154A01025,ITC,2972,0,2972,5602721.45
CL849692,INE090A01021,ICICIBANK,2790,0,2790,6530748.88
CL803099,INE090A01021,ICICIBANK,231,0,231,633749.48
CL859402,INE001A01036,HDFC,638,0,638,739356.22
CL369748,INE002A01018,RELIANCE,1541,0,1541,2180619.97
CL973681,INE155A01022,TATAMOTORS,869,0,869,1558316.04
CL750642,INE062A01020,SBIN,2460,0,2460,6547855.05
CL917419,INE062A01020,SBIN,2912,0,2912,821069.76
CL621357,INE090A01021,ICICIBANK,936,0,936,267266.5
CL912487,INE001A01036,HDFC,775,0,775,2220889.22
CL220424,INE009A01021,INFY,2702,0,2702,4117707.3
CL052762,INE155A01022,TATAMOTORS,2066,0,2066,1763248.76
CL296004,INE062A01020,SBIN,39,202,241,317238.14
CL921059,INE238A01026,AXISBANK,1910,0,1910,4980345.97
CL876147,INE062A01020,SBIN,599,91,690,106374.17
CL811189,INE238A01026,AXISBANK,1678,0,1678,898270.21
CL346821,INE155A01022,TATAMOTORS,2996,0,2996,3999262.84
CL165872,INE154A01025,ITC,965,0,965,153566.04
CL152366,INE062A01020,SBIN,680,259,939,2690299.92
CL474237,INE001A01036,HDFC,2632,0,2632,1763483.93
CL443014,INE018A01030,LT,1163,0,1163,1117317.21
CL011522,INE018A01030,LT,2041,0,2041,3113948.52
CL319019,INE062A01020,SBIN,2671,0,2671,4523608.87
CL700217,INE155A01022,TATAMOTORS,623,0,623,1109232.45
CL858217,INE154A01025,ITC,980,0,980,1178229.6
CL582871,INE090A01021,ICICIBANK,1259,0,1259,1814053.73
CL379690,INE238A01026,AXISBANK,840,0,840,1013591.93
CL788700,INE155A01022,TATAMOTORS,1129,8,1137,1648802.92
CL962618,INE155A01022,TATAMOTORS,1023,0,1023,956323.3
CL549977,INE001A01036,HDFC,1048,0,1048,1979400.39
CL812420,INE238A01026,AXISBANK,2898,0,2898,563271.74
CL085132,INE154A01025,ITC,1756,0,1756,339714.39
CL173845,INE238A01026,AXISBANK,902,0,902,1831886.67
CL595371,INE237A01028,KOTAKBANK,2135,0,2135,3170001.39
CL879818,INE155A01022,TATAMOTORS,2807,0,2807,5728476.15
CL292405,INE237A01028,KOTAKBANK,2634,0,2634,5288633.05
CL086904,INE018A01030,LT,37,0,37,110741.24
CL781827,INE090A01021,ICICIBANK,875,0,875,1205817.34
CL771199,INE062A01020,SBIN,537,82,619,857020.5
CL420723,INE155A01022,TATAMOTORS,2635,0,2635,4570660.34
CL081998,INE001A01036,HDFC,1564,0,1564,1674416.73
CL068571,INE090A01021,ICICIBANK,2573,0,2573,5122485.97
CL493867,INE001A01036,HDFC,2445,0,2445,5683644.44
CL122904,INE002A01018,RELIANCE,531,0,531,80885.38
CL226251,INE001A01036,HDFC,2282,0,2282,443582.57
CL202375,INE001A01036,HDFC,1845,222,2067,1279978.77
CL633873,INE062A01020,SBIN,1726,0,1726,2396234.94
CL374486,INE009A01021,INFY,815,0,815,1291203.94
CL103948,INE018A01030,LT,876,0,876,2324400.02
CL320263,INE002A01018,RELIANCE,902,0,902,2657286.35
CL438742,INE090A01021,ICICIBANK,1118,0,1118,2271544.27
CL292489,INE155A01022,TATAMOTORS,918,0,918,2030908.12
CL071846,INE018A01030,LT,2355,0,2355,6354644.22
CL702560,INE001A01036,HDFC,19,0,19,9230.79
CL319269,INE001A01036,HDFC,62,0,62,91467.24
CL532763,INE238A01026,AXISBANK,1294,0,1294,2386553.97
CL923509,INE001A01036,HDFC,209,0,209,449204.95
CL336171,INE062A01020,SBIN,2449,0,2449,5269624.78
CL466153,INE002A01018,RELIANCE,1449,0,1449,446834.27
CL651738,INE238A01026,AXISBANK,666,0,666,1132282.03
CL046648,INE155A01022,TATAMOTORS,2896,0,2896,4756137.08
CL942397,INE001A01036,HDFC,612,0,612,700676.64
CL660879,INE001A01036,HDFC,1718,0,1718,4700502.25
CL645439,INE062A01020,SBIN,1729,0,1729,3943885.16
CL537979,INE018A01030,LT,2942,0,2942,7620396.91
CL189834,INE237A01028,KOTAKBANK,1925,0,1925,1124309.43
CL228027,INE154A01025,ITC,1001,0,1001,870026.03
CL232014,INE155A01022,TATAMOTORS,1376,0,1376,602645.85
CL311135,INE238A01026,AXISBANK,1967,0,1967,3480232.33
CL020225,INE018A01030,LT,1856,0,1856,5282539.26
CL786047,INE009A01021,INFY,2065,0,2065,2645202.85
CL525015,INE154A01025,ITC,2485,0,2485,250742.8
CL851950,INE001A01036,HDFC,1516,0,1516,2857065.35
CL511568,INE238A01026,AXISBANK,2463,0,2463,1655583.39
CL436383,INE155A01022,TATAMOTORS,478,0,478,292194.94
CL716028,INE018A01030,LT,1550,0,1550,3235723.24
CL737092,INE001A01036,HDFC,2207,0,2207,2814401.37
CL886267,INE155A01022,TATAMOTORS,1481,0,1481,1105305.33
CL638312,INE090A01021,ICICIBANK,1657,160,1817,3557908.59
CL639499,INE018A01030,LT,592,84,676,364885.49
CL353881,INE062A01020,SBIN,2825,0,2825,4539884.55
CL066123,INE090A01021,ICICIBANK,344,0,344,159220.82
CL128078,INE090A01021,ICICIBANK,136,0,136,254131.15
CL726192,INE155A01022,TATAMOTORS,1657,0,1657,4926501.54
CL745610,INE001A01036,HDFC,2872,0,2872,1990115.17
CL247273,INE238A01026,AXISBANK,2320,0,2320,2187002.1
CL021358,INE238A01026,AXISBANK,2938,0,2938,3252979.97
CL516485,INE090A01021,ICICIBANK,1004,0,1004,1743541.27
CL372405,INE090A01021,ICICIBANK,2658,0,2658,3161516.42
CL927605,INE018A01030,LT,357,0,357,356391.92
CL965904,INE237A01028,KOTAKBANK,2622,272,2894,2586416.8
CL897728,INE238A01026,AXISBANK,2522,0,2522,2216986.68
CL615399,INE238A01026,AXISBANK,2685,76,2761,3710551.97
CL102736,INE062A01020,SBIN,2705,0,2705,4016859.34
CL702711,INE018A01030,LT,1642,0,1642,407152.08
CL081876,INE018A01030,LT,2930,0,2930,1322858.77
CL101168,INE009A01021,INFY,873,0,873,2151299.57
CL791789,INE009A01021,INFY,373,0,373,157585.72
CL252697,INE062A01020,SBIN,1250,0,1250,3242635.85
CL683443,INE062A01020,SBIN,2114,0,2114,1277321.06
CL324577,INE009A01021,INFY,1168,0,1168,2234794.42
CL824816,INE062A01020,SBIN,1938,160,2098,1934243.96
CL265451,INE237A01028,KOTAKBANK,1778,0,1778,187347.37
CL997614,INE155A01022,TATAMOTORS,973,269,1242,1877112.67
CL612702,INE155A01022,TATAMOTORS,726,0,726,1786498.25
CL539741,INE018A01030,LT,121,0,121,84786.97
CL879396,INE155A01022,TATAMOTORS,1995,0,1995,320883.12
CL492455,INE238A01026,AXISBANK,405,0,405,771632.6
CL080609,INE002A01018,RELIANCE,1912,0,1912,1073400.31
CL330750,INE009A01021,INFY,252,0,252,718233.48
CL505059,INE237A01028,KOTAKBANK,1103,116,1219,243684.22
CL255067,INE154A01025,ITC,2001,0,2001,1944514.91
CL051405,INE237A01028,KOTAKBANK,2401,0,2401,412704.67
CL757141,INE009A01021,INFY,101,240,341,1022840.01
CL382274,INE090A01021,ICICIBANK,2132,0,2132,1038141.44
CL894207,INE002A01018,RELIANCE,859,0,859,477106.05
CL023271,INE154A01025,ITC,1925,0,1925,1459805.63
CL788743,INE155A01022,TATAMOTORS,1368,260,1628,3265380.18
CL758743,INE154A01025,ITC,610,0,610,1233371.48
CL526597,INE002A01018,RELIANCE,1048,0,1048,2147635.19
CL934048,INE238A01026,AXISBANK,1578,0,1578,475066.26
CL412758,INE155A01022,TATAMOTORS,537,0,537,1196146.27
CL539930,INE009A01021,INFY,573,0,573,578830.1
CL068219,INE237A01028,KOTAKBANK,569,0,569,1502190.19
CL510795,INE062A01020,SBIN,1288,0,1288,153019.49
CL284454,INE001A01036,HDFC,335,0,335,402295.41
CL037559,INE155A01022,TATAMOTORS,2754,229,2983,5313779.61
CL350042,INE090A01021,ICICIBANK,713,32,745,946453.19
CL823773,INE062A01020,SBIN,1008,51,1059,269093.48
CL877288,INE002A01018,RELIANCE,751,104,855,522742.43
CL870017,INE155A01022,TATAMOTORS,26,0,26,76417.35
CL929128,INE155A01022,TATAMOTORS,1837,0,1837,4909509.09
CL381043,INE237A01028,KOTAKBANK,1090,0,1090,2914034.97
CL514589,INE155A01022,TATAMOTORS,375,218,593,509359.27
CL895391,INE155A01022,TATAMOTORS,192,0,192,106239.92
CL521444,INE237A01028,KOTAKBANK,2295,0,2295,6861840.92
CL552643,INE237A01028,KOTAKBANK,1447,0,1447,3312516.63
CL184375,INE002A01018,RELIANCE,2773,0,2773,526985.36
CL179145,INE062A01020,SBIN,802,0,802,411006.69
CL875280,INE002A01018,RELIANCE,2226,0,2226,4097455.8
CL261829,INE018A01030,LT,972,0,972,2910137.73
CL030499,INE001A01036,HDFC,1454,132,1586,4468306.97
CL715595,INE002A01018,RELIANCE,1939,88,2027,1052368.65
CL742900,INE002A01018,RELIANCE,579,0,579,1131013.3
CL353366,INE238A01026,AXISBANK,2314,0,2314,6384800.62
CL898567,INE018A01030,LT,2156,0,2156,4842584.91
CL276499,INE001A01036,HDFC,611,0,611,1190888.76
CL313623,INE062A01020,SBIN,2452,175,2627,3332377.65
CL569203,INE237A01028,KOTAKBANK,2203,0,2203,5347773.4
CL676995,INE002A01018,RELIANCE,2493,0,2493,3814756.96
CL784776,INE155A01022,TATAMOTORS,428,0,428,1079081.93
CL297084,INE237A01028,KOTAKBANK,2257,0,2257,532169.85
CL298498,INE002A01018,RELIANCE,2246,0,2246,756375.42
CL246993,INE009A01021,INFY,262,0,262,459762.84
CL649703,INE009A01021,INFY,191,0,191,395669.52
CL444130,INE018A01030,LT,2985,0,2985,1680512.44
CL454967,INE062A01020,SBIN,2070,208,2278,3041376.96
CL579210,INE237A01028,KOTAKBANK,1368,0,1368,3490528.75
CL152234,INE062A01020,SBIN,1426,0,1426,3488532.96
CL277743,INE238A01026,AXISBANK,1811,0,1811,3859908.08
CL580406,INE018A01030,LT,2016,116,2132,3600293.91
CL097748,INE090A01021,ICICIBANK,2404,235,2639,2347600.45
CL876273,INE001A01036,HDFC,1456,0,1456,1537429.79
CL330924,INE155A01022,TATAMOTORS,2225,0,2225,6134049.9
CL889765,INE062A01020,SBIN,1213,0,1213,3387558.04
CL192245,INE090A01021,ICICIBANK,1024,0,1024,2473328.84
CL310444,INE018A01030,LT,2181,0,2181,5380013.17
CL378777,INE018A01030,LT,872,0,872,817587.15
CL673706,INE154A01025,ITC,500,0,500,1435735.43
CL792767,INE001A01036,HDFC,2326,0,2326,5204724.42
CL786188,INE237A01028,KOTAKBANK,1401,0,1401,1458654.63
CL981495,INE002A01018,RELIANCE,1040,0,1040,2547130.43
CL761038,INE001A01036,HDFC,731,0,731,611719.04
CL041049,INE237A01028,KOTAKBANK,2023,0,2023,3959825.84
CL328011,INE062A01020,SBIN,606,0,606,1589360.58
CL244568,INE238A01026,AXISBANK,2359,240,2599,3335656.84
CL830881,INE155A01022,TATAMOTORS,437,0,437,1007246.89
CL383786,INE001A01036,HDFC,2905,0,2905,3158277.02
CL533857,INE001A01036,HDFC,1671,0,1671,1571424.33
CL414489,INE090A01021,ICICIBANK,2317,34,2351,5458601.91
CL041869,INE155A01022,TATAMOTORS,1503,0,1503,4024703.91
CL619999,INE062A01020,SBIN,1760,0,1760,2390739.43
CL707059,INE062A01020,SBIN,735,0,735,155438.09
CL307970,INE018A01030,LT,365,0,365,226825.8
CL581547,INE155A01022,TATAMOTORS,2081,77,2158,2217533.51
CL360965,INE001A01036,HDFC,1173,0,1173,222443.82
CL767172,INE238A01026,AXISBANK,2842,0,2842,5584647.54
CL206659,INE009A01021,INFY,182,0,182,432529.6
CL054112,INE062A01020,SBIN,1459,0,1459,3194626.11
CL472113,INE154A01025,ITC,1605,18,1623,4796027.91
CL481754,INE237A01028,KOTAKBANK,2546,0,2546,1219758.97
CL970795,INE018A01030,LT,501,65,566,335649.99
CL360548,INE018A01030,LT,1832,289,2121,269775.8
CL048094,INE155A01022,TATAMOTORS,1078,0,1078,3018373.67
CL928675,INE001A01036,HDFC,2583,241,2824,4429318.16
CL334650,INE018A01030,LT,2895,0,2895,7791671.99
CL387386,INE018A01030,LT,1094,0,1094,1820929.26
CL025908,INE062A01020,SBIN,2968,0,2968,8866905.44
CL067905,INE009A01021,INFY,2765,242,3007,7599514.17
CL562430,INE237A01028,KOTAKBANK,1052,0,1052,889418.74
CL186804,INE155A01022,TATAMOTORS,2361,0,2361,3216903.54
CL096018,INE018A01030,LT,2115,0,2115,3957436.39
CL803154,INE062A01020,SBIN,916,0,916,1605841.39
CL713270,INE018A01030,LT,824,0,824,211874.19
CL985801,INE154A01025,ITC,2159,28,2187,1924777.01
CL789783,INE002A01018,RELIANCE,899,0,899,1405494.78
CL815578,INE238A01026,AXISBANK,121,0,121,18475.89
CL278393,INE062A01020,SBIN,1730,0,1730,975073.44
CL432284,INE238A01026,AXISBANK,1354,253,1607,865453.42
CL810043,INE002A01018,RELIANCE,478,0,478,879426.99
CL205893,INE009A01021,INFY,285,0,285,735669.82
CL138613,INE018A01030,LT,456,0,456,1192516.2
CL148696,INE155A01022,TATAMOTORS,2129,0,2129,5104840.26
CL013621,INE154A01025,ITC,1884,9,1893,3258816.09
CL767018,INE090A01021,ICICIBANK,2422,0,2422,1332417.41
CL763044,INE009A01021,INFY,249,0,249,412889.8
CL023910,INE090A01021,ICICIBANK,60,216,276,567626.38
CL717247,INE090A01021,ICICIBANK,439,0,439,1182900.02
CL449679,INE009A01021,INFY,629,122,751,725555.9
CL991783,INE062A01020,SBIN,2839,0,2839,2196327.16
CL173319,INE237A01028,KOTAKBANK,1014,0,1014,223981.05
CL264811,INE001A01036,HDFC,626,0,626,1847792.09
CL590679,INE238A01026,AXISBANK,1685,0,1685,908934.57
CL574403,INE090A01021,ICICIBANK,2773,0,2773,2758766.76
CL002668,INE009A01021,INFY,1191,0,1191,290986.84
CL588038,INE154A01025,ITC,2289,0,2289,6863946.47
CL034063,INE237A01028,KOTAKBANK,2222,298,2520,6142581.5
CL101723,INE238A01026,AXISBANK,138,298,436,964785.86
CL404121,INE002A01018,RELIANCE,1488,0,1488,3373189.93
CL175733,INE154A01025,ITC,415,0,415,883128.14
CL172688,INE155A01022,TATAMOTORS,1429,25,1454,3254142.1
CL465031,INE238A01026,AXISBANK,672,0,672,1024485.49
CL109810,INE155A01022,TATAMOTORS,2600,0,2600,5000140.41
CL087610,INE018A01030,LT,2944,0,2944,1818185.75
CL359467,INE001A01036,HDFC,1399,0,1399,4071959.98
CL260298,INE009A01021,INFY,1954,0,1954,4282514.18
CL569603,INE155A01022,TATAMOTORS,2476,0,2476,3040506.62
CL870259,INE154A01025,ITC,2528,0,2528,4836455.28
CL636757,INE237A01028,KOTAKBANK,2110,0,2110,4639024.57
CL354526,INE238A01026,AXISBANK,1051,0,1051,2846936.47
CL763378,INE001A01036,HDFC,2758,0,2758,785312.79
CL645958,INE018A01030,LT,1319,0,1319,666231.38
CL335638,INE238A01026,AXISBANK,694,0,694,1471498.05
CL066721,INE002A01018,RELIANCE,253,0,253,233724.14
CL688655,INE238A01026,AXISBANK,357,105,462,1334918.31
CL316346,INE237A01028,KOTAKBANK,2530,0,2530,5194291.78
CL099390,INE018A01030,LT,2253,0,2253,1930460.18
CL432589,INE155A01022,TATAMOTORS,1714,0,1714,4409257.36
CL521829,INE237A01028,KOTAKBANK,2262,0,2262,3939218.23
CL944316,INE237A01028,KOTAKBANK,2439,0,2439,3379623.94
CL455272,INE009A01021,INFY,191,0,191,112266.57
CL641579,INE090A01021,ICICIBANK,2565,196,2761,4778991.74
CL975134,INE238A01026,AXISBANK,733,184,917,323492.25
CL845674,INE238A01026,AXISBANK,1554,173,1727,4305235.83
CL395490,INE090A01021,ICICIBANK,374,0,374,357064.25
CL303913,INE090A01021,ICICIBANK,654,0,654,854323.62
CL345136,INE237A01028,KOTAKBANK,1110,0,1110,1513911.22
CL705358,INE238A01026,AXISBANK,1774,0,1774,2591908.48
CL736392,INE155A01022,TATAMOTORS,95,0,95,30299.59
CL778500,INE237A01028,KOTAKBANK,596,0,596,977999.21
CL486685,INE237A01028,KOTAKBANK,663,0,663,632597.93
CL420661,INE002A01018,RELIANCE,1467,0,1467,3548876.8
CL331370,INE001A01036,HDFC,2758,0,2758,6190977.55
CL302772,INE238A01026,AXISBANK,1907,0,1907,4020922.77
CL165198,INE001A01036,HDFC,1592,280,1872,2308848.74
CL942763,INE062A01020,SBIN,1710,0,1710,2036295.94
CL702854,INE009A01021,INFY,2857,0,2857,5631892.33
CL019192,INE002A01018,RELIANCE,499,0,499,79899.61
CL986709,INE018A01030,LT,740,10,750,299321.57
CL861472,INE018A01030,LT,1834,103,1937,2196889.63
CL971755,INE001A01036,HDFC,801,0,801,694080.97
CL274988,INE155A01022,TATAMOTORS,1693,0,1693,904722.33
CL883050,INE238A01026,AXISBANK,1359,0,1359,3814035.3
CL766075,INE001A01036,HDFC,461,0,461,937833.73
CL338734,INE155A01022,TATAMOTORS,206,209,415,313878.34
CL954564,INE062A01020,SBIN,1967,0,1967,5388044.15
CL175373,INE009A01021,INFY,668,0,668,1445101.4
CL564516,INE018A01030,LT,297,0,297,788483.44
CL338980,INE237A01028,KOTAKBANK,498,0,498,73748.68
CL899476,INE155A01022,TATAMOTORS,2210,0,2210,2220670.78
CL101459,INE154A01025,ITC,752,0,752,1599031.84
CL611163,INE155A01022,TATAMOTORS,2262,41,2303,3402790.55
CL059889,INE009A01021,INFY,619,137,756,1089312.99
CL623188,INE155A01022,TATAMOTORS,591,0,591,756421.66
CL007242,INE002A01018,RELIANCE,566,0,566,1095127.99
CL518989,INE155A01022,TATAMOTORS,2970,299,3269,9332928.86
CL505272,INE238A01026,AXISBANK,2175,0,2175,4801997.4
CL922072,INE009A01021,INFY,1297,0,1297,3809657.02
CL236770,INE090A01021,ICICIBANK,245,0,245,24921.45
CL427578,INE090A01021,ICICIBANK,291,0,291,723315.74
CL727491,INE238A01026,AXISBANK,1839,0,1839,513963.8
CL480062,INE090A01021,ICICIBANK,981,0,981,2164657.9
CL406640,INE001A01036,HDFC,2862,0,2862,6077916.78
CL782853,INE238A01026,AXISBANK,1956,0,1956,5335184.64
CL239156,INE001A01036,HDFC,1259,0,1259,2384403.87
CL127036,INE155A01022,TATAMOTORS,1597,0,1597,3324462.85
CL838314,INE154A01025,ITC,469,0,469,1319245.77
CL092172,INE001A01036,HDFC,448,0,448,444453.56
CL225120,INE155A01022,TATAMOTORS,1337,81,1418,3563918.04
CL615994,INE154A01025,ITC,2095,0,2095,3709769.74
CL433591,INE001A01036,HDFC,2292,0,2292,3005378.4
CL216204,INE009A01021,INFY,2830,0,2830,5431351.74
CL136315,INE237A01028,KOTAKBANK,1089,0,1089,1270611.35
CL650167,INE062A01020,SBIN,2580,0,2580,3851141.33
CL793447,INE001A01036,HDFC,821,281,1102,2790342.04
CL302169,INE090A01021,ICICIBANK,1726,0,1726,988466.63
CL518364,INE238A01026,AXISBANK,114,0,114,161735.98
CL696932,INE018A01030,LT,2762,0,2762,5069429.4
CL243229,INE154A01025,ITC,703,0,703,1958631.7
CL497963,INE009A01021,INFY,522,91,613,1081714.13
CL843841,INE018A01030,LT,418,0,418,459555.22
CL141416,INE062A01020,SBIN,1048,29,1077,3207910.36
CL979458,INE018A01030,LT,2382,0,2382,6707797.26
CL155652,INE154A01025,ITC,1109,176,1285,280122.52
CL394756,INE018A01030,LT,2515,0,2515,4922922.48
CL072774,INE155A01022,TATAMOTORS,538,0,538,914653.07
CL157679,INE090A01021,ICICIBANK,2912,0,2912,617959.22
CL389796,INE018A01030,LT,1148,0,1148,180771.15
CL480280,INE155A01022,TATAMOTORS,715,235,950,1673896.74
CL119613,INE154A01025,ITC,2564,0,2564,6903840.5
CL250001,INE237A01028,KOTAKBANK,2260,0,2260,4274063.78
CL161602,INE001A01036,HDFC,2086,0,2086,2407168.85
CL418170,INE238A01026,AXISBANK,720,0,720,228060.52
CL010461,INE018A01030,LT,423,0,423,926517.84
CL964807,INE009A01021,INFY,609,58,667,140167.14
CL288815,INE090A01021,ICICIBANK,1595,0,1595,4318505.02
CL496578,INE009A01021,INFY,1407,265,1672,485571.4
CL840461,INE238A01026,AXISBANK,1285,0,1285,1791824.54
CL951746,INE018A01030,LT,124,0,124,19912.15
CL906120,INE155A01022,TATAMOTORS,1573,0,1573,1091374.94
CL244234,INE001A01036,HDFC,729,113,842,2467686.02
CL163806,INE009A01021,INFY,1159,0,1159,3352465.36
CL048447,INE002A01018,RELIANCE,2490,0,2490,5585165.69
CL392810,INE001A01036,HDFC,2935,0,2935,6204337.04
CL395171,INE002A01018,RELIANCE,2706,0,2706,3527905.55
CL423728,INE154A01025,ITC,247,0,247,163292.68
CL963424,INE002A01018,RELIANCE,1013,0,1013,1395939.43
CL102195,INE237A01028,KOTAKBANK,2183,0,2183,4653217.58
CL407520,INE009A01021,INFY,2028,0,2028,4525161.8
CL439192,INE018A01030,LT,568,0,568,1238493.92
CL789311,INE154A01025,ITC,524,0,524,450844.09
CL807992,INE018A01030,LT,2376,0,2376,5904086.7
CL736011,INE238A01026,AXISBANK,1716,0,1716,5097465.9
CL525578,INE155A01022,TATAMOTORS,1733,0,1733,4638941.64
CL167747,INE009A01021,INFY,1460,0,1460,3024294.94
CL543106,INE155A01022,TATAMOTORS,2953,144,3097,7440825.12
CL216019,INE154A01025,ITC,2799,0,2799,3878461.86
CL237173,INE062A01020,SBIN,23,0,23,47947.87
CL570711,INE154A01025,ITC,944,0,944,247758.1
CL369597,INE002A01018,RELIANCE,2632,0,2632,2869204.08
CL009909,INE155A01022,TATAMOTORS,1761,0,1761,1237968.82
CL286521,INE002A01018,RELIANCE,123,0,123,147452.82
CL976253,INE154A01025,ITC,988,0,988,1047185.64
CL845300,INE090A01021,ICICIBANK,735,0,735,946810.12
CL447791,INE238A01026,AXISBANK,1785,0,1785,1700461.15
CL072746,INE237A01028,KOTAKBANK,71,166,237,555633.45
CL421557,INE062A01020,SBIN,693,0,693,881072.49
CL954519,INE238A01026,AXISBANK,1929,0,1929,2629989.42
CL335522,INE154A01025,ITC,2345,0,2345,4723430.6
CL746528,INE090A01021,ICICIBANK,371,0,371,772729.54
CL776351,INE090A01021,ICICIBANK,801,0,801,1592827.84
CL599437,INE237A01028,KOTAKBANK,452,0,452,729627.31
CL224154,INE018A01030,LT,635,0,635,878705.11
CL249843,INE090A01021,ICICIBANK,1913,216,2129,6233407.78
CL992555,INE238A01026,AXISBANK,1852,0,1852,888867.15
CL548576,INE009A01021,INFY,2417,0,2417,4674729.9
CL172860,INE009A01021,INFY,1255,0,1255,2686318.94
CL573281,INE238A01026,AXISBANK,1057,0,1057,163615.63
CL739734,INE009A01021,INFY,1956,179,2135,3714457.2
CL492511,INE237A01028,KOTAKBANK,2187,0,2187,1248238.03
CL268031,INE018A01030,LT,2195,220,2415,6771086.9
CL125598,INE237A01028,KOTAKBANK,1237,0,1237,2155797.28
CL918447,INE237A01028,KOTAKBANK,1068,0,1068,2564619.73
CL858918,INE001A01036,HDFC,1874,0,1874,4624430.16
CL681803,INE155A01022,TATAMOTORS,2702,0,2702,7445399.33
CL143701,INE009A01021,INFY,1114,0,1114,1155838.18
CL079561,INE009A01021,INFY,675,0,675,413936.64
CL966366,INE090A01021,ICICIBANK,928,0,928,2306151.58
CL461400,INE237A01028,KOTAKBANK,123,230,353,681329.07
CL323157,INE090A01021,ICICIBANK,2013,0,2013,3915237.37
CL542890,INE001A01036,HDFC,944,0,944,1477914.87
CL842079,INE009A01021,INFY,2162,0,2162,2428100.61
CL447540,INE002A01018,RELIANCE,744,0,744,1841729.82
CL960763,INE018A01030,LT,994,0,994,1254721.9
CL157356,INE154A01025,ITC,1570,0,1570,1185521.92
CL206810,INE002A01018,RELIANCE,1303,0,1303,1986163.99
CL523839,INE090A01021,ICICIBANK,1319,0,1319,3376995.67
CL071702,INE002A01018,RELIANCE,2917,0,2917,8295959.72
CL724272,INE238A01026,AXISBANK,657,0,657,590941.74
CL585789,INE018A01030,LT,1688,151,1839,1063153.76
CL147368,INE018A01030,LT,2971,80,3051,5975674.43
CL676654,INE018A01030,LT,270,0,270,306988.93
CL432501,INE155A01022,TATAMOTORS,2387,0,2387,2721162.84
CL159401,INE090A01021,ICICIBANK,2719,0,2719,7506056.13
CL383190,INE002A01018,RELIANCE,815,0,815,419895.16
CL846037,INE237A01028,KOTAKBANK,848,0,848,345436.42
CL000675,INE062A01020,SBIN,2165,0,2165,5474769.91
CL386670,INE018A01030,LT,1267,0,1267,654184.33
CL819959,INE237A01028,KOTAKBANK,1691,0,1691,4976296.6
CL866018,INE002A01018,RELIANCE,662,0,662,466443.77
CL714128,INE018A01030,LT,2049,212,2261,4041702.31
CL377492,INE018A01030,LT,478,246,724,131949.05
CL795047,INE002A01018,RELIANCE,120,219,339,459619.58
CL484899,INE002A01018,RELIANCE,1696,0,1696,3141827.19
CL286083,INE062A01020,SBIN,1565,166,1731,1684901.96
CL393364,INE155A01022,TATAMOTORS,2963,0,2963,7442802.84
CL419305,INE237A01028,KOTAKBANK,2776,0,2776,7497085.09
CL936449,INE090A01021,ICICIBANK,2253,0,2253,3788051.78
CL895656,INE155A01022,TATAMOTORS,133,0,133,210849.72
CL760481,INE001A01036,HDFC,2386,0,2386,3544965.98
CL495775,INE090A01021,ICICIBANK,2950,0,2950,1500111.4
CL830870,INE002A01018,RELIANCE,1632,0,1632,3452612.89
CL621278,INE018A01030,LT,2169,56,2225,1653799.02
CL745588,INE154A01025,ITC,673,0,673,1596306.5
CL897281,INE090A01021,ICICIBANK,685,0,685,170432.16
CL744420,INE238A01026,AXISBANK,2716,157,2873,6380346.66
CL096679,INE154A01025,ITC,1275,0,1275,525411.87
CL173764,INE237A01028,KOTAKBANK,74,0,74,119126.92
CL859906,INE155A01022,TATAMOTORS,901,270,1171,2350895.5
CL965015,INE090A01021,ICICIBANK,106,0,106,50662.54
CL634506,INE009A01021,INFY,2662,0,2662,1232948.64
CL000631,INE062A01020,SBIN,0,0,0,0.0
CL522054,INE062A01020,SBIN,1001,0,1001,2002069.92
CL537235,INE154A01025,ITC,1065,0,1065,784571.86
CL040215,INE155A01022,TATAMOTORS,92,0,92,84774.24
CL536534,INE154A01025,ITC,2866,295,3161,4795514.27
CL601046,INE155A01022,TATAMOTORS,2268,0,2268,5736558.99
CL881817,INE062A01020,SBIN,1947,0,1947,3602458.36
CL987197,INE062A01020,SBIN,2837,0,2837,585335.09
CL362974,INE001A01036,HDFC,1380,75,1455,4270054.3
CL784998,INE018A01030,LT,1996,49,2045,841017.95
CL021346,INE237A01028,KOTAKBANK,986,0,986,1144879.71
CL144669,INE237A01028,KOTAKBANK,2270,0,2270,2249554.73
CL863427,INE062A01020,SBIN,1170,0,1170,2363855.05
CL725996,INE018A01030,LT,1314,0,1314,3600887.23
CL485445,INE009A01021,INFY,2900,0,2900,2782883.73
CL477491,INE237A01028,KOTAKBANK,2787,0,2787,296891.88
CL347859,INE238A01026,AXISBANK,1154,149,1303,618855.3
CL669761,INE018A01030,LT,1959,0,1959,545472.19
CL713180,INE001A01036,HDFC,530,0,530,1440612.99
CL550037,INE237A01028,KOTAKBANK,2676,0,2676,1702785.83
CL074884,INE002A01018,RELIANCE,1907,0,1907,334596.85
CL932687,INE238A01026,AXISBANK,2084,0,2084,3976794.62
CL229310,INE154A01025,ITC,1587,0,1587,4674852.23
CL838690,INE009A01021,INFY,1774,88,1862,4212116.3
CL589603,INE155A01022,TATAMOTORS,2138,0,2138,5320276.61
CL050237,INE018A01030,LT,587,178,765,977067.81
CL843070,INE001A01036,HDFC,1911,0,1911,435327.98
CL736172,INE002A01018,RELIANCE,1979,0,1979,2649818.63
CL034726,INE238A01026,AXISBANK,1465,0,1465,1205046.02
CL882340,INE238A01026,AXISBANK,1626,0,1626,4483998.63
CL955116,INE001A01036,HDFC,2946,0,2946,6864719.02
CL759709,INE002A01018,RELIANCE,470,17,487,256234.2
CL179565,INE237A01028,KOTAKBANK,224,0,224,55077.28
CL916467,INE062A01020,SBIN,2043,0,2043,1730732.53
CL781506,INE009A01021,INFY,1139,22,1161,2142893.14
CL037348,INE002A01018,RELIANCE,2640,0,2640,6702313.92
CL216687,INE155A01022,TATAMOTORS,1866,0,1866,2034082.72
CL107039,INE018A01030,LT,940,0,940,1889334.59
CL601150,INE155A01022,TATAMOTORS,67,0,67,192054.98
CL457494,INE018A01030,LT,294,0,294,580747.09
CL098989,INE018A01030,LT,1452,0,1452,1941444.28
CL769927,INE001A01036,HDFC,1435,0,1435,147955.92
CL357150,INE237A01028,KOTAKBANK,2562,0,2562,377023.52
CL897870,INE009A01021,INFY,1170,125,1295,3668133.21
CL892632,INE001A01036,HDFC,716,0,716,580397.2
CL647911,INE237A01028,KOTAKBANK,2172,13,2185,1249325.67
CL456937,INE018A01030,LT,825,0,825,2413722.39
CL568115,INE090A01021,ICICIBANK,1570,0,1570,3349267.18
CL894751,INE154A01025,ITC,1673,0,1673,4756441.63
CL868506,INE001A01036,HDFC,156,261,417,296797.44
CL238323,INE090A01021,ICICIBANK,1266,0,1266,2484140.88
CL495488,INE018A01030,LT,2425,285,2710,3467132.98
CL508489,INE009A01021,INFY,892,0,892,2025554.24
CL977893,INE238A01026,AXISBANK,1861,0,1861,4423651.16
CL114886,INE001A01036,HDFC,1194,0,1194,2938099.86
CL615020,INE237A01028,KOTAKBANK,1799,225,2024,2767884.38
CL698770,INE090A01021,ICICIBANK,2909,0,2909,8332482.36
CL771472,INE018A01030,LT,1811,0,1811,293927.43
CL021273,INE238A01026,AXISBANK,1637,0,1637,2135803.77
CL000095,INE154A01025,ITC,1848,0,1848,861683.86
CL090869,INE062A01020,SBIN,1297,42,1339,1968687.06
CL902407,INE002A01018,RELIANCE,1418,0,1418,2188879.39
CL883541,INE062A01020,SBIN,2591,0,2591,2733001.91
CL809917,INE238A01026,AXISBANK,2822,92,2914,1134883.04
CL674096,INE090A01021,ICICIBANK,1913,217,2130,1341077.14
CL853518,INE062A01020,SBIN,2566,0,2566,1743106.81
CL564091,INE154A01025,ITC,2423,13,2436,5780596.63
CL455758,INE062A01020,SBIN,2226,0,2226,563069.96
CL413416,INE238A01026,AXISBANK,2195,0,2195,2788305.99
CL597165,INE018A01030,LT,2464,119,2583,3785073.24
CL854462,INE237A01028,KOTAKBANK,1693,0,1693,3339726.54
CL281543,INE002A01018,RELIANCE,2337,0,2337,5265647.71
CL270855,INE238A01026,AXISBANK,1349,0,1349,1351771.62
CL783149,INE154A01025,ITC,348,0,348,57975.97
CL535300,INE018A01030,LT,914,0,914,2497204.14
CL999943,INE001A01036,HDFC,2783,293,3076,6649040.35
CL703981,INE009A01021,INFY,2596,0,2596,3888821.85
CL803835,INE002A01018,RELIANCE,769,115,884,1073062.66
CL889434,INE002A01018,RELIANCE,638,81,719,1907692.32
CL854742,INE237A01028,KOTAKBANK,1810,0,1810,1028631.41
CL614669,INE154A01025,ITC,497,0,497,461423.69
CL563288,INE090A01021,ICICIBANK,1369,0,1369,3855342.25
CL023754,INE009A01021,INFY,1077,0,1077,1255663.63
CL638804,INE237A01028,KOTAKBANK,1266,0,1266,142444.99
CL084322,INE237A01028,KOTAKBANK,1946,174,2120,445768.38
CL667647,INE002A01018,RELIANCE,2949,216,3165,595274.85
CL651741,INE018A01030,LT,1619,0,1619,286352.56
CL948960,INE237A01028,KOTAKBANK,1978,0,1978,3899193.33
CL620466,INE062A01020,SBIN,1536,0,1536,3345144.29
CL727673,INE001A01036,HDFC,956,70,1026,1881875.98
CL096084,INE062A01020,SBIN,1190,0,1190,364022.19
CL492776,INE018A01030,LT,2610,0,2610,2043063.97
CL453840,INE002A01018,RELIANCE,809,0,809,523445.58
CL361328,INE002A01018,RELIANCE,2004,0,2004,5441307.57
CL275038,INE154A01025,ITC,50,0,50,149474.57
CL030453,INE155A01022,TATAMOTORS,1595,0,1595,2286518.82
CL852408,INE018A01030,LT,1615,26,1641,1706045.27
CL702195,INE237A01028,KOTAKBANK,1520,119,1639,4791193.98
CL740921,INE090A01021,ICICIBANK,1439,0,1439,1899442.48
CL951905,INE237A01028,KOTAKBANK,1011,0,1011,280117.78
CL601148,INE154A01025,ITC,327,0,327,300458.31
CL767934,INE018A01030,LT,36,0,36,94331.51
CL302323,INE018A01030,LT,2742,33,2775,1029060.82
CL295169,INE155A01022,TATAMOTORS,1225,0,1225,482604.94
CL609229,INE018A01030,LT,771,0,771,2094747.67
CL510470,INE155A01022,TATAMOTORS,996,0,996,1054450.99
CL236682,INE062A01020,SBIN,675,15,690,213905.36
CL922392,INE237A01028,KOTAKBANK,1762,0,1762,1192103.18
CL506387,INE090A01021,ICICIBANK,2733,0,2733,728745.16
CL218074,INE237A01028,KOTAKBANK,2677,0,2677,6768247.07
CL271220,INE002A01018,RELIANCE,2464,0,2464,2764249.08
CL169654,INE062A01020,SBIN,207,0,207,319076.64
CL565243,INE062A01020,SBIN,1108,0,1108,266616.42
CL561961,INE238A01026,AXISBANK,1799,0,1799,4371214.25
CL053105,INE154A01025,ITC,2524,0,2524,3185927.65
CL319291,INE090A01021,ICICIBANK,2205,0,2205,2420496.67
CL723781,INE009A01021,INFY,2744,37,2781,2326554.51
CL558040,INE018A01030,LT,33,0,33,91225.15
CL090996,INE062A01020,SBIN,24,0,24,49643.49
CL814211,INE001A01036,HDFC,2357,0,2357,1883742.18
CL988389,INE154A01025,ITC,1607,0,1607,1564937.13
CL511593,INE062A01020,SBIN,512,0,512,652834.55
CL721453,INE238A01026,AXISBANK,2519,0,2519,5939255.91
CL195364,INE002A01018,RELIANCE,1544,0,1544,3290732.55
CL660620,INE001A01036,HDFC,870,0,870,1829065.54
CL794956,INE018A01030,LT,550,0,550,387170.81
CL494810,INE090A01021,ICICIBANK,2154,289,2443,3142116.79
CL536188,INE018A01030,LT,621,0,621,430142.99
CL684139,INE018A01030,LT,1950,0,1950,4416908.14
CL629973,INE154A01025,ITC,10,0,10,3151.29
CL175344,INE154A01025,ITC,365,95,460,618256.52
CL890530,INE018A01030,LT,1174,70,1244,999419.67
CL361233,INE009A01021,INFY,1053,0,1053,937131.25
CL172354,INE237A01028,KOTAKBANK,1271,0,1271,1599918.89
CL448002,INE090A01021,ICICIBANK,123,0,123,317292.87
CL347309,INE002A01018,RELIANCE,1982,0,1982,3393554.82
CL076048,INE237A01028,KOTAKBANK,2609,0,2609,386155.22
CL185551,INE018A01030,LT,1389,0,1389,1120163.05
CL073872,INE018A01030,LT,11,0,11,7132.45
CL220421,INE090A01021,ICICIBANK,2800,0,2800,7782609.53
CL439286,INE062A01020,SBIN,1691,0,1691,3700175.51
CL532468,INE018A01030,LT,2753,288,3041,888899.22
CL114926,INE001A01036,HDFC,823,0,823,2204112.17
CL456063,INE009A01021,INFY,2268,0,2268,4186627.57
CL195579,INE237A01028,KOTAKBANK,486,0,486,1263948.12
CL955958,INE154A01025,ITC,2810,0,2810,5225030.35
CL030182,INE018A01030,LT,30,0,30,29622.69
CL603845,INE090A01021,ICICIBANK,1008,0,1008,2946533.33
CL042420,INE018A01030,LT,2248,105,2353,4786764.51
CL220871,INE009A01021,INFY,1704,0,1704,2099646.35
CL648298,INE090A01021,ICICIBANK,2392,0,2392,271355.51
CL038207,INE155A01022,TATAMOTORS,1661,0,1661,3420633.06
CL895760,INE155A01022,TATAMOTORS,2843,0,2843,4757046.76
CL696904,INE155A01022,TATAMOTORS,609,0,609,1173217.63
CL755558,INE155A01022,TATAMOTORS,2902,93,2995,3991884.52
CL403657,INE155A01022,TATAMOTORS,2057,0,2057,3010250.09
CL005277,INE001A01036,HDFC,2578,0,2578,7499274.02
CL568507,INE090A01021,ICICIBANK,2682,0,2682,2810590.99
CL880569,INE001A01036,HDFC,210,299,509,1205175.45
CL075138,INE062A01020,SBIN,1573,0,1573,577146.14
CL816418,INE155A01022,TATAMOTORS,2689,0,2689,5806222.6
CL868552,INE237A01028,KOTAKBANK,748,0,748,877375.43
CL750020,INE002A01018,RELIANCE,1316,0,1316,3226453.66
CL690835,INE090A01021,ICICIBANK,92,0,92,44787.22
CL347486,INE237A01028,KOTAKBANK,2496,0,2496,6660956.19
CL763322,INE062A01020,SBIN,216,240,456,985891.07
CL237878,INE009A01021,INFY,1778,0,1778,2904755.52
CL191395,INE002A01018,RELIANCE,648,0,648,702968.2
CL212347,INE018A01030,LT,2189,0,2189,1747856.28
CL532034,INE009A01021,INFY,2396,291,2687,6731158.44
CL893707,INE237A01028,KOTAKBANK,2283,0,2283,1748277.53
CL360843,INE001A01036,HDFC,2946,0,2946,6279081.01
CL152398,INE155A01022,TATAMOTORS,2335,0,2335,4136300.4
CL107402,INE237A01028,KOTAKBANK,2247,0,2247,4827990.05
CL908592,INE018A01030,LT,798,206,1004,1690996.21
CL957111,INE062A01020,SBIN,1838,0,1838,3240985.14
CL304952,INE238A01026,AXISBANK,353,0,353,637006.53
CL022271,INE238A01026,AXISBANK,2054,0,2054,4643300.25
CL705907,INE238A01026,AXISBANK,52,0,52,131848.84
CL224007,INE090A01021,ICICIBANK,1913,0,1913,4990049.75
CL931733,INE062A01020,SBIN,1192,0,1192,1500208.01
CL330164,INE154A01025,ITC,636,0,636,256180.31
CL323532,INE155A01022,TATAMOTORS,916,0,916,1812970.89
CL254486,INE062A01020,SBIN,219,0,219,155239.22
CL549758,INE154A01025,ITC,520,0,520,350626.35
CL238946,INE001A01036,HDFC,1711,278,1989,3507284.99
CL660076,INE237A01028,KOTAKBANK,1849,0,1849,2292876.69
CL043908,INE002A01018,RELIANCE,1376,0,1376,1827658.5
CL190023,INE155A01022,TATAMOTORS,1378,0,1378,2242272.16
CL486938,INE090A01021,ICICIBANK,2475,0,2475,5941220.13
CL801133,INE155A01022,TATAMOTORS,720,0,720,171648.97
CL385628,INE018A01030,LT,1515,0,1515,1576400.66
CL588309,INE018A01030,LT,1861,0,1861,634445.69
CL296996,INE001A01036,HDFC,2286,0,2286,6730476.39
CL461730,INE090A01021,ICICIBANK,885,237,1122,2931555.86
CL393183,INE018A01030,LT,811,0,811,1244238.18
CL470667,INE009A01021,INFY,1560,0,1560,4336670.55
CL081253,INE018A01030,LT,1283,0,1283,3763388.44
CL135354,INE237A01028,KOTAKBANK,830,0,830,2074120.86
CL287046,INE237A01028,KOTAKBANK,2262,0,2262,1695279.64
CL473260,INE001A01036,HDFC,2088,0,2088,1151316.04
CL293186,INE002A01018,RELIANCE,174,0,174,166676.59
CL587449,INE009A01021,INFY,5,0,5,3462.03
CL640460,INE002A01018,RELIANCE,1102,0,1102,1917449.07
CL967916,INE237A01028,KOTAKBANK,1729,260,1989,5242272.31
CL469600,INE002A01018,RELIANCE,2680,279,2959,7084835.16
CL420466,INE238A01026,AXISBANK,1973,0,1973,1685760.91
CL785509,INE154A01025,ITC,2028,0,2028,4420560.64
CL205355,INE009A01021,INFY,1578,0,1578,4090122.83
CL702953,INE002A01018,RELIANCE,2765,0,2765,3936854.95
CL239779,INE002A01018,RELIANCE,2145,0,2145,6118977.06
CL307841,INE009A01021,INFY,544,237,781,2052851.53
CL256410,INE238A01026,AXISBANK,2504,213,2717,3440358.66
CL823866,INE002A01018,RELIANCE,803,0,803,634299.46
CL620835,INE237A01028,KOTAKBANK,1667,81,1748,4264644.22
CL605805,INE090A01021,ICICIBANK,1649,0,1649,3281588.64
CL118036,INE090A01021,ICICIBANK,1157,225,1382,575747.1
CL432027,INE238A01026,AXISBANK,2716,0,2716,5305796.81
CL694606,INE237A01028,KOTAKBANK,221,98,319,945180.87
CL141612,INE002A01018,RELIANCE,1683,0,1683,2088881.09
CL618352,INE155A01022,TATAMOTORS,1916,0,1916,2410442.62
CL131030,INE009A01021,INFY,2462,0,2462,6173178.1
CL492727,INE237A01028,KOTAKBANK,92,0,92,64179.41
CL716432,INE155A01022,TATAMOTORS,983,0,983,2565603.15
CL241880,INE018A01030,LT,1033,0,1033,1807151.65
CL661640,INE002A01018,RELIANCE,2716,0,2716,6918571.82
CL026022,INE154A01025,ITC,2897,0,2897,7023921.25
CL718390,INE237A01028,KOTAKBANK,2095,0,2095,2903468.0
CL605349,INE002A01018,RELIANCE,2650,0,2650,2108540.37
CL745356,INE237A01028,KOTAKBANK,1690,0,1690,1957029.97
CL476127,INE090A01021,ICICIBANK,1693,0,1693,2726433.25
CL612490,INE238A01026,AXISBANK,495,286,781,1851523.5
CL803218,INE154A01025,ITC,181,111,292,530535.29
CL069216,INE009A01021,INFY,2134,0,2134,1283204.93
CL485347,INE090A01021,ICICIBANK,2615,0,2615,4887182.4
CL025766,INE009A01021,INFY,23,0,23,62889.59
CL222667,INE001A01036,HDFC,2286,0,2286,5630681.11
CL754172,INE154A01025,ITC,354,0,354,701118.75
CL457641,INE237A01028,KOTAKBANK,1034,0,1034,2921397.78
CL907602,INE154A01025,ITC,1189,0,1189,2100751.53
CL485254,INE018A01030,LT,2113,0,2113,2752970.51
CL736391,INE154A01025,ITC,790,0,790,360632.54
CL698133,INE154A01025,ITC,2030,0,2030,5250192.88
CL380071,INE018A01030,LT,3000,44,3044,4149943.44
CL421614,INE002A01018,RELIANCE,2158,0,2158,3384674.59
CL409345,INE090A01021,ICICIBANK,954,0,954,2805726.96
CL971367,INE002A01018,RELIANCE,1726,0,1726,2385183.03
CL228677,INE002A01018,RELIANCE,2274,0,2274,1741117.58
CL501264,INE090A01021,ICICIBANK,1587,0,1587,2871777.68
CL133749,INE155A01022,TATAMOTORS,1805,0,1805,1088002.8
CL040077,INE237A01028,KOTAKBANK,1470,0,1470,1775097.6
CL295779,INE155A01022,TATAMOTORS,1044,0,1044,1995845.86
CL452594,INE002A01018,RELIANCE,177,0,177,45197.5
CL606981,INE002A01018,RELIANCE,2341,0,2341,1514934.44
CL490512,INE001A01036,HDFC,1373,0,1373,2464866.29
CL768906,INE238A01026,AXISBANK,203,0,203,571529.84
CL538388,INE154A01025,ITC,524,0,524,192285.06
CL083161,INE155A01022,TATAMOTORS,1394,152,1546,1821469.35
CL184099,INE009A01021,INFY,2252,0,2252,4028720.59
CL594374,INE237A01028,KOTAKBANK,2450,0,2450,551517.74
CL887233,INE155A01022,TATAMOTORS,2298,0,2298,3760941.66
CL753061,INE238A01026,AXISBANK,1492,0,1492,1845728.84
CL917802,INE237A01028,KOTAKBANK,936,0,936,514756.18
CL601883,INE009A01021,INFY,1315,0,1315,1971501.96
CL244748,INE001A01036,HDFC,415,0,415,288312.36
CL774169,INE009A01021,INFY,1551,0,1551,1281769.91
CL908685,INE009A01021,INFY,2388,0,2388,1618601.87
CL043176,INE155A01022,TATAMOTORS,632,171,803,1978384.47
CL102360,INE154A01025,ITC,2339,0,2339,2418768.98
CL267240,INE155A01022,TATAMOTORS,2391,0,2391,814401.65
CL072298,INE238A01026,AXISBANK,1159,0,1159,2899130.74
CL509445,INE009A01021,INFY,762,0,762,357620.93
CL892592,INE018A01030,LT,683,0,683,1557153.39
CL622206,INE018A01030,LT,1412,76,1488,1098121.67
CL371555,INE238A01026,AXISBANK,616,0,616,694408.69
CL608088,INE238A01026,AXISBANK,1296,0,1296,3652948.54
CL057728,INE238A01026,AXISBANK,2990,0,2990,1894584.62
CL818952,INE154A01025,ITC,2726,165,2891,2991568.25
CL368900,INE018A01030,LT,1514,0,1514,1897839.42
CL038716,INE009A01021,INFY,237,41,278,748669.25
CL256440,INE090A01021,ICICIBANK,2221,184,2405,1598142.57
CL595867,INE154A01025,ITC,238,0,238,128897.86
CL897947,INE090A01021,ICICIBANK,2747,172,2919,3279441.23
CL050942,INE237A01028,KOTAKBANK,1721,0,1721,3668409.18
CL971240,INE018A01030,LT,515,276,791,649518.77
CL512633,INE062A01020,SBIN,145,0,145,51086.24
CL222911,INE062A01020,SBIN,1127,0,1127,1355045.25
CL879479,INE155A01022,TATAMOTORS,606,0,606,298045.53
CL005787,INE154A01025,ITC,1095,0,1095,2434567.8
CL667339,INE018A01030,LT,2532,132,2664,7238752.6
CL516297,INE090A01021,ICICIBANK,1962,0,1962,3777906.55
CL607667,INE155A01022,TATAMOTORS,2101,0,2101,4413080.17
CL684277,INE002A01018,RELIANCE,1538,0,1538,4245725.56
CL903077,INE238A01026,AXISBANK,1532,142,1674,3903559.27
CL899426,INE018A01030,LT,1085,38,1123,1429738.95
CL618232,INE018A01030,LT,1924,0,1924,3771151.01
CL988043,INE001A01036,HDFC,2728,0,2728,4406272.36
CL108379,INE155A01022,TATAMOTORS,2059,0,2059,1226369.15
CL846395,INE238A01026,AXISBANK,462,0,462,495878.44
CL705653,INE001A01036,HDFC,1569,241,1810,3163991.36
CL922867,INE062A01020,SBIN,1937,0,1937,1813520.11
CL533100,INE154A01025,ITC,126,0,126,230633.69
CL727110,INE237A01028,KOTAKBANK,1054,0,1054,232123.51
CL471926,INE090A01021,ICICIBANK,1357,290,1647,2812712.63
CL199130,INE001A01036,HDFC,150,0,150,248424.24
CL824875,INE155A01022,TATAMOTORS,1901,23,1924,5438554.04
CL272642,INE238A01026,AXISBANK,306,0,306,289530.18
CL736275,INE154A01025,ITC,1130,0,1130,3269335.53
CL640978,INE002A01018,RELIANCE,239,0,239,456533.71
CL456614,INE009A01021,INFY,323,0,323,342675.32
CL154810,INE009A01021,INFY,1741,0,1741,3740427.09
CL434479,INE154A01025,ITC,1048,0,1048,1559868.2
CL785288,INE090A01021,ICICIBANK,231,0,231,478002.66
CL810322,INE237A01028,KOTAKBANK,2763,274,3037,6676947.84
CL336065,INE238A01026,AXISBANK,608,0,608,1501861.83
CL900278,INE237A01028,KOTAKBANK,92,0,92,171316.49
CL638089,INE009A01021,INFY,2590,21,2611,6432832.39
CL137169,INE009A01021,INFY,679,0,679,1906355.98
CL678747,INE237A01028,KOTAKBANK,831,277,1108,973709.9
CL313561,INE018A01030,LT,1753,0,1753,451035.92
CL627526,INE155A01022,TATAMOTORS,558,0,558,387101.32
CL598656,INE238A01026,AXISBANK,2567,0,2567,3030869.01
CL589064,INE154A01025,ITC,2036,0,2036,4021188.61
CL505185,INE002A01018,RELIANCE,710,0,710,694033.22
CL308090,INE018A01030,LT,2921,269,3190,8531499.39
CL977023,INE009A01021,INFY,179,0,179,132115.24
CL224412,INE237A01028,KOTAKBANK,2253,230,2483,6131386.7
CL268930,INE001A01036,HDFC,2856,135,2991,2206436.31
CL939354,INE238A01026,AXISBANK,1801,0,1801,1036617.48
CL045934,INE155A01022,TATAMOTORS,1940,128,2068,1423525.9
CL913838,INE090A01021,ICICIBANK,1259,0,1259,293896.94
CL166689,INE002A01018,RELIANCE,947,0,947,1626137.24
CL613095,INE018A01030,LT,500,0,500,1394138.62
CL915723,INE090A01021,ICICIBANK,395,0,395,1057295.33
CL388662,INE155A01022,TATAMOTORS,467,0,467,521797.46
CL264978,INE237A01028,KOTAKBANK,2326,0,2326,3448767.12
CL259973,INE001A01036,HDFC,2521,0,2521,5066715.89
CL723780,INE062A01020,SBIN,1185,0,1185,1532503.21
CL502663,INE062A01020,SBIN,607,0,607,426266.67
CL784770,INE002A01018,RELIANCE,2703,0,2703,7580010.94
CL788071,INE018A01030,LT,1652,0,1652,4175235.35
CL034764,INE155A01022,TATAMOTORS,968,0,968,833444.08
CL916879,INE090A01021,ICICIBANK,313,0,313,148626.16
CL126556,INE155A01022,TATAMOTORS,712,105,817,1894950.27
CL311025,INE018A01030,LT,2527,0,2527,2413065.24
CL492184,INE009A01021,INFY,254,263,517,619310.08
CL919807,INE062A01020,SBIN,735,0,735,1851729.83
CL270898,INE062A01020,SBIN,2518,0,2518,3103490.21
CL272856,INE018A01030,LT,1692,0,1692,2701781.62
CL819330,INE237A01028,KOTAKBANK,951,0,951,532962.72
CL271890,INE154A01025,ITC,632,0,632,1549044.9
CL745942,INE018A01030,LT,304,0,304,615701.12
CL620021,INE238A01026,AXISBANK,1660,0,1660,1399933.86
CL429911,INE018A01030,LT,955,0,955,2856873.63
CL193515,INE062A01020,SBIN,523,0,523,785447.58
CL218417,INE237A01028,KOTAKBANK,1519,0,1519,4147828.52
CL038774,INE154A01025,ITC,1654,0,1654,327617.66
CL952802,INE001A01036,HDFC,2348,0,2348,6711041.33
CL247138,INE062A01020,SBIN,1751,33,1784,4323730.14
CL096589,INE237A01028,KOTAKBANK,172,0,172,363653.34
CL342285,INE009A01021,INFY,1497,0,1497,1075701.51
CL774955,INE001A01036,HDFC,2499,4,2503,3073086.28
CL841743,INE237A01028,KOTAKBANK,66,0,66,191590.51
CL284574,INE238A01026,AXISBANK,1027,0,1027,1922025.07
CL257072,INE155A01022,TATAMOTORS,2646,0,2646,5323737.16
CL008788,INE154A01025,ITC,1165,0,1165,3429319.81
CL261219,INE001A01036,HDFC,2174,0,2174,398834.43
CL066991,INE062A01020,SBIN,657,265,922,183658.19
CL435832,INE002A01018,RELIANCE,1383,0,1383,2479860.68
CL131930,INE237A01028,KOTAKBANK,2969,0,2969,1558177.07
CL444509,INE001A01036,HDFC,2403,0,2403,2273420.09
CL581971,INE001A01036,HDFC,1466,0,1466,3803877.26
CL949254,INE154A01025,ITC,785,0,785,1454788.53
CL845614,INE090A01021,ICICIBANK,1639,184,1823,1461196.92
CL859409,INE237A01028,KOTAKBANK,1829,0,1829,4066811.87
CL830085,INE090A01021,ICICIBANK,594,0,594,1053874.32
CL054424,INE237A01028,KOTAKBANK,1836,0,1836,522850.27
CL460798,INE001A01036,HDFC,289,0,289,780470.15
CL773167,INE090A01021,ICICIBANK,619,0,619,1739988.2
CL012618,INE090A01021,ICICIBANK,2692,63,2755,3948260.18
CL735956,INE062A01020,SBIN,123,0,123,258057.08
CL842145,INE018A01030,LT,835,44,879,2360428.23
CL728618,INE155A01022,TATAMOTORS,2014,4,2018,4844594.29
CL468020,INE009A01021,INFY,1493,0,1493,4332667.09
CL671376,INE155A01022,TATAMOTORS,1202,0,1202,541318.62
CL553717,INE009A01021,INFY,255,70,325,223400.53
CL410814,INE090A01021,ICICIBANK,89,0,89,235760.11
CL561249,INE090A01021,ICICIBANK,1195,187,1382,1998244.26
CL650457,INE238A01026,AXISBANK,1647,0,1647,1678061.53
CL371493,INE154A01025,ITC,533,29,562,690842.89
CL977517,INE154A01025,ITC,980,0,980,2143498.2
CL688662,INE009A01021,INFY,112,0,112,259511.69
CL925412,INE001A01036,HDFC,2631,0,2631,1500163.86
CL583077,INE154A01025,ITC,232,0,232,489465.3
CL898305,INE009A01021,INFY,414,0,414,319121.66
CL756913,INE001A01036,HDFC,1380,0,1380,3609121.94
CL626093,INE018A01030,LT,2794,262,3056,5394890.68
CL931914,INE238A01026,AXISBANK,1254,0,1254,469937.32
CL869986,INE155A01022,TATAMOTORS,761,0,761,1614814.03
CL387673,INE155A01022,TATAMOTORS,2674,0,2674,6654125.92
CL162398,INE238A01026,AXISBANK,1558,0,1558,4048238.47
CL024073,INE090A01021,ICICIBANK,1344,0,1344,3603302.38
CL658298,INE001A01036,HDFC,1355,0,1355,2475636.88
CL887224,INE154A01025,ITC,767,0,767,1119800.82
CL016118,INE090A01021,ICICIBANK,863,0,863,203458.24
CL324203,INE155A01022,TATAMOTORS,709,0,709,940218.33
CL519580,INE154A01025,ITC,562,0,562,905067.29
CL017445,INE155A01022,TATAMOTORS,296,0,296,147032.45
CL459575,INE155A01022,TATAMOTORS,1874,0,1874,3331206.23
CL249410,INE090A01021,ICICIBANK,1422,92,1514,1017176.99
CL286742,INE009A01021,INFY,2204,212,2416,5382804.83
CL447536,INE237A01028,KOTAKBANK,441,0,441,1235106.85
CL432527,INE001A01036,HDFC,1031,0,1031,647932.34
CL024255,INE237A01028,KOTAKBANK,710,0,710,434861.14
CL109801,INE155A01022,TATAMOTORS,2131,0,2131,2624121.06
CL725901,INE154A01025,ITC,1260,0,1260,827941.23
CL986037,INE001A01036,HDFC,1613,0,1613,2736537.96
CL262462,INE062A01020,SBIN,2899,0,2899,7310260.8
CL821498,INE090A01021,ICICIBANK,1493,0,1493,2512544.39
CL577698,INE009A01021,INFY,1375,167,1542,438227.53
CL492281,INE001A01036,HDFC,2677,0,2677,7649075.45
CL602441,INE155A01022,TATAMOTORS,382,0,382,247199.91
CL624629,INE009A01021,INFY,225,142,367,352035.84
CL012803,INE002A01018,RELIANCE,942,0,942,277699.28
CL281614,INE018A01030,LT,84,161,245,547631.27
CL897108,INE001A01036,HDFC,359,0,359,985163.42
CL961378,INE154A01025,ITC,661,0,661,498755.93
CL981024,INE090A01021,ICICIBANK,1180,0,1180,1402670.47
CL710000,INE155A01022,TATAMOTORS,808,268,1076,3059355.84
CL820118,INE062A01020,SBIN,1268,83,1351,3660698.81
CL987159,INE090A01021,ICICIBANK,1735,0,1735,462092.94
CL780811,INE155A01022,TATAMOTORS,2516,269,2785,2010656.55
CL957748,INE155A01022,TATAMOTORS,547,0,547,1400931.08
CL934814,INE018A01030,LT,1691,0,1691,4652876.87
CL476760,INE154A01025,ITC,1174,254,1428,1603278.56
CL914438,INE002A01018,RELIANCE,1303,0,1303,1906437.37
CL884901,INE154A01025,ITC,2684,0,2684,7140920.7
CL823927,INE001A01036,HDFC,1834,0,1834,5213914.09
CL909207,INE237A01028,KOTAKBANK,1295,249,1544,668789.52
CL573850,INE062A01020,SBIN,768,0,768,384098.54
CL184110,INE018A01030,LT,258,0,258,561439.32
CL533549,INE154A01025,ITC,1506,298,1804,2933206.39
CL594722,INE062A01020,SBIN,2099,0,2099,3219361.5
CL842022,INE062A01020,SBIN,1580,0,1580,4336863.13
CL049294,INE062A01020,SBIN,987,0,987,2360702.83
CL161962,INE237A01028,KOTAKBANK,101,182,283,213582.16
CL833429,INE090A01021,ICICIBANK,816,0,816,718795.12
CL674206,INE009A01021,INFY,1430,0,1430,3203954.35
CL186617,INE018A01030,LT,1602,0,1602,423742.76
CL560988,INE238A01026,AXISBANK,1311,0,1311,1813627.37
CL229774,INE237A01028,KOTAKBANK,439,0,439,891657.28
CL032471,INE090A01021,ICICIBANK,2383,0,2383,5395324.47
CL331505,INE155A01022,TATAMOTORS,820,240,1060,1692580.06
CL328866,INE062A01020,SBIN,2518,0,2518,3149984.19
CL275890,INE062A01020,SBIN,2495,0,2495,6153168.43
CL988218,INE090A01021,ICICIBANK,2446,0,2446,5457580.19
CL660136,INE237A01028,KOTAKBANK,2983,0,2983,7481123.74
CL186951,INE090A01021,ICICIBANK,1024,192,1216,867994.98
CL249006,INE090A01021,ICICIBANK,2652,0,2652,1210339.91
CL360833,INE002A01018,RELIANCE,1588,0,1588,3359088.45
CL199931,INE002A01018,RELIANCE,957,0,957,416532.07
CL205408,INE237A01028,KOTAKBANK,2979,0,2979,1468044.48
CL955607,INE009A01021,INFY,223,0,223,316829.72
CL119401,INE090A01021,ICICIBANK,2340,0,2340,5997270.4
CL146757,INE237A01028,KOTAKBANK,2645,113,2758,1913966.37
CL931063,INE062A01020,SBIN,1731,0,1731,2567266.6
CL578456,INE018A01030,LT,957,0,957,223472.9
CL457692,INE090A01021,ICICIBANK,2401,0,2401,3064576.91
CL635873,INE238A01026,AXISBANK,2429,0,2429,1957325.28
CL273700,INE062A01020,SBIN,1266,0,1266,3791002.72
CL386368,INE237A01028,KOTAKBANK,728,0,728,890143.07
CL228929,INE002A01018,RELIANCE,2934,0,2934,6877390.87
CL960755,INE001A01036,HDFC,1795,0,1795,843344.74
CL812877,INE009A01021,INFY,211,0,211,579112.94
CL353476,INE238A01026,AXISBANK,1351,247,1598,2826379.51
CL134469,INE018A01030,LT,2258,124,2382,3898678.69
CL865761,INE001A01036,HDFC,274,0,274,355437.57
CL356681,INE001A01036,HDFC,702,0,702,169620.78
CL351726,INE155A01022,TATAMOTORS,2650,281,2931,8200450.74
CL798609,INE062A01020,SBIN,242,0,242,272232.94
CL847201,INE238A01026,AXISBANK,691,268,959,2633946.11
CL142892,INE001A01036,HDFC,2321,39,2360,2439730.66
CL845231,INE018A01030,LT,1930,0,1930,902678.73
CL217687,INE238A01026,AXISBANK,233,0,233,85453.93
CL428320,INE001A01036,HDFC,1981,0,1981,4831786.46
CL004392,INE238A01026,AXISBANK,1386,0,1386,969937.78
CL438269,INE155A01022,TATAMOTORS,1994,0,1994,2890038.32
CL020784,INE238A01026,AXISBANK,2036,170,2206,1874536.9
CL077837,INE154A01025,ITC,1162,0,1162,2406092.08
CL557190,INE002A01018,RELIANCE,2104,0,2104,1328185.38
CL058703,INE002A01018,RELIANCE,1781,175,1956,5626541.99
CL888699,INE018A01030,LT,2140,0,2140,4215932.91
CL169681,INE155A01022,TATAMOTORS,538,0,538,194703.91
CL065115,INE062A01020,SBIN,41,0,41,119018.11
CL544851,INE238A01026,AXISBANK,1573,0,1573,3944105.28
CL560782,INE154A01025,ITC,325,0,325,720492.92
CL956610,INE238A01026,AXISBANK,107,288,395,41203.78
CL364951,INE062A01020,SBIN,1785,223,2008,5114639.72
CL499162,INE062A01020,SBIN,2152,0,2152,2142351.31
CL755977,INE155A01022,TATAMOTORS,97,0,97,272076.98
CL208899,INE018A01030,LT,538,120,658,1044241.23
CL640819,INE090A01021,ICICIBANK,2023,0,2023,4598058.07
CL524938,INE062A01020,SBIN,1289,0,1289,1369110.49
CL903462,INE009A01021,INFY,178,0,178,18735.98
CL399958,INE009A01021,INFY,2053,0,2053,319283.45
CL640780,INE062A01020,SBIN,151,0,151,262866.32
CL687121,INE018A01030,LT,955,0,955,2001765.68
CL624148,INE062A01020,SBIN,2543,0,2543,1718395.64
CL101517,INE155A01022,TATAMOTORS,298,0,298,819495.71
CL576430,INE237A01028,KOTAKBANK,1914,0,1914,2733044.32
CL354209,INE001A01036,HDFC,2036,278,2314,1645574.57
CL631693,INE090A01021,ICICIBANK,1699,146,1845,5455328.99
CL968169,INE090A01021,ICICIBANK,502,281,783,1550289.07
CL476526,INE002A01018,RELIANCE,992,132,1124,2669666.21
CL890753,INE237A01028,KOTAKBANK,1272,0,1272,2948897.97
CL758651,INE237A01028,KOTAKBANK,1390,0,1390,2334651.39
CL368971,INE002A01018,RELIANCE,381,0,381,966857.45
CL530703,INE002A01018,RELIANCE,991,200,1191,2536571.81
CL542488,INE062A01020,SBIN,2581,0,2581,6885790.16
CL548324,INE009A01021,INFY,1963,0,1963,1285752.08
CL615819,INE155A01022,TATAMOTORS,2296,0,2296,5123160.98
CL682017,INE155A01022,TATAMOTORS,435,0,435,457854.52
CL823698,INE237A01028,KOTAKBANK,2264,0,2264,5133416.51
CL374551,INE002A01018,RELIANCE,284,0,284,748168.85
CL469506,INE009A01021,INFY,2719,0,2719,2987134.7
CL659201,INE062A01020,SBIN,1087,0,1087,297778.55
CL729137,INE062A01020,SBIN,533,0,533,462200.53
CL439254,INE018A01030,LT,2153,0,2153,2297899.7
CL691787,INE018A01030,LT,2880,69,2949,2338430.14
CL616576,INE001A01036,HDFC,1196,0,1196,390687.83
CL432515,INE237A01028,KOTAKBANK,2291,37,2328,5988749.33
CL489103,INE002A01018,RELIANCE,2711,38,2749,987164.14
CL468709,INE154A01025,ITC,23,0,23,64064.39
CL543661,INE090A01021,ICICIBANK,1238,0,1238,248858.83
CL590193,INE238A01026,AXISBANK,1508,37,1545,1690509.38
CL567220,INE238A01026,AXISBANK,2778,0,2778,5589652.32
CL948553,INE002A01018,RELIANCE,44,0,44,34792.07
CL418421,INE154A01025,ITC,794,0,794,490457.45
CL292517,INE155A01022,TATAMOTORS,1,0,1,1095.94
CL151066,INE001A01036,HDFC,773,0,773,2272577.72
CL855722,INE238A01026,AXISBANK,882,0,882,1410669.89
CL703458,INE238A01026,AXISBANK,439,0,439,302924.99
CL647424,INE009A01021,INFY,919,0,919,2214652.79
CL739569,INE238A01026,AXISBANK,1923,0,1923,617544.35
CL775760,INE002A01018,RELIANCE,1531,0,1531,2424723.81
CL034064,INE001A01036,HDFC,1118,0,1118,1160240.21
CL698539,INE062A01020,SBIN,9,0,9,2615.55
CL213249,INE154A01025,ITC,2953,0,2953,2601926.93
CL857690,INE001A01036,HDFC,2886,111,2997,1332791.26
CL149116,INE009A01021,INFY,2886,0,2886,1290104.79
CL491549,INE154A01025,ITC,32,0,32,90885.07
CL626762,INE154A01025,ITC,1899,0,1899,1513646.4
CL514147,INE001A01036,HDFC,2025,0,2025,4968479.14
CL763468,INE002A01018,RELIANCE,252,0,252,149187.55
CL268506,INE009A01021,INFY,1977,0,1977,1601256.89
CL532335,INE237A01028,KOTAKBANK,1634,0,1634,1661136.84
CL485097,INE155A01022,TATAMOTORS,847,0,847,562849.27
CL300190,INE002A01018,RELIANCE,510,0,510,821559.76
CL177793,INE018A01030,LT,395,138,533,1402679.5
CL385881,INE155A01022,TATAMOTORS,1270,0,1270,3491369.41
CL544389,INE001A01036,HDFC,1800,0,1800,2967952.32
CL345950,INE002A01018,RELIANCE,2810,0,2810,7722563.91
CL845106,INE238A01026,AXISBANK,2564,0,2564,2483744.04
CL941309,INE154A01025,ITC,1757,224,1981,2413863.48
CL435984,INE002A01018,RELIANCE,1478,0,1478,2487721.8
CL825555,INE001A01036,HDFC,1848,0,1848,4402954.43
CL124428,INE238A01026,AXISBANK,2175,0,2175,5330910.88
CL512857,INE018A01030,LT,2799,0,2799,5770964.26
CL968936,INE155A01022,TATAMOTORS,825,196,1021,755497.52
CL968149,INE154A01025,ITC,1097,0,1097,1205102.9
CL023232,INE009A01021,INFY,210,30,240,488460.96
CL482744,INE090A01021,ICICIBANK,136,0,136,351209.09
CL728250,INE090A01021,ICICIBANK,659,0,659,718143.15
CL155822,INE154A01025,ITC,2931,0,2931,5135619.6
CL905368,INE238A01026,AXISBANK,302,0,302,815672.86
CL396693,INE155A01022,TATAMOTORS,1254,0,1254,3048903.77
CL651994,INE155A01022,TATAMOTORS,2961,22,2983,2683833.75
CL037834,INE062A01020,SBIN,1481,102,1583,3441327.86
CL746532,INE237A01028,KOTAKBANK,1514,0,1514,3453760.78
CL511103,INE018A01030,LT,431,233,664,1123767.1
CL953763,INE009A01021,INFY,125,150,275,269122.32
CL860358,INE154A01025,ITC,1061,0,1061,1979661.12
CL938772,INE154A01025,ITC,2704,0,2704,6484497.1
CL358939,INE154A01025,ITC,1224,0,1224,1602559.91
CL052814,INE018A01030,LT,2715,0,2715,7317485.97
CL489496,INE001A01036,HDFC,2709,0,2709,1180814.82
CL892264,INE002A01018,RELIANCE,2582,0,2582,3872007.97
CL723237,INE155A01022,TATAMOTORS,2606,0,2606,3079098.16
CL844128,INE018A01030,LT,929,0,929,1174338.63
CL669784,INE154A01025,ITC,194,176,370,828065.32
CL897571,INE002A01018,RELIANCE,2151,0,2151,2939832.55
CL346053,INE002A01018,RELIANCE,619,0,619,1198413.05
CL714605,INE090A01021,ICICIBANK,2655,157,2812,3933707.44
CL847169,INE009A01021,INFY,1117,0,1117,1631173.35
CL460697,INE154A01025,ITC,2609,0,2609,7272098.81
CL333061,INE154A01025,ITC,2943,0,2943,6910008.71
CL402734,INE002A01018,RELIANCE,1359,298,1657,4761773.37
CL916820,INE154A01025,ITC,2070,0,2070,2788619.87
CL681305,INE009A01021,INFY,2062,0,2062,690268.81
CL457439,INE237A01028,KOTAKBANK,797,0,797,1562780.61
CL386628,INE062A01020,SBIN,1516,0,1516,1234780.99
CL200810,INE238A01026,AXISBANK,2719,0,2719,973354.33
CL932842,INE155A01022,TATAMOTORS,1705,0,1705,791046.45
CL978094,INE002A01018,RELIANCE,1635,0,1635,4396765.67
CL658683,INE062A01020,SBIN,2287,0,2287,1732963.0
CL459083,INE002A01018,RELIANCE,1076,112,1188,3443169.77
CL906925,INE237A01028,KOTAKBANK,2508,0,2508,1873543.97
CL120664,INE238A01026,AXISBANK,1969,0,1969,491308.57
CL682833,INE001A01036,HDFC,696,0,696,1504660.96
CL020404,INE018A01030,LT,2618,293,2911,8005705.16
CL302867,INE155A01022,TATAMOTORS,1761,0,1761,308918.73
CL201553,INE154A01025,ITC,2253,0,2253,6203853.66
CL979991,INE018A01030,LT,137,0,137,341797.95
CL693515,INE002A01018,RELIANCE,1984,142,2126,4029955.23
CL927248,INE237A01028,KOTAKBANK,159,6,165,355475.56
CL064301,INE154A01025,ITC,1195,0,1195,335475.19
CL067200,INE155A01022,TATAMOTORS,1808,0,1808,347525.06
CL022074,INE154A01025,ITC,304,0,304,678200.94
CL493875,INE062A01020,SBIN,2785,0,2785,5729935.29
CL460389,INE001A01036,HDFC,621,0,621,1756431.75
CL762437,INE001A01036,HDFC,1728,0,1728,2967077.3
CL303928,INE001A01036,HDFC,460,0,460,1138476.4
CL632898,INE237A01028,KOTAKBANK,1700,0,1700,3963955.51
CL947504,INE001A01036,HDFC,545,0,545,1609550.57
CL170094,INE154A01025,ITC,128,0,128,209147.76
CL306916,INE154A01025,ITC,1548,196,1744,4655635.33
CL728006,INE155A01022,TATAMOTORS,2197,0,2197,5666929.12
CL164766,INE009A01021,INFY,2427,0,2427,3185173.63
CL150762,INE154A01025,ITC,2021,0,2021,409127.03
CL903271,INE018A01030,LT,814,137,951,2479650.66
CL663537,INE237A01028,KOTAKBANK,2567,0,2567,7259290.23
CL676861,INE002A01018,RELIANCE,2637,254,2891,7477246.99
CL741969,INE238A01026,AXISBANK,349,0,349,446060.0
CL631977,INE154A01025,ITC,1289,2,1291,2585426.78
CL558638,INE062A01020,SBIN,2754,0,2754,2448276.76
CL682144,INE155A01022,TATAMOTORS,998,0,998,2156545.67
CL398752,INE238A01026,AXISBANK,438,0,438,781265.14
CL523719,INE001A01036,HDFC,1852,0,1852,210035.31
CL164967,INE155A01022,TATAMOTORS,2819,0,2819,5773936.39
CL943462,INE238A01026,AXISBANK,1530,218,1748,1669848.79
CL311130,INE155A01022,TATAMOTORS,1140,0,1140,792555.65
CL047453,INE001A01036,HDFC,2371,0,2371,5699400.62
CL017778,INE238A01026,AXISBANK,2144,0,2144,2367186.75
CL268406,INE062A01020,SBIN,1150,0,1150,2643724.61
CL201917,INE237A01028,KOTAKBANK,318,0,318,926629.55
CL169571,INE018A01030,LT,826,0,826,2234670.83
CL209058,INE009A01021,INFY,1559,0,1559,3528220.3
CL621419,INE009A01021,INFY,1896,0,1896,2342851.35
CL950226,INE238A01026,AXISBANK,1621,0,1621,3307586.62
CL452905,INE155A01022,TATAMOTORS,1798,0,1798,2580874.6
CL476064,INE155A01022,TATAMOTORS,1423,0,1423,3019013.74
CL656039,INE155A01022,TATAMOTORS,1310,0,1310,2784616.07
CL538542,INE062A01020,SBIN,2114,0,2114,885484.22
CL233520,INE155A01022,TATAMOTORS,1600,0,1600,4693509.17
CL363838,INE018A01030,LT,392,0,392,1139873.9
CL453460,INE018A01030,LT,1225,0,1225,520704.62
CL708141,INE018A01030,LT,1359,0,1359,935396.59
CL911293,INE238A01026,AXISBANK,2697,0,2697,6463976.76
CL725784,INE154A01025,ITC,2309,0,2309,2617551.53
CL128847,INE009A01021,INFY,193,0,193,475641.88
CL840214,INE237A01028,KOTAKBANK,467,0,467,887767.73
CL966575,INE237A01028,KOTAKBANK,1464,0,1464,2630694.31
CL906660,INE018A01030,LT,2253,0,2253,6440679.15
CL275487,INE009A01021,INFY,763,0,763,2259130.12
CL940200,INE154A01025,ITC,389,0,389,782649.08
CL504972,INE018A01030,LT,816,0,816,483138.95
CL334163,INE238A01026,AXISBANK,2834,0,2834,823766.16
CL849878,INE237A01028,KOTAKBANK,1920,0,1920,881445.62
CL985213,INE062A01020,SBIN,2734,0,2734,7188150.25
CL810130,INE090A01021,ICICIBANK,1068,0,1068,570613.03
CL040547,INE018A01030,LT,1823,0,1823,1445423.47
CL902510,INE154A01025,ITC,1415,0,1415,1107603.88
CL412056,INE001A01036,HDFC,2240,95,2335,425069.56
CL225364,INE237A01028,KOTAKBANK,2447,0,2447,4203666.55
CL010240,INE237A01028,KOTAKBANK,884,0,884,1434366.94
CL300632,INE002A01018,RELIANCE,2941,0,2941,5234420.66
CL706365,INE002A01018,RELIANCE,2534,0,2534,6812068.36
CL107013,INE237A01028,KOTAKBANK,263,0,263,623594.9
CL274567,INE002A01018,RELIANCE,1258,50,1308,852513.45
CL259870,INE238A01026,AXISBANK,1315,0,1315,2509866.31
CL122040,INE238A01026,AXISBANK,2651,0,2651,1047003.47
CL490723,INE001A01036,HDFC,1926,0,1926,608901.12
CL570107,INE155A01022,TATAMOTORS,10,0,10,20804.38
CL771081,INE009A01021,INFY,970,0,970,708006.76
CL570580,INE155A01022,TATAMOTORS,82,0,82,27623.57
CL680079,INE001A01036,HDFC,1814,151,1965,1907308.13
CL460357,INE237A01028,KOTAKBANK,2309,59,2368,3038388.27
CL696449,INE009A01021,INFY,1365,0,1365,4074910.83
CL727924,INE237A01028,KOTAKBANK,2447,0,2447,1143367.07
CL950975,INE155A01022,TATAMOTORS,1942,38,1980,4944765.26
CL412043,INE002A01018,RELIANCE,162,0,162,203808.83
CL593082,INE154A01025,ITC,871,0,871,1008477.49
CL081506,INE062A01020,SBIN,402,40,442,784826.92
CL490700,INE155A01022,TATAMOTORS,131,0,131,284644.17
CL030068,INE062A01020,SBIN,2294,0,2294,2636163.18
CL930233,INE009A01021,INFY,1120,0,1120,2579709.21
CL155927,INE237A01028,KOTAKBANK,706,0,706,619651.91
CL590187,INE237A01028,KOTAKBANK,2767,0,2767,1644297.16
CL421396,INE001A01036,HDFC,778,0,778,1505948.3
CL513391,INE009A01021,INFY,622,0,622,683363.49
CL121977,INE090A01021,ICICIBANK,1443,0,1443,3192354.92
CL715419,INE155A01022,TATAMOTORS,1574,0,1574,342865.07
CL412454,INE009A01021,INFY,735,0,735,1350008.65
CL440923,INE018A01030,LT,1334,0,1334,2218219.9
CL612357,INE155A01022,TATAMOTORS,181,222,403,1002539.61
CL294785,INE090A01021,ICICIBANK,1949,0,1949,4449208.85
CL090045,INE155A01022,TATAMOTORS,1807,0,1807,3267785.47
CL023765,INE090A01021,ICICIBANK,28,208,236,69754.93
CL815213,INE237A01028,KOTAKBANK,1331,161,1492,3851107.81
CL872531,INE018A01030,LT,2683,0,2683,4494146.85
CL811719,INE237A01028,KOTAKBANK,1249,0,1249,1975587.21
CL504726,INE238A01026,AXISBANK,2361,0,2361,1664089.84
CL252861,INE001A01036,HDFC,1811,9,1820,1915375.56
CL057129,INE062A01020,SBIN,2951,14,2965,2487422.81
CL428997,INE009A01021,INFY,2994,0,2994,4741228.68
CL295843,INE002A01018,RELIANCE,1497,216,1713,4868042.8
CL703573,INE002A01018,RELIANCE,527,0,527,1031126.03
CL971187,INE062A01020,SBIN,578,0,578,1662592.37
CL289191,INE018A01030,LT,317,0,317,863715.86
CL944184,INE009A01021,INFY,1370,0,1370,4029983.13
CL320376,INE062A01020,SBIN,912,0,912,146914.01
CL938965,INE018A01030,LT,1512,89,1601,3241999.34
CL020311,INE002A01018,RELIANCE,2443,0,2443,3402130.69
CL646312,INE238A01026,AXISBANK,2049,0,2049,3720550.95
CL615257,INE237A01028,KOTAKBANK,2495,0,2495,373105.15
CL997183,INE090A01021,ICICIBANK,658,0,658,1477530.6
CL573698,INE237A01028,KOTAKBANK,2880,0,2880,1593550.43
CL925006,INE009A01021,INFY,1216,0,1216,2744490.08
CL300020,INE238A01026,AXISBANK,1774,0,1774,905223.59
CL381009,INE062A01020,SBIN,1248,0,1248,1786075.3
CL293969,INE154A01025,ITC,1570,0,1570,2602483.74
CL474871,INE238A01026,AXISBANK,1072,0,1072,1387534.82
CL961617,INE154A01025,ITC,2169,0,2169,4679564.77
CL334414,INE009A01021,INFY,2384,0,2384,685450.16
CL453300,INE001A01036,HDFC,780,0,780,673825.85
CL370753,INE238A01026,AXISBANK,2411,0,2411,1332163.3
CL442946,INE155A01022,TATAMOTORS,935,119,1054,1022098.44
CL986985,INE154A01025,ITC,1041,0,1041,1333039.94
CL952376,INE238A01026,AXISBANK,650,0,650,565484.15
CL603198,INE154A01025,ITC,1173,272,1445,2213880.21
CL114780,INE001A01036,HDFC,2148,0,2148,933131.58
CL500653,INE155A01022,TATAMOTORS,2559,0,2559,5584902.88
CL421359,INE155A01022,TATAMOTORS,544,0,544,271256.39
CL794379,INE090A01021,ICICIBANK,33,259,292,101944.54
CL270200,INE002A01018,RELIANCE,2862,59,2921,7751456.19
CL803304,INE002A01018,RELIANCE,2034,0,2034,2752917.21
CL113017,INE237A01028,KOTAKBANK,813,0,813,1781548.96
CL998257,INE154A01025,ITC,1604,196,1800,4322786.21
CL590446,INE155A01022,TATAMOTORS,2792,227,3019,5374965.4
CL169730,INE090A01021,ICICIBANK,282,0,282,383942.06
CL258646,INE090A01021,ICICIBANK,1593,0,1593,4661520.89
CL625774,INE090A01021,ICICIBANK,1039,0,1039,1303648.92
CL360354,INE090A01021,ICICIBANK,1434,0,1434,2764627.67
CL450263,INE018A01030,LT,2877,253,3130,7252286.08
CL622847,INE238A01026,AXISBANK,1586,0,1586,585702.59
CL150353,INE002A01018,RELIANCE,1276,0,1276,2687542.53
CL937942,INE002A01018,RELIANCE,1861,132,1993,5718482.79
CL279849,INE090A01021,ICICIBANK,1692,0,1692,3604412.32
CL995728,INE155A01022,TATAMOTORS,1376,0,1376,2925157.16
CL831722,INE018A01030,LT,312,0,312,129475.02
CL670380,INE018A01030,LT,669,0,669,1023388.26
CL670719,INE062A01020,SBIN,2190,0,2190,1561057.82
CL295931,INE238A01026,AXISBANK,1479,0,1479,2703049.12
CL791932,INE155A01022,TATAMOTORS,2657,248,2905,1947923.25
CL098968,INE154A01025,ITC,1738,0,1738,5057937.48
CL367672,INE238A01026,AXISBANK,491,120,611,747583.81
CL015071,INE238A01026,AXISBANK,233,0,233,87821.04
CL155585,INE018A01030,LT,1078,0,1078,2848973.46
CL919744,INE090A01021,ICICIBANK,340,0,340,650218.22
CL033575,INE001A01036,HDFC,280,0,280,72714.94
CL907064,INE238A01026,AXISBANK,1481,0,1481,947670.71
CL460468,INE238A01026,AXISBANK,2486,0,2486,1217265.11
CL678127,INE155A01022,TATAMOTORS,610,0,610,694963.02
CL131740,INE090A01021,ICICIBANK,2011,0,2011,4545899.05
CL547030,INE001A01036,HDFC,2932,0,2932,1422529.49
CL938200,INE154A01025,ITC,2731,125,2856,6615047.39
CL514507,INE154A01025,ITC,2118,0,2118,4352331.14
CL762545,INE154A01025,ITC,1695,0,1695,2882787.56
CL837134,INE009A01021,INFY,1551,0,1551,2414186.78
CL715840,INE238A01026,AXISBANK,1950,0,1950,2261879.06
CL112456,INE018A01030,LT,1419,0,1419,189364.14
CL263421,INE154A01025,ITC,2826,0,2826,6922478.43
CL187732,INE237A01028,KOTAKBANK,2166,0,2166,5034102.99
CL325463,INE154A01025,ITC,2483,0,2483,7354176.77
CL700263,INE238A01026,AXISBANK,1683,0,1683,1699550.56
CL575930,INE009A01021,INFY,789,0,789,88527.39
CL515527,INE154A01025,ITC,1551,0,1551,2435936.4
CL279865,INE237A01028,KOTAKBANK,303,118,421,1202498.69
CL144237,INE001A01036,HDFC,2729,0,2729,3307775.05
CL282267,INE002A01018,RELIANCE,1310,0,1310,1415193.38
CL230035,INE062A01020,SBIN,1524,199,1723,3193067.16
CL325262,INE001A01036,HDFC,133,0,133,236217.89
CL779777,INE001A01036,HDFC,595,0,595,618651.18
CL439239,INE002A01018,RELIANCE,1312,44,1356,264378.81
CL570027,INE018A01030,LT,1005,121,1126,801015.17
CL752848,INE238A01026,AXISBANK,2375,0,2375,3256209.29
CL675805,INE009A01021,INFY,2952,0,2952,3852483.07
CL826892,INE238A01026,AXISBANK,2703,115,2818,7237176.79
CL925792,INE002A01018,RELIANCE,1122,0,1122,788412.35
CL320484,INE018A01030,LT,1,0,1,1439.7
CL599625,INE154A01025,ITC,1295,0,1295,867695.87
CL330772,INE062A01020,SBIN,815,0,815,1734634.63
CL580273,INE018A01030,LT,1162,0,1162,851956.42
CL932849,INE018A01030,LT,1753,0,1753,2870650.56
CL927707,INE018A01030,LT,1465,0,1465,1442730.29
CL779333,INE090A01021,ICICIBANK,2437,0,2437,2680693.1
CL484043,INE155A01022,TATAMOTORS,966,0,966,1921428.09
CL169514,INE090A01021,ICICIBANK,1645,0,1645,3517385.07
CL482089,INE001A01036,HDFC,1939,0,1939,1240919.1
CL314508,INE018A01030,LT,2271,0,2271,3696087.48
CL020118,INE062A01020,SBIN,2330,0,2330,2559893.32
CL569755,INE062A01020,SBIN,1888,0,1888,1087702.96
CL642057,INE090A01021,ICICIBANK,948,0,948,395096.94
CL262468,INE001A01036,HDFC,730,0,730,1612624.65
CL583284,INE002A01018,RELIANCE,2558,274,2832,4584821.77
CL304122,INE090A01021,ICICIBANK,702,0,702,696701.74
CL657884,INE018A01030,LT,2644,282,2926,7536625.8
CL408556,INE154A01025,ITC,873,0,873,2458466.2
CL763375,INE090A01021,ICICIBANK,266,0,266,753314.46
CL054286,INE018A01030,LT,2387,0,2387,5138847.21
CL767634,INE062A01020,SBIN,1667,0,1667,4520001.72
CL681052,INE155A01022,TATAMOTORS,113,0,113,114606.22
CL308894,INE018A01030,LT,508,0,508,872685.81
CL659975,INE155A01022,TATAMOTORS,482,0,482,448803.15
CL952467,INE001A01036,HDFC,2651,0,2651,718346.51
CL624711,INE062A01020,SBIN,2702,273,2975,7025535.81
CL497218,INE155A01022,TATAMOTORS,2159,0,2159,6356029.78
CL306827,INE155A01022,TATAMOTORS,83,187,270,99841.83
CL115030,INE155A01022,TATAMOTORS,1924,0,1924,4742839.45
CL072505,INE002A01018,RELIANCE,1507,0,1507,3983983.26
CL885157,INE062A01020,SBIN,562,0,562,520226.7
CL122106,INE155A01022,TATAMOTORS,1990,0,1990,5073066.67
CL979195,INE237A01028,KOTAKBANK,1685,27,1712,1640950.82
CL615572,INE238A01026,AXISBANK,2606,0,2606,426790.2
CL381935,INE009A01021,INFY,691,0,691,483985.63
CL746284,INE238A01026,AXISBANK,1458,51,1509,3570961.34
CL445028,INE154A01025,ITC,1787,0,1787,2075401.58
CL662468,INE155A01022,TATAMOTORS,2197,0,2197,5998008.99
CL593455,INE155A01022,TATAMOTORS,2945,0,2945,2658165.14
CL882220,INE155A01022,TATAMOTORS,294,0,294,249456.99
CL974691,INE155A01022,TATAMOTORS,736,0,736,1247988.47
CL044689,INE009A01021,INFY,47,0,47,104043.47
CL830794,INE238A01026,AXISBANK,2273,0,2273,1421686.38
CL412453,INE062A01020,SBIN,422,0,422,48075.67
CL084554,INE002A01018,RELIANCE,2885,0,2885,7112803.54
CL039809,INE001A01036,HDFC,878,0,878,539514.0
CL570778,INE018A01030,LT,993,0,993,352684.9
CL616110,INE237A01028,KOTAKBANK,912,0,912,2075022.03
CL514222,INE062A01020,SBIN,564,0,564,778289.02
