DP_Client_ID,ISIN_Code,Security_Desc,Holding,Pledge_Qty,MktPrice,HoldingValue
CL844186,INE155A01022,TATA MOTORS LTD,1028,0,2574.92,2647017.76
CL039373,INE155A01022,TATA MOTORS LTD,1702,0,1485.91,2529018.82
CL415101,INE155A01022,TATA MOTORS LTD,1919,0,2012.46,3861910.74
CL460862,INE155A01022,TATA MOTORS LTD,2321,0,1184.14,2748388.94
CL540380,INE237A01028,KOTAK MAHINDRA BANK,2823,0,2704.21,7633984.83
CL077468,INE237A01028,KOTAK MAHINDRA BANK,2520,0,214.32,540086.4
CL336138,INE155A01022,TATA MOTORS LTD,2147,0,299.5,643026.5
CL952697,INE090A01021,ICICI BANK LTD,81,0,1382.94,112018.14
CL237554,INE009A01021,INFOSYS LTD,270,0,165.99,44817.3
CL153891,INE002A01018,RELIANCE INDS LTD EQ,2127,0,2871.78,6108276.06
CL217292,INE090A01021,ICICI BANK LTD,2623,0,2606.46,6836744.58
CL241130,INE154A01025,ITC LTD EQ,434,0,395.8,171777.2
CL561557,INE237A01028,KOTAK MAHINDRA BANK,2686,0,2685.42,7213038.12
CL464048,INE155A01022,TATA MOTORS LTD,3131,0,1765.37,5527373.47
CL130015,INE154A01025,ITC LTD EQ,869,0,1600.67,1390982.23
CL848388,INE002A01018,RELIANCE INDS LTD EQ,905,0,1855.7,1679408.5
CL503410,INE009A01021,INFOSYS LTD,2140,0,669.71,1433179.4
CL192875,INE154A01025,ITC LTD EQ,3362,256,154.7,520101.4
CL104183,INE001A01036,HDFC BANK LTD DVR,2588,0,380.67,985173.96
CL332509,INE001A01036,HDFC BANK LTD,2877,0,947.87,2727021.99
CL325667,INE009A01021,INFOSYS LTD,911,0,2385.21,2172926.31
CL157691,INE009A01021,INFOSYS LTD,1511,0,472.19,713479.09
CL634939,INE090A01021,ICICI BANK LTD,1818,0,2784.82,5062802.76
CL198196,INE002A01018,RELIANCE INDS LTD EQ,1464,71,1355.87,1984993.68
CL059306,INE018A01030,LARSEN AND TOUBRO,898,0,389.4,349681.2
CL153089,INE238A01026,AXIS BANK LTD EQ,758,0,2531.37,1918778.46
CL645523,INE237A01028,KOTAK MAHINDRA BANK,2880,0,744.75,2144880.0
CL857917,INE002A01018,RELIANCE INDS LTD EQ,2461,0,1078.92,2655222.12
CL538043,INE062A01020,STATE BANK OF INDIA,1423,0,1557.22,2215924.06
CL408688,INE062A01020,STATE BANK OF INDIA,549,0,2000.71,1098389.79
CL031568,INE002A01018,RELIANCE INDS LTD EQ,2820,0,553.84,1561828.8
CL717313,INE009A01021,INFOSYS LTD,1121,0,1771.42,1985761.82
CL024739,INE090A01021,ICICI BANK LTD,3139,0,1955.29,6137655.31
CL672217,INE090A01021,ICICI BANK LTD,1528,0,1493.34,2281823.52
CL077934,INE238A01026,AXIS BANK LTD DVR EQ,2802,0,1947.59,5457147.18
CL101883,INE062A01020,STATE BANK OF INDIA,204,0,1841.41,375647.64
CL179450,INE001A01036,HDFC BANK LTD,319,0,185.09,59043.71
CL445525,INE062A01020,STATE BNK OF INDIA,1249,0,2512.24,3137787.76
CL074523,INE238A01026,AXIS BANK LTD EQ,2443,0,1404.69,3431657.67
CL271576,INE155A01022,TATA MOTORS LTD,718,0,2915.67,2093451.06
CL564542,INE018A01030,LARSEN AND TOUBRO,694,307,1129.24,783692.56
CL026785,INE018A01030,LARSEN AND TOUBRO,2504,0,1433.9,3590485.6
CL110744,INE090A01021,ICICI BNK LTD,1032,0,2810.08,2900002.56
CL520188,INE154A01025,ITC LTD EQ,2138,0,1146.49,2451195.62
CL446173,INE238A01026,AXIS BANK LTD EQ,1910,0,1255.2,2397432.0
CL347814,INE090A01021,ICICI BNK LTD,1056,0,2768.6,2923641.6
CL236571,INE009A01021,INFOSYS LTD,909,460,2085.12,1895374.08
CL657410,INE018A01030,LARSEN AND TOUBRO,202,0,2513.46,507718.92
CL796375,INE062A01020,STATE BANK OF INDIA,69,0,1748.21,120626.49
CL955419,INE237A01028,KOTAK MAHINDRA BANK,1384,0,1326.62,1836042.08
CL241442,INE154A01025,ITC LTD EQ,3313,275,174.48,578052.24
CL072870,INE062A01020,STATE BANK OF INDIA,1723,0,2082.82,3588698.86
CL190208,INE154A01025,ITC LTD EQ,370,256,162.41,60091.7
CL345390,INE238A01026,AXIS BANK LTD EQ,1985,0,2360.9,4686386.5
CL298909,INE009A01021,INFOSYS LTD,3492,0,1443.33,5040108.36
CL796235,INE001A01036,HDFC BANK LTD,1586,0,1196.15,1897093.9
CL585645,INE155A01022,TATA MOTORS LTD,1141,0,2058.24,2348451.84
CL979117,INE001A01036,HDFC BANK LTD,1482,0,2619.3,3881802.6
CL044985,INE237A01028,KOTAK MAHINDRA BANK,1246,0,2681.02,3340550.92
CL698626,INE154A01025,ITC LTD EQ,729,0,2745.47,2001447.63
CL803055,INE154A01025,ITC LTD EQ,1318,0,1734.55,2286136.9
CL104793,INE001A01036,HDFC BANK LTD,3291,0,1452.81,4781197.71
CL163637,INE238A01026,AXIS BANK LTD EQ,1478,0,2108.64,3116569.92
CL222512,INE062A01020,STATE BANK OF INDIA,3456,0,1795.87,6206526.72
CL055126,INE090A01021,ICICI BANK LTD,2917,0,1081.25,3154006.25
CL969378,INE238A01026,AXIS BNK LTD EQ,1313,0,1544.09,2027390.17
CL623029,INE154A01025,ITC LTD EQ,3313,0,2567.58,8506392.54
CL774171,INE238A01026,AXIS BANK LTD DVR EQ,904,0,138.64,125330.56
CL095032,INE018A01030,LARSEN AND TOUBRO,3106,0,617.52,1918017.12
CL501301,INE001A01036,HDFC BANK LTD,1505,0,2546.05,3831805.25
CL851765,INE018A01030,LARSEN AND TOUBRO,2875,0,1123.7,3230637.5
CL051112,INE001A01036,HDFC BANK LTD,282,0,576.02,162437.64
CL004356,INE238A01026,AXIS BANK LTD EQ,3351,146,2832.8,9492712.8
CL184697,INE238A01026,AXIS BANK LTD EQ,838,227,2281.88,1912215.44
CL772961,INE238A01026,AXIS BANK LTD EQ,433,45,2271.79,983685.07
CL577747,INE155A01022,TATA MOTORS LTD,1704,0,1636.54,2788664.16
CL140271,INE018A01030,LARSEN AND TOUBRO,2574,0,918.31,2363729.94
CL191394,INE002A01018,RELIANCE INDS LTD EQ,3318,0,1235.09,4098028.62
CL795163,INE062A01020,STATE BANK OF INDIA,2621,0,2748.16,7202927.36
CL526775,INE154A01025,ITC LTD EQ,129,0,1013.58,130751.82
CL288080,INE018A01030,LARSEN AND TOUBRO,2740,0,562.22,1540482.8
CL985175,INE237A01028,KOTAK MAHINDRA BANK,2481,0,1469.97,3646995.57
CL065418,INE154A01025,ITC LTD EQ,1433,0,2492.19,3571308.27
CL675188,INE090A01021,ICICI BANK LTD,159,113,1275.0,202725.0
CL793478,INE238A01026,AXIS BNK LTD EQ,2341,0,2510.38,5876799.58
CL023410,INE090A01021,ICICI BANK LTD,229,0,745.44,170705.76
CL138522,INE002A01018,RELIANCE INDS LTD DVR EQ,1831,0,305.1,558638.1
CL690378,INE090A01021,ICICI BANK LTD,2696,0,1198.31,3230643.76
CL904834,INE001A01036,HDFC BANK LTD,1679,0,394.67,662650.93
CL871280,INE090A01021,ICICI BANK LTD,2987,0,2109.95,6302420.65
CL701978,INE237A01028,KOTAK MAHINDRA BANK,714,172,1789.14,1277445.96
CL148680,INE001A01036,HDFC BANK LTD,1037,172,2723.92,2824705.04
CL023591,INE155A01022,TATA MOTORS LTD,1050,0,1263.16,1326318.0
CL894052,INE154A01025,ITC LTD EQ,3421,0,689.43,2358540.03
CL851937,INE238A01026,AXIS BANK LTD EQ,1423,0,1827.18,2600077.14
CL335904,INE062A01020,STATE BANK OF INDIA,3032,0,872.28,2644752.96
CL536649,INE237A01028,KOTAK MAHINDRA BANK,3444,0,1455.76,5013637.44
CL975119,INE155A01022,TATA MOTORS LTD,1960,0,914.97,1793341.2
CL421744,INE238A01026,AXIS BANK LTD DVR EQ,3395,0,726.47,2466365.65
CL275477,INE009A01021,INFOSYS LTD,2175,0,2733.61,5945601.75
CL418883,INE154A01025,ITC LTD EQ,2789,0,850.5,2372044.5
CL946135,INE155A01022,TATA MOTORS LTD,760,0,487.63,370598.8
CL441010,INE001A01036,HDFC BANK LTD,2096,0,2224.95,4663495.2
CL270740,INE001A01036,HDFC BANK LTD,571,200,557.11,318109.81
CL093477,INE002A01018,RELIANCE INDS LTD EQ,224,0,711.02,159268.48
CL155857,INE062A01020,STATE BANK OF INDIA,3223,0,1284.9,4141232.7
CL816827,INE001A01036,HDFC BNK LTD,1550,0,450.34,698027.0
CL304063,INE154A01025,ITC LTD EQ,804,149,835.5,671742.0
CL965395,INE009A01021,INFOSYS LTD,257,0,1999.05,513755.85
CL578592,INE062A01020,STATE BANK OF INDIA,62,0,2705.32,167729.84
CL502177,INE155A01022,TATA MOTORS LTD,800,0,752.34,601872.0
CL337902,INE154A01025,ITC LTD EQ,411,0,2263.7,930380.7
CL391596,INE238A01026,AXIS BANK LTD EQ,2586,0,1719.24,4445954.64
CL264649,INE090A01021,ICICI BANK LTD DVR,2605,450,895.9,2333819.5
CL902549,INE155A01022,TATA MOTORS LTD,3236,0,2191.3,7091046.8
CL377188,INE002A01018,RELIANCE INDS LTD EQ,129,0,2473.19,319041.51
CL046555,INE155A01022,TATA MOTORS LTD,2378,0,480.14,1141772.92
CL101251,INE155A01022,TATA MOTORS LTD,1757,0,2157.38,3790516.66
CL991223,INE002A01018,RELIANCE INDS LTD EQ,2160,197,2208.89,4771202.4
CL495642,INE009A01021,INFOSYS LTD,1074,0,1215.48,1305425.52
CL197787,INE237A01028,KOTAK MAHINDRA BANK,793,155,2177.75,1726955.75
CL513428,INE155A01022,TATA MOTORS LTD,2214,0,1290.44,2857034.16
CL215383,INE090A01021,ICICI BANK LTD DVR,2101,0,2078.9,4367768.9
CL435109,INE018A01030,LARSEN AND TOUBRO,862,0,2829.48,2439011.76
CL804860,INE237A01028,KOTAK MAHINDRA BANK,1899,0,2689.48,5107322.52
CL451105,INE237A01028,KOTAK MAHINDRA BANK,1817,0,2187.6,3974869.2
CL462645,INE062A01020,STATE BANK OF INDIA,952,0,1385.31,1318815.12
CL825201,INE001A01036,HDFC BANK LTD,953,0,1943.89,1852527.17
CL936002,INE001A01036,HDFC BNK LTD,980,0,2434.39,2385702.2
CL854902,INE062A01020,STATE BANK OF INDIA,166,0,1437.26,238585.16
CL175327,INE237A01028,KOTAK MAHINDRA BANK,830,0,356.38,295795.4
CL852452,INE009A01021,INFOSYS LTD,1658,0,1430.86,2372365.88
CL168317,INE090A01021,ICICI BANK LTD,1986,0,275.9,547937.4
CL750343,INE237A01028,KOTAK MAHINDRA BANK,517,0,2677.3,1384164.1
CL778531,INE237A01028,KOTAK MAHINDRA BNK,2041,0,2644.65,5397730.65
CL299956,INE154A01025,ITC LTD EQ,17,9,2425.56,41234.52
CL509888,INE238A01026,AXIS BANK LTD EQ,930,0,1064.7,990171.0
CL029307,INE018A01030,LARSEN AND TOUBRO,3212,0,2153.56,6917234.72
CL920312,INE090A01021,ICICI BANK LTD,551,0,1779.12,980295.12
CL297592,INE018A01030,LARSEN AND TOUBRO,2266,0,2501.35,5668059.1
CL595095,INE002A01018,RELIANCE INDS LTD EQ,2529,0,293.46,742160.34
CL413527,INE090A01021,ICICI BANK LTD,2341,303,280.94,657680.54
CL460906,INE001A01036,HDFC BANK LTD DVR,1080,0,1875.51,2025550.8
CL748788,INE154A01025,ITC LTD EQ,1445,0,1230.28,1777754.6
CL359081,INE002A01018,RELIANCE INDS LTD EQ,3488,244,453.67,1582400.96
CL391212,INE001A01036,HDFC BANK LTD,3018,0,2619.84,7906677.12
CL964615,INE154A01025,ITC LTD EQ,529,0,1259.18,666106.22
CL307297,INE155A01022,TATA MOTORS LTD,242,0,1060.45,256628.9
CL162159,INE237A01028,KOTAK MAHINDRA BANK,1116,0,2731.56,3048420.96
CL096467,INE018A01030,LARSEN AND TOUBRO,2209,0,235.24,519645.16
CL273103,INE155A01022,TATA MOTORS LTD,2212,0,2311.27,5112529.24
CL348292,INE090A01021,ICICI BANK LTD,2828,0,1907.55,5394551.4
CL180507,INE002A01018,RELIANCE INDS LTD DVR EQ,2448,0,903.04,2210641.92
CL002516,INE009A01021,INFOSYS LTD,2559,0,1674.74,4285659.66
CL318649,INE018A01030,LARSEN AND TOUBRO,1286,385,337.24,433690.64
CL401803,INE062A01020,STATE BANK OF INDIA,3030,0,1664.42,5043192.6
CL044770,INE001A01036,HDFC BANK LTD,1951,0,1778.83,3470497.33
CL563820,INE002A01018,RELIANCE INDS LTD EQ,3408,0,1234.97,4208777.76
CL154558,INE062A01020,STATE BANK OF INDIA,2070,0,486.22,1006475.4
CL321632,INE155A01022,TATA MOTORS LTD,285,0,2955.49,842314.65
CL293640,INE002A01018,RELIANCE INDS LTD EQ,1054,0,2915.51,3072947.54
CL951713,INE154A01025,ITC LTD EQ,1883,0,1470.65,2769233.95
CL072159,INE009A01021,INFOSYS LTD,1212,0,2718.75,3295125.0
CL717303,INE062A01020,STATE BNK OF INDIA,473,0,176.75,83602.75
CL024322,INE062A01020,STATE BANK OF INDIA,3170,0,2443.58,7746148.6
CL060159,INE062A01020,STATE BANK OF INDIA,243,0,2264.28,550220.04
CL675406,INE002A01018,RELIANCE INDS LTD EQ,53,0,838.45,44437.85
CL762571,INE001A01036,HDFC BANK LTD,1088,0,1755.28,1909744.64
CL324080,INE154A01025,ITC LTD EQ,3491,0,2020.1,7052169.1
CL658822,INE237A01028,KOTAK MAHINDRA BANK,2989,0,2122.03,6342747.67
CL724601,INE018A01030,LARSEN AND TOUBRO,2912,0,1738.44,5062337.28
CL703503,INE009A01021,INFOSYS LTD,2126,0,483.84,1028643.84
CL669480,INE001A01036,HDFC BANK LTD,384,170,1090.32,418682.88
CL420846,INE002A01018,RELIANCE INDS LTD DVR EQ,2278,0,1402.15,3194097.7
CL102497,INE238A01026,AXIS BANK LTD DVR EQ,1439,0,1746.84,2513702.76
CL802692,INE009A01021,INFOSYS LTD,215,0,830.49,178555.35
CL054627,INE155A01022,TATA MOTORS LTD,513,0,1598.58,820071.54
CL005498,INE009A01021,INFOSYS LTD,3460,0,132.02,456789.2
CL039388,INE062A01020,STATE BANK OF INDIA,2718,0,2899.64,7881221.52
CL482596,INE009A01021,INFOSYS LTD,1291,0,762.8,984774.8
CL910340,INE155A01022,TATA MOTORS LTD,3129,0,1264.32,3956057.28
CL328712,INE062A01020,STATE BNK OF INDIA,918,89,2659.89,2441779.02
CL163434,INE062A01020,STATE BANK OF INDIA,21,0,461.19,9684.99
CL443796,INE018A01030,LARSEN AND TOUBRO,2253,0,2590.36,5836081.08
CL095754,INE238A01026,AXIS BANK LTD DVR EQ,1355,0,2522.81,3418407.55
CL013309,INE001A01036,HDFC BNK LTD,774,0,2457.66,1902228.84
CL493437,INE009A01021,INFOSYS LTD,2283,0,1995.01,4554607.83
CL177839,INE237A01028,KOTAK MAHINDRA BANK,794,0,2260.17,1794574.98
CL802147,INE062A01020,STATE BANK OF INDIA,3369,0,2783.86,9378824.34
CL869773,INE002A01018,RELIANCE INDS LTD EQ,2062,307,524.46,1081436.52
CL906698,INE237A01028,KOTAK MAHINDRA BANK,3273,0,107.8,352829.4
CL434857,INE238A01026,AXIS BANK LTD EQ,3212,0,194.07,623352.84
CL459765,INE238A01026,AXIS BANK LTD EQ,86,0,1881.73,161828.78
CL143512,INE238A01026,AXIS BANK LTD EQ,1750,274,1937.55,3390712.5
CL846075,INE155A01022,TATA MOTORS LTD,2668,0,1424.43,3800379.24
CL192869,INE238A01026,AXIS BANK LTD EQ,1604,369,488.41,783409.64
CL918532,INE155A01022,TATA MOTORS LTD,509,0,858.22,436833.98
CL518737,INE237A01028,KOTAK MAHINDRA BANK,2712,0,1331.35,3610621.2
CL168205,INE155A01022,TATA MOTORS LTD,497,0,214.65,106681.05
CL649035,INE090A01021,ICICI BANK LTD,3368,0,1572.72,5296920.96
CL007401,INE018A01030,LARSEN AND TOUBRO,664,313,327.88,217712.32
CL518562,INE238A01026,AXIS BANK LTD EQ,3315,0,2811.84,9321249.6
CL521284,INE062A01020,STATE BANK OF INDIA,2875,0,2607.37,7496188.75
CL285288,INE009A01021,INFOSYS LTD,1882,0,592.62,1115310.84
CL058162,INE155A01022,TATA MOTORS LTD,497,0,1259.79,626115.63
CL656768,INE237A01028,KOTAK MAHINDRA BNK,1060,65,986.34,1045520.4
CL530716,INE155A01022,TATA MOTORS LTD,1961,0,2817.88,5525862.68
CL240763,INE237A01028,KOTAK MAHINDRA BANK,1606,0,1733.19,2783503.14
CL406663,INE002A01018,RELIANCE INDS LTD EQ,2959,115,172.28,509776.52
CL057926,INE154A01025,ITC LTD EQ,3047,0,1750.41,5333499.27
CL783115,INE238A01026,AXIS BANK LTD DVR EQ,138,0,1418.18,195708.84
CL941872,INE237A01028,KOTAK MAHINDRA BANK,529,0,1448.15,766071.35
CL444893,INE238A01026,AXIS BANK LTD EQ,3270,0,2032.42,6646013.4
CL204857,INE154A01025,ITC LTD EQ,651,0,2648.19,1723971.69
CL960912,INE062A01020,STATE BANK OF INDIA,528,343,1726.78,911739.84
CL448804,INE062A01020,STATE BANK OF INDIA,1851,0,2758.23,5105483.73
CL141155,INE155A01022,TATA MOTORS LTD,1450,0,2985.22,4328569.0
CL848471,INE001A01036,HDFC BNK LTD,1658,0,2765.37,4584983.46
CL865529,INE090A01021,ICICI BANK LTD,3420,0,2646.43,9050790.6
CL609808,INE090A01021,ICICI BANK LTD,828,0,1299.06,1075621.68
CL695107,INE238A01026,AXIS BANK LTD EQ,2390,0,1235.25,2952247.5
CL520258,INE090A01021,ICICI BANK LTD DVR,1130,0,337.09,380911.7
CL639629,INE155A01022,TATA MOTORS LTD,3272,0,2615.89,8559192.08
CL722459,INE001A01036,HDFC BNK LTD,3457,440,949.11,3281073.27
CL322651,INE237A01028,KOTAK MAHINDRA BANK,1623,0,1183.78,1921274.94
CL601782,INE062A01020,STATE BANK OF INDIA,3454,0,747.06,2580345.24
CL109643,INE237A01028,KOTAK MAHINDRA BANK,2013,34,2627.68,5289519.84
CL391627,INE238A01026,AXIS BANK LTD EQ,264,0,2070.56,546627.84
CL005072,INE238A01026,AXIS BANK LTD EQ,1293,0,2401.66,3105346.38
CL871088,INE154A01025,ITC LTD EQ,523,70,533.8,279177.4
CL616041,INE155A01022,TATA MOTORS LTD,3126,0,1861.92,5820361.92
CL061120,INE154A01025,ITC LTD EQ,1479,0,1253.0,1853187.0
CL794276,INE238A01026,AXIS BANK LTD DVR EQ,3409,0,905.37,3086406.33
CL648152,INE090A01021,ICICI BANK LTD,1809,0,868.17,1570519.53
CL917330,INE001A01036,HDFC BANK LTD,1913,0,2593.31,4961002.03
CL798565,INE090A01021,ICICI BNK LTD,1417,0,1781.98,2525065.66
CL304816,INE238A01026,AXIS BANK LTD EQ,1977,0,424.42,839078.34
CL834217,INE154A01025,ITC LTD EQ,153,0,1169.86,178988.58
CL105454,INE155A01022,TATA MOTORS LTD,1898,0,2657.65,5044219.7
CL633926,INE062A01020,STATE BANK OF INDIA,1083,0,722.71,782694.93
CL344917,INE090A01021,ICICI BANK LTD,921,368,2509.33,2311092.93
CL738185,INE238A01026,AXIS BANK LTD EQ,82,0,1387.97,113813.54
CL106291,INE155A01022,TATA MOTORS LTD,3137,0,633.82,1988293.34
CL684466,INE002A01018,RELIANCE INDS LTD EQ,2516,0,755.9,1901844.4
CL767502,INE002A01018,RELIANCE INDS LTD EQ,2065,0,2870.54,5927665.1
CL917715,INE238A01026,AXIS BANK LTD EQ,2243,10,1431.25,3210293.75
CL234973,INE237A01028,KOTAK MAHINDRA BANK,677,58,2474.52,1675250.04
CL032246,INE009A01021,INFOSYS LTD,2352,0,2070.41,4869604.32
CL673516,INE090A01021,ICICI BNK LTD,2720,0,2113.08,5747577.6
CL645302,INE090A01021,ICICI BANK LTD,1203,0,1752.21,2107908.63
CL246437,INE238A01026,AXIS BANK LTD EQ,1025,0,2654.66,2721026.5
CL665157,INE002A01018,RELIANCE INDS LTD EQ,3241,0,1976.25,6405026.25
CL536398,INE002A01018,RELIANCE INDS LTD EQ,640,0,2547.86,1630630.4
CL848883,INE090A01021,ICICI BANK LTD DVR,1097,0,1412.43,1549435.71
CL656792,INE090A01021,ICICI BANK LTD,2553,0,2134.11,5448382.83
CL723778,INE237A01028,KOTAK MAHINDRA BANK,3127,330,2778.88,8689557.76
CL230775,INE154A01025,ITC LTD EQ,2756,278,655.93,1807743.08
CL708103,INE154A01025,ITC LTD EQ,2182,0,2060.24,4495443.68
CL150660,INE155A01022,TATA MOTORS LTD,1721,0,1503.87,2588160.27
CL185256,INE154A01025,ITC LTD EQ,749,0,289.73,217007.77
CL685835,INE009A01021,INFOSYS LTD,1999,34,515.17,1029824.83
CL950256,INE062A01020,STATE BANK OF INDIA,1076,0,499.18,537117.68
CL321887,INE009A01021,INFOSYS LTD,2595,0,185.16,480490.2
CL865138,INE090A01021,ICICI BANK LTD,1605,0,2829.69,4541652.45
CL136421,INE018A01030,LARSEN AND TOUBRO,908,0,1410.4,1280643.2
CL522502,INE001A01036,HDFC BANK LTD,2818,0,737.97,2079599.46
CL251572,INE062A01020,STATE BANK OF INDIA,2798,0,1330.03,3721423.94
CL434587,INE018A01030,LARSEN AND TOUBRO,1296,254,1217.19,1577478.24
CL277668,INE002A01018,RELIANCE INDS LTD EQ,1648,0,2947.77,4857924.96
CL614993,INE238A01026,AXIS BANK LTD EQ,3465,0,2003.39,6941746.35
CL154089,INE002A01018,RELIANCE INDS LTD EQ,2923,0,2914.32,8518557.36
CL258491,INE155A01022,TATA MOTORS LTD,1340,0,1048.12,1404480.8
CL752872,INE154A01025,ITC LTD EQ,2667,450,1970.47,5255243.49
CL846765,INE238A01026,AXIS BNK LTD EQ,1531,0,2714.37,4155700.47
CL121847,INE002A01018,RELIANCE INDS LTD EQ,3052,0,669.83,2044321.16
CL839721,INE155A01022,TATA MOTORS LTD,727,0,494.7,359646.9
CL881991,INE062A01020,STATE BANK OF INDIA,1797,0,2274.65,4087546.05
CL206414,INE237A01028,KOTAK MAHINDRA BANK,3478,0,1902.64,6617381.92
CL547221,INE154A01025,ITC LTD EQ,616,27,2349.52,1447304.32
CL545491,INE009A01021,INFOSYS LTD,2114,0,2962.36,6262429.04
CL137380,INE001A01036,HDFC BANK LTD,560,0,1987.37,1112927.2
CL418681,INE062A01020,STATE BANK OF INDIA,2040,446,1851.65,3777366.0
CL391293,INE155A01022,TATA MOTORS LTD DVR,1172,0,2897.14,3395448.08
CL243792,INE002A01018,RELIANCE INDS LTD EQ,759,343,1326.9,1007117.1
CL069015,INE002A01018,RELIANCE INDS LTD DVR EQ,2836,0,1658.96,4704810.56
CL042597,INE090A01021,ICICI BANK LTD,2783,96,1780.27,4954491.41
CL108240,INE154A01025,ITC LTD EQ,3006,88,2577.33,7747453.98
CL481051,INE062A01020,STATE BANK OF INDIA,3061,103,194.55,595517.55
CL613500,INE238A01026,AXIS BANK LTD DVR EQ,1855,0,1175.93,2181350.15
CL855055,INE018A01030,LARSEN AND TOUBRO,3425,0,2234.6,7653505.0
CL116840,INE001A01036,HDFC BANK LTD,2678,0,314.42,842016.76
CL414852,INE062A01020,STATE BANK OF INDIA,1341,122,870.79,1167729.39
CL668345,INE155A01022,TATA MOTORS LTD DVR,13,0,2879.2,37429.6
CL269627,INE238A01026,AXIS BANK LTD EQ,408,0,1877.42,765987.36
CL358122,INE009A01021,INFOSYS LTD,2856,234,2627.19,7503254.64
CL143366,INE062A01020,STATE BANK OF INDIA,3055,0,2531.08,7732449.4
CL609602,INE009A01021,INFOSYS LTD,1496,0,1567.36,2344770.56
CL785863,INE002A01018,RELIANCE INDS LTD EQ,2381,0,792.6,1887180.6
CL942732,INE018A01030,LARSEN AND TOUBRO,540,0,554.68,299527.2
CL295752,INE018A01030,LARSEN AND TOUBRO,2626,18,1607.9,4222345.4
CL534872,INE002A01018,RELIANCE INDS LTD EQ,1249,0,412.89,515699.61
CL701883,INE062A01020,STATE BANK OF INDIA,1085,0,2023.78,2195801.3
CL791180,INE238A01026,AXIS BANK LTD EQ,3457,0,2478.79,8569177.03
CL995038,INE009A01021,INFOSYS LTD,1491,0,679.88,1013701.08
CL175574,INE154A01025,ITC LTD EQ,3479,0,1826.02,6352723.58
CL394549,INE002A01018,RELIANCE INDS LTD EQ,2771,0,2304.23,6385021.33
CL804854,INE237A01028,KOTAK MAHINDRA BANK,2758,0,1477.41,4074696.78
CL111419,INE018A01030,LARSEN AND TOUBRO,416,0,725.96,301999.36
CL978862,INE238A01026,AXIS BANK LTD EQ,310,0,2517.78,780511.8
CL704325,INE062A01020,STATE BANK OF INDIA,2567,0,432.86,1111151.62
CL091205,INE009A01021,INFOSYS LTD DVR,263,0,1663.41,437476.83
CL075338,INE009A01021,INFOSYS LTD,1835,0,1401.72,2572156.2
CL621531,INE009A01021,INFOSYS LTD,1345,0,688.59,926153.55
CL536954,INE018A01030,LARSEN AND TOUBRO,2341,0,858.9,2010684.9
CL514802,INE009A01021,INFOSYS LTD DVR,466,0,1975.69,920671.54
CL106510,INE238A01026,AXIS BANK LTD EQ,2303,0,1906.88,4391544.64
CL930287,INE090A01021,ICICI BANK LTD,3373,0,2002.87,6755680.51
CL845807,INE090A01021,ICICI BANK LTD,1853,480,2935.55,5439574.15
CL730089,INE009A01021,INFOSYS LTD,1333,0,171.79,228996.07
CL312295,INE155A01022,TATA MOTORS LTD,3407,0,1621.19,5523394.33
CL860326,INE002A01018,RELIANCE INDS LTD EQ,1964,0,478.75,940265.0
CL852295,INE062A01020,STATE BANK OF INDIA,2284,0,627.69,1433643.96
CL136897,INE062A01020,STATE BANK OF INDIA,2506,0,1517.73,3803431.38
CL023641,INE062A01020,STATE BANK OF INDIA,73,0,401.89,29337.97
CL753718,INE001A01036,HDFC BANK LTD,129,0,262.66,33883.14
CL808487,INE001A01036,HDFC BANK LTD,2128,0,2225.51,4735885.28
CL932408,INE238A01026,AXIS BANK LTD EQ,2855,0,2760.68,7881741.4
CL693214,INE238A01026,AXIS BANK LTD EQ,3442,0,1697.62,5843208.04
CL232661,INE001A01036,HDFC BANK LTD,1969,0,1071.53,2109842.57
CL293205,INE090A01021,ICICI BANK LTD,207,0,1379.07,285467.49
CL001001,INE002A01018,RELIANCE INDS LTD EQ,1387,0,2217.88,3076199.56
CL677366,INE155A01022,TATA MOTORS LTD DVR,965,114,1111.58,1072674.7
CL979759,INE090A01021,ICICI BANK LTD,2473,45,2994.19,7404631.87
CL146705,INE237A01028,KOTAK MAHINDRA BANK,3483,0,2130.41,7420218.03
CL215690,INE238A01026,AXIS BNK LTD EQ,49,0,1926.0,94374.0
CL504204,INE002A01018,RELIANCE INDS LTD EQ,3373,0,1319.57,4450909.61
CL173759,INE018A01030,LARSEN AND TOUBRO,2809,447,1324.28,3719902.52
CL575882,INE238A01026,AXIS BANK LTD EQ,3215,0,2935.55,9437793.25
CL054838,INE154A01025,ITC LTD EQ,3295,0,259.35,854558.25
CL052118,INE237A01028,KOTAK MAHINDRA BANK,761,0,129.57,98602.77
CL762426,INE009A01021,INFOSYS LTD,371,0,2031.81,753801.51
CL776011,INE001A01036,HDFC BANK LTD,3401,0,2152.84,7321808.84
CL494735,INE062A01020,STATE BANK OF INDIA,3244,0,1894.87,6146958.28
CL452780,INE238A01026,AXIS BANK LTD EQ,1811,0,2625.4,4754599.4
CL882718,INE018A01030,LARSEN AND TOUBRO,2837,0,1255.11,3560747.07
CL459717,INE001A01036,HDFC BANK LTD,2451,0,545.47,1336946.97
CL482415,INE090A01021,ICICI BANK LTD,1244,0,1566.67,1948937.48
CL969585,INE090A01021,ICICI BANK LTD,2515,0,2056.36,5171745.4
CL989099,INE062A01020,STATE BANK OF INDIA,3423,0,2026.51,6936743.73
CL552925,INE237A01028,KOTAK MAHINDRA BANK,2092,0,104.23,218049.16
CL077684,INE155A01022,TATA MOTORS LTD,1181,0,2665.36,3147790.16
CL221635,INE154A01025,ITC LTD EQ,1995,0,2959.32,5903843.4
CL984451,INE237A01028,KOTAK MAHINDRA BANK,840,0,416.28,349675.2
CL699539,INE062A01020,STATE BANK OF INDIA,1122,0,2202.43,2471126.46
CL573698,INE238A01026,AXIS BANK LTD EQ,128,0,1755.17,224661.76
CL019493,INE237A01028,KOTAK MAHINDRA BANK,2895,0,328.2,950139.0
CL540635,INE001A01036,HDFC BANK LTD,1729,0,2902.79,5018923.91
CL915064,INE155A01022,TATA MOTORS LTD,272,0,1756.56,477784.32
CL380807,INE062A01020,STATE BANK OF INDIA,3174,0,2577.66,8181492.84
CL557621,INE009A01021,INFOSYS LTD,3411,0,2519.04,8592445.44
CL236637,INE238A01026,AXIS BANK LTD EQ,259,0,2905.4,752498.6
CL766374,INE090A01021,ICICI BANK LTD,2109,0,1819.42,3837156.78
CL249894,INE154A01025,ITC LTD EQ,909,0,2461.01,2237058.09
CL353626,INE018A01030,LARSEN AND TOUBRO,2621,0,2646.78,6937210.38
CL531694,INE002A01018,RELIANCE INDS LTD EQ,2423,0,1044.33,2530411.59
CL323014,INE001A01036,HDFC BANK LTD DVR,1817,0,2169.11,3941272.87
CL214444,INE238A01026,AXIS BNK LTD EQ,1831,0,445.53,815765.43
CL689288,INE154A01025,ITC LTD EQ,849,0,192.96,163823.04
CL174345,INE090A01021,ICICI BANK LTD,976,0,902.21,880556.96
CL931316,INE062A01020,STATE BANK OF INDIA,1132,0,1480.99,1676480.68
CL849814,INE002A01018,RELIANCE INDS LTD EQ,1672,0,2070.86,3462477.92
CL985532,INE001A01036,HDFC BANK LTD,2566,0,700.87,1798432.42
CL812036,INE155A01022,TATA MOTORS LTD,865,479,1325.32,1146401.8
CL756716,INE237A01028,KOTAK MAHINDRA BANK,992,0,1942.39,1926850.88
CL332243,INE001A01036,HDFC BANK LTD,2925,0,466.9,1365682.5
CL384627,INE009A01021,INFOSYS LTD,63,0,1265.69,79738.47
CL965233,INE090A01021,ICICI BANK LTD,565,0,1885.69,1065414.85
CL912457,INE238A01026,AXIS BNK LTD EQ,3260,0,907.0,2956820.0
CL165786,INE001A01036,HDFC BANK LTD,3162,0,1804.45,5705670.9
CL836921,INE155A01022,TATA MOTORS LTD,1243,0,1756.56,2183404.08
CL165956,INE002A01018,RELIANCE INDS LTD EQ,275,0,261.64,71951.0
CL353600,INE238A01026,AXIS BANK LTD EQ,980,227,2261.51,2216279.8
CL720371,INE002A01018,RELIANCE INDS LTD EQ,784,0,2666.32,2090394.88
CL617311,INE238A01026,AXIS BANK LTD EQ,1394,0,2202.37,3070103.78
CL029576,INE238A01026,AXIS BANK LTD EQ,3120,0,1831.8,5715216.0
CL222365,INE062A01020,STATE BANK OF INDIA,3108,0,644.45,2002950.6
CL164497,INE154A01025,ITC LTD EQ,3353,0,736.4,2469149.2
CL518990,INE018A01030,LARSEN AND TOUBRO,2321,0,2884.76,6695527.96
CL587256,INE155A01022,TATA MOTORS LTD DVR,2733,0,2227.49,6087730.17
CL481601,INE062A01020,STATE BANK OF INDIA,3330,0,1940.75,6462697.5
CL503409,INE237A01028,KOTAK MAHINDRA BANK,76,0,614.58,46708.08
CL873361,INE009A01021,INFOSYS LTD DVR,2583,0,889.68,2298043.44
CL647632,INE237A01028,KOTAK MAHINDRA BANK,659,0,2905.85,1914955.15
CL870146,INE155A01022,TATA MOTORS LTD,568,0,157.83,89647.44
CL071910,INE062A01020,STATE BANK OF INDIA,2141,433,2163.61,4632289.01
CL703385,INE090A01021,ICICI BANK LTD,2799,0,2153.82,6028542.18
CL595090,INE238A01026,AXIS BANK LTD EQ,486,165,528.64,256919.04
CL313974,INE090A01021,ICICI BNK LTD,2408,0,1817.65,4376901.2
CL292159,INE062A01020,STATE BANK OF INDIA,516,0,1797.63,927577.08
CL835373,INE090A01021,ICICI BANK LTD,2527,0,1309.99,3310344.73
CL140107,INE237A01028,KOTAK MAHINDRA BANK,2816,0,1988.64,5600010.24
CL560161,INE090A01021,ICICI BANK LTD,2125,0,2667.01,5667396.25
CL812419,INE002A01018,RELIANCE INDS LTD EQ,3476,0,2726.38,9476896.88
CL305896,INE001A01036,HDFC BANK LTD DVR,2101,0,1480.17,3109837.17
CL739959,INE018A01030,LARSEN AND TOUBRO,760,0,1120.8,851808.0
CL588291,INE155A01022,TATA MOTORS LTD,886,0,385.7,341730.2
CL711970,INE155A01022,TATA MOTORS LTD,615,0,1193.31,733885.65
CL517713,INE062A01020,STATE BANK OF INDIA,469,0,2685.75,1259616.75
CL675586,INE155A01022,TATA MOTORS LTD,3088,0,2359.55,7286290.4
CL847188,INE237A01028,KOTAK MAHINDRA BANK,3466,100,841.96,2918233.36
CL327027,INE237A01028,KOTAK MAHINDRA BANK,3004,0,1994.65,5991928.6
CL752524,INE238A01026,AXIS BANK LTD EQ,21,11,1115.63,23428.23
CL621615,INE062A01020,STATE BANK OF INDIA,2541,0,1535.74,3902315.34
CL489159,INE002A01018,RELIANCE INDS LTD EQ,1321,0,2435.38,3217136.98
CL398031,INE002A01018,RELIANCE INDS LTD EQ,1120,0,1220.97,1367486.4
CL986946,INE090A01021,ICICI BANK LTD,1388,0,796.31,1105278.28
CL142679,INE237A01028,KOTAK MAHINDRA BANK,498,0,1500.18,747089.64
CL206875,INE009A01021,INFOSYS LTD,2999,0,1577.56,4731102.44
CL798973,INE009A01021,INFOSYS LTD,1816,119,2939.38,5337914.08
CL833884,INE002A01018,RELIANCE INDS LTD EQ,1032,129,151.09,155924.88
CL881972,INE238A01026,AXIS BANK LTD DVR EQ,2274,0,1574.87,3581254.38
CL826838,INE062A01020,STATE BANK OF INDIA,856,0,208.26,178270.56
CL287272,INE238A01026,AXIS BANK LTD EQ,3426,0,1519.78,5206766.28
CL692348,INE001A01036,HDFC BANK LTD,59,15,2943.91,173690.69
CL145802,INE155A01022,TATA MOTORS LTD,2905,0,2995.11,8700794.55
CL183373,INE002A01018,RELIANCE INDS LTD EQ,538,0,150.24,80829.12
CL314773,INE155A01022,TATA MOTORS LTD,2985,0,2200.25,6567746.25
CL578237,INE238A01026,AXIS BANK LTD EQ,762,0,2859.0,2178558.0
CL691986,INE002A01018,RELIANCE INDS LTD EQ,541,0,1243.01,672468.41
CL036162,INE001A01036,HDFC BANK LTD,2309,0,2156.58,4979543.22
CL105966,INE018A01030,LARSEN AND TOUBRO,2259,0,577.46,1304482.14
CL886550,INE001A01036,HDFC BNK LTD,2146,0,2379.29,5105956.34
CL017010,INE062A01020,STATE BANK OF INDIA,1437,56,1559.64,2241202.68
CL659765,INE155A01022,TATA MOTORS LTD,2263,0,785.86,1778401.18
CL403174,INE237A01028,KOTAK MAHINDRA BANK,1936,0,389.47,754013.92
CL608886,INE009A01021,INFOSYS LTD,2868,0,1114.65,3196816.2
CL768471,INE237A01028,KOTAK MAHINDRA BANK,2815,0,1582.36,4454343.4
CL948311,INE154A01025,ITC LTD EQ,2520,0,2290.28,5771505.6
CL624886,INE001A01036,HDFC BNK LTD,3154,0,2430.21,7664882.34
CL320563,INE155A01022,TATA MOTORS LTD,2242,0,849.27,1904063.34
CL936216,INE018A01030,LARSEN AND TOUBRO,2127,0,144.59,307542.93
CL605447,INE002A01018,RELIANCE INDS LTD EQ,3029,0,2112.6,6399065.4
CL283687,INE238A01026,AXIS BANK LTD EQ,2369,0,794.45,1882052.05
CL919752,INE002A01018,RELIANCE INDS LTD EQ,589,0,411.14,242161.46
CL331725,INE154A01025,ITC LTD EQ,1715,0,274.08,470047.2
CL964264,INE154A01025,ITC LTD EQ,2372,0,2517.0,5970324.0
CL878462,INE090A01021,ICICI BANK LTD,1027,0,107.54,110443.58
CL471609,INE090A01021,ICICI BANK LTD,2064,0,2206.19,4553576.16
CL557965,INE154A01025,ITC LTD EQ,3299,72,1274.1,4203255.9
CL495703,INE154A01025,ITC LTD EQ,3036,0,2074.76,6298971.36
CL597791,INE237A01028,KOTAK MAHINDRA BANK,3455,0,2649.9,9155404.5
CL887697,INE237A01028,KOTAK MAHINDRA BANK,2402,0,2917.94,7008891.88
CL486571,INE062A01020,STATE BANK OF INDIA,1056,0,1974.66,2085240.96
CL761638,INE018A01030,LARSEN AND TOUBRO,1832,0,2150.43,3939587.76
CL166542,INE238A01026,AXIS BANK LTD EQ,1705,0,1940.44,3308450.2
CL033526,INE090A01021,ICICI BANK LTD DVR,3407,0,473.23,1612294.61
CL124282,INE155A01022,TATA MOTORS LTD,2530,0,1005.1,2542903.0
CL451283,INE155A01022,TATA MOTORS LTD,1894,0,2780.67,5266588.98
CL389475,INE238A01026,AXIS BANK LTD EQ,3141,0,1426.65,4481107.65
CL365313,INE001A01036,HDFC BANK LTD,2463,0,2812.18,6926399.34
CL882181,INE237A01028,KOTAK MAHINDRA BANK,667,0,2730.34,1821136.78
CL258644,INE155A01022,TATA MOTORS LTD,2428,312,683.21,1658833.88
CL423415,INE001A01036,HDFC BANK LTD,1786,0,1336.9,2387703.4
CL997350,INE237A01028,KOTAK MAHINDRA BANK,1978,456,881.86,1744319.08
CL473898,INE154A01025,ITC LTD EQ,3431,381,1063.37,3648422.47
CL763318,INE237A01028,KOTAK MAHINDRA BANK,1957,0,594.06,1162575.42
CL333047,INE154A01025,ITC LTD EQ,217,0,1811.14,393017.38
CL756033,INE002A01018,RELIANCE INDS LTD EQ,821,0,1720.04,1412152.84
CL497319,INE090A01021,ICICI BANK LTD DVR,1458,0,2629.7,3834102.6
CL467719,INE237A01028,KOTAK MAHINDRA BANK,1041,0,974.73,1014693.93
CL831321,INE154A01025,ITC LTD DVR EQ,2426,0,1052.86,2554238.36
CL717378,INE090A01021,ICICI BNK LTD,3419,0,1483.61,5072462.59
CL848153,INE001A01036,HDFC BANK LTD,359,0,2491.92,894599.28
CL666422,INE001A01036,HDFC BANK LTD,1167,123,2701.41,3152545.47
CL583232,INE002A01018,RELIANCE INDS LTD EQ,3301,0,1436.98,4743470.98
CL267593,INE018A01030,LARSEN AND TOUBRO,24,0,407.54,9780.96
CL544635,INE238A01026,AXIS BANK LTD EQ,1273,0,718.64,914828.72
CL568116,INE155A01022,TATA MOTORS LTD,371,0,1086.93,403251.03
CL243339,INE238A01026,AXIS BANK LTD EQ,1659,0,466.85,774504.15
CL204922,INE155A01022,TATA MOTORS LTD DVR,385,0,445.33,171452.05
CL252906,INE009A01021,INFOSYS LTD,1250,0,2035.8,2544750.0
CL040234,INE001A01036,HDFC BANK LTD,1414,456,2524.73,3569968.22
CL194544,INE001A01036,HDFC BANK LTD,2224,0,1341.9,2984385.6
CL193796,INE009A01021,INFOSYS LTD,1331,461,1392.12,1852911.72
CL021368,INE237A01028,KOTAK MAHINDRA BANK,1919,0,1401.45,2689382.55
CL400652,INE062A01020,STATE BANK OF INDIA,2533,0,526.02,1332408.66
CL345490,INE237A01028,KOTAK MAHINDRA BANK,2003,0,1420.11,2844480.33
CL871833,INE009A01021,INFOSYS LTD,2615,0,2671.26,6985344.9
CL783720,INE238A01026,AXIS BANK LTD EQ,2741,0,1611.99,4418464.59
CL661154,INE154A01025,ITC LTD EQ,2025,0,2015.51,4081407.75
CL945418,INE154A01025,ITC LTD EQ,2104,0,2451.72,5158418.88
CL962998,INE002A01018,RELIANCE INDS LTD EQ,739,0,748.2,552919.8
CL855561,INE002A01018,RELIANCE INDS LTD EQ,2647,0,597.51,1581608.97
CL671383,INE001A01036,HDFC BANK LTD DVR,1004,0,2309.46,2318697.84
CL162770,INE238A01026,AXIS BANK LTD EQ,1574,135,2029.66,3194684.84
CL755103,INE018A01030,LARSEN AND TOUBRO,3489,0,1826.09,6371228.01
CL801159,INE002A01018,RELIANCE INDS LTD EQ,1596,262,2371.56,3785009.76
CL857984,INE154A01025,ITC LTD EQ,541,0,721.09,390109.69
CL016998,INE002A01018,RELIANCE INDS LTD EQ,846,0,2461.96,2082818.16
CL788080,INE001A01036,HDFC BANK LTD,37,0,316.81,11721.97
CL756971,INE090A01021,ICICI BANK LTD,972,0,600.19,583384.68
CL079437,INE001A01036,HDFC BANK LTD,2524,0,2269.6,5728470.4
CL462466,INE238A01026,AXIS BANK LTD EQ,1423,0,621.11,883839.53
CL485248,INE018A01030,LARSEN AND TOUBRO,3073,0,1444.09,4437688.57
CL417322,INE238A01026,AXIS BANK LTD EQ,403,0,2078.92,837804.76
CL351802,INE090A01021,ICICI BANK LTD,1800,78,107.39,193302.0
CL698227,INE155A01022,TATA MOTORS LTD,1376,0,2653.56,3651298.56
CL438859,INE154A01025,ITC LTD EQ,2372,0,181.77,431158.44
CL168510,INE238A01026,AXIS BANK LTD EQ,1852,0,1888.06,3496687.12
CL273990,INE001A01036,HDFC BANK LTD DVR,140,0,194.21,27189.4
CL789813,INE018A01030,LARSEN AND TOUBRO,712,0,2735.35,1947569.2
CL986714,INE018A01030,LARSEN AND TOUBRO,1470,0,2760.17,4057449.9
CL934703,INE154A01025,ITC LTD EQ,2451,0,218.38,535249.38
CL226936,INE237A01028,KOTAK MAHINDRA BANK,2772,0,1079.52,2992429.44
CL762537,INE062A01020,STATE BANK OF INDIA,485,407,1365.57,662301.45
CL162157,INE154A01025,ITC LTD EQ,1591,0,2917.37,4641535.67
CL879295,INE002A01018,RELIANCE INDS LTD EQ,3326,107,514.52,1711293.52
CL635611,INE001A01036,HDFC BANK LTD,3337,0,1560.4,5207054.8
CL945563,INE009A01021,INFOSYS LTD,2222,235,2177.43,4838249.46
CL437035,INE090A01021,ICICI BANK LTD,2825,0,2817.62,7959776.5
CL123245,INE001A01036,HDFC BANK LTD,608,498,2699.64,1641381.12
CL948746,INE002A01018,RELIANCE INDS LTD EQ,508,294,2720.14,1381831.12
CL647325,INE237A01028,KOTAK MAHINDRA BANK,1208,0,2688.67,3247913.36
CL051562,INE062A01020,STATE BANK OF INDIA,2420,0,2253.2,5452744.0
CL114663,INE237A01028,KOTAK MAHINDRA BANK,1763,0,2574.71,4539213.73
CL979445,INE090A01021,ICICI BANK LTD,557,0,1921.17,1070091.69
CL975533,INE002A01018,RELIANCE INDS LTD EQ,343,284,2959.32,1015046.76
CL225861,INE237A01028,KOTAK MAHINDRA BANK,552,496,2399.51,1324529.52
CL417456,INE090A01021,ICICI BANK LTD,2450,0,332.84,815458.0
CL568694,INE001A01036,HDFC BNK LTD,504,0,1932.69,974075.76
CL939020,INE001A01036,HDFC BANK LTD,703,0,1194.92,840028.76
CL404456,INE238A01026,AXIS BANK LTD EQ,774,0,548.23,424330.02
CL699445,INE062A01020,STATE BANK OF INDIA,1726,296,1988.37,3431926.62
CL236877,INE002A01018,RELIANCE INDS LTD EQ,1849,329,734.98,1358978.02
CL233592,INE062A01020,STATE BANK OF INDIA,333,177,1855.32,617821.56
CL647462,INE155A01022,TATA MOTORS LTD,551,0,2244.04,1236466.04
CL735996,INE002A01018,RELIANCE INDS LTD EQ,2691,0,161.9,435672.9
CL438520,INE237A01028,KOTAK MAHINDRA BANK,200,0,320.02,64004.0
CL967236,INE155A01022,TATA MOTORS LTD,3353,0,599.46,2009989.38
CL934016,INE154A01025,ITC LTD EQ,2153,384,1321.18,2844500.54
CL554434,INE090A01021,ICICI BANK LTD,838,0,1512.09,1267131.42
CL304940,INE002A01018,RELIANCE INDS LTD EQ,1041,0,1063.29,1106884.89
CL700307,INE155A01022,TATA MOTORS LTD,941,0,711.45,669474.45
CL947357,INE154A01025,ITC LTD EQ,828,0,1157.84,958691.52
CL196778,INE090A01021,ICICI BANK LTD,1802,0,2869.16,5170226.32
CL516173,INE001A01036,HDFC BANK LTD DVR,2422,0,1844.85,4468226.7
CL436700,INE001A01036,HDFC BANK LTD,2857,0,2046.78,5847650.46
CL942301,INE062A01020,STATE BANK OF INDIA,2320,0,2819.05,6540196.0
CL192343,INE002A01018,RELIANCE INDS LTD EQ,2332,0,952.64,2221556.48
CL878021,INE018A01030,LARSEN AND TOUBRO,689,0,113.58,78256.62
CL400161,INE062A01020,STATE BANK OF INDIA,1825,0,2899.79,5292116.75
CL777827,INE001A01036,HDFC BANK LTD,2254,0,1221.22,2752629.88
CL031017,INE237A01028,KOTAK MAHINDRA BANK,3365,0,1256.61,4228492.65
CL907476,INE237A01028,KOTAK MAHINDRA BANK,889,0,544.01,483624.89
CL868606,INE237A01028,KOTAK MAHINDRA BANK,2287,297,2464.21,5635648.27
CL493108,INE154A01025,ITC LTD EQ,427,216,985.21,420684.67
CL615552,INE155A01022,TATA MOTORS LTD,1704,0,2076.74,3538764.96
CL074663,INE002A01018,RELIANCE INDS LTD EQ,405,0,2770.42,1122020.1
CL792798,INE018A01030,LARSEN AND TOUBRO,65,0,1037.67,67448.55
CL635372,INE154A01025,ITC LTD EQ,1233,0,2529.16,3118454.28
CL722660,INE062A01020,STATE BANK OF INDIA,2103,0,2598.86,5465402.58
CL247768,INE154A01025,ITC LTD EQ,3018,0,1836.12,5541410.16
CL592055,INE001A01036,HDFC BANK LTD,1069,0,357.16,381804.04
CL380437,INE237A01028,KOTAK MAHINDRA BANK,3157,309,2102.17,6636550.69
CL332999,INE238A01026,AXIS BNK LTD EQ,3070,319,229.05,703183.5
CL997077,INE002A01018,RELIANCE INDS LTD EQ,206,58,2884.04,594112.24
CL942156,INE062A01020,STATE BANK OF INDIA,1664,376,783.04,1302978.56
CL204926,INE238A01026,AXIS BANK LTD EQ,3003,0,589.01,1768797.03
CL549822,INE002A01018,RELIANCE INDS LTD EQ,3290,0,2830.68,9312937.2
CL463485,INE002A01018,RELIANCE INDS LTD EQ,3315,0,1053.39,3491987.85
CL698673,INE154A01025,ITC LTD EQ,2256,0,2538.18,5726134.08
CL814002,INE238A01026,AXIS BANK LTD EQ,154,0,1279.83,197093.82
CL435852,INE002A01018,RELIANCE INDS LTD EQ,2,0,2742.93,5485.86
CL990573,INE009A01021,INFOSYS LTD,1237,0,1938.19,2397541.03
CL396454,INE018A01030,LARSEN AND TOUBRO,1997,0,1653.41,3301859.77
CL337221,INE002A01018,RELIANCE INDS LTD EQ,1369,0,1966.05,2691522.45
CL681603,INE062A01020,STATE BANK OF INDIA,449,0,757.66,340189.34
CL116589,INE237A01028,KOTAK MAHINDRA BANK,12,0,484.43,5813.16
CL272488,INE238A01026,AXIS BANK LTD EQ,2706,0,1060.2,2868901.2
CL236712,INE002A01018,RELIANCE INDS LTD EQ,1705,0,136.95,233499.75
CL559962,INE018A01030,LARSEN AND TOUBRO,2889,0,2139.66,6181477.74
CL928559,INE018A01030,LARSEN AND TOUBRO,3384,428,857.04,2900223.36
CL038221,INE009A01021,INFOSYS LTD,2044,0,631.08,1289927.52
CL009910,INE238A01026,AXIS BANK LTD EQ,49,0,989.51,48485.99
CL390104,INE238A01026,AXIS BANK LTD EQ,389,0,161.63,62874.07
CL613192,INE238A01026,AXIS BANK LTD EQ,1027,0,2257.36,2318308.72
CL288064,INE154A01025,ITC LTD EQ,1587,0,1082.59,1718070.33
CL031601,INE018A01030,LARSEN AND TOUBRO,2033,0,139.55,283705.15
CL857173,INE155A01022,TATA MOTORS LTD,1150,0,2008.94,2310281.0
CL821774,INE018A01030,LARSEN AND TOUBRO,2690,0,1770.12,4761622.8
CL467385,INE002A01018,RELIANCE INDS LTD EQ,3410,0,2558.78,8725439.8
CL566708,INE154A01025,ITC LTD EQ,125,83,2079.03,259878.75
CL054846,INE062A01020,STATE BANK OF INDIA,617,0,856.31,528343.27
CL777913,INE002A01018,RELIANCE INDS LTD EQ,300,0,2480.25,744075.0
CL062813,INE002A01018,RELIANCE INDS LTD DVR EQ,2598,0,2235.4,5807569.2
CL860633,INE154A01025,ITC LTD EQ,3170,0,387.37,1227962.9
CL103316,INE154A01025,ITC LTD EQ,2445,0,2908.44,7111135.8
CL828885,INE018A01030,LARSEN AND TOUBRO,1977,0,2321.48,4589565.96
CL467645,INE154A01025,ITC LTD EQ,2733,0,2385.25,6518888.25
CL633304,INE001A01036,HDFC BANK LTD,3491,0,2191.59,7650840.69
CL175824,INE238A01026,AXIS BNK LTD EQ,1252,0,426.28,533702.56
CL039319,INE001A01036,HDFC BANK LTD,1852,0,1494.53,2767869.56
CL783497,INE002A01018,RELIANCE INDS LTD EQ,2722,0,399.57,1087629.54
CL171066,INE002A01018,RELIANCE INDS LTD DVR EQ,3233,0,1421.5,4595709.5
CL467860,INE002A01018,RELIANCE INDS LTD EQ,793,0,1393.61,1105132.73
CL256264,INE062A01020,STATE BANK OF INDIA,3028,0,791.68,2397207.04
CL513385,INE090A01021,ICICI BANK LTD,2418,5,1262.92,3053740.56
CL751837,INE090A01021,ICICI BANK LTD,2661,0,396.27,1054474.47
CL067194,INE009A01021,INFOSYS LTD,987,0,1436.59,1417914.33
CL532928,INE062A01020,STATE BANK OF INDIA,1495,0,2199.56,3288342.2
CL434073,INE237A01028,KOTAK MAHINDRA BANK,1513,0,2175.06,3290865.78
CL405965,INE009A01021,INFOSYS LTD,3155,0,370.55,1169085.25
CL299388,INE009A01021,INFOSYS LTD,1128,423,791.95,893319.6
CL322823,INE237A01028,KOTAK MAHINDRA BANK,1253,0,1274.31,1596710.43
CL973771,INE237A01028,KOTAK MAHINDRA BANK,2369,445,294.53,697741.57
CL320074,INE238A01026,AXIS BANK LTD EQ,1901,0,1668.9,3172578.9
CL297895,INE237A01028,KOTAK MAHINDRA BANK,636,82,810.23,515306.28
CL608821,INE009A01021,INFOSYS LTD,11,1,2900.99,31910.89
CL687917,INE009A01021,INFOSYS LTD,2659,0,1080.57,2873235.63
CL056145,INE002A01018,RELIANCE INDS LTD EQ,1841,0,828.25,1524808.25
CL145111,INE154A01025,ITC LTD EQ,2374,228,1772.49,4207891.26
CL979153,INE238A01026,AXIS BANK LTD EQ,2744,0,1986.65,5451367.6
CL856256,INE009A01021,INFOSYS LTD,2228,0,2347.58,5230408.24
CL034019,INE154A01025,ITC LTD EQ,1129,0,1502.83,1696695.07
CL011573,INE009A01021,INFOSYS LTD DVR,513,0,512.63,262979.19
CL017914,INE155A01022,TATA MOTORS LTD,1177,0,1682.98,1980867.46
CL891352,INE090A01021,ICICI BANK LTD,313,0,101.88,31888.44
CL991141,INE018A01030,LARSEN AND TOUBRO,1495,0,1224.0,1829880.0
CL300456,INE002A01018,RELIANCE INDS LTD EQ,2559,0,2103.19,5382063.21
CL624645,INE237A01028,KOTAK MAHINDRA BNK,2142,0,764.15,1636809.3
CL441003,INE237A01028,KOTAK MAHINDRA BANK,3241,0,116.06,376150.46
CL208720,INE238A01026,AXIS BANK LTD EQ,720,141,2210.22,1591358.4
CL607469,INE155A01022,TATA MOTORS LTD,1896,0,2491.1,4723125.6
CL531804,INE154A01025,ITC LTD EQ,1394,0,659.87,919858.78
CL341723,INE001A01036,HDFC BANK LTD,2402,0,238.39,572612.78
CL372849,INE001A01036,HDFC BANK LTD DVR,2989,0,101.26,302666.14
CL213540,INE018A01030,LARSEN AND TOUBRO,840,0,465.68,391171.2
CL357854,INE018A01030,LARSEN AND TOUBRO,14,0,884.49,12382.86
CL001282,INE002A01018,RELIANCE INDS LTD EQ,2488,0,1171.38,2914393.44
CL745457,INE009A01021,INFOSYS LTD,2993,386,1663.4,4978556.2
CL182680,INE154A01025,ITC LTD EQ,2523,0,390.26,984625.98
CL518298,INE090A01021,ICICI BANK LTD,449,0,1176.64,528311.36
CL513340,INE238A01026,AXIS BANK LTD EQ,788,0,577.35,454951.8
CL479714,INE018A01030,LARSEN AND TOUBRO,2711,133,1842.23,4994285.53
CL928676,INE002A01018,RELIANCE INDS LTD EQ,3099,0,2344.33,7265078.67
CL549705,INE090A01021,ICICI BANK LTD,687,0,189.52,130200.24
CL241986,INE002A01018,RELIANCE INDS LTD EQ,1754,0,806.13,1413952.02
CL541045,INE154A01025,ITC LTD DVR EQ,336,0,1842.69,619143.84
CL987525,INE155A01022,TATA MOTORS LTD,1962,0,1451.54,2847921.48
CL560800,INE155A01022,TATA MOTORS LTD,138,0,351.72,48537.36
CL587015,INE238A01026,AXIS BANK LTD EQ,253,0,1704.43,431220.79
CL999856,INE154A01025,ITC LTD EQ,180,0,1060.94,190969.2
CL589899,INE154A01025,ITC LTD EQ,2492,0,2297.54,5725469.68
CL934338,INE009A01021,INFOSYS LTD,1846,0,1985.0,3664310.0
CL557934,INE062A01020,STATE BANK OF INDIA,818,0,2945.51,2409427.18
CL787235,INE154A01025,ITC LTD EQ,1933,83,147.27,284672.91
CL325659,INE237A01028,KOTAK MAHINDRA BANK,65,0,907.13,58963.45
CL788376,INE001A01036,HDFC BNK LTD,2809,77,2870.07,8062026.63
CL463272,INE001A01036,HDFC BANK LTD,249,0,202.83,50504.67
CL996299,INE090A01021,ICICI BANK LTD,3286,0,2925.9,9614507.4
CL927948,INE237A01028,KOTAK MAHINDRA BANK,1114,0,2530.89,2819411.46
CL505906,INE154A01025,ITC LTD EQ,2472,0,808.33,1998191.76
CL093095,INE155A01022,TATA MOTORS LTD,527,8,407.43,214715.61
CL220232,INE090A01021,ICICI BANK LTD,211,0,2273.93,479799.23
CL125610,INE062A01020,STATE BANK OF INDIA,625,0,1951.01,1219381.25
CL917611,INE237A01028,KOTAK MAHINDRA BNK,499,0,589.66,294240.34
CL405810,INE238A01026,AXIS BNK LTD EQ,60,0,2326.44,139586.4
CL764205,INE009A01021,INFOSYS LTD,3435,0,439.78,1510644.3
CL645923,INE062A01020,STATE BANK OF INDIA,2368,0,2816.09,6668501.12
CL508850,INE018A01030,LARSEN AND TOUBRO,542,76,634.75,344034.5
CL333055,INE237A01028,KOTAK MAHINDRA BANK,2836,0,2356.24,6682296.64
CL391097,INE002A01018,RELIANCE INDS LTD EQ,1879,486,1372.05,2578081.95
CL073088,INE154A01025,ITC LTD DVR EQ,2509,159,1146.02,2875364.18
CL460238,INE237A01028,KOTAK MAHINDRA BANK,453,0,1106.91,501430.23
CL541148,INE001A01036,HDFC BANK LTD,303,0,822.25,249141.75
CL475076,INE155A01022,TATA MOTORS LTD,2516,482,1632.11,4106388.76
CL934275,INE237A01028,KOTAK MAHINDRA BANK,893,0,1932.74,1725936.82
CL956057,INE090A01021,ICICI BANK LTD,2719,0,295.66,803899.54
CL427017,INE155A01022,TATA MOTORS LTD,1900,0,136.99,260281.0
CL941863,INE237A01028,KOTAK MAHINDRA BNK,940,0,1963.9,1846066.0
CL129433,INE002A01018,RELIANCE INDS LTD DVR EQ,1225,0,1009.08,1236123.0
CL224467,INE237A01028,KOTAK MAHINDRA BANK,2117,0,1718.46,3637979.82
CL315524,INE155A01022,TATA MOTORS LTD,205,22,2143.61,439440.05
CL486057,INE238A01026,AXIS BANK LTD EQ,2229,0,573.71,1278799.59
CL253764,INE237A01028,KOTAK MAHINDRA BANK,710,0,2269.81,1611565.1
CL694497,INE237A01028,KOTAK MAHINDRA BANK,667,376,2754.18,1837038.06
CL787740,INE002A01018,RELIANCE INDS LTD EQ,2461,0,477.13,1174216.93
CL799928,INE155A01022,TATA MOTORS LTD,3349,0,243.95,816988.55
CL244196,INE238A01026,AXIS BANK LTD EQ,2359,0,623.72,1471355.48
CL029271,INE154A01025,ITC LTD EQ,2558,0,1511.23,3865726.34
CL221676,INE154A01025,ITC LTD EQ,2668,0,2286.13,6099394.84
CL956407,INE237A01028,KOTAK MAHINDRA BANK,2768,0,2345.51,6492371.68
CL633686,INE009A01021,INFOSYS LTD,1894,0,360.51,682805.94
CL151083,INE001A01036,HDFC BANK LTD,1647,348,1980.19,3261372.93
CL810948,INE154A01025,ITC LTD EQ,228,0,2217.77,505651.56
CL366178,INE154A01025,ITC LTD EQ,3091,0,1526.2,4717484.2
CL515087,INE001A01036,HDFC BANK LTD,591,222,2581.57,1525707.87
CL455722,INE009A01021,INFOSYS LTD,3157,0,1180.13,3725670.41
CL543151,INE154A01025,ITC LTD EQ,2206,0,186.89,412279.34
CL254181,INE090A01021,ICICI BANK LTD,1846,0,1810.74,3342626.04
CL907442,INE018A01030,LARSEN AND TOUBRO,2824,0,2830.58,7993557.92
CL869274,INE062A01020,STATE BANK OF INDIA,1132,0,517.29,585572.28
CL252823,INE001A01036,HDFC BANK LTD,1050,0,1833.63,1925311.5
CL067370,INE155A01022,TATA MOTORS LTD,1787,0,357.25,638405.75
CL405134,INE155A01022,TATA MOTORS LTD DVR,1011,0,1291.04,1305241.44
CL057965,INE001A01036,HDFC BANK LTD DVR,2962,461,591.59,1752289.58
CL309757,INE002A01018,RELIANCE INDS LTD EQ,2684,69,676.26,1815081.84
CL794834,INE154A01025,ITC LTD EQ,2515,0,2429.0,6108935.0
CL807813,INE154A01025,ITC LTD EQ,2406,0,1109.87,2670347.22
CL153971,INE154A01025,ITC LTD EQ,1410,0,252.06,355404.6
CL345220,INE237A01028,KOTAK MAHINDRA BANK,2832,0,2726.4,7721164.8
CL574335,INE155A01022,TATA MOTORS LTD,2592,335,2398.15,6216004.8
CL705242,INE155A01022,TATA MOTORS LTD,3072,261,693.91,2131691.52
CL172017,INE001A01036,HDFC BANK LTD,3099,0,1266.68,3925441.32
CL688335,INE154A01025,ITC LTD EQ,1368,0,1907.27,2609145.36
CL909873,INE001A01036,HDFC BANK LTD,3213,0,2063.28,6629318.64
CL308964,INE062A01020,STATE BANK OF INDIA,1294,0,2461.51,3185193.94
CL857855,INE238A01026,AXIS BANK LTD EQ,3185,41,2293.32,7304224.2
CL236237,INE154A01025,ITC LTD EQ,3449,0,2069.46,7137567.54
CL243920,INE154A01025,ITC LTD EQ,304,293,1820.89,553550.56
CL148806,INE237A01028,KOTAK MAHINDRA BANK,1192,0,2319.4,2764724.8
CL862305,INE001A01036,HDFC BANK LTD DVR,885,0,1788.65,1582955.25
CL489029,INE018A01030,LARSEN AND TOUBRO,3105,0,2316.23,7191894.15
CL528920,INE062A01020,STATE BANK OF INDIA,585,0,2265.93,1325569.05
CL787431,INE237A01028,KOTAK MAHINDRA BNK,1051,0,1273.12,1338049.12
CL626525,INE018A01030,LARSEN AND TOUBRO,3372,0,2966.43,10002801.96
CL603728,INE002A01018,RELIANCE INDS LTD DVR EQ,830,12,2862.73,2376065.9
CL284514,INE238A01026,AXIS BANK LTD EQ,629,0,892.23,561212.67
CL623643,INE002A01018,RELIANCE INDS LTD EQ,1608,0,2879.82,4630750.56
CL406015,INE155A01022,TATA MOTORS LTD,259,0,563.25,145881.75
CL904744,INE002A01018,RELIANCE INDS LTD EQ,1920,0,1824.61,3503251.2
CL247657,INE155A01022,TATA MOTORS LTD,2992,0,1601.25,4790940.0
CL990644,INE090A01021,ICICI BANK LTD,1836,0,294.8,541252.8
CL227662,INE090A01021,ICICI BANK LTD,3337,0,2008.1,6701029.7
CL715004,INE009A01021,INFOSYS LTD,566,0,2157.78,1221303.48
CL313102,INE018A01030,LARSEN AND TOUBRO,2086,0,1020.77,2129326.22
CL443131,INE090A01021,ICICI BANK LTD,1913,0,889.25,1701135.25
CL652449,INE237A01028,KOTAK MAHINDRA BANK,2024,0,2617.72,5298265.28
CL824989,INE018A01030,LARSEN AND TOUBRO,624,0,2568.57,1602787.68
CL598979,INE062A01020,STATE BANK OF INDIA,2159,0,941.46,2032612.14
CL515422,INE062A01020,STATE BANK OF INDIA,3348,0,406.09,1359589.32
CL505320,INE237A01028,KOTAK MAHINDRA BANK,2933,0,2837.54,8322504.82
CL776164,INE237A01028,KOTAK MAHINDRA BANK,1435,0,908.08,1303094.8
CL866399,INE155A01022,TATA MOTORS LTD,1520,262,2504.6,3806992.0
CL955919,INE062A01020,STATE BANK OF INDIA,3026,0,938.08,2838630.08
CL065445,INE001A01036,HDFC BANK LTD,693,0,611.35,423665.55
CL235339,INE238A01026,AXIS BANK LTD EQ,1286,0,1879.39,2416895.54
CL960911,INE237A01028,KOTAK MAHINDRA BANK,96,0,344.23,33046.08
CL827770,INE237A01028,KOTAK MAHINDRA BANK,902,136,1882.59,1698096.18
CL033226,INE090A01021,ICICI BANK LTD,1360,0,1040.63,1415256.8
CL630037,INE002A01018,RELIANCE INDS LTD EQ,219,0,1790.98,392224.62
CL555649,INE002A01018,RELIANCE INDS LTD EQ,1891,0,1687.73,3191497.43
CL316139,INE090A01021,ICICI BANK LTD,1841,0,1803.52,3320280.32
CL950992,INE154A01025,ITC LTD EQ,2565,0,822.81,2110507.65
CL159835,INE018A01030,LARSEN AND TOUBRO,353,0,110.86,39133.58
CL116709,INE155A01022,TATA MOTORS LTD,3285,301,923.53,3033796.05
CL241941,INE062A01020,STATE BANK OF INDIA,447,0,2940.02,1314188.94
CL540767,INE018A01030,LARSEN AND TOUBRO,2202,0,1341.72,2954467.44
CL910321,INE062A01020,STATE BANK OF INDIA,2338,0,1348.47,3152722.86
CL500871,INE018A01030,LARSEN AND TOUBRO,1185,0,2881.01,3413996.85
CL663752,INE154A01025,ITC LTD DVR EQ,606,0,354.68,214936.08
CL209924,INE062A01020,STATE BANK OF INDIA,1166,0,1357.72,1583101.52
CL855060,INE238A01026,AXIS BANK LTD EQ,1956,0,1725.96,3375977.76
CL564455,INE154A01025,ITC LTD EQ,1204,0,192.21,231420.84
CL309380,INE009A01021,INFOSYS LTD,50,28,1450.56,72528.0
CL132620,INE238A01026,AXIS BANK LTD EQ,1142,0,1782.34,2035432.28
CL365797,INE009A01021,INFOSYS LTD,3094,0,630.11,1949560.34
CL239671,INE238A01026,AXIS BNK LTD EQ,1146,0,1291.0,1479486.0
CL250441,INE090A01021,ICICI BANK LTD,655,0,2405.81,1575805.55
CL268750,INE090A01021,ICICI BANK LTD,588,0,1809.31,1063874.28
CL010795,INE002A01018,RELIANCE INDS LTD EQ,1164,0,205.17,238817.88
CL373774,INE155A01022,TATA MOTORS LTD DVR,2107,68,2108.97,4443599.79
CL197776,INE237A01028,KOTAK MAHINDRA BANK,1711,0,2402.11,4110010.21
CL260854,INE154A01025,ITC LTD EQ,1705,0,992.56,1692314.8
CL855679,INE154A01025,ITC LTD DVR EQ,745,0,1197.65,892249.25
CL605170,INE018A01030,LARSEN AND TOUBRO,1158,0,1688.71,1955526.18
CL629944,INE154A01025,ITC LTD EQ,2760,0,1205.2,3326352.0
CL572791,INE002A01018,RELIANCE INDS LTD EQ,388,0,1141.35,442843.8
CL807201,INE090A01021,ICICI BANK LTD DVR,2359,0,709.48,1673663.32
CL698708,INE002A01018,RELIANCE INDS LTD EQ,528,0,2150.07,1135236.96
CL335046,INE237A01028,KOTAK MAHINDRA BANK,1517,0,2213.15,3357348.55
CL507206,INE009A01021,INFOSYS LTD,1606,0,2081.34,3342632.04
CL163995,INE001A01036,HDFC BANK LTD,809,0,1668.39,1349727.51
CL582369,INE237A01028,KOTAK MAHINDRA BANK,1168,0,2444.49,2855164.32
CL195007,INE090A01021,ICICI BANK LTD DVR,373,132,2506.08,934767.84
CL414937,INE155A01022,TATA MOTORS LTD,1934,0,295.68,571845.12
CL955408,INE002A01018,RELIANCE INDS LTD EQ,2506,479,1657.83,4154521.98
CL357592,INE238A01026,AXIS BANK LTD EQ,568,0,930.88,528739.84
CL592254,INE237A01028,KOTAK MAHINDRA BANK,392,0,2793.22,1094942.24
CL108842,INE009A01021,INFOSYS LTD,2745,410,2382.94,6541170.3
CL245860,INE001A01036,HDFC BANK LTD,1758,0,2688.12,4725714.96
CL566073,INE155A01022,TATA MOTORS LTD,35,0,1727.21,60452.35
CL023437,INE090A01021,ICICI BANK LTD,3260,0,1129.25,3681355.0
CL219099,INE154A01025,ITC LTD EQ,318,0,1200.35,381711.3
CL730490,INE238A01026,AXIS BANK LTD EQ,2078,0,2682.1,5573403.8
CL369414,INE238A01026,AXIS BANK LTD EQ,3012,0,1157.47,3486299.64
CL424107,INE001A01036,HDFC BANK LTD DVR,2704,0,2518.68,6810510.72
CL673748,INE090A01021,ICICI BANK LTD,820,0,730.0,598600.0
CL338683,INE237A01028,KOTAK MAHINDRA BANK,2482,190,287.17,712755.94
CL543078,INE002A01018,RELIANCE INDS LTD EQ,1134,0,1571.85,1782477.9
CL596320,INE018A01030,LARSEN AND TOUBRO,214,0,1188.48,254334.72
CL662430,INE062A01020,STATE BANK OF INDIA,3188,0,2527.35,8057191.8
CL313082,INE154A01025,ITC LTD EQ,549,0,1990.64,1092861.36
CL854813,INE154A01025,ITC LTD EQ,1524,0,2707.44,4126138.56
CL970151,INE237A01028,KOTAK MAHINDRA BANK,3388,0,2518.45,8532508.6
CL452793,INE090A01021,ICICI BANK LTD,1771,0,1655.12,2931217.52
CL627185,INE018A01030,LARSEN AND TOUBRO,656,0,1441.56,945663.36
CL612422,INE001A01036,HDFC BNK LTD,2927,0,2007.69,5876508.63
CL605071,INE154A01025,ITC LTD EQ,1016,170,2252.51,2288550.16
CL333889,INE090A01021,ICICI BANK LTD,746,0,2438.05,1818785.3
CL409655,INE001A01036,HDFC BANK LTD DVR,1381,0,144.79,199954.99
CL659516,INE062A01020,STATE BANK OF INDIA,2290,470,2836.27,6495058.3
CL567886,INE238A01026,AXIS BANK LTD EQ,2707,0,613.52,1660798.64
CL521059,INE002A01018,RELIANCE INDS LTD DVR EQ,1261,0,466.63,588420.43
CL088127,INE018A01030,LARSEN AND TOUBRO,1783,0,1824.72,3253475.76
CL978139,INE154A01025,ITC LTD EQ,1337,0,2015.65,2694924.05
CL779330,INE002A01018,RELIANCE INDS LTD EQ,1635,0,1434.5,2345407.5
CL792404,INE002A01018,RELIANCE INDS LTD EQ,694,312,2337.1,1621947.4
CL496036,INE155A01022,TATA MOTORS LTD,2605,0,1001.4,2608647.0
CL948185,INE237A01028,KOTAK MAHINDRA BANK,3212,0,2874.56,9233086.72
CL901986,INE062A01020,STATE BANK OF INDIA,2162,0,845.17,1827257.54
CL363719,INE237A01028,KOTAK MAHINDRA BANK,90,0,1589.67,143070.3
CL033769,INE009A01021,INFOSYS LTD,3446,0,1805.41,6221442.86
CL924794,INE009A01021,INFOSYS LTD,1330,0,728.66,969117.8
CL223076,INE237A01028,KOTAK MAHINDRA BANK,945,0,2538.99,2399345.55
CL723824,INE155A01022,TATA MOTORS LTD,257,0,2357.36,605841.52
CL160193,INE237A01028,KOTAK MAHINDRA BANK,505,0,2519.85,1272524.25
CL093671,INE001A01036,HDFC BANK LTD,163,112,800.72,130517.36
CL073324,INE238A01026,AXIS BANK LTD EQ,3147,341,1278.79,4024352.13
CL666216,INE155A01022,TATA MOTORS LTD,543,0,2423.48,1315949.64
CL646914,INE237A01028,KOTAK MAHINDRA BANK,560,0,531.59,297690.4
CL941694,INE155A01022,TATA MOTORS LTD,209,0,2496.85,521841.65
CL672375,INE237A01028,KOTAK MAHINDRA BANK,1421,0,1334.75,1896679.75
CL074652,INE090A01021,ICICI BANK LTD DVR,1800,0,1621.49,2918682.0
CL128459,INE009A01021,INFOSYS LTD DVR,3092,444,640.21,1979529.32
CL523496,INE001A01036,HDFC BANK LTD,892,0,1876.8,1674105.6
CL258113,INE002A01018,RELIANCE INDS LTD EQ,818,0,2681.67,2193606.06
CL109709,INE018A01030,LARSEN AND TOUBRO,907,0,2478.95,2248407.65
CL523418,INE237A01028,KOTAK MAHINDRA BANK,246,164,2289.49,563214.54
CL633750,INE238A01026,AXIS BANK LTD EQ,149,0,2430.24,362105.76
CL745708,INE090A01021,ICICI BANK LTD,2317,0,250.41,580199.97
CL383554,INE002A01018,RELIANCE INDS LTD EQ,3468,0,641.47,2224617.96
CL137977,INE238A01026,AXIS BANK LTD EQ,2919,452,2068.06,6036667.14
CL641158,INE154A01025,ITC LTD EQ,1540,0,912.82,1405742.8
CL123185,INE238A01026,AXIS BANK LTD EQ,318,0,381.01,121161.18
CL672599,INE237A01028,KOTAK MAHINDRA BNK,655,0,181.8,119079.0
CL263073,INE009A01021,INFOSYS LTD,198,104,2241.4,443797.2
CL846099,INE009A01021,INFOSYS LTD,2782,0,2180.54,6066262.28
CL006080,INE002A01018,RELIANCE INDS LTD EQ,1269,0,1791.99,2274035.31
CL646459,INE009A01021,INFOSYS LTD,1655,0,2887.27,4778431.85
CL481553,INE238A01026,AXIS BANK LTD EQ,2434,0,649.77,1581540.18
CL065163,INE154A01025,ITC LTD EQ,1101,0,409.02,450331.02
CL436788,INE090A01021,ICICI BANK LTD,1750,0,2341.81,4098167.5
CL718161,INE002A01018,RELIANCE INDS LTD EQ,1405,0,1027.79,1444044.95
CL181109,INE018A01030,LARSEN AND TOUBRO,2821,0,872.43,2461125.03
CL945351,INE009A01021,INFOSYS LTD,1889,0,568.71,1074293.19
CL635174,INE237A01028,KOTAK MAHINDRA BANK,1146,0,883.18,1012124.28
CL615776,INE154A01025,ITC LTD EQ,635,0,689.85,438054.75
CL307831,INE062A01020,STATE BNK OF INDIA,2554,0,956.26,2442288.04
CL623638,INE237A01028,KOTAK MAHINDRA BANK,1457,485,1153.28,1680328.96
CL320323,INE154A01025,ITC LTD EQ,2500,0,2857.63,7144075.0
CL979017,INE238A01026,AXIS BANK LTD EQ,2290,0,348.34,797698.6
CL325290,INE090A01021,ICICI BANK LTD,2158,0,1351.66,2916882.28
CL460309,INE001A01036,HDFC BANK LTD,2189,0,1476.05,3231073.45
CL637847,INE018A01030,LARSEN AND TOUBRO,985,0,2438.81,2402227.85
CL322568,INE001A01036,HDFC BANK LTD,2524,0,1530.31,3862502.44
CL144781,INE155A01022,TATA MOTORS LTD,349,0,307.19,107209.31
CL878392,INE002A01018,RELIANCE INDS LTD EQ,2823,0,2670.21,7538002.83
CL415292,INE002A01018,RELIANCE INDS LTD EQ,3081,0,679.02,2092060.62
CL994246,INE155A01022,TATA MOTORS LTD,2014,0,1890.76,3807990.64
CL951257,INE018A01030,LARSEN AND TOUBRO,750,0,2546.78,1910085.0
CL832958,INE018A01030,LARSEN AND TOUBRO,3084,0,2877.82,8875196.88
CL573418,INE154A01025,ITC LTD EQ,3120,0,177.44,553612.8
CL308083,INE062A01020,STATE BANK OF INDIA,492,483,2035.94,1001682.48
CL000972,INE090A01021,ICICI BANK LTD,1763,0,2321.36,4092557.68
CL478168,INE002A01018,RELIANCE INDS LTD EQ,696,0,252.87,175997.52
CL309388,INE090A01021,ICICI BANK LTD DVR,1262,170,1528.81,1929358.22
CL151536,INE237A01028,KOTAK MAHINDRA BANK,326,0,486.32,158540.32
CL557309,INE062A01020,STATE BANK OF INDIA,1089,0,2698.17,2938307.13
CL593012,INE237A01028,KOTAK MAHINDRA BANK,2230,205,2661.37,5934855.1
CL900452,INE062A01020,STATE BANK OF INDIA,1060,0,2446.97,2593788.2
CL499948,INE237A01028,KOTAK MAHINDRA BANK,431,0,1063.99,458579.69
CL430794,INE002A01018,RELIANCE INDS LTD EQ,297,0,1446.59,429637.23
CL548582,INE001A01036,HDFC BANK LTD,2962,259,2852.21,8448246.02
CL322557,INE154A01025,ITC LTD EQ,3001,61,1833.4,5502033.4
CL043741,INE154A01025,ITC LTD EQ,3137,0,265.05,831461.85
CL242321,INE237A01028,KOTAK MAHINDRA BANK,942,0,1638.32,1543297.44
CL276797,INE237A01028,KOTAK MAHINDRA BANK,3313,0,1202.85,3985042.05
CL272184,INE062A01020,STATE BANK OF INDIA,632,0,1201.28,759208.96
CL728547,INE090A01021,ICICI BANK LTD,2296,0,1893.47,4347407.12
CL102709,INE154A01025,ITC LTD EQ,2143,0,586.67,1257233.81
CL183952,INE001A01036,HDFC BANK LTD,3473,0,1667.59,5791540.07
CL985854,INE018A01030,LARSEN AND TOUBRO,3298,0,414.5,1367021.0
CL721513,INE237A01028,KOTAK MAHINDRA BANK,1809,0,573.46,1037389.14
CL592725,INE154A01025,ITC LTD EQ,2879,0,329.26,947939.54
CL307900,INE090A01021,ICICI BNK LTD,3233,0,2029.78,6562278.74
CL230447,INE001A01036,HDFC BANK LTD,1995,0,2994.23,5973488.85
CL864111,INE154A01025,ITC LTD EQ,2153,0,2128.64,4582961.92
CL096282,INE237A01028,KOTAK MAHINDRA BANK,3226,0,1713.76,5528589.76
CL184231,INE155A01022,TATA MOTORS LTD,944,0,1223.02,1154530.88
CL777802,INE090A01021,ICICI BANK LTD,2349,0,417.95,981764.55
CL392766,INE002A01018,RELIANCE INDS LTD EQ,2786,0,1104.57,3077332.02
CL030679,INE237A01028,KOTAK MAHINDRA BANK,3063,0,2620.47,8026499.61
CL367111,INE018A01030,LARSEN AND TOUBRO,345,0,1816.4,626658.0
CL062937,INE090A01021,ICICI BANK LTD DVR,1920,0,893.83,1716153.6
CL385730,INE090A01021,ICICI BANK LTD,2935,0,2534.31,7438199.85
CL026646,INE018A01030,LARSEN AND TOUBRO,849,0,2227.36,1891028.64
CL497665,INE009A01021,INFOSYS LTD,1439,0,2190.64,3152330.96
CL016915,INE237A01028,KOTAK MAHINDRA BANK,778,0,1861.82,1448495.96
CL509279,INE001A01036,HDFC BANK LTD,2502,0,137.35,343649.7
CL273225,INE009A01021,INFOSYS LTD,1950,0,1419.59,2768200.5
CL975452,INE018A01030,LARSEN AND TOUBRO,1436,0,115.29,165556.44
CL624974,INE155A01022,TATA MOTORS LTD,815,0,1917.15,1562477.25
CL580987,INE238A01026,AXIS BANK LTD EQ,3029,0,2573.11,7793950.19
CL533329,INE018A01030,LARSEN AND TOUBRO,577,0,2763.74,1594677.98
CL753818,INE154A01025,ITC LTD EQ,1536,0,2064.51,3171087.36
CL950758,INE154A01025,ITC LTD EQ,290,0,2144.12,621794.8
CL155230,INE155A01022,TATA MOTORS LTD,244,0,2679.5,653798.0
CL599265,INE009A01021,INFOSYS LTD,3356,0,204.37,685865.72
CL388918,INE001A01036,HDFC BANK LTD,34,4,1141.53,38812.02
CL379668,INE009A01021,INFOSYS LTD,2422,0,1799.75,4358994.5
CL027709,INE154A01025,ITC LTD EQ,1323,27,860.04,1137832.92
CL416069,INE237A01028,KOTAK MAHINDRA BANK,735,0,1878.17,1380454.95
CL545681,INE009A01021,INFOSYS LTD DVR,152,0,1115.99,169630.48
CL127601,INE090A01021,ICICI BANK LTD,24,0,148.04,3552.96
CL235419,INE018A01030,LARSEN AND TOUBRO,1199,107,1701.23,2039774.77
CL019679,INE001A01036,HDFC BANK LTD,35,0,351.74,12310.9
CL865221,INE018A01030,LARSEN AND TOUBRO,1965,0,2886.1,5671186.5
CL926366,INE009A01021,INFOSYS LTD,1140,0,968.0,1103520.0
CL583717,INE009A01021,INFOSYS LTD,53,0,2005.04,106267.12
CL700953,INE238A01026,AXIS BANK LTD EQ,2534,0,1772.1,4490501.4
CL140815,INE002A01018,RELIANCE INDS LTD EQ,2041,0,2672.43,5454429.63
CL347482,INE002A01018,RELIANCE INDS LTD EQ,87,0,2137.48,185960.76
CL415866,INE062A01020,STATE BNK OF INDIA,803,0,1948.96,1565014.88
CL894782,INE018A01030,LARSEN AND TOUBRO,321,0,2867.52,920473.92
CL650241,INE237A01028,KOTAK MAHINDRA BANK,3381,0,740.61,2504002.41
CL814444,INE001A01036,HDFC BANK LTD,2037,0,1413.08,2878443.96
CL617800,INE018A01030,LARSEN AND TOUBRO,2618,0,2814.24,7367680.32
CL349219,INE090A01021,ICICI BANK LTD,2816,158,1273.07,3584965.12
CL100366,INE018A01030,LARSEN AND TOUBRO,1360,0,2717.94,3696398.4
CL841452,INE062A01020,STATE BANK OF INDIA,266,0,2028.33,539535.78
CL123345,INE155A01022,TATA MOTORS LTD,2968,0,2257.92,6701506.56
CL689529,INE238A01026,AXIS BANK LTD EQ,300,0,424.32,127296.0
CL385901,INE018A01030,LARSEN AND TOUBRO,2916,0,593.34,1730179.44
CL099510,INE237A01028,KOTAK MAHINDRA BANK,66,0,2284.46,150774.36
CL683760,INE001A01036,HDFC BANK LTD,3009,0,1157.11,3481743.99
CL325666,INE009A01021,INFOSYS LTD,2135,0,187.74,400824.9
CL462886,INE002A01018,RELIANCE INDS LTD EQ,2401,0,2172.84,5216988.84
CL000659,INE154A01025,ITC LTD EQ,1717,0,2149.45,3690605.65
CL632025,INE238A01026,AXIS BANK LTD DVR EQ,1233,0,832.37,1026312.21
CL753493,INE154A01025,ITC LTD EQ,745,0,2103.57,1567159.65
CL829254,INE238A01026,AXIS BANK LTD EQ,164,0,2471.0,405244.0
CL391576,INE090A01021,ICICI BANK LTD,1037,0,334.1,346461.7
CL587664,INE062A01020,STATE BANK OF INDIA,2458,0,1703.62,4187497.96
CL649429,INE062A01020,STATE BANK OF INDIA,132,0,560.05,73926.6
CL887982,INE154A01025,ITC LTD EQ,2516,0,566.22,1424609.52
CL236861,INE062A01020,STATE BANK OF INDIA,895,0,2886.27,2583211.65
CL585319,INE238A01026,AXIS BANK LTD EQ,164,0,1583.28,259657.92
CL497974,INE154A01025,ITC LTD EQ,3441,0,721.65,2483197.65
CL360046,INE155A01022,TATA MOTORS LTD,2223,0,2310.06,5135263.38
CL466666,INE009A01021,INFOSYS LTD,2770,0,752.31,2083898.7
CL495726,INE154A01025,ITC LTD EQ,3395,351,2772.81,9413689.95
CL464093,INE090A01021,ICICI BANK LTD,925,0,680.99,629915.75
CL907764,INE155A01022,TATA MOTORS LTD,3286,0,664.52,2183612.72
CL625880,INE001A01036,HDFC BNK LTD,2185,0,2326.14,5082615.9
CL597259,INE154A01025,ITC LTD EQ,1167,0,624.07,728289.69
CL167231,INE018A01030,LARSEN AND TOUBRO,3124,0,1981.67,6190737.08
CL984642,INE238A01026,AXIS BANK LTD EQ,2276,0,556.84,1267367.84
CL778465,INE009A01021,INFOSYS LTD DVR,1698,0,1003.72,1704316.56
CL864712,INE090A01021,ICICI BANK LTD,2871,0,1011.33,2903528.43
CL105877,INE237A01028,KOTAK MAHINDRA BANK,2165,0,2016.19,4365051.35
CL145320,INE237A01028,KOTAK MAHINDRA BANK,3303,0,2117.33,6993540.99
CL680911,INE009A01021,INFOSYS LTD,30,0,1721.94,51658.2
CL270016,INE002A01018,RELIANCE INDS LTD EQ,2688,0,2807.76,7547258.88
CL681935,INE018A01030,LARSEN AND TOUBRO,2518,0,1407.16,3543228.88
CL963710,INE002A01018,RELIANCE INDS LTD DVR EQ,551,0,2303.86,1269426.86
CL102083,INE018A01030,LARSEN AND TOUBRO,1978,0,800.49,1583369.22
CL398318,INE062A01020,STATE BANK OF INDIA,2715,0,2924.8,7940832.0
CL140095,INE002A01018,RELIANCE INDS LTD EQ,1843,0,2056.63,3790369.09
CL399434,INE155A01022,TATA MOTORS LTD,2626,0,485.74,1275553.24
CL603549,INE238A01026,AXIS BANK LTD EQ,1405,0,2180.15,3063110.75
CL918258,INE237A01028,KOTAK MAHINDRA BANK,1678,0,689.1,1156309.8
CL280009,INE001A01036,HDFC BANK LTD,320,0,1350.63,432201.6
CL805128,INE237A01028,KOTAK MAHINDRA BANK,2117,0,1039.42,2200452.14
CL309765,INE001A01036,HDFC BANK LTD,757,0,2532.52,1917117.64
CL500578,INE062A01020,STATE BANK OF INDIA,1648,226,2486.84,4098312.32
CL661170,INE009A01021,INFOSYS LTD,593,0,1141.59,676962.87
CL273865,INE001A01036,HDFC BANK LTD,1100,0,2933.32,3226652.0
CL280176,INE001A01036,HDFC BNK LTD,645,0,2219.34,1431474.3
CL292013,INE154A01025,ITC LTD EQ,398,0,1790.08,712451.84
CL109878,INE238A01026,AXIS BANK LTD EQ,2420,0,1091.54,2641526.8
CL638676,INE155A01022,TATA MOTORS LTD,334,185,1879.95,627903.3
CL357535,INE154A01025,ITC LTD EQ,2889,0,1314.73,3798254.97
CL920826,INE009A01021,INFOSYS LTD,2276,0,2389.49,5438479.24
CL231505,INE155A01022,TATA MOTORS LTD,1962,174,1215.09,2384006.58
CL893384,INE238A01026,AXIS BANK LTD EQ,3460,0,236.21,817286.6
CL612302,INE154A01025,ITC LTD EQ,196,131,1519.22,297767.12
CL637290,INE155A01022,TATA MOTORS LTD,1011,0,656.1,663317.1
CL085705,INE001A01036,HDFC BANK LTD,1767,0,1524.62,2694003.54
CL393135,INE002A01018,RELIANCE INDS LTD EQ,1123,0,643.16,722268.68
CL499651,INE009A01021,INFOSYS LTD,2539,394,2256.01,5728009.39
CL365633,INE155A01022,TATA MOTORS LTD,1019,0,1781.43,1815277.17
CL798109,INE238A01026,AXIS BANK LTD DVR EQ,1008,0,2394.98,2414139.84
CL841657,INE155A01022,TATA MOTORS LTD,1423,0,393.68,560206.64
CL987268,INE237A01028,KOTAK MAHINDRA BANK,52,0,927.86,48248.72
CL319930,INE238A01026,AXIS BANK LTD EQ,2788,466,1952.44,5443402.72
CL861614,INE238A01026,AXIS BANK LTD EQ,2976,0,2000.84,5954499.84
CL163995,INE001A01036,HDFC BANK LTD,2777,0,1068.69,2967752.13
CL632712,INE018A01030,LARSEN AND TOUBRO,3161,0,1349.04,4264315.44
CL246284,INE238A01026,AXIS BANK LTD EQ,104,0,1000.79,104082.16
CL709435,INE238A01026,AXIS BANK LTD EQ,3452,0,1833.11,6327895.72
CL278367,INE002A01018,RELIANCE INDS LTD DVR EQ,856,0,1042.77,892611.12
CL301160,INE001A01036,HDFC BANK LTD,3263,0,1977.89,6453855.07
CL509976,INE009A01021,INFOSYS LTD,1116,0,415.89,464133.24
CL702962,INE062A01020,STATE BANK OF INDIA,3361,0,174.46,586360.06
CL590122,INE002A01018,RELIANCE INDS LTD EQ,2685,0,2017.65,5417390.25
CL250228,INE090A01021,ICICI BANK LTD,2947,0,1433.67,4225025.49
CL596506,INE238A01026,AXIS BANK LTD EQ,380,83,2615.56,993912.8
CL215300,INE238A01026,AXIS BANK LTD EQ,2609,0,2964.06,7733232.54
CL252486,INE009A01021,INFOSYS LTD,265,39,358.2,94923.0
CL581060,INE155A01022,TATA MOTORS LTD,1756,0,1301.89,2286118.84
CL538622,INE238A01026,AXIS BANK LTD EQ,2290,0,1716.16,3930006.4
CL409273,INE001A01036,HDFC BANK LTD,1242,0,1139.52,1415283.84
CL747969,INE090A01021,ICICI BANK LTD DVR,2760,0,2832.04,7816430.4
CL107606,INE009A01021,INFOSYS LTD,760,0,1561.15,1186474.0
CL892716,INE090A01021,ICICI BANK LTD,1293,0,2124.48,2746952.64
CL192374,INE155A01022,TATA MOTORS LTD,1454,0,262.38,381500.52
CL515004,INE001A01036,HDFC BANK LTD,3432,0,2629.45,9024272.4
CL076539,INE001A01036,HDFC BANK LTD DVR,1208,0,130.08,157136.64
CL134195,INE154A01025,ITC LTD EQ,2065,322,1468.35,3032142.75
CL574601,INE009A01021,INFOSYS LTD,3042,0,1116.8,3397305.6
CL975206,INE155A01022,TATA MOTORS LTD,676,0,470.55,318091.8
CL901044,INE018A01030,LARSEN AND TOUBRO,871,0,1637.53,1426288.63
CL530246,INE002A01018,RELIANCE INDS LTD EQ,784,0,622.87,488330.08
CL865740,INE018A01030,LARSEN AND TOUBRO,2635,144,991.89,2613630.15
CL939014,INE155A01022,TATA MOTORS LTD,1786,60,2097.2,3745599.2
CL504159,INE001A01036,HDFC BANK LTD,3271,0,1933.59,6324772.89
CL568106,INE237A01028,KOTAK MAHINDRA BNK,317,0,452.27,143369.59
CL938451,INE062A01020,STATE BNK OF INDIA,1161,0,1082.32,1256573.52
CL056407,INE238A01026,AXIS BANK LTD EQ,2900,0,2338.22,6780838.0
CL224882,INE062A01020,STATE BANK OF INDIA,1107,0,2836.68,3140204.76
CL281683,INE001A01036,HDFC BANK LTD,3426,485,320.86,1099266.36
CL149918,INE018A01030,LARSEN AND TOUBRO,2423,0,1541.45,3734933.35
CL859797,INE237A01028,KOTAK MAHINDRA BANK,2295,116,565.54,1297914.3
CL787379,INE238A01026,AXIS BANK LTD EQ,1539,0,704.79,1084671.81
CL049535,INE155A01022,TATA MOTORS LTD,1874,0,1141.07,2138365.18
CL516642,INE090A01021,ICICI BANK LTD,1890,0,1583.99,2993741.1
CL801994,INE237A01028,KOTAK MAHINDRA BANK,2565,0,1598.4,4099896.0
CL989229,INE018A01030,LARSEN AND TOUBRO,481,0,2236.83,1075915.23
CL162270,INE062A01020,STATE BANK OF INDIA,466,0,2111.62,984014.92
CL232197,INE001A01036,HDFC BANK LTD,85,0,885.5,75267.5
CL765615,INE018A01030,LARSEN AND TOUBRO,3466,0,2302.83,7981608.78
CL214968,INE154A01025,ITC LTD EQ,3343,0,1125.65,3763047.95
CL067234,INE238A01026,AXIS BANK LTD EQ,1888,0,2588.38,4886861.44
CL847375,INE154A01025,ITC LTD EQ,2588,0,1571.51,4067067.88
CL301069,INE237A01028,KOTAK MAHINDRA BANK,3303,0,1366.12,4512294.36
CL511978,INE238A01026,AXIS BANK LTD EQ,2812,0,1937.69,5448784.28
CL214398,INE018A01030,LARSEN AND TOUBRO,61,0,1194.97,72893.17
CL182652,INE009A01021,INFOSYS LTD,1944,0,2831.42,5504280.48
CL838581,INE238A01026,AXIS BANK LTD EQ,1209,0,700.65,847085.85
CL914737,INE001A01036,HDFC BANK LTD,272,74,625.63,170171.36
CL157158,INE155A01022,TATA MOTORS LTD,3482,376,726.53,2529777.46
CL013251,INE154A01025,ITC LTD EQ,2608,0,1861.77,4855496.16
CL494169,INE090A01021,ICICI BANK LTD,1222,0,2912.16,3558659.52
CL056050,INE002A01018,RELIANCE INDS LTD EQ,575,157,1278.62,735206.5
CL670099,INE155A01022,TATA MOTORS LTD DVR,1461,0,243.47,355709.67
CL698541,INE090A01021,ICICI BANK LTD DVR,2289,0,2460.71,5632565.19
CL882973,INE062A01020,STATE BANK OF INDIA,3339,0,1106.9,3695939.1
CL469433,INE090A01021,ICICI BANK LTD,1934,0,1270.2,2456566.8
CL667189,INE062A01020,STATE BANK OF INDIA,3167,0,1328.94,4208752.98
CL123295,INE062A01020,STATE BANK OF INDIA,2126,0,2689.38,5717621.88
CL218229,INE237A01028,KOTAK MAHINDRA BANK,2429,0,2995.94,7277138.26
CL259895,INE154A01025,ITC LTD EQ,2672,0,2894.67,7734558.24
CL165003,INE154A01025,ITC LTD EQ,323,0,623.7,201455.1
CL092246,INE002A01018,RELIANCE INDS LTD EQ,2933,0,1902.78,5580853.74
CL425115,INE018A01030,LARSEN AND TOUBRO,1284,0,935.19,1200783.96
CL432115,INE154A01025,ITC LTD EQ,361,0,2399.32,866154.52
CL147344,INE154A01025,ITC LTD EQ,23,0,2354.78,54159.94
CL150156,INE062A01020,STATE BANK OF INDIA,2783,51,642.59,1788327.97
CL100732,INE018A01030,LARSEN AND TOUBRO,2065,0,169.08,349150.2
CL514694,INE001A01036,HDFC BANK LTD DVR,1706,0,2365.89,4036208.34
CL869851,INE062A01020,STATE BANK OF INDIA,2226,0,702.84,1564521.84
CL964455,INE237A01028,KOTAK MAHINDRA BANK,1054,0,337.66,355893.64
CL885547,INE018A01030,LARSEN AND TOUBRO,1364,0,2335.94,3186222.16
CL660403,INE238A01026,AXIS BANK LTD EQ,2458,0,2374.18,5835734.44
CL153624,INE090A01021,ICICI BANK LTD,1133,55,2935.03,3325388.99
CL668844,INE018A01030,LARSEN AND TOUBRO,993,0,1286.76,1277752.68
CL228259,INE009A01021,INFOSYS LTD,388,0,2862.58,1110681.04
CL657927,INE001A01036,HDFC BANK LTD,2403,0,980.67,2356550.01
CL409723,INE154A01025,ITC LTD EQ,3206,0,722.53,2316431.18
CL280459,INE155A01022,TATA MOTORS LTD,2051,0,2590.72,5313566.72
CL630831,INE002A01018,RELIANCE INDS LTD EQ,3394,0,2011.68,6827641.92
CL839239,INE155A01022,TATA MOTORS LTD,196,0,2885.97,565650.12
CL353705,INE154A01025,ITC LTD EQ,1950,0,514.46,1003197.0
CL862890,INE009A01021,INFOSYS LTD,1593,0,2776.78,4423410.54
CL537845,INE090A01021,ICICI BANK LTD,1916,430,350.67,671883.72
CL427062,INE062A01020,STATE BANK OF INDIA,3292,0,1408.58,4637045.36
CL671115,INE238A01026,AXIS BANK LTD EQ,3402,0,1246.45,4240422.9
CL115179,INE009A01021,INFOSYS LTD,3348,14,1938.4,6489763.2
CL641238,INE154A01025,ITC LTD EQ,2951,0,403.2,1189843.2
CL368083,INE001A01036,HDFC BANK LTD,2272,0,2171.45,4933534.4
CL213716,INE154A01025,ITC LTD DVR EQ,1512,216,1359.26,2055201.12
CL834385,INE001A01036,HDFC BANK LTD,2036,0,135.95,276794.2
CL491504,INE062A01020,STATE BANK OF INDIA,2808,0,2128.7,5977389.6
CL289737,INE009A01021,INFOSYS LTD,3013,0,1782.93,5371968.09
CL056036,INE237A01028,KOTAK MAHINDRA BANK,23,0,976.81,22466.63
CL722985,INE009A01021,INFOSYS LTD,2204,0,1895.72,4178166.88
CL325270,INE155A01022,TATA MOTORS LTD,2090,33,2050.81,4286192.9
CL625094,INE154A01025,ITC LTD EQ,2953,0,859.83,2539077.99
CL155969,INE237A01028,KOTAK MAHINDRA BANK,1368,0,2366.06,3236770.08
CL625508,INE062A01020,STATE BANK OF INDIA,451,0,2925.97,1319612.47
CL745792,INE009A01021,INFOSYS LTD,1944,0,2108.93,4099759.92
CL589580,INE018A01030,LARSEN AND TOUBRO,3473,0,1142.83,3969048.59
CL332371,INE090A01021,ICICI BNK LTD,312,0,2876.18,897368.16
CL083594,INE238A01026,AXIS BANK LTD EQ,463,0,842.9,390262.7
CL039209,INE062A01020,STATE BANK OF INDIA,856,0,2100.27,1797831.12
CL324821,INE154A01025,ITC LTD EQ,1349,0,591.19,797515.31
CL317108,INE090A01021,ICICI BANK LTD DVR,2637,0,2453.48,6469826.76
CL094303,INE238A01026,AXIS BNK LTD EQ,2598,0,1486.49,3861901.02
CL141334,INE062A01020,STATE BANK OF INDIA,1107,0,2321.45,2569845.15
CL771913,INE154A01025,ITC LTD DVR EQ,2466,0,1522.17,3753671.22
CL134961,INE001A01036,HDFC BANK LTD,2825,0,565.55,1597678.75
CL467304,INE018A01030,LARSEN AND TOUBRO,2257,0,2142.49,4835599.93
CL720783,INE090A01021,ICICI BANK LTD DVR,1025,0,2786.41,2856070.25
CL678111,INE002A01018,RELIANCE INDS LTD EQ,953,0,2274.19,2167303.07
CL380574,INE018A01030,LARSEN AND TOUBRO,1877,0,1377.07,2584760.39
CL822766,INE018A01030,LARSEN AND TOUBRO,2372,0,676.02,1603519.44
CL355865,INE001A01036,HDFC BANK LTD,2699,0,748.05,2018986.95
CL396978,INE155A01022,TATA MOTORS LTD,3287,0,2982.42,9803214.54
CL994937,INE009A01021,INFOSYS LTD,1545,331,1102.43,1703254.35
CL748150,INE001A01036,HDFC BANK LTD,1664,0,2117.75,3523936.0
CL215455,INE237A01028,KOTAK MAHINDRA BANK,1549,127,1961.13,3037790.37
CL071895,INE002A01018,RELIANCE INDS LTD EQ,888,0,1285.11,1141177.68
CL801720,INE155A01022,TATA MOTORS LTD,2825,0,841.12,2376164.0
CL484008,INE154A01025,ITC LTD DVR EQ,1408,473,1091.89,1537381.12
CL669285,INE062A01020,STATE BANK OF INDIA,3257,0,1427.75,4650181.75
CL819790,INE018A01030,LARSEN AND TOUBRO,2341,0,549.15,1285560.15
CL079733,INE155A01022,TATA MOTORS LTD,2433,0,1830.69,4454068.77
CL019501,INE237A01028,KOTAK MAHINDRA BANK,758,0,281.73,213551.34
CL562424,INE002A01018,RELIANCE INDS LTD EQ,1165,0,1923.62,2241017.3
CL823102,INE155A01022,TATA MOTORS LTD,2359,0,2366.19,5581842.21
CL816405,INE155A01022,TATA MOTORS LTD,1612,0,237.29,382511.48
CL965676,INE009A01021,INFOSYS LTD,2196,0,1864.84,4095188.64
CL029957,INE001A01036,HDFC BANK LTD,1405,0,2275.43,3196979.15
CL875144,INE090A01021,ICICI BANK LTD,621,0,1301.85,808448.85
CL578197,INE001A01036,HDFC BANK LTD,2172,0,2669.35,5797828.2
CL932897,INE090A01021,ICICI BANK LTD,2361,0,642.38,1516659.18
CL303254,INE009A01021,INFOSYS LTD,526,376,1690.19,889039.94
CL125688,INE018A01030,LARSEN AND TOUBRO,3255,0,1383.12,4502055.6
CL874788,INE155A01022,TATA MOTORS LTD DVR,1684,0,949.1,1598284.4
CL377203,INE154A01025,ITC LTD EQ,1690,0,290.11,490285.9
CL600302,INE090A01021,ICICI BANK LTD,2725,0,1707.05,4651711.25
CL757053,INE001A01036,HDFC BANK LTD,2992,0,1491.36,4462149.12
CL495956,INE009A01021,INFOSYS LTD,2790,0,1061.13,2960552.7
CL213882,INE018A01030,LARSEN AND TOUBRO,17,0,123.02,2091.34
CL779047,INE155A01022,TATA MOTORS LTD,1346,0,425.28,572426.88
CL805133,INE002A01018,RELIANCE INDS LTD EQ,414,0,855.36,354119.04
CL713064,INE154A01025,ITC LTD EQ,1616,442,2956.56,4777800.96
CL350385,INE009A01021,INFOSYS LTD,1043,0,2815.19,2936243.17
CL272077,INE237A01028,KOTAK MAHINDRA BANK,695,0,597.23,415074.85
CL468165,INE018A01030,LARSEN AND TOUBRO,2069,0,622.84,1288655.96
CL939984,INE018A01030,LARSEN AND TOUBRO,1542,0,2474.27,3815324.34
CL468880,INE237A01028,KOTAK MAHINDRA BANK,2798,0,1540.37,4309955.26
CL950626,INE009A01021,INFOSYS LTD,1633,0,2586.91,4224424.03
CL999906,INE155A01022,TATA MOTORS LTD,333,0,321.86,107179.38
CL624359,INE155A01022,TATA MOTORS LTD,676,0,2433.83,1645269.08
CL165828,INE154A01025,ITC LTD DVR EQ,3015,113,1338.04,4034190.6
CL369721,INE001A01036,HDFC BANK LTD,3211,0,2895.27,9296711.97
CL593212,INE090A01021,ICICI BANK LTD,2416,0,2013.7,4865099.2
CL157190,INE155A01022,TATA MOTORS LTD,902,0,2874.78,2593051.56
CL789361,INE018A01030,LARSEN AND TOUBRO,2581,0,762.26,1967393.06
CL636683,INE001A01036,HDFC BANK LTD DVR,1357,0,1389.85,1886026.45
CL840219,INE155A01022,TATA MOTORS LTD,2664,0,1336.13,3559450.32
CL954284,INE154A01025,ITC LTD EQ,3367,0,775.28,2610367.76
CL329321,INE155A01022,TATA MOTORS LTD,1876,0,2010.64,3771960.64
CL664189,INE238A01026,AXIS BANK LTD DVR EQ,2752,0,532.94,1466650.88
CL774831,INE018A01030,LARSEN AND TOUBRO,2989,0,2452.49,7330492.61
CL722891,INE001A01036,HDFC BANK LTD,3436,0,587.37,2018203.32
CL365981,INE090A01021,ICICI BANK LTD,3478,0,2760.13,9599732.14
CL946348,INE002A01018,RELIANCE INDS LTD EQ,1749,0,1579.65,2762807.85
CL059550,INE154A01025,ITC LTD EQ,3296,474,581.54,1916755.84
CL207642,INE009A01021,INFOSYS LTD,1484,0,2392.95,3551137.8
CL713978,INE018A01030,LARSEN AND TOUBRO,2831,0,1551.34,4391843.54
CL506390,INE238A01026,AXIS BANK LTD EQ,1317,0,1426.84,1879148.28
CL657062,INE155A01022,TATA MOTORS LTD DVR,2586,0,1427.64,3691877.04
CL920759,INE062A01020,STATE BANK OF INDIA,2359,29,1770.71,4177104.89
CL879540,INE002A01018,RELIANCE INDS LTD EQ,1414,0,339.33,479812.62
CL634844,INE001A01036,HDFC BNK LTD,53,0,2340.15,124027.95
CL036859,INE001A01036,HDFC BNK LTD,2671,207,2603.48,6953895.08
CL389751,INE238A01026,AXIS BANK LTD DVR EQ,1463,0,1838.48,2689696.24
CL086378,INE155A01022,TATA MOTORS LTD,3346,0,1823.09,6100059.14
CL732594,INE062A01020,STATE BANK OF INDIA,166,0,1832.68,304224.88
CL401095,INE002A01018,RELIANCE INDS LTD EQ,1251,0,2790.82,3491315.82
CL776347,INE090A01021,ICICI BANK LTD,346,0,2079.27,719427.42
CL089305,INE155A01022,TATA MOTORS LTD,584,135,1768.31,1032693.04
CL993393,INE090A01021,ICICI BANK LTD,2337,0,692.47,1618302.39
CL413087,INE154A01025,ITC LTD EQ,1351,0,971.98,1313144.98
CL435073,INE009A01021,INFOSYS LTD,2585,0,311.3,804710.5
CL349970,INE062A01020,STATE BANK OF INDIA,1096,0,754.38,826800.48
CL922784,INE090A01021,ICICI BANK LTD DVR,879,0,1396.66,1227664.14
CL615037,INE237A01028,KOTAK MAHINDRA BANK,2923,429,781.38,2283973.74
CL491577,INE001A01036,HDFC BANK LTD,1002,0,989.39,991368.78
CL559794,INE090A01021,ICICI BANK LTD,1695,0,1124.64,1906264.8
CL329091,INE001A01036,HDFC BANK LTD,413,0,2369.46,978586.98
CL342919,INE001A01036,HDFC BANK LTD,630,317,2935.69,1849484.7
CL514711,INE154A01025,ITC LTD EQ,1503,0,388.58,584035.74
CL389189,INE002A01018,RELIANCE INDS LTD EQ,2771,463,2858.54,7921014.34
CL656287,INE062A01020,STATE BANK OF INDIA,916,327,1370.31,1255203.96
CL633220,INE238A01026,AXIS BANK LTD EQ,2014,0,1802.26,3629751.64
CL979853,INE062A01020,STATE BNK OF INDIA,87,58,2374.99,206624.13
CL035921,INE154A01025,ITC LTD EQ,618,0,2474.9,1529488.2
CL033480,INE154A01025,ITC LTD DVR EQ,3252,0,1130.02,3674825.04
CL436871,INE002A01018,RELIANCE INDS LTD EQ,150,0,2038.05,305707.5
CL076749,INE009A01021,INFOSYS LTD,1769,0,936.72,1657057.68
CL204938,INE154A01025,ITC LTD EQ,2629,499,2982.09,7839914.61
CL642348,INE002A01018,RELIANCE INDS LTD EQ,1270,0,571.59,725919.3
CL696798,INE062A01020,STATE BANK OF INDIA,2955,0,555.65,1641945.75
CL281098,INE237A01028,KOTAK MAHINDRA BANK,984,0,446.5,439356.0
CL117489,INE001A01036,HDFC BANK LTD,1847,0,2961.34,5469594.98
CL947339,INE009A01021,INFOSYS LTD,2862,0,2949.81,8442356.22
CL042622,INE062A01020,STATE BANK OF INDIA,1008,0,206.35,208000.8
CL119555,INE155A01022,TATA MOTORS LTD,2302,0,467.83,1076944.66
CL696960,INE009A01021,INFOSYS LTD,2244,0,818.93,1837678.92
CL900697,INE090A01021,ICICI BANK LTD,868,0,1546.86,1342674.48
CL976299,INE002A01018,RELIANCE INDS LTD EQ,243,0,880.26,213903.18
CL121722,INE002A01018,RELIANCE INDS LTD EQ,1562,294,1961.21,3063410.02
CL804376,INE238A01026,AXIS BANK LTD EQ,1302,0,292.97,381446.94
CL535806,INE155A01022,TATA MOTORS LTD,2553,0,1613.4,4119010.2
CL578930,INE090A01021,ICICI BANK LTD,2890,0,2243.36,6483310.4
CL513700,INE154A01025,ITC LTD EQ,1958,383,1970.33,3857906.14
CL854180,INE237A01028,KOTAK MAHINDRA BANK,2091,0,1040.56,2175810.96
CL286167,INE237A01028,KOTAK MAHINDRA BANK,3333,0,255.75,852414.75
CL855994,INE018A01030,LARSEN AND TOUBRO,3083,0,2084.0,6424972.0
CL854323,INE090A01021,ICICI BANK LTD,1261,0,178.59,225201.99
CL083464,INE154A01025,ITC LTD EQ,2445,0,1789.83,4376134.35
CL970185,INE237A01028,KOTAK MAHINDRA BANK,1201,0,723.22,868587.22
CL138795,INE238A01026,AXIS BANK LTD EQ,1349,0,2606.52,3516195.48
CL834680,INE154A01025,ITC LTD EQ,264,56,2652.0,700128.0
CL077160,INE237A01028,KOTAK MAHINDRA BANK,989,0,343.03,339256.67
CL494363,INE002A01018,RELIANCE INDS LTD EQ,181,0,318.64,57673.84
CL955516,INE001A01036,HDFC BANK LTD,497,0,1874.85,931800.45
CL765514,INE009A01021,INFOSYS LTD,665,0,183.66,122133.9
CL361573,INE237A01028,KOTAK MAHINDRA BANK,367,0,1842.5,676197.5
CL891220,INE237A01028,KOTAK MAHINDRA BANK,1646,0,885.81,1458043.26
CL437912,INE018A01030,LARSEN AND TOUBRO,2658,0,2168.18,5763022.44
CL967153,INE090A01021,ICICI BANK LTD,1364,321,2516.45,3432437.8
CL436408,INE154A01025,ITC LTD EQ,2465,0,1482.75,3654978.75
CL127348,INE237A01028,KOTAK MAHINDRA BANK,2969,0,1920.88,5703092.72
CL533721,INE001A01036,HDFC BANK LTD,1547,0,2016.05,3118829.35
CL741746,INE062A01020,STATE BANK OF INDIA,984,0,2659.59,2617036.56
CL913745,INE062A01020,STATE BANK OF INDIA,682,0,788.47,537736.54
CL472095,INE154A01025,ITC LTD EQ,1128,0,2923.85,3298102.8
CL379222,INE154A01025,ITC LTD EQ,3448,0,2394.66,8256787.68
CL557213,INE002A01018,RELIANCE INDS LTD DVR EQ,1356,0,1569.3,2127970.8
CL741447,INE062A01020,STATE BANK OF INDIA,2671,0,2396.57,6401238.47
CL516147,INE001A01036,HDFC BANK LTD,3069,0,2484.34,7624439.46
CL919298,INE002A01018,RELIANCE INDS LTD EQ,2427,0,2013.63,4887080.01
CL554544,INE154A01025,ITC LTD DVR EQ,667,0,988.83,659549.61
CL230980,INE001A01036,HDFC BANK LTD DVR,873,283,610.65,533097.45
CL058153,INE154A01025,ITC LTD EQ,209,0,2511.39,524880.51
CL053963,INE001A01036,HDFC BANK LTD,932,287,277.21,258359.72
CL959636,INE155A01022,TATA MOTORS LTD,3119,353,1692.04,5277472.76
CL879822,INE062A01020,STATE BANK OF INDIA,854,364,1994.82,1703576.28
CL080585,INE018A01030,LARSEN AND TOUBRO,2,0,1868.44,3736.88
CL670427,INE009A01021,INFOSYS LTD,2576,0,986.56,2541378.56
CL610130,INE002A01018,RELIANCE INDS LTD EQ,2427,0,651.15,1580341.05
CL502875,INE002A01018,RELIANCE INDS LTD DVR EQ,2968,0,805.06,2389418.08
CL442351,INE062A01020,STATE BANK OF INDIA,557,0,2234.74,1244750.18
CL445357,INE001A01036,HDFC BANK LTD,2241,0,478.16,1071556.56
CL858173,INE155A01022,TATA MOTORS LTD,2719,0,1667.18,4533062.42
CL067599,INE155A01022,TATA MOTORS LTD,1775,0,912.07,1618924.25
CL558007,INE155A01022,TATA MOTORS LTD,2567,0,1485.25,3812636.75
CL931524,INE238A01026,AXIS BANK LTD EQ,1965,0,751.88,1477444.2
CL703723,INE002A01018,RELIANCE INDS LTD EQ,3401,0,2998.93,10199360.93
CL321546,INE154A01025,ITC LTD EQ,234,0,329.63,77133.42
CL937888,INE090A01021,ICICI BANK LTD,1504,331,1401.72,2108186.88
CL705884,INE018A01030,LARSEN AND TOUBRO,168,0,2503.26,420547.68
CL011471,INE009A01021,INFOSYS LTD,986,0,342.18,337389.48
CL084950,INE002A01018,RELIANCE INDS LTD EQ,2617,0,1890.75,4948092.75
CL211289,INE018A01030,LARSEN AND TOUBRO,2417,0,496.25,1199436.25
CL778692,INE018A01030,LARSEN AND TOUBRO,2857,0,2408.52,6881141.64
CL202637,INE090A01021,ICICI BANK LTD,435,332,189.97,82636.95
CL233002,INE238A01026,AXIS BANK LTD EQ,92,0,2659.01,244628.92
CL449834,INE009A01021,INFOSYS LTD,506,0,1207.11,610797.66
CL434246,INE238A01026,AXIS BANK LTD DVR EQ,2790,0,1025.03,2859833.7
CL634291,INE062A01020,STATE BANK OF INDIA,2841,0,1962.52,5575519.32
CL570987,INE154A01025,ITC LTD EQ,939,257,321.02,301437.78
CL960779,INE154A01025,ITC LTD EQ,1622,0,1931.24,3132471.28
CL783313,INE238A01026,AXIS BANK LTD EQ,3055,0,1447.77,4422937.35
CL229197,INE062A01020,STATE BANK OF INDIA,2131,0,169.24,360650.44
CL911715,INE002A01018,RELIANCE INDS LTD EQ,829,0,310.87,257711.23
CL324904,INE237A01028,KOTAK MAHINDRA BANK,2583,0,2363.24,6104248.92
CL703144,INE237A01028,KOTAK MAHINDRA BANK,1653,0,212.14,350667.42
CL176329,INE090A01021,ICICI BANK LTD DVR,3466,0,2849.46,9876228.36
CL152443,INE237A01028,KOTAK MAHINDRA BANK,1888,0,647.41,1222310.08
CL065742,INE090A01021,ICICI BANK LTD,2225,0,2913.16,6481781.0
CL709788,INE155A01022,TATA MOTORS LTD,1392,0,2335.9,3251572.8
CL134510,INE018A01030,LARSEN AND TOUBRO,196,0,532.09,104289.64
CL900543,INE237A01028,KOTAK MAHINDRA BANK,2355,0,356.06,838521.3
CL360470,INE238A01026,AXIS BANK LTD EQ,562,119,810.26,455366.12
CL997731,INE062A01020,STATE BANK OF INDIA,1592,0,1501.13,2389798.96
CL831223,INE155A01022,TATA MOTORS LTD,1468,0,2638.6,3873464.8
CL322857,INE062A01020,STATE BANK OF INDIA,173,0,1792.0,310016.0
CL670629,INE002A01018,RELIANCE INDS LTD EQ,1878,0,731.63,1374001.14
CL478623,INE062A01020,STATE BANK OF INDIA,1371,0,1208.2,1656442.2
CL859482,INE154A01025,ITC LTD EQ,705,93,1016.92,716928.6
CL861098,INE062A01020,STATE BANK OF INDIA,2071,0,1095.54,2268863.34
CL418287,INE062A01020,STATE BANK OF INDIA,396,112,1363.13,539799.48
CL986689,INE009A01021,INFOSYS LTD,1732,13,934.87,1619194.84
CL652068,INE002A01018,RELIANCE INDS LTD EQ,220,0,1521.65,334763.0
CL960920,INE090A01021,ICICI BANK LTD,3405,23,2252.14,7668536.7
CL941140,INE062A01020,STATE BANK OF INDIA,2102,0,1862.46,3914890.92
CL127600,INE155A01022,TATA MOTORS LTD,442,0,2090.31,923917.02
CL720529,INE090A01021,ICICI BANK LTD,613,18,2105.84,1290879.92
CL649967,INE018A01030,LARSEN AND TOUBRO,150,0,645.4,96810.0
CL712611,INE018A01030,LARSEN AND TOUBRO,69,0,1971.43,136028.67
CL708626,INE237A01028,KOTAK MAHINDRA BANK,924,0,2319.19,2142931.56
CL247744,INE090A01021,ICICI BANK LTD,1065,0,1901.73,2025342.45
CL614340,INE155A01022,TATA MOTORS LTD,561,0,2375.03,1332391.83
CL937017,INE001A01036,HDFC BANK LTD,342,0,1934.69,661663.98
CL535604,INE018A01030,LARSEN AND TOUBRO,655,0,326.36,213765.8
CL485115,INE090A01021,ICICI BANK LTD,380,0,1473.06,559762.8
CL326069,INE090A01021,ICICI BANK LTD,1620,271,2154.6,3490452.0
CL807674,INE238A01026,AXIS BNK LTD EQ,2039,0,1310.88,2672884.32
CL067107,INE009A01021,INFOSYS LTD,227,0,787.73,178814.71
CL447037,INE238A01026,AXIS BANK LTD EQ,428,25,959.09,410490.52
CL215230,INE009A01021,INFOSYS LTD,970,288,2889.03,2802359.1
CL945979,INE002A01018,RELIANCE INDS LTD DVR EQ,1063,426,2977.62,3165210.06
CL195730,INE009A01021,INFOSYS LTD,2751,0,955.36,2628195.36
CL949123,INE001A01036,HDFC BANK LTD,2695,0,1718.7,4631896.5
CL137240,INE238A01026,AXIS BANK LTD EQ,3482,0,985.01,3429804.82
CL187258,INE009A01021,INFOSYS LTD,2512,0,2059.6,5173715.2
CL241582,INE237A01028,KOTAK MAHINDRA BANK,254,14,813.25,206565.5
CL470060,INE090A01021,ICICI BANK LTD,2399,0,2398.46,5753905.54
CL146339,INE237A01028,KOTAK MAHINDRA BANK,3047,0,107.23,326729.81
CL752414,INE002A01018,RELIANCE INDS LTD EQ,2471,0,709.68,1753619.28
CL033308,INE009A01021,INFOSYS LTD,2645,424,2328.11,6157850.95
CL224692,INE237A01028,KOTAK MAHINDRA BANK,548,0,531.69,291366.12
CL186388,INE154A01025,ITC LTD EQ,1370,0,2320.77,3179454.9
CL761166,INE238A01026,AXIS BANK LTD EQ,1267,0,1255.01,1590097.67
CL115727,INE002A01018,RELIANCE INDS LTD EQ,361,0,347.25,125357.25
CL670897,INE062A01020,STATE BANK OF INDIA,2879,0,406.13,1169248.27
CL598037,INE154A01025,ITC LTD EQ,3223,0,1498.89,4830922.47
CL285913,INE001A01036,HDFC BANK LTD,2750,0,1717.74,4723785.0
CL528277,INE062A01020,STATE BANK OF INDIA,2064,81,2993.05,6177655.2
CL086557,INE238A01026,AXIS BANK LTD EQ,955,0,386.59,369193.45
CL809156,INE002A01018,RELIANCE INDS LTD EQ,341,283,394.49,134521.09
CL428350,INE090A01021,ICICI BANK LTD,548,0,1178.71,645933.08
CL082261,INE090A01021,ICICI BANK LTD,1394,0,1592.17,2219484.98
CL421050,INE002A01018,RELIANCE INDS LTD EQ,1648,283,1805.79,2975941.92
CL678853,INE237A01028,KOTAK MAHINDRA BANK,2547,0,1763.38,4491328.86
CL155646,INE237A01028,KOTAK MAHINDRA BANK,1870,0,414.83,775732.1
CL227570,INE155A01022,TATA MOTORS LTD,3360,0,1666.62,5599843.2
CL236922,INE154A01025,ITC LTD DVR EQ,441,0,2664.22,1174921.02
CL153794,INE002A01018,RELIANCE INDS LTD EQ,625,27,606.79,379243.75
CL299401,INE237A01028,KOTAK MAHINDRA BANK,2184,0,1509.06,3295787.04
CL905477,INE237A01028,KOTAK MAHINDRA BANK,675,0,499.82,337378.5
CL744903,INE062A01020,STATE BANK OF INDIA,3092,274,2659.37,8222772.04
CL324048,INE237A01028,KOTAK MAHINDRA BANK,2751,0,1868.24,5139528.24
CL493864,INE062A01020,STATE BANK OF INDIA,553,0,1164.66,644056.98
CL285277,INE155A01022,TATA MOTORS LTD,1388,0,820.77,1139228.76
CL542083,INE090A01021,ICICI BANK LTD,3339,0,1859.19,6207835.41
CL664399,INE009A01021,INFOSYS LTD,491,0,2693.85,1322680.35
CL919891,INE009A01021,INFOSYS LTD,2540,0,607.46,1542948.4
CL760792,INE238A01026,AXIS BANK LTD EQ,3405,0,2118.34,7212947.7
CL248048,INE237A01028,KOTAK MAHINDRA BANK,2762,498,1581.1,4366998.2
CL552400,INE154A01025,ITC LTD EQ,983,415,948.59,932463.97
CL721464,INE154A01025,ITC LTD EQ,218,0,2665.74,581131.32
CL482432,INE237A01028,KOTAK MAHINDRA BNK,526,0,275.99,145170.74
CL201023,INE009A01021,INFOSYS LTD,919,0,906.19,832788.61
CL876620,INE062A01020,STATE BANK OF INDIA,2326,0,2580.17,6001475.42
CL288703,INE001A01036,HDFC BANK LTD,1157,0,2432.2,2814055.4
CL567213,INE001A01036,HDFC BANK LTD,1531,0,1124.6,1721762.6
CL958287,INE009A01021,INFOSYS LTD,1758,0,2312.42,4065234.36
CL280663,INE009A01021,INFOSYS LTD,2074,0,1743.08,3615147.92
CL880678,INE155A01022,TATA MOTORS LTD,656,0,646.14,423867.84
CL041392,INE155A01022,TATA MOTORS LTD,2328,0,1989.71,4632044.88
CL959451,INE238A01026,AXIS BANK LTD EQ,506,0,412.76,208856.56
CL270499,INE062A01020,STATE BANK OF INDIA,2496,66,330.39,824653.44
CL663485,INE062A01020,STATE BANK OF INDIA,366,0,481.97,176401.02
CL620796,INE002A01018,RELIANCE INDS LTD EQ,2902,109,2696.85,7826258.7
CL163221,INE090A01021,ICICI BANK LTD,183,0,1786.38,326907.54
CL761252,INE001A01036,HDFC BANK LTD,3290,0,1581.41,5202838.9
CL164582,INE237A01028,KOTAK MAHINDRA BANK,1842,226,1377.05,2536526.1
CL751454,INE155A01022,TATA MOTORS LTD,964,172,2143.75,2066575.0
CL844766,INE155A01022,TATA MOTORS LTD DVR,1640,0,738.29,1210795.6
CL486471,INE237A01028,KOTAK MAHINDRA BANK,695,0,1815.41,1261709.95
CL379448,INE090A01021,ICICI BANK LTD,1878,493,920.36,1728436.08
CL458912,INE009A01021,INFOSYS LTD,1464,0,2473.14,3620676.96
CL375335,INE237A01028,KOTAK MAHINDRA BANK,845,0,2826.27,2388198.15
CL850587,INE001A01036,HDFC BANK LTD,1735,0,1343.16,2330382.6
CL293726,INE090A01021,ICICI BANK LTD,612,0,589.78,360945.36
CL827794,INE009A01021,INFOSYS LTD,1148,0,1935.67,2222149.16
CL789977,INE090A01021,ICICI BANK LTD,2283,0,368.14,840463.62
CL036211,INE062A01020,STATE BANK OF INDIA,94,0,210.54,19790.76
CL955751,INE062A01020,STATE BANK OF INDIA,1340,432,2433.05,3260287.0
CL603769,INE155A01022,TATA MOTORS LTD,1039,0,996.29,1035145.31
CL495241,INE002A01018,RELIANCE INDS LTD EQ,2556,0,2841.6,7263129.6
CL537530,INE062A01020,STATE BANK OF INDIA,2600,0,164.55,427830.0
CL923280,INE062A01020,STATE BANK OF INDIA,977,0,841.99,822624.23
CL142906,INE155A01022,TATA MOTORS LTD DVR,2965,0,2311.04,6852233.6
CL563209,INE090A01021,ICICI BANK LTD DVR,1386,0,1113.27,1542992.22
CL138558,INE062A01020,STATE BANK OF INDIA,726,0,2717.97,1973246.22
CL491430,INE237A01028,KOTAK MAHINDRA BANK,1213,0,633.34,768241.42
CL737451,INE009A01021,INFOSYS LTD,1163,0,2848.03,3312258.89
CL375289,INE001A01036,HDFC BANK LTD,2375,0,2025.46,4810467.5
CL430983,INE237A01028,KOTAK MAHINDRA BANK,2478,0,186.54,462246.12
CL254953,INE155A01022,TATA MOTORS LTD,2961,0,1912.31,5662349.91
CL579231,INE062A01020,STATE BANK OF INDIA,1063,0,2925.68,3109997.84
CL046315,INE154A01025,ITC LTD DVR EQ,1544,0,2251.53,3476362.32
CL024865,INE018A01030,LARSEN AND TOUBRO,401,0,568.4,227928.4
CL427992,INE062A01020,STATE BANK OF INDIA,2488,0,1514.73,3768648.24
CL801561,INE062A01020,STATE BANK OF INDIA,3359,0,1090.23,3662082.57
CL709054,INE237A01028,KOTAK MAHINDRA BANK,1995,0,1573.51,3139152.45
CL707340,INE002A01018,RELIANCE INDS LTD DVR EQ,727,0,1400.49,1018156.23
CL126428,INE238A01026,AXIS BANK LTD EQ,529,0,1698.27,898384.83
CL942176,INE155A01022,TATA MOTORS LTD,2361,0,2999.71,7082315.31
CL577509,INE090A01021,ICICI BANK LTD,1731,229,936.77,1621548.87
CL170862,INE238A01026,AXIS BANK LTD EQ,3382,365,1368.8,4629281.6
CL682531,INE237A01028,KOTAK MAHINDRA BANK,1153,0,530.6,611781.8
CL783452,INE018A01030,LARSEN AND TOUBRO,3244,0,491.36,1593971.84
CL734826,INE154A01025,ITC LTD EQ,1236,0,2747.63,3396070.68
CL529364,INE002A01018,RELIANCE INDS LTD EQ,833,462,649.95,541408.35
CL586336,INE009A01021,INFOSYS LTD,1178,0,1956.81,2305122.18
CL165190,INE238A01026,AXIS BANK LTD EQ,1343,0,2854.97,3834224.71
CL184950,INE001A01036,HDFC BANK LTD,2195,295,1747.01,3834686.95
CL930126,INE090A01021,ICICI BANK LTD,841,0,2619.72,2203184.52
CL192213,INE002A01018,RELIANCE INDS LTD EQ,571,291,1974.57,1127479.47
CL348735,INE155A01022,TATA MOTORS LTD,533,96,671.41,357861.53
CL743329,INE238A01026,AXIS BANK LTD EQ,2476,0,2527.66,6258486.16
CL359066,INE090A01021,ICICI BANK LTD,298,149,1673.3,498643.4
CL019979,INE009A01021,INFOSYS LTD,1465,0,2497.77,3659233.05
CL656221,INE154A01025,ITC LTD EQ,106,0,2544.55,269722.3
CL631988,INE062A01020,STATE BANK OF INDIA,3466,98,1912.28,6627962.48
CL745964,INE062A01020,STATE BANK OF INDIA,2955,0,1698.28,5018417.4
CL412468,INE018A01030,LARSEN AND TOUBRO,1971,0,2362.76,4656999.96
CL097184,INE018A01030,LARSEN AND TOUBRO,803,0,1486.06,1193306.18
CL664018,INE154A01025,ITC LTD EQ,3410,0,2954.3,10074163.0
CL004956,INE238A01026,AXIS BANK LTD EQ,2553,0,1006.83,2570436.99
CL595357,INE001A01036,HDFC BANK LTD,1243,0,1064.19,1322788.17
CL749763,INE155A01022,TATA MOTORS LTD,819,0,2070.96,1696116.24
CL969157,INE001A01036,HDFC BANK LTD DVR,565,0,1930.24,1090585.6
CL054296,INE237A01028,KOTAK MAHINDRA BANK,2163,0,402.53,870672.39
CL120947,INE154A01025,ITC LTD DVR EQ,497,484,208.89,103818.33
CL288856,INE154A01025,ITC LTD DVR EQ,2836,0,1928.52,5469282.72
CL894844,INE002A01018,RELIANCE INDS LTD EQ,1411,0,2534.32,3575925.52
CL820747,INE002A01018,RELIANCE INDS LTD EQ,1362,0,1730.65,2357145.3
CL287272,INE062A01020,STATE BANK OF INDIA,878,0,2803.85,2461780.3
CL438770,INE155A01022,TATA MOTORS LTD DVR,268,0,2158.18,578392.24
CL863899,INE238A01026,AXIS BANK LTD DVR EQ,1360,150,689.5,937720.0
CL388457,INE154A01025,ITC LTD EQ,1534,0,633.37,971589.58
CL092369,INE237A01028,KOTAK MAHINDRA BANK,3478,0,775.57,2697432.46
CL498362,INE154A01025,ITC LTD EQ,1562,0,191.21,298670.02
CL131923,INE002A01018,RELIANCE INDS LTD EQ,2585,0,593.85,1535102.25
CL485730,INE155A01022,TATA MOTORS LTD,2725,0,1736.38,4731635.5
CL910465,INE001A01036,HDFC BANK LTD,1227,0,725.85,890617.95
CL955520,INE002A01018,RELIANCE INDS LTD EQ,2732,0,2905.66,7938263.12
CL909975,INE090A01021,ICICI BANK LTD,1485,0,1807.29,2683825.65
CL532897,INE155A01022,TATA MOTORS LTD,3344,0,591.44,1977775.36
CL443736,INE002A01018,RELIANCE INDS LTD EQ,635,16,535.87,340277.45
CL155383,INE237A01028,KOTAK MAHINDRA BANK,1104,0,2453.58,2708752.32
CL500078,INE001A01036,HDFC BANK LTD,2201,0,153.64,338161.64
CL408293,INE001A01036,HDFC BANK LTD,1056,0,926.03,977887.68
CL286432,INE237A01028,KOTAK MAHINDRA BNK,361,0,226.91,81914.51
CL695554,INE062A01020,STATE BANK OF INDIA,577,340,222.63,128457.51
CL542430,INE238A01026,AXIS BANK LTD EQ,2836,0,1337.12,3792072.32
CL798186,INE062A01020,STATE BANK OF INDIA,417,0,1558.21,649773.57
CL671714,INE237A01028,KOTAK MAHINDRA BANK,2358,0,2584.35,6093897.3
CL418286,INE155A01022,TATA MOTORS LTD,1415,0,547.3,774429.5
CL068998,INE062A01020,STATE BANK OF INDIA,1502,0,1327.96,1994595.92
CL687485,INE237A01028,KOTAK MAHINDRA BANK,2338,0,2344.93,5482446.34
CL398813,INE001A01036,HDFC BANK LTD,2106,0,1558.5,3282201.0
CL539598,INE062A01020,STATE BANK OF INDIA,620,0,1073.12,665334.4
CL548287,INE009A01021,INFOSYS LTD,3284,0,764.01,2509008.84
CL730460,INE090A01021,ICICI BANK LTD,3269,0,368.69,1205247.61
CL408609,INE237A01028,KOTAK MAHINDRA BANK,1944,0,872.06,1695284.64
CL643551,INE090A01021,ICICI BANK LTD,2406,315,2990.32,7194709.92
CL299594,INE155A01022,TATA MOTORS LTD,362,0,393.0,142266.0
CL154883,INE001A01036,HDFC BNK LTD,2214,95,876.14,1939773.96
CL493906,INE002A01018,RELIANCE INDS LTD EQ,2464,0,2597.22,6399550.08
CL143857,INE018A01030,LARSEN AND TOUBRO,2930,361,2132.66,6248693.8
CL736976,INE155A01022,TATA MOTORS LTD,2787,0,193.09,538141.83
CL858921,INE090A01021,ICICI BANK LTD,1413,0,791.08,1117796.04
CL967634,INE018A01030,LARSEN AND TOUBRO,992,0,2741.67,2719736.64
CL370225,INE155A01022,TATA MOTORS LTD,28,0,2550.81,71422.68
CL280899,INE002A01018,RELIANCE INDS LTD EQ,178,0,2727.31,485461.18
CL533320,INE154A01025,ITC LTD EQ,3080,0,322.34,992807.2
CL361021,INE154A01025,ITC LTD EQ,1109,0,891.25,988396.25
CL107918,INE238A01026,AXIS BANK LTD EQ,1713,0,2063.55,3534861.15
CL972527,INE237A01028,KOTAK MAHINDRA BANK,2074,260,698.4,1448481.6
CL476695,INE154A01025,ITC LTD EQ,2293,0,682.23,1564353.39
CL102237,INE009A01021,INFOSYS LTD,2875,0,811.43,2332861.25
CL801012,INE062A01020,STATE BANK OF INDIA,2472,0,1791.57,4428761.04
CL137917,INE154A01025,ITC LTD EQ,1683,0,1220.66,2054370.78
CL927448,INE002A01018,RELIANCE INDS LTD EQ,1259,0,2849.19,3587130.21
CL050632,INE238A01026,AXIS BANK LTD DVR EQ,2090,0,2650.74,5540046.6
CL947714,INE238A01026,AXIS BANK LTD EQ,3023,0,1991.8,6021211.4
CL755339,INE238A01026,AXIS BNK LTD EQ,3165,0,2775.08,8783128.2
CL855384,INE090A01021,ICICI BANK LTD,777,0,2464.3,1914761.1
CL553452,INE154A01025,ITC LTD EQ,3459,0,1601.06,5538066.54
CL533778,INE009A01021,INFOSYS LTD,1534,0,2287.62,3509209.08
CL991508,INE237A01028,KOTAK MAHINDRA BANK,1695,0,256.97,435564.15
CL069746,INE062A01020,STATE BANK OF INDIA,787,382,2828.48,2226013.76
CL922296,INE154A01025,ITC LTD EQ,996,0,2762.97,2751918.12
CL281981,INE154A01025,ITC LTD EQ,1887,0,170.87,322431.69
CL325803,INE237A01028,KOTAK MAHINDRA BANK,1312,0,771.98,1012837.76
CL817570,INE155A01022,TATA MOTORS LTD DVR,1057,0,644.81,681564.17
CL958403,INE062A01020,STATE BANK OF INDIA,2762,0,2408.47,6652194.14
CL034041,INE155A01022,TATA MOTORS LTD,1392,338,2485.18,3459370.56
CL631108,INE018A01030,LARSEN AND TOUBRO,1627,0,1581.88,2573718.76
CL768313,INE018A01030,LARSEN AND TOUBRO,2255,0,2287.38,5158041.9
CL892782,INE002A01018,RELIANCE INDS LTD EQ,1865,195,2666.56,4973134.4
CL820773,INE002A01018,RELIANCE INDS LTD DVR EQ,235,0,2580.33,606377.55
CL357208,INE155A01022,TATA MOTORS LTD,1347,0,459.71,619229.37
CL737550,INE155A01022,TATA MOTORS LTD,12,0,2768.01,33216.12
CL928666,INE154A01025,ITC LTD DVR EQ,1104,0,2305.84,2545647.36
CL565576,INE238A01026,AXIS BNK LTD EQ,914,0,1294.64,1183300.96
CL134541,INE018A01030,LARSEN AND TOUBRO,852,0,927.97,790630.44
CL401992,INE090A01021,ICICI BANK LTD,57,0,2009.87,114562.59
CL442458,INE090A01021,ICICI BANK LTD,1167,0,2404.27,2805783.09
CL718792,INE018A01030,LARSEN AND TOUBRO,3337,73,130.0,433810.0
CL453483,INE062A01020,STATE BANK OF INDIA,1565,0,1759.64,2753836.6
CL617276,INE154A01025,ITC LTD EQ,1360,0,1346.4,1831104.0
CL860677,INE062A01020,STATE BANK OF INDIA,2608,0,2600.27,6781504.16
CL634231,INE002A01018,RELIANCE INDS LTD EQ,3431,0,875.03,3002227.93
CL516343,INE009A01021,INFOSYS LTD,1972,0,182.86,360599.92
CL204873,INE154A01025,ITC LTD EQ,1475,0,174.04,256709.0
CL767343,INE090A01021,ICICI BNK LTD,612,0,1390.59,851041.08
CL149572,INE009A01021,INFOSYS LTD,1738,0,1664.11,2892223.18
CL631211,INE001A01036,HDFC BANK LTD,2163,0,2774.37,6000962.31
CL459467,INE009A01021,INFOSYS LTD,767,0,2024.87,1553075.29
CL789173,INE009A01021,INFOSYS LTD,2855,0,1408.98,4022637.9
CL037472,INE090A01021,ICICI BANK LTD,1803,0,1468.25,2647254.75
CL630241,INE237A01028,KOTAK MAHINDRA BANK,1713,179,1358.41,2326956.33
CL414058,INE062A01020,STATE BANK OF INDIA,2430,198,2142.54,5206372.2
CL887865,INE002A01018,RELIANCE INDS LTD EQ,3019,266,1584.02,4782156.38
CL699509,INE155A01022,TATA MOTORS LTD,929,0,1700.31,1579587.99
CL240726,INE090A01021,ICICI BANK LTD,2675,0,207.51,555089.25
CL642509,INE002A01018,RELIANCE INDS LTD EQ,2344,230,2192.44,5139079.36
CL457959,INE002A01018,RELIANCE INDS LTD EQ,3013,0,865.3,2607148.9
CL255025,INE018A01030,LARSEN AND TOUBRO,3316,120,830.11,2752644.76
CL375592,INE001A01036,HDFC BANK LTD DVR,1715,0,2590.09,4442004.35
CL621064,INE009A01021,INFOSYS LTD,834,0,1140.88,951493.92
CL857422,INE155A01022,TATA MOTORS LTD,2010,298,1651.53,3319575.3
CL103572,INE155A01022,TATA MOTORS LTD,1954,0,2871.29,5610500.66
CL977330,INE154A01025,ITC LTD DVR EQ,1841,0,514.82,947783.62
CL283554,INE090A01021,ICICI BANK LTD,3209,0,878.54,2819234.86
CL787983,INE154A01025,ITC LTD EQ,0,0,197.74,0.0
CL785323,INE018A01030,LARSEN AND TOUBRO,2098,0,754.95,1583885.1
CL786781,INE237A01028,KOTAK MAHINDRA BANK,1660,0,1282.41,2128800.6
CL468601,INE155A01022,TATA MOTORS LTD,983,0,120.63,118579.29
CL405581,INE009A01021,INFOSYS LTD,1092,0,190.48,208004.16
CL429626,INE238A01026,AXIS BANK LTD EQ,1216,0,752.93,915562.88
CL314494,INE062A01020,STATE BNK OF INDIA,2337,0,525.03,1226995.11
CL130356,INE018A01030,LARSEN AND TOUBRO,749,7,2458.42,1841356.58
CL825137,INE155A01022,TATA MOTORS LTD,1030,0,1254.78,1292423.4
CL952858,INE238A01026,AXIS BANK LTD EQ,2668,88,466.79,1245395.72
CL006978,INE238A01026,AXIS BANK LTD EQ,1341,0,1088.35,1459477.35
CL811301,INE238A01026,AXIS BANK LTD EQ,399,0,1550.17,618517.83
CL735363,INE090A01021,ICICI BANK LTD,454,0,1296.84,588765.36
CL681084,INE090A01021,ICICI BANK LTD,690,0,518.23,357578.7
CL952865,INE001A01036,HDFC BANK LTD,46,16,189.91,8735.86
CL400150,INE237A01028,KOTAK MAHINDRA BANK,2606,0,1556.25,4055587.5
CL633191,INE237A01028,KOTAK MAHINDRA BANK,854,0,2873.2,2453712.8
CL910264,INE154A01025,ITC LTD EQ,2564,0,2412.02,6184419.28
CL798411,INE062A01020,STATE BNK OF INDIA,3197,0,1335.73,4270328.81
CL676956,INE009A01021,INFOSYS LTD,239,0,2882.2,688845.8
CL904947,INE238A01026,AXIS BANK LTD DVR EQ,1413,478,1569.58,2217816.54
CL520662,INE062A01020,STATE BANK OF INDIA,784,0,1128.1,884430.4
CL978415,INE009A01021,INFOSYS LTD,1608,0,1721.57,2768284.56
CL220827,INE238A01026,AXIS BANK LTD EQ,2874,0,2564.33,7369884.42
CL070150,INE154A01025,ITC LTD EQ,2100,0,371.61,780381.0
CL118151,INE009A01021,INFOSYS LTD DVR,2129,0,2031.04,4324084.16
CL863524,INE238A01026,AXIS BANK LTD DVR EQ,233,0,1142.96,266309.68
CL276296,INE001A01036,HDFC BANK LTD,2007,0,1185.61,2379519.27
CL182705,INE018A01030,LARSEN AND TOUBRO,1074,0,2112.6,2268932.4
CL831872,INE018A01030,LARSEN AND TOUBRO,818,0,590.73,483217.14
CL256499,INE090A01021,ICICI BANK LTD DVR,140,0,1136.65,159131.0
CL898379,INE018A01030,LARSEN AND TOUBRO,2066,0,1711.16,3535256.56
CL601673,INE001A01036,HDFC BANK LTD,850,0,270.78,230163.0
CL433250,INE237A01028,KOTAK MAHINDRA BNK,1122,0,2390.18,2681781.96
CL213369,INE062A01020,STATE BANK OF INDIA,1972,0,2848.09,5616433.48
CL612233,INE062A01020,STATE BANK OF INDIA,1856,0,1461.49,2712525.44
CL874325,INE001A01036,HDFC BNK LTD,1155,0,1868.47,2158082.85
CL613795,INE237A01028,KOTAK MAHINDRA BANK,497,0,2356.72,1171289.84
CL313375,INE090A01021,ICICI BANK LTD,332,0,1472.41,488840.12
CL765555,INE154A01025,ITC LTD EQ,1283,0,2925.67,3753634.61
CL503833,INE154A01025,ITC LTD EQ,700,0,2416.79,1691753.0
CL931292,INE062A01020,STATE BANK OF INDIA,162,122,1298.15,210300.3
CL488543,INE155A01022,TATA MOTORS LTD,317,169,839.65,266169.05
CL512149,INE238A01026,AXIS BANK LTD EQ,506,0,2402.1,1215462.6
CL812360,INE009A01021,INFOSYS LTD,1686,0,2965.92,5000541.12
CL062004,INE062A01020,STATE BANK OF INDIA,3072,0,2414.63,7417743.36
CL818516,INE238A01026,AXIS BANK LTD EQ,143,0,2067.47,295648.21
CL233674,INE237A01028,KOTAK MAHINDRA BANK,2133,0,2309.64,4926462.12
CL697267,INE002A01018,RELIANCE INDS LTD EQ,2952,0,2210.77,6526193.04
CL361155,INE155A01022,TATA MOTORS LTD,2098,0,2795.29,5864518.42
CL723193,INE090A01021,ICICI BNK LTD,739,0,1076.19,795304.41
CL971869,INE018A01030,LARSEN AND TOUBRO,3385,0,1302.35,4408454.75
CL372379,INE238A01026,AXIS BANK LTD EQ,3420,0,241.36,825451.2
CL139591,INE018A01030,LARSEN AND TOUBRO,1925,146,2836.67,5460589.75
CL724367,INE154A01025,ITC LTD EQ,1181,0,1929.15,2278326.15
CL549982,INE018A01030,LARSEN AND TOUBRO,2718,0,2588.96,7036793.28
CL756814,INE238A01026,AXIS BANK LTD EQ,1701,0,897.48,1526613.48
CL777588,INE090A01021,ICICI BANK LTD,1993,496,2417.6,4818276.8
CL424069,INE237A01028,KOTAK MAHINDRA BNK,826,0,2940.75,2429059.5
CL455905,INE062A01020,STATE BANK OF INDIA,2546,0,642.5,1635805.0
CL802334,INE002A01018,RELIANCE INDS LTD EQ,353,0,2529.21,892811.13
CL351735,INE062A01020,STATE BANK OF INDIA,1107,0,2440.09,2701179.63
CL756365,INE154A01025,ITC LTD EQ,1739,0,2075.78,3609781.42
CL929832,INE155A01022,TATA MOTORS LTD,2544,0,2880.75,7328628.0
CL057051,INE001A01036,HDFC BANK LTD DVR,3268,0,1570.43,5132165.24
CL172544,INE009A01021,INFOSYS LTD DVR,1221,0,849.88,1037703.48
CL853867,INE090A01021,ICICI BANK LTD,1589,499,1794.53,2851508.17
CL516152,INE001A01036,HDFC BANK LTD,1856,0,2559.09,4749671.04
CL691812,INE018A01030,LARSEN AND TOUBRO,2263,213,151.55,342957.65
CL488892,INE155A01022,TATA MOTORS LTD,2367,0,1930.63,4569801.21
CL428592,INE009A01021,INFOSYS LTD,511,0,2059.91,1052614.01
CL738491,INE062A01020,STATE BANK OF INDIA,1025,0,1039.32,1065303.0
CL365398,INE090A01021,ICICI BANK LTD,979,0,745.14,729492.06
CL929040,INE009A01021,INFOSYS LTD,3104,0,1468.38,4557851.52
CL575655,INE238A01026,AXIS BANK LTD EQ,3185,0,2997.59,9547324.15
CL801107,INE001A01036,HDFC BANK LTD DVR,3352,0,351.95,1179736.4
CL115854,INE062A01020,STATE BANK OF INDIA,2245,0,824.33,1850620.85
CL957891,INE155A01022,TATA MOTORS LTD,2036,45,2371.97,4829330.92
CL775555,INE237A01028,KOTAK MAHINDRA BANK,1209,9,1507.36,1822398.24
CL233078,INE090A01021,ICICI BANK LTD,2668,0,2232.41,5956069.88
CL173783,INE062A01020,STATE BANK OF INDIA,2601,0,368.48,958416.48
CL269179,INE238A01026,AXIS BANK LTD EQ,567,0,2965.04,1681177.68
CL020598,INE009A01021,INFOSYS LTD,2329,0,2420.56,5637484.24
CL076610,INE062A01020,STATE BANK OF INDIA,440,0,1344.17,591434.8
CL595991,INE090A01021,ICICI BANK LTD,115,0,775.33,89162.95
CL855601,INE018A01030,LARSEN AND TOUBRO,364,0,531.76,193560.64
CL926845,INE238A01026,AXIS BNK LTD EQ,2766,0,202.82,561000.12
CL579586,INE238A01026,AXIS BANK LTD EQ,979,0,730.04,714709.16
CL129049,INE002A01018,RELIANCE INDS LTD EQ,2265,0,846.08,1916371.2
CL861779,INE238A01026,AXIS BANK LTD EQ,2986,0,2263.8,6759706.8
CL904738,INE155A01022,TATA MOTORS LTD,209,0,2068.87,432393.83
CL830857,INE001A01036,HDFC BANK LTD,1832,0,166.99,305925.68
CL517696,INE237A01028,KOTAK MAHINDRA BANK,1253,0,1232.56,1544397.68
CL486699,INE154A01025,ITC LTD EQ,386,0,2088.69,806234.34
CL424579,INE155A01022,TATA MOTORS LTD,859,0,954.92,820276.28
CL699689,INE018A01030,LARSEN AND TOUBRO,3315,0,2647.18,8775401.7
CL322409,INE002A01018,RELIANCE INDS LTD EQ,2192,0,1051.86,2305677.12
CL175494,INE237A01028,KOTAK MAHINDRA BANK,3190,0,1108.06,3534711.4
CL687886,INE009A01021,INFOSYS LTD,1935,0,1100.26,2129003.1
CL029097,INE237A01028,KOTAK MAHINDRA BANK,2101,0,2682.01,5634903.01
CL290705,INE238A01026,AXIS BANK LTD EQ,2557,0,2386.17,6101436.69
CL071292,INE238A01026,AXIS BANK LTD EQ,1807,0,2190.53,3958287.71
CL125808,INE009A01021,INFOSYS LTD,1311,0,2984.34,3912469.74
CL360089,INE238A01026,AXIS BANK LTD EQ,1723,0,120.23,207156.29
CL599679,INE090A01021,ICICI BANK LTD,1652,0,1759.56,2906793.12
CL212900,INE001A01036,HDFC BANK LTD,203,0,1108.55,225035.65
CL815981,INE238A01026,AXIS BANK LTD EQ,2031,0,2877.45,5844100.95
CL565583,INE018A01030,LARSEN AND TOUBRO,41,0,344.73,14133.93
CL392453,INE009A01021,INFOSYS LTD,2191,0,1269.16,2780729.56
CL779133,INE062A01020,STATE BANK OF INDIA,2500,242,1558.36,3895900.0
CL631097,INE154A01025,ITC LTD EQ,314,0,1635.94,513685.16
CL124634,INE018A01030,LARSEN AND TOUBRO,809,0,2548.94,2062092.46
CL579088,INE155A01022,TATA MOTORS LTD,3276,0,868.04,2843699.04
CL220993,INE062A01020,STATE BANK OF INDIA,2227,0,2238.09,4984226.43
CL636271,INE090A01021,ICICI BANK LTD,2299,144,2148.57,4939562.43
CL367474,INE001A01036,HDFC BANK LTD,1227,0,2396.14,2940063.78
CL898494,INE237A01028,KOTAK MAHINDRA BANK,2395,109,2566.76,6147390.2
CL869253,INE009A01021,INFOSYS LTD,2889,0,2020.5,5837224.5
CL901110,INE154A01025,ITC LTD EQ,2388,0,1871.18,4468377.84
CL495458,INE018A01030,LARSEN AND TOUBRO,2479,0,2581.44,6399389.76
CL294812,INE154A01025,ITC LTD EQ,3233,0,499.56,1615077.48
CL662740,INE001A01036,HDFC BANK LTD DVR,1237,0,975.33,1206483.21
CL135142,INE154A01025,ITC LTD DVR EQ,3399,0,1236.73,4203645.27
CL561722,INE238A01026,AXIS BANK LTD EQ,1272,0,1513.27,1924879.44
CL488315,INE155A01022,TATA MOTORS LTD,1015,0,1943.25,1972398.75
CL041439,INE001A01036,HDFC BANK LTD,3268,500,2944.81,9623639.08
CL758328,INE238A01026,AXIS BANK LTD EQ,2251,0,1195.63,2691363.13
CL175424,INE238A01026,AXIS BANK LTD EQ,2583,0,2756.17,7119187.11
CL302283,INE238A01026,AXIS BANK LTD EQ,379,0,2287.53,866973.87
CL307368,INE009A01021,INFOSYS LTD,2667,0,2781.7,7418793.9
CL200283,INE090A01021,ICICI BANK LTD,404,0,2317.65,936330.6
CL908614,INE155A01022,TATA MOTORS LTD,2469,66,2832.48,6993393.12
CL749802,INE009A01021,INFOSYS LTD,1344,0,2324.79,3124517.76
CL738982,INE154A01025,ITC LTD EQ,1286,0,1426.77,1834826.22
CL958121,INE009A01021,INFOSYS LTD,1455,0,1507.04,2192743.2
CL953336,INE090A01021,ICICI BANK LTD,1023,0,1733.3,1773165.9
CL200204,INE237A01028,KOTAK MAHINDRA BANK,2381,391,412.65,982519.65
CL515983,INE062A01020,STATE BANK OF INDIA,1306,386,215.28,281155.68
CL299720,INE238A01026,AXIS BANK LTD EQ,1066,0,440.17,469221.22
CL524501,INE009A01021,INFOSYS LTD,3043,0,508.58,1547608.94
CL661596,INE155A01022,TATA MOTORS LTD,1051,0,1168.64,1228240.64
CL689611,INE062A01020,STATE BANK OF INDIA,2087,0,522.28,1089998.36
CL638180,INE062A01020,STATE BANK OF INDIA,1296,0,1250.08,1620103.68
CL514952,INE001A01036,HDFC BANK LTD,2147,293,883.22,1896273.34
CL632896,INE155A01022,TATA MOTORS LTD,3366,0,2966.15,9984060.9
CL529765,INE001A01036,HDFC BANK LTD,283,0,497.89,140902.87
CL257486,INE090A01021,ICICI BANK LTD,2734,226,2820.71,7711821.14
CL902004,INE018A01030,LARSEN AND TOUBRO,1640,0,2923.51,4794556.4
CL930318,INE090A01021,ICICI BANK LTD,2210,339,2359.29,5214030.9
CL767482,INE062A01020,STATE BANK OF INDIA,530,0,2718.77,1440948.1
CL439096,INE002A01018,RELIANCE INDS LTD EQ,1459,0,1980.34,2889316.06
CL055387,INE018A01030,LARSEN AND TOUBRO,934,0,2947.15,2752638.1
CL770670,INE018A01030,LARSEN AND TOUBRO,2919,0,1832.93,5350322.67
CL585963,INE018A01030,LARSEN AND TOUBRO,1012,0,2744.9,2777838.8
CL714397,INE018A01030,LARSEN AND TOUBRO,3361,0,1301.31,4373702.91
CL983442,INE237A01028,KOTAK MAHINDRA BANK,967,0,426.98,412889.66
CL747342,INE062A01020,STATE BANK OF INDIA,1006,88,263.08,264658.48
CL408552,INE062A01020,STATE BANK OF INDIA,67,0,2282.5,152927.5
CL772595,INE018A01030,LARSEN AND TOUBRO,724,0,355.62,257468.88
CL182596,INE237A01028,KOTAK MAHINDRA BNK,2055,0,995.22,2045177.1
CL112872,INE062A01020,STATE BANK OF INDIA,2290,0,1247.04,2855721.6
CL992651,INE018A01030,LARSEN AND TOUBRO,1690,0,2137.21,3611884.9
CL637006,INE001A01036,HDFC BANK LTD,873,263,2118.2,1849188.6
CL397881,INE154A01025,ITC LTD EQ,1287,0,439.48,565610.76
CL958524,INE090A01021,ICICI BANK LTD,3485,0,1880.45,6553368.25
CL170879,INE237A01028,KOTAK MAHINDRA BANK,1474,0,108.9,160518.6
CL227756,INE001A01036,HDFC BANK LTD,3383,0,785.29,2656636.07
CL943644,INE154A01025,ITC LTD EQ,2192,0,1638.29,3591131.68
CL707985,INE154A01025,ITC LTD EQ,3305,0,1147.94,3793941.7
CL823566,INE155A01022,TATA MOTORS LTD,2633,379,886.74,2334786.42
CL736638,INE090A01021,ICICI BANK LTD,2270,0,1118.67,2539380.9
CL271304,INE155A01022,TATA MOTORS LTD,51,0,1350.09,68854.59
CL155937,INE001A01036,HDFC BANK LTD,1096,0,821.1,899925.6
CL863414,INE238A01026,AXIS BANK LTD EQ,2380,0,1243.49,2959506.2
CL205383,INE062A01020,STATE BANK OF INDIA,1,0,2726.44,2726.44
CL123708,INE018A01030,LARSEN AND TOUBRO,2975,0,640.29,1904862.75
CL590232,INE090A01021,ICICI BANK LTD,776,0,2601.42,2018701.92
CL564763,INE155A01022,TATA MOTORS LTD,3037,484,1454.56,4417498.72
CL918306,INE018A01030,LARSEN AND TOUBRO,1806,208,1353.41,2444258.46
CL593419,INE002A01018,RELIANCE INDS LTD EQ,3266,0,1675.6,5472509.6
CL698172,INE001A01036,HDFC BANK LTD,2808,0,2428.24,6818497.92
CL572397,INE009A01021,INFOSYS LTD,660,0,2912.28,1922104.8
CL479793,INE062A01020,STATE BANK OF INDIA,881,0,175.53,154641.93
CL421582,INE009A01021,INFOSYS LTD,1425,0,309.98,441721.5
CL272995,INE237A01028,KOTAK MAHINDRA BANK,1353,0,2826.8,3824660.4
CL785054,INE062A01020,STATE BANK OF INDIA,1813,0,2874.35,5211196.55
CL869861,INE237A01028,KOTAK MAHINDRA BANK,3429,0,1455.6,4991252.4
CL041355,INE238A01026,AXIS BANK LTD EQ,2062,0,744.32,1534787.84
CL887233,INE001A01036,HDFC BANK LTD,1346,264,2591.99,3488818.54
CL261948,INE018A01030,LARSEN AND TOUBRO,3311,0,631.67,2091459.37
CL508392,INE154A01025,ITC LTD DVR EQ,1615,0,219.94,355203.1
CL164294,INE001A01036,HDFC BANK LTD,2789,0,707.1,1972101.9
CL887142,INE238A01026,AXIS BANK LTD EQ,3030,333,2123.12,6433053.6
CL250958,INE001A01036,HDFC BANK LTD,1392,0,1208.05,1681605.6
CL477736,INE155A01022,TATA MOTORS LTD,266,0,2013.32,535543.12
CL109590,INE002A01018,RELIANCE INDS LTD EQ,626,0,1152.26,721314.76
CL166805,INE154A01025,ITC LTD EQ,459,0,1067.48,489973.32
CL801655,INE154A01025,ITC LTD EQ,1496,0,2481.59,3712458.64
CL645234,INE154A01025,ITC LTD EQ,3336,0,2452.44,8181339.84
CL457281,INE155A01022,TATA MOTORS LTD DVR,2687,0,2191.65,5888963.55
CL279634,INE238A01026,AXIS BANK LTD EQ,3372,0,2972.08,10021853.76
CL903562,INE154A01025,ITC LTD EQ,2988,0,2618.81,7825004.28
CL149003,INE018A01030,LARSEN AND TOUBRO,1667,0,1008.77,1681619.59
CL928567,INE238A01026,AXIS BANK LTD EQ,395,0,2312.4,913398.0
CL679449,INE018A01030,LARSEN AND TOUBRO,1258,0,2843.6,3577248.8
CL843023,INE001A01036,HDFC BANK LTD,763,0,1857.58,1417333.54
CL491620,INE009A01021,INFOSYS LTD,507,0,2791.85,1415467.95
CL698649,INE002A01018,RELIANCE INDS LTD EQ,432,231,1163.46,502614.72
CL723855,INE009A01021,INFOSYS LTD,2207,0,1669.47,3684520.29
CL179236,INE009A01021,INFOSYS LTD,2607,400,970.84,2530979.88
CL171141,INE062A01020,STATE BANK OF INDIA,138,0,2692.15,371516.7
CL856731,INE062A01020,STATE BANK OF INDIA,3280,0,1606.54,5269451.2
CL092633,INE062A01020,STATE BANK OF INDIA,2729,0,203.97,556634.13
CL001443,INE154A01025,ITC LTD EQ,1661,0,1223.95,2032980.95
CL290754,INE062A01020,STATE BANK OF INDIA,1269,0,326.1,413820.9
CL292449,INE062A01020,STATE BANK OF INDIA,1160,0,2019.7,2342852.0
CL312691,INE237A01028,KOTAK MAHINDRA BANK,1642,0,327.21,537278.82
CL355989,INE154A01025,ITC LTD EQ,2763,0,1223.4,3380254.2
CL387375,INE001A01036,HDFC BANK LTD,405,98,1548.97,627332.85
CL906418,INE090A01021,ICICI BANK LTD,794,0,2144.76,1702939.44
CL916942,INE009A01021,INFOSYS LTD,1439,0,2153.19,3098440.41
CL023816,INE154A01025,ITC LTD EQ,583,0,330.66,192774.78
CL320871,INE154A01025,ITC LTD EQ,1993,430,2814.83,5609956.19
CL306663,INE237A01028,KOTAK MAHINDRA BANK,3211,0,612.91,1968054.01
CL404060,INE237A01028,KOTAK MAHINDRA BANK,2435,483,693.69,1689135.15
CL542179,INE155A01022,TATA MOTORS LTD,108,0,1372.1,148186.8
CL018505,INE002A01018,RELIANCE INDS LTD EQ,1133,0,2991.96,3389890.68
CL283779,INE002A01018,RELIANCE INDS LTD EQ,1808,0,2141.08,3871072.64
CL460933,INE002A01018,RELIANCE INDS LTD EQ,1791,222,856.44,1533884.04
CL075906,INE001A01036,HDFC BANK LTD,1705,0,1491.44,2542905.2
CL758912,INE002A01018,RELIANCE INDS LTD DVR EQ,3427,0,143.57,492014.39
CL980132,INE090A01021,ICICI BANK LTD,1913,0,2946.45,5636558.85
CL392431,INE009A01021,INFOSYS LTD,1080,0,1556.26,1680760.8
CL017384,INE237A01028,KOTAK MAHINDRA BNK,533,0,969.62,516807.46
CL844081,INE090A01021,ICICI BANK LTD,2166,272,2024.23,4384482.18
CL729811,INE238A01026,AXIS BANK LTD DVR EQ,1581,0,1072.29,1695290.49
CL920814,INE002A01018,RELIANCE INDS LTD EQ,1028,0,1157.59,1190002.52
CL756042,INE238A01026,AXIS BANK LTD EQ,3338,452,2340.12,7811320.56
CL156195,INE155A01022,TATA MOTORS LTD,1057,0,2345.05,2478717.85
CL506658,INE062A01020,STATE BANK OF INDIA,1098,0,1811.62,1989158.76
CL199281,INE154A01025,ITC LTD DVR EQ,3073,404,532.28,1635696.44
CL832780,INE238A01026,AXIS BANK LTD EQ,2719,0,1558.26,4236908.94
CL048130,INE238A01026,AXIS BANK LTD EQ,1849,0,1044.48,1931243.52
CL988824,INE001A01036,HDFC BANK LTD DVR,2238,0,334.5,748611.0
CL146687,INE002A01018,RELIANCE INDS LTD EQ,966,0,1536.77,1484519.82
CL974857,INE090A01021,ICICI BANK LTD DVR,1336,0,1800.13,2404973.68
CL795712,INE155A01022,TATA MOTORS LTD,2471,0,2476.25,6118813.75
CL391733,INE090A01021,ICICI BANK LTD,557,0,179.72,100104.04
CL437789,INE090A01021,ICICI BANK LTD,2495,0,2000.26,4990648.7
CL288653,INE001A01036,HDFC BANK LTD,3284,0,900.68,2957833.12
CL934024,INE009A01021,INFOSYS LTD,611,149,2446.08,1494554.88
CL249915,INE237A01028,KOTAK MAHINDRA BANK,384,0,1649.34,633346.56
CL886132,INE009A01021,INFOSYS LTD,52,44,789.19,41037.88
CL291932,INE062A01020,STATE BANK OF INDIA,3193,0,688.24,2197550.32
CL302084,INE238A01026,AXIS BANK LTD EQ,622,0,1541.6,958875.2
CL597775,INE018A01030,LARSEN AND TOUBRO,1539,12,2117.37,3258632.43
CL295963,INE062A01020,STATE BANK OF INDIA,1921,0,997.64,1916466.44
CL475815,INE154A01025,ITC LTD DVR EQ,487,0,853.59,415698.33
CL379914,INE155A01022,TATA MOTORS LTD,1470,0,2833.15,4164730.5
CL979918,INE062A01020,STATE BANK OF INDIA,87,0,1018.35,88596.45
CL210725,INE237A01028,KOTAK MAHINDRA BNK,3122,445,634.13,1979753.86
CL021355,INE009A01021,INFOSYS LTD,3433,0,693.09,2379377.97
CL421111,INE154A01025,ITC LTD EQ,907,0,1605.96,1456605.72
CL925764,INE062A01020,STATE BANK OF INDIA,1091,0,2590.22,2825930.02
CL558207,INE001A01036,HDFC BANK LTD,1823,0,1450.3,2643896.9
CL155875,INE090A01021,ICICI BNK LTD,3315,34,857.8,2843607.0
CL467252,INE009A01021,INFOSYS LTD,2259,0,1047.27,2365782.93
CL504137,INE090A01021,ICICI BANK LTD DVR,2178,0,1055.78,2299488.84
CL640721,INE090A01021,ICICI BANK LTD,387,0,1918.47,742447.89
CL275078,INE155A01022,TATA MOTORS LTD,2113,0,2530.13,5346164.69
CL707892,INE155A01022,TATA MOTORS LTD,547,0,629.15,344145.05
CL105624,INE090A01021,ICICI BANK LTD,930,0,1322.95,1230343.5
CL813691,INE238A01026,AXIS BANK LTD EQ,257,0,1020.88,262366.16
CL109194,INE062A01020,STATE BANK OF INDIA,2525,0,2896.74,7314268.5
CL111945,INE155A01022,TATA MOTORS LTD,2155,0,2062.21,4444062.55
CL428742,INE238A01026,AXIS BANK LTD EQ,2966,0,2894.14,8584019.24
CL702461,INE009A01021,INFOSYS LTD,1422,0,2019.49,2871714.78
CL450455,INE090A01021,ICICI BANK LTD,1053,0,2574.11,2710537.83
CL870571,INE237A01028,KOTAK MAHINDRA BNK,2331,0,1738.91,4053399.21
CL247424,INE238A01026,AXIS BANK LTD EQ,471,0,1743.94,821395.74
CL502370,INE018A01030,LARSEN AND TOUBRO,234,0,155.92,36485.28
CL123767,INE237A01028,KOTAK MAHINDRA BANK,2410,0,130.34,314119.4
CL657063,INE237A01028,KOTAK MAHINDRA BANK,1124,0,2153.37,2420387.88
CL198627,INE009A01021,INFOSYS LTD,1265,478,2302.39,2912523.35
CL495980,INE002A01018,RELIANCE INDS LTD EQ,1833,300,1550.8,2842616.4
CL818965,INE237A01028,KOTAK MAHINDRA BANK,176,0,2490.93,438403.68
CL771559,INE001A01036,HDFC BANK LTD DVR,1313,0,1323.7,1738018.1
CL470854,INE001A01036,HDFC BANK LTD,1035,0,1520.15,1573355.25
CL316846,INE237A01028,KOTAK MAHINDRA BANK,3038,0,2796.38,8495402.44
CL281062,INE009A01021,INFOSYS LTD,646,0,532.63,344078.98
CL625191,INE237A01028,KOTAK MAHINDRA BANK,961,0,1995.85,1918011.85
CL457737,INE238A01026,AXIS BANK LTD EQ,1701,0,2257.84,3840585.84
CL495118,INE155A01022,TATA MOTORS LTD,1584,221,2291.83,3630258.72
CL950853,INE018A01030,LARSEN AND TOUBRO,1986,0,222.72,442321.92
CL230583,INE001A01036,HDFC BANK LTD,1432,0,1465.21,2098180.72
CL387372,INE154A01025,ITC LTD EQ,135,0,444.64,60026.4
CL623076,INE062A01020,STATE BANK OF INDIA,3276,0,1554.88,5093786.88
CL760345,INE155A01022,TATA MOTORS LTD,485,37,272.32,132075.2
CL449984,INE001A01036,HDFC BANK LTD,2099,339,109.9,230680.1
CL752142,INE002A01018,RELIANCE INDS LTD EQ,1801,0,249.47,449295.47
CL873620,INE237A01028,KOTAK MAHINDRA BANK,1087,420,1702.45,1850563.15
CL019605,INE001A01036,HDFC BANK LTD,263,0,1240.86,326346.18
CL221150,INE018A01030,LARSEN AND TOUBRO,1682,0,786.8,1323397.6
CL068708,INE009A01021,INFOSYS LTD,3329,0,1045.21,3479504.09
CL811319,INE002A01018,RELIANCE INDS LTD EQ,3442,0,2781.25,9573062.5
CL375738,INE009A01021,INFOSYS LTD,2876,356,1758.67,5057934.92
CL595185,INE001A01036,HDFC BANK LTD,3185,0,941.34,2998167.9
CL603520,INE090A01021,ICICI BANK LTD,2557,0,393.29,1005642.53
CL177817,INE062A01020,STATE BNK OF INDIA,2709,0,1808.05,4898007.45
CL864067,INE018A01030,LARSEN AND TOUBRO,532,0,502.83,267505.56
CL408751,INE090A01021,ICICI BANK LTD DVR,1471,0,2509.7,3691768.7
CL516554,INE154A01025,ITC LTD EQ,873,0,1708.1,1491171.3
CL846106,INE154A01025,ITC LTD EQ,31,0,1035.93,32113.83
CL936361,INE018A01030,LARSEN AND TOUBRO,1884,0,1886.09,3553393.56
CL821008,INE009A01021,INFOSYS LTD,2288,0,1158.73,2651174.24
CL467695,INE009A01021,INFOSYS LTD,664,0,287.63,190986.32
CL524798,INE090A01021,ICICI BANK LTD,14,1,2284.36,31981.04
CL781155,INE090A01021,ICICI BANK LTD,2943,0,2759.35,8120767.05
CL566671,INE001A01036,HDFC BANK LTD,2711,0,2165.21,5869884.31
CL068194,INE238A01026,AXIS BANK LTD EQ,489,263,1793.84,877187.76
CL217594,INE002A01018,RELIANCE INDS LTD EQ,717,0,405.91,291037.47
CL383291,INE001A01036,HDFC BANK LTD,1107,0,282.12,312306.84
CL494785,INE154A01025,ITC LTD EQ,174,0,2506.22,436082.28
CL525149,INE001A01036,HDFC BANK LTD,3138,0,1063.83,3338298.54
CL383944,INE002A01018,RELIANCE INDS LTD EQ,1920,0,1038.78,1994457.6
CL665414,INE062A01020,STATE BANK OF INDIA,938,0,2263.46,2123125.48
CL163065,INE009A01021,INFOSYS LTD,256,0,1600.52,409733.12
CL637472,INE018A01030,LARSEN AND TOUBRO,512,346,1428.57,731427.84
CL971673,INE002A01018,RELIANCE INDS LTD EQ,3327,0,2814.88,9365105.76
CL461268,INE155A01022,TATA MOTORS LTD,1033,0,1509.28,1559086.24
CL193171,INE001A01036,HDFC BANK LTD,376,0,2657.77,999321.52
CL649233,INE009A01021,INFOSYS LTD,47,0,2770.61,130218.67
CL656798,INE155A01022,TATA MOTORS LTD,2839,0,2501.0,7100339.0
CL079220,INE090A01021,ICICI BANK LTD,1217,0,2889.08,3516010.36
CL724204,INE154A01025,ITC LTD DVR EQ,1868,0,1810.41,3381845.88
CL880513,INE154A01025,ITC LTD EQ,3471,0,1967.89,6830546.19
CL121886,INE009A01021,INFOSYS LTD,2954,420,1962.4,5796929.6
CL484014,INE009A01021,INFOSYS LTD,2306,0,2337.41,5390067.46
CL779355,INE018A01030,LARSEN AND TOUBRO,1304,0,1622.34,2115531.36
CL416470,INE009A01021,INFOSYS LTD,1171,0,2265.59,2653005.89
CL758674,INE062A01020,STATE BANK OF INDIA,2203,393,344.99,760012.97
CL422860,INE001A01036,HDFC BANK LTD,2612,0,1705.25,4454113.0
CL344870,INE002A01018,RELIANCE INDS LTD EQ,410,0,2987.59,1224911.9
CL132248,INE001A01036,HDFC BANK LTD,2925,0,2324.28,6798519.0
CL999272,INE238A01026,AXIS BANK LTD EQ,1463,276,2179.08,3187994.04
CL286869,INE062A01020,STATE BANK OF INDIA,1206,0,2412.19,2909101.14
CL963805,INE001A01036,HDFC BANK LTD,2568,0,2741.97,7041378.96
CL360048,INE237A01028,KOTAK MAHINDRA BANK,100,0,1068.64,106864.0
CL559522,INE090A01021,ICICI BANK LTD,2977,1,2103.3,6261524.1
CL132878,INE009A01021,INFOSYS LTD,422,0,2927.71,1235493.62
CL774869,INE002A01018,RELIANCE INDS LTD EQ,3079,0,2474.22,7618123.38
CL928694,INE009A01021,INFOSYS LTD,1354,0,2099.8,2843129.2
CL744872,INE018A01030,LARSEN AND TOUBRO,524,0,1408.86,738242.64
CL753060,INE154A01025,ITC LTD EQ,2709,43,2709.79,7340821.11
CL044132,INE237A01028,KOTAK MAHINDRA BANK,1167,0,2783.48,3248321.16
CL332496,INE001A01036,HDFC BANK LTD,1336,0,1248.0,1667328.0
CL179825,INE009A01021,INFOSYS LTD,3262,0,2202.15,7183413.3
CL484281,INE062A01020,STATE BANK OF INDIA,2515,0,2639.07,6637261.05
CL991042,INE062A01020,STATE BANK OF INDIA,2173,0,2086.6,4534181.8
CL647137,INE009A01021,INFOSYS LTD,1877,0,1408.44,2643641.88
CL148306,INE090A01021,ICICI BANK LTD,525,0,2329.99,1223244.75
CL756225,INE001A01036,HDFC BANK LTD,3419,0,2453.03,8386909.57
CL789786,INE238A01026,AXIS BANK LTD EQ,487,0,2490.09,1212673.83
CL158123,INE062A01020,STATE BANK OF INDIA,334,0,778.0,259852.0
CL591378,INE062A01020,STATE BANK OF INDIA,7,0,633.31,4433.17
CL831367,INE009A01021,INFOSYS LTD,421,249,301.95,127120.95
CL810240,INE001A01036,HDFC BANK LTD DVR,2152,0,1516.73,3264002.96
CL116209,INE009A01021,INFOSYS LTD,1834,0,2588.84,4747932.56
CL080014,INE237A01028,KOTAK MAHINDRA BNK,2888,0,2763.08,7979775.04
CL684394,INE237A01028,KOTAK MAHINDRA BANK,284,0,1224.36,347718.24
CL423310,INE237A01028,KOTAK MAHINDRA BANK,723,458,2028.8,1466822.4
CL930683,INE002A01018,RELIANCE INDS LTD EQ,1573,0,1417.49,2229711.77
CL635750,INE155A01022,TATA MOTORS LTD,675,0,530.81,358296.75
CL387199,INE001A01036,HDFC BANK LTD,1244,0,1635.69,2034798.36
CL273836,INE002A01018,RELIANCE INDS LTD DVR EQ,2577,0,2866.67,7387408.59
CL694278,INE009A01021,INFOSYS LTD,682,0,1671.67,1140078.94
CL446985,INE237A01028,KOTAK MAHINDRA BANK,487,0,599.84,292122.08
CL387833,INE237A01028,KOTAK MAHINDRA BANK,2148,0,2415.24,5187935.52
CL431539,INE002A01018,RELIANCE INDS LTD EQ,3075,0,1950.88,5998956.0
CL668443,INE090A01021,ICICI BANK LTD DVR,1523,0,997.58,1519314.34
CL588219,INE062A01020,STATE BANK OF INDIA,688,152,1160.09,798141.92
CL920376,INE090A01021,ICICI BANK LTD,647,0,894.69,578864.43
CL400811,INE009A01021,INFOSYS LTD DVR,2245,0,394.68,886056.6
CL228024,INE062A01020,STATE BANK OF INDIA,1609,0,534.15,859447.35
CL750372,INE155A01022,TATA MOTORS LTD,1322,0,2628.17,3474440.74
CL130527,INE001A01036,HDFC BANK LTD,276,0,2507.72,692130.72
CL827762,INE154A01025,ITC LTD EQ,1795,0,1207.27,2167049.65
CL240508,INE238A01026,AXIS BANK LTD EQ,1607,0,526.38,845892.66
CL395889,INE062A01020,STATE BANK OF INDIA,536,0,2004.04,1074165.44
CL361644,INE018A01030,LARSEN AND TOUBRO,3018,0,314.72,949824.96
CL846436,INE090A01021,ICICI BANK LTD,2644,354,2876.18,7604619.92
CL178691,INE009A01021,INFOSYS LTD,3126,0,1081.92,3382081.92
CL956033,INE238A01026,AXIS BANK LTD EQ,2292,0,307.35,704446.2
CL909547,INE237A01028,KOTAK MAHINDRA BANK,3305,0,1652.81,5462537.05
CL878195,INE062A01020,STATE BANK OF INDIA,218,0,2987.08,651183.44
CL057516,INE062A01020,STATE BANK OF INDIA,214,0,1115.0,238610.0
CL748087,INE002A01018,RELIANCE INDS LTD EQ,3338,230,676.23,2257255.74
CL073077,INE154A01025,ITC LTD EQ,2132,0,821.24,1750883.68
CL070889,INE154A01025,ITC LTD EQ,1344,0,470.31,632096.64
CL209384,INE001A01036,HDFC BANK LTD,2047,0,770.83,1577889.01
CL390519,INE002A01018,RELIANCE INDS LTD EQ,3464,59,2606.71,9029643.44
CL416016,INE018A01030,LARSEN AND TOUBRO,2777,0,2824.13,7842609.01
CL306881,INE155A01022,TATA MOTORS LTD,205,0,464.75,95273.75
CL949246,INE154A01025,ITC LTD EQ,3197,417,475.05,1518734.85
CL029800,INE238A01026,AXIS BANK LTD EQ,3110,0,2293.6,7133096.0
CL297498,INE002A01018,RELIANCE INDS LTD EQ,1734,0,854.4,1481529.6
CL951049,INE155A01022,TATA MOTORS LTD,224,0,740.03,165766.72
CL793517,INE002A01018,RELIANCE INDS LTD DVR EQ,575,0,2471.91,1421348.25
CL113202,INE002A01018,RELIANCE INDS LTD EQ,2117,0,285.81,605059.77
CL787476,INE018A01030,LARSEN AND TOUBRO,2624,0,998.7,2620588.8
CL610102,INE154A01025,ITC LTD EQ,1215,0,2473.32,3005083.8
CL264329,INE062A01020,STATE BANK OF INDIA,1480,0,2111.01,3124294.8
CL291953,INE238A01026,AXIS BANK LTD EQ,1227,0,2746.51,3369967.77
CL227228,INE002A01018,RELIANCE INDS LTD EQ,1482,0,1473.45,2183652.9
CL351782,INE237A01028,KOTAK MAHINDRA BANK,390,0,853.2,332748.0
CL578309,INE155A01022,TATA MOTORS LTD DVR,1569,0,2963.7,4650045.3
CL945364,INE155A01022,TATA MOTORS LTD,2669,0,2798.36,7468822.84
CL756686,INE001A01036,HDFC BANK LTD DVR,2851,0,824.37,2350278.87
CL085717,INE154A01025,ITC LTD EQ,83,0,2279.45,189194.35
CL617319,INE002A01018,RELIANCE INDS LTD EQ,1116,0,1199.25,1338363.0
CL477859,INE002A01018,RELIANCE INDS LTD EQ,2607,0,1140.68,2973752.76
CL538454,INE018A01030,LARSEN AND TOUBRO,447,0,2848.44,1273252.68
CL484038,INE062A01020,STATE BANK OF INDIA,1021,0,1279.37,1306236.77
CL348974,INE062A01020,STATE BANK OF INDIA,2702,0,2579.66,6970241.32
CL450224,INE237A01028,KOTAK MAHINDRA BANK,1363,184,1937.49,2640798.87
CL545191,INE002A01018,RELIANCE INDS LTD EQ,2685,0,2931.08,7869949.8
CL488160,INE090A01021,ICICI BANK LTD,2193,0,397.28,871235.04
CL437507,INE238A01026,AXIS BANK LTD EQ,1816,0,1781.59,3235367.44
CL190704,INE001A01036,HDFC BANK LTD,2475,0,1838.23,4549619.25
CL725656,INE154A01025,ITC LTD EQ,1998,0,2018.8,4033562.4
CL779202,INE238A01026,AXIS BANK LTD EQ,2212,0,1890.82,4182493.84
CL648044,INE018A01030,LARSEN AND TOUBRO,1561,0,2454.86,3832036.46
CL012827,INE018A01030,LARSEN AND TOUBRO,694,0,227.69,158016.86
CL118157,INE155A01022,TATA MOTORS LTD,1498,0,410.3,614629.4
CL570752,INE002A01018,RELIANCE INDS LTD EQ,2682,0,473.69,1270436.58
CL234585,INE001A01036,HDFC BNK LTD,2973,0,240.26,714292.98
CL339923,INE062A01020,STATE BANK OF INDIA,2558,447,2608.68,6673003.44
CL786442,INE062A01020,STATE BANK OF INDIA,1541,0,2387.85,3679676.85
CL859139,INE237A01028,KOTAK MAHINDRA BANK,2334,0,2813.48,6566662.32
CL459744,INE090A01021,ICICI BANK LTD,866,0,1895.86,1641814.76
CL800813,INE001A01036,HDFC BANK LTD,54,0,2895.05,156332.7
CL076842,INE002A01018,RELIANCE INDS LTD DVR EQ,2908,0,422.79,1229473.32
CL348757,INE155A01022,TATA MOTORS LTD,861,459,1073.4,924197.4
CL473009,INE001A01036,HDFC BANK LTD,2606,0,1212.38,3159462.28
CL560762,INE001A01036,HDFC BANK LTD,2429,410,960.6,2333297.4
CL719367,INE062A01020,STATE BANK OF INDIA,2518,0,2764.02,6959802.36
CL724052,INE154A01025,ITC LTD EQ,2671,0,882.9,2358225.9
CL201166,INE009A01021,INFOSYS LTD,2255,0,1550.47,3496309.85
CL630069,INE238A01026,AXIS BANK LTD EQ,2706,0,996.16,2695608.96
CL456862,INE018A01030,LARSEN AND TOUBRO,559,0,313.42,175201.78
CL060596,INE002A01018,RELIANCE INDS LTD DVR EQ,2102,0,2172.62,4566847.24
CL310194,INE001A01036,HDFC BANK LTD,442,0,622.37,275087.54
CL665327,INE238A01026,AXIS BANK LTD EQ,437,0,1042.11,455402.07
CL426108,INE002A01018,RELIANCE INDS LTD EQ,1020,0,136.75,139485.0
CL667095,INE002A01018,RELIANCE INDS LTD DVR EQ,2383,440,2506.59,5973203.97
CL448384,INE155A01022,TATA MOTORS LTD,1762,0,2931.23,5164827.26
CL321912,INE001A01036,HDFC BANK LTD,1474,395,845.99,1246989.26
CL436854,INE018A01030,LARSEN AND TOUBRO,1517,0,2169.13,3290570.21
CL227452,INE237A01028,KOTAK MAHINDRA BANK,1189,0,853.1,1014335.9
CL333823,INE237A01028,KOTAK MAHINDRA BANK,3356,0,426.16,1430192.96
CL115817,INE155A01022,TATA MOTORS LTD,2810,400,1826.19,5131593.9
CL729281,INE154A01025,ITC LTD EQ,3226,121,2863.71,9238328.46
CL590476,INE238A01026,AXIS BANK LTD EQ,2408,448,2692.97,6484671.76
CL692432,INE009A01021,INFOSYS LTD,2330,0,999.89,2329743.7
CL645717,INE237A01028,KOTAK MAHINDRA BANK,2416,0,562.21,1358299.36
CL963913,INE155A01022,TATA MOTORS LTD,1242,59,679.64,844112.88
CL370129,INE018A01030,LARSEN AND TOUBRO,149,106,1473.58,219563.42
CL405961,INE155A01022,TATA MOTORS LTD,387,89,2698.7,1044396.9
CL118402,INE155A01022,TATA MOTORS LTD,81,0,1261.09,102148.29
CL364895,INE155A01022,TATA MOTORS LTD,127,0,2233.02,283593.54
CL437053,INE009A01021,INFOSYS LTD,3236,0,593.24,1919724.64
CL054081,INE237A01028,KOTAK MAHINDRA BANK,258,0,1120.93,289199.94
CL883778,INE238A01026,AXIS BANK LTD DVR EQ,2835,0,2076.17,5885941.95
CL264395,INE001A01036,HDFC BANK LTD DVR,813,0,2852.06,2318724.78
CL521221,INE002A01018,RELIANCE INDS LTD EQ,12,0,2613.74,31364.88
CL908506,INE009A01021,INFOSYS LTD,1889,0,2841.56,5367706.84
CL740016,INE009A01021,INFOSYS LTD,838,63,2932.4,2457351.2
CL986144,INE090A01021,ICICI BANK LTD,1812,0,930.61,1686265.32
CL651003,INE002A01018,RELIANCE INDS LTD EQ,41,0,592.37,24287.17
CL194589,INE002A01018,RELIANCE INDS LTD EQ,1768,0,1932.32,3416341.76
CL956595,INE154A01025,ITC LTD EQ,1889,0,1602.44,3027009.16
CL451538,INE018A01030,LARSEN AND TOUBRO,2501,0,547.1,1368297.1
CL084747,INE009A01021,INFOSYS LTD,2352,0,1841.31,4330761.12
CL203187,INE154A01025,ITC LTD EQ,2505,0,846.12,2119530.6
CL720404,INE002A01018,RELIANCE INDS LTD EQ,385,0,112.63,43362.55
CL832140,INE009A01021,INFOSYS LTD,1659,0,1836.34,3046488.06
CL988356,INE155A01022,TATA MOTORS LTD,967,417,2351.73,2274122.91
CL951230,INE154A01025,ITC LTD EQ,2594,0,318.09,825125.46
CL982182,INE062A01020,STATE BANK OF INDIA,397,19,2894.4,1149076.8
CL102507,INE001A01036,HDFC BANK LTD,1628,451,1229.41,2001479.48
CL491072,INE237A01028,KOTAK MAHINDRA BANK,421,0,1112.27,468265.67
CL266346,INE018A01030,LARSEN AND TOUBRO,1237,419,1928.16,2385133.92
CL399435,INE018A01030,LARSEN AND TOUBRO,2529,0,1952.25,4937240.25
CL767185,INE002A01018,RELIANCE INDS LTD EQ,2541,0,311.81,792309.21
CL120738,INE062A01020,STATE BANK OF INDIA,502,0,254.68,127849.36
CL851837,INE062A01020,STATE BNK OF INDIA,2163,0,1817.5,3931252.5
CL261829,INE018A01030,LARSEN AND TOUBRO,2298,0,776.13,1783546.74
CL347962,INE018A01030,LARSEN AND TOUBRO,934,0,2181.86,2037857.24
CL767776,INE238A01026,AXIS BANK LTD EQ,386,0,1882.04,726467.44
CL941694,INE237A01028,KOTAK MAHINDRA BANK,2418,0,344.67,833412.06
CL971078,INE002A01018,RELIANCE INDS LTD EQ,2199,0,1963.89,4318594.11
CL586326,INE018A01030,LARSEN AND TOUBRO,2306,0,2290.49,5281869.94
CL915874,INE001A01036,HDFC BANK LTD,1143,0,2406.35,2750458.05
CL186598,INE018A01030,LARSEN AND TOUBRO,2502,0,1412.88,3535025.76
CL134876,INE018A01030,LARSEN AND TOUBRO,2366,0,1551.42,3670659.72
CL308766,INE155A01022,TATA MOTORS LTD,123,19,695.85,85589.55
CL607910,INE155A01022,TATA MOTORS LTD,2867,0,2640.24,7569568.08
CL577323,INE001A01036,HDFC BANK LTD,996,0,437.8,436048.8
CL175004,INE155A01022,TATA MOTORS LTD,1172,0,1959.34,2296346.48
CL071759,INE238A01026,AXIS BANK LTD EQ,374,0,1484.52,555210.48
CL411673,INE154A01025,ITC LTD EQ,2085,0,316.49,659881.65
CL806082,INE155A01022,TATA MOTORS LTD,723,115,569.8,411965.4
CL700844,INE238A01026,AXIS BANK LTD EQ,2176,118,2876.71,6259720.96
CL384650,INE018A01030,LARSEN AND TOUBRO,3295,0,220.56,726745.2
CL668048,INE001A01036,HDFC BANK LTD,2482,0,1365.55,3389295.1
CL693836,INE009A01021,INFOSYS LTD,3437,0,2423.51,8329603.87
CL195344,INE155A01022,TATA MOTORS LTD,98,55,2218.07,217370.86
CL793842,INE009A01021,INFOSYS LTD DVR,1262,0,2789.27,3520058.74
CL180040,INE237A01028,KOTAK MAHINDRA BANK,3263,0,1290.43,4210673.09
CL844886,INE062A01020,STATE BANK OF INDIA,965,0,2635.29,2543054.85
CL543167,INE155A01022,TATA MOTORS LTD,2247,0,2018.77,4536176.19
CL457638,INE154A01025,ITC LTD EQ,1303,0,1451.71,1891578.13
CL074556,INE009A01021,INFOSYS LTD,1050,0,1287.79,1352179.5
CL471826,INE155A01022,TATA MOTORS LTD,2937,0,234.94,690018.78
CL566739,INE009A01021,INFOSYS LTD DVR,611,0,1031.78,630417.58
CL573274,INE154A01025,ITC LTD EQ,1522,0,1291.82,1966150.04
CL402655,INE090A01021,ICICI BANK LTD,1464,0,2268.48,3321054.72
CL256969,INE154A01025,ITC LTD EQ,3263,0,620.04,2023190.52
CL653573,INE237A01028,KOTAK MAHINDRA BANK,2396,0,827.16,1981875.36
CL528081,INE002A01018,RELIANCE INDS LTD EQ,515,0,1804.6,929369.0
CL698056,INE237A01028,KOTAK MAHINDRA BANK,944,0,2679.88,2529806.72
CL858710,INE002A01018,RELIANCE INDS LTD EQ,40,4,520.49,20819.6
CL698897,INE009A01021,INFOSYS LTD,2009,0,1120.07,2250220.63
CL228919,INE001A01036,HDFC BANK LTD,2744,0,2746.5,7536396.0
CL896907,INE002A01018,RELIANCE INDS LTD EQ,141,0,2251.25,317426.25
CL186419,INE154A01025,ITC LTD EQ,2234,0,256.15,572239.1
CL497281,INE018A01030,LARSEN AND TOUBRO,2762,0,1714.36,4735062.32
CL228140,INE238A01026,AXIS BANK LTD EQ,2117,0,2115.75,4479042.75
CL882790,INE001A01036,HDFC BANK LTD DVR,1389,0,332.6,461981.4
CL959859,INE090A01021,ICICI BANK LTD,2977,0,2695.62,8024860.74
CL606535,INE154A01025,ITC LTD DVR EQ,940,0,2725.0,2561500.0
CL616481,INE001A01036,HDFC BANK LTD DVR,157,136,1435.64,225395.48
CL106594,INE001A01036,HDFC BANK LTD,3049,0,814.44,2483227.56
CL834392,INE237A01028,KOTAK MAHINDRA BNK,33,0,941.25,31061.25
CL345291,INE090A01021,ICICI BANK LTD,716,0,1032.56,739312.96
CL634498,INE155A01022,TATA MOTORS LTD,10,0,1010.79,10107.9
CL459523,INE090A01021,ICICI BANK LTD,1808,0,2867.4,5184259.2
CL208754,INE002A01018,RELIANCE INDS LTD EQ,313,0,2615.68,818707.84
CL225341,INE090A01021,ICICI BANK LTD,2554,0,846.19,2161169.26
CL000098,INE155A01022,TATA MOTORS LTD,417,417,1970.66,821765.22
CL062427,INE002A01018,RELIANCE INDS LTD EQ,868,0,246.48,213944.64
CL262932,INE237A01028,KOTAK MAHINDRA BANK,1999,153,746.01,1491273.99
CL249140,INE090A01021,ICICI BANK LTD,1973,0,1873.71,3696829.83
CL159016,INE154A01025,ITC LTD EQ,3451,0,845.33,2917233.83
CL721144,INE155A01022,TATA MOTORS LTD,2557,0,2626.59,6716190.63
CL826211,INE018A01030,LARSEN AND TOUBRO,794,0,2825.36,2243335.84
CL958771,INE062A01020,STATE BANK OF INDIA,2877,0,1381.9,3975726.3
CL992425,INE002A01018,RELIANCE INDS LTD EQ,1230,0,646.68,795416.4
CL887078,INE002A01018,RELIANCE INDS LTD EQ,2833,445,2366.14,6703274.62
CL354325,INE090A01021,ICICI BANK LTD,801,0,858.51,687666.51
CL736944,INE001A01036,HDFC BANK LTD,46,0,729.86,33573.56
CL882233,INE237A01028,KOTAK MAHINDRA BNK,1287,0,1199.65,1543949.55
CL352955,INE001A01036,HDFC BANK LTD,141,0,403.9,56949.9
CL788219,INE238A01026,AXIS BANK LTD EQ,2362,0,1215.7,2871483.4
CL620998,INE238A01026,AXIS BANK LTD EQ,1171,0,1834.29,2147953.59
CL243271,INE001A01036,HDFC BANK LTD,502,0,1432.8,719265.6
CL470798,INE062A01020,STATE BANK OF INDIA,497,252,2637.8,1310986.6
CL606600,INE018A01030,LARSEN AND TOUBRO,2133,0,350.3,747189.9
CL806389,INE155A01022,TATA MOTORS LTD DVR,2140,0,2452.6,5248564.0
CL823098,INE002A01018,RELIANCE INDS LTD EQ,2603,0,2695.3,7015865.9
CL411557,INE009A01021,INFOSYS LTD,1341,0,299.34,401414.94
CL988203,INE090A01021,ICICI BANK LTD,1907,0,2664.45,5081106.15
CL456316,INE154A01025,ITC LTD EQ,1350,0,948.37,1280299.5
CL241968,INE009A01021,INFOSYS LTD,3399,0,2687.83,9135934.17
CL038485,INE155A01022,TATA MOTORS LTD,1748,0,1175.74,2055193.52
CL825823,INE009A01021,INFOSYS LTD DVR,2710,0,149.63,405497.3
CL034466,INE238A01026,AXIS BANK LTD EQ,1434,0,2445.58,3506961.72
CL806763,INE090A01021,ICICI BANK LTD,574,0,2654.2,1523510.8
CL091863,INE154A01025,ITC LTD EQ,2945,0,2746.91,8089649.95
CL004570,INE090A01021,ICICI BANK LTD,3352,0,1149.71,3853827.92
CL080963,INE155A01022,TATA MOTORS LTD,513,0,1805.81,926380.53
CL723191,INE090A01021,ICICI BANK LTD,2845,0,967.64,2752935.8
CL814149,INE009A01021,INFOSYS LTD,1798,0,2456.66,4417074.68
CL014639,INE154A01025,ITC LTD EQ,2742,0,398.11,1091617.62
CL542325,INE090A01021,ICICI BANK LTD,3342,0,2675.74,8942323.08
CL849035,INE001A01036,HDFC BANK LTD,218,0,2193.81,478250.58
CL735809,INE002A01018,RELIANCE INDS LTD DVR EQ,248,0,207.92,51564.16
CL220654,INE018A01030,LARSEN AND TOUBRO,2422,481,2386.03,5778964.66
CL820936,INE062A01020,STATE BANK OF INDIA,1018,0,2525.12,2570572.16
CL235836,INE001A01036,HDFC BANK LTD,1808,0,1675.98,3030171.84
CL687774,INE002A01018,RELIANCE INDS LTD EQ,2354,0,605.69,1425794.26
CL135102,INE001A01036,HDFC BANK LTD,3137,0,2258.98,7086420.26
CL564612,INE001A01036,HDFC BANK LTD,2517,0,605.9,1525050.3
CL736795,INE155A01022,TATA MOTORS LTD,259,0,2867.95,742799.05
CL735310,INE018A01030,LARSEN AND TOUBRO,109,0,2898.49,315935.41
CL000950,INE001A01036,HDFC BNK LTD,702,0,609.21,427665.42
CL484886,INE154A01025,ITC LTD EQ,2657,0,1200.56,3189887.92
CL268869,INE001A01036,HDFC BANK LTD,1245,0,1542.65,1920599.25
CL753769,INE018A01030,LARSEN AND TOUBRO,1795,0,749.44,1345244.8
CL461903,INE009A01021,INFOSYS LTD,2121,0,1599.77,3393112.17
CL086400,INE002A01018,RELIANCE INDS LTD EQ,1643,444,2332.61,3832478.23
CL341101,INE009A01021,INFOSYS LTD,848,0,1654.95,1403397.6
CL400786,INE090A01021,ICICI BANK LTD,3219,0,2136.65,6877876.35
CL389807,INE001A01036,HDFC BANK LTD,1090,0,2054.65,2239568.5
CL667657,INE154A01025,ITC LTD EQ,1330,163,2698.04,3588393.2
CL151401,INE237A01028,KOTAK MAHINDRA BANK,3081,0,593.11,1827371.91
CL597487,INE002A01018,RELIANCE INDS LTD EQ,848,136,236.66,200687.68
CL990298,INE090A01021,ICICI BANK LTD,3025,0,1078.33,3261948.25
CL607918,INE002A01018,RELIANCE INDS LTD EQ,0,0,2094.7,0.0
CL397526,INE238A01026,AXIS BNK LTD EQ,2235,0,2740.32,6124615.2
CL745907,INE155A01022,TATA MOTORS LTD,1684,0,2732.67,4601816.28
CL862823,INE155A01022,TATA MOTORS LTD,2718,0,750.5,2039859.0
CL327777,INE238A01026,AXIS BANK LTD EQ,1175,0,1120.91,1317069.25
CL789101,INE009A01021,INFOSYS LTD,3035,0,1574.95,4779973.25
CL306821,INE001A01036,HDFC BANK LTD,1033,0,2219.26,2292495.58
CL536804,INE002A01018,RELIANCE INDS LTD EQ,1577,0,2048.26,3230106.02
CL831497,INE237A01028,KOTAK MAHINDRA BANK,3258,129,1498.57,4882341.06
CL339344,INE237A01028,KOTAK MAHINDRA BANK,2177,0,2212.57,4816764.89
CL202627,INE009A01021,INFOSYS LTD,1541,0,2839.23,4375253.43
CL269543,INE237A01028,KOTAK MAHINDRA BANK,3190,0,1097.27,3500291.3
CL384722,INE090A01021,ICICI BANK LTD,3482,0,516.62,1798870.84
CL308006,INE238A01026,AXIS BANK LTD EQ,1093,0,2576.49,2816103.57
CL307234,INE062A01020,STATE BANK OF INDIA,312,0,414.36,129280.32
CL406494,INE018A01030,LARSEN AND TOUBRO,48,0,154.93,7436.64
CL655951,INE237A01028,KOTAK MAHINDRA BANK,2167,0,1280.56,2774973.52
CL969231,INE062A01020,STATE BANK OF INDIA,2355,0,1641.43,3865567.65
CL826626,INE001A01036,HDFC BANK LTD,328,0,2982.41,978230.48
CL321397,INE001A01036,HDFC BANK LTD,2166,0,762.85,1652333.1
CL892225,INE238A01026,AXIS BANK LTD EQ,98,0,2979.38,291979.24
CL690797,INE062A01020,STATE BANK OF INDIA,2632,0,179.14,471496.48
CL985897,INE238A01026,AXIS BANK LTD EQ,1937,0,2854.1,5528391.7
CL037309,INE155A01022,TATA MOTORS LTD,1889,430,426.6,805847.4
CL318840,INE154A01025,ITC LTD EQ,1287,0,204.75,263513.25
CL806984,INE154A01025,ITC LTD EQ,496,0,627.61,311294.56
CL544980,INE090A01021,ICICI BANK LTD DVR,2533,0,2600.0,6585800.0
CL044543,INE238A01026,AXIS BANK LTD EQ,1279,50,2540.2,3248915.8
CL283870,INE018A01030,LARSEN AND TOUBRO,1117,232,987.86,1103439.62
CL262871,INE002A01018,RELIANCE INDS LTD EQ,2193,0,660.03,1447445.79
CL412188,INE238A01026,AXIS BANK LTD EQ,2772,302,765.63,2122326.36
CL157991,INE090A01021,ICICI BANK LTD,2561,0,482.78,1236399.58
CL110233,INE009A01021,INFOSYS LTD,686,323,1644.67,1128243.62
CL803643,INE009A01021,INFOSYS LTD,3013,0,2800.14,8436821.82
CL157096,INE155A01022,TATA MOTORS LTD,1174,0,993.31,1166145.94
CL059164,INE018A01030,LARSEN AND TOUBRO,2795,0,1748.39,4886750.05
CL103073,INE090A01021,ICICI BANK LTD,1701,0,1843.72,3136167.72
CL647413,INE018A01030,LARSEN AND TOUBRO,2694,0,1780.52,4796720.88
CL673976,INE154A01025,ITC LTD EQ,295,0,103.5,30532.5
CL130864,INE009A01021,INFOSYS LTD DVR,3223,0,385.97,1243981.31
CL759031,INE009A01021,INFOSYS LTD,1401,0,2391.45,3350421.45
CL647349,INE018A01030,LARSEN AND TOUBRO,690,338,2281.09,1573952.1
CL705967,INE155A01022,TATA MOTORS LTD,1392,0,605.43,842758.56
CL869562,INE090A01021,ICICI BANK LTD,2509,3,1626.7,4081390.3
CL672813,INE238A01026,AXIS BANK LTD EQ,1752,0,1144.35,2004901.2
CL839842,INE018A01030,LARSEN AND TOUBRO,431,0,2623.58,1130762.98
CL537260,INE090A01021,ICICI BANK LTD,1020,283,328.78,335355.6
CL951233,INE155A01022,TATA MOTORS LTD,918,0,1320.92,1212604.56
CL794496,INE062A01020,STATE BANK OF INDIA,482,0,1568.62,756074.84
CL477373,INE154A01025,ITC LTD EQ,3295,0,552.55,1820652.25
CL032094,INE154A01025,ITC LTD EQ,2598,0,1605.13,4170127.74
CL484279,INE237A01028,KOTAK MAHINDRA BANK,1404,0,2987.85,4194941.4
CL507939,INE001A01036,HDFC BANK LTD,895,101,1413.59,1265163.05
CL083177,INE154A01025,ITC LTD EQ,3247,0,2968.84,9639823.48
CL446996,INE018A01030,LARSEN AND TOUBRO,3385,279,2783.81,9423196.85
CL727313,INE001A01036,HDFC BANK LTD,742,0,490.86,364218.12
CL322205,INE062A01020,STATE BANK OF INDIA,2228,0,107.69,239933.32
CL200535,INE002A01018,RELIANCE INDS LTD EQ,3403,0,1204.56,4099117.68
CL752732,INE090A01021,ICICI BANK LTD DVR,2802,0,130.02,364316.04
CL162967,INE155A01022,TATA MOTORS LTD,488,0,955.15,466113.2
CL566458,INE090A01021,ICICI BNK LTD,1130,0,283.69,320569.7
CL738980,INE018A01030,LARSEN AND TOUBRO,1427,0,2993.61,4271881.47
CL214712,INE001A01036,HDFC BANK LTD,1576,0,336.05,529614.8
CL063713,INE154A01025,ITC LTD EQ,2330,0,2716.83,6330213.9
CL774250,INE018A01030,LARSEN AND TOUBRO,1551,0,355.73,551737.23
CL404212,INE018A01030,LARSEN AND TOUBRO,688,0,643.32,442604.16
CL987307,INE062A01020,STATE BNK OF INDIA,2318,55,2811.58,6517242.44
CL861699,INE001A01036,HDFC BANK LTD,759,472,827.51,628080.09
CL606108,INE155A01022,TATA MOTORS LTD,937,158,266.61,249813.57
CL760459,INE155A01022,TATA MOTORS LTD,2823,0,1970.4,5562439.2
CL757215,INE002A01018,RELIANCE INDS LTD EQ,401,0,2942.26,1179846.26
CL364161,INE155A01022,TATA MOTORS LTD,2463,0,2250.94,5544065.22
CL946937,INE009A01021,INFOSYS LTD DVR,163,0,556.08,90641.04
CL281142,INE002A01018,RELIANCE INDS LTD EQ,858,0,279.79,240059.82
CL984568,INE002A01018,RELIANCE INDS LTD EQ,1312,16,612.37,803429.44
CL543947,INE238A01026,AXIS BANK LTD DVR EQ,2457,176,768.21,1887491.97
CL753186,INE009A01021,INFOSYS LTD,1449,0,2429.51,3520359.99
CL436690,INE009A01021,INFOSYS LTD,3492,0,2129.79,7437226.68
CL488591,INE002A01018,RELIANCE INDS LTD EQ,918,0,2274.62,2088101.16
CL563757,INE018A01030,LARSEN AND TOUBRO,3105,0,764.58,2374020.9
CL047052,INE090A01021,ICICI BANK LTD,1989,0,1509.73,3002852.97
CL069453,INE001A01036,HDFC BANK LTD,2979,0,1468.04,4373291.16
CL390570,INE002A01018,RELIANCE INDS LTD EQ,1570,0,1803.39,2831322.3
CL647169,INE237A01028,KOTAK MAHINDRA BANK,3040,0,2948.31,8962862.4
CL623103,INE238A01026,AXIS BANK LTD EQ,1973,0,2497.75,4928060.75
CL809041,INE002A01018,RELIANCE INDS LTD EQ,3392,0,2745.11,9311413.12
CL189458,INE237A01028,KOTAK MAHINDRA BANK,3090,0,1158.6,3580074.0
CL013627,INE238A01026,AXIS BANK LTD EQ,1604,0,1883.28,3020781.12
CL718895,INE155A01022,TATA MOTORS LTD,1131,251,2775.78,3139407.18
CL888831,INE154A01025,ITC LTD EQ,1256,0,310.79,390352.24
CL365656,INE002A01018,RELIANCE INDS LTD EQ,1223,0,661.53,809051.19
CL221021,INE238A01026,AXIS BNK LTD EQ,407,0,2986.2,1215383.4
CL047508,INE237A01028,KOTAK MAHINDRA BANK,2525,61,2577.18,6507379.5
CL007855,INE009A01021,INFOSYS LTD,3228,469,1027.85,3317899.8
CL107714,INE062A01020,STATE BANK OF INDIA,2613,0,270.52,706868.76
CL703012,INE154A01025,ITC LTD DVR EQ,3010,443,602.98,1814969.8
CL283155,INE090A01021,ICICI BNK LTD,2319,0,927.32,2150455.08
CL745747,INE001A01036,HDFC BANK LTD,1782,0,2232.94,3979099.08
CL706779,INE062A01020,STATE BANK OF INDIA,333,0,1321.0,439893.0
CL641065,INE154A01025,ITC LTD EQ,2690,0,2555.44,6874133.6
CL039123,INE155A01022,TATA MOTORS LTD DVR,544,0,1117.59,607968.96
CL467723,INE155A01022,TATA MOTORS LTD,580,30,816.47,473552.6
CL424992,INE154A01025,ITC LTD EQ,3072,0,1607.57,4938455.04
CL150891,INE001A01036,HDFC BANK LTD DVR,1445,393,1746.82,2524154.9
CL013390,INE154A01025,ITC LTD EQ,2545,0,691.19,1759078.55
CL701665,INE009A01021,INFOSYS LTD,2150,0,2327.3,5003695.0
CL726639,INE238A01026,AXIS BANK LTD EQ,2635,0,2292.78,6041475.3
CL613925,INE155A01022,TATA MOTORS LTD,2263,0,472.37,1068973.31
CL947911,INE062A01020,STATE BANK OF INDIA,265,0,1609.91,426626.15
CL363323,INE002A01018,RELIANCE INDS LTD EQ,516,0,2886.61,1489490.76
CL936179,INE002A01018,RELIANCE INDS LTD EQ,2230,0,102.46,228485.8
CL918956,INE018A01030,LARSEN AND TOUBRO,1009,0,2156.84,2176251.56
CL020992,INE002A01018,RELIANCE INDS LTD EQ,1560,0,2934.09,4577180.4
CL534333,INE018A01030,LARSEN AND TOUBRO,3007,0,181.49,545740.43
CL962039,INE238A01026,AXIS BANK LTD EQ,662,0,304.42,201526.04
CL836000,INE062A01020,STATE BANK OF INDIA,2547,0,2484.47,6327945.09
CL694938,INE090A01021,ICICI BANK LTD,565,0,258.96,146312.4
CL473897,INE009A01021,INFOSYS LTD,3496,0,1415.16,4947399.36
CL993653,INE001A01036,HDFC BANK LTD,300,0,2919.02,875706.0
CL561428,INE001A01036,HDFC BANK LTD,1945,0,1870.4,3637928.0
CL593315,INE001A01036,HDFC BANK LTD DVR,1686,0,1946.45,3281714.7
CL221705,INE009A01021,INFOSYS LTD DVR,3405,0,1647.44,5609533.2
CL115932,INE018A01030,LARSEN AND TOUBRO,1890,0,1002.86,1895405.4
CL203479,INE238A01026,AXIS BANK LTD EQ,2882,0,2435.24,7018361.68
CL319917,INE009A01021,INFOSYS LTD,988,10,1474.38,1456687.44
CL751971,INE237A01028,KOTAK MAHINDRA BANK,3155,0,2733.57,8624413.35
CL867231,INE090A01021,ICICI BNK LTD,1096,0,1835.65,2011872.4
CL011871,INE001A01036,HDFC BANK LTD,3470,0,1005.05,3487523.5
CL691690,INE238A01026,AXIS BANK LTD EQ,747,0,2259.83,1688093.01
CL490952,INE238A01026,AXIS BANK LTD EQ,3394,0,1520.87,5161832.78
CL415353,INE009A01021,INFOSYS LTD,2806,0,245.93,690079.58
CL031925,INE238A01026,AXIS BANK LTD DVR EQ,3220,250,1885.61,6071664.2
CL510663,INE002A01018,RELIANCE INDS LTD EQ,1126,0,2594.71,2921643.46
CL126794,INE154A01025,ITC LTD EQ,1266,0,2963.55,3751854.3
CL192694,INE062A01020,STATE BANK OF INDIA,1174,265,1202.19,1411371.06
CL873705,INE090A01021,ICICI BANK LTD,1131,0,289.39,327300.09
CL255398,INE002A01018,RELIANCE INDS LTD EQ,2218,0,1672.84,3710359.12
CL442468,INE237A01028,KOTAK MAHINDRA BANK,1714,0,1463.49,2508421.86
CL719708,INE062A01020,STATE BANK OF INDIA,3110,0,1647.92,5125031.2
CL637147,INE155A01022,TATA MOTORS LTD,3125,0,2828.11,8837843.75
CL366476,INE018A01030,LARSEN AND TOUBRO,589,0,1801.23,1060924.47
CL425252,INE238A01026,AXIS BANK LTD EQ,960,0,716.04,687398.4
CL135679,INE154A01025,ITC LTD EQ,2236,0,2689.73,6014236.28
CL883137,INE237A01028,KOTAK MAHINDRA BANK,3358,0,1524.31,5118632.98
CL024288,INE018A01030,LARSEN AND TOUBRO,1364,0,1686.44,2300304.16
CL259557,INE090A01021,ICICI BNK LTD,732,0,780.07,571011.24
CL550909,INE001A01036,HDFC BANK LTD DVR,165,0,403.11,66513.15
CL649503,INE238A01026,AXIS BANK LTD EQ,2857,0,1079.53,3084217.21
CL154964,INE154A01025,ITC LTD EQ,100,0,2914.98,291498.0
CL799724,INE155A01022,TATA MOTORS LTD,928,0,2181.09,2024051.52
CL361442,INE154A01025,ITC LTD EQ,296,0,2879.96,852468.16
CL150697,INE155A01022,TATA MOTORS LTD,1315,0,1648.31,2167527.65
CL328417,INE237A01028,KOTAK MAHINDRA BANK,487,0,1472.61,717161.07
CL187632,INE238A01026,AXIS BANK LTD EQ,1028,0,694.45,713894.6
CL686242,INE237A01028,KOTAK MAHINDRA BANK,3405,0,953.2,3245646.0
CL184819,INE062A01020,STATE BANK OF INDIA,2450,0,2152.94,5274703.0
CL845660,INE009A01021,INFOSYS LTD,2549,0,770.52,1964055.48
CL598873,INE155A01022,TATA MOTORS LTD,651,0,362.66,236091.66
CL448432,INE062A01020,STATE BANK OF INDIA,2745,0,342.16,939229.2
CL129125,INE018A01030,LARSEN AND TOUBRO,3213,44,187.96,603915.48
CL727329,INE090A01021,ICICI BANK LTD,1770,0,1191.21,2108441.7
CL145180,INE237A01028,KOTAK MAHINDRA BANK,1068,0,1795.34,1917423.12
CL656733,INE237A01028,KOTAK MAHINDRA BANK,1835,0,1658.32,3043017.2
CL046114,INE154A01025,ITC LTD DVR EQ,583,0,2446.51,1426315.33
CL694671,INE154A01025,ITC LTD EQ,640,0,588.45,376608.0
CL066688,INE001A01036,HDFC BANK LTD DVR,724,0,2841.69,2057383.56
CL838427,INE090A01021,ICICI BANK LTD,2607,0,348.32,908070.24
CL275796,INE062A01020,STATE BANK OF INDIA,2684,0,1950.43,5234954.12
CL961960,INE062A01020,STATE BANK OF INDIA,855,0,1789.73,1530219.15
CL900357,INE002A01018,RELIANCE INDS LTD DVR EQ,928,0,2543.88,2360720.64
CL955237,INE238A01026,AXIS BANK LTD EQ,1947,0,2826.71,5503604.37
CL764098,INE001A01036,HDFC BANK LTD,2167,0,869.45,1884098.15
CL524232,INE002A01018,RELIANCE INDS LTD EQ,704,382,1933.99,1361528.96
CL818963,INE238A01026,AXIS BANK LTD EQ,3394,0,1864.69,6328757.86
CL004896,INE237A01028,KOTAK MAHINDRA BANK,1763,0,2556.24,4506651.12
CL087367,INE062A01020,STATE BANK OF INDIA,918,416,876.0,804168.0
CL984915,INE001A01036,HDFC BANK LTD,763,0,2912.94,2222573.22
CL902746,INE001A01036,HDFC BNK LTD,713,0,1572.39,1121114.07
CL952656,INE237A01028,KOTAK MAHINDRA BANK,2259,0,799.18,1805347.62
CL910229,INE237A01028,KOTAK MAHINDRA BANK,1586,113,2080.04,3298943.44
CL337262,INE062A01020,STATE BNK OF INDIA,715,0,195.53,139803.95
CL088257,INE001A01036,HDFC BANK LTD,3366,0,1518.86,5112482.76
CL050885,INE090A01021,ICICI BNK LTD,2881,0,2585.53,7448911.93
CL473258,INE154A01025,ITC LTD EQ,2529,0,2028.13,5129140.77
CL559430,INE002A01018,RELIANCE INDS LTD EQ,1341,0,2805.71,3762457.11
CL576366,INE062A01020,STATE BANK OF INDIA,911,0,594.45,541543.95
CL699238,INE018A01030,LARSEN AND TOUBRO,1399,0,2500.33,3497961.67
CL281199,INE002A01018,RELIANCE INDS LTD EQ,1905,0,364.98,695286.9
CL678747,INE237A01028,KOTAK MAHINDRA BANK,454,0,1728.65,784807.1
CL744607,INE238A01026,AXIS BANK LTD EQ,446,0,331.78,147973.88
CL401349,INE154A01025,ITC LTD EQ,1453,0,1416.91,2058770.23
CL026316,INE154A01025,ITC LTD EQ,1455,0,1932.41,2811656.55
CL702641,INE062A01020,STATE BANK OF INDIA,1492,0,221.48,330448.16
CL688437,INE155A01022,TATA MOTORS LTD,2510,0,840.43,2109479.3
CL998996,INE002A01018,RELIANCE INDS LTD EQ,2443,0,977.68,2388472.24
CL152422,INE001A01036,HDFC BANK LTD,1649,0,2178.66,3592610.34
CL174865,INE237A01028,KOTAK MAHINDRA BANK,1842,0,1831.98,3374507.16
CL001432,INE018A01030,LARSEN AND TOUBRO,2157,457,2814.26,6070358.82
CL583612,INE154A01025,ITC LTD EQ,3076,488,1892.26,5820591.76
CL113516,INE002A01018,RELIANCE INDS LTD EQ,1775,0,999.69,1774449.75
CL087319,INE009A01021,INFOSYS LTD DVR,2901,0,635.46,1843469.46
CL593486,INE002A01018,RELIANCE INDS LTD EQ,1231,0,1700.57,2093401.67
CL318826,INE009A01021,INFOSYS LTD,200,0,2769.79,553958.0
CL260572,INE009A01021,INFOSYS LTD,3166,0,652.77,2066669.82
CL926587,INE154A01025,ITC LTD EQ,1232,0,1868.36,2301819.52
CL208602,INE018A01030,LARSEN AND TOUBRO,3336,0,2910.08,9708026.88
CL985597,INE238A01026,AXIS BNK LTD EQ,372,0,2277.68,847296.96
CL880549,INE237A01028,KOTAK MAHINDRA BANK,824,0,2992.06,2465457.44
CL765389,INE009A01021,INFOSYS LTD,2001,0,1216.69,2434596.69
CL591003,INE018A01030,LARSEN AND TOUBRO,3162,0,2209.37,6986027.94
CL935921,INE154A01025,ITC LTD EQ,3315,67,2427.31,8046532.65
CL485006,INE238A01026,AXIS BANK LTD EQ,2007,0,2546.25,5110323.75
CL944689,INE155A01022,TATA MOTORS LTD,2225,0,1468.94,3268391.5
CL407304,INE062A01020,STATE BANK OF INDIA,3027,0,176.49,534235.23
CL985862,INE009A01021,INFOSYS LTD,3443,0,631.74,2175080.82
CL349181,INE238A01026,AXIS BANK LTD EQ,3390,0,2827.47,9585123.3
CL801836,INE009A01021,INFOSYS LTD,1842,0,1010.83,1861948.86
CL114967,INE237A01028,KOTAK MAHINDRA BANK,3446,0,312.49,1076840.54
CL945150,INE090A01021,ICICI BANK LTD DVR,2457,0,273.2,671252.4
CL540981,INE062A01020,STATE BANK OF INDIA,1773,0,1275.31,2261124.63
CL939705,INE002A01018,RELIANCE INDS LTD EQ,1092,0,1327.77,1449924.84
CL789563,INE090A01021,ICICI BANK LTD,724,0,2001.73,1449252.52
CL333169,INE001A01036,HDFC BANK LTD,1300,0,1854.12,2410356.0
CL226075,INE154A01025,ITC LTD EQ,553,0,1224.51,677154.03
CL318490,INE062A01020,STATE BANK OF INDIA,3323,0,1982.93,6589276.39
CL067516,INE018A01030,LARSEN AND TOUBRO,2504,0,2478.91,6207190.64
CL986691,INE155A01022,TATA MOTORS LTD,33,0,1336.72,44111.76
CL878779,INE238A01026,AXIS BANK LTD EQ,1627,0,1079.86,1756932.22
CL071840,INE155A01022,TATA MOTORS LTD,1567,0,883.28,1384099.76
CL137995,INE155A01022,TATA MOTORS LTD,2359,0,2034.23,4798748.57
CL210664,INE090A01021,ICICI BANK LTD,668,0,345.56,230834.08
CL549409,INE238A01026,AXIS BANK LTD DVR EQ,187,0,1700.09,317916.83
CL738568,INE018A01030,LARSEN AND TOUBRO,2319,0,1396.05,3237439.95
CL360668,INE018A01030,LARSEN AND TOUBRO,2783,0,2279.8,6344683.4
CL740727,INE001A01036,HDFC BANK LTD,2729,332,1776.95,4849296.55
CL945838,INE062A01020,STATE BANK OF INDIA,1132,0,235.86,266993.52
CL515849,INE002A01018,RELIANCE INDS LTD EQ,65,0,1137.79,73956.35
CL440333,INE090A01021,ICICI BANK LTD,2097,0,2310.91,4845978.27
CL806742,INE155A01022,TATA MOTORS LTD,2384,0,1866.84,4450546.56
CL986331,INE238A01026,AXIS BANK LTD EQ,3398,0,870.48,2957891.04
CL468943,INE237A01028,KOTAK MAHINDRA BANK,2910,0,2420.82,7044586.2
CL361501,INE154A01025,ITC LTD EQ,874,0,1086.8,949863.2
CL606796,INE001A01036,HDFC BANK LTD,787,0,1302.39,1024980.93
CL378327,INE238A01026,AXIS BANK LTD DVR EQ,289,0,577.32,166845.48
CL873886,INE155A01022,TATA MOTORS LTD,2765,0,2769.49,7657639.85
CL997581,INE154A01025,ITC LTD EQ,3187,0,1548.34,4934559.58
CL534499,INE154A01025,ITC LTD EQ,998,0,1934.93,1931060.14
CL064694,INE009A01021,INFOSYS LTD,1260,0,1323.05,1667043.0
CL954908,INE001A01036,HDFC BANK LTD,1933,0,2562.35,4953022.55
CL051269,INE018A01030,LARSEN AND TOUBRO,3108,0,198.31,616347.48
CL664018,INE090A01021,ICICI BANK LTD,1045,0,1319.26,1378626.7
CL948894,INE001A01036,HDFC BANK LTD,616,0,484.61,298519.76
CL089599,INE155A01022,TATA MOTORS LTD,2523,0,1772.13,4471083.99
CL116402,INE001A01036,HDFC BANK LTD,572,0,1422.04,813406.88
CL972878,INE001A01036,HDFC BANK LTD DVR,2875,0,1838.3,5285112.5
CL300770,INE002A01018,RELIANCE INDS LTD EQ,2658,0,628.9,1671616.2
CL724720,INE154A01025,ITC LTD EQ,2514,0,2359.87,5932713.18
CL538207,INE018A01030,LARSEN AND TOUBRO,2585,0,2446.68,6324667.8
CL161616,INE001A01036,HDFC BANK LTD,2848,0,2270.46,6466270.08
CL293469,INE002A01018,RELIANCE INDS LTD EQ,1712,0,839.42,1437087.04
CL507293,INE238A01026,AXIS BANK LTD EQ,1161,0,208.18,241696.98
CL301226,INE155A01022,TATA MOTORS LTD,900,48,2334.49,2101041.0
CL773492,INE018A01030,LARSEN AND TOUBRO,2899,0,1821.0,5279079.0
CL239608,INE062A01020,STATE BANK OF INDIA,2884,379,2024.56,5838831.04
CL027906,INE155A01022,TATA MOTORS LTD,2112,0,923.78,1951023.36
CL771440,INE237A01028,KOTAK MAHINDRA BANK,537,0,1594.1,856031.7
CL740494,INE009A01021,INFOSYS LTD,313,0,2712.29,848946.77
CL568694,INE155A01022,TATA MOTORS LTD,2425,0,744.57,1805582.25
CL654626,INE154A01025,ITC LTD EQ,192,0,2835.97,544506.24
CL233921,INE018A01030,LARSEN AND TOUBRO,22,4,2081.79,45799.38
CL363472,INE009A01021,INFOSYS LTD DVR,1174,212,1924.26,2259081.24
CL697797,INE155A01022,TATA MOTORS LTD,209,0,2054.0,429286.0
CL175964,INE090A01021,ICICI BANK LTD,2376,0,2849.31,6769960.56
CL295886,INE062A01020,STATE BANK OF INDIA,711,0,2972.46,2113419.06
CL400463,INE238A01026,AXIS BANK LTD EQ,2375,0,2040.85,4847018.75
CL232677,INE009A01021,INFOSYS LTD,581,0,1763.04,1024326.24
CL291358,INE237A01028,KOTAK MAHINDRA BANK,1182,0,2464.83,2913429.06
CL497582,INE090A01021,ICICI BANK LTD,208,197,168.16,34977.28
CL099523,INE155A01022,TATA MOTORS LTD DVR,1750,13,2219.89,3884807.5
CL972952,INE154A01025,ITC LTD EQ,2222,0,334.58,743436.76
CL892621,INE009A01021,INFOSYS LTD DVR,726,194,1228.01,891535.26
CL870823,INE154A01025,ITC LTD EQ,2418,0,1353.21,3272061.78
CL643642,INE154A01025,ITC LTD EQ,835,0,527.16,440178.6
CL837939,INE155A01022,TATA MOTORS LTD,193,63,2201.02,424796.86
CL241931,INE001A01036,HDFC BANK LTD,5,0,2954.56,14772.8
CL011121,INE018A01030,LARSEN AND TOUBRO,3278,0,2743.44,8992996.32
CL664069,INE002A01018,RELIANCE INDS LTD EQ,1536,0,2379.07,3654251.52
CL807865,INE238A01026,AXIS BANK LTD DVR EQ,2996,0,1270.06,3805099.76
CL625747,INE001A01036,HDFC BNK LTD,3106,96,2355.85,7317270.1
CL354128,INE154A01025,ITC LTD EQ,1330,0,2157.12,2868969.6
CL158065,INE090A01021,ICICI BANK LTD,2233,0,1151.98,2572371.34
CL470864,INE009A01021,INFOSYS LTD DVR,2663,0,2057.38,5478802.94
CL093870,INE002A01018,RELIANCE INDS LTD DVR EQ,546,0,970.73,530018.58
CL969299,INE002A01018,RELIANCE INDS LTD EQ,932,0,880.87,820970.84
CL287928,INE155A01022,TATA MOTORS LTD,1437,0,1812.02,2603872.74
CL194890,INE237A01028,KOTAK MAHINDRA BANK,3414,0,2379.53,8123715.42
CL686895,INE002A01018,RELIANCE INDS LTD EQ,3110,0,668.34,2078537.4
CL150884,INE238A01026,AXIS BANK LTD EQ,938,0,1827.6,1714288.8
CL773600,INE018A01030,LARSEN AND TOUBRO,1072,0,2386.5,2558328.0
CL412114,INE154A01025,ITC LTD EQ,2672,0,2081.61,5562061.92
CL835274,INE090A01021,ICICI BANK LTD,2301,212,416.68,958780.68
CL044420,INE009A01021,INFOSYS LTD,1409,0,2217.85,3124950.65
CL293423,INE155A01022,TATA MOTORS LTD,853,26,565.45,482328.85
CL665567,INE154A01025,ITC LTD EQ,3209,0,125.29,402055.61
CL482183,INE237A01028,KOTAK MAHINDRA BANK,2652,0,852.55,2260962.6
CL569800,INE062A01020,STATE BANK OF INDIA,2764,0,2174.54,6010428.56
CL758874,INE154A01025,ITC LTD EQ,1469,174,2535.17,3724164.73
CL220904,INE238A01026,AXIS BANK LTD EQ,415,0,136.76,56755.4
CL897795,INE154A01025,ITC LTD EQ,2277,464,1390.49,3166145.73
CL681864,INE237A01028,KOTAK MAHINDRA BANK,2193,0,969.97,2127144.21
CL184387,INE154A01025,ITC LTD EQ,127,21,1799.19,228497.13
CL145628,INE062A01020,STATE BANK OF INDIA,197,0,779.77,153614.69
CL263080,INE062A01020,STATE BNK OF INDIA,1881,0,2737.57,5149369.17
CL453559,INE018A01030,LARSEN AND TOUBRO,905,230,1645.5,1489177.5
CL686041,INE090A01021,ICICI BANK LTD,3172,0,2296.62,7284878.64
CL187484,INE009A01021,INFOSYS LTD,2324,0,2839.37,6598695.88
CL566758,INE009A01021,INFOSYS LTD,270,0,2236.51,603857.7
CL021950,INE090A01021,ICICI BANK LTD,2170,0,2377.12,5158350.4
CL902578,INE154A01025,ITC LTD EQ,38,0,2395.56,91031.28
CL610241,INE238A01026,AXIS BANK LTD EQ,3238,0,540.76,1750980.88
CL671105,INE018A01030,LARSEN AND TOUBRO,2726,0,1229.53,3351698.78
CL998688,INE154A01025,ITC LTD EQ,1762,387,2682.9,4727269.8
CL881577,INE018A01030,LARSEN AND TOUBRO,1415,0,1025.57,1451181.55
CL363544,INE001A01036,HDFC BANK LTD,3332,494,2624.5,8744834.0
CL921856,INE155A01022,TATA MOTORS LTD,2552,0,983.97,2511091.44
CL064923,INE154A01025,ITC LTD EQ,3229,0,1972.89,6370461.81
CL815624,INE155A01022,TATA MOTORS LTD DVR,1923,0,2121.64,4079913.72
CL211919,INE001A01036,HDFC BNK LTD,1560,0,2940.1,4586556.0
CL974611,INE090A01021,ICICI BANK LTD,476,0,1711.15,814507.4
CL251190,INE018A01030,LARSEN AND TOUBRO,2382,0,2299.84,5478218.88
CL795030,INE001A01036,HDFC BANK LTD,493,0,1110.34,547397.62
CL700720,INE018A01030,LARSEN AND TOUBRO,1887,0,2696.74,5088748.38
CL471865,INE062A01020,STATE BANK OF INDIA,3433,0,1194.55,4100890.15
CL981300,INE154A01025,ITC LTD EQ,1691,0,1657.11,2802173.01
CL619504,INE155A01022,TATA MOTORS LTD,431,0,1449.84,624881.04
CL309514,INE009A01021,INFOSYS LTD,2373,0,180.2,427614.6
CL249587,INE154A01025,ITC LTD EQ,277,0,2460.21,681478.17
CL080155,INE237A01028,KOTAK MAHINDRA BANK,1096,0,1993.51,2184886.96
CL109950,INE090A01021,ICICI BANK LTD,3278,0,2311.72,7577818.16
CL141143,INE009A01021,INFOSYS LTD,28,0,2738.21,76669.88
CL111187,INE238A01026,AXIS BANK LTD EQ,1506,343,269.22,405445.32
CL719103,INE018A01030,LARSEN AND TOUBRO,3395,189,2082.92,7071513.4
CL399273,INE009A01021,INFOSYS LTD,283,0,2258.94,639280.02
CL956527,INE018A01030,LARSEN AND TOUBRO,2877,0,2544.05,7319231.85
CL988846,INE154A01025,ITC LTD EQ,216,0,2937.5,634500.0
CL575427,INE155A01022,TATA MOTORS LTD,2348,0,586.1,1376162.8
CL793288,INE090A01021,ICICI BANK LTD,1963,0,327.21,642313.23
CL647851,INE090A01021,ICICI BANK LTD,3478,0,2627.84,9139627.52
CL259503,INE155A01022,TATA MOTORS LTD,2454,0,1355.15,3325538.1
CL614075,INE062A01020,STATE BNK OF INDIA,1547,0,2420.08,3743863.76
CL872869,INE009A01021,INFOSYS LTD,3097,0,2199.94,6813214.18
CL492324,INE090A01021,ICICI BANK LTD,145,24,2761.46,400411.7
CL782703,INE018A01030,LARSEN AND TOUBRO,707,0,1034.95,731709.65
CL849324,INE009A01021,INFOSYS LTD,495,0,1978.46,979337.7
CL419405,INE237A01028,KOTAK MAHINDRA BNK,2420,0,1064.54,2576186.8
CL465408,INE009A01021,INFOSYS LTD,1357,19,448.31,608356.67
CL438288,INE018A01030,LARSEN AND TOUBRO,385,0,2935.41,1130132.85
CL840961,INE090A01021,ICICI BANK LTD,2803,0,440.23,1233964.69
CL488223,INE002A01018,RELIANCE INDS LTD DVR EQ,3280,0,1481.53,4859418.4
CL976740,INE155A01022,TATA MOTORS LTD,3189,105,111.54,355701.06
CL468138,INE062A01020,STATE BANK OF INDIA,1848,340,2613.03,4828879.44
CL166182,INE009A01021,INFOSYS LTD,2891,0,419.21,1211936.11
CL822680,INE237A01028,KOTAK MAHINDRA BANK,3340,0,1818.36,6073322.4
CL685548,INE001A01036,HDFC BANK LTD,1326,0,1150.12,1525059.12
CL894312,INE062A01020,STATE BANK OF INDIA,2774,0,1718.1,4766009.4
CL451071,INE002A01018,RELIANCE INDS LTD EQ,2474,0,2189.39,5416550.86
CL601397,INE001A01036,HDFC BANK LTD,3131,356,957.47,2997838.57
CL129466,INE090A01021,ICICI BANK LTD,1246,0,1782.06,2220446.76
CL124926,INE018A01030,LARSEN AND TOUBRO,1218,0,1241.74,1512439.32
CL145134,INE238A01026,AXIS BANK LTD EQ,220,0,1939.42,426672.4
CL632512,INE002A01018,RELIANCE INDS LTD EQ,390,0,468.45,182695.5
CL501036,INE062A01020,STATE BANK OF INDIA,1767,0,156.4,276358.8
CL688300,INE018A01030,LARSEN AND TOUBRO,1689,0,1488.57,2514194.73
CL539710,INE009A01021,INFOSYS LTD,2089,0,1920.33,4011569.37
CL846715,INE154A01025,ITC LTD EQ,3400,0,1819.65,6186810.0
CL585750,INE062A01020,STATE BANK OF INDIA,2254,0,2325.63,5241970.02
CL963547,INE018A01030,LARSEN AND TOUBRO,366,0,1950.46,713868.36
CL542659,INE155A01022,TATA MOTORS LTD,1256,348,1433.9,1800978.4
CL482936,INE009A01021,INFOSYS LTD,2546,0,2818.56,7176053.76
CL589022,INE090A01021,ICICI BANK LTD,2484,0,2940.07,7303133.88
CL771921,INE001A01036,HDFC BANK LTD,3077,0,2817.17,8668432.09
CL475671,INE238A01026,AXIS BANK LTD EQ,3399,0,2476.45,8417453.55
CL124517,INE009A01021,INFOSYS LTD,2056,0,670.81,1379185.36
CL742588,INE090A01021,ICICI BANK LTD DVR,1275,0,2121.36,2704734.0
CL056023,INE018A01030,LARSEN AND TOUBRO,2561,462,1308.43,3350889.23
CL014297,INE009A01021,INFOSYS LTD,1411,0,813.52,1147876.72
CL511952,INE237A01028,KOTAK MAHINDRA BANK,3103,0,2936.33,9111431.99
CL075134,INE009A01021,INFOSYS LTD,132,0,735.05,97026.6
CL607401,INE018A01030,LARSEN AND TOUBRO,998,0,2461.67,2456746.66
CL469247,INE238A01026,AXIS BANK LTD EQ,3060,253,2688.99,8228309.4
CL705618,INE002A01018,RELIANCE INDS LTD EQ,1421,0,546.53,776619.13
CL304758,INE154A01025,ITC LTD EQ,3244,0,398.74,1293512.56
CL488302,INE001A01036,HDFC BANK LTD,1697,51,1841.23,3124567.31
CL724051,INE018A01030,LARSEN AND TOUBRO,3255,0,689.59,2244615.45
CL421473,INE001A01036,HDFC BANK LTD,499,0,455.55,227319.45
CL260086,INE002A01018,RELIANCE INDS LTD EQ,704,0,2133.17,1501751.68
CL911528,INE237A01028,KOTAK MAHINDRA BANK,3087,0,180.58,557450.46
CL188310,INE154A01025,ITC LTD EQ,2960,0,2918.81,8639677.6
CL008520,INE155A01022,TATA MOTORS LTD,1582,0,1302.8,2061029.6
CL289041,INE002A01018,RELIANCE INDS LTD EQ,902,189,324.68,292861.36
CL786428,INE154A01025,ITC LTD EQ,1277,0,1873.34,2392255.18
CL679782,INE237A01028,KOTAK MAHINDRA BANK,306,0,1152.06,352530.36
CL937351,INE154A01025,ITC LTD EQ,2328,0,1624.79,3782511.12
CL327266,INE002A01018,RELIANCE INDS LTD EQ,2768,0,1968.74,5449472.32
CL945972,INE237A01028,KOTAK MAHINDRA BNK,1813,0,673.97,1221907.61
CL042864,INE238A01026,AXIS BANK LTD EQ,2304,403,1023.98,2359249.92
CL979842,INE062A01020,STATE BANK OF INDIA,3154,0,612.14,1930689.56
CL290066,INE155A01022,TATA MOTORS LTD,2361,0,656.58,1550185.38
CL004022,INE001A01036,HDFC BANK LTD,387,0,383.13,148271.31
CL591666,INE090A01021,ICICI BNK LTD,813,0,1187.8,965681.4
CL793767,INE009A01021,INFOSYS LTD DVR,355,243,967.05,343302.75
CL464319,INE238A01026,AXIS BANK LTD EQ,120,0,2848.83,341859.6
CL685577,INE090A01021,ICICI BANK LTD,707,0,2458.64,1738258.48
CL377357,INE237A01028,KOTAK MAHINDRA BANK,518,0,1479.07,766158.26
CL935748,INE090A01021,ICICI BANK LTD,1275,0,678.75,865406.25
CL792601,INE155A01022,TATA MOTORS LTD,1410,0,792.97,1118087.7
CL576039,INE238A01026,AXIS BANK LTD EQ,2716,0,252.15,684839.4
CL006840,INE062A01020,STATE BANK OF INDIA,562,0,2220.51,1247926.62
CL892717,INE001A01036,HDFC BNK LTD,2173,0,1165.94,2533587.62
CL730811,INE009A01021,INFOSYS LTD,2702,0,1141.42,3084116.84
CL278469,INE155A01022,TATA MOTORS LTD,2153,0,1507.91,3246530.23
CL862758,INE001A01036,HDFC BANK LTD,195,0,989.67,192985.65
CL059110,INE090A01021,ICICI BANK LTD,346,0,2282.12,789613.52
CL061320,INE001A01036,HDFC BANK LTD,91,0,1570.38,142904.58
CL743173,INE002A01018,RELIANCE INDS LTD EQ,2881,0,936.36,2697653.16
CL089212,INE062A01020,STATE BANK OF INDIA,3472,0,1873.35,6504271.2
CL628519,INE090A01021,ICICI BANK LTD,1658,0,235.35,390210.3
CL908912,INE155A01022,TATA MOTORS LTD,848,0,254.7,215985.6
CL895678,INE018A01030,LARSEN AND TOUBRO,1820,0,841.76,1532003.2
CL253895,INE154A01025,ITC LTD EQ,93,0,275.64,25634.52
CL845305,INE018A01030,LARSEN AND TOUBRO,3247,0,1167.71,3791554.37
CL074713,INE238A01026,AXIS BANK LTD EQ,562,0,1338.22,752079.64
CL465592,INE062A01020,STATE BANK OF INDIA,1492,0,2790.4,4163276.8
CL607817,INE238A01026,AXIS BANK LTD EQ,2736,0,283.77,776394.72
CL005345,INE001A01036,HDFC BANK LTD DVR,2502,0,1444.21,3613413.42
CL215901,INE009A01021,INFOSYS LTD DVR,877,0,2167.43,1900836.11
CL961908,INE018A01030,LARSEN AND TOUBRO,3427,0,695.96,2385054.92
CL265421,INE001A01036,HDFC BANK LTD,3400,0,1108.14,3767676.0
CL408316,INE090A01021,ICICI BANK LTD,3254,0,1371.19,4461852.26
CL407241,INE062A01020,STATE BANK OF INDIA,2823,0,213.51,602738.73
CL656459,INE155A01022,TATA MOTORS LTD,685,0,887.93,608232.05
CL353711,INE009A01021,INFOSYS LTD,3234,0,1255.17,4059219.78
CL206313,INE238A01026,AXIS BANK LTD DVR EQ,438,0,1003.51,439537.38
CL149476,INE090A01021,ICICI BANK LTD,1748,0,950.8,1661998.4
CL119394,INE237A01028,KOTAK MAHINDRA BANK,2589,351,116.28,301048.92
CL239093,INE018A01030,LARSEN AND TOUBRO,2055,0,2769.49,5691301.95
CL479141,INE238A01026,AXIS BANK LTD EQ,196,0,1044.76,204772.96
CL079231,INE001A01036,HDFC BANK LTD,2448,0,2703.43,6617996.64
CL005120,INE090A01021,ICICI BANK LTD,1648,0,1324.65,2183023.2
CL684228,INE155A01022,TATA MOTORS LTD,2377,0,707.52,1681775.04
CL971182,INE009A01021,INFOSYS LTD,1291,0,451.75,583209.25
CL245349,INE002A01018,RELIANCE INDS LTD EQ,1008,0,1279.86,1290098.88
CL181943,INE009A01021,INFOSYS LTD,1600,0,2315.87,3705392.0
CL060777,INE238A01026,AXIS BANK LTD EQ,3224,0,538.84,1737220.16
CL718580,INE237A01028,KOTAK MAHINDRA BNK,1835,0,819.97,1504644.95
CL835348,INE002A01018,RELIANCE INDS LTD DVR EQ,31,0,802.78,24886.18
CL463482,INE090A01021,ICICI BANK LTD,1912,0,1612.51,3083119.12
CL084674,INE009A01021,INFOSYS LTD,1701,225,1597.65,2717602.65
CL548201,INE009A01021,INFOSYS LTD,2271,0,1175.73,2670082.83
CL871599,INE090A01021,ICICI BANK LTD,1730,0,325.77,563582.1
CL376579,INE009A01021,INFOSYS LTD,1081,446,1773.02,1916634.62
CL650928,INE062A01020,STATE BANK OF INDIA,2288,200,1458.03,3335972.64
CL189274,INE018A01030,LARSEN AND TOUBRO,73,0,2801.06,204477.38
CL778644,INE018A01030,LARSEN AND TOUBRO,1741,0,2725.97,4745913.77
CL949568,INE009A01021,INFOSYS LTD,1237,0,733.7,907586.9
CL602426,INE090A01021,ICICI BANK LTD,2443,0,2720.36,6645839.48
CL046234,INE001A01036,HDFC BANK LTD,1002,0,755.83,757341.66
CL860485,INE001A01036,HDFC BANK LTD,339,0,1007.77,341634.03
CL268777,INE090A01021,ICICI BNK LTD,910,0,182.92,166457.2
CL152613,INE062A01020,STATE BANK OF INDIA,1163,0,2497.1,2904127.3
CL612732,INE237A01028,KOTAK MAHINDRA BANK,2764,0,632.56,1748395.84
CL135239,INE018A01030,LARSEN AND TOUBRO,2570,0,2774.09,7129411.3
CL356612,INE009A01021,INFOSYS LTD,2215,0,1102.06,2441062.9
CL999472,INE001A01036,HDFC BNK LTD,465,0,1537.19,714793.35
CL811690,INE001A01036,HDFC BANK LTD,643,0,2446.73,1573247.39
CL472705,INE018A01030,LARSEN AND TOUBRO,598,0,1734.96,1037506.08
CL542836,INE009A01021,INFOSYS LTD,2295,0,273.31,627246.45
CL185392,INE238A01026,AXIS BANK LTD EQ,1627,0,2926.49,4761399.23
CL792209,INE238A01026,AXIS BANK LTD EQ,1395,37,513.48,716304.6
CL613390,INE154A01025,ITC LTD EQ,1696,0,1859.64,3153949.44
CL546449,INE238A01026,AXIS BNK LTD EQ,957,0,2023.42,1936412.94
CL653499,INE154A01025,ITC LTD EQ,2499,25,515.52,1288284.48
CL426010,INE090A01021,ICICI BNK LTD,2444,0,1313.63,3210511.72
CL523366,INE154A01025,ITC LTD EQ,1151,0,1582.02,1820905.02
CL258687,INE238A01026,AXIS BANK LTD EQ,2822,337,2635.98,7438735.56
CL280840,INE062A01020,STATE BANK OF INDIA,1374,343,2017.58,2772154.92
CL905196,INE062A01020,STATE BANK OF INDIA,1402,0,376.41,527726.82
CL889612,INE154A01025,ITC LTD EQ,2026,467,747.35,1514131.1
CL923839,INE062A01020,STATE BANK OF INDIA,2240,0,2345.71,5254390.4
CL814339,INE238A01026,AXIS BANK LTD EQ,1871,0,771.25,1443008.75
CL679147,INE090A01021,ICICI BANK LTD,2320,0,1842.91,4275551.2
CL095335,INE238A01026,AXIS BANK LTD EQ,1153,0,196.8,226910.4
CL870597,INE154A01025,ITC LTD EQ,331,0,1780.79,589441.49
CL456269,INE154A01025,ITC LTD DVR EQ,886,0,341.03,302152.58
CL511498,INE155A01022,TATA MOTORS LTD,2185,0,1272.29,2779953.65
CL446831,INE237A01028,KOTAK MAHINDRA BANK,407,0,1334.61,543186.27
CL847811,INE155A01022,TATA MOTORS LTD,3155,0,2403.06,7581654.3
CL070571,INE001A01036,HDFC BANK LTD,0,0,359.62,0.0
CL174532,INE001A01036,HDFC BANK LTD DVR,873,0,1550.98,1354005.54
CL721199,INE238A01026,AXIS BANK LTD EQ,1245,0,123.6,153882.0
CL642561,INE001A01036,HDFC BANK LTD,661,0,2845.99,1881199.39
CL020086,INE155A01022,TATA MOTORS LTD,84,0,2159.44,181392.96
CL576169,INE009A01021,INFOSYS LTD,222,0,811.47,180146.34
CL880881,INE001A01036,HDFC BANK LTD,5,0,733.97,3669.85
CL453835,INE002A01018,RELIANCE INDS LTD EQ,530,0,1731.54,917716.2
CL079259,INE154A01025,ITC LTD EQ,558,0,1138.59,635333.22
CL099478,INE237A01028,KOTAK MAHINDRA BANK,359,0,2520.3,904787.7
CL871609,INE002A01018,RELIANCE INDS LTD EQ,1073,0,1001.17,1074255.41
CL653810,INE154A01025,ITC LTD EQ,3149,0,614.5,1935060.5
CL606091,INE018A01030,LARSEN AND TOUBRO,11,0,2410.34,26513.74
CL050023,INE237A01028,KOTAK MAHINDRA BANK,1959,0,224.11,439031.49
CL871111,INE062A01020,STATE BANK OF INDIA,3174,0,2538.24,8056373.76
CL014637,INE237A01028,KOTAK MAHINDRA BANK,3426,0,2181.44,7473613.44
CL806669,INE018A01030,LARSEN AND TOUBRO,1074,0,878.94,943981.56
CL598839,INE155A01022,TATA MOTORS LTD,2235,0,1496.86,3345482.1
CL684207,INE238A01026,AXIS BANK LTD EQ,3099,0,1928.16,5975367.84
CL696754,INE238A01026,AXIS BANK LTD EQ,2579,224,462.79,1193535.41
CL703302,INE062A01020,STATE BANK OF INDIA,1311,0,840.05,1101305.55
CL542638,INE001A01036,HDFC BANK LTD,2461,110,216.96,533938.56
CL297464,INE090A01021,ICICI BNK LTD,2441,0,867.05,2116469.05
CL523951,INE238A01026,AXIS BNK LTD EQ,1535,74,610.42,936994.7
CL289156,INE062A01020,STATE BANK OF INDIA,1828,0,2549.23,4659992.44
CL585306,INE062A01020,STATE BANK OF INDIA,1828,0,459.85,840605.8
CL102593,INE001A01036,HDFC BANK LTD,350,0,2071.86,725151.0
CL958008,INE002A01018,RELIANCE INDS LTD EQ,955,179,2033.55,1942040.25
CL012280,INE062A01020,STATE BANK OF INDIA,43,6,943.78,40582.54
CL352109,INE002A01018,RELIANCE INDS LTD EQ,2809,161,1632.17,4584765.53
CL042353,INE002A01018,RELIANCE INDS LTD EQ,957,0,2260.34,2163145.38
CL464877,INE238A01026,AXIS BANK LTD EQ,2183,0,1445.56,3155657.48
CL258289,INE001A01036,HDFC BANK LTD,195,0,2565.26,500225.7
CL208415,INE018A01030,LARSEN AND TOUBRO,329,0,820.54,269957.66
CL144011,INE154A01025,ITC LTD EQ,375,0,1752.31,657116.25
CL065224,INE018A01030,LARSEN AND TOUBRO,449,0,180.23,80923.27
CL887583,INE001A01036,HDFC BANK LTD,469,54,2455.77,1151756.13
CL041421,INE155A01022,TATA MOTORS LTD,834,0,1681.71,1402546.14
CL706158,INE009A01021,INFOSYS LTD,1335,122,2643.9,3529606.5
CL632891,INE009A01021,INFOSYS LTD,555,0,406.3,225496.5
CL050290,INE062A01020,STATE BANK OF INDIA,2087,0,1488.3,3106082.1
CL104002,INE062A01020,STATE BNK OF INDIA,2764,0,2076.65,5739860.6
CL559160,INE238A01026,AXIS BANK LTD DVR EQ,407,0,952.38,387618.66
CL102009,INE062A01020,STATE BANK OF INDIA,344,0,2497.56,859160.64
CL966183,INE001A01036,HDFC BANK LTD,1045,0,128.92,134721.4
CL606396,INE237A01028,KOTAK MAHINDRA BANK,1305,0,1487.66,1941396.3
CL097955,INE090A01021,ICICI BANK LTD,2089,0,835.62,1745610.18
CL916086,INE018A01030,LARSEN AND TOUBRO,938,0,1851.96,1737138.48
CL443565,INE238A01026,AXIS BANK LTD EQ,2685,0,727.56,1953498.6
CL459478,INE090A01021,ICICI BANK LTD,3377,0,1357.67,4584851.59
CL729745,INE002A01018,RELIANCE INDS LTD EQ,491,0,979.25,480811.75
CL356778,INE090A01021,ICICI BANK LTD,2341,0,1551.72,3632576.52
CL929982,INE002A01018,RELIANCE INDS LTD EQ,1594,88,2385.76,3802901.44
CL490461,INE002A01018,RELIANCE INDS LTD EQ,3185,290,2520.16,8026709.6
CL801879,INE001A01036,HDFC BANK LTD,884,0,1382.6,1222218.4
CL416274,INE155A01022,TATA MOTORS LTD,2605,0,1171.15,3050845.75
CL019092,INE062A01020,STATE BANK OF INDIA,1381,0,232.03,320433.43
CL533870,INE238A01026,AXIS BANK LTD EQ,469,0,149.11,69932.59
CL068643,INE090A01021,ICICI BANK LTD,3095,0,365.05,1129829.75
CL391189,INE009A01021,INFOSYS LTD,196,0,333.37,65340.52
CL913549,INE062A01020,STATE BANK OF INDIA,1299,0,799.07,1037991.93
CL735106,INE001A01036,HDFC BNK LTD,2023,0,2267.48,4587112.04
CL012578,INE018A01030,LARSEN AND TOUBRO,1032,0,2040.47,2105765.04
CL318808,INE001A01036,HDFC BANK LTD,1209,0,2290.19,2768839.71
CL748904,INE002A01018,RELIANCE INDS LTD EQ,3287,0,2008.73,6602695.51
CL564850,INE018A01030,LARSEN AND TOUBRO,3196,0,896.03,2863711.88
CL395092,INE018A01030,LARSEN AND TOUBRO,2230,0,1520.9,3391607.0
CL572212,INE002A01018,RELIANCE INDS LTD EQ,1816,0,1415.85,2571183.6
CL412219,INE002A01018,RELIANCE INDS LTD EQ,3125,0,1133.02,3540687.5
CL018871,INE238A01026,AXIS BANK LTD EQ,2612,0,2295.37,5995506.44
CL099896,INE009A01021,INFOSYS LTD,829,0,2334.47,1935275.63
CL757717,INE001A01036,HDFC BANK LTD,1571,121,348.73,547854.83
CL188038,INE154A01025,ITC LTD EQ,3179,466,382.04,1214505.16
CL659954,INE062A01020,STATE BANK OF INDIA,785,0,1439.81,1130250.85
CL124358,INE237A01028,KOTAK MAHINDRA BANK,3142,364,424.79,1334690.18
CL471865,INE062A01020,STATE BANK OF INDIA,2287,0,368.17,842004.79
CL004253,INE018A01030,LARSEN AND TOUBRO,1565,0,223.94,350466.1
CL688055,INE018A01030,LARSEN AND TOUBRO,775,0,1966.16,1523774.0
CL625508,INE237A01028,KOTAK MAHINDRA BANK,2662,0,1811.77,4822931.74
CL928322,INE090A01021,ICICI BANK LTD,1644,0,353.18,580627.92
CL918634,INE090A01021,ICICI BANK LTD,2579,0,983.34,2536033.86
CL536564,INE001A01036,HDFC BNK LTD,2732,0,447.37,1222214.84
CL721981,INE002A01018,RELIANCE INDS LTD DVR EQ,135,0,656.46,88622.1
CL538116,INE062A01020,STATE BANK OF INDIA,1275,0,369.13,470640.75
CL900128,INE155A01022,TATA MOTORS LTD DVR,3012,0,2189.28,6594111.36
CL947666,INE009A01021,INFOSYS LTD,36,0,688.66,24791.76
CL277091,INE002A01018,RELIANCE INDS LTD EQ,1210,113,512.13,619677.3
CL090266,INE237A01028,KOTAK MAHINDRA BANK,530,0,1297.17,687500.1
CL856887,INE154A01025,ITC LTD EQ,578,0,321.11,185601.58
CL100219,INE062A01020,STATE BANK OF INDIA,2579,0,290.95,750360.05
CL952742,INE238A01026,AXIS BANK LTD EQ,692,0,2995.12,2072623.04
CL500425,INE018A01030,LARSEN AND TOUBRO,1237,0,469.36,580598.32
CL372039,INE154A01025,ITC LTD EQ,2746,140,2499.59,6863874.14
CL384182,INE009A01021,INFOSYS LTD,2853,0,278.93,795787.29
CL479019,INE237A01028,KOTAK MAHINDRA BANK,1617,29,2006.32,3244219.44
CL693307,INE154A01025,ITC LTD EQ,652,0,726.33,473567.16
CL428196,INE237A01028,KOTAK MAHINDRA BANK,3166,0,467.62,1480484.92
CL160526,INE237A01028,KOTAK MAHINDRA BANK,2216,0,2985.04,6614848.64
CL490150,INE238A01026,AXIS BANK LTD EQ,2473,0,1502.03,3714520.19
CL678340,INE154A01025,ITC LTD EQ,2397,0,514.77,1233903.69
CL639729,INE237A01028,KOTAK MAHINDRA BANK,546,0,2310.26,1261401.96
CL110199,INE155A01022,TATA MOTORS LTD,1916,0,1378.69,2641570.04
CL534731,INE001A01036,HDFC BANK LTD,1421,0,2341.52,3327299.92
CL648431,INE154A01025,ITC LTD EQ,616,0,2306.03,1420514.48
CL952322,INE062A01020,STATE BANK OF INDIA,1521,0,1907.38,2901124.98
CL261084,INE090A01021,ICICI BANK LTD,2095,0,2229.89,4671619.55
CL286075,INE154A01025,ITC LTD DVR EQ,2972,267,2645.41,7862158.52
CL963074,INE155A01022,TATA MOTORS LTD,809,201,386.37,312573.33
CL674742,INE009A01021,INFOSYS LTD,1020,0,2325.29,2371795.8
CL892904,INE154A01025,ITC LTD EQ,2941,0,2251.99,6623102.59
CL278269,INE090A01021,ICICI BANK LTD,1236,0,382.68,472992.48
CL666526,INE009A01021,INFOSYS LTD,1118,0,1889.55,2112516.9
CL669754,INE155A01022,TATA MOTORS LTD,621,0,557.24,346046.04
CL725796,INE001A01036,HDFC BNK LTD,2969,0,2094.52,6218629.88
CL872811,INE090A01021,ICICI BANK LTD,1483,0,2404.47,3565829.01
CL428085,INE154A01025,ITC LTD EQ,2012,462,2422.71,4874492.52
CL330876,INE090A01021,ICICI BANK LTD,283,0,1684.68,476764.44
CL682523,INE009A01021,INFOSYS LTD,3055,0,1994.71,6093839.05
CL206127,INE237A01028,KOTAK MAHINDRA BANK,2938,0,878.95,2582355.1
CL155800,INE090A01021,ICICI BNK LTD,2670,0,2822.12,7535060.4
CL741083,INE002A01018,RELIANCE INDS LTD EQ,1412,0,1054.91,1489532.92
CL224817,INE090A01021,ICICI BANK LTD,888,0,882.57,783722.16
CL660708,INE154A01025,ITC LTD EQ,1309,0,2415.63,3162059.67
CL423119,INE062A01020,STATE BNK OF INDIA,3268,0,2435.13,7958004.84
CL237557,INE062A01020,STATE BANK OF INDIA,765,0,1773.03,1356367.95
CL010137,INE090A01021,ICICI BANK LTD,3063,0,2741.53,8397306.39
CL211776,INE237A01028,KOTAK MAHINDRA BANK,894,0,2882.68,2577115.92
CL290368,INE002A01018,RELIANCE INDS LTD EQ,123,0,2805.22,345042.06
CL220365,INE001A01036,HDFC BANK LTD,1342,0,2080.97,2792661.74
CL249390,INE018A01030,LARSEN AND TOUBRO,2013,0,1566.62,3153606.06
CL924189,INE002A01018,RELIANCE INDS LTD EQ,2960,0,531.81,1574157.6
CL453965,INE154A01025,ITC LTD EQ,2790,0,271.14,756480.6
CL073763,INE002A01018,RELIANCE INDS LTD EQ,897,0,180.01,161468.97
CL149431,INE002A01018,RELIANCE INDS LTD EQ,546,0,1315.78,718415.88
CL269809,INE002A01018,RELIANCE INDS LTD EQ,789,0,1238.8,977413.2
CL162110,INE237A01028,KOTAK MAHINDRA BANK,3416,0,2577.58,8805013.28
CL116390,INE154A01025,ITC LTD DVR EQ,407,0,1478.11,601590.77
CL133728,INE002A01018,RELIANCE INDS LTD EQ,2077,0,2336.82,4853575.14
CL127327,INE002A01018,RELIANCE INDS LTD EQ,447,0,1236.66,552787.02
CL755764,INE018A01030,LARSEN AND TOUBRO,2891,52,2220.73,6420130.43
CL021480,INE009A01021,INFOSYS LTD,467,0,628.46,293490.82
CL107568,INE090A01021,ICICI BNK LTD,2642,0,1824.65,4820725.3
CL273478,INE090A01021,ICICI BANK LTD DVR,1295,0,1298.07,1681000.65
CL268478,INE009A01021,INFOSYS LTD,135,0,2958.04,399335.4
CL544444,INE154A01025,ITC LTD EQ,2798,379,731.03,2045421.94
CL937739,INE090A01021,ICICI BNK LTD,612,30,1091.73,668138.76
CL107121,INE090A01021,ICICI BANK LTD,1991,0,1798.69,3581191.79
CL860810,INE001A01036,HDFC BANK LTD,1125,0,1461.1,1643737.5
CL688279,INE155A01022,TATA MOTORS LTD,1684,0,1732.13,2916906.92
CL657058,INE155A01022,TATA MOTORS LTD DVR,347,0,332.34,115321.98
CL297164,INE062A01020,STATE BANK OF INDIA,1385,0,1446.11,2002862.35
CL523975,INE090A01021,ICICI BANK LTD,3118,0,1275.3,3976385.4
CL862900,INE237A01028,KOTAK MAHINDRA BANK,1358,0,842.24,1143761.92
CL243600,INE154A01025,ITC LTD EQ,1157,0,1095.8,1267840.6
CL216698,INE237A01028,KOTAK MAHINDRA BANK,526,0,1959.22,1030549.72
CL971998,INE237A01028,KOTAK MAHINDRA BANK,1854,0,2365.68,4385970.72
CL866097,INE237A01028,KOTAK MAHINDRA BANK,565,0,2508.96,1417562.4
CL294370,INE001A01036,HDFC BANK LTD,1120,7,1088.85,1219512.0
CL539320,INE018A01030,LARSEN AND TOUBRO,1551,11,1189.44,1844821.44
CL678499,INE090A01021,ICICI BANK LTD,2717,0,1951.36,5301845.12
CL405518,INE155A01022,TATA MOTORS LTD,1382,0,250.55,346260.1
CL721289,INE001A01036,HDFC BANK LTD,1270,0,1091.94,1386763.8
CL076487,INE237A01028,KOTAK MAHINDRA BANK,693,0,543.25,376472.25
CL930889,INE002A01018,RELIANCE INDS LTD EQ,1815,0,2533.09,4597558.35
CL375554,INE062A01020,STATE BANK OF INDIA,2944,0,2889.2,8505804.8
CL544331,INE154A01025,ITC LTD EQ,3026,0,2210.39,6688640.14
CL254993,INE154A01025,ITC LTD EQ,3024,0,1799.25,5440932.0
CL396971,INE018A01030,LARSEN AND TOUBRO,899,0,226.26,203407.74
CL092668,INE009A01021,INFOSYS LTD,1006,0,1323.91,1331853.46
CL505514,INE238A01026,AXIS BANK LTD EQ,3019,0,790.64,2386942.16
CL469476,INE062A01020,STATE BANK OF INDIA,3370,0,495.76,1670711.2
CL809730,INE009A01021,INFOSYS LTD,3080,231,857.38,2640730.4
CL757856,INE238A01026,AXIS BANK LTD EQ,154,0,684.11,105352.94
CL571734,INE155A01022,TATA MOTORS LTD,2010,0,1401.5,2817015.0
CL795315,INE018A01030,LARSEN AND TOUBRO,692,475,1838.28,1272089.76
CL280411,INE062A01020,STATE BANK OF INDIA,1132,0,2710.91,3068750.12
CL838135,INE238A01026,AXIS BANK LTD EQ,1374,0,1825.56,2508319.44
CL388223,INE155A01022,TATA MOTORS LTD,2566,416,2993.57,7681500.62
CL727067,INE062A01020,STATE BANK OF INDIA,123,0,1455.57,179035.11
CL970908,INE002A01018,RELIANCE INDS LTD EQ,2255,0,1418.76,3199303.8
CL485424,INE154A01025,ITC LTD EQ,970,0,1157.1,1122387.0
CL571316,INE018A01030,LARSEN AND TOUBRO,1466,0,2314.77,3393452.82
CL967883,INE002A01018,RELIANCE INDS LTD EQ,1496,0,845.58,1264987.68
CL483288,INE238A01026,AXIS BANK LTD EQ,1583,0,978.98,1549725.34
CL470824,INE009A01021,INFOSYS LTD,1070,0,1211.25,1296037.5
CL726078,INE154A01025,ITC LTD EQ,3207,143,1090.97,3498740.79
CL790848,INE155A01022,TATA MOTORS LTD,2570,0,1805.68,4640597.6
CL980051,INE062A01020,STATE BANK OF INDIA,1315,0,2895.75,3807911.25
CL455546,INE001A01036,HDFC BANK LTD,265,25,1036.67,274717.55
CL404587,INE018A01030,LARSEN AND TOUBRO,1413,0,1389.6,1963504.8
CL494212,INE238A01026,AXIS BANK LTD EQ,2527,0,737.3,1863157.1
CL022419,INE009A01021,INFOSYS LTD,471,0,1952.86,919797.06
CL927505,INE154A01025,ITC LTD EQ,3171,0,2821.99,8948530.29
CL905627,INE154A01025,ITC LTD DVR EQ,2593,0,504.22,1307442.46
CL997304,INE009A01021,INFOSYS LTD DVR,306,0,757.27,231724.62
CL558847,INE009A01021,INFOSYS LTD,3319,0,703.74,2335713.06
CL024572,INE009A01021,INFOSYS LTD DVR,3328,0,1153.75,3839680.0
CL506148,INE002A01018,RELIANCE INDS LTD EQ,3142,0,1881.16,5910604.72
CL136222,INE238A01026,AXIS BANK LTD DVR EQ,1567,0,2355.54,3691131.18
CL533530,INE238A01026,AXIS BANK LTD EQ,1790,0,2112.24,3780909.6
CL569636,INE090A01021,ICICI BANK LTD,2361,0,2657.41,6274145.01
CL126638,INE009A01021,INFOSYS LTD,1655,0,1937.67,3206843.85
CL331195,INE090A01021,ICICI BANK LTD,499,0,2428.47,1211806.53
CL104564,INE154A01025,ITC LTD EQ,2976,0,1872.4,5572262.4
CL981009,INE154A01025,ITC LTD EQ,1885,0,328.88,619938.8
CL431376,INE090A01021,ICICI BANK LTD,2514,0,1793.16,4508004.24
CL358665,INE018A01030,LARSEN AND TOUBRO,1040,0,2827.06,2940142.4
CL201668,INE090A01021,ICICI BANK LTD DVR,371,0,286.43,106265.53
CL303661,INE238A01026,AXIS BANK LTD EQ,2212,0,2468.18,5459614.16
CL789522,INE154A01025,ITC LTD EQ,486,0,325.8,158338.8
CL684681,INE002A01018,RELIANCE INDS LTD EQ,1695,0,1821.35,3087188.25
CL286771,INE155A01022,TATA MOTORS LTD,3085,0,1026.96,3168171.6
CL662520,INE062A01020,STATE BANK OF INDIA,1686,344,2822.07,4758010.02
CL337349,INE002A01018,RELIANCE INDS LTD DVR EQ,896,0,2671.17,2393368.32
CL851810,INE002A01018,RELIANCE INDS LTD EQ,1721,0,676.7,1164600.7
CL858448,INE237A01028,KOTAK MAHINDRA BANK,1949,0,383.97,748357.53
CL159529,INE062A01020,STATE BANK OF INDIA,1331,0,678.66,903296.46
CL942405,INE090A01021,ICICI BANK LTD DVR,1042,0,2565.18,2672917.56
CL670281,INE238A01026,AXIS BNK LTD EQ,3050,0,1767.97,5392308.5
CL811673,INE237A01028,KOTAK MAHINDRA BANK,975,0,1664.27,1622663.25
CL728702,INE238A01026,AXIS BANK LTD EQ,1004,0,750.06,753060.24
CL354867,INE018A01030,LARSEN AND TOUBRO,2158,0,1199.58,2588693.64
CL625220,INE001A01036,HDFC BANK LTD DVR,2196,274,1849.46,4061414.16
CL846713,INE237A01028,KOTAK MAHINDRA BANK,2457,0,1675.49,4116678.93
CL739529,INE009A01021,INFOSYS LTD,3244,0,1884.72,6114031.68
CL710037,INE009A01021,INFOSYS LTD DVR,1637,0,2550.42,4175037.54
CL373805,INE155A01022,TATA MOTORS LTD DVR,1235,357,2672.84,3300957.4
CL062968,INE237A01028,KOTAK MAHINDRA BANK,1839,494,664.87,1222695.93
CL415631,INE062A01020,STATE BANK OF INDIA,1393,0,317.55,442347.15
CL201228,INE062A01020,STATE BANK OF INDIA,630,0,2517.97,1586321.1
CL687439,INE062A01020,STATE BANK OF INDIA,1140,467,1039.52,1185052.8
CL435732,INE009A01021,INFOSYS LTD,2398,0,2819.76,6761784.48
CL113344,INE018A01030,LARSEN AND TOUBRO,501,0,2595.71,1300450.71
CL770758,INE001A01036,HDFC BANK LTD,2042,170,673.91,1376124.22
CL983777,INE002A01018,RELIANCE INDS LTD DVR EQ,3358,0,502.28,1686656.24
CL617130,INE002A01018,RELIANCE INDS LTD EQ,1281,0,2820.54,3613111.74
CL984054,INE154A01025,ITC LTD EQ,860,0,2271.67,1953636.2
CL567434,INE009A01021,INFOSYS LTD,3250,0,1154.77,3753002.5
CL602397,INE155A01022,TATA MOTORS LTD,1386,0,2989.95,4144070.7
CL274321,INE062A01020,STATE BANK OF INDIA,1208,427,1209.32,1460858.56
CL367280,INE155A01022,TATA MOTORS LTD,2869,0,896.09,2570882.21
CL415141,INE018A01030,LARSEN AND TOUBRO,1474,0,2268.77,3344166.98
CL340950,INE062A01020,STATE BANK OF INDIA,1900,24,2836.57,5389483.0
CL268236,INE009A01021,INFOSYS LTD,2494,0,1918.25,4784115.5
CL017456,INE238A01026,AXIS BANK LTD EQ,25,0,810.71,20267.75
CL195487,INE090A01021,ICICI BANK LTD,1174,0,1347.27,1581694.98
CL078522,INE001A01036,HDFC BANK LTD,1286,0,1587.61,2041666.46
CL092456,INE009A01021,INFOSYS LTD,1833,0,1181.63,2165927.79
CL448403,INE154A01025,ITC LTD EQ,3189,0,2071.7,6606651.3
CL954871,INE090A01021,ICICI BANK LTD,2855,412,965.53,2756588.15
CL847787,INE062A01020,STATE BANK OF INDIA,565,0,1769.2,999598.0
CL044582,INE002A01018,RELIANCE INDS LTD EQ,2083,0,2824.01,5882412.83
CL407881,INE090A01021,ICICI BANK LTD,2347,0,2230.02,5233856.94
CL724366,INE237A01028,KOTAK MAHINDRA BANK,2349,0,884.67,2078089.83
CL367519,INE237A01028,KOTAK MAHINDRA BNK,644,0,2515.97,1620284.68
CL282754,INE090A01021,ICICI BANK LTD,225,0,2547.73,573239.25
CL354412,INE237A01028,KOTAK MAHINDRA BANK,943,0,1101.9,1039091.7
CL310324,INE237A01028,KOTAK MAHINDRA BANK,1251,0,2987.69,3737600.19
CL774292,INE009A01021,INFOSYS LTD,409,0,2757.22,1127702.98
CL467637,INE002A01018,RELIANCE INDS LTD EQ,82,0,393.17,32239.94
CL883181,INE018A01030,LARSEN AND TOUBRO,1539,0,2548.98,3922880.22
CL393197,INE154A01025,ITC LTD EQ,2368,395,896.19,2122177.92
CL973063,INE009A01021,INFOSYS LTD,1896,0,143.63,272322.48
CL676168,INE238A01026,AXIS BANK LTD EQ,709,0,1709.14,1211780.26
CL654910,INE238A01026,AXIS BANK LTD DVR EQ,2833,0,925.32,2621431.56
CL630147,INE090A01021,ICICI BNK LTD,974,59,484.86,472253.64
CL377063,INE002A01018,RELIANCE INDS LTD EQ,720,122,1666.06,1199563.2
CL300114,INE155A01022,TATA MOTORS LTD,1396,0,928.72,1296493.12
CL683512,INE090A01021,ICICI BNK LTD,1931,0,342.98,662294.38
CL779604,INE009A01021,INFOSYS LTD,3371,0,1299.74,4381423.54
CL794413,INE238A01026,AXIS BANK LTD EQ,2732,289,2645.3,7226959.6
CL456485,INE154A01025,ITC LTD EQ,2208,0,2534.57,5596330.56
CL009777,INE018A01030,LARSEN AND TOUBRO,2288,0,977.07,2235536.16
CL811268,INE002A01018,RELIANCE INDS LTD EQ,625,0,1669.89,1043681.25
CL510972,INE238A01026,AXIS BANK LTD EQ,1374,0,2289.2,3145360.8
CL064511,INE018A01030,LARSEN AND TOUBRO,1028,0,1489.33,1531031.24
CL664061,INE238A01026,AXIS BANK LTD EQ,1034,178,1193.15,1233717.1
CL379231,INE238A01026,AXIS BANK LTD EQ,1912,0,821.28,1570287.36
CL688992,INE018A01030,LARSEN AND TOUBRO,2351,0,2595.11,6101103.61
CL617317,INE018A01030,LARSEN AND TOUBRO,3398,0,2439.32,8288809.36
CL306143,INE155A01022,TATA MOTORS LTD,1647,0,2225.83,3665942.01
CL926061,INE002A01018,RELIANCE INDS LTD EQ,1153,0,1332.87,1536799.11
CL719417,INE090A01021,ICICI BANK LTD,1379,0,759.01,1046674.79
CL685026,INE155A01022,TATA MOTORS LTD,1541,0,394.04,607215.64
CL521513,INE237A01028,KOTAK MAHINDRA BANK,95,0,2818.06,267715.7
CL117605,INE018A01030,LARSEN AND TOUBRO,2824,0,1775.51,5014040.24
CL413162,INE155A01022,TATA MOTORS LTD,1670,0,1577.76,2634859.2
CL836881,INE001A01036,HDFC BANK LTD,2703,3,1569.47,4242277.41
CL610296,INE237A01028,KOTAK MAHINDRA BANK,505,0,2165.01,1093330.05
CL954157,INE155A01022,TATA MOTORS LTD,2074,0,972.18,2016301.32
CL828686,INE002A01018,RELIANCE INDS LTD EQ,1058,0,364.52,385662.16
CL178092,INE154A01025,ITC LTD EQ,3226,229,2976.68,9602769.68
CL884634,INE237A01028,KOTAK MAHINDRA BANK,1016,0,2861.4,2907182.4
CL153669,INE009A01021,INFOSYS LTD,2560,0,1530.57,3918259.2
CL266081,INE002A01018,RELIANCE INDS LTD EQ,1332,0,127.95,170429.4
CL224382,INE001A01036,HDFC BANK LTD,835,0,1316.97,1099669.95
CL834867,INE154A01025,ITC LTD EQ,2987,0,998.3,2981922.1
CL060732,INE237A01028,KOTAK MAHINDRA BANK,1924,0,226.93,436613.32
CL900926,INE062A01020,STATE BANK OF INDIA,569,0,1760.85,1001923.65
CL347056,INE237A01028,KOTAK MAHINDRA BANK,893,0,324.58,289849.94
CL641366,INE009A01021,INFOSYS LTD DVR,1463,0,1543.5,2258140.5
CL806819,INE238A01026,AXIS BANK LTD EQ,2726,0,212.61,579574.86
CL324903,INE001A01036,HDFC BANK LTD,221,0,1214.71,268450.91
CL921332,INE018A01030,LARSEN AND TOUBRO,628,383,594.78,373521.84
CL787875,INE154A01025,ITC LTD EQ,238,0,2068.26,492245.88
CL628929,INE155A01022,TATA MOTORS LTD,3175,199,2710.27,8605107.25
CL724524,INE002A01018,RELIANCE INDS LTD EQ,3423,0,308.77,1056919.71
CL490567,INE002A01018,RELIANCE INDS LTD EQ,81,46,1900.37,153929.97
CL869253,INE090A01021,ICICI BANK LTD,2577,86,2995.78,7720125.06
CL865847,INE062A01020,STATE BANK OF INDIA,3377,0,2681.2,9054412.4
CL750616,INE009A01021,INFOSYS LTD,2955,74,1605.57,4744459.35
CL560916,INE090A01021,ICICI BANK LTD,2102,0,1410.62,2965123.24
CL107940,INE009A01021,INFOSYS LTD,1814,0,2091.03,3793128.42
CL873003,INE018A01030,LARSEN AND TOUBRO,2472,396,1699.71,4201683.12
CL248566,INE237A01028,KOTAK MAHINDRA BANK,1916,0,350.93,672381.88
CL475377,INE001A01036,HDFC BANK LTD,2573,179,2022.57,5204072.61
CL248556,INE154A01025,ITC LTD EQ,1027,0,1258.36,1292335.72
CL885682,INE001A01036,HDFC BANK LTD,2108,308,735.48,1550391.84
CL901390,INE237A01028,KOTAK MAHINDRA BANK,602,0,2990.11,1800046.22
CL096095,INE018A01030,LARSEN AND TOUBRO,735,0,1986.24,1459886.4
CL879875,INE001A01036,HDFC BANK LTD,160,0,2946.55,471448.0
CL501068,INE154A01025,ITC LTD EQ,3121,0,1234.84,3853935.64
CL659444,INE009A01021,INFOSYS LTD,1189,0,1555.09,1849002.01
CL512606,INE154A01025,ITC LTD EQ,2918,0,2525.72,7370050.96
CL663750,INE237A01028,KOTAK MAHINDRA BANK,2412,0,1554.47,3749381.64
CL226138,INE155A01022,TATA MOTORS LTD,2377,0,1335.43,3174317.11
CL392496,INE002A01018,RELIANCE INDS LTD EQ,1378,0,633.74,873293.72
CL785223,INE155A01022,TATA MOTORS LTD DVR,688,176,2745.45,1888869.6
CL206737,INE018A01030,LARSEN AND TOUBRO,3309,0,964.9,3192854.1
CL972010,INE009A01021,INFOSYS LTD,2864,495,401.24,1149151.36
CL282075,INE237A01028,KOTAK MAHINDRA BANK,1887,0,2006.03,3785378.61
CL698015,INE238A01026,AXIS BNK LTD EQ,151,0,1947.95,294140.45
CL021700,INE002A01018,RELIANCE INDS LTD EQ,647,0,1880.16,1216463.52
CL635602,INE090A01021,ICICI BANK LTD,1404,0,2866.93,4025169.72
CL095531,INE238A01026,AXIS BANK LTD EQ,2890,0,2398.5,6931665.0
CL331762,INE009A01021,INFOSYS LTD,1957,0,292.32,572070.24
CL585583,INE237A01028,KOTAK MAHINDRA BANK,695,0,1937.47,1346541.65
CL959495,INE237A01028,KOTAK MAHINDRA BANK,2217,0,240.73,533698.41
CL923843,INE018A01030,LARSEN AND TOUBRO,1194,0,2174.28,2596090.32
CL912289,INE090A01021,ICICI BANK LTD,854,0,1021.58,872429.32
CL094816,INE002A01018,RELIANCE INDS LTD EQ,2182,0,1278.83,2790407.06
CL262125,INE238A01026,AXIS BANK LTD DVR EQ,200,190,2007.14,401428.0
CL539408,INE002A01018,RELIANCE INDS LTD EQ,1140,0,480.23,547462.2
CL486643,INE002A01018,RELIANCE INDS LTD EQ,134,0,752.3,100808.2
CL306889,INE154A01025,ITC LTD EQ,2831,0,2224.92,6298748.52
CL430359,INE009A01021,INFOSYS LTD,2845,0,2180.33,6203038.85
CL191336,INE238A01026,AXIS BANK LTD EQ,1862,0,305.5,568841.0
CL301624,INE155A01022,TATA MOTORS LTD,3361,0,2977.22,10006436.42
CL200337,INE062A01020,STATE BANK OF INDIA,2899,0,435.68,1263036.32
CL459962,INE154A01025,ITC LTD EQ,417,0,2347.38,978857.46
CL740163,INE090A01021,ICICI BANK LTD,667,0,2134.99,1424038.33
CL494382,INE001A01036,HDFC BNK LTD,796,0,939.34,747714.64
CL467199,INE237A01028,KOTAK MAHINDRA BANK,1731,0,1111.49,1923989.19
CL031171,INE009A01021,INFOSYS LTD,45,0,2398.78,107945.1
CL333414,INE155A01022,TATA MOTORS LTD,998,0,226.41,225957.18
CL287908,INE002A01018,RELIANCE INDS LTD EQ,868,0,1660.29,1441131.72
CL311839,INE002A01018,RELIANCE INDS LTD EQ,795,0,2245.46,1785140.7
CL506465,INE002A01018,RELIANCE INDS LTD DVR EQ,2661,0,469.2,1248541.2
CL505821,INE155A01022,TATA MOTORS LTD,2718,0,2394.26,6507598.68
CL047628,INE002A01018,RELIANCE INDS LTD EQ,240,0,1401.34,336321.6
CL610811,INE001A01036,HDFC BANK LTD,2193,0,2970.94,6515271.42
CL958607,INE009A01021,INFOSYS LTD DVR,1070,0,1454.24,1556036.8
CL688424,INE001A01036,HDFC BANK LTD,3382,0,1623.18,5489594.76
CL694269,INE009A01021,INFOSYS LTD,1503,0,2250.14,3381960.42
CL638630,INE238A01026,AXIS BANK LTD EQ,138,0,1328.57,183342.66
CL252219,INE009A01021,INFOSYS LTD,870,0,672.41,584996.7
CL967184,INE009A01021,INFOSYS LTD,1570,0,1686.78,2648244.6
CL810596,INE001A01036,HDFC BANK LTD,2574,0,148.41,382007.34
CL502954,INE090A01021,ICICI BANK LTD,1399,0,2882.45,4032547.55
CL127780,INE002A01018,RELIANCE INDS LTD EQ,2005,0,2694.65,5402773.25
CL582364,INE001A01036,HDFC BANK LTD,438,0,1818.62,796555.56
CL332057,INE090A01021,ICICI BANK LTD,1860,0,2260.64,4204790.4
CL382784,INE062A01020,STATE BANK OF INDIA,1530,0,1332.29,2038403.7
CL599440,INE001A01036,HDFC BANK LTD,2209,0,1762.47,3893296.23
CL586285,INE238A01026,AXIS BANK LTD EQ,433,369,2436.21,1054878.93
CL952381,INE001A01036,HDFC BANK LTD,1155,0,2092.22,2416514.1
CL035942,INE237A01028,KOTAK MAHINDRA BANK,2220,151,411.01,912442.2
CL340293,INE238A01026,AXIS BANK LTD DVR EQ,1621,184,528.93,857395.53
CL658991,INE154A01025,ITC LTD EQ,1619,0,2985.16,4832974.04
CL918329,INE009A01021,INFOSYS LTD,1087,0,1996.68,2170391.16
CL871215,INE062A01020,STATE BNK OF INDIA,598,0,1869.23,1117799.54
CL396889,INE154A01025,ITC LTD EQ,17,0,583.64,9921.88
CL160892,INE238A01026,AXIS BANK LTD EQ,2398,0,2212.74,5306150.52
CL102636,INE090A01021,ICICI BANK LTD,2872,263,2660.83,7641903.76
CL905939,INE238A01026,AXIS BANK LTD EQ,2073,0,2609.92,5410364.16
CL833271,INE062A01020,STATE BANK OF INDIA,1732,0,1849.31,3203004.92
CL403883,INE001A01036,HDFC BANK LTD,2803,0,948.78,2659430.34
CL843845,INE090A01021,ICICI BANK LTD,1992,0,797.38,1588380.96
CL765806,INE001A01036,HDFC BANK LTD,2745,0,1729.7,4748026.5
CL854742,INE002A01018,RELIANCE INDS LTD EQ,356,0,962.0,342472.0
CL409840,INE090A01021,ICICI BANK LTD,303,0,642.76,194756.28
CL384260,INE155A01022,TATA MOTORS LTD,2528,0,1402.67,3545949.76
CL061101,INE002A01018,RELIANCE INDS LTD EQ,3353,0,681.51,2285103.03
CL804008,INE009A01021,INFOSYS LTD,1108,0,2765.46,3064129.68
CL377794,INE090A01021,ICICI BANK LTD,2314,0,1179.71,2729848.94
CL573630,INE001A01036,HDFC BNK LTD,2603,487,1033.9,2691241.7
CL747537,INE238A01026,AXIS BANK LTD EQ,2143,0,545.12,1168192.16
CL308974,INE155A01022,TATA MOTORS LTD,2636,458,1847.38,4869693.68
CL584018,INE002A01018,RELIANCE INDS LTD EQ,135,0,1643.91,221927.85
CL422981,INE090A01021,ICICI BANK LTD,243,0,1733.91,421340.13
CL299191,INE238A01026,AXIS BANK LTD DVR EQ,3263,0,2519.14,8219953.82
CL000823,INE018A01030,LARSEN AND TOUBRO,1146,0,2442.15,2798703.9
CL575637,INE018A01030,LARSEN AND TOUBRO,913,0,353.22,322489.86
CL316554,INE238A01026,AXIS BANK LTD EQ,1975,0,1298.47,2564478.25
CL192393,INE009A01021,INFOSYS LTD,623,0,2432.63,1515528.49
CL311137,INE238A01026,AXIS BANK LTD EQ,3480,0,720.13,2506052.4
CL855659,INE237A01028,KOTAK MAHINDRA BANK,1776,94,2072.34,3680475.84
CL627261,INE062A01020,STATE BANK OF INDIA,2674,0,1864.65,4986074.1
CL869843,INE062A01020,STATE BANK OF INDIA,2302,0,1812.97,4173456.94
CL021270,INE018A01030,LARSEN AND TOUBRO,1703,0,2814.47,4793042.41
CL194009,INE155A01022,TATA MOTORS LTD,657,0,1380.33,906876.81
CL260036,INE002A01018,RELIANCE INDS LTD EQ,3484,0,1988.11,6926575.24
CL747854,INE002A01018,RELIANCE INDS LTD EQ,1835,0,2425.79,4451324.65
CL520234,INE002A01018,RELIANCE INDS LTD EQ,1833,0,538.65,987345.45
CL206554,INE238A01026,AXIS BANK LTD EQ,3010,0,1008.42,3035344.2
CL635772,INE154A01025,ITC LTD EQ,2840,0,919.92,2612572.8
CL930836,INE062A01020,STATE BANK OF INDIA,3053,0,2767.86,8450276.58
CL195469,INE238A01026,AXIS BANK LTD EQ,558,0,1491.99,832530.42
CL044821,INE238A01026,AXIS BANK LTD EQ,2293,0,2646.94,6069433.42
CL056670,INE154A01025,ITC LTD EQ,1449,0,178.92,259255.08
CL954846,INE001A01036,HDFC BANK LTD,1475,0,1668.18,2460565.5
CL629845,INE001A01036,HDFC BANK LTD,3499,0,2755.01,9639779.99
CL108312,INE238A01026,AXIS BANK LTD EQ,597,0,2527.48,1508905.56
CL141418,INE090A01021,ICICI BANK LTD,680,0,2709.36,1842364.8
CL113781,INE002A01018,RELIANCE INDS LTD DVR EQ,2436,0,2914.22,7099039.92
CL693842,INE155A01022,TATA MOTORS LTD,803,481,2182.1,1752226.3
CL481787,INE009A01021,INFOSYS LTD,1603,0,2817.54,4516516.62
CL584015,INE009A01021,INFOSYS LTD,3421,0,1504.38,5146483.98
CL837514,INE018A01030,LARSEN AND TOUBRO,3127,0,1861.21,5820003.67
CL789405,INE154A01025,ITC LTD EQ,1167,0,1268.39,1480211.13
CL846641,INE009A01021,INFOSYS LTD,796,334,1099.71,875369.16
CL141642,INE001A01036,HDFC BANK LTD,3069,0,1573.16,4828028.04
CL129572,INE001A01036,HDFC BANK LTD,3421,0,2836.69,9704316.49
CL652713,INE018A01030,LARSEN AND TOUBRO,2849,0,2559.36,7291616.64
CL094600,INE154A01025,ITC LTD EQ,371,0,567.31,210472.01
CL050718,INE154A01025,ITC LTD EQ,3458,0,873.69,3021220.02
CL988462,INE154A01025,ITC LTD EQ,1219,0,219.37,267412.03
CL280750,INE154A01025,ITC LTD EQ,820,0,2549.75,2090795.0
CL492313,INE009A01021,INFOSYS LTD,2138,0,560.38,1198092.44
CL465261,INE154A01025,ITC LTD EQ,580,0,185.34,107497.2
CL082548,INE001A01036,HDFC BANK LTD DVR,337,0,525.9,177228.3
CL211386,INE062A01020,STATE BANK OF INDIA,1426,0,2070.9,2953103.4
CL139117,INE090A01021,ICICI BANK LTD,163,0,403.67,65798.21
CL208231,INE009A01021,INFOSYS LTD,2039,0,2388.86,4870885.54
CL554646,INE002A01018,RELIANCE INDS LTD EQ,1178,0,1898.52,2236456.56
CL184797,INE002A01018,RELIANCE INDS LTD EQ,1305,0,2488.79,3247870.95
CL193870,INE155A01022,TATA MOTORS LTD,2468,0,1349.07,3329504.76
CL079022,INE001A01036,HDFC BANK LTD,3430,0,1593.65,5466219.5
CL346067,INE155A01022,TATA MOTORS LTD,949,0,2380.18,2258790.82
CL322703,INE154A01025,ITC LTD EQ,1990,0,1685.37,3353886.3
CL717294,INE001A01036,HDFC BANK LTD,1262,0,2284.27,2882748.74
CL937610,INE238A01026,AXIS BANK LTD EQ,2780,0,1089.6,3029088.0
CL607993,INE237A01028,KOTAK MAHINDRA BANK,2511,0,1154.87,2899878.57
CL188730,INE009A01021,INFOSYS LTD,2024,0,2197.23,4447193.52
CL898812,INE018A01030,LARSEN AND TOUBRO,2634,0,2184.93,5755105.62
CL344552,INE018A01030,LARSEN AND TOUBRO,753,0,626.33,471626.49
CL679451,INE062A01020,STATE BANK OF INDIA,3149,0,1588.6,5002501.4
CL109212,INE001A01036,HDFC BANK LTD,453,0,2837.61,1285437.33
CL895645,INE155A01022,TATA MOTORS LTD,2482,0,1029.26,2554623.32
CL416085,INE237A01028,KOTAK MAHINDRA BANK,1452,0,696.06,1010679.12
CL010641,INE090A01021,ICICI BNK LTD,53,36,946.98,50189.94
CL049840,INE001A01036,HDFC BANK LTD,556,0,2949.41,1639871.96
CL353972,INE001A01036,HDFC BANK LTD,1915,0,2821.77,5403689.55
CL494551,INE155A01022,TATA MOTORS LTD,24,21,933.35,22400.4
CL269679,INE018A01030,LARSEN AND TOUBRO,937,0,1594.95,1494468.15
CL447428,INE155A01022,TATA MOTORS LTD,3373,0,640.43,2160170.39
CL406853,INE009A01021,INFOSYS LTD,2144,0,2372.03,5085632.32
CL958828,INE090A01021,ICICI BANK LTD,1974,0,1757.73,3469759.02
CL500872,INE154A01025,ITC LTD EQ,240,0,521.81,125234.4
CL027221,INE009A01021,INFOSYS LTD,1229,0,663.84,815859.36
CL747714,INE002A01018,RELIANCE INDS LTD EQ,2213,0,416.47,921648.11
CL616944,INE002A01018,RELIANCE INDS LTD EQ,2972,0,2956.83,8787698.76
CL598705,INE002A01018,RELIANCE INDS LTD EQ,2991,0,1551.34,4640057.94
CL472055,INE090A01021,ICICI BANK LTD,2990,0,1641.93,4909370.7
CL177248,INE018A01030,LARSEN AND TOUBRO,2138,0,1328.09,2839456.42
CL473452,INE018A01030,LARSEN AND TOUBRO,3476,0,2945.07,10237063.32
CL610180,INE238A01026,AXIS BANK LTD EQ,3335,0,1565.4,5220609.0
CL769740,INE001A01036,HDFC BANK LTD,1173,436,514.43,603426.39
CL405913,INE009A01021,INFOSYS LTD,404,0,1326.79,536023.16
CL567351,INE001A01036,HDFC BANK LTD,499,0,323.14,161246.86
CL468673,INE062A01020,STATE BNK OF INDIA,2715,0,294.21,798780.15
CL057456,INE001A01036,HDFC BANK LTD,1764,0,202.78,357703.92
CL356091,INE001A01036,HDFC BANK LTD,164,0,1104.21,181090.44
CL289833,INE154A01025,ITC LTD EQ,1653,0,1871.08,3092895.24
CL219162,INE018A01030,LARSEN AND TOUBRO,3491,122,576.41,2012247.31
CL828446,INE154A01025,ITC LTD EQ,1856,0,2154.9,3999494.4
CL033118,INE238A01026,AXIS BANK LTD EQ,3300,0,2499.34,8247822.0
CL738529,INE238A01026,AXIS BANK LTD EQ,2444,0,2041.23,4988766.12
CL100647,INE237A01028,KOTAK MAHINDRA BNK,1742,0,2669.82,4650826.44
CL677833,INE155A01022,TATA MOTORS LTD,2581,0,872.42,2251716.02
CL236778,INE009A01021,INFOSYS LTD,820,0,387.38,317651.6
CL292115,INE155A01022,TATA MOTORS LTD,2571,0,2717.9,6987720.9
CL099582,INE155A01022,TATA MOTORS LTD,42,0,334.63,14054.46
CL163848,INE155A01022,TATA MOTORS LTD,3268,0,843.85,2757701.8
CL643382,INE154A01025,ITC LTD EQ,97,0,1127.36,109353.92
CL982415,INE154A01025,ITC LTD EQ,1697,0,2947.6,5002077.2
CL007554,INE002A01018,RELIANCE INDS LTD EQ,3201,0,1953.42,6252897.42
CL317160,INE009A01021,INFOSYS LTD,1820,0,1393.67,2536479.4
CL583209,INE018A01030,LARSEN AND TOUBRO,2931,358,1925.05,5642321.55
CL641647,INE001A01036,HDFC BANK LTD,35,0,288.2,10087.0
CL566410,INE090A01021,ICICI BANK LTD,639,0,814.74,520618.86
CL955300,INE002A01018,RELIANCE INDS LTD EQ,2196,0,1226.03,2692361.88
CL429345,INE001A01036,HDFC BANK LTD,2979,0,1971.32,5872562.28
CL742795,INE238A01026,AXIS BANK LTD EQ,3411,0,2650.06,9039354.66
CL029398,INE238A01026,AXIS BANK LTD EQ,1102,0,1605.12,1768842.24
CL607357,INE238A01026,AXIS BANK LTD EQ,1937,0,342.15,662744.55
CL016561,INE009A01021,INFOSYS LTD,147,0,825.08,121286.76
CL578710,INE001A01036,HDFC BANK LTD,49,0,468.8,22971.2
CL078058,INE237A01028,KOTAK MAHINDRA BANK,2081,293,794.23,1652792.63
CL177397,INE009A01021,INFOSYS LTD,2146,0,2284.52,4902579.92
CL690534,INE062A01020,STATE BANK OF INDIA,844,0,2570.01,2169088.44
CL992730,INE238A01026,AXIS BANK LTD EQ,79,0,288.76,22812.04
CL790821,INE090A01021,ICICI BANK LTD,1438,0,1246.35,1792251.3
CL985079,INE154A01025,ITC LTD EQ,780,0,2724.92,2125437.6
CL468868,INE154A01025,ITC LTD EQ,3016,0,2657.85,8016075.6
CL476290,INE002A01018,RELIANCE INDS LTD EQ,1291,0,2444.11,3155346.01
CL446673,INE009A01021,INFOSYS LTD,3456,0,2583.6,8928921.6
CL449568,INE238A01026,AXIS BANK LTD EQ,23,0,2280.71,52456.33
CL185861,INE155A01022,TATA MOTORS LTD DVR,1668,459,2795.52,4662927.36
CL937030,INE237A01028,KOTAK MAHINDRA BANK,428,0,2083.92,891917.76
CL034366,INE154A01025,ITC LTD EQ,972,0,484.83,471254.76
CL460260,INE001A01036,HDFC BANK LTD,2494,0,2044.99,5100205.06
CL064248,INE001A01036,HDFC BANK LTD,2527,0,1949.81,4927169.87
CL674457,INE155A01022,TATA MOTORS LTD,1102,357,1835.62,2022853.24
CL496135,INE237A01028,KOTAK MAHINDRA BANK,2281,0,1141.32,2603350.92
CL644636,INE009A01021,INFOSYS LTD,2870,0,1967.87,5647786.9
CL687603,INE009A01021,INFOSYS LTD,117,0,705.28,82517.76
CL467163,INE237A01028,KOTAK MAHINDRA BANK,592,0,248.86,147325.12
CL706336,INE062A01020,STATE BANK OF INDIA,2218,0,1845.16,4092564.88
CL659227,INE002A01018,RELIANCE INDS LTD EQ,3120,0,2258.15,7045428.0
CL729609,INE090A01021,ICICI BANK LTD,3159,0,2972.58,9390380.22
CL925061,INE009A01021,INFOSYS LTD,3115,0,151.71,472576.65
CL732991,INE155A01022,TATA MOTORS LTD,2774,52,2359.17,6544337.58
CL481861,INE155A01022,TATA MOTORS LTD,299,99,1539.7,460370.3
CL700191,INE062A01020,STATE BANK OF INDIA,2619,0,312.2,817651.8
CL335472,INE009A01021,INFOSYS LTD,686,0,948.15,650430.9
CL803507,INE002A01018,RELIANCE INDS LTD EQ,3196,0,363.78,1162640.88
CL439594,INE018A01030,LARSEN AND TOUBRO,3406,0,2736.05,9318986.3
CL649630,INE002A01018,RELIANCE INDS LTD EQ,3277,0,553.84,1814933.68
CL804641,INE237A01028,KOTAK MAHINDRA BANK,2767,0,1951.83,5400713.61
CL802258,INE090A01021,ICICI BANK LTD,1358,0,445.77,605355.66
CL910732,INE002A01018,RELIANCE INDS LTD EQ,2830,0,127.85,361815.5
CL786533,INE090A01021,ICICI BANK LTD,3145,23,361.44,1136728.8
CL659798,INE002A01018,RELIANCE INDS LTD EQ,3450,0,1563.51,5394109.5
CL667890,INE090A01021,ICICI BANK LTD,835,0,1693.92,1414423.2
CL895326,INE090A01021,ICICI BANK LTD,322,0,101.02,32528.44
CL237724,INE155A01022,TATA MOTORS LTD,1901,112,851.8,1619271.8
CL628916,INE238A01026,AXIS BANK LTD EQ,1385,0,957.34,1325915.9
CL235892,INE001A01036,HDFC BANK LTD,2929,0,144.24,422478.96
CL257656,INE237A01028,KOTAK MAHINDRA BANK,2796,0,1877.05,5248231.8
CL992337,INE018A01030,LARSEN AND TOUBRO,2809,0,2991.41,8402870.69
CL846676,INE002A01018,RELIANCE INDS LTD EQ,1850,0,727.84,1346504.0
CL002166,INE237A01028,KOTAK MAHINDRA BANK,2102,0,443.2,931606.4
CL374850,INE062A01020,STATE BNK OF INDIA,989,21,929.8,919572.2
CL341220,INE090A01021,ICICI BANK LTD,2733,0,1781.34,4868402.22
CL024998,INE238A01026,AXIS BNK LTD EQ,320,0,2403.58,769145.6
CL209999,INE002A01018,RELIANCE INDS LTD EQ,1970,0,2960.58,5832342.6
CL373970,INE090A01021,ICICI BANK LTD,1058,0,2289.85,2422661.3
CL014646,INE018A01030,LARSEN AND TOUBRO,3214,0,2233.63,7178886.82
CL812176,INE062A01020,STATE BANK OF INDIA,1964,0,1996.58,3921283.12
CL898766,INE155A01022,TATA MOTORS LTD,2197,189,2465.8,5417362.6
CL907482,INE062A01020,STATE BANK OF INDIA,3467,0,1023.89,3549826.63
CL520526,INE155A01022,TATA MOTORS LTD DVR,455,0,603.42,274556.1
CL438481,INE018A01030,LARSEN AND TOUBRO,3463,0,1419.83,4916871.29
CL470508,INE002A01018,RELIANCE INDS LTD EQ,2391,0,2133.13,5100313.83
CL553100,INE154A01025,ITC LTD EQ,2269,0,184.4,418403.6
CL594269,INE009A01021,INFOSYS LTD,2753,0,344.32,947912.96
CL813030,INE237A01028,KOTAK MAHINDRA BNK,474,0,2834.41,1343510.34
CL484866,INE154A01025,ITC LTD EQ,2987,0,2253.15,6730159.05
CL696065,INE001A01036,HDFC BANK LTD,2280,0,1710.26,3899392.8
CL856182,INE002A01018,RELIANCE INDS LTD EQ,1414,0,2585.58,3656010.12
CL910109,INE062A01020,STATE BANK OF INDIA,1119,70,2164.39,2421952.41
CL165139,INE062A01020,STATE BANK OF INDIA,2293,0,782.26,1793722.18
CL424829,INE009A01021,INFOSYS LTD,1535,105,1748.59,2684085.65
CL398400,INE154A01025,ITC LTD EQ,2496,0,2418.51,6036600.96
CL499129,INE238A01026,AXIS BANK LTD EQ,1276,0,2962.95,3780724.2
CL801258,INE002A01018,RELIANCE INDS LTD EQ,2849,0,2623.07,7473126.43
CL090785,INE237A01028,KOTAK MAHINDRA BANK,2782,0,1925.78,5357519.96
CL717608,INE001A01036,HDFC BANK LTD,2206,0,1098.36,2422982.16
CL960063,INE002A01018,RELIANCE INDS LTD EQ,3162,0,288.21,911320.02
CL308656,INE018A01030,LARSEN AND TOUBRO,2041,0,1337.02,2728857.82
CL051413,INE238A01026,AXIS BANK LTD EQ,3068,0,691.66,2122012.88
CL471663,INE002A01018,RELIANCE INDS LTD EQ,767,0,782.82,600422.94
CL126516,INE002A01018,RELIANCE INDS LTD DVR EQ,3178,0,1513.85,4811015.3
CL233495,INE154A01025,ITC LTD EQ,2484,0,379.26,942081.84
CL902694,INE001A01036,HDFC BANK LTD,2523,0,1909.03,4816482.69
CL080604,INE018A01030,LARSEN AND TOUBRO,2098,0,2487.72,5219236.56
CL664618,INE018A01030,LARSEN AND TOUBRO,2519,0,2041.47,5142462.93
CL868391,INE018A01030,LARSEN AND TOUBRO,506,0,779.53,394442.18
CL668797,INE237A01028,KOTAK MAHINDRA BANK,1126,0,2571.23,2895204.98
CL449546,INE009A01021,INFOSYS LTD,1243,0,1665.39,2070079.77
CL681671,INE237A01028,KOTAK MAHINDRA BNK,2308,0,2867.47,6618120.76
CL808077,INE062A01020,STATE BANK OF INDIA,3288,312,1726.29,5676041.52
CL611468,INE009A01021,INFOSYS LTD,417,228,1570.1,654731.7
CL834715,INE090A01021,ICICI BANK LTD,3321,0,1376.44,4571157.24
CL573525,INE154A01025,ITC LTD EQ,872,0,2560.75,2232974.0
CL227938,INE009A01021,INFOSYS LTD,3215,0,2534.69,8149028.35
CL270189,INE002A01018,RELIANCE INDS LTD EQ,1443,0,572.24,825742.32
CL562390,INE009A01021,INFOSYS LTD,2637,0,2645.32,6975708.84
CL951420,INE002A01018,RELIANCE INDS LTD EQ,2364,0,115.0,271860.0
CL413392,INE001A01036,HDFC BANK LTD,779,0,394.03,306949.37
CL819942,INE062A01020,STATE BANK OF INDIA,2118,0,2982.19,6316278.42
CL821379,INE001A01036,HDFC BANK LTD,760,0,193.34,146938.4
CL805548,INE238A01026,AXIS BNK LTD EQ,2186,19,290.16,634289.76
CL980206,INE155A01022,TATA MOTORS LTD,736,0,734.29,540437.44
CL066081,INE238A01026,AXIS BANK LTD DVR EQ,1828,0,2394.04,4376305.12
CL235305,INE009A01021,INFOSYS LTD,2097,0,1641.35,3441910.95
CL459554,INE062A01020,STATE BNK OF INDIA,1252,0,2071.53,2593555.56
CL005113,INE238A01026,AXIS BANK LTD EQ,2273,0,425.94,968161.62
CL995647,INE018A01030,LARSEN AND TOUBRO,3239,0,2274.48,7367040.72
CL930799,INE001A01036,HDFC BANK LTD DVR,2984,0,2506.58,7479634.72
CL816580,INE155A01022,TATA MOTORS LTD DVR,1456,0,1612.47,2347756.32
CL509180,INE001A01036,HDFC BNK LTD,2545,70,1197.17,3046797.65
CL067891,INE155A01022,TATA MOTORS LTD DVR,2174,0,1239.4,2694455.6
CL248539,INE009A01021,INFOSYS LTD,1575,0,115.08,181251.0
CL477762,INE090A01021,ICICI BANK LTD,1855,0,1462.02,2712047.1
CL258819,INE001A01036,HDFC BANK LTD,1212,210,2218.68,2689040.16
CL429751,INE001A01036,HDFC BANK LTD,175,104,494.22,86488.5
CL170173,INE018A01030,LARSEN AND TOUBRO,1677,0,1818.83,3050177.91
CL864487,INE237A01028,KOTAK MAHINDRA BANK,2688,0,1350.65,3630547.2
CL355802,INE002A01018,RELIANCE INDS LTD EQ,1059,0,1615.77,1711100.43
CL219538,INE009A01021,INFOSYS LTD,3164,94,1221.61,3865174.04
CL043410,INE238A01026,AXIS BANK LTD EQ,1601,0,142.29,227806.29
CL886815,INE009A01021,INFOSYS LTD DVR,1524,0,2883.69,4394743.56
CL103261,INE009A01021,INFOSYS LTD,2758,0,1775.49,4896801.42
CL554408,INE002A01018,RELIANCE INDS LTD DVR EQ,2344,203,941.53,2206946.32
CL153823,INE002A01018,RELIANCE INDS LTD EQ,2972,0,2283.48,6786502.56
CL221453,INE002A01018,RELIANCE INDS LTD EQ,2409,0,2663.18,6415600.62
CL121715,INE018A01030,LARSEN AND TOUBRO,1587,0,228.42,362502.54
CL748494,INE002A01018,RELIANCE INDS LTD EQ,3184,0,1543.49,4914472.16
CL988614,INE238A01026,AXIS BANK LTD EQ,2671,0,1272.39,3398553.69
CL780639,INE154A01025,ITC LTD EQ,1442,0,2550.95,3678469.9
CL140658,INE018A01030,LARSEN AND TOUBRO,1964,0,1444.47,2836939.08
CL814097,INE009A01021,INFOSYS LTD,313,0,1813.82,567725.66
CL024513,INE002A01018,RELIANCE INDS LTD EQ,3425,0,2528.94,8661619.5
CL625078,INE154A01025,ITC LTD EQ,3087,0,1275.26,3936727.62
CL455524,INE009A01021,INFOSYS LTD,1889,66,1079.5,2039175.5
CL547319,INE237A01028,KOTAK MAHINDRA BANK,535,0,1595.27,853469.45
CL353213,INE062A01020,STATE BANK OF INDIA,3282,0,2511.68,8243333.76
CL097124,INE237A01028,KOTAK MAHINDRA BANK,783,0,267.7,209609.1
CL534215,INE155A01022,TATA MOTORS LTD,2255,0,2629.54,5929612.7
CL826592,INE062A01020,STATE BANK OF INDIA,1461,0,2855.13,4171344.93
CL660738,INE238A01026,AXIS BANK LTD EQ,1852,0,2242.34,4152813.68
CL292134,INE001A01036,HDFC BANK LTD,1424,0,2619.23,3729783.52
CL743016,INE009A01021,INFOSYS LTD DVR,2526,0,405.22,1023585.72
CL060358,INE155A01022,TATA MOTORS LTD,1882,0,357.25,672344.5
CL760641,INE237A01028,KOTAK MAHINDRA BANK,2754,0,588.4,1620453.6
CL033243,INE238A01026,AXIS BANK LTD EQ,192,0,1528.77,293523.84
CL892347,INE018A01030,LARSEN AND TOUBRO,1534,0,1640.22,2516097.48
CL897492,INE090A01021,ICICI BANK LTD,3253,0,2563.98,8340626.94
CL641226,INE009A01021,INFOSYS LTD,325,0,523.56,170157.0
CL215141,INE090A01021,ICICI BANK LTD,386,0,2608.58,1006911.88
CL594846,INE001A01036,HDFC BANK LTD,288,0,376.74,108501.12
CL856432,INE001A01036,HDFC BANK LTD,2624,0,1296.74,3402645.76
CL897027,INE002A01018,RELIANCE INDS LTD EQ,3233,0,2357.76,7622638.08
CL112249,INE002A01018,RELIANCE INDS LTD DVR EQ,1462,0,127.78,186814.36
CL104526,INE018A01030,LARSEN AND TOUBRO,1746,0,1839.62,3211976.52
CL463490,INE155A01022,TATA MOTORS LTD,1603,0,854.94,1370468.82
CL572909,INE154A01025,ITC LTD EQ,472,0,2776.57,1310541.04
CL571944,INE237A01028,KOTAK MAHINDRA BANK,1316,0,2878.23,3787750.68
CL298877,INE009A01021,INFOSYS LTD,1404,0,1976.08,2774416.32
CL944464,INE009A01021,INFOSYS LTD DVR,2646,0,821.38,2173371.48
CL075735,INE237A01028,KOTAK MAHINDRA BANK,3445,147,221.16,761896.2
CL544764,INE062A01020,STATE BANK OF INDIA,1602,0,100.28,160648.56
CL080264,INE018A01030,LARSEN AND TOUBRO,2090,0,603.14,1260562.6
CL406729,INE237A01028,KOTAK MAHINDRA BANK,2947,0,1095.88,3229558.36
CL861695,INE090A01021,ICICI BANK LTD DVR,1347,0,137.43,185118.21
CL355200,INE062A01020,STATE BANK OF INDIA,3472,0,2775.31,9635876.32
CL411270,INE237A01028,KOTAK MAHINDRA BANK,608,0,2749.07,1671434.56
CL911499,INE009A01021,INFOSYS LTD,2682,0,849.73,2278975.86
CL387411,INE062A01020,STATE BANK OF INDIA,2786,0,1843.34,5135545.24
CL066243,INE154A01025,ITC LTD EQ,2273,0,1688.32,3837551.36
CL657563,INE001A01036,HDFC BANK LTD,2073,0,2428.86,5035026.78
CL526626,INE001A01036,HDFC BANK LTD,2946,0,328.38,967407.48
CL284190,INE238A01026,AXIS BNK LTD EQ,2657,0,123.61,328431.77
CL241768,INE090A01021,ICICI BANK LTD,167,0,2023.37,337902.79
CL061411,INE238A01026,AXIS BANK LTD EQ,520,0,2876.02,1495530.4
CL292106,INE009A01021,INFOSYS LTD,2013,315,606.76,1221407.88
CL741977,INE002A01018,RELIANCE INDS LTD DVR EQ,880,0,1527.25,1343980.0
CL509884,INE154A01025,ITC LTD DVR EQ,582,0,2971.71,1729535.22
CL108830,INE001A01036,HDFC BANK LTD,2309,0,2464.47,5690461.23
CL878491,INE154A01025,ITC LTD EQ,973,154,485.83,472712.59
CL671811,INE237A01028,KOTAK MAHINDRA BANK,1464,0,1878.35,2749904.4
CL131913,INE238A01026,AXIS BANK LTD EQ,1072,0,1563.76,1676350.72
CL184509,INE018A01030,LARSEN AND TOUBRO,1497,0,2548.23,3814700.31
CL495184,INE237A01028,KOTAK MAHINDRA BANK,1287,187,421.65,542663.55
CL883737,INE237A01028,KOTAK MAHINDRA BANK,1093,0,1650.33,1803810.69
CL736580,INE009A01021,INFOSYS LTD,476,0,411.28,195769.28
CL978743,INE002A01018,RELIANCE INDS LTD EQ,220,0,1080.38,237683.6
CL868356,INE154A01025,ITC LTD EQ,707,0,606.66,428908.62
CL094909,INE018A01030,LARSEN AND TOUBRO,3413,0,615.88,2101998.44
CL273872,INE002A01018,RELIANCE INDS LTD EQ,2585,0,628.83,1625525.55
CL670105,INE154A01025,ITC LTD EQ,3113,0,2544.58,7921277.54
CL132615,INE090A01021,ICICI BANK LTD,2473,0,2266.45,5604930.85
CL512210,INE001A01036,HDFC BANK LTD,2652,0,221.39,587126.28
CL039984,INE090A01021,ICICI BANK LTD,590,0,1373.56,810400.4
CL861421,INE238A01026,AXIS BANK LTD EQ,1615,0,1604.62,2591461.3
CL998943,INE090A01021,ICICI BANK LTD,3216,0,1401.84,4508317.44
CL136726,INE009A01021,INFOSYS LTD,2247,0,1801.3,4047521.1
CL671584,INE062A01020,STATE BANK OF INDIA,393,0,2053.34,806962.62
CL270142,INE238A01026,AXIS BANK LTD EQ,3482,0,1496.44,5210604.08
CL861555,INE237A01028,KOTAK MAHINDRA BANK,1329,0,2817.61,3744603.69
CL331865,INE154A01025,ITC LTD EQ,1278,0,1091.84,1395371.52
CL981190,INE002A01018,RELIANCE INDS LTD EQ,2011,0,570.85,1147979.35
CL106201,INE238A01026,AXIS BANK LTD EQ,2302,239,286.46,659430.92
CL352374,INE018A01030,LARSEN AND TOUBRO,2728,0,1478.48,4033293.44
CL919943,INE009A01021,INFOSYS LTD,2102,0,1675.26,3521396.52
CL195702,INE062A01020,STATE BANK OF INDIA,3033,0,1851.78,5616448.74
CL233568,INE001A01036,HDFC BANK LTD,554,0,2006.03,1111340.62
CL255010,INE002A01018,RELIANCE INDS LTD EQ,1615,458,201.61,325600.15
CL709040,INE002A01018,RELIANCE INDS LTD EQ,1526,0,2020.0,3082520.0
CL971540,INE009A01021,INFOSYS LTD,157,0,1800.44,282669.08
CL311444,INE018A01030,LARSEN AND TOUBRO,2476,0,1435.15,3553431.4
CL937403,INE090A01021,ICICI BANK LTD,1647,0,1355.83,2233052.01
CL634836,INE002A01018,RELIANCE INDS LTD EQ,3361,0,2313.0,7773993.0
CL151518,INE238A01026,AXIS BANK LTD EQ,2567,0,1503.79,3860228.93
CL680913,INE090A01021,ICICI BNK LTD,2759,0,2595.91,7162115.69
CL286792,INE002A01018,RELIANCE INDS LTD EQ,599,0,1653.25,990296.75
CL730636,INE154A01025,ITC LTD EQ,2304,0,2872.46,6618147.84
CL838794,INE009A01021,INFOSYS LTD,1280,0,2890.72,3700121.6
CL541151,INE062A01020,STATE BANK OF INDIA,3076,218,869.66,2675074.16
CL447478,INE018A01030,LARSEN AND TOUBRO,1727,0,1724.3,2977866.1
CL122932,INE155A01022,TATA MOTORS LTD,66,0,2466.3,162775.8
CL872128,INE001A01036,HDFC BANK LTD,2353,0,2187.2,5146481.6
CL865977,INE238A01026,AXIS BANK LTD EQ,1773,0,1131.42,2006007.66
CL369687,INE090A01021,ICICI BANK LTD DVR,1279,0,2033.96,2601434.84
CL394909,INE002A01018,RELIANCE INDS LTD EQ,845,105,2196.44,1855991.8
CL870815,INE090A01021,ICICI BANK LTD,524,0,1470.58,770583.92
CL820174,INE090A01021,ICICI BANK LTD,176,0,2659.96,468152.96
CL088600,INE001A01036,HDFC BANK LTD,1932,0,333.95,645191.4
CL823692,INE001A01036,HDFC BNK LTD,58,0,715.25,41484.5
CL667426,INE238A01026,AXIS BANK LTD EQ,2032,0,1069.88,2173996.16
CL824433,INE062A01020,STATE BANK OF INDIA,1349,0,2198.04,2965155.96
CL147849,INE062A01020,STATE BANK OF INDIA,2263,0,1321.54,2990645.02
CL369988,INE001A01036,HDFC BANK LTD,583,0,1545.81,901207.23
CL298670,INE001A01036,HDFC BANK LTD,705,0,2446.25,1724606.25
CL796066,INE002A01018,RELIANCE INDS LTD EQ,124,0,1044.96,129575.04
CL265047,INE018A01030,LARSEN AND TOUBRO,251,0,1323.6,332223.6
CL999678,INE237A01028,KOTAK MAHINDRA BANK,3479,0,1441.11,5013621.69
CL604776,INE062A01020,STATE BANK OF INDIA,2750,356,2515.36,6917240.0
CL545622,INE001A01036,HDFC BANK LTD,1975,0,203.57,402050.75
CL791717,INE001A01036,HDFC BANK LTD,3196,0,1480.3,4731038.8
CL883485,INE009A01021,INFOSYS LTD DVR,296,0,1418.07,419748.72
CL415434,INE154A01025,ITC LTD EQ,2130,0,2575.42,5485644.6
CL202012,INE018A01030,LARSEN AND TOUBRO,456,0,2330.85,1062867.6
CL417549,INE002A01018,RELIANCE INDS LTD EQ,1593,50,1297.69,2067220.17
CL084655,INE009A01021,INFOSYS LTD,2525,286,2022.66,5107216.5
CL530227,INE154A01025,ITC LTD DVR EQ,481,0,2614.53,1257588.93
CL404275,INE018A01030,LARSEN AND TOUBRO,1759,372,2284.22,4017942.98
CL687407,INE238A01026,AXIS BANK LTD EQ,542,0,2798.07,1516553.94
CL443444,INE155A01022,TATA MOTORS LTD,3464,0,1995.92,6913866.88
CL914686,INE002A01018,RELIANCE INDS LTD EQ,999,0,576.46,575883.54
CL480667,INE154A01025,ITC LTD DVR EQ,691,0,2960.32,2045581.12
CL721686,INE062A01020,STATE BANK OF INDIA,3349,0,327.78,1097735.22
CL447576,INE090A01021,ICICI BANK LTD,2694,0,2077.03,5595518.82
CL880365,INE238A01026,AXIS BANK LTD EQ,2178,0,144.37,314437.86
CL716618,INE001A01036,HDFC BANK LTD,2702,0,2259.04,6103926.08
CL792431,INE001A01036,HDFC BANK LTD,148,0,1971.2,291737.6
CL256574,INE009A01021,INFOSYS LTD,2857,0,1333.13,3808752.41
CL808188,INE009A01021,INFOSYS LTD DVR,1633,0,2202.26,3596290.58
CL726972,INE001A01036,HDFC BANK LTD,346,0,1006.77,348342.42
CL218780,INE009A01021,INFOSYS LTD,2361,0,789.11,1863088.71
CL074233,INE155A01022,TATA MOTORS LTD,1795,349,2181.08,3915038.6
CL219121,INE002A01018,RELIANCE INDS LTD DVR EQ,292,136,2597.67,758519.64
CL957815,INE154A01025,ITC LTD DVR EQ,565,0,2815.89,1590977.85
CL939337,INE237A01028,KOTAK MAHINDRA BANK,2733,0,2614.56,7145592.48
CL630282,INE154A01025,ITC LTD EQ,950,200,682.1,647995.0
CL485297,INE155A01022,TATA MOTORS LTD,3396,0,1167.12,3963539.52
CL938715,INE062A01020,STATE BANK OF INDIA,1982,0,1837.72,3642361.04
CL437022,INE237A01028,KOTAK MAHINDRA BNK,1781,0,799.15,1423286.15
CL752661,INE154A01025,ITC LTD EQ,2891,0,733.08,2119334.28
CL974457,INE155A01022,TATA MOTORS LTD DVR,3310,0,2959.13,9794720.3
CL141300,INE155A01022,TATA MOTORS LTD,2442,0,1602.3,3912816.6
CL427433,INE154A01025,ITC LTD EQ,877,0,124.34,109046.18
CL722256,INE002A01018,RELIANCE INDS LTD EQ,1042,0,1213.08,1264029.36
CL136877,INE237A01028,KOTAK MAHINDRA BANK,386,0,1655.1,638868.6
CL588664,INE009A01021,INFOSYS LTD,1840,0,1714.08,3153907.2
CL631292,INE062A01020,STATE BANK OF INDIA,737,0,2023.97,1491665.89
CL323946,INE237A01028,KOTAK MAHINDRA BANK,36,0,2840.62,102262.32
CL201774,INE009A01021,INFOSYS LTD,793,0,2085.28,1653627.04
CL941810,INE238A01026,AXIS BANK LTD EQ,1884,0,338.46,637658.64
CL427254,INE154A01025,ITC LTD EQ,2065,440,672.63,1388980.95
CL051594,INE154A01025,ITC LTD EQ,1619,0,2931.78,4746551.82
CL391410,INE154A01025,ITC LTD EQ,2965,0,2395.35,7102212.75
CL508335,INE237A01028,KOTAK MAHINDRA BANK,1392,277,2171.62,3022895.04
CL195475,INE018A01030,LARSEN AND TOUBRO,846,0,483.92,409396.32
CL107753,INE090A01021,ICICI BANK LTD,663,0,1299.95,861866.85
CL333328,INE237A01028,KOTAK MAHINDRA BANK,621,0,2817.65,1749760.65
CL788245,INE237A01028,KOTAK MAHINDRA BANK,1401,5,1361.99,1908147.99
CL588616,INE154A01025,ITC LTD EQ,924,0,863.39,797772.36
CL131274,INE237A01028,KOTAK MAHINDRA BANK,2353,0,2367.07,5569715.71
CL753709,INE009A01021,INFOSYS LTD,1021,0,1257.0,1283397.0
CL283035,INE062A01020,STATE BNK OF INDIA,2411,0,2737.45,6599991.95
CL193980,INE238A01026,AXIS BNK LTD EQ,1539,0,2524.2,3884743.8
CL946335,INE155A01022,TATA MOTORS LTD,3484,0,1198.38,4175155.92
CL232158,INE238A01026,AXIS BANK LTD EQ,930,0,928.45,863458.5
CL915147,INE237A01028,KOTAK MAHINDRA BANK,2968,0,2195.07,6514967.76
CL745805,INE001A01036,HDFC BANK LTD,3126,0,2054.45,6422210.7
CL070414,INE018A01030,LARSEN AND TOUBRO,3428,0,2296.73,7873190.44
CL889560,INE018A01030,LARSEN AND TOUBRO,2145,0,1735.82,3723333.9
CL369698,INE238A01026,AXIS BNK LTD EQ,1207,0,2080.7,2511404.9
CL764723,INE009A01021,INFOSYS LTD,281,0,277.16,77881.96
CL259147,INE001A01036,HDFC BANK LTD,809,0,347.47,281103.23
CL302988,INE238A01026,AXIS BANK LTD EQ,805,0,2493.01,2006873.05
CL583735,INE002A01018,RELIANCE INDS LTD EQ,924,0,1919.15,1773294.6
CL065609,INE009A01021,INFOSYS LTD DVR,1562,0,280.97,438875.14
CL059205,INE155A01022,TATA MOTORS LTD DVR,1979,0,394.12,779963.48
CL344286,INE154A01025,ITC LTD EQ,26,0,2390.43,62151.18
CL293078,INE018A01030,LARSEN AND TOUBRO,2397,0,2009.51,4816795.47
CL635869,INE002A01018,RELIANCE INDS LTD EQ,2263,147,943.53,2135208.39
CL482139,INE090A01021,ICICI BANK LTD,3104,0,2032.15,6307793.6
CL764879,INE009A01021,INFOSYS LTD,1853,0,1506.54,2791618.62
CL736874,INE090A01021,ICICI BANK LTD,1657,0,2680.84,4442151.88
CL838375,INE002A01018,RELIANCE INDS LTD EQ,3360,0,526.37,1768603.2
CL479613,INE062A01020,STATE BANK OF INDIA,807,0,2532.24,2043517.68
CL093122,INE062A01020,STATE BANK OF INDIA,1896,0,1261.75,2392278.0
CL919058,INE154A01025,ITC LTD DVR EQ,2141,41,1457.91,3121385.31
CL195841,INE155A01022,TATA MOTORS LTD,3068,134,2813.91,8633075.88
CL562811,INE002A01018,RELIANCE INDS LTD EQ,59,0,2997.06,176826.54
CL923708,INE155A01022,TATA MOTORS LTD,2821,0,585.35,1651272.35
CL369689,INE062A01020,STATE BNK OF INDIA,1085,394,1207.55,1310191.75
CL100466,INE154A01025,ITC LTD EQ,2053,0,968.33,1987981.49
CL903998,INE018A01030,LARSEN AND TOUBRO,769,0,1246.38,958466.22
CL850131,INE062A01020,STATE BANK OF INDIA,2225,0,1125.46,2504148.5
CL929753,INE018A01030,LARSEN AND TOUBRO,815,0,2819.66,2298022.9
CL770716,INE238A01026,AXIS BNK LTD EQ,2526,0,2927.15,7393980.9
CL197597,INE018A01030,LARSEN AND TOUBRO,1230,324,1527.71,1879083.3
CL640973,INE237A01028,KOTAK MAHINDRA BANK,2004,0,459.89,921619.56
CL550366,INE062A01020,STATE BANK OF INDIA,979,0,2795.8,2737088.2
CL530750,INE238A01026,AXIS BANK LTD EQ,708,0,2604.83,1844219.64
CL809353,INE062A01020,STATE BANK OF INDIA,2074,0,1387.51,2877695.74
CL942628,INE009A01021,INFOSYS LTD,2231,0,1500.79,3348262.49
CL034128,INE154A01025,ITC LTD EQ,903,0,1072.86,968792.58
CL523474,INE062A01020,STATE BANK OF INDIA,1062,0,2030.24,2156114.88
CL190309,INE062A01020,STATE BNK OF INDIA,637,0,1106.05,704553.85
CL642416,INE009A01021,INFOSYS LTD DVR,2894,0,1436.3,4156652.2
CL953919,INE002A01018,RELIANCE INDS LTD EQ,3192,0,2790.95,8908712.4
CL058604,INE237A01028,KOTAK MAHINDRA BANK,1525,81,1187.26,1810571.5
CL664752,INE155A01022,TATA MOTORS LTD,34,0,2492.42,84742.28
CL333607,INE002A01018,RELIANCE INDS LTD EQ,3252,70,2901.1,9434377.2
CL332853,INE062A01020,STATE BNK OF INDIA,1536,0,409.53,629038.08
CL741543,INE062A01020,STATE BANK OF INDIA,3409,0,2566.25,8748346.25
CL705028,INE090A01021,ICICI BANK LTD,3206,0,1441.69,4622058.14
CL054691,INE090A01021,ICICI BANK LTD,2039,0,2025.65,4130300.35
CL119862,INE090A01021,ICICI BANK LTD,2029,485,637.13,1292736.77
CL478567,INE238A01026,AXIS BANK LTD EQ,92,11,2714.43,249727.56
CL343891,INE090A01021,ICICI BANK LTD,1144,0,2307.5,2639780.0
CL924222,INE062A01020,STATE BNK OF INDIA,3315,261,622.2,2062593.0
CL850352,INE062A01020,STATE BANK OF INDIA,53,51,2152.02,114057.06
CL747562,INE062A01020,STATE BANK OF INDIA,1132,0,1683.27,1905461.64
CL722895,INE154A01025,ITC LTD EQ,2318,0,1966.0,4557188.0
CL830888,INE237A01028,KOTAK MAHINDRA BANK,1338,0,1737.6,2324908.8
CL063543,INE237A01028,KOTAK MAHINDRA BANK,2236,0,424.51,949204.36
CL623082,INE002A01018,RELIANCE INDS LTD DVR EQ,775,0,1698.48,1316322.0
CL579618,INE001A01036,HDFC BANK LTD,783,0,2855.93,2236193.19
CL490806,INE238A01026,AXIS BANK LTD EQ,517,0,1265.63,654330.71
CL502736,INE062A01020,STATE BANK OF INDIA,2873,0,2191.74,6296869.02
CL043932,INE018A01030,LARSEN AND TOUBRO,514,0,1542.8,792999.2
CL039789,INE155A01022,TATA MOTORS LTD,1451,0,2974.44,4315912.44
CL828878,INE002A01018,RELIANCE INDS LTD EQ,3193,0,212.13,677331.09
CL272102,INE062A01020,STATE BANK OF INDIA,917,0,1737.22,1593030.74
CL791232,INE009A01021,INFOSYS LTD,2946,0,2887.23,8505779.58
CL516161,INE062A01020,STATE BANK OF INDIA,3105,0,2176.41,6757753.05
CL968574,INE001A01036,HDFC BANK LTD,3480,0,318.79,1109389.2
CL205600,INE001A01036,HDFC BANK LTD,179,0,2403.86,430290.94
CL877780,INE062A01020,STATE BANK OF INDIA,2198,0,2736.13,6014013.74
CL895799,INE018A01030,LARSEN AND TOUBRO,457,0,1038.43,474562.51
CL840046,INE001A01036,HDFC BANK LTD,2732,50,434.12,1186015.84
CL475970,INE238A01026,AXIS BANK LTD EQ,1669,0,2858.34,4770569.46
CL904586,INE002A01018,RELIANCE INDS LTD EQ,2450,0,2956.96,7244552.0
CL158123,INE154A01025,ITC LTD EQ,640,32,2236.04,1431065.6
CL913645,INE001A01036,HDFC BNK LTD,1600,0,1744.12,2790592.0
CL832294,INE090A01021,ICICI BANK LTD,843,321,1714.04,1444935.72
CL714846,INE090A01021,ICICI BANK LTD,1967,49,770.16,1514904.72
CL725143,INE009A01021,INFOSYS LTD,2534,0,927.65,2350665.1
CL081286,INE001A01036,HDFC BANK LTD,1718,0,476.99,819468.82
CL574090,INE090A01021,ICICI BANK LTD,1053,0,2922.02,3076887.06
CL968427,INE090A01021,ICICI BANK LTD,1403,0,1753.17,2459697.51
CL485249,INE154A01025,ITC LTD EQ,851,0,2785.19,2370196.69
CL608860,INE154A01025,ITC LTD EQ,469,0,847.44,397449.36
CL521150,INE009A01021,INFOSYS LTD,999,0,2138.64,2136501.36
CL310699,INE062A01020,STATE BNK OF INDIA,893,0,1355.53,1210488.29
CL996469,INE018A01030,LARSEN AND TOUBRO,2420,0,1643.78,3977947.6
CL734243,INE009A01021,INFOSYS LTD,2369,0,569.21,1348458.49
CL764844,INE009A01021,INFOSYS LTD,1884,410,1399.02,2635753.68
CL392139,INE237A01028,KOTAK MAHINDRA BANK,1362,0,890.38,1212697.56
CL413370,INE090A01021,ICICI BANK LTD,1018,164,1071.38,1090664.84
CL056313,INE018A01030,LARSEN AND TOUBRO,1582,38,2979.02,4712809.64
CL289494,INE018A01030,LARSEN AND TOUBRO,1347,0,2733.32,3681782.04
CL891801,INE237A01028,KOTAK MAHINDRA BANK,2026,15,2419.8,4902514.8
CL103945,INE238A01026,AXIS BANK LTD EQ,64,0,2392.33,153109.12
CL788140,INE002A01018,RELIANCE INDS LTD EQ,3428,0,769.08,2636406.24
CL987769,INE155A01022,TATA MOTORS LTD,3326,0,1214.75,4040258.5
CL115561,INE001A01036,HDFC BANK LTD,2766,0,1266.86,3504134.76
CL983384,INE009A01021,INFOSYS LTD,12,0,2790.24,33482.88
CL300821,INE154A01025,ITC LTD DVR EQ,3439,0,2822.3,9705889.7
CL799178,INE001A01036,HDFC BANK LTD,3235,0,584.82,1891892.7
CL069800,INE238A01026,AXIS BNK LTD EQ,3460,0,555.64,1922514.4
CL254962,INE154A01025,ITC LTD EQ,1531,0,593.9,909260.9
CL836487,INE155A01022,TATA MOTORS LTD,3048,256,293.54,894709.92
CL904420,INE090A01021,ICICI BANK LTD DVR,185,0,1195.18,221108.3
CL681405,INE155A01022,TATA MOTORS LTD,619,0,2819.59,1745326.21
CL467491,INE009A01021,INFOSYS LTD,745,0,2041.66,1521036.7
CL837144,INE154A01025,ITC LTD EQ,2153,387,2349.79,5059097.87
CL532589,INE238A01026,AXIS BANK LTD EQ,2287,0,2968.92,6789920.04
CL397228,INE062A01020,STATE BNK OF INDIA,3098,0,1398.72,4333234.56
CL070678,INE155A01022,TATA MOTORS LTD,112,0,2664.78,298455.36
CL695060,INE237A01028,KOTAK MAHINDRA BNK,528,0,2419.64,1277569.92
CL740495,INE154A01025,ITC LTD EQ,2039,459,931.93,1900205.27
CL769017,INE002A01018,RELIANCE INDS LTD EQ,1820,438,1759.27,3201871.4
CL410577,INE154A01025,ITC LTD DVR EQ,424,0,290.89,123337.36
CL573833,INE154A01025,ITC LTD EQ,1774,0,1384.8,2456635.2
CL123621,INE237A01028,KOTAK MAHINDRA BANK,2779,0,1318.97,3665417.63
CL804848,INE062A01020,STATE BANK OF INDIA,638,0,2779.83,1773531.54
CL212729,INE002A01018,RELIANCE INDS LTD EQ,2005,0,2583.36,5179636.8
CL826448,INE154A01025,ITC LTD EQ,1868,0,385.29,719721.72
CL732444,INE001A01036,HDFC BANK LTD DVR,1312,392,112.31,147350.72
CL428765,INE155A01022,TATA MOTORS LTD,1191,0,1958.99,2333157.09
CL900790,INE154A01025,ITC LTD EQ,1643,0,1832.29,3010452.47
CL588306,INE090A01021,ICICI BANK LTD,2691,0,1157.73,3115451.43
CL357461,INE062A01020,STATE BANK OF INDIA,837,0,1091.63,913694.31
CL817456,INE018A01030,LARSEN AND TOUBRO,916,0,123.33,112970.28
CL736525,INE009A01021,INFOSYS LTD,3024,0,2710.33,8196037.92
CL404920,INE237A01028,KOTAK MAHINDRA BANK,505,425,1194.99,603469.95
CL690155,INE002A01018,RELIANCE INDS LTD EQ,2609,455,2895.43,7554176.87
CL550347,INE062A01020,STATE BANK OF INDIA,2419,0,2529.03,6117723.57
CL049768,INE062A01020,STATE BANK OF INDIA,1697,498,2442.81,4145448.57
CL960308,INE238A01026,AXIS BANK LTD DVR EQ,1359,0,222.17,301929.03
CL202202,INE062A01020,STATE BANK OF INDIA,1694,0,946.55,1603455.7
CL703041,INE018A01030,LARSEN AND TOUBRO,910,0,1226.94,1116515.4
CL852245,INE018A01030,LARSEN AND TOUBRO,2663,0,1457.81,3882148.03
CL710387,INE155A01022,TATA MOTORS LTD,440,0,2984.36,1313118.4
CL087283,INE001A01036,HDFC BANK LTD,821,0,2583.91,2121390.11
CL899584,INE001A01036,HDFC BANK LTD DVR,573,0,1442.14,826346.22
CL485814,INE238A01026,AXIS BANK LTD EQ,1064,0,1899.22,2020770.08
CL679710,INE002A01018,RELIANCE INDS LTD EQ,2780,393,1870.93,5201185.4
CL369119,INE155A01022,TATA MOTORS LTD,2237,0,621.41,1390094.17
CL989807,INE002A01018,RELIANCE INDS LTD EQ,3081,0,1396.13,4301476.53
CL937829,INE090A01021,ICICI BANK LTD,2969,0,2134.99,6338785.31
CL228901,INE155A01022,TATA MOTORS LTD DVR,1736,0,1813.96,3149034.56
CL624747,INE154A01025,ITC LTD EQ,1619,0,797.95,1291881.05
CL160661,INE154A01025,ITC LTD EQ,1389,0,1785.96,2480698.44
CL268036,INE018A01030,LARSEN AND TOUBRO,1611,0,2212.02,3563564.22
CL140164,INE001A01036,HDFC BANK LTD,3075,0,2408.24,7405338.0
CL691973,INE238A01026,AXIS BANK LTD DVR EQ,2263,0,2327.53,5267200.39
CL129017,INE090A01021,ICICI BANK LTD,2429,441,2561.34,6221494.86
CL701990,INE090A01021,ICICI BNK LTD,3133,0,393.93,1234182.69
CL810115,INE009A01021,INFOSYS LTD,2112,0,1076.67,2273927.04
CL737425,INE018A01030,LARSEN AND TOUBRO,2237,0,1009.06,2257267.22
CL765386,INE062A01020,STATE BANK OF INDIA,687,0,2168.13,1489505.31
CL011129,INE238A01026,AXIS BANK LTD EQ,1134,398,1844.11,2091220.74
CL523655,INE237A01028,KOTAK MAHINDRA BANK,1640,0,2631.04,4314905.6
CL966076,INE062A01020,STATE BANK OF INDIA,2147,0,690.15,1481752.05
CL174501,INE238A01026,AXIS BANK LTD EQ,3252,0,2657.58,8642450.16
CL912899,INE155A01022,TATA MOTORS LTD DVR,3067,0,1382.67,4240648.89
CL320576,INE238A01026,AXIS BANK LTD DVR EQ,3493,0,2345.75,8193704.75
CL249227,INE002A01018,RELIANCE INDS LTD EQ,562,0,2634.53,1480605.86
CL787805,INE237A01028,KOTAK MAHINDRA BANK,251,0,211.13,52993.63
CL241435,INE018A01030,LARSEN AND TOUBRO,114,0,225.7,25729.8
CL008538,INE002A01018,RELIANCE INDS LTD EQ,1408,500,161.68,227645.44
CL948278,INE009A01021,INFOSYS LTD,2222,319,709.55,1576620.1
CL403322,INE238A01026,AXIS BANK LTD EQ,1870,0,1189.59,2224533.3
CL181059,INE090A01021,ICICI BANK LTD,683,328,2790.83,1906136.89
CL126702,INE018A01030,LARSEN AND TOUBRO,1112,371,1376.43,1530590.16
CL098327,INE237A01028,KOTAK MAHINDRA BANK,1195,0,1850.83,2211741.85
CL946848,INE237A01028,KOTAK MAHINDRA BANK,3192,0,970.82,3098857.44
CL850754,INE237A01028,KOTAK MAHINDRA BANK,2779,0,1664.7,4626201.3
CL540269,INE237A01028,KOTAK MAHINDRA BANK,260,0,929.59,241693.4
CL163107,INE090A01021,ICICI BANK LTD,256,15,1277.88,327137.28
CL903370,INE155A01022,TATA MOTORS LTD,2785,399,1001.86,2790180.1
CL847098,INE154A01025,ITC LTD EQ,1982,0,1466.66,2906920.12
CL634890,INE090A01021,ICICI BANK LTD,1590,0,2704.58,4300282.2
CL962517,INE237A01028,KOTAK MAHINDRA BANK,13,4,381.65,4961.45
CL940867,INE238A01026,AXIS BANK LTD EQ,1099,0,553.25,608021.75
CL820936,INE090A01021,ICICI BANK LTD,1289,0,1700.72,2192228.08
CL260252,INE155A01022,TATA MOTORS LTD DVR,1763,0,1760.06,3102985.78
CL209682,INE155A01022,TATA MOTORS LTD,1962,0,1076.53,2112151.86
CL348677,INE155A01022,TATA MOTORS LTD,2046,0,2094.43,4285203.78
CL951834,INE090A01021,ICICI BANK LTD,3325,383,1408.98,4684858.5
CL481794,INE018A01030,LARSEN AND TOUBRO,2537,0,1174.29,2979173.73
CL247842,INE155A01022,TATA MOTORS LTD,3005,0,2166.37,6509941.85
CL817391,INE090A01021,ICICI BANK LTD,2018,0,722.83,1458670.94
CL582435,INE237A01028,KOTAK MAHINDRA BANK,343,0,1290.03,442480.29
CL998960,INE001A01036,HDFC BANK LTD,341,150,2303.04,785336.64
CL498979,INE154A01025,ITC LTD EQ,664,0,992.63,659106.32
CL015254,INE001A01036,HDFC BANK LTD,2607,0,1432.68,3734996.76
CL976288,INE237A01028,KOTAK MAHINDRA BANK,2203,0,2930.35,6455561.05
CL273529,INE002A01018,RELIANCE INDS LTD EQ,1066,0,441.79,470948.14
CL482711,INE009A01021,INFOSYS LTD,2613,205,286.69,749120.97
CL418371,INE009A01021,INFOSYS LTD,3440,0,1060.08,3646675.2
CL559496,INE001A01036,HDFC BNK LTD,2228,0,2662.06,5931069.68
CL107429,INE018A01030,LARSEN AND TOUBRO,736,0,414.8,305292.8
CL032142,INE154A01025,ITC LTD EQ,1348,0,235.53,317494.44
CL498249,INE237A01028,KOTAK MAHINDRA BANK,2233,0,2113.03,4718395.99
CL635797,INE001A01036,HDFC BANK LTD,1392,108,1377.49,1917466.08
CL603642,INE009A01021,INFOSYS LTD,862,0,1680.57,1448651.34
CL190877,INE155A01022,TATA MOTORS LTD,57,0,2052.9,117015.3
CL272360,INE237A01028,KOTAK MAHINDRA BANK,2620,0,1990.74,5215738.8
CL162495,INE001A01036,HDFC BANK LTD,2805,354,2828.37,7933577.85
CL755481,INE001A01036,HDFC BANK LTD,3129,0,802.33,2510490.57
CL522868,INE237A01028,KOTAK MAHINDRA BANK,1604,0,425.23,682068.92
CL570840,INE009A01021,INFOSYS LTD,3205,0,794.95,2547814.75
CL213685,INE001A01036,HDFC BANK LTD,1939,0,2007.99,3893492.61
CL220681,INE018A01030,LARSEN AND TOUBRO,2552,0,2451.42,6256023.84
CL421410,INE002A01018,RELIANCE INDS LTD EQ,992,0,2220.74,2202974.08
CL459217,INE237A01028,KOTAK MAHINDRA BANK,957,0,241.8,231402.6
CL918987,INE155A01022,TATA MOTORS LTD,3042,0,512.78,1559876.76
CL325792,INE155A01022,TATA MOTORS LTD,1373,0,2129.68,2924050.64
CL529361,INE001A01036,HDFC BANK LTD,949,351,2549.08,2419076.92
CL882517,INE009A01021,INFOSYS LTD,1354,0,2400.81,3250696.74
CL496229,INE238A01026,AXIS BANK LTD EQ,1158,0,815.47,944314.26
CL102388,INE018A01030,LARSEN AND TOUBRO,1003,0,2455.25,2462615.75
CL213120,INE062A01020,STATE BANK OF INDIA,1933,0,2265.46,4379134.18
CL052183,INE001A01036,HDFC BANK LTD,255,0,2250.03,573757.65
CL473785,INE155A01022,TATA MOTORS LTD,1592,167,1904.08,3031295.36
CL732741,INE009A01021,INFOSYS LTD,1008,0,1127.76,1136782.08
CL736405,INE237A01028,KOTAK MAHINDRA BANK,2835,0,2252.69,6386376.15
CL293070,INE062A01020,STATE BANK OF INDIA,2898,0,1785.07,5173132.86
CL640704,INE062A01020,STATE BANK OF INDIA,1139,0,508.97,579716.83
CL598829,INE002A01018,RELIANCE INDS LTD EQ,598,0,731.12,437209.76
CL133013,INE062A01020,STATE BNK OF INDIA,1339,0,2203.14,2950004.46
CL202616,INE002A01018,RELIANCE INDS LTD DVR EQ,1166,0,1939.52,2261480.32
CL068859,INE238A01026,AXIS BANK LTD EQ,3467,0,1585.87,5498211.29
CL578067,INE090A01021,ICICI BANK LTD,2243,123,2082.96,4672079.28
CL389708,INE154A01025,ITC LTD EQ,967,0,151.03,146046.01
CL289902,INE238A01026,AXIS BANK LTD EQ,528,0,2401.12,1267791.36
CL631789,INE237A01028,KOTAK MAHINDRA BANK,3271,114,1957.79,6403931.09
CL318410,INE237A01028,KOTAK MAHINDRA BANK,337,0,1055.32,355642.84
CL166565,INE062A01020,STATE BANK OF INDIA,849,0,1447.52,1228944.48
CL135285,INE002A01018,RELIANCE INDS LTD DVR EQ,829,0,2710.33,2246863.57
CL300534,INE155A01022,TATA MOTORS LTD,860,0,1484.37,1276558.2
CL855024,INE238A01026,AXIS BNK LTD EQ,1569,0,171.86,269648.34
CL982521,INE009A01021,INFOSYS LTD,1722,2,1263.65,2176005.3
CL769903,INE002A01018,RELIANCE INDS LTD EQ,3463,464,1972.95,6832325.85
CL304407,INE001A01036,HDFC BANK LTD,197,0,2222.28,437789.16
CL335943,INE237A01028,KOTAK MAHINDRA BANK,3019,0,1642.02,4957258.38
CL786744,INE154A01025,ITC LTD EQ,3136,0,2508.67,7867189.12
CL123295,INE002A01018,RELIANCE INDS LTD EQ,652,0,1810.96,1180745.92
CL334400,INE154A01025,ITC LTD EQ,2753,186,160.84,442792.52
CL479369,INE062A01020,STATE BANK OF INDIA,2114,0,2889.71,6108846.94
CL025862,INE062A01020,STATE BANK OF INDIA,531,0,1105.04,586776.24
CL444312,INE090A01021,ICICI BANK LTD,3277,0,709.43,2324802.11
CL853525,INE018A01030,LARSEN AND TOUBRO,3303,204,1248.97,4125347.91
CL547247,INE009A01021,INFOSYS LTD,1081,0,2280.6,2465328.6
CL459322,INE002A01018,RELIANCE INDS LTD EQ,1013,0,1875.85,1900236.05
CL320596,INE001A01036,HDFC BNK LTD,1901,0,1401.59,2664422.59
CL491978,INE062A01020,STATE BANK OF INDIA,2908,0,286.97,834508.76
CL908499,INE001A01036,HDFC BANK LTD,1764,82,520.21,917650.44
CL055075,INE062A01020,STATE BANK OF INDIA,2963,0,2933.09,8690745.67
CL683035,INE090A01021,ICICI BNK LTD,3265,0,1549.45,5058954.25
CL891756,INE154A01025,ITC LTD EQ,2768,484,2920.4,8083667.2
CL839804,INE062A01020,STATE BANK OF INDIA,3048,0,760.87,2319131.76
CL432668,INE009A01021,INFOSYS LTD,3481,0,1163.16,4048959.96
CL401799,INE009A01021,INFOSYS LTD,1701,0,2782.29,4732675.29
CL252791,INE238A01026,AXIS BANK LTD EQ,2757,155,1914.38,5277945.66
CL939464,INE062A01020,STATE BANK OF INDIA,886,0,732.87,649322.82
CL935307,INE009A01021,INFOSYS LTD,63,0,142.85,8999.55
CL053493,INE062A01020,STATE BANK OF INDIA,1406,0,1792.22,2519861.32
CL645025,INE018A01030,LARSEN AND TOUBRO,2811,0,458.24,1288112.64
CL393801,INE001A01036,HDFC BANK LTD,881,0,1368.21,1205393.01
CL925148,INE155A01022,TATA MOTORS LTD,2061,0,249.98,515208.78
CL230062,INE090A01021,ICICI BNK LTD,1467,0,1513.05,2219644.35
CL739292,INE062A01020,STATE BANK OF INDIA,1225,0,853.78,1045880.5
CL045091,INE237A01028,KOTAK MAHINDRA BANK,1618,168,1736.68,2809948.24
CL077837,INE018A01030,LARSEN AND TOUBRO,382,0,1217.49,465081.18
CL350174,INE090A01021,ICICI BANK LTD,1813,0,574.96,1042402.48
CL459620,INE009A01021,INFOSYS LTD,2516,0,348.95,877958.2
CL071528,INE002A01018,RELIANCE INDS LTD EQ,2221,0,1559.51,3463671.71
CL011761,INE237A01028,KOTAK MAHINDRA BANK,1424,0,2441.79,3477108.96
CL450365,INE155A01022,TATA MOTORS LTD,2148,0,779.83,1675074.84
CL706113,INE009A01021,INFOSYS LTD,1021,169,2961.7,3023895.7
CL542154,INE062A01020,STATE BANK OF INDIA,2284,0,2830.65,6465204.6
CL771652,INE002A01018,RELIANCE INDS LTD EQ,2945,98,637.15,1876406.75
CL120607,INE018A01030,LARSEN AND TOUBRO,2953,0,1547.08,4568527.24
CL277035,INE018A01030,LARSEN AND TOUBRO,308,0,1515.46,466761.68
CL917114,INE018A01030,LARSEN AND TOUBRO,2730,0,1783.08,4867808.4
CL970039,INE009A01021,INFOSYS LTD,2838,0,2454.72,6966495.36
CL125016,INE237A01028,KOTAK MAHINDRA BANK,305,0,134.2,40931.0
CL225622,INE018A01030,LARSEN AND TOUBRO,1218,0,282.81,344462.58
CL924350,INE237A01028,KOTAK MAHINDRA BANK,2640,266,2337.24,6170313.6
CL318801,INE154A01025,ITC LTD EQ,84,0,2842.22,238746.48
CL141447,INE002A01018,RELIANCE INDS LTD DVR EQ,2099,0,594.88,1248653.12
CL785867,INE090A01021,ICICI BANK LTD,417,0,2448.07,1020845.19
CL573157,INE154A01025,ITC LTD EQ,2973,0,491.31,1460664.63
CL814113,INE154A01025,ITC LTD EQ,2190,464,590.83,1293917.7
CL003328,INE002A01018,RELIANCE INDS LTD EQ,151,0,2389.64,360835.64
CL853495,INE154A01025,ITC LTD EQ,1327,0,2851.46,3783887.42
CL601383,INE062A01020,STATE BANK OF INDIA,804,0,1522.47,1224065.88
CL891822,INE001A01036,HDFC BANK LTD,887,33,1169.57,1037408.59
CL175255,INE238A01026,AXIS BNK LTD EQ,2771,0,940.75,2606818.25
CL220211,INE238A01026,AXIS BANK LTD EQ,562,0,2008.72,1128900.64
CL874374,INE001A01036,HDFC BANK LTD,2350,0,906.21,2129593.5
CL256985,INE009A01021,INFOSYS LTD,729,0,2388.71,1741369.59
CL265308,INE018A01030,LARSEN AND TOUBRO,2796,0,2411.64,6742945.44
CL779613,INE154A01025,ITC LTD EQ,2334,0,1718.5,4010979.0
CL155610,INE062A01020,STATE BANK OF INDIA,471,0,2144.78,1010191.38
CL544915,INE018A01030,LARSEN AND TOUBRO,1893,0,511.63,968515.59
CL597298,INE062A01020,STATE BANK OF INDIA,2397,0,865.81,2075346.57
CL691931,INE155A01022,TATA MOTORS LTD,1365,0,2853.48,3895000.2
CL557675,INE237A01028,KOTAK MAHINDRA BANK,2347,0,2957.49,6941229.03
CL790495,INE155A01022,TATA MOTORS LTD,348,0,1951.36,679073.28
CL431648,INE009A01021,INFOSYS LTD,375,0,2319.8,869925.0
CL448903,INE155A01022,TATA MOTORS LTD,1996,0,1574.47,3142642.12
CL440998,INE238A01026,AXIS BANK LTD EQ,1960,0,1755.13,3440054.8
CL303052,INE090A01021,ICICI BANK LTD,2226,109,1727.98,3846483.48
CL087355,INE238A01026,AXIS BANK LTD EQ,803,0,434.23,348686.69
CL741733,INE090A01021,ICICI BANK LTD,3283,317,804.63,2641600.29
CL449168,INE155A01022,TATA MOTORS LTD,2511,0,2485.0,6239835.0
CL153208,INE002A01018,RELIANCE INDS LTD EQ,2298,0,2768.58,6362196.84
CL733037,INE155A01022,TATA MOTORS LTD,1051,0,2067.1,2172522.1
CL036668,INE009A01021,INFOSYS LTD,2702,0,2640.42,7134414.84
CL511696,INE001A01036,HDFC BANK LTD,2610,0,505.09,1318284.9
CL322392,INE155A01022,TATA MOTORS LTD,1238,0,769.57,952727.66
CL880320,INE018A01030,LARSEN AND TOUBRO,1606,0,571.2,917347.2
CL641963,INE018A01030,LARSEN AND TOUBRO,144,0,1839.61,264903.84
CL859693,INE090A01021,ICICI BANK LTD,1365,72,667.81,911560.65
CL588420,INE238A01026,AXIS BANK LTD EQ,1429,0,2432.14,3475528.06
CL504550,INE062A01020,STATE BANK OF INDIA,236,0,2123.68,501188.48
CL616090,INE001A01036,HDFC BANK LTD,339,0,1674.52,567662.28
CL319861,INE001A01036,HDFC BANK LTD,1390,0,2974.81,4134985.9
CL991431,INE062A01020,STATE BANK OF INDIA,2485,0,740.72,1840689.2
CL443089,INE154A01025,ITC LTD DVR EQ,2568,0,1895.46,4867541.28
CL893838,INE001A01036,HDFC BANK LTD,999,0,268.51,268241.49
CL461629,INE090A01021,ICICI BANK LTD,2708,0,2800.42,7583537.36
CL661482,INE018A01030,LARSEN AND TOUBRO,1279,0,1960.64,2507658.56
CL558810,INE009A01021,INFOSYS LTD DVR,1218,0,806.03,981744.54
CL303642,INE002A01018,RELIANCE INDS LTD EQ,657,0,1503.88,988049.16
CL751469,INE002A01018,RELIANCE INDS LTD EQ,1740,0,959.49,1669512.6
CL299608,INE018A01030,LARSEN AND TOUBRO,885,0,2998.3,2653495.5
CL904486,INE018A01030,LARSEN AND TOUBRO,387,0,2033.3,786887.1
CL556791,INE238A01026,AXIS BANK LTD DVR EQ,2459,94,943.74,2320656.66
CL057592,INE154A01025,ITC LTD EQ,2178,0,621.48,1353583.44
CL626770,INE009A01021,INFOSYS LTD,3423,0,1522.87,5212784.01
CL569215,INE237A01028,KOTAK MAHINDRA BANK,2402,0,680.43,1634392.86
CL081104,INE018A01030,LARSEN AND TOUBRO,242,0,2234.6,540773.2
CL900697,INE002A01018,RELIANCE INDS LTD EQ,2600,0,2098.75,5456750.0
CL587331,INE018A01030,LARSEN AND TOUBRO,1340,0,1244.81,1668045.4
CL216957,INE237A01028,KOTAK MAHINDRA BANK,1324,0,2974.85,3938701.4
CL512857,INE009A01021,INFOSYS LTD,2672,0,2271.78,6070196.16
CL998774,INE062A01020,STATE BANK OF INDIA,2568,0,1102.97,2832426.96
CL962050,INE062A01020,STATE BNK OF INDIA,58,0,1993.96,115649.68
CL174133,INE062A01020,STATE BANK OF INDIA,1672,0,1695.0,2834040.0
CL445262,INE001A01036,HDFC BANK LTD,3407,0,814.95,2776534.65
CL463158,INE062A01020,STATE BANK OF INDIA,2582,0,2330.12,6016369.84
CL291474,INE154A01025,ITC LTD EQ,167,0,2781.55,464518.85
CL971575,INE237A01028,KOTAK MAHINDRA BANK,330,0,2548.09,840869.7
CL900034,INE018A01030,LARSEN AND TOUBRO,2993,0,1425.3,4265922.9
CL623690,INE001A01036,HDFC BANK LTD,1793,0,2610.89,4681325.77
CL300602,INE002A01018,RELIANCE INDS LTD EQ,2622,0,2577.51,6758231.22
CL356228,INE001A01036,HDFC BANK LTD,845,410,2158.2,1823679.0
CL348368,INE002A01018,RELIANCE INDS LTD EQ,1680,80,1532.94,2575339.2
CL599077,INE002A01018,RELIANCE INDS LTD EQ,1128,0,1437.03,1620969.84
CL855571,INE062A01020,STATE BANK OF INDIA,2270,0,1412.27,3205852.9
CL227047,INE001A01036,HDFC BANK LTD,2201,0,605.76,1333277.76
CL650785,INE062A01020,STATE BANK OF INDIA,101,0,455.19,45974.19
CL945039,INE237A01028,KOTAK MAHINDRA BANK,2906,0,2009.06,5838328.36
CL729150,INE002A01018,RELIANCE INDS LTD EQ,203,0,1290.45,261961.35
CL516546,INE009A01021,INFOSYS LTD,3344,0,775.82,2594342.08
CL707036,INE237A01028,KOTAK MAHINDRA BANK,2024,0,1009.65,2043531.6
CL693131,INE001A01036,HDFC BANK LTD,2213,246,2350.22,5201036.86
CL029632,INE090A01021,ICICI BANK LTD,2534,0,786.17,1992154.78
CL117348,INE155A01022,TATA MOTORS LTD,1737,139,2767.53,4807199.61
CL051581,INE001A01036,HDFC BANK LTD,676,0,1755.83,1186941.08
CL394281,INE155A01022,TATA MOTORS LTD DVR,1793,0,1556.84,2791414.12
CL534393,INE238A01026,AXIS BANK LTD EQ,1289,0,1387.71,1788758.19
CL332369,INE238A01026,AXIS BANK LTD EQ,592,19,2856.85,1691255.2
CL278968,INE062A01020,STATE BANK OF INDIA,2117,0,2962.3,6271189.1
CL377008,INE154A01025,ITC LTD EQ,694,0,344.27,238923.38
CL089303,INE001A01036,HDFC BANK LTD,3118,0,1987.24,6196214.32
CL929711,INE001A01036,HDFC BANK LTD,2149,221,1453.93,3124495.57
CL830056,INE001A01036,HDFC BANK LTD,618,0,1110.38,686214.84
CL857142,INE009A01021,INFOSYS LTD,1421,0,523.85,744390.85
CL287393,INE001A01036,HDFC BANK LTD,342,293,2191.24,749404.08
CL332624,INE018A01030,LARSEN AND TOUBRO,1245,0,2059.05,2563517.25
CL838924,INE001A01036,HDFC BANK LTD,3086,0,239.9,740331.4
CL112591,INE090A01021,ICICI BANK LTD,2095,0,1574.79,3299185.05
CL912396,INE009A01021,INFOSYS LTD,1900,0,2040.93,3877767.0
CL414905,INE154A01025,ITC LTD EQ,761,0,2909.32,2213992.52
CL248467,INE090A01021,ICICI BANK LTD,1169,0,556.95,651074.55
CL461902,INE009A01021,INFOSYS LTD,1278,485,2617.5,3345165.0
CL757661,INE154A01025,ITC LTD EQ,2934,168,662.3,1943188.2
CL596900,INE009A01021,INFOSYS LTD,1982,0,945.47,1873921.54
CL616522,INE002A01018,RELIANCE INDS LTD EQ,653,0,1701.68,1111197.04
CL621707,INE090A01021,ICICI BANK LTD,1439,0,2181.59,3139308.01
CL855261,INE238A01026,AXIS BANK LTD DVR EQ,1863,0,2087.0,3888081.0
CL705136,INE238A01026,AXIS BANK LTD EQ,3355,0,1603.1,5378400.5
CL879295,INE002A01018,RELIANCE INDS LTD DVR EQ,3023,0,774.08,2340043.84
CL483843,INE009A01021,INFOSYS LTD,3311,322,2591.8,8581449.8
CL710843,INE018A01030,LARSEN AND TOUBRO,1264,0,2477.4,3131433.6
CL903139,INE238A01026,AXIS BANK LTD EQ,343,0,2517.33,863444.19
CL463672,INE155A01022,TATA MOTORS LTD DVR,3252,0,381.43,1240410.36
CL772398,INE009A01021,INFOSYS LTD,3254,0,996.56,3242806.24
CL913751,INE018A01030,LARSEN AND TOUBRO,504,0,1327.58,669100.32
CL225728,INE002A01018,RELIANCE INDS LTD EQ,3410,88,1340.93,4572571.3
CL802494,INE238A01026,AXIS BANK LTD EQ,2763,0,2726.69,7533844.47
CL005819,INE009A01021,INFOSYS LTD,1831,0,612.94,1122293.14
CL853256,INE155A01022,TATA MOTORS LTD,1347,0,416.25,560688.75
CL824183,INE002A01018,RELIANCE INDS LTD EQ,1733,0,2132.46,3695553.18
CL745269,INE062A01020,STATE BANK OF INDIA,1151,0,2030.65,2337278.15
CL784344,INE238A01026,AXIS BANK LTD EQ,611,0,1028.72,628547.92
CL941820,INE090A01021,ICICI BANK LTD,1054,0,1706.04,1798166.16
CL516294,INE237A01028,KOTAK MAHINDRA BANK,3221,0,2770.15,8922653.15
CL830667,INE009A01021,INFOSYS LTD DVR,346,0,1958.39,677602.94
CL540669,INE009A01021,INFOSYS LTD,3128,33,602.32,1884056.96
CL062590,INE001A01036,HDFC BANK LTD,722,0,2070.74,1495074.28
CL654639,INE238A01026,AXIS BANK LTD EQ,2716,0,1354.78,3679582.48
CL823241,INE002A01018,RELIANCE INDS LTD EQ,2471,0,1216.49,3005946.79
CL216637,INE009A01021,INFOSYS LTD,1302,0,2393.67,3116558.34
CL971563,INE002A01018,RELIANCE INDS LTD EQ,3155,307,570.79,1800842.45
CL872017,INE090A01021,ICICI BANK LTD,601,0,2809.11,1688275.11
CL998200,INE237A01028,KOTAK MAHINDRA BANK,280,0,2599.12,727753.6
CL301917,INE237A01028,KOTAK MAHINDRA BANK,1318,0,735.36,969204.48
CL179129,INE155A01022,TATA MOTORS LTD,1503,0,2839.71,4268084.13
CL570826,INE009A01021,INFOSYS LTD,3351,0,1325.13,4440510.63
CL258893,INE009A01021,INFOSYS LTD,124,86,2199.26,272708.24
CL295054,INE154A01025,ITC LTD EQ,1691,0,1624.78,2747502.98
CL856047,INE001A01036,HDFC BANK LTD,3454,0,127.85,441593.9
CL451351,INE018A01030,LARSEN AND TOUBRO,1707,0,2131.67,3638760.69
CL100054,INE090A01021,ICICI BNK LTD,2110,0,1698.34,3583497.4
CL880793,INE001A01036,HDFC BANK LTD DVR,2035,0,524.46,1067276.1
CL667411,INE009A01021,INFOSYS LTD,2411,0,700.08,1687892.88
CL204196,INE155A01022,TATA MOTORS LTD,550,0,286.35,157492.5
CL052530,INE237A01028,KOTAK MAHINDRA BANK,2834,0,255.91,725248.94
CL737157,INE237A01028,KOTAK MAHINDRA BANK,463,0,298.65,138274.95
CL805068,INE154A01025,ITC LTD EQ,509,0,1373.64,699182.76
CL120075,INE154A01025,ITC LTD EQ,1192,0,1949.48,2323780.16
CL464197,INE001A01036,HDFC BANK LTD,311,0,261.65,81373.15
CL141993,INE018A01030,LARSEN AND TOUBRO,578,0,423.8,244956.4
CL515407,INE090A01021,ICICI BANK LTD,871,0,1190.7,1037099.7
CL143421,INE090A01021,ICICI BANK LTD,1839,0,351.59,646574.01
CL488986,INE018A01030,LARSEN AND TOUBRO,2679,0,966.91,2590351.89
CL212837,INE237A01028,KOTAK MAHINDRA BANK,989,0,2446.12,2419212.68
CL922168,INE018A01030,LARSEN AND TOUBRO,581,0,1875.73,1089799.13
CL901994,INE090A01021,ICICI BANK LTD DVR,3430,0,1287.23,4415198.9
CL771111,INE090A01021,ICICI BANK LTD,2130,0,2708.68,5769488.4
CL257971,INE155A01022,TATA MOTORS LTD DVR,2151,0,2054.58,4419401.58
CL036769,INE018A01030,LARSEN AND TOUBRO,2875,0,2056.71,5913041.25
CL690458,INE002A01018,RELIANCE INDS LTD EQ,1620,0,1980.22,3207956.4
CL793437,INE155A01022,TATA MOTORS LTD,531,0,227.72,120919.32
CL370629,INE009A01021,INFOSYS LTD,3218,0,1424.78,4584942.04
CL888646,INE237A01028,KOTAK MAHINDRA BANK,990,0,1041.14,1030728.6
CL950437,INE237A01028,KOTAK MAHINDRA BANK,1177,0,1499.82,1765288.14
CL590237,INE002A01018,RELIANCE INDS LTD EQ,1760,0,1673.09,2944638.4
CL442893,INE237A01028,KOTAK MAHINDRA BANK,3411,0,345.06,1176999.66
CL845530,INE062A01020,STATE BANK OF INDIA,1832,0,2112.34,3869806.88
CL723296,INE018A01030,LARSEN AND TOUBRO,250,0,590.76,147690.0
CL206788,INE001A01036,HDFC BNK LTD,2329,0,2683.49,6249848.21
CL316779,INE009A01021,INFOSYS LTD,1397,0,1408.08,1967087.76
CL920868,INE001A01036,HDFC BANK LTD,1627,0,2090.09,3400576.43
CL442200,INE062A01020,STATE BANK OF INDIA,3199,0,1441.97,4612862.03
CL004448,INE090A01021,ICICI BANK LTD,2855,0,1249.14,3566294.7
CL524686,INE237A01028,KOTAK MAHINDRA BANK,29,0,2013.11,58380.19
CL042659,INE154A01025,ITC LTD EQ,3230,0,1836.18,5930861.4
CL359131,INE001A01036,HDFC BANK LTD,859,0,2365.63,2032076.17
CL285538,INE062A01020,STATE BNK OF INDIA,817,0,694.85,567692.45
CL810226,INE062A01020,STATE BANK OF INDIA,2399,0,2056.12,4932631.88
CL465371,INE002A01018,RELIANCE INDS LTD EQ,2011,0,183.83,369682.13
CL098009,INE018A01030,LARSEN AND TOUBRO,2323,439,2593.23,6024073.29
CL378582,INE018A01030,LARSEN AND TOUBRO,3238,0,435.89,1411411.82
CL730095,INE155A01022,TATA MOTORS LTD,977,0,1349.05,1318021.85
CL666489,INE001A01036,HDFC BANK LTD,1233,109,1540.18,1899041.94
CL116802,INE237A01028,KOTAK MAHINDRA BANK,645,0,2105.04,1357750.8
CL497320,INE155A01022,TATA MOTORS LTD,3476,0,2269.75,7889651.0
CL557924,INE238A01026,AXIS BANK LTD DVR EQ,486,0,2839.13,1379817.18
CL851087,INE237A01028,KOTAK MAHINDRA BANK,1460,0,1070.82,1563397.2
CL334742,INE009A01021,INFOSYS LTD,1318,0,968.85,1276944.3
CL003035,INE237A01028,KOTAK MAHINDRA BNK,1622,0,274.97,446001.34
CL022944,INE238A01026,AXIS BANK LTD EQ,2152,0,2218.89,4775051.28
CL405177,INE018A01030,LARSEN AND TOUBRO,1056,465,1896.02,2002197.12
CL681197,INE238A01026,AXIS BANK LTD DVR EQ,2070,0,773.35,1600834.5
CL663296,INE018A01030,LARSEN AND TOUBRO,3079,0,779.0,2398541.0
CL928653,INE238A01026,AXIS BANK LTD EQ,1726,0,1052.97,1817426.22
CL290771,INE062A01020,STATE BANK OF INDIA,762,0,1922.52,1464960.24
CL873069,INE002A01018,RELIANCE INDS LTD EQ,3148,0,2496.71,7859643.08
CL678216,INE090A01021,ICICI BANK LTD,1352,138,2688.65,3635054.8
CL023970,INE002A01018,RELIANCE INDS LTD EQ,407,383,2886.32,1174732.24
CL383532,INE001A01036,HDFC BANK LTD DVR,3171,437,234.3,742965.3
CL345671,INE237A01028,KOTAK MAHINDRA BANK,2605,0,1470.88,3831642.4
CL128323,INE155A01022,TATA MOTORS LTD,2241,0,907.32,2033304.12
CL019720,INE155A01022,TATA MOTORS LTD DVR,2961,0,506.47,1499657.67
CL161441,INE155A01022,TATA MOTORS LTD,1975,0,2367.84,4676484.0
CL947131,INE090A01021,ICICI BANK LTD,974,0,571.49,556631.26
CL799575,INE018A01030,LARSEN AND TOUBRO,2850,0,2973.98,8475843.0
CL381579,INE237A01028,KOTAK MAHINDRA BANK,3062,0,1039.62,3183316.44
CL646737,INE002A01018,RELIANCE INDS LTD EQ,3361,0,1681.73,5652294.53
CL447083,INE155A01022,TATA MOTORS LTD,396,0,1430.19,566355.24
CL517529,INE009A01021,INFOSYS LTD DVR,705,0,628.1,442810.5
CL386657,INE237A01028,KOTAK MAHINDRA BANK,3031,0,1031.46,3126355.26
CL215003,INE001A01036,HDFC BANK LTD,3484,0,880.87,3068951.08
CL583561,INE237A01028,KOTAK MAHINDRA BANK,1244,0,270.15,336066.6
CL735660,INE001A01036,HDFC BANK LTD,340,0,104.31,35465.4
CL098316,INE018A01030,LARSEN AND TOUBRO,1965,449,2817.61,5536603.65
CL995798,INE238A01026,AXIS BANK LTD EQ,607,0,2730.75,1657565.25
CL001356,INE018A01030,LARSEN AND TOUBRO,834,0,1778.0,1482852.0
CL610603,INE237A01028,KOTAK MAHINDRA BANK,3464,0,2330.53,8072955.92
CL367303,INE009A01021,INFOSYS LTD,1300,0,2274.52,2956876.0
CL495046,INE154A01025,ITC LTD EQ,383,0,1681.19,643895.77
CL607789,INE018A01030,LARSEN AND TOUBRO,1585,0,1947.74,3087167.9
CL736263,INE018A01030,LARSEN AND TOUBRO,958,0,2532.43,2426067.94
CL613574,INE154A01025,ITC LTD DVR EQ,1834,0,1695.83,3110152.22
CL930924,INE237A01028,KOTAK MAHINDRA BANK,1736,0,2496.45,4333837.2
CL491645,INE062A01020,STATE BANK OF INDIA,2654,0,538.42,1428966.68
CL801687,INE090A01021,ICICI BANK LTD,781,0,1816.66,1418811.46
CL622912,INE001A01036,HDFC BANK LTD,2981,0,723.39,2156425.59
CL254396,INE009A01021,INFOSYS LTD,2043,0,1148.0,2345364.0
CL406735,INE238A01026,AXIS BANK LTD EQ,984,190,1850.56,1820951.04
CL627611,INE154A01025,ITC LTD EQ,1243,0,1484.42,1845134.06
CL032688,INE154A01025,ITC LTD EQ,2515,0,268.8,676032.0
CL162038,INE001A01036,HDFC BANK LTD DVR,2610,0,2273.94,5934983.4
CL497691,INE155A01022,TATA MOTORS LTD DVR,627,219,1457.54,913877.58
CL298067,INE001A01036,HDFC BANK LTD,830,0,2397.36,1989808.8
CL936666,INE062A01020,STATE BANK OF INDIA,3078,0,2563.08,7889160.24
CL400803,INE018A01030,LARSEN AND TOUBRO,2131,423,2755.78,5872567.18
CL468581,INE237A01028,KOTAK MAHINDRA BANK,2803,0,2773.21,7773307.63
CL507029,INE001A01036,HDFC BANK LTD,845,0,2573.27,2174413.15
CL836564,INE009A01021,INFOSYS LTD,199,0,2999.17,596834.83
CL021859,INE238A01026,AXIS BANK LTD EQ,2505,0,1991.78,4989408.9
CL220229,INE002A01018,RELIANCE INDS LTD EQ,1225,0,884.33,1083304.25
CL531469,INE001A01036,HDFC BANK LTD,2361,0,2286.64,5398757.04
CL919058,INE090A01021,ICICI BNK LTD,258,0,1394.31,359731.98
CL405686,INE001A01036,HDFC BNK LTD,288,0,440.38,126829.44
CL257151,INE154A01025,ITC LTD DVR EQ,3321,312,1970.28,6543299.88
CL492102,INE009A01021,INFOSYS LTD,2010,0,178.15,358081.5
CL448872,INE062A01020,STATE BANK OF INDIA,1956,239,2412.53,4718908.68
CL772247,INE238A01026,AXIS BANK LTD EQ,541,0,2286.95,1237239.95
CL038860,INE001A01036,HDFC BNK LTD,23,5,1124.61,25866.03
CL815710,INE237A01028,KOTAK MAHINDRA BANK,2317,0,1229.03,2847662.51
CL990100,INE154A01025,ITC LTD EQ,2472,0,2566.78,6345080.16
CL224566,INE009A01021,INFOSYS LTD,3043,283,2097.13,6381566.59
CL506245,INE009A01021,INFOSYS LTD,2458,0,2767.69,6802982.02
CL308330,INE238A01026,AXIS BANK LTD EQ,794,0,1083.96,860664.24
CL693447,INE238A01026,AXIS BANK LTD EQ,311,0,2676.04,832248.44
CL576669,INE154A01025,ITC LTD EQ,2659,0,598.69,1591916.71
CL881241,INE001A01036,HDFC BANK LTD,2499,0,2270.08,5672929.92
CL531765,INE238A01026,AXIS BANK LTD EQ,711,0,1060.56,754058.16
CL754078,INE062A01020,STATE BANK OF INDIA,3114,0,1298.25,4042750.5
CL008121,INE001A01036,HDFC BANK LTD,503,0,1204.27,605747.81
CL402373,INE155A01022,TATA MOTORS LTD,1000,0,2576.68,2576680.0
CL777179,INE155A01022,TATA MOTORS LTD,760,0,2179.3,1656268.0
CL409688,INE238A01026,AXIS BANK LTD EQ,2911,0,2130.71,6202496.81
CL334024,INE002A01018,RELIANCE INDS LTD EQ,1797,0,2383.25,4282700.25
CL432005,INE155A01022,TATA MOTORS LTD,2740,0,1030.92,2824720.8
CL661499,INE238A01026,AXIS BNK LTD EQ,1455,0,719.63,1047061.65
CL000214,INE238A01026,AXIS BANK LTD EQ,2809,0,2409.73,6768931.57
CL347387,INE009A01021,INFOSYS LTD,2171,0,2444.44,5306879.24
CL066192,INE237A01028,KOTAK MAHINDRA BANK,762,0,1760.49,1341493.38
CL882911,INE090A01021,ICICI BANK LTD,3068,0,1913.55,5870771.4
CL517408,INE155A01022,TATA MOTORS LTD,510,0,1784.47,910079.7
CL998367,INE154A01025,ITC LTD EQ,1770,0,2336.31,4135268.7
CL714068,INE090A01021,ICICI BANK LTD,3361,0,440.73,1481293.53
CL982895,INE155A01022,TATA MOTORS LTD DVR,2484,146,1802.5,4477410.0
CL415596,INE237A01028,KOTAK MAHINDRA BANK,1113,0,109.4,121762.2
CL684527,INE090A01021,ICICI BANK LTD,1334,0,2126.26,2836430.84
CL800054,INE237A01028,KOTAK MAHINDRA BANK,2163,0,1470.95,3181664.85
CL012165,INE002A01018,RELIANCE INDS LTD EQ,1830,0,1948.96,3566596.8
CL493852,INE002A01018,RELIANCE INDS LTD DVR EQ,641,0,2963.34,1899500.94
CL941739,INE154A01025,ITC LTD EQ,2301,0,947.29,2179714.29
CL518709,INE155A01022,TATA MOTORS LTD,2666,23,2879.48,7676693.68
CL859533,INE062A01020,STATE BANK OF INDIA,2803,0,2742.67,7687704.01
CL526082,INE018A01030,LARSEN AND TOUBRO,1815,192,1627.77,2954402.55
CL209202,INE009A01021,INFOSYS LTD,315,239,1753.58,552377.7
CL957278,INE009A01021,INFOSYS LTD,798,0,514.22,410347.56
CL695259,INE009A01021,INFOSYS LTD,1778,0,1108.16,1970308.48
CL290725,INE001A01036,HDFC BANK LTD,373,0,942.86,351686.78
CL928456,INE002A01018,RELIANCE INDS LTD EQ,2886,448,528.18,1524327.48
CL610457,INE001A01036,HDFC BANK LTD,270,0,481.3,129951.0
CL087380,INE154A01025,ITC LTD EQ,1387,0,1486.19,2061345.53
CL934020,INE237A01028,KOTAK MAHINDRA BNK,1165,0,2523.75,2940168.75
CL952530,INE237A01028,KOTAK MAHINDRA BANK,2169,0,406.0,880614.0
CL691006,INE090A01021,ICICI BANK LTD,1631,0,2779.32,4533070.92
CL405367,INE154A01025,ITC LTD EQ,2725,0,1428.64,3893044.0
CL093941,INE090A01021,ICICI BANK LTD,1764,0,2760.15,4868904.6
CL135421,INE001A01036,HDFC BNK LTD,1217,0,2073.85,2523875.45
CL512444,INE009A01021,INFOSYS LTD,1583,0,2454.53,3885520.99
CL223714,INE155A01022,TATA MOTORS LTD,1685,0,1028.56,1733123.6
CL505609,INE237A01028,KOTAK MAHINDRA BNK,2012,0,2690.11,5412501.32
CL870419,INE090A01021,ICICI BNK LTD,2837,0,1921.67,5451777.79
CL379769,INE154A01025,ITC LTD EQ,2029,0,895.03,1816015.87
CL656088,INE090A01021,ICICI BNK LTD,1763,0,992.77,1750253.51
CL577816,INE237A01028,KOTAK MAHINDRA BANK,1617,0,194.99,315298.83
CL933128,INE090A01021,ICICI BANK LTD DVR,1096,0,2079.18,2278781.28
CL135116,INE002A01018,RELIANCE INDS LTD EQ,793,217,306.42,242991.06
CL122174,INE002A01018,RELIANCE INDS LTD EQ,1509,0,2767.18,4175674.62
CL786967,INE155A01022,TATA MOTORS LTD,3021,0,2404.29,7263360.09
CL768402,INE155A01022,TATA MOTORS LTD,2192,0,1753.13,3842860.96
CL327910,INE062A01020,STATE BANK OF INDIA,2357,0,2391.16,5635964.12
CL379613,INE018A01030,LARSEN AND TOUBRO,3445,0,2581.88,8894576.6
CL308278,INE237A01028,KOTAK MAHINDRA BANK,280,0,1895.03,530608.4
CL876243,INE062A01020,STATE BANK OF INDIA,3307,134,251.15,830553.05
CL289564,INE018A01030,LARSEN AND TOUBRO,1180,0,878.54,1036677.2
CL516622,INE155A01022,TATA MOTORS LTD,2617,80,2391.82,6259392.94
CL005499,INE001A01036,HDFC BANK LTD,1972,21,1703.02,3358355.44
CL097143,INE237A01028,KOTAK MAHINDRA BANK,2541,0,2976.06,7562168.46
CL535127,INE062A01020,STATE BANK OF INDIA,818,0,1618.27,1323744.86
CL961932,INE018A01030,LARSEN AND TOUBRO,1870,0,1046.34,1956655.8
CL078463,INE009A01021,INFOSYS LTD DVR,3378,0,1017.31,3436473.18
CL069721,INE018A01030,LARSEN AND TOUBRO,3306,0,932.81,3083869.86
CL153203,INE090A01021,ICICI BANK LTD,1144,0,1147.29,1312499.76
CL128485,INE062A01020,STATE BANK OF INDIA,3433,0,412.72,1416867.76
CL261606,INE154A01025,ITC LTD EQ,3467,0,1881.19,6522085.73
CL861459,INE009A01021,INFOSYS LTD,1841,0,2568.51,4728626.91
CL185066,INE237A01028,KOTAK MAHINDRA BANK,2269,0,424.98,964279.62
CL789841,INE018A01030,LARSEN AND TOUBRO,2706,0,1581.92,4280675.52
CL575804,INE237A01028,KOTAK MAHINDRA BANK,1945,0,159.37,309974.65
CL019661,INE002A01018,RELIANCE INDS LTD EQ,1551,188,1388.83,2154075.33
CL508073,INE090A01021,ICICI BANK LTD,3044,0,2716.8,8269939.2
CL188030,INE154A01025,ITC LTD EQ,1968,0,1562.49,3074980.32
CL945149,INE062A01020,STATE BANK OF INDIA,3096,0,580.34,1796732.64
CL459072,INE009A01021,INFOSYS LTD,1215,0,953.5,1158502.5
CL355235,INE154A01025,ITC LTD EQ,2510,291,2018.05,5065305.5
CL913254,INE154A01025,ITC LTD EQ,532,361,1677.51,892435.32
CL486876,INE001A01036,HDFC BANK LTD,1540,0,2431.0,3743740.0
CL078195,INE062A01020,STATE BANK OF INDIA,1298,0,1484.49,1926868.02
CL377551,INE155A01022,TATA MOTORS LTD,2860,0,638.38,1825766.8
CL169708,INE237A01028,KOTAK MAHINDRA BANK,2585,0,1254.63,3243218.55
CL712690,INE062A01020,STATE BANK OF INDIA,2238,0,875.36,1959055.68
CL657240,INE237A01028,KOTAK MAHINDRA BANK,1960,0,459.97,901541.2
CL967226,INE062A01020,STATE BANK OF INDIA,3220,0,2701.83,8699892.6
CL847757,INE090A01021,ICICI BANK LTD,1262,0,2389.69,3015788.78
CL048167,INE062A01020,STATE BANK OF INDIA,1730,0,107.76,186424.8
CL522557,INE154A01025,ITC LTD EQ,2272,0,717.25,1629592.0
CL634691,INE002A01018,RELIANCE INDS LTD EQ,1726,0,805.46,1390223.96
CL309971,INE238A01026,AXIS BANK LTD EQ,3177,0,1017.87,3233772.99
CL186142,INE238A01026,AXIS BANK LTD EQ,3197,0,1290.7,4126367.9
CL802341,INE002A01018,RELIANCE INDS LTD EQ,753,0,2542.7,1914653.1
CL578033,INE002A01018,RELIANCE INDS LTD EQ,2088,0,2059.34,4299901.92
CL337603,INE018A01030,LARSEN AND TOUBRO,1747,375,2326.52,4064430.44
CL093524,INE090A01021,ICICI BANK LTD,1513,0,1994.46,3017617.98
CL921002,INE009A01021,INFOSYS LTD,3161,0,2960.99,9359689.39
CL879941,INE090A01021,ICICI BANK LTD,1539,0,762.13,1172918.07
CL228266,INE237A01028,KOTAK MAHINDRA BANK,1190,0,2696.77,3209156.3
CL815271,INE009A01021,INFOSYS LTD,2057,0,2854.58,5871871.06
CL502134,INE009A01021,INFOSYS LTD,286,0,1822.44,521217.84
CL616485,INE018A01030,LARSEN AND TOUBRO,2697,0,2251.27,6071675.19
CL713060,INE154A01025,ITC LTD EQ,42,0,2577.06,108236.52
CL640425,INE062A01020,STATE BANK OF INDIA,946,0,759.52,718505.92
CL026838,INE018A01030,LARSEN AND TOUBRO,718,0,690.77,495972.86
CL295279,INE090A01021,ICICI BNK LTD,2921,0,2142.69,6258797.49
CL707519,INE237A01028,KOTAK MAHINDRA BANK,2973,245,1374.64,4086804.72
CL133066,INE155A01022,TATA MOTORS LTD,429,0,1981.41,850024.89
CL853697,INE002A01018,RELIANCE INDS LTD EQ,209,0,2455.56,513212.04
CL657550,INE238A01026,AXIS BANK LTD EQ,3365,0,2383.28,8019737.2
CL702861,INE062A01020,STATE BNK OF INDIA,219,0,388.7,85125.3
CL371352,INE001A01036,HDFC BANK LTD,1673,143,2116.72,3541272.56
CL092141,INE062A01020,STATE BANK OF INDIA,626,0,2857.48,1788782.48
CL751119,INE238A01026,AXIS BANK LTD EQ,3093,0,1830.52,5661798.36
CL094074,INE018A01030,LARSEN AND TOUBRO,2618,0,102.1,267297.8
CL671704,INE237A01028,KOTAK MAHINDRA BANK,889,308,2486.47,2210471.83
CL891675,INE002A01018,RELIANCE INDS LTD EQ,227,0,1524.12,345975.24
CL073513,INE237A01028,KOTAK MAHINDRA BANK,2285,0,2435.96,5566168.6
CL677029,INE238A01026,AXIS BANK LTD DVR EQ,2975,2,2385.26,7096148.5
CL586862,INE018A01030,LARSEN AND TOUBRO,2585,30,848.64,2193734.4
CL634633,INE154A01025,ITC LTD EQ,3049,488,1143.35,3486074.15
CL332871,INE155A01022,TATA MOTORS LTD,1284,0,827.32,1062278.88
CL553983,INE009A01021,INFOSYS LTD DVR,3336,0,1732.28,5778886.08
CL756827,INE062A01020,STATE BANK OF INDIA,1529,380,859.56,1314267.24
CL911933,INE062A01020,STATE BANK OF INDIA,2187,0,1507.63,3297186.81
CL417950,INE238A01026,AXIS BANK LTD EQ,3442,0,2180.12,7503973.04
CL414852,INE154A01025,ITC LTD EQ,496,0,2320.72,1151077.12
CL815707,INE018A01030,LARSEN AND TOUBRO,1297,0,1371.87,1779315.39
CL397003,INE090A01021,ICICI BANK LTD,2388,0,1092.92,2609892.96
CL507547,INE237A01028,KOTAK MAHINDRA BANK,707,393,2825.47,1997607.29
CL968971,INE237A01028,KOTAK MAHINDRA BANK,2821,186,398.26,1123491.46
CL735295,INE237A01028,KOTAK MAHINDRA BANK,1245,157,2091.03,2603332.35
CL655706,INE009A01021,INFOSYS LTD DVR,1840,0,1842.08,3389427.2
CL681787,INE001A01036,HDFC BANK LTD,1859,0,2409.63,4479502.17
CL836007,INE062A01020,STATE BANK OF INDIA,215,0,2070.77,445215.55
CL537364,INE062A01020,STATE BNK OF INDIA,2792,0,377.29,1053393.68
CL505602,INE238A01026,AXIS BANK LTD EQ,143,0,1734.36,248013.48
CL705208,INE009A01021,INFOSYS LTD,783,389,956.05,748587.15
CL369355,INE090A01021,ICICI BANK LTD,2413,0,516.24,1245687.12
CL529050,INE009A01021,INFOSYS LTD,1347,0,1082.8,1458531.6
CL693003,INE238A01026,AXIS BANK LTD EQ,136,0,225.75,30702.0
CL034698,INE238A01026,AXIS BANK LTD EQ,184,0,1550.0,285200.0
CL653051,INE002A01018,RELIANCE INDS LTD EQ,2710,0,1945.16,5271383.6
CL865352,INE237A01028,KOTAK MAHINDRA BANK,914,0,2831.24,2587753.36
CL867427,INE062A01020,STATE BANK OF INDIA,3295,0,2939.51,9685685.45
CL049052,INE062A01020,STATE BANK OF INDIA,2601,0,2891.73,7521389.73
CL055323,INE002A01018,RELIANCE INDS LTD DVR EQ,3245,0,1660.41,5388030.45
CL225955,INE154A01025,ITC LTD EQ,244,150,1693.54,413223.76
CL824362,INE018A01030,LARSEN AND TOUBRO,2427,467,541.97,1315361.19
CL265567,INE001A01036,HDFC BANK LTD DVR,1110,0,1961.8,2177598.0
CL767466,INE155A01022,TATA MOTORS LTD,2899,0,2755.12,7987092.88
CL493187,INE090A01021,ICICI BANK LTD,2497,0,2818.87,7038718.39
CL702862,INE018A01030,LARSEN AND TOUBRO,1168,0,910.95,1063989.6
CL367340,INE238A01026,AXIS BANK LTD EQ,2204,0,1072.16,2363040.64
CL006577,INE154A01025,ITC LTD DVR EQ,2639,0,2202.2,5811605.8
CL261432,INE090A01021,ICICI BNK LTD,2381,0,358.57,853755.17
CL676158,INE237A01028,KOTAK MAHINDRA BANK,757,0,1403.62,1062540.34
CL685742,INE238A01026,AXIS BANK LTD DVR EQ,998,0,2308.7,2304082.6
CL351755,INE238A01026,AXIS BANK LTD EQ,1872,0,1777.08,3326693.76
CL942494,INE009A01021,INFOSYS LTD,441,0,1737.53,766250.73
CL578355,INE154A01025,ITC LTD EQ,401,0,2859.77,1146767.77
CL028284,INE018A01030,LARSEN AND TOUBRO,525,0,353.49,185582.25
CL215938,INE238A01026,AXIS BANK LTD DVR EQ,2239,0,2090.48,4680584.72
CL977050,INE009A01021,INFOSYS LTD,675,0,489.2,330210.0
CL271430,INE009A01021,INFOSYS LTD,3373,0,2487.14,8389123.22
CL666168,INE002A01018,RELIANCE INDS LTD EQ,1472,0,2550.9,3754924.8
CL009064,INE018A01030,LARSEN AND TOUBRO,22,0,1205.4,26518.8
CL194290,INE002A01018,RELIANCE INDS LTD EQ,1806,21,1933.07,3491124.42
CL295858,INE062A01020,STATE BNK OF INDIA,2869,0,2225.11,6383840.59
CL211987,INE002A01018,RELIANCE INDS LTD DVR EQ,3134,0,1278.63,4007226.42
CL377298,INE155A01022,TATA MOTORS LTD,2441,0,1461.7,3568009.7
CL957865,INE009A01021,INFOSYS LTD,1775,0,1396.08,2478042.0
CL863946,INE009A01021,INFOSYS LTD DVR,2507,0,485.27,1216571.89
CL982636,INE002A01018,RELIANCE INDS LTD EQ,2745,270,2514.84,6903235.8
CL537630,INE009A01021,INFOSYS LTD,1480,0,752.58,1113818.4
CL696358,INE002A01018,RELIANCE INDS LTD EQ,3300,0,1296.04,4276932.0
CL688973,INE237A01028,KOTAK MAHINDRA BANK,1552,0,2226.43,3455419.36
CL829316,INE090A01021,ICICI BANK LTD,2175,390,2708.88,5891814.0
CL757102,INE237A01028,KOTAK MAHINDRA BANK,2523,0,2509.64,6331821.72
CL715553,INE001A01036,HDFC BANK LTD,2820,0,1247.06,3516709.2
CL087951,INE238A01026,AXIS BANK LTD EQ,829,0,1120.44,928844.76
CL714784,INE154A01025,ITC LTD EQ,2812,0,2486.53,6992122.36
CL845294,INE062A01020,STATE BANK OF INDIA,1344,0,764.47,1027447.68
CL743157,INE155A01022,TATA MOTORS LTD,2645,0,1845.53,4881426.85
CL931564,INE238A01026,AXIS BANK LTD EQ,105,36,1815.5,190627.5
CL924953,INE154A01025,ITC LTD EQ,2510,0,121.76,305617.6
CL996559,INE238A01026,AXIS BNK LTD EQ,3266,457,1872.55,6115748.3
CL395181,INE062A01020,STATE BANK OF INDIA,941,0,2686.85,2528325.85
CL689046,INE062A01020,STATE BANK OF INDIA,2071,0,1878.29,3889938.59
CL958324,INE062A01020,STATE BANK OF INDIA,886,0,2160.6,1914291.6
CL491950,INE062A01020,STATE BANK OF INDIA,1729,445,338.53,585318.37
CL772939,INE009A01021,INFOSYS LTD DVR,3068,0,2199.5,6748066.0
CL687490,INE238A01026,AXIS BANK LTD EQ,968,0,478.9,463575.2
CL159412,INE001A01036,HDFC BANK LTD,2483,0,2775.04,6890424.32
CL546016,INE001A01036,HDFC BANK LTD,2074,0,2527.61,5242263.14
CL892272,INE002A01018,RELIANCE INDS LTD DVR EQ,2391,0,796.02,1903283.82
CL156646,INE062A01020,STATE BANK OF INDIA,1729,0,1429.95,2472383.55
CL435013,INE062A01020,STATE BANK OF INDIA,2778,0,2986.24,8295774.72
CL320915,INE237A01028,KOTAK MAHINDRA BANK,2063,0,2739.26,5651093.38
CL782444,INE009A01021,INFOSYS LTD,1845,0,2411.58,4449365.1
CL358882,INE009A01021,INFOSYS LTD,1590,0,1745.97,2776092.3
CL017143,INE238A01026,AXIS BANK LTD EQ,409,0,2019.33,825905.97
CL134735,INE154A01025,ITC LTD EQ,2761,0,2057.66,5681199.26
CL714244,INE154A01025,ITC LTD EQ,1099,0,938.99,1031950.01
CL610544,INE237A01028,KOTAK MAHINDRA BANK,1420,262,387.85,550747.0
CL289856,INE018A01030,LARSEN AND TOUBRO,1742,51,944.1,1644622.2
CL863628,INE237A01028,KOTAK MAHINDRA BANK,2529,0,1567.59,3964435.11
CL315994,INE062A01020,STATE BANK OF INDIA,236,42,2695.88,636227.68
CL307587,INE062A01020,STATE BANK OF INDIA,1867,0,2603.23,4860230.41
CL037977,INE090A01021,ICICI BANK LTD,2143,0,1071.33,2295860.19
CL645433,INE090A01021,ICICI BANK LTD,528,0,1431.78,755979.84
CL770830,INE238A01026,AXIS BANK LTD EQ,2601,0,1146.99,2983320.99
CL645096,INE018A01030,LARSEN AND TOUBRO,2938,0,1246.8,3663098.4
CL054059,INE237A01028,KOTAK MAHINDRA BANK,590,0,1884.93,1112108.7
CL667021,INE090A01021,ICICI BANK LTD,90,0,390.06,35105.4
CL678809,INE155A01022,TATA MOTORS LTD,3146,0,2036.61,6407175.06
CL593538,INE062A01020,STATE BANK OF INDIA,862,0,2027.91,1748058.42
CL964037,INE237A01028,KOTAK MAHINDRA BANK,1386,0,219.66,304448.76
CL047288,INE009A01021,INFOSYS LTD,967,0,705.33,682054.11
CL164244,INE238A01026,AXIS BANK LTD EQ,213,0,783.74,166936.62
CL190376,INE238A01026,AXIS BANK LTD EQ,418,162,1681.49,702862.82
CL668002,INE018A01030,LARSEN AND TOUBRO,1669,0,2216.47,3699288.43
CL582058,INE001A01036,HDFC BANK LTD,996,0,598.62,596225.52
CL489394,INE154A01025,ITC LTD EQ,2272,0,1601.52,3638653.44
CL455876,INE018A01030,LARSEN AND TOUBRO,2115,0,113.18,239375.7
CL096499,INE090A01021,ICICI BANK LTD,1011,0,1113.24,1125485.64
CL961951,INE002A01018,RELIANCE INDS LTD EQ,2020,0,2591.23,5234284.6
CL826994,INE238A01026,AXIS BANK LTD EQ,2500,0,1178.1,2945250.0
CL285361,INE062A01020,STATE BANK OF INDIA,3365,0,2568.04,8641454.6
CL575574,INE154A01025,ITC LTD EQ,3126,0,2797.63,8745391.38
CL431073,INE154A01025,ITC LTD DVR EQ,2445,0,2192.91,5361664.95
CL915378,INE062A01020,STATE BANK OF INDIA,1737,0,2346.99,4076721.63
CL731609,INE001A01036,HDFC BANK LTD,94,0,2830.53,266069.82
CL879180,INE237A01028,KOTAK MAHINDRA BANK,2683,318,1798.33,4824919.39
CL769796,INE237A01028,KOTAK MAHINDRA BANK,1529,0,264.97,405139.13
CL660941,INE002A01018,RELIANCE INDS LTD DVR EQ,1856,10,405.55,752700.8
CL874137,INE154A01025,ITC LTD EQ,187,0,2979.27,557123.49
CL335977,INE018A01030,LARSEN AND TOUBRO,2736,0,1657.31,4534400.16
CL980684,INE001A01036,HDFC BANK LTD DVR,3175,120,2383.9,7568882.5
CL938094,INE090A01021,ICICI BNK LTD,3348,0,1768.84,5922076.32
CL907613,INE154A01025,ITC LTD EQ,1300,140,1064.66,1384058.0
CL679785,INE237A01028,KOTAK MAHINDRA BANK,2706,0,577.28,1562119.68
CL524228,INE155A01022,TATA MOTORS LTD,1129,0,2706.12,3055209.48
CL188348,INE154A01025,ITC LTD EQ,261,0,703.06,183498.66
CL851135,INE237A01028,KOTAK MAHINDRA BANK,1280,0,1686.85,2159168.0
CL258416,INE002A01018,RELIANCE INDS LTD EQ,2679,0,106.14,284349.06
CL192556,INE090A01021,ICICI BANK LTD,1516,396,474.64,719554.24
CL544640,INE237A01028,KOTAK MAHINDRA BANK,1059,0,2902.98,3074255.82
CL315287,INE009A01021,INFOSYS LTD,2273,0,414.9,943067.7
CL415589,INE009A01021,INFOSYS LTD,1036,0,1884.38,1952217.68
CL413050,INE155A01022,TATA MOTORS LTD,2556,429,2024.96,5175797.76
CL017499,INE155A01022,TATA MOTORS LTD,1950,0,1085.67,2117056.5
CL959122,INE018A01030,LARSEN AND TOUBRO,2437,219,2131.38,5194173.06
CL416669,INE090A01021,ICICI BANK LTD,1570,0,1396.21,2192049.7
CL867872,INE018A01030,LARSEN AND TOUBRO,488,0,206.56,100801.28
CL103136,INE018A01030,LARSEN AND TOUBRO,2234,0,2546.62,5689149.08
CL356283,INE238A01026,AXIS BANK LTD EQ,163,0,1676.48,273266.24
CL449514,INE018A01030,LARSEN AND TOUBRO,3357,0,2347.74,7881363.18
CL482281,INE062A01020,STATE BANK OF INDIA,1357,0,2510.47,3406707.79
CL495836,INE155A01022,TATA MOTORS LTD,2017,0,2608.82,5261989.94
CL025012,INE237A01028,KOTAK MAHINDRA BNK,321,0,558.61,179313.81
CL347882,INE001A01036,HDFC BANK LTD,3246,0,2956.43,9596571.78
CL511161,INE155A01022,TATA MOTORS LTD,1973,0,201.48,397520.04
CL738371,INE090A01021,ICICI BANK LTD DVR,1583,0,2040.66,3230364.78
CL652920,INE154A01025,ITC LTD EQ,719,0,2797.61,2011481.59
CL865374,INE001A01036,HDFC BANK LTD,372,0,1088.76,405018.72
CL780510,INE002A01018,RELIANCE INDS LTD EQ,1971,0,1980.24,3903053.04
CL482496,INE238A01026,AXIS BANK LTD DVR EQ,873,0,2910.86,2541180.78
CL713971,INE018A01030,LARSEN AND TOUBRO,1834,0,2572.24,4717488.16
CL429103,INE237A01028,KOTAK MAHINDRA BANK,2830,0,336.33,951813.9
CL029977,INE018A01030,LARSEN AND TOUBRO,568,0,2863.76,1626615.68
CL154877,INE090A01021,ICICI BANK LTD,1382,0,1842.45,2546265.9
CL464157,INE155A01022,TATA MOTORS LTD,323,0,259.52,83824.96
CL251177,INE002A01018,RELIANCE INDS LTD EQ,1463,0,1295.17,1894833.71
CL364768,INE062A01020,STATE BANK OF INDIA,2499,0,1289.0,3221211.0
CL867887,INE238A01026,AXIS BNK LTD EQ,2522,0,2990.25,7541410.5
CL432374,INE154A01025,ITC LTD EQ,2202,372,983.24,2165094.48
CL160517,INE154A01025,ITC LTD EQ,983,0,2957.8,2907517.4
CL925195,INE237A01028,KOTAK MAHINDRA BANK,2729,0,2037.28,5559737.12
CL124847,INE018A01030,LARSEN AND TOUBRO,2058,0,1796.41,3697011.78
CL907088,INE090A01021,ICICI BANK LTD,1722,0,774.05,1332914.1
CL140676,INE155A01022,TATA MOTORS LTD DVR,776,0,2630.97,2041632.72
CL719809,INE155A01022,TATA MOTORS LTD,3292,0,1957.28,6443365.76
CL637001,INE090A01021,ICICI BANK LTD,569,448,414.63,235924.47
CL163192,INE155A01022,TATA MOTORS LTD,1662,0,2739.74,4553447.88
CL525643,INE238A01026,AXIS BANK LTD EQ,151,0,559.07,84419.57
CL775272,INE154A01025,ITC LTD EQ,500,0,942.03,471015.0
CL806532,INE062A01020,STATE BANK OF INDIA,1884,0,653.88,1231909.92
CL667813,INE155A01022,TATA MOTORS LTD,725,0,1894.82,1373744.5
CL946321,INE090A01021,ICICI BANK LTD,2004,104,324.0,649296.0
CL121548,INE238A01026,AXIS BANK LTD EQ,946,6,2618.04,2476665.84
CL929347,INE238A01026,AXIS BNK LTD EQ,1514,0,2533.08,3835083.12
CL034802,INE009A01021,INFOSYS LTD,2760,0,114.6,316296.0
CL947281,INE002A01018,RELIANCE INDS LTD EQ,1749,0,1039.56,1818190.44
CL072515,INE001A01036,HDFC BNK LTD,491,0,1717.04,843066.64
CL825614,INE009A01021,INFOSYS LTD,2467,0,315.38,778042.46
CL856481,INE002A01018,RELIANCE INDS LTD EQ,3245,0,1956.33,6348290.85
CL463967,INE237A01028,KOTAK MAHINDRA BANK,2099,45,2218.04,4655665.96
CL201662,INE090A01021,ICICI BANK LTD,3361,0,2057.39,6914887.79
CL492215,INE018A01030,LARSEN AND TOUBRO,3142,0,2160.28,6787599.76
CL872022,INE154A01025,ITC LTD EQ,551,0,759.96,418737.96
CL711236,INE154A01025,ITC LTD EQ,2353,0,2707.0,6369571.0
CL764199,INE238A01026,AXIS BANK LTD EQ,748,0,2465.69,1844336.12
CL127019,INE155A01022,TATA MOTORS LTD,2474,0,2088.38,5166652.12
CL589662,INE237A01028,KOTAK MAHINDRA BANK,3462,0,1831.12,6339337.44
CL678174,INE009A01021,INFOSYS LTD,1980,445,1756.17,3477216.6
CL163722,INE154A01025,ITC LTD EQ,207,0,2539.78,525734.46
CL589077,INE018A01030,LARSEN AND TOUBRO,2634,0,1379.16,3632707.44
CL559160,INE237A01028,KOTAK MAHINDRA BANK,1982,0,2076.18,4114988.76
CL873703,INE237A01028,KOTAK MAHINDRA BANK,472,0,1957.22,923807.84
CL209879,INE238A01026,AXIS BANK LTD EQ,3175,0,2799.14,8887269.5
CL978503,INE154A01025,ITC LTD EQ,2925,159,1049.72,3070431.0
CL607668,INE002A01018,RELIANCE INDS LTD EQ,1088,0,2031.28,2210032.64
CL579447,INE238A01026,AXIS BANK LTD EQ,1253,0,2077.57,2603195.21
CL454415,INE238A01026,AXIS BANK LTD EQ,793,0,964.84,765118.12
CL979201,INE018A01030,LARSEN AND TOUBRO,118,0,1617.89,190911.02
CL147332,INE062A01020,STATE BANK OF INDIA,1213,0,264.7,321081.1
CL274167,INE238A01026,AXIS BANK LTD EQ,3455,0,2667.81,9217283.55
CL960525,INE002A01018,RELIANCE INDS LTD EQ,1008,0,2435.67,2455155.36
CL281897,INE001A01036,HDFC BANK LTD,3077,0,1328.06,4086440.62
CL697734,INE154A01025,ITC LTD EQ,821,0,2404.35,1973971.35
CL656685,INE155A01022,TATA MOTORS LTD,1610,472,2621.83,4221146.3
CL148881,INE002A01018,RELIANCE INDS LTD EQ,3233,0,2920.34,9441459.22
CL530754,INE002A01018,RELIANCE INDS LTD DVR EQ,121,0,1671.74,202280.54
CL462779,INE009A01021,INFOSYS LTD,1954,0,255.56,499364.24
CL142928,INE238A01026,AXIS BANK LTD EQ,600,0,2956.92,1774152.0
CL913545,INE090A01021,ICICI BANK LTD,2687,0,2724.3,7320194.1
CL036536,INE009A01021,INFOSYS LTD,2914,0,2551.31,7434517.34
CL613874,INE154A01025,ITC LTD EQ,937,0,2278.81,2135244.97
CL107157,INE155A01022,TATA MOTORS LTD,560,0,851.95,477092.0
CL044276,INE238A01026,AXIS BANK LTD EQ,781,0,526.45,411157.45
CL803881,INE018A01030,LARSEN AND TOUBRO,3183,0,1506.1,4793916.3
CL413577,INE062A01020,STATE BANK OF INDIA,1127,0,1004.46,1132026.42
CL720326,INE002A01018,RELIANCE INDS LTD EQ,2348,0,1152.23,2705436.04
CL390809,INE238A01026,AXIS BANK LTD EQ,125,0,860.67,107583.75
CL618682,INE090A01021,ICICI BANK LTD,3379,0,2522.86,8524743.94
CL720660,INE009A01021,INFOSYS LTD,3030,119,2109.62,6392148.6
CL597861,INE237A01028,KOTAK MAHINDRA BANK,2127,0,1742.0,3705234.0
CL716612,INE002A01018,RELIANCE INDS LTD EQ,2296,0,1400.25,3214974.0
CL325566,INE001A01036,HDFC BANK LTD DVR,1083,0,1763.56,1909935.48
CL365561,INE237A01028,KOTAK MAHINDRA BANK,798,0,1909.57,1523836.86
CL211696,INE018A01030,LARSEN AND TOUBRO,1749,0,1490.27,2606482.23
CL706821,INE238A01026,AXIS BNK LTD EQ,1518,0,2185.98,3318317.64
CL461826,INE009A01021,INFOSYS LTD,1229,0,2820.94,3466935.26
CL294353,INE018A01030,LARSEN AND TOUBRO,3149,0,349.66,1101079.34
CL454312,INE090A01021,ICICI BANK LTD,3221,0,2642.19,8510493.99
CL731576,INE018A01030,LARSEN AND TOUBRO,1821,0,1039.5,1892929.5
CL057666,INE002A01018,RELIANCE INDS LTD EQ,697,0,1973.6,1375599.2
CL733257,INE154A01025,ITC LTD EQ,763,0,1890.43,1442398.09
CL208035,INE154A01025,ITC LTD EQ,2657,0,2880.41,7653249.37
CL413745,INE018A01030,LARSEN AND TOUBRO,161,0,1464.48,235781.28
CL262385,INE155A01022,TATA MOTORS LTD,2938,0,2938.01,8631873.38
CL122879,INE155A01022,TATA MOTORS LTD,1928,0,2933.34,5655479.52
CL239936,INE237A01028,KOTAK MAHINDRA BANK,764,0,277.05,211666.2
CL196776,INE154A01025,ITC LTD EQ,6,0,2113.46,12680.76
CL353319,INE001A01036,HDFC BANK LTD,132,0,2012.25,265617.0
CL622682,INE155A01022,TATA MOTORS LTD,31,0,494.18,15319.58
CL572576,INE062A01020,STATE BANK OF INDIA,127,0,399.81,50775.87
CL529164,INE002A01018,RELIANCE INDS LTD EQ,1729,102,527.06,911286.74
CL691223,INE090A01021,ICICI BANK LTD,3056,0,902.8,2758956.8
CL899881,INE018A01030,LARSEN AND TOUBRO,692,0,698.35,483258.2
CL664398,INE090A01021,ICICI BANK LTD,615,0,2543.85,1564467.75
CL779773,INE154A01025,ITC LTD EQ,1698,0,2029.35,3445836.3
CL139962,INE238A01026,AXIS BANK LTD EQ,747,0,646.36,482830.92
CL638780,INE002A01018,RELIANCE INDS LTD EQ,3203,0,1407.65,4508702.95
CL016297,INE018A01030,LARSEN AND TOUBRO,2168,5,405.18,878430.24
CL072797,INE238A01026,AXIS BANK LTD EQ,1529,0,2679.97,4097674.13
CL934889,INE018A01030,LARSEN AND TOUBRO,2009,444,1176.73,2364050.57
CL924857,INE002A01018,RELIANCE INDS LTD EQ,1166,449,2916.17,3400254.22
CL909846,INE018A01030,LARSEN AND TOUBRO,3069,0,1260.31,3867891.39
CL810730,INE002A01018,RELIANCE INDS LTD EQ,2737,221,2398.54,6564803.98
CL720027,INE018A01030,LARSEN AND TOUBRO,59,0,2511.04,148151.36
CL271647,INE155A01022,TATA MOTORS LTD,736,0,2597.01,1911399.36
CL195115,INE009A01021,INFOSYS LTD,93,0,1382.86,128605.98
CL207208,INE001A01036,HDFC BNK LTD,511,0,301.14,153882.54
CL973124,INE155A01022,TATA MOTORS LTD,3342,257,1844.03,6162748.26
CL305853,INE002A01018,RELIANCE INDS LTD EQ,767,0,243.52,186779.84
CL850591,INE009A01021,INFOSYS LTD,2183,0,1110.82,2424920.06
CL298870,INE154A01025,ITC LTD EQ,1553,0,982.16,1525294.48
CL380301,INE018A01030,LARSEN AND TOUBRO,1740,0,1637.31,2848919.4
CL703384,INE009A01021,INFOSYS LTD,2880,0,1901.11,5475196.8
CL838354,INE155A01022,TATA MOTORS LTD,1373,0,1931.67,2652182.91
CL491850,INE001A01036,HDFC BANK LTD,1335,0,964.93,1288181.55
CL352819,INE018A01030,LARSEN AND TOUBRO,29,0,2794.01,81026.29
CL712087,INE090A01021,ICICI BANK LTD,2551,0,2601.96,6637599.96
CL184172,INE154A01025,ITC LTD EQ,890,184,156.96,139694.4
CL984830,INE155A01022,TATA MOTORS LTD,501,0,1760.25,881885.25
CL244376,INE090A01021,ICICI BANK LTD,1390,0,2652.27,3686655.3
CL855595,INE090A01021,ICICI BNK LTD,989,235,2200.58,2176373.62
CL988226,INE018A01030,LARSEN AND TOUBRO,1101,0,660.41,727111.41
CL766877,INE090A01021,ICICI BANK LTD,2636,0,1750.85,4615240.6
CL868351,INE009A01021,INFOSYS LTD,2718,0,2362.39,6420976.02
CL684043,INE238A01026,AXIS BANK LTD EQ,413,0,589.66,243529.58
CL061964,INE237A01028,KOTAK MAHINDRA BANK,1154,0,2303.18,2657869.72
CL466047,INE090A01021,ICICI BANK LTD,1895,0,1547.43,2932379.85
CL425584,INE009A01021,INFOSYS LTD,3442,0,2823.14,9717247.88
CL810916,INE009A01021,INFOSYS LTD,1826,0,1718.87,3138656.62
CL329414,INE009A01021,INFOSYS LTD,1815,0,2288.98,4154498.7
CL929125,INE238A01026,AXIS BANK LTD EQ,3306,0,2253.96,7451591.76
CL032265,INE062A01020,STATE BANK OF INDIA,1399,0,1763.56,2467220.44
CL505191,INE090A01021,ICICI BANK LTD,684,0,2846.32,1946882.88
CL478865,INE238A01026,AXIS BANK LTD EQ,2898,0,275.84,799384.32
CL087164,INE155A01022,TATA MOTORS LTD,2215,0,609.96,1351061.4
CL621671,INE009A01021,INFOSYS LTD,1261,0,875.97,1104598.17
CL322704,INE009A01021,INFOSYS LTD,2232,0,1533.25,3422214.0
CL179800,INE090A01021,ICICI BANK LTD,574,0,2189.57,1256813.18
CL700165,INE001A01036,HDFC BANK LTD,2584,0,508.05,1312801.2
CL586059,INE002A01018,RELIANCE INDS LTD EQ,3106,0,142.62,442977.72
CL695271,INE238A01026,AXIS BANK LTD EQ,971,0,2837.27,2754989.17
CL905650,INE154A01025,ITC LTD EQ,153,0,2949.21,451229.13
CL172310,INE062A01020,STATE BANK OF INDIA,1549,0,657.25,1018080.25
CL073584,INE155A01022,TATA MOTORS LTD,202,0,2124.81,429211.62
CL718161,INE018A01030,LARSEN AND TOUBRO,2189,0,503.73,1102664.97
CL241377,INE154A01025,ITC LTD DVR EQ,2960,0,1266.42,3748603.2
CL757079,INE155A01022,TATA MOTORS LTD,3438,241,2585.46,8888811.48
CL777546,INE090A01021,ICICI BANK LTD,3295,0,2891.67,9528052.65
CL732011,INE155A01022,TATA MOTORS LTD,1446,0,2937.07,4247003.22
CL642504,INE238A01026,AXIS BANK LTD EQ,882,0,2272.93,2004724.26
CL346968,INE009A01021,INFOSYS LTD,2803,0,2590.25,7260470.75
CL538153,INE018A01030,LARSEN AND TOUBRO,1498,371,723.01,1083068.98
CL994118,INE090A01021,ICICI BANK LTD,614,0,113.99,69989.86
CL859926,INE062A01020,STATE BNK OF INDIA,3012,0,2603.47,7841651.64
CL552040,INE090A01021,ICICI BANK LTD,2540,0,2883.94,7325207.6
CL456642,INE155A01022,TATA MOTORS LTD,952,0,2242.48,2134840.96
CL116611,INE002A01018,RELIANCE INDS LTD EQ,1336,0,382.8,511420.8
CL221337,INE062A01020,STATE BANK OF INDIA,3426,0,2441.43,8364339.18
CL791122,INE002A01018,RELIANCE INDS LTD EQ,2804,0,374.64,1050490.56
CL238340,INE002A01018,RELIANCE INDS LTD EQ,2412,0,2821.25,6804855.0
CL290401,INE155A01022,TATA MOTORS LTD,532,0,283.23,150678.36
CL519962,INE090A01021,ICICI BANK LTD,1521,0,821.23,1249090.83
CL042895,INE090A01021,ICICI BANK LTD DVR,785,188,1781.48,1398461.8
CL267349,INE002A01018,RELIANCE INDS LTD EQ,2932,0,2541.04,7450329.28
CL388925,INE009A01021,INFOSYS LTD,2847,0,2714.84,7729149.48
CL605197,INE009A01021,INFOSYS LTD,1170,0,626.28,732747.6
CL068238,INE062A01020,STATE BANK OF INDIA,2922,0,1188.57,3473001.54
CL114063,INE062A01020,STATE BANK OF INDIA,358,0,2434.58,871579.64
CL539830,INE001A01036,HDFC BNK LTD,2845,99,986.03,2805255.35
CL115375,INE090A01021,ICICI BNK LTD,2487,0,2533.43,6300640.41
CL779763,INE018A01030,LARSEN AND TOUBRO,812,0,1072.52,870886.24
CL996194,INE155A01022,TATA MOTORS LTD,778,0,700.44,544942.32
CL873254,INE154A01025,ITC LTD EQ,2383,0,569.79,1357809.57
CL838116,INE154A01025,ITC LTD EQ,2480,0,122.02,302609.6
CL289299,INE002A01018,RELIANCE INDS LTD EQ,2537,0,2819.9,7154086.3
CL301849,INE238A01026,AXIS BANK LTD EQ,3295,0,2354.28,7757352.6
CL100380,INE001A01036,HDFC BANK LTD,898,489,1365.18,1225931.64
CL911281,INE002A01018,RELIANCE INDS LTD EQ,2107,0,1197.54,2523216.78
CL852296,INE018A01030,LARSEN AND TOUBRO,3300,0,1981.96,6540468.0
CL249872,INE238A01026,AXIS BANK LTD EQ,2695,0,1368.29,3687541.55
CL342830,INE062A01020,STATE BANK OF INDIA,3053,0,2816.79,8599659.87
CL490063,INE237A01028,KOTAK MAHINDRA BANK,36,0,2348.68,84552.48
CL987330,INE090A01021,ICICI BANK LTD,2341,0,1839.44,4306129.04
CL716783,INE062A01020,STATE BANK OF INDIA,2219,0,1617.73,3589742.87
CL118685,INE018A01030,LARSEN AND TOUBRO,2858,0,2970.3,8489117.4
CL852838,INE002A01018,RELIANCE INDS LTD EQ,2659,0,2888.98,7681797.82
CL581048,INE018A01030,LARSEN AND TOUBRO,67,0,1851.71,124064.57
CL727136,INE155A01022,TATA MOTORS LTD,1070,0,2758.39,2951477.3
CL672784,INE009A01021,INFOSYS LTD,1676,0,2113.72,3542594.72
CL817610,INE155A01022,TATA MOTORS LTD,2587,0,1000.32,2587827.84
CL807794,INE009A01021,INFOSYS LTD,2204,0,2541.15,5600694.6
CL228963,INE002A01018,RELIANCE INDS LTD EQ,700,0,2525.17,1767619.0
CL269463,INE155A01022,TATA MOTORS LTD,1646,192,416.53,685608.38
CL604575,INE009A01021,INFOSYS LTD DVR,1337,4,333.35,445688.95
CL539235,INE062A01020,STATE BANK OF INDIA,651,0,2893.15,1883440.65
CL161041,INE001A01036,HDFC BANK LTD,2773,0,419.14,1162275.22
CL283513,INE238A01026,AXIS BANK LTD EQ,1476,0,2696.43,3979930.68
CL539435,INE009A01021,INFOSYS LTD,1705,0,1794.61,3059810.05
CL069112,INE237A01028,KOTAK MAHINDRA BANK,493,0,149.61,73757.73
CL070683,INE062A01020,STATE BNK OF INDIA,505,0,2268.67,1145678.35
CL452735,INE062A01020,STATE BANK OF INDIA,243,0,1462.92,355489.56
CL768894,INE002A01018,RELIANCE INDS LTD EQ,568,0,2768.49,1572502.32
CL149285,INE237A01028,KOTAK MAHINDRA BANK,2390,355,1327.77,3173370.3
CL337318,INE062A01020,STATE BANK OF INDIA,2413,99,2365.15,5707106.95
CL134220,INE062A01020,STATE BANK OF INDIA,2991,0,2349.6,7027653.6
CL183591,INE001A01036,HDFC BANK LTD,3093,0,234.54,725432.22
CL100100,INE018A01030,LARSEN AND TOUBRO,527,0,1729.93,911673.11
CL710822,INE009A01021,INFOSYS LTD,173,0,1914.64,331232.72
CL632119,INE155A01022,TATA MOTORS LTD,3437,0,2005.88,6894209.56
CL314433,INE154A01025,ITC LTD EQ,74,0,746.1,55211.4
CL983803,INE238A01026,AXIS BANK LTD DVR EQ,3387,0,1351.15,4576345.05
CL110601,INE238A01026,AXIS BANK LTD EQ,1362,0,1599.67,2178750.54
CL361476,INE238A01026,AXIS BANK LTD EQ,1730,0,1479.26,2559119.8
CL171022,INE238A01026,AXIS BANK LTD EQ,3246,0,632.27,2052348.42
CL730332,INE002A01018,RELIANCE INDS LTD DVR EQ,2472,0,2037.81,5037466.32
CL847797,INE155A01022,TATA MOTORS LTD,2406,0,2777.83,6683458.98
CL116368,INE009A01021,INFOSYS LTD,2261,0,2541.62,5746602.82
CL019600,INE237A01028,KOTAK MAHINDRA BANK,2502,0,1718.18,4298886.36
CL061876,INE062A01020,STATE BANK OF INDIA,2583,0,1571.05,4058022.15
CL559181,INE155A01022,TATA MOTORS LTD,3462,0,1516.41,5249811.42
CL027524,INE002A01018,RELIANCE INDS LTD EQ,537,0,1242.21,667066.77
CL689481,INE090A01021,ICICI BANK LTD,2615,370,263.01,687771.15
CL506032,INE238A01026,AXIS BANK LTD EQ,1925,0,2496.75,4806243.75
CL503949,INE001A01036,HDFC BANK LTD,188,0,1324.04,248919.52
CL727293,INE237A01028,KOTAK MAHINDRA BANK,747,137,326.13,243619.11
CL208306,INE001A01036,HDFC BANK LTD,661,0,1950.34,1289174.74
CL474897,INE237A01028,KOTAK MAHINDRA BANK,1799,0,1208.37,2173857.63
CL966424,INE018A01030,LARSEN AND TOUBRO,2091,0,1707.32,3570006.12
CL476156,INE018A01030,LARSEN AND TOUBRO,2936,0,2855.9,8384922.4
CL232233,INE237A01028,KOTAK MAHINDRA BNK,1319,356,961.12,1267717.28
CL421805,INE009A01021,INFOSYS LTD,3473,0,2933.41,10187732.93
CL958355,INE237A01028,KOTAK MAHINDRA BANK,119,15,1461.65,173936.35
CL885138,INE238A01026,AXIS BANK LTD DVR EQ,3332,0,843.57,2810775.24
CL658210,INE238A01026,AXIS BANK LTD EQ,2678,0,2451.2,6564313.6
CL121458,INE090A01021,ICICI BNK LTD,229,0,1358.59,311117.11
CL976546,INE090A01021,ICICI BANK LTD,241,0,694.56,167388.96
CL672743,INE238A01026,AXIS BANK LTD EQ,2492,0,1556.6,3879047.2
CL741387,INE155A01022,TATA MOTORS LTD,2930,0,2149.16,6297038.8
CL409180,INE018A01030,LARSEN AND TOUBRO,3068,0,346.48,1063000.64
CL914421,INE237A01028,KOTAK MAHINDRA BANK,3005,0,899.23,2702186.15
CL356007,INE237A01028,KOTAK MAHINDRA BANK,775,0,2549.59,1975932.25
CL851927,INE237A01028,KOTAK MAHINDRA BNK,138,21,1587.57,219084.66
CL639565,INE090A01021,ICICI BANK LTD,909,302,1045.81,950641.29
CL737049,INE062A01020,STATE BANK OF INDIA,2939,0,996.98,2930124.22
CL416037,INE009A01021,INFOSYS LTD,669,0,664.63,444637.47
CL208608,INE062A01020,STATE BANK OF INDIA,3087,0,713.98,2204056.26
CL418483,INE237A01028,KOTAK MAHINDRA BANK,885,0,2870.16,2540091.6
CL528802,INE155A01022,TATA MOTORS LTD,354,0,2551.01,903057.54
CL199962,INE238A01026,AXIS BANK LTD EQ,593,0,1716.98,1018169.14
CL414260,INE018A01030,LARSEN AND TOUBRO,1778,0,302.76,538307.28
CL425490,INE001A01036,HDFC BANK LTD,2746,0,2565.5,7044863.0
CL163360,INE009A01021,INFOSYS LTD,1294,0,1766.54,2285902.76
CL494350,INE238A01026,AXIS BANK LTD EQ,1325,0,1317.93,1746257.25
CL946026,INE090A01021,ICICI BNK LTD,524,0,1108.71,580964.04
CL013893,INE237A01028,KOTAK MAHINDRA BANK,906,0,921.9,835241.4
CL432382,INE002A01018,RELIANCE INDS LTD EQ,2468,115,1330.76,3284315.68
CL016688,INE018A01030,LARSEN AND TOUBRO,1571,0,120.79,189761.09
CL848401,INE001A01036,HDFC BANK LTD,1094,337,1945.46,2128333.24
CL898538,INE154A01025,ITC LTD EQ,1947,0,822.41,1601232.27
CL375197,INE238A01026,AXIS BANK LTD EQ,71,0,411.54,29219.34
CL654191,INE237A01028,KOTAK MAHINDRA BANK,2286,0,1956.73,4473084.78
CL217756,INE009A01021,INFOSYS LTD DVR,3240,0,2401.85,7781994.0
CL054768,INE001A01036,HDFC BANK LTD,999,179,1879.54,1877660.46
CL642130,INE009A01021,INFOSYS LTD,899,0,1750.38,1573591.62
CL151380,INE062A01020,STATE BANK OF INDIA,1362,0,2915.35,3970706.7
CL758166,INE018A01030,LARSEN AND TOUBRO,1353,0,2003.26,2710410.78
CL023859,INE002A01018,RELIANCE INDS LTD EQ,2089,0,682.45,1425638.05
CL625634,INE090A01021,ICICI BANK LTD,2277,0,2645.18,6023074.86
CL663005,INE018A01030,LARSEN AND TOUBRO,618,0,164.64,101747.52
CL250688,INE062A01020,STATE BNK OF INDIA,1907,191,2898.68,5527782.76
CL613374,INE154A01025,ITC LTD EQ,1195,0,221.71,264943.45
CL213227,INE238A01026,AXIS BANK LTD EQ,2715,0,1926.73,5231071.95
CL400313,INE002A01018,RELIANCE INDS LTD EQ,2473,0,1702.54,4210381.42
CL435472,INE018A01030,LARSEN AND TOUBRO,1310,0,693.98,909113.8
CL087727,INE238A01026,AXIS BANK LTD EQ,2414,0,2390.3,5770184.2
CL227202,INE237A01028,KOTAK MAHINDRA BANK,3427,0,989.78,3391976.06
CL971325,INE090A01021,ICICI BANK LTD DVR,2657,0,903.94,2401768.58
CL167964,INE001A01036,HDFC BANK LTD DVR,2819,55,1295.35,3651591.65
CL634524,INE018A01030,LARSEN AND TOUBRO,1449,0,1546.96,2241545.04
CL827710,INE002A01018,RELIANCE INDS LTD EQ,3082,0,1762.11,5430823.02
CL245823,INE002A01018,RELIANCE INDS LTD EQ,2231,0,471.09,1051001.79
CL592674,INE018A01030,LARSEN AND TOUBRO,1998,0,1820.51,3637378.98
CL692729,INE237A01028,KOTAK MAHINDRA BANK,1273,0,1921.93,2446616.89
CL373170,INE062A01020,STATE BANK OF INDIA,2689,0,842.37,2265132.93
CL951722,INE018A01030,LARSEN AND TOUBRO,651,0,474.25,308736.75
CL749628,INE062A01020,STATE BANK OF INDIA,2076,0,1308.01,2715428.76
CL217269,INE155A01022,TATA MOTORS LTD,1053,63,171.33,180410.49
CL231193,INE018A01030,LARSEN AND TOUBRO,2748,499,823.16,2262043.68
CL347328,INE001A01036,HDFC BANK LTD DVR,1400,0,2014.2,2819880.0
CL629517,INE155A01022,TATA MOTORS LTD,1001,0,199.28,199479.28
CL583306,INE154A01025,ITC LTD EQ,1930,0,2248.35,4339315.5
CL959704,INE238A01026,AXIS BANK LTD EQ,2304,0,1634.42,3765703.68
CL367300,INE154A01025,ITC LTD DVR EQ,447,0,278.62,124543.14
CL550534,INE237A01028,KOTAK MAHINDRA BANK,1979,0,1350.29,2672223.91
CL519023,INE237A01028,KOTAK MAHINDRA BANK,2590,0,2046.53,5300512.7
CL076186,INE155A01022,TATA MOTORS LTD,1971,0,1914.58,3773637.18
CL800032,INE238A01026,AXIS BANK LTD DVR EQ,2231,0,792.18,1767353.58
CL550861,INE237A01028,KOTAK MAHINDRA BANK,2690,0,585.4,1574726.0
CL164498,INE154A01025,ITC LTD EQ,3374,0,273.53,922890.22
CL657643,INE237A01028,KOTAK MAHINDRA BANK,432,0,1984.12,857139.84
CL167509,INE154A01025,ITC LTD EQ,3180,0,677.56,2154640.8
CL622967,INE237A01028,KOTAK MAHINDRA BANK,91,0,150.53,13698.23
CL869659,INE238A01026,AXIS BANK LTD DVR EQ,2746,0,773.61,2124333.06
CL510469,INE018A01030,LARSEN AND TOUBRO,1466,0,1829.15,2681533.9
CL020300,INE237A01028,KOTAK MAHINDRA BANK,2170,0,1352.33,2934556.1
CL992471,INE154A01025,ITC LTD EQ,3441,0,2982.77,10263711.57
CL235839,INE155A01022,TATA MOTORS LTD,944,0,468.27,442046.88
CL162743,INE001A01036,HDFC BANK LTD,2724,0,1658.0,4516392.0
CL930160,INE001A01036,HDFC BANK LTD,2731,0,1077.48,2942597.88
CL606999,INE002A01018,RELIANCE INDS LTD EQ,2273,0,382.66,869786.18
CL612161,INE018A01030,LARSEN AND TOUBRO,338,149,1722.93,582350.34
CL091579,INE009A01021,INFOSYS LTD,1151,419,2268.9,2611503.9
CL094399,INE238A01026,AXIS BANK LTD EQ,2385,0,2607.53,6218959.05
CL685871,INE062A01020,STATE BANK OF INDIA,1094,463,1514.21,1656545.74
CL353285,INE001A01036,HDFC BANK LTD,3465,0,705.2,2443518.0
CL409122,INE009A01021,INFOSYS LTD DVR,2419,0,1605.14,3882833.66
CL032933,INE154A01025,ITC LTD EQ,1391,0,929.79,1293337.89
CL675318,INE238A01026,AXIS BANK LTD DVR EQ,157,0,715.01,112256.57
CL377080,INE237A01028,KOTAK MAHINDRA BANK,381,0,2505.69,954667.89
CL606795,INE155A01022,TATA MOTORS LTD,800,0,1085.48,868384.0
CL521720,INE018A01030,LARSEN AND TOUBRO,118,0,2886.77,340638.86
CL176899,INE001A01036,HDFC BANK LTD DVR,2255,0,2344.17,5286103.35
CL821502,INE018A01030,LARSEN AND TOUBRO,2972,0,539.01,1601937.72
CL121209,INE062A01020,STATE BANK OF INDIA,208,0,840.3,174782.4
CL164266,INE018A01030,LARSEN AND TOUBRO,3263,0,2767.84,9031461.92
CL185946,INE237A01028,KOTAK MAHINDRA BANK,507,0,1187.58,602103.06
CL138908,INE002A01018,RELIANCE INDS LTD EQ,2430,0,1392.74,3384358.2
CL496360,INE002A01018,RELIANCE INDS LTD EQ,141,0,2575.2,363103.2
CL774851,INE154A01025,ITC LTD EQ,467,0,977.09,456301.03
CL251226,INE090A01021,ICICI BANK LTD,366,0,116.08,42485.28
CL958275,INE155A01022,TATA MOTORS LTD,749,0,2393.03,1792379.47
CL043578,INE018A01030,LARSEN AND TOUBRO,3286,0,2237.46,7352293.56
CL195862,INE238A01026,AXIS BANK LTD EQ,2787,0,2199.11,6128919.57
CL313764,INE090A01021,ICICI BANK LTD,3397,0,1495.98,5081844.06
CL623210,INE009A01021,INFOSYS LTD,1961,412,2607.71,5113719.31
CL012110,INE001A01036,HDFC BANK LTD,2160,162,2520.51,5444301.6
CL268221,INE237A01028,KOTAK MAHINDRA BANK,1211,0,988.63,1197230.93
CL455675,INE002A01018,RELIANCE INDS LTD EQ,2489,0,353.13,878940.57
CL403085,INE154A01025,ITC LTD EQ,1281,0,2826.24,3620413.44
CL030949,INE002A01018,RELIANCE INDS LTD EQ,2598,0,573.5,1489953.0
CL048411,INE062A01020,STATE BANK OF INDIA,823,0,749.4,616756.2
CL283525,INE237A01028,KOTAK MAHINDRA BANK,3259,0,1879.47,6125192.73
CL287123,INE018A01030,LARSEN AND TOUBRO,3214,0,2187.62,7031010.68
CL489131,INE090A01021,ICICI BANK LTD,2876,0,1313.21,3776791.96
CL420257,INE237A01028,KOTAK MAHINDRA BANK,642,469,1370.17,879649.14
CL966168,INE154A01025,ITC LTD EQ,2617,0,1452.65,3801585.05
CL807736,INE237A01028,KOTAK MAHINDRA BANK,523,0,1997.37,1044624.51
CL669926,INE018A01030,LARSEN AND TOUBRO,1327,0,1318.48,1749622.96
CL055339,INE009A01021,INFOSYS LTD,37,0,1561.54,57776.98
CL443583,INE090A01021,ICICI BANK LTD,2135,58,282.12,602326.2
CL638092,INE018A01030,LARSEN AND TOUBRO,3382,0,835.5,2825661.0
CL661604,INE090A01021,ICICI BANK LTD,399,0,608.38,242743.62
CL451266,INE009A01021,INFOSYS LTD,1929,0,2146.31,4140231.99
CL588824,INE018A01030,LARSEN AND TOUBRO,3371,0,436.21,1470463.91
CL128357,INE002A01018,RELIANCE INDS LTD DVR EQ,3394,0,1133.43,3846861.42
CL340332,INE154A01025,ITC LTD EQ,1083,65,1988.64,2153697.12
CL870503,INE237A01028,KOTAK MAHINDRA BANK,1744,482,620.09,1081436.96
CL045422,INE237A01028,KOTAK MAHINDRA BANK,2019,0,1281.0,2586339.0
CL462730,INE237A01028,KOTAK MAHINDRA BANK,334,0,300.51,100370.34
CL543232,INE238A01026,AXIS BANK LTD EQ,2564,0,1128.42,2893268.88
CL387738,INE062A01020,STATE BANK OF INDIA,3146,0,1597.76,5026552.96
CL692551,INE018A01030,LARSEN AND TOUBRO,3024,0,982.2,2970172.8
CL570606,INE002A01018,RELIANCE INDS LTD EQ,1997,0,2898.41,5788124.77
CL384076,INE237A01028,KOTAK MAHINDRA BANK,1541,0,1068.29,1646234.89
CL869488,INE154A01025,ITC LTD EQ,2112,0,2986.91,6308353.92
CL097472,INE237A01028,KOTAK MAHINDRA BANK,2406,0,2490.01,5990964.06
CL196266,INE237A01028,KOTAK MAHINDRA BANK,3064,0,1501.65,4601055.6
CL353107,INE155A01022,TATA MOTORS LTD,2639,0,2476.63,6535826.57
CL314380,INE018A01030,LARSEN AND TOUBRO,366,0,2302.05,842550.3
CL725905,INE237A01028,KOTAK MAHINDRA BNK,373,0,1359.77,507194.21
CL811290,INE002A01018,RELIANCE INDS LTD EQ,1246,0,1800.67,2243634.82
CL696178,INE062A01020,STATE BANK OF INDIA,2825,0,1598.82,4516666.5
CL155927,INE155A01022,TATA MOTORS LTD,279,0,1433.01,399809.79
CL168091,INE001A01036,HDFC BANK LTD,989,0,2304.18,2278834.02
CL658813,INE001A01036,HDFC BANK LTD,1500,0,201.02,301530.0
CL574226,INE001A01036,HDFC BANK LTD,3359,0,1042.19,3500716.21
CL021981,INE090A01021,ICICI BANK LTD,136,0,1968.22,267677.92
CL687301,INE062A01020,STATE BANK OF INDIA,2435,0,388.88,946922.8
CL545140,INE001A01036,HDFC BANK LTD,426,0,1081.1,460548.6
CL098618,INE238A01026,AXIS BANK LTD EQ,1521,0,564.39,858437.19
CL730107,INE009A01021,INFOSYS LTD,2969,0,527.69,1566711.61
CL039192,INE238A01026,AXIS BANK LTD DVR EQ,2438,305,1582.32,3857696.16
CL337775,INE002A01018,RELIANCE INDS LTD EQ,40,0,1056.53,42261.2
CL464260,INE009A01021,INFOSYS LTD,3491,0,2834.2,9894192.2
CL707028,INE009A01021,INFOSYS LTD DVR,61,0,510.68,31151.48
CL164070,INE001A01036,HDFC BANK LTD,2708,0,2033.45,5506582.6
CL370562,INE154A01025,ITC LTD EQ,725,0,1107.29,802785.25
CL894357,INE001A01036,HDFC BANK LTD,3466,0,2914.37,10101206.42
CL990442,INE090A01021,ICICI BANK LTD,3089,8,136.7,422266.3
CL590680,INE090A01021,ICICI BANK LTD,2008,311,433.95,871371.6
CL606354,INE001A01036,HDFC BANK LTD,2216,0,731.53,1621070.48
CL695352,INE155A01022,TATA MOTORS LTD,1287,0,1055.33,1358209.71
CL510227,INE237A01028,KOTAK MAHINDRA BNK,2695,0,1813.95,4888595.25
CL246291,INE154A01025,ITC LTD EQ,2485,0,1900.91,4723761.35
CL341596,INE001A01036,HDFC BANK LTD,1049,0,2642.21,2771678.29
CL820383,INE155A01022,TATA MOTORS LTD,254,0,437.54,111135.16
CL775147,INE238A01026,AXIS BANK LTD EQ,2082,0,1964.39,4089859.98
CL332928,INE090A01021,ICICI BANK LTD,3263,0,2066.2,6742010.6
CL325669,INE155A01022,TATA MOTORS LTD,1600,15,2884.59,4615344.0
CL255556,INE154A01025,ITC LTD EQ,2078,0,918.01,1907624.78
CL086155,INE238A01026,AXIS BANK LTD EQ,3330,19,2944.14,9803986.2
CL638528,INE002A01018,RELIANCE INDS LTD EQ,3313,0,1180.1,3909671.3
CL119499,INE238A01026,AXIS BANK LTD EQ,3330,0,946.79,3152810.7
CL159931,INE001A01036,HDFC BANK LTD DVR,2623,0,2224.43,5834679.89
CL436179,INE002A01018,RELIANCE INDS LTD EQ,1605,0,1101.65,1768148.25
CL661779,INE001A01036,HDFC BANK LTD,537,0,2852.58,1531835.46
CL940533,INE002A01018,RELIANCE INDS LTD DVR EQ,2997,0,1154.51,3460066.47
CL998184,INE238A01026,AXIS BANK LTD EQ,2250,0,387.47,871807.5
CL198176,INE009A01021,INFOSYS LTD DVR,2722,0,2752.66,7492740.52
CL433414,INE155A01022,TATA MOTORS LTD,3327,0,2218.61,7381315.47
CL077511,INE090A01021,ICICI BANK LTD,761,0,964.39,733900.79
CL696047,INE090A01021,ICICI BANK LTD,940,0,960.39,902766.6
CL982715,INE155A01022,TATA MOTORS LTD,1565,420,1416.18,2216321.7
CL221741,INE154A01025,ITC LTD EQ,1721,0,2655.55,4570201.55
CL595139,INE090A01021,ICICI BANK LTD,1659,0,1211.51,2009895.09
CL984101,INE237A01028,KOTAK MAHINDRA BANK,1490,0,1949.93,2905395.7
CL764741,INE002A01018,RELIANCE INDS LTD EQ,3384,0,1431.6,4844534.4
CL104171,INE018A01030,LARSEN AND TOUBRO,3398,273,387.95,1318254.1
CL799674,INE238A01026,AXIS BANK LTD EQ,741,0,1245.77,923115.57
CL958618,INE062A01020,STATE BANK OF INDIA,2463,0,968.24,2384775.12
CL112212,INE062A01020,STATE BNK OF INDIA,2789,0,2860.28,7977320.92
CL336030,INE090A01021,ICICI BANK LTD,2352,0,127.25,299292.0
CL697716,INE009A01021,INFOSYS LTD DVR,1446,0,1453.27,2101428.42
CL289002,INE001A01036,HDFC BANK LTD DVR,906,103,1957.76,1773730.56
CL763411,INE018A01030,LARSEN AND TOUBRO,1579,0,1717.12,2711332.48
CL622527,INE154A01025,ITC LTD EQ,2713,0,2954.94,8016752.22
CL297715,INE237A01028,KOTAK MAHINDRA BANK,650,0,1536.85,998952.5
CL820185,INE155A01022,TATA MOTORS LTD,975,430,715.64,697749.0
CL692457,INE009A01021,INFOSYS LTD,1992,0,1099.56,2190323.52
CL808833,INE237A01028,KOTAK MAHINDRA BANK,405,0,564.02,228428.1
CL271223,INE154A01025,ITC LTD DVR EQ,1059,0,2970.71,3145981.89
CL254936,INE090A01021,ICICI BANK LTD DVR,385,0,624.53,240444.05
CL166929,INE018A01030,LARSEN AND TOUBRO,2458,0,679.69,1670678.02
CL830197,INE018A01030,LARSEN AND TOUBRO,9,0,1386.36,12477.24
CL213903,INE009A01021,INFOSYS LTD,3252,0,269.25,875601.0
CL238470,INE237A01028,KOTAK MAHINDRA BANK,1439,0,2340.93,3368598.27
CL404012,INE154A01025,ITC LTD EQ,1157,0,157.74,182505.18
CL215613,INE237A01028,KOTAK MAHINDRA BANK,2774,0,724.88,2010817.12
CL141399,INE154A01025,ITC LTD EQ,1647,0,2068.25,3406407.75
CL333973,INE009A01021,INFOSYS LTD,683,0,1990.37,1359422.71
CL665361,INE001A01036,HDFC BANK LTD,1761,0,225.1,396401.1
CL209719,INE155A01022,TATA MOTORS LTD,161,0,2881.4,463905.4
CL974217,INE090A01021,ICICI BANK LTD,455,0,1487.32,676730.6
CL702624,INE062A01020,STATE BANK OF INDIA,2457,0,557.53,1369851.21
CL734026,INE018A01030,LARSEN AND TOUBRO,1616,0,1400.75,2263612.0
CL495353,INE155A01022,TATA MOTORS LTD,840,0,1839.97,1545574.8
CL366619,INE001A01036,HDFC BANK LTD,3370,0,1016.23,3424695.1
CL960409,INE237A01028,KOTAK MAHINDRA BANK,2118,0,172.9,366202.2
CL792699,INE090A01021,ICICI BNK LTD,2506,0,2215.7,5552544.2
CL648001,INE154A01025,ITC LTD EQ,851,0,2803.79,2386025.29
CL415464,INE155A01022,TATA MOTORS LTD DVR,1582,0,1906.63,3016288.66
CL588084,INE009A01021,INFOSYS LTD,150,0,678.16,101724.0
CL020824,INE009A01021,INFOSYS LTD,2685,0,528.13,1418029.05
CL779008,INE090A01021,ICICI BANK LTD,3003,0,2514.8,7551944.4
CL556671,INE237A01028,KOTAK MAHINDRA BANK,438,0,1239.61,542949.18
CL315687,INE237A01028,KOTAK MAHINDRA BANK,789,0,2945.74,2324188.86
CL212786,INE002A01018,RELIANCE INDS LTD EQ,2830,83,238.79,675775.7
CL626563,INE154A01025,ITC LTD EQ,2978,0,968.87,2885294.86
CL851576,INE002A01018,RELIANCE INDS LTD EQ,1949,82,2549.09,4968176.41
CL045536,INE062A01020,STATE BANK OF INDIA,398,0,2330.05,927359.9
CL889867,INE062A01020,STATE BANK OF INDIA,214,0,1330.39,284703.46
CL257048,INE001A01036,HDFC BANK LTD DVR,1639,0,1302.78,2135256.42
CL781912,INE154A01025,ITC LTD EQ,674,0,888.54,598875.96
CL755818,INE062A01020,STATE BANK OF INDIA,1791,0,2192.9,3927483.9
CL123568,INE238A01026,AXIS BANK LTD EQ,1916,0,420.39,805467.24
CL102865,INE002A01018,RELIANCE INDS LTD EQ,2122,0,1282.94,2722398.68
CL553175,INE237A01028,KOTAK MAHINDRA BANK,1510,0,1326.0,2002260.0
CL464542,INE001A01036,HDFC BNK LTD,858,0,1262.5,1083225.0
CL251411,INE155A01022,TATA MOTORS LTD,3314,0,610.25,2022368.5
CL509915,INE238A01026,AXIS BANK LTD EQ,2494,0,2995.98,7471974.12
CL646167,INE238A01026,AXIS BANK LTD EQ,902,42,2496.55,2251888.1
CL847796,INE002A01018,RELIANCE INDS LTD EQ,1571,0,109.42,171898.82
CL952672,INE155A01022,TATA MOTORS LTD,1649,0,2700.32,4452827.68
CL517312,INE002A01018,RELIANCE INDS LTD EQ,1939,0,1399.21,2713068.19
CL229382,INE002A01018,RELIANCE INDS LTD EQ,1121,0,1092.63,1224838.23
CL393643,INE155A01022,TATA MOTORS LTD,3433,0,1460.51,5013930.83
CL052521,INE009A01021,INFOSYS LTD,814,0,630.29,513056.06
CL751579,INE090A01021,ICICI BANK LTD,1844,0,203.5,375254.0
CL555318,INE009A01021,INFOSYS LTD,384,0,444.53,170699.52
CL466552,INE062A01020,STATE BANK OF INDIA,1552,55,2376.49,3688312.48
CL630820,INE155A01022,TATA MOTORS LTD,2570,0,2387.29,6135335.3
CL322942,INE155A01022,TATA MOTORS LTD,3077,0,427.89,1316617.53
CL319111,INE009A01021,INFOSYS LTD,1164,0,515.77,600356.28
CL403192,INE238A01026,AXIS BNK LTD EQ,1632,0,628.5,1025712.0
CL462195,INE090A01021,ICICI BANK LTD,1478,0,2462.48,3639545.44
CL247497,INE238A01026,AXIS BANK LTD EQ,3335,0,1901.46,6341369.1
CL605913,INE090A01021,ICICI BANK LTD,933,0,2956.97,2758853.01
CL245506,INE155A01022,TATA MOTORS LTD,37,0,2468.35,91328.95
CL530662,INE090A01021,ICICI BANK LTD,777,0,1292.28,1004101.56
CL353987,INE237A01028,KOTAK MAHINDRA BANK,3070,0,972.75,2986342.5
CL903632,INE009A01021,INFOSYS LTD,1034,0,662.21,684725.14
CL539358,INE018A01030,LARSEN AND TOUBRO,2271,0,258.69,587484.99
CL145770,INE002A01018,RELIANCE INDS LTD EQ,2157,0,416.55,898498.35
CL441329,INE090A01021,ICICI BANK LTD,2135,0,789.46,1685497.1
CL976943,INE154A01025,ITC LTD EQ,190,0,2093.05,397679.5
CL645356,INE001A01036,HDFC BANK LTD,1940,0,1429.93,2774064.2
CL731387,INE237A01028,KOTAK MAHINDRA BANK,3146,0,115.46,363237.16
CL196430,INE018A01030,LARSEN AND TOUBRO,250,0,718.75,179687.5
CL394780,INE154A01025,ITC LTD DVR EQ,1992,272,2810.7,5598914.4
CL928492,INE018A01030,LARSEN AND TOUBRO,114,0,378.59,43159.26
CL731686,INE238A01026,AXIS BANK LTD EQ,150,0,2411.67,361750.5
CL171362,INE018A01030,LARSEN AND TOUBRO,3389,0,2671.81,9054764.09
CL691568,INE154A01025,ITC LTD EQ,717,0,175.98,126177.66
CL561107,INE238A01026,AXIS BANK LTD EQ,2272,0,2412.72,5481699.84
CL638722,INE002A01018,RELIANCE INDS LTD EQ,2128,0,1401.51,2982413.28
CL963661,INE154A01025,ITC LTD EQ,1635,242,373.98,611457.3
CL729434,INE001A01036,HDFC BANK LTD,394,0,1618.81,637811.14
CL269566,INE090A01021,ICICI BNK LTD,1326,0,109.97,145820.22
CL116076,INE009A01021,INFOSYS LTD,807,0,814.68,657446.76
CL030887,INE154A01025,ITC LTD EQ,2832,0,736.29,2085173.28
CL325759,INE002A01018,RELIANCE INDS LTD DVR EQ,1006,0,1122.62,1129355.72
CL876604,INE155A01022,TATA MOTORS LTD,2213,0,1249.83,2765873.79
CL159700,INE155A01022,TATA MOTORS LTD,2175,0,1386.22,3015028.5
CL745176,INE238A01026,AXIS BANK LTD EQ,1276,0,2000.29,2552370.04
CL242228,INE238A01026,AXIS BANK LTD EQ,1537,163,420.88,646892.56
CL490854,INE062A01020,STATE BANK OF INDIA,661,0,2364.76,1563106.36
CL292468,INE154A01025,ITC LTD EQ,2331,397,713.01,1662026.31
CL195632,INE090A01021,ICICI BANK LTD,1719,0,2105.65,3619612.35
CL524674,INE062A01020,STATE BANK OF INDIA,39,0,1453.54,56688.06
CL884243,INE009A01021,INFOSYS LTD,2525,0,2592.2,6545305.0
CL637588,INE009A01021,INFOSYS LTD,3321,0,543.78,1805893.38
CL078669,INE009A01021,INFOSYS LTD DVR,2726,0,261.13,711840.38
CL773740,INE002A01018,RELIANCE INDS LTD EQ,934,0,721.48,673862.32
CL917865,INE018A01030,LARSEN AND TOUBRO,686,0,542.27,371997.22
CL412501,INE009A01021,INFOSYS LTD,1814,0,2144.0,3889216.0
CL004126,INE009A01021,INFOSYS LTD,268,0,343.85,92151.8
CL877007,INE238A01026,AXIS BANK LTD DVR EQ,2712,0,705.14,1912339.68
CL673824,INE001A01036,HDFC BANK LTD,670,157,1287.98,862946.6
CL406002,INE155A01022,TATA MOTORS LTD,2631,0,1137.0,2991447.0
CL395255,INE090A01021,ICICI BANK LTD,2762,181,2738.28,7563129.36
CL700745,INE001A01036,HDFC BANK LTD,419,0,2652.18,1111263.42
CL670036,INE018A01030,LARSEN AND TOUBRO,141,0,1392.66,196365.06
CL676667,INE238A01026,AXIS BANK LTD EQ,783,0,1161.66,909579.78
CL525513,INE009A01021,INFOSYS LTD,662,0,1502.66,994760.92
CL894955,INE001A01036,HDFC BANK LTD,3065,53,1847.42,5662342.3
CL644196,INE090A01021,ICICI BANK LTD,257,25,2368.33,608660.81
CL331124,INE018A01030,LARSEN AND TOUBRO,1764,0,1316.65,2322570.6
CL815432,INE009A01021,INFOSYS LTD,353,0,149.57,52798.21
CL855088,INE237A01028,KOTAK MAHINDRA BANK,1103,0,586.73,647163.19
CL493587,INE237A01028,KOTAK MAHINDRA BANK,3317,317,2775.5,9206333.5
CL961823,INE009A01021,INFOSYS LTD,1743,29,1829.0,3187947.0
CL253870,INE238A01026,AXIS BNK LTD EQ,1623,0,386.41,627143.43
CL418070,INE002A01018,RELIANCE INDS LTD EQ,1529,0,1387.99,2122236.71
CL921057,INE002A01018,RELIANCE INDS LTD EQ,3105,0,2407.43,7475070.15
CL077114,INE018A01030,LARSEN AND TOUBRO,88,0,2785.24,245101.12
CL862139,INE001A01036,HDFC BANK LTD,2259,0,1302.49,2942324.91
CL773326,INE001A01036,HDFC BANK LTD,1831,0,447.13,818695.03
CL376667,INE237A01028,KOTAK MAHINDRA BANK,1408,0,141.01,198542.08
CL931179,INE018A01030,LARSEN AND TOUBRO,2610,206,1060.78,2768635.8
CL424601,INE154A01025,ITC LTD EQ,2618,0,399.44,1045733.92
CL892708,INE237A01028,KOTAK MAHINDRA BANK,2086,0,867.88,1810397.68
CL426275,INE002A01018,RELIANCE INDS LTD EQ,1082,0,1908.8,2065321.6
CL293795,INE062A01020,STATE BANK OF INDIA,22,0,2997.56,65946.32
CL334475,INE001A01036,HDFC BANK LTD,2613,293,1825.43,4769848.59
CL529452,INE002A01018,RELIANCE INDS LTD EQ,1835,0,836.65,1535252.75
CL247074,INE154A01025,ITC LTD EQ,1338,0,1614.96,2160816.48
CL426942,INE001A01036,HDFC BANK LTD DVR,890,0,447.1,397919.0
CL444392,INE002A01018,RELIANCE INDS LTD EQ,3372,0,1218.3,4108107.6
CL562412,INE001A01036,HDFC BANK LTD,3441,0,871.46,2998693.86
CL588787,INE154A01025,ITC LTD EQ,3424,0,1413.52,4839892.48
CL574861,INE237A01028,KOTAK MAHINDRA BANK,2071,0,2253.13,4666232.23
CL239687,INE018A01030,LARSEN AND TOUBRO,1570,0,2031.18,3188952.6
CL235628,INE090A01021,ICICI BNK LTD,2994,0,179.67,537931.98
CL093482,INE090A01021,ICICI BANK LTD,3101,0,2807.39,8705716.39
CL966086,INE009A01021,INFOSYS LTD,500,0,2520.71,1260355.0
CL974202,INE238A01026,AXIS BANK LTD EQ,2602,0,2979.01,7751384.02
CL643433,INE009A01021,INFOSYS LTD,906,0,650.2,589081.2
CL474350,INE237A01028,KOTAK MAHINDRA BANK,300,0,1642.92,492876.0
CL888455,INE001A01036,HDFC BANK LTD,896,0,420.67,376920.32
CL546647,INE002A01018,RELIANCE INDS LTD EQ,2616,0,663.3,1735192.8
CL457556,INE001A01036,HDFC BANK LTD,2758,0,1919.49,5293953.42
CL863261,INE155A01022,TATA MOTORS LTD,1518,235,1171.22,1777911.96
CL383526,INE155A01022,TATA MOTORS LTD,3139,0,468.03,1469146.17
CL723563,INE001A01036,HDFC BANK LTD,2238,497,2781.34,6224638.92
CL779682,INE155A01022,TATA MOTORS LTD,3266,0,1624.61,5305976.26
CL904917,INE001A01036,HDFC BANK LTD,2596,0,1600.22,4154171.12
CL009744,INE062A01020,STATE BANK OF INDIA,3305,337,1335.87,4415050.35
CL048899,INE155A01022,TATA MOTORS LTD,99,0,1500.12,148511.88
CL914177,INE154A01025,ITC LTD EQ,1614,0,1742.74,2812782.36
CL596075,INE018A01030,LARSEN AND TOUBRO,2958,0,2173.78,6430041.24
CL360086,INE090A01021,ICICI BANK LTD,1316,0,2732.59,3596088.44
CL366808,INE237A01028,KOTAK MAHINDRA BANK,1702,0,2785.74,4741329.48
CL234914,INE009A01021,INFOSYS LTD,2674,0,2487.59,6651815.66
CL619329,INE002A01018,RELIANCE INDS LTD EQ,2698,0,2652.46,7156337.08
CL584180,INE090A01021,ICICI BANK LTD,950,0,814.89,774145.5
CL140111,INE002A01018,RELIANCE INDS LTD EQ,938,113,1179.81,1106661.78
CL914290,INE154A01025,ITC LTD EQ,732,396,1053.2,770942.4
CL750829,INE154A01025,ITC LTD EQ,1133,0,1859.94,2107312.02
CL921036,INE237A01028,KOTAK MAHINDRA BANK,2714,0,923.65,2506786.1
CL375015,INE062A01020,STATE BANK OF INDIA,2555,0,830.78,2122642.9
CL898684,INE062A01020,STATE BANK OF INDIA,910,0,2690.92,2448737.2
CL823019,INE062A01020,STATE BANK OF INDIA,2429,0,1739.66,4225634.14
CL158100,INE001A01036,HDFC BANK LTD,1381,0,1838.63,2539148.03
CL773007,INE001A01036,HDFC BANK LTD,440,0,2598.65,1143406.0
CL907586,INE154A01025,ITC LTD EQ,2429,0,450.9,1095236.1
CL240301,INE001A01036,HDFC BNK LTD,2228,0,133.03,296390.84
CL472294,INE090A01021,ICICI BANK LTD DVR,1679,0,1340.51,2250716.29
CL764390,INE002A01018,RELIANCE INDS LTD EQ,1103,0,172.56,190333.68
CL225925,INE238A01026,AXIS BANK LTD EQ,1579,111,1255.14,1981866.06
CL474897,INE238A01026,AXIS BANK LTD EQ,2423,0,527.52,1278180.96
CL288853,INE009A01021,INFOSYS LTD,2459,0,2389.77,5876444.43
CL415791,INE009A01021,INFOSYS LTD,191,0,795.72,151982.52
CL755789,INE062A01020,STATE BANK OF INDIA,1934,0,2569.01,4968465.34
CL341742,INE154A01025,ITC LTD EQ,3358,0,1688.56,5670184.48
CL593151,INE237A01028,KOTAK MAHINDRA BANK,3108,0,2894.53,8996199.24
CL090246,INE237A01028,KOTAK MAHINDRA BANK,3057,0,348.46,1065242.22
CL327652,INE090A01021,ICICI BANK LTD,2818,0,1625.42,4580433.56
CL573361,INE002A01018,RELIANCE INDS LTD EQ,3496,0,446.83,1562117.68
CL300257,INE002A01018,RELIANCE INDS LTD EQ,579,298,2925.52,1693876.08
CL702189,INE062A01020,STATE BANK OF INDIA,3364,0,390.26,1312834.64
CL175030,INE018A01030,LARSEN AND TOUBRO,317,115,1213.07,384543.19
CL870159,INE238A01026,AXIS BANK LTD EQ,3000,0,236.51,709530.0
CL533829,INE002A01018,RELIANCE INDS LTD EQ,1277,0,521.91,666479.07
CL403066,INE002A01018,RELIANCE INDS LTD EQ,1523,0,1240.05,1888596.15
CL505356,INE237A01028,KOTAK MAHINDRA BANK,1144,0,2231.54,2552881.76
CL967289,INE238A01026,AXIS BANK LTD EQ,2495,0,381.22,951143.9
CL870158,INE002A01018,RELIANCE INDS LTD EQ,63,0,349.27,22004.01
CL051730,INE009A01021,INFOSYS LTD,490,0,2878.8,1410612.0
CL633924,INE018A01030,LARSEN AND TOUBRO,2537,0,1373.11,3483580.07
CL286359,INE237A01028,KOTAK MAHINDRA BANK,2526,0,123.01,310723.26
CL532383,INE062A01020,STATE BANK OF INDIA,2465,0,1633.6,4026824.0
CL515023,INE009A01021,INFOSYS LTD,2743,0,1510.72,4143904.96
CL708618,INE090A01021,ICICI BANK LTD,2371,0,162.74,385856.54
CL967827,INE001A01036,HDFC BNK LTD,1290,0,576.61,743826.9
CL293908,INE154A01025,ITC LTD EQ,174,0,2206.82,383986.68
CL599031,INE062A01020,STATE BANK OF INDIA,991,0,2607.77,2584300.07
CL080864,INE155A01022,TATA MOTORS LTD,2241,0,1926.26,4316748.66
CL255196,INE238A01026,AXIS BANK LTD DVR EQ,1891,0,620.35,1173081.85
CL806547,INE155A01022,TATA MOTORS LTD,1433,0,361.57,518129.81
CL381162,INE155A01022,TATA MOTORS LTD DVR,2814,0,1748.18,4919378.52
CL018920,INE002A01018,RELIANCE INDS LTD EQ,836,0,1378.05,1152049.8
CL573817,INE009A01021,INFOSYS LTD,1468,111,781.23,1146845.64
CL349574,INE001A01036,HDFC BANK LTD,2227,14,2183.48,4862609.96
CL185514,INE155A01022,TATA MOTORS LTD DVR,1404,0,661.45,928675.8
CL410499,INE018A01030,LARSEN AND TOUBRO,3059,0,1549.2,4739002.8
CL812479,INE238A01026,AXIS BANK LTD EQ,2033,499,1245.15,2531389.95
CL354535,INE062A01020,STATE BANK OF INDIA,1036,101,642.51,665640.36
CL835431,INE002A01018,RELIANCE INDS LTD EQ,1336,0,2171.6,2901257.6
CL334442,INE002A01018,RELIANCE INDS LTD EQ,3241,452,132.6,429756.6
CL027765,INE238A01026,AXIS BANK LTD EQ,2546,0,1329.78,3385619.88
CL259549,INE001A01036,HDFC BANK LTD,3469,0,1442.74,5004865.06
CL830638,INE001A01036,HDFC BANK LTD,491,0,2440.8,1198432.8
CL153782,INE009A01021,INFOSYS LTD,2712,0,1045.64,2835775.68
CL611718,INE062A01020,STATE BANK OF INDIA,2137,0,2822.2,6031041.4
CL141004,INE002A01018,RELIANCE INDS LTD DVR EQ,1852,0,907.78,1681208.56
CL979297,INE238A01026,AXIS BANK LTD EQ,3319,0,759.84,2521908.96
CL066048,INE237A01028,KOTAK MAHINDRA BANK,527,0,2499.98,1317489.46
CL856131,INE090A01021,ICICI BANK LTD DVR,2864,0,167.11,478603.04
CL229700,INE009A01021,INFOSYS LTD,3322,0,1763.79,5859310.38
CL329040,INE062A01020,STATE BANK OF INDIA,2113,0,224.64,474664.32
CL960773,INE009A01021,INFOSYS LTD,3335,0,114.09,380490.15
CL572463,INE002A01018,RELIANCE INDS LTD EQ,630,0,1068.51,673161.3
CL167439,INE009A01021,INFOSYS LTD,1616,0,1621.91,2621006.56
CL364056,INE154A01025,ITC LTD EQ,3263,223,2225.53,7261904.39
CL284584,INE018A01030,LARSEN AND TOUBRO,597,0,2660.22,1588151.34
CL729908,INE009A01021,INFOSYS LTD,1053,0,1730.48,1822195.44
CL222636,INE062A01020,STATE BANK OF INDIA,1062,0,1081.9,1148977.8
CL826505,INE018A01030,LARSEN AND TOUBRO,1147,0,2117.32,2428566.04
CL125971,INE090A01021,ICICI BANK LTD,1900,0,194.13,368847.0
CL609185,INE002A01018,RELIANCE INDS LTD EQ,2871,0,2847.9,8176320.9
CL579824,INE090A01021,ICICI BANK LTD,519,0,556.73,288942.87
CL421540,INE009A01021,INFOSYS LTD,2192,0,1892.7,4148798.4
CL884041,INE237A01028,KOTAK MAHINDRA BANK,2778,0,2090.27,5806770.06
CL031194,INE018A01030,LARSEN AND TOUBRO,1631,0,477.54,778867.74
CL421262,INE154A01025,ITC LTD EQ,1678,450,789.68,1325083.04
CL342275,INE009A01021,INFOSYS LTD,2556,0,2564.08,6553788.48
CL641374,INE001A01036,HDFC BANK LTD DVR,581,0,810.69,471010.89
CL233432,INE090A01021,ICICI BNK LTD,2118,0,2609.38,5526666.84
CL599761,INE154A01025,ITC LTD EQ,1618,0,1072.99,1736097.82
CL982901,INE009A01021,INFOSYS LTD DVR,2970,0,2743.66,8148670.2
CL031206,INE009A01021,INFOSYS LTD,1333,0,2758.72,3677373.76
CL934806,INE009A01021,INFOSYS LTD,3108,0,2083.4,6475207.2
CL070829,INE009A01021,INFOSYS LTD,1012,0,2598.91,2630096.92
CL820572,INE009A01021,INFOSYS LTD,242,0,426.57,103229.94
CL436014,INE062A01020,STATE BNK OF INDIA,2785,0,1490.89,4152128.65
CL470940,INE090A01021,ICICI BANK LTD,505,0,1372.75,693238.75
CL440214,INE018A01030,LARSEN AND TOUBRO,1849,0,2800.41,5177958.09
CL836379,INE062A01020,STATE BANK OF INDIA,2925,0,2849.61,8335109.25
CL761436,INE062A01020,STATE BANK OF INDIA,572,272,2535.8,1450477.6
CL236546,INE154A01025,ITC LTD EQ,3001,0,538.22,1615198.22
CL182036,INE001A01036,HDFC BANK LTD,2434,0,2192.14,5335668.76
CL538154,INE018A01030,LARSEN AND TOUBRO,1070,205,1948.1,2084467.0
CL668563,INE002A01018,RELIANCE INDS LTD EQ,2657,0,1498.94,3982683.58
CL717718,INE154A01025,ITC LTD DVR EQ,2742,0,2106.27,5775392.34
CL765086,INE018A01030,LARSEN AND TOUBRO,2052,0,2167.13,4446950.76
CL639606,INE237A01028,KOTAK MAHINDRA BNK,3104,13,647.01,2008319.04
CL735003,INE090A01021,ICICI BANK LTD,1626,0,2413.74,3924741.24
CL367010,INE002A01018,RELIANCE INDS LTD EQ,1568,0,121.47,190464.96
CL439773,INE062A01020,STATE BANK OF INDIA,3311,0,2055.91,6807118.01
CL108118,INE237A01028,KOTAK MAHINDRA BANK,1839,0,927.76,1706150.64
CL790862,INE155A01022,TATA MOTORS LTD DVR,449,0,2987.85,1341544.65
CL655125,INE154A01025,ITC LTD EQ,2762,0,1766.92,4880233.04
CL655494,INE155A01022,TATA MOTORS LTD,153,145,2058.27,314915.31
CL933808,INE237A01028,KOTAK MAHINDRA BANK,2423,0,1989.58,4820752.34
CL553447,INE155A01022,TATA MOTORS LTD,894,174,1026.21,917431.74
CL878761,INE155A01022,TATA MOTORS LTD,2260,349,2746.87,6207926.2
CL603604,INE001A01036,HDFC BANK LTD,1253,0,1310.32,1641830.96
CL332652,INE018A01030,LARSEN AND TOUBRO,1008,0,1314.19,1324703.52
CL081534,INE062A01020,STATE BANK OF INDIA,120,0,1693.52,203222.4
CL126566,INE001A01036,HDFC BANK LTD,1512,0,2739.31,4141836.72
CL508304,INE090A01021,ICICI BANK LTD,1716,67,2326.64,3992514.24
CL804643,INE155A01022,TATA MOTORS LTD,1261,0,2231.67,2814135.87
CL306421,INE018A01030,LARSEN AND TOUBRO,204,0,2131.58,434842.32
CL298282,INE154A01025,ITC LTD EQ,3046,0,593.66,1808288.36
CL998633,INE018A01030,LARSEN AND TOUBRO,1238,214,2682.7,3321182.6
CL080119,INE009A01021,INFOSYS LTD,2622,0,2450.76,6425892.72
CL396870,INE001A01036,HDFC BANK LTD DVR,391,0,349.17,136525.47
CL660194,INE001A01036,HDFC BANK LTD,1787,0,2213.89,3956221.43
CL795279,INE002A01018,RELIANCE INDS LTD EQ,249,0,2493.77,620948.73
CL733134,INE238A01026,AXIS BANK LTD EQ,2852,0,2906.7,8289908.4
CL268224,INE154A01025,ITC LTD EQ,2558,357,490.39,1254417.62
CL946458,INE002A01018,RELIANCE INDS LTD EQ,608,0,2478.01,1506630.08
CL735750,INE002A01018,RELIANCE INDS LTD EQ,236,159,244.95,57808.2
CL319523,INE155A01022,TATA MOTORS LTD,1743,431,368.31,641964.33
CL222370,INE155A01022,TATA MOTORS LTD,1226,0,596.61,731443.86
CL622845,INE238A01026,AXIS BANK LTD EQ,255,0,2985.5,761302.5
CL959767,INE238A01026,AXIS BNK LTD EQ,2532,46,1066.56,2700529.92
CL811638,INE062A01020,STATE BANK OF INDIA,3045,0,2472.18,7527788.1
CL142276,INE090A01021,ICICI BANK LTD,781,0,1400.7,1093946.7
CL809373,INE237A01028,KOTAK MAHINDRA BANK,2846,0,1338.94,3810623.24
CL167121,INE018A01030,LARSEN AND TOUBRO,3285,0,2381.38,7822833.3
CL065409,INE154A01025,ITC LTD EQ,667,319,1298.85,866332.95
CL276843,INE018A01030,LARSEN AND TOUBRO,3313,0,2457.37,8141266.81
CL314330,INE155A01022,TATA MOTORS LTD,2787,0,2741.3,7640003.1
CL785134,INE238A01026,AXIS BNK LTD EQ,3240,0,2103.03,6813817.2
CL751762,INE002A01018,RELIANCE INDS LTD EQ,574,0,1789.18,1026989.32
CL392295,INE154A01025,ITC LTD EQ,1881,430,2296.72,4320130.32
CL954808,INE155A01022,TATA MOTORS LTD,1389,0,2641.84,3669515.76
CL235488,INE001A01036,HDFC BANK LTD,1050,0,2272.65,2386282.5
CL573056,INE009A01021,INFOSYS LTD,509,0,1786.42,909287.78
CL997606,INE090A01021,ICICI BANK LTD,2809,0,184.59,518513.31
CL101107,INE018A01030,LARSEN AND TOUBRO,2341,379,1941.69,4545496.29
CL101382,INE155A01022,TATA MOTORS LTD,2419,239,2767.46,6694485.74
CL035232,INE009A01021,INFOSYS LTD,3368,0,1089.61,3669806.48
CL461572,INE002A01018,RELIANCE INDS LTD EQ,2638,0,2804.35,7397875.3
CL149985,INE238A01026,AXIS BANK LTD EQ,998,0,2645.01,2639719.98
CL149733,INE237A01028,KOTAK MAHINDRA BANK,2413,0,1310.82,3163008.66
CL686529,INE002A01018,RELIANCE INDS LTD EQ,922,0,186.18,171657.96
CL165731,INE090A01021,ICICI BANK LTD,1954,0,726.94,1420440.76
CL374388,INE155A01022,TATA MOTORS LTD,1661,0,709.83,1179027.63
CL867491,INE001A01036,HDFC BANK LTD DVR,2256,0,1756.79,3963318.24
CL578340,INE090A01021,ICICI BNK LTD,2609,0,810.23,2113890.07
CL447558,INE018A01030,LARSEN AND TOUBRO,1586,0,432.75,686341.5
CL602690,INE018A01030,LARSEN AND TOUBRO,2744,0,1566.6,4298750.4
CL566377,INE237A01028,KOTAK MAHINDRA BANK,1550,0,615.9,954645.0
CL399923,INE002A01018,RELIANCE INDS LTD EQ,1160,0,2195.86,2547197.6
CL967678,INE237A01028,KOTAK MAHINDRA BANK,1404,0,2271.12,3188652.48
CL714302,INE002A01018,RELIANCE INDS LTD EQ,1488,0,368.44,548238.72
CL924606,INE001A01036,HDFC BANK LTD DVR,2305,112,172.76,398211.8
CL343990,INE090A01021,ICICI BANK LTD DVR,2974,0,1952.06,5805426.44
CL422198,INE090A01021,ICICI BANK LTD DVR,53,0,782.63,41479.39
CL378004,INE002A01018,RELIANCE INDS LTD EQ,751,0,1230.16,923850.16
CL952036,INE238A01026,AXIS BANK LTD EQ,2823,0,2269.19,6405923.37
CL517066,INE155A01022,TATA MOTORS LTD,1533,0,2265.79,3473456.07
CL563087,INE090A01021,ICICI BANK LTD,1337,0,2060.66,2755102.42
CL784237,INE002A01018,RELIANCE INDS LTD EQ,2190,0,1021.29,2236625.1
CL056807,INE237A01028,KOTAK MAHINDRA BANK,1616,0,1001.52,1618456.32
CL208154,INE090A01021,ICICI BANK LTD,106,0,2529.81,268159.86
CL743412,INE238A01026,AXIS BANK LTD EQ,2546,0,1681.47,4281022.62
CL527490,INE237A01028,KOTAK MAHINDRA BANK,3036,0,554.56,1683644.16
CL097473,INE002A01018,RELIANCE INDS LTD EQ,3363,0,1373.89,4620392.07
CL161321,INE001A01036,HDFC BANK LTD,3300,0,1841.75,6077775.0
CL872485,INE001A01036,HDFC BANK LTD,3217,0,159.96,514591.32
CL743034,INE155A01022,TATA MOTORS LTD,2420,0,1859.0,4498780.0
CL690184,INE009A01021,INFOSYS LTD,1165,0,2360.77,2750297.05
CL212811,INE062A01020,STATE BANK OF INDIA,550,137,2410.76,1325918.0
CL147418,INE155A01022,TATA MOTORS LTD,2206,0,2066.33,4558323.98
CL749790,INE009A01021,INFOSYS LTD,2216,0,2459.89,5451116.24
CL079923,INE090A01021,ICICI BANK LTD,3342,335,1178.51,3938580.42
CL603934,INE002A01018,RELIANCE INDS LTD DVR EQ,3310,0,1493.29,4942789.9
CL284502,INE237A01028,KOTAK MAHINDRA BNK,1566,0,1598.4,2503094.4
CL138007,INE009A01021,INFOSYS LTD DVR,2899,0,1310.19,3798240.81
CL177092,INE238A01026,AXIS BANK LTD EQ,3007,0,516.36,1552694.52
CL313936,INE237A01028,KOTAK MAHINDRA BANK,1340,342,2053.92,2752252.8
CL822588,INE002A01018,RELIANCE INDS LTD EQ,2807,0,193.98,544501.86
CL267232,INE002A01018,RELIANCE INDS LTD EQ,2012,0,729.77,1468297.24
CL372048,INE237A01028,KOTAK MAHINDRA BANK,2137,0,2240.11,4787115.07
CL800279,INE238A01026,AXIS BANK LTD EQ,770,0,1706.52,1314020.4
CL645754,INE062A01020,STATE BANK OF INDIA,371,0,817.48,303285.08
CL224848,INE238A01026,AXIS BNK LTD EQ,1087,0,525.2,570892.4
CL139429,INE062A01020,STATE BANK OF INDIA,1066,263,1117.15,1190881.9
CL506562,INE018A01030,LARSEN AND TOUBRO,670,0,182.61,122348.7
CL357196,INE009A01021,INFOSYS LTD,3409,278,2904.16,9900281.44
CL416968,INE154A01025,ITC LTD EQ,232,0,1464.05,339659.6
CL708080,INE062A01020,STATE BANK OF INDIA,1231,0,1361.6,1676129.6
CL112011,INE001A01036,HDFC BANK LTD,2198,0,2677.05,5884155.9
CL802706,INE238A01026,AXIS BNK LTD EQ,1148,0,2843.57,3264418.36
CL778733,INE002A01018,RELIANCE INDS LTD EQ,2508,0,1157.54,2903110.32
CL715431,INE238A01026,AXIS BANK LTD DVR EQ,739,0,2907.21,2148428.19
CL510983,INE002A01018,RELIANCE INDS LTD EQ,152,0,983.27,149457.04
CL089650,INE237A01028,KOTAK MAHINDRA BANK,1018,0,1517.07,1544377.26
CL352793,INE062A01020,STATE BANK OF INDIA,1768,0,458.82,811193.76
CL456295,INE002A01018,RELIANCE INDS LTD EQ,2460,372,2736.18,6731002.8
CL735031,INE090A01021,ICICI BANK LTD,1034,0,667.09,689771.06
CL473779,INE002A01018,RELIANCE INDS LTD EQ,893,0,1775.27,1585316.11
CL359358,INE009A01021,INFOSYS LTD,3230,0,2431.97,7855263.1
CL182299,INE009A01021,INFOSYS LTD,2907,0,1585.66,4609513.62
CL582879,INE009A01021,INFOSYS LTD,3257,0,1378.24,4488927.68
CL728424,INE018A01030,LARSEN AND TOUBRO,3158,206,815.99,2576896.42
CL118318,INE062A01020,STATE BANK OF INDIA,2046,0,1455.19,2977318.74
CL413944,INE238A01026,AXIS BNK LTD EQ,2653,0,1215.72,3225305.16
CL894287,INE062A01020,STATE BANK OF INDIA,362,0,507.3,183642.6
CL568767,INE009A01021,INFOSYS LTD,3091,0,110.63,341957.33
CL613867,INE001A01036,HDFC BANK LTD,1277,0,1722.95,2200207.15
CL772516,INE090A01021,ICICI BANK LTD,28,0,2950.46,82612.88
CL064828,INE009A01021,INFOSYS LTD,98,0,1801.29,176526.42
CL263788,INE002A01018,RELIANCE INDS LTD EQ,256,0,1236.21,316469.76
CL750434,INE237A01028,KOTAK MAHINDRA BANK,427,331,1564.21,667917.67
CL499016,INE002A01018,RELIANCE INDS LTD EQ,3027,0,2475.02,7491885.54
CL348033,INE018A01030,LARSEN AND TOUBRO,2188,0,2185.15,4781108.2
CL598270,INE062A01020,STATE BANK OF INDIA,2519,0,648.62,1633873.78
CL255536,INE090A01021,ICICI BANK LTD,619,0,1903.29,1178136.51
CL796994,INE009A01021,INFOSYS LTD,24,0,1266.29,30390.96
CL585484,INE237A01028,KOTAK MAHINDRA BANK,1738,0,1942.58,3376204.04
CL624249,INE002A01018,RELIANCE INDS LTD EQ,3050,0,528.63,1612321.5
CL049900,INE155A01022,TATA MOTORS LTD,2956,0,706.11,2087261.16
CL188163,INE018A01030,LARSEN AND TOUBRO,1787,0,2235.42,3994695.54
CL408470,INE018A01030,LARSEN AND TOUBRO,1036,86,1730.09,1792373.24
CL559273,INE062A01020,STATE BANK OF INDIA,1272,0,1013.69,1289413.68
CL828648,INE062A01020,STATE BANK OF INDIA,475,0,392.33,186356.75
CL191583,INE154A01025,ITC LTD EQ,2929,0,1227.64,3595757.56
CL242726,INE001A01036,HDFC BANK LTD DVR,2862,0,812.65,2325804.3
CL175195,INE090A01021,ICICI BANK LTD,3219,0,759.86,2445989.34
CL892701,INE018A01030,LARSEN AND TOUBRO,1517,0,2930.12,4444992.04
CL018504,INE009A01021,INFOSYS LTD,672,122,2241.43,1506240.96
CL266897,INE062A01020,STATE BNK OF INDIA,687,329,2534.39,1741125.93
CL913156,INE090A01021,ICICI BANK LTD,3013,0,1815.06,5468775.78
CL251886,INE090A01021,ICICI BANK LTD,318,0,886.53,281916.54
CL583696,INE155A01022,TATA MOTORS LTD,1846,0,1953.92,3606936.32
CL902817,INE154A01025,ITC LTD EQ,1444,0,1521.65,2197262.6
CL706585,INE155A01022,TATA MOTORS LTD,2389,20,255.6,610628.4
CL873879,INE155A01022,TATA MOTORS LTD DVR,2147,0,1114.51,2392852.97
CL738011,INE238A01026,AXIS BANK LTD EQ,1529,0,2517.24,3848859.96
CL285687,INE018A01030,LARSEN AND TOUBRO,2700,0,474.81,1281987.0
CL881092,INE090A01021,ICICI BANK LTD,1193,0,2619.19,3124693.67
CL376833,INE238A01026,AXIS BANK LTD EQ,1124,0,210.98,237141.52
CL969106,INE237A01028,KOTAK MAHINDRA BANK,685,0,127.37,87248.45
CL304333,INE062A01020,STATE BANK OF INDIA,2907,0,1398.15,4064422.05
CL989857,INE237A01028,KOTAK MAHINDRA BANK,971,409,602.8,585318.8
CL412323,INE237A01028,KOTAK MAHINDRA BANK,3066,0,1415.24,4339125.84
CL227373,INE154A01025,ITC LTD EQ,1988,0,2185.11,4343998.68
CL557889,INE155A01022,TATA MOTORS LTD,331,275,2700.62,893905.22
CL216106,INE009A01021,INFOSYS LTD,1311,73,1605.94,2105387.34
CL756901,INE154A01025,ITC LTD EQ,840,0,812.49,682491.6
CL015924,INE238A01026,AXIS BANK LTD EQ,968,0,2175.24,2105632.32
CL258065,INE090A01021,ICICI BANK LTD,503,0,852.21,428661.63
CL824279,INE238A01026,AXIS BNK LTD EQ,1863,0,2194.9,4089098.7
CL280593,INE154A01025,ITC LTD EQ,2896,0,2506.85,7259837.6
CL463426,INE002A01018,RELIANCE INDS LTD EQ,1922,0,433.28,832764.16
CL332494,INE238A01026,AXIS BANK LTD EQ,1190,80,175.3,208607.0
CL145179,INE001A01036,HDFC BANK LTD,1899,0,315.95,599989.05
CL078829,INE018A01030,LARSEN AND TOUBRO,1837,0,2887.92,5305109.04
CL537322,INE009A01021,INFOSYS LTD,832,0,2843.0,2365376.0
CL646984,INE009A01021,INFOSYS LTD,2781,0,1046.42,2910094.02
CL665077,INE009A01021,INFOSYS LTD,1689,0,2316.6,3912737.4
CL818277,INE155A01022,TATA MOTORS LTD,3310,0,1816.49,6012581.9
CL314207,INE002A01018,RELIANCE INDS LTD EQ,1520,0,2638.34,4010276.8
CL944878,INE002A01018,RELIANCE INDS LTD EQ,137,0,1430.85,196026.45
CL749017,INE238A01026,AXIS BANK LTD EQ,820,0,2755.06,2259149.2
CL067122,INE237A01028,KOTAK MAHINDRA BNK,1521,0,1259.85,1916231.85
CL309061,INE009A01021,INFOSYS LTD,295,0,206.83,61014.85
CL138618,INE009A01021,INFOSYS LTD,436,0,2551.51,1112458.36
CL444029,INE009A01021,INFOSYS LTD,3270,0,1001.85,3276049.5
CL622673,INE062A01020,STATE BANK OF INDIA,2942,0,1169.28,3440021.76
CL289176,INE238A01026,AXIS BANK LTD EQ,1242,252,2024.18,2514031.56
CL545926,INE090A01021,ICICI BANK LTD,494,0,1556.1,768713.4
CL328692,INE238A01026,AXIS BANK LTD EQ,2187,0,160.16,350269.92
CL458871,INE090A01021,ICICI BANK LTD,748,0,1515.87,1133870.76
CL238697,INE002A01018,RELIANCE INDS LTD EQ,2273,115,2337.33,5312751.09
CL461833,INE090A01021,ICICI BANK LTD,178,0,642.07,114288.46
CL116783,INE002A01018,RELIANCE INDS LTD EQ,82,0,136.04,11155.28
CL679595,INE002A01018,RELIANCE INDS LTD EQ,42,0,2407.44,101112.48
CL804549,INE090A01021,ICICI BANK LTD,3470,0,1981.15,6874590.5
CL105039,INE238A01026,AXIS BNK LTD EQ,944,0,2675.19,2525379.36
CL851167,INE001A01036,HDFC BANK LTD,104,0,2726.38,283543.52
CL211616,INE001A01036,HDFC BANK LTD,3218,0,608.16,1957058.88
CL908690,INE002A01018,RELIANCE INDS LTD EQ,3031,0,1943.37,5890354.47
CL938467,INE018A01030,LARSEN AND TOUBRO,1260,0,214.68,270496.8
CL699940,INE238A01026,AXIS BANK LTD EQ,1170,0,598.69,700467.3
CL355194,INE002A01018,RELIANCE INDS LTD EQ,295,0,325.63,96060.85
CL021999,INE001A01036,HDFC BANK LTD,168,0,164.87,27698.16
CL158649,INE237A01028,KOTAK MAHINDRA BANK,1462,0,596.96,872755.52
CL651214,INE062A01020,STATE BANK OF INDIA,3437,0,1029.46,3538254.02
CL975053,INE237A01028,KOTAK MAHINDRA BANK,2048,0,2173.38,4451082.24
CL442338,INE009A01021,INFOSYS LTD,763,0,831.99,634808.37
CL442800,INE001A01036,HDFC BANK LTD,2041,0,376.08,767579.28
CL721537,INE154A01025,ITC LTD EQ,1906,55,710.35,1353927.1
CL344354,INE154A01025,ITC LTD EQ,1709,209,1314.44,2246377.96
CL804598,INE062A01020,STATE BANK OF INDIA,1570,0,1719.07,2698939.9
CL108140,INE002A01018,RELIANCE INDS LTD EQ,667,0,2104.77,1403881.59
CL560257,INE062A01020,STATE BANK OF INDIA,723,0,674.49,487656.27
CL282706,INE009A01021,INFOSYS LTD,3100,0,941.76,2919456.0
CL109651,INE237A01028,KOTAK MAHINDRA BANK,1054,0,2473.11,2606657.94
CL451718,INE155A01022,TATA MOTORS LTD DVR,1707,0,1836.6,3135076.2
CL055052,INE001A01036,HDFC BANK LTD,1585,0,1086.25,1721706.25
CL496530,INE155A01022,TATA MOTORS LTD,2955,0,2334.63,6898831.65
CL084216,INE018A01030,LARSEN AND TOUBRO,2137,0,547.06,1169067.22
CL531517,INE154A01025,ITC LTD EQ,3498,364,1885.99,6597193.02
CL064461,INE001A01036,HDFC BANK LTD DVR,2738,0,2418.35,6621442.3
CL279724,INE155A01022,TATA MOTORS LTD,1173,473,339.27,397963.71
CL132168,INE018A01030,LARSEN AND TOUBRO,2115,0,1563.64,3307098.6
CL317833,INE090A01021,ICICI BANK LTD DVR,402,0,1663.09,668562.18
CL679672,INE090A01021,ICICI BANK LTD,2427,369,328.34,796881.18
CL867935,INE237A01028,KOTAK MAHINDRA BANK,160,0,132.07,21131.2
CL415943,INE238A01026,AXIS BANK LTD EQ,2284,0,2395.91,5472258.44
CL593058,INE154A01025,ITC LTD EQ,2781,0,1543.91,4293613.71
CL094132,INE154A01025,ITC LTD EQ,1298,0,2765.26,3589307.48
CL597972,INE062A01020,STATE BANK OF INDIA,1176,0,1503.15,1767704.4
CL141589,INE002A01018,RELIANCE INDS LTD EQ,2310,0,1149.56,2655483.6
CL006814,INE238A01026,AXIS BANK LTD EQ,872,0,140.34,122376.48
CL022400,INE062A01020,STATE BANK OF INDIA,3224,0,2265.82,7305003.68
CL327504,INE090A01021,ICICI BANK LTD DVR,1951,0,1831.7,3573646.7
CL119124,INE237A01028,KOTAK MAHINDRA BANK,1028,0,1038.37,1067444.36
CL333235,INE090A01021,ICICI BANK LTD,2099,0,1452.74,3049301.26
CL974638,INE155A01022,TATA MOTORS LTD,489,0,1213.57,593435.73
CL630991,INE155A01022,TATA MOTORS LTD,207,0,1080.0,223560.0
CL477753,INE062A01020,STATE BANK OF INDIA,929,0,411.82,382580.78
CL193694,INE001A01036,HDFC BANK LTD,342,0,466.55,159560.1
CL447087,INE062A01020,STATE BNK OF INDIA,2643,0,1148.68,3035961.24
CL953150,INE062A01020,STATE BNK OF INDIA,518,0,2193.73,1136352.14
CL387532,INE018A01030,LARSEN AND TOUBRO,81,0,2740.47,221978.07
CL774946,INE018A01030,LARSEN AND TOUBRO,561,0,349.12,195856.32
CL668346,INE018A01030,LARSEN AND TOUBRO,3185,0,1489.51,4744089.35
CL830036,INE238A01026,AXIS BANK LTD EQ,775,0,1392.71,1079350.25
CL519502,INE155A01022,TATA MOTORS LTD,2608,0,899.66,2346313.28
CL958853,INE009A01021,INFOSYS LTD,1630,0,2404.78,3919791.4
CL788710,INE154A01025,ITC LTD EQ,2235,0,2427.55,5425574.25
CL407098,INE238A01026,AXIS BANK LTD EQ,2118,0,1976.26,4185718.68
CL101349,INE001A01036,HDFC BANK LTD,419,0,2711.0,1135909.0
CL034615,INE238A01026,AXIS BNK LTD EQ,3117,0,1973.34,6150900.78
CL518632,INE238A01026,AXIS BANK LTD DVR EQ,2267,243,290.51,658586.17
CL039093,INE154A01025,ITC LTD EQ,397,0,156.13,61983.61
CL410353,INE090A01021,ICICI BANK LTD,1217,0,2655.37,3231585.29
CL518986,INE237A01028,KOTAK MAHINDRA BANK,146,0,444.69,64924.74
CL712502,INE009A01021,INFOSYS LTD,2053,0,947.06,1944314.18
CL442816,INE154A01025,ITC LTD EQ,2524,0,521.42,1316064.08
CL601438,INE237A01028,KOTAK MAHINDRA BANK,3307,425,2864.59,9473199.13
CL638001,INE237A01028,KOTAK MAHINDRA BANK,759,0,218.79,166061.61
CL324183,INE062A01020,STATE BANK OF INDIA,1259,6,465.27,585774.93
CL913530,INE238A01026,AXIS BANK LTD EQ,235,0,730.0,171550.0
CL760796,INE018A01030,LARSEN AND TOUBRO,3385,0,1073.91,3635185.35
CL727314,INE001A01036,HDFC BANK LTD,288,0,1902.44,547902.72
CL199970,INE018A01030,LARSEN AND TOUBRO,1419,0,2236.18,3173139.42
CL779561,INE062A01020,STATE BANK OF INDIA,1184,0,639.9,757641.6
CL031540,INE009A01021,INFOSYS LTD,2267,0,1990.06,4511466.02
CL770192,INE237A01028,KOTAK MAHINDRA BANK,192,165,1656.77,318099.84
CL792419,INE155A01022,TATA MOTORS LTD,3385,0,784.59,2655837.15
CL058842,INE062A01020,STATE BANK OF INDIA,1931,0,1513.8,2923147.8
CL888629,INE238A01026,AXIS BANK LTD EQ,2758,0,1660.39,4579355.62
CL083810,INE062A01020,STATE BANK OF INDIA,1492,0,1273.53,1900106.76
CL562490,INE009A01021,INFOSYS LTD,2539,0,930.12,2361574.68
CL958297,INE002A01018,RELIANCE INDS LTD EQ,2908,246,236.76,688498.08
CL050408,INE238A01026,AXIS BANK LTD EQ,2995,0,2384.61,7141906.95
CL678519,INE237A01028,KOTAK MAHINDRA BANK,2052,0,1880.56,3858909.12
CL549859,INE002A01018,RELIANCE INDS LTD EQ,481,0,2754.77,1325044.37
CL027561,INE154A01025,ITC LTD EQ,624,0,2827.4,1764297.6
CL943263,INE237A01028,KOTAK MAHINDRA BANK,377,0,932.15,351420.55
CL726438,INE154A01025,ITC LTD EQ,3170,0,2260.84,7166862.8
CL836600,INE155A01022,TATA MOTORS LTD,2871,0,469.21,1347101.91
CL390231,INE062A01020,STATE BANK OF INDIA,2728,0,713.28,1945827.84
CL261492,INE154A01025,ITC LTD EQ,657,0,1980.87,1301431.59
CL408518,INE090A01021,ICICI BNK LTD,859,0,2468.05,2120054.95
CL651489,INE002A01018,RELIANCE INDS LTD EQ,2123,0,2377.18,5046753.14
CL580441,INE155A01022,TATA MOTORS LTD,2673,0,2162.83,5781244.59
CL577303,INE154A01025,ITC LTD EQ,908,0,996.68,904985.44
CL556525,INE009A01021,INFOSYS LTD,432,0,2845.25,1229148.0
CL878843,INE237A01028,KOTAK MAHINDRA BANK,2746,0,1849.18,5077848.28
CL228975,INE062A01020,STATE BANK OF INDIA,1208,0,2042.71,2467593.68
CL891197,INE002A01018,RELIANCE INDS LTD EQ,2890,0,1355.68,3917915.2
CL428969,INE155A01022,TATA MOTORS LTD,2196,0,549.25,1206153.0
CL686112,INE154A01025,ITC LTD EQ,3006,0,1040.85,3128795.1
CL161635,INE238A01026,AXIS BANK LTD EQ,4,0,1312.77,5251.08
CL489869,INE018A01030,LARSEN AND TOUBRO,2258,403,337.62,762345.96
CL730071,INE018A01030,LARSEN AND TOUBRO,2843,0,2937.54,8351426.22
CL365895,INE062A01020,STATE BANK OF INDIA,809,0,1021.9,826717.1
CL526531,INE155A01022,TATA MOTORS LTD,1472,0,2233.14,3287182.08
CL417226,INE090A01021,ICICI BNK LTD,2471,328,1667.26,4119799.46
CL023107,INE090A01021,ICICI BANK LTD,3131,2,722.48,2262084.88
CL726666,INE062A01020,STATE BANK OF INDIA,2204,0,950.17,2094174.68
CL964554,INE018A01030,LARSEN AND TOUBRO,2882,0,568.79,1639252.78
CL919582,INE001A01036,HDFC BANK LTD,381,0,2468.49,940494.69
CL308446,INE238A01026,AXIS BANK LTD EQ,2193,0,1502.7,3295421.1
CL972816,INE238A01026,AXIS BANK LTD EQ,1984,0,173.05,343331.2
CL128057,INE238A01026,AXIS BANK LTD EQ,2543,0,204.71,520577.53
CL814489,INE154A01025,ITC LTD EQ,1629,85,2665.09,4341431.61
CL221309,INE090A01021,ICICI BANK LTD,3360,0,685.0,2301600.0
CL407098,INE002A01018,RELIANCE INDS LTD DVR EQ,1878,0,2978.0,5592684.0
CL869584,INE062A01020,STATE BNK OF INDIA,1692,0,1854.45,3137729.4
CL205663,INE090A01021,ICICI BANK LTD,1743,0,823.3,1435011.9
CL477992,INE001A01036,HDFC BNK LTD,816,0,960.98,784159.68
CL956504,INE237A01028,KOTAK MAHINDRA BANK,1419,0,968.48,1374273.12
CL727053,INE002A01018,RELIANCE INDS LTD DVR EQ,1085,0,2892.47,3138329.95
CL343476,INE154A01025,ITC LTD EQ,780,0,581.73,453749.4
CL629673,INE018A01030,LARSEN AND TOUBRO,308,0,1769.5,545006.0
CL184758,INE154A01025,ITC LTD EQ,2716,0,2785.78,7566178.48
CL259121,INE002A01018,RELIANCE INDS LTD EQ,1049,0,2256.99,2367582.51
CL799599,INE009A01021,INFOSYS LTD,3387,0,363.91,1232563.17
CL635920,INE002A01018,RELIANCE INDS LTD EQ,1798,0,526.81,947204.38
CL397239,INE062A01020,STATE BANK OF INDIA,856,0,1711.7,1465215.2
CL007872,INE002A01018,RELIANCE INDS LTD EQ,1768,0,1308.47,2313374.96
CL562408,INE238A01026,AXIS BANK LTD EQ,1600,0,1533.13,2453008.0
CL939968,INE090A01021,ICICI BANK LTD,1137,0,1332.29,1514813.73
CL850615,INE238A01026,AXIS BANK LTD EQ,490,0,818.16,400898.4
CL538426,INE155A01022,TATA MOTORS LTD,713,0,239.99,171112.87
CL954461,INE009A01021,INFOSYS LTD,2615,0,1021.92,2672320.8
CL779706,INE002A01018,RELIANCE INDS LTD EQ,1204,246,1777.15,2139688.6
CL192000,INE154A01025,ITC LTD EQ,1885,0,1630.42,3073341.7
CL000268,INE002A01018,RELIANCE INDS LTD EQ,1156,0,2822.48,3262786.88
CL894852,INE009A01021,INFOSYS LTD,982,0,2290.26,2249035.32
CL873744,INE155A01022,TATA MOTORS LTD,2277,0,2634.65,5999098.05
CL173689,INE238A01026,AXIS BANK LTD EQ,540,0,991.08,535183.2
CL504610,INE237A01028,KOTAK MAHINDRA BANK,2245,0,1084.1,2433804.5
CL769115,INE001A01036,HDFC BANK LTD DVR,1970,0,2418.25,4763952.5
CL371388,INE154A01025,ITC LTD EQ,2259,0,2024.32,4572938.88
CL041356,INE001A01036,HDFC BANK LTD,3208,0,1545.84,4959054.72
CL347736,INE062A01020,STATE BANK OF INDIA,2100,0,182.32,382872.0
CL649302,INE155A01022,TATA MOTORS LTD DVR,2411,105,355.52,857158.72
CL416589,INE238A01026,AXIS BANK LTD EQ,3332,320,2231.6,7435691.2
CL632608,INE155A01022,TATA MOTORS LTD,3165,0,2205.56,6980597.4
CL462365,INE009A01021,INFOSYS LTD,1404,204,1655.75,2324673.0
CL809949,INE238A01026,AXIS BANK LTD EQ,3106,0,1856.36,5765854.16
CL768282,INE154A01025,ITC LTD EQ,1298,0,1704.52,2212466.96
CL285139,INE002A01018,RELIANCE INDS LTD EQ,1208,0,1178.83,1424026.64
CL478589,INE002A01018,RELIANCE INDS LTD EQ,555,0,1570.82,871805.1
CL171315,INE009A01021,INFOSYS LTD,2734,0,854.36,2335820.24
CL976410,INE018A01030,LARSEN AND TOUBRO,3427,0,2161.06,7405952.62
CL741945,INE009A01021,INFOSYS LTD,2788,0,1074.88,2996765.44
CL067249,INE237A01028,KOTAK MAHINDRA BANK,3057,0,2763.37,8447622.09
CL565144,INE009A01021,INFOSYS LTD,3123,0,2672.31,8345624.13
CL064598,INE090A01021,ICICI BANK LTD,1339,0,2347.09,3142753.51
CL485550,INE009A01021,INFOSYS LTD,2370,0,1105.01,2618873.7
CL645880,INE009A01021,INFOSYS LTD,3087,0,1092.31,3371960.97
CL469463,INE009A01021,INFOSYS LTD,1836,0,2141.19,3931224.84
CL412487,INE155A01022,TATA MOTORS LTD,606,0,141.76,85906.56
CL736436,INE062A01020,STATE BANK OF INDIA,2671,0,2590.13,6918237.23
CL111620,INE001A01036,HDFC BANK LTD,420,0,2507.77,1053263.4
CL063023,INE155A01022,TATA MOTORS LTD DVR,173,0,1105.81,191305.13
CL111984,INE155A01022,TATA MOTORS LTD,2651,0,1218.84,3231144.84
CL391558,INE018A01030,LARSEN AND TOUBRO,1837,0,774.67,1423068.79
CL926554,INE018A01030,LARSEN AND TOUBRO,2669,0,1951.64,5208927.16
CL870804,INE238A01026,AXIS BANK LTD EQ,2172,0,2582.41,5608994.52
CL170669,INE009A01021,INFOSYS LTD,47,0,2448.24,115067.28
CL322617,INE237A01028,KOTAK MAHINDRA BANK,2318,0,2673.61,6197427.98
CL262371,INE002A01018,RELIANCE INDS LTD EQ,136,0,2174.86,295780.96
CL469277,INE009A01021,INFOSYS LTD,836,0,278.14,232525.04
CL739455,INE154A01025,ITC LTD EQ,856,211,1213.89,1039089.84
CL490058,INE018A01030,LARSEN AND TOUBRO,3132,0,1609.12,5039763.84
CL638506,INE237A01028,KOTAK MAHINDRA BNK,2620,0,610.02,1598252.4
CL694277,INE018A01030,LARSEN AND TOUBRO,1503,0,2768.63,4161250.89
CL885838,INE154A01025,ITC LTD EQ,1246,364,1644.31,2048810.26
CL011430,INE090A01021,ICICI BANK LTD,1998,0,800.85,1600098.3
CL763695,INE001A01036,HDFC BANK LTD,809,0,2795.48,2261543.32
CL051725,INE237A01028,KOTAK MAHINDRA BANK,1643,0,190.64,313221.52
CL789996,INE090A01021,ICICI BANK LTD,3078,0,1743.83,5367508.74
CL134028,INE154A01025,ITC LTD EQ,1035,0,474.16,490755.6
CL662363,INE002A01018,RELIANCE INDS LTD EQ,1197,0,1202.65,1439572.05
CL207170,INE155A01022,TATA MOTORS LTD,3290,0,239.35,787461.5
CL917205,INE237A01028,KOTAK MAHINDRA BANK,1373,0,1731.43,2377253.39
CL301643,INE062A01020,STATE BANK OF INDIA,1900,61,2281.63,4335097.0
CL653231,INE238A01026,AXIS BANK LTD EQ,1382,163,1538.79,2126607.78
CL559468,INE154A01025,ITC LTD EQ,1955,0,709.19,1386466.45
CL550968,INE237A01028,KOTAK MAHINDRA BANK,2206,0,164.65,363217.9
CL773508,INE155A01022,TATA MOTORS LTD,1178,0,201.68,237579.04
CL712377,INE155A01022,TATA MOTORS LTD,1878,0,2234.3,4196015.4
CL454475,INE154A01025,ITC LTD EQ,1066,0,1469.57,1566561.62
CL892374,INE018A01030,LARSEN AND TOUBRO,2522,0,1800.06,4539751.32
CL098276,INE238A01026,AXIS BANK LTD EQ,2211,200,966.74,2137462.14
CL650778,INE009A01021,INFOSYS LTD,469,0,1434.97,673000.93
CL791253,INE062A01020,STATE BANK OF INDIA,3096,0,2554.38,7908360.48
CL107394,INE154A01025,ITC LTD EQ,1555,0,2711.53,4216429.15
CL047703,INE237A01028,KOTAK MAHINDRA BANK,3050,268,2230.87,6804153.5
CL926791,INE002A01018,RELIANCE INDS LTD EQ,491,376,2604.95,1279030.45
CL001466,INE090A01021,ICICI BNK LTD,1089,0,127.31,138640.59
CL387185,INE009A01021,INFOSYS LTD,3023,487,2686.13,8120170.99
CL083339,INE009A01021,INFOSYS LTD,3018,0,2794.69,8434374.42
CL862798,INE238A01026,AXIS BANK LTD EQ,2367,0,2651.52,6276147.84
CL528014,INE154A01025,ITC LTD EQ,1814,0,532.14,965301.96
CL135523,INE018A01030,LARSEN AND TOUBRO,610,0,1514.55,923875.5
CL507186,INE237A01028,KOTAK MAHINDRA BANK,3260,0,715.19,2331519.4
CL549241,INE002A01018,RELIANCE INDS LTD EQ,701,0,1327.07,930276.07
CL036905,INE062A01020,STATE BANK OF INDIA,1985,0,2575.82,5113002.7
CL717052,INE237A01028,KOTAK MAHINDRA BANK,2105,0,701.4,1476447.0
CL898507,INE090A01021,ICICI BANK LTD,2567,0,1095.02,2810916.34
CL128505,INE238A01026,AXIS BANK LTD DVR EQ,465,0,2758.41,1282660.65
CL044690,INE238A01026,AXIS BANK LTD EQ,396,0,1021.55,404533.8
CL265336,INE062A01020,STATE BANK OF INDIA,205,0,2376.28,487137.4
CL968645,INE238A01026,AXIS BANK LTD EQ,1290,0,158.1,203949.0
CL402340,INE154A01025,ITC LTD EQ,3258,283,889.89,2899261.62
CL447244,INE018A01030,LARSEN AND TOUBRO,2507,0,2968.52,7442079.64
CL080081,INE001A01036,HDFC BANK LTD,2787,170,1172.45,3267618.15
CL607190,INE001A01036,HDFC BANK LTD,611,0,1067.41,652187.51
CL025411,INE062A01020,STATE BANK OF INDIA,1089,0,876.71,954737.19
CL313634,INE154A01025,ITC LTD EQ,1923,0,2723.43,5237155.89
CL701761,INE155A01022,TATA MOTORS LTD,3179,0,1508.18,4794504.22
CL123928,INE154A01025,ITC LTD EQ,1238,394,874.9,1083126.2
CL030546,INE062A01020,STATE BANK OF INDIA,580,0,1921.7,1114586.0
CL198448,INE001A01036,HDFC BANK LTD,3414,0,2240.29,7648350.06
CL995532,INE154A01025,ITC LTD EQ,774,0,2865.18,2217649.32
CL127459,INE001A01036,HDFC BNK LTD,2043,0,1824.09,3726615.87
CL154861,INE001A01036,HDFC BANK LTD,1466,33,1265.47,1855179.02
CL650574,INE018A01030,LARSEN AND TOUBRO,651,0,1730.97,1126861.47
CL090743,INE062A01020,STATE BANK OF INDIA,1276,0,2483.96,3169532.96
CL054542,INE002A01018,RELIANCE INDS LTD EQ,736,0,425.11,312880.96
CL009547,INE018A01030,LARSEN AND TOUBRO,3254,0,2781.26,9050220.04
CL957229,INE062A01020,STATE BANK OF INDIA,382,0,433.69,165669.58
CL386791,INE062A01020,STATE BNK OF INDIA,2480,0,649.03,1609594.4
CL498619,INE090A01021,ICICI BANK LTD DVR,2614,0,1969.86,5149214.04
CL282453,INE001A01036,HDFC BANK LTD,184,0,2245.42,413157.28
CL244279,INE009A01021,INFOSYS LTD DVR,2927,0,1168.09,3418999.43
CL822803,INE001A01036,HDFC BANK LTD,3057,0,1764.76,5394871.32
CL041326,INE155A01022,TATA MOTORS LTD,1932,0,2947.87,5695284.84
CL816612,INE154A01025,ITC LTD EQ,621,0,2428.41,1508042.61
CL238878,INE155A01022,TATA MOTORS LTD DVR,138,138,1930.07,266349.66
CL418606,INE001A01036,HDFC BANK LTD,1741,0,2743.0,4775563.0
CL012079,INE155A01022,TATA MOTORS LTD,1756,0,1162.15,2040735.4
CL270184,INE001A01036,HDFC BANK LTD DVR,1809,0,2893.33,5234033.97
CL574675,INE009A01021,INFOSYS LTD,328,204,919.62,301635.36
CL869601,INE155A01022,TATA MOTORS LTD,1050,34,2776.57,2915398.5
CL668028,INE090A01021,ICICI BANK LTD,3478,211,2857.72,9939150.16
CL960653,INE001A01036,HDFC BNK LTD,582,0,2913.77,1695814.14
CL219516,INE009A01021,INFOSYS LTD,1986,468,2302.41,4572586.26
CL368674,INE090A01021,ICICI BANK LTD DVR,853,0,407.97,347998.41
CL070189,INE018A01030,LARSEN AND TOUBRO,319,0,784.27,250182.13
CL125569,INE237A01028,KOTAK MAHINDRA BANK,1774,0,466.22,827074.28
CL753366,INE001A01036,HDFC BANK LTD,989,0,1913.76,1892708.64
CL448555,INE002A01018,RELIANCE INDS LTD EQ,2979,0,660.71,1968255.09
CL315997,INE009A01021,INFOSYS LTD,2087,0,1634.13,3410429.31
CL309535,INE062A01020,STATE BANK OF INDIA,2108,0,1836.62,3871594.96
CL682854,INE155A01022,TATA MOTORS LTD,1747,0,2110.1,3686344.7
CL934499,INE009A01021,INFOSYS LTD,580,0,2621.84,1520667.2
CL999221,INE155A01022,TATA MOTORS LTD,3222,402,2269.66,7312844.52
CL701389,INE155A01022,TATA MOTORS LTD,873,0,259.42,226473.66
CL835750,INE090A01021,ICICI BANK LTD,3406,0,2591.06,8825150.36
CL060923,INE009A01021,INFOSYS LTD,744,0,1344.8,1000531.2
CL899550,INE155A01022,TATA MOTORS LTD,773,0,119.26,92187.98
CL126880,INE090A01021,ICICI BANK LTD,2715,0,1532.94,4161932.1
CL911483,INE237A01028,KOTAK MAHINDRA BANK,3479,0,1657.23,5765503.17
CL629370,INE154A01025,ITC LTD EQ,567,0,1003.18,568803.06
CL961025,INE002A01018,RELIANCE INDS LTD EQ,2563,0,843.91,2162941.33
CL321285,INE237A01028,KOTAK MAHINDRA BANK,2998,0,2347.69,7038374.62
CL834712,INE155A01022,TATA MOTORS LTD,3443,0,1988.1,6845028.3
CL577545,INE002A01018,RELIANCE INDS LTD DVR EQ,1471,0,2789.7,4103648.7
CL757468,INE062A01020,STATE BANK OF INDIA,3119,0,1830.12,5708144.28
CL045399,INE237A01028,KOTAK MAHINDRA BNK,1290,0,2101.87,2711412.3
CL914649,INE009A01021,INFOSYS LTD,2378,0,1370.74,3259619.72
CL513665,INE009A01021,INFOSYS LTD DVR,2021,0,2512.11,5076974.31
CL942160,INE090A01021,ICICI BANK LTD,822,0,311.25,255847.5
CL636415,INE090A01021,ICICI BANK LTD,1548,0,1108.95,1716654.6
CL119862,INE155A01022,TATA MOTORS LTD,2040,0,2816.71,5746088.4
CL280673,INE002A01018,RELIANCE INDS LTD EQ,2512,0,1180.38,2965114.56
CL777373,INE237A01028,KOTAK MAHINDRA BANK,1017,0,2337.22,2376952.74
CL594040,INE018A01030,LARSEN AND TOUBRO,2184,373,951.71,2078534.64
CL252185,INE062A01020,STATE BANK OF INDIA,3384,0,2931.52,9920263.68
CL754982,INE001A01036,HDFC BANK LTD DVR,839,0,2035.03,1707390.17
CL185953,INE154A01025,ITC LTD EQ,2993,0,650.42,1946707.06
CL479489,INE238A01026,AXIS BANK LTD EQ,2050,0,1116.8,2289440.0
CL380394,INE155A01022,TATA MOTORS LTD,2405,0,1721.11,4139269.55
CL290928,INE090A01021,ICICI BANK LTD DVR,538,0,2077.31,1117592.78
CL123359,INE154A01025,ITC LTD EQ,3003,326,827.59,2485252.77
CL588603,INE018A01030,LARSEN AND TOUBRO,1343,0,2456.21,3298690.03
CL128640,INE154A01025,ITC LTD EQ,2079,491,2513.36,5225275.44
CL552712,INE009A01021,INFOSYS LTD,2957,0,779.57,2305188.49
CL222433,INE238A01026,AXIS BANK LTD EQ,1193,0,1295.46,1545483.78
CL098570,INE154A01025,ITC LTD DVR EQ,1323,248,699.1,924909.3
CL078718,INE237A01028,KOTAK MAHINDRA BANK,2910,0,771.89,2246199.9
CL523219,INE009A01021,INFOSYS LTD DVR,3332,0,1262.38,4206250.16
CL431742,INE237A01028,KOTAK MAHINDRA BANK,1012,0,2316.65,2344449.8
CL555971,INE002A01018,RELIANCE INDS LTD EQ,1078,0,2315.71,2496335.38
CL333601,INE002A01018,RELIANCE INDS LTD DVR EQ,2159,148,2634.1,5687021.9
CL108024,INE090A01021,ICICI BANK LTD,1724,0,868.51,1497311.24
CL621148,INE001A01036,HDFC BANK LTD,630,0,1949.84,1228399.2
CL484001,INE154A01025,ITC LTD DVR EQ,2958,0,756.68,2238259.44
CL508199,INE155A01022,TATA MOTORS LTD,1655,0,732.13,1211675.15
CL623195,INE018A01030,LARSEN AND TOUBRO,3274,0,2297.32,7521425.68
CL081709,INE155A01022,TATA MOTORS LTD,210,0,1246.33,261729.3
CL135129,INE238A01026,AXIS BANK LTD DVR EQ,1270,0,2066.17,2624035.9
CL919402,INE238A01026,AXIS BANK LTD EQ,1493,0,845.3,1262032.9
CL643108,INE237A01028,KOTAK MAHINDRA BNK,1285,29,906.37,1164685.45
CL505794,INE155A01022,TATA MOTORS LTD,832,0,1879.28,1563560.96
CL833254,INE090A01021,ICICI BANK LTD,2723,0,1631.61,4442874.03
CL059378,INE238A01026,AXIS BANK LTD EQ,1951,0,1838.63,3587167.13
CL276896,INE237A01028,KOTAK MAHINDRA BNK,784,242,1307.06,1024735.04
CL410283,INE237A01028,KOTAK MAHINDRA BANK,1882,344,2409.71,4535074.22
CL025438,INE237A01028,KOTAK MAHINDRA BANK,1506,0,934.03,1406649.18
CL880859,INE009A01021,INFOSYS LTD,859,0,295.36,253714.24
CL785269,INE002A01018,RELIANCE INDS LTD DVR EQ,193,0,1869.39,360792.27
CL845498,INE155A01022,TATA MOTORS LTD,2128,0,2810.39,5980509.92
CL955579,INE062A01020,STATE BANK OF INDIA,235,0,551.02,129489.7
CL987359,INE090A01021,ICICI BANK LTD,689,0,1600.69,1102875.41
CL973962,INE062A01020,STATE BANK OF INDIA,1066,0,2318.45,2471467.7
CL099550,INE002A01018,RELIANCE INDS LTD EQ,1061,486,2795.07,2965569.27
CL489891,INE002A01018,RELIANCE INDS LTD DVR EQ,1396,0,2040.63,2848719.48
CL312402,INE009A01021,INFOSYS LTD,41,0,1701.04,69742.64
CL842244,INE018A01030,LARSEN AND TOUBRO,2149,0,522.86,1123626.14
CL805127,INE001A01036,HDFC BANK LTD,1509,144,702.24,1059680.16
CL794418,INE062A01020,STATE BANK OF INDIA,3488,497,1695.92,5915368.96
CL081952,INE155A01022,TATA MOTORS LTD,1347,0,664.74,895404.78
CL216754,INE062A01020,STATE BANK OF INDIA,532,0,1418.8,754801.6
CL841575,INE237A01028,KOTAK MAHINDRA BANK,388,0,200.74,77887.12
CL199613,INE155A01022,TATA MOTORS LTD,3022,0,803.59,2428448.98
CL888585,INE237A01028,KOTAK MAHINDRA BANK,1170,0,670.1,784017.0
CL446637,INE155A01022,TATA MOTORS LTD,2407,0,1093.4,2631813.8
CL646992,INE001A01036,HDFC BANK LTD DVR,3440,0,2137.94,7354513.6
CL528521,INE001A01036,HDFC BANK LTD,3124,0,1002.3,3131185.2
CL638042,INE155A01022,TATA MOTORS LTD,3227,0,1990.03,6421826.81
CL052620,INE002A01018,RELIANCE INDS LTD EQ,1198,0,244.9,293390.2
CL030538,INE018A01030,LARSEN AND TOUBRO,2312,270,846.02,1955998.24
CL628705,INE001A01036,HDFC BANK LTD,193,0,637.42,123022.06
CL101554,INE237A01028,KOTAK MAHINDRA BANK,1084,0,2688.27,2914084.68
CL373082,INE237A01028,KOTAK MAHINDRA BANK,3407,0,857.96,2923069.72
CL079025,INE090A01021,ICICI BANK LTD,3105,0,2470.84,7671958.2
CL928252,INE154A01025,ITC LTD EQ,87,0,2924.44,254426.28
CL392217,INE154A01025,ITC LTD EQ,1274,0,295.69,376709.06
CL665614,INE062A01020,STATE BANK OF INDIA,1332,0,2582.72,3440183.04
CL838377,INE002A01018,RELIANCE INDS LTD DVR EQ,1470,0,2499.21,3673838.7
CL113625,INE154A01025,ITC LTD EQ,1675,0,2408.03,4033450.25
CL755555,INE154A01025,ITC LTD EQ,1475,0,2659.31,3922482.25
CL075791,INE238A01026,AXIS BANK LTD DVR EQ,2782,359,218.09,606726.38
CL354657,INE002A01018,RELIANCE INDS LTD EQ,2103,0,541.04,1137807.12
CL695291,INE018A01030,LARSEN AND TOUBRO,3150,0,335.97,1058305.5
CL214422,INE237A01028,KOTAK MAHINDRA BANK,2696,16,2725.34,7347516.64
CL708940,INE009A01021,INFOSYS LTD,732,0,939.24,687523.68
CL455464,INE155A01022,TATA MOTORS LTD,2352,0,811.89,1909565.28
CL203749,INE155A01022,TATA MOTORS LTD DVR,668,0,683.97,456891.96
CL823691,INE154A01025,ITC LTD EQ,2509,0,1755.64,4404900.76
CL362135,INE155A01022,TATA MOTORS LTD,389,0,315.24,122628.36
CL424962,INE002A01018,RELIANCE INDS LTD EQ,3019,0,1640.21,4951793.99
CL407253,INE154A01025,ITC LTD EQ,661,0,2752.13,1819157.93
CL688617,INE155A01022,TATA MOTORS LTD,1038,0,1565.56,1625051.28
CL135801,INE018A01030,LARSEN AND TOUBRO,591,0,2323.06,1372928.46
CL479174,INE062A01020,STATE BNK OF INDIA,3095,35,2685.42,8311374.9
CL116706,INE238A01026,AXIS BNK LTD EQ,3033,0,2204.32,6685702.56
CL223392,INE237A01028,KOTAK MAHINDRA BANK,3244,0,402.8,1306683.2
CL236036,INE237A01028,KOTAK MAHINDRA BANK,1098,0,2661.77,2922623.46
CL112540,INE154A01025,ITC LTD EQ,2306,0,1385.64,3195285.84
CL276857,INE155A01022,TATA MOTORS LTD,1253,0,1849.12,2316947.36
CL497720,INE237A01028,KOTAK MAHINDRA BANK,3067,0,672.08,2061269.36
CL792183,INE237A01028,KOTAK MAHINDRA BANK,650,225,2096.59,1362783.5
CL656763,INE009A01021,INFOSYS LTD,675,0,529.77,357594.75
CL316650,INE154A01025,ITC LTD EQ,1971,0,2026.54,3994310.34
CL335946,INE155A01022,TATA MOTORS LTD,1897,54,2825.5,5359973.5
CL624411,INE238A01026,AXIS BANK LTD EQ,2293,0,1163.25,2667332.25
CL720745,INE154A01025,ITC LTD EQ,311,0,1291.25,401578.75
CL435301,INE155A01022,TATA MOTORS LTD,258,0,1970.21,508314.18
CL467995,INE155A01022,TATA MOTORS LTD,1532,0,2234.44,3423162.08
CL103168,INE018A01030,LARSEN AND TOUBRO,1231,0,1210.43,1490039.33
CL715652,INE238A01026,AXIS BANK LTD EQ,1958,0,2093.0,4098094.0
CL951471,INE062A01020,STATE BANK OF INDIA,189,23,1818.59,343713.51
CL013941,INE154A01025,ITC LTD EQ,1765,0,1991.4,3514821.0
CL567397,INE155A01022,TATA MOTORS LTD,2881,0,2717.9,7830269.9
CL173126,INE237A01028,KOTAK MAHINDRA BANK,3217,0,1454.05,4677678.85
CL284562,INE002A01018,RELIANCE INDS LTD EQ,1277,0,1685.01,2151757.77
CL330894,INE237A01028,KOTAK MAHINDRA BANK,2688,0,219.6,590284.8
CL495380,INE001A01036,HDFC BANK LTD,1750,0,532.71,932242.5
CL984688,INE155A01022,TATA MOTORS LTD,949,0,1055.61,1001773.89
CL634978,INE090A01021,ICICI BANK LTD,552,0,1800.9,994096.8
CL383313,INE155A01022,TATA MOTORS LTD,182,69,2038.56,371017.92
CL659882,INE090A01021,ICICI BANK LTD,1580,0,1805.09,2852042.2
CL529957,INE062A01020,STATE BANK OF INDIA,446,0,504.15,224850.9
CL255237,INE237A01028,KOTAK MAHINDRA BANK,3170,0,2478.42,7856591.4
CL491821,INE237A01028,KOTAK MAHINDRA BANK,1897,442,1390.27,2637342.19
CL335224,INE090A01021,ICICI BNK LTD,3139,0,2565.95,8054517.05
CL202911,INE002A01018,RELIANCE INDS LTD DVR EQ,2554,0,1161.92,2967543.68
CL189127,INE002A01018,RELIANCE INDS LTD EQ,2223,0,762.95,1696037.85
CL995747,INE154A01025,ITC LTD EQ,2251,0,652.9,1469677.9
CL797913,INE001A01036,HDFC BANK LTD,594,0,2508.72,1490179.68
CL959893,INE237A01028,KOTAK MAHINDRA BANK,1651,0,1040.91,1718542.41
CL831405,INE002A01018,RELIANCE INDS LTD EQ,896,0,1328.49,1190327.04
CL083118,INE090A01021,ICICI BANK LTD,1762,279,1304.26,2298106.12
CL926099,INE002A01018,RELIANCE INDS LTD EQ,465,0,615.03,285988.95
CL830682,INE002A01018,RELIANCE INDS LTD EQ,2801,0,1650.61,4623358.61
CL258743,INE090A01021,ICICI BANK LTD DVR,3002,0,1196.52,3591953.04
CL304457,INE090A01021,ICICI BANK LTD,397,0,2600.54,1032414.38
CL252654,INE238A01026,AXIS BANK LTD EQ,604,0,962.01,581054.04
CL916293,INE062A01020,STATE BANK OF INDIA,1233,0,1823.15,2247943.95
CL778704,INE154A01025,ITC LTD EQ,3452,190,1085.69,3747801.88
CL751753,INE155A01022,TATA MOTORS LTD,2074,0,2972.37,6164695.38
CL380280,INE237A01028,KOTAK MAHINDRA BANK,2369,227,1164.46,2758605.74
CL049551,INE155A01022,TATA MOTORS LTD DVR,1762,0,2944.71,5188579.02
CL073504,INE009A01021,INFOSYS LTD,5,2,476.76,2383.8
CL750789,INE238A01026,AXIS BANK LTD EQ,615,0,725.92,446440.8
CL760482,INE002A01018,RELIANCE INDS LTD EQ,467,275,997.68,465916.56
CL660028,INE154A01025,ITC LTD EQ,2180,0,809.92,1765625.6
CL222611,INE001A01036,HDFC BANK LTD,694,0,315.4,218887.6
CL026565,INE155A01022,TATA MOTORS LTD,2400,0,1563.4,3752160.0
CL100350,INE002A01018,RELIANCE INDS LTD EQ,2551,0,1477.12,3768133.12
CL530833,INE154A01025,ITC LTD EQ,405,0,2791.95,1130739.75
CL279972,INE009A01021,INFOSYS LTD,1522,0,722.67,1099903.74
CL674395,INE062A01020,STATE BNK OF INDIA,2068,0,505.33,1045022.44
CL633978,INE001A01036,HDFC BANK LTD,2212,0,2169.94,4799907.28
CL356562,INE090A01021,ICICI BANK LTD,3390,0,1188.43,4028777.7
CL799571,INE009A01021,INFOSYS LTD,2028,204,2859.81,5799694.68
CL355436,INE002A01018,RELIANCE INDS LTD EQ,2305,0,2176.26,5016279.3
CL389996,INE237A01028,KOTAK MAHINDRA BANK,2126,0,195.04,414655.04
CL669522,INE018A01030,LARSEN AND TOUBRO,2029,0,350.56,711286.24
CL565833,INE237A01028,KOTAK MAHINDRA BANK,3332,0,2540.93,8466378.76
CL070932,INE018A01030,LARSEN AND TOUBRO,3456,57,2422.04,8370570.24
CL737075,INE009A01021,INFOSYS LTD,230,0,2923.44,672391.2
CL167373,INE154A01025,ITC LTD EQ,949,0,2869.06,2722737.94
CL726694,INE238A01026,AXIS BANK LTD EQ,1706,0,490.6,836963.6
CL754568,INE062A01020,STATE BANK OF INDIA,3322,0,809.25,2688328.5
CL631856,INE009A01021,INFOSYS LTD,2517,0,875.26,2203029.42
CL104489,INE001A01036,HDFC BANK LTD,2272,0,1587.32,3606391.04
CL930923,INE090A01021,ICICI BANK LTD,351,0,1035.11,363323.61
CL087213,INE090A01021,ICICI BANK LTD,1726,0,2392.18,4128902.68
CL658632,INE155A01022,TATA MOTORS LTD,1298,0,2341.06,3038695.88
CL459966,INE090A01021,ICICI BANK LTD,794,0,1621.87,1287764.78
CL106517,INE002A01018,RELIANCE INDS LTD DVR EQ,3257,0,2853.72,9294566.04
CL095746,INE154A01025,ITC LTD EQ,1347,0,2193.98,2955291.06
CL173915,INE001A01036,HDFC BANK LTD DVR,2686,0,651.1,1748854.6
CL067773,INE001A01036,HDFC BANK LTD DVR,2671,0,625.32,1670229.72
CL709574,INE238A01026,AXIS BANK LTD EQ,1019,0,1738.85,1771888.15
CL483593,INE018A01030,LARSEN AND TOUBRO,832,0,2229.84,1855226.88
CL933707,INE090A01021,ICICI BANK LTD,2178,0,574.78,1251870.84
CL351771,INE238A01026,AXIS BANK LTD DVR EQ,3025,0,1220.61,3692345.25
CL367524,INE090A01021,ICICI BANK LTD,3275,0,2650.93,8681795.75
CL811756,INE154A01025,ITC LTD EQ,582,0,1352.73,787288.86
CL915531,INE002A01018,RELIANCE INDS LTD EQ,548,0,427.97,234527.56
CL081157,INE002A01018,RELIANCE INDS LTD EQ,383,0,646.39,247567.37
CL977978,INE001A01036,HDFC BANK LTD DVR,2497,0,1564.36,3906206.92
CL123633,INE018A01030,LARSEN AND TOUBRO,772,0,1629.46,1257943.12
CL257719,INE002A01018,RELIANCE INDS LTD EQ,2511,0,2573.78,6462761.58
CL291186,INE062A01020,STATE BANK OF INDIA,2595,0,860.0,2231700.0
CL194027,INE001A01036,HDFC BANK LTD,2564,0,747.37,1916256.68
CL325133,INE062A01020,STATE BANK OF INDIA,3053,0,280.75,857129.75
CL350171,INE237A01028,KOTAK MAHINDRA BANK,497,0,1678.81,834368.57
CL476372,INE154A01025,ITC LTD EQ,628,0,2706.07,1699411.96
CL103032,INE018A01030,LARSEN AND TOUBRO,1794,0,613.73,1101031.62
CL031071,INE002A01018,RELIANCE INDS LTD EQ,179,0,807.87,144608.73
CL515193,INE009A01021,INFOSYS LTD,2619,0,1062.66,2783106.54
CL430440,INE001A01036,HDFC BANK LTD,3142,0,1718.42,5399275.64
CL675663,INE238A01026,AXIS BANK LTD EQ,2295,0,638.78,1466000.1
CL997356,INE062A01020,STATE BANK OF INDIA,1298,353,1660.24,2154991.52
CL627092,INE154A01025,ITC LTD EQ,905,0,2986.88,2703126.4
CL512175,INE001A01036,HDFC BANK LTD,1520,0,961.21,1461039.2
CL501543,INE002A01018,RELIANCE INDS LTD EQ,2546,0,2320.85,5908884.1
CL135970,INE062A01020,STATE BNK OF INDIA,1337,0,1891.18,2528507.66
CL147660,INE155A01022,TATA MOTORS LTD,1708,0,2860.82,4886280.56
CL503943,INE090A01021,ICICI BANK LTD,1890,0,2729.35,5158471.5
CL421975,INE155A01022,TATA MOTORS LTD,1937,0,2841.49,5503966.13
CL556990,INE237A01028,KOTAK MAHINDRA BANK,2892,0,2853.35,8251888.2
CL811631,INE002A01018,RELIANCE INDS LTD EQ,1122,0,1903.67,2135917.74
CL571435,INE062A01020,STATE BANK OF INDIA,2535,0,2186.47,5542701.45
CL334256,INE090A01021,ICICI BANK LTD,2924,0,2460.31,7193946.44
CL718335,INE237A01028,KOTAK MAHINDRA BANK,2731,0,2587.54,7066571.74
CL938288,INE002A01018,RELIANCE INDS LTD EQ,1474,0,2404.33,3543982.42
CL495950,INE009A01021,INFOSYS LTD DVR,1849,0,2805.03,5186500.47
CL157737,INE238A01026,AXIS BANK LTD EQ,606,0,2332.4,1413434.4
CL121131,INE155A01022,TATA MOTORS LTD,3053,0,786.18,2400207.54
CL440308,INE018A01030,LARSEN AND TOUBRO,66,0,1581.06,104349.96
CL690744,INE238A01026,AXIS BNK LTD EQ,284,111,459.03,130364.52
CL149868,INE155A01022,TATA MOTORS LTD,1823,0,1809.6,3298900.8
CL302274,INE154A01025,ITC LTD EQ,1593,0,2124.86,3384901.98
CL708659,INE002A01018,RELIANCE INDS LTD EQ,1686,0,1660.91,2800294.26
CL299727,INE155A01022,TATA MOTORS LTD,3091,0,1478.27,4569332.57
CL287170,INE062A01020,STATE BANK OF INDIA,1950,0,2457.07,4791286.5
CL028039,INE238A01026,AXIS BANK LTD EQ,253,0,1561.37,395026.61
CL688080,INE238A01026,AXIS BANK LTD EQ,1832,0,749.32,1372754.24
CL490451,INE154A01025,ITC LTD EQ,3250,0,2493.39,8103517.5
CL536031,INE009A01021,INFOSYS LTD,2377,0,1322.3,3143107.1
CL574395,INE237A01028,KOTAK MAHINDRA BANK,1856,0,2226.17,4131771.52
CL282083,INE090A01021,ICICI BANK LTD,1634,0,669.97,1094730.98
CL463889,INE001A01036,HDFC BANK LTD,2417,0,721.39,1743599.63
CL342445,INE002A01018,RELIANCE INDS LTD DVR EQ,411,0,1402.45,576406.95
CL362597,INE009A01021,INFOSYS LTD,3115,0,1561.43,4863854.45
CL905909,INE090A01021,ICICI BNK LTD,504,0,539.48,271897.92
CL054541,INE238A01026,AXIS BNK LTD EQ,2174,0,1521.09,3306849.66
CL691742,INE001A01036,HDFC BANK LTD,1790,0,1241.85,2222911.5
CL262342,INE090A01021,ICICI BANK LTD,2857,0,1968.43,5623804.51
CL994696,INE154A01025,ITC LTD EQ,2905,0,1215.98,3532421.9
CL048122,INE090A01021,ICICI BANK LTD,2586,0,2495.13,6452406.18
CL307223,INE001A01036,HDFC BANK LTD,1262,0,1490.33,1880796.46
CL138464,INE090A01021,ICICI BANK LTD,2966,0,957.66,2840419.56
CL673029,INE018A01030,LARSEN AND TOUBRO,3402,61,227.0,772254.0
CL821726,INE009A01021,INFOSYS LTD,2472,0,2239.32,5535599.04
CL693117,INE018A01030,LARSEN AND TOUBRO,2387,0,1395.02,3329912.74
CL090587,INE090A01021,ICICI BNK LTD,2932,457,882.73,2588164.36
CL450777,INE090A01021,ICICI BANK LTD,3365,0,943.11,3173565.15
CL093408,INE090A01021,ICICI BANK LTD DVR,415,0,339.56,140917.4
CL477831,INE009A01021,INFOSYS LTD DVR,68,0,2905.1,197546.8
CL487411,INE009A01021,INFOSYS LTD,3243,0,2530.68,8206995.24
CL583364,INE090A01021,ICICI BANK LTD,2698,0,1279.31,3451578.38
CL696279,INE002A01018,RELIANCE INDS LTD EQ,1947,0,895.95,1744414.65
CL778424,INE154A01025,ITC LTD EQ,2,0,2589.97,5179.94
CL141116,INE001A01036,HDFC BANK LTD,3352,0,901.77,3022733.04
CL204113,INE009A01021,INFOSYS LTD,139,0,2309.44,321012.16
CL185338,INE009A01021,INFOSYS LTD,1185,0,2338.4,2771004.0
CL392041,INE062A01020,STATE BANK OF INDIA,2410,0,1024.53,2469117.3
CL341763,INE009A01021,INFOSYS LTD,48,0,2188.44,105045.12
CL986694,INE090A01021,ICICI BANK LTD,1438,0,2404.0,3456952.0
CL987504,INE062A01020,STATE BANK OF INDIA,1277,0,1463.06,1868327.62
CL267419,INE018A01030,LARSEN AND TOUBRO,790,0,630.08,497763.2
CL159119,INE155A01022,TATA MOTORS LTD,2141,0,479.4,1026395.4
CL473720,INE090A01021,ICICI BANK LTD,1966,0,142.17,279506.22
CL250870,INE062A01020,STATE BANK OF INDIA,2376,0,442.59,1051593.84
CL013376,INE062A01020,STATE BANK OF INDIA,2150,0,204.32,439288.0
CL788461,INE002A01018,RELIANCE INDS LTD EQ,885,197,1880.54,1664277.9
CL652543,INE155A01022,TATA MOTORS LTD,2950,0,759.26,2239817.0
CL244918,INE237A01028,KOTAK MAHINDRA BNK,1673,0,1350.24,2258951.52
CL915345,INE090A01021,ICICI BANK LTD,699,0,620.51,433736.49
CL842399,INE001A01036,HDFC BANK LTD,2143,463,742.16,1590448.88
CL937551,INE018A01030,LARSEN AND TOUBRO,1187,0,2082.38,2471785.06
CL931741,INE009A01021,INFOSYS LTD,3062,270,2649.95,8114146.9
CL245845,INE062A01020,STATE BANK OF INDIA,2484,0,2172.24,5395844.16
CL459384,INE002A01018,RELIANCE INDS LTD EQ,542,0,1522.93,825428.06
CL068142,INE018A01030,LARSEN AND TOUBRO,3344,148,2363.05,7902039.2
CL947812,INE090A01021,ICICI BANK LTD,640,0,2225.2,1424128.0
CL539286,INE062A01020,STATE BANK OF INDIA,1698,0,1774.44,3012999.12
CL241076,INE009A01021,INFOSYS LTD,434,0,2969.43,1288732.62
CL270914,INE237A01028,KOTAK MAHINDRA BANK,3484,473,1254.44,4370468.96
CL916960,INE009A01021,INFOSYS LTD,997,0,1620.92,1616057.24
CL825441,INE238A01026,AXIS BANK LTD DVR EQ,2148,0,120.09,257953.32
CL219341,INE018A01030,LARSEN AND TOUBRO,2710,28,2733.84,7408706.4
CL897468,INE238A01026,AXIS BANK LTD EQ,198,0,1421.38,281433.24
CL386086,INE062A01020,STATE BANK OF INDIA,2672,0,869.85,2324239.2
CL150193,INE018A01030,LARSEN AND TOUBRO,609,0,1726.22,1051267.98
CL778455,INE238A01026,AXIS BANK LTD EQ,2688,0,1731.32,4653788.16
CL808080,INE018A01030,LARSEN AND TOUBRO,3075,253,2053.28,6313836.0
CL912019,INE090A01021,ICICI BANK LTD,3203,0,2882.04,9231174.12
CL486099,INE002A01018,RELIANCE INDS LTD EQ,2032,0,2669.97,5425379.04
CL060249,INE001A01036,HDFC BANK LTD,227,0,207.48,47097.96
CL867750,INE062A01020,STATE BANK OF INDIA,312,0,663.78,207099.36
CL142968,INE154A01025,ITC LTD EQ,2109,0,1565.98,3302651.82
CL113670,INE062A01020,STATE BANK OF INDIA,2138,0,2478.67,5299396.46
CL092902,INE062A01020,STATE BANK OF INDIA,2183,0,2639.75,5762574.25
CL633146,INE237A01028,KOTAK MAHINDRA BANK,1393,0,2158.25,3006442.25
CL884469,INE154A01025,ITC LTD EQ,384,0,1705.57,654938.88
CL092504,INE238A01026,AXIS BANK LTD EQ,1210,290,1611.36,1949745.6
CL584136,INE018A01030,LARSEN AND TOUBRO,919,0,120.44,110684.36
CL159170,INE062A01020,STATE BANK OF INDIA,796,0,670.56,533765.76
CL062156,INE154A01025,ITC LTD EQ,258,0,2197.94,567068.52
CL101599,INE155A01022,TATA MOTORS LTD,874,414,2242.04,1959542.96
CL643601,INE002A01018,RELIANCE INDS LTD EQ,716,30,586.85,420184.6
CL609273,INE154A01025,ITC LTD EQ,499,0,2619.92,1307340.08
CL407390,INE001A01036,HDFC BANK LTD DVR,3174,0,494.01,1567987.74
CL102974,INE001A01036,HDFC BANK LTD,2187,0,2277.39,4980651.93
CL923144,INE002A01018,RELIANCE INDS LTD EQ,3183,0,2625.9,8358239.7
CL794069,INE237A01028,KOTAK MAHINDRA BANK,2596,215,2350.57,6102079.72
CL830968,INE155A01022,TATA MOTORS LTD,2825,0,537.85,1519426.25
CL118337,INE154A01025,ITC LTD EQ,1897,0,1191.65,2260560.05
CL953569,INE062A01020,STATE BANK OF INDIA,1380,31,1904.14,2627713.2
CL773409,INE238A01026,AXIS BANK LTD EQ,3071,0,1468.04,4508350.84
CL224664,INE155A01022,TATA MOTORS LTD,3355,0,2497.04,8377569.2
CL143872,INE154A01025,ITC LTD EQ,738,0,1537.26,1134497.88
CL058635,INE155A01022,TATA MOTORS LTD,1564,0,1437.99,2249016.36
CL067190,INE002A01018,RELIANCE INDS LTD EQ,2305,0,2712.28,6251805.4
CL881358,INE155A01022,TATA MOTORS LTD,3193,0,2796.25,8928426.25
CL764210,INE062A01020,STATE BANK OF INDIA,415,0,2552.74,1059387.1
CL688706,INE154A01025,ITC LTD EQ,2542,0,964.35,2451377.7
CL814957,INE237A01028,KOTAK MAHINDRA BANK,1755,0,1007.78,1768653.9
CL756425,INE237A01028,KOTAK MAHINDRA BANK,3058,0,2968.51,9077703.58
CL503361,INE090A01021,ICICI BANK LTD,667,0,687.11,458302.37
CL924656,INE002A01018,RELIANCE INDS LTD EQ,139,0,2595.16,360727.24
CL704099,INE090A01021,ICICI BANK LTD DVR,1775,40,2011.98,3571264.5
CL144492,INE237A01028,KOTAK MAHINDRA BANK,1942,0,2025.31,3933152.02
CL446317,INE002A01018,RELIANCE INDS LTD EQ,2997,0,1224.28,3669167.16
CL620493,INE238A01026,AXIS BANK LTD EQ,729,0,320.23,233447.67
CL663690,INE090A01021,ICICI BANK LTD,1373,0,852.64,1170674.72
CL168758,INE155A01022,TATA MOTORS LTD,1951,331,2671.84,5212759.84
CL784027,INE002A01018,RELIANCE INDS LTD EQ,2801,0,594.1,1664074.1
CL026653,INE238A01026,AXIS BANK LTD EQ,2547,349,1485.36,3783211.92
CL187715,INE155A01022,TATA MOTORS LTD,1616,0,1800.3,2909284.8
CL382404,INE018A01030,LARSEN AND TOUBRO,1046,0,2561.79,2679632.34
CL284710,INE237A01028,KOTAK MAHINDRA BANK,945,0,1836.94,1735908.3
CL827302,INE062A01020,STATE BANK OF INDIA,1580,0,2899.16,4580672.8
CL321867,INE238A01026,AXIS BANK LTD EQ,429,224,1508.37,647090.73
CL016708,INE002A01018,RELIANCE INDS LTD EQ,2448,0,1717.77,4205100.96
CL765459,INE154A01025,ITC LTD EQ,1806,0,353.77,638908.62
CL241499,INE238A01026,AXIS BANK LTD EQ,3479,0,1051.25,3657298.75
CL692688,INE155A01022,TATA MOTORS LTD,1714,0,1040.82,1783965.48
CL941178,INE237A01028,KOTAK MAHINDRA BANK,3432,0,2323.38,7973840.16
CL141164,INE062A01020,STATE BANK OF INDIA,2888,0,2203.85,6364718.8
CL553232,INE018A01030,LARSEN AND TOUBRO,1208,176,1526.4,1843891.2
CL678673,INE018A01030,LARSEN AND TOUBRO,1848,0,1832.17,3385850.16
CL523433,INE154A01025,ITC LTD EQ,161,0,658.33,105991.13
CL933523,INE154A01025,ITC LTD EQ,2341,0,1743.98,4082657.18
CL985389,INE238A01026,AXIS BANK LTD DVR EQ,45,0,1219.88,54894.6
CL424597,INE001A01036,HDFC BANK LTD,1304,0,1554.28,2026781.12
CL650631,INE002A01018,RELIANCE INDS LTD EQ,3377,0,1804.31,6093154.87
CL761520,INE018A01030,LARSEN AND TOUBRO,2120,92,1742.55,3694206.0
CL243034,INE154A01025,ITC LTD EQ,67,0,2127.89,142568.63
CL763421,INE009A01021,INFOSYS LTD DVR,2429,0,1193.17,2898209.93
CL084490,INE238A01026,AXIS BANK LTD EQ,3143,0,1995.57,6272076.51
CL448583,INE009A01021,INFOSYS LTD,992,108,1141.03,1131901.76
CL051562,INE002A01018,RELIANCE INDS LTD EQ,2840,0,910.58,2586047.2
CL704076,INE237A01028,KOTAK MAHINDRA BNK,2955,0,2357.88,6967535.4
CL534912,INE154A01025,ITC LTD EQ,3325,0,2637.19,8768656.75
CL507868,INE002A01018,RELIANCE INDS LTD EQ,2046,0,1811.02,3705346.92
CL655030,INE018A01030,LARSEN AND TOUBRO,2302,0,839.38,1932252.76
CL502430,INE238A01026,AXIS BANK LTD EQ,310,0,1831.83,567867.3
CL513667,INE009A01021,INFOSYS LTD,1980,0,852.92,1688781.6
CL191533,INE001A01036,HDFC BNK LTD,2097,316,963.74,2020962.78
CL928766,INE154A01025,ITC LTD EQ,3458,0,1252.67,4331732.86
CL388370,INE155A01022,TATA MOTORS LTD,1486,0,2183.83,3245171.38
CL862609,INE009A01021,INFOSYS LTD,1822,0,2478.54,4515899.88
CL057463,INE154A01025,ITC LTD EQ,1324,0,423.35,560515.4
CL555916,INE009A01021,INFOSYS LTD DVR,750,278,2382.63,1786972.5
CL217753,INE090A01021,ICICI BANK LTD,2693,0,983.73,2649184.89
CL676707,INE237A01028,KOTAK MAHINDRA BANK,1357,453,2352.59,3192464.63
CL137112,INE237A01028,KOTAK MAHINDRA BANK,2578,0,1155.16,2978002.48
CL170967,INE018A01030,LARSEN AND TOUBRO,6,0,386.44,2318.64
CL600893,INE002A01018,RELIANCE INDS LTD EQ,1853,0,1421.76,2634521.28
CL945009,INE238A01026,AXIS BANK LTD EQ,3456,0,1134.48,3920762.88
CL958156,INE237A01028,KOTAK MAHINDRA BANK,662,0,1833.76,1213949.12
CL688946,INE154A01025,ITC LTD EQ,2984,0,825.73,2463978.32
CL538501,INE018A01030,LARSEN AND TOUBRO,2224,0,2484.64,5525839.36
CL454569,INE155A01022,TATA MOTORS LTD,1334,0,879.29,1172972.86
CL776388,INE155A01022,TATA MOTORS LTD,76,0,661.16,50248.16
CL901042,INE154A01025,ITC LTD EQ,3122,354,2549.97,7961006.34
CL705916,INE002A01018,RELIANCE INDS LTD EQ,488,111,1218.17,594466.96
CL425826,INE002A01018,RELIANCE INDS LTD DVR EQ,587,0,468.69,275121.03
CL149712,INE090A01021,ICICI BANK LTD,1011,0,104.61,105760.71
CL245950,INE237A01028,KOTAK MAHINDRA BANK,1396,0,1011.89,1412598.44
CL275755,INE062A01020,STATE BANK OF INDIA,845,306,310.12,262051.4
CL632070,INE002A01018,RELIANCE INDS LTD EQ,2057,0,2785.22,5729197.54
CL519562,INE154A01025,ITC LTD EQ,2694,0,2014.73,5427682.62
CL867369,INE009A01021,INFOSYS LTD,2210,0,892.32,1972027.2
CL577683,INE090A01021,ICICI BANK LTD,3297,0,554.04,1826669.88
CL129874,INE018A01030,LARSEN AND TOUBRO,1713,0,257.69,441422.97
CL113101,INE009A01021,INFOSYS LTD,2767,175,2353.72,6512743.24
CL816057,INE002A01018,RELIANCE INDS LTD EQ,2179,0,1409.82,3071997.78
CL281006,INE237A01028,KOTAK MAHINDRA BANK,1322,0,2159.62,2855017.64
CL131807,INE238A01026,AXIS BANK LTD EQ,550,0,1264.38,695409.0
CL685954,INE009A01021,INFOSYS LTD,2004,41,541.88,1085927.52
CL049757,INE237A01028,KOTAK MAHINDRA BANK,2434,0,2768.64,6738869.76
CL391960,INE018A01030,LARSEN AND TOUBRO,2397,0,2879.01,6900986.97
CL304552,INE009A01021,INFOSYS LTD,3029,0,1340.08,4059102.32
CL950536,INE154A01025,ITC LTD EQ,1727,0,1924.9,3324302.3
CL692046,INE009A01021,INFOSYS LTD,1587,302,725.58,1151495.46
CL390710,INE154A01025,ITC LTD EQ,3202,0,1820.13,5828056.26
CL107812,INE018A01030,LARSEN AND TOUBRO,3164,486,1399.62,4428397.68
CL478707,INE154A01025,ITC LTD EQ,2735,0,2545.16,6961012.6
CL868481,INE001A01036,HDFC BANK LTD,3341,0,2261.26,7554869.66
CL254498,INE155A01022,TATA MOTORS LTD,698,0,1234.33,861562.34
CL664357,INE018A01030,LARSEN AND TOUBRO,2173,0,940.24,2043141.52
CL235916,INE001A01036,HDFC BANK LTD,1607,0,785.79,1262764.53
CL514666,INE155A01022,TATA MOTORS LTD,316,0,1616.65,510861.4
CL382755,INE238A01026,AXIS BANK LTD EQ,1744,0,633.99,1105678.56
CL712953,INE237A01028,KOTAK MAHINDRA BNK,2197,0,2071.71,4551546.87
CL091017,INE001A01036,HDFC BANK LTD,1004,0,976.55,980456.2
CL364050,INE155A01022,TATA MOTORS LTD,2302,0,759.24,1747770.48
CL277037,INE009A01021,INFOSYS LTD,2591,0,1053.81,2730421.71
CL919331,INE154A01025,ITC LTD EQ,548,0,796.69,436586.12
CL640719,INE009A01021,INFOSYS LTD DVR,1996,10,2419.27,4828862.92
CL839405,INE238A01026,AXIS BANK LTD EQ,2431,0,2858.86,6949888.66
CL516196,INE090A01021,ICICI BANK LTD,391,0,1865.13,729265.83
CL739615,INE018A01030,LARSEN AND TOUBRO,527,0,1416.63,746564.01
CL485651,INE154A01025,ITC LTD DVR EQ,2761,219,163.58,451644.38
CL714960,INE238A01026,AXIS BANK LTD EQ,1879,0,1949.97,3663993.63
CL430707,INE238A01026,AXIS BANK LTD EQ,1595,0,1989.98,3174018.1
CL729008,INE155A01022,TATA MOTORS LTD,1748,0,868.37,1517910.76
CL538811,INE062A01020,STATE BNK OF INDIA,1576,0,2868.57,4520866.32
CL550090,INE001A01036,HDFC BANK LTD,2940,399,2506.24,7368345.6
CL933193,INE002A01018,RELIANCE INDS LTD EQ,530,0,761.66,403679.8
CL832171,INE154A01025,ITC LTD EQ,483,256,1028.47,496751.01
CL934108,INE237A01028,KOTAK MAHINDRA BNK,2964,0,1329.2,3939748.8
CL692615,INE001A01036,HDFC BANK LTD,2544,0,1297.73,3301425.12
CL214491,INE009A01021,INFOSYS LTD,162,70,1769.45,286650.9
CL224484,INE237A01028,KOTAK MAHINDRA BANK,778,0,1024.48,797045.44
CL022429,INE237A01028,KOTAK MAHINDRA BANK,801,0,1524.26,1220932.26
CL928467,INE238A01026,AXIS BANK LTD EQ,342,0,1927.5,659205.0
CL274050,INE001A01036,HDFC BANK LTD DVR,146,0,2584.95,377402.7
CL575059,INE154A01025,ITC LTD EQ,1532,0,883.59,1353659.88
CL876746,INE155A01022,TATA MOTORS LTD,816,0,1208.9,986462.4
CL154009,INE237A01028,KOTAK MAHINDRA BANK,294,0,826.48,242985.12
CL600312,INE237A01028,KOTAK MAHINDRA BANK,2526,0,608.56,1537222.56
CL814010,INE062A01020,STATE BANK OF INDIA,2479,0,2708.4,6714123.6
CL587826,INE154A01025,ITC LTD EQ,2508,0,940.89,2359752.12
CL646997,INE001A01036,HDFC BANK LTD,2326,0,696.52,1620105.52
CL311819,INE009A01021,INFOSYS LTD,1898,263,1908.55,3622427.9
CL433086,INE002A01018,RELIANCE INDS LTD EQ,1581,0,413.57,653854.17
CL597509,INE018A01030,LARSEN AND TOUBRO,2397,0,2300.47,5514226.59
CL229135,INE018A01030,LARSEN AND TOUBRO,1432,0,752.49,1077565.68
CL249375,INE018A01030,LARSEN AND TOUBRO,691,0,1643.44,1135617.04
CL089287,INE238A01026,AXIS BANK LTD EQ,3211,0,1768.33,5678107.63
CL656681,INE018A01030,LARSEN AND TOUBRO,730,0,322.35,235315.5
CL326774,INE062A01020,STATE BANK OF INDIA,444,0,1130.18,501799.92
CL614254,INE009A01021,INFOSYS LTD,577,0,2266.4,1307712.8
CL691745,INE155A01022,TATA MOTORS LTD,2812,0,2118.2,5956378.4
CL793836,INE009A01021,INFOSYS LTD,132,0,2379.7,314120.4
CL154991,INE090A01021,ICICI BANK LTD,2540,0,2003.45,5088763.0
CL519376,INE155A01022,TATA MOTORS LTD,3071,158,838.93,2576354.03
CL578477,INE155A01022,TATA MOTORS LTD,572,0,1162.06,664698.32
CL374318,INE238A01026,AXIS BANK LTD EQ,3068,0,2612.0,8013616.0
CL493008,INE018A01030,LARSEN AND TOUBRO,1512,249,1626.06,2458602.72
CL033400,INE155A01022,TATA MOTORS LTD,216,119,2655.59,573607.44
CL495996,INE062A01020,STATE BANK OF INDIA,2017,0,1081.35,2181082.95
CL158074,INE009A01021,INFOSYS LTD,161,0,1169.96,188363.56
CL852213,INE155A01022,TATA MOTORS LTD,1061,0,2085.74,2212970.14
CL289211,INE155A01022,TATA MOTORS LTD,2984,92,1449.87,4326412.08
CL668816,INE238A01026,AXIS BANK LTD EQ,1591,0,1649.59,2624497.69
CL422115,INE018A01030,LARSEN AND TOUBRO,2692,0,443.89,1194951.88
CL737943,INE001A01036,HDFC BANK LTD,2708,0,1077.28,2917274.24
CL444476,INE018A01030,LARSEN AND TOUBRO,1147,0,770.73,884027.31
CL450780,INE237A01028,KOTAK MAHINDRA BANK,2349,306,2552.22,5995164.78
CL034996,INE018A01030,LARSEN AND TOUBRO,3088,0,1680.74,5190125.12
CL185985,INE237A01028,KOTAK MAHINDRA BANK,1369,0,2069.85,2833624.65
CL840094,INE062A01020,STATE BANK OF INDIA,618,0,732.27,452542.86
CL670171,INE237A01028,KOTAK MAHINDRA BANK,820,0,980.13,803706.6
CL438342,INE090A01021,ICICI BANK LTD,2741,0,816.19,2237176.79
CL249004,INE155A01022,TATA MOTORS LTD DVR,3127,0,2544.61,7956995.47
CL535904,INE154A01025,ITC LTD EQ,1974,0,2025.74,3998810.76
CL778330,INE154A01025,ITC LTD EQ,2534,0,1321.7,3349187.8
CL948087,INE009A01021,INFOSYS LTD,2190,0,1209.82,2649505.8
CL488597,INE154A01025,ITC LTD EQ,1575,0,829.35,1306226.25
CL721732,INE062A01020,STATE BANK OF INDIA,3297,0,2245.45,7403248.65
CL675969,INE238A01026,AXIS BANK LTD EQ,300,0,987.86,296358.0
CL157101,INE001A01036,HDFC BANK LTD,1214,0,732.11,888781.54
CL722022,INE238A01026,AXIS BANK LTD EQ,1641,0,2865.08,4701596.28
CL827095,INE002A01018,RELIANCE INDS LTD EQ,1474,0,1305.87,1924852.38
CL118177,INE155A01022,TATA MOTORS LTD DVR,1695,0,2058.85,3489750.75
CL437475,INE154A01025,ITC LTD EQ,2743,168,2657.08,7288370.44
CL647159,INE002A01018,RELIANCE INDS LTD EQ,3500,0,1426.68,4993380.0
CL029286,INE062A01020,STATE BANK OF INDIA,1583,0,1217.67,1927571.61
CL637712,INE154A01025,ITC LTD EQ,3473,0,1608.16,5585139.68
CL381965,INE090A01021,ICICI BANK LTD,2653,194,1105.93,2934032.29
CL747085,INE155A01022,TATA MOTORS LTD,1270,0,2364.01,3002292.7
CL236565,INE018A01030,LARSEN AND TOUBRO,181,0,995.43,180172.83
CL588690,INE062A01020,STATE BANK OF INDIA,2829,0,2218.31,6275598.99
CL461943,INE062A01020,STATE BANK OF INDIA,2857,0,1571.9,4490918.3
CL156210,INE155A01022,TATA MOTORS LTD,1368,0,2471.23,3380642.64
CL352909,INE001A01036,HDFC BANK LTD,1011,0,2736.78,2766884.58
CL185073,INE009A01021,INFOSYS LTD,2065,0,721.96,1490847.4
CL150943,INE155A01022,TATA MOTORS LTD,1214,0,1564.98,1899885.72
CL911437,INE018A01030,LARSEN AND TOUBRO,1794,0,1281.78,2299513.32
CL876103,INE155A01022,TATA MOTORS LTD,3247,0,2210.62,7177883.14
CL287918,INE002A01018,RELIANCE INDS LTD EQ,2879,0,1615.05,4649728.95
CL109856,INE001A01036,HDFC BNK LTD,1260,0,2743.61,3456948.6
CL557864,INE238A01026,AXIS BANK LTD DVR EQ,2076,223,2322.46,4821426.96
CL257275,INE001A01036,HDFC BANK LTD,3408,364,1152.12,3926424.96
CL814934,INE062A01020,STATE BANK OF INDIA,1721,0,2868.32,4936378.72
CL039335,INE090A01021,ICICI BANK LTD,1980,0,190.54,377269.2
CL915624,INE154A01025,ITC LTD EQ,2178,0,1182.15,2574722.7
CL690929,INE238A01026,AXIS BNK LTD EQ,319,0,742.08,236723.52
CL500431,INE090A01021,ICICI BANK LTD,1454,0,2932.08,4263244.32
CL670024,INE001A01036,HDFC BANK LTD,1961,0,2423.88,4753228.68
CL185882,INE009A01021,INFOSYS LTD,859,0,1982.06,1702589.54
CL803476,INE237A01028,KOTAK MAHINDRA BANK,2197,0,413.31,908042.07
CL261544,INE238A01026,AXIS BANK LTD EQ,3172,251,2791.96,8856097.12
CL296018,INE237A01028,KOTAK MAHINDRA BANK,1825,0,2566.42,4683716.5
CL718211,INE062A01020,STATE BANK OF INDIA,2434,0,1743.17,4242875.78
CL852159,INE237A01028,KOTAK MAHINDRA BANK,1982,0,1102.18,2184520.76
CL214099,INE155A01022,TATA MOTORS LTD,258,0,1096.44,282881.52
CL608289,INE018A01030,LARSEN AND TOUBRO,2357,0,1751.82,4129039.74
CL999096,INE154A01025,ITC LTD EQ,469,0,2474.42,1160502.98
CL738378,INE009A01021,INFOSYS LTD,881,136,2601.64,2292044.84
CL194986,INE001A01036,HDFC BANK LTD,1487,0,226.33,336552.71
CL183018,INE090A01021,ICICI BANK LTD,1473,103,1959.75,2886711.75
CL501679,INE062A01020,STATE BANK OF INDIA,3044,0,1885.27,5738761.88
CL089284,INE018A01030,LARSEN AND TOUBRO,1464,0,2195.43,3214109.52
CL999855,INE018A01030,LARSEN AND TOUBRO,1047,0,1638.68,1715697.96
CL114999,INE237A01028,KOTAK MAHINDRA BANK,378,0,2177.19,822977.82
CL159029,INE238A01026,AXIS BANK LTD EQ,2610,0,1933.04,5045234.4
CL255129,INE238A01026,AXIS BANK LTD EQ,2009,0,839.53,1686615.77
CL364558,INE002A01018,RELIANCE INDS LTD EQ,2354,0,564.83,1329609.82
CL835622,INE237A01028,KOTAK MAHINDRA BNK,1131,0,331.02,374383.62
CL362846,INE001A01036,HDFC BANK LTD,2627,0,722.76,1898690.52
CL422941,INE154A01025,ITC LTD EQ,838,0,1470.41,1232203.58
CL847230,INE018A01030,LARSEN AND TOUBRO,1301,0,823.1,1070853.1
CL440855,INE002A01018,RELIANCE INDS LTD EQ,1537,200,472.84,726755.08
CL555322,INE018A01030,LARSEN AND TOUBRO,695,0,700.19,486632.05
CL438830,INE237A01028,KOTAK MAHINDRA BANK,1246,0,1716.05,2138198.3
CL959578,INE154A01025,ITC LTD EQ,3321,0,2075.89,6894030.69
CL802006,INE002A01018,RELIANCE INDS LTD EQ,576,0,955.15,550166.4
CL317068,INE018A01030,LARSEN AND TOUBRO,3411,0,2819.07,9615847.77
CL831755,INE009A01021,INFOSYS LTD,618,216,2939.04,1816326.72
CL717786,INE238A01026,AXIS BANK LTD EQ,1993,0,2790.99,5562443.07
CL538096,INE062A01020,STATE BANK OF INDIA,3244,0,2880.02,9342784.88
CL074935,INE090A01021,ICICI BANK LTD,3470,0,630.81,2188910.7
CL539954,INE062A01020,STATE BANK OF INDIA,902,0,1043.34,941092.68
CL498955,INE155A01022,TATA MOTORS LTD,739,0,2272.1,1679081.9
CL484242,INE155A01022,TATA MOTORS LTD,2116,0,116.6,246725.6
CL589961,INE009A01021,INFOSYS LTD,1294,0,1534.17,1985215.98
CL035456,INE062A01020,STATE BANK OF INDIA,1243,0,2790.25,3468280.75
CL517902,INE155A01022,TATA MOTORS LTD,70,52,2055.66,143896.2
CL760838,INE090A01021,ICICI BANK LTD DVR,3143,0,2030.11,6380635.73
CL226621,INE238A01026,AXIS BANK LTD EQ,2070,0,1259.69,2607558.3
CL393714,INE238A01026,AXIS BANK LTD EQ,979,0,996.95,976014.05
CL332184,INE238A01026,AXIS BANK LTD EQ,680,0,1310.91,891418.8
CL423851,INE155A01022,TATA MOTORS LTD,1314,459,270.23,355082.22
CL988847,INE018A01030,LARSEN AND TOUBRO,897,0,1801.85,1616259.45
CL704093,INE238A01026,AXIS BANK LTD EQ,2667,0,645.8,1722348.6
CL173674,INE001A01036,HDFC BANK LTD,189,0,247.95,46862.55
CL156793,INE090A01021,ICICI BANK LTD,638,0,130.17,83048.46
CL222048,INE062A01020,STATE BANK OF INDIA,1681,0,2847.71,4787000.51
CL802720,INE002A01018,RELIANCE INDS LTD DVR EQ,1405,0,1592.59,2237588.95
CL336766,INE237A01028,KOTAK MAHINDRA BANK,372,0,2873.87,1069079.64
CL874064,INE018A01030,LARSEN AND TOUBRO,2249,0,2758.78,6204496.22
CL913657,INE001A01036,HDFC BANK LTD,504,4,1385.37,698226.48
CL646739,INE238A01026,AXIS BANK LTD EQ,1656,0,1361.3,2254312.8
CL176984,INE237A01028,KOTAK MAHINDRA BANK,697,437,224.74,156643.78
CL558341,INE002A01018,RELIANCE INDS LTD EQ,2373,0,2895.23,6870380.79
CL483145,INE237A01028,KOTAK MAHINDRA BANK,2881,0,636.07,1832517.67
CL375899,INE062A01020,STATE BANK OF INDIA,132,0,683.45,90215.4
CL695325,INE062A01020,STATE BANK OF INDIA,1602,397,1783.19,2856670.38
CL537463,INE237A01028,KOTAK MAHINDRA BANK,1386,0,644.47,893235.42
CL040767,INE001A01036,HDFC BANK LTD,2617,0,1476.1,3862953.7
CL755967,INE062A01020,STATE BANK OF INDIA,2660,0,203.86,542267.6
CL667557,INE237A01028,KOTAK MAHINDRA BANK,1243,320,2309.42,2870609.06
CL359729,INE002A01018,RELIANCE INDS LTD EQ,3487,0,1270.11,4428873.57
CL971213,INE154A01025,ITC LTD EQ,2054,0,2781.87,5713960.98
CL420458,INE062A01020,STATE BANK OF INDIA,1001,0,2737.77,2740507.77
CL206348,INE090A01021,ICICI BANK LTD,1681,2,2299.77,3865913.37
CL832575,INE154A01025,ITC LTD EQ,2764,0,727.45,2010671.8
CL450219,INE009A01021,INFOSYS LTD,479,0,983.34,471019.86
CL326451,INE001A01036,HDFC BANK LTD,1056,0,455.23,480722.88
CL525364,INE002A01018,RELIANCE INDS LTD EQ,1350,0,2203.24,2974374.0
CL971898,INE154A01025,ITC LTD EQ,2985,0,1041.82,3109832.7
CL102767,INE238A01026,AXIS BANK LTD DVR EQ,3284,0,461.42,1515303.28
CL735174,INE001A01036,HDFC BANK LTD,367,0,799.76,293511.92
CL010065,INE062A01020,STATE BANK OF INDIA,22,0,1192.06,26225.32
CL488669,INE090A01021,ICICI BANK LTD,2729,0,2711.67,7400147.43
CL424071,INE155A01022,TATA MOTORS LTD,2626,0,118.98,312441.48
CL914534,INE238A01026,AXIS BANK LTD DVR EQ,1160,0,293.51,340471.6
CL540301,INE154A01025,ITC LTD EQ,1125,0,797.37,897041.25
CL151393,INE154A01025,ITC LTD EQ,2069,0,1593.37,3296682.53
CL498246,INE018A01030,LARSEN AND TOUBRO,467,0,1883.25,879477.75
CL168825,INE009A01021,INFOSYS LTD,2218,0,1736.44,3851423.92
CL076586,INE155A01022,TATA MOTORS LTD,622,217,367.16,228373.52
CL034780,INE154A01025,ITC LTD EQ,2617,0,2208.38,5779330.46
CL301896,INE002A01018,RELIANCE INDS LTD EQ,2196,0,2878.35,6320856.6
CL584876,INE018A01030,LARSEN AND TOUBRO,370,0,1593.01,589413.7
CL237836,INE001A01036,HDFC BANK LTD DVR,2638,0,1510.59,3984936.42
CL493592,INE009A01021,INFOSYS LTD,94,0,928.49,87278.06
CL128580,INE009A01021,INFOSYS LTD,1482,0,390.63,578913.66
CL935583,INE018A01030,LARSEN AND TOUBRO,2319,0,683.11,1584132.09
CL860360,INE062A01020,STATE BANK OF INDIA,1194,0,1282.65,1531484.1
CL519572,INE062A01020,STATE BANK OF INDIA,1371,0,2264.68,3104876.28
CL739009,INE009A01021,INFOSYS LTD,1716,0,1709.54,2933570.64
CL134024,INE155A01022,TATA MOTORS LTD,1394,0,259.27,361422.38
CL389070,INE154A01025,ITC LTD EQ,2021,0,2539.26,5131844.46
CL186929,INE155A01022,TATA MOTORS LTD,662,0,160.59,106310.58
CL221491,INE002A01018,RELIANCE INDS LTD EQ,2238,470,2888.92,6465402.96
CL568163,INE237A01028,KOTAK MAHINDRA BANK,1468,0,568.58,834675.44
CL010207,INE154A01025,ITC LTD EQ,3323,150,2034.15,6759480.45
CL544509,INE062A01020,STATE BNK OF INDIA,1805,0,2298.5,4148792.5
CL797671,INE155A01022,TATA MOTORS LTD,164,0,566.25,92865.0
CL424683,INE062A01020,STATE BANK OF INDIA,3274,456,2707.9,8865664.6
CL258556,INE154A01025,ITC LTD EQ,2858,0,2909.31,8314807.98
CL961682,INE155A01022,TATA MOTORS LTD,3032,0,2122.99,6436905.68
CL354734,INE009A01021,INFOSYS LTD,1539,0,610.39,939390.21
CL641440,INE155A01022,TATA MOTORS LTD,1142,227,2222.09,2537626.78
CL673237,INE018A01030,LARSEN AND TOUBRO,2121,0,2104.17,4462944.57
CL500148,INE155A01022,TATA MOTORS LTD,3057,77,1754.38,5363139.66
CL895891,INE237A01028,KOTAK MAHINDRA BANK,3192,282,1782.01,5688175.92
CL565312,INE001A01036,HDFC BANK LTD,146,0,1299.15,189675.9
CL307376,INE062A01020,STATE BANK OF INDIA,479,0,2983.95,1429312.05
CL523971,INE090A01021,ICICI BANK LTD,3333,0,552.95,1842982.35
