ValuationDate,SchemeName,ISIN,NAV,AUM_Cr
2025-11-24,Alpha Equity Fund - Regular,INF25228400,593.607,1562.5
2025-10-31,Balanced Advantage Fund,INF78899101,1896.0923,2121.89
2025-11-25,Overnight Fund,INF86469302,1216.5875,4357.12
2025-11-24,Alpha Equity Fund - Regular,INF65782303,1054.7883,2202.33
2025-10-24,Alpha Equity Fund - Regular,INF27166604,31660.1879,3998.51
2025-11-03,Short Term Debt Fund,INF65083005,1083.1604,4069.48
2025-10-29,Overnight Fund,INF75819106,1185.5863,4691.75
2025-10-27,Balanced Advantage Fund,INF71823507,1991.2409,170.86
2025-10-23,Arbitrage Edge Fund,INF88850108,1524.645,2609.32
2025-11-26,Liquid Ultra Fund,INF75289109,850.7931,2866.39
2025-11-05,Balanced Advantage Fund,INF19023400,119.6897,886.89
2025-11-04,Overnight Fund,INF95644301,494.1305,2583.68
2025-10-23,Balanced Advantage Fund,INF48683202,1449.3748,3075.06
2025-11-15,Balanced Advantage Fund,INF22474303,602.1704,243.57
2025-10-30,Alpha Equity Fund - Regular,INF18780904,1136.9564,4960.37
2025-10-25,Alpha Equity Fund - Regular,INF44462805,1068.8834,3073.41
2025-11-01,Arbitrage Edge Fund,INF35665406,1109.9205,1942.18
2025-10-22,Liquid Ultra Fund,INF34642707,293.4794,4177.38
2025-11-15,Overnight Fund,INF39569908,503.75,2643.61
2025-11-23,Alpha Equity Fund - Regular,INF76446909,1722.783,494.21
2025-10-31,Alpha Equity Fund - Regular,INF92601100,739.2653,3410.41
2025-11-19,Arbitrage Edge Fund,INF68311301,1660.2324,2373.29
2025-11-15,Arbitrage Edge Fund,INF92724202,1162.829,573.7
2025-11-19,Alpha Equity Fund - Regular,INF23614103,77.6989,3300.42
2025-11-09,Arbitrage Edge Fund,INF83555304,1676.503,921.08
2025-11-17,Short Term Debt Fund,INF42517505,770.4203,3507.94
2025-11-17,Arbitrage Edge Fund,INF99312306,458.8742,3747.49
2025-11-04,Balanced Advantage Fund,INF33967907,996.3131,3817.6
2025-11-18,Dynamic Asset Allocator,INF72386508,347.556,1916.09
2025-10-22,Short Term Debt Fund,INF94581309,1588.0765,3254.25
2025-11-05,Short Term Debt Fund,INF28921300,93.5539,1317.0
2025-11-23,Liquid Ultra Fund,INF92012501,579.4822,2303.47
2025-10-31,Arbitrage Edge Fund,INF88289102,953.7607,1643.28
2025-11-20,Arbitrage Edge Fund,INF36441603,1749.5516,749.07
2025-10-28,Dynamic Asset Allocator,INF38606104,1230.575,3372.05
2025-11-23,Liquid Ultra Fund,INF80691205,812.5303,1166.3
2025-11-05,Balanced Advantage Fund,INF12855606,1489.8643,1536.14
2025-10-28,Dynamic Asset Allocator,INF90045907,858.8424,2330.33
2025-10-21,Liquid Ultra Fund,INF12164008,615.4243,1631.12
2025-10-28,Liquid Ultra Fund,INF40842909,1767.7127,2033.79
2025-11-01,Arbitrage Edge Fund,INF10514200,106.2315,4262.27
2025-11-14,Dynamic Asset Allocator,INF67339401,1322.5958,2360.0
2025-11-06,Liquid Ultra Fund,INF65409002,1810.649,2763.84
2025-11-04,Arbitrage Edge Fund,INF80418403,412.1112,452.16
2025-10-26,Liquid Ultra Fund,INF92242704,688.6262,4280.03
2025-11-15,Liquid Ultra Fund,INF97684605,761.6127,4882.8
2025-11-15,Balanced Advantage Fund,INF67373606,84.929,4925.43
2025-10-31,Arbitrage Edge Fund,INF18639007,1828.5283,2502.16
2025-10-23,Short Term Debt Fund,INF46567008,1857.2731,1464.6
2025-11-12,Balanced Advantage Fund,INF63332009,1019.6432,1944.21
2025-10-24,Balanced Advantage Fund,INF67499300,1064.1555,4812.44
2025-11-06,Alpha Equity Fund - Regular,INF19547301,94.1133,1055.99
2025-11-18,Overnight Fund,INF48890902,709.9152,2615.78
2025-10-29,Overnight Fund,INF70655003,881.9457,2565.28
2025-10-24,Balanced Advantage Fund,INF64554204,1904.2992,2883.88
2025-10-31,Short Term Debt Fund,INF12959705,1481.5062,4969.61
2025-11-25,Balanced Advantage Fund,INF36591606,1877.8368,1178.63
2025-11-07,Short Term Debt Fund,INF52786407,1191.2437,1602.02
2025-11-26,Liquid Ultra Fund,INF19828708,553.0748,887.41
2025-11-13,Liquid Ultra Fund,INF94131009,765.5888,4922.06
2025-10-25,Overnight Fund,INF81142800,831.1699,2863.85
2025-11-21,Short Term Debt Fund,INF26515901,1623.9113,976.7
2025-11-21,Alpha Equity Fund - Regular,INF62807102,918.7288,1603.87
2025-11-09,Liquid Ultra Fund,INF51642903,1547.758,1959.74
2025-10-30,Balanced Advantage Fund,INF17343004,1040.1471,2726.04
2025-11-15,Arbitrage Edge Fund,INF59665305,1370.0789,1800.56
2025-10-28,Dynamic Asset Allocator,INF19787206,1511.0468,2002.82
2025-10-29,Short Term Debt Fund,INF44444407,29.483,2908.02
2025-11-09,Overnight Fund,INF60431708,1512.037,3146.16
2025-11-04,Short Term Debt Fund,INF55484609,835.1689,80.07
2025-11-25,Overnight Fund,INF40011600,1696.3653,3976.16
2025-11-22,Balanced Advantage Fund,INF18955101,1552.4278,3411.59
2025-11-10,Arbitrage Edge Fund,INF19835802,718.4976,837.21
2025-11-17,Arbitrage Edge Fund,INF51214003,532.1609,3092.78
2025-10-27,Alpha Equity Fund - Regular,INF77441404,821.8059,2082.14
2025-11-22,Arbitrage Edge Fund,INF73545405,947.305,3563.12
2025-11-12,Liquid Ultra Fund,INF62405606,771.0953,3261.47
2025-11-06,Balanced Advantage Fund,INF13192207,1989.9359,2511.86
2025-11-26,Alpha Equity Fund - Regular,INF52302008,921.1667,3772.53
2025-10-22,Arbitrage Edge Fund,INF81228809,391.023,3744.21
2025-10-28,Overnight Fund,INF45427200,167.6628,1992.01
2025-10-22,Overnight Fund,INF66380801,706.1024,1214.72
2025-11-14,Dynamic Asset Allocator,INF78580102,1404.6639,4966.85
2025-11-13,Arbitrage Edge Fund,INF42411203,1916.8781,383.43
2025-11-06,Short Term Debt Fund,INF49154604,1020.7836,4757.19
2025-11-17,Overnight Fund,INF41814205,1226.6691,494.89
2025-11-25,Liquid Ultra Fund,INF71154206,31.7311,4812.38
2025-11-21,Overnight Fund,INF69027907,1818.4571,4287.98
2025-11-08,Balanced Advantage Fund,INF42688208,928.9301,2025.25
2025-11-14,Short Term Debt Fund,INF59850309,1299.1816,4114.3
2025-11-09,Liquid Ultra Fund,INF18345800,1246.9889,2227.51
2025-10-24,Alpha Equity Fund - Regular,INF77800401,1651.0988,3678.85
2025-11-04,Overnight Fund,INF70263002,566.9606,4139.5
2025-11-09,Overnight Fund,INF83307103,692.8548,4413.43
2025-11-17,Balanced Advantage Fund,INF10434104,1887.2765,1220.94
2025-10-23,Short Term Debt Fund,INF19462305,1040.7257,3539.11
2025-11-11,Arbitrage Edge Fund,INF18953506,1936.9756,3568.6
2025-10-25,Balanced Advantage Fund,INF98354007,567.8081,2705.21
2025-11-10,Overnight Fund,INF67590308,689.6412,4366.99
2025-11-06,Dynamic Asset Allocator,INF73606309,1109.3577,4082.83
2025-10-27,Dynamic Asset Allocator,INF78221900,11.4729,172.14
2025-11-23,Liquid Ultra Fund,INF97097601,1279.9125,2249.73
2025-10-25,Dynamic Asset Allocator,INF47738902,55494.1489,587.03
2025-10-22,Overnight Fund,INF39715303,558.7877,2578.64
2025-11-12,Alpha Equity Fund - Regular,INF84431904,755.3297,4345.52
2025-11-12,Dynamic Asset Allocator,INF25011305,215.3439,3810.0
2025-10-28,Arbitrage Edge Fund,INF47018706,1343.6049,4221.28
2025-11-13,Dynamic Asset Allocator,INF81532507,270.792,806.88
2025-11-25,Short Term Debt Fund,INF68084308,422.4453,1867.4
2025-10-30,Alpha Equity Fund - Regular,INF72023909,149.589,1790.54
2025-10-28,Liquid Ultra Fund,INF44018400,302.6106,3336.66
2025-10-22,Liquid Ultra Fund,INF45988801,150.486,844.44
2025-11-24,Arbitrage Edge Fund,INF11026702,1430.3002,3592.46
2025-10-26,Liquid Ultra Fund,INF44248603,1140.548,4392.03
2025-11-10,Arbitrage Edge Fund,INF17596804,1430.8668,2978.59
2025-11-13,Dynamic Asset Allocator,INF14566805,1930.6436,3836.71
2025-11-23,Arbitrage Edge Fund,INF69521306,1865.3241,4434.24
2025-10-28,Dynamic Asset Allocator,INF39465507,243.8382,3200.39
2025-11-09,Short Term Debt Fund,INF72541708,1348.9558,397.83
2025-11-01,Arbitrage Edge Fund,INF40457109,772.8599,4076.64
2025-11-04,Short Term Debt Fund,INF29975000,847.9913,4826.68
2025-10-31,Balanced Advantage Fund,INF94906901,1616.1832,2552.07
2025-11-17,Alpha Equity Fund - Regular,INF57567502,1486.115,2244.72
2025-11-18,Dynamic Asset Allocator,INF40578803,1383.4025,4505.55
2025-11-07,Dynamic Asset Allocator,INF78456604,1831.9393,2600.69
2025-11-04,Arbitrage Edge Fund,INF21034005,1347.5449,1025.81
2025-10-25,Dynamic Asset Allocator,INF13573906,1563.5281,2979.95
2025-11-17,Dynamic Asset Allocator,INF50715707,1214.1081,232.83
2025-11-23,Dynamic Asset Allocator,INF54495908,31757.217,3917.16
2025-10-31,Liquid Ultra Fund,INF25964809,255.9707,3119.05
2025-11-16,Balanced Advantage Fund,INF12409900,1683.5331,4945.11
2025-10-21,Dynamic Asset Allocator,INF15210601,1434.4476,1739.81
2025-10-22,Dynamic Asset Allocator,INF44739802,1264.1256,2838.61
2025-10-25,Alpha Equity Fund - Regular,INF55856603,1612.7259,1797.4
2025-11-07,Short Term Debt Fund,INF55283404,1629.7499,1068.3
2025-10-29,Liquid Ultra Fund,INF85058205,1429.3199,4546.43
2025-11-17,Balanced Advantage Fund,INF23359806,1845.4141,385.78
2025-10-26,Overnight Fund,INF70375607,1490.5963,760.71
2025-11-12,Balanced Advantage Fund,INF84639908,797.3262,383.32
2025-10-31,Balanced Advantage Fund,INF31168309,1574.9227,3008.42
2025-11-02,Dynamic Asset Allocator,INF74090700,1225.0686,1597.83
2025-11-01,Arbitrage Edge Fund,INF81085501,335.0139,4870.04
2025-11-01,Alpha Equity Fund - Regular,INF60471302,574.8159,1050.12
2025-11-17,Overnight Fund,INF34952703,42690.2418,3132.88
2025-11-17,Balanced Advantage Fund,INF87779304,793.811,897.61
2025-11-11,Short Term Debt Fund,INF30811005,1253.6452,993.77
2025-11-23,Alpha Equity Fund - Regular,INF13256806,846.3752,1878.84
2025-11-26,Short Term Debt Fund,INF41418707,591.6921,3505.91
2025-11-24,Alpha Equity Fund - Regular,INF36543508,1335.9335,1476.57
2025-11-23,Short Term Debt Fund,INF79236309,1422.5924,822.92
2025-10-27,Alpha Equity Fund - Regular,INF34890500,754.2722,1032.93
2025-11-21,Short Term Debt Fund,INF58258201,665.8155,1367.81
2025-11-01,Alpha Equity Fund - Regular,INF11988802,1503.9494,4936.6
2025-11-07,Dynamic Asset Allocator,INF51721903,335.2961,3246.54
2025-10-25,Balanced Advantage Fund,INF61908904,975.9799,1739.02
2025-10-27,Arbitrage Edge Fund,INF34699805,1115.3081,429.82
2025-10-24,Dynamic Asset Allocator,INF89290506,1875.5793,3293.09
2025-11-14,Overnight Fund,INF32259507,1976.1245,1122.65
2025-11-03,Alpha Equity Fund - Regular,INF95921308,1041.9365,4957.38
2025-10-28,Alpha Equity Fund - Regular,INF44434409,500.7304,4267.01
2025-11-04,Liquid Ultra Fund,INF18606000,166.4156,276.12
2025-10-21,Liquid Ultra Fund,INF13808501,1467.1661,1954.42
2025-11-10,Balanced Advantage Fund,INF27493202,23.4008,2360.82
2025-11-08,Dynamic Asset Allocator,INF33503803,272.936,846.63
2025-11-18,Short Term Debt Fund,INF20705504,857.7878,4258.41
2025-11-14,Balanced Advantage Fund,INF88177405,822.7537,1863.32
2025-11-22,Arbitrage Edge Fund,INF63455806,869.3703,4344.75
2025-11-04,Liquid Ultra Fund,INF60088307,446.3491,3667.5
2025-11-16,Liquid Ultra Fund,INF47525408,463.2364,4257.62
2025-10-31,Dynamic Asset Allocator,INF97196409,467.3588,2308.02
2025-11-26,Short Term Debt Fund,INF18130800,1312.2724,3900.82
2025-11-13,Liquid Ultra Fund,INF39854201,200.3274,605.36
2025-11-06,Arbitrage Edge Fund,INF77089402,1018.4901,2937.78
2025-10-25,Dynamic Asset Allocator,INF38251703,1593.6672,1972.44
2025-11-12,Alpha Equity Fund - Regular,INF23108304,657.903,874.55
2025-11-03,Dynamic Asset Allocator,INF75053405,1605.1729,2450.43
2025-11-07,Balanced Advantage Fund,INF27741706,860.3514,2897.03
2025-10-31,Short Term Debt Fund,INF61611507,111.6327,1944.38
2025-11-18,Arbitrage Edge Fund,INF46135908,1170.912,3745.84
2025-11-19,Balanced Advantage Fund,INF73504009,252.7365,2755.2
2025-11-15,Overnight Fund,INF18108300,623.5412,541.7
2025-11-20,Alpha Equity Fund - Regular,INF14645701,288.5516,422.61
2025-11-24,Alpha Equity Fund - Regular,INF28667902,739.5205,4974.96
2025-11-03,Overnight Fund,INF19499103,697.1407,1682.95
2025-11-18,Dynamic Asset Allocator,INF83179904,695.7596,3404.94
2025-10-29,Alpha Equity Fund - Regular,INF94766505,1608.1398,1716.47
2025-10-22,Alpha Equity Fund - Regular,INF83692506,1123.6877,2863.64
2025-11-15,Arbitrage Edge Fund,INF74603407,1661.4278,363.1
2025-10-25,Dynamic Asset Allocator,INF59235908,916.3555,4595.02
2025-10-25,Short Term Debt Fund,INF51768309,1709.2666,2623.28
2025-11-24,Alpha Equity Fund - Regular,INF66670100,1781.3167,1560.48
2025-10-27,Short Term Debt Fund,INF23991101,1073.1033,4821.8
2025-10-22,Liquid Ultra Fund,INF19161802,404.0238,2415.68
2025-11-09,Balanced Advantage Fund,INF31514803,31575.901,900.64
2025-11-08,Overnight Fund,INF69986404,370.099,92.87
2025-11-16,Overnight Fund,INF16747605,1888.7865,1269.81
2025-10-25,Arbitrage Edge Fund,INF50756606,69.8812,643.64
2025-11-04,Overnight Fund,INF86930707,1224.6103,205.34
2025-11-24,Alpha Equity Fund - Regular,INF67708608,755.4476,918.86
2025-10-28,Liquid Ultra Fund,INF49825709,78.4795,3106.91
2025-11-20,Dynamic Asset Allocator,INF61028600,340.6501,263.75
2025-10-30,Short Term Debt Fund,INF38692901,1429.607,3853.14
2025-11-17,Overnight Fund,INF96085602,1818.9322,1609.53
2025-11-24,Balanced Advantage Fund,INF85185803,1165.2466,3129.68
2025-10-27,Short Term Debt Fund,INF96914404,244.1907,1455.79
2025-11-24,Liquid Ultra Fund,INF83036205,1926.3996,413.75
2025-11-07,Arbitrage Edge Fund,INF40931206,1330.9209,4926.69
2025-10-28,Balanced Advantage Fund,INF72851307,228.3032,2309.44
2025-11-01,Arbitrage Edge Fund,INF12062908,926.2857,4230.58
2025-10-23,Overnight Fund,INF46519709,127.915,3825.06
2025-11-02,Balanced Advantage Fund,INF35397100,531.2277,2103.77
2025-11-21,Balanced Advantage Fund,INF89579201,200.4582,3048.45
2025-11-12,Alpha Equity Fund - Regular,INF37587202,1425.5397,2389.5
2025-11-02,Overnight Fund,INF63774703,781.4445,703.28
2025-10-21,Overnight Fund,INF37824404,550.4761,2456.7
2025-11-07,Dynamic Asset Allocator,INF36656805,778.1463,4703.35
2025-10-30,Overnight Fund,INF32016006,45.4251,395.05
2025-11-21,Balanced Advantage Fund,INF48660607,1480.2918,792.52
2025-11-05,Arbitrage Edge Fund,INF43191608,278.5135,1221.89
2025-10-29,Overnight Fund,INF35257009,121.0069,1749.41
2025-11-18,Overnight Fund,INF32203700,217.1755,3136.43
2025-11-10,Arbitrage Edge Fund,INF97560501,1702.4749,4199.42
2025-11-07,Balanced Advantage Fund,INF98288502,1001.3852,1988.42
2025-11-13,Overnight Fund,INF90179303,1075.3151,3030.52
2025-10-28,Overnight Fund,INF73772104,1298.2336,1254.25
2025-11-17,Overnight Fund,INF79022405,33914.4673,2940.26
2025-11-17,Balanced Advantage Fund,INF13941106,789.8771,3231.69
2025-11-22,Balanced Advantage Fund,INF63500407,1880.2682,874.29
2025-10-27,Liquid Ultra Fund,INF43780108,1389.3525,2649.19
2025-11-10,Overnight Fund,INF56519809,35384.9836,789.2
2025-11-14,Short Term Debt Fund,INF75856200,1496.0758,4841.79
2025-11-22,Dynamic Asset Allocator,INF91061801,1562.5368,2590.66
2025-11-06,Alpha Equity Fund - Regular,INF19407302,1611.1974,4255.81
2025-10-30,Overnight Fund,INF26879403,1050.2857,4280.36
2025-10-22,Overnight Fund,INF22614404,1287.7105,1743.97
2025-11-23,Alpha Equity Fund - Regular,INF27246405,427.4524,2179.39
2025-10-28,Short Term Debt Fund,INF92030706,363.4687,370.82
2025-11-25,Arbitrage Edge Fund,INF28535507,114.9837,1844.29
2025-11-09,Liquid Ultra Fund,INF38099708,1738.3057,429.52
2025-10-23,Dynamic Asset Allocator,INF26929009,1192.2191,1779.03
2025-10-26,Liquid Ultra Fund,INF40017700,1628.5317,3646.06
2025-11-04,Liquid Ultra Fund,INF78383201,1337.7993,1930.18
2025-10-23,Liquid Ultra Fund,INF87486202,121.3686,4800.45
2025-11-10,Alpha Equity Fund - Regular,INF85754203,864.0789,3563.41
2025-11-07,Arbitrage Edge Fund,INF77495604,1815.8904,4916.41
2025-11-15,Short Term Debt Fund,INF95663805,188.7961,3505.92
2025-11-02,Short Term Debt Fund,INF96080106,626.9224,402.72
2025-11-04,Overnight Fund,INF57004207,1104.4253,4859.43
2025-10-31,Arbitrage Edge Fund,INF25284208,514.1244,560.04
2025-10-26,Short Term Debt Fund,INF13889109,1601.449,4167.6
2025-11-14,Dynamic Asset Allocator,INF83217300,1862.5335,3970.94
2025-10-29,Arbitrage Edge Fund,INF32235601,954.7293,281.94
2025-11-13,Balanced Advantage Fund,INF55635102,16.5401,4218.12
2025-11-08,Arbitrage Edge Fund,INF48195403,1910.7658,3398.13
2025-11-18,Overnight Fund,INF28772404,1528.6791,3370.89
2025-10-25,Dynamic Asset Allocator,INF57146805,170.1269,2258.77
2025-11-24,Dynamic Asset Allocator,INF35410706,920.9,4905.38
2025-11-01,Alpha Equity Fund - Regular,INF32486007,377.0217,448.02
2025-11-03,Liquid Ultra Fund,INF31727008,1633.6681,2691.9
2025-11-24,Liquid Ultra Fund,INF51410409,825.2253,704.57
2025-10-26,Overnight Fund,INF78888900,1499.8331,4632.03
2025-11-09,Balanced Advantage Fund,INF58765801,1281.1162,1991.23
2025-11-01,Arbitrage Edge Fund,INF61244902,1394.6547,900.72
2025-10-26,Arbitrage Edge Fund,INF23468503,478.3682,1040.75
2025-11-14,Dynamic Asset Allocator,INF19496504,729.8742,3384.38
2025-11-17,Overnight Fund,INF59083305,659.2832,66.88
2025-11-26,Balanced Advantage Fund,INF20219506,1138.889,1061.05
2025-11-02,Overnight Fund,INF60922807,452.482,4787.61
2025-11-02,Liquid Ultra Fund,INF49556308,1116.3432,1689.49
2025-11-20,Balanced Advantage Fund,INF66995809,1269.4818,3341.73
2025-10-22,Balanced Advantage Fund,INF51807100,1745.3202,1833.13
2025-10-27,Dynamic Asset Allocator,INF98261201,839.3916,4453.88
2025-11-19,Dynamic Asset Allocator,INF36417202,1543.8555,417.07
2025-11-05,Dynamic Asset Allocator,INF28565503,1089.5741,4487.05
2025-10-25,Overnight Fund,INF33497304,414.5878,3035.22
2025-11-11,Arbitrage Edge Fund,INF12625605,838.2977,3243.65
2025-11-09,Dynamic Asset Allocator,INF20201606,395.6208,1498.0
2025-10-24,Balanced Advantage Fund,INF66677807,33.6247,3729.8
2025-11-25,Alpha Equity Fund - Regular,INF95606008,387.2983,4365.3
2025-11-10,Liquid Ultra Fund,INF69555309,1437.6337,658.04
2025-11-16,Dynamic Asset Allocator,INF17576400,1853.2978,289.08
2025-11-08,Alpha Equity Fund - Regular,INF29013101,1731.8097,93.64
2025-11-11,Overnight Fund,INF48973502,1780.462,4985.28
2025-10-28,Overnight Fund,INF58919903,1436.1988,3062.72
2025-11-15,Dynamic Asset Allocator,INF49808904,1767.9417,2449.99
2025-11-25,Liquid Ultra Fund,INF21414405,691.8302,1402.61
2025-11-21,Overnight Fund,INF66013406,1750.8772,316.48
2025-11-02,Arbitrage Edge Fund,INF26118407,621.4083,4156.06
2025-10-28,Dynamic Asset Allocator,INF17647708,1159.3603,4924.66
2025-11-25,Short Term Debt Fund,INF58159609,1429.7157,484.52
2025-10-24,Arbitrage Edge Fund,INF70726000,688.1806,3091.35
2025-11-01,Short Term Debt Fund,INF39448401,184.764,3826.78
2025-11-20,Balanced Advantage Fund,INF10213602,1333.1059,2610.42
2025-11-12,Liquid Ultra Fund,INF12411203,1374.0932,4025.64
2025-11-22,Balanced Advantage Fund,INF96447304,111.9766,2586.37
2025-11-17,Liquid Ultra Fund,INF50837705,918.3432,1297.78
2025-11-18,Balanced Advantage Fund,INF36302006,340.2727,328.34
2025-10-30,Balanced Advantage Fund,INF51197607,1312.2343,1808.35
2025-11-15,Short Term Debt Fund,INF64791808,1892.2777,1486.2
2025-11-23,Overnight Fund,INF88517809,976.6881,4779.76
2025-10-30,Dynamic Asset Allocator,INF62265300,751.4521,991.24
2025-10-30,Balanced Advantage Fund,INF97005701,1510.7016,4632.83
2025-11-21,Arbitrage Edge Fund,INF29386002,344.4772,2142.06
2025-10-31,Alpha Equity Fund - Regular,INF52005203,364.9004,2146.44
2025-11-18,Overnight Fund,INF75976904,1895.9959,1719.79
2025-11-22,Balanced Advantage Fund,INF94410805,1737.5111,4173.72
2025-11-26,Liquid Ultra Fund,INF33828306,906.1409,3727.33
2025-11-23,Alpha Equity Fund - Regular,INF29627007,284.8183,121.58
2025-11-20,Arbitrage Edge Fund,INF92510908,128.4195,3891.65
2025-11-25,Alpha Equity Fund - Regular,INF10391709,1899.3729,3387.18
2025-10-23,Liquid Ultra Fund,INF41494600,175.9219,87.19
2025-11-05,Arbitrage Edge Fund,INF34071801,370.9804,1144.08
2025-11-08,Alpha Equity Fund - Regular,INF16357002,1116.4682,1165.77
2025-10-24,Dynamic Asset Allocator,INF86914503,1838.4604,1217.77
2025-11-12,Alpha Equity Fund - Regular,INF54341604,181.3631,1023.83
2025-10-24,Short Term Debt Fund,INF39417205,1257.1001,472.47
2025-11-16,Balanced Advantage Fund,INF52720106,77.0024,3010.49
2025-11-10,Arbitrage Edge Fund,INF24419907,1814.6726,748.45
2025-11-01,Overnight Fund,INF42357408,987.8006,2490.59
2025-10-29,Balanced Advantage Fund,INF39420209,797.2352,614.22
2025-10-31,Dynamic Asset Allocator,INF78303500,1207.1816,3458.75
2025-10-22,Short Term Debt Fund,INF46080101,821.6205,3042.55
2025-11-26,Short Term Debt Fund,INF40964902,855.8257,2849.64
2025-10-30,Alpha Equity Fund - Regular,INF32451403,773.7532,4612.84
2025-10-23,Liquid Ultra Fund,INF33062604,1439.0402,3202.39
2025-10-24,Arbitrage Edge Fund,INF34031805,1360.7739,737.8
2025-11-02,Liquid Ultra Fund,INF32583806,848.6427,4565.8
2025-10-25,Arbitrage Edge Fund,INF18366407,63.0403,1630.75
2025-10-25,Alpha Equity Fund - Regular,INF12901508,1659.3109,3181.19
2025-10-21,Liquid Ultra Fund,INF62006709,560.9556,154.42
2025-11-19,Overnight Fund,INF44966000,1275.4787,2856.72
2025-11-04,Arbitrage Edge Fund,INF90945501,22.585,298.93
2025-11-21,Liquid Ultra Fund,INF27180402,467.6341,254.42
2025-10-27,Arbitrage Edge Fund,INF26769503,1188.1398,1240.77
2025-11-11,Overnight Fund,INF82474504,1868.6634,1917.89
2025-11-03,Alpha Equity Fund - Regular,INF63599105,1772.8961,3393.9
2025-11-07,Liquid Ultra Fund,INF11771306,890.2606,3898.96
2025-10-27,Liquid Ultra Fund,INF38374707,1536.8304,4257.66
2025-11-19,Liquid Ultra Fund,INF66067908,1921.4594,558.79
2025-10-29,Liquid Ultra Fund,INF64768009,147.2968,4492.2
2025-11-07,Arbitrage Edge Fund,INF38566800,125.2514,2322.96
2025-11-01,Liquid Ultra Fund,INF15856801,259.6629,260.88
2025-10-22,Short Term Debt Fund,INF76145102,463.704,1791.44
2025-11-22,Short Term Debt Fund,INF63459403,51.2571,4021.51
2025-11-10,Dynamic Asset Allocator,INF87598004,1548.4225,582.51
2025-11-18,Short Term Debt Fund,INF41354405,571.6301,3042.98
2025-11-08,Dynamic Asset Allocator,INF82129406,1340.6783,4875.95
2025-11-09,Short Term Debt Fund,INF73781907,613.009,4965.79
2025-11-12,Alpha Equity Fund - Regular,INF23628908,1329.2565,852.77
2025-11-06,Short Term Debt Fund,INF72790709,601.5328,2892.65
2025-11-22,Dynamic Asset Allocator,INF55298200,415.5602,4426.13
2025-10-28,Overnight Fund,INF56053901,1190.382,140.95
2025-10-21,Short Term Debt Fund,INF74157302,710.6532,3336.67
2025-10-30,Dynamic Asset Allocator,INF20047903,93.6566,1124.61
2025-11-13,Overnight Fund,INF54579504,172.5906,3465.68
2025-10-24,Short Term Debt Fund,INF67541105,1777.9115,209.11
2025-11-13,Overnight Fund,INF69948906,1440.8044,4544.88
2025-10-31,Overnight Fund,INF27396607,257.2564,3753.25
2025-10-29,Balanced Advantage Fund,INF59631708,1665.7381,1355.06
2025-11-20,Alpha Equity Fund - Regular,INF60059409,1198.6491,4453.28
2025-11-24,Arbitrage Edge Fund,INF99727500,909.2397,3189.77
2025-11-03,Dynamic Asset Allocator,INF59034101,830.1445,3543.2
2025-11-19,Alpha Equity Fund - Regular,INF59431102,36.8901,683.87
2025-11-15,Liquid Ultra Fund,INF11952003,556.1584,508.9
2025-11-21,Balanced Advantage Fund,INF16590904,481.9082,1178.22
2025-11-23,Liquid Ultra Fund,INF88828705,991.4617,4714.56
2025-11-02,Liquid Ultra Fund,INF88593706,1043.0571,3577.02
2025-11-15,Short Term Debt Fund,INF94385307,649.3856,3918.87
2025-11-15,Balanced Advantage Fund,INF68276608,1497.9576,2468.91
2025-11-08,Dynamic Asset Allocator,INF34497809,1773.2885,4329.32
2025-11-04,Short Term Debt Fund,INF97871600,1527.2819,4103.08
2025-11-18,Balanced Advantage Fund,INF26347101,225.5492,3896.04
2025-11-20,Arbitrage Edge Fund,INF99267802,70.4217,313.13
2025-11-19,Arbitrage Edge Fund,INF74046603,1065.8288,204.1
2025-10-26,Overnight Fund,INF96082904,1466.6327,2977.19
2025-11-12,Balanced Advantage Fund,INF31867305,443.8174,1822.33
2025-11-22,Alpha Equity Fund - Regular,INF72418206,51306.8381,4802.6
2025-11-25,Balanced Advantage Fund,INF97337207,339.4651,3224.69
2025-11-14,Balanced Advantage Fund,INF43400008,1663.5201,4098.2
2025-11-22,Balanced Advantage Fund,INF86972209,986.3462,2550.65
2025-11-02,Alpha Equity Fund - Regular,INF97806900,1255.0981,284.59
2025-10-31,Dynamic Asset Allocator,INF75995501,462.0585,2077.76
2025-10-24,Short Term Debt Fund,INF12920802,1261.4111,931.94
2025-10-31,Overnight Fund,INF96012903,765.8418,4214.36
2025-10-21,Alpha Equity Fund - Regular,INF10191004,144.4428,3118.69
2025-10-31,Liquid Ultra Fund,INF71534405,885.0121,1710.52
2025-11-03,Dynamic Asset Allocator,INF17686706,965.7993,4266.03
2025-11-19,Short Term Debt Fund,INF97027507,672.4485,3321.7
2025-11-19,Balanced Advantage Fund,INF29179108,1188.9209,4446.72
2025-11-16,Dynamic Asset Allocator,INF47612209,169.7297,4750.37
2025-10-30,Arbitrage Edge Fund,INF72397100,1346.7874,4035.67
2025-10-21,Dynamic Asset Allocator,INF39927301,451.3958,1110.29
2025-11-26,Short Term Debt Fund,INF76453102,1877.4516,3151.01
2025-10-24,Short Term Debt Fund,INF75429003,1429.7608,4605.86
2025-11-26,Balanced Advantage Fund,INF53988104,142.0108,768.41
2025-10-25,Dynamic Asset Allocator,INF77615505,513.028,3317.61
2025-11-18,Balanced Advantage Fund,INF21767606,114.0571,2630.78
2025-10-27,Liquid Ultra Fund,INF43335507,1807.8766,1699.54
2025-10-23,Arbitrage Edge Fund,INF91440708,465.408,4047.59
2025-11-03,Short Term Debt Fund,INF74742909,645.2152,2280.66
2025-11-21,Alpha Equity Fund - Regular,INF19495300,558.4517,3714.64
2025-11-10,Overnight Fund,INF73124801,958.5951,672.95
2025-11-04,Arbitrage Edge Fund,INF95033602,1474.3903,1980.46
2025-11-09,Arbitrage Edge Fund,INF51044103,882.3437,4859.27
2025-11-22,Alpha Equity Fund - Regular,INF37312104,756.9567,1141.37
2025-11-15,Alpha Equity Fund - Regular,INF57179705,717.5734,4653.81
2025-11-23,Overnight Fund,INF30986606,966.8824,4323.22
2025-10-27,Dynamic Asset Allocator,INF31748507,771.9355,2575.14
2025-11-16,Alpha Equity Fund - Regular,INF21297008,366.3836,4171.19
2025-11-01,Arbitrage Edge Fund,INF66191009,864.0958,3454.06
2025-11-07,Liquid Ultra Fund,INF47300900,988.1981,3015.96
2025-10-22,Short Term Debt Fund,INF33682701,564.0999,3491.9
2025-10-28,Liquid Ultra Fund,INF10558002,1955.0614,304.9
2025-11-17,Balanced Advantage Fund,INF25740103,302.0615,3759.79
2025-10-21,Overnight Fund,INF99759404,1817.2496,3426.86
2025-11-17,Dynamic Asset Allocator,INF26501905,1754.1817,2016.65
2025-11-01,Overnight Fund,INF87904306,441.5741,3618.02
2025-11-06,Overnight Fund,INF25235807,1220.8736,2252.9
2025-11-13,Alpha Equity Fund - Regular,INF42636808,1249.335,2789.93
2025-10-27,Balanced Advantage Fund,INF30600609,1628.497,1912.82
2025-10-30,Dynamic Asset Allocator,INF92644900,962.8343,3421.6
2025-11-11,Short Term Debt Fund,INF44158601,133.7755,2213.24
2025-11-14,Overnight Fund,INF38459002,951.2712,3421.16
2025-11-11,Alpha Equity Fund - Regular,INF16866803,242.2489,3977.64
2025-11-24,Short Term Debt Fund,INF79254304,1549.7638,2366.33
2025-11-06,Liquid Ultra Fund,INF16974605,1477.6579,4412.73
2025-11-16,Dynamic Asset Allocator,INF58832906,460.6927,2618.22
2025-11-24,Alpha Equity Fund - Regular,INF28739707,306.2047,2599.03
2025-11-25,Arbitrage Edge Fund,INF81344508,1908.3328,2502.43
2025-11-25,Arbitrage Edge Fund,INF27712809,1127.347,1360.04
2025-10-28,Arbitrage Edge Fund,INF76690300,96.9893,4276.04
2025-11-21,Arbitrage Edge Fund,INF53575501,1698.3131,4080.94
2025-10-28,Overnight Fund,INF49786602,58.3847,474.55
2025-11-12,Liquid Ultra Fund,INF98748403,42883.1013,3557.77
2025-10-25,Alpha Equity Fund - Regular,INF34639004,1804.9339,1412.78
2025-11-08,Short Term Debt Fund,INF27217105,1576.346,3110.47
2025-11-10,Arbitrage Edge Fund,INF34810606,820.921,385.55
2025-11-06,Alpha Equity Fund - Regular,INF20135207,449.5076,1859.08
2025-10-24,Short Term Debt Fund,INF19091808,1872.7295,4827.51
2025-11-11,Overnight Fund,INF48885509,975.3092,4698.68
2025-11-21,Short Term Debt Fund,INF54559700,1070.3171,2000.1
2025-11-13,Overnight Fund,INF13610601,1041.9512,4116.21
2025-10-21,Overnight Fund,INF10982802,62.5409,2832.74
2025-10-28,Overnight Fund,INF76322903,1232.0191,1979.14
2025-11-10,Arbitrage Edge Fund,INF43619004,69.6132,2416.57
2025-11-21,Liquid Ultra Fund,INF24988305,330.2387,1399.8
2025-11-04,Balanced Advantage Fund,INF28972006,1117.3125,3386.26
2025-10-30,Dynamic Asset Allocator,INF73647907,144.0521,1329.1
2025-10-30,Short Term Debt Fund,INF74969208,160.2783,2870.22
2025-11-21,Overnight Fund,INF99022409,968.3704,739.86
2025-10-28,Dynamic Asset Allocator,INF84450600,522.6268,2644.69
2025-10-25,Alpha Equity Fund - Regular,INF35175601,1613.7941,4214.22
2025-11-06,Liquid Ultra Fund,INF72773802,289.3843,1871.41
2025-11-24,Arbitrage Edge Fund,INF42580703,335.2903,3951.9
2025-11-24,Dynamic Asset Allocator,INF93664704,1422.4047,1687.09
2025-10-26,Liquid Ultra Fund,INF37037105,979.6507,3963.75
2025-11-11,Alpha Equity Fund - Regular,INF33274906,216.968,3895.45
2025-10-31,Dynamic Asset Allocator,INF95363407,47.2236,838.12
2025-11-18,Dynamic Asset Allocator,INF40761808,1054.3585,246.19
2025-11-14,Dynamic Asset Allocator,INF46132709,1907.5884,3644.59
2025-11-11,Arbitrage Edge Fund,INF30361200,365.6057,764.09
2025-10-24,Alpha Equity Fund - Regular,INF40868301,1574.7826,4710.67
2025-10-28,Short Term Debt Fund,INF13114402,1253.9151,3385.8
2025-11-23,Overnight Fund,INF69173503,539.3581,2853.24
2025-11-21,Short Term Debt Fund,INF16762804,924.772,327.61
2025-10-29,Arbitrage Edge Fund,INF83939305,1416.4046,113.51
2025-10-29,Arbitrage Edge Fund,INF72223106,1036.0281,1572.2
2025-11-13,Dynamic Asset Allocator,INF31503107,1790.9818,1635.95
2025-10-29,Dynamic Asset Allocator,INF77150308,1001.9312,2181.27
2025-10-21,Arbitrage Edge Fund,INF65488309,1230.8913,3130.17
2025-11-25,Arbitrage Edge Fund,INF43040900,1085.0568,1446.96
2025-10-29,Arbitrage Edge Fund,INF16179801,877.2341,2050.23
2025-10-26,Balanced Advantage Fund,INF67166802,1691.5147,3626.87
2025-10-31,Alpha Equity Fund - Regular,INF26793103,166.5414,4231.69
2025-10-26,Alpha Equity Fund - Regular,INF26702104,463.7464,2705.46
2025-10-28,Arbitrage Edge Fund,INF32952605,1071.2896,4887.63
2025-11-20,Balanced Advantage Fund,INF14483706,700.5607,3064.98
2025-11-07,Short Term Debt Fund,INF27878207,484.812,1409.4
2025-11-18,Balanced Advantage Fund,INF59756808,1535.6517,1431.99
2025-11-21,Liquid Ultra Fund,INF67689109,686.3894,4212.59
2025-11-14,Balanced Advantage Fund,INF35975100,877.9696,4353.93
2025-10-24,Liquid Ultra Fund,INF60509301,897.6276,1868.88
2025-10-27,Short Term Debt Fund,INF44237402,452.1715,4133.3
2025-10-31,Liquid Ultra Fund,INF83389203,1453.7237,4349.58
2025-11-12,Dynamic Asset Allocator,INF61239504,1458.9084,556.09
2025-11-23,Short Term Debt Fund,INF45256105,33961.2744,3384.88
2025-11-11,Short Term Debt Fund,INF68926106,750.2881,1495.99
2025-11-13,Alpha Equity Fund - Regular,INF96808207,1406.4761,58.8
2025-11-10,Balanced Advantage Fund,INF78947308,818.5409,132.56
2025-10-29,Dynamic Asset Allocator,INF94782509,689.5161,2849.42
2025-10-28,Arbitrage Edge Fund,INF56787200,1987.9954,1093.74
2025-10-26,Overnight Fund,INF29909501,1732.0979,2265.06
2025-11-26,Balanced Advantage Fund,INF94447402,989.9356,4652.19
2025-10-25,Liquid Ultra Fund,INF96371403,633.4042,3132.75
2025-11-09,Short Term Debt Fund,INF93025704,1958.8648,3699.17
2025-11-23,Balanced Advantage Fund,INF72827505,441.3918,2321.29
2025-11-06,Alpha Equity Fund - Regular,INF35370006,213.4813,843.76
2025-11-25,Overnight Fund,INF78990407,333.422,2140.94
2025-10-27,Dynamic Asset Allocator,INF88302508,1267.4337,3305.51
2025-11-08,Arbitrage Edge Fund,INF41433809,775.1288,935.51
2025-11-22,Alpha Equity Fund - Regular,INF39277700,855.0244,673.19
2025-11-03,Balanced Advantage Fund,INF12919401,1217.3596,4539.51
2025-11-24,Dynamic Asset Allocator,INF42998702,1728.0279,2451.15
2025-11-08,Liquid Ultra Fund,INF40271003,1591.8319,2346.34
2025-10-29,Dynamic Asset Allocator,INF77224804,1149.3661,3701.96
2025-11-11,Dynamic Asset Allocator,INF53253305,223.5814,1688.29
2025-11-15,Dynamic Asset Allocator,INF79127306,891.8592,473.69
2025-11-22,Short Term Debt Fund,INF89559507,1531.3124,794.73
2025-11-01,Liquid Ultra Fund,INF47798808,915.9992,4646.13
2025-11-06,Alpha Equity Fund - Regular,INF81922509,371.9943,1991.61
2025-11-15,Overnight Fund,INF58779800,462.4353,2005.94
2025-11-01,Balanced Advantage Fund,INF16462101,510.7691,442.34
2025-11-05,Dynamic Asset Allocator,INF65518602,850.4068,2967.31
2025-11-09,Alpha Equity Fund - Regular,INF42064903,242.9683,4274.94
2025-11-23,Liquid Ultra Fund,INF42577804,325.8525,4909.92
2025-10-31,Overnight Fund,INF50110105,275.2527,3936.09
2025-11-04,Overnight Fund,INF40077506,1714.0042,2114.52
2025-11-06,Balanced Advantage Fund,INF26545307,1062.3002,2482.24
2025-11-10,Alpha Equity Fund - Regular,INF26194408,753.9297,3596.43
2025-10-21,Liquid Ultra Fund,INF35560909,855.6352,3477.1
2025-11-20,Dynamic Asset Allocator,INF27847800,959.6001,4118.36
2025-11-25,Arbitrage Edge Fund,INF66867201,1347.2334,4975.72
2025-11-12,Dynamic Asset Allocator,INF39082602,1464.9054,1981.02
2025-11-07,Short Term Debt Fund,INF34105503,1288.5798,1755.47
2025-11-24,Liquid Ultra Fund,INF94080004,1263.2759,1066.57
2025-11-14,Dynamic Asset Allocator,INF54092305,593.6697,865.68
2025-11-04,Liquid Ultra Fund,INF30596206,152.0525,3593.22
2025-11-10,Dynamic Asset Allocator,INF11302007,234.6785,4344.39
2025-11-19,Alpha Equity Fund - Regular,INF26063908,1068.2596,760.01
2025-11-18,Arbitrage Edge Fund,INF24468209,170.4782,3133.89
2025-11-25,Liquid Ultra Fund,INF15031100,1596.4016,1969.64
2025-11-14,Balanced Advantage Fund,INF22772201,232.8107,4495.99
2025-11-20,Short Term Debt Fund,INF27194102,1007.0646,1129.88
2025-11-22,Liquid Ultra Fund,INF62276103,201.9227,1541.82
2025-11-13,Short Term Debt Fund,INF52590204,1040.8354,3396.56
2025-11-02,Short Term Debt Fund,INF86422505,618.5925,2238.44
2025-11-02,Short Term Debt Fund,INF60561206,773.1366,2513.02
2025-11-24,Dynamic Asset Allocator,INF37290407,1226.2798,4211.69
2025-11-15,Alpha Equity Fund - Regular,INF25639008,1958.1908,1714.4
2025-10-21,Short Term Debt Fund,INF30816209,1231.803,3841.92
2025-11-07,Short Term Debt Fund,INF44665900,547.169,3026.5
2025-11-07,Balanced Advantage Fund,INF19182301,746.7784,2567.14
2025-11-09,Alpha Equity Fund - Regular,INF33805702,1634.8209,796.04
2025-10-28,Dynamic Asset Allocator,INF35491203,1321.939,2899.96
2025-10-27,Short Term Debt Fund,INF14386904,994.1707,2259.98
2025-11-19,Arbitrage Edge Fund,INF46572905,312.462,3631.98
2025-10-23,Dynamic Asset Allocator,INF49533606,1128.0353,4406.73
2025-11-09,Arbitrage Edge Fund,INF62178207,1854.3563,477.68
2025-11-08,Balanced Advantage Fund,INF82739408,1723.0957,3872.73
2025-11-09,Short Term Debt Fund,INF14206809,1421.7988,1434.64
2025-11-19,Short Term Debt Fund,INF74832400,1691.0256,3066.62
2025-10-24,Dynamic Asset Allocator,INF19081101,277.8762,841.15
2025-11-16,Balanced Advantage Fund,INF45975102,575.6729,3294.86
2025-11-10,Overnight Fund,INF75689703,130.8124,2093.64
2025-10-29,Liquid Ultra Fund,INF27636504,866.0583,4660.46
2025-11-07,Liquid Ultra Fund,INF10699405,1715.7361,3430.27
2025-11-11,Alpha Equity Fund - Regular,INF91298006,1653.8293,3510.34
2025-11-10,Overnight Fund,INF22294007,478.9637,999.54
2025-11-07,Overnight Fund,INF66776708,400.8504,1485.08
2025-11-05,Arbitrage Edge Fund,INF35874609,950.8395,2379.3
2025-11-03,Alpha Equity Fund - Regular,INF97770600,549.7109,4545.34
2025-10-28,Overnight Fund,INF23480601,794.7072,2964.31
2025-11-26,Liquid Ultra Fund,INF87037802,304.6459,3095.52
2025-11-15,Dynamic Asset Allocator,INF28448503,413.2757,2381.82
2025-11-15,Short Term Debt Fund,INF89339404,1125.5621,3884.44
2025-11-16,Dynamic Asset Allocator,INF85056705,385.7396,4085.45
2025-11-06,Overnight Fund,INF19274706,933.2053,1728.3
2025-11-04,Overnight Fund,INF40772507,650.0334,3921.12
2025-11-25,Short Term Debt Fund,INF18590208,220.669,3104.27
2025-11-10,Alpha Equity Fund - Regular,INF32741609,1697.9095,2020.97
2025-10-28,Arbitrage Edge Fund,INF75297200,929.5697,4911.98
2025-11-10,Short Term Debt Fund,INF73568101,1774.5755,721.15
2025-10-24,Alpha Equity Fund - Regular,INF65833002,1793.6348,473.5
2025-11-10,Dynamic Asset Allocator,INF70522703,559.7058,277.44
2025-11-08,Overnight Fund,INF58809004,184.9833,2587.43
2025-11-06,Dynamic Asset Allocator,INF18184105,1835.5391,1339.9
2025-10-23,Dynamic Asset Allocator,INF39946406,213.5215,2279.16
2025-11-09,Short Term Debt Fund,INF64300107,219.7074,2948.84
2025-11-07,Dynamic Asset Allocator,INF58462408,1093.5118,2514.01
2025-11-02,Dynamic Asset Allocator,INF24664309,811.8637,1868.13
2025-11-22,Short Term Debt Fund,INF59764000,1611.2777,2272.89
2025-11-19,Short Term Debt Fund,INF40671501,1459.2337,4956.15
2025-11-16,Arbitrage Edge Fund,INF95055502,1969.1896,1386.69
2025-10-29,Short Term Debt Fund,INF26644603,1354.8621,1752.76
2025-10-28,Liquid Ultra Fund,INF16417104,1928.0526,1881.21
2025-11-13,Arbitrage Edge Fund,INF59054405,1690.2313,1016.15
2025-11-15,Liquid Ultra Fund,INF93614706,1129.7631,1329.44
2025-11-17,Alpha Equity Fund - Regular,INF62566007,1150.9967,2965.82
2025-10-27,Alpha Equity Fund - Regular,INF54816108,1913.0927,3560.35
2025-11-04,Liquid Ultra Fund,INF69329509,383.4784,4280.23
2025-10-21,Balanced Advantage Fund,INF32256900,1550.6899,875.61
2025-11-25,Balanced Advantage Fund,INF92375101,1230.9683,1750.64
2025-10-27,Overnight Fund,INF42192702,1868.5153,3653.3
2025-10-25,Arbitrage Edge Fund,INF18264603,659.6646,337.27
2025-10-25,Short Term Debt Fund,INF33163604,1515.1542,2097.63
2025-11-08,Alpha Equity Fund - Regular,INF82953505,1700.5464,4233.22
2025-10-27,Alpha Equity Fund - Regular,INF42454006,1357.2789,1174.62
2025-11-26,Dynamic Asset Allocator,INF77704007,735.7566,2445.27
2025-11-26,Dynamic Asset Allocator,INF93155908,1190.262,2918.45
2025-11-15,Short Term Debt Fund,INF36568009,1625.3464,54.88
2025-11-22,Arbitrage Edge Fund,INF68380000,208.1234,4446.24
2025-10-30,Short Term Debt Fund,INF61137101,371.9526,4732.64
2025-11-24,Dynamic Asset Allocator,INF76789802,1980.1694,611.1
2025-10-30,Alpha Equity Fund - Regular,INF33671403,621.4741,2933.03
2025-10-25,Arbitrage Edge Fund,INF23770004,117.4747,1703.64
2025-11-03,Overnight Fund,INF45849505,87.4759,3084.46
2025-11-12,Alpha Equity Fund - Regular,INF76828506,74.3899,4296.01
2025-11-21,Arbitrage Edge Fund,INF81910107,427.9645,1186.95
2025-11-19,Overnight Fund,INF71737408,1310.1194,4559.38
2025-10-24,Short Term Debt Fund,INF89563509,918.111,1212.24
2025-11-02,Liquid Ultra Fund,INF99036900,994.3426,3213.49
2025-11-11,Alpha Equity Fund - Regular,INF55827901,584.6863,1210.69
2025-11-16,Liquid Ultra Fund,INF65123202,1812.1296,3150.75
2025-10-30,Dynamic Asset Allocator,INF35025503,1812.2686,2690.91
2025-11-06,Short Term Debt Fund,INF30163004,1368.5226,3580.28
2025-11-24,Arbitrage Edge Fund,INF38133905,108.2834,875.43
2025-11-18,Dynamic Asset Allocator,INF55868806,1894.2756,2526.02
2025-10-24,Alpha Equity Fund - Regular,INF27026207,297.1146,968.31
2025-10-31,Arbitrage Edge Fund,INF83988708,1462.5152,4460.55
2025-11-09,Overnight Fund,INF18289609,240.7725,4260.61
2025-11-25,Short Term Debt Fund,INF51861100,710.2863,3604.37
2025-11-07,Dynamic Asset Allocator,INF98020501,498.8186,1364.14
2025-11-13,Overnight Fund,INF59031802,431.488,3812.67
2025-11-08,Dynamic Asset Allocator,INF81279603,1595.1389,4065.34
2025-11-01,Overnight Fund,INF60635704,1458.7753,2753.05
2025-11-06,Short Term Debt Fund,INF45631905,628.0211,1483.11
2025-10-29,Dynamic Asset Allocator,INF14446406,1832.6359,4463.36
2025-11-13,Overnight Fund,INF38292407,382.4444,4511.33
2025-11-05,Liquid Ultra Fund,INF49310408,481.7991,2063.71
2025-10-21,Dynamic Asset Allocator,INF17274509,46.5826,3352.35
2025-10-31,Arbitrage Edge Fund,INF10122400,156.7133,1616.73
2025-10-24,Dynamic Asset Allocator,INF42857101,1218.6269,2037.27
2025-10-21,Arbitrage Edge Fund,INF54853202,1427.0348,1869.17
2025-11-20,Liquid Ultra Fund,INF65658703,1046.791,1331.6
2025-11-10,Overnight Fund,INF39315404,585.7969,4448.92
2025-10-23,Arbitrage Edge Fund,INF98153805,230.0849,1724.77
2025-11-08,Liquid Ultra Fund,INF11491406,786.1987,3890.46
2025-11-17,Short Term Debt Fund,INF18507107,802.8124,349.5
2025-11-14,Dynamic Asset Allocator,INF91528208,1399.5377,492.45
2025-11-15,Overnight Fund,INF62213109,1638.9733,862.04
2025-10-24,Arbitrage Edge Fund,INF43285900,940.1398,2796.34
2025-10-25,Overnight Fund,INF19256901,1379.3812,70.64
2025-11-04,Overnight Fund,INF76476402,1942.7315,423.86
2025-10-21,Short Term Debt Fund,INF15239303,1571.6664,3988.78
2025-11-24,Liquid Ultra Fund,INF10847004,1627.6691,2624.93
2025-11-20,Liquid Ultra Fund,INF30418505,773.1718,732.8
2025-11-18,Dynamic Asset Allocator,INF34834106,1573.8575,4260.26
2025-10-22,Overnight Fund,INF68415507,1188.2887,1733.73
2025-10-24,Dynamic Asset Allocator,INF85235408,322.5442,1791.24
2025-11-20,Dynamic Asset Allocator,INF43500509,1199.2276,1454.02
2025-10-24,Balanced Advantage Fund,INF84948800,1300.3483,4527.76
2025-11-19,Balanced Advantage Fund,INF27908801,737.7565,4195.67
2025-10-30,Arbitrage Edge Fund,INF83375502,1680.3527,1010.74
2025-11-11,Alpha Equity Fund - Regular,INF77660703,1094.33,4944.24
2025-10-30,Short Term Debt Fund,INF62383104,986.3982,822.07
2025-11-23,Overnight Fund,INF39672305,1706.0835,3722.41
2025-11-21,Dynamic Asset Allocator,INF25730006,1893.5852,1423.18
2025-11-10,Overnight Fund,INF69318107,700.868,4878.24
2025-11-02,Liquid Ultra Fund,INF95770708,1631.4992,1016.86
2025-10-26,Alpha Equity Fund - Regular,INF79887209,226.9251,1049.43
2025-11-06,Balanced Advantage Fund,INF78990600,1482.2222,737.25
2025-10-25,Arbitrage Edge Fund,INF71687101,735.4616,2745.14
2025-11-02,Balanced Advantage Fund,INF79924902,1797.9309,1898.14
2025-10-30,Liquid Ultra Fund,INF18102903,1232.306,2978.51
2025-11-01,Liquid Ultra Fund,INF78536704,161.1574,1805.34
2025-11-20,Alpha Equity Fund - Regular,INF33607905,60.4827,1527.56
2025-11-19,Liquid Ultra Fund,INF80341306,422.0585,1493.5
2025-10-28,Liquid Ultra Fund,INF34592307,1026.7812,4188.51
2025-11-25,Short Term Debt Fund,INF11161308,750.2704,4729.38
2025-10-25,Liquid Ultra Fund,INF14005209,1683.1649,1567.54
2025-11-02,Short Term Debt Fund,INF29714400,782.4187,3063.24
2025-11-06,Alpha Equity Fund - Regular,INF69317401,1379.6449,1903.36
2025-11-13,Alpha Equity Fund - Regular,INF71050902,1796.5841,967.13
2025-11-16,Arbitrage Edge Fund,INF75993803,683.4013,813.97
2025-11-16,Short Term Debt Fund,INF91585804,751.8578,4468.89
2025-11-12,Arbitrage Edge Fund,INF57817105,1240.614,1218.38
2025-11-26,Balanced Advantage Fund,INF38198106,1913.4824,2698.94
2025-11-06,Arbitrage Edge Fund,INF16741007,1566.9151,2258.96
2025-10-26,Dynamic Asset Allocator,INF11083408,1585.1268,4645.6
2025-11-04,Overnight Fund,INF42901309,14.7939,681.75
2025-10-23,Alpha Equity Fund - Regular,INF63354100,704.6477,4730.0
2025-10-26,Dynamic Asset Allocator,INF11356801,698.1338,2339.79
2025-10-30,Short Term Debt Fund,INF57902202,1933.7943,1803.58
2025-11-09,Overnight Fund,INF64168303,299.9611,3603.03
2025-11-15,Liquid Ultra Fund,INF55690104,1510.5294,249.11
2025-11-02,Arbitrage Edge Fund,INF21898605,1603.7103,3340.01
2025-10-29,Alpha Equity Fund - Regular,INF82668406,1925.9723,86.92
2025-11-26,Short Term Debt Fund,INF57852907,1873.5143,3394.86
2025-10-24,Short Term Debt Fund,INF61338108,1674.1262,1765.61
2025-10-26,Alpha Equity Fund - Regular,INF98570809,1548.7591,1369.98
2025-11-12,Balanced Advantage Fund,INF27426400,132.6615,3065.94
2025-11-11,Balanced Advantage Fund,INF94345301,1386.9947,3249.75
2025-11-05,Balanced Advantage Fund,INF13893802,1905.5247,3735.02
2025-10-23,Short Term Debt Fund,INF26139603,992.9687,956.22
2025-11-12,Liquid Ultra Fund,INF15996804,890.9248,1375.05
2025-10-24,Alpha Equity Fund - Regular,INF59772805,81.9649,1288.54
2025-10-23,Short Term Debt Fund,INF95096106,1693.1335,3253.78
2025-10-23,Alpha Equity Fund - Regular,INF70932807,1821.9968,827.58
2025-11-03,Alpha Equity Fund - Regular,INF96494708,1956.3922,3436.89
2025-11-25,Arbitrage Edge Fund,INF73309309,1135.9715,3205.89
2025-11-05,Balanced Advantage Fund,INF79571100,734.4817,1693.8
2025-11-25,Short Term Debt Fund,INF44641001,760.8279,4772.38
2025-11-22,Alpha Equity Fund - Regular,INF56406402,102.5406,1557.3
2025-11-05,Alpha Equity Fund - Regular,INF13685203,1484.3114,3449.37
2025-10-23,Short Term Debt Fund,INF55331804,340.0717,3524.07
2025-11-16,Alpha Equity Fund - Regular,INF30834105,839.1066,2914.89
2025-10-22,Dynamic Asset Allocator,INF11066006,1569.5414,4994.28
2025-11-13,Liquid Ultra Fund,INF35842907,1782.9948,3627.19
2025-11-09,Liquid Ultra Fund,INF93654008,1144.6963,4706.29
2025-11-12,Short Term Debt Fund,INF83147309,1504.7624,1281.93
2025-11-10,Short Term Debt Fund,INF96708300,1662.4772,3066.99
2025-11-18,Liquid Ultra Fund,INF68118401,212.9973,2591.42
2025-11-09,Overnight Fund,INF46304002,483.7174,1571.25
2025-11-03,Short Term Debt Fund,INF59391103,428.8294,2838.88
2025-11-14,Dynamic Asset Allocator,INF89880304,209.0794,4646.95
2025-11-20,Alpha Equity Fund - Regular,INF82240405,1611.7922,2390.68
2025-10-27,Overnight Fund,INF38891706,336.0636,1614.92
2025-11-09,Dynamic Asset Allocator,INF54166307,1685.9711,2761.43
2025-10-24,Dynamic Asset Allocator,INF95560408,299.6956,1410.03
2025-11-13,Liquid Ultra Fund,INF15897109,330.455,405.64
2025-11-21,Arbitrage Edge Fund,INF22439400,1096.216,648.26
2025-10-22,Arbitrage Edge Fund,INF12437501,400.1972,4357.98
2025-11-08,Balanced Advantage Fund,INF65632602,733.0958,649.23
2025-11-09,Liquid Ultra Fund,INF79318003,698.1618,3215.57
2025-11-26,Liquid Ultra Fund,INF64226104,220.0895,890.77
2025-11-16,Dynamic Asset Allocator,INF56803505,898.8827,4538.95
2025-11-26,Short Term Debt Fund,INF50757706,934.0154,635.79
2025-11-25,Alpha Equity Fund - Regular,INF20246207,1532.1903,4590.94
2025-11-16,Dynamic Asset Allocator,INF39469408,1931.3916,585.0
2025-11-06,Alpha Equity Fund - Regular,INF82904409,468.983,2031.21
2025-11-11,Overnight Fund,INF16648900,794.3515,4831.63
2025-11-25,Arbitrage Edge Fund,INF75844301,1075.06,2274.97
2025-11-03,Arbitrage Edge Fund,INF75558602,328.3926,3775.93
2025-11-10,Overnight Fund,INF71285303,513.884,1213.05
2025-11-07,Dynamic Asset Allocator,INF19088804,1791.1802,1836.18
2025-11-26,Arbitrage Edge Fund,INF43829505,406.6886,4263.54
2025-11-03,Overnight Fund,INF22151406,385.2684,3353.85
2025-11-05,Dynamic Asset Allocator,INF28413007,626.2296,3726.96
2025-11-03,Alpha Equity Fund - Regular,INF12811008,1354.7711,2140.11
2025-10-23,Alpha Equity Fund - Regular,INF22829309,209.2013,1269.39
2025-11-16,Overnight Fund,INF54430800,1551.3125,1425.06
2025-10-29,Overnight Fund,INF50366501,283.7684,2812.4
2025-10-30,Arbitrage Edge Fund,INF38116502,1159.9316,903.59
2025-11-18,Arbitrage Edge Fund,INF47815303,1819.5065,3463.08
2025-10-26,Liquid Ultra Fund,INF12571504,364.0338,4234.12
2025-11-01,Short Term Debt Fund,INF43839305,1739.0341,4103.87
2025-10-28,Overnight Fund,INF35044306,1591.2096,2126.82
2025-11-15,Dynamic Asset Allocator,INF78128507,1056.5394,449.39
2025-11-15,Overnight Fund,INF53222608,1896.2313,527.1
2025-10-22,Overnight Fund,INF60947909,567.9415,4692.56
2025-11-24,Alpha Equity Fund - Regular,INF94823900,1683.8778,1018.54
2025-11-26,Liquid Ultra Fund,INF63316301,672.69,3689.47
2025-11-22,Alpha Equity Fund - Regular,INF68188402,556.9745,2044.79
2025-11-18,Arbitrage Edge Fund,INF79704703,577.649,2837.59
2025-11-07,Short Term Debt Fund,INF20986104,665.9625,2772.57
2025-11-05,Balanced Advantage Fund,INF13687505,469.6859,214.74
2025-11-08,Short Term Debt Fund,INF70496706,1335.9712,2840.87
2025-11-10,Alpha Equity Fund - Regular,INF11555907,13.7638,2222.39
2025-10-21,Dynamic Asset Allocator,INF27312308,28.4585,4353.81
2025-11-25,Overnight Fund,INF45643509,274.6919,1700.84
2025-11-09,Liquid Ultra Fund,INF51398000,553.9997,3248.19
2025-11-21,Short Term Debt Fund,INF74012201,279.8124,2695.73
2025-10-21,Balanced Advantage Fund,INF28292602,349.6256,859.77
2025-11-10,Overnight Fund,INF65653803,1951.4626,4173.1
2025-11-21,Dynamic Asset Allocator,INF70689404,1919.1682,3429.9
2025-11-18,Liquid Ultra Fund,INF17999405,1411.9868,1804.16
2025-10-28,Alpha Equity Fund - Regular,INF28752006,1621.2768,367.72
2025-10-25,Liquid Ultra Fund,INF20799507,834.6803,3213.02
2025-10-21,Alpha Equity Fund - Regular,INF37514608,357.6604,3518.15
2025-11-08,Liquid Ultra Fund,INF60374309,1344.531,1871.85
2025-11-07,Arbitrage Edge Fund,INF83733200,341.1483,3006.61
2025-10-22,Overnight Fund,INF22233601,979.0328,1461.92
2025-10-24,Arbitrage Edge Fund,INF64163202,1034.6669,2325.41
2025-11-01,Liquid Ultra Fund,INF27571203,1346.1342,1766.23
2025-11-26,Short Term Debt Fund,INF32111204,1939.4916,1481.03
2025-10-23,Dynamic Asset Allocator,INF65805905,1666.2713,4516.68
2025-11-10,Liquid Ultra Fund,INF32804906,653.62,1294.07
2025-11-11,Balanced Advantage Fund,INF36631207,159.7141,3913.63
2025-11-02,Dynamic Asset Allocator,INF56686708,18.6181,3595.03
2025-11-24,Overnight Fund,INF17347809,1789.4903,2009.11
2025-11-15,Short Term Debt Fund,INF86338200,1905.2187,2268.13
2025-11-19,Dynamic Asset Allocator,INF35402901,1010.2656,3419.84
2025-11-12,Short Term Debt Fund,INF88628202,1405.9743,4225.46
2025-11-10,Balanced Advantage Fund,INF62922103,1980.8137,2930.4
2025-11-20,Short Term Debt Fund,INF83669104,124.9363,54.45
2025-11-03,Arbitrage Edge Fund,INF34865105,1346.7141,3740.59
2025-11-10,Short Term Debt Fund,INF64685106,577.6852,2948.14
2025-10-23,Balanced Advantage Fund,INF95456207,1501.0721,2564.69
2025-11-11,Balanced Advantage Fund,INF81625308,1656.304,2436.58
2025-11-22,Alpha Equity Fund - Regular,INF49220909,428.3388,3003.72
2025-10-21,Short Term Debt Fund,INF50934700,978.2912,3404.21
2025-11-10,Short Term Debt Fund,INF41462701,1565.4679,663.85
2025-10-28,Arbitrage Edge Fund,INF14787602,1882.1832,4828.51
2025-11-23,Arbitrage Edge Fund,INF10066103,497.1743,3294.18
2025-10-31,Arbitrage Edge Fund,INF36317504,1287.5301,4229.55
2025-10-22,Short Term Debt Fund,INF32222405,1483.4044,2259.73
2025-10-21,Arbitrage Edge Fund,INF40413906,1920.9651,2740.69
2025-11-09,Alpha Equity Fund - Regular,INF93223307,943.29,372.04
2025-11-11,Overnight Fund,INF51063008,228.4088,1923.91
2025-11-23,Balanced Advantage Fund,INF44565209,1412.103,4426.45
2025-10-29,Dynamic Asset Allocator,INF49284600,596.0904,2818.26
2025-11-23,Overnight Fund,INF63958301,812.7967,4342.16
2025-10-29,Alpha Equity Fund - Regular,INF44936302,653.0801,4085.1
2025-11-04,Balanced Advantage Fund,INF72166603,1768.9027,2750.29
2025-10-27,Alpha Equity Fund - Regular,INF36949904,1802.5976,569.21
2025-11-12,Alpha Equity Fund - Regular,INF86782305,1251.8974,1386.3
2025-10-28,Alpha Equity Fund - Regular,INF61060806,227.5036,255.33
2025-11-21,Alpha Equity Fund - Regular,INF74974007,1386.6621,4870.15
2025-11-20,Balanced Advantage Fund,INF63008408,51003.4745,2898.42
2025-11-09,Overnight Fund,INF25264609,1352.9284,190.7
2025-11-19,Short Term Debt Fund,INF92405900,44.1823,886.64
2025-10-21,Dynamic Asset Allocator,INF24447801,21.3666,3493.14
2025-10-26,Arbitrage Edge Fund,INF53884902,1980.5351,279.33
2025-10-24,Alpha Equity Fund - Regular,INF34109703,1526.3232,2522.39
2025-10-25,Liquid Ultra Fund,INF76569204,794.4544,3447.32
2025-10-29,Dynamic Asset Allocator,INF10175005,1452.6055,4855.95
2025-11-21,Short Term Debt Fund,INF21571406,598.1608,1962.44
2025-10-29,Short Term Debt Fund,INF84588707,1410.8015,2769.68
2025-10-21,Arbitrage Edge Fund,INF45721708,1057.7968,2485.52
2025-10-27,Overnight Fund,INF72715809,481.0223,2983.45
2025-11-03,Balanced Advantage Fund,INF49876600,1857.119,4515.2
2025-11-07,Dynamic Asset Allocator,INF15714401,1677.7769,976.55
2025-11-16,Short Term Debt Fund,INF36344302,1975.7207,467.03
2025-11-13,Balanced Advantage Fund,INF33485203,1103.3002,314.25
2025-10-24,Dynamic Asset Allocator,INF11138304,1579.7188,2599.68
2025-11-03,Overnight Fund,INF23978205,343.9021,3064.02
2025-10-29,Balanced Advantage Fund,INF50861406,1509.1716,1006.9
2025-11-06,Dynamic Asset Allocator,INF51854807,1665.415,2919.4
2025-11-16,Liquid Ultra Fund,INF28068108,1369.3714,2750.17
2025-10-21,Alpha Equity Fund - Regular,INF32967909,585.7293,4318.98
2025-10-28,Arbitrage Edge Fund,INF22764800,1918.3622,234.98
2025-11-21,Overnight Fund,INF30462401,327.9685,1863.14
2025-11-20,Balanced Advantage Fund,INF25482902,1896.762,4504.77
2025-10-21,Balanced Advantage Fund,INF49872903,149.0512,3603.44
2025-11-01,Alpha Equity Fund - Regular,INF30959904,541.3595,616.34
2025-11-21,Alpha Equity Fund - Regular,INF84356005,617.2248,581.24
2025-11-19,Arbitrage Edge Fund,INF54900706,168.0978,4108.66
2025-11-24,Balanced Advantage Fund,INF72558907,627.2829,4312.4
2025-11-07,Arbitrage Edge Fund,INF20549808,526.5429,2116.87
2025-10-25,Overnight Fund,INF22605709,942.4354,871.75
2025-11-13,Alpha Equity Fund - Regular,INF35593200,1381.3668,3566.77
2025-11-08,Dynamic Asset Allocator,INF81511201,468.3387,1914.46
2025-10-25,Arbitrage Edge Fund,INF20289502,872.3262,1998.64
2025-10-29,Liquid Ultra Fund,INF68420803,1793.5891,1255.01
2025-11-23,Dynamic Asset Allocator,INF17347904,120.9452,3952.27
2025-11-23,Overnight Fund,INF63870305,324.4605,3076.82
2025-11-20,Short Term Debt Fund,INF93611206,30182.6638,2822.21
2025-10-27,Arbitrage Edge Fund,INF55328507,1101.9827,3248.04
2025-11-23,Short Term Debt Fund,INF17355208,1909.5208,906.02
2025-10-26,Alpha Equity Fund - Regular,INF87130509,245.8971,4756.87
2025-10-22,Arbitrage Edge Fund,INF23804000,1390.3648,262.84
2025-11-08,Arbitrage Edge Fund,INF60433601,1433.8035,1913.53
2025-10-25,Short Term Debt Fund,INF74427102,1765.8497,988.77
2025-10-31,Overnight Fund,INF57373703,1077.8637,2587.61
2025-11-13,Overnight Fund,INF17777004,1104.3837,2076.03
2025-11-03,Balanced Advantage Fund,INF84284305,1286.2827,2560.5
2025-10-28,Overnight Fund,INF97816206,1321.6109,4166.47
2025-10-30,Overnight Fund,INF55405707,1947.13,1699.38
2025-10-29,Alpha Equity Fund - Regular,INF95879908,185.1276,2891.47
2025-10-27,Overnight Fund,INF55964009,243.7792,1083.76
2025-10-26,Balanced Advantage Fund,INF56551000,1767.591,2843.82
2025-11-13,Overnight Fund,INF48903101,1464.8578,3026.8
2025-11-09,Dynamic Asset Allocator,INF34463702,186.5514,4787.17
2025-11-26,Liquid Ultra Fund,INF22821403,345.168,3492.38
2025-11-26,Alpha Equity Fund - Regular,INF78122704,23.2568,1231.02
2025-10-21,Short Term Debt Fund,INF30425705,1190.7692,3276.52
2025-11-16,Liquid Ultra Fund,INF87179306,1710.4405,536.35
2025-11-19,Liquid Ultra Fund,INF12236107,1568.4311,2237.16
2025-11-07,Balanced Advantage Fund,INF26288808,1857.9861,4194.34
2025-10-21,Liquid Ultra Fund,INF31966109,1832.3307,565.43
2025-10-26,Dynamic Asset Allocator,INF83369100,1638.3005,421.93
2025-11-23,Short Term Debt Fund,INF10330101,259.6477,4362.73
2025-11-11,Arbitrage Edge Fund,INF23224502,568.4775,3489.59
2025-11-15,Overnight Fund,INF28929203,541.8825,4977.79
2025-10-31,Arbitrage Edge Fund,INF92388704,1568.3661,4333.37
2025-11-18,Liquid Ultra Fund,INF22043705,1402.0636,4284.34
2025-11-24,Balanced Advantage Fund,INF20789906,1544.7087,3882.67
2025-10-27,Arbitrage Edge Fund,INF97509707,466.709,2426.36
2025-10-23,Arbitrage Edge Fund,INF41243808,1779.8385,340.81
2025-11-09,Balanced Advantage Fund,INF13378609,430.4968,1191.05
2025-11-10,Dynamic Asset Allocator,INF88939500,1693.7547,2707.21
2025-10-30,Balanced Advantage Fund,INF79444301,1771.8408,3899.03
2025-11-05,Liquid Ultra Fund,INF19790302,326.558,2204.88
2025-10-25,Liquid Ultra Fund,INF68314603,1705.6322,469.49
2025-11-18,Short Term Debt Fund,INF71904104,898.4923,2803.79
2025-10-24,Alpha Equity Fund - Regular,INF27908405,609.5828,3940.1
2025-10-22,Balanced Advantage Fund,INF23452506,1722.9857,3075.59
2025-10-31,Balanced Advantage Fund,INF16074407,1834.1472,1488.1
2025-10-27,Arbitrage Edge Fund,INF67445908,470.2107,1989.04
2025-10-26,Overnight Fund,INF59581409,734.102,4942.37
2025-11-05,Arbitrage Edge Fund,INF86576900,1126.6928,2623.54
2025-11-20,Liquid Ultra Fund,INF95694301,695.2581,3697.94
2025-10-25,Short Term Debt Fund,INF14251202,1352.1887,2156.89
2025-11-06,Alpha Equity Fund - Regular,INF92327103,1595.5896,3005.88
2025-10-24,Arbitrage Edge Fund,INF28400704,1929.4497,3022.2
2025-11-03,Dynamic Asset Allocator,INF22490005,94.7565,3863.1
2025-10-28,Arbitrage Edge Fund,INF26812706,1329.9904,405.68
2025-11-13,Dynamic Asset Allocator,INF25925207,481.163,1079.46
2025-10-30,Balanced Advantage Fund,INF56257508,1297.8998,3536.9
2025-10-24,Liquid Ultra Fund,INF29307409,618.1707,719.91
2025-11-02,Arbitrage Edge Fund,INF75560900,1466.2503,4224.37
2025-11-12,Arbitrage Edge Fund,INF75685001,558.4295,3601.46
2025-11-23,Overnight Fund,INF76392002,1657.3711,3532.46
2025-11-18,Overnight Fund,INF58614303,1521.4581,4752.15
2025-11-19,Dynamic Asset Allocator,INF25086004,838.8809,643.18
2025-11-14,Dynamic Asset Allocator,INF53707405,1432.3062,1341.16
2025-10-30,Arbitrage Edge Fund,INF63987606,40.6688,3333.53
2025-10-28,Overnight Fund,INF12733707,669.4386,3147.19
2025-11-07,Alpha Equity Fund - Regular,INF27080508,1485.9478,4397.43
2025-11-15,Dynamic Asset Allocator,INF55971409,1159.9579,4495.16
2025-10-29,Arbitrage Edge Fund,INF80715000,449.0855,1457.16
2025-10-28,Arbitrage Edge Fund,INF73582801,948.2492,2581.2
2025-11-24,Overnight Fund,INF78186602,1083.2913,160.86
2025-10-23,Alpha Equity Fund - Regular,INF65280803,407.8322,321.62
2025-11-19,Balanced Advantage Fund,INF28225904,1244.5227,1008.51
2025-11-26,Overnight Fund,INF93245805,1573.3927,758.62
2025-11-21,Balanced Advantage Fund,INF18789106,687.2629,4793.35
2025-11-22,Liquid Ultra Fund,INF65767607,394.7963,999.44
2025-10-25,Overnight Fund,INF63756608,1119.9438,860.46
2025-11-18,Dynamic Asset Allocator,INF93148709,1340.5232,1767.3
2025-11-03,Balanced Advantage Fund,INF44627100,1615.1671,3138.94
2025-11-01,Short Term Debt Fund,INF41569101,1677.5271,3931.56
2025-11-06,Short Term Debt Fund,INF54923702,486.2646,817.46
2025-11-02,Balanced Advantage Fund,INF65515603,1791.0449,3795.81
2025-11-04,Short Term Debt Fund,INF12623204,350.6746,2108.38
2025-11-18,Alpha Equity Fund - Regular,INF30161005,1242.0223,3967.43
2025-11-20,Dynamic Asset Allocator,INF29570306,232.0999,1977.01
2025-11-22,Short Term Debt Fund,INF85092007,1083.2019,1440.53
2025-11-05,Short Term Debt Fund,INF88407208,1952.7886,4833.06
2025-11-21,Short Term Debt Fund,INF24468909,20173.0188,961.05
2025-11-02,Balanced Advantage Fund,INF16101200,87.0436,4347.01
2025-11-22,Overnight Fund,INF55535901,707.387,1776.04
2025-11-16,Alpha Equity Fund - Regular,INF51420702,975.5648,4758.07
2025-11-07,Alpha Equity Fund - Regular,INF90069203,444.4783,2332.06
2025-11-21,Arbitrage Edge Fund,INF89904604,1012.9551,2860.52
2025-11-08,Balanced Advantage Fund,INF41787705,1869.4301,959.98
2025-10-28,Overnight Fund,INF10833006,151.6169,796.34
2025-11-06,Liquid Ultra Fund,INF86907607,1195.4953,361.01
2025-11-09,Liquid Ultra Fund,INF70670908,1458.3746,4977.55
2025-11-05,Alpha Equity Fund - Regular,INF21102409,555.7233,270.27
2025-11-18,Balanced Advantage Fund,INF35816200,1509.6363,877.66
2025-10-27,Overnight Fund,INF48292601,155.2601,2490.75
2025-11-08,Balanced Advantage Fund,INF72561902,1336.4756,1951.85
2025-11-02,Overnight Fund,INF95657503,1684.3425,4176.12
2025-11-09,Short Term Debt Fund,INF74407404,656.0574,3188.21
2025-11-11,Liquid Ultra Fund,INF52277005,884.1344,3905.76
2025-11-02,Arbitrage Edge Fund,INF18325906,544.1027,1648.52
2025-11-08,Liquid Ultra Fund,INF75816107,1406.084,4973.29
2025-10-28,Balanced Advantage Fund,INF25700508,578.9513,4302.99
2025-10-27,Short Term Debt Fund,INF55626309,1927.9828,4173.99
2025-10-26,Alpha Equity Fund - Regular,INF17697200,269.8226,2265.62
2025-11-02,Overnight Fund,INF33995401,31.954,3147.25
2025-11-26,Arbitrage Edge Fund,INF96432102,419.3481,2670.94
2025-10-31,Overnight Fund,INF16513403,865.7145,4288.95
2025-11-21,Liquid Ultra Fund,INF58021204,293.9072,4651.92
2025-11-01,Arbitrage Edge Fund,INF19051505,75.1155,2099.93
2025-11-26,Overnight Fund,INF32933106,1183.3218,3074.22
2025-11-09,Short Term Debt Fund,INF61656407,1621.8452,3053.61
2025-11-09,Liquid Ultra Fund,INF87205008,859.5655,4446.04
2025-11-19,Arbitrage Edge Fund,INF74095809,897.5728,3842.47
2025-10-28,Balanced Advantage Fund,INF82905000,1165.1629,1470.01
2025-11-18,Balanced Advantage Fund,INF99767101,1218.0439,220.37
2025-11-20,Liquid Ultra Fund,INF58837102,588.0375,2079.04
2025-11-24,Arbitrage Edge Fund,INF64643703,1441.758,4972.59
2025-11-21,Balanced Advantage Fund,INF87424404,1981.4221,968.36
2025-10-30,Liquid Ultra Fund,INF94801205,1279.7819,4691.65
2025-11-14,Short Term Debt Fund,INF83732306,820.6787,2347.59
2025-11-21,Overnight Fund,INF16050407,693.0726,2588.39
2025-11-26,Alpha Equity Fund - Regular,INF55243008,913.213,1855.36
2025-11-11,Short Term Debt Fund,INF29467409,459.6981,4791.69
2025-11-20,Overnight Fund,INF54911300,1683.9332,4553.8
2025-11-26,Liquid Ultra Fund,INF34977301,239.2631,2907.29
2025-11-25,Arbitrage Edge Fund,INF21939102,641.2687,3125.43
2025-11-06,Balanced Advantage Fund,INF60617603,1226.4997,128.89
2025-11-18,Arbitrage Edge Fund,INF45435804,52481.6081,3161.11
2025-11-17,Short Term Debt Fund,INF79875705,157.8032,1561.78
2025-11-11,Arbitrage Edge Fund,INF58917906,198.9555,4268.46
2025-11-25,Short Term Debt Fund,INF98238607,910.3305,516.87
2025-11-08,Liquid Ultra Fund,INF90634608,1289.4297,591.23
2025-11-10,Arbitrage Edge Fund,INF88948709,586.8783,3479.1
2025-10-24,Short Term Debt Fund,INF45412400,1156.806,2581.39
2025-11-16,Overnight Fund,INF83006201,902.4254,896.48
2025-10-21,Alpha Equity Fund - Regular,INF93841602,446.4417,737.19
2025-11-17,Balanced Advantage Fund,INF40477903,802.2908,4118.52
2025-10-24,Liquid Ultra Fund,INF61843904,1612.6476,2735.97
2025-11-09,Short Term Debt Fund,INF22606205,648.2586,3321.08
2025-10-25,Arbitrage Edge Fund,INF81903306,659.1097,1429.9
2025-11-10,Balanced Advantage Fund,INF19350607,1066.9241,4565.43
2025-11-03,Arbitrage Edge Fund,INF58435508,44.9369,4539.2
2025-10-27,Liquid Ultra Fund,INF34130209,193.7979,1910.0
2025-10-26,Dynamic Asset Allocator,INF20118900,1734.7777,445.23
2025-11-05,Overnight Fund,INF72018301,642.1206,1731.86
2025-11-01,Liquid Ultra Fund,INF49645202,969.1936,3310.03
2025-10-30,Balanced Advantage Fund,INF51410903,849.1352,331.8
2025-11-17,Overnight Fund,INF17290504,1801.9277,2047.06
2025-11-23,Arbitrage Edge Fund,INF46412205,595.1357,1002.02
2025-10-30,Liquid Ultra Fund,INF73817906,266.8111,4729.43
2025-10-31,Liquid Ultra Fund,INF47908207,1396.1935,2538.17
2025-11-03,Alpha Equity Fund - Regular,INF65951908,194.0001,3928.35
2025-11-26,Liquid Ultra Fund,INF83579809,1504.1157,1515.45
2025-11-19,Short Term Debt Fund,INF38074200,1299.5353,1151.57
2025-11-19,Dynamic Asset Allocator,INF66277101,394.93,4976.44
2025-11-14,Liquid Ultra Fund,INF42878902,853.8275,212.52
2025-11-10,Dynamic Asset Allocator,INF16812403,886.8546,1050.57
2025-11-08,Liquid Ultra Fund,INF35139104,307.4132,4498.9
2025-11-25,Arbitrage Edge Fund,INF29838705,60.5452,2079.4
2025-11-13,Liquid Ultra Fund,INF53909306,934.9372,3803.9
2025-11-07,Balanced Advantage Fund,INF19390807,1090.1709,2662.86
2025-11-11,Balanced Advantage Fund,INF26753808,1452.9385,2754.72
2025-11-25,Arbitrage Edge Fund,INF61258809,757.6524,1098.86
2025-10-24,Dynamic Asset Allocator,INF14670400,1743.3721,4427.88
2025-10-25,Liquid Ultra Fund,INF48206701,1884.1957,899.89
2025-11-06,Liquid Ultra Fund,INF38049102,1455.8618,4713.06
2025-11-10,Balanced Advantage Fund,INF88077503,1523.9345,2792.78
2025-11-05,Dynamic Asset Allocator,INF91205604,1943.3588,4995.09
2025-11-09,Balanced Advantage Fund,INF47234405,582.8701,2000.56
2025-11-13,Short Term Debt Fund,INF32553406,736.0536,249.64
2025-11-09,Balanced Advantage Fund,INF73544807,1284.4993,457.44
2025-11-19,Dynamic Asset Allocator,INF82068408,1933.3153,2490.92
2025-10-23,Overnight Fund,INF69561509,216.3317,833.68
2025-11-18,Dynamic Asset Allocator,INF58963900,1712.6316,1447.44
2025-11-10,Alpha Equity Fund - Regular,INF62576201,1207.278,192.87
2025-11-22,Dynamic Asset Allocator,INF38775802,1048.6488,3271.29
2025-11-02,Overnight Fund,INF75095303,338.0919,2631.68
2025-10-30,Liquid Ultra Fund,INF81789404,995.4605,2454.33
2025-11-22,Dynamic Asset Allocator,INF13082705,1859.398,4603.07
2025-11-02,Dynamic Asset Allocator,INF83052706,1518.2214,551.06
2025-11-13,Balanced Advantage Fund,INF36159207,530.7511,1800.99
2025-11-23,Short Term Debt Fund,INF34399008,1442.4374,1678.24
2025-11-08,Short Term Debt Fund,INF20746809,294.1996,1735.84
2025-11-06,Dynamic Asset Allocator,INF58327400,1515.3482,1641.93
2025-11-05,Liquid Ultra Fund,INF87946801,1441.8536,3519.13
2025-10-28,Balanced Advantage Fund,INF17442502,1446.4226,449.56
2025-10-25,Liquid Ultra Fund,INF78620503,1721.3258,2883.75
2025-10-21,Balanced Advantage Fund,INF39949104,1156.3158,2774.33
2025-11-17,Balanced Advantage Fund,INF43807205,1461.0316,4915.54
2025-11-21,Liquid Ultra Fund,INF11705606,904.8829,4046.36
2025-11-14,Arbitrage Edge Fund,INF53276807,841.0565,3187.28
2025-11-22,Short Term Debt Fund,INF34229608,1726.6715,961.57
2025-11-20,Liquid Ultra Fund,INF84101109,1289.3437,2640.0
2025-10-27,Short Term Debt Fund,INF37559500,720.4054,4647.19
2025-10-31,Arbitrage Edge Fund,INF39176301,612.4839,3493.64
2025-10-30,Dynamic Asset Allocator,INF10601102,513.8755,4295.17
2025-10-23,Alpha Equity Fund - Regular,INF41787403,1735.0049,4918.53
2025-11-23,Alpha Equity Fund - Regular,INF89108504,1240.2615,1129.39
2025-11-04,Balanced Advantage Fund,INF52134705,1793.8652,3046.21
2025-11-07,Balanced Advantage Fund,INF11387806,1270.0714,4805.84
2025-10-24,Alpha Equity Fund - Regular,INF94927107,631.8476,1147.63
2025-10-26,Arbitrage Edge Fund,INF19792908,1949.3432,4704.94
2025-11-08,Overnight Fund,INF66078909,1629.6803,2485.58
2025-10-22,Dynamic Asset Allocator,INF61200800,539.6326,117.11
2025-11-16,Liquid Ultra Fund,INF82810801,48.3824,2878.86
2025-10-23,Arbitrage Edge Fund,INF28384302,647.8843,1882.99
2025-11-10,Liquid Ultra Fund,INF64525303,1285.8685,895.22
2025-10-31,Short Term Debt Fund,INF11241104,446.8109,3682.57
2025-11-14,Liquid Ultra Fund,INF53467205,723.8793,571.91
2025-11-20,Liquid Ultra Fund,INF34868706,1691.0675,1709.48
2025-11-15,Balanced Advantage Fund,INF88954107,1771.6044,4204.6
2025-10-24,Short Term Debt Fund,INF79513508,571.9419,4747.9
2025-11-16,Arbitrage Edge Fund,INF95826509,1298.9642,1362.68
2025-11-25,Balanced Advantage Fund,INF91994700,1348.8351,3182.86
2025-10-21,Alpha Equity Fund - Regular,INF89171101,1673.3842,4017.88
2025-11-19,Dynamic Asset Allocator,INF25793602,1407.2969,1905.82
2025-10-21,Balanced Advantage Fund,INF85257003,1202.2472,4102.77
2025-11-08,Arbitrage Edge Fund,INF98764104,502.7377,424.84
2025-11-18,Overnight Fund,INF34596305,759.2387,4828.94
2025-11-16,Short Term Debt Fund,INF76841106,30.9542,2053.65
2025-10-31,Short Term Debt Fund,INF64064107,912.1589,3976.57
2025-11-11,Arbitrage Edge Fund,INF60715508,1284.9184,448.36
2025-11-24,Arbitrage Edge Fund,INF70922209,1404.7651,712.12
2025-11-06,Dynamic Asset Allocator,INF95876200,1691.212,4928.3
2025-10-27,Arbitrage Edge Fund,INF18566901,1498.4482,2047.31
2025-11-15,Arbitrage Edge Fund,INF53449302,1802.4366,4008.27
2025-11-09,Dynamic Asset Allocator,INF28439603,328.025,2163.62
2025-10-29,Alpha Equity Fund - Regular,INF88154304,1187.6308,2528.81
2025-11-14,Balanced Advantage Fund,INF39272005,431.2562,3591.79
2025-11-01,Balanced Advantage Fund,INF28499306,208.799,2866.83
2025-11-24,Alpha Equity Fund - Regular,INF24859307,749.7791,2672.73
2025-11-13,Alpha Equity Fund - Regular,INF89417408,1479.9643,4270.96
2025-10-31,Dynamic Asset Allocator,INF16543709,1020.1992,2259.17
2025-11-20,Dynamic Asset Allocator,INF84552300,48.9237,1290.89
2025-11-12,Short Term Debt Fund,INF49286801,157.9417,1192.91
2025-10-25,Balanced Advantage Fund,INF42419602,1591.0332,2219.16
2025-11-05,Liquid Ultra Fund,INF79944003,177.1235,3147.39
2025-10-27,Dynamic Asset Allocator,INF65796004,695.1569,3321.05
2025-11-20,Overnight Fund,INF64045805,1581.8234,1553.49
2025-11-26,Short Term Debt Fund,INF60104306,469.9112,1491.42
2025-11-18,Alpha Equity Fund - Regular,INF76536007,1026.7348,2110.31
2025-11-01,Balanced Advantage Fund,INF34834908,1795.1585,1048.52
2025-11-01,Overnight Fund,INF62433109,813.7842,4321.14
2025-11-04,Dynamic Asset Allocator,INF52390600,323.3989,821.66
2025-11-19,Short Term Debt Fund,INF84821001,1301.5535,1142.64
2025-11-02,Dynamic Asset Allocator,INF38985802,993.8557,2412.24
2025-10-29,Dynamic Asset Allocator,INF26796703,60.4852,1270.24
2025-11-22,Alpha Equity Fund - Regular,INF97737004,122.6778,105.28
2025-11-16,Balanced Advantage Fund,INF18828205,762.2254,4948.27
2025-10-30,Short Term Debt Fund,INF86789706,355.6995,3096.12
2025-11-01,Balanced Advantage Fund,INF56005207,1193.3407,4908.77
2025-11-04,Balanced Advantage Fund,INF91003408,1253.8239,3406.3
2025-10-30,Liquid Ultra Fund,INF44674809,1386.7074,61.87
2025-10-26,Liquid Ultra Fund,INF68583700,1051.5297,3165.09
2025-10-26,Overnight Fund,INF53544301,1158.8413,1129.9
2025-11-07,Overnight Fund,INF20462302,327.7856,3921.92
2025-11-24,Liquid Ultra Fund,INF80345103,113.9574,2974.61
2025-10-27,Dynamic Asset Allocator,INF42920804,1801.0523,2707.45
2025-10-24,Arbitrage Edge Fund,INF33239505,1718.3748,527.84
2025-11-24,Short Term Debt Fund,INF90589906,586.817,4659.95
2025-10-23,Balanced Advantage Fund,INF23205607,1439.5902,2673.14
2025-11-25,Liquid Ultra Fund,INF16658608,1111.2593,2526.92
2025-11-15,Liquid Ultra Fund,INF43425309,311.7527,4118.69
2025-11-25,Short Term Debt Fund,INF85395200,388.3653,2816.04
2025-11-24,Balanced Advantage Fund,INF26077301,80.2786,3986.67
2025-11-20,Liquid Ultra Fund,INF69843402,1520.7569,698.53
2025-11-06,Alpha Equity Fund - Regular,INF66767403,501.4052,2076.85
2025-11-02,Liquid Ultra Fund,INF69697804,1831.4298,3192.79
2025-10-26,Liquid Ultra Fund,INF71403605,1968.7385,2943.61
2025-11-22,Short Term Debt Fund,INF10289806,1206.788,4994.52
2025-10-29,Balanced Advantage Fund,INF23235907,71.6984,1061.57
2025-10-25,Balanced Advantage Fund,INF71195908,663.5288,3618.32
2025-11-21,Balanced Advantage Fund,INF97791709,1789.1702,4862.68
2025-11-07,Balanced Advantage Fund,INF61430000,698.8415,2396.86
2025-10-23,Overnight Fund,INF11653701,1063.7147,322.79
2025-11-19,Overnight Fund,INF13465902,828.4592,2215.55
2025-11-14,Alpha Equity Fund - Regular,INF44853503,420.6993,3777.61
2025-11-12,Overnight Fund,INF42109404,574.4178,1330.15
2025-11-15,Short Term Debt Fund,INF91154405,521.3093,2203.77
2025-11-13,Short Term Debt Fund,INF66765306,997.1195,3857.17
2025-11-06,Dynamic Asset Allocator,INF21436007,1340.3544,2127.93
2025-10-27,Liquid Ultra Fund,INF22351708,1702.1325,1561.13
2025-10-21,Arbitrage Edge Fund,INF67440409,661.4835,422.14
2025-11-06,Overnight Fund,INF42187800,1720.232,2514.15
2025-11-20,Overnight Fund,INF61947401,156.3495,3268.26
2025-10-28,Overnight Fund,INF43472002,1350.9394,1856.45
2025-11-18,Overnight Fund,INF74114003,1685.3253,3506.02
2025-10-26,Balanced Advantage Fund,INF61724204,834.9229,2123.29
2025-11-20,Liquid Ultra Fund,INF35889605,1610.3652,236.14
2025-11-09,Alpha Equity Fund - Regular,INF99367406,700.782,3424.8
2025-11-17,Dynamic Asset Allocator,INF50357607,1539.5301,154.14
2025-11-04,Overnight Fund,INF66006908,1358.8016,1953.89
2025-10-31,Short Term Debt Fund,INF40151909,582.131,1775.05
2025-11-15,Short Term Debt Fund,INF10485300,307.8161,1212.41
2025-11-22,Dynamic Asset Allocator,INF20574701,137.9442,101.42
2025-11-06,Arbitrage Edge Fund,INF50483102,801.608,2658.24
2025-10-31,Liquid Ultra Fund,INF92360603,740.9918,3594.84
2025-11-13,Short Term Debt Fund,INF49718404,1182.8439,2183.76
2025-11-19,Arbitrage Edge Fund,INF45931105,1425.712,3492.8
2025-11-18,Short Term Debt Fund,INF32101406,1845.4335,4162.83
2025-10-24,Dynamic Asset Allocator,INF96230607,1569.7294,3088.21
2025-11-24,Arbitrage Edge Fund,INF84617108,208.9127,2926.9
2025-10-23,Overnight Fund,INF67942009,992.3499,725.76
2025-11-06,Balanced Advantage Fund,INF30647700,999.0185,3343.15
2025-11-01,Alpha Equity Fund - Regular,INF98493701,1440.6736,577.11
2025-11-05,Alpha Equity Fund - Regular,INF66561402,63.3018,2613.84
2025-10-23,Arbitrage Edge Fund,INF69353203,458.5627,3484.25
2025-10-30,Dynamic Asset Allocator,INF46397204,1512.4761,1748.59
2025-11-08,Overnight Fund,INF61087505,620.4835,1180.08
2025-11-04,Overnight Fund,INF27832106,880.6951,4687.17
2025-10-28,Short Term Debt Fund,INF24841707,1595.3981,3900.6
2025-10-25,Short Term Debt Fund,INF99121308,210.6161,3465.88
2025-11-16,Liquid Ultra Fund,INF40512109,679.6172,64.67
2025-11-14,Balanced Advantage Fund,INF26766800,1896.5195,3814.52
2025-11-19,Alpha Equity Fund - Regular,INF89009901,693.1703,2665.38
2025-11-02,Dynamic Asset Allocator,INF50905802,185.7768,1624.7
2025-10-27,Overnight Fund,INF67479003,1329.8936,3895.3
2025-11-03,Balanced Advantage Fund,INF19116104,1831.9356,4015.0
2025-11-16,Alpha Equity Fund - Regular,INF51987905,1372.492,2375.06
2025-10-27,Alpha Equity Fund - Regular,INF48720006,1862.9014,1913.42
2025-11-15,Overnight Fund,INF68443407,1232.2659,239.94
2025-11-12,Arbitrage Edge Fund,INF69868408,111.8763,3404.76
2025-11-22,Balanced Advantage Fund,INF26619109,1401.5189,496.96
2025-10-23,Short Term Debt Fund,INF70780200,944.4321,2821.43
2025-10-27,Dynamic Asset Allocator,INF32578001,224.8154,3871.76
2025-11-03,Balanced Advantage Fund,INF39552202,1724.7398,1315.92
2025-11-15,Short Term Debt Fund,INF47381303,1538.8976,2770.02
2025-11-06,Liquid Ultra Fund,INF71053204,1167.1282,62.61
2025-11-06,Dynamic Asset Allocator,INF26276605,1253.0859,1090.96
2025-10-30,Liquid Ultra Fund,INF42687606,469.8613,2707.75
2025-10-31,Arbitrage Edge Fund,INF75137007,293.9106,2203.14
2025-11-20,Arbitrage Edge Fund,INF78465308,1977.2692,987.05
2025-10-29,Overnight Fund,INF53724109,1445.563,4621.43
2025-11-15,Overnight Fund,INF29176500,1572.7571,4573.19
2025-11-11,Balanced Advantage Fund,INF92840701,1194.0697,1630.49
2025-11-07,Liquid Ultra Fund,INF76657002,1759.5742,1471.19
2025-10-28,Short Term Debt Fund,INF16528903,1875.5313,3011.46
2025-11-11,Overnight Fund,INF24563404,932.6451,1681.34
2025-11-20,Balanced Advantage Fund,INF59627705,850.2484,4253.19
2025-10-23,Dynamic Asset Allocator,INF70881506,490.9703,2468.67
2025-11-11,Alpha Equity Fund - Regular,INF77256407,97.1832,359.95
2025-11-05,Alpha Equity Fund - Regular,INF13874908,670.7047,1968.04
2025-11-02,Arbitrage Edge Fund,INF66707609,241.013,1939.56
2025-11-17,Dynamic Asset Allocator,INF39971300,478.3254,318.06
2025-11-02,Arbitrage Edge Fund,INF51708501,1686.1416,2647.15
2025-10-26,Alpha Equity Fund - Regular,INF56833702,1482.6076,202.5
2025-11-11,Liquid Ultra Fund,INF77828703,741.1752,4291.62
2025-11-10,Liquid Ultra Fund,INF85157804,1812.1449,2895.3
2025-10-30,Arbitrage Edge Fund,INF26787105,94.6326,1244.01
2025-10-28,Arbitrage Edge Fund,INF82809906,82.2583,260.1
2025-11-10,Overnight Fund,INF59490607,955.4841,2332.95
2025-11-09,Alpha Equity Fund - Regular,INF64638308,396.1557,4020.56
2025-11-23,Balanced Advantage Fund,INF17188409,1608.9696,3526.87
2025-11-22,Alpha Equity Fund - Regular,INF78296800,1323.2715,2661.74
2025-10-21,Alpha Equity Fund - Regular,INF95911301,131.9162,2839.61
2025-11-13,Dynamic Asset Allocator,INF85195902,1289.9261,2251.69
2025-11-26,Balanced Advantage Fund,INF44989103,911.1721,3716.17
2025-10-31,Overnight Fund,INF57185004,1522.8378,847.36
2025-10-21,Dynamic Asset Allocator,INF14752905,803.1686,4779.4
2025-10-23,Alpha Equity Fund - Regular,INF18898206,1138.3654,545.67
2025-11-03,Dynamic Asset Allocator,INF53672707,1213.0854,3070.66
2025-10-28,Balanced Advantage Fund,INF17435508,818.2408,4926.78
2025-11-14,Short Term Debt Fund,INF20988209,1237.7737,1409.8
2025-10-22,Balanced Advantage Fund,INF21121500,356.6022,3476.85
2025-11-18,Overnight Fund,INF34702301,1313.4718,3675.44
2025-11-25,Balanced Advantage Fund,INF34515102,1757.1853,4572.57
2025-11-25,Balanced Advantage Fund,INF39328403,603.8321,4239.1
2025-10-28,Balanced Advantage Fund,INF86064004,1843.2698,1775.18
2025-11-17,Dynamic Asset Allocator,INF97143805,737.5424,2336.02
2025-11-05,Dynamic Asset Allocator,INF98474406,1377.5565,4760.68
2025-11-14,Alpha Equity Fund - Regular,INF38673207,1389.1184,4707.49
2025-10-28,Short Term Debt Fund,INF31973608,457.4173,3629.78
2025-11-06,Overnight Fund,INF42939609,1956.8072,2982.16
2025-10-23,Liquid Ultra Fund,INF46157200,1128.0061,1242.02
2025-11-19,Liquid Ultra Fund,INF78251401,1024.1904,340.36
2025-11-03,Dynamic Asset Allocator,INF40099902,1891.8913,184.68
2025-11-21,Dynamic Asset Allocator,INF65783203,1090.8482,4622.37
2025-11-15,Liquid Ultra Fund,INF91476004,1420.4725,109.25
2025-11-05,Balanced Advantage Fund,INF22646905,909.682,889.03
2025-10-25,Alpha Equity Fund - Regular,INF34486606,1541.0434,3798.92
2025-11-12,Balanced Advantage Fund,INF54691207,678.5561,2259.03
2025-10-30,Arbitrage Edge Fund,INF94809608,1155.4224,4446.99
2025-11-01,Overnight Fund,INF74604609,1623.7508,184.94
2025-11-04,Arbitrage Edge Fund,INF63562400,1499.0192,1268.44
2025-11-15,Alpha Equity Fund - Regular,INF68081601,491.3675,2063.82
2025-11-16,Balanced Advantage Fund,INF14543202,1508.6192,149.89
2025-11-24,Alpha Equity Fund - Regular,INF51154003,1941.5871,336.15
2025-11-22,Arbitrage Edge Fund,INF54258204,1768.3549,3520.45
2025-11-16,Short Term Debt Fund,INF54179605,1443.6093,3117.73
2025-10-24,Dynamic Asset Allocator,INF63629306,907.7994,269.95
2025-11-12,Alpha Equity Fund - Regular,INF75723007,367.9931,3087.1
2025-10-30,Short Term Debt Fund,INF74549308,257.8656,4367.9
2025-10-25,Arbitrage Edge Fund,INF28571609,1223.2238,3601.17
2025-11-05,Alpha Equity Fund - Regular,INF75219000,1635.1273,402.64
2025-11-02,Short Term Debt Fund,INF17476401,790.1922,2548.22
2025-10-24,Dynamic Asset Allocator,INF89763402,1278.3272,1590.43
2025-11-02,Overnight Fund,INF99172603,1143.3486,522.99
2025-10-28,Overnight Fund,INF45121304,859.5618,3540.01
2025-11-25,Overnight Fund,INF15661205,1817.9097,3697.44
2025-11-17,Arbitrage Edge Fund,INF23761006,291.5116,3340.9
2025-10-22,Liquid Ultra Fund,INF40952207,1288.5291,4132.32
2025-11-23,Liquid Ultra Fund,INF85197008,514.9665,4164.91
2025-11-22,Overnight Fund,INF37536409,700.8498,276.61
2025-10-25,Liquid Ultra Fund,INF50405800,901.8906,4731.47
2025-10-31,Liquid Ultra Fund,INF26918401,31.4504,2749.41
2025-11-19,Alpha Equity Fund - Regular,INF42914302,1861.4426,1026.89
2025-11-20,Arbitrage Edge Fund,INF49778703,1334.4025,2445.38
2025-10-25,Liquid Ultra Fund,INF32755804,1036.0268,355.09
2025-11-19,Arbitrage Edge Fund,INF10284005,998.858,4362.49
2025-11-16,Short Term Debt Fund,INF45675106,1132.8489,4386.68
2025-11-23,Alpha Equity Fund - Regular,INF45941507,558.1057,2211.11
2025-11-18,Dynamic Asset Allocator,INF46873308,1961.0238,1086.34
2025-11-24,Dynamic Asset Allocator,INF75982009,1822.9047,2236.7
2025-10-24,Dynamic Asset Allocator,INF75163100,1644.067,3141.72
2025-11-11,Overnight Fund,INF48346601,1899.2262,2084.28
2025-11-23,Short Term Debt Fund,INF40116602,67.6808,3913.22
2025-10-21,Short Term Debt Fund,INF39823603,135.0615,4917.84
2025-11-05,Alpha Equity Fund - Regular,INF55647004,238.8041,1611.06
2025-11-05,Dynamic Asset Allocator,INF73057205,683.2738,663.43
2025-11-25,Liquid Ultra Fund,INF60548506,417.396,939.46
2025-11-09,Liquid Ultra Fund,INF53433207,1659.9431,3021.53
2025-10-29,Arbitrage Edge Fund,INF44995108,991.3532,3942.31
2025-10-24,Short Term Debt Fund,INF48890609,779.079,1259.88
2025-10-31,Dynamic Asset Allocator,INF19503000,917.4079,1555.49
2025-11-04,Alpha Equity Fund - Regular,INF14153401,318.2668,4912.77
2025-11-06,Arbitrage Edge Fund,INF96359302,487.1346,3980.54
2025-11-26,Balanced Advantage Fund,INF15237503,1091.5908,3919.62
2025-10-28,Dynamic Asset Allocator,INF90729204,1301.633,4982.59
2025-11-23,Arbitrage Edge Fund,INF27480105,674.2295,4872.85
2025-11-15,Overnight Fund,INF82075906,610.582,3734.15
2025-11-05,Overnight Fund,INF12020107,1685.1956,2117.65
2025-11-15,Alpha Equity Fund - Regular,INF74840808,152.6128,4663.3
2025-10-25,Short Term Debt Fund,INF96094809,1691.5848,3998.03
2025-10-31,Alpha Equity Fund - Regular,INF79919100,381.8178,2595.08
2025-10-26,Alpha Equity Fund - Regular,INF77689601,25.2631,4523.97
2025-10-24,Arbitrage Edge Fund,INF62207602,347.8764,4597.86
2025-11-11,Short Term Debt Fund,INF62275003,552.7188,2054.15
2025-11-19,Short Term Debt Fund,INF96358604,1876.8364,3852.87
2025-11-05,Arbitrage Edge Fund,INF74500805,1792.7654,2192.97
2025-11-19,Overnight Fund,INF25473106,36.8657,2085.06
2025-11-01,Liquid Ultra Fund,INF77029507,889.3746,3624.79
2025-11-25,Liquid Ultra Fund,INF37597708,1733.2014,4701.98
2025-11-07,Balanced Advantage Fund,INF68191709,1060.8091,1494.81
2025-11-22,Alpha Equity Fund - Regular,INF10060200,631.7527,2966.29
2025-11-04,Overnight Fund,INF14050801,73.8359,1992.37
2025-11-20,Alpha Equity Fund - Regular,INF33028802,1373.734,1677.75
2025-10-27,Arbitrage Edge Fund,INF56136703,1783.716,2118.59
2025-11-22,Overnight Fund,INF26972904,845.7853,3718.72
2025-11-06,Short Term Debt Fund,INF84387805,601.6502,429.05
2025-11-16,Liquid Ultra Fund,INF48969106,1849.625,1333.26
2025-11-12,Arbitrage Edge Fund,INF18559407,1496.6372,4612.12
2025-11-04,Alpha Equity Fund - Regular,INF82331108,111.1401,2206.55
2025-11-01,Dynamic Asset Allocator,INF96977809,1258.5232,4254.41
2025-11-03,Alpha Equity Fund - Regular,INF98297000,1188.2801,1279.51
2025-11-16,Dynamic Asset Allocator,INF23605301,997.878,1681.71
2025-11-18,Short Term Debt Fund,INF90067102,1392.5977,2775.57
2025-10-30,Dynamic Asset Allocator,INF90012203,1057.8366,2650.72
2025-10-23,Overnight Fund,INF25875404,1025.8805,75.26
2025-10-24,Dynamic Asset Allocator,INF84934905,566.0074,3628.51
2025-11-03,Arbitrage Edge Fund,INF15252706,25.2257,2948.84
2025-11-12,Short Term Debt Fund,INF75432807,1634.8885,1422.05
2025-11-05,Alpha Equity Fund - Regular,INF74179208,1503.7882,4936.3
2025-11-20,Liquid Ultra Fund,INF72050409,1594.8343,3158.79
2025-11-04,Short Term Debt Fund,INF54356100,744.0904,1107.69
2025-10-24,Arbitrage Edge Fund,INF46924001,669.9595,2593.67
2025-10-27,Alpha Equity Fund - Regular,INF14443702,193.7864,3567.31
2025-10-24,Dynamic Asset Allocator,INF54761203,1496.6528,3622.66
2025-11-14,Short Term Debt Fund,INF62354604,1743.1868,2668.05
2025-11-25,Short Term Debt Fund,INF61446805,908.8157,3436.81
2025-10-22,Liquid Ultra Fund,INF16781506,1012.4243,1678.88
2025-11-23,Balanced Advantage Fund,INF61669107,774.5746,1928.44
2025-11-12,Dynamic Asset Allocator,INF80134508,636.4497,3821.33
2025-11-13,Arbitrage Edge Fund,INF87258909,545.3567,1371.73
2025-11-25,Dynamic Asset Allocator,INF78075100,121.1616,1606.95
2025-10-24,Overnight Fund,INF85715101,274.9434,671.28
2025-10-25,Alpha Equity Fund - Regular,INF70653702,1565.6318,4363.68
2025-10-30,Alpha Equity Fund - Regular,INF26738103,1106.3396,3092.64
2025-11-01,Dynamic Asset Allocator,INF27192704,1287.8145,4553.39
2025-11-16,Alpha Equity Fund - Regular,INF26915205,960.4449,1620.55
2025-11-19,Arbitrage Edge Fund,INF56194106,773.0087,1715.22
2025-11-02,Short Term Debt Fund,INF15085507,883.5684,3245.2
2025-11-03,Dynamic Asset Allocator,INF28307008,567.3012,4682.73
2025-11-06,Liquid Ultra Fund,INF88150809,101.2744,2989.34
2025-11-12,Short Term Debt Fund,INF24623500,788.9351,2368.69
2025-11-11,Dynamic Asset Allocator,INF74909701,1285.2,1311.96
2025-11-21,Alpha Equity Fund - Regular,INF68244102,1001.694,2294.69
2025-10-28,Arbitrage Edge Fund,INF94575903,998.6044,2957.37
2025-10-28,Arbitrage Edge Fund,INF15226904,418.9965,1553.15
2025-11-03,Alpha Equity Fund - Regular,INF85719405,1695.7366,460.93
2025-11-05,Overnight Fund,INF67203706,1618.339,2989.98
2025-10-24,Dynamic Asset Allocator,INF52265807,790.8174,75.66
2025-10-23,Arbitrage Edge Fund,INF52495608,773.4628,3078.59
2025-11-08,Dynamic Asset Allocator,INF83442409,1005.0499,3589.34
2025-10-22,Dynamic Asset Allocator,INF68468900,1977.7147,3735.85
2025-11-17,Arbitrage Edge Fund,INF91814301,673.6001,1637.9
2025-11-19,Liquid Ultra Fund,INF25582102,1459.0162,3652.81
2025-10-23,Balanced Advantage Fund,INF35001303,1388.2622,3058.07
2025-11-06,Balanced Advantage Fund,INF64599004,281.7371,98.12
2025-11-14,Overnight Fund,INF10364105,800.0483,1936.85
2025-10-24,Balanced Advantage Fund,INF84065106,886.1718,2054.72
2025-11-20,Alpha Equity Fund - Regular,INF25773607,339.0669,1672.9
2025-10-24,Alpha Equity Fund - Regular,INF94489508,611.7442,3993.51
2025-11-02,Liquid Ultra Fund,INF76899709,560.8525,3956.7
2025-11-23,Liquid Ultra Fund,INF85560800,319.9829,1059.64
2025-11-10,Balanced Advantage Fund,INF93121901,1092.3161,1792.39
2025-11-25,Alpha Equity Fund - Regular,INF92933602,115.4328,2329.08
2025-10-31,Short Term Debt Fund,INF31027203,1327.8953,3585.39
2025-11-09,Dynamic Asset Allocator,INF31975704,1684.72,2611.79
2025-10-23,Dynamic Asset Allocator,INF91084405,1083.3149,2517.77
2025-11-20,Short Term Debt Fund,INF45258106,1925.6163,363.34
2025-11-05,Short Term Debt Fund,INF34399207,355.1504,4867.02
2025-11-01,Liquid Ultra Fund,INF75020608,1905.1942,2822.87
2025-11-03,Liquid Ultra Fund,INF96623509,222.4087,3688.14
2025-10-23,Short Term Debt Fund,INF22282200,1167.1319,3770.87
2025-10-31,Dynamic Asset Allocator,INF76441801,79.9458,2656.84
2025-11-24,Alpha Equity Fund - Regular,INF20104202,678.8038,1281.43
2025-10-24,Dynamic Asset Allocator,INF61932403,1209.0403,4707.14
2025-11-25,Liquid Ultra Fund,INF33734604,41.8266,3875.37
2025-11-10,Balanced Advantage Fund,INF30155605,1517.9192,1973.42
2025-10-24,Short Term Debt Fund,INF22531906,1339.4555,915.37
2025-11-06,Short Term Debt Fund,INF77561507,488.5035,1020.72
2025-11-20,Overnight Fund,INF23167508,570.9368,1273.58
2025-11-14,Short Term Debt Fund,INF67209509,696.2206,429.61
2025-11-22,Dynamic Asset Allocator,INF35022800,1486.6284,938.08
2025-10-22,Dynamic Asset Allocator,INF40756901,1188.6473,4351.65
2025-11-17,Balanced Advantage Fund,INF74202002,441.8081,4273.68
2025-11-23,Overnight Fund,INF44498703,717.7332,2478.41
2025-11-12,Short Term Debt Fund,INF45532004,1814.2186,1436.54
2025-10-24,Short Term Debt Fund,INF69932605,843.4085,4847.77
2025-11-11,Dynamic Asset Allocator,INF67085606,1506.2091,4137.54
2025-11-26,Liquid Ultra Fund,INF83032807,610.8733,2370.97
2025-11-17,Overnight Fund,INF76639608,210.4067,3364.0
2025-11-20,Balanced Advantage Fund,INF93101509,1553.4059,4326.07
2025-11-02,Arbitrage Edge Fund,INF58819200,1723.4086,1562.28
2025-11-01,Liquid Ultra Fund,INF80999401,637.9057,2070.16
2025-11-24,Alpha Equity Fund - Regular,INF88880902,79.7781,3952.5
2025-10-23,Balanced Advantage Fund,INF45812303,1553.9947,1637.37
2025-11-21,Dynamic Asset Allocator,INF76815704,15.1952,1025.94
2025-10-24,Balanced Advantage Fund,INF52169805,1308.3123,856.11
2025-11-15,Overnight Fund,INF60571106,348.1344,4960.34
2025-10-21,Dynamic Asset Allocator,INF91722407,707.5773,4939.89
2025-11-12,Overnight Fund,INF43242408,1814.1733,3891.67
2025-11-02,Alpha Equity Fund - Regular,INF83600109,207.7948,4246.02
2025-10-26,Dynamic Asset Allocator,INF65449400,1713.2767,4595.46
2025-11-03,Arbitrage Edge Fund,INF22013701,992.1766,76.37
2025-10-21,Alpha Equity Fund - Regular,INF27786102,1778.5822,4033.78
2025-10-22,Arbitrage Edge Fund,INF98087703,1608.4314,3042.02
2025-11-26,Liquid Ultra Fund,INF91844704,1706.8673,4672.68
2025-10-31,Dynamic Asset Allocator,INF91032505,1222.4105,1342.24
2025-10-29,Overnight Fund,INF96780906,142.0108,3431.07
2025-11-26,Dynamic Asset Allocator,INF77817707,563.9539,4599.16
2025-11-25,Liquid Ultra Fund,INF69507108,288.0174,3008.32
2025-11-06,Alpha Equity Fund - Regular,INF46699409,1135.7499,2721.12
2025-11-17,Overnight Fund,INF45571700,1866.5308,2192.71
2025-11-13,Short Term Debt Fund,INF44476601,1057.5915,1271.12
2025-11-04,Short Term Debt Fund,INF57719102,1483.0624,3657.81
2025-10-26,Liquid Ultra Fund,INF61137903,1145.6868,2814.86
2025-10-29,Liquid Ultra Fund,INF87982904,357.8319,3792.78
2025-11-19,Dynamic Asset Allocator,INF39851405,1137.3634,2208.65
2025-11-03,Arbitrage Edge Fund,INF82287006,393.3772,4689.44
2025-11-07,Overnight Fund,INF76456307,512.021,3611.2
2025-11-25,Arbitrage Edge Fund,INF93119408,1984.302,2340.09
2025-10-25,Dynamic Asset Allocator,INF32454309,274.0524,4265.55
2025-10-25,Short Term Debt Fund,INF72232200,1881.8382,326.9
2025-11-06,Short Term Debt Fund,INF30795101,508.5218,2192.81
2025-10-22,Balanced Advantage Fund,INF44563502,1122.5216,4071.97
2025-10-26,Balanced Advantage Fund,INF53639503,659.2881,897.11
2025-11-12,Liquid Ultra Fund,INF14862004,968.0141,1077.46
2025-10-29,Alpha Equity Fund - Regular,INF56586505,886.1419,131.22
2025-11-26,Balanced Advantage Fund,INF32492206,1352.2922,199.54
2025-10-22,Dynamic Asset Allocator,INF79165107,1968.8224,4763.65
2025-11-18,Dynamic Asset Allocator,INF15301608,1354.2864,1014.11
2025-11-24,Overnight Fund,INF16924109,1778.5161,805.05
2025-11-12,Short Term Debt Fund,INF24383100,1001.4699,2935.72
2025-10-30,Liquid Ultra Fund,INF38205101,728.6135,2815.71
2025-10-29,Alpha Equity Fund - Regular,INF64919802,1602.4022,1526.1
2025-11-07,Arbitrage Edge Fund,INF61475903,704.7811,343.03
2025-10-29,Short Term Debt Fund,INF75735304,939.1909,451.23
2025-11-13,Balanced Advantage Fund,INF24146405,388.3873,2490.26
2025-11-13,Balanced Advantage Fund,INF48050306,968.0151,883.02
2025-10-28,Short Term Debt Fund,INF69950207,1254.165,2499.6
2025-11-13,Arbitrage Edge Fund,INF27331308,709.696,1106.4
2025-10-22,Arbitrage Edge Fund,INF97763909,1626.1936,673.9
2025-11-13,Short Term Debt Fund,INF17174700,1515.0909,3831.05
2025-11-17,Dynamic Asset Allocator,INF15483501,169.0783,4013.24
2025-11-04,Liquid Ultra Fund,INF91753402,1106.5054,531.37
2025-10-26,Liquid Ultra Fund,INF69418503,1244.5829,2935.91
2025-11-26,Balanced Advantage Fund,INF15396604,1331.806,2605.89
2025-10-25,Alpha Equity Fund - Regular,INF12150105,1861.1328,2451.0
2025-11-02,Short Term Debt Fund,INF40080206,1538.6374,1292.25
2025-11-07,Arbitrage Edge Fund,INF47904907,661.7035,326.67
2025-10-30,Liquid Ultra Fund,INF96985108,251.3039,1687.52
2025-11-03,Dynamic Asset Allocator,INF78128309,463.0634,580.45
2025-10-27,Dynamic Asset Allocator,INF12341300,1396.9953,105.4
2025-11-14,Dynamic Asset Allocator,INF14835201,213.4841,4137.26
2025-11-26,Liquid Ultra Fund,INF84921102,670.8399,483.35
2025-10-22,Liquid Ultra Fund,INF42523103,693.6866,2914.39
2025-11-13,Short Term Debt Fund,INF65167604,980.1887,4855.38
2025-11-03,Alpha Equity Fund - Regular,INF63840505,386.1651,4979.45
2025-11-21,Balanced Advantage Fund,INF30411306,1356.3017,4745.58
2025-11-06,Short Term Debt Fund,INF36590107,1774.3389,4800.05
2025-11-12,Balanced Advantage Fund,INF53365608,1254.6725,1353.06
2025-11-09,Dynamic Asset Allocator,INF21896009,1773.6007,3634.73
2025-11-21,Alpha Equity Fund - Regular,INF81088000,1545.9302,1441.74
2025-11-10,Short Term Debt Fund,INF88469901,821.5551,2181.81
2025-10-27,Alpha Equity Fund - Regular,INF42937302,1295.3662,1000.46
2025-11-06,Alpha Equity Fund - Regular,INF72916603,1554.5697,1627.55
2025-11-11,Short Term Debt Fund,INF25230204,158.9325,4529.94
2025-11-19,Dynamic Asset Allocator,INF18196005,1766.6084,302.63
2025-10-27,Short Term Debt Fund,INF52836606,1098.8547,4894.34
2025-11-14,Liquid Ultra Fund,INF35731207,1093.6918,1224.39
2025-11-16,Alpha Equity Fund - Regular,INF77888408,1846.893,4857.82
2025-10-23,Liquid Ultra Fund,INF82170909,1297.6619,3902.14
2025-11-12,Liquid Ultra Fund,INF30203000,1550.1791,4910.93
2025-11-16,Arbitrage Edge Fund,INF70678501,912.1615,394.66
2025-11-22,Dynamic Asset Allocator,INF45689702,1810.7746,1774.86
2025-11-24,Short Term Debt Fund,INF59608303,1148.5363,2616.99
2025-10-27,Arbitrage Edge Fund,INF91600104,80.6269,79.18
2025-11-25,Balanced Advantage Fund,INF91003005,142.2182,3004.79
2025-10-25,Arbitrage Edge Fund,INF24521506,1708.402,2780.65
2025-10-25,Balanced Advantage Fund,INF28394407,230.1002,1314.61
2025-11-17,Dynamic Asset Allocator,INF49999508,959.1892,462.44
2025-11-14,Arbitrage Edge Fund,INF55579409,43.8264,1083.12
2025-11-16,Short Term Debt Fund,INF46999300,595.0025,1247.29
2025-11-08,Dynamic Asset Allocator,INF12198701,1360.5038,605.38
2025-11-15,Balanced Advantage Fund,INF47858502,1451.1732,2574.33
2025-11-21,Liquid Ultra Fund,INF62015203,277.2835,1748.59
2025-11-03,Short Term Debt Fund,INF73535004,1631.056,2074.69
2025-10-21,Dynamic Asset Allocator,INF58310305,415.5983,1088.07
2025-11-16,Short Term Debt Fund,INF45903706,1139.3981,2036.29
2025-10-28,Overnight Fund,INF70200207,1614.9,3263.38
2025-11-08,Overnight Fund,INF29986408,1064.1977,4001.18
2025-11-20,Balanced Advantage Fund,INF99597209,1048.277,3685.26
2025-11-05,Overnight Fund,INF61090500,1575.0554,3934.55
2025-11-04,Balanced Advantage Fund,INF12648201,1540.2738,2757.34
2025-11-09,Dynamic Asset Allocator,INF72536502,547.8753,1830.31
2025-10-27,Alpha Equity Fund - Regular,INF20676803,1543.0128,4219.57
2025-11-12,Short Term Debt Fund,INF67912404,1538.4732,2273.6
2025-10-29,Balanced Advantage Fund,INF20452905,1934.689,2693.81
2025-11-18,Dynamic Asset Allocator,INF59866306,1249.4813,1303.16
2025-11-13,Overnight Fund,INF39299207,1822.8624,2810.47
2025-11-01,Arbitrage Edge Fund,INF15397208,1727.1942,2089.43
2025-10-31,Liquid Ultra Fund,INF20531209,1082.7572,4844.08
2025-11-06,Liquid Ultra Fund,INF39258400,1568.0055,1521.62
2025-11-16,Overnight Fund,INF41436001,446.5494,4971.71
2025-10-22,Short Term Debt Fund,INF52757702,806.785,3131.89
2025-11-04,Overnight Fund,INF29944203,395.7327,2183.77
2025-10-30,Dynamic Asset Allocator,INF61685804,572.6892,1640.66
2025-11-26,Alpha Equity Fund - Regular,INF36283405,1693.0641,2829.84
2025-11-13,Overnight Fund,INF92020406,221.0702,972.93
2025-10-27,Overnight Fund,INF56636107,276.8307,4499.99
2025-10-29,Arbitrage Edge Fund,INF46720308,323.7414,860.84
2025-10-25,Overnight Fund,INF94785909,848.8709,2324.77
2025-11-14,Dynamic Asset Allocator,INF54611600,1292.4549,3102.57
2025-10-26,Dynamic Asset Allocator,INF95022301,1473.9016,3141.5
2025-11-23,Dynamic Asset Allocator,INF32295102,280.8682,1074.27
2025-11-25,Short Term Debt Fund,INF28138803,799.6033,2322.37
2025-11-09,Liquid Ultra Fund,INF69200104,1817.6642,3031.73
2025-11-05,Dynamic Asset Allocator,INF24186305,869.4179,1237.66
2025-11-07,Arbitrage Edge Fund,INF58520406,1133.9253,4918.99
2025-10-21,Balanced Advantage Fund,INF74926507,32.9164,1881.03
2025-11-19,Short Term Debt Fund,INF21668908,115.0589,2101.51
2025-11-02,Arbitrage Edge Fund,INF43694809,1131.9668,2462.24
2025-11-14,Liquid Ultra Fund,INF61713400,723.7195,981.34
2025-10-21,Overnight Fund,INF86200601,1873.7471,642.9
2025-10-21,Dynamic Asset Allocator,INF73640602,972.2813,2009.87
2025-11-01,Balanced Advantage Fund,INF38357303,367.2616,3870.56
2025-11-22,Liquid Ultra Fund,INF35911004,619.6344,306.31
2025-11-15,Liquid Ultra Fund,INF99678005,206.2007,2919.79
2025-11-12,Dynamic Asset Allocator,INF63957706,253.7453,462.63
2025-11-10,Liquid Ultra Fund,INF10533807,115.0622,3842.73
2025-11-08,Liquid Ultra Fund,INF21957908,1257.8166,2965.25
2025-11-02,Overnight Fund,INF68074209,1923.2548,3537.37
2025-11-10,Arbitrage Edge Fund,INF22675000,718.3223,3525.3
2025-10-22,Overnight Fund,INF34176701,545.6891,1837.16
2025-11-18,Alpha Equity Fund - Regular,INF36999902,697.2528,1067.88
2025-10-25,Dynamic Asset Allocator,INF95253003,1735.188,1894.05
2025-11-21,Arbitrage Edge Fund,INF14665604,1442.9371,4665.7
2025-11-08,Arbitrage Edge Fund,INF31213005,1224.8761,4106.84
2025-11-05,Balanced Advantage Fund,INF70286806,858.8859,1559.09
2025-11-23,Dynamic Asset Allocator,INF25403207,981.9785,355.97
2025-10-24,Liquid Ultra Fund,INF40405108,1699.5029,2598.13
2025-11-03,Arbitrage Edge Fund,INF64779109,147.4127,3544.11
2025-11-25,Alpha Equity Fund - Regular,INF99302900,1445.8489,1718.31
2025-11-03,Short Term Debt Fund,INF57162701,23.7797,2803.23
2025-10-31,Alpha Equity Fund - Regular,INF61178702,1772.803,3762.73
2025-11-05,Arbitrage Edge Fund,INF34044403,779.8139,1547.13
2025-11-23,Liquid Ultra Fund,INF53553904,1350.9342,4888.14
2025-11-14,Short Term Debt Fund,INF10088305,874.3793,1353.26
2025-10-30,Alpha Equity Fund - Regular,INF24492506,1426.4194,156.58
2025-11-05,Overnight Fund,INF83099007,16.7952,1770.76
2025-11-07,Dynamic Asset Allocator,INF62751408,282.1311,3747.23
2025-11-03,Liquid Ultra Fund,INF76687509,958.9261,4130.1
2025-10-31,Liquid Ultra Fund,INF91323200,1017.8723,1235.47
2025-10-31,Alpha Equity Fund - Regular,INF85983001,1424.6845,2915.28
2025-11-11,Short Term Debt Fund,INF96598702,1874.3513,3457.37
2025-10-29,Liquid Ultra Fund,INF71490203,924.8312,2313.13
2025-11-09,Arbitrage Edge Fund,INF95441604,424.1836,1046.54
2025-11-05,Balanced Advantage Fund,INF93200905,977.6838,2016.13
2025-11-06,Dynamic Asset Allocator,INF27571906,1609.4823,297.87
2025-11-24,Arbitrage Edge Fund,INF10027707,1085.2615,2778.06
2025-11-20,Short Term Debt Fund,INF11537708,1712.1664,3321.83
2025-11-12,Dynamic Asset Allocator,INF92673509,952.6316,1779.5
2025-11-20,Short Term Debt Fund,INF81418900,1443.0928,4182.38
2025-11-12,Liquid Ultra Fund,INF70689901,1039.399,2787.05
2025-11-13,Arbitrage Edge Fund,INF76154002,673.1939,280.23
2025-10-31,Short Term Debt Fund,INF23821803,378.0807,3278.18
2025-11-16,Overnight Fund,INF61302804,655.6869,3991.09
2025-11-16,Balanced Advantage Fund,INF80233405,1597.3898,4801.3
2025-11-23,Arbitrage Edge Fund,INF78761506,1697.106,519.98
2025-11-25,Dynamic Asset Allocator,INF75557207,606.6959,4790.7
2025-11-24,Alpha Equity Fund - Regular,INF23702408,708.0707,4458.81
2025-10-24,Overnight Fund,INF12293009,835.9099,759.95
2025-11-04,Liquid Ultra Fund,INF91784500,1644.3867,2001.23
2025-11-23,Arbitrage Edge Fund,INF16949501,1841.4831,953.04
2025-11-03,Balanced Advantage Fund,INF80642802,964.3549,382.27
2025-11-26,Arbitrage Edge Fund,INF79157903,1033.4433,4978.8
2025-11-15,Arbitrage Edge Fund,INF66856104,1291.6479,1409.87
2025-11-15,Balanced Advantage Fund,INF13678405,1870.6802,1733.72
2025-10-24,Short Term Debt Fund,INF70234106,792.6003,4785.64
2025-10-23,Alpha Equity Fund - Regular,INF25914707,436.31,638.29
2025-11-12,Short Term Debt Fund,INF80438908,140.3509,4179.91
2025-10-21,Liquid Ultra Fund,INF37692609,799.2217,3778.49
2025-10-25,Liquid Ultra Fund,INF23394000,1251.2588,1606.3
2025-10-28,Balanced Advantage Fund,INF51667001,195.3443,4637.32
2025-11-08,Liquid Ultra Fund,INF98245002,288.2756,2711.19
2025-10-27,Balanced Advantage Fund,INF40269603,349.2523,2271.34
2025-10-26,Alpha Equity Fund - Regular,INF13400504,1228.0897,675.5
2025-11-05,Alpha Equity Fund - Regular,INF58106605,1815.3388,279.24
2025-11-18,Short Term Debt Fund,INF18981306,662.8985,450.6
2025-11-02,Liquid Ultra Fund,INF28476807,662.479,4028.99
2025-10-21,Alpha Equity Fund - Regular,INF95125008,1290.6896,1913.96
2025-11-02,Short Term Debt Fund,INF10063709,41.4241,4581.33
2025-10-22,Arbitrage Edge Fund,INF17735600,1429.126,1269.69
2025-11-09,Liquid Ultra Fund,INF15691901,349.3816,1106.61
2025-10-23,Overnight Fund,INF37990702,657.8388,1173.72
2025-11-13,Alpha Equity Fund - Regular,INF78160903,1897.5073,4560.59
2025-10-31,Short Term Debt Fund,INF31017804,1314.6311,1884.18
2025-11-12,Liquid Ultra Fund,INF60450605,139.7966,4492.61
2025-11-11,Arbitrage Edge Fund,INF98698006,701.2739,2114.28
2025-11-05,Alpha Equity Fund - Regular,INF42314007,1939.1938,2294.68
2025-11-13,Dynamic Asset Allocator,INF86177908,1408.4904,3322.27
2025-10-24,Overnight Fund,INF46564609,1959.7718,554.87
2025-10-21,Dynamic Asset Allocator,INF66611500,1414.7938,4251.65
2025-11-17,Dynamic Asset Allocator,INF34087701,138.7542,2690.39
2025-10-28,Overnight Fund,INF57350502,1909.1592,1131.64
2025-11-16,Overnight Fund,INF94538803,551.0648,4845.28
2025-11-03,Alpha Equity Fund - Regular,INF52757404,372.7082,3297.44
2025-11-23,Overnight Fund,INF42620805,1371.0884,4705.46
2025-11-02,Dynamic Asset Allocator,INF40205306,66.6206,4668.93
2025-10-23,Alpha Equity Fund - Regular,INF43165007,1403.0336,1925.03
2025-10-24,Dynamic Asset Allocator,INF42301108,388.5304,1093.94
2025-11-17,Short Term Debt Fund,INF11033209,1735.6612,3572.38
2025-11-25,Dynamic Asset Allocator,INF39795900,1045.0255,3921.84
2025-11-09,Dynamic Asset Allocator,INF36061601,65.9969,1408.78
2025-11-16,Overnight Fund,INF12573302,1328.3829,2639.4
2025-11-06,Dynamic Asset Allocator,INF77164203,1213.3306,1288.77
2025-10-23,Balanced Advantage Fund,INF12190204,1334.659,4964.09
2025-11-19,Dynamic Asset Allocator,INF87587105,716.1239,2074.58
2025-11-15,Balanced Advantage Fund,INF46335506,1376.695,1555.44
2025-10-24,Arbitrage Edge Fund,INF63685207,1924.9721,705.24
2025-10-26,Balanced Advantage Fund,INF45658408,1184.5353,1997.44
2025-10-28,Balanced Advantage Fund,INF21622009,582.7682,485.68
2025-10-27,Dynamic Asset Allocator,INF16042300,417.0251,3157.8
2025-11-06,Dynamic Asset Allocator,INF48659901,1066.6312,1272.75
2025-11-19,Overnight Fund,INF42079202,635.8593,3199.38
2025-11-07,Short Term Debt Fund,INF31192403,585.9189,4287.06
2025-11-22,Balanced Advantage Fund,INF57276304,1567.2006,1955.11
2025-11-24,Arbitrage Edge Fund,INF44698405,379.0246,1446.04
2025-11-12,Arbitrage Edge Fund,INF88693606,679.9286,770.74
2025-11-06,Overnight Fund,INF64429107,26.8119,1033.49
2025-11-01,Arbitrage Edge Fund,INF40930908,246.4825,2905.82
2025-10-26,Alpha Equity Fund - Regular,INF16090709,1499.0261,4676.76
2025-11-20,Dynamic Asset Allocator,INF82290500,98.4735,1869.06
2025-10-30,Overnight Fund,INF11604601,1449.9,1344.1
2025-11-16,Alpha Equity Fund - Regular,INF97714302,530.9264,4971.39
2025-11-22,Short Term Debt Fund,INF57679903,1915.0287,2812.7
2025-11-11,Arbitrage Edge Fund,INF90428204,214.1855,2282.78
2025-10-30,Arbitrage Edge Fund,INF45240005,661.9613,1172.6
2025-11-12,Arbitrage Edge Fund,INF40204106,77.6996,2337.32
2025-10-23,Short Term Debt Fund,INF78350607,140.846,2785.16
2025-10-25,Overnight Fund,INF66995408,1321.5091,3264.19
2025-11-08,Overnight Fund,INF68725509,889.6818,4950.14
2025-11-24,Arbitrage Edge Fund,INF37191400,542.1681,334.5
2025-10-23,Alpha Equity Fund - Regular,INF32803301,697.0876,4909.08
2025-11-24,Alpha Equity Fund - Regular,INF38112702,272.8331,2795.96
2025-10-22,Dynamic Asset Allocator,INF86314103,441.1244,3035.26
2025-11-16,Alpha Equity Fund - Regular,INF63994104,1809.0283,346.04
2025-11-03,Alpha Equity Fund - Regular,INF48520605,529.8503,174.59
2025-11-23,Dynamic Asset Allocator,INF48848606,1881.6285,206.13
2025-10-31,Overnight Fund,INF54207607,1287.349,4134.09
2025-11-17,Short Term Debt Fund,INF44726908,831.844,1114.02
2025-11-24,Arbitrage Edge Fund,INF95641309,892.5975,3219.1
2025-10-22,Liquid Ultra Fund,INF92785800,28922.0478,3252.88
2025-11-11,Short Term Debt Fund,INF20778301,908.162,1535.04
2025-11-06,Alpha Equity Fund - Regular,INF70495702,330.0212,2458.84
2025-11-15,Short Term Debt Fund,INF35799703,416.4879,927.56
2025-10-23,Arbitrage Edge Fund,INF46449104,1221.9927,3001.17
2025-10-21,Liquid Ultra Fund,INF74656205,981.3498,2509.09
2025-10-26,Short Term Debt Fund,INF19424806,202.3711,3834.95
2025-10-25,Short Term Debt Fund,INF49705507,464.1122,58.36
2025-11-23,Balanced Advantage Fund,INF30201408,1162.7759,760.88
2025-10-26,Balanced Advantage Fund,INF39178409,209.3071,1533.9
2025-11-01,Balanced Advantage Fund,INF26133900,1597.6259,4493.1
2025-11-26,Liquid Ultra Fund,INF61328201,101.806,2321.35
2025-11-25,Dynamic Asset Allocator,INF10083402,634.069,4782.44
2025-11-01,Arbitrage Edge Fund,INF26690503,98.4679,1892.2
2025-11-13,Dynamic Asset Allocator,INF26472104,1923.6077,2628.29
2025-11-23,Balanced Advantage Fund,INF57358605,746.0213,3301.52
2025-11-18,Arbitrage Edge Fund,INF46022306,225.6435,832.49
2025-11-09,Alpha Equity Fund - Regular,INF34268607,927.9762,1977.14
2025-11-04,Overnight Fund,INF28065708,1619.8271,1559.16
2025-11-17,Dynamic Asset Allocator,INF84211009,1178.2196,2610.76
2025-11-10,Short Term Debt Fund,INF63569000,985.869,4859.93
2025-11-11,Dynamic Asset Allocator,INF27102301,80.1025,4876.13
2025-10-23,Balanced Advantage Fund,INF50931202,1371.8195,3186.83
2025-11-04,Liquid Ultra Fund,INF16251003,627.814,1022.11
2025-11-17,Liquid Ultra Fund,INF10009204,1432.6866,3525.8
2025-10-24,Liquid Ultra Fund,INF92478205,979.0075,1126.98
2025-11-22,Short Term Debt Fund,INF39442306,1920.4326,119.32
2025-11-06,Alpha Equity Fund - Regular,INF85663907,1200.0001,4056.68
2025-11-08,Arbitrage Edge Fund,INF70856508,892.5992,738.91
2025-11-03,Dynamic Asset Allocator,INF21545709,364.7408,1629.47
2025-10-31,Alpha Equity Fund - Regular,INF72340300,455.6963,1418.46
2025-10-26,Dynamic Asset Allocator,INF97893001,1226.0191,1834.4
2025-11-22,Overnight Fund,INF88129202,1767.2894,1148.56
2025-10-22,Short Term Debt Fund,INF27338103,289.7407,1751.8
2025-11-06,Short Term Debt Fund,INF65585204,1594.2163,434.95
2025-11-06,Balanced Advantage Fund,INF15736505,1229.7023,1893.27
2025-11-01,Alpha Equity Fund - Regular,INF25850106,317.3389,2231.01
2025-11-05,Balanced Advantage Fund,INF32881507,1752.1653,3867.9
2025-11-01,Alpha Equity Fund - Regular,INF42288108,1650.0862,4814.99
2025-11-01,Alpha Equity Fund - Regular,INF69107909,1277.3531,4635.08
2025-11-25,Dynamic Asset Allocator,INF98550800,1011.4855,3700.49
2025-11-18,Alpha Equity Fund - Regular,INF31554301,1592.1955,3895.21
2025-11-14,Arbitrage Edge Fund,INF67932802,130.07,1916.35
2025-10-28,Balanced Advantage Fund,INF90820603,1113.5321,2924.19
2025-10-27,Balanced Advantage Fund,INF43068804,611.1037,4873.11
2025-10-31,Balanced Advantage Fund,INF57225005,312.0851,250.37
2025-10-22,Alpha Equity Fund - Regular,INF18577706,435.4159,1987.47
2025-10-26,Alpha Equity Fund - Regular,INF60093107,127.6058,1354.88
2025-11-07,Dynamic Asset Allocator,INF88325808,1067.632,3045.97
2025-11-02,Arbitrage Edge Fund,INF84932209,416.2905,4880.77
2025-11-15,Arbitrage Edge Fund,INF98395000,333.3044,4460.62
2025-10-22,Short Term Debt Fund,INF63771701,1214.9725,3621.15
2025-11-08,Balanced Advantage Fund,INF55699502,1295.6399,3062.44
2025-11-02,Arbitrage Edge Fund,INF31321503,1073.8316,816.79
2025-11-09,Alpha Equity Fund - Regular,INF66330504,1378.782,3912.12
2025-10-23,Overnight Fund,INF60703205,1909.8415,305.01
2025-11-18,Short Term Debt Fund,INF32362706,1391.2899,4567.42
2025-10-26,Alpha Equity Fund - Regular,INF32576907,1362.0516,1471.94
2025-11-21,Dynamic Asset Allocator,INF95689408,1420.436,1331.49
2025-10-25,Liquid Ultra Fund,INF97671909,1609.5189,1145.97
2025-11-16,Balanced Advantage Fund,INF66495400,1447.8592,1408.91
2025-11-19,Dynamic Asset Allocator,INF25834001,147.5198,1188.4
2025-11-11,Short Term Debt Fund,INF50178002,150.6159,3720.1
2025-11-18,Alpha Equity Fund - Regular,INF15390103,1251.0249,2959.63
2025-11-12,Short Term Debt Fund,INF11919704,1229.2989,1068.87
2025-11-22,Balanced Advantage Fund,INF22378305,282.9394,3031.71
2025-10-21,Short Term Debt Fund,INF87206906,1052.4617,3186.0
2025-11-07,Liquid Ultra Fund,INF10239507,1723.0576,1529.8
2025-11-23,Balanced Advantage Fund,INF99773408,1279.5632,888.46
2025-11-11,Arbitrage Edge Fund,INF92571209,129.5425,336.86
2025-11-26,Alpha Equity Fund - Regular,INF66860200,1930.1186,4875.38
2025-11-09,Liquid Ultra Fund,INF87621501,404.7767,3259.08
2025-11-16,Overnight Fund,INF28451102,876.224,2336.01
2025-11-15,Alpha Equity Fund - Regular,INF73060503,1580.4317,2019.39
2025-11-07,Liquid Ultra Fund,INF91296904,756.8624,3061.23
2025-11-06,Short Term Debt Fund,INF93677605,1278.4755,3618.16
2025-11-06,Short Term Debt Fund,INF32339206,1830.1805,3523.85
2025-11-08,Alpha Equity Fund - Regular,INF36334407,574.3451,3801.94
2025-11-04,Overnight Fund,INF93861008,74.2788,3701.13
2025-11-02,Dynamic Asset Allocator,INF81900409,1828.7313,1238.36
2025-10-30,Balanced Advantage Fund,INF14153100,624.9062,1330.65
2025-10-28,Overnight Fund,INF50618701,15.3955,4780.58
2025-11-25,Short Term Debt Fund,INF27107102,918.7798,1076.47
2025-11-24,Arbitrage Edge Fund,INF10793003,1821.9066,707.91
2025-11-14,Arbitrage Edge Fund,INF50809904,224.6673,4331.15
2025-11-05,Balanced Advantage Fund,INF86137405,1596.2361,156.3
2025-11-10,Balanced Advantage Fund,INF29195406,70.8625,741.11
2025-11-26,Balanced Advantage Fund,INF25498507,939.237,932.96
2025-11-20,Alpha Equity Fund - Regular,INF34785608,1026.1862,4647.59
2025-10-21,Alpha Equity Fund - Regular,INF66512509,1292.0247,2001.19
2025-11-19,Arbitrage Edge Fund,INF92551900,422.6482,801.82
2025-11-23,Alpha Equity Fund - Regular,INF61308301,1923.7284,1688.42
2025-10-29,Balanced Advantage Fund,INF36246302,828.3925,3642.38
2025-11-16,Dynamic Asset Allocator,INF39195803,588.7744,427.52
2025-11-01,Short Term Debt Fund,INF18258904,1036.1455,3595.47
2025-11-03,Liquid Ultra Fund,INF99498005,1523.5092,261.38
2025-11-18,Short Term Debt Fund,INF38540206,1529.243,129.65
2025-10-23,Liquid Ultra Fund,INF24393907,488.4258,248.04
2025-11-16,Short Term Debt Fund,INF84375108,1282.4309,4840.26
2025-10-21,Balanced Advantage Fund,INF58154909,1766.449,1140.09
2025-11-16,Overnight Fund,INF53424000,778.9243,4848.66
2025-11-17,Dynamic Asset Allocator,INF85767201,1876.4116,3977.66
2025-11-26,Balanced Advantage Fund,INF43736402,289.5098,2526.76
2025-11-20,Overnight Fund,INF57106703,1964.2409,733.87
2025-11-07,Alpha Equity Fund - Regular,INF80663004,1399.1413,2262.38
2025-10-25,Short Term Debt Fund,INF65468805,962.6444,2190.38
2025-11-19,Alpha Equity Fund - Regular,INF74971306,263.5658,4824.85
2025-11-03,Short Term Debt Fund,INF14030607,1652.0107,2418.42
2025-11-06,Overnight Fund,INF44272708,1391.7677,1390.5
2025-11-08,Overnight Fund,INF70339009,83.0345,4209.65
2025-11-08,Arbitrage Edge Fund,INF70928000,304.0104,2182.16
2025-11-07,Liquid Ultra Fund,INF25026401,1907.1156,3993.07
2025-11-09,Alpha Equity Fund - Regular,INF50568002,251.9838,1454.27
2025-11-22,Alpha Equity Fund - Regular,INF21606003,957.4781,4067.32
2025-11-10,Liquid Ultra Fund,INF40889104,1970.4463,269.43
2025-11-14,Alpha Equity Fund - Regular,INF59613105,1648.5555,4093.92
2025-11-21,Overnight Fund,INF10358806,1545.3321,1168.47
2025-11-03,Overnight Fund,INF18173207,1191.2194,1373.74
2025-10-27,Arbitrage Edge Fund,INF75682108,1325.3093,2450.93
2025-10-25,Liquid Ultra Fund,INF38944109,1268.1654,920.38
2025-10-27,Liquid Ultra Fund,INF96591600,388.0047,4598.29
2025-11-21,Short Term Debt Fund,INF14653801,801.2753,2385.14
2025-10-29,Overnight Fund,INF59925202,1239.0397,2656.36
2025-11-26,Liquid Ultra Fund,INF69879603,135.9448,118.13
2025-11-10,Arbitrage Edge Fund,INF74457304,1566.1699,1408.73
2025-10-21,Overnight Fund,INF56988805,537.2783,2292.96
2025-11-09,Balanced Advantage Fund,INF55073006,87.581,1394.73
2025-11-24,Overnight Fund,INF35074607,590.3855,4799.39
2025-10-22,Alpha Equity Fund - Regular,INF41502808,658.99,555.68
2025-11-24,Arbitrage Edge Fund,INF70866409,1704.2122,1608.71
2025-11-07,Arbitrage Edge Fund,INF12717000,1929.5682,4701.9
2025-10-24,Alpha Equity Fund - Regular,INF28664701,984.6892,4510.72
2025-11-24,Dynamic Asset Allocator,INF16556802,1308.2103,2176.04
2025-11-21,Liquid Ultra Fund,INF85501003,385.9224,151.11
2025-11-12,Balanced Advantage Fund,INF39706404,1528.481,3192.91
2025-10-31,Liquid Ultra Fund,INF45305505,1488.8177,4170.5
2025-10-27,Alpha Equity Fund - Regular,INF24879906,1376.1203,499.74
2025-10-21,Dynamic Asset Allocator,INF59101907,251.268,1013.26
2025-11-24,Arbitrage Edge Fund,INF63786308,32.6662,436.99
2025-11-23,Dynamic Asset Allocator,INF89288609,418.2353,887.01
2025-10-29,Balanced Advantage Fund,INF24670600,146.6176,3328.15
2025-10-28,Overnight Fund,INF24268901,1059.1172,2856.11
2025-11-04,Short Term Debt Fund,INF84879202,194.4884,4293.41
2025-11-23,Liquid Ultra Fund,INF76117603,1171.9452,1055.38
2025-11-20,Alpha Equity Fund - Regular,INF23097604,1460.8493,4175.73
2025-11-14,Arbitrage Edge Fund,INF84586505,814.7348,3016.42
2025-11-14,Dynamic Asset Allocator,INF79481606,1733.3524,4739.67
2025-11-16,Dynamic Asset Allocator,INF40429107,595.95,754.52
2025-11-20,Liquid Ultra Fund,INF65310208,1768.4168,2957.94
2025-10-23,Balanced Advantage Fund,INF28305509,1129.6886,1780.87
2025-11-01,Balanced Advantage Fund,INF15616800,1878.931,1277.93
2025-11-04,Arbitrage Edge Fund,INF62361901,826.4081,2664.5
2025-10-21,Liquid Ultra Fund,INF85092802,1954.2246,3236.06
2025-11-05,Liquid Ultra Fund,INF71541303,1805.4789,1156.86
2025-11-10,Overnight Fund,INF30008704,471.083,1399.48
2025-10-29,Arbitrage Edge Fund,INF61207405,1131.3444,2239.03
2025-10-24,Overnight Fund,INF63167306,1233.4917,2606.73
2025-11-19,Arbitrage Edge Fund,INF63321507,1158.9122,4172.86
2025-11-02,Dynamic Asset Allocator,INF95195208,801.0459,428.83
2025-11-04,Short Term Debt Fund,INF83028209,485.8061,4188.19
2025-11-09,Overnight Fund,INF33955000,1715.6255,3336.48
2025-11-16,Overnight Fund,INF44724301,877.8428,1936.44
2025-11-05,Arbitrage Edge Fund,INF49329202,1479.367,3508.2
2025-10-30,Liquid Ultra Fund,INF73657403,755.9601,1563.97
2025-11-15,Short Term Debt Fund,INF67455404,145.6546,4612.35
2025-11-06,Arbitrage Edge Fund,INF14503805,1034.9901,602.03
2025-10-24,Balanced Advantage Fund,INF68658806,419.5448,342.15
2025-11-05,Overnight Fund,INF55450707,937.0872,4302.44
2025-11-07,Short Term Debt Fund,INF76148708,1798.69,243.45
2025-11-10,Balanced Advantage Fund,INF90565509,978.9081,2100.23
2025-11-10,Balanced Advantage Fund,INF29130900,713.1679,4787.85
2025-11-04,Arbitrage Edge Fund,INF70809901,491.1028,720.01
2025-10-22,Liquid Ultra Fund,INF48739102,1138.017,4312.86
2025-10-26,Overnight Fund,INF62207103,103.9222,116.6
2025-10-22,Liquid Ultra Fund,INF71796204,178.0301,1433.38
2025-11-06,Arbitrage Edge Fund,INF82264405,1807.0411,1012.95
2025-11-12,Balanced Advantage Fund,INF91025606,789.8947,3176.25
2025-10-27,Short Term Debt Fund,INF31897907,1569.0666,2125.83
2025-11-07,Alpha Equity Fund - Regular,INF44340108,309.2691,4794.91
2025-11-14,Short Term Debt Fund,INF55628009,1417.5767,3586.78
2025-11-16,Alpha Equity Fund - Regular,INF10221600,1819.3341,2689.09
2025-11-05,Arbitrage Edge Fund,INF31735301,620.3289,848.48
2025-10-25,Liquid Ultra Fund,INF68162002,843.4515,3777.26
2025-11-10,Liquid Ultra Fund,INF43585603,1059.9638,220.54
2025-11-21,Overnight Fund,INF66577704,1234.8582,2679.41
2025-11-05,Dynamic Asset Allocator,INF59728305,1253.6804,2405.38
2025-11-18,Liquid Ultra Fund,INF34262406,1809.202,4109.08
2025-11-10,Dynamic Asset Allocator,INF88388307,1777.4336,2097.56
2025-10-27,Alpha Equity Fund - Regular,INF53665908,1552.4209,891.91
2025-11-05,Short Term Debt Fund,INF12686009,1181.1102,801.73
2025-10-29,Liquid Ultra Fund,INF20604400,255.9364,4447.85
2025-10-23,Short Term Debt Fund,INF60779501,288.6914,2057.19
2025-10-22,Balanced Advantage Fund,INF31102102,46.0444,2535.5
2025-11-13,Dynamic Asset Allocator,INF98937303,1979.3298,1041.21
2025-11-22,Arbitrage Edge Fund,INF44725804,699.0491,2916.92
2025-10-22,Liquid Ultra Fund,INF67463205,527.8991,3316.0
2025-10-27,Arbitrage Edge Fund,INF95427506,367.7649,2017.94
2025-11-23,Arbitrage Edge Fund,INF70825707,1451.3019,330.14
2025-11-25,Arbitrage Edge Fund,INF86999108,1016.2345,2689.24
2025-11-07,Dynamic Asset Allocator,INF94330109,1589.9312,3391.23
2025-10-21,Overnight Fund,INF37414200,1926.5345,1536.95
2025-10-30,Dynamic Asset Allocator,INF35461301,951.8871,3750.08
2025-11-08,Alpha Equity Fund - Regular,INF17555302,193.9248,921.82
2025-11-24,Overnight Fund,INF39323503,402.9232,1122.41
2025-10-21,Liquid Ultra Fund,INF53657504,1454.1095,3680.29
2025-10-31,Balanced Advantage Fund,INF15290805,1758.6255,509.21
2025-11-11,Arbitrage Edge Fund,INF73245406,1103.9838,2608.7
2025-11-01,Liquid Ultra Fund,INF74072007,847.1445,3336.02
2025-11-22,Alpha Equity Fund - Regular,INF87894108,100.1992,2465.31
2025-11-09,Alpha Equity Fund - Regular,INF22971709,85.6599,4321.17
2025-11-25,Overnight Fund,INF54820000,192.727,1515.07
2025-10-22,Arbitrage Edge Fund,INF51394701,1104.7545,1178.8
2025-10-23,Liquid Ultra Fund,INF33254602,727.7827,3118.48
2025-10-28,Alpha Equity Fund - Regular,INF44378403,1108.7285,4323.8
2025-11-11,Liquid Ultra Fund,INF23388004,515.484,2808.33
2025-11-01,Balanced Advantage Fund,INF53036805,144.4506,3757.05
2025-11-16,Dynamic Asset Allocator,INF14391006,701.738,100.4
2025-10-24,Short Term Debt Fund,INF68781607,1251.94,1871.4
2025-11-20,Liquid Ultra Fund,INF43183608,459.1682,2251.3
2025-11-01,Dynamic Asset Allocator,INF73297509,1733.0242,4247.62
2025-11-01,Balanced Advantage Fund,INF15310100,1814.8225,2048.71
2025-11-20,Balanced Advantage Fund,INF51474601,980.2398,4567.75
2025-11-11,Liquid Ultra Fund,INF25589502,865.6263,4094.07
2025-11-23,Balanced Advantage Fund,INF56551603,592.7384,2517.29
2025-11-01,Balanced Advantage Fund,INF59144404,1155.7472,1867.34
2025-11-08,Overnight Fund,INF47723105,814.7091,3823.08
2025-10-23,Short Term Debt Fund,INF35528606,593.0665,4999.19
2025-10-22,Balanced Advantage Fund,INF55832907,1343.4265,1882.21
2025-10-23,Dynamic Asset Allocator,INF84480708,1910.0572,184.03
2025-10-31,Overnight Fund,INF67036809,732.0068,504.11
2025-11-07,Overnight Fund,INF12073800,917.3617,2999.07
2025-10-22,Overnight Fund,INF97395301,1513.07,1038.4
2025-10-22,Short Term Debt Fund,INF66239202,880.3982,2764.49
2025-10-30,Balanced Advantage Fund,INF12054303,654.3904,2457.76
2025-11-06,Alpha Equity Fund - Regular,INF50994504,1822.5208,2597.11
2025-11-23,Dynamic Asset Allocator,INF98943505,1035.2939,2875.0
2025-10-31,Dynamic Asset Allocator,INF11147606,246.9062,3311.36
2025-11-16,Liquid Ultra Fund,INF29095407,1579.1305,4030.41
2025-11-01,Short Term Debt Fund,INF63565508,518.5245,3134.46
2025-10-30,Liquid Ultra Fund,INF25114409,1438.9621,1619.23
2025-11-16,Short Term Debt Fund,INF67234600,1790.4084,1278.59
2025-11-03,Balanced Advantage Fund,INF52597101,14.7875,4773.87
2025-11-05,Balanced Advantage Fund,INF81093502,51.0516,2727.63
2025-10-24,Short Term Debt Fund,INF89563203,545.0117,3146.33
2025-11-04,Liquid Ultra Fund,INF16062904,464.6642,4460.13
2025-11-26,Dynamic Asset Allocator,INF92434405,1414.4188,2169.98
2025-10-30,Dynamic Asset Allocator,INF26368806,1063.6124,977.74
2025-11-10,Alpha Equity Fund - Regular,INF97435307,1710.2648,1647.29
2025-11-22,Overnight Fund,INF12359908,519.474,1681.19
2025-10-31,Short Term Debt Fund,INF41890709,286.4385,4409.53
2025-10-24,Liquid Ultra Fund,INF53700300,1211.5893,1660.16
2025-11-12,Overnight Fund,INF44392901,1796.3846,136.99
2025-10-26,Alpha Equity Fund - Regular,INF45627302,1339.1353,2736.23
2025-10-26,Balanced Advantage Fund,INF92092403,1543.3463,4523.8
2025-10-30,Alpha Equity Fund - Regular,INF29623904,1454.7552,1891.68
2025-10-23,Balanced Advantage Fund,INF34009705,688.978,73.9
2025-11-11,Arbitrage Edge Fund,INF92587306,1580.5067,4549.56
2025-10-21,Dynamic Asset Allocator,INF97138907,580.9229,2805.36
2025-10-22,Balanced Advantage Fund,INF35251708,327.2595,2399.26
2025-11-01,Balanced Advantage Fund,INF77022009,276.7298,4190.9
2025-11-02,Liquid Ultra Fund,INF13038100,387.2429,2312.26
2025-10-23,Arbitrage Edge Fund,INF74542601,1792.0546,2855.47
2025-11-25,Balanced Advantage Fund,INF85198802,1234.8125,2700.61
2025-10-23,Overnight Fund,INF15824103,1432.2552,4283.04
2025-11-02,Arbitrage Edge Fund,INF64912904,433.7905,2633.91
2025-11-04,Short Term Debt Fund,INF21086405,785.0161,3565.39
2025-11-05,Short Term Debt Fund,INF67854506,1315.3221,2859.49
2025-11-23,Dynamic Asset Allocator,INF48548107,1195.9631,1572.87
2025-11-15,Dynamic Asset Allocator,INF46401508,1128.9553,4469.96
2025-11-13,Dynamic Asset Allocator,INF13565109,474.5649,583.72
2025-10-26,Arbitrage Edge Fund,INF92126200,559.264,700.77
2025-11-05,Alpha Equity Fund - Regular,INF87459201,1594.4001,2311.2
2025-11-02,Short Term Debt Fund,INF22712902,1311.803,3601.34
2025-11-23,Balanced Advantage Fund,INF64139403,1951.4602,2871.46
2025-11-15,Arbitrage Edge Fund,INF40186604,801.479,679.35
2025-11-02,Short Term Debt Fund,INF59644005,540.0438,589.53
2025-10-26,Arbitrage Edge Fund,INF10202706,1084.9252,1051.81
2025-10-28,Overnight Fund,INF51305007,862.4265,4400.08
2025-10-22,Arbitrage Edge Fund,INF44758508,553.2422,2305.5
2025-11-13,Balanced Advantage Fund,INF59084309,612.3997,355.35
2025-11-12,Overnight Fund,INF30980300,981.511,146.74
2025-11-06,Alpha Equity Fund - Regular,INF34325701,790.6651,2896.56
2025-11-08,Balanced Advantage Fund,INF20428302,352.5807,211.05
2025-11-13,Dynamic Asset Allocator,INF55170903,376.6284,1060.21
2025-11-01,Arbitrage Edge Fund,INF86010004,721.5945,4031.37
2025-10-26,Alpha Equity Fund - Regular,INF12912905,771.4281,3936.51
2025-10-25,Liquid Ultra Fund,INF16376506,865.5866,3665.83
2025-11-16,Dynamic Asset Allocator,INF16508007,1722.5607,4759.3
2025-10-30,Dynamic Asset Allocator,INF39194508,24.607,3940.71
2025-11-24,Dynamic Asset Allocator,INF47548309,753.5755,3130.2
2025-11-23,Liquid Ultra Fund,INF36031600,1618.2876,266.14
2025-11-15,Overnight Fund,INF53155701,852.493,2094.54
2025-11-09,Dynamic Asset Allocator,INF63689402,705.4772,3616.17
2025-11-08,Liquid Ultra Fund,INF47928403,572.6161,1387.92
2025-11-15,Balanced Advantage Fund,INF11580304,1874.4149,2774.29
2025-10-28,Dynamic Asset Allocator,INF50565405,1145.8705,3904.51
2025-11-25,Overnight Fund,INF36163006,1337.9817,1100.61
2025-10-23,Alpha Equity Fund - Regular,INF50293607,282.0646,3086.84
2025-11-23,Alpha Equity Fund - Regular,INF79599408,1067.7362,2766.29
2025-11-10,Short Term Debt Fund,INF48428109,1322.156,3984.99
2025-11-19,Short Term Debt Fund,INF63273200,1375.1884,264.95
2025-11-14,Liquid Ultra Fund,INF13666801,421.3248,1621.91
2025-10-30,Dynamic Asset Allocator,INF28835402,94.6577,4920.77
2025-11-14,Arbitrage Edge Fund,INF85888803,1906.9336,1748.62
2025-10-30,Balanced Advantage Fund,INF79746004,1741.3288,3329.01
2025-10-26,Short Term Debt Fund,INF89407905,1795.6827,4217.39
2025-11-03,Balanced Advantage Fund,INF20318506,1608.2839,1431.83
2025-11-19,Short Term Debt Fund,INF79081407,172.8493,3687.27
2025-11-23,Balanced Advantage Fund,INF79131008,758.2247,4759.19
2025-11-06,Dynamic Asset Allocator,INF35305409,1893.6895,409.35
2025-11-03,Dynamic Asset Allocator,INF72736500,1516.0169,4734.44
2025-11-19,Alpha Equity Fund - Regular,INF70099401,1453.0422,1969.07
2025-11-12,Arbitrage Edge Fund,INF71104902,1421.8503,1014.21
2025-11-13,Balanced Advantage Fund,INF26156403,1255.1814,1125.49
2025-11-13,Arbitrage Edge Fund,INF25673004,1855.634,4192.91
2025-11-01,Balanced Advantage Fund,INF65852205,618.0012,2365.51
2025-10-28,Balanced Advantage Fund,INF35220306,42.3472,1548.06
2025-11-01,Overnight Fund,INF70072207,957.2285,2441.64
2025-11-16,Overnight Fund,INF64170308,1771.2872,2044.45
2025-11-12,Dynamic Asset Allocator,INF74100509,99.7617,516.97
2025-10-23,Short Term Debt Fund,INF17835800,1495.0278,2572.97
2025-11-08,Balanced Advantage Fund,INF19973301,1289.1175,3643.81
2025-10-26,Overnight Fund,INF93917402,1098.4714,2600.27
2025-10-30,Liquid Ultra Fund,INF53824803,50.7178,315.48
2025-11-13,Liquid Ultra Fund,INF10148804,1367.2992,757.63
2025-11-22,Alpha Equity Fund - Regular,INF88593305,498.9292,372.61
2025-11-21,Balanced Advantage Fund,INF10957006,103.3867,1373.54
2025-10-29,Overnight Fund,INF10763307,1567.234,1859.86
2025-10-23,Arbitrage Edge Fund,INF24763208,511.6997,1289.2
2025-11-04,Short Term Debt Fund,INF58879509,1052.6344,2550.86
2025-11-16,Arbitrage Edge Fund,INF60906700,1464.3128,2288.44
2025-11-21,Arbitrage Edge Fund,INF69194901,84.1894,778.51
2025-11-01,Liquid Ultra Fund,INF38306502,1659.3815,2163.78
2025-11-18,Alpha Equity Fund - Regular,INF71860203,1719.0735,1052.34
2025-11-20,Arbitrage Edge Fund,INF85998704,1168.4094,759.83
2025-10-22,Balanced Advantage Fund,INF99609505,1100.6428,3229.79
2025-11-24,Overnight Fund,INF64749506,1179.348,2494.67
2025-11-18,Overnight Fund,INF68459307,431.0322,889.91
2025-11-10,Arbitrage Edge Fund,INF81855008,674.9898,3229.07
2025-11-10,Alpha Equity Fund - Regular,INF44226909,853.2309,3239.06
2025-11-10,Liquid Ultra Fund,INF24739800,869.8801,1294.14
2025-11-22,Short Term Debt Fund,INF58858401,374.9728,2395.21
2025-11-13,Short Term Debt Fund,INF55745902,1378.2963,1975.0
2025-11-08,Short Term Debt Fund,INF51362503,1142.3006,3865.68
2025-10-25,Dynamic Asset Allocator,INF49769804,1606.1887,4570.21
2025-11-10,Balanced Advantage Fund,INF75435605,1855.3517,1102.57
2025-11-23,Short Term Debt Fund,INF76487006,348.9224,3135.57
2025-11-08,Dynamic Asset Allocator,INF19961307,818.1911,743.18
2025-10-31,Overnight Fund,INF49804408,663.507,3701.34
2025-11-14,Dynamic Asset Allocator,INF31531109,716.2111,4832.13
2025-10-22,Short Term Debt Fund,INF52811000,1400.9485,1870.04
2025-10-25,Alpha Equity Fund - Regular,INF24253101,1336.5912,2312.09
2025-10-26,Overnight Fund,INF57361102,785.5219,808.06
2025-11-15,Overnight Fund,INF50371203,481.1777,1461.73
2025-11-20,Balanced Advantage Fund,INF50595404,936.196,2455.06
2025-11-19,Liquid Ultra Fund,INF88617105,560.6063,4688.98
2025-11-02,Arbitrage Edge Fund,INF96118706,1302.3768,2053.56
2025-11-25,Overnight Fund,INF87091107,650.591,733.54
2025-11-20,Balanced Advantage Fund,INF53881408,55438.444,3808.66
2025-10-21,Alpha Equity Fund - Regular,INF70946809,1744.4129,2834.54
2025-11-23,Balanced Advantage Fund,INF28266800,320.0429,4208.56
2025-11-11,Arbitrage Edge Fund,INF91958501,1322.2394,1134.7
2025-11-17,Alpha Equity Fund - Regular,INF15332402,791.5465,4720.44
2025-11-24,Dynamic Asset Allocator,INF94109103,229.0952,3557.83
2025-10-21,Arbitrage Edge Fund,INF32777504,695.1311,4193.42
2025-11-15,Dynamic Asset Allocator,INF56511205,1938.8408,2498.79
2025-11-17,Dynamic Asset Allocator,INF80840706,735.217,4302.7
2025-10-23,Balanced Advantage Fund,INF65445007,1038.1877,3804.86
2025-11-06,Short Term Debt Fund,INF47328608,1136.7813,2173.31
2025-11-18,Balanced Advantage Fund,INF40048909,289.0619,4161.47
2025-11-11,Balanced Advantage Fund,INF35970700,1465.762,2580.22
2025-11-11,Alpha Equity Fund - Regular,INF47536101,1175.5473,4977.55
2025-11-02,Balanced Advantage Fund,INF80272302,376.2345,886.7
2025-11-06,Overnight Fund,INF38391403,1492.5025,3399.97
2025-11-05,Alpha Equity Fund - Regular,INF34127204,1773.5293,2022.17
2025-11-04,Alpha Equity Fund - Regular,INF23030205,778.5984,3604.13
2025-11-02,Overnight Fund,INF38388706,183.0499,1408.85
2025-10-25,Dynamic Asset Allocator,INF79367807,1443.7098,1540.53
2025-11-15,Liquid Ultra Fund,INF26139408,351.4474,3845.1
2025-10-28,Alpha Equity Fund - Regular,INF49604909,209.91,4188.42
2025-10-21,Dynamic Asset Allocator,INF73739800,424.6886,1990.2
2025-11-11,Arbitrage Edge Fund,INF88908401,551.2966,2374.37
2025-11-14,Arbitrage Edge Fund,INF18514302,1634.6643,1855.45
2025-11-11,Balanced Advantage Fund,INF69238603,1239.4046,3656.35
2025-11-16,Dynamic Asset Allocator,INF13823604,717.3042,2595.52
2025-10-25,Balanced Advantage Fund,INF19798405,118.0806,2112.09
2025-11-11,Alpha Equity Fund - Regular,INF90773506,1148.436,2397.1
2025-11-11,Balanced Advantage Fund,INF31821507,855.7068,3813.65
2025-11-16,Short Term Debt Fund,INF13996608,175.6776,3942.28
2025-11-15,Dynamic Asset Allocator,INF31041709,833.0425,2182.0
2025-11-22,Overnight Fund,INF11259700,503.6037,2215.27
2025-10-29,Balanced Advantage Fund,INF20151001,104.0019,3799.47
2025-11-20,Alpha Equity Fund - Regular,INF52766602,1673.1465,4091.72
2025-11-18,Liquid Ultra Fund,INF54036003,1223.7257,143.82
2025-11-03,Dynamic Asset Allocator,INF79692704,1657.4877,2185.48
2025-11-20,Overnight Fund,INF30143205,1197.023,2522.92
2025-11-21,Arbitrage Edge Fund,INF93747806,252.7045,3765.27
2025-10-23,Liquid Ultra Fund,INF49223607,1789.5388,2801.39
2025-11-22,Dynamic Asset Allocator,INF31981308,1740.7732,990.62
2025-11-05,Alpha Equity Fund - Regular,INF85891609,212.8694,2196.4
2025-10-31,Arbitrage Edge Fund,INF91109000,1426.0351,104.17
2025-10-29,Arbitrage Edge Fund,INF89697001,1350.4473,2096.47
2025-11-25,Liquid Ultra Fund,INF50959002,1639.9274,130.72
2025-10-29,Dynamic Asset Allocator,INF54226703,1302.1532,4978.66
2025-11-01,Dynamic Asset Allocator,INF16886104,1782.6215,1400.83
2025-11-12,Overnight Fund,INF60128605,198.0053,2983.35
2025-11-15,Short Term Debt Fund,INF34034806,618.702,2577.85
2025-10-31,Arbitrage Edge Fund,INF73535907,1935.982,1004.75
2025-11-19,Balanced Advantage Fund,INF67853408,471.528,2433.17
2025-11-20,Short Term Debt Fund,INF66145609,25.3439,163.6
2025-10-27,Balanced Advantage Fund,INF29199700,1831.7912,1708.56
2025-10-23,Alpha Equity Fund - Regular,INF96237901,179.8344,2852.32
2025-11-04,Liquid Ultra Fund,INF14674502,1471.4218,610.89
2025-10-27,Balanced Advantage Fund,INF49415703,468.995,4886.52
2025-10-26,Overnight Fund,INF56200004,1663.2968,2190.5
2025-10-29,Dynamic Asset Allocator,INF14626805,161.1817,2050.75
2025-10-23,Dynamic Asset Allocator,INF48007406,1910.7844,4487.41
2025-11-26,Dynamic Asset Allocator,INF20571807,1009.9661,2420.03
2025-11-05,Arbitrage Edge Fund,INF87913108,222.0573,165.83
2025-10-23,Balanced Advantage Fund,INF63273209,663.9123,3070.8
2025-11-20,Overnight Fund,INF43895500,382.6567,1944.28
2025-10-26,Dynamic Asset Allocator,INF41244301,1936.0715,1111.1
2025-11-01,Balanced Advantage Fund,INF41620402,1064.2912,4138.57
2025-11-24,Short Term Debt Fund,INF89221003,433.645,1766.18
2025-11-23,Dynamic Asset Allocator,INF68153304,632.4094,4316.36
2025-10-23,Overnight Fund,INF64753705,1135.2762,258.6
2025-11-26,Overnight Fund,INF21070706,827.3538,1276.24
2025-11-08,Arbitrage Edge Fund,INF40538607,1345.6039,2082.73
2025-11-02,Alpha Equity Fund - Regular,INF32946508,1044.4098,4815.86
2025-10-27,Arbitrage Edge Fund,INF11693809,521.4185,1063.83
2025-10-29,Balanced Advantage Fund,INF98297000,1523.5163,3934.8
2025-11-12,Liquid Ultra Fund,INF30397301,720.0191,3691.66
2025-11-11,Balanced Advantage Fund,INF97729402,1494.9991,2445.28
2025-11-13,Dynamic Asset Allocator,INF69399403,758.3982,4435.31
2025-11-24,Short Term Debt Fund,INF59513304,454.1489,2419.57
2025-11-23,Balanced Advantage Fund,INF71018105,1415.9678,995.47
2025-10-21,Balanced Advantage Fund,INF91109806,1459.2414,1745.37
2025-11-26,Short Term Debt Fund,INF82780207,1319.3335,2910.08
2025-11-18,Alpha Equity Fund - Regular,INF60447408,1558.4047,277.1
2025-11-25,Balanced Advantage Fund,INF50280809,1909.3888,3837.94
2025-11-16,Liquid Ultra Fund,INF35641400,416.3842,4915.29
2025-10-28,Liquid Ultra Fund,INF95501601,475.1665,3211.82
2025-11-10,Short Term Debt Fund,INF16636902,255.5753,3710.73
2025-11-05,Arbitrage Edge Fund,INF81312703,179.3508,2694.87
2025-11-01,Liquid Ultra Fund,INF94225504,1856.0909,3236.86
2025-10-28,Overnight Fund,INF32087905,1265.4038,4834.38
2025-11-19,Liquid Ultra Fund,INF28690006,819.1913,4442.52
2025-11-07,Liquid Ultra Fund,INF52968307,943.114,3508.0
2025-10-27,Arbitrage Edge Fund,INF93169808,597.9341,4437.98
2025-11-17,Short Term Debt Fund,INF72627109,315.3741,1716.88
2025-10-25,Alpha Equity Fund - Regular,INF85122100,1907.1353,1531.0
2025-11-03,Alpha Equity Fund - Regular,INF20345001,585.2999,3654.09
2025-11-05,Liquid Ultra Fund,INF49914602,316.2726,2755.44
2025-11-14,Short Term Debt Fund,INF73543603,608.9715,4374.12
2025-11-11,Liquid Ultra Fund,INF82139804,346.8035,3915.98
2025-11-03,Alpha Equity Fund - Regular,INF86493705,235.8254,2797.97
2025-11-25,Liquid Ultra Fund,INF80832006,825.26,2564.82
2025-11-08,Dynamic Asset Allocator,INF23235107,1213.1941,1875.88
2025-11-21,Liquid Ultra Fund,INF41543008,1972.3695,944.72
2025-10-27,Dynamic Asset Allocator,INF88503609,1901.1057,4723.22
2025-10-29,Alpha Equity Fund - Regular,INF79227000,1744.8318,1148.33
2025-11-19,Arbitrage Edge Fund,INF81246801,38297.8198,1772.94
2025-11-13,Alpha Equity Fund - Regular,INF42987502,1462.4497,208.25
2025-11-03,Alpha Equity Fund - Regular,INF65861603,802.3785,4803.47
2025-11-17,Alpha Equity Fund - Regular,INF90660604,1035.2162,3106.5
2025-10-29,Balanced Advantage Fund,INF83492305,1350.9426,276.67
2025-11-17,Short Term Debt Fund,INF28874206,1688.6587,4984.49
2025-11-13,Dynamic Asset Allocator,INF50505207,1864.7795,2937.07
2025-11-18,Short Term Debt Fund,INF84766408,495.157,3343.23
2025-11-02,Balanced Advantage Fund,INF73607509,1859.6517,4594.23
2025-11-22,Overnight Fund,INF23520000,26123.004,3397.43
2025-11-22,Dynamic Asset Allocator,INF16966201,618.3655,3985.43
2025-10-24,Balanced Advantage Fund,INF23485502,1516.258,229.64
2025-11-18,Liquid Ultra Fund,INF24489103,48728.4736,353.18
2025-11-09,Arbitrage Edge Fund,INF46922404,1973.2566,4518.12
2025-11-14,Balanced Advantage Fund,INF72613805,1201.1479,505.4
2025-10-22,Overnight Fund,INF92062306,1166.17,651.7
2025-11-03,Alpha Equity Fund - Regular,INF76029107,439.7381,2277.33
2025-11-19,Dynamic Asset Allocator,INF35496008,1661.2707,4044.26
2025-11-10,Liquid Ultra Fund,INF75423109,475.1097,613.42
2025-11-09,Alpha Equity Fund - Regular,INF59580000,147.7674,1888.94
2025-11-19,Dynamic Asset Allocator,INF87298001,605.1043,4786.58
2025-10-30,Dynamic Asset Allocator,INF51663102,62.1961,1127.04
2025-11-25,Liquid Ultra Fund,INF14423003,1364.3352,916.23
2025-11-11,Overnight Fund,INF23820904,1851.1498,1408.62
2025-10-21,Short Term Debt Fund,INF29535105,1335.6698,682.03
2025-11-22,Short Term Debt Fund,INF19432206,1162.7227,188.17
2025-11-12,Balanced Advantage Fund,INF47621107,72.4434,2469.77
2025-11-19,Short Term Debt Fund,INF86736208,1118.8344,3026.63
2025-11-10,Liquid Ultra Fund,INF53339509,10.6084,2490.08
2025-11-07,Short Term Debt Fund,INF39147800,633.7456,1866.18
2025-11-26,Alpha Equity Fund - Regular,INF20843801,771.075,3021.62
2025-11-06,Overnight Fund,INF10193302,1100.4134,340.78
2025-11-25,Short Term Debt Fund,INF68902303,1542.6172,2871.87
2025-11-18,Dynamic Asset Allocator,INF25517804,722.9156,4908.06
2025-11-24,Dynamic Asset Allocator,INF26785305,1767.7511,1738.2
2025-10-22,Dynamic Asset Allocator,INF59925506,740.8614,1981.58
2025-11-02,Short Term Debt Fund,INF69586107,1198.4169,1093.88
2025-11-21,Liquid Ultra Fund,INF66011908,1853.9619,4079.54
2025-10-30,Liquid Ultra Fund,INF68937809,1541.3813,829.88
2025-11-11,Alpha Equity Fund - Regular,INF45266200,1693.4982,368.19
2025-11-15,Overnight Fund,INF64379901,1738.8126,379.59
2025-11-16,Short Term Debt Fund,INF42664002,1435.4603,3223.5
2025-10-24,Dynamic Asset Allocator,INF68739403,1281.8037,4617.6
2025-11-03,Liquid Ultra Fund,INF77691004,1060.3693,3490.97
2025-11-14,Short Term Debt Fund,INF53118905,295.2146,510.27
2025-11-01,Balanced Advantage Fund,INF45013706,1744.0069,3564.29
2025-11-07,Arbitrage Edge Fund,INF26851707,239.7671,4311.18
2025-10-22,Arbitrage Edge Fund,INF23989508,1510.3259,3419.02
2025-10-25,Short Term Debt Fund,INF89566509,1363.848,3939.48
2025-10-23,Balanced Advantage Fund,INF92035400,866.3401,90.69
2025-11-02,Arbitrage Edge Fund,INF56760501,1943.1034,1637.12
2025-11-14,Short Term Debt Fund,INF97134002,1773.3119,2693.65
2025-10-21,Dynamic Asset Allocator,INF21519603,1584.9142,3276.82
2025-11-09,Overnight Fund,INF51222304,1962.8751,1447.3
2025-11-20,Dynamic Asset Allocator,INF90952605,1096.7755,4049.85
2025-11-04,Short Term Debt Fund,INF22802406,1675.5356,1801.69
2025-11-13,Dynamic Asset Allocator,INF23936407,1884.575,1987.6
2025-11-08,Liquid Ultra Fund,INF20062908,1669.8452,1094.33
2025-10-31,Dynamic Asset Allocator,INF75969809,1301.9695,3549.61
2025-11-04,Dynamic Asset Allocator,INF34264500,589.76,1883.53
2025-11-04,Liquid Ultra Fund,INF57328501,601.7923,4255.75
2025-11-10,Balanced Advantage Fund,INF69317202,1857.0326,1053.19
2025-11-15,Short Term Debt Fund,INF84346203,42231.0554,773.16
2025-10-24,Arbitrage Edge Fund,INF23000804,91.8634,2600.17
2025-11-01,Short Term Debt Fund,INF24490205,488.715,3674.73
2025-11-24,Balanced Advantage Fund,INF99002506,1559.4173,4870.51
2025-11-08,Dynamic Asset Allocator,INF79418007,1224.1241,1263.39
2025-11-03,Alpha Equity Fund - Regular,INF53634908,1136.9821,1299.18
2025-10-22,Arbitrage Edge Fund,INF16346509,517.1155,290.3
2025-10-26,Short Term Debt Fund,INF37431100,32.515,3719.72
2025-10-29,Balanced Advantage Fund,INF90714201,1992.9483,1103.06
2025-11-23,Balanced Advantage Fund,INF56062102,113.5265,3284.71
2025-11-20,Dynamic Asset Allocator,INF45512203,933.5846,3655.01
2025-10-28,Dynamic Asset Allocator,INF84192204,1520.7819,4354.06
2025-11-07,Overnight Fund,INF92542105,745.5315,2322.81
2025-10-27,Arbitrage Edge Fund,INF89053906,261.9627,2227.18
2025-11-18,Balanced Advantage Fund,INF61356607,1741.0291,1059.73
2025-10-27,Arbitrage Edge Fund,INF55380208,243.7798,4764.56
2025-11-03,Alpha Equity Fund - Regular,INF17086109,1821.4865,3969.14
2025-10-28,Balanced Advantage Fund,INF92867500,235.5587,1016.03
2025-10-28,Balanced Advantage Fund,INF12800501,1005.0408,111.53
2025-10-25,Arbitrage Edge Fund,INF99293002,77.7991,2278.27
2025-11-15,Alpha Equity Fund - Regular,INF58965403,1052.544,103.73
2025-11-10,Balanced Advantage Fund,INF86872504,212.1898,1961.09
2025-11-19,Alpha Equity Fund - Regular,INF86283505,1923.1395,4564.72
2025-10-22,Arbitrage Edge Fund,INF58117106,1671.8212,349.04
2025-11-19,Arbitrage Edge Fund,INF62449507,107.6689,3709.91
2025-11-08,Alpha Equity Fund - Regular,INF60442508,1831.1461,4944.3
2025-11-25,Overnight Fund,INF59298109,1381.7836,4442.36
2025-11-23,Balanced Advantage Fund,INF40426900,255.9882,1432.73
2025-11-15,Arbitrage Edge Fund,INF30113501,609.3892,2997.9
2025-11-23,Dynamic Asset Allocator,INF15401602,915.9359,332.86
2025-11-18,Short Term Debt Fund,INF48675803,849.4841,4807.07
2025-11-20,Overnight Fund,INF55119004,1167.9679,2107.17
2025-10-29,Liquid Ultra Fund,INF19053305,431.7714,4768.39
2025-11-08,Balanced Advantage Fund,INF84344606,1249.6733,3880.67
2025-11-08,Balanced Advantage Fund,INF45653707,1707.1089,607.31
2025-11-08,Short Term Debt Fund,INF98061408,424.8918,3644.39
2025-11-06,Alpha Equity Fund - Regular,INF49723509,1847.2841,3951.25
2025-10-21,Overnight Fund,INF75751000,211.9185,3011.6
2025-11-19,Dynamic Asset Allocator,INF46366101,1405.0156,3883.51
2025-11-03,Overnight Fund,INF57964402,173.7635,2448.07
2025-11-16,Liquid Ultra Fund,INF38754203,1907.8373,3137.35
2025-11-08,Balanced Advantage Fund,INF19086104,367.4266,2206.05
2025-11-19,Short Term Debt Fund,INF49198805,1799.3621,3792.84
2025-11-04,Alpha Equity Fund - Regular,INF53279406,1299.4598,532.36
2025-11-22,Dynamic Asset Allocator,INF39121307,443.09,457.21
2025-11-03,Arbitrage Edge Fund,INF58911708,870.0434,2241.61
2025-11-19,Liquid Ultra Fund,INF94109109,1577.3022,2827.68
2025-11-23,Overnight Fund,INF13328800,1853.4356,1381.39
2025-11-26,Overnight Fund,INF73759601,1368.0141,3880.94
2025-10-28,Liquid Ultra Fund,INF83033202,56.3808,4371.48
2025-11-01,Alpha Equity Fund - Regular,INF87359703,1982.1895,1442.93
2025-11-05,Short Term Debt Fund,INF11955604,1435.5266,576.74
2025-10-26,Short Term Debt Fund,INF65630405,1206.6996,186.3
2025-11-08,Balanced Advantage Fund,INF72946006,617.1876,2681.93
2025-11-19,Alpha Equity Fund - Regular,INF22930207,1147.3727,58.05
2025-10-28,Balanced Advantage Fund,INF68029908,727.3868,2104.49
2025-10-28,Dynamic Asset Allocator,INF68574309,1789.8226,1108.57
2025-11-01,Balanced Advantage Fund,INF76490400,1652.3524,2706.04
2025-10-22,Alpha Equity Fund - Regular,INF21199201,739.2057,3992.58
2025-10-23,Overnight Fund,INF41733802,1835.8959,3526.8
2025-10-22,Balanced Advantage Fund,INF49751303,58.0356,4362.69
2025-11-08,Overnight Fund,INF81720204,591.573,2233.42
2025-11-11,Balanced Advantage Fund,INF27207105,371.5044,3449.03
2025-11-16,Dynamic Asset Allocator,INF29823906,1811.7997,673.27
2025-11-07,Dynamic Asset Allocator,INF62686607,1652.437,4331.78
2025-11-25,Liquid Ultra Fund,INF22655408,964.8038,3467.38
2025-11-23,Arbitrage Edge Fund,INF17858809,72.9788,2169.7
2025-11-15,Overnight Fund,INF86563500,1408.3321,1948.36
2025-10-25,Dynamic Asset Allocator,INF33662801,950.233,80.07
2025-11-16,Short Term Debt Fund,INF49674502,442.9745,2953.79
2025-11-21,Overnight Fund,INF28088503,105.0059,384.39
2025-11-01,Arbitrage Edge Fund,INF62074704,1409.3137,3713.93
2025-10-30,Arbitrage Edge Fund,INF40335505,1363.7885,4615.72
2025-11-12,Overnight Fund,INF91018706,1489.0832,3894.01
2025-11-25,Overnight Fund,INF59276707,138.1414,918.84
2025-11-24,Liquid Ultra Fund,INF87538108,824.7803,2581.13
2025-11-25,Liquid Ultra Fund,INF40867609,186.2356,54.65
2025-10-29,Dynamic Asset Allocator,INF84973000,490.5877,655.04
2025-11-11,Arbitrage Edge Fund,INF99089401,1346.2864,1428.39
2025-11-14,Short Term Debt Fund,INF23091002,367.4405,3772.83
2025-11-03,Overnight Fund,INF86318303,1648.9628,1701.11
2025-11-06,Overnight Fund,INF20184304,1510.1714,3585.67
2025-11-08,Liquid Ultra Fund,INF82955805,1671.0144,4692.3
2025-11-17,Overnight Fund,INF73052506,1823.471,449.75
2025-11-26,Alpha Equity Fund - Regular,INF40880607,252.8918,4787.05
2025-11-26,Liquid Ultra Fund,INF63491708,1022.6682,219.74
2025-11-23,Balanced Advantage Fund,INF78909709,455.4965,3698.35
2025-11-21,Liquid Ultra Fund,INF63704800,1574.8513,2680.54
2025-10-26,Dynamic Asset Allocator,INF12716501,1304.6078,3453.0
2025-11-24,Liquid Ultra Fund,INF82634102,264.4691,4424.61
2025-11-01,Short Term Debt Fund,INF31965003,1806.3885,2406.23
2025-10-21,Short Term Debt Fund,INF42171404,141.4719,3636.22
2025-11-18,Short Term Debt Fund,INF62029705,1091.8343,3059.4
2025-10-27,Arbitrage Edge Fund,INF72599606,1120.2093,3314.24
2025-10-29,Liquid Ultra Fund,INF87537607,1478.2089,2171.85
2025-11-07,Balanced Advantage Fund,INF63896708,652.7723,2576.83
2025-11-24,Overnight Fund,INF15268109,1028.7163,4878.81
2025-10-29,Liquid Ultra Fund,INF94405800,768.9698,3306.69
2025-10-25,Liquid Ultra Fund,INF73536201,670.5355,2399.1
2025-11-14,Overnight Fund,INF54115902,1740.7253,1841.64
2025-11-24,Short Term Debt Fund,INF60994403,1706.0268,2598.77
2025-11-13,Dynamic Asset Allocator,INF94783804,1677.4978,4091.93
2025-10-29,Short Term Debt Fund,INF94831805,367.3391,3705.67
2025-10-26,Alpha Equity Fund - Regular,INF81541106,1956.2947,973.05
2025-10-28,Alpha Equity Fund - Regular,INF41015507,1625.4118,4578.23
2025-11-17,Alpha Equity Fund - Regular,INF92396708,784.6502,2206.18
2025-10-29,Liquid Ultra Fund,INF12007109,252.997,2269.69
2025-11-06,Short Term Debt Fund,INF98406900,809.154,1360.82
2025-11-19,Dynamic Asset Allocator,INF53709701,90.6516,2771.16
2025-10-22,Liquid Ultra Fund,INF13060302,1987.3033,1548.6
2025-11-22,Balanced Advantage Fund,INF88902803,737.0629,4780.71
2025-11-22,Liquid Ultra Fund,INF66230504,1606.8401,542.34
2025-11-12,Overnight Fund,INF93826405,1043.1459,3650.86
2025-10-23,Liquid Ultra Fund,INF33201906,527.8707,3802.02
2025-11-21,Short Term Debt Fund,INF44549707,783.3601,1188.73
2025-11-07,Alpha Equity Fund - Regular,INF10334708,429.89,4537.11
2025-11-21,Liquid Ultra Fund,INF23930809,391.1253,4173.77
2025-11-09,Liquid Ultra Fund,INF72385500,144.3287,695.93
2025-11-01,Balanced Advantage Fund,INF56996101,1167.1135,429.2
2025-11-13,Arbitrage Edge Fund,INF68246102,1481.9016,4991.26
2025-11-16,Alpha Equity Fund - Regular,INF45753703,951.444,1327.12
2025-11-24,Dynamic Asset Allocator,INF82608504,345.5143,97.98
2025-11-09,Overnight Fund,INF89621205,1465.1263,3536.9
2025-10-25,Arbitrage Edge Fund,INF38141906,78.0237,375.48
2025-11-20,Arbitrage Edge Fund,INF77553607,937.4345,1924.28
2025-11-02,Arbitrage Edge Fund,INF36314008,944.0398,2447.62
2025-11-10,Short Term Debt Fund,INF52358609,1565.7778,401.75
2025-11-19,Short Term Debt Fund,INF32672300,500.5705,2732.33
2025-11-02,Liquid Ultra Fund,INF83935801,1018.817,3804.67
2025-10-23,Balanced Advantage Fund,INF11501902,1428.1867,1345.15
2025-11-17,Alpha Equity Fund - Regular,INF89801903,406.7521,1183.31
2025-10-22,Alpha Equity Fund - Regular,INF94825404,1495.8018,1366.12
2025-11-19,Arbitrage Edge Fund,INF67860805,630.845,4171.2
2025-11-10,Dynamic Asset Allocator,INF34814506,1239.2707,3263.04
2025-11-11,Liquid Ultra Fund,INF12451907,1830.6623,2785.09
2025-11-06,Short Term Debt Fund,INF81234608,357.1821,2470.87
2025-10-26,Dynamic Asset Allocator,INF77199109,38.5057,4798.11
2025-11-24,Balanced Advantage Fund,INF92427000,1690.1126,427.29
2025-10-26,Liquid Ultra Fund,INF14146201,264.8155,619.68
2025-11-10,Liquid Ultra Fund,INF32872602,201.8568,118.54
2025-10-31,Short Term Debt Fund,INF93126503,750.5814,4933.68
2025-11-09,Overnight Fund,INF13867704,1528.9516,544.56
2025-10-21,Arbitrage Edge Fund,INF46151805,1629.5123,3192.04
2025-11-26,Dynamic Asset Allocator,INF25340206,1087.9258,3748.65
2025-11-16,Liquid Ultra Fund,INF15661907,39.6016,4983.48
2025-11-20,Liquid Ultra Fund,INF99034008,1841.4485,2241.06
2025-11-10,Overnight Fund,INF91717309,227.1642,1727.06
2025-11-26,Dynamic Asset Allocator,INF34692300,1223.2266,2503.79
2025-10-28,Overnight Fund,INF75362801,1395.4823,2203.91
2025-11-16,Arbitrage Edge Fund,INF19332002,401.6234,1619.92
2025-11-08,Arbitrage Edge Fund,INF44857003,33.6741,2841.45
2025-11-12,Liquid Ultra Fund,INF32137004,136.2256,3242.47
2025-11-16,Balanced Advantage Fund,INF79656405,1698.7285,1304.23
2025-11-21,Liquid Ultra Fund,INF40726606,835.3516,4939.78
2025-11-23,Alpha Equity Fund - Regular,INF36005807,1981.2399,4218.2
2025-11-24,Short Term Debt Fund,INF29111208,1941.9578,4094.98
2025-11-21,Liquid Ultra Fund,INF44653209,392.1402,4353.88
2025-11-01,Short Term Debt Fund,INF69771100,306.5981,3893.24
2025-10-26,Dynamic Asset Allocator,INF88968101,988.6351,4219.17
2025-11-07,Balanced Advantage Fund,INF95942102,998.193,3310.33
2025-11-25,Short Term Debt Fund,INF70297803,1142.3528,3556.11
2025-11-01,Liquid Ultra Fund,INF98046304,461.34,2634.19
2025-10-27,Dynamic Asset Allocator,INF79702505,1732.9611,2143.68
2025-11-11,Arbitrage Edge Fund,INF70584606,1403.4233,3933.76
2025-11-08,Alpha Equity Fund - Regular,INF32332507,1201.5833,1273.76
2025-10-30,Short Term Debt Fund,INF87237108,162.5922,546.12
2025-11-09,Short Term Debt Fund,INF27364409,1637.5895,515.66
2025-10-22,Alpha Equity Fund - Regular,INF27317000,930.6905,1930.57
2025-10-27,Dynamic Asset Allocator,INF11101901,524.8158,485.13
2025-10-26,Overnight Fund,INF77123002,1297.8349,4110.72
2025-11-13,Arbitrage Edge Fund,INF54219703,331.3402,1014.37
2025-11-13,Arbitrage Edge Fund,INF61883404,216.3466,4473.42
2025-10-23,Dynamic Asset Allocator,INF71883905,1432.3877,4687.41
2025-11-13,Overnight Fund,INF61544206,384.2903,2553.84
2025-11-03,Overnight Fund,INF27427507,956.5316,2277.73
2025-11-18,Arbitrage Edge Fund,INF10054008,90.218,3659.35
2025-11-16,Liquid Ultra Fund,INF49290409,1473.0306,1018.68
2025-11-05,Overnight Fund,INF65817100,955.4027,315.07
2025-11-22,Liquid Ultra Fund,INF57111901,1064.8036,2316.1
2025-11-16,Arbitrage Edge Fund,INF29249302,638.5464,1578.22
2025-11-14,Short Term Debt Fund,INF38309903,1756.2214,2132.33
2025-11-07,Liquid Ultra Fund,INF34573304,1150.1791,371.95
2025-11-02,Short Term Debt Fund,INF64067705,513.9186,2220.11
2025-11-10,Arbitrage Edge Fund,INF35460906,1471.182,3153.66
2025-11-26,Short Term Debt Fund,INF20842807,1910.9577,1018.5
2025-11-05,Alpha Equity Fund - Regular,INF42789008,1871.9925,3054.44
2025-10-28,Dynamic Asset Allocator,INF15643809,1193.201,1114.5
2025-10-23,Short Term Debt Fund,INF50852500,1103.0879,4857.11
2025-11-13,Arbitrage Edge Fund,INF64790601,1071.6725,2968.83
2025-11-01,Arbitrage Edge Fund,INF92728902,713.4186,3506.94
2025-11-02,Dynamic Asset Allocator,INF91517603,476.5098,4461.73
2025-11-09,Arbitrage Edge Fund,INF32716204,860.8519,1524.8
2025-11-16,Dynamic Asset Allocator,INF21399705,1631.0965,4724.58
2025-11-25,Dynamic Asset Allocator,INF90738206,1950.5968,2928.61
2025-11-23,Arbitrage Edge Fund,INF45236207,25.9066,4743.23
2025-10-21,Dynamic Asset Allocator,INF41804008,198.3519,2590.13
2025-11-16,Balanced Advantage Fund,INF26474409,1155.9153,357.4
2025-11-13,Dynamic Asset Allocator,INF93041700,312.8124,3849.3
2025-11-25,Dynamic Asset Allocator,INF50653201,1128.8314,1136.55
2025-11-02,Short Term Debt Fund,INF51694402,808.6486,2343.43
2025-11-14,Liquid Ultra Fund,INF98234903,46.9975,754.18
2025-11-11,Liquid Ultra Fund,INF82228204,1086.2012,1786.48
2025-11-24,Dynamic Asset Allocator,INF46279105,905.4398,273.93
2025-11-19,Short Term Debt Fund,INF33606906,1043.793,3368.66
2025-10-31,Balanced Advantage Fund,INF79931507,1601.8192,2014.44
2025-11-06,Balanced Advantage Fund,INF78363408,1139.1636,756.3
2025-11-09,Overnight Fund,INF68599609,1997.1398,514.09
2025-11-20,Balanced Advantage Fund,INF83423200,240.2478,432.35
2025-11-01,Liquid Ultra Fund,INF28606901,544.7246,1635.75
2025-11-19,Balanced Advantage Fund,INF19503302,176.6973,1747.55
2025-10-31,Dynamic Asset Allocator,INF73417803,256.0637,3981.93
2025-11-07,Alpha Equity Fund - Regular,INF59392004,782.7885,2718.01
2025-11-22,Overnight Fund,INF40213405,61.2443,3937.99
2025-11-22,Short Term Debt Fund,INF99894506,516.5971,426.31
2025-11-19,Dynamic Asset Allocator,INF76584407,1807.2819,1326.35
2025-10-25,Balanced Advantage Fund,INF64198908,346.1293,1069.41
2025-10-21,Arbitrage Edge Fund,INF73691509,694.4981,104.36
2025-11-16,Balanced Advantage Fund,INF79558800,1398.5562,2856.67
2025-11-19,Dynamic Asset Allocator,INF79748401,1624.2794,3892.94
2025-11-23,Balanced Advantage Fund,INF71624302,1510.0096,2875.2
2025-10-28,Balanced Advantage Fund,INF33654403,878.8313,676.93
2025-11-21,Arbitrage Edge Fund,INF11557304,1518.5524,718.01
2025-10-23,Dynamic Asset Allocator,INF29519305,327.0238,1198.59
2025-11-24,Arbitrage Edge Fund,INF29797906,1366.2106,3720.8
2025-11-19,Liquid Ultra Fund,INF47817007,1142.451,647.71
2025-11-25,Arbitrage Edge Fund,INF30677008,214.7074,3699.85
2025-11-12,Overnight Fund,INF77857209,836.9941,969.5
2025-11-03,Arbitrage Edge Fund,INF31708200,39.5498,3452.38
2025-11-08,Dynamic Asset Allocator,INF40580701,1581.9192,2229.62
2025-11-23,Dynamic Asset Allocator,INF40994302,1596.7152,1990.14
2025-11-10,Alpha Equity Fund - Regular,INF42084603,428.9471,3181.3
2025-11-03,Arbitrage Edge Fund,INF16625604,598.7375,1032.24
2025-10-21,Balanced Advantage Fund,INF12767405,894.532,910.28
2025-11-26,Arbitrage Edge Fund,INF26436006,1913.8865,4246.32
2025-11-02,Liquid Ultra Fund,INF78484507,1371.5224,2307.41
2025-11-19,Arbitrage Edge Fund,INF56333308,1480.5625,3034.94
2025-11-18,Dynamic Asset Allocator,INF94064009,1759.3641,3120.37
2025-11-15,Arbitrage Edge Fund,INF90505300,1047.592,3812.72
2025-11-08,Alpha Equity Fund - Regular,INF87106701,1813.2165,1608.18
2025-11-10,Alpha Equity Fund - Regular,INF43001902,500.5491,4450.4
2025-11-04,Overnight Fund,INF27416503,466.6442,1399.67
2025-10-22,Alpha Equity Fund - Regular,INF18405804,1034.775,3309.64
2025-11-07,Balanced Advantage Fund,INF69792005,1557.7519,1090.1
2025-10-26,Balanced Advantage Fund,INF68444606,1605.5345,4478.22
2025-10-26,Short Term Debt Fund,INF38458207,1681.0845,2028.91
2025-11-14,Short Term Debt Fund,INF12160108,1444.9151,589.4
2025-11-03,Dynamic Asset Allocator,INF12610409,37.0264,3671.43
2025-11-14,Alpha Equity Fund - Regular,INF70737700,195.1128,4676.38
2025-11-24,Alpha Equity Fund - Regular,INF56592301,696.2362,622.38
2025-11-12,Balanced Advantage Fund,INF13075602,1056.1565,3065.71
2025-11-25,Dynamic Asset Allocator,INF18925803,275.4787,1217.75
2025-11-23,Overnight Fund,INF19577604,762.6238,1508.97
2025-11-18,Alpha Equity Fund - Regular,INF28826005,1149.7014,1871.2
2025-11-20,Alpha Equity Fund - Regular,INF51544306,1407.5058,3322.6
2025-10-29,Alpha Equity Fund - Regular,INF70667007,13.8901,4582.44
2025-10-27,Balanced Advantage Fund,INF43342608,1670.9635,670.32
2025-11-18,Dynamic Asset Allocator,INF97961209,1140.6308,1487.27
2025-11-03,Overnight Fund,INF72112000,1288.4358,4159.68
2025-11-08,Alpha Equity Fund - Regular,INF66883301,454.0425,615.58
2025-11-18,Arbitrage Edge Fund,INF52071002,813.6831,530.74
2025-11-13,Dynamic Asset Allocator,INF85312903,619.8289,4999.34
2025-10-27,Alpha Equity Fund - Regular,INF42915404,219.5342,3519.41
2025-11-26,Balanced Advantage Fund,INF99210105,1585.9822,998.4
2025-11-01,Overnight Fund,INF19624906,177.1427,1679.6
2025-11-11,Overnight Fund,INF89032507,1818.4948,3143.77
2025-11-08,Liquid Ultra Fund,INF56279908,1106.1863,2158.98
2025-11-24,Overnight Fund,INF54488809,15.0497,3199.07
2025-11-18,Balanced Advantage Fund,INF39727700,1454.9369,389.54
2025-11-13,Short Term Debt Fund,INF35622001,132.5418,583.57
2025-11-24,Arbitrage Edge Fund,INF87417402,1488.401,2087.22
2025-10-21,Dynamic Asset Allocator,INF87612803,431.7553,2262.79
2025-10-28,Short Term Debt Fund,INF98842404,132.879,3614.24
2025-10-24,Dynamic Asset Allocator,INF46025405,223.9856,207.96
2025-10-25,Overnight Fund,INF31446406,1570.3496,1858.46
2025-11-11,Overnight Fund,INF67976407,264.0775,3215.24
2025-11-12,Balanced Advantage Fund,INF34422608,853.3379,1593.88
2025-11-02,Arbitrage Edge Fund,INF12192709,1182.4269,4606.64
2025-11-18,Alpha Equity Fund - Regular,INF47208100,473.869,4993.22
2025-11-13,Overnight Fund,INF41362001,1061.8416,148.66
2025-11-01,Alpha Equity Fund - Regular,INF83524002,1639.4929,1919.45
2025-10-22,Alpha Equity Fund - Regular,INF28019703,1234.4528,440.82
2025-11-07,Short Term Debt Fund,INF86101704,1773.0735,3230.92
2025-10-21,Liquid Ultra Fund,INF55711405,516.7724,3676.23
2025-10-28,Arbitrage Edge Fund,INF23056506,1378.6483,1004.66
2025-10-23,Alpha Equity Fund - Regular,INF38460107,161.7879,371.09
2025-11-07,Short Term Debt Fund,INF23567308,1571.1125,308.59
2025-10-29,Arbitrage Edge Fund,INF56804509,18.8506,2363.1
2025-11-14,Balanced Advantage Fund,INF87511700,774.1748,2322.71
2025-11-15,Dynamic Asset Allocator,INF11477601,1495.2621,2580.42
2025-11-12,Balanced Advantage Fund,INF42215202,1457.4947,153.65
2025-11-13,Overnight Fund,INF95625103,314.4817,1343.35
2025-10-28,Balanced Advantage Fund,INF99009204,427.6544,2631.2
2025-11-05,Liquid Ultra Fund,INF79230605,227.3335,2151.23
2025-11-24,Liquid Ultra Fund,INF26713406,866.2006,2988.9
2025-11-08,Alpha Equity Fund - Regular,INF39346607,1841.2436,2514.1
2025-11-13,Dynamic Asset Allocator,INF14062508,1080.7263,760.32
2025-11-16,Alpha Equity Fund - Regular,INF54526409,179.533,649.3
2025-11-24,Balanced Advantage Fund,INF69731200,312.0464,1031.31
2025-10-25,Overnight Fund,INF30733101,1709.3265,2387.69
2025-10-24,Alpha Equity Fund - Regular,INF84761002,901.2734,3343.84
2025-11-19,Arbitrage Edge Fund,INF86148703,215.7685,3088.99
2025-10-23,Liquid Ultra Fund,INF83764404,1758.0728,4763.39
2025-11-14,Alpha Equity Fund - Regular,INF37436505,302.1395,390.21
2025-11-15,Liquid Ultra Fund,INF96655506,513.5101,421.62
2025-10-25,Short Term Debt Fund,INF28135907,22.9884,4972.03
2025-11-20,Liquid Ultra Fund,INF66604308,791.0309,430.88
2025-11-12,Dynamic Asset Allocator,INF85014409,1413.3436,1484.59
2025-10-21,Alpha Equity Fund - Regular,INF77884200,905.1048,2926.12
2025-10-30,Liquid Ultra Fund,INF71646801,1099.1208,4521.18
2025-11-16,Arbitrage Edge Fund,INF77360202,920.069,2856.96
2025-11-22,Alpha Equity Fund - Regular,INF15016003,1399.3168,1068.52
2025-11-08,Arbitrage Edge Fund,INF92405804,1402.3768,2831.66
2025-10-23,Short Term Debt Fund,INF84188305,1117.4904,1375.45
2025-11-26,Arbitrage Edge Fund,INF98003406,1927.2961,2992.52
2025-11-05,Alpha Equity Fund - Regular,INF42438807,1336.0185,2117.11
2025-11-04,Short Term Debt Fund,INF41352308,354.0541,1179.12
2025-11-14,Short Term Debt Fund,INF79812909,1022.716,932.47
2025-11-23,Balanced Advantage Fund,INF26182100,1101.4035,1059.65
2025-10-22,Short Term Debt Fund,INF16171301,1901.0827,1292.99
2025-11-03,Short Term Debt Fund,INF70069302,1133.5235,4634.09
2025-11-01,Short Term Debt Fund,INF53436403,1140.7462,929.32
2025-11-08,Short Term Debt Fund,INF42084504,296.4473,3100.12
2025-10-24,Overnight Fund,INF57849005,416.6896,2322.93
2025-11-19,Overnight Fund,INF77865306,423.0085,85.28
2025-11-05,Dynamic Asset Allocator,INF11488607,1883.0321,4613.77
2025-11-24,Liquid Ultra Fund,INF11585808,1825.7807,632.98
2025-10-24,Short Term Debt Fund,INF32637009,865.2884,4095.72
2025-11-06,Overnight Fund,INF42106400,1145.6663,79.59
2025-10-30,Alpha Equity Fund - Regular,INF40223301,1392.3729,4898.87
2025-10-29,Liquid Ultra Fund,INF78211802,501.9601,2322.4
2025-11-10,Alpha Equity Fund - Regular,INF33671603,744.8776,3794.21
2025-11-24,Short Term Debt Fund,INF88305904,1068.9759,4654.1
2025-10-25,Balanced Advantage Fund,INF86821205,1192.1125,4831.64
2025-11-14,Dynamic Asset Allocator,INF91199106,1371.7131,831.84
2025-11-25,Balanced Advantage Fund,INF32021507,1163.2853,4895.2
2025-11-25,Balanced Advantage Fund,INF86218408,1005.5515,2541.57
2025-11-09,Alpha Equity Fund - Regular,INF68191709,1749.9727,2682.68
2025-11-19,Dynamic Asset Allocator,INF18086600,1643.5445,3284.9
2025-11-23,Liquid Ultra Fund,INF54972601,1346.8001,1401.32
2025-11-17,Balanced Advantage Fund,INF34898502,1998.0951,3119.8
2025-11-24,Short Term Debt Fund,INF85054403,1908.388,2266.67
2025-10-28,Balanced Advantage Fund,INF84515504,325.5102,4214.47
2025-11-22,Liquid Ultra Fund,INF70628805,605.7788,3760.3
2025-10-28,Short Term Debt Fund,INF17306806,1002.467,1849.84
2025-11-16,Overnight Fund,INF53222807,1205.1576,3634.75
2025-11-25,Alpha Equity Fund - Regular,INF74040108,1949.6377,3050.74
2025-11-20,Dynamic Asset Allocator,INF62369609,509.142,238.64
2025-10-25,Arbitrage Edge Fund,INF95568400,230.1446,3565.1
2025-11-15,Balanced Advantage Fund,INF25704201,769.5203,1364.03
2025-11-12,Overnight Fund,INF28552602,1898.8252,1708.79
2025-11-26,Dynamic Asset Allocator,INF31736203,701.1912,3896.94
2025-11-07,Alpha Equity Fund - Regular,INF87706904,401.0412,186.45
2025-11-07,Arbitrage Edge Fund,INF39462705,1862.5898,1812.68
2025-11-16,Liquid Ultra Fund,INF32892406,551.2264,4932.5
2025-11-10,Arbitrage Edge Fund,INF84905007,334.7561,3668.78
2025-10-24,Alpha Equity Fund - Regular,INF50380208,608.7287,2128.93
2025-10-22,Overnight Fund,INF68122809,1520.9836,4704.91
2025-11-04,Arbitrage Edge Fund,INF96690100,1921.046,1141.63
2025-11-01,Short Term Debt Fund,INF41349301,1324.5089,1242.69
2025-11-18,Liquid Ultra Fund,INF15826902,1736.8522,1188.45
2025-11-08,Dynamic Asset Allocator,INF63272103,13.1277,3016.65
2025-11-25,Short Term Debt Fund,INF28676004,611.2411,2230.77
2025-10-26,Dynamic Asset Allocator,INF91450005,1894.2572,911.02
2025-11-20,Overnight Fund,INF42963506,1843.5404,3848.9
2025-11-03,Overnight Fund,INF25209507,276.8521,2430.54
2025-11-18,Liquid Ultra Fund,INF57043908,804.9076,1146.88
2025-10-24,Balanced Advantage Fund,INF94664409,1549.5652,4513.18
2025-11-22,Dynamic Asset Allocator,INF42749600,1083.7197,300.17
2025-10-28,Overnight Fund,INF29978001,138.8095,2884.93
2025-10-26,Alpha Equity Fund - Regular,INF30251102,1973.4359,2847.17
2025-11-04,Balanced Advantage Fund,INF23219003,496.5683,4087.66
2025-11-10,Alpha Equity Fund - Regular,INF82667104,637.1891,1557.82
2025-10-30,Balanced Advantage Fund,INF78129505,376.3911,3158.08
2025-11-01,Dynamic Asset Allocator,INF87538606,1077.6994,1050.56
2025-10-27,Liquid Ultra Fund,INF64202407,1990.6897,1203.3
2025-10-25,Dynamic Asset Allocator,INF50289908,658.6786,3947.19
2025-10-21,Balanced Advantage Fund,INF78366309,821.7767,2579.13
2025-11-10,Balanced Advantage Fund,INF25357500,1434.0748,2988.54
2025-11-12,Alpha Equity Fund - Regular,INF72833401,1715.1892,3081.12
2025-10-27,Dynamic Asset Allocator,INF72592402,1048.8572,4019.92
2025-11-06,Overnight Fund,INF13104403,559.9754,1728.43
2025-11-24,Alpha Equity Fund - Regular,INF34688504,663.2485,130.73
2025-11-08,Liquid Ultra Fund,INF59948705,1862.8122,2164.17
2025-11-01,Dynamic Asset Allocator,INF69004906,1343.9323,3383.41
2025-10-27,Arbitrage Edge Fund,INF63599007,1192.5393,4333.45
2025-11-09,Dynamic Asset Allocator,INF45293808,1946.7834,1808.25
2025-11-19,Arbitrage Edge Fund,INF72630509,690.0116,3846.7
2025-11-26,Overnight Fund,INF51570600,1928.8248,2697.01
2025-11-11,Balanced Advantage Fund,INF35251201,1619.7821,3224.32
2025-11-01,Balanced Advantage Fund,INF19749702,456.8443,3393.02
2025-11-23,Arbitrage Edge Fund,INF49620203,980.1819,438.33
2025-11-15,Liquid Ultra Fund,INF89672604,1738.4543,4540.72
2025-11-12,Arbitrage Edge Fund,INF47214405,1050.9542,3502.46
2025-10-29,Balanced Advantage Fund,INF56772406,867.8094,2716.0
2025-10-25,Balanced Advantage Fund,INF17301607,26.4082,3961.78
2025-11-07,Liquid Ultra Fund,INF73699008,1464.6312,1878.14
2025-11-04,Alpha Equity Fund - Regular,INF78125409,400.3642,112.6
2025-11-19,Overnight Fund,INF14019700,1752.5075,2982.43
2025-10-27,Dynamic Asset Allocator,INF85403301,1338.4403,2501.1
2025-11-14,Liquid Ultra Fund,INF74893202,1641.3029,2473.63
2025-11-19,Alpha Equity Fund - Regular,INF43468203,1279.3921,2227.88
2025-11-09,Dynamic Asset Allocator,INF52668104,697.3295,4696.16
2025-11-02,Short Term Debt Fund,INF19165305,832.4677,3592.34
2025-11-19,Liquid Ultra Fund,INF23456006,1434.7438,1961.83
2025-10-26,Liquid Ultra Fund,INF85060707,1285.3798,315.93
2025-11-25,Dynamic Asset Allocator,INF39813708,279.3073,967.47
2025-11-06,Dynamic Asset Allocator,INF10350109,970.5235,4398.71
2025-11-10,Liquid Ultra Fund,INF81688700,1367.7331,1219.69
2025-11-21,Arbitrage Edge Fund,INF12874601,1136.0057,358.13
2025-11-06,Liquid Ultra Fund,INF53117002,1008.9071,957.94
2025-11-23,Short Term Debt Fund,INF27620803,1582.4688,2604.31
2025-11-11,Liquid Ultra Fund,INF55844004,1748.5783,1758.11
2025-10-22,Alpha Equity Fund - Regular,INF68658805,1287.6319,2103.78
2025-10-25,Short Term Debt Fund,INF63829706,275.9162,2751.18
2025-11-11,Overnight Fund,INF57797407,1648.0017,1146.3
2025-11-04,Balanced Advantage Fund,INF10789008,1675.0715,1776.76
2025-10-23,Dynamic Asset Allocator,INF12432109,1281.2265,3639.49
2025-11-13,Balanced Advantage Fund,INF66948200,1730.2857,1227.47
2025-11-03,Dynamic Asset Allocator,INF39246101,1791.2268,3514.09
2025-10-21,Dynamic Asset Allocator,INF42427402,1999.2162,393.56
2025-10-30,Liquid Ultra Fund,INF27095303,300.2756,2005.42
2025-11-24,Liquid Ultra Fund,INF48972204,926.1123,3787.75
2025-11-23,Arbitrage Edge Fund,INF33808905,96.7959,3289.99
2025-10-31,Short Term Debt Fund,INF77960306,1071.2262,1725.57
2025-11-25,Liquid Ultra Fund,INF97917007,807.7376,2286.85
2025-11-09,Liquid Ultra Fund,INF53701808,139.8925,2776.48
2025-11-20,Liquid Ultra Fund,INF54460109,483.1138,4554.71
2025-11-12,Overnight Fund,INF87573100,1136.9822,3850.11
2025-11-11,Liquid Ultra Fund,INF43941601,1066.2731,1493.13
2025-10-28,Dynamic Asset Allocator,INF16452602,1812.0495,4104.28
2025-10-22,Overnight Fund,INF49677403,1479.8303,2211.87
2025-11-26,Alpha Equity Fund - Regular,INF85197004,1019.3733,1670.32
2025-11-02,Short Term Debt Fund,INF10734405,1057.3899,2511.72
2025-11-08,Dynamic Asset Allocator,INF41026006,1247.6978,2367.61
2025-11-07,Dynamic Asset Allocator,INF33391407,809.244,2594.96
2025-10-21,Dynamic Asset Allocator,INF14921508,1483.909,694.12
2025-11-07,Arbitrage Edge Fund,INF69252009,502.9232,271.41
2025-10-27,Alpha Equity Fund - Regular,INF84879900,24009.1207,3518.67
2025-11-15,Balanced Advantage Fund,INF95732601,78.9749,111.31
2025-10-26,Balanced Advantage Fund,INF28390002,271.018,3972.52
2025-11-20,Liquid Ultra Fund,INF68139603,225.1258,3967.57
2025-11-09,Liquid Ultra Fund,INF99862104,1333.8962,3652.96
2025-11-13,Overnight Fund,INF40451205,18.3185,2398.04
2025-11-24,Dynamic Asset Allocator,INF39277706,1830.1754,3681.3
2025-11-13,Dynamic Asset Allocator,INF40260907,1989.5328,471.51
2025-10-29,Arbitrage Edge Fund,INF56314208,1574.1899,1690.39
2025-10-22,Arbitrage Edge Fund,INF38286309,1009.2051,3294.57
2025-10-21,Dynamic Asset Allocator,INF15181500,1512.8002,2817.01
2025-10-21,Balanced Advantage Fund,INF11003901,157.0774,217.25
2025-11-26,Alpha Equity Fund - Regular,INF61697402,770.2524,143.27
2025-11-04,Overnight Fund,INF81150103,641.4055,1880.79
2025-10-26,Liquid Ultra Fund,INF42413204,882.807,4165.54
2025-10-26,Balanced Advantage Fund,INF58340505,1459.4258,4557.27
2025-10-27,Balanced Advantage Fund,INF86376906,579.0843,311.2
2025-11-25,Overnight Fund,INF35835107,205.3684,204.04
2025-10-23,Short Term Debt Fund,INF72929408,667.8706,1820.07
2025-10-27,Overnight Fund,INF97038709,1735.6982,4394.7
2025-11-15,Overnight Fund,INF82423600,113.8365,3316.21
2025-10-22,Dynamic Asset Allocator,INF96952901,766.3809,3930.05
2025-11-11,Overnight Fund,INF45273402,314.5041,1787.08
2025-10-31,Arbitrage Edge Fund,INF77835003,1110.5168,1977.21
2025-11-18,Dynamic Asset Allocator,INF80951504,1219.8058,4614.93
2025-11-07,Liquid Ultra Fund,INF98596305,1201.248,4863.12
2025-10-21,Balanced Advantage Fund,INF52033906,258.5656,456.62
2025-11-25,Liquid Ultra Fund,INF44700707,1327.1963,927.37
2025-11-22,Dynamic Asset Allocator,INF55246908,38.3959,4919.55
2025-11-15,Short Term Debt Fund,INF14880209,526.0018,3569.65
2025-11-16,Dynamic Asset Allocator,INF66141500,1328.5236,3131.24
2025-10-23,Balanced Advantage Fund,INF13873601,1175.0058,4911.86
2025-11-21,Short Term Debt Fund,INF36487902,1072.2946,436.94
2025-10-30,Short Term Debt Fund,INF82307603,1594.9844,3657.06
2025-10-23,Alpha Equity Fund - Regular,INF78617104,1213.5715,4487.47
2025-11-20,Arbitrage Edge Fund,INF34468205,1459.9864,1970.87
2025-10-25,Balanced Advantage Fund,INF66864306,846.1073,2282.66
2025-10-27,Balanced Advantage Fund,INF72904007,1833.4421,3840.88
2025-11-14,Overnight Fund,INF76623008,69.7415,1940.41
2025-11-13,Arbitrage Edge Fund,INF77524909,1080.2248,1460.72
2025-11-16,Dynamic Asset Allocator,INF46879000,63.4359,833.11
2025-11-11,Short Term Debt Fund,INF90672701,659.0657,2579.82
2025-11-07,Arbitrage Edge Fund,INF88769402,304.5737,3011.76
2025-11-22,Alpha Equity Fund - Regular,INF13288903,544.8498,3167.04
2025-10-27,Dynamic Asset Allocator,INF89164004,49287.7544,3408.08
2025-11-02,Arbitrage Edge Fund,INF18553805,1481.4406,4181.32
2025-11-08,Alpha Equity Fund - Regular,INF43782006,1754.6831,1698.04
2025-11-04,Arbitrage Edge Fund,INF62113407,528.1859,2857.78
2025-11-25,Liquid Ultra Fund,INF52516008,1162.1745,419.1
2025-11-16,Short Term Debt Fund,INF88239009,1382.7562,4423.87
2025-11-26,Short Term Debt Fund,INF31834000,1981.1937,4987.39
2025-11-23,Alpha Equity Fund - Regular,INF13642101,84.8433,2407.19
2025-11-22,Alpha Equity Fund - Regular,INF13297202,688.506,4681.57
2025-11-09,Arbitrage Edge Fund,INF98013103,973.6398,2756.97
2025-11-14,Alpha Equity Fund - Regular,INF24472504,714.866,3735.81
2025-11-01,Dynamic Asset Allocator,INF62704405,1605.4431,4000.91
2025-11-21,Liquid Ultra Fund,INF85853106,920.6386,4015.46
2025-11-20,Overnight Fund,INF51361207,1693.5535,1077.96
2025-10-27,Arbitrage Edge Fund,INF44356008,923.8652,4417.63
2025-11-18,Overnight Fund,INF72749409,447.7801,2241.26
2025-10-30,Short Term Debt Fund,INF20827900,13.4546,3463.95
2025-11-16,Alpha Equity Fund - Regular,INF76876301,699.2616,3847.88
2025-11-12,Liquid Ultra Fund,INF18975902,1507.7875,4580.49
2025-11-12,Overnight Fund,INF64139403,1975.6985,2396.93
2025-11-05,Dynamic Asset Allocator,INF93137404,135.2755,2369.59
2025-10-24,Overnight Fund,INF99492305,1769.7105,1541.21
2025-10-30,Overnight Fund,INF57448006,1887.1252,427.86
2025-11-23,Liquid Ultra Fund,INF28833007,1918.1057,2308.43
2025-11-21,Arbitrage Edge Fund,INF22141108,889.508,3011.96
2025-11-03,Dynamic Asset Allocator,INF26352509,356.5765,2096.16
2025-11-08,Short Term Debt Fund,INF21481400,643.6583,4156.22
2025-11-22,Liquid Ultra Fund,INF32937101,1143.0469,303.59
2025-11-17,Alpha Equity Fund - Regular,INF89455202,716.9908,4562.64
2025-11-11,Alpha Equity Fund - Regular,INF52955703,31.3674,3630.18
2025-10-24,Overnight Fund,INF91386404,1174.1918,814.03
2025-10-26,Dynamic Asset Allocator,INF69941605,454.2692,3626.87
2025-10-23,Dynamic Asset Allocator,INF59468106,550.9381,2933.68
2025-11-05,Alpha Equity Fund - Regular,INF57477807,1374.3641,3584.91
2025-10-28,Alpha Equity Fund - Regular,INF55173008,641.0999,3525.33
2025-11-21,Overnight Fund,INF94070809,1198.0083,1045.06
2025-10-28,Alpha Equity Fund - Regular,INF84412100,286.967,1049.54
2025-10-28,Short Term Debt Fund,INF84817301,1211.6058,528.99
2025-11-15,Liquid Ultra Fund,INF62154902,671.5242,2865.47
2025-10-28,Overnight Fund,INF42265803,797.5083,3864.34
2025-11-24,Dynamic Asset Allocator,INF81248004,174.5562,1037.93
2025-11-07,Balanced Advantage Fund,INF59184405,753.904,4229.38
2025-11-16,Arbitrage Edge Fund,INF71997706,1887.0721,2911.99
2025-10-26,Dynamic Asset Allocator,INF19827707,1585.5442,1581.3
2025-11-02,Arbitrage Edge Fund,INF19256108,757.2977,1162.97
2025-11-02,Arbitrage Edge Fund,INF71419809,1006.7285,615.07
2025-11-01,Liquid Ultra Fund,INF45542600,1593.4132,4548.03
2025-11-19,Alpha Equity Fund - Regular,INF85872201,1270.9069,1073.86
2025-11-24,Short Term Debt Fund,INF49532202,451.3456,1847.87
2025-10-31,Alpha Equity Fund - Regular,INF10003503,109.3958,4758.8
2025-11-12,Balanced Advantage Fund,INF26456104,652.3874,317.11
2025-11-12,Liquid Ultra Fund,INF40345305,1314.191,112.18
2025-11-21,Liquid Ultra Fund,INF47510506,440.6041,3552.69
2025-11-16,Liquid Ultra Fund,INF63317307,1067.3845,2804.97
2025-11-19,Arbitrage Edge Fund,INF72723908,191.6647,3634.29
2025-11-08,Dynamic Asset Allocator,INF62648309,1177.0395,1448.17
2025-11-25,Short Term Debt Fund,INF39605100,1789.9056,389.2
2025-10-24,Short Term Debt Fund,INF98194201,559.1198,3409.8
2025-11-21,Short Term Debt Fund,INF49553502,538.4341,1218.03
2025-11-08,Overnight Fund,INF41491303,1952.8095,4465.63
2025-10-31,Arbitrage Edge Fund,INF35097104,1961.341,812.33
2025-11-05,Overnight Fund,INF53807805,736.1276,2807.07
2025-11-07,Arbitrage Edge Fund,INF93651306,896.8249,545.67
2025-11-25,Dynamic Asset Allocator,INF85171407,1877.5583,4898.88
2025-11-21,Liquid Ultra Fund,INF97653808,1264.2121,564.29
2025-10-23,Arbitrage Edge Fund,INF45664009,386.1808,1994.57
2025-11-14,Dynamic Asset Allocator,INF45033300,1124.2123,1152.25
2025-11-25,Dynamic Asset Allocator,INF27584601,1618.0187,1271.64
2025-10-28,Arbitrage Edge Fund,INF61649002,1029.5061,346.61
2025-11-05,Liquid Ultra Fund,INF59663003,333.9357,2133.35
2025-11-13,Dynamic Asset Allocator,INF21634104,1656.1831,4802.34
2025-10-29,Overnight Fund,INF86939505,474.8228,1015.69
2025-10-26,Liquid Ultra Fund,INF38233106,648.8744,1954.61
2025-11-21,Short Term Debt Fund,INF11614407,598.5613,4423.46
2025-10-27,Short Term Debt Fund,INF42986908,1476.9131,3876.9
2025-11-25,Overnight Fund,INF79746909,1706.5184,951.29
2025-11-23,Dynamic Asset Allocator,INF87596000,54.7506,4336.25
2025-11-16,Short Term Debt Fund,INF57603801,1053.8372,2342.77
2025-11-09,Short Term Debt Fund,INF52142202,1131.8044,2331.95
2025-11-23,Liquid Ultra Fund,INF49289503,1080.786,2797.31
2025-11-20,Arbitrage Edge Fund,INF56635404,1631.9784,3112.78
2025-11-21,Short Term Debt Fund,INF11115505,1981.2845,387.81
2025-10-25,Dynamic Asset Allocator,INF55779506,808.8488,2671.14
2025-10-24,Liquid Ultra Fund,INF32652707,1435.5667,849.18
2025-11-21,Alpha Equity Fund - Regular,INF28546608,1415.1681,3541.04
2025-11-03,Arbitrage Edge Fund,INF72995109,866.9988,3647.48
2025-11-15,Overnight Fund,INF18817900,28.056,3782.63
2025-10-23,Short Term Debt Fund,INF18207201,1565.4246,4556.82
2025-10-27,Arbitrage Edge Fund,INF97189902,676.4044,3227.36
2025-11-25,Liquid Ultra Fund,INF32520803,93.0212,3107.94
2025-11-07,Balanced Advantage Fund,INF26795604,937.7677,156.83
2025-11-13,Liquid Ultra Fund,INF42469305,26.2593,3573.78
2025-10-21,Overnight Fund,INF17214806,219.6792,1722.58
2025-10-21,Alpha Equity Fund - Regular,INF65176107,1218.4668,4566.06
2025-11-18,Alpha Equity Fund - Regular,INF94274008,1407.6681,4423.12
2025-11-21,Balanced Advantage Fund,INF15405909,978.702,544.65
2025-11-25,Alpha Equity Fund - Regular,INF89255400,960.8561,4112.27
2025-11-18,Balanced Advantage Fund,INF28152901,1634.9704,3335.84
2025-11-21,Short Term Debt Fund,INF59243602,36.8704,4858.06
2025-11-23,Dynamic Asset Allocator,INF91891903,367.2987,4750.31
2025-11-12,Short Term Debt Fund,INF12194204,260.9908,379.41
2025-11-24,Alpha Equity Fund - Regular,INF80623705,1980.8858,921.81
2025-11-21,Dynamic Asset Allocator,INF44891906,279.5252,2464.82
2025-11-07,Alpha Equity Fund - Regular,INF14582307,1508.6174,2693.9
2025-11-04,Overnight Fund,INF63614008,111.4122,1289.52
2025-11-18,Overnight Fund,INF93960909,1767.0715,909.92
2025-11-18,Arbitrage Edge Fund,INF17216200,1120.6169,324.25
2025-11-22,Alpha Equity Fund - Regular,INF89537801,1307.2336,4742.78
2025-10-26,Liquid Ultra Fund,INF37889802,674.4097,1588.23
2025-11-16,Dynamic Asset Allocator,INF96087203,1050.4292,709.46
2025-10-22,Short Term Debt Fund,INF70690604,1990.6347,4835.55
2025-11-15,Dynamic Asset Allocator,INF97935705,1443.0371,128.68
2025-11-26,Alpha Equity Fund - Regular,INF31468906,936.7974,664.43
2025-10-28,Alpha Equity Fund - Regular,INF17112307,792.2868,572.0
2025-11-24,Liquid Ultra Fund,INF53988508,1218.8843,4098.73
2025-11-21,Arbitrage Edge Fund,INF81559609,1274.7393,4729.5
2025-11-19,Balanced Advantage Fund,INF49110800,1647.4961,1907.62
2025-11-05,Liquid Ultra Fund,INF30011901,241.897,139.45
2025-11-10,Balanced Advantage Fund,INF47806702,280.6619,2420.89
2025-11-22,Overnight Fund,INF98735303,437.6058,267.57
2025-11-08,Alpha Equity Fund - Regular,INF50950504,1269.3193,255.6
2025-10-29,Alpha Equity Fund - Regular,INF30264005,1312.1802,3156.59
2025-11-01,Overnight Fund,INF97518706,1099.1003,195.37
2025-11-10,Overnight Fund,INF83274007,1358.9368,414.39
2025-10-31,Short Term Debt Fund,INF73967508,984.2613,3106.83
2025-11-13,Overnight Fund,INF31661909,417.2879,2547.88
2025-11-26,Liquid Ultra Fund,INF86106800,1571.0523,3841.11
2025-10-21,Balanced Advantage Fund,INF85524701,151.2376,3877.4
2025-11-07,Arbitrage Edge Fund,INF23922502,1214.1919,4321.78
2025-10-30,Arbitrage Edge Fund,INF52105403,596.7025,3539.8
2025-11-25,Arbitrage Edge Fund,INF82788504,1919.1358,2684.19
2025-10-23,Balanced Advantage Fund,INF68482705,1227.9209,1181.5
2025-11-03,Short Term Debt Fund,INF36318906,568.2798,1270.43
2025-11-17,Short Term Debt Fund,INF27472407,495.0094,921.61
2025-11-24,Overnight Fund,INF79609708,1341.1986,4704.74
2025-11-05,Short Term Debt Fund,INF93140509,1149.1132,1208.46
2025-11-22,Balanced Advantage Fund,INF72127100,259.6952,4325.67
2025-10-23,Alpha Equity Fund - Regular,INF95283401,892.7881,2637.13
2025-11-07,Short Term Debt Fund,INF35856402,86.9194,3090.84
2025-11-08,Arbitrage Edge Fund,INF66787203,941.0102,4843.35
2025-11-01,Dynamic Asset Allocator,INF29145904,1660.2445,1330.83
2025-10-29,Dynamic Asset Allocator,INF98893305,1106.6913,1870.77
2025-10-23,Balanced Advantage Fund,INF50190606,497.3223,50.26
2025-11-02,Liquid Ultra Fund,INF43344607,1659.0299,1344.0
2025-11-19,Overnight Fund,INF61151808,1248.8218,2077.19
2025-11-22,Liquid Ultra Fund,INF74785809,885.4903,2194.07
2025-11-25,Liquid Ultra Fund,INF34938600,163.8163,4130.39
2025-11-24,Balanced Advantage Fund,INF12117601,1834.7244,4035.31
2025-11-21,Short Term Debt Fund,INF19511302,1249.3013,892.52
2025-10-24,Short Term Debt Fund,INF16645903,401.5624,448.71
2025-11-10,Overnight Fund,INF81080904,1358.0927,4706.38
2025-11-21,Alpha Equity Fund - Regular,INF44478105,884.2591,4280.09
2025-10-26,Balanced Advantage Fund,INF94912206,429.214,3175.75
2025-11-11,Overnight Fund,INF31832007,172.4549,1761.64
2025-11-09,Dynamic Asset Allocator,INF61657708,1477.1011,4641.99
2025-11-12,Balanced Advantage Fund,INF45148809,1870.9733,1168.7
2025-10-28,Arbitrage Edge Fund,INF67633600,31.5731,2955.04
2025-11-03,Dynamic Asset Allocator,INF84610601,1325.3561,3647.55
2025-11-11,Overnight Fund,INF69601302,30.5729,1267.35
2025-10-30,Alpha Equity Fund - Regular,INF66567703,1219.6645,180.48
2025-11-02,Short Term Debt Fund,INF76032304,1171.2583,1714.0
2025-10-30,Dynamic Asset Allocator,INF85160505,1956.3936,4423.61
2025-10-26,Arbitrage Edge Fund,INF40680106,1112.7496,1467.24
2025-11-04,Overnight Fund,INF34348507,1926.0879,958.42
2025-11-12,Balanced Advantage Fund,INF56924008,905.1768,1836.41
2025-11-14,Dynamic Asset Allocator,INF63291209,1520.5001,1824.85
2025-11-09,Balanced Advantage Fund,INF25693200,1181.7049,3862.87
2025-10-21,Short Term Debt Fund,INF43687501,955.0972,2373.32
2025-11-10,Liquid Ultra Fund,INF32634402,845.1686,1295.76
2025-10-21,Overnight Fund,INF31768003,403.7911,3605.74
2025-11-12,Balanced Advantage Fund,INF65504604,621.4579,4510.84
2025-11-04,Alpha Equity Fund - Regular,INF45021705,1817.2441,1085.71
2025-11-03,Overnight Fund,INF22575706,1035.8864,2905.53
2025-11-25,Balanced Advantage Fund,INF90370807,438.3988,3968.98
2025-11-01,Arbitrage Edge Fund,INF54886608,1784.968,2730.61
2025-10-22,Balanced Advantage Fund,INF12705809,1152.9783,4305.95
2025-11-04,Dynamic Asset Allocator,INF34647300,165.61,3259.97
2025-10-28,Arbitrage Edge Fund,INF42617901,1753.9306,4774.14
2025-11-01,Balanced Advantage Fund,INF54595602,354.2868,128.84
2025-10-23,Alpha Equity Fund - Regular,INF61047103,94.2934,337.78
2025-11-22,Balanced Advantage Fund,INF76458504,155.0299,2585.94
2025-11-16,Liquid Ultra Fund,INF44917505,845.6951,3178.58
2025-10-31,Arbitrage Edge Fund,INF79376506,42.5234,1827.67
2025-11-02,Arbitrage Edge Fund,INF69600207,1709.4705,4499.85
2025-11-09,Liquid Ultra Fund,INF36305608,393.4168,2661.98
2025-11-14,Short Term Debt Fund,INF46307909,517.5807,674.0
2025-11-06,Short Term Debt Fund,INF85606000,448.5653,3524.73
2025-11-23,Liquid Ultra Fund,INF62100701,798.8251,968.52
2025-11-24,Alpha Equity Fund - Regular,INF73597002,1215.0908,1177.68
2025-11-03,Balanced Advantage Fund,INF50951503,1458.5092,4523.85
2025-11-15,Balanced Advantage Fund,INF30095404,1150.6901,2626.83
2025-11-06,Overnight Fund,INF23684105,591.0813,1424.65
2025-11-13,Liquid Ultra Fund,INF12581106,1215.119,2741.46
2025-11-15,Arbitrage Edge Fund,INF97694607,1235.1021,2872.95
2025-11-22,Alpha Equity Fund - Regular,INF23822208,1160.7601,3029.25
2025-11-20,Short Term Debt Fund,INF82166209,1231.838,2800.56
2025-11-12,Balanced Advantage Fund,INF22848800,671.9398,4724.01
2025-10-31,Short Term Debt Fund,INF67249101,1422.4779,869.43
2025-10-24,Short Term Debt Fund,INF18822002,1792.0475,1054.94
2025-11-08,Liquid Ultra Fund,INF82749303,87.779,3717.9
2025-11-20,Overnight Fund,INF81145804,1633.1281,3658.09
2025-11-07,Short Term Debt Fund,INF35183305,1200.8137,781.21
2025-11-08,Alpha Equity Fund - Regular,INF57154006,1927.1028,4547.41
2025-10-30,Arbitrage Edge Fund,INF59982907,1209.2095,2210.36
2025-11-03,Short Term Debt Fund,INF47359408,618.2168,4672.42
2025-11-06,Overnight Fund,INF20156009,1449.2269,4983.52
2025-10-28,Arbitrage Edge Fund,INF93563200,33.9293,4284.73
2025-10-25,Short Term Debt Fund,INF29452201,1120.6727,2494.11
2025-11-25,Alpha Equity Fund - Regular,INF32586302,195.8931,957.94
2025-11-25,Arbitrage Edge Fund,INF14660303,379.296,395.18
2025-11-12,Overnight Fund,INF63627104,1945.6707,4698.56
2025-11-21,Arbitrage Edge Fund,INF56807205,210.8215,4292.73
2025-11-14,Arbitrage Edge Fund,INF97898906,624.9347,1941.34
2025-11-05,Balanced Advantage Fund,INF27041907,820.8194,3625.88
2025-11-18,Overnight Fund,INF69454208,1052.4448,4778.68
2025-10-26,Dynamic Asset Allocator,INF67812009,1617.4751,687.73
2025-10-30,Balanced Advantage Fund,INF83665900,1032.8404,3532.35
2025-11-11,Short Term Debt Fund,INF22165201,1524.9857,4341.27
2025-11-21,Liquid Ultra Fund,INF25898202,288.2961,1287.99
2025-11-05,Short Term Debt Fund,INF30812303,1858.6873,707.52
2025-10-28,Dynamic Asset Allocator,INF83507604,1475.3948,3897.07
2025-11-17,Balanced Advantage Fund,INF92444105,1725.6542,3057.03
2025-11-22,Liquid Ultra Fund,INF31194706,1062.3773,3805.9
2025-11-22,Liquid Ultra Fund,INF17382707,463.7218,4071.87
2025-11-15,Dynamic Asset Allocator,INF70235608,1372.0774,2590.66
2025-11-13,Balanced Advantage Fund,INF69483109,1672.4903,386.85
2025-11-25,Overnight Fund,INF94877800,1196.8725,1236.65
2025-11-18,Arbitrage Edge Fund,INF46032201,1051.5217,2416.69
2025-11-18,Arbitrage Edge Fund,INF59713002,1683.1438,716.65
2025-11-07,Balanced Advantage Fund,INF23388103,1305.7201,3358.3
2025-11-23,Liquid Ultra Fund,INF38983304,1777.7991,4970.54
2025-11-16,Overnight Fund,INF26020605,1367.0182,111.78
2025-11-11,Liquid Ultra Fund,INF64546306,1355.3094,3676.88
2025-11-01,Alpha Equity Fund - Regular,INF15971207,414.3125,4012.7
2025-11-01,Balanced Advantage Fund,INF54341308,1355.7166,3052.2
2025-11-24,Short Term Debt Fund,INF61473309,1657.3614,2285.26
2025-11-10,Overnight Fund,INF77832600,736.1339,3447.69
2025-10-27,Liquid Ultra Fund,INF32633701,1284.1808,528.54
2025-11-15,Overnight Fund,INF52603402,1789.0073,2654.91
2025-11-13,Short Term Debt Fund,INF38757003,1751.8052,3950.42
2025-11-08,Arbitrage Edge Fund,INF68246204,623.4606,1893.42
2025-11-04,Liquid Ultra Fund,INF31769905,1092.495,2687.82
2025-10-24,Dynamic Asset Allocator,INF86272006,958.7469,2672.64
2025-11-16,Overnight Fund,INF18795207,778.1468,2665.22
2025-11-25,Short Term Debt Fund,INF69097708,234.7598,1689.37
2025-11-25,Short Term Debt Fund,INF23356509,1150.2183,1342.65
2025-11-24,Overnight Fund,INF40913100,1384.5824,4919.31
2025-10-27,Short Term Debt Fund,INF33786101,802.3086,3653.73
2025-11-21,Alpha Equity Fund - Regular,INF36748102,1856.3041,1208.29
2025-10-23,Dynamic Asset Allocator,INF72888703,65.9711,1386.65
2025-11-04,Overnight Fund,INF33182404,1204.3331,2398.86
2025-11-11,Short Term Debt Fund,INF15880705,1412.0019,1835.1
2025-11-22,Overnight Fund,INF41922406,648.3834,3848.03
2025-11-04,Liquid Ultra Fund,INF96363107,659.0235,4911.33
2025-11-25,Alpha Equity Fund - Regular,INF88981608,1269.7729,3657.11
2025-11-25,Short Term Debt Fund,INF72882609,1031.1132,2354.49
2025-11-22,Balanced Advantage Fund,INF96209200,1492.6317,2764.4
2025-11-09,Liquid Ultra Fund,INF69237101,778.1017,3786.04
2025-11-15,Dynamic Asset Allocator,INF57650902,428.9002,292.31
2025-10-28,Alpha Equity Fund - Regular,INF59378803,1719.5724,1373.64
2025-11-19,Balanced Advantage Fund,INF36133104,109.8982,3901.1
2025-10-22,Dynamic Asset Allocator,INF82598005,1666.0926,1416.46
2025-10-25,Arbitrage Edge Fund,INF68848006,165.3429,3185.59
2025-11-07,Short Term Debt Fund,INF99339007,1954.4741,2417.19
2025-11-01,Dynamic Asset Allocator,INF79721908,621.2873,531.68
2025-11-06,Arbitrage Edge Fund,INF96997909,591.0478,4555.19
2025-11-22,Dynamic Asset Allocator,INF78376000,1551.7756,532.58
2025-11-17,Arbitrage Edge Fund,INF54451301,1538.0141,2547.63
2025-11-15,Short Term Debt Fund,INF58149902,69.0402,3707.67
2025-11-09,Overnight Fund,INF84806503,1483.4803,3307.07
2025-10-28,Dynamic Asset Allocator,INF24174304,81.3194,1369.84
2025-11-05,Alpha Equity Fund - Regular,INF23638605,1584.7598,1442.37
2025-11-20,Arbitrage Edge Fund,INF40021806,407.6243,4614.79
2025-10-27,Overnight Fund,INF92403107,25730.7088,1531.37
2025-11-20,Balanced Advantage Fund,INF42454508,1854.5368,1538.37
2025-10-29,Overnight Fund,INF51435909,964.7742,4634.13
2025-11-24,Dynamic Asset Allocator,INF71425500,866.2917,4530.19
2025-11-17,Liquid Ultra Fund,INF26986101,210.9371,867.79
2025-11-26,Overnight Fund,INF32342502,1023.9857,1612.64
2025-11-05,Arbitrage Edge Fund,INF23031903,289.6222,3546.37
2025-11-18,Overnight Fund,INF91323404,21.5213,53.47
2025-11-14,Dynamic Asset Allocator,INF84310105,860.0719,4844.63
2025-10-27,Dynamic Asset Allocator,INF49454006,927.9172,3144.54
2025-11-12,Overnight Fund,INF71143307,201.1764,2201.66
2025-10-29,Alpha Equity Fund - Regular,INF93107208,1887.212,1733.47
2025-11-12,Overnight Fund,INF46321509,141.856,406.75
2025-10-23,Liquid Ultra Fund,INF79036900,263.6675,1287.62
2025-11-24,Overnight Fund,INF82381301,958.2039,1461.73
2025-10-28,Alpha Equity Fund - Regular,INF26225402,344.6786,2314.48
2025-11-13,Liquid Ultra Fund,INF85181803,313.5682,1567.99
2025-11-25,Liquid Ultra Fund,INF51047004,1346.5525,1896.02
2025-11-15,Overnight Fund,INF74591305,1175.547,2384.76
2025-11-19,Overnight Fund,INF73442506,1146.1496,2667.45
2025-11-08,Liquid Ultra Fund,INF33718107,1876.7374,1966.26
2025-10-23,Dynamic Asset Allocator,INF93964508,1553.3328,647.0
2025-11-09,Liquid Ultra Fund,INF72423009,1655.3012,4172.08
2025-10-23,Arbitrage Edge Fund,INF89245700,1023.5167,4483.82
2025-10-21,Arbitrage Edge Fund,INF79355501,1002.1702,3199.62
2025-11-06,Overnight Fund,INF36569602,1682.9344,4398.1
2025-11-14,Alpha Equity Fund - Regular,INF57711203,1663.732,2996.98
2025-10-29,Dynamic Asset Allocator,INF21637604,1043.5017,558.93
2025-11-17,Liquid Ultra Fund,INF92989205,946.4794,1923.09
2025-11-03,Dynamic Asset Allocator,INF43901606,499.8243,3301.43
2025-11-19,Dynamic Asset Allocator,INF14738807,329.6099,4036.51
2025-11-01,Short Term Debt Fund,INF80276308,996.4564,3580.94
2025-11-03,Short Term Debt Fund,INF36910109,85.3416,4304.55
2025-11-13,Arbitrage Edge Fund,INF94888400,1427.461,52.3
2025-10-28,Short Term Debt Fund,INF42937501,1892.2989,2118.44
2025-10-24,Balanced Advantage Fund,INF95123002,888.1378,183.53
2025-11-11,Dynamic Asset Allocator,INF40057603,266.2883,1854.93
2025-11-05,Short Term Debt Fund,INF62673404,547.4128,4425.23
2025-11-03,Arbitrage Edge Fund,INF22151205,1641.317,300.36
2025-11-25,Arbitrage Edge Fund,INF12445006,873.8562,1627.41
2025-10-27,Dynamic Asset Allocator,INF26005007,1201.7912,1990.39
2025-11-07,Balanced Advantage Fund,INF21022408,168.1135,4243.76
2025-10-28,Alpha Equity Fund - Regular,INF71329209,162.1644,4310.04
2025-10-21,Arbitrage Edge Fund,INF61965400,206.5034,2573.42
2025-10-30,Dynamic Asset Allocator,INF64479701,1257.7971,1038.45
2025-10-27,Overnight Fund,INF24667002,639.9626,3581.61
2025-11-14,Balanced Advantage Fund,INF33770703,739.3906,2166.68
2025-11-04,Arbitrage Edge Fund,INF37606504,958.8037,4342.77
2025-10-22,Balanced Advantage Fund,INF15226205,1680.4614,2511.71
2025-11-08,Balanced Advantage Fund,INF15354206,402.459,3702.4
2025-11-02,Liquid Ultra Fund,INF23233807,1490.4132,4466.81
2025-11-09,Alpha Equity Fund - Regular,INF22005508,1925.0251,1440.74
2025-11-16,Short Term Debt Fund,INF83349109,867.7842,227.65
2025-11-26,Arbitrage Edge Fund,INF63079000,947.0204,750.74
2025-11-23,Dynamic Asset Allocator,INF88306101,517.3764,4778.6
2025-11-05,Arbitrage Edge Fund,INF84275702,53.3156,3406.14
2025-10-21,Liquid Ultra Fund,INF56837903,125.035,4244.22
2025-10-31,Liquid Ultra Fund,INF86795704,399.2297,1420.21
2025-11-13,Overnight Fund,INF41778205,1933.9612,4381.89
2025-10-31,Arbitrage Edge Fund,INF76695806,1671.0556,4426.29
2025-11-25,Alpha Equity Fund - Regular,INF64339107,563.6987,1284.35
2025-11-08,Liquid Ultra Fund,INF34606008,919.4953,643.24
2025-11-21,Balanced Advantage Fund,INF75869409,1069.2871,4049.39
2025-10-28,Arbitrage Edge Fund,INF11080100,525.8348,503.06
2025-10-25,Arbitrage Edge Fund,INF23348501,1148.8128,3140.67
2025-11-25,Liquid Ultra Fund,INF46114202,509.6527,2469.79
2025-11-09,Balanced Advantage Fund,INF23274403,1204.6084,1261.39
2025-10-23,Liquid Ultra Fund,INF14433204,1245.0673,218.69
2025-10-27,Short Term Debt Fund,INF19440305,306.8873,4389.24
2025-11-19,Arbitrage Edge Fund,INF22395506,1074.5152,2687.9
2025-10-21,Dynamic Asset Allocator,INF68078207,1887.0471,3422.32
2025-11-10,Short Term Debt Fund,INF82542008,276.2481,4555.12
2025-10-26,Overnight Fund,INF71387909,973.9708,3396.66
2025-10-28,Overnight Fund,INF87809500,1687.1521,1675.29
2025-11-01,Balanced Advantage Fund,INF37228201,1779.3636,3415.92
2025-11-24,Balanced Advantage Fund,INF70745102,870.814,397.71
2025-11-19,Alpha Equity Fund - Regular,INF51215003,1743.4806,1213.87
2025-11-23,Liquid Ultra Fund,INF92327104,510.4748,3093.7
2025-10-28,Short Term Debt Fund,INF15755705,1970.8449,895.28
2025-11-18,Short Term Debt Fund,INF77612506,327.8261,811.11
2025-11-20,Dynamic Asset Allocator,INF42301407,11.0471,4864.93
2025-11-05,Dynamic Asset Allocator,INF84857308,1093.1415,4312.41
2025-11-09,Arbitrage Edge Fund,INF28851709,19.5729,4815.52
2025-11-08,Alpha Equity Fund - Regular,INF70979300,20616.1193,513.32
2025-11-22,Overnight Fund,INF34558601,1174.2768,4535.45
2025-10-29,Arbitrage Edge Fund,INF84150702,981.2353,566.84
2025-11-24,Dynamic Asset Allocator,INF69390103,1313.8054,4222.81
2025-11-16,Liquid Ultra Fund,INF66401604,136.8459,3170.9
2025-11-26,Overnight Fund,INF52579205,1624.4848,293.79
2025-10-31,Short Term Debt Fund,INF80584406,714.03,1165.0
2025-11-11,Alpha Equity Fund - Regular,INF27483207,1442.2316,3968.27
2025-10-30,Overnight Fund,INF97795408,1943.8164,3807.27
2025-11-23,Short Term Debt Fund,INF27122409,476.4976,740.13
2025-11-09,Liquid Ultra Fund,INF60197600,386.808,1711.22
2025-11-16,Dynamic Asset Allocator,INF42252301,74.6341,672.47
2025-11-26,Dynamic Asset Allocator,INF76379802,658.5048,4608.62
2025-11-07,Arbitrage Edge Fund,INF11352703,697.8622,2595.02
2025-10-21,Overnight Fund,INF90596104,642.1761,1100.34
2025-11-14,Short Term Debt Fund,INF83127105,167.7909,4490.34
2025-11-15,Dynamic Asset Allocator,INF48077506,904.2641,4336.06
2025-11-10,Short Term Debt Fund,INF26381407,1942.8303,684.29
2025-10-31,Liquid Ultra Fund,INF45417208,972.4015,3110.28
2025-11-25,Overnight Fund,INF43479209,24.4447,128.74
2025-10-29,Dynamic Asset Allocator,INF51729000,1676.1808,1185.62
2025-10-26,Overnight Fund,INF40759901,540.9087,2018.86
2025-11-01,Dynamic Asset Allocator,INF38363602,428.4736,3616.46
2025-10-22,Arbitrage Edge Fund,INF38062303,1187.2902,619.05
2025-10-25,Short Term Debt Fund,INF20589904,843.204,3450.12
2025-11-08,Overnight Fund,INF66196605,1553.6324,2312.06
2025-11-04,Liquid Ultra Fund,INF97397906,1236.656,594.9
2025-11-18,Balanced Advantage Fund,INF14740407,859.1838,4513.19
2025-11-25,Short Term Debt Fund,INF39441008,32445.2367,622.05
2025-10-23,Dynamic Asset Allocator,INF84559009,1188.9307,3001.49
2025-11-09,Arbitrage Edge Fund,INF26214700,93.7197,4765.16
2025-10-21,Dynamic Asset Allocator,INF37224001,552.9996,1409.13
2025-11-23,Overnight Fund,INF72625002,1571.709,4279.47
2025-11-17,Liquid Ultra Fund,INF51925503,1059.974,3893.84
2025-11-14,Balanced Advantage Fund,INF82997404,1050.0588,4262.05
2025-10-24,Arbitrage Edge Fund,INF98232305,1929.8091,4611.78
2025-11-19,Alpha Equity Fund - Regular,INF58893806,1347.2233,1143.39
2025-11-12,Overnight Fund,INF73448007,474.3042,1854.66
2025-11-16,Liquid Ultra Fund,INF67594208,1773.7445,3665.15
2025-10-26,Overnight Fund,INF43340409,238.8325,1594.16
2025-10-29,Liquid Ultra Fund,INF32142300,685.6981,1744.38
2025-11-25,Overnight Fund,INF98946201,1279.1665,2355.96
2025-11-10,Overnight Fund,INF69924902,1937.5021,661.04
2025-11-19,Short Term Debt Fund,INF44035503,1590.8239,4548.31
2025-10-23,Liquid Ultra Fund,INF33151904,1755.2124,988.57
2025-11-11,Short Term Debt Fund,INF65905805,290.5937,3492.46
2025-11-23,Alpha Equity Fund - Regular,INF75431706,1858.4997,4115.47
2025-11-19,Arbitrage Edge Fund,INF45529407,1626.1772,2318.52
2025-11-21,Short Term Debt Fund,INF49433708,1536.9666,484.61
2025-10-21,Alpha Equity Fund - Regular,INF76435809,10.5352,2712.25
2025-11-11,Balanced Advantage Fund,INF85330200,191.3475,1879.88
2025-11-14,Arbitrage Edge Fund,INF87579201,896.3511,182.74
2025-11-20,Overnight Fund,INF22700002,1888.938,426.19
2025-11-19,Arbitrage Edge Fund,INF18698903,1528.9199,2348.44
2025-10-27,Short Term Debt Fund,INF13536904,118.0017,1469.49
2025-11-21,Alpha Equity Fund - Regular,INF90233905,1647.8135,1103.34
2025-11-02,Liquid Ultra Fund,INF89069306,1854.6133,1869.8
2025-11-25,Balanced Advantage Fund,INF18547607,1253.8355,2474.79
2025-11-21,Overnight Fund,INF84918308,1417.2651,1393.13
2025-11-13,Overnight Fund,INF82864709,605.0629,1033.35
2025-11-23,Alpha Equity Fund - Regular,INF15399300,1581.1031,254.79
2025-10-26,Liquid Ultra Fund,INF20728201,1330.8158,4711.21
2025-11-16,Balanced Advantage Fund,INF50648602,1298.6376,869.14
2025-11-23,Liquid Ultra Fund,INF88750803,789.5773,3852.02
2025-11-03,Arbitrage Edge Fund,INF43585304,1752.296,2751.78
2025-10-30,Arbitrage Edge Fund,INF30327405,263.6689,3439.14
2025-11-22,Overnight Fund,INF19337006,1194.7257,3649.14
2025-10-31,Balanced Advantage Fund,INF55210507,1117.5044,3853.09
2025-11-05,Dynamic Asset Allocator,INF81281908,1724.3918,1933.63
2025-10-22,Liquid Ultra Fund,INF83642409,1749.6203,631.38
2025-10-23,Liquid Ultra Fund,INF83699200,470.2612,2365.01
2025-11-25,Dynamic Asset Allocator,INF83562401,1711.878,3615.57
2025-11-15,Liquid Ultra Fund,INF76470202,1918.0227,4157.3
2025-11-13,Short Term Debt Fund,INF26323503,316.6434,1394.73
2025-10-22,Short Term Debt Fund,INF97645504,1461.0006,2228.83
2025-11-24,Arbitrage Edge Fund,INF66163105,1099.9921,2094.81
2025-11-23,Dynamic Asset Allocator,INF17466706,1008.0019,836.95
2025-11-08,Dynamic Asset Allocator,INF40721907,514.2013,1548.5
2025-11-13,Dynamic Asset Allocator,INF34960208,1094.1251,2625.91
2025-10-31,Liquid Ultra Fund,INF35876809,1205.8813,1295.41
2025-11-02,Liquid Ultra Fund,INF83421600,1322.2327,2756.88
2025-11-26,Liquid Ultra Fund,INF94932901,1855.0271,3908.11
2025-11-17,Dynamic Asset Allocator,INF15559502,1024.4331,111.49
2025-10-28,Dynamic Asset Allocator,INF67114403,1788.0202,2056.27
2025-11-25,Overnight Fund,INF89356004,1741.6039,737.82
2025-11-18,Liquid Ultra Fund,INF27592005,947.0605,3031.75
2025-11-15,Balanced Advantage Fund,INF78801406,1423.7134,2736.9
2025-10-23,Balanced Advantage Fund,INF57593607,83.7928,4168.14
2025-11-20,Short Term Debt Fund,INF65684308,1324.4849,295.41
2025-11-09,Liquid Ultra Fund,INF59078109,1158.6331,1334.47
2025-11-10,Alpha Equity Fund - Regular,INF70112800,1478.4588,176.17
2025-10-21,Dynamic Asset Allocator,INF87647801,1447.4654,3977.56
2025-10-21,Dynamic Asset Allocator,INF59993402,1521.2477,4409.34
2025-11-20,Arbitrage Edge Fund,INF65258803,1400.0487,2082.54
2025-11-18,Balanced Advantage Fund,INF73114904,313.7988,2026.16
2025-11-18,Liquid Ultra Fund,INF38912905,1453.6883,2586.13
2025-11-20,Dynamic Asset Allocator,INF47313406,1754.6534,3509.7
2025-11-06,Overnight Fund,INF58575307,131.9014,3238.73
2025-11-17,Dynamic Asset Allocator,INF48618808,994.1152,4973.98
2025-11-19,Short Term Debt Fund,INF56048509,90.8148,4210.53
2025-11-25,Liquid Ultra Fund,INF16190300,1369.2858,4302.15
2025-10-26,Liquid Ultra Fund,INF84565701,511.1753,1130.31
2025-11-06,Balanced Advantage Fund,INF27297902,1198.7511,3285.84
2025-11-14,Alpha Equity Fund - Regular,INF85483703,605.2331,1660.17
2025-11-11,Short Term Debt Fund,INF72222104,1794.4029,3143.7
2025-10-24,Alpha Equity Fund - Regular,INF33492805,929.3207,4577.04
2025-10-24,Short Term Debt Fund,INF11819306,1026.3069,607.83
2025-11-22,Liquid Ultra Fund,INF41759407,1152.7289,3566.36
2025-11-05,Arbitrage Edge Fund,INF67677708,1929.7976,871.66
2025-10-21,Dynamic Asset Allocator,INF58038809,1875.944,4656.6
2025-11-19,Dynamic Asset Allocator,INF82392600,143.941,2528.21
2025-10-30,Liquid Ultra Fund,INF84283501,614.1957,2312.51
2025-11-25,Dynamic Asset Allocator,INF33118902,164.7383,4495.59
2025-10-23,Balanced Advantage Fund,INF22415703,674.8057,3887.43
2025-11-22,Arbitrage Edge Fund,INF78173004,350.5778,1070.67
2025-10-26,Balanced Advantage Fund,INF64786605,769.2495,3508.7
2025-11-09,Overnight Fund,INF71987306,1112.838,1124.38
2025-10-31,Balanced Advantage Fund,INF98101707,649.0625,1916.48
2025-11-24,Arbitrage Edge Fund,INF18494408,364.3207,3123.57
2025-10-25,Dynamic Asset Allocator,INF72698709,1821.721,3469.59
2025-11-12,Balanced Advantage Fund,INF51796200,1440.7303,314.38
2025-10-27,Short Term Debt Fund,INF52108501,420.9892,2622.31
2025-11-22,Alpha Equity Fund - Regular,INF36423102,1530.4949,3412.05
2025-11-19,Dynamic Asset Allocator,INF56443903,1612.3733,3870.67
2025-11-07,Arbitrage Edge Fund,INF35707404,495.5746,4072.52
2025-11-26,Dynamic Asset Allocator,INF51642805,1714.972,3224.68
2025-10-29,Short Term Debt Fund,INF17790206,1939.0599,2781.42
2025-10-31,Arbitrage Edge Fund,INF86874907,931.0708,3711.43
2025-11-14,Arbitrage Edge Fund,INF23991608,616.0117,4022.41
2025-11-26,Liquid Ultra Fund,INF17657009,121.7338,1968.82
2025-10-21,Liquid Ultra Fund,INF51081000,1370.4423,3006.9
2025-11-12,Short Term Debt Fund,INF52811101,1795.8459,1700.8
2025-10-22,Arbitrage Edge Fund,INF89625802,135.8804,3642.43
2025-11-17,Liquid Ultra Fund,INF93046103,1943.3885,4884.42
2025-10-21,Balanced Advantage Fund,INF40502904,284.5071,3627.29
2025-11-19,Short Term Debt Fund,INF11276005,1811.5109,96.01
2025-11-03,Dynamic Asset Allocator,INF50769606,622.3262,3657.07
2025-11-09,Balanced Advantage Fund,INF82295007,1451.1155,1899.2
2025-10-26,Dynamic Asset Allocator,INF61238808,26745.5259,2954.5
2025-11-22,Overnight Fund,INF50266209,755.3488,459.02
2025-11-09,Overnight Fund,INF80118900,914.1204,1451.04
2025-11-03,Liquid Ultra Fund,INF22713001,341.739,384.48
2025-11-21,Balanced Advantage Fund,INF81681502,392.7059,3451.92
2025-11-19,Short Term Debt Fund,INF52717203,1351.1793,151.86
2025-10-23,Short Term Debt Fund,INF91896504,550.7169,2363.0
2025-11-16,Short Term Debt Fund,INF83224605,1735.1612,2655.03
2025-11-21,Overnight Fund,INF61599506,1919.6347,2945.3
2025-11-09,Short Term Debt Fund,INF97823107,1188.4381,2660.06
2025-11-01,Alpha Equity Fund - Regular,INF57398208,1947.8793,3466.38
2025-10-21,Arbitrage Edge Fund,INF44168509,285.5977,1032.81
2025-11-04,Short Term Debt Fund,INF26147300,1625.8548,4657.56
2025-10-27,Short Term Debt Fund,INF54132301,11.327,2772.47
2025-11-18,Arbitrage Edge Fund,INF21035502,517.4222,788.43
2025-11-07,Dynamic Asset Allocator,INF69352903,808.4148,4365.83
2025-11-05,Dynamic Asset Allocator,INF51695604,1187.2784,3929.62
2025-11-17,Short Term Debt Fund,INF57887505,1726.8346,3990.4
2025-11-10,Dynamic Asset Allocator,INF10602806,444.0763,2344.2
2025-10-21,Short Term Debt Fund,INF76546307,132.9617,2239.05
2025-10-31,Alpha Equity Fund - Regular,INF98745208,609.035,3804.14
2025-11-23,Balanced Advantage Fund,INF11185109,906.4263,1614.69
2025-11-09,Arbitrage Edge Fund,INF20301900,1241.7849,3586.36
2025-11-24,Short Term Debt Fund,INF35577801,623.8082,1826.76
2025-11-02,Overnight Fund,INF23184902,1763.9168,320.97
2025-10-23,Dynamic Asset Allocator,INF51054103,1770.4726,2428.68
2025-11-22,Liquid Ultra Fund,INF90281304,1614.3197,1101.17
2025-11-18,Overnight Fund,INF85964205,649.5972,4446.37
2025-11-09,Short Term Debt Fund,INF91869306,1853.7638,930.62
2025-11-08,Liquid Ultra Fund,INF38836007,1225.6531,680.22
2025-10-25,Balanced Advantage Fund,INF10880408,1415.6009,1631.64
2025-10-25,Arbitrage Edge Fund,INF15444609,1066.2053,4475.77
2025-11-17,Alpha Equity Fund - Regular,INF97198000,1703.3261,2770.28
2025-11-15,Arbitrage Edge Fund,INF82702301,1734.1298,1526.7
2025-11-03,Arbitrage Edge Fund,INF41728802,81.8429,636.5
2025-11-25,Balanced Advantage Fund,INF41443003,1549.9293,478.84
2025-10-29,Alpha Equity Fund - Regular,INF84240704,1743.4561,2514.12
2025-11-07,Arbitrage Edge Fund,INF26920005,1580.7559,4945.88
2025-10-25,Arbitrage Edge Fund,INF98151106,28295.1447,4531.56
2025-11-25,Liquid Ultra Fund,INF48024107,786.4153,3032.93
2025-10-22,Alpha Equity Fund - Regular,INF72460108,567.3124,3514.66
2025-11-23,Arbitrage Edge Fund,INF81222809,1844.0106,4470.26
2025-11-25,Dynamic Asset Allocator,INF23958000,803.042,1114.11
2025-11-12,Short Term Debt Fund,INF98813701,716.3907,585.37
2025-11-23,Short Term Debt Fund,INF16389202,285.6702,3986.8
2025-11-07,Balanced Advantage Fund,INF62578603,723.272,4949.28
2025-11-21,Alpha Equity Fund - Regular,INF40454104,18.8469,2892.79
2025-11-02,Liquid Ultra Fund,INF12409505,1169.2893,1434.11
2025-10-26,Dynamic Asset Allocator,INF26555206,242.5261,4226.85
2025-11-22,Liquid Ultra Fund,INF26599207,215.6977,781.61
2025-10-27,Short Term Debt Fund,INF12417608,1859.3894,2437.48
2025-11-14,Balanced Advantage Fund,INF85450909,1346.5442,1992.05
2025-11-04,Arbitrage Edge Fund,INF67156700,1947.4133,398.92
2025-11-15,Alpha Equity Fund - Regular,INF89548001,404.6519,225.07
2025-11-10,Liquid Ultra Fund,INF17788502,1000.7177,3886.26
2025-11-11,Alpha Equity Fund - Regular,INF79341103,620.8875,781.0
2025-11-07,Alpha Equity Fund - Regular,INF30423304,1905.2318,1093.34
2025-11-12,Dynamic Asset Allocator,INF96423105,636.3195,3416.58
2025-11-18,Arbitrage Edge Fund,INF54660406,1877.2764,558.47
2025-11-01,Arbitrage Edge Fund,INF68407107,569.4636,409.98
2025-11-13,Liquid Ultra Fund,INF88803808,1007.6592,3036.49
2025-11-17,Liquid Ultra Fund,INF46480409,244.0884,2426.64
2025-10-30,Arbitrage Edge Fund,INF95976200,43093.6843,3254.3
2025-11-24,Liquid Ultra Fund,INF93277901,1773.6355,4698.28
2025-10-27,Dynamic Asset Allocator,INF40480902,583.2909,3709.12
2025-11-24,Short Term Debt Fund,INF54710103,758.2722,1132.33
2025-11-01,Dynamic Asset Allocator,INF25739904,1486.6717,2123.92
2025-11-26,Arbitrage Edge Fund,INF86861805,1478.634,3704.68
2025-11-18,Liquid Ultra Fund,INF75030706,1408.7831,2999.53
2025-11-26,Overnight Fund,INF11137807,572.3856,3484.25
2025-11-26,Short Term Debt Fund,INF43627008,1421.0422,3923.18
2025-11-14,Overnight Fund,INF72000009,226.1007,1713.82
2025-11-02,Balanced Advantage Fund,INF71052700,153.9367,3704.14
2025-11-01,Alpha Equity Fund - Regular,INF45134301,1375.7763,2755.87
2025-10-28,Dynamic Asset Allocator,INF98896702,186.8236,4923.32
2025-10-31,Short Term Debt Fund,INF77485403,1043.7943,2628.22
2025-11-18,Liquid Ultra Fund,INF92999204,150.2772,4564.0
2025-10-29,Alpha Equity Fund - Regular,INF99191105,900.1885,1947.93
2025-10-30,Balanced Advantage Fund,INF34884606,1281.0948,1431.04
2025-11-09,Short Term Debt Fund,INF39825707,1476.1267,3703.07
2025-11-14,Overnight Fund,INF95959208,1453.8776,62.36
2025-11-04,Alpha Equity Fund - Regular,INF32244609,1912.5882,2230.93
2025-11-03,Short Term Debt Fund,INF11796900,1325.652,2488.09
2025-11-23,Dynamic Asset Allocator,INF58812401,1670.1699,2812.57
2025-11-25,Liquid Ultra Fund,INF59956502,1748.0518,286.54
2025-11-19,Overnight Fund,INF48037103,61.36,3553.46
2025-11-23,Arbitrage Edge Fund,INF20651504,1979.2499,4592.03
2025-11-01,Short Term Debt Fund,INF20880405,1139.3266,1045.65
2025-11-01,Short Term Debt Fund,INF35309606,644.6063,433.96
2025-10-24,Balanced Advantage Fund,INF24594207,696.6124,990.53
2025-11-03,Alpha Equity Fund - Regular,INF39578408,860.3479,901.21
2025-10-29,Balanced Advantage Fund,INF89205309,1203.4393,4281.74
2025-10-22,Dynamic Asset Allocator,INF16216000,648.8616,422.04
2025-11-21,Arbitrage Edge Fund,INF39847201,155.4016,4084.18
2025-11-19,Short Term Debt Fund,INF43844302,259.6811,3034.74
2025-10-29,Overnight Fund,INF92501903,247.4724,223.48
2025-11-21,Alpha Equity Fund - Regular,INF85383504,31.7256,2480.73
2025-11-18,Liquid Ultra Fund,INF86559305,1893.3777,1850.41
2025-11-09,Dynamic Asset Allocator,INF89044206,709.5611,2177.36
2025-10-23,Overnight Fund,INF44271107,743.8886,1797.6
2025-11-01,Liquid Ultra Fund,INF27853008,983.1367,4640.64
2025-11-06,Arbitrage Edge Fund,INF29742609,1394.1471,286.64
2025-10-25,Liquid Ultra Fund,INF63484400,1147.0503,4224.23
2025-10-22,Dynamic Asset Allocator,INF17241001,26.5832,293.39
2025-10-27,Balanced Advantage Fund,INF68636202,1959.9982,2175.85
2025-10-23,Balanced Advantage Fund,INF11419903,1849.0075,1103.25
2025-11-17,Dynamic Asset Allocator,INF76718504,1593.2552,3811.53
2025-11-18,Arbitrage Edge Fund,INF48639505,1273.1536,3229.81
2025-10-24,Arbitrage Edge Fund,INF62982706,473.1166,3353.79
2025-11-20,Liquid Ultra Fund,INF71395207,1926.7698,2859.56
2025-11-10,Arbitrage Edge Fund,INF75041808,264.7803,3929.51
2025-11-17,Liquid Ultra Fund,INF58486509,328.2795,328.9
2025-11-20,Dynamic Asset Allocator,INF78748400,305.7974,1211.97
2025-11-11,Arbitrage Edge Fund,INF32689001,1439.5731,257.66
2025-11-08,Arbitrage Edge Fund,INF78404702,535.3184,4320.95
2025-11-14,Dynamic Asset Allocator,INF25773503,311.9156,1505.83
2025-11-01,Arbitrage Edge Fund,INF58315804,1914.9042,3634.73
2025-11-21,Alpha Equity Fund - Regular,INF84050405,255.0033,1020.51
2025-11-17,Arbitrage Edge Fund,INF95305106,1786.6038,2051.28
2025-11-20,Liquid Ultra Fund,INF82813607,1562.3454,431.35
2025-11-05,Alpha Equity Fund - Regular,INF95742308,1587.8158,1952.16
2025-11-12,Alpha Equity Fund - Regular,INF16994009,155.22,2581.26
2025-11-11,Balanced Advantage Fund,INF60855900,1351.7184,397.96
2025-11-04,Overnight Fund,INF99566901,1428.4415,4793.17
2025-11-18,Liquid Ultra Fund,INF21645302,611.1363,3787.65
2025-11-12,Balanced Advantage Fund,INF53865303,1118.3203,4903.0
2025-11-04,Arbitrage Edge Fund,INF41732904,1184.1221,1388.17
2025-11-13,Liquid Ultra Fund,INF43593105,375.5003,3462.25
2025-10-28,Arbitrage Edge Fund,INF20103306,1770.5206,407.59
2025-10-28,Arbitrage Edge Fund,INF87089907,813.6923,4635.55
2025-11-12,Dynamic Asset Allocator,INF48740108,717.7143,480.68
2025-10-26,Dynamic Asset Allocator,INF47240309,186.1716,1172.3
2025-11-03,Balanced Advantage Fund,INF27411800,280.7465,654.0
2025-11-16,Short Term Debt Fund,INF11110201,1008.8975,3956.39
2025-11-15,Balanced Advantage Fund,INF81772402,1687.6505,1722.71
2025-11-03,Liquid Ultra Fund,INF82597203,682.7929,773.46
2025-11-17,Liquid Ultra Fund,INF69961004,1773.5349,4082.82
2025-10-22,Short Term Debt Fund,INF24614105,1844.4212,4785.2
2025-11-09,Arbitrage Edge Fund,INF15288006,1616.2033,4739.81
2025-11-22,Alpha Equity Fund - Regular,INF89408507,997.5926,1651.86
2025-11-04,Balanced Advantage Fund,INF82138408,22.8577,988.22
2025-11-13,Overnight Fund,INF23716609,1614.9365,2757.35
2025-11-03,Alpha Equity Fund - Regular,INF87872300,1227.5648,4254.61
2025-11-13,Liquid Ultra Fund,INF82967601,1557.8638,1568.64
2025-11-21,Short Term Debt Fund,INF19675102,174.6528,1482.52
2025-11-20,Liquid Ultra Fund,INF77619703,1776.0642,4464.35
2025-11-02,Short Term Debt Fund,INF22473504,930.5177,1518.1
2025-11-10,Balanced Advantage Fund,INF12209305,859.9398,2940.57
2025-10-23,Alpha Equity Fund - Regular,INF20089906,1258.5833,4724.09
2025-11-07,Dynamic Asset Allocator,INF33046407,1204.6318,2747.63
2025-11-07,Overnight Fund,INF27207708,1708.6036,3775.07
2025-11-10,Arbitrage Edge Fund,INF12378809,649.5171,4959.95
2025-11-13,Short Term Debt Fund,INF90221300,603.1481,3646.32
2025-10-31,Arbitrage Edge Fund,INF29938001,1812.9352,2158.26
2025-10-29,Alpha Equity Fund - Regular,INF47395902,830.3283,879.07
2025-11-07,Liquid Ultra Fund,INF31031203,635.8216,3932.46
2025-11-07,Overnight Fund,INF55081304,1106.4562,4809.52
2025-11-04,Overnight Fund,INF40027205,1865.0658,4224.18
2025-10-31,Arbitrage Edge Fund,INF67224106,934.5614,4365.85
2025-10-23,Overnight Fund,INF41554007,1433.5128,1567.45
2025-11-22,Balanced Advantage Fund,INF15023708,1720.3583,472.49
2025-10-24,Balanced Advantage Fund,INF85470109,985.6516,2975.07
2025-11-23,Alpha Equity Fund - Regular,INF90842600,19.673,1278.65
2025-11-11,Liquid Ultra Fund,INF31689701,1955.5627,4810.93
2025-11-19,Balanced Advantage Fund,INF57754102,1114.461,4115.16
2025-11-08,Short Term Debt Fund,INF26396503,155.7995,4252.08
2025-11-05,Alpha Equity Fund - Regular,INF85480404,473.2035,4804.56
2025-11-04,Dynamic Asset Allocator,INF99564205,1437.1878,4424.27
2025-11-14,Balanced Advantage Fund,INF25340706,669.0886,4270.59
2025-11-08,Liquid Ultra Fund,INF19935907,106.1374,1024.87
2025-11-19,Alpha Equity Fund - Regular,INF23643308,1685.8246,1773.29
2025-11-10,Balanced Advantage Fund,INF66707409,350.1794,2087.7
2025-11-12,Arbitrage Edge Fund,INF34663700,935.3207,1062.42
2025-11-02,Overnight Fund,INF52367501,1498.4247,1166.18
2025-11-11,Balanced Advantage Fund,INF16289602,463.1138,4703.33
2025-11-25,Arbitrage Edge Fund,INF91528003,1019.6743,3867.32
2025-11-05,Overnight Fund,INF14021004,1912.3972,2379.52
2025-10-25,Overnight Fund,INF13094505,1619.4358,2229.15
2025-11-07,Short Term Debt Fund,INF69063206,385.8509,2048.11
2025-11-19,Short Term Debt Fund,INF71684207,444.2988,3522.19
2025-10-27,Arbitrage Edge Fund,INF27655808,352.3013,1005.34
2025-11-10,Alpha Equity Fund - Regular,INF72871009,1463.012,3756.51
2025-11-01,Balanced Advantage Fund,INF88106500,1592.0864,877.07
2025-11-04,Arbitrage Edge Fund,INF48137201,822.2738,1686.05
2025-10-26,Overnight Fund,INF17550602,1839.5939,915.84
2025-10-26,Arbitrage Edge Fund,INF11179203,1144.5626,4410.77
2025-11-21,Overnight Fund,INF87924804,80.8127,1000.67
2025-10-24,Alpha Equity Fund - Regular,INF53661105,1211.089,1225.16
2025-10-21,Alpha Equity Fund - Regular,INF55983406,800.1332,2840.8
2025-10-21,Dynamic Asset Allocator,INF72685507,1909.6654,3357.88
2025-11-07,Short Term Debt Fund,INF47095308,1025.8571,1180.12
2025-10-29,Balanced Advantage Fund,INF38715009,1217.5685,898.05
2025-11-19,Balanced Advantage Fund,INF66328100,1702.8944,3847.75
2025-11-13,Overnight Fund,INF90505701,1302.3715,4376.52
2025-10-23,Arbitrage Edge Fund,INF75601302,316.5704,2219.74
2025-11-01,Short Term Debt Fund,INF40630303,1503.4161,372.15
2025-10-23,Arbitrage Edge Fund,INF38123204,760.9297,3119.11
2025-11-19,Alpha Equity Fund - Regular,INF57618805,122.1948,4127.13
2025-11-01,Alpha Equity Fund - Regular,INF57633106,418.6476,3965.67
2025-11-23,Balanced Advantage Fund,INF57189907,867.605,1938.61
2025-11-08,Alpha Equity Fund - Regular,INF60860808,1072.6323,94.72
2025-10-25,Short Term Debt Fund,INF84926109,808.5335,3308.37
2025-11-02,Alpha Equity Fund - Regular,INF54245600,1158.6338,2659.95
2025-10-30,Liquid Ultra Fund,INF90981401,327.3535,2189.56
2025-11-21,Liquid Ultra Fund,INF57793502,1379.0233,3545.98
2025-11-20,Liquid Ultra Fund,INF72423303,964.2617,2043.54
2025-11-04,Short Term Debt Fund,INF27862504,1759.9081,1323.8
2025-10-27,Overnight Fund,INF26620205,787.6093,443.86
2025-10-22,Short Term Debt Fund,INF31469706,768.8272,3975.56
2025-10-24,Balanced Advantage Fund,INF32036907,726.3257,3484.88
2025-11-07,Dynamic Asset Allocator,INF51663008,46.3176,4547.35
2025-11-18,Arbitrage Edge Fund,INF59891409,1489.1522,4783.32
2025-10-23,Arbitrage Edge Fund,INF41198100,1121.6777,3039.32
2025-10-27,Balanced Advantage Fund,INF74916001,788.477,3192.43
2025-11-07,Overnight Fund,INF17935602,1622.7437,3110.35
2025-10-24,Arbitrage Edge Fund,INF16017103,740.7579,3656.02
2025-11-13,Liquid Ultra Fund,INF35922604,393.0438,1764.38
2025-11-06,Balanced Advantage Fund,INF28816005,1414.6782,1873.33
2025-11-19,Alpha Equity Fund - Regular,INF46962706,1456.5803,3374.42
2025-10-28,Dynamic Asset Allocator,INF73167707,1417.7472,3419.92
2025-11-06,Balanced Advantage Fund,INF30308308,1119.1247,1108.85
2025-11-16,Liquid Ultra Fund,INF49181909,1330.6793,4930.87
2025-11-02,Arbitrage Edge Fund,INF35031600,26.5266,4782.8
2025-11-05,Arbitrage Edge Fund,INF11023301,795.6952,4690.82
2025-11-20,Alpha Equity Fund - Regular,INF54743402,1424.9574,2254.06
2025-11-13,Balanced Advantage Fund,INF17204703,1312.3272,2355.0
2025-10-24,Short Term Debt Fund,INF84027104,241.7666,1945.67
2025-11-03,Liquid Ultra Fund,INF47202905,1774.2861,2161.31
2025-11-02,Overnight Fund,INF53105206,760.1058,1111.04
2025-11-19,Balanced Advantage Fund,INF71752007,938.3468,4687.44
2025-11-18,Alpha Equity Fund - Regular,INF28333308,1966.8047,1265.21
2025-11-03,Alpha Equity Fund - Regular,INF84075509,261.8901,4571.5
2025-10-31,Liquid Ultra Fund,INF40486200,1665.2493,2166.9
2025-10-31,Arbitrage Edge Fund,INF63778901,1485.806,3121.8
2025-11-26,Dynamic Asset Allocator,INF45298602,77.0513,705.09
2025-11-11,Liquid Ultra Fund,INF65675503,446.2386,2399.77
2025-11-02,Alpha Equity Fund - Regular,INF75236204,840.3473,1542.14
2025-11-06,Alpha Equity Fund - Regular,INF25887905,614.5967,3488.69
2025-10-26,Liquid Ultra Fund,INF84522506,1800.9385,935.31
2025-11-16,Alpha Equity Fund - Regular,INF15857107,1021.0828,3407.39
2025-11-12,Short Term Debt Fund,INF36970808,51479.5825,4889.09
2025-11-08,Balanced Advantage Fund,INF51707509,1760.4275,299.28
2025-10-28,Arbitrage Edge Fund,INF53192300,429.9776,955.14
2025-11-12,Balanced Advantage Fund,INF56722001,1767.4359,4943.95
2025-11-07,Liquid Ultra Fund,INF39207702,1122.0682,3079.38
2025-10-27,Dynamic Asset Allocator,INF50866903,75.0441,2885.71
2025-10-26,Liquid Ultra Fund,INF16288804,1055.9206,1103.98
2025-11-14,Balanced Advantage Fund,INF59214205,1378.7688,3726.55
2025-11-24,Arbitrage Edge Fund,INF57153506,392.343,401.06
2025-11-03,Liquid Ultra Fund,INF45494107,400.7897,3122.37
2025-10-24,Liquid Ultra Fund,INF83099208,755.2512,1537.8
2025-11-01,Arbitrage Edge Fund,INF64195209,1729.452,1096.15
2025-10-26,Dynamic Asset Allocator,INF68586100,173.749,871.61
2025-11-02,Short Term Debt Fund,INF12094401,19.1518,258.43
2025-11-13,Balanced Advantage Fund,INF35315602,884.8612,4837.12
2025-10-24,Dynamic Asset Allocator,INF90400403,1882.9827,3787.86
2025-11-13,Overnight Fund,INF58479904,1160.2569,4946.59
2025-10-24,Alpha Equity Fund - Regular,INF93005905,1108.672,2718.69
2025-11-07,Liquid Ultra Fund,INF99089106,375.2412,4309.53
2025-11-26,Alpha Equity Fund - Regular,INF91961107,1039.2629,225.14
2025-11-06,Alpha Equity Fund - Regular,INF31109308,1034.104,4242.13
2025-11-09,Liquid Ultra Fund,INF13380509,1450.7859,3147.05
2025-10-21,Overnight Fund,INF44028100,700.2767,4288.65
2025-10-26,Dynamic Asset Allocator,INF52975001,1053.053,1108.47
2025-11-25,Alpha Equity Fund - Regular,INF83143902,154.0175,2703.8
2025-11-08,Overnight Fund,INF78536503,1833.6785,1782.08
2025-11-21,Short Term Debt Fund,INF50737604,1762.0545,2264.51
2025-11-09,Dynamic Asset Allocator,INF90163805,13.1544,1179.71
2025-11-02,Overnight Fund,INF92607906,1832.3247,852.09
2025-10-23,Alpha Equity Fund - Regular,INF12538707,370.1889,1995.49
2025-11-07,Balanced Advantage Fund,INF15888408,1082.4136,3900.62
2025-11-09,Alpha Equity Fund - Regular,INF60919309,87.5878,2834.65
2025-10-22,Balanced Advantage Fund,INF82825900,1485.7316,4181.68
2025-11-21,Liquid Ultra Fund,INF62532301,1472.7372,2332.78
2025-11-19,Liquid Ultra Fund,INF41555402,1336.9978,4622.33
2025-11-18,Balanced Advantage Fund,INF48262303,827.7005,1398.87
2025-10-21,Short Term Debt Fund,INF37546204,1301.0886,4364.1
2025-10-24,Dynamic Asset Allocator,INF74690605,1054.384,1570.44
2025-11-24,Overnight Fund,INF83419006,757.7459,1874.52
2025-11-14,Overnight Fund,INF94356107,433.6854,3451.08
2025-11-24,Arbitrage Edge Fund,INF12443708,950.5893,3235.51
2025-11-12,Overnight Fund,INF59959109,1761.6295,2997.4
2025-10-27,Alpha Equity Fund - Regular,INF62560700,956.5065,4809.7
2025-11-08,Overnight Fund,INF60588701,425.2587,1003.67
2025-11-25,Dynamic Asset Allocator,INF79804502,988.7824,979.75
2025-11-02,Overnight Fund,INF30973503,1384.57,3791.15
2025-11-17,Alpha Equity Fund - Regular,INF26272704,1597.7032,1388.38
2025-11-16,Alpha Equity Fund - Regular,INF60959205,1691.1947,3024.47
2025-11-18,Dynamic Asset Allocator,INF45569106,175.3344,1500.91
2025-11-16,Overnight Fund,INF55596907,154.8175,1666.3
2025-11-16,Liquid Ultra Fund,INF82946708,521.0349,2265.66
2025-10-30,Arbitrage Edge Fund,INF32966609,1637.2462,674.06
2025-10-27,Liquid Ultra Fund,INF75689400,527.399,137.74
2025-11-22,Liquid Ultra Fund,INF22267001,1637.3226,4912.49
2025-10-28,Arbitrage Edge Fund,INF52492402,1082.0482,2020.35
2025-11-03,Arbitrage Edge Fund,INF61124903,1265.0257,3802.64
2025-11-15,Alpha Equity Fund - Regular,INF80062904,269.0488,2445.83
2025-11-19,Short Term Debt Fund,INF52820705,1147.7718,4003.94
2025-11-24,Overnight Fund,INF27340706,1441.3034,3724.76
2025-11-18,Overnight Fund,INF52657007,1067.6645,815.66
2025-11-10,Alpha Equity Fund - Regular,INF45351708,1934.7756,686.24
2025-11-01,Overnight Fund,INF38900409,1508.1619,4053.22
2025-11-22,Balanced Advantage Fund,INF57017400,1590.4669,422.84
2025-10-24,Dynamic Asset Allocator,INF70401701,973.3346,2694.36
2025-11-09,Dynamic Asset Allocator,INF28529902,152.6087,123.77
2025-10-27,Balanced Advantage Fund,INF74967603,348.3725,3403.96
2025-11-20,Dynamic Asset Allocator,INF25268004,1524.274,4716.0
2025-10-24,Alpha Equity Fund - Regular,INF13764005,1297.1968,4088.57
2025-11-11,Balanced Advantage Fund,INF97438006,1880.9273,67.15
2025-11-20,Short Term Debt Fund,INF13879907,1863.993,1688.26
2025-11-01,Alpha Equity Fund - Regular,INF36513908,183.8127,4466.19
2025-11-04,Alpha Equity Fund - Regular,INF11647609,410.1747,3646.83
2025-11-19,Alpha Equity Fund - Regular,INF98625600,257.2569,467.02
2025-11-26,Alpha Equity Fund - Regular,INF98003601,150.0446,4308.01
2025-10-31,Arbitrage Edge Fund,INF74311102,825.8646,1510.18
2025-11-19,Short Term Debt Fund,INF67169003,449.1192,2749.34
2025-11-22,Dynamic Asset Allocator,INF90099404,739.3145,2926.19
2025-11-16,Arbitrage Edge Fund,INF90818105,1119.1596,4782.43
2025-10-25,Overnight Fund,INF73490106,1875.4838,4463.33
2025-11-06,Overnight Fund,INF34920807,1694.2566,1480.46
2025-11-09,Alpha Equity Fund - Regular,INF97073508,1989.9756,4833.03
2025-11-13,Liquid Ultra Fund,INF87683609,1498.7376,1190.8
2025-11-14,Balanced Advantage Fund,INF33712500,144.6649,4284.13
2025-10-28,Short Term Debt Fund,INF62838501,1130.4707,2784.97
2025-10-24,Liquid Ultra Fund,INF15468402,930.0696,1907.14
2025-10-22,Alpha Equity Fund - Regular,INF62500303,1559.9455,4286.34
2025-11-08,Liquid Ultra Fund,INF77453004,795.5345,1636.52
2025-11-13,Arbitrage Edge Fund,INF23868905,1549.3112,1735.89
2025-10-31,Overnight Fund,INF99003106,1133.1764,2248.8
2025-10-30,Dynamic Asset Allocator,INF10424607,506.9889,2703.77
2025-11-14,Overnight Fund,INF56657608,462.9414,4158.43
2025-11-14,Arbitrage Edge Fund,INF97650909,1745.2691,850.22
2025-11-23,Short Term Debt Fund,INF54868400,536.1168,401.3
2025-11-23,Short Term Debt Fund,INF41284701,374.0668,128.19
2025-11-07,Overnight Fund,INF93727802,475.8878,3147.02
2025-11-24,Liquid Ultra Fund,INF29149003,483.1371,4103.47
2025-10-30,Alpha Equity Fund - Regular,INF29848904,593.1691,1883.67
2025-11-25,Alpha Equity Fund - Regular,INF69069105,1219.6232,1947.75
2025-11-03,Liquid Ultra Fund,INF44182806,1190.0164,2881.81
2025-11-16,Dynamic Asset Allocator,INF13024207,1472.5914,2188.02
2025-10-31,Balanced Advantage Fund,INF69394108,468.1353,410.09
2025-11-23,Balanced Advantage Fund,INF26874409,160.9838,1312.36
2025-11-06,Overnight Fund,INF52943900,1775.3404,2664.94
2025-11-16,Alpha Equity Fund - Regular,INF93749201,691.9291,4324.95
2025-11-14,Liquid Ultra Fund,INF68828302,979.3359,1950.54
2025-11-07,Liquid Ultra Fund,INF63796803,1176.1669,1733.41
2025-11-17,Short Term Debt Fund,INF15191904,240.3363,4624.64
2025-11-17,Short Term Debt Fund,INF76809805,1770.9007,2870.59
2025-10-25,Balanced Advantage Fund,INF74006506,999.1418,1763.28
2025-11-10,Overnight Fund,INF40792607,1385.8265,103.75
2025-10-27,Alpha Equity Fund - Regular,INF42975208,437.7593,4623.35
2025-11-16,Dynamic Asset Allocator,INF18240409,1902.8831,96.42
2025-11-11,Dynamic Asset Allocator,INF71211000,481.3375,417.96
2025-11-02,Liquid Ultra Fund,INF91365201,142.6732,3504.26
2025-11-26,Liquid Ultra Fund,INF24672102,1783.1719,93.34
2025-10-25,Dynamic Asset Allocator,INF47706603,1687.3428,3957.45
2025-10-29,Arbitrage Edge Fund,INF51154404,1422.7886,2048.55
2025-11-21,Overnight Fund,INF98888305,806.7913,4765.26
2025-11-04,Alpha Equity Fund - Regular,INF87602906,1578.6925,500.88
2025-11-18,Short Term Debt Fund,INF82263807,207.0445,3364.42
2025-11-13,Overnight Fund,INF68683308,46.7726,3901.16
2025-10-22,Arbitrage Edge Fund,INF20511509,1018.0281,2345.54
2025-10-22,Short Term Debt Fund,INF26892100,572.3329,1089.75
2025-11-13,Arbitrage Edge Fund,INF37524801,1386.9597,2188.98
2025-10-21,Balanced Advantage Fund,INF81092902,541.1275,1391.18
2025-11-25,Balanced Advantage Fund,INF36598103,449.0427,3099.92
2025-11-08,Short Term Debt Fund,INF16359404,861.196,1719.08
2025-11-20,Balanced Advantage Fund,INF27373405,164.4085,2769.11
2025-11-04,Arbitrage Edge Fund,INF64820706,616.8118,2235.99
2025-11-12,Overnight Fund,INF22989107,1924.0455,4745.22
2025-11-18,Balanced Advantage Fund,INF77231308,492.0369,2295.99
2025-11-03,Balanced Advantage Fund,INF41697009,223.6456,1076.06
2025-10-26,Overnight Fund,INF54761300,1221.9113,52.66
2025-11-10,Arbitrage Edge Fund,INF36635401,1396.8089,4675.99
2025-11-03,Short Term Debt Fund,INF40328502,1184.5918,2644.05
2025-11-24,Arbitrage Edge Fund,INF68522903,1903.0975,922.84
2025-11-02,Dynamic Asset Allocator,INF62972404,1188.1627,786.48
2025-10-21,Short Term Debt Fund,INF71920505,1502.4916,3278.8
2025-10-21,Arbitrage Edge Fund,INF56573506,1072.7543,235.8
2025-11-16,Dynamic Asset Allocator,INF75922507,877.014,2904.16
2025-11-18,Overnight Fund,INF99080708,1767.2806,1969.15
2025-11-03,Liquid Ultra Fund,INF77032309,102.9427,4188.96
2025-11-14,Liquid Ultra Fund,INF30691800,848.6536,1263.05
2025-11-15,Dynamic Asset Allocator,INF46076901,1683.1791,1831.93
2025-11-08,Liquid Ultra Fund,INF34926702,1350.1103,2491.33
2025-11-23,Arbitrage Edge Fund,INF83404703,996.5366,546.23
2025-11-24,Balanced Advantage Fund,INF79533204,24.1981,3406.51
2025-11-25,Overnight Fund,INF45294305,1525.8274,3875.27
2025-11-17,Short Term Debt Fund,INF77318306,934.6552,1361.83
2025-11-08,Short Term Debt Fund,INF54697907,1099.4036,2923.44
2025-11-04,Alpha Equity Fund - Regular,INF54926508,111.9561,929.61
2025-11-06,Alpha Equity Fund - Regular,INF27458109,861.7909,1591.58
2025-10-25,Alpha Equity Fund - Regular,INF97567000,1904.8857,4937.99
2025-10-24,Dynamic Asset Allocator,INF75747301,1757.4269,1528.9
2025-11-12,Alpha Equity Fund - Regular,INF81267102,95.3768,3391.46
2025-11-12,Dynamic Asset Allocator,INF89494303,407.1801,580.06
2025-11-11,Alpha Equity Fund - Regular,INF87250704,36.9288,2827.63
2025-11-17,Liquid Ultra Fund,INF74648905,1831.5937,2112.2
2025-10-21,Balanced Advantage Fund,INF44839906,136.4069,126.35
2025-11-01,Overnight Fund,INF61024407,445.8523,626.16
2025-11-22,Alpha Equity Fund - Regular,INF81179808,1523.1289,653.22
2025-10-22,Balanced Advantage Fund,INF68476409,218.0901,4107.24
2025-11-03,Dynamic Asset Allocator,INF91958400,879.7214,185.71
2025-10-22,Short Term Debt Fund,INF91974701,1241.9438,1896.86
2025-10-27,Balanced Advantage Fund,INF85878702,407.6135,1242.9
2025-10-30,Arbitrage Edge Fund,INF60085303,840.5234,4305.14
2025-10-24,Balanced Advantage Fund,INF58518404,634.7552,2017.18
2025-11-15,Arbitrage Edge Fund,INF62478305,1193.6345,3156.81
2025-11-20,Dynamic Asset Allocator,INF48661806,153.1575,3049.74
2025-11-17,Alpha Equity Fund - Regular,INF98074007,861.0891,1615.66
2025-11-01,Balanced Advantage Fund,INF60206108,1853.5121,2815.11
2025-11-24,Overnight Fund,INF17143309,874.5069,3128.25
2025-11-10,Balanced Advantage Fund,INF28815700,807.2045,4197.2
2025-11-20,Overnight Fund,INF61616501,217.1199,482.28
2025-11-05,Overnight Fund,INF60108002,149.004,4840.23
2025-10-28,Dynamic Asset Allocator,INF24601503,1744.148,3806.41
2025-11-01,Arbitrage Edge Fund,INF73899004,1819.7735,4254.25
2025-11-15,Liquid Ultra Fund,INF27961805,12.0433,2469.48
2025-11-04,Short Term Debt Fund,INF50131706,1914.9705,3584.56
2025-10-25,Short Term Debt Fund,INF10616907,630.4837,604.84
2025-10-28,Short Term Debt Fund,INF72335408,726.2408,3882.86
2025-10-29,Short Term Debt Fund,INF35180109,1850.5713,650.84
2025-11-16,Arbitrage Edge Fund,INF52972700,547.3957,3378.33
2025-11-05,Balanced Advantage Fund,INF52195201,1849.3951,4767.53
2025-11-18,Liquid Ultra Fund,INF34021502,1150.3195,1970.3
2025-11-03,Arbitrage Edge Fund,INF29681803,486.4781,4863.65
2025-11-14,Balanced Advantage Fund,INF92852704,1476.8225,2916.5
2025-11-13,Balanced Advantage Fund,INF90388205,506.4435,3998.71
2025-11-09,Dynamic Asset Allocator,INF33807906,314.5244,3068.96
2025-11-05,Alpha Equity Fund - Regular,INF91804607,1236.7637,4101.84
2025-10-21,Short Term Debt Fund,INF85918908,285.9351,1578.64
2025-11-17,Alpha Equity Fund - Regular,INF65247809,1558.8676,157.64
2025-11-20,Alpha Equity Fund - Regular,INF71884300,1404.9496,1725.06
2025-10-28,Overnight Fund,INF51143501,1533.6594,3648.87
2025-11-01,Dynamic Asset Allocator,INF40770302,57123.4849,407.55
2025-11-09,Short Term Debt Fund,INF56677603,159.4703,1810.23
2025-11-02,Alpha Equity Fund - Regular,INF38496604,1617.3585,2051.85
2025-11-17,Alpha Equity Fund - Regular,INF39460105,675.7345,3762.21
2025-11-24,Dynamic Asset Allocator,INF85658806,356.4718,1263.8
2025-10-30,Liquid Ultra Fund,INF34216407,1758.115,367.88
2025-11-07,Dynamic Asset Allocator,INF49849108,450.2601,297.4
2025-11-14,Alpha Equity Fund - Regular,INF97814009,451.3384,769.23
2025-11-25,Dynamic Asset Allocator,INF97668700,1985.029,2048.38
2025-11-08,Short Term Debt Fund,INF69782001,1716.4614,3764.74
2025-11-15,Balanced Advantage Fund,INF20522002,220.7503,4222.85
2025-10-30,Liquid Ultra Fund,INF57759303,1752.1725,227.77
2025-11-21,Overnight Fund,INF20038204,145.3133,2817.73
2025-11-01,Arbitrage Edge Fund,INF70773905,1740.6105,1678.86
2025-10-27,Alpha Equity Fund - Regular,INF25467906,1661.2899,2792.29
2025-11-14,Balanced Advantage Fund,INF16455507,364.2172,1604.53
2025-10-27,Alpha Equity Fund - Regular,INF10493008,1750.3586,2534.74
2025-10-28,Dynamic Asset Allocator,INF79348909,333.5654,1725.73
2025-11-01,Overnight Fund,INF16753500,828.0418,1455.57
2025-10-24,Overnight Fund,INF21235801,1089.7453,4045.51
2025-10-24,Liquid Ultra Fund,INF92442802,1301.3505,1215.82
2025-11-09,Liquid Ultra Fund,INF62268703,1208.7843,2511.82
2025-11-03,Arbitrage Edge Fund,INF77576204,1654.7386,4483.52
2025-11-23,Alpha Equity Fund - Regular,INF93959205,1343.0321,4051.69
2025-11-05,Short Term Debt Fund,INF23938206,447.7308,4320.06
2025-11-09,Short Term Debt Fund,INF60426907,399.3734,737.22
2025-11-21,Arbitrage Edge Fund,INF51356108,1718.5649,4602.73
2025-11-09,Balanced Advantage Fund,INF95286409,97.807,3971.62
2025-10-21,Dynamic Asset Allocator,INF86525400,889.9605,2014.36
2025-11-02,Dynamic Asset Allocator,INF30424901,1113.9283,3485.28
2025-11-20,Overnight Fund,INF73768402,871.1106,2749.48
2025-10-22,Dynamic Asset Allocator,INF33838203,1922.7254,1449.15
2025-11-01,Overnight Fund,INF81803804,922.4386,3126.2
2025-11-18,Dynamic Asset Allocator,INF75647905,74.8624,4366.08
2025-11-19,Arbitrage Edge Fund,INF85974106,1477.6022,4449.44
2025-11-20,Overnight Fund,INF92786907,1753.6525,3714.7
2025-10-23,Balanced Advantage Fund,INF99889808,1457.733,4461.33
2025-11-14,Dynamic Asset Allocator,INF21511309,126.1814,252.67
2025-11-13,Overnight Fund,INF68310300,598.8586,3318.62
2025-11-13,Dynamic Asset Allocator,INF89931701,435.4442,559.3
2025-10-27,Arbitrage Edge Fund,INF62006002,332.9447,4244.31
2025-11-23,Dynamic Asset Allocator,INF28297103,1787.2549,2867.85
2025-10-31,Balanced Advantage Fund,INF85322704,1446.1944,2523.1
2025-10-30,Arbitrage Edge Fund,INF57942105,1338.9646,4969.18
2025-10-24,Short Term Debt Fund,INF47598906,1485.935,3494.42
2025-11-05,Dynamic Asset Allocator,INF29770407,1108.5257,2855.73
2025-10-31,Overnight Fund,INF48728608,339.7223,3950.03
2025-11-17,Arbitrage Edge Fund,INF20126609,1261.5285,3260.84
2025-11-24,Short Term Debt Fund,INF35122400,440.8016,3090.61
2025-11-04,Balanced Advantage Fund,INF68940401,429.7235,560.37
2025-11-08,Dynamic Asset Allocator,INF75738702,716.5933,128.84
2025-11-20,Overnight Fund,INF63019603,918.1817,3540.77
2025-11-25,Alpha Equity Fund - Regular,INF56786004,1008.5405,861.28
2025-11-12,Arbitrage Edge Fund,INF54162905,1382.3944,1039.85
2025-10-23,Short Term Debt Fund,INF10078906,1844.2867,319.0
2025-11-20,Alpha Equity Fund - Regular,INF64792107,1893.5706,3222.08
2025-11-01,Liquid Ultra Fund,INF86229008,573.8661,1483.95
2025-11-12,Dynamic Asset Allocator,INF60905109,199.9102,1973.95
2025-10-30,Liquid Ultra Fund,INF98407900,624.4696,4492.62
2025-11-04,Balanced Advantage Fund,INF68660901,628.4869,2330.91
2025-10-21,Balanced Advantage Fund,INF32121902,347.6979,4417.59
2025-10-27,Liquid Ultra Fund,INF64909103,775.0854,1879.43
2025-10-31,Dynamic Asset Allocator,INF24276504,1416.1846,4771.38
2025-10-23,Short Term Debt Fund,INF31580605,98.5775,2634.14
2025-11-26,Alpha Equity Fund - Regular,INF93156606,1650.7696,4926.29
2025-11-17,Short Term Debt Fund,INF82482107,1399.3493,3997.18
2025-11-07,Dynamic Asset Allocator,INF16670108,552.8294,4390.26
2025-11-26,Short Term Debt Fund,INF12796409,49.1388,2184.08
2025-11-03,Arbitrage Edge Fund,INF82425200,245.2421,1129.66
2025-10-26,Alpha Equity Fund - Regular,INF97737601,245.3722,4370.19
2025-11-24,Arbitrage Edge Fund,INF92714802,670.3583,4950.43
2025-11-05,Alpha Equity Fund - Regular,INF66591503,988.422,4390.81
2025-11-03,Overnight Fund,INF95149904,958.5469,1452.15
2025-11-14,Alpha Equity Fund - Regular,INF71563105,555.2148,1434.38
2025-11-14,Short Term Debt Fund,INF19638606,491.5473,3383.36
2025-11-09,Overnight Fund,INF52132907,37963.4945,4549.46
2025-11-22,Short Term Debt Fund,INF30543208,1256.9619,3909.61
2025-10-26,Arbitrage Edge Fund,INF62075409,711.3858,4602.46
2025-11-12,Short Term Debt Fund,INF65102000,1635.2016,4513.5
2025-10-25,Overnight Fund,INF78518501,1058.0532,4608.14
2025-11-04,Liquid Ultra Fund,INF84355102,1933.2677,3989.14
2025-11-16,Dynamic Asset Allocator,INF91302103,1852.7749,3294.93
2025-10-22,Dynamic Asset Allocator,INF15270004,277.3822,2589.83
2025-10-25,Overnight Fund,INF68582505,1713.244,1234.3
2025-11-08,Liquid Ultra Fund,INF77959406,742.4088,4372.88
2025-11-09,Overnight Fund,INF91349307,1254.6232,1020.17
2025-10-29,Balanced Advantage Fund,INF32074508,1303.5978,2356.52
2025-10-26,Liquid Ultra Fund,INF97341309,1524.6685,589.26
2025-10-31,Arbitrage Edge Fund,INF85870900,796.198,1657.4
2025-10-24,Dynamic Asset Allocator,INF62944301,1911.7027,2597.66
2025-11-13,Balanced Advantage Fund,INF24959602,433.3017,3298.4
2025-11-22,Liquid Ultra Fund,INF36916603,803.3543,3538.85
2025-11-19,Short Term Debt Fund,INF19673004,915.4672,3233.51
2025-11-21,Short Term Debt Fund,INF69208605,983.4449,1891.95
2025-11-24,Overnight Fund,INF50249106,1791.0111,4375.54
2025-11-02,Arbitrage Edge Fund,INF66688107,1094.8746,2537.65
2025-11-23,Liquid Ultra Fund,INF29883008,1092.5098,3349.03
2025-11-09,Arbitrage Edge Fund,INF10131109,737.6784,4423.96
2025-11-02,Overnight Fund,INF49175400,58.9644,4819.59
2025-11-07,Alpha Equity Fund - Regular,INF29363101,1422.8807,1371.92
2025-11-01,Balanced Advantage Fund,INF16866402,151.8227,954.47
2025-11-22,Short Term Debt Fund,INF61924403,1910.7964,1499.34
2025-10-31,Liquid Ultra Fund,INF13368504,938.2673,59.51
2025-11-06,Overnight Fund,INF11289905,1686.8671,4073.64
2025-11-04,Short Term Debt Fund,INF36620306,704.7804,3898.89
2025-11-25,Alpha Equity Fund - Regular,INF28509507,537.9872,103.13
2025-10-25,Arbitrage Edge Fund,INF64455408,1665.469,2177.99
2025-10-22,Dynamic Asset Allocator,INF45085509,291.7419,2966.94
2025-10-30,Short Term Debt Fund,INF96726400,682.4165,1086.93
2025-11-06,Overnight Fund,INF37980101,1108.6887,4204.05
2025-11-25,Overnight Fund,INF18114202,1299.7281,392.64
2025-11-12,Short Term Debt Fund,INF23560203,1710.4823,1972.31
2025-10-31,Arbitrage Edge Fund,INF46734404,1621.0909,375.58
2025-11-08,Overnight Fund,INF66538205,1140.1518,1156.78
2025-11-02,Alpha Equity Fund - Regular,INF88849606,274.1558,2819.24
2025-11-22,Alpha Equity Fund - Regular,INF77031907,365.2574,4529.33
2025-11-26,Arbitrage Edge Fund,INF36050808,290.9754,4677.27
2025-11-18,Overnight Fund,INF84134909,231.8035,2611.45
2025-11-06,Liquid Ultra Fund,INF74695500,1237.0357,4495.08
2025-11-16,Alpha Equity Fund - Regular,INF42319801,1929.7408,508.35
2025-11-06,Overnight Fund,INF91278102,1765.7812,2756.89
2025-10-23,Dynamic Asset Allocator,INF51656703,997.8147,3775.07
2025-11-07,Arbitrage Edge Fund,INF86223204,1297.6712,657.27
2025-11-12,Short Term Debt Fund,INF35028005,1485.334,235.11
2025-10-26,Alpha Equity Fund - Regular,INF92706706,845.1893,558.98
2025-11-16,Alpha Equity Fund - Regular,INF24230707,1621.6441,2479.67
2025-10-21,Overnight Fund,INF67713208,255.9796,3635.24
2025-11-17,Arbitrage Edge Fund,INF48495109,1973.3753,2569.17
2025-11-03,Overnight Fund,INF29624600,1611.7296,2395.63
2025-11-23,Dynamic Asset Allocator,INF90004301,255.5779,112.54
2025-11-05,Liquid Ultra Fund,INF64502502,1753.1008,3518.06
2025-11-22,Short Term Debt Fund,INF16981403,915.5833,3437.17
2025-11-20,Arbitrage Edge Fund,INF58787704,171.3518,4006.49
2025-11-11,Liquid Ultra Fund,INF67495205,465.3655,4189.97
2025-10-31,Balanced Advantage Fund,INF78292506,1718.1028,3414.82
2025-10-26,Dynamic Asset Allocator,INF34891607,1538.072,2655.9
2025-11-14,Overnight Fund,INF75890208,1983.4334,1763.0
2025-11-26,Arbitrage Edge Fund,INF98153809,1851.9657,4331.96
2025-11-15,Balanced Advantage Fund,INF46250300,354.1836,3025.38
2025-11-21,Balanced Advantage Fund,INF24118701,175.14,4909.23
2025-11-02,Short Term Debt Fund,INF75776402,1814.7713,3509.04
2025-11-07,Balanced Advantage Fund,INF32663503,282.0433,4590.31
2025-11-20,Dynamic Asset Allocator,INF82539304,730.736,3659.34
2025-11-03,Overnight Fund,INF31122605,1101.5278,1830.18
2025-11-11,Balanced Advantage Fund,INF39327706,460.1549,158.08
2025-11-12,Arbitrage Edge Fund,INF74237607,537.9791,406.83
2025-10-30,Arbitrage Edge Fund,INF58687208,1566.4707,2795.18
2025-11-21,Overnight Fund,INF55786309,360.8378,2328.99
2025-11-20,Arbitrage Edge Fund,INF70820100,408.0724,764.93
2025-11-19,Alpha Equity Fund - Regular,INF51100301,394.2447,94.13
2025-10-29,Short Term Debt Fund,INF64649202,1129.8344,379.36
2025-11-20,Alpha Equity Fund - Regular,INF56380403,672.3099,271.92
2025-10-28,Liquid Ultra Fund,INF87517104,1364.9863,4748.97
2025-11-18,Dynamic Asset Allocator,INF46791805,458.6115,2267.12
2025-11-05,Alpha Equity Fund - Regular,INF67217706,1124.7072,3074.64
2025-11-12,Overnight Fund,INF89095007,1543.5383,1702.75
2025-11-13,Overnight Fund,INF46348008,1350.8053,4950.56
2025-11-22,Balanced Advantage Fund,INF42424909,353.1706,4898.26
2025-11-23,Liquid Ultra Fund,INF31611600,1841.4954,56.63
2025-11-13,Dynamic Asset Allocator,INF90858001,1084.2975,4276.88
2025-11-23,Arbitrage Edge Fund,INF82162602,880.9192,4013.5
2025-10-24,Balanced Advantage Fund,INF51113703,401.2134,2947.82
2025-11-13,Dynamic Asset Allocator,INF57683504,1249.2987,4100.18
2025-11-01,Balanced Advantage Fund,INF53191605,856.5776,1564.28
2025-10-23,Overnight Fund,INF26467206,364.9378,1617.34
2025-10-21,Liquid Ultra Fund,INF59832207,1154.1357,1445.5
2025-11-24,Liquid Ultra Fund,INF52488008,587.7653,3672.07
2025-10-30,Alpha Equity Fund - Regular,INF49349409,475.4701,903.0
2025-11-20,Arbitrage Edge Fund,INF35788700,1976.6211,3137.57
2025-10-27,Liquid Ultra Fund,INF47735301,885.3845,3443.04
2025-11-02,Short Term Debt Fund,INF37963902,1853.9691,3898.25
2025-11-19,Arbitrage Edge Fund,INF64294703,1839.8987,2399.85
2025-11-13,Arbitrage Edge Fund,INF25928904,393.2228,3736.34
2025-11-06,Dynamic Asset Allocator,INF77141905,1407.9903,1377.89
2025-11-24,Dynamic Asset Allocator,INF40051906,1728.6301,1783.09
2025-11-23,Overnight Fund,INF44410707,710.8887,1741.35
2025-11-12,Short Term Debt Fund,INF63749608,707.5548,4690.98
2025-10-27,Balanced Advantage Fund,INF99794909,314.4546,3953.92
2025-11-03,Liquid Ultra Fund,INF30042100,151.1619,1594.58
2025-11-21,Short Term Debt Fund,INF16575301,1604.096,97.41
2025-11-16,Short Term Debt Fund,INF29289302,1979.8579,2548.22
2025-11-19,Overnight Fund,INF40845903,253.0466,3378.55
2025-10-22,Liquid Ultra Fund,INF43059304,694.5879,3419.15
2025-10-23,Short Term Debt Fund,INF82975005,228.7617,3975.81
2025-11-25,Alpha Equity Fund - Regular,INF85485406,1828.323,3737.12
2025-11-11,Arbitrage Edge Fund,INF46662607,556.8254,1698.46
2025-11-16,Liquid Ultra Fund,INF26002908,215.3328,2804.32
2025-10-23,Balanced Advantage Fund,INF96624509,578.6131,2411.14
2025-11-03,Liquid Ultra Fund,INF55058000,580.2053,2336.27
2025-11-18,Short Term Debt Fund,INF48218501,468.9545,1420.85
2025-10-30,Short Term Debt Fund,INF95822802,597.4066,1650.22
2025-11-05,Dynamic Asset Allocator,INF50146603,13.7529,1821.12
2025-11-22,Dynamic Asset Allocator,INF11655004,421.3528,3444.54
2025-11-20,Liquid Ultra Fund,INF99477505,1223.1348,641.72
2025-11-22,Dynamic Asset Allocator,INF84056706,395.1174,4727.9
2025-11-20,Dynamic Asset Allocator,INF98507307,719.9531,463.04
2025-11-24,Arbitrage Edge Fund,INF55000608,227.1739,1805.96
2025-10-30,Arbitrage Edge Fund,INF92268909,872.3404,3054.78
2025-11-06,Dynamic Asset Allocator,INF33366200,1453.4656,1013.8
2025-11-01,Overnight Fund,INF15332201,656.1148,4855.81
2025-10-26,Alpha Equity Fund - Regular,INF42384802,487.1551,3524.53
2025-11-09,Dynamic Asset Allocator,INF64691803,1266.1892,995.12
2025-10-26,Arbitrage Edge Fund,INF42489504,760.6303,2365.25
2025-11-01,Overnight Fund,INF34477305,1255.7419,2050.83
2025-11-03,Liquid Ultra Fund,INF78567606,23.1149,4484.74
2025-10-21,Dynamic Asset Allocator,INF40633607,1598.1447,2190.63
2025-10-31,Short Term Debt Fund,INF87656908,766.6164,4477.93
2025-11-13,Dynamic Asset Allocator,INF77664209,568.5673,4612.4
2025-11-07,Short Term Debt Fund,INF74823600,860.5782,725.85
2025-11-18,Overnight Fund,INF61627301,1212.8709,2459.14
2025-11-26,Dynamic Asset Allocator,INF77962802,74.3655,3160.48
2025-10-25,Dynamic Asset Allocator,INF77625803,1822.0819,3972.3
2025-10-23,Balanced Advantage Fund,INF40331404,1715.0998,1769.75
2025-10-31,Liquid Ultra Fund,INF68033705,282.8084,3318.28
2025-11-04,Alpha Equity Fund - Regular,INF70182506,1552.6294,1128.69
2025-10-26,Short Term Debt Fund,INF42539707,426.7117,1625.88
2025-11-09,Dynamic Asset Allocator,INF31061908,478.6312,4385.19
2025-11-17,Arbitrage Edge Fund,INF78333309,243.5107,1545.46
2025-10-28,Alpha Equity Fund - Regular,INF59767000,235.7476,1331.96
2025-11-03,Alpha Equity Fund - Regular,INF99353801,667.4395,2379.81
2025-11-08,Liquid Ultra Fund,INF65179702,899.3193,59.53
2025-10-29,Dynamic Asset Allocator,INF57736103,1799.3943,4753.34
2025-10-29,Dynamic Asset Allocator,INF49621604,1465.7472,4034.49
2025-10-26,Short Term Debt Fund,INF52219505,1762.442,567.1
2025-11-24,Liquid Ultra Fund,INF32079006,736.8243,1582.95
2025-11-08,Short Term Debt Fund,INF22293407,761.4787,2077.4
2025-11-23,Arbitrage Edge Fund,INF24651908,890.6655,3266.66
2025-11-12,Dynamic Asset Allocator,INF66988809,229.4816,1021.71
2025-11-22,Alpha Equity Fund - Regular,INF18537200,872.8903,1954.67
2025-11-14,Dynamic Asset Allocator,INF93319101,1180.9841,279.28
2025-11-23,Liquid Ultra Fund,INF46602902,1058.4308,1068.08
2025-10-29,Alpha Equity Fund - Regular,INF44283303,154.1639,1464.11
2025-11-05,Liquid Ultra Fund,INF94413204,767.2583,1464.75
2025-11-13,Short Term Debt Fund,INF44026105,943.5317,2561.3
2025-11-24,Balanced Advantage Fund,INF16590206,1779.8235,349.25
2025-11-14,Alpha Equity Fund - Regular,INF47174407,881.5624,3941.5
2025-11-17,Dynamic Asset Allocator,INF52188508,691.942,2489.87
2025-10-25,Dynamic Asset Allocator,INF20374009,566.2877,3714.46
2025-11-17,Overnight Fund,INF35377800,327.7786,3641.24
2025-11-14,Balanced Advantage Fund,INF91326201,1048.2053,4958.51
2025-10-22,Balanced Advantage Fund,INF97317702,1992.7155,1488.06
2025-11-22,Overnight Fund,INF64470003,1589.9642,2108.71
2025-11-01,Overnight Fund,INF70497904,503.2994,4602.31
2025-11-12,Short Term Debt Fund,INF16149405,693.2889,3549.97
2025-11-22,Balanced Advantage Fund,INF90388606,1031.6679,1021.77
2025-11-07,Alpha Equity Fund - Regular,INF31856707,1565.31,3581.62
2025-10-27,Short Term Debt Fund,INF47808508,1401.8368,3619.42
2025-10-25,Overnight Fund,INF89677609,1272.3123,2187.07
2025-11-17,Arbitrage Edge Fund,INF69307200,1805.5805,4272.68
2025-11-08,Balanced Advantage Fund,INF61344801,525.5415,3938.66
2025-11-25,Alpha Equity Fund - Regular,INF95342402,103.2998,600.22
2025-11-07,Alpha Equity Fund - Regular,INF82569103,855.5989,2450.72
2025-11-17,Alpha Equity Fund - Regular,INF79022404,1402.9124,4248.93
2025-11-07,Alpha Equity Fund - Regular,INF36023405,1849.666,3699.94
2025-10-27,Balanced Advantage Fund,INF38834506,1850.5784,2540.63
2025-10-24,Short Term Debt Fund,INF24907307,1375.6803,2066.33
2025-11-14,Arbitrage Edge Fund,INF13519908,425.1975,1235.03
2025-11-05,Overnight Fund,INF70494609,601.7932,4334.05
2025-11-10,Liquid Ultra Fund,INF67058000,1772.9887,2200.02
2025-11-20,Overnight Fund,INF75037201,794.8659,631.55
2025-11-16,Liquid Ultra Fund,INF86379502,748.3614,4397.37
2025-11-09,Liquid Ultra Fund,INF35792503,1130.9583,3277.37
2025-10-29,Dynamic Asset Allocator,INF27673704,884.7137,4922.44
2025-11-13,Dynamic Asset Allocator,INF21025005,1289.5003,3258.12
2025-11-03,Overnight Fund,INF12649906,937.8949,4526.74
2025-11-26,Alpha Equity Fund - Regular,INF25822507,1079.2485,4264.24
2025-11-21,Balanced Advantage Fund,INF55083608,1879.7121,3193.73
2025-11-16,Arbitrage Edge Fund,INF89134209,39.5294,2724.41
2025-10-28,Balanced Advantage Fund,INF18269700,779.8392,1245.98
2025-11-08,Balanced Advantage Fund,INF88474201,259.0265,1562.92
2025-10-27,Alpha Equity Fund - Regular,INF16954602,51141.9906,4741.29
2025-11-08,Overnight Fund,INF12498103,189.8832,4961.5
2025-11-23,Liquid Ultra Fund,INF75976704,1907.3555,3033.09
2025-10-23,Balanced Advantage Fund,INF54282705,412.8672,1907.37
2025-10-24,Balanced Advantage Fund,INF54182806,43468.3015,239.83
2025-11-05,Overnight Fund,INF90550707,204.483,4786.35
2025-10-21,Liquid Ultra Fund,INF26641708,1159.79,3955.28
2025-10-27,Overnight Fund,INF67269009,780.9854,472.45
2025-11-12,Alpha Equity Fund - Regular,INF40860100,1020.1706,1630.05
2025-11-18,Short Term Debt Fund,INF91498501,1614.6891,1393.58
2025-10-28,Arbitrage Edge Fund,INF64697502,1475.8126,1166.76
2025-11-12,Balanced Advantage Fund,INF47162303,1734.1317,3140.36
2025-10-23,Short Term Debt Fund,INF51565804,978.9624,672.39
2025-11-14,Overnight Fund,INF96337605,156.802,739.95
2025-11-11,Balanced Advantage Fund,INF38262706,219.4937,4820.3
2025-10-21,Liquid Ultra Fund,INF65693207,293.0743,3224.3
2025-10-28,Balanced Advantage Fund,INF74825408,1531.3721,1585.08
2025-11-13,Alpha Equity Fund - Regular,INF50422309,167.3478,2082.6
2025-11-04,Arbitrage Edge Fund,INF29543200,1230.746,3809.32
2025-10-21,Balanced Advantage Fund,INF24238501,830.7906,4197.54
2025-10-24,Liquid Ultra Fund,INF33127702,181.8769,1363.79
2025-11-02,Dynamic Asset Allocator,INF68045403,1276.7091,1884.32
2025-11-05,Dynamic Asset Allocator,INF99742604,1655.2366,2451.28
2025-11-17,Overnight Fund,INF90848105,1158.6895,747.22
2025-11-14,Overnight Fund,INF43822506,1918.5998,4598.61
2025-11-05,Dynamic Asset Allocator,INF31560107,383.2181,1751.58
2025-11-26,Alpha Equity Fund - Regular,INF42058008,1927.8277,1135.69
2025-10-23,Alpha Equity Fund - Regular,INF99071609,1222.2334,4990.21
2025-11-16,Liquid Ultra Fund,INF33661400,1620.1207,2746.38
2025-10-28,Liquid Ultra Fund,INF15433801,195.9023,74.48
2025-11-20,Overnight Fund,INF33882902,174.5207,618.51
2025-11-18,Dynamic Asset Allocator,INF23935103,809.3283,1623.75
2025-11-05,Liquid Ultra Fund,INF71775004,1209.1927,3184.44
2025-10-24,Liquid Ultra Fund,INF94653905,1932.5181,4863.38
2025-10-24,Short Term Debt Fund,INF69001406,443.9354,3352.98
2025-10-21,Short Term Debt Fund,INF65232507,599.8567,159.63
2025-10-26,Alpha Equity Fund - Regular,INF84385408,1913.1242,1455.84
2025-11-02,Dynamic Asset Allocator,INF70050409,796.5946,3192.98
2025-11-01,Liquid Ultra Fund,INF49191800,1612.7368,789.56
2025-10-21,Alpha Equity Fund - Regular,INF79707801,1834.2819,4348.97
2025-10-30,Dynamic Asset Allocator,INF75919002,1162.0207,421.62
2025-11-03,Dynamic Asset Allocator,INF62546903,1964.3645,3451.05
2025-11-15,Alpha Equity Fund - Regular,INF48224204,207.3593,2276.65
2025-10-31,Dynamic Asset Allocator,INF13433805,701.8152,4042.78
2025-11-02,Dynamic Asset Allocator,INF11947906,1300.8709,2468.41
2025-10-24,Liquid Ultra Fund,INF94944207,1292.8311,2086.24
2025-11-25,Alpha Equity Fund - Regular,INF33772908,1510.4108,2057.98
2025-11-02,Dynamic Asset Allocator,INF88004909,1906.689,521.17
2025-11-09,Overnight Fund,INF71939300,213.3838,1544.22
2025-11-19,Short Term Debt Fund,INF50689401,1097.7644,3215.22
2025-10-28,Overnight Fund,INF72495802,404.1287,2855.75
2025-10-21,Balanced Advantage Fund,INF24686403,1977.839,1782.14
2025-11-06,Short Term Debt Fund,INF42590004,1472.7083,4743.45
2025-11-14,Liquid Ultra Fund,INF29264505,941.1902,4018.55
2025-11-13,Alpha Equity Fund - Regular,INF17583606,1090.0851,447.51
2025-11-11,Dynamic Asset Allocator,INF22986407,1943.8442,864.74
2025-11-13,Liquid Ultra Fund,INF76335708,1994.9809,1745.37
2025-11-13,Arbitrage Edge Fund,INF76996609,1871.3858,695.39
2025-11-24,Arbitrage Edge Fund,INF49897700,269.9419,4815.49
2025-11-19,Alpha Equity Fund - Regular,INF67384201,687.6336,1351.84
2025-11-18,Balanced Advantage Fund,INF61567002,1296.4854,4935.27
2025-11-17,Overnight Fund,INF36354403,865.1004,1112.29
2025-11-23,Dynamic Asset Allocator,INF72558504,218.7886,2822.17
2025-10-31,Liquid Ultra Fund,INF41807305,382.0486,1842.66
2025-10-29,Alpha Equity Fund - Regular,INF49205506,690.8232,2632.77
2025-11-25,Dynamic Asset Allocator,INF53808507,433.5715,367.02
2025-11-16,Overnight Fund,INF12154408,1137.9795,2442.06
2025-11-07,Liquid Ultra Fund,INF58795409,1568.6445,4000.01
2025-11-13,Overnight Fund,INF87869200,1308.6776,2902.03
2025-11-21,Liquid Ultra Fund,INF75049201,955.6901,322.75
2025-10-26,Liquid Ultra Fund,INF23799602,1220.8013,1823.26
2025-10-25,Balanced Advantage Fund,INF74490203,1657.5052,1829.14
2025-11-17,Overnight Fund,INF12729004,457.7987,400.81
2025-11-21,Overnight Fund,INF57831905,384.5988,700.7
2025-11-10,Dynamic Asset Allocator,INF42918306,502.3978,4439.78
2025-10-27,Alpha Equity Fund - Regular,INF93534707,1307.4008,2637.73
2025-10-26,Overnight Fund,INF66366108,1387.3951,4879.14
2025-11-17,Overnight Fund,INF24723609,1007.8943,2955.9
2025-10-27,Balanced Advantage Fund,INF20621000,1866.8503,3142.22
2025-11-10,Alpha Equity Fund - Regular,INF50545701,1681.9333,4706.76
2025-11-03,Balanced Advantage Fund,INF49486602,1231.1493,2463.64
2025-10-28,Arbitrage Edge Fund,INF99459803,1776.0752,1198.65
2025-10-31,Arbitrage Edge Fund,INF47175504,355.654,145.73
2025-10-27,Dynamic Asset Allocator,INF86059405,1060.7662,2119.9
2025-10-26,Liquid Ultra Fund,INF54811706,1966.3109,1919.95
2025-10-26,Overnight Fund,INF42233507,412.1754,2410.49
2025-11-15,Short Term Debt Fund,INF39908008,1934.5057,264.83
2025-11-25,Arbitrage Edge Fund,INF93862209,1564.6026,738.92
2025-11-05,Alpha Equity Fund - Regular,INF78521300,953.9133,4863.95
2025-11-09,Liquid Ultra Fund,INF37686501,839.5015,2560.83
2025-11-25,Dynamic Asset Allocator,INF26864902,741.3265,3575.1
2025-10-23,Overnight Fund,INF89453003,1839.7953,4292.53
2025-11-15,Alpha Equity Fund - Regular,INF21556304,1578.5385,151.99
2025-11-04,Short Term Debt Fund,INF10403805,1574.6712,4715.19
2025-10-21,Alpha Equity Fund - Regular,INF61010206,612.7514,308.52
2025-11-19,Arbitrage Edge Fund,INF99646407,361.0391,3279.62
2025-10-28,Liquid Ultra Fund,INF37677108,1246.9099,2003.11
2025-10-24,Alpha Equity Fund - Regular,INF53815109,1482.3933,2285.42
2025-10-29,Liquid Ultra Fund,INF47323600,478.9729,1363.93
2025-10-26,Balanced Advantage Fund,INF17527001,38.8457,2353.57
2025-11-03,Dynamic Asset Allocator,INF48375202,645.3896,220.17
2025-11-01,Liquid Ultra Fund,INF35250803,283.8134,2542.13
2025-10-26,Balanced Advantage Fund,INF48056104,400.52,4030.39
2025-10-31,Dynamic Asset Allocator,INF37703605,1287.7882,1668.69
2025-10-25,Dynamic Asset Allocator,INF48186506,124.4873,2458.48
2025-11-16,Short Term Debt Fund,INF59582807,50392.1376,3238.29
2025-10-27,Dynamic Asset Allocator,INF76544608,18.397,688.07
2025-10-23,Alpha Equity Fund - Regular,INF85760609,1750.2266,1344.58
2025-11-16,Dynamic Asset Allocator,INF57646400,1228.3334,943.74
2025-11-04,Short Term Debt Fund,INF18773701,600.5961,541.73
2025-11-10,Alpha Equity Fund - Regular,INF57585502,202.1978,2242.45
2025-11-05,Liquid Ultra Fund,INF83528603,293.2436,85.18
2025-10-27,Alpha Equity Fund - Regular,INF58842004,1664.823,1551.77
2025-10-26,Alpha Equity Fund - Regular,INF47877505,1261.2824,1712.47
2025-10-27,Overnight Fund,INF81066106,1440.5046,4327.92
2025-11-09,Dynamic Asset Allocator,INF39034507,227.5743,128.31
2025-11-04,Dynamic Asset Allocator,INF53164908,906.3093,764.09
2025-11-01,Short Term Debt Fund,INF18854709,991.8783,58.35
2025-11-06,Overnight Fund,INF54988000,1769.9001,3942.84
2025-11-09,Dynamic Asset Allocator,INF71743001,1755.9879,3604.66
2025-11-20,Balanced Advantage Fund,INF89971602,1506.4613,1195.98
2025-10-30,Arbitrage Edge Fund,INF79463703,528.8846,4117.11
2025-10-22,Alpha Equity Fund - Regular,INF40036904,1504.2874,2334.08
2025-10-26,Alpha Equity Fund - Regular,INF36314805,1631.1889,2399.98
2025-11-07,Overnight Fund,INF14813006,459.2393,2198.51
2025-11-23,Liquid Ultra Fund,INF12228007,147.7098,4439.79
2025-10-31,Alpha Equity Fund - Regular,INF42298608,1715.9439,722.13
2025-10-23,Alpha Equity Fund - Regular,INF54232309,1848.9769,2994.08
2025-11-01,Overnight Fund,INF27878300,1195.7325,3967.42
2025-10-30,Short Term Debt Fund,INF67910901,1477.0311,720.91
2025-11-08,Dynamic Asset Allocator,INF61735002,783.5786,1738.0
2025-10-21,Balanced Advantage Fund,INF53647603,240.7051,4830.78
2025-11-12,Overnight Fund,INF14294304,1835.1815,3414.23
2025-11-20,Balanced Advantage Fund,INF42603605,775.256,3994.62
2025-10-31,Dynamic Asset Allocator,INF86564706,1673.176,3176.4
2025-11-21,Short Term Debt Fund,INF27364207,718.8362,1934.6
2025-10-29,Overnight Fund,INF21004008,42.6401,1997.23
2025-11-05,Overnight Fund,INF93863509,1196.5194,3179.63
2025-10-23,Arbitrage Edge Fund,INF16612700,50.9851,2296.51
2025-11-17,Short Term Debt Fund,INF28473401,28.5051,3280.63
2025-11-18,Arbitrage Edge Fund,INF13979802,1613.002,2217.36
2025-10-21,Dynamic Asset Allocator,INF81239103,414.7606,1773.1
2025-11-16,Alpha Equity Fund - Regular,INF82828604,287.6728,3750.74
2025-11-10,Balanced Advantage Fund,INF82314205,1779.5084,1192.01
2025-10-29,Alpha Equity Fund - Regular,INF59765406,1393.8138,3319.97
2025-11-03,Overnight Fund,INF57308307,136.9597,1394.66
2025-11-17,Alpha Equity Fund - Regular,INF30378508,1410.965,4790.31
2025-10-26,Dynamic Asset Allocator,INF20100709,1089.0941,179.92
2025-11-10,Arbitrage Edge Fund,INF91156600,409.8621,3095.1
2025-11-25,Arbitrage Edge Fund,INF36604101,137.4875,2672.92
2025-11-11,Liquid Ultra Fund,INF64784702,23866.4953,4899.23
2025-11-25,Liquid Ultra Fund,INF61224303,444.1238,3297.56
2025-10-27,Dynamic Asset Allocator,INF27316104,1837.4725,4921.16
2025-10-25,Overnight Fund,INF35891205,467.2253,1235.53
2025-11-11,Balanced Advantage Fund,INF75864306,823.0836,1519.99
2025-11-15,Arbitrage Edge Fund,INF98535807,1573.9173,4478.48
2025-10-31,Overnight Fund,INF29222808,995.2394,3467.63
2025-10-27,Liquid Ultra Fund,INF26955209,869.8697,4988.43
2025-11-03,Arbitrage Edge Fund,INF34324500,1254.7359,4453.89
2025-10-26,Dynamic Asset Allocator,INF47244901,1981.9726,3344.04
2025-11-02,Liquid Ultra Fund,INF53968802,1350.3403,4971.98
2025-11-18,Short Term Debt Fund,INF20620603,141.2295,4280.86
2025-11-10,Balanced Advantage Fund,INF12125504,1672.3717,4222.07
2025-11-08,Balanced Advantage Fund,INF14485605,1260.1723,2107.53
2025-11-09,Arbitrage Edge Fund,INF69858406,1154.5775,1926.56
2025-11-02,Alpha Equity Fund - Regular,INF54118507,214.9341,3354.25
2025-11-05,Arbitrage Edge Fund,INF59328408,1029.6492,2948.54
2025-11-20,Liquid Ultra Fund,INF57387309,727.6854,4171.46
2025-11-26,Dynamic Asset Allocator,INF92258900,1309.859,3870.07
2025-11-21,Short Term Debt Fund,INF80880301,1087.8385,1706.79
2025-11-25,Alpha Equity Fund - Regular,INF40794102,625.8069,1924.07
2025-11-14,Dynamic Asset Allocator,INF98425203,270.2936,2504.15
2025-11-06,Balanced Advantage Fund,INF31360204,1688.589,3918.09
2025-11-16,Short Term Debt Fund,INF74229005,37.2778,219.61
2025-11-12,Arbitrage Edge Fund,INF91105806,597.1806,432.44
2025-10-21,Dynamic Asset Allocator,INF78605907,1026.971,188.09
2025-11-07,Liquid Ultra Fund,INF60686008,1086.8608,140.1
2025-11-07,Overnight Fund,INF57623609,1901.7802,3310.83
2025-11-21,Balanced Advantage Fund,INF81319800,1020.2119,848.16
2025-10-21,Liquid Ultra Fund,INF28472101,1481.9567,2135.76
2025-11-21,Balanced Advantage Fund,INF56644602,1339.3073,2825.52
2025-11-22,Dynamic Asset Allocator,INF11709003,20.8676,1891.99
2025-11-13,Short Term Debt Fund,INF55219604,481.3215,3298.08
2025-11-25,Short Term Debt Fund,INF57352505,52.0354,63.13
2025-11-07,Alpha Equity Fund - Regular,INF55936606,1115.442,947.35
2025-11-21,Alpha Equity Fund - Regular,INF70767907,1191.6791,2881.47
2025-11-22,Arbitrage Edge Fund,INF26722808,1759.4,710.74
2025-10-30,Short Term Debt Fund,INF31906409,953.0477,1754.94
2025-10-25,Dynamic Asset Allocator,INF44917000,1611.1243,3489.66
2025-11-03,Overnight Fund,INF53493801,1338.8704,1207.3
2025-11-16,Alpha Equity Fund - Regular,INF45738302,67.5723,3455.45
2025-11-10,Balanced Advantage Fund,INF40197503,1544.9204,130.02
2025-11-20,Liquid Ultra Fund,INF57745904,1412.192,4270.16
2025-11-02,Short Term Debt Fund,INF71562105,1502.4066,3908.67
2025-11-13,Dynamic Asset Allocator,INF78834606,1400.0573,318.61
2025-10-28,Dynamic Asset Allocator,INF47718707,1530.995,2376.89
2025-11-12,Overnight Fund,INF56549708,841.411,4496.03
2025-10-21,Arbitrage Edge Fund,INF39602709,508.2274,1920.12
2025-10-29,Short Term Debt Fund,INF27712900,459.0131,1190.39
2025-11-11,Arbitrage Edge Fund,INF73540301,390.933,715.48
2025-10-21,Alpha Equity Fund - Regular,INF21560102,305.9034,4082.31
2025-11-09,Arbitrage Edge Fund,INF60968303,1548.5227,3333.02
2025-11-14,Arbitrage Edge Fund,INF99780004,1411.4016,4489.09
2025-11-22,Alpha Equity Fund - Regular,INF68916305,197.2776,3879.7
2025-10-28,Liquid Ultra Fund,INF57889106,1869.16,3938.2
2025-11-21,Alpha Equity Fund - Regular,INF17410207,514.17,1651.25
2025-11-23,Overnight Fund,INF52011708,1658.6342,4607.58
2025-10-27,Balanced Advantage Fund,INF41614909,312.4063,2936.84
2025-10-27,Arbitrage Edge Fund,INF10301600,1827.3465,4023.02
2025-11-23,Overnight Fund,INF55312801,462.7031,2693.63
2025-11-19,Balanced Advantage Fund,INF43984302,355.1225,2322.0
2025-11-23,Liquid Ultra Fund,INF57782403,71.1819,1974.39
2025-10-25,Overnight Fund,INF39046804,148.6641,1770.32
2025-10-27,Dynamic Asset Allocator,INF60249705,485.5781,2478.81
2025-11-02,Balanced Advantage Fund,INF44688206,1090.4286,2027.93
2025-11-07,Alpha Equity Fund - Regular,INF34426407,1803.4054,1078.21
2025-11-19,Balanced Advantage Fund,INF54141308,1956.1671,1754.28
2025-10-28,Balanced Advantage Fund,INF35022809,1396.6759,814.03
2025-11-24,Alpha Equity Fund - Regular,INF47846400,994.2094,619.91
2025-10-30,Short Term Debt Fund,INF49704901,1548.759,820.82
2025-11-24,Overnight Fund,INF92135302,1107.4601,2115.14
2025-11-22,Alpha Equity Fund - Regular,INF62776103,663.8184,501.65
2025-10-24,Liquid Ultra Fund,INF86574404,380.2747,4965.83
2025-10-28,Liquid Ultra Fund,INF57285905,1530.3047,3261.82
2025-11-07,Balanced Advantage Fund,INF80564806,943.8772,122.99
2025-11-13,Liquid Ultra Fund,INF15372607,573.9968,2808.11
2025-11-03,Short Term Debt Fund,INF48041908,531.5407,2128.72
2025-11-13,Dynamic Asset Allocator,INF61800709,997.2854,3850.19
2025-11-20,Dynamic Asset Allocator,INF11795500,1237.1367,2490.03
2025-11-02,Arbitrage Edge Fund,INF87471301,1548.4257,2062.37
2025-11-05,Alpha Equity Fund - Regular,INF10629002,405.8184,692.96
2025-11-13,Dynamic Asset Allocator,INF46155403,229.662,360.87
2025-10-31,Dynamic Asset Allocator,INF42897804,76.8143,863.63
2025-10-28,Alpha Equity Fund - Regular,INF19866005,1522.0627,675.8
2025-10-30,Arbitrage Edge Fund,INF30297306,1734.564,1643.58
2025-11-16,Short Term Debt Fund,INF53991107,585.2385,4960.47
2025-11-12,Alpha Equity Fund - Regular,INF71752808,1249.3727,3258.09
2025-11-24,Dynamic Asset Allocator,INF24480509,191.1744,1936.53
2025-11-13,Arbitrage Edge Fund,INF32284000,162.3914,2830.9
2025-11-25,Alpha Equity Fund - Regular,INF70195801,716.2798,4982.73
2025-11-04,Arbitrage Edge Fund,INF75817102,1740.0669,1928.01
2025-11-20,Balanced Advantage Fund,INF54341803,403.7445,933.06
2025-11-14,Balanced Advantage Fund,INF66837904,185.3434,1670.49
2025-11-23,Dynamic Asset Allocator,INF49741705,379.1587,916.68
2025-11-25,Arbitrage Edge Fund,INF65962806,624.7029,1030.24
2025-11-13,Liquid Ultra Fund,INF26456807,1939.9647,3936.11
2025-11-15,Dynamic Asset Allocator,INF82498908,753.7188,2105.12
2025-10-29,Balanced Advantage Fund,INF98481409,644.6601,3878.93
2025-11-17,Arbitrage Edge Fund,INF33805500,1353.6477,4293.37
2025-11-05,Overnight Fund,INF99262101,487.3777,4747.57
2025-10-31,Liquid Ultra Fund,INF22156702,217.5897,2775.13
2025-11-06,Alpha Equity Fund - Regular,INF99184103,967.0816,1662.71
2025-11-13,Short Term Debt Fund,INF21428204,594.5251,1264.9
2025-11-11,Overnight Fund,INF71570605,581.4393,1656.57
2025-11-02,Arbitrage Edge Fund,INF86846206,1925.2456,3437.87
2025-11-18,Liquid Ultra Fund,INF36520407,839.7815,1270.44
2025-11-24,Overnight Fund,INF57009108,1311.0737,3847.4
2025-11-16,Arbitrage Edge Fund,INF18422909,856.4862,1148.13
2025-10-28,Short Term Debt Fund,INF50965500,1572.708,3066.82
2025-11-21,Overnight Fund,INF81960601,645.2019,2613.06
2025-11-13,Overnight Fund,INF93949402,987.1264,2140.21
2025-11-11,Overnight Fund,INF76129603,1669.2719,3019.55
2025-11-10,Arbitrage Edge Fund,INF13522504,1814.9323,176.51
2025-11-16,Arbitrage Edge Fund,INF90326505,285.8874,1454.31
2025-11-05,Dynamic Asset Allocator,INF90205806,1745.9946,3616.19
2025-11-08,Dynamic Asset Allocator,INF68798807,1304.4307,1072.39
2025-11-11,Arbitrage Edge Fund,INF23854508,1613.3582,2065.47
2025-10-21,Dynamic Asset Allocator,INF84020309,1450.0241,3974.69
2025-11-24,Balanced Advantage Fund,INF96710900,1242.2801,4118.08
2025-11-09,Liquid Ultra Fund,INF93288601,71.5099,4646.35
2025-11-11,Balanced Advantage Fund,INF57509502,1242.3509,2632.18
2025-11-05,Dynamic Asset Allocator,INF47133803,629.2098,4668.81
2025-10-28,Alpha Equity Fund - Regular,INF90135804,989.0539,517.46
2025-11-12,Dynamic Asset Allocator,INF77435905,646.196,2443.91
2025-11-25,Short Term Debt Fund,INF82967606,876.8679,2512.7
2025-11-06,Overnight Fund,INF61634307,1654.5702,4449.49
2025-11-21,Dynamic Asset Allocator,INF82643808,1031.8735,4725.93
2025-11-14,Overnight Fund,INF20810609,1837.519,1145.58
2025-11-01,Dynamic Asset Allocator,INF47930000,1357.225,3766.69
2025-10-30,Dynamic Asset Allocator,INF78951201,1798.0354,3216.82
2025-11-10,Liquid Ultra Fund,INF11417702,1983.7178,1539.02
2025-11-19,Liquid Ultra Fund,INF11494703,1941.6621,4359.24
2025-10-22,Alpha Equity Fund - Regular,INF19715104,1769.625,3210.15
2025-11-10,Dynamic Asset Allocator,INF43514105,1283.5165,95.03
2025-10-28,Short Term Debt Fund,INF19476006,102.2998,2545.32
2025-10-29,Balanced Advantage Fund,INF18883207,364.5562,455.02
2025-11-20,Balanced Advantage Fund,INF81522908,1439.1044,1327.05
2025-11-07,Balanced Advantage Fund,INF75082909,1689.3989,3916.62
2025-10-23,Balanced Advantage Fund,INF26629600,352.6266,3819.81
2025-11-01,Balanced Advantage Fund,INF12352501,1807.6251,1694.61
2025-11-03,Liquid Ultra Fund,INF61200702,315.1413,3891.26
2025-11-25,Balanced Advantage Fund,INF32483003,1901.7303,3772.95
2025-11-10,Short Term Debt Fund,INF23226504,685.4534,3220.91
2025-11-03,Liquid Ultra Fund,INF11787905,1507.7581,532.08
2025-11-02,Arbitrage Edge Fund,INF27532706,52.7361,1622.85
2025-11-23,Liquid Ultra Fund,INF61230107,679.2087,2314.83
2025-11-09,Short Term Debt Fund,INF10435108,501.0147,79.15
2025-10-29,Short Term Debt Fund,INF29010309,362.6493,3216.34
2025-11-06,Overnight Fund,INF75871400,182.5726,4039.31
2025-11-13,Balanced Advantage Fund,INF80127801,740.9045,1852.28
2025-11-25,Overnight Fund,INF64583602,552.3036,216.4
2025-10-24,Liquid Ultra Fund,INF18522203,1991.385,1651.51
2025-11-01,Dynamic Asset Allocator,INF26345404,50.9749,3718.93
2025-10-29,Balanced Advantage Fund,INF60882305,975.1166,2838.24
2025-10-24,Liquid Ultra Fund,INF29228106,556.3696,3586.89
2025-11-12,Balanced Advantage Fund,INF33100007,552.9406,4135.42
2025-10-31,Dynamic Asset Allocator,INF30614908,1992.2835,661.38
2025-10-23,Dynamic Asset Allocator,INF97570509,1227.7699,4807.26
2025-11-06,Balanced Advantage Fund,INF48215600,1951.9871,1529.1
2025-10-28,Liquid Ultra Fund,INF33553001,1533.4103,4201.41
2025-11-17,Alpha Equity Fund - Regular,INF55122202,529.5004,3076.72
2025-11-19,Short Term Debt Fund,INF94266203,369.6642,1967.73
2025-11-13,Overnight Fund,INF13445204,1879.7643,2000.85
2025-10-28,Liquid Ultra Fund,INF69950005,1456.2843,1289.29
2025-11-23,Dynamic Asset Allocator,INF97066906,450.715,2655.91
2025-10-25,Liquid Ultra Fund,INF95356707,359.5592,1011.72
2025-11-11,Overnight Fund,INF30983508,321.9782,2039.91
2025-11-26,Overnight Fund,INF89898509,1464.0364,4857.43
2025-11-17,Alpha Equity Fund - Regular,INF84697700,775.9191,926.08
2025-11-24,Arbitrage Edge Fund,INF82560701,842.2836,1751.29
2025-11-12,Liquid Ultra Fund,INF60540302,1288.5425,316.55
2025-11-04,Arbitrage Edge Fund,INF86533403,600.066,4440.08
2025-11-12,Alpha Equity Fund - Regular,INF46377204,942.0821,1470.35
2025-11-25,Liquid Ultra Fund,INF72912505,1753.44,4417.04
2025-11-09,Arbitrage Edge Fund,INF41211406,1058.4344,4348.56
2025-11-16,Dynamic Asset Allocator,INF90656207,853.6544,3618.25
2025-11-04,Dynamic Asset Allocator,INF63394908,750.7871,2472.91
2025-11-17,Dynamic Asset Allocator,INF27750809,515.6227,2018.48
2025-11-14,Liquid Ultra Fund,INF79669600,1106.1267,55.44
2025-11-03,Alpha Equity Fund - Regular,INF46846201,703.7289,780.34
2025-11-16,Alpha Equity Fund - Regular,INF94744802,373.7951,3312.28
2025-11-13,Short Term Debt Fund,INF91433803,1126.1283,1868.46
2025-10-29,Balanced Advantage Fund,INF38595604,1625.9588,271.41
2025-10-26,Arbitrage Edge Fund,INF35432905,550.3197,2720.25
2025-11-19,Dynamic Asset Allocator,INF48911606,835.0866,3142.85
2025-11-23,Dynamic Asset Allocator,INF30154707,389.8627,1289.56
2025-11-06,Overnight Fund,INF59049208,1007.9014,4353.5
2025-11-15,Liquid Ultra Fund,INF86771509,1565.148,1128.41
2025-10-31,Short Term Debt Fund,INF45043400,1566.4163,4723.07
2025-11-01,Arbitrage Edge Fund,INF18030501,1508.9564,1731.76
2025-10-29,Dynamic Asset Allocator,INF77888902,544.8877,4647.81
2025-10-25,Liquid Ultra Fund,INF46921103,275.7735,1275.43
2025-11-16,Overnight Fund,INF30499204,636.9975,3250.47
2025-11-07,Arbitrage Edge Fund,INF56869705,833.8165,2055.23
2025-11-10,Alpha Equity Fund - Regular,INF60414606,702.232,2199.59
2025-11-20,Balanced Advantage Fund,INF69044207,990.5507,3104.51
2025-10-24,Dynamic Asset Allocator,INF85814608,1850.4537,98.41
2025-11-07,Liquid Ultra Fund,INF11533209,945.6318,4304.68
2025-10-27,Arbitrage Edge Fund,INF52216600,829.3991,2921.72
2025-10-24,Alpha Equity Fund - Regular,INF82040201,1467.7035,2932.81
2025-10-29,Liquid Ultra Fund,INF82505702,114.8276,392.02
2025-11-17,Balanced Advantage Fund,INF46661003,1499.5263,3356.53
2025-11-05,Balanced Advantage Fund,INF89299604,19.2659,2922.94
2025-10-21,Dynamic Asset Allocator,INF18835005,1496.5364,1318.17
2025-11-08,Liquid Ultra Fund,INF12268106,1590.2305,1127.27
2025-10-29,Dynamic Asset Allocator,INF20728207,316.3818,4698.86
2025-11-05,Overnight Fund,INF21179208,801.8883,694.43
2025-11-12,Short Term Debt Fund,INF30597809,1654.0144,3929.23
2025-10-24,Liquid Ultra Fund,INF75106100,1886.5231,111.17
2025-11-14,Short Term Debt Fund,INF78735401,1257.2515,2387.62
2025-11-22,Balanced Advantage Fund,INF14308402,1762.3138,3062.75
2025-10-23,Liquid Ultra Fund,INF15432003,1328.3106,3697.63
2025-11-20,Short Term Debt Fund,INF71996004,1525.8516,2363.32
2025-11-19,Arbitrage Edge Fund,INF85544505,1560.5688,2780.4
2025-11-07,Balanced Advantage Fund,INF23761006,1808.6141,2822.27
2025-11-11,Short Term Debt Fund,INF29738607,1917.6606,1027.74
2025-11-02,Overnight Fund,INF63621308,370.6204,1403.95
2025-11-23,Liquid Ultra Fund,INF42917809,43.3885,2488.68
2025-10-26,Liquid Ultra Fund,INF82016600,909.3323,792.6
2025-11-01,Liquid Ultra Fund,INF67083901,16.0807,4762.64
2025-10-27,Balanced Advantage Fund,INF62846502,1897.5073,849.49
2025-10-31,Alpha Equity Fund - Regular,INF11957003,804.6066,2968.71
2025-10-30,Balanced Advantage Fund,INF25993604,508.7603,269.4
2025-11-01,Short Term Debt Fund,INF95333805,1966.2046,846.77
2025-11-25,Arbitrage Edge Fund,INF75532906,1221.3939,4308.35
2025-10-21,Balanced Advantage Fund,INF21979507,1239.884,3069.37
2025-11-21,Liquid Ultra Fund,INF17095508,869.742,3519.99
2025-11-18,Overnight Fund,INF86522509,170.3533,1345.71
2025-11-13,Short Term Debt Fund,INF18380700,1816.3454,3478.96
2025-11-23,Short Term Debt Fund,INF53570501,1430.2806,3201.32
2025-11-19,Alpha Equity Fund - Regular,INF82087502,1122.3811,1044.45
2025-11-14,Overnight Fund,INF35013003,1085.7134,3887.0
2025-11-24,Short Term Debt Fund,INF28906904,538.0539,748.67
2025-11-18,Alpha Equity Fund - Regular,INF35477505,613.5191,1249.62
2025-10-24,Dynamic Asset Allocator,INF81829806,1493.9258,2992.68
2025-10-22,Short Term Debt Fund,INF83999507,58.2746,2390.61
2025-11-22,Liquid Ultra Fund,INF97053708,346.4421,3294.31
2025-11-26,Short Term Debt Fund,INF65124609,612.6376,1274.66
2025-11-17,Balanced Advantage Fund,INF43479000,1331.5799,4700.93
2025-11-12,Liquid Ultra Fund,INF41017401,224.3898,926.39
2025-11-11,Dynamic Asset Allocator,INF10953402,860.8904,2185.53
2025-11-23,Overnight Fund,INF14837903,1277.6586,3223.56
2025-11-22,Liquid Ultra Fund,INF82995804,1933.6776,705.73
2025-11-18,Arbitrage Edge Fund,INF75051605,715.5316,1886.56
2025-11-08,Liquid Ultra Fund,INF93651006,156.641,2227.71
2025-11-24,Arbitrage Edge Fund,INF67809807,1476.1816,4671.56
2025-11-03,Short Term Debt Fund,INF95514508,1481.7206,4484.38
2025-11-07,Arbitrage Edge Fund,INF10040209,1317.3406,4189.72
2025-11-21,Balanced Advantage Fund,INF40524600,1234.0216,934.79
2025-10-25,Dynamic Asset Allocator,INF58831501,1836.2043,346.7
2025-11-25,Alpha Equity Fund - Regular,INF17145002,369.3368,1745.65
2025-10-30,Short Term Debt Fund,INF49348203,1232.8887,737.86
2025-11-22,Arbitrage Edge Fund,INF49195604,103.5247,2818.75
2025-11-18,Short Term Debt Fund,INF63835905,67.6195,4910.83
2025-11-07,Balanced Advantage Fund,INF91542906,1899.686,2399.25
2025-11-25,Liquid Ultra Fund,INF73776907,1455.5218,3678.13
2025-10-31,Overnight Fund,INF65624708,136.4999,1011.07
2025-11-23,Alpha Equity Fund - Regular,INF42349909,793.8898,4614.94
2025-10-25,Alpha Equity Fund - Regular,INF53501600,410.5816,283.27
2025-11-14,Balanced Advantage Fund,INF98095701,466.1739,2031.87
2025-11-09,Alpha Equity Fund - Regular,INF97518502,1728.5719,4703.15
2025-11-06,Overnight Fund,INF67693203,1964.4755,1817.62
2025-11-16,Dynamic Asset Allocator,INF22443704,1330.5698,4070.73
2025-10-30,Liquid Ultra Fund,INF44959805,121.7793,4477.04
2025-10-30,Balanced Advantage Fund,INF79347206,1997.517,3090.03
2025-11-22,Overnight Fund,INF36058607,1917.1202,2534.96
2025-11-20,Dynamic Asset Allocator,INF98120808,508.4718,828.8
2025-11-21,Liquid Ultra Fund,INF83323009,875.8198,4473.12
2025-10-24,Liquid Ultra Fund,INF97845200,1853.8732,2174.63
2025-10-30,Dynamic Asset Allocator,INF86588901,124.1921,529.69
2025-11-22,Alpha Equity Fund - Regular,INF73708002,1477.3773,3895.73
2025-11-02,Balanced Advantage Fund,INF82482903,696.2284,2228.21
2025-11-13,Arbitrage Edge Fund,INF78021904,973.9406,432.04
2025-11-23,Liquid Ultra Fund,INF16528905,849.8059,4273.46
2025-10-27,Overnight Fund,INF17472306,1241.8205,371.3
2025-10-22,Overnight Fund,INF16519507,1786.6508,3703.16
2025-10-24,Balanced Advantage Fund,INF96368008,1786.6912,341.18
2025-10-22,Overnight Fund,INF95850609,323.0991,3050.85
2025-10-24,Alpha Equity Fund - Regular,INF90733800,868.8422,4344.0
2025-11-03,Arbitrage Edge Fund,INF92606401,967.094,585.65
2025-11-25,Dynamic Asset Allocator,INF48477402,144.0656,1553.3
2025-10-26,Liquid Ultra Fund,INF80548803,55.3715,3323.83
2025-10-25,Balanced Advantage Fund,INF61937704,1094.8501,4307.04
2025-11-15,Arbitrage Edge Fund,INF31746705,993.7724,3737.51
2025-11-01,Liquid Ultra Fund,INF73946906,1084.0177,1459.32
2025-10-21,Overnight Fund,INF49296307,900.8982,1722.85
2025-10-31,Overnight Fund,INF43967608,1075.4998,2844.12
2025-11-23,Short Term Debt Fund,INF16702109,1730.6896,3830.35
2025-11-10,Dynamic Asset Allocator,INF94058100,1614.9875,2062.29
2025-11-19,Balanced Advantage Fund,INF36387501,907.7128,2559.54
2025-10-25,Liquid Ultra Fund,INF34580802,752.1528,2437.62
2025-11-24,Dynamic Asset Allocator,INF57592103,157.7805,3920.97
2025-11-02,Short Term Debt Fund,INF55997804,322.3332,2287.81
2025-11-09,Balanced Advantage Fund,INF91718005,1907.8208,4398.76
2025-11-23,Liquid Ultra Fund,INF58428206,1026.9103,628.08
2025-10-26,Arbitrage Edge Fund,INF14046107,1240.337,4628.99
2025-11-26,Alpha Equity Fund - Regular,INF35029108,387.1269,2866.95
2025-11-22,Arbitrage Edge Fund,INF21498209,339.7204,3022.65
2025-11-15,Liquid Ultra Fund,INF84849500,866.1087,3497.4
2025-11-19,Overnight Fund,INF81517801,1720.6649,268.24
2025-11-11,Balanced Advantage Fund,INF50361302,231.1861,822.58
2025-11-19,Dynamic Asset Allocator,INF44321303,1579.0423,4094.73
2025-11-20,Balanced Advantage Fund,INF31502804,561.3443,106.84
2025-11-03,Dynamic Asset Allocator,INF16314805,371.2469,2236.06
2025-11-08,Dynamic Asset Allocator,INF76748606,1152.6653,3429.88
2025-11-08,Short Term Debt Fund,INF43884907,1379.0098,1995.54
2025-11-26,Liquid Ultra Fund,INF75024408,646.5757,125.33
2025-11-26,Balanced Advantage Fund,INF62352109,1229.1565,4975.16
2025-10-22,Overnight Fund,INF75343700,1098.2321,1211.02
2025-10-28,Dynamic Asset Allocator,INF86854401,1650.1993,1654.8
2025-11-15,Arbitrage Edge Fund,INF42555502,1928.7858,2718.29
2025-10-24,Dynamic Asset Allocator,INF14531603,1998.3962,4101.74
2025-11-18,Overnight Fund,INF59623304,189.9022,4773.07
2025-11-17,Dynamic Asset Allocator,INF12605805,891.7732,2080.42
2025-11-14,Alpha Equity Fund - Regular,INF70493706,115.2243,2320.12
2025-11-17,Dynamic Asset Allocator,INF41792407,1960.4756,408.16
2025-10-28,Short Term Debt Fund,INF56712208,464.0509,4281.29
2025-11-17,Dynamic Asset Allocator,INF11327709,1839.7366,2207.72
2025-11-26,Overnight Fund,INF90328700,301.2817,3987.01
2025-11-10,Overnight Fund,INF83761201,1389.2853,1758.02
2025-11-25,Dynamic Asset Allocator,INF28655402,878.4638,1858.94
2025-11-13,Dynamic Asset Allocator,INF69042003,750.9344,1437.59
2025-11-07,Overnight Fund,INF50190504,43.844,1036.58
2025-11-06,Short Term Debt Fund,INF61643105,735.8477,3432.55
2025-10-21,Liquid Ultra Fund,INF78684206,124.6833,1515.77
2025-10-22,Dynamic Asset Allocator,INF16624007,1718.1409,2519.79
2025-10-21,Balanced Advantage Fund,INF83963008,855.3191,430.57
2025-11-22,Arbitrage Edge Fund,INF15781709,1454.3508,2106.5
2025-10-26,Arbitrage Edge Fund,INF67410400,343.7556,158.77
2025-11-13,Arbitrage Edge Fund,INF13494401,665.8067,2263.6
2025-11-02,Overnight Fund,INF16923202,142.9089,2668.7
2025-11-22,Alpha Equity Fund - Regular,INF94080103,1282.4641,3031.91
2025-11-07,Dynamic Asset Allocator,INF74095904,320.3426,4740.44
2025-11-14,Dynamic Asset Allocator,INF31421605,1352.897,2624.76
2025-11-11,Balanced Advantage Fund,INF75672306,1245.5682,1695.58
2025-10-29,Balanced Advantage Fund,INF43439107,99.8065,1782.64
2025-11-08,Alpha Equity Fund - Regular,INF97342708,31319.1762,283.18
2025-11-03,Alpha Equity Fund - Regular,INF66936209,1486.3682,3263.89
2025-11-07,Overnight Fund,INF69987600,70.9843,4397.78
2025-11-08,Liquid Ultra Fund,INF47781001,550.2108,3774.41
2025-11-20,Short Term Debt Fund,INF66098502,1833.3512,340.61
2025-11-14,Short Term Debt Fund,INF43234703,134.3838,2273.48
2025-11-19,Short Term Debt Fund,INF79387204,1061.0884,4843.96
2025-10-28,Alpha Equity Fund - Regular,INF64668505,1507.5402,1251.01
2025-10-21,Alpha Equity Fund - Regular,INF24246006,774.8578,3859.4
2025-11-18,Balanced Advantage Fund,INF45883307,1947.6545,2164.09
2025-11-11,Dynamic Asset Allocator,INF49719508,748.0603,2281.18
2025-10-30,Short Term Debt Fund,INF13119909,1091.3308,2970.12
2025-11-18,Arbitrage Edge Fund,INF15674800,1310.5271,617.39
2025-11-21,Arbitrage Edge Fund,INF57392301,801.846,3510.96
2025-11-24,Liquid Ultra Fund,INF17031802,624.6654,3718.97
2025-11-07,Overnight Fund,INF54161003,769.858,1805.43
2025-11-22,Dynamic Asset Allocator,INF61885204,1326.0663,4631.7
2025-11-18,Liquid Ultra Fund,INF52120905,1301.472,847.11
2025-11-18,Dynamic Asset Allocator,INF89510806,1825.962,4990.1
2025-11-06,Overnight Fund,INF60105007,765.0226,399.1
2025-11-14,Overnight Fund,INF62573908,1612.2347,1725.04
2025-11-16,Overnight Fund,INF10715309,720.7917,1024.29
2025-11-16,Dynamic Asset Allocator,INF15677000,463.5777,2358.05
2025-11-20,Arbitrage Edge Fund,INF85161401,1653.7659,1738.17
2025-11-25,Liquid Ultra Fund,INF74220902,690.2385,1468.96
2025-10-30,Short Term Debt Fund,INF66175103,423.0139,3816.24
2025-11-17,Arbitrage Edge Fund,INF82904704,1236.3878,4978.03
2025-11-26,Dynamic Asset Allocator,INF99827805,307.3543,2039.2
2025-11-11,Liquid Ultra Fund,INF48847306,1825.0168,1219.81
2025-10-23,Liquid Ultra Fund,INF22401507,593.6267,3516.77
2025-11-05,Alpha Equity Fund - Regular,INF33008208,1843.6326,3492.49
2025-11-05,Alpha Equity Fund - Regular,INF47824009,378.4852,3554.58
2025-11-23,Arbitrage Edge Fund,INF25371100,877.9922,2582.41
2025-10-22,Dynamic Asset Allocator,INF80797601,1174.6401,1275.49
2025-11-20,Dynamic Asset Allocator,INF39747802,110.317,1867.1
2025-11-21,Liquid Ultra Fund,INF22863003,1949.1661,1816.32
2025-10-31,Arbitrage Edge Fund,INF85271504,600.4361,250.67
2025-11-07,Short Term Debt Fund,INF35925105,140.0456,1177.23
2025-10-24,Liquid Ultra Fund,INF85800106,1123.4186,2244.97
2025-11-04,Short Term Debt Fund,INF88074307,151.0351,763.74
2025-10-30,Dynamic Asset Allocator,INF74498008,1684.0721,558.02
2025-11-19,Overnight Fund,INF42684709,1139.5657,2257.46
2025-11-04,Short Term Debt Fund,INF83835200,1965.4703,4249.46
2025-11-14,Short Term Debt Fund,INF38088201,1512.1678,2955.61
2025-11-19,Alpha Equity Fund - Regular,INF27249102,39.317,1188.03
2025-10-27,Liquid Ultra Fund,INF37340603,647.1842,3701.19
2025-11-24,Overnight Fund,INF46031204,1300.7775,1546.33
2025-11-17,Short Term Debt Fund,INF23683005,1086.9828,925.2
2025-11-14,Balanced Advantage Fund,INF42153306,403.6549,1255.72
2025-11-01,Arbitrage Edge Fund,INF76048807,1837.396,3074.74
2025-11-22,Balanced Advantage Fund,INF72300608,1336.0283,3755.42
2025-11-21,Liquid Ultra Fund,INF13787809,404.2331,3051.03
2025-11-26,Short Term Debt Fund,INF23409500,348.5639,3068.89
2025-11-12,Alpha Equity Fund - Regular,INF76260601,877.3962,1661.7
2025-11-07,Balanced Advantage Fund,INF13160102,126.1205,3185.76
2025-10-29,Arbitrage Edge Fund,INF44905503,1208.5594,3917.69
2025-10-25,Overnight Fund,INF20736904,113.3129,1633.33
2025-11-24,Arbitrage Edge Fund,INF19258105,90.583,2593.21
2025-11-05,Short Term Debt Fund,INF82489306,523.9305,2523.12
2025-10-23,Overnight Fund,INF87309207,207.1266,224.42
2025-11-14,Balanced Advantage Fund,INF74039008,200.2973,1370.19
2025-11-07,Alpha Equity Fund - Regular,INF33915009,1937.7606,4977.6
2025-11-12,Balanced Advantage Fund,INF69214700,588.8462,2090.25
2025-10-23,Overnight Fund,INF11999201,1341.079,3575.23
2025-10-28,Arbitrage Edge Fund,INF36974302,1631.8918,1970.15
2025-10-27,Liquid Ultra Fund,INF23751203,674.3979,3662.97
2025-10-28,Alpha Equity Fund - Regular,INF35960104,1716.6998,931.74
2025-11-20,Liquid Ultra Fund,INF66851305,1252.3274,3501.28
2025-10-23,Short Term Debt Fund,INF95506206,1577.248,3520.91
2025-11-22,Alpha Equity Fund - Regular,INF57000007,1839.5737,2400.94
2025-10-27,Arbitrage Edge Fund,INF54861508,1196.1602,456.04
2025-11-07,Arbitrage Edge Fund,INF69234809,65.0593,3108.2
2025-11-07,Arbitrage Edge Fund,INF43741600,330.9864,958.01
2025-11-21,Alpha Equity Fund - Regular,INF89932601,1938.7577,984.94
2025-11-24,Dynamic Asset Allocator,INF84765202,107.4716,4848.87
2025-11-26,Liquid Ultra Fund,INF96150503,1260.946,4631.53
2025-11-17,Arbitrage Edge Fund,INF28294804,1653.5731,2010.04
2025-11-12,Liquid Ultra Fund,INF72342305,89.5264,1693.6
2025-11-21,Alpha Equity Fund - Regular,INF80223406,216.0492,87.28
2025-10-31,Dynamic Asset Allocator,INF97964407,1121.172,3943.45
2025-11-10,Alpha Equity Fund - Regular,INF42196808,333.2355,4298.93
2025-10-31,Liquid Ultra Fund,INF90712309,75.6171,2282.21
2025-10-29,Arbitrage Edge Fund,INF61961400,46.9891,113.23
2025-10-25,Overnight Fund,INF94767101,1339.463,701.44
2025-10-28,Alpha Equity Fund - Regular,INF22568702,1883.6806,4251.47
2025-10-22,Balanced Advantage Fund,INF45414803,45.7848,3660.29
2025-11-20,Balanced Advantage Fund,INF89234304,1987.7212,1935.17
2025-10-26,Overnight Fund,INF95655905,1102.7426,3862.09
2025-11-23,Balanced Advantage Fund,INF11557906,1700.3892,1225.43
2025-11-11,Short Term Debt Fund,INF52410207,974.3614,1214.46
2025-11-23,Arbitrage Edge Fund,INF77208908,52.6674,901.0
2025-11-17,Short Term Debt Fund,INF37260309,1094.3664,1680.38
2025-11-03,Arbitrage Edge Fund,INF57925600,396.6982,72.07
2025-11-07,Arbitrage Edge Fund,INF51127101,1643.0076,2678.09
2025-11-19,Liquid Ultra Fund,INF19633802,601.6719,3674.88
2025-11-19,Balanced Advantage Fund,INF24641103,1356.7904,2407.94
2025-11-11,Arbitrage Edge Fund,INF87533404,820.5619,1076.52
2025-11-04,Liquid Ultra Fund,INF26481405,1899.6617,828.88
2025-11-22,Short Term Debt Fund,INF62785006,1182.2791,4935.11
2025-10-24,Dynamic Asset Allocator,INF70691607,727.4346,2141.82
2025-11-03,Short Term Debt Fund,INF54068908,1824.5151,4205.81
2025-11-10,Dynamic Asset Allocator,INF84981309,1245.3052,2735.27
2025-11-23,Overnight Fund,INF72396100,1638.3834,4809.79
2025-11-20,Balanced Advantage Fund,INF70428601,1724.6522,1698.41
2025-11-02,Alpha Equity Fund - Regular,INF85771302,110.8943,2061.23
2025-10-24,Overnight Fund,INF62818903,277.4822,1756.25
2025-11-03,Alpha Equity Fund - Regular,INF29640204,1670.9698,4801.69
2025-11-23,Arbitrage Edge Fund,INF39177605,895.6397,3765.64
2025-11-01,Alpha Equity Fund - Regular,INF15852906,414.0069,1067.39
2025-11-19,Liquid Ultra Fund,INF98259507,940.9961,239.75
2025-10-22,Alpha Equity Fund - Regular,INF23793908,129.3157,4202.59
2025-11-03,Dynamic Asset Allocator,INF58708009,1229.5132,2549.05
2025-10-24,Arbitrage Edge Fund,INF58661900,1340.7581,1633.62
2025-10-21,Short Term Debt Fund,INF12050201,1716.4299,1555.64
2025-11-19,Alpha Equity Fund - Regular,INF34085902,310.0303,3867.23
2025-11-25,Short Term Debt Fund,INF16061703,1856.7861,4308.77
2025-10-26,Liquid Ultra Fund,INF17706204,280.7204,4077.37
2025-11-10,Arbitrage Edge Fund,INF23627105,1681.3329,1126.22
2025-11-18,Arbitrage Edge Fund,INF92455506,778.7864,1732.11
2025-11-09,Liquid Ultra Fund,INF43640507,1598.811,172.85
2025-10-27,Balanced Advantage Fund,INF27165408,1921.6244,480.82
2025-11-08,Liquid Ultra Fund,INF60676109,1658.8015,1252.02
2025-11-23,Short Term Debt Fund,INF60579600,858.5626,2109.55
2025-11-11,Balanced Advantage Fund,INF96470001,308.2285,3305.15
2025-10-28,Overnight Fund,INF15584602,439.6144,3458.74
2025-11-10,Balanced Advantage Fund,INF54864503,690.4852,254.08
2025-11-05,Balanced Advantage Fund,INF38296004,12.1468,4191.22
2025-10-21,Alpha Equity Fund - Regular,INF92548205,1982.7338,2143.98
2025-10-28,Alpha Equity Fund - Regular,INF57795106,1237.6078,1310.89
2025-11-22,Alpha Equity Fund - Regular,INF67278207,1170.9562,3877.63
2025-11-20,Overnight Fund,INF11571708,924.5289,2809.42
2025-11-01,Dynamic Asset Allocator,INF17204009,872.3643,4492.47
2025-11-16,Balanced Advantage Fund,INF91720900,1482.0509,4599.92
2025-11-16,Balanced Advantage Fund,INF84484501,1714.0674,1059.66
2025-11-01,Balanced Advantage Fund,INF28255702,92.0857,3562.84
2025-11-10,Dynamic Asset Allocator,INF72900503,614.1471,3337.27
2025-10-30,Alpha Equity Fund - Regular,INF74883704,534.5682,4767.28
2025-11-13,Short Term Debt Fund,INF13856705,590.3599,2817.7
2025-11-20,Overnight Fund,INF91908806,798.5125,1171.06
2025-10-29,Balanced Advantage Fund,INF77988607,1507.2188,3853.78
2025-10-24,Short Term Debt Fund,INF15384108,1725.1671,3235.13
2025-11-20,Balanced Advantage Fund,INF10928009,1275.468,4339.46
2025-11-10,Arbitrage Edge Fund,INF18575300,1963.1749,3963.82
2025-11-09,Arbitrage Edge Fund,INF70720901,1785.5917,1843.72
2025-11-11,Arbitrage Edge Fund,INF84875702,313.3292,2384.14
2025-11-25,Alpha Equity Fund - Regular,INF77854503,1172.267,4599.72
2025-10-28,Alpha Equity Fund - Regular,INF99571804,1528.3733,2107.03
2025-11-11,Short Term Debt Fund,INF44712905,1139.8146,3229.49
2025-11-26,Short Term Debt Fund,INF34127106,366.548,497.22
2025-11-25,Liquid Ultra Fund,INF49148307,1351.5628,201.36
2025-11-20,Balanced Advantage Fund,INF94344108,123.8926,2140.18
2025-11-22,Liquid Ultra Fund,INF88076409,17.7885,2692.1
2025-11-25,Arbitrage Edge Fund,INF91675700,1129.9117,645.59
2025-11-25,Alpha Equity Fund - Regular,INF92885501,493.0491,3410.85
2025-10-28,Short Term Debt Fund,INF26701002,1506.9191,4745.08
2025-11-11,Arbitrage Edge Fund,INF18846803,1678.8312,3392.75
2025-11-09,Arbitrage Edge Fund,INF87918104,818.1663,577.81
2025-11-26,Dynamic Asset Allocator,INF28113005,531.9753,2959.69
2025-11-11,Balanced Advantage Fund,INF51840806,1894.6347,2975.12
2025-11-17,Alpha Equity Fund - Regular,INF55723507,1432.166,2255.92
2025-11-01,Arbitrage Edge Fund,INF56764008,1401.899,256.29
2025-10-27,Balanced Advantage Fund,INF71652609,713.7908,2661.74
2025-11-14,Dynamic Asset Allocator,INF75215200,1336.0875,4402.14
2025-11-25,Alpha Equity Fund - Regular,INF78019201,588.3774,272.52
2025-11-04,Liquid Ultra Fund,INF77129002,284.1033,4716.78
2025-10-23,Dynamic Asset Allocator,INF54985403,1928.6236,3999.53
2025-11-16,Balanced Advantage Fund,INF68751604,1786.9448,447.39
2025-10-29,Short Term Debt Fund,INF66732205,1223.7051,3806.47
2025-11-21,Alpha Equity Fund - Regular,INF89098606,1798.5131,3974.81
2025-11-21,Arbitrage Edge Fund,INF88662807,1321.7541,543.37
2025-11-09,Dynamic Asset Allocator,INF10357108,682.0436,912.89
2025-11-17,Liquid Ultra Fund,INF75402809,966.4103,4776.68
2025-11-24,Liquid Ultra Fund,INF20897400,1887.0791,1402.76
2025-11-19,Alpha Equity Fund - Regular,INF39735001,348.6816,2269.1
2025-11-20,Balanced Advantage Fund,INF62098902,1367.9964,1682.76
2025-11-03,Dynamic Asset Allocator,INF34284203,1282.979,976.37
2025-10-22,Balanced Advantage Fund,INF38237504,601.252,3048.93
2025-11-19,Short Term Debt Fund,INF19283105,460.9624,2658.02
2025-10-26,Arbitrage Edge Fund,INF50548706,165.1162,2195.9
2025-10-28,Dynamic Asset Allocator,INF63477307,583.3162,1698.27
2025-10-31,Overnight Fund,INF58231608,879.9635,2979.43
2025-11-19,Overnight Fund,INF91061209,452.9812,4892.45
2025-10-27,Dynamic Asset Allocator,INF11657900,1544.4461,1690.86
2025-10-30,Liquid Ultra Fund,INF62433801,1223.2705,4485.2
2025-11-20,Balanced Advantage Fund,INF45958502,69.2546,4813.85
2025-11-23,Alpha Equity Fund - Regular,INF51795303,481.3933,590.36
2025-11-07,Arbitrage Edge Fund,INF82533604,1122.9039,1920.24
2025-10-25,Liquid Ultra Fund,INF65934705,1698.0612,1580.88
2025-10-23,Arbitrage Edge Fund,INF23548306,349.6844,2900.39
2025-11-11,Alpha Equity Fund - Regular,INF86841307,191.3032,1752.98
2025-10-29,Short Term Debt Fund,INF11567208,1266.5521,4233.23
2025-10-21,Alpha Equity Fund - Regular,INF72681309,186.7898,2431.38
2025-11-12,Overnight Fund,INF98842200,1895.9828,2886.88
2025-11-15,Overnight Fund,INF61247201,440.5319,3734.44
2025-11-19,Liquid Ultra Fund,INF53228202,774.4852,1404.26
2025-11-14,Balanced Advantage Fund,INF53120303,268.938,3514.94
2025-10-22,Alpha Equity Fund - Regular,INF88462304,1472.4698,4929.0
2025-11-02,Liquid Ultra Fund,INF31545405,979.1517,736.88
2025-11-15,Dynamic Asset Allocator,INF76487506,1473.8321,2561.6
2025-11-05,Alpha Equity Fund - Regular,INF11623807,1229.9534,1602.35
2025-11-17,Balanced Advantage Fund,INF28597308,1322.918,1031.27
2025-11-14,Overnight Fund,INF40374909,847.4423,3848.11
2025-10-29,Alpha Equity Fund - Regular,INF91475300,1319.3311,3165.67
2025-11-25,Arbitrage Edge Fund,INF76057201,1639.2912,4519.54
2025-11-05,Overnight Fund,INF66675402,345.2644,4574.12
2025-10-29,Arbitrage Edge Fund,INF59260303,821.1973,3666.55
2025-11-21,Dynamic Asset Allocator,INF62732904,1071.8118,3868.73
2025-10-26,Overnight Fund,INF40360305,573.1987,359.16
2025-10-31,Overnight Fund,INF34919106,767.141,1471.88
2025-11-13,Short Term Debt Fund,INF95808507,769.4718,4671.47
2025-11-17,Alpha Equity Fund - Regular,INF33102408,1170.184,2276.3
2025-11-11,Dynamic Asset Allocator,INF81738109,561.414,552.62
2025-11-25,Balanced Advantage Fund,INF59058200,1583.0103,1418.34
2025-11-17,Short Term Debt Fund,INF21430501,114.3726,1796.86
2025-11-22,Alpha Equity Fund - Regular,INF16838002,1807.6251,493.12
2025-11-03,Overnight Fund,INF69911103,1471.4282,419.56
2025-11-19,Liquid Ultra Fund,INF36032004,1963.6381,698.93
2025-11-24,Balanced Advantage Fund,INF39981105,1279.1908,3787.27
2025-11-04,Dynamic Asset Allocator,INF42140906,1222.9499,2282.28
2025-11-13,Short Term Debt Fund,INF29213207,520.2409,2114.8
2025-10-22,Overnight Fund,INF35385308,154.524,491.37
2025-11-24,Overnight Fund,INF76212809,624.1871,1695.96
2025-11-11,Dynamic Asset Allocator,INF46889800,1707.3755,3736.7
2025-11-16,Short Term Debt Fund,INF88253501,1190.783,92.59
2025-11-04,Short Term Debt Fund,INF77110902,1934.849,1025.4
2025-11-18,Liquid Ultra Fund,INF99033803,1456.3559,128.02
2025-10-22,Alpha Equity Fund - Regular,INF11408104,1643.6049,1242.69
2025-11-03,Alpha Equity Fund - Regular,INF39269005,436.7726,2444.75
2025-11-18,Short Term Debt Fund,INF61822606,1932.1178,1694.19
2025-11-20,Dynamic Asset Allocator,INF50522807,1893.1393,4320.04
2025-11-25,Short Term Debt Fund,INF25365208,349.547,785.34
2025-11-22,Alpha Equity Fund - Regular,INF64715509,1805.7266,4270.78
2025-10-31,Arbitrage Edge Fund,INF60469100,1815.5808,231.3
2025-11-05,Overnight Fund,INF82097301,180.8792,3635.63
2025-10-25,Arbitrage Edge Fund,INF56458002,1284.1591,1781.24
2025-11-26,Short Term Debt Fund,INF26445503,1573.0426,2852.62
2025-11-03,Overnight Fund,INF16199304,163.4403,1536.54
2025-11-07,Balanced Advantage Fund,INF31706905,1747.6886,58.36
2025-11-05,Liquid Ultra Fund,INF81317506,1346.4602,4162.57
2025-11-25,Balanced Advantage Fund,INF82137807,1689.8698,929.76
2025-11-06,Balanced Advantage Fund,INF42719908,1421.5422,2988.57
2025-11-20,Dynamic Asset Allocator,INF86517709,733.1856,2077.09
2025-11-12,Overnight Fund,INF56078600,792.7913,3549.59
2025-10-26,Liquid Ultra Fund,INF33313001,894.567,1748.18
2025-11-12,Alpha Equity Fund - Regular,INF63420402,1387.3762,239.51
2025-11-17,Overnight Fund,INF54116203,63.5986,4107.21
2025-10-31,Overnight Fund,INF55803804,459.3729,2943.76
2025-11-04,Liquid Ultra Fund,INF22163705,1043.4338,315.59
2025-11-15,Short Term Debt Fund,INF84988506,697.108,3502.54
2025-11-25,Overnight Fund,INF61113907,238.3887,2489.06
2025-11-09,Alpha Equity Fund - Regular,INF89863708,323.6578,4105.96
2025-11-04,Alpha Equity Fund - Regular,INF80331109,1008.6293,4725.14
2025-11-18,Short Term Debt Fund,INF81914100,1603.4874,1608.02
2025-10-26,Balanced Advantage Fund,INF40771001,831.3887,1094.94
2025-11-14,Balanced Advantage Fund,INF94488002,1731.0025,2667.89
2025-10-29,Short Term Debt Fund,INF92596803,748.5548,407.99
2025-11-25,Overnight Fund,INF84744704,846.8161,2924.56
2025-11-13,Overnight Fund,INF72598205,817.8607,4047.48
2025-10-31,Short Term Debt Fund,INF61577506,1510.608,2594.22
2025-11-19,Short Term Debt Fund,INF20387207,1009.0612,4592.45
2025-10-31,Balanced Advantage Fund,INF35133808,312.5791,1626.79
2025-10-22,Alpha Equity Fund - Regular,INF83714909,1011.1464,2632.74
2025-10-23,Dynamic Asset Allocator,INF86207500,10.9227,4971.06
2025-10-27,Short Term Debt Fund,INF21056501,1235.6172,3603.64
2025-10-21,Dynamic Asset Allocator,INF70355202,1634.2438,1616.99
2025-10-23,Balanced Advantage Fund,INF95535503,383.3116,3376.35
2025-10-25,Short Term Debt Fund,INF98746404,1871.9804,1299.95
2025-11-26,Alpha Equity Fund - Regular,INF47013505,1068.0559,1786.19
2025-11-16,Balanced Advantage Fund,INF82712606,1931.3975,1733.02
2025-10-28,Liquid Ultra Fund,INF50188107,545.5294,550.77
2025-11-09,Balanced Advantage Fund,INF47969208,1374.9804,2433.78
2025-11-20,Overnight Fund,INF78902709,1261.7247,4154.59
2025-10-26,Liquid Ultra Fund,INF53909100,1242.9475,310.42
2025-11-02,Short Term Debt Fund,INF79539901,737.2608,2690.15
2025-11-18,Liquid Ultra Fund,INF15167202,1597.6378,2148.88
2025-11-21,Dynamic Asset Allocator,INF21073503,691.6707,4596.54
2025-11-01,Arbitrage Edge Fund,INF44281504,1338.0844,672.17
2025-11-21,Balanced Advantage Fund,INF59028205,806.0411,1080.35
2025-11-20,Dynamic Asset Allocator,INF75985706,1921.6736,716.04
2025-11-16,Dynamic Asset Allocator,INF85614407,1413.6354,1644.14
2025-11-10,Arbitrage Edge Fund,INF90302008,1763.7127,2331.65
2025-11-08,Dynamic Asset Allocator,INF88024109,1414.8122,2432.71
2025-11-02,Balanced Advantage Fund,INF16111800,384.4438,4404.29
2025-11-21,Dynamic Asset Allocator,INF97534501,1703.3717,4692.45
2025-11-11,Short Term Debt Fund,INF46963802,1224.2293,2421.57
2025-11-26,Overnight Fund,INF98107903,985.5818,1154.06
2025-11-25,Dynamic Asset Allocator,INF69099804,1275.983,4699.35
2025-11-13,Alpha Equity Fund - Regular,INF60418205,1222.089,2312.98
2025-10-21,Overnight Fund,INF55613406,1156.4468,2346.61
2025-11-12,Alpha Equity Fund - Regular,INF58137307,1005.111,1506.64
2025-11-09,Dynamic Asset Allocator,INF79095608,946.5314,3749.99
2025-11-13,Short Term Debt Fund,INF72540309,57469.7957,582.88
2025-10-21,Alpha Equity Fund - Regular,INF50612600,1361.6638,4700.16
2025-10-25,Short Term Debt Fund,INF58809301,103.3471,2209.33
2025-10-27,Short Term Debt Fund,INF76772602,41.9809,3385.02
2025-11-05,Balanced Advantage Fund,INF70439203,1206.2005,4485.34
2025-11-09,Overnight Fund,INF52889004,1596.1274,4466.97
2025-11-14,Arbitrage Edge Fund,INF72055905,240.2394,4428.23
2025-10-24,Overnight Fund,INF45169406,553.1129,323.1
2025-11-12,Overnight Fund,INF41929107,693.0081,2183.46
2025-10-26,Arbitrage Edge Fund,INF57689308,1845.2889,619.61
2025-11-05,Arbitrage Edge Fund,INF43155509,373.5551,2954.01
2025-11-24,Short Term Debt Fund,INF57757000,133.2796,1019.86
2025-10-23,Balanced Advantage Fund,INF43044301,284.5425,2514.87
2025-11-20,Short Term Debt Fund,INF19699702,1097.9882,2633.96
2025-11-23,Liquid Ultra Fund,INF54242503,1713.0128,3709.9
2025-10-30,Balanced Advantage Fund,INF23226904,1894.743,4441.04
2025-11-04,Overnight Fund,INF49840105,489.9868,1146.23
2025-11-07,Balanced Advantage Fund,INF80128006,559.8608,2281.66
2025-11-07,Overnight Fund,INF96568207,1506.4232,769.38
2025-11-22,Arbitrage Edge Fund,INF11529508,37.6921,1254.25
2025-11-19,Liquid Ultra Fund,INF62294509,648.3448,1286.62
2025-11-12,Short Term Debt Fund,INF51568200,457.0561,303.35
2025-11-17,Alpha Equity Fund - Regular,INF85672001,1665.1025,3402.75
2025-11-06,Liquid Ultra Fund,INF15020002,304.5774,1681.46
2025-11-24,Short Term Debt Fund,INF38151903,1541.7508,4969.98
2025-11-25,Arbitrage Edge Fund,INF97005004,178.593,4226.89
2025-10-25,Alpha Equity Fund - Regular,INF29589805,1226.9442,4644.69
2025-11-16,Dynamic Asset Allocator,INF89599606,535.7903,4856.83
2025-10-28,Dynamic Asset Allocator,INF75791607,216.2711,3467.61
2025-11-24,Short Term Debt Fund,INF81389208,1596.1344,4873.48
2025-11-12,Overnight Fund,INF83240609,918.0813,425.69
2025-10-23,Arbitrage Edge Fund,INF74930500,1487.836,1372.04
2025-11-02,Arbitrage Edge Fund,INF30055801,759.7917,1567.69
2025-10-26,Liquid Ultra Fund,INF35532502,1693.8864,3176.57
2025-10-24,Alpha Equity Fund - Regular,INF58321503,1823.9538,1344.24
2025-11-26,Liquid Ultra Fund,INF97493904,1795.2949,3695.47
2025-10-24,Liquid Ultra Fund,INF34473405,499.3631,4536.97
2025-11-22,Short Term Debt Fund,INF32278706,1476.0545,3919.52
2025-11-18,Arbitrage Edge Fund,INF29532207,1388.4024,1894.59
2025-11-25,Dynamic Asset Allocator,INF47307108,1814.999,1203.49
2025-11-21,Balanced Advantage Fund,INF58277109,105.0007,286.67
2025-10-21,Liquid Ultra Fund,INF84215700,1374.1821,800.31
2025-11-09,Overnight Fund,INF56323101,724.9882,4557.92
2025-10-30,Short Term Debt Fund,INF42674202,522.0948,3311.53
2025-11-08,Short Term Debt Fund,INF86808803,230.5171,868.37
2025-11-11,Arbitrage Edge Fund,INF58275504,227.9264,117.92
2025-11-02,Short Term Debt Fund,INF46441105,34.135,2897.1
2025-10-26,Short Term Debt Fund,INF88216806,1132.3471,1068.0
2025-11-20,Alpha Equity Fund - Regular,INF13568507,1177.9267,2994.04
2025-11-10,Dynamic Asset Allocator,INF42846008,64.8853,1044.44
2025-11-11,Arbitrage Edge Fund,INF67547409,295.4812,1305.03
2025-11-12,Balanced Advantage Fund,INF54783100,1232.9051,3196.3
2025-10-24,Arbitrage Edge Fund,INF20427001,913.5928,1969.13
2025-11-15,Arbitrage Edge Fund,INF81041002,1326.2512,4767.4
2025-11-26,Liquid Ultra Fund,INF27737003,1503.5178,2691.52
2025-10-30,Dynamic Asset Allocator,INF99751404,338.3513,1284.43
2025-11-19,Alpha Equity Fund - Regular,INF75236905,108.4101,2239.69
2025-10-30,Liquid Ultra Fund,INF10011906,77.44,4354.75
2025-10-24,Arbitrage Edge Fund,INF78367807,1178.121,3763.73
2025-11-05,Overnight Fund,INF69242408,1642.6365,332.71
2025-10-24,Short Term Debt Fund,INF43641409,733.9484,2506.99
2025-11-21,Liquid Ultra Fund,INF63155000,779.0684,4676.08
2025-11-01,Arbitrage Edge Fund,INF23955401,201.2125,3090.85
2025-11-19,Dynamic Asset Allocator,INF84327902,1967.6032,2259.22
2025-11-06,Dynamic Asset Allocator,INF87269003,1755.5857,3063.84
2025-11-13,Liquid Ultra Fund,INF63153804,1193.3934,1808.69
2025-11-14,Overnight Fund,INF15183505,290.1006,2494.44
2025-11-11,Liquid Ultra Fund,INF72566306,1779.1911,534.14
2025-11-06,Dynamic Asset Allocator,INF72354307,1466.35,4437.2
2025-11-23,Overnight Fund,INF94294308,1750.412,2693.5
2025-10-21,Alpha Equity Fund - Regular,INF72450609,430.2117,863.56
2025-11-15,Arbitrage Edge Fund,INF39226200,1275.4411,2304.69
2025-11-25,Overnight Fund,INF24026501,465.7301,1380.68
2025-10-24,Arbitrage Edge Fund,INF90139802,1171.2521,885.94
2025-11-25,Liquid Ultra Fund,INF70821103,672.5066,4388.77
2025-11-19,Arbitrage Edge Fund,INF67051004,1951.9277,4107.21
2025-10-25,Short Term Debt Fund,INF56001005,329.7547,588.78
2025-11-09,Dynamic Asset Allocator,INF86138906,99.6236,4128.34
2025-11-12,Dynamic Asset Allocator,INF76311107,715.7004,677.62
2025-11-14,Liquid Ultra Fund,INF83513308,420.4523,4884.0
2025-11-08,Dynamic Asset Allocator,INF59712309,1137.1539,2583.87
2025-11-18,Liquid Ultra Fund,INF39631700,747.86,4228.58
2025-10-22,Overnight Fund,INF91104601,609.149,458.09
2025-11-16,Short Term Debt Fund,INF66496402,1232.753,1544.74
2025-10-29,Overnight Fund,INF33874903,1911.2657,1181.76
2025-11-22,Alpha Equity Fund - Regular,INF85811604,1530.701,1118.58
2025-11-22,Balanced Advantage Fund,INF76793305,197.2014,3112.25
2025-11-19,Arbitrage Edge Fund,INF26835806,403.8253,2170.42
2025-11-04,Arbitrage Edge Fund,INF74856507,1417.6681,635.05
2025-11-19,Short Term Debt Fund,INF77252908,1540.6058,1168.55
2025-11-03,Liquid Ultra Fund,INF88958109,1869.4397,2223.7
2025-10-30,Dynamic Asset Allocator,INF87590500,790.7674,3966.02
2025-10-24,Short Term Debt Fund,INF70166901,426.6133,2602.44
2025-11-25,Overnight Fund,INF10844602,676.1149,2075.31
2025-11-20,Dynamic Asset Allocator,INF21166703,1772.7604,3646.1
2025-11-07,Balanced Advantage Fund,INF82049004,1039.1305,4438.1
2025-11-22,Liquid Ultra Fund,INF40395405,1393.7883,3627.68
2025-11-09,Overnight Fund,INF82014106,187.1063,830.01
2025-11-09,Balanced Advantage Fund,INF48086207,758.1372,1320.23
2025-11-22,Overnight Fund,INF68248708,464.2568,4930.51
2025-11-08,Overnight Fund,INF74738909,1803.7252,3518.55
2025-11-19,Arbitrage Edge Fund,INF16058200,1765.9504,2726.68
2025-11-11,Alpha Equity Fund - Regular,INF94724101,929.3234,366.49
2025-11-01,Dynamic Asset Allocator,INF86976002,231.493,3105.5
2025-11-24,Dynamic Asset Allocator,INF88131003,1215.2291,232.65
2025-10-29,Arbitrage Edge Fund,INF63640404,1964.093,1007.47
2025-10-27,Arbitrage Edge Fund,INF70774105,1777.1951,2441.85
2025-10-29,Arbitrage Edge Fund,INF69143806,508.8432,371.55
2025-11-26,Short Term Debt Fund,INF12262107,535.9921,3287.96
2025-11-25,Short Term Debt Fund,INF10751908,494.1098,2104.63
2025-11-20,Short Term Debt Fund,INF83216209,504.8029,712.1
2025-11-15,Short Term Debt Fund,INF82144500,1012.574,2274.62
2025-11-25,Dynamic Asset Allocator,INF18560701,143.6931,3132.62
2025-11-07,Alpha Equity Fund - Regular,INF30490002,653.9897,2069.45
2025-10-31,Dynamic Asset Allocator,INF47025903,209.4745,4774.51
2025-11-03,Short Term Debt Fund,INF61573804,1578.6298,1594.76
2025-11-05,Short Term Debt Fund,INF92264605,306.6261,4484.28
2025-11-12,Alpha Equity Fund - Regular,INF23965006,410.8579,669.46
2025-10-21,Alpha Equity Fund - Regular,INF99019807,1219.8596,4679.24
2025-11-02,Arbitrage Edge Fund,INF97625008,1454.3848,3914.21
2025-11-24,Overnight Fund,INF63033809,660.1548,1874.46
2025-11-09,Short Term Debt Fund,INF68454700,1156.5973,752.93
2025-11-09,Short Term Debt Fund,INF84905701,1559.5678,3263.77
2025-11-18,Short Term Debt Fund,INF28978002,1528.7873,2742.21
2025-11-24,Liquid Ultra Fund,INF74058503,1146.5429,2572.59
2025-11-12,Short Term Debt Fund,INF87843004,1898.6172,4167.68
2025-11-05,Overnight Fund,INF18940905,1349.7919,2910.39
2025-11-12,Alpha Equity Fund - Regular,INF61910206,543.2653,4511.11
2025-10-22,Dynamic Asset Allocator,INF56000907,993.6889,1630.72
2025-10-29,Short Term Debt Fund,INF69448908,1640.3077,1428.85
2025-11-07,Overnight Fund,INF11612909,866.7964,1099.94
2025-11-15,Arbitrage Edge Fund,INF45316700,805.7622,1345.82
2025-11-17,Short Term Debt Fund,INF70190501,676.9525,2902.14
2025-11-03,Overnight Fund,INF98260802,485.989,836.71
2025-11-05,Arbitrage Edge Fund,INF34645303,1282.1861,2025.72
2025-11-06,Balanced Advantage Fund,INF77397004,521.8295,2981.31
2025-11-03,Short Term Debt Fund,INF22411305,700.0522,799.5
2025-11-06,Liquid Ultra Fund,INF41083206,1282.0915,3591.39
2025-11-21,Overnight Fund,INF77276707,430.563,1658.79
2025-11-24,Balanced Advantage Fund,INF83294508,1691.3194,1521.38
2025-11-17,Dynamic Asset Allocator,INF11633109,748.4447,1399.73
2025-11-01,Alpha Equity Fund - Regular,INF47210500,1399.0845,1812.56
2025-10-24,Alpha Equity Fund - Regular,INF92413101,1753.7534,2955.42
2025-11-06,Liquid Ultra Fund,INF44350702,278.1932,1291.5
2025-11-06,Arbitrage Edge Fund,INF48115503,1155.4386,3866.16
2025-11-08,Arbitrage Edge Fund,INF80063804,535.1425,1182.2
2025-11-10,Liquid Ultra Fund,INF40151505,69.5436,2793.54
2025-11-11,Short Term Debt Fund,INF78206906,623.997,4415.3
2025-11-08,Short Term Debt Fund,INF75285307,517.6443,2107.5
2025-11-04,Arbitrage Edge Fund,INF71223108,1056.7968,183.15
2025-11-13,Dynamic Asset Allocator,INF21315409,477.66,4057.14
2025-11-19,Alpha Equity Fund - Regular,INF67435400,597.0737,2443.29
2025-10-25,Arbitrage Edge Fund,INF29265801,89.6505,3753.76
2025-11-24,Liquid Ultra Fund,INF28803502,71.2236,1122.58
2025-11-22,Overnight Fund,INF56193603,901.1604,1105.1
2025-11-07,Short Term Debt Fund,INF13170704,317.8118,3987.12
2025-11-10,Balanced Advantage Fund,INF76808905,228.761,4655.22
2025-11-10,Liquid Ultra Fund,INF17300106,853.5059,2576.78
2025-11-13,Arbitrage Edge Fund,INF55391507,186.6408,1624.65
2025-11-07,Overnight Fund,INF63324208,62.063,4620.81
2025-11-16,Liquid Ultra Fund,INF21403909,315.9052,4005.47
2025-10-28,Balanced Advantage Fund,INF20692500,1088.2657,4719.41
2025-11-06,Liquid Ultra Fund,INF45068701,1751.9713,4364.82
2025-11-19,Dynamic Asset Allocator,INF69571202,1405.2656,1804.65
2025-11-24,Overnight Fund,INF87673603,1158.7656,1870.52
2025-10-21,Dynamic Asset Allocator,INF25375804,398.2406,4565.16
2025-11-05,Short Term Debt Fund,INF65229905,1138.0055,1864.91
2025-11-11,Balanced Advantage Fund,INF26282006,201.6052,2010.89
2025-11-12,Dynamic Asset Allocator,INF91253007,1906.3265,314.36
2025-10-26,Dynamic Asset Allocator,INF95892308,1974.3909,3879.68
2025-11-20,Balanced Advantage Fund,INF76712109,1976.0796,2906.28
2025-11-14,Arbitrage Edge Fund,INF98675900,1332.8658,3999.78
2025-11-01,Dynamic Asset Allocator,INF88092101,1112.1665,3837.76
2025-11-16,Arbitrage Edge Fund,INF63172802,1762.1798,1673.26
2025-10-29,Alpha Equity Fund - Regular,INF31687703,749.8347,4375.3
2025-11-19,Liquid Ultra Fund,INF63390304,1692.4859,3695.64
2025-11-17,Dynamic Asset Allocator,INF85637705,130.0121,4391.76
2025-11-12,Alpha Equity Fund - Regular,INF92885006,1001.1147,2328.93
2025-11-25,Alpha Equity Fund - Regular,INF31319407,1728.3448,1556.81
2025-11-11,Alpha Equity Fund - Regular,INF16719508,750.2673,1716.84
2025-10-21,Dynamic Asset Allocator,INF96937309,1919.4061,1205.98
2025-11-19,Dynamic Asset Allocator,INF54580300,1657.6793,805.45
2025-11-06,Dynamic Asset Allocator,INF63459701,1486.9463,1537.6
2025-11-06,Overnight Fund,INF96066002,1515.9259,3177.6
2025-11-11,Balanced Advantage Fund,INF61375403,1419.1803,4366.31
2025-11-07,Short Term Debt Fund,INF79997804,69.4795,1270.14
2025-10-23,Liquid Ultra Fund,INF98034705,1672.7417,3991.5
2025-11-23,Overnight Fund,INF67328106,1619.0553,3350.73
2025-11-13,Balanced Advantage Fund,INF28602207,1680.8304,3007.51
2025-11-21,Dynamic Asset Allocator,INF16240008,132.2716,4482.08
2025-10-26,Balanced Advantage Fund,INF49555809,1611.0226,4693.86
2025-10-26,Short Term Debt Fund,INF69280000,567.6675,1649.45
2025-11-20,Arbitrage Edge Fund,INF84604401,324.8845,3926.19
2025-11-26,Liquid Ultra Fund,INF31055002,1645.2208,4515.1
2025-10-21,Overnight Fund,INF78359103,1998.2198,3315.92
2025-10-27,Dynamic Asset Allocator,INF59845104,445.4208,3347.66
2025-11-10,Dynamic Asset Allocator,INF53822605,728.4782,4269.66
2025-11-05,Arbitrage Edge Fund,INF76809206,843.4656,3609.64
2025-11-11,Overnight Fund,INF82002007,155.8871,55.48
2025-11-05,Balanced Advantage Fund,INF15066208,1405.7342,1654.79
2025-11-25,Balanced Advantage Fund,INF48761509,763.0387,3949.87
2025-11-15,Balanced Advantage Fund,INF10229800,666.5852,596.53
2025-11-15,Liquid Ultra Fund,INF67731001,1321.2545,1177.99
2025-11-20,Alpha Equity Fund - Regular,INF64057002,1036.0477,2382.05
2025-11-10,Arbitrage Edge Fund,INF12946403,21.3441,3024.67
2025-10-30,Dynamic Asset Allocator,INF76301304,251.0782,2346.91
2025-10-25,Short Term Debt Fund,INF30885705,218.7995,4538.35
2025-11-04,Short Term Debt Fund,INF43856006,791.8268,4490.81
2025-10-27,Alpha Equity Fund - Regular,INF35046107,624.5952,4445.08
2025-10-29,Overnight Fund,INF98080908,1823.1976,94.3
2025-11-24,Balanced Advantage Fund,INF56293409,1337.9689,3505.75
2025-11-08,Liquid Ultra Fund,INF77115000,980.6856,3282.52
2025-11-04,Alpha Equity Fund - Regular,INF25663101,1022.1401,3855.37
2025-11-06,Arbitrage Edge Fund,INF33483502,372.8971,4261.93
2025-11-13,Arbitrage Edge Fund,INF42435603,543.8227,925.93
2025-11-08,Balanced Advantage Fund,INF78383904,1312.5555,1993.78
2025-10-28,Short Term Debt Fund,INF86178305,473.8178,4692.68
2025-11-10,Arbitrage Edge Fund,INF43756206,822.7081,4726.66
2025-10-25,Liquid Ultra Fund,INF48064907,1555.8638,1568.27
2025-10-25,Balanced Advantage Fund,INF45634308,1933.4904,1337.6
2025-11-06,Liquid Ultra Fund,INF36897109,652.2413,597.61
2025-10-26,Short Term Debt Fund,INF42598000,1589.6436,3333.45
2025-11-04,Short Term Debt Fund,INF24470001,1831.2697,3845.57
2025-10-24,Short Term Debt Fund,INF67030402,306.7922,1470.0
2025-10-28,Dynamic Asset Allocator,INF74963503,1463.7168,4890.65
2025-11-17,Short Term Debt Fund,INF81598404,580.9271,1290.93
2025-11-22,Short Term Debt Fund,INF20225905,1963.2065,4086.23
2025-11-03,Short Term Debt Fund,INF58073106,819.7623,2874.77
2025-11-07,Liquid Ultra Fund,INF12290607,1438.6668,110.65
2025-11-11,Balanced Advantage Fund,INF51084808,1132.8683,4296.08
2025-11-03,Short Term Debt Fund,INF38900409,866.1285,2756.51
2025-11-11,Alpha Equity Fund - Regular,INF19625500,373.053,847.63
2025-11-09,Liquid Ultra Fund,INF60406301,687.8886,2274.49
2025-11-22,Alpha Equity Fund - Regular,INF94306502,1777.2127,4716.53
2025-11-09,Liquid Ultra Fund,INF70913503,686.5008,1445.26
2025-11-22,Dynamic Asset Allocator,INF42653904,438.1164,3484.91
2025-11-21,Short Term Debt Fund,INF33958205,1597.4053,1235.02
2025-11-06,Dynamic Asset Allocator,INF71597606,679.5982,3969.26
2025-10-28,Balanced Advantage Fund,INF26050807,1052.9546,3580.38
2025-10-22,Alpha Equity Fund - Regular,INF86648108,1552.0034,1078.06
2025-11-08,Arbitrage Edge Fund,INF87363409,1750.4501,2573.87
2025-11-09,Liquid Ultra Fund,INF77108100,744.6686,3361.27
2025-10-24,Alpha Equity Fund - Regular,INF12155001,1704.3602,3787.29
2025-10-22,Arbitrage Edge Fund,INF78215902,635.9106,1471.98
2025-10-24,Liquid Ultra Fund,INF98622903,590.775,4014.39
2025-11-01,Short Term Debt Fund,INF87296504,1012.4252,2365.67
2025-11-18,Arbitrage Edge Fund,INF87885805,715.0015,1631.76
2025-11-17,Dynamic Asset Allocator,INF89674706,706.8729,2531.04
2025-11-02,Alpha Equity Fund - Regular,INF30932607,1832.7549,1079.05
2025-11-16,Alpha Equity Fund - Regular,INF59089508,154.5229,1078.56
2025-10-26,Arbitrage Edge Fund,INF58681909,1621.9663,4086.97
2025-11-24,Overnight Fund,INF14456700,261.5577,125.42
2025-11-06,Alpha Equity Fund - Regular,INF34456001,1033.058,2126.26
2025-11-11,Arbitrage Edge Fund,INF44783802,940.4234,1716.13
2025-10-24,Short Term Debt Fund,INF18473703,1418.2427,3033.3
2025-11-12,Short Term Debt Fund,INF99323504,1310.5957,2007.83
2025-11-24,Alpha Equity Fund - Regular,INF36465205,755.2268,4904.81
2025-11-09,Dynamic Asset Allocator,INF31453706,729.905,791.6
2025-10-29,Dynamic Asset Allocator,INF93101807,1248.9806,1087.59
2025-11-08,Liquid Ultra Fund,INF99334208,1581.3782,3612.51
2025-10-26,Overnight Fund,INF91434609,1221.6077,4786.74
2025-11-15,Dynamic Asset Allocator,INF19136100,855.3111,3268.92
2025-11-18,Arbitrage Edge Fund,INF99616701,154.2723,2509.65
2025-10-29,Liquid Ultra Fund,INF45897602,1650.2846,4618.04
2025-11-17,Balanced Advantage Fund,INF63720603,86.0381,2381.13
2025-11-20,Balanced Advantage Fund,INF91685004,1382.2393,4767.6
2025-11-19,Short Term Debt Fund,INF51247805,1287.642,1682.84
2025-10-23,Alpha Equity Fund - Regular,INF37070006,23212.5771,401.53
2025-11-09,Alpha Equity Fund - Regular,INF27644707,686.5921,1185.22
2025-10-30,Dynamic Asset Allocator,INF48571008,1179.1906,2564.49
2025-11-16,Liquid Ultra Fund,INF28624409,45.555,2914.02
2025-11-13,Overnight Fund,INF90219600,151.7444,4326.39
2025-11-10,Balanced Advantage Fund,INF82535901,1256.2269,1128.05
2025-11-14,Balanced Advantage Fund,INF15430302,318.6114,452.02
2025-10-23,Arbitrage Edge Fund,INF32088403,230.09,257.2
2025-11-06,Balanced Advantage Fund,INF37205404,1436.8498,4450.69
2025-11-19,Arbitrage Edge Fund,INF47991605,1242.1676,2179.98
2025-11-21,Short Term Debt Fund,INF65724306,1306.1699,895.83
2025-11-10,Overnight Fund,INF32177407,1472.5323,2450.89
2025-10-28,Short Term Debt Fund,INF61512108,1445.9429,1666.66
2025-10-26,Balanced Advantage Fund,INF38769109,114.1147,1896.76
2025-10-28,Dynamic Asset Allocator,INF15010000,938.0835,4558.02
2025-10-26,Dynamic Asset Allocator,INF82300901,885.7717,942.2
2025-10-28,Arbitrage Edge Fund,INF58565302,1828.5397,2020.9
2025-11-21,Overnight Fund,INF37305403,336.9341,1949.17
2025-10-26,Short Term Debt Fund,INF61033004,1111.7683,731.63
2025-11-05,Short Term Debt Fund,INF53432805,860.9137,3930.72
2025-11-13,Liquid Ultra Fund,INF40551306,49.3499,4903.6
2025-11-09,Liquid Ultra Fund,INF55203907,761.1465,4767.25
2025-11-06,Dynamic Asset Allocator,INF34693608,1170.5556,1087.85
2025-11-21,Arbitrage Edge Fund,INF70711209,1790.057,2037.93
2025-10-22,Arbitrage Edge Fund,INF85584900,105.3025,2844.63
2025-10-27,Dynamic Asset Allocator,INF46603701,771.7435,742.44
2025-11-23,Liquid Ultra Fund,INF94326402,28998.4481,2366.22
2025-11-07,Short Term Debt Fund,INF57488303,480.2895,2555.28
2025-11-16,Alpha Equity Fund - Regular,INF76533904,716.5544,4055.61
2025-11-25,Dynamic Asset Allocator,INF11425805,1674.0649,2492.22
2025-11-16,Liquid Ultra Fund,INF36952706,52.8697,1288.31
2025-11-13,Balanced Advantage Fund,INF93426907,1342.5691,2018.69
2025-10-27,Balanced Advantage Fund,INF26060208,1174.9295,2693.03
2025-11-22,Arbitrage Edge Fund,INF20172609,1003.4999,4310.86
2025-10-26,Overnight Fund,INF66382300,1691.2332,3403.44
2025-11-02,Alpha Equity Fund - Regular,INF42523001,931.3019,4961.65
2025-11-24,Overnight Fund,INF86368402,843.5585,3659.19
2025-10-31,Overnight Fund,INF66872603,1449.7225,1356.06
2025-11-23,Liquid Ultra Fund,INF66484404,767.8918,3247.93
2025-11-09,Overnight Fund,INF85975105,597.7243,3398.15
2025-11-09,Short Term Debt Fund,INF69442406,813.5002,3268.17
2025-10-24,Balanced Advantage Fund,INF69503907,280.2509,1837.1
2025-11-06,Balanced Advantage Fund,INF41379108,1463.1801,3153.43
2025-11-18,Balanced Advantage Fund,INF64167009,1602.1277,2092.48
2025-10-30,Alpha Equity Fund - Regular,INF69945900,1096.2092,2603.34
2025-11-22,Short Term Debt Fund,INF65222101,719.9445,3271.66
2025-11-15,Dynamic Asset Allocator,INF88130202,306.4705,4545.03
2025-10-25,Liquid Ultra Fund,INF63363503,350.8648,4594.98
2025-11-05,Alpha Equity Fund - Regular,INF70463904,751.356,763.72
2025-11-02,Alpha Equity Fund - Regular,INF73348805,881.776,4980.71
2025-11-09,Dynamic Asset Allocator,INF20047006,1144.4986,3900.21
2025-11-13,Short Term Debt Fund,INF49598107,1042.8912,779.32
2025-11-06,Liquid Ultra Fund,INF39811108,16.9982,4745.15
2025-11-13,Short Term Debt Fund,INF32204409,595.6579,708.49
2025-11-02,Overnight Fund,INF35051100,1157.7737,436.08
2025-11-13,Short Term Debt Fund,INF42729501,1145.7669,736.25
2025-11-17,Dynamic Asset Allocator,INF37070002,1962.5389,3639.33
2025-10-28,Short Term Debt Fund,INF66182603,874.2589,4904.41
2025-11-01,Dynamic Asset Allocator,INF48586004,648.844,3582.36
2025-11-13,Overnight Fund,INF32440205,981.9577,3802.44
2025-11-08,Short Term Debt Fund,INF41420506,1483.167,2648.07
2025-11-25,Alpha Equity Fund - Regular,INF23473107,1341.1785,4071.07
2025-10-21,Balanced Advantage Fund,INF59945708,1049.4015,4829.39
2025-10-22,Arbitrage Edge Fund,INF90308609,533.8611,1148.24
2025-10-24,Liquid Ultra Fund,INF10176300,881.4019,1430.88
2025-11-20,Overnight Fund,INF77378801,732.1466,3476.52
2025-11-19,Alpha Equity Fund - Regular,INF32667302,13.5864,3405.15
2025-11-13,Balanced Advantage Fund,INF43450503,1845.5661,837.11
2025-11-09,Alpha Equity Fund - Regular,INF24224304,736.9074,420.97
2025-11-11,Short Term Debt Fund,INF29277305,1162.0426,799.7
2025-11-26,Short Term Debt Fund,INF51751006,100.1263,3060.46
2025-11-03,Liquid Ultra Fund,INF55622007,1081.7012,4119.74
2025-11-15,Arbitrage Edge Fund,INF63207208,1579.0248,279.25
2025-11-07,Arbitrage Edge Fund,INF71585109,429.9984,187.07
2025-10-27,Arbitrage Edge Fund,INF92764300,34.6262,3226.71
2025-10-21,Liquid Ultra Fund,INF84523601,1091.7999,2826.21
2025-11-04,Overnight Fund,INF45713102,262.2456,2964.82
2025-11-15,Arbitrage Edge Fund,INF58946403,1654.6804,1384.44
2025-11-18,Alpha Equity Fund - Regular,INF31941604,1196.8004,2147.18
2025-10-28,Arbitrage Edge Fund,INF28102005,1049.7222,3991.21
2025-11-08,Short Term Debt Fund,INF52266806,1128.3661,2420.77
2025-11-24,Overnight Fund,INF68174207,924.3529,3830.13
2025-11-06,Short Term Debt Fund,INF12287208,1969.4718,69.4
2025-10-23,Alpha Equity Fund - Regular,INF67383709,687.2531,4876.13
2025-11-01,Overnight Fund,INF93146400,879.6437,4331.62
2025-11-11,Overnight Fund,INF73608701,624.0407,4755.72
2025-11-13,Alpha Equity Fund - Regular,INF48568102,1350.1466,1208.25
2025-11-12,Arbitrage Edge Fund,INF22276703,663.801,3673.64
2025-11-24,Balanced Advantage Fund,INF52142204,775.0959,420.83
2025-11-01,Short Term Debt Fund,INF21509305,1358.9562,2980.69
2025-11-24,Arbitrage Edge Fund,INF63697706,459.254,308.28
2025-11-08,Short Term Debt Fund,INF80598407,373.5713,2527.0
2025-11-19,Liquid Ultra Fund,INF64242308,345.9181,4437.45
2025-11-02,Liquid Ultra Fund,INF50423009,1132.4808,2278.35
2025-11-20,Alpha Equity Fund - Regular,INF21831800,1147.775,2025.4
2025-11-11,Balanced Advantage Fund,INF79177901,294.6931,1225.67
2025-10-26,Short Term Debt Fund,INF21454102,691.9874,3187.5
2025-10-29,Short Term Debt Fund,INF43486003,835.0169,3895.36
2025-11-05,Arbitrage Edge Fund,INF14032904,219.8931,1382.17
2025-10-25,Overnight Fund,INF14131305,871.0685,1062.51
2025-11-20,Liquid Ultra Fund,INF77987406,1633.2641,3657.14
2025-10-22,Liquid Ultra Fund,INF90828207,1468.0595,3284.08
2025-11-06,Balanced Advantage Fund,INF10099408,554.4752,4033.17
2025-10-27,Arbitrage Edge Fund,INF43354709,926.6756,3490.53
2025-11-26,Balanced Advantage Fund,INF79730300,813.0331,4169.29
2025-11-26,Dynamic Asset Allocator,INF60664001,1571.4075,2946.38
2025-11-01,Balanced Advantage Fund,INF17149902,734.7656,2685.55
2025-11-02,Balanced Advantage Fund,INF11673503,1398.7473,1343.75
2025-11-08,Dynamic Asset Allocator,INF80946904,138.4484,4035.79
2025-11-03,Arbitrage Edge Fund,INF70325305,1731.8312,1463.93
2025-10-26,Alpha Equity Fund - Regular,INF25930506,285.915,3600.14
2025-10-23,Liquid Ultra Fund,INF13897607,584.0128,746.15
2025-11-13,Short Term Debt Fund,INF46197408,450.1027,4312.84
2025-10-24,Liquid Ultra Fund,INF31140609,1045.582,1108.63
