RecordDate,ExDate,ISIN,Symbol,CA_Type,Ratio,AmountPerShare,Source
2025-12-13,2025-12-12,INE001A01036,HDFC,SPLIT,2:3,,NSE
2025-12-03,2025-11-29,INE155A01022,TATAMOTORS,RIGHTS,2:3,,BSE
2025-12-16,2025-12-08,INE018A01030,LT,SPLIT,1:1,,RTA
2025-12-06,2025-11-26,INE238A01026,AXISBANK,SPLIT,1:1,,NSE
2025-11-12,2025-11-04,INE090A01021,ICICIBANK,DIVIDEND,,3.36,BSE
2025-10-19,2025-10-16,INE237A01028,KOTAKBANK,DIVIDEND,,7.96,RTA
2025-11-03,2025-10-28,INE155A01022,TATAMOTORS,BONUS,2:3,,BSE
2025-11-01,2025-10-23,INE154A01025,ITC,SPLIT,2:3,,RTA
2025-12-26,2025-12-21,INE009A01021,INFY,SPLIT,2:3,,RTA
2025-11-11,2025-11-02,INE090A01021,ICICIBANK,SPLIT,1:1,,NSE
2025-09-21,2025-09-13,INE090A01021,ICICIBANK,SPLIT,1:1,,NSE
2025-11-10,2025-11-06,INE090A01021,ICICIBANK,MERGER,,,RTA
2025-09-29,2025-09-24,INE002A01018,RELIANCE,RIGHTS,1:2,,BSE
2025-09-28,2025-09-23,INE155A01022,TATAMOTORS,BONUS,1:2,,NSE
2025-12-17,2025-12-16,INE002A01018,RELIANCE,MERGER,,,NSE
2025-11-22,2025-11-17,INE090A01021,ICICIBANK,DIVIDEND,,2.22,BSE
2025-10-28,2025-10-24,INE001A01036,HDFC,MERGER,,,BSE
2025-12-19,2025-12-13,INE062A01020,SBIN,SPLIT,3:5,,BSE
2025-12-12,2025-12-08,INE018A01030,LT,DIVIDEND,,14.99,BSE
2025-11-13,2025-11-06,INE001A01036,HDFC,SPLIT,2:3,,NSE
2025-11-29,2025-11-28,INE155A01022,TATAMOTORS,BONUS,2:3,,RTA
2025-10-30,2025-10-29,INE154A01025,ITC,MERGER,,,BSE
2025-11-11,2025-11-03,INE001A01036,HDFC,MERGER,,,BSE
2025-09-22,2025-09-16,INE155A01022,TATAMOTORS,RIGHTS,1:2,,BSE
2025-10-10,2025-10-02,INE009A01021,INFY,RIGHTS,2:3,,NSE
2025-12-19,2025-12-12,INE002A01018,RELIANCE,SPLIT,3:5,,BSE
2025-10-21,2025-10-11,INE001A01036,HDFC,RIGHTS,3:5,,RTA
2025-10-11,2025-10-08,INE009A01021,INFY,MERGER,,,NSE
2025-10-06,2025-10-04,INE002A01018,RELIANCE,MERGER,,,BSE
2025-11-29,2025-11-27,INE155A01022,TATAMOTORS,RIGHTS,2:3,,RTA
2025-11-11,2025-11-09,INE237A01028,KOTAKBANK,DIVIDEND,,2.67,BSE
2025-11-22,2025-11-21,INE062A01020,SBIN,MERGER,,,NSE
2025-10-09,2025-10-07,INE001A01036,HDFC,MERGER,,,RTA
2025-12-18,2025-12-09,INE090A01021,ICICIBANK,SPLIT,1:2,,RTA
2025-11-27,2025-11-20,INE090A01021,ICICIBANK,SPLIT,2:3,,NSE
2025-10-25,2025-10-23,INE002A01018,RELIANCE,RIGHTS,2:3,,RTA
2025-10-29,2025-10-25,INE062A01020,SBIN,RIGHTS,1:2,,RTA
2025-11-20,2025-11-15,INE154A01025,ITC,BONUS,3:5,,BSE
2025-10-15,2025-10-06,INE155A01022,TATAMOTORS,MERGER,,,BSE
2025-09-26,2025-09-18,INE018A01030,LT,BONUS,3:5,,NSE
2025-10-09,2025-10-07,INE018A01030,LT,RIGHTS,1:2,,BSE
2025-10-01,2025-09-21,INE062A01020,SBIN,SPLIT,1:2,,NSE
2025-11-19,2025-11-11,INE018A01030,LT,RIGHTS,2:3,,RTA
2025-10-22,2025-10-15,INE237A01028,KOTAKBANK,MERGER,,,RTA
2025-10-22,2025-10-20,INE155A01022,TATAMOTORS,DIVIDEND,,7.82,BSE
2025-10-09,2025-10-08,INE009A01021,INFY,SPLIT,1:1,,NSE
2025-10-21,2025-10-19,INE002A01018,RELIANCE,RIGHTS,1:1,,NSE
2025-10-03,2025-09-27,INE155A01022,TATAMOTORS,RIGHTS,3:5,,NSE
2025-11-08,2025-11-04,INE238A01026,AXISBANK,BONUS,3:5,,RTA
2025-12-06,2025-11-26,INE237A01028,KOTAKBANK,MERGER,,,NSE
2025-12-01,2025-11-23,INE154A01025,ITC,MERGER,,,BSE
2025-09-24,2025-09-23,INE009A01021,INFY,SPLIT,1:2,,BSE
2025-11-28,2025-11-18,INE009A01021,INFY,RIGHTS,1:2,,RTA
2025-12-20,2025-12-10,INE062A01020,SBIN,BONUS,1:2,,NSE
2025-10-25,2025-10-18,INE062A01020,SBIN,DIVIDEND,,2.95,BSE
2025-12-04,2025-11-30,INE238A01026,AXISBANK,SPLIT,1:2,,NSE
2025-09-28,2025-09-23,INE090A01021,ICICIBANK,BONUS,2:3,,BSE
2025-10-27,2025-10-20,INE154A01025,ITC,BONUS,1:2,,NSE
2025-10-12,2025-10-03,INE018A01030,LT,DIVIDEND,,10.69,RTA
2025-10-28,2025-10-21,INE237A01028,KOTAKBANK,SPLIT,3:5,,NSE
2025-10-25,2025-10-23,INE154A01025,ITC,MERGER,,,RTA
2025-11-05,2025-10-26,INE238A01026,AXISBANK,SPLIT,2:3,,RTA
2025-12-18,2025-12-09,INE062A01020,SBIN,SPLIT,3:5,,RTA
2025-09-24,2025-09-15,INE009A01021,INFY,DIVIDEND,,17.21,RTA
2025-10-03,2025-09-24,INE090A01021,ICICIBANK,MERGER,,,BSE
2025-09-28,2025-09-23,INE002A01018,RELIANCE,SPLIT,1:2,,BSE
2025-12-25,2025-12-24,INE062A01020,SBIN,DIVIDEND,,3.11,RTA
2025-11-08,2025-11-03,INE009A01021,INFY,SPLIT,2:3,,RTA
2025-12-03,2025-11-23,INE009A01021,INFY,BONUS,3:5,,RTA
2025-10-31,2025-10-21,INE237A01028,KOTAKBANK,SPLIT,2:3,,RTA
2025-11-06,2025-11-01,INE238A01026,AXISBANK,BONUS,2:3,,NSE
2025-10-08,2025-09-30,INE155A01022,TATAMOTORS,RIGHTS,3:5,,RTA
2025-12-25,2025-12-24,INE237A01028,KOTAKBANK,SPLIT,2:3,,NSE
2025-10-09,2025-10-06,INE155A01022,TATAMOTORS,MERGER,,,RTA
2025-10-18,2025-10-12,INE018A01030,LT,SPLIT,2:3,,NSE
2025-10-20,2025-10-13,INE062A01020,SBIN,DIVIDEND,,2.36,NSE
2025-12-04,2025-12-03,INE154A01025,ITC,RIGHTS,1:2,,NSE
2025-11-15,2025-11-06,INE090A01021,ICICIBANK,DIVIDEND,,7.27,BSE
2025-09-26,2025-09-23,INE155A01022,TATAMOTORS,RIGHTS,1:2,,NSE
2025-10-17,2025-10-12,INE237A01028,KOTAKBANK,RIGHTS,1:1,,RTA
2025-10-27,2025-10-22,INE090A01021,ICICIBANK,SPLIT,1:2,,RTA
2025-12-06,2025-12-04,INE062A01020,SBIN,DIVIDEND,,3.02,BSE
2025-10-25,2025-10-20,INE002A01018,RELIANCE,DIVIDEND,,11.87,NSE
2025-10-10,2025-10-04,INE009A01021,INFY,SPLIT,1:2,,BSE
2025-10-19,2025-10-09,INE154A01025,ITC,MERGER,,,RTA
2025-11-30,2025-11-21,INE154A01025,ITC,BONUS,2:3,,RTA
2025-09-26,2025-09-18,INE154A01025,ITC,BONUS,3:5,,RTA
2025-11-30,2025-11-28,INE062A01020,SBIN,MERGER,,,NSE
2025-10-15,2025-10-13,INE001A01036,HDFC,DIVIDEND,,8.63,NSE
2025-11-21,2025-11-11,INE009A01021,INFY,MERGER,,,NSE
2025-12-22,2025-12-20,INE090A01021,ICICIBANK,DIVIDEND,,17.36,NSE
2025-11-24,2025-11-22,INE018A01030,LT,SPLIT,1:2,,BSE
2025-09-26,2025-09-23,INE062A01020,SBIN,MERGER,,,BSE
2025-12-07,2025-12-06,INE237A01028,KOTAKBANK,RIGHTS,3:5,,RTA
2025-11-05,2025-10-26,INE009A01021,INFY,RIGHTS,2:3,,RTA
2025-11-16,2025-11-09,INE155A01022,TATAMOTORS,SPLIT,2:3,,RTA
2025-11-07,2025-11-01,INE002A01018,RELIANCE,RIGHTS,2:3,,NSE
2025-10-16,2025-10-12,INE090A01021,ICICIBANK,MERGER,,,BSE
2025-11-15,2025-11-05,INE237A01028,KOTAKBANK,RIGHTS,1:2,,BSE
2025-12-05,2025-11-26,INE062A01020,SBIN,RIGHTS,3:5,,NSE
2025-11-05,2025-10-26,INE238A01026,AXISBANK,SPLIT,1:1,,RTA
2025-11-05,2025-11-03,INE001A01036,HDFC,DIVIDEND,,13.87,RTA
2025-12-15,2025-12-05,INE090A01021,ICICIBANK,BONUS,1:2,,BSE
2025-10-02,2025-09-25,INE090A01021,ICICIBANK,RIGHTS,1:2,,NSE
2025-12-09,2025-12-05,INE155A01022,TATAMOTORS,SPLIT,1:1,,BSE
2025-11-09,2025-11-07,INE018A01030,LT,DIVIDEND,,6.84,RTA
2025-10-06,2025-09-27,INE155A01022,TATAMOTORS,MERGER,,,BSE
2025-10-25,2025-10-22,INE009A01021,INFY,SPLIT,1:1,,NSE
2025-12-13,2025-12-09,INE237A01028,KOTAKBANK,DIVIDEND,,9.89,NSE
2025-10-26,2025-10-23,INE155A01022,TATAMOTORS,RIGHTS,1:2,,NSE
2025-11-05,2025-10-26,INE009A01021,INFY,DIVIDEND,,13.45,BSE
2025-09-25,2025-09-21,INE018A01030,LT,DIVIDEND,,12.9,NSE
2025-12-05,2025-12-03,INE154A01025,ITC,MERGER,,,BSE
2025-10-06,2025-10-05,INE001A01036,HDFC,BONUS,1:1,,BSE
2025-12-08,2025-12-03,INE237A01028,KOTAKBANK,RIGHTS,3:5,,RTA
2025-11-13,2025-11-08,INE018A01030,LT,RIGHTS,3:5,,BSE
2025-10-20,2025-10-17,INE001A01036,HDFC,RIGHTS,1:2,,RTA
2025-10-15,2025-10-05,INE018A01030,LT,MERGER,,,BSE
2025-11-18,2025-11-11,INE018A01030,LT,RIGHTS,1:1,,BSE
2025-12-22,2025-12-13,INE238A01026,AXISBANK,RIGHTS,1:1,,NSE
2025-10-15,2025-10-08,INE155A01022,TATAMOTORS,MERGER,,,NSE
2025-11-03,2025-10-27,INE237A01028,KOTAKBANK,DIVIDEND,,6.27,NSE
2025-12-17,2025-12-14,INE154A01025,ITC,DIVIDEND,,13.64,BSE
2025-11-07,2025-10-30,INE001A01036,HDFC,RIGHTS,1:2,,BSE
2025-10-08,2025-09-28,INE018A01030,LT,DIVIDEND,,5.25,NSE
2025-11-12,2025-11-04,INE238A01026,AXISBANK,SPLIT,1:1,,NSE
2025-09-30,2025-09-29,INE018A01030,LT,SPLIT,2:3,,RTA
2025-11-08,2025-11-01,INE237A01028,KOTAKBANK,BONUS,3:5,,BSE
2025-12-12,2025-12-03,INE154A01025,ITC,DIVIDEND,,3.19,BSE
2025-09-25,2025-09-20,INE237A01028,KOTAKBANK,DIVIDEND,,5.09,RTA
2025-10-29,2025-10-27,INE001A01036,HDFC,RIGHTS,1:2,,BSE
2025-12-13,2025-12-08,INE018A01030,LT,MERGER,,,NSE
2025-11-21,2025-11-15,INE154A01025,ITC,MERGER,,,NSE
2025-11-10,2025-11-05,INE018A01030,LT,BONUS,3:5,,BSE
2025-10-27,2025-10-23,INE018A01030,LT,RIGHTS,2:3,,BSE
2025-12-25,2025-12-23,INE018A01030,LT,MERGER,,,NSE
2025-09-23,2025-09-15,INE009A01021,INFY,MERGER,,,NSE
2025-11-09,2025-10-30,INE155A01022,TATAMOTORS,BONUS,2:3,,BSE
2025-10-09,2025-10-06,INE062A01020,SBIN,RIGHTS,1:2,,RTA
2025-10-07,2025-09-27,INE002A01018,RELIANCE,SPLIT,1:1,,RTA
2025-11-18,2025-11-13,INE237A01028,KOTAKBANK,SPLIT,1:1,,NSE
2025-10-03,2025-09-27,INE237A01028,KOTAKBANK,DIVIDEND,,12.07,BSE
2025-11-21,2025-11-18,INE062A01020,SBIN,RIGHTS,2:3,,NSE
2025-11-04,2025-10-31,INE018A01030,LT,SPLIT,3:5,,RTA
2025-10-12,2025-10-05,INE002A01018,RELIANCE,BONUS,1:1,,BSE
2025-12-03,2025-11-28,INE238A01026,AXISBANK,BONUS,2:3,,NSE
2025-09-23,2025-09-17,INE001A01036,HDFC,DIVIDEND,,7.59,BSE
2025-11-10,2025-11-05,INE237A01028,KOTAKBANK,SPLIT,3:5,,NSE
2025-12-01,2025-11-30,INE062A01020,SBIN,SPLIT,3:5,,RTA
2025-10-13,2025-10-08,INE001A01036,HDFC,MERGER,,,RTA
2025-12-14,2025-12-06,INE090A01021,ICICIBANK,SPLIT,2:3,,RTA
2025-10-23,2025-10-20,INE154A01025,ITC,RIGHTS,3:5,,NSE
2025-11-19,2025-11-16,INE002A01018,RELIANCE,SPLIT,1:2,,BSE
2025-11-08,2025-11-06,INE002A01018,RELIANCE,MERGER,,,RTA
2025-11-26,2025-11-16,INE154A01025,ITC,DIVIDEND,,13.26,NSE
2025-12-25,2025-12-21,INE001A01036,HDFC,RIGHTS,1:2,,NSE
2025-09-29,2025-09-23,INE154A01025,ITC,SPLIT,1:1,,RTA
2025-09-22,2025-09-19,INE155A01022,TATAMOTORS,MERGER,,,RTA
2025-12-25,2025-12-22,INE009A01021,INFY,SPLIT,2:3,,BSE
2025-10-08,2025-10-03,INE154A01025,ITC,DIVIDEND,,5.86,RTA
2025-12-20,2025-12-18,INE155A01022,TATAMOTORS,BONUS,1:1,,NSE
2025-11-17,2025-11-09,INE062A01020,SBIN,BONUS,3:5,,BSE
2025-11-22,2025-11-13,INE090A01021,ICICIBANK,DIVIDEND,,4.27,RTA
2025-11-29,2025-11-19,INE154A01025,ITC,DIVIDEND,,5.67,BSE
2025-10-01,2025-09-30,INE002A01018,RELIANCE,MERGER,,,NSE
2025-12-18,2025-12-10,INE154A01025,ITC,RIGHTS,2:3,,RTA
2025-11-30,2025-11-21,INE155A01022,TATAMOTORS,DIVIDEND,,1.24,BSE
2025-09-22,2025-09-17,INE062A01020,SBIN,MERGER,,,RTA
2025-11-21,2025-11-17,INE001A01036,HDFC,SPLIT,1:2,,BSE
2025-11-20,2025-11-13,INE238A01026,AXISBANK,BONUS,1:1,,BSE
2025-10-20,2025-10-14,INE018A01030,LT,SPLIT,1:1,,RTA
2025-12-17,2025-12-10,INE237A01028,KOTAKBANK,MERGER,,,BSE
2025-11-05,2025-11-01,INE018A01030,LT,BONUS,1:2,,BSE
2025-09-22,2025-09-21,INE155A01022,TATAMOTORS,DIVIDEND,,7.65,BSE
2025-10-29,2025-10-20,INE001A01036,HDFC,BONUS,1:2,,BSE
2025-12-01,2025-11-22,INE155A01022,TATAMOTORS,DIVIDEND,,2.25,RTA
2025-09-23,2025-09-19,INE002A01018,RELIANCE,BONUS,3:5,,BSE
2025-10-19,2025-10-17,INE001A01036,HDFC,BONUS,1:1,,NSE
2025-10-27,2025-10-26,INE018A01030,LT,DIVIDEND,,6.73,RTA
2025-12-21,2025-12-13,INE155A01022,TATAMOTORS,MERGER,,,NSE
2025-10-28,2025-10-26,INE154A01025,ITC,DIVIDEND,,1.5,NSE
2025-11-23,2025-11-13,INE238A01026,AXISBANK,DIVIDEND,,14.8,RTA
2025-11-15,2025-11-11,INE154A01025,ITC,RIGHTS,1:2,,BSE
2025-11-24,2025-11-22,INE238A01026,AXISBANK,DIVIDEND,,4.56,NSE
2025-10-31,2025-10-24,INE237A01028,KOTAKBANK,DIVIDEND,,4.75,BSE
2025-12-18,2025-12-13,INE001A01036,HDFC,BONUS,3:5,,BSE
2025-12-13,2025-12-08,INE018A01030,LT,RIGHTS,1:2,,RTA
2025-10-12,2025-10-04,INE237A01028,KOTAKBANK,SPLIT,1:1,,NSE
2025-09-30,2025-09-23,INE154A01025,ITC,MERGER,,,NSE
2025-11-21,2025-11-16,INE018A01030,LT,MERGER,,,RTA
2025-11-21,2025-11-13,INE238A01026,AXISBANK,RIGHTS,1:1,,BSE
2025-12-23,2025-12-13,INE238A01026,AXISBANK,RIGHTS,2:3,,NSE
2025-11-30,2025-11-26,INE009A01021,INFY,DIVIDEND,,6.56,NSE
2025-12-09,2025-12-03,INE238A01026,AXISBANK,SPLIT,1:2,,RTA
2025-10-21,2025-10-18,INE090A01021,ICICIBANK,DIVIDEND,,11.36,BSE
2025-11-21,2025-11-20,INE062A01020,SBIN,DIVIDEND,,2.66,BSE
2025-11-14,2025-11-05,INE009A01021,INFY,DIVIDEND,,5.0,RTA
2025-12-09,2025-12-07,INE002A01018,RELIANCE,BONUS,3:5,,RTA
2025-10-29,2025-10-23,INE154A01025,ITC,RIGHTS,1:1,,RTA
2025-10-31,2025-10-21,INE018A01030,LT,BONUS,2:3,,BSE
2025-09-30,2025-09-25,INE154A01025,ITC,BONUS,3:5,,NSE
2025-09-30,2025-09-29,INE062A01020,SBIN,MERGER,,,NSE
2025-10-30,2025-10-23,INE154A01025,ITC,RIGHTS,1:1,,NSE
2025-11-21,2025-11-17,INE001A01036,HDFC,BONUS,1:1,,BSE
2025-12-13,2025-12-04,INE154A01025,ITC,MERGER,,,RTA
2025-10-09,2025-10-05,INE090A01021,ICICIBANK,DIVIDEND,,10.7,NSE
2025-10-06,2025-09-28,INE154A01025,ITC,DIVIDEND,,10.43,BSE
2025-10-11,2025-10-04,INE238A01026,AXISBANK,SPLIT,3:5,,NSE
2025-11-01,2025-10-22,INE062A01020,SBIN,MERGER,,,NSE
2025-12-11,2025-12-08,INE009A01021,INFY,BONUS,2:3,,BSE
2025-12-25,2025-12-17,INE062A01020,SBIN,DIVIDEND,,10.24,BSE
2025-09-28,2025-09-26,INE154A01025,ITC,DIVIDEND,,5.67,BSE
2025-12-02,2025-11-24,INE237A01028,KOTAKBANK,DIVIDEND,,15.76,BSE
2025-12-06,2025-12-03,INE237A01028,KOTAKBANK,BONUS,1:2,,NSE
2025-10-29,2025-10-25,INE062A01020,SBIN,MERGER,,,BSE
2025-12-03,2025-11-25,INE237A01028,KOTAKBANK,RIGHTS,3:5,,BSE
2025-10-02,2025-09-23,INE154A01025,ITC,SPLIT,1:1,,NSE
2025-12-23,2025-12-15,INE009A01021,INFY,MERGER,,,NSE
2025-11-25,2025-11-20,INE002A01018,RELIANCE,DIVIDEND,,17.23,NSE
2025-12-02,2025-11-27,INE001A01036,HDFC,DIVIDEND,,18.24,RTA
2025-11-19,2025-11-16,INE009A01021,INFY,MERGER,,,RTA
2025-12-12,2025-12-06,INE238A01026,AXISBANK,MERGER,,,NSE
2025-10-30,2025-10-21,INE009A01021,INFY,MERGER,,,BSE
2025-12-21,2025-12-13,INE018A01030,LT,DIVIDEND,,10.63,BSE
2025-12-21,2025-12-12,INE155A01022,TATAMOTORS,MERGER,,,BSE
2025-10-01,2025-09-28,INE154A01025,ITC,RIGHTS,2:3,,NSE
2025-11-02,2025-10-26,INE238A01026,AXISBANK,DIVIDEND,,9.6,RTA
2025-11-20,2025-11-17,INE154A01025,ITC,MERGER,,,RTA
2025-11-04,2025-10-26,INE238A01026,AXISBANK,BONUS,3:5,,RTA
2025-09-28,2025-09-18,INE090A01021,ICICIBANK,MERGER,,,RTA
2025-12-06,2025-11-29,INE154A01025,ITC,BONUS,2:3,,BSE
2025-12-11,2025-12-06,INE154A01025,ITC,RIGHTS,3:5,,NSE
2025-11-08,2025-11-01,INE001A01036,HDFC,SPLIT,3:5,,NSE
2025-12-14,2025-12-08,INE237A01028,KOTAKBANK,BONUS,1:2,,BSE
2025-11-03,2025-10-25,INE062A01020,SBIN,RIGHTS,1:2,,NSE
2025-11-26,2025-11-21,INE238A01026,AXISBANK,SPLIT,2:3,,RTA
2025-12-07,2025-11-29,INE154A01025,ITC,RIGHTS,3:5,,NSE
2025-12-24,2025-12-22,INE001A01036,HDFC,DIVIDEND,,17.25,NSE
2025-10-16,2025-10-09,INE018A01030,LT,SPLIT,1:1,,NSE
2025-11-03,2025-10-25,INE090A01021,ICICIBANK,MERGER,,,RTA
2025-11-03,2025-10-24,INE090A01021,ICICIBANK,BONUS,2:3,,RTA
2025-09-26,2025-09-25,INE001A01036,HDFC,MERGER,,,NSE
2025-10-02,2025-09-26,INE154A01025,ITC,DIVIDEND,,12.4,NSE
2025-10-25,2025-10-19,INE009A01021,INFY,MERGER,,,NSE
2025-12-17,2025-12-13,INE238A01026,AXISBANK,DIVIDEND,,11.62,NSE
2025-12-22,2025-12-19,INE009A01021,INFY,DIVIDEND,,2.66,BSE
2025-11-07,2025-10-29,INE237A01028,KOTAKBANK,RIGHTS,3:5,,RTA
2025-12-18,2025-12-09,INE018A01030,LT,DIVIDEND,,9.69,BSE
2025-10-14,2025-10-10,INE238A01026,AXISBANK,BONUS,3:5,,BSE
2025-10-28,2025-10-23,INE155A01022,TATAMOTORS,SPLIT,2:3,,RTA
2025-09-29,2025-09-24,INE018A01030,LT,BONUS,3:5,,RTA
2025-12-10,2025-12-03,INE062A01020,SBIN,SPLIT,3:5,,NSE
2025-10-29,2025-10-25,INE155A01022,TATAMOTORS,DIVIDEND,,16.79,BSE
2025-10-10,2025-10-06,INE009A01021,INFY,MERGER,,,NSE
2025-12-04,2025-11-24,INE062A01020,SBIN,RIGHTS,1:2,,NSE
2025-12-14,2025-12-06,INE018A01030,LT,MERGER,,,NSE
2025-11-27,2025-11-20,INE002A01018,RELIANCE,MERGER,,,NSE
2025-12-18,2025-12-15,INE154A01025,ITC,MERGER,,,NSE
2025-12-22,2025-12-14,INE237A01028,KOTAKBANK,BONUS,3:5,,RTA
2025-10-09,2025-09-29,INE001A01036,HDFC,SPLIT,1:2,,NSE
2025-10-14,2025-10-10,INE237A01028,KOTAKBANK,DIVIDEND,,13.2,NSE
2025-11-15,2025-11-05,INE002A01018,RELIANCE,RIGHTS,2:3,,RTA
2025-11-28,2025-11-25,INE155A01022,TATAMOTORS,SPLIT,3:5,,NSE
2025-11-19,2025-11-13,INE001A01036,HDFC,SPLIT,1:2,,BSE
2025-12-18,2025-12-16,INE018A01030,LT,DIVIDEND,,19.62,BSE
2025-10-10,2025-10-06,INE237A01028,KOTAKBANK,BONUS,1:1,,NSE
2025-12-06,2025-12-04,INE001A01036,HDFC,RIGHTS,1:1,,NSE
2025-12-07,2025-11-28,INE237A01028,KOTAKBANK,BONUS,1:2,,NSE
2025-11-14,2025-11-05,INE237A01028,KOTAKBANK,BONUS,2:3,,BSE
2025-11-01,2025-10-27,INE238A01026,AXISBANK,DIVIDEND,,10.32,BSE
2025-11-26,2025-11-16,INE238A01026,AXISBANK,SPLIT,2:3,,RTA
2025-11-26,2025-11-18,INE002A01018,RELIANCE,SPLIT,1:2,,RTA
2025-11-04,2025-10-27,INE090A01021,ICICIBANK,DIVIDEND,,17.58,RTA
2025-10-03,2025-09-27,INE009A01021,INFY,MERGER,,,RTA
2025-12-13,2025-12-09,INE238A01026,AXISBANK,DIVIDEND,,2.07,BSE
2025-11-19,2025-11-17,INE238A01026,AXISBANK,SPLIT,2:3,,BSE
2025-12-20,2025-12-18,INE001A01036,HDFC,DIVIDEND,,10.75,BSE
2025-09-30,2025-09-25,INE090A01021,ICICIBANK,RIGHTS,2:3,,BSE
2025-11-25,2025-11-15,INE090A01021,ICICIBANK,BONUS,1:2,,BSE
2025-10-26,2025-10-18,INE018A01030,LT,MERGER,,,RTA
2025-10-25,2025-10-19,INE154A01025,ITC,SPLIT,1:1,,BSE
2025-11-04,2025-10-26,INE237A01028,KOTAKBANK,DIVIDEND,,1.91,RTA
2025-12-20,2025-12-19,INE090A01021,ICICIBANK,SPLIT,3:5,,NSE
2025-11-10,2025-11-03,INE009A01021,INFY,RIGHTS,1:1,,RTA
2025-12-25,2025-12-22,INE154A01025,ITC,RIGHTS,2:3,,BSE
2025-11-14,2025-11-07,INE154A01025,ITC,DIVIDEND,,7.06,NSE
2025-12-07,2025-12-04,INE237A01028,KOTAKBANK,DIVIDEND,,3.44,BSE
2025-12-03,2025-11-24,INE154A01025,ITC,RIGHTS,1:2,,BSE
2025-11-02,2025-10-24,INE001A01036,HDFC,DIVIDEND,,14.5,NSE
2025-11-25,2025-11-19,INE001A01036,HDFC,DIVIDEND,,12.77,NSE
2025-12-09,2025-12-08,INE155A01022,TATAMOTORS,RIGHTS,1:2,,BSE
2025-10-23,2025-10-13,INE155A01022,TATAMOTORS,SPLIT,1:2,,NSE
2025-10-04,2025-09-27,INE002A01018,RELIANCE,SPLIT,2:3,,NSE
2025-11-22,2025-11-15,INE154A01025,ITC,MERGER,,,NSE
2025-12-10,2025-12-05,INE001A01036,HDFC,DIVIDEND,,9.26,NSE
2025-10-14,2025-10-08,INE155A01022,TATAMOTORS,RIGHTS,2:3,,NSE
2025-11-21,2025-11-11,INE002A01018,RELIANCE,SPLIT,2:3,,RTA
2025-11-05,2025-10-29,INE001A01036,HDFC,DIVIDEND,,6.58,NSE
2025-10-26,2025-10-16,INE155A01022,TATAMOTORS,MERGER,,,BSE
2025-09-26,2025-09-19,INE154A01025,ITC,SPLIT,3:5,,BSE
2025-10-27,2025-10-22,INE090A01021,ICICIBANK,RIGHTS,2:3,,RTA
2025-10-19,2025-10-10,INE062A01020,SBIN,DIVIDEND,,3.37,NSE
2025-11-15,2025-11-08,INE155A01022,TATAMOTORS,MERGER,,,BSE
2025-11-03,2025-10-25,INE062A01020,SBIN,MERGER,,,BSE
2025-11-12,2025-11-09,INE062A01020,SBIN,SPLIT,2:3,,BSE
2025-10-08,2025-10-02,INE154A01025,ITC,BONUS,1:2,,BSE
2025-12-26,2025-12-16,INE001A01036,HDFC,MERGER,,,NSE
2025-12-26,2025-12-23,INE062A01020,SBIN,BONUS,1:2,,RTA
2025-10-03,2025-09-28,INE238A01026,AXISBANK,MERGER,,,RTA
2025-11-24,2025-11-20,INE009A01021,INFY,MERGER,,,NSE
2025-11-22,2025-11-19,INE237A01028,KOTAKBANK,SPLIT,2:3,,BSE
2025-10-22,2025-10-13,INE001A01036,HDFC,DIVIDEND,,13.7,RTA
2025-11-04,2025-10-30,INE009A01021,INFY,BONUS,1:2,,NSE
2025-10-06,2025-09-26,INE062A01020,SBIN,RIGHTS,3:5,,NSE
2025-09-29,2025-09-25,INE090A01021,ICICIBANK,DIVIDEND,,18.56,BSE
2025-10-23,2025-10-13,INE018A01030,LT,DIVIDEND,,3.01,BSE
2025-10-23,2025-10-20,INE090A01021,ICICIBANK,MERGER,,,NSE
2025-10-25,2025-10-18,INE237A01028,KOTAKBANK,BONUS,1:1,,BSE
2025-10-25,2025-10-23,INE154A01025,ITC,RIGHTS,3:5,,NSE
2025-12-09,2025-11-29,INE154A01025,ITC,SPLIT,1:2,,RTA
2025-11-09,2025-10-31,INE001A01036,HDFC,RIGHTS,1:1,,RTA
2025-12-06,2025-11-30,INE090A01021,ICICIBANK,SPLIT,3:5,,BSE
2025-12-24,2025-12-14,INE238A01026,AXISBANK,RIGHTS,1:2,,RTA
2025-10-14,2025-10-13,INE155A01022,TATAMOTORS,RIGHTS,1:2,,RTA
2025-11-22,2025-11-15,INE001A01036,HDFC,SPLIT,2:3,,NSE
2025-10-19,2025-10-14,INE009A01021,INFY,DIVIDEND,,2.86,BSE
2025-11-11,2025-11-01,INE237A01028,KOTAKBANK,DIVIDEND,,19.77,RTA
2025-12-17,2025-12-09,INE018A01030,LT,MERGER,,,NSE
2025-11-07,2025-10-31,INE090A01021,ICICIBANK,DIVIDEND,,7.94,BSE
2025-11-02,2025-10-29,INE009A01021,INFY,MERGER,,,NSE
2025-11-19,2025-11-13,INE001A01036,HDFC,MERGER,,,RTA
2025-09-30,2025-09-24,INE090A01021,ICICIBANK,DIVIDEND,,17.89,BSE
2025-12-20,2025-12-10,INE001A01036,HDFC,DIVIDEND,,10.9,BSE
2025-10-06,2025-09-29,INE238A01026,AXISBANK,BONUS,2:3,,NSE
2025-10-18,2025-10-08,INE154A01025,ITC,BONUS,1:1,,BSE
2025-12-21,2025-12-11,INE018A01030,LT,SPLIT,3:5,,RTA
2025-10-22,2025-10-14,INE002A01018,RELIANCE,DIVIDEND,,1.26,RTA
2025-11-25,2025-11-21,INE002A01018,RELIANCE,RIGHTS,3:5,,BSE
2025-10-09,2025-10-04,INE090A01021,ICICIBANK,DIVIDEND,,8.88,BSE
2025-12-23,2025-12-21,INE018A01030,LT,RIGHTS,1:1,,NSE
2025-10-05,2025-09-30,INE002A01018,RELIANCE,SPLIT,1:2,,NSE
2025-10-02,2025-09-30,INE018A01030,LT,DIVIDEND,,2.4,RTA
2025-11-30,2025-11-20,INE062A01020,SBIN,RIGHTS,3:5,,RTA
2025-09-24,2025-09-23,INE018A01030,LT,RIGHTS,2:3,,BSE
2025-11-15,2025-11-12,INE238A01026,AXISBANK,DIVIDEND,,6.35,BSE
2025-10-04,2025-09-28,INE009A01021,INFY,MERGER,,,NSE
2025-11-03,2025-10-31,INE090A01021,ICICIBANK,DIVIDEND,,15.98,RTA
2025-11-10,2025-11-07,INE009A01021,INFY,SPLIT,2:3,,BSE
2025-09-26,2025-09-17,INE090A01021,ICICIBANK,MERGER,,,NSE
2025-12-04,2025-12-02,INE154A01025,ITC,MERGER,,,BSE
2025-09-29,2025-09-24,INE237A01028,KOTAKBANK,MERGER,,,RTA
2025-10-11,2025-10-02,INE002A01018,RELIANCE,BONUS,1:2,,NSE
2025-10-14,2025-10-11,INE238A01026,AXISBANK,MERGER,,,NSE
2025-10-11,2025-10-09,INE001A01036,HDFC,RIGHTS,1:1,,NSE
2025-12-21,2025-12-18,INE009A01021,INFY,SPLIT,3:5,,NSE
2025-11-03,2025-11-01,INE001A01036,HDFC,SPLIT,2:3,,RTA
2025-10-15,2025-10-10,INE090A01021,ICICIBANK,RIGHTS,1:1,,BSE
2025-11-22,2025-11-19,INE009A01021,INFY,MERGER,,,RTA
2025-09-26,2025-09-17,INE154A01025,ITC,RIGHTS,3:5,,NSE
2025-12-12,2025-12-03,INE155A01022,TATAMOTORS,RIGHTS,1:1,,BSE
2025-11-12,2025-11-09,INE018A01030,LT,SPLIT,3:5,,NSE
2025-09-24,2025-09-21,INE090A01021,ICICIBANK,SPLIT,3:5,,NSE
2025-10-01,2025-09-21,INE002A01018,RELIANCE,DIVIDEND,,17.68,BSE
2025-11-02,2025-10-25,INE237A01028,KOTAKBANK,BONUS,2:3,,RTA
2025-11-28,2025-11-21,INE001A01036,HDFC,RIGHTS,1:1,,NSE
2025-10-17,2025-10-16,INE018A01030,LT,MERGER,,,RTA
2025-11-02,2025-10-28,INE062A01020,SBIN,MERGER,,,NSE
2025-11-03,2025-10-25,INE155A01022,TATAMOTORS,RIGHTS,1:1,,BSE
2025-12-21,2025-12-20,INE090A01021,ICICIBANK,MERGER,,,BSE
2025-12-26,2025-12-24,INE001A01036,HDFC,RIGHTS,1:1,,RTA
2025-11-26,2025-11-24,INE237A01028,KOTAKBANK,BONUS,1:1,,RTA
2025-11-03,2025-10-28,INE062A01020,SBIN,SPLIT,3:5,,NSE
2025-11-12,2025-11-07,INE018A01030,LT,MERGER,,,BSE
2025-10-18,2025-10-17,INE002A01018,RELIANCE,SPLIT,3:5,,BSE
2025-10-16,2025-10-13,INE009A01021,INFY,RIGHTS,2:3,,NSE
2025-09-23,2025-09-13,INE237A01028,KOTAKBANK,MERGER,,,BSE
2025-11-08,2025-10-31,INE002A01018,RELIANCE,BONUS,1:1,,BSE
2025-11-01,2025-10-31,INE062A01020,SBIN,SPLIT,2:3,,BSE
2025-10-31,2025-10-26,INE154A01025,ITC,SPLIT,2:3,,BSE
2025-11-09,2025-11-02,INE238A01026,AXISBANK,BONUS,1:1,,BSE
2025-10-10,2025-10-05,INE155A01022,TATAMOTORS,RIGHTS,3:5,,NSE
2025-10-03,2025-09-30,INE237A01028,KOTAKBANK,MERGER,,,NSE
2025-12-03,2025-11-30,INE009A01021,INFY,MERGER,,,RTA
2025-11-09,2025-10-30,INE062A01020,SBIN,RIGHTS,3:5,,RTA
2025-11-05,2025-10-28,INE155A01022,TATAMOTORS,RIGHTS,3:5,,RTA
2025-10-28,2025-10-26,INE238A01026,AXISBANK,BONUS,2:3,,BSE
2025-10-06,2025-10-04,INE155A01022,TATAMOTORS,BONUS,1:2,,RTA
2025-12-05,2025-12-02,INE154A01025,ITC,SPLIT,1:1,,NSE
2025-09-26,2025-09-16,INE238A01026,AXISBANK,RIGHTS,1:1,,BSE
2025-09-22,2025-09-19,INE009A01021,INFY,BONUS,1:1,,NSE
2025-11-29,2025-11-24,INE001A01036,HDFC,RIGHTS,1:2,,NSE
2025-12-01,2025-11-28,INE002A01018,RELIANCE,MERGER,,,NSE
2025-11-15,2025-11-10,INE002A01018,RELIANCE,DIVIDEND,,13.97,NSE
2025-11-26,2025-11-18,INE238A01026,AXISBANK,RIGHTS,1:1,,BSE
2025-11-21,2025-11-20,INE155A01022,TATAMOTORS,DIVIDEND,,14.92,RTA
2025-10-16,2025-10-15,INE155A01022,TATAMOTORS,DIVIDEND,,11.16,RTA
2025-12-01,2025-11-25,INE154A01025,ITC,BONUS,1:2,,NSE
2025-10-14,2025-10-09,INE062A01020,SBIN,MERGER,,,RTA
2025-10-21,2025-10-15,INE155A01022,TATAMOTORS,MERGER,,,RTA
2025-11-06,2025-11-04,INE090A01021,ICICIBANK,BONUS,2:3,,BSE
2025-10-02,2025-09-22,INE238A01026,AXISBANK,MERGER,,,NSE
2025-10-25,2025-10-24,INE155A01022,TATAMOTORS,SPLIT,2:3,,BSE
2025-12-09,2025-12-07,INE154A01025,ITC,BONUS,3:5,,BSE
2025-10-21,2025-10-19,INE237A01028,KOTAKBANK,BONUS,3:5,,NSE
2025-12-03,2025-11-28,INE062A01020,SBIN,RIGHTS,1:1,,RTA
2025-11-21,2025-11-14,INE018A01030,LT,SPLIT,1:1,,BSE
2025-12-19,2025-12-16,INE155A01022,TATAMOTORS,RIGHTS,2:3,,BSE
2025-11-28,2025-11-24,INE002A01018,RELIANCE,DIVIDEND,,6.22,RTA
2025-09-24,2025-09-15,INE018A01030,LT,MERGER,,,BSE
2025-09-22,2025-09-15,INE238A01026,AXISBANK,RIGHTS,1:2,,RTA
2025-12-25,2025-12-15,INE018A01030,LT,RIGHTS,3:5,,BSE
2025-11-14,2025-11-06,INE154A01025,ITC,SPLIT,1:2,,NSE
2025-10-04,2025-10-03,INE090A01021,ICICIBANK,BONUS,3:5,,RTA
2025-11-21,2025-11-12,INE009A01021,INFY,DIVIDEND,,14.76,BSE
2025-11-27,2025-11-18,INE062A01020,SBIN,BONUS,2:3,,RTA
2025-10-24,2025-10-17,INE009A01021,INFY,MERGER,,,RTA
2025-10-01,2025-09-23,INE001A01036,HDFC,SPLIT,1:1,,RTA
2025-12-25,2025-12-16,INE090A01021,ICICIBANK,SPLIT,3:5,,NSE
2025-11-17,2025-11-13,INE154A01025,ITC,DIVIDEND,,17.16,RTA
2025-10-29,2025-10-19,INE237A01028,KOTAKBANK,BONUS,1:2,,RTA
2025-12-16,2025-12-12,INE062A01020,SBIN,BONUS,1:2,,NSE
2025-10-20,2025-10-16,INE090A01021,ICICIBANK,RIGHTS,1:2,,BSE
2025-11-19,2025-11-16,INE018A01030,LT,DIVIDEND,,14.32,NSE
2025-12-26,2025-12-25,INE237A01028,KOTAKBANK,MERGER,,,NSE
2025-12-13,2025-12-04,INE238A01026,AXISBANK,RIGHTS,2:3,,BSE
2025-12-12,2025-12-03,INE238A01026,AXISBANK,RIGHTS,1:1,,BSE
2025-11-01,2025-10-26,INE237A01028,KOTAKBANK,BONUS,2:3,,RTA
2025-11-16,2025-11-14,INE155A01022,TATAMOTORS,SPLIT,1:2,,BSE
2025-10-21,2025-10-11,INE154A01025,ITC,RIGHTS,1:1,,RTA
2025-10-25,2025-10-21,INE002A01018,RELIANCE,DIVIDEND,,5.91,RTA
2025-11-17,2025-11-12,INE154A01025,ITC,BONUS,1:2,,BSE
2025-10-29,2025-10-19,INE062A01020,SBIN,RIGHTS,2:3,,BSE
2025-12-22,2025-12-12,INE090A01021,ICICIBANK,BONUS,3:5,,RTA
2025-11-07,2025-11-05,INE238A01026,AXISBANK,RIGHTS,1:2,,NSE
2025-11-10,2025-11-01,INE018A01030,LT,BONUS,1:1,,BSE
2025-11-25,2025-11-24,INE001A01036,HDFC,DIVIDEND,,10.3,NSE
2025-10-08,2025-09-28,INE238A01026,AXISBANK,DIVIDEND,,8.92,NSE
2025-11-13,2025-11-07,INE062A01020,SBIN,DIVIDEND,,14.45,BSE
2025-10-19,2025-10-13,INE090A01021,ICICIBANK,BONUS,2:3,,NSE
2025-10-19,2025-10-11,INE002A01018,RELIANCE,DIVIDEND,,12.53,RTA
2025-10-01,2025-09-23,INE018A01030,LT,DIVIDEND,,16.87,NSE
2025-11-01,2025-10-28,INE018A01030,LT,BONUS,1:2,,BSE
2025-10-23,2025-10-17,INE237A01028,KOTAKBANK,BONUS,3:5,,BSE
2025-12-13,2025-12-08,INE155A01022,TATAMOTORS,MERGER,,,RTA
2025-11-10,2025-11-06,INE154A01025,ITC,MERGER,,,NSE
2025-11-25,2025-11-16,INE009A01021,INFY,SPLIT,2:3,,RTA
2025-10-18,2025-10-08,INE238A01026,AXISBANK,MERGER,,,RTA
2025-10-09,2025-10-02,INE238A01026,AXISBANK,RIGHTS,2:3,,BSE
2025-11-09,2025-11-07,INE001A01036,HDFC,MERGER,,,RTA
2025-09-23,2025-09-22,INE238A01026,AXISBANK,SPLIT,1:1,,BSE
2025-10-03,2025-09-25,INE009A01021,INFY,MERGER,,,NSE
2025-12-20,2025-12-18,INE090A01021,ICICIBANK,MERGER,,,NSE
2025-09-29,2025-09-28,INE155A01022,TATAMOTORS,BONUS,1:1,,NSE
2025-09-25,2025-09-23,INE009A01021,INFY,RIGHTS,2:3,,NSE
2025-10-02,2025-09-23,INE009A01021,INFY,DIVIDEND,,2.42,BSE
2025-12-24,2025-12-22,INE002A01018,RELIANCE,DIVIDEND,,15.8,NSE
2025-12-16,2025-12-14,INE018A01030,LT,SPLIT,1:2,,NSE
2025-10-02,2025-09-25,INE238A01026,AXISBANK,SPLIT,1:2,,RTA
2025-11-07,2025-10-29,INE009A01021,INFY,MERGER,,,NSE
2025-11-10,2025-11-01,INE238A01026,AXISBANK,SPLIT,2:3,,BSE
2025-12-21,2025-12-16,INE237A01028,KOTAKBANK,MERGER,,,NSE
2025-11-17,2025-11-14,INE018A01030,LT,SPLIT,2:3,,BSE
2025-10-18,2025-10-14,INE062A01020,SBIN,RIGHTS,2:3,,RTA
2025-11-06,2025-10-29,INE062A01020,SBIN,RIGHTS,1:2,,RTA
2025-12-25,2025-12-23,INE009A01021,INFY,DIVIDEND,,2.82,NSE
2025-12-18,2025-12-17,INE009A01021,INFY,MERGER,,,BSE
2025-10-12,2025-10-08,INE238A01026,AXISBANK,BONUS,1:2,,BSE
2025-12-15,2025-12-05,INE238A01026,AXISBANK,RIGHTS,1:1,,BSE
2025-09-24,2025-09-19,INE018A01030,LT,SPLIT,1:1,,BSE
2025-11-10,2025-11-02,INE155A01022,TATAMOTORS,BONUS,1:2,,BSE
2025-10-22,2025-10-12,INE238A01026,AXISBANK,RIGHTS,1:2,,RTA
2025-10-01,2025-09-28,INE238A01026,AXISBANK,DIVIDEND,,4.08,BSE
2025-09-26,2025-09-24,INE001A01036,HDFC,SPLIT,2:3,,RTA
2025-09-29,2025-09-26,INE062A01020,SBIN,MERGER,,,BSE
2025-10-30,2025-10-29,INE062A01020,SBIN,DIVIDEND,,2.31,BSE
2025-12-14,2025-12-11,INE009A01021,INFY,DIVIDEND,,5.41,RTA
2025-10-21,2025-10-16,INE002A01018,RELIANCE,DIVIDEND,,3.39,BSE
2025-12-25,2025-12-21,INE062A01020,SBIN,SPLIT,2:3,,NSE
2025-10-12,2025-10-04,INE002A01018,RELIANCE,BONUS,3:5,,NSE
2025-09-21,2025-09-20,INE001A01036,HDFC,BONUS,1:1,,BSE
2025-12-21,2025-12-19,INE009A01021,INFY,SPLIT,2:3,,NSE
2025-12-11,2025-12-10,INE001A01036,HDFC,BONUS,3:5,,BSE
2025-10-19,2025-10-11,INE002A01018,RELIANCE,SPLIT,2:3,,BSE
2025-11-28,2025-11-23,INE155A01022,TATAMOTORS,DIVIDEND,,13.71,RTA
2025-12-15,2025-12-10,INE009A01021,INFY,SPLIT,2:3,,BSE
2025-10-24,2025-10-23,INE002A01018,RELIANCE,SPLIT,3:5,,BSE
2025-10-18,2025-10-14,INE018A01030,LT,BONUS,1:2,,NSE
2025-10-04,2025-10-01,INE237A01028,KOTAKBANK,RIGHTS,2:3,,NSE
2025-11-09,2025-11-03,INE018A01030,LT,RIGHTS,1:2,,BSE
2025-09-30,2025-09-24,INE155A01022,TATAMOTORS,BONUS,1:2,,RTA
2025-09-27,2025-09-23,INE002A01018,RELIANCE,SPLIT,1:2,,NSE
2025-12-20,2025-12-17,INE090A01021,ICICIBANK,BONUS,2:3,,BSE
2025-11-26,2025-11-24,INE237A01028,KOTAKBANK,DIVIDEND,,13.9,NSE
2025-11-09,2025-11-05,INE155A01022,TATAMOTORS,MERGER,,,NSE
2025-10-22,2025-10-15,INE001A01036,HDFC,RIGHTS,1:1,,BSE
2025-10-11,2025-10-06,INE009A01021,INFY,BONUS,3:5,,NSE
2025-10-13,2025-10-11,INE155A01022,TATAMOTORS,SPLIT,1:1,,NSE
2025-11-24,2025-11-18,INE001A01036,HDFC,BONUS,1:2,,NSE
2025-11-26,2025-11-17,INE002A01018,RELIANCE,MERGER,,,BSE
2025-10-17,2025-10-12,INE018A01030,LT,MERGER,,,NSE
2025-10-15,2025-10-07,INE018A01030,LT,DIVIDEND,,9.39,NSE
2025-10-29,2025-10-20,INE018A01030,LT,BONUS,3:5,,RTA
2025-09-29,2025-09-24,INE238A01026,AXISBANK,BONUS,3:5,,NSE
2025-10-18,2025-10-14,INE237A01028,KOTAKBANK,DIVIDEND,,14.7,NSE
2025-10-12,2025-10-06,INE002A01018,RELIANCE,BONUS,2:3,,RTA
2025-11-22,2025-11-17,INE009A01021,INFY,BONUS,1:2,,NSE
2025-12-01,2025-11-30,INE002A01018,RELIANCE,DIVIDEND,,4.27,BSE
2025-12-26,2025-12-23,INE154A01025,ITC,DIVIDEND,,16.45,RTA
2025-10-28,2025-10-21,INE237A01028,KOTAKBANK,RIGHTS,2:3,,BSE
2025-12-24,2025-12-23,INE237A01028,KOTAKBANK,DIVIDEND,,12.91,BSE
2025-10-23,2025-10-18,INE154A01025,ITC,DIVIDEND,,14.08,BSE
2025-12-26,2025-12-24,INE237A01028,KOTAKBANK,DIVIDEND,,5.23,BSE
2025-11-09,2025-11-03,INE002A01018,RELIANCE,DIVIDEND,,6.44,NSE
2025-10-08,2025-10-05,INE154A01025,ITC,BONUS,1:1,,RTA
2025-10-26,2025-10-19,INE155A01022,TATAMOTORS,BONUS,2:3,,NSE
2025-11-24,2025-11-17,INE090A01021,ICICIBANK,DIVIDEND,,11.54,BSE
2025-11-01,2025-10-30,INE001A01036,HDFC,SPLIT,1:1,,BSE
2025-11-22,2025-11-16,INE018A01030,LT,DIVIDEND,,12.26,RTA
2025-12-17,2025-12-11,INE090A01021,ICICIBANK,RIGHTS,2:3,,RTA
2025-11-12,2025-11-02,INE090A01021,ICICIBANK,BONUS,3:5,,RTA
2025-11-18,2025-11-08,INE090A01021,ICICIBANK,MERGER,,,NSE
2025-12-17,2025-12-08,INE154A01025,ITC,BONUS,1:2,,NSE
2025-10-10,2025-10-02,INE090A01021,ICICIBANK,RIGHTS,1:2,,NSE
2025-11-21,2025-11-14,INE238A01026,AXISBANK,RIGHTS,3:5,,RTA
2025-11-28,2025-11-27,INE090A01021,ICICIBANK,SPLIT,1:1,,NSE
2025-11-19,2025-11-11,INE001A01036,HDFC,MERGER,,,RTA
2025-12-09,2025-12-04,INE090A01021,ICICIBANK,DIVIDEND,,7.14,NSE
2025-09-24,2025-09-19,INE018A01030,LT,DIVIDEND,,11.49,BSE
2025-10-22,2025-10-21,INE062A01020,SBIN,RIGHTS,3:5,,NSE
2025-10-16,2025-10-12,INE062A01020,SBIN,MERGER,,,RTA
2025-12-20,2025-12-15,INE237A01028,KOTAKBANK,BONUS,1:2,,RTA
2025-09-26,2025-09-16,INE155A01022,TATAMOTORS,BONUS,1:2,,NSE
2025-11-13,2025-11-12,INE090A01021,ICICIBANK,SPLIT,1:1,,RTA
2025-12-09,2025-11-30,INE155A01022,TATAMOTORS,BONUS,1:2,,NSE
2025-12-13,2025-12-04,INE002A01018,RELIANCE,BONUS,1:1,,RTA
2025-11-27,2025-11-23,INE238A01026,AXISBANK,SPLIT,1:1,,NSE
2025-10-02,2025-09-29,INE237A01028,KOTAKBANK,DIVIDEND,,15.37,RTA
2025-10-10,2025-10-08,INE090A01021,ICICIBANK,BONUS,1:1,,RTA
2025-10-29,2025-10-21,INE238A01026,AXISBANK,RIGHTS,1:2,,BSE
2025-09-30,2025-09-22,INE001A01036,HDFC,RIGHTS,3:5,,RTA
2025-10-13,2025-10-10,INE154A01025,ITC,RIGHTS,1:1,,RTA
2025-10-21,2025-10-15,INE018A01030,LT,MERGER,,,BSE
2025-12-06,2025-12-03,INE155A01022,TATAMOTORS,MERGER,,,NSE
2025-11-24,2025-11-16,INE018A01030,LT,SPLIT,1:1,,BSE
2025-10-23,2025-10-19,INE062A01020,SBIN,SPLIT,1:1,,NSE
2025-10-06,2025-09-26,INE001A01036,HDFC,SPLIT,3:5,,NSE
2025-10-17,2025-10-14,INE237A01028,KOTAKBANK,DIVIDEND,,17.99,NSE
2025-11-06,2025-11-01,INE090A01021,ICICIBANK,SPLIT,2:3,,RTA
2025-11-12,2025-11-09,INE237A01028,KOTAKBANK,DIVIDEND,,17.02,NSE
2025-10-25,2025-10-15,INE237A01028,KOTAKBANK,DIVIDEND,,15.32,NSE
2025-09-25,2025-09-15,INE238A01026,AXISBANK,MERGER,,,NSE
2025-12-25,2025-12-15,INE238A01026,AXISBANK,MERGER,,,NSE
2025-12-10,2025-12-05,INE238A01026,AXISBANK,SPLIT,1:2,,BSE
2025-11-22,2025-11-17,INE237A01028,KOTAKBANK,RIGHTS,1:1,,NSE
2025-12-18,2025-12-17,INE155A01022,TATAMOTORS,DIVIDEND,,14.24,BSE
2025-10-06,2025-09-30,INE154A01025,ITC,MERGER,,,RTA
2025-11-07,2025-11-02,INE155A01022,TATAMOTORS,MERGER,,,BSE
2025-10-22,2025-10-16,INE009A01021,INFY,DIVIDEND,,12.85,NSE
2025-12-16,2025-12-15,INE155A01022,TATAMOTORS,MERGER,,,NSE
2025-10-08,2025-09-29,INE237A01028,KOTAKBANK,SPLIT,2:3,,NSE
2025-10-30,2025-10-23,INE009A01021,INFY,MERGER,,,NSE
2025-11-04,2025-10-27,INE002A01018,RELIANCE,DIVIDEND,,10.19,BSE
2025-11-03,2025-10-31,INE018A01030,LT,MERGER,,,RTA
2025-10-29,2025-10-28,INE062A01020,SBIN,RIGHTS,1:1,,RTA
2025-11-29,2025-11-23,INE001A01036,HDFC,MERGER,,,BSE
2025-12-14,2025-12-10,INE018A01030,LT,SPLIT,3:5,,BSE
2025-12-21,2025-12-19,INE154A01025,ITC,MERGER,,,BSE
2025-11-04,2025-10-31,INE062A01020,SBIN,MERGER,,,NSE
2025-10-11,2025-10-05,INE154A01025,ITC,MERGER,,,RTA
2025-11-28,2025-11-18,INE238A01026,AXISBANK,MERGER,,,RTA
2025-12-13,2025-12-06,INE090A01021,ICICIBANK,RIGHTS,1:2,,NSE
2025-10-16,2025-10-06,INE090A01021,ICICIBANK,DIVIDEND,,1.62,NSE
2025-10-11,2025-10-07,INE238A01026,AXISBANK,DIVIDEND,,14.58,BSE
2025-10-30,2025-10-21,INE018A01030,LT,BONUS,1:1,,NSE
2025-12-15,2025-12-09,INE090A01021,ICICIBANK,DIVIDEND,,16.26,RTA
2025-10-27,2025-10-18,INE238A01026,AXISBANK,BONUS,3:5,,NSE
2025-11-30,2025-11-24,INE001A01036,HDFC,DIVIDEND,,9.5,BSE
2025-12-09,2025-12-05,INE018A01030,LT,MERGER,,,RTA
2025-12-05,2025-12-04,INE238A01026,AXISBANK,RIGHTS,3:5,,RTA
2025-12-12,2025-12-05,INE155A01022,TATAMOTORS,SPLIT,1:1,,NSE
2025-10-28,2025-10-20,INE002A01018,RELIANCE,SPLIT,1:1,,NSE
2025-10-31,2025-10-23,INE009A01021,INFY,RIGHTS,1:2,,BSE
2025-12-21,2025-12-20,INE090A01021,ICICIBANK,SPLIT,2:3,,RTA
2025-10-14,2025-10-09,INE018A01030,LT,MERGER,,,BSE
2025-10-03,2025-09-29,INE237A01028,KOTAKBANK,BONUS,1:2,,RTA
2025-10-13,2025-10-10,INE238A01026,AXISBANK,DIVIDEND,,7.58,RTA
2025-11-04,2025-10-31,INE238A01026,AXISBANK,RIGHTS,2:3,,NSE
2025-11-10,2025-11-05,INE018A01030,LT,MERGER,,,NSE
2025-11-24,2025-11-15,INE238A01026,AXISBANK,SPLIT,1:2,,RTA
2025-12-17,2025-12-13,INE002A01018,RELIANCE,DIVIDEND,,5.96,NSE
2025-11-01,2025-10-27,INE155A01022,TATAMOTORS,SPLIT,1:2,,BSE
2025-11-11,2025-11-04,INE237A01028,KOTAKBANK,BONUS,1:1,,NSE
2025-12-24,2025-12-15,INE062A01020,SBIN,MERGER,,,NSE
2025-10-04,2025-10-02,INE238A01026,AXISBANK,DIVIDEND,,17.13,BSE
2025-11-24,2025-11-19,INE154A01025,ITC,SPLIT,1:2,,BSE
2025-10-09,2025-09-30,INE001A01036,HDFC,DIVIDEND,,12.68,NSE
2025-09-23,2025-09-18,INE062A01020,SBIN,SPLIT,1:2,,RTA
2025-11-05,2025-10-29,INE090A01021,ICICIBANK,RIGHTS,1:1,,RTA
2025-11-10,2025-11-08,INE154A01025,ITC,SPLIT,2:3,,BSE
2025-09-22,2025-09-16,INE001A01036,HDFC,SPLIT,3:5,,RTA
2025-10-31,2025-10-24,INE062A01020,SBIN,RIGHTS,1:1,,RTA
2025-10-11,2025-10-07,INE238A01026,AXISBANK,RIGHTS,1:1,,NSE
2025-11-12,2025-11-10,INE237A01028,KOTAKBANK,MERGER,,,NSE
2025-10-29,2025-10-27,INE018A01030,LT,MERGER,,,NSE
2025-11-12,2025-11-08,INE062A01020,SBIN,RIGHTS,1:1,,RTA
2025-11-13,2025-11-03,INE237A01028,KOTAKBANK,BONUS,3:5,,BSE
2025-11-11,2025-11-09,INE062A01020,SBIN,MERGER,,,BSE
2025-12-06,2025-12-04,INE154A01025,ITC,BONUS,3:5,,RTA
2025-11-05,2025-10-26,INE062A01020,SBIN,SPLIT,1:2,,BSE
2025-10-14,2025-10-04,INE018A01030,LT,DIVIDEND,,5.44,RTA
2025-11-30,2025-11-20,INE001A01036,HDFC,RIGHTS,1:2,,BSE
2025-10-31,2025-10-29,INE001A01036,HDFC,DIVIDEND,,2.46,BSE
2025-11-21,2025-11-18,INE155A01022,TATAMOTORS,SPLIT,2:3,,NSE
2025-11-21,2025-11-16,INE090A01021,ICICIBANK,DIVIDEND,,9.1,NSE
2025-12-26,2025-12-22,INE237A01028,KOTAKBANK,MERGER,,,RTA
2025-10-12,2025-10-07,INE155A01022,TATAMOTORS,BONUS,1:2,,NSE
2025-12-17,2025-12-14,INE154A01025,ITC,RIGHTS,1:2,,BSE
2025-11-27,2025-11-25,INE062A01020,SBIN,RIGHTS,3:5,,NSE
2025-10-15,2025-10-11,INE154A01025,ITC,RIGHTS,1:2,,NSE
2025-10-26,2025-10-21,INE237A01028,KOTAKBANK,BONUS,1:1,,NSE
2025-11-19,2025-11-10,INE238A01026,AXISBANK,BONUS,2:3,,NSE
2025-11-27,2025-11-24,INE237A01028,KOTAKBANK,BONUS,1:1,,RTA
2025-09-23,2025-09-15,INE018A01030,LT,BONUS,1:1,,RTA
2025-12-17,2025-12-11,INE001A01036,HDFC,DIVIDEND,,11.55,NSE
2025-10-08,2025-10-01,INE002A01018,RELIANCE,DIVIDEND,,11.63,RTA
2025-12-17,2025-12-10,INE154A01025,ITC,SPLIT,1:2,,NSE
2025-09-21,2025-09-11,INE237A01028,KOTAKBANK,MERGER,,,NSE
2025-11-10,2025-11-08,INE062A01020,SBIN,DIVIDEND,,11.92,NSE
2025-11-11,2025-11-10,INE001A01036,HDFC,SPLIT,3:5,,NSE
2025-11-09,2025-11-01,INE237A01028,KOTAKBANK,BONUS,2:3,,BSE
2025-10-05,2025-09-30,INE018A01030,LT,BONUS,1:1,,NSE
2025-11-17,2025-11-14,INE155A01022,TATAMOTORS,MERGER,,,BSE
2025-12-05,2025-11-28,INE154A01025,ITC,RIGHTS,2:3,,NSE
2025-11-15,2025-11-14,INE009A01021,INFY,SPLIT,1:1,,NSE
2025-11-11,2025-11-02,INE002A01018,RELIANCE,BONUS,2:3,,RTA
2025-10-14,2025-10-09,INE237A01028,KOTAKBANK,BONUS,1:2,,BSE
2025-11-30,2025-11-24,INE238A01026,AXISBANK,SPLIT,1:2,,BSE
2025-09-29,2025-09-23,INE090A01021,ICICIBANK,RIGHTS,1:1,,NSE
2025-11-17,2025-11-13,INE002A01018,RELIANCE,MERGER,,,BSE
2025-10-26,2025-10-24,INE009A01021,INFY,DIVIDEND,,11.85,NSE
2025-12-21,2025-12-11,INE154A01025,ITC,DIVIDEND,,18.78,NSE
2025-10-04,2025-09-26,INE062A01020,SBIN,BONUS,3:5,,NSE
2025-10-18,2025-10-13,INE237A01028,KOTAKBANK,DIVIDEND,,16.14,RTA
2025-11-16,2025-11-11,INE090A01021,ICICIBANK,DIVIDEND,,5.55,RTA
2025-11-22,2025-11-12,INE154A01025,ITC,DIVIDEND,,7.2,BSE
2025-10-02,2025-10-01,INE237A01028,KOTAKBANK,RIGHTS,3:5,,RTA
2025-12-10,2025-12-02,INE238A01026,AXISBANK,DIVIDEND,,13.65,BSE
2025-09-24,2025-09-23,INE155A01022,TATAMOTORS,DIVIDEND,,16.96,NSE
2025-12-13,2025-12-06,INE009A01021,INFY,RIGHTS,3:5,,NSE
2025-10-17,2025-10-15,INE238A01026,AXISBANK,BONUS,2:3,,BSE
2025-11-07,2025-11-01,INE238A01026,AXISBANK,BONUS,1:2,,RTA
2025-12-19,2025-12-13,INE155A01022,TATAMOTORS,DIVIDEND,,19.61,RTA
2025-11-14,2025-11-09,INE001A01036,HDFC,RIGHTS,2:3,,RTA
2025-09-25,2025-09-18,INE238A01026,AXISBANK,BONUS,2:3,,RTA
2025-10-10,2025-10-05,INE237A01028,KOTAKBANK,BONUS,1:1,,BSE
2025-12-12,2025-12-08,INE238A01026,AXISBANK,RIGHTS,2:3,,NSE
2025-12-17,2025-12-13,INE002A01018,RELIANCE,BONUS,3:5,,BSE
2025-12-10,2025-12-05,INE238A01026,AXISBANK,DIVIDEND,,15.51,RTA
2025-10-29,2025-10-25,INE155A01022,TATAMOTORS,BONUS,1:1,,RTA
2025-12-25,2025-12-21,INE009A01021,INFY,SPLIT,3:5,,BSE
2025-12-07,2025-12-02,INE155A01022,TATAMOTORS,SPLIT,3:5,,NSE
2025-11-11,2025-11-08,INE237A01028,KOTAKBANK,BONUS,1:1,,BSE
2025-10-30,2025-10-23,INE009A01021,INFY,SPLIT,2:3,,RTA
2025-11-22,2025-11-21,INE090A01021,ICICIBANK,MERGER,,,NSE
2025-10-06,2025-09-29,INE009A01021,INFY,MERGER,,,BSE
2025-10-27,2025-10-18,INE090A01021,ICICIBANK,SPLIT,1:1,,NSE
2025-12-13,2025-12-11,INE062A01020,SBIN,SPLIT,2:3,,RTA
2025-12-13,2025-12-09,INE062A01020,SBIN,MERGER,,,NSE
2025-11-16,2025-11-09,INE002A01018,RELIANCE,MERGER,,,BSE
2025-12-13,2025-12-06,INE155A01022,TATAMOTORS,SPLIT,1:1,,BSE
2025-10-02,2025-09-24,INE018A01030,LT,BONUS,3:5,,RTA
2025-12-23,2025-12-17,INE237A01028,KOTAKBANK,MERGER,,,BSE
2025-10-19,2025-10-11,INE009A01021,INFY,RIGHTS,1:1,,NSE
2025-09-29,2025-09-21,INE002A01018,RELIANCE,SPLIT,1:1,,NSE
2025-12-04,2025-12-03,INE062A01020,SBIN,SPLIT,1:1,,RTA
2025-12-07,2025-12-06,INE237A01028,KOTAKBANK,BONUS,2:3,,NSE
2025-10-24,2025-10-15,INE001A01036,HDFC,BONUS,3:5,,NSE
2025-10-05,2025-09-30,INE238A01026,AXISBANK,SPLIT,3:5,,RTA
2025-12-06,2025-12-05,INE018A01030,LT,SPLIT,2:3,,RTA
2025-12-05,2025-11-29,INE002A01018,RELIANCE,RIGHTS,2:3,,BSE
2025-10-31,2025-10-28,INE001A01036,HDFC,BONUS,3:5,,NSE
2025-11-06,2025-10-31,INE018A01030,LT,MERGER,,,BSE
2025-10-22,2025-10-18,INE018A01030,LT,SPLIT,1:2,,RTA
2025-11-02,2025-11-01,INE155A01022,TATAMOTORS,DIVIDEND,,10.66,RTA
2025-10-26,2025-10-20,INE155A01022,TATAMOTORS,DIVIDEND,,7.44,RTA
2025-10-18,2025-10-15,INE009A01021,INFY,BONUS,3:5,,BSE
2025-09-28,2025-09-20,INE237A01028,KOTAKBANK,SPLIT,2:3,,RTA
2025-10-02,2025-09-23,INE001A01036,HDFC,BONUS,3:5,,RTA
2025-12-04,2025-11-30,INE062A01020,SBIN,BONUS,1:1,,NSE
2025-12-16,2025-12-08,INE090A01021,ICICIBANK,RIGHTS,3:5,,RTA
2025-10-30,2025-10-21,INE001A01036,HDFC,BONUS,2:3,,NSE
2025-11-29,2025-11-19,INE018A01030,LT,BONUS,1:2,,BSE
2025-11-12,2025-11-02,INE238A01026,AXISBANK,RIGHTS,3:5,,BSE
2025-10-10,2025-10-08,INE062A01020,SBIN,MERGER,,,BSE
2025-12-03,2025-11-25,INE018A01030,LT,DIVIDEND,,19.39,BSE
2025-12-23,2025-12-18,INE155A01022,TATAMOTORS,MERGER,,,NSE
2025-10-15,2025-10-08,INE009A01021,INFY,RIGHTS,1:1,,BSE
2025-11-14,2025-11-13,INE090A01021,ICICIBANK,RIGHTS,3:5,,BSE
2025-10-11,2025-10-04,INE062A01020,SBIN,BONUS,1:1,,NSE
2025-11-08,2025-11-02,INE018A01030,LT,BONUS,1:1,,NSE
2025-12-18,2025-12-11,INE154A01025,ITC,RIGHTS,1:2,,RTA
2025-10-19,2025-10-16,INE155A01022,TATAMOTORS,RIGHTS,3:5,,RTA
2025-10-29,2025-10-22,INE062A01020,SBIN,SPLIT,2:3,,BSE
2025-10-01,2025-09-27,INE062A01020,SBIN,BONUS,2:3,,NSE
2025-11-26,2025-11-18,INE237A01028,KOTAKBANK,BONUS,1:2,,RTA
2025-11-15,2025-11-13,INE001A01036,HDFC,SPLIT,1:1,,RTA
2025-12-01,2025-11-23,INE155A01022,TATAMOTORS,SPLIT,1:2,,RTA
2025-11-20,2025-11-16,INE018A01030,LT,MERGER,,,NSE
2025-10-18,2025-10-13,INE002A01018,RELIANCE,BONUS,2:3,,BSE
2025-12-25,2025-12-24,INE237A01028,KOTAKBANK,BONUS,1:1,,BSE
2025-10-04,2025-09-24,INE154A01025,ITC,RIGHTS,1:2,,NSE
2025-12-07,2025-11-30,INE155A01022,TATAMOTORS,DIVIDEND,,17.26,RTA
2025-11-13,2025-11-06,INE237A01028,KOTAKBANK,SPLIT,3:5,,BSE
2025-12-18,2025-12-12,INE009A01021,INFY,SPLIT,2:3,,RTA
2025-11-26,2025-11-17,INE237A01028,KOTAKBANK,SPLIT,2:3,,RTA
2025-09-29,2025-09-19,INE154A01025,ITC,BONUS,3:5,,RTA
2025-12-24,2025-12-21,INE238A01026,AXISBANK,BONUS,1:2,,NSE
2025-12-18,2025-12-12,INE002A01018,RELIANCE,BONUS,1:2,,NSE
2025-09-23,2025-09-17,INE018A01030,LT,BONUS,2:3,,RTA
2025-12-19,2025-12-16,INE238A01026,AXISBANK,BONUS,1:1,,NSE
2025-11-10,2025-10-31,INE237A01028,KOTAKBANK,RIGHTS,3:5,,BSE
2025-11-22,2025-11-14,INE155A01022,TATAMOTORS,BONUS,3:5,,BSE
2025-09-24,2025-09-19,INE009A01021,INFY,SPLIT,1:2,,NSE
2025-12-13,2025-12-09,INE238A01026,AXISBANK,SPLIT,3:5,,RTA
2025-10-24,2025-10-14,INE237A01028,KOTAKBANK,BONUS,1:1,,BSE
2025-11-14,2025-11-13,INE002A01018,RELIANCE,RIGHTS,3:5,,NSE
2025-11-18,2025-11-15,INE062A01020,SBIN,MERGER,,,RTA
2025-12-15,2025-12-14,INE009A01021,INFY,RIGHTS,3:5,,RTA
2025-12-10,2025-12-05,INE002A01018,RELIANCE,BONUS,1:1,,BSE
2025-12-24,2025-12-19,INE009A01021,INFY,BONUS,1:1,,RTA
2025-10-19,2025-10-11,INE090A01021,ICICIBANK,BONUS,3:5,,BSE
2025-10-17,2025-10-16,INE154A01025,ITC,DIVIDEND,,12.11,RTA
2025-12-09,2025-12-02,INE009A01021,INFY,RIGHTS,2:3,,RTA
2025-11-01,2025-10-24,INE002A01018,RELIANCE,RIGHTS,1:2,,RTA
2025-11-22,2025-11-18,INE155A01022,TATAMOTORS,MERGER,,,NSE
2025-11-20,2025-11-11,INE238A01026,AXISBANK,MERGER,,,BSE
2025-10-10,2025-10-08,INE062A01020,SBIN,SPLIT,1:1,,BSE
2025-09-23,2025-09-20,INE001A01036,HDFC,BONUS,2:3,,BSE
2025-10-03,2025-10-01,INE002A01018,RELIANCE,MERGER,,,NSE
2025-12-05,2025-12-04,INE018A01030,LT,BONUS,1:2,,RTA
2025-09-29,2025-09-22,INE154A01025,ITC,MERGER,,,RTA
2025-11-09,2025-11-02,INE154A01025,ITC,BONUS,3:5,,NSE
2025-11-13,2025-11-11,INE062A01020,SBIN,RIGHTS,3:5,,RTA
2025-11-02,2025-10-27,INE237A01028,KOTAKBANK,RIGHTS,1:1,,RTA
2025-12-10,2025-11-30,INE237A01028,KOTAKBANK,SPLIT,1:2,,NSE
2025-11-27,2025-11-17,INE062A01020,SBIN,SPLIT,1:1,,RTA
2025-11-20,2025-11-11,INE062A01020,SBIN,MERGER,,,RTA
2025-11-29,2025-11-26,INE154A01025,ITC,MERGER,,,RTA
2025-09-29,2025-09-28,INE001A01036,HDFC,BONUS,2:3,,BSE
2025-10-05,2025-09-29,INE154A01025,ITC,BONUS,1:2,,NSE
2025-10-18,2025-10-08,INE237A01028,KOTAKBANK,BONUS,1:2,,BSE
2025-11-24,2025-11-16,INE154A01025,ITC,RIGHTS,2:3,,BSE
2025-09-24,2025-09-19,INE154A01025,ITC,RIGHTS,1:2,,NSE
2025-12-23,2025-12-16,INE062A01020,SBIN,RIGHTS,1:1,,BSE
2025-10-19,2025-10-18,INE009A01021,INFY,BONUS,3:5,,BSE
2025-11-11,2025-11-06,INE155A01022,TATAMOTORS,SPLIT,1:2,,RTA
2025-12-15,2025-12-06,INE238A01026,AXISBANK,DIVIDEND,,16.82,NSE
2025-10-04,2025-10-02,INE155A01022,TATAMOTORS,RIGHTS,2:3,,NSE
2025-11-02,2025-10-30,INE155A01022,TATAMOTORS,MERGER,,,NSE
2025-12-24,2025-12-17,INE090A01021,ICICIBANK,RIGHTS,1:1,,BSE
2025-09-26,2025-09-18,INE062A01020,SBIN,MERGER,,,NSE
2025-12-06,2025-12-04,INE237A01028,KOTAKBANK,DIVIDEND,,5.92,RTA
2025-11-06,2025-10-27,INE238A01026,AXISBANK,DIVIDEND,,2.98,NSE
2025-10-05,2025-10-02,INE062A01020,SBIN,RIGHTS,1:1,,BSE
2025-10-04,2025-09-29,INE090A01021,ICICIBANK,SPLIT,1:2,,RTA
2025-09-25,2025-09-20,INE062A01020,SBIN,MERGER,,,BSE
2025-10-02,2025-09-23,INE018A01030,LT,MERGER,,,NSE
2025-12-24,2025-12-21,INE062A01020,SBIN,DIVIDEND,,18.34,NSE
2025-09-27,2025-09-22,INE062A01020,SBIN,BONUS,3:5,,BSE
2025-11-12,2025-11-02,INE237A01028,KOTAKBANK,SPLIT,1:1,,NSE
2025-12-18,2025-12-10,INE238A01026,AXISBANK,SPLIT,2:3,,BSE
2025-12-01,2025-11-24,INE062A01020,SBIN,MERGER,,,RTA
2025-09-30,2025-09-28,INE155A01022,TATAMOTORS,DIVIDEND,,5.41,RTA
2025-10-03,2025-09-24,INE002A01018,RELIANCE,BONUS,1:2,,RTA
2025-10-20,2025-10-14,INE001A01036,HDFC,BONUS,3:5,,NSE
2025-12-01,2025-11-29,INE155A01022,TATAMOTORS,MERGER,,,RTA
2025-11-11,2025-11-03,INE062A01020,SBIN,DIVIDEND,,16.8,RTA
2025-09-21,2025-09-18,INE237A01028,KOTAKBANK,MERGER,,,NSE
2025-10-15,2025-10-09,INE062A01020,SBIN,BONUS,1:2,,RTA
2025-12-11,2025-12-06,INE237A01028,KOTAKBANK,DIVIDEND,,19.06,BSE
2025-12-10,2025-11-30,INE018A01030,LT,RIGHTS,2:3,,RTA
2025-10-23,2025-10-22,INE238A01026,AXISBANK,MERGER,,,BSE
2025-11-06,2025-11-02,INE155A01022,TATAMOTORS,SPLIT,3:5,,RTA
2025-10-15,2025-10-12,INE155A01022,TATAMOTORS,SPLIT,3:5,,NSE
2025-10-14,2025-10-11,INE018A01030,LT,BONUS,1:2,,BSE
2025-10-24,2025-10-15,INE237A01028,KOTAKBANK,RIGHTS,3:5,,NSE
2025-11-28,2025-11-18,INE009A01021,INFY,SPLIT,1:2,,NSE
2025-10-03,2025-10-02,INE238A01026,AXISBANK,DIVIDEND,,3.74,NSE
2025-12-05,2025-12-04,INE018A01030,LT,MERGER,,,NSE
2025-10-31,2025-10-23,INE001A01036,HDFC,SPLIT,2:3,,RTA
2025-12-08,2025-12-03,INE237A01028,KOTAKBANK,SPLIT,2:3,,NSE
2025-12-20,2025-12-12,INE154A01025,ITC,DIVIDEND,,13.38,BSE
2025-12-18,2025-12-14,INE238A01026,AXISBANK,BONUS,2:3,,BSE
2025-11-25,2025-11-21,INE238A01026,AXISBANK,DIVIDEND,,3.7,NSE
2025-12-02,2025-11-30,INE018A01030,LT,SPLIT,2:3,,NSE
2025-09-28,2025-09-22,INE002A01018,RELIANCE,MERGER,,,BSE
2025-12-14,2025-12-07,INE237A01028,KOTAKBANK,DIVIDEND,,12.3,NSE
2025-11-03,2025-10-30,INE155A01022,TATAMOTORS,MERGER,,,BSE
2025-11-24,2025-11-22,INE009A01021,INFY,RIGHTS,1:2,,RTA
2025-11-23,2025-11-19,INE237A01028,KOTAKBANK,BONUS,1:1,,BSE
2025-11-25,2025-11-18,INE090A01021,ICICIBANK,DIVIDEND,,3.6,RTA
2025-11-07,2025-11-06,INE062A01020,SBIN,SPLIT,1:1,,RTA
2025-11-17,2025-11-16,INE154A01025,ITC,BONUS,2:3,,BSE
2025-11-01,2025-10-22,INE062A01020,SBIN,BONUS,2:3,,NSE
2025-11-07,2025-11-03,INE062A01020,SBIN,BONUS,1:2,,NSE
2025-10-14,2025-10-12,INE237A01028,KOTAKBANK,DIVIDEND,,12.79,RTA
2025-10-14,2025-10-05,INE155A01022,TATAMOTORS,DIVIDEND,,15.83,BSE
2025-11-15,2025-11-14,INE238A01026,AXISBANK,RIGHTS,1:2,,RTA
2025-11-29,2025-11-23,INE237A01028,KOTAKBANK,SPLIT,1:2,,RTA
2025-12-23,2025-12-16,INE238A01026,AXISBANK,DIVIDEND,,11.91,NSE
2025-11-20,2025-11-11,INE237A01028,KOTAKBANK,DIVIDEND,,2.83,BSE
2025-11-10,2025-11-06,INE009A01021,INFY,MERGER,,,RTA
2025-12-17,2025-12-13,INE002A01018,RELIANCE,SPLIT,3:5,,RTA
2025-12-10,2025-11-30,INE238A01026,AXISBANK,SPLIT,1:2,,NSE
2025-12-17,2025-12-09,INE154A01025,ITC,SPLIT,1:1,,RTA
2025-12-22,2025-12-19,INE154A01025,ITC,DIVIDEND,,3.52,BSE
2025-12-20,2025-12-17,INE009A01021,INFY,SPLIT,3:5,,BSE
2025-12-04,2025-11-24,INE018A01030,LT,SPLIT,2:3,,NSE
2025-12-09,2025-11-30,INE009A01021,INFY,MERGER,,,RTA
2025-10-27,2025-10-19,INE062A01020,SBIN,DIVIDEND,,18.47,RTA
2025-11-12,2025-11-10,INE062A01020,SBIN,SPLIT,1:2,,NSE
2025-11-20,2025-11-14,INE001A01036,HDFC,DIVIDEND,,18.05,NSE
2025-10-25,2025-10-21,INE238A01026,AXISBANK,BONUS,3:5,,NSE
2025-11-25,2025-11-24,INE090A01021,ICICIBANK,SPLIT,1:2,,RTA
2025-10-28,2025-10-22,INE001A01036,HDFC,MERGER,,,BSE
2025-12-09,2025-11-30,INE002A01018,RELIANCE,DIVIDEND,,16.43,BSE
2025-11-15,2025-11-14,INE090A01021,ICICIBANK,MERGER,,,NSE
2025-10-19,2025-10-13,INE237A01028,KOTAKBANK,SPLIT,3:5,,NSE
2025-10-13,2025-10-07,INE237A01028,KOTAKBANK,MERGER,,,RTA
2025-12-26,2025-12-25,INE154A01025,ITC,BONUS,1:2,,BSE
2025-12-08,2025-12-07,INE155A01022,TATAMOTORS,MERGER,,,NSE
2025-11-21,2025-11-13,INE237A01028,KOTAKBANK,RIGHTS,1:2,,NSE
2025-11-18,2025-11-09,INE154A01025,ITC,RIGHTS,1:1,,NSE
2025-10-15,2025-10-13,INE009A01021,INFY,DIVIDEND,,7.46,NSE
2025-12-03,2025-11-30,INE090A01021,ICICIBANK,DIVIDEND,,18.35,BSE
2025-11-05,2025-10-28,INE237A01028,KOTAKBANK,BONUS,3:5,,RTA
2025-11-23,2025-11-19,INE002A01018,RELIANCE,SPLIT,1:1,,BSE
2025-10-10,2025-10-04,INE154A01025,ITC,BONUS,2:3,,RTA
2025-12-15,2025-12-14,INE062A01020,SBIN,MERGER,,,NSE
2025-10-28,2025-10-18,INE062A01020,SBIN,SPLIT,3:5,,BSE
2025-10-17,2025-10-16,INE155A01022,TATAMOTORS,BONUS,3:5,,RTA
2025-09-27,2025-09-25,INE238A01026,AXISBANK,BONUS,1:2,,BSE
2025-11-15,2025-11-09,INE155A01022,TATAMOTORS,DIVIDEND,,4.06,RTA
2025-12-20,2025-12-17,INE002A01018,RELIANCE,BONUS,3:5,,NSE
2025-10-07,2025-09-27,INE018A01030,LT,RIGHTS,1:1,,RTA
2025-11-06,2025-10-27,INE018A01030,LT,DIVIDEND,,9.44,BSE
2025-12-11,2025-12-04,INE154A01025,ITC,DIVIDEND,,17.5,BSE
2025-11-25,2025-11-23,INE018A01030,LT,BONUS,1:1,,NSE
2025-11-15,2025-11-14,INE018A01030,LT,RIGHTS,3:5,,RTA
2025-10-17,2025-10-13,INE154A01025,ITC,SPLIT,1:1,,RTA
2025-12-21,2025-12-15,INE062A01020,SBIN,DIVIDEND,,16.14,BSE
2025-11-08,2025-11-01,INE154A01025,ITC,RIGHTS,3:5,,NSE
2025-10-23,2025-10-22,INE018A01030,LT,RIGHTS,2:3,,RTA
2025-12-07,2025-11-27,INE062A01020,SBIN,RIGHTS,1:2,,NSE
2025-11-07,2025-11-06,INE237A01028,KOTAKBANK,DIVIDEND,,12.29,BSE
2025-12-03,2025-11-26,INE001A01036,HDFC,DIVIDEND,,12.12,BSE
2025-09-24,2025-09-18,INE002A01018,RELIANCE,MERGER,,,NSE
2025-10-16,2025-10-12,INE009A01021,INFY,RIGHTS,2:3,,BSE
2025-10-01,2025-09-22,INE018A01030,LT,MERGER,,,RTA
2025-10-31,2025-10-24,INE009A01021,INFY,BONUS,3:5,,BSE
2025-09-24,2025-09-20,INE009A01021,INFY,SPLIT,2:3,,NSE
2025-11-01,2025-10-26,INE237A01028,KOTAKBANK,BONUS,2:3,,NSE
2025-11-01,2025-10-27,INE001A01036,HDFC,BONUS,3:5,,NSE
2025-12-12,2025-12-03,INE090A01021,ICICIBANK,MERGER,,,BSE
2025-11-06,2025-11-04,INE018A01030,LT,SPLIT,2:3,,BSE
2025-11-26,2025-11-19,INE062A01020,SBIN,DIVIDEND,,6.13,NSE
2025-09-23,2025-09-20,INE090A01021,ICICIBANK,SPLIT,3:5,,NSE
2025-10-07,2025-09-28,INE018A01030,LT,RIGHTS,1:1,,BSE
2025-10-27,2025-10-23,INE237A01028,KOTAKBANK,DIVIDEND,,3.84,NSE
2025-12-14,2025-12-04,INE238A01026,AXISBANK,SPLIT,1:1,,RTA
2025-11-14,2025-11-07,INE154A01025,ITC,MERGER,,,RTA
2025-12-03,2025-11-23,INE018A01030,LT,SPLIT,2:3,,BSE
2025-12-16,2025-12-08,INE062A01020,SBIN,SPLIT,2:3,,RTA
2025-11-21,2025-11-12,INE237A01028,KOTAKBANK,SPLIT,1:1,,NSE
2025-10-23,2025-10-16,INE018A01030,LT,SPLIT,1:1,,NSE
2025-12-26,2025-12-25,INE018A01030,LT,RIGHTS,2:3,,NSE
2025-11-08,2025-11-06,INE062A01020,SBIN,SPLIT,2:3,,BSE
2025-11-03,2025-10-31,INE009A01021,INFY,BONUS,1:1,,NSE
2025-10-02,2025-09-27,INE002A01018,RELIANCE,SPLIT,2:3,,BSE
2025-10-30,2025-10-26,INE062A01020,SBIN,DIVIDEND,,3.33,NSE
2025-12-06,2025-12-02,INE001A01036,HDFC,RIGHTS,1:2,,NSE
2025-11-01,2025-10-27,INE238A01026,AXISBANK,DIVIDEND,,10.52,BSE
2025-12-21,2025-12-13,INE238A01026,AXISBANK,BONUS,2:3,,NSE
2025-09-22,2025-09-12,INE237A01028,KOTAKBANK,BONUS,1:1,,BSE
2025-10-11,2025-10-10,INE001A01036,HDFC,SPLIT,1:1,,BSE
2025-11-06,2025-10-30,INE062A01020,SBIN,RIGHTS,1:2,,RTA
2025-10-15,2025-10-07,INE001A01036,HDFC,DIVIDEND,,18.98,NSE
2025-11-16,2025-11-14,INE155A01022,TATAMOTORS,MERGER,,,NSE
2025-10-23,2025-10-16,INE154A01025,ITC,BONUS,1:2,,NSE
2025-11-05,2025-10-28,INE009A01021,INFY,SPLIT,1:2,,NSE
2025-11-27,2025-11-22,INE155A01022,TATAMOTORS,DIVIDEND,,17.27,NSE
2025-10-22,2025-10-14,INE155A01022,TATAMOTORS,RIGHTS,2:3,,RTA
2025-11-24,2025-11-16,INE062A01020,SBIN,RIGHTS,3:5,,NSE
2025-12-20,2025-12-17,INE090A01021,ICICIBANK,SPLIT,3:5,,RTA
2025-10-01,2025-09-21,INE154A01025,ITC,SPLIT,1:2,,BSE
2025-10-17,2025-10-11,INE237A01028,KOTAKBANK,RIGHTS,1:1,,BSE
2025-11-25,2025-11-24,INE155A01022,TATAMOTORS,MERGER,,,BSE
2025-11-04,2025-10-28,INE018A01030,LT,SPLIT,1:1,,NSE
2025-09-22,2025-09-18,INE238A01026,AXISBANK,RIGHTS,1:1,,NSE
2025-10-20,2025-10-16,INE090A01021,ICICIBANK,SPLIT,1:1,,NSE
2025-09-29,2025-09-26,INE018A01030,LT,DIVIDEND,,7.09,BSE
2025-11-10,2025-11-08,INE002A01018,RELIANCE,SPLIT,1:2,,RTA
2025-09-25,2025-09-20,INE155A01022,TATAMOTORS,RIGHTS,3:5,,RTA
2025-11-09,2025-11-06,INE002A01018,RELIANCE,BONUS,1:2,,BSE
2025-10-05,2025-09-28,INE154A01025,ITC,SPLIT,3:5,,BSE
2025-11-25,2025-11-23,INE001A01036,HDFC,RIGHTS,1:2,,BSE
2025-12-16,2025-12-09,INE237A01028,KOTAKBANK,DIVIDEND,,1.75,RTA
2025-12-07,2025-11-30,INE009A01021,INFY,MERGER,,,RTA
2025-09-24,2025-09-16,INE001A01036,HDFC,BONUS,1:1,,BSE
2025-11-05,2025-10-27,INE238A01026,AXISBANK,RIGHTS,1:2,,RTA
2025-12-18,2025-12-15,INE154A01025,ITC,RIGHTS,2:3,,RTA
2025-11-28,2025-11-22,INE238A01026,AXISBANK,DIVIDEND,,9.91,BSE
2025-11-29,2025-11-20,INE155A01022,TATAMOTORS,RIGHTS,1:2,,NSE
2025-11-12,2025-11-07,INE002A01018,RELIANCE,BONUS,2:3,,RTA
2025-11-06,2025-11-04,INE238A01026,AXISBANK,MERGER,,,RTA
2025-11-28,2025-11-27,INE155A01022,TATAMOTORS,MERGER,,,BSE
2025-11-06,2025-11-02,INE002A01018,RELIANCE,SPLIT,3:5,,RTA
2025-09-23,2025-09-19,INE155A01022,TATAMOTORS,SPLIT,1:2,,NSE
2025-10-07,2025-10-03,INE155A01022,TATAMOTORS,SPLIT,2:3,,BSE
2025-12-03,2025-11-30,INE090A01021,ICICIBANK,MERGER,,,RTA
2025-12-25,2025-12-17,INE018A01030,LT,BONUS,3:5,,RTA
2025-11-06,2025-11-05,INE018A01030,LT,SPLIT,2:3,,NSE
2025-12-19,2025-12-18,INE155A01022,TATAMOTORS,RIGHTS,1:2,,NSE
2025-11-18,2025-11-16,INE002A01018,RELIANCE,BONUS,1:2,,NSE
2025-11-27,2025-11-22,INE155A01022,TATAMOTORS,MERGER,,,BSE
2025-12-14,2025-12-11,INE009A01021,INFY,BONUS,1:1,,RTA
2025-11-01,2025-10-30,INE009A01021,INFY,RIGHTS,1:2,,RTA
2025-12-07,2025-12-03,INE009A01021,INFY,RIGHTS,1:1,,RTA
2025-11-30,2025-11-28,INE018A01030,LT,MERGER,,,BSE
2025-09-22,2025-09-14,INE018A01030,LT,BONUS,1:2,,BSE
2025-10-15,2025-10-12,INE018A01030,LT,BONUS,2:3,,RTA
2025-10-29,2025-10-20,INE001A01036,HDFC,MERGER,,,BSE
2025-09-21,2025-09-15,INE018A01030,LT,RIGHTS,3:5,,NSE
2025-11-01,2025-10-25,INE009A01021,INFY,SPLIT,2:3,,BSE
2025-11-19,2025-11-10,INE154A01025,ITC,RIGHTS,2:3,,RTA
2025-11-14,2025-11-08,INE062A01020,SBIN,BONUS,3:5,,BSE
2025-10-25,2025-10-20,INE018A01030,LT,BONUS,2:3,,RTA
2025-10-22,2025-10-21,INE002A01018,RELIANCE,BONUS,1:2,,RTA
2025-10-31,2025-10-27,INE009A01021,INFY,RIGHTS,2:3,,BSE
2025-11-29,2025-11-27,INE155A01022,TATAMOTORS,SPLIT,1:1,,BSE
2025-11-18,2025-11-16,INE062A01020,SBIN,BONUS,1:2,,NSE
2025-11-23,2025-11-16,INE155A01022,TATAMOTORS,RIGHTS,1:1,,BSE
2025-10-11,2025-10-04,INE238A01026,AXISBANK,RIGHTS,1:2,,BSE
2025-11-15,2025-11-06,INE009A01021,INFY,RIGHTS,2:3,,BSE
2025-12-17,2025-12-08,INE238A01026,AXISBANK,MERGER,,,RTA
2025-12-13,2025-12-08,INE154A01025,ITC,SPLIT,1:2,,NSE
2025-12-06,2025-11-28,INE002A01018,RELIANCE,BONUS,1:2,,RTA
2025-12-21,2025-12-12,INE018A01030,LT,SPLIT,1:2,,BSE
2025-10-09,2025-10-06,INE062A01020,SBIN,BONUS,1:1,,RTA
2025-12-11,2025-12-09,INE002A01018,RELIANCE,DIVIDEND,,17.41,RTA
2025-11-22,2025-11-20,INE018A01030,LT,BONUS,1:1,,RTA
2025-10-01,2025-09-30,INE155A01022,TATAMOTORS,MERGER,,,NSE
2025-12-01,2025-11-24,INE002A01018,RELIANCE,SPLIT,2:3,,RTA
2025-11-25,2025-11-18,INE155A01022,TATAMOTORS,DIVIDEND,,12.29,NSE
2025-12-12,2025-12-09,INE154A01025,ITC,DIVIDEND,,7.78,BSE
2025-10-04,2025-10-03,INE237A01028,KOTAKBANK,SPLIT,1:2,,NSE
2025-11-05,2025-10-30,INE090A01021,ICICIBANK,DIVIDEND,,11.62,RTA
2025-09-29,2025-09-26,INE238A01026,AXISBANK,RIGHTS,2:3,,BSE
2025-10-19,2025-10-15,INE018A01030,LT,MERGER,,,BSE
2025-11-06,2025-10-29,INE062A01020,SBIN,DIVIDEND,,8.26,BSE
2025-11-14,2025-11-09,INE090A01021,ICICIBANK,DIVIDEND,,10.41,NSE
2025-09-23,2025-09-17,INE002A01018,RELIANCE,MERGER,,,BSE
2025-11-22,2025-11-17,INE062A01020,SBIN,SPLIT,2:3,,NSE
2025-10-16,2025-10-14,INE154A01025,ITC,DIVIDEND,,4.97,NSE
2025-12-03,2025-12-02,INE009A01021,INFY,MERGER,,,BSE
2025-12-10,2025-12-08,INE090A01021,ICICIBANK,DIVIDEND,,5.77,NSE
2025-12-01,2025-11-23,INE002A01018,RELIANCE,RIGHTS,3:5,,BSE
2025-11-03,2025-10-28,INE018A01030,LT,DIVIDEND,,8.4,RTA
2025-09-29,2025-09-27,INE001A01036,HDFC,DIVIDEND,,4.91,NSE
2025-11-24,2025-11-22,INE001A01036,HDFC,SPLIT,3:5,,NSE
2025-11-01,2025-10-22,INE018A01030,LT,DIVIDEND,,16.2,BSE
2025-12-07,2025-12-03,INE238A01026,AXISBANK,DIVIDEND,,17.0,BSE
2025-11-02,2025-10-30,INE237A01028,KOTAKBANK,BONUS,3:5,,BSE
2025-12-07,2025-11-29,INE009A01021,INFY,DIVIDEND,,1.46,NSE
2025-10-17,2025-10-08,INE090A01021,ICICIBANK,DIVIDEND,,3.1,RTA
2025-11-26,2025-11-25,INE062A01020,SBIN,MERGER,,,BSE
2025-10-12,2025-10-09,INE018A01030,LT,DIVIDEND,,6.06,RTA
2025-11-20,2025-11-12,INE062A01020,SBIN,RIGHTS,1:1,,NSE
2025-10-20,2025-10-12,INE090A01021,ICICIBANK,RIGHTS,3:5,,NSE
2025-10-03,2025-09-29,INE062A01020,SBIN,SPLIT,1:1,,RTA
2025-10-31,2025-10-29,INE001A01036,HDFC,RIGHTS,3:5,,NSE
2025-10-30,2025-10-20,INE090A01021,ICICIBANK,BONUS,3:5,,RTA
2025-12-12,2025-12-04,INE002A01018,RELIANCE,BONUS,2:3,,RTA
2025-12-18,2025-12-13,INE237A01028,KOTAKBANK,BONUS,1:2,,NSE
2025-11-19,2025-11-10,INE237A01028,KOTAKBANK,MERGER,,,RTA
2025-11-15,2025-11-11,INE238A01026,AXISBANK,SPLIT,1:1,,NSE
2025-12-16,2025-12-14,INE062A01020,SBIN,SPLIT,2:3,,NSE
2025-11-13,2025-11-10,INE237A01028,KOTAKBANK,MERGER,,,NSE
2025-12-15,2025-12-12,INE009A01021,INFY,BONUS,1:2,,NSE
2025-11-12,2025-11-10,INE237A01028,KOTAKBANK,DIVIDEND,,3.94,NSE
2025-11-20,2025-11-13,INE018A01030,LT,DIVIDEND,,12.52,RTA
2025-12-18,2025-12-14,INE090A01021,ICICIBANK,BONUS,2:3,,NSE
2025-11-11,2025-11-03,INE018A01030,LT,BONUS,1:1,,NSE
2025-10-07,2025-10-05,INE001A01036,HDFC,BONUS,1:1,,RTA
2025-11-15,2025-11-10,INE001A01036,HDFC,DIVIDEND,,19.49,BSE
2025-12-21,2025-12-19,INE155A01022,TATAMOTORS,BONUS,1:1,,RTA
2025-12-17,2025-12-14,INE155A01022,TATAMOTORS,BONUS,2:3,,BSE
2025-10-06,2025-09-26,INE237A01028,KOTAKBANK,BONUS,2:3,,NSE
2025-10-14,2025-10-04,INE062A01020,SBIN,SPLIT,3:5,,RTA
2025-10-22,2025-10-19,INE001A01036,HDFC,MERGER,,,NSE
2025-12-11,2025-12-10,INE154A01025,ITC,RIGHTS,3:5,,RTA
2025-10-12,2025-10-11,INE154A01025,ITC,DIVIDEND,,7.03,BSE
2025-10-22,2025-10-17,INE154A01025,ITC,DIVIDEND,,17.84,NSE
2025-10-04,2025-09-26,INE237A01028,KOTAKBANK,BONUS,1:1,,RTA
2025-10-15,2025-10-08,INE090A01021,ICICIBANK,DIVIDEND,,16.82,RTA
2025-09-29,2025-09-22,INE018A01030,LT,DIVIDEND,,1.77,RTA
2025-10-14,2025-10-05,INE155A01022,TATAMOTORS,MERGER,,,BSE
2025-10-25,2025-10-22,INE237A01028,KOTAKBANK,MERGER,,,NSE
2025-09-29,2025-09-24,INE002A01018,RELIANCE,MERGER,,,NSE
2025-10-25,2025-10-18,INE237A01028,KOTAKBANK,DIVIDEND,,8.84,NSE
2025-09-23,2025-09-21,INE237A01028,KOTAKBANK,SPLIT,2:3,,BSE
2025-11-09,2025-11-04,INE154A01025,ITC,DIVIDEND,,13.43,NSE
2025-11-09,2025-11-04,INE002A01018,RELIANCE,BONUS,2:3,,BSE
2025-11-24,2025-11-15,INE018A01030,LT,MERGER,,,NSE
2025-11-24,2025-11-23,INE155A01022,TATAMOTORS,DIVIDEND,,18.81,RTA
2025-12-06,2025-12-04,INE237A01028,KOTAKBANK,SPLIT,3:5,,NSE
2025-10-18,2025-10-14,INE001A01036,HDFC,MERGER,,,BSE
2025-11-26,2025-11-21,INE009A01021,INFY,SPLIT,3:5,,NSE
2025-12-12,2025-12-11,INE002A01018,RELIANCE,SPLIT,1:2,,RTA
2025-12-14,2025-12-11,INE009A01021,INFY,RIGHTS,3:5,,NSE
2025-11-04,2025-11-03,INE018A01030,LT,SPLIT,3:5,,BSE
2025-10-31,2025-10-23,INE090A01021,ICICIBANK,SPLIT,2:3,,NSE
2025-12-18,2025-12-09,INE002A01018,RELIANCE,SPLIT,1:1,,RTA
2025-12-22,2025-12-20,INE154A01025,ITC,BONUS,3:5,,NSE
2025-10-12,2025-10-03,INE155A01022,TATAMOTORS,BONUS,2:3,,BSE
2025-11-28,2025-11-23,INE238A01026,AXISBANK,SPLIT,1:2,,BSE
2025-09-21,2025-09-15,INE001A01036,HDFC,BONUS,2:3,,NSE
2025-09-25,2025-09-20,INE001A01036,HDFC,SPLIT,2:3,,NSE
2025-11-17,2025-11-13,INE155A01022,TATAMOTORS,MERGER,,,RTA
2025-12-04,2025-11-27,INE002A01018,RELIANCE,SPLIT,1:2,,RTA
2025-10-24,2025-10-14,INE002A01018,RELIANCE,DIVIDEND,,17.14,RTA
2025-12-18,2025-12-14,INE001A01036,HDFC,MERGER,,,NSE
2025-12-24,2025-12-20,INE001A01036,HDFC,BONUS,2:3,,RTA
2025-11-08,2025-10-30,INE001A01036,HDFC,DIVIDEND,,16.38,RTA
2025-12-06,2025-11-29,INE237A01028,KOTAKBANK,SPLIT,1:1,,RTA
2025-10-23,2025-10-20,INE238A01026,AXISBANK,RIGHTS,3:5,,BSE
2025-10-31,2025-10-22,INE237A01028,KOTAKBANK,DIVIDEND,,9.21,RTA
2025-11-06,2025-10-31,INE002A01018,RELIANCE,DIVIDEND,,1.15,NSE
2025-12-24,2025-12-18,INE154A01025,ITC,MERGER,,,BSE
2025-12-11,2025-12-03,INE018A01030,LT,RIGHTS,3:5,,NSE
2025-10-29,2025-10-28,INE062A01020,SBIN,SPLIT,3:5,,NSE
2025-11-07,2025-10-31,INE002A01018,RELIANCE,MERGER,,,BSE
2025-12-19,2025-12-09,INE237A01028,KOTAKBANK,DIVIDEND,,15.25,RTA
2025-10-10,2025-10-09,INE090A01021,ICICIBANK,BONUS,1:1,,BSE
2025-11-06,2025-11-01,INE009A01021,INFY,MERGER,,,RTA
2025-10-01,2025-09-24,INE154A01025,ITC,RIGHTS,2:3,,RTA
2025-10-06,2025-09-30,INE001A01036,HDFC,DIVIDEND,,1.6,BSE
2025-10-08,2025-10-04,INE018A01030,LT,SPLIT,1:1,,RTA
2025-09-21,2025-09-11,INE155A01022,TATAMOTORS,DIVIDEND,,17.52,BSE
2025-09-27,2025-09-26,INE001A01036,HDFC,SPLIT,2:3,,NSE
2025-11-21,2025-11-11,INE002A01018,RELIANCE,SPLIT,1:1,,BSE
2025-10-29,2025-10-19,INE090A01021,ICICIBANK,DIVIDEND,,16.37,RTA
2025-11-06,2025-11-02,INE002A01018,RELIANCE,RIGHTS,1:1,,NSE
2025-09-26,2025-09-20,INE001A01036,HDFC,DIVIDEND,,7.02,NSE
2025-11-07,2025-11-01,INE002A01018,RELIANCE,SPLIT,3:5,,NSE
2025-10-30,2025-10-29,INE002A01018,RELIANCE,RIGHTS,3:5,,RTA
2025-11-23,2025-11-21,INE009A01021,INFY,DIVIDEND,,5.7,BSE
2025-12-11,2025-12-10,INE154A01025,ITC,RIGHTS,1:2,,NSE
2025-09-27,2025-09-18,INE155A01022,TATAMOTORS,DIVIDEND,,5.8,NSE
2025-11-21,2025-11-16,INE155A01022,TATAMOTORS,SPLIT,3:5,,BSE
2025-11-13,2025-11-12,INE001A01036,HDFC,SPLIT,1:2,,BSE
2025-11-30,2025-11-23,INE018A01030,LT,RIGHTS,2:3,,RTA
2025-09-25,2025-09-21,INE238A01026,AXISBANK,RIGHTS,2:3,,RTA
2025-12-11,2025-12-08,INE090A01021,ICICIBANK,SPLIT,3:5,,RTA
2025-12-19,2025-12-12,INE018A01030,LT,MERGER,,,BSE
2025-12-01,2025-11-24,INE237A01028,KOTAKBANK,BONUS,2:3,,NSE
2025-12-03,2025-12-01,INE002A01018,RELIANCE,DIVIDEND,,12.41,RTA
2025-09-27,2025-09-17,INE155A01022,TATAMOTORS,RIGHTS,1:2,,RTA
2025-09-22,2025-09-16,INE090A01021,ICICIBANK,BONUS,1:1,,BSE
2025-11-26,2025-11-22,INE002A01018,RELIANCE,MERGER,,,NSE
2025-09-21,2025-09-17,INE018A01030,LT,MERGER,,,BSE
2025-12-22,2025-12-21,INE002A01018,RELIANCE,DIVIDEND,,16.51,BSE
2025-10-15,2025-10-05,INE002A01018,RELIANCE,RIGHTS,1:2,,NSE
2025-11-24,2025-11-21,INE090A01021,ICICIBANK,MERGER,,,NSE
2025-12-01,2025-11-28,INE001A01036,HDFC,MERGER,,,RTA
2025-12-21,2025-12-18,INE002A01018,RELIANCE,MERGER,,,BSE
2025-11-07,2025-10-30,INE001A01036,HDFC,DIVIDEND,,4.62,BSE
2025-11-25,2025-11-24,INE154A01025,ITC,MERGER,,,RTA
2025-11-05,2025-10-31,INE238A01026,AXISBANK,SPLIT,3:5,,NSE
2025-10-13,2025-10-12,INE001A01036,HDFC,DIVIDEND,,18.43,RTA
2025-10-24,2025-10-18,INE001A01036,HDFC,BONUS,1:2,,BSE
2025-12-12,2025-12-06,INE090A01021,ICICIBANK,DIVIDEND,,7.56,BSE
2025-10-07,2025-09-29,INE237A01028,KOTAKBANK,BONUS,1:2,,BSE
2025-12-22,2025-12-15,INE018A01030,LT,RIGHTS,1:1,,RTA
2025-11-17,2025-11-10,INE155A01022,TATAMOTORS,BONUS,3:5,,RTA
2025-09-26,2025-09-17,INE001A01036,HDFC,RIGHTS,1:2,,BSE
2025-11-20,2025-11-10,INE154A01025,ITC,MERGER,,,RTA
2025-10-22,2025-10-14,INE001A01036,HDFC,MERGER,,,NSE
2025-10-31,2025-10-25,INE001A01036,HDFC,MERGER,,,BSE
2025-10-17,2025-10-09,INE154A01025,ITC,DIVIDEND,,6.95,NSE
2025-09-29,2025-09-21,INE154A01025,ITC,MERGER,,,NSE
2025-12-10,2025-11-30,INE009A01021,INFY,SPLIT,2:3,,BSE
2025-11-07,2025-11-04,INE002A01018,RELIANCE,DIVIDEND,,19.75,RTA
2025-12-07,2025-12-02,INE062A01020,SBIN,MERGER,,,BSE
2025-11-05,2025-11-04,INE018A01030,LT,RIGHTS,1:2,,BSE
2025-10-30,2025-10-20,INE001A01036,HDFC,BONUS,2:3,,NSE
2025-12-05,2025-12-01,INE237A01028,KOTAKBANK,RIGHTS,3:5,,BSE
2025-12-21,2025-12-14,INE009A01021,INFY,RIGHTS,3:5,,RTA
2025-10-20,2025-10-14,INE018A01030,LT,DIVIDEND,,17.95,NSE
2025-12-09,2025-12-01,INE237A01028,KOTAKBANK,DIVIDEND,,17.43,RTA
2025-11-09,2025-11-03,INE155A01022,TATAMOTORS,MERGER,,,BSE
2025-10-29,2025-10-25,INE237A01028,KOTAKBANK,RIGHTS,1:1,,BSE
2025-12-03,2025-11-26,INE062A01020,SBIN,RIGHTS,2:3,,BSE
2025-12-20,2025-12-13,INE002A01018,RELIANCE,RIGHTS,3:5,,NSE
2025-11-21,2025-11-11,INE009A01021,INFY,DIVIDEND,,13.47,BSE
2025-11-15,2025-11-12,INE155A01022,TATAMOTORS,MERGER,,,RTA
2025-10-13,2025-10-11,INE090A01021,ICICIBANK,SPLIT,3:5,,NSE
2025-10-16,2025-10-09,INE237A01028,KOTAKBANK,BONUS,2:3,,RTA
2025-12-02,2025-11-23,INE238A01026,AXISBANK,RIGHTS,1:1,,RTA
2025-12-26,2025-12-23,INE009A01021,INFY,DIVIDEND,,11.16,RTA
2025-12-04,2025-12-01,INE238A01026,AXISBANK,SPLIT,1:2,,NSE
2025-11-30,2025-11-29,INE155A01022,TATAMOTORS,BONUS,3:5,,RTA
2025-10-01,2025-09-24,INE002A01018,RELIANCE,SPLIT,1:1,,NSE
2025-12-10,2025-12-04,INE009A01021,INFY,MERGER,,,BSE
2025-10-15,2025-10-12,INE002A01018,RELIANCE,DIVIDEND,,12.47,RTA
2025-12-01,2025-11-30,INE001A01036,HDFC,MERGER,,,BSE
2025-10-26,2025-10-18,INE001A01036,HDFC,RIGHTS,2:3,,RTA
2025-10-17,2025-10-11,INE018A01030,LT,SPLIT,2:3,,RTA
2025-10-15,2025-10-05,INE062A01020,SBIN,DIVIDEND,,8.13,NSE
2025-12-12,2025-12-11,INE001A01036,HDFC,BONUS,2:3,,BSE
2025-11-18,2025-11-14,INE154A01025,ITC,SPLIT,1:2,,NSE
2025-10-21,2025-10-16,INE155A01022,TATAMOTORS,BONUS,1:1,,NSE
2025-09-27,2025-09-26,INE154A01025,ITC,MERGER,,,NSE
2025-12-15,2025-12-10,INE238A01026,AXISBANK,SPLIT,2:3,,NSE
2025-11-25,2025-11-19,INE154A01025,ITC,MERGER,,,RTA
2025-11-10,2025-11-07,INE062A01020,SBIN,DIVIDEND,,4.1,RTA
2025-10-21,2025-10-18,INE062A01020,SBIN,BONUS,1:2,,RTA
2025-12-25,2025-12-20,INE001A01036,HDFC,SPLIT,3:5,,NSE
2025-12-17,2025-12-16,INE155A01022,TATAMOTORS,MERGER,,,RTA
2025-10-29,2025-10-26,INE155A01022,TATAMOTORS,BONUS,1:1,,NSE
2025-10-08,2025-09-29,INE002A01018,RELIANCE,DIVIDEND,,12.22,NSE
2025-10-17,2025-10-12,INE090A01021,ICICIBANK,DIVIDEND,,4.29,NSE
2025-11-30,2025-11-23,INE018A01030,LT,BONUS,1:1,,RTA
2025-11-22,2025-11-18,INE155A01022,TATAMOTORS,SPLIT,2:3,,BSE
2025-09-22,2025-09-19,INE090A01021,ICICIBANK,RIGHTS,1:1,,RTA
2025-12-26,2025-12-18,INE009A01021,INFY,MERGER,,,BSE
2025-09-28,2025-09-18,INE154A01025,ITC,RIGHTS,2:3,,NSE
2025-12-22,2025-12-21,INE009A01021,INFY,SPLIT,1:1,,BSE
2025-12-19,2025-12-12,INE018A01030,LT,MERGER,,,NSE
2025-09-25,2025-09-18,INE237A01028,KOTAKBANK,DIVIDEND,,7.19,NSE
2025-11-30,2025-11-25,INE002A01018,RELIANCE,MERGER,,,BSE
2025-09-26,2025-09-25,INE238A01026,AXISBANK,RIGHTS,1:2,,RTA
2025-11-10,2025-11-03,INE018A01030,LT,DIVIDEND,,12.0,BSE
2025-12-24,2025-12-20,INE001A01036,HDFC,DIVIDEND,,14.93,RTA
2025-11-16,2025-11-07,INE155A01022,TATAMOTORS,BONUS,2:3,,NSE
2025-10-31,2025-10-29,INE155A01022,TATAMOTORS,BONUS,3:5,,BSE
2025-11-30,2025-11-21,INE002A01018,RELIANCE,BONUS,1:1,,BSE
2025-09-27,2025-09-22,INE237A01028,KOTAKBANK,SPLIT,1:1,,NSE
2025-10-12,2025-10-08,INE018A01030,LT,RIGHTS,1:2,,BSE
2025-09-30,2025-09-27,INE155A01022,TATAMOTORS,BONUS,3:5,,BSE
2025-11-17,2025-11-13,INE155A01022,TATAMOTORS,DIVIDEND,,15.2,BSE
2025-12-07,2025-12-01,INE002A01018,RELIANCE,SPLIT,1:1,,RTA
2025-09-24,2025-09-15,INE002A01018,RELIANCE,BONUS,1:1,,NSE
2025-10-31,2025-10-21,INE062A01020,SBIN,BONUS,1:1,,NSE
2025-11-18,2025-11-14,INE154A01025,ITC,RIGHTS,1:1,,RTA
2025-11-19,2025-11-11,INE062A01020,SBIN,MERGER,,,BSE
2025-10-25,2025-10-15,INE001A01036,HDFC,SPLIT,1:1,,BSE
2025-12-23,2025-12-18,INE001A01036,HDFC,BONUS,3:5,,NSE
2025-12-16,2025-12-06,INE090A01021,ICICIBANK,MERGER,,,RTA
2025-09-23,2025-09-13,INE154A01025,ITC,BONUS,3:5,,BSE
2025-11-03,2025-10-26,INE154A01025,ITC,SPLIT,1:1,,BSE
2025-10-29,2025-10-23,INE002A01018,RELIANCE,RIGHTS,3:5,,BSE
2025-10-12,2025-10-08,INE154A01025,ITC,DIVIDEND,,1.5,RTA
2025-10-23,2025-10-19,INE155A01022,TATAMOTORS,MERGER,,,BSE
2025-12-19,2025-12-10,INE009A01021,INFY,DIVIDEND,,1.91,BSE
2025-12-20,2025-12-10,INE002A01018,RELIANCE,RIGHTS,3:5,,BSE
2025-12-03,2025-12-02,INE018A01030,LT,BONUS,3:5,,RTA
2025-09-21,2025-09-13,INE009A01021,INFY,RIGHTS,1:2,,NSE
2025-11-21,2025-11-13,INE090A01021,ICICIBANK,DIVIDEND,,15.43,NSE
2025-12-24,2025-12-17,INE237A01028,KOTAKBANK,DIVIDEND,,16.56,NSE
2025-11-22,2025-11-18,INE018A01030,LT,BONUS,3:5,,BSE
2025-10-31,2025-10-29,INE009A01021,INFY,DIVIDEND,,9.35,RTA
2025-11-24,2025-11-23,INE062A01020,SBIN,BONUS,2:3,,RTA
2025-12-02,2025-11-29,INE018A01030,LT,MERGER,,,BSE
2025-12-11,2025-12-01,INE001A01036,HDFC,MERGER,,,BSE
2025-10-16,2025-10-08,INE062A01020,SBIN,DIVIDEND,,11.01,RTA
2025-10-27,2025-10-26,INE062A01020,SBIN,DIVIDEND,,3.29,RTA
2025-11-04,2025-10-26,INE155A01022,TATAMOTORS,MERGER,,,NSE
2025-12-16,2025-12-06,INE002A01018,RELIANCE,MERGER,,,RTA
2025-10-15,2025-10-09,INE090A01021,ICICIBANK,RIGHTS,1:1,,RTA
2025-12-16,2025-12-07,INE090A01021,ICICIBANK,MERGER,,,BSE
2025-10-31,2025-10-29,INE062A01020,SBIN,BONUS,3:5,,BSE
2025-11-12,2025-11-09,INE018A01030,LT,DIVIDEND,,9.74,BSE
2025-11-05,2025-10-29,INE009A01021,INFY,SPLIT,1:1,,BSE
2025-12-04,2025-11-30,INE237A01028,KOTAKBANK,BONUS,3:5,,BSE
2025-10-17,2025-10-16,INE237A01028,KOTAKBANK,MERGER,,,BSE
2025-11-23,2025-11-17,INE009A01021,INFY,DIVIDEND,,15.64,NSE
2025-10-15,2025-10-12,INE001A01036,HDFC,MERGER,,,RTA
2025-11-18,2025-11-11,INE238A01026,AXISBANK,SPLIT,2:3,,BSE
2025-12-03,2025-12-02,INE238A01026,AXISBANK,DIVIDEND,,18.62,NSE
2025-12-18,2025-12-08,INE154A01025,ITC,RIGHTS,2:3,,NSE
2025-11-27,2025-11-24,INE018A01030,LT,DIVIDEND,,9.16,NSE
2025-10-25,2025-10-16,INE090A01021,ICICIBANK,MERGER,,,RTA
2025-11-15,2025-11-09,INE237A01028,KOTAKBANK,BONUS,2:3,,BSE
2025-12-02,2025-11-24,INE155A01022,TATAMOTORS,MERGER,,,BSE
2025-09-26,2025-09-22,INE001A01036,HDFC,SPLIT,1:1,,BSE
2025-12-20,2025-12-19,INE009A01021,INFY,SPLIT,1:2,,BSE
2025-12-24,2025-12-20,INE237A01028,KOTAKBANK,BONUS,3:5,,RTA
2025-10-01,2025-09-21,INE090A01021,ICICIBANK,DIVIDEND,,2.34,RTA
2025-11-22,2025-11-16,INE062A01020,SBIN,BONUS,1:2,,BSE
2025-12-02,2025-11-26,INE018A01030,LT,SPLIT,1:1,,NSE
2025-10-17,2025-10-14,INE238A01026,AXISBANK,RIGHTS,3:5,,RTA
2025-12-18,2025-12-10,INE062A01020,SBIN,SPLIT,1:1,,NSE
2025-11-23,2025-11-18,INE154A01025,ITC,DIVIDEND,,4.61,NSE
2025-09-21,2025-09-13,INE237A01028,KOTAKBANK,MERGER,,,NSE
2025-10-30,2025-10-20,INE001A01036,HDFC,RIGHTS,1:2,,RTA
2025-11-04,2025-10-26,INE090A01021,ICICIBANK,RIGHTS,3:5,,RTA
2025-11-11,2025-11-06,INE009A01021,INFY,DIVIDEND,,2.78,BSE
2025-10-27,2025-10-20,INE090A01021,ICICIBANK,SPLIT,3:5,,NSE
2025-10-10,2025-10-05,INE062A01020,SBIN,BONUS,1:2,,RTA
2025-10-14,2025-10-11,INE090A01021,ICICIBANK,MERGER,,,NSE
2025-12-12,2025-12-08,INE238A01026,AXISBANK,SPLIT,3:5,,NSE
2025-10-04,2025-09-26,INE002A01018,RELIANCE,RIGHTS,1:1,,BSE
2025-12-15,2025-12-14,INE002A01018,RELIANCE,MERGER,,,NSE
2025-11-03,2025-10-27,INE090A01021,ICICIBANK,DIVIDEND,,14.7,RTA
2025-12-26,2025-12-19,INE009A01021,INFY,MERGER,,,NSE
2025-10-15,2025-10-11,INE002A01018,RELIANCE,BONUS,3:5,,RTA
2025-11-19,2025-11-12,INE018A01030,LT,MERGER,,,BSE
2025-12-05,2025-12-01,INE237A01028,KOTAKBANK,MERGER,,,NSE
2025-10-09,2025-10-07,INE002A01018,RELIANCE,BONUS,3:5,,RTA
2025-10-22,2025-10-20,INE002A01018,RELIANCE,DIVIDEND,,3.43,RTA
2025-11-25,2025-11-18,INE154A01025,ITC,SPLIT,3:5,,NSE
2025-10-08,2025-10-06,INE002A01018,RELIANCE,DIVIDEND,,17.91,NSE
2025-12-15,2025-12-08,INE001A01036,HDFC,SPLIT,1:1,,BSE
2025-12-11,2025-12-07,INE001A01036,HDFC,SPLIT,1:1,,BSE
2025-09-28,2025-09-22,INE062A01020,SBIN,BONUS,2:3,,NSE
2025-12-23,2025-12-14,INE155A01022,TATAMOTORS,DIVIDEND,,9.45,RTA
2025-10-31,2025-10-28,INE154A01025,ITC,RIGHTS,1:1,,RTA
2025-10-06,2025-10-03,INE238A01026,AXISBANK,MERGER,,,NSE
2025-12-18,2025-12-10,INE009A01021,INFY,DIVIDEND,,15.59,NSE
2025-10-14,2025-10-08,INE018A01030,LT,DIVIDEND,,18.69,NSE
2025-10-30,2025-10-21,INE001A01036,HDFC,MERGER,,,BSE
2025-10-27,2025-10-26,INE238A01026,AXISBANK,DIVIDEND,,13.78,BSE
2025-12-25,2025-12-24,INE062A01020,SBIN,DIVIDEND,,7.78,RTA
2025-11-05,2025-11-04,INE237A01028,KOTAKBANK,RIGHTS,1:1,,RTA
2025-09-24,2025-09-14,INE018A01030,LT,MERGER,,,BSE
2025-11-08,2025-11-05,INE009A01021,INFY,MERGER,,,BSE
2025-11-21,2025-11-12,INE237A01028,KOTAKBANK,DIVIDEND,,7.12,RTA
2025-11-05,2025-11-01,INE155A01022,TATAMOTORS,SPLIT,2:3,,BSE
2025-11-05,2025-11-03,INE090A01021,ICICIBANK,SPLIT,1:1,,NSE
2025-10-05,2025-09-28,INE018A01030,LT,DIVIDEND,,6.62,BSE
2025-12-13,2025-12-03,INE090A01021,ICICIBANK,SPLIT,1:1,,BSE
2025-11-13,2025-11-11,INE090A01021,ICICIBANK,SPLIT,2:3,,NSE
2025-12-16,2025-12-13,INE238A01026,AXISBANK,SPLIT,1:2,,RTA
2025-10-20,2025-10-10,INE154A01025,ITC,BONUS,1:2,,BSE
2025-12-08,2025-11-29,INE090A01021,ICICIBANK,RIGHTS,3:5,,NSE
2025-10-07,2025-10-04,INE090A01021,ICICIBANK,BONUS,3:5,,NSE
2025-12-26,2025-12-17,INE090A01021,ICICIBANK,RIGHTS,2:3,,BSE
2025-12-16,2025-12-14,INE155A01022,TATAMOTORS,SPLIT,1:2,,NSE
2025-10-21,2025-10-19,INE238A01026,AXISBANK,BONUS,3:5,,RTA
2025-12-26,2025-12-21,INE237A01028,KOTAKBANK,RIGHTS,2:3,,NSE
2025-10-08,2025-10-04,INE090A01021,ICICIBANK,MERGER,,,BSE
2025-12-11,2025-12-04,INE018A01030,LT,BONUS,1:2,,NSE
2025-12-04,2025-11-24,INE002A01018,RELIANCE,BONUS,2:3,,BSE
2025-10-31,2025-10-24,INE062A01020,SBIN,DIVIDEND,,14.05,BSE
2025-09-28,2025-09-26,INE018A01030,LT,SPLIT,1:2,,RTA
2025-10-10,2025-10-02,INE001A01036,HDFC,DIVIDEND,,17.72,RTA
2025-11-04,2025-10-28,INE155A01022,TATAMOTORS,DIVIDEND,,5.95,NSE
2025-10-30,2025-10-26,INE001A01036,HDFC,BONUS,3:5,,RTA
2025-10-10,2025-10-06,INE155A01022,TATAMOTORS,MERGER,,,BSE
2025-12-05,2025-11-29,INE001A01036,HDFC,SPLIT,2:3,,BSE
2025-10-21,2025-10-13,INE090A01021,ICICIBANK,RIGHTS,3:5,,NSE
2025-10-01,2025-09-24,INE154A01025,ITC,MERGER,,,BSE
2025-09-21,2025-09-20,INE155A01022,TATAMOTORS,RIGHTS,1:2,,BSE
2025-11-30,2025-11-27,INE062A01020,SBIN,DIVIDEND,,5.06,RTA
2025-09-25,2025-09-22,INE009A01021,INFY,MERGER,,,BSE
2025-11-21,2025-11-19,INE001A01036,HDFC,RIGHTS,1:1,,BSE
2025-11-14,2025-11-04,INE018A01030,LT,MERGER,,,BSE
2025-10-06,2025-09-27,INE238A01026,AXISBANK,SPLIT,3:5,,BSE
2025-10-24,2025-10-17,INE237A01028,KOTAKBANK,MERGER,,,BSE
2025-12-21,2025-12-17,INE018A01030,LT,DIVIDEND,,17.23,BSE
2025-12-13,2025-12-10,INE002A01018,RELIANCE,BONUS,1:1,,RTA
2025-12-08,2025-11-30,INE062A01020,SBIN,SPLIT,1:2,,NSE
2025-11-03,2025-10-27,INE062A01020,SBIN,BONUS,1:2,,RTA
2025-12-19,2025-12-13,INE062A01020,SBIN,BONUS,2:3,,RTA
2025-11-05,2025-10-28,INE018A01030,LT,DIVIDEND,,5.3,BSE
2025-12-26,2025-12-25,INE009A01021,INFY,BONUS,2:3,,BSE
2025-10-18,2025-10-15,INE237A01028,KOTAKBANK,DIVIDEND,,12.51,BSE
2025-11-28,2025-11-24,INE062A01020,SBIN,BONUS,1:1,,NSE
2025-11-23,2025-11-22,INE238A01026,AXISBANK,RIGHTS,2:3,,RTA
2025-09-26,2025-09-22,INE062A01020,SBIN,DIVIDEND,,9.38,BSE
2025-11-27,2025-11-26,INE018A01030,LT,RIGHTS,3:5,,BSE
2025-10-24,2025-10-19,INE062A01020,SBIN,DIVIDEND,,10.97,NSE
2025-11-12,2025-11-02,INE155A01022,TATAMOTORS,DIVIDEND,,15.29,RTA
2025-12-23,2025-12-18,INE062A01020,SBIN,RIGHTS,3:5,,RTA
2025-11-20,2025-11-18,INE062A01020,SBIN,DIVIDEND,,14.21,RTA
2025-12-23,2025-12-20,INE009A01021,INFY,BONUS,1:2,,RTA
2025-10-07,2025-10-03,INE001A01036,HDFC,RIGHTS,3:5,,RTA
2025-09-23,2025-09-14,INE090A01021,ICICIBANK,BONUS,2:3,,NSE
2025-11-18,2025-11-17,INE001A01036,HDFC,DIVIDEND,,10.96,NSE
2025-10-24,2025-10-16,INE002A01018,RELIANCE,DIVIDEND,,11.32,NSE
2025-10-09,2025-10-02,INE154A01025,ITC,MERGER,,,BSE
2025-11-21,2025-11-18,INE002A01018,RELIANCE,DIVIDEND,,12.1,NSE
2025-10-11,2025-10-02,INE018A01030,LT,RIGHTS,2:3,,RTA
2025-10-16,2025-10-10,INE237A01028,KOTAKBANK,DIVIDEND,,18.25,RTA
2025-12-22,2025-12-14,INE009A01021,INFY,BONUS,1:1,,NSE
2025-10-19,2025-10-10,INE154A01025,ITC,RIGHTS,3:5,,BSE
2025-11-28,2025-11-18,INE062A01020,SBIN,BONUS,1:1,,RTA
2025-11-01,2025-10-29,INE001A01036,HDFC,RIGHTS,2:3,,NSE
2025-11-27,2025-11-19,INE090A01021,ICICIBANK,RIGHTS,2:3,,RTA
2025-10-08,2025-10-02,INE002A01018,RELIANCE,SPLIT,2:3,,RTA
2025-10-07,2025-10-04,INE155A01022,TATAMOTORS,BONUS,2:3,,NSE
2025-10-15,2025-10-11,INE090A01021,ICICIBANK,BONUS,3:5,,RTA
2025-11-03,2025-10-29,INE001A01036,HDFC,DIVIDEND,,2.07,NSE
2025-10-28,2025-10-21,INE238A01026,AXISBANK,RIGHTS,2:3,,NSE
2025-10-04,2025-10-02,INE018A01030,LT,BONUS,2:3,,BSE
2025-10-10,2025-09-30,INE237A01028,KOTAKBANK,BONUS,1:2,,NSE
2025-09-29,2025-09-21,INE238A01026,AXISBANK,BONUS,2:3,,RTA
2025-12-11,2025-12-06,INE062A01020,SBIN,DIVIDEND,,14.54,NSE
2025-09-24,2025-09-16,INE238A01026,AXISBANK,RIGHTS,2:3,,RTA
2025-11-19,2025-11-09,INE009A01021,INFY,SPLIT,1:1,,RTA
2025-11-30,2025-11-20,INE062A01020,SBIN,BONUS,1:2,,BSE
2025-10-06,2025-10-05,INE155A01022,TATAMOTORS,DIVIDEND,,1.24,BSE
2025-12-20,2025-12-16,INE062A01020,SBIN,SPLIT,1:1,,RTA
2025-12-14,2025-12-07,INE062A01020,SBIN,SPLIT,1:1,,RTA
2025-11-02,2025-11-01,INE001A01036,HDFC,SPLIT,2:3,,RTA
2025-12-12,2025-12-08,INE238A01026,AXISBANK,DIVIDEND,,8.2,BSE
2025-12-15,2025-12-13,INE154A01025,ITC,BONUS,1:2,,NSE
2025-11-19,2025-11-13,INE062A01020,SBIN,RIGHTS,1:2,,BSE
2025-11-30,2025-11-24,INE018A01030,LT,DIVIDEND,,1.48,BSE
2025-09-23,2025-09-13,INE002A01018,RELIANCE,BONUS,2:3,,RTA
2025-10-15,2025-10-12,INE001A01036,HDFC,RIGHTS,1:2,,RTA
2025-10-30,2025-10-24,INE009A01021,INFY,BONUS,2:3,,NSE
2025-09-28,2025-09-21,INE154A01025,ITC,SPLIT,3:5,,BSE
2025-10-17,2025-10-16,INE090A01021,ICICIBANK,DIVIDEND,,8.08,BSE
2025-11-02,2025-10-29,INE009A01021,INFY,MERGER,,,RTA
2025-12-17,2025-12-13,INE018A01030,LT,RIGHTS,1:1,,NSE
2025-10-08,2025-10-01,INE154A01025,ITC,RIGHTS,1:1,,NSE
2025-12-07,2025-11-28,INE155A01022,TATAMOTORS,RIGHTS,1:1,,RTA
2025-11-16,2025-11-08,INE062A01020,SBIN,RIGHTS,1:2,,NSE
2025-11-25,2025-11-19,INE062A01020,SBIN,DIVIDEND,,10.0,BSE
2025-12-21,2025-12-13,INE237A01028,KOTAKBANK,RIGHTS,1:1,,BSE
2025-12-02,2025-11-29,INE090A01021,ICICIBANK,DIVIDEND,,15.2,BSE
2025-12-21,2025-12-17,INE238A01026,AXISBANK,MERGER,,,NSE
2025-12-11,2025-12-07,INE009A01021,INFY,MERGER,,,RTA
2025-11-07,2025-11-06,INE237A01028,KOTAKBANK,DIVIDEND,,13.88,RTA
2025-11-24,2025-11-23,INE002A01018,RELIANCE,DIVIDEND,,16.24,NSE
2025-11-24,2025-11-20,INE090A01021,ICICIBANK,BONUS,1:2,,BSE
2025-11-27,2025-11-17,INE009A01021,INFY,RIGHTS,3:5,,NSE
2025-11-08,2025-11-01,INE155A01022,TATAMOTORS,RIGHTS,2:3,,NSE
2025-11-29,2025-11-23,INE001A01036,HDFC,DIVIDEND,,1.25,RTA
2025-12-16,2025-12-06,INE155A01022,TATAMOTORS,RIGHTS,2:3,,NSE
2025-10-01,2025-09-25,INE090A01021,ICICIBANK,RIGHTS,1:1,,BSE
2025-11-03,2025-11-01,INE154A01025,ITC,DIVIDEND,,18.31,BSE
2025-11-29,2025-11-24,INE155A01022,TATAMOTORS,BONUS,1:1,,NSE
2025-10-12,2025-10-03,INE155A01022,TATAMOTORS,SPLIT,2:3,,BSE
2025-12-02,2025-11-26,INE237A01028,KOTAKBANK,RIGHTS,2:3,,BSE
2025-12-08,2025-11-30,INE237A01028,KOTAKBANK,RIGHTS,1:1,,BSE
2025-10-28,2025-10-24,INE155A01022,TATAMOTORS,BONUS,1:2,,NSE
2025-10-03,2025-09-27,INE154A01025,ITC,RIGHTS,1:2,,NSE
2025-10-01,2025-09-23,INE090A01021,ICICIBANK,MERGER,,,RTA
2025-11-10,2025-11-08,INE238A01026,AXISBANK,RIGHTS,2:3,,RTA
2025-10-26,2025-10-22,INE090A01021,ICICIBANK,DIVIDEND,,17.3,RTA
2025-11-11,2025-11-04,INE001A01036,HDFC,RIGHTS,2:3,,BSE
2025-12-12,2025-12-08,INE238A01026,AXISBANK,RIGHTS,3:5,,RTA
2025-10-15,2025-10-12,INE238A01026,AXISBANK,RIGHTS,1:1,,BSE
2025-11-28,2025-11-20,INE155A01022,TATAMOTORS,DIVIDEND,,14.41,NSE
2025-11-17,2025-11-16,INE018A01030,LT,BONUS,3:5,,NSE
2025-12-04,2025-11-24,INE002A01018,RELIANCE,DIVIDEND,,6.77,BSE
2025-11-04,2025-10-25,INE237A01028,KOTAKBANK,MERGER,,,NSE
2025-09-30,2025-09-22,INE238A01026,AXISBANK,RIGHTS,2:3,,NSE
2025-11-05,2025-11-04,INE001A01036,HDFC,DIVIDEND,,7.03,BSE
2025-11-12,2025-11-04,INE018A01030,LT,SPLIT,1:1,,BSE
2025-12-07,2025-11-28,INE090A01021,ICICIBANK,RIGHTS,1:2,,RTA
2025-10-19,2025-10-13,INE090A01021,ICICIBANK,RIGHTS,1:1,,RTA
2025-11-03,2025-11-01,INE001A01036,HDFC,BONUS,3:5,,RTA
2025-12-14,2025-12-04,INE154A01025,ITC,RIGHTS,1:1,,BSE
2025-12-02,2025-11-28,INE062A01020,SBIN,BONUS,3:5,,NSE
2025-12-16,2025-12-06,INE062A01020,SBIN,RIGHTS,1:2,,RTA
2025-09-29,2025-09-23,INE155A01022,TATAMOTORS,SPLIT,1:2,,NSE
2025-11-06,2025-11-03,INE155A01022,TATAMOTORS,RIGHTS,1:2,,NSE
2025-10-11,2025-10-02,INE154A01025,ITC,MERGER,,,NSE
2025-10-23,2025-10-16,INE090A01021,ICICIBANK,MERGER,,,NSE
2025-10-17,2025-10-07,INE018A01030,LT,SPLIT,1:2,,BSE
2025-10-20,2025-10-14,INE154A01025,ITC,DIVIDEND,,3.92,NSE
2025-09-22,2025-09-21,INE062A01020,SBIN,RIGHTS,1:1,,NSE
2025-09-30,2025-09-26,INE001A01036,HDFC,SPLIT,1:1,,BSE
2025-11-30,2025-11-21,INE238A01026,AXISBANK,RIGHTS,1:2,,NSE
2025-10-27,2025-10-25,INE009A01021,INFY,DIVIDEND,,5.52,NSE
2025-11-04,2025-11-02,INE001A01036,HDFC,BONUS,2:3,,BSE
2025-12-25,2025-12-19,INE154A01025,ITC,DIVIDEND,,12.62,RTA
2025-10-09,2025-10-07,INE001A01036,HDFC,BONUS,2:3,,BSE
2025-10-28,2025-10-20,INE155A01022,TATAMOTORS,RIGHTS,1:2,,NSE
2025-11-25,2025-11-18,INE002A01018,RELIANCE,DIVIDEND,,6.27,BSE
2025-12-09,2025-12-04,INE155A01022,TATAMOTORS,MERGER,,,RTA
2025-12-18,2025-12-17,INE002A01018,RELIANCE,RIGHTS,2:3,,NSE
2025-10-28,2025-10-21,INE062A01020,SBIN,RIGHTS,2:3,,NSE
2025-12-10,2025-12-09,INE238A01026,AXISBANK,BONUS,1:1,,NSE
2025-12-04,2025-11-30,INE238A01026,AXISBANK,BONUS,1:2,,NSE
2025-11-30,2025-11-23,INE090A01021,ICICIBANK,MERGER,,,BSE
2025-11-17,2025-11-08,INE238A01026,AXISBANK,MERGER,,,NSE
2025-10-07,2025-09-30,INE090A01021,ICICIBANK,RIGHTS,2:3,,NSE
2025-10-03,2025-09-24,INE155A01022,TATAMOTORS,BONUS,1:1,,NSE
2025-12-13,2025-12-03,INE154A01025,ITC,MERGER,,,RTA
2025-10-02,2025-10-01,INE009A01021,INFY,RIGHTS,2:3,,NSE
2025-12-23,2025-12-20,INE062A01020,SBIN,BONUS,1:1,,RTA
2025-09-22,2025-09-17,INE155A01022,TATAMOTORS,SPLIT,2:3,,BSE
2025-09-29,2025-09-23,INE090A01021,ICICIBANK,RIGHTS,2:3,,NSE
2025-12-23,2025-12-19,INE002A01018,RELIANCE,MERGER,,,NSE
2025-09-28,2025-09-21,INE018A01030,LT,SPLIT,1:2,,NSE
2025-11-26,2025-11-18,INE062A01020,SBIN,DIVIDEND,,4.75,BSE
2025-10-02,2025-10-01,INE237A01028,KOTAKBANK,RIGHTS,2:3,,RTA
2025-10-01,2025-09-27,INE018A01030,LT,RIGHTS,1:2,,NSE
2025-11-27,2025-11-25,INE002A01018,RELIANCE,BONUS,1:2,,RTA
2025-12-14,2025-12-08,INE238A01026,AXISBANK,BONUS,3:5,,NSE
2025-09-24,2025-09-16,INE154A01025,ITC,BONUS,3:5,,BSE
2025-12-15,2025-12-14,INE001A01036,HDFC,DIVIDEND,,18.55,NSE
2025-11-24,2025-11-18,INE062A01020,SBIN,MERGER,,,RTA
2025-12-23,2025-12-17,INE237A01028,KOTAKBANK,DIVIDEND,,8.89,NSE
2025-12-11,2025-12-10,INE154A01025,ITC,SPLIT,1:2,,NSE
2025-11-28,2025-11-27,INE018A01030,LT,RIGHTS,1:1,,RTA
2025-11-20,2025-11-12,INE154A01025,ITC,BONUS,1:2,,BSE
2025-11-01,2025-10-25,INE002A01018,RELIANCE,DIVIDEND,,3.58,BSE
2025-12-24,2025-12-18,INE001A01036,HDFC,BONUS,3:5,,NSE
2025-09-28,2025-09-27,INE002A01018,RELIANCE,SPLIT,3:5,,BSE
2025-12-01,2025-11-30,INE155A01022,TATAMOTORS,SPLIT,3:5,,BSE
2025-10-19,2025-10-11,INE009A01021,INFY,SPLIT,2:3,,RTA
2025-10-24,2025-10-20,INE001A01036,HDFC,BONUS,2:3,,NSE
2025-10-17,2025-10-12,INE001A01036,HDFC,SPLIT,1:2,,RTA
2025-12-26,2025-12-25,INE237A01028,KOTAKBANK,DIVIDEND,,1.85,NSE
2025-09-22,2025-09-18,INE062A01020,SBIN,MERGER,,,NSE
2025-11-14,2025-11-08,INE155A01022,TATAMOTORS,MERGER,,,BSE
2025-11-29,2025-11-24,INE018A01030,LT,SPLIT,1:1,,NSE
2025-11-30,2025-11-20,INE002A01018,RELIANCE,RIGHTS,2:3,,RTA
2025-11-19,2025-11-15,INE001A01036,HDFC,BONUS,1:1,,NSE
2025-09-27,2025-09-17,INE238A01026,AXISBANK,SPLIT,2:3,,BSE
2025-10-15,2025-10-06,INE238A01026,AXISBANK,RIGHTS,1:1,,NSE
2025-11-03,2025-10-30,INE237A01028,KOTAKBANK,SPLIT,3:5,,NSE
2025-12-20,2025-12-10,INE238A01026,AXISBANK,MERGER,,,NSE
2025-12-12,2025-12-11,INE009A01021,INFY,SPLIT,1:1,,RTA
2025-12-11,2025-12-02,INE237A01028,KOTAKBANK,MERGER,,,BSE
2025-12-12,2025-12-07,INE238A01026,AXISBANK,BONUS,1:2,,BSE
2025-12-26,2025-12-25,INE002A01018,RELIANCE,BONUS,2:3,,BSE
2025-10-01,2025-09-26,INE002A01018,RELIANCE,BONUS,1:1,,BSE
2025-11-25,2025-11-16,INE237A01028,KOTAKBANK,BONUS,2:3,,NSE
2025-12-11,2025-12-06,INE155A01022,TATAMOTORS,SPLIT,3:5,,BSE
2025-10-01,2025-09-26,INE237A01028,KOTAKBANK,BONUS,3:5,,NSE
2025-10-27,2025-10-24,INE062A01020,SBIN,SPLIT,1:1,,BSE
2025-11-14,2025-11-05,INE009A01021,INFY,DIVIDEND,,9.46,NSE
2025-11-21,2025-11-16,INE090A01021,ICICIBANK,RIGHTS,1:2,,NSE
2025-10-15,2025-10-07,INE009A01021,INFY,SPLIT,3:5,,BSE
2025-09-25,2025-09-19,INE001A01036,HDFC,SPLIT,2:3,,BSE
2025-12-22,2025-12-21,INE090A01021,ICICIBANK,BONUS,3:5,,NSE
2025-10-09,2025-10-07,INE155A01022,TATAMOTORS,MERGER,,,BSE
2025-10-03,2025-09-29,INE062A01020,SBIN,MERGER,,,RTA
2025-12-15,2025-12-09,INE155A01022,TATAMOTORS,MERGER,,,NSE
2025-11-12,2025-11-08,INE001A01036,HDFC,SPLIT,2:3,,RTA
2025-11-17,2025-11-11,INE009A01021,INFY,MERGER,,,NSE
2025-11-22,2025-11-12,INE062A01020,SBIN,SPLIT,1:1,,NSE
2025-12-09,2025-12-02,INE090A01021,ICICIBANK,SPLIT,2:3,,BSE
2025-12-21,2025-12-13,INE018A01030,LT,DIVIDEND,,9.72,BSE
2025-10-02,2025-09-26,INE237A01028,KOTAKBANK,DIVIDEND,,1.46,NSE
2025-10-11,2025-10-03,INE090A01021,ICICIBANK,BONUS,2:3,,NSE
2025-12-26,2025-12-18,INE237A01028,KOTAKBANK,BONUS,1:2,,BSE
2025-11-28,2025-11-26,INE237A01028,KOTAKBANK,DIVIDEND,,14.63,RTA
2025-11-22,2025-11-19,INE155A01022,TATAMOTORS,RIGHTS,3:5,,NSE
2025-12-13,2025-12-03,INE062A01020,SBIN,DIVIDEND,,9.13,BSE
2025-11-29,2025-11-26,INE155A01022,TATAMOTORS,BONUS,1:1,,BSE
2025-10-30,2025-10-21,INE154A01025,ITC,SPLIT,2:3,,BSE
2025-11-09,2025-11-05,INE155A01022,TATAMOTORS,DIVIDEND,,12.78,BSE
2025-10-08,2025-09-29,INE155A01022,TATAMOTORS,DIVIDEND,,19.22,BSE
2025-10-21,2025-10-20,INE062A01020,SBIN,DIVIDEND,,16.44,NSE
2025-10-06,2025-09-30,INE155A01022,TATAMOTORS,BONUS,1:2,,BSE
2025-11-19,2025-11-12,INE238A01026,AXISBANK,SPLIT,1:2,,BSE
2025-12-06,2025-12-01,INE154A01025,ITC,DIVIDEND,,7.42,RTA
2025-11-06,2025-10-29,INE155A01022,TATAMOTORS,MERGER,,,BSE
2025-09-26,2025-09-18,INE154A01025,ITC,MERGER,,,NSE
2025-11-12,2025-11-06,INE002A01018,RELIANCE,MERGER,,,BSE
2025-10-04,2025-09-30,INE001A01036,HDFC,RIGHTS,2:3,,NSE
2025-10-04,2025-09-27,INE062A01020,SBIN,DIVIDEND,,8.91,RTA
2025-10-09,2025-10-05,INE155A01022,TATAMOTORS,RIGHTS,3:5,,NSE
2025-11-13,2025-11-03,INE090A01021,ICICIBANK,DIVIDEND,,5.25,NSE
2025-09-24,2025-09-22,INE018A01030,LT,BONUS,1:1,,NSE
2025-11-02,2025-10-30,INE238A01026,AXISBANK,MERGER,,,NSE
2025-10-06,2025-09-27,INE154A01025,ITC,DIVIDEND,,16.29,RTA
2025-12-20,2025-12-11,INE062A01020,SBIN,SPLIT,1:1,,BSE
2025-10-17,2025-10-13,INE237A01028,KOTAKBANK,RIGHTS,1:1,,RTA
2025-12-04,2025-11-28,INE009A01021,INFY,DIVIDEND,,6.48,NSE
2025-10-12,2025-10-11,INE018A01030,LT,SPLIT,3:5,,RTA
2025-10-12,2025-10-11,INE018A01030,LT,MERGER,,,RTA
2025-12-10,2025-12-06,INE001A01036,HDFC,DIVIDEND,,11.54,NSE
2025-12-04,2025-12-01,INE090A01021,ICICIBANK,RIGHTS,2:3,,BSE
2025-10-31,2025-10-26,INE018A01030,LT,SPLIT,1:1,,NSE
2025-12-22,2025-12-12,INE238A01026,AXISBANK,DIVIDEND,,10.51,BSE
2025-10-21,2025-10-17,INE018A01030,LT,DIVIDEND,,3.54,RTA
2025-10-20,2025-10-14,INE237A01028,KOTAKBANK,RIGHTS,1:1,,NSE
2025-09-26,2025-09-19,INE018A01030,LT,RIGHTS,1:1,,NSE
2025-12-26,2025-12-17,INE009A01021,INFY,MERGER,,,RTA
2025-11-17,2025-11-10,INE009A01021,INFY,DIVIDEND,,9.76,RTA
2025-12-02,2025-11-30,INE155A01022,TATAMOTORS,RIGHTS,1:1,,RTA
2025-09-22,2025-09-18,INE062A01020,SBIN,RIGHTS,2:3,,NSE
2025-10-03,2025-09-27,INE009A01021,INFY,SPLIT,1:2,,BSE
2025-10-09,2025-10-03,INE018A01030,LT,MERGER,,,RTA
2025-09-26,2025-09-22,INE090A01021,ICICIBANK,RIGHTS,3:5,,RTA
2025-12-13,2025-12-08,INE238A01026,AXISBANK,BONUS,1:1,,BSE
2025-11-20,2025-11-12,INE062A01020,SBIN,RIGHTS,1:2,,RTA
2025-10-20,2025-10-10,INE238A01026,AXISBANK,RIGHTS,1:2,,NSE
2025-12-24,2025-12-22,INE018A01030,LT,RIGHTS,1:2,,RTA
2025-09-28,2025-09-19,INE090A01021,ICICIBANK,SPLIT,2:3,,BSE
2025-11-12,2025-11-07,INE154A01025,ITC,SPLIT,3:5,,RTA
2025-09-25,2025-09-23,INE238A01026,AXISBANK,RIGHTS,2:3,,RTA
2025-11-27,2025-11-22,INE001A01036,HDFC,BONUS,1:2,,NSE
2025-09-27,2025-09-21,INE009A01021,INFY,BONUS,2:3,,NSE
2025-11-15,2025-11-05,INE090A01021,ICICIBANK,BONUS,2:3,,NSE
2025-10-11,2025-10-03,INE237A01028,KOTAKBANK,DIVIDEND,,8.15,NSE
2025-12-03,2025-12-02,INE238A01026,AXISBANK,MERGER,,,BSE
2025-11-22,2025-11-19,INE090A01021,ICICIBANK,SPLIT,1:2,,NSE
2025-12-13,2025-12-07,INE009A01021,INFY,MERGER,,,RTA
2025-12-14,2025-12-05,INE009A01021,INFY,SPLIT,3:5,,RTA
2025-11-14,2025-11-12,INE237A01028,KOTAKBANK,DIVIDEND,,8.07,NSE
2025-11-23,2025-11-16,INE154A01025,ITC,MERGER,,,RTA
2025-10-12,2025-10-04,INE002A01018,RELIANCE,DIVIDEND,,8.88,RTA
2025-11-17,2025-11-13,INE238A01026,AXISBANK,RIGHTS,2:3,,BSE
2025-09-24,2025-09-15,INE090A01021,ICICIBANK,MERGER,,,NSE
2025-09-25,2025-09-19,INE154A01025,ITC,RIGHTS,1:1,,NSE
2025-11-30,2025-11-22,INE154A01025,ITC,DIVIDEND,,11.83,RTA
2025-11-30,2025-11-23,INE154A01025,ITC,SPLIT,1:2,,BSE
2025-10-23,2025-10-19,INE090A01021,ICICIBANK,BONUS,2:3,,NSE
2025-10-18,2025-10-12,INE018A01030,LT,SPLIT,2:3,,RTA
2025-10-11,2025-10-06,INE237A01028,KOTAKBANK,DIVIDEND,,3.58,BSE
2025-11-02,2025-10-30,INE018A01030,LT,SPLIT,3:5,,BSE
2025-10-15,2025-10-09,INE062A01020,SBIN,MERGER,,,NSE
2025-10-13,2025-10-08,INE154A01025,ITC,SPLIT,1:2,,NSE
2025-11-25,2025-11-18,INE154A01025,ITC,DIVIDEND,,2.81,RTA
2025-12-23,2025-12-17,INE002A01018,RELIANCE,MERGER,,,NSE
2025-12-19,2025-12-10,INE238A01026,AXISBANK,DIVIDEND,,2.76,NSE
2025-10-29,2025-10-26,INE237A01028,KOTAKBANK,BONUS,2:3,,RTA
2025-10-28,2025-10-27,INE237A01028,KOTAKBANK,MERGER,,,BSE
2025-10-28,2025-10-24,INE154A01025,ITC,MERGER,,,BSE
2025-10-19,2025-10-11,INE018A01030,LT,DIVIDEND,,1.24,RTA
2025-10-11,2025-10-03,INE154A01025,ITC,BONUS,2:3,,NSE
2025-10-19,2025-10-17,INE002A01018,RELIANCE,SPLIT,1:1,,NSE
2025-09-22,2025-09-18,INE238A01026,AXISBANK,DIVIDEND,,19.24,RTA
2025-10-24,2025-10-14,INE154A01025,ITC,MERGER,,,BSE
2025-09-28,2025-09-24,INE062A01020,SBIN,MERGER,,,RTA
2025-09-23,2025-09-15,INE090A01021,ICICIBANK,MERGER,,,NSE
2025-10-06,2025-09-27,INE237A01028,KOTAKBANK,MERGER,,,BSE
2025-11-28,2025-11-23,INE238A01026,AXISBANK,SPLIT,1:1,,RTA
2025-09-22,2025-09-18,INE018A01030,LT,DIVIDEND,,19.63,BSE
2025-11-07,2025-11-05,INE238A01026,AXISBANK,BONUS,2:3,,BSE
2025-09-28,2025-09-27,INE238A01026,AXISBANK,SPLIT,1:2,,RTA
2025-11-14,2025-11-08,INE018A01030,LT,BONUS,3:5,,BSE
2025-11-30,2025-11-28,INE062A01020,SBIN,DIVIDEND,,19.57,NSE
2025-12-11,2025-12-10,INE238A01026,AXISBANK,BONUS,2:3,,BSE
2025-12-16,2025-12-11,INE237A01028,KOTAKBANK,DIVIDEND,,11.2,NSE
2025-09-28,2025-09-23,INE002A01018,RELIANCE,SPLIT,2:3,,BSE
2025-09-30,2025-09-27,INE018A01030,LT,RIGHTS,1:2,,NSE
2025-10-17,2025-10-15,INE002A01018,RELIANCE,SPLIT,2:3,,NSE
2025-10-25,2025-10-15,INE238A01026,AXISBANK,MERGER,,,RTA
2025-11-19,2025-11-11,INE018A01030,LT,BONUS,1:1,,BSE
2025-12-13,2025-12-09,INE154A01025,ITC,DIVIDEND,,13.09,BSE
2025-11-08,2025-11-07,INE238A01026,AXISBANK,DIVIDEND,,15.37,NSE
2025-10-21,2025-10-18,INE237A01028,KOTAKBANK,BONUS,1:1,,RTA
2025-12-15,2025-12-11,INE154A01025,ITC,SPLIT,2:3,,NSE
2025-12-15,2025-12-11,INE237A01028,KOTAKBANK,MERGER,,,RTA
2025-11-23,2025-11-19,INE154A01025,ITC,RIGHTS,2:3,,RTA
2025-09-30,2025-09-22,INE009A01021,INFY,DIVIDEND,,18.5,NSE
2025-10-01,2025-09-22,INE154A01025,ITC,SPLIT,1:2,,NSE
2025-09-23,2025-09-22,INE238A01026,AXISBANK,MERGER,,,RTA
2025-10-11,2025-10-05,INE154A01025,ITC,MERGER,,,NSE
2025-11-27,2025-11-21,INE009A01021,INFY,BONUS,1:2,,NSE
2025-10-06,2025-09-30,INE154A01025,ITC,SPLIT,1:2,,BSE
2025-11-14,2025-11-11,INE001A01036,HDFC,RIGHTS,1:1,,NSE
2025-10-05,2025-10-04,INE062A01020,SBIN,BONUS,1:1,,RTA
2025-11-17,2025-11-07,INE090A01021,ICICIBANK,BONUS,2:3,,BSE
2025-11-04,2025-11-02,INE002A01018,RELIANCE,DIVIDEND,,18.62,NSE
2025-12-21,2025-12-12,INE018A01030,LT,BONUS,2:3,,NSE
2025-10-02,2025-09-22,INE090A01021,ICICIBANK,MERGER,,,RTA
2025-12-25,2025-12-24,INE238A01026,AXISBANK,DIVIDEND,,16.69,NSE
2025-10-09,2025-10-01,INE090A01021,ICICIBANK,MERGER,,,BSE
2025-10-21,2025-10-20,INE155A01022,TATAMOTORS,BONUS,2:3,,RTA
2025-11-30,2025-11-23,INE062A01020,SBIN,DIVIDEND,,5.82,NSE
2025-11-27,2025-11-24,INE238A01026,AXISBANK,SPLIT,1:2,,NSE
2025-10-12,2025-10-08,INE062A01020,SBIN,BONUS,1:1,,BSE
2025-10-08,2025-10-01,INE090A01021,ICICIBANK,MERGER,,,RTA
2025-11-28,2025-11-27,INE090A01021,ICICIBANK,BONUS,3:5,,BSE
2025-12-16,2025-12-14,INE062A01020,SBIN,MERGER,,,RTA
2025-11-13,2025-11-11,INE155A01022,TATAMOTORS,DIVIDEND,,17.57,NSE
2025-11-13,2025-11-05,INE001A01036,HDFC,SPLIT,3:5,,NSE
2025-11-18,2025-11-08,INE001A01036,HDFC,BONUS,3:5,,RTA
2025-09-22,2025-09-16,INE002A01018,RELIANCE,RIGHTS,3:5,,BSE
2025-12-20,2025-12-13,INE090A01021,ICICIBANK,MERGER,,,NSE
2025-12-20,2025-12-15,INE154A01025,ITC,DIVIDEND,,11.02,NSE
2025-10-23,2025-10-17,INE001A01036,HDFC,MERGER,,,BSE
2025-12-08,2025-11-29,INE237A01028,KOTAKBANK,SPLIT,1:2,,RTA
2025-11-26,2025-11-16,INE090A01021,ICICIBANK,RIGHTS,2:3,,RTA
2025-10-23,2025-10-14,INE090A01021,ICICIBANK,DIVIDEND,,6.69,NSE
2025-10-19,2025-10-15,INE062A01020,SBIN,RIGHTS,1:1,,NSE
2025-12-25,2025-12-23,INE001A01036,HDFC,RIGHTS,3:5,,RTA
2025-12-17,2025-12-09,INE155A01022,TATAMOTORS,SPLIT,2:3,,BSE
2025-12-23,2025-12-21,INE238A01026,AXISBANK,RIGHTS,1:1,,BSE
2025-10-21,2025-10-20,INE238A01026,AXISBANK,SPLIT,2:3,,RTA
2025-10-31,2025-10-29,INE155A01022,TATAMOTORS,SPLIT,1:2,,NSE
2025-12-02,2025-11-22,INE238A01026,AXISBANK,SPLIT,2:3,,NSE
2025-09-22,2025-09-18,INE238A01026,AXISBANK,SPLIT,1:1,,NSE
2025-09-28,2025-09-22,INE090A01021,ICICIBANK,MERGER,,,NSE
2025-11-09,2025-11-07,INE090A01021,ICICIBANK,DIVIDEND,,1.31,NSE
2025-12-04,2025-12-02,INE237A01028,KOTAKBANK,RIGHTS,3:5,,BSE
2025-10-10,2025-10-01,INE002A01018,RELIANCE,MERGER,,,NSE
2025-10-31,2025-10-22,INE154A01025,ITC,RIGHTS,3:5,,BSE
2025-12-25,2025-12-23,INE018A01030,LT,BONUS,3:5,,RTA
2025-12-19,2025-12-15,INE009A01021,INFY,MERGER,,,BSE
2025-11-27,2025-11-17,INE001A01036,HDFC,MERGER,,,BSE
2025-11-15,2025-11-12,INE090A01021,ICICIBANK,RIGHTS,1:2,,NSE
2025-10-09,2025-10-02,INE238A01026,AXISBANK,SPLIT,2:3,,NSE
2025-10-28,2025-10-19,INE009A01021,INFY,SPLIT,3:5,,NSE
2025-12-18,2025-12-13,INE002A01018,RELIANCE,BONUS,2:3,,NSE
2025-12-24,2025-12-22,INE237A01028,KOTAKBANK,BONUS,2:3,,BSE
2025-12-13,2025-12-08,INE090A01021,ICICIBANK,SPLIT,3:5,,RTA
2025-09-21,2025-09-13,INE002A01018,RELIANCE,DIVIDEND,,11.08,NSE
2025-12-15,2025-12-09,INE001A01036,HDFC,BONUS,1:1,,RTA
2025-10-11,2025-10-03,INE155A01022,TATAMOTORS,MERGER,,,RTA
2025-09-28,2025-09-19,INE155A01022,TATAMOTORS,MERGER,,,BSE
2025-11-20,2025-11-17,INE002A01018,RELIANCE,DIVIDEND,,19.23,RTA
2025-12-24,2025-12-22,INE237A01028,KOTAKBANK,MERGER,,,RTA
2025-11-23,2025-11-14,INE154A01025,ITC,BONUS,2:3,,NSE
2025-12-18,2025-12-17,INE062A01020,SBIN,RIGHTS,1:2,,NSE
2025-12-21,2025-12-12,INE009A01021,INFY,MERGER,,,NSE
2025-12-22,2025-12-15,INE154A01025,ITC,BONUS,1:2,,RTA
2025-11-12,2025-11-06,INE018A01030,LT,SPLIT,1:2,,RTA
2025-11-17,2025-11-10,INE009A01021,INFY,SPLIT,3:5,,BSE
2025-12-11,2025-12-04,INE009A01021,INFY,SPLIT,3:5,,BSE
2025-11-19,2025-11-15,INE009A01021,INFY,RIGHTS,1:2,,NSE
2025-11-02,2025-10-25,INE237A01028,KOTAKBANK,BONUS,3:5,,BSE
2025-09-28,2025-09-27,INE009A01021,INFY,BONUS,3:5,,NSE
2025-11-13,2025-11-11,INE018A01030,LT,SPLIT,3:5,,BSE
2025-11-14,2025-11-08,INE154A01025,ITC,MERGER,,,RTA
2025-10-23,2025-10-15,INE009A01021,INFY,SPLIT,3:5,,BSE
2025-11-18,2025-11-10,INE238A01026,AXISBANK,MERGER,,,BSE
2025-11-20,2025-11-13,INE001A01036,HDFC,SPLIT,1:2,,RTA
2025-10-05,2025-09-29,INE018A01030,LT,DIVIDEND,,17.95,NSE
2025-11-27,2025-11-17,INE090A01021,ICICIBANK,RIGHTS,1:2,,RTA
2025-12-03,2025-11-28,INE237A01028,KOTAKBANK,MERGER,,,RTA
2025-09-28,2025-09-18,INE090A01021,ICICIBANK,DIVIDEND,,8.97,NSE
2025-10-23,2025-10-13,INE238A01026,AXISBANK,DIVIDEND,,16.29,NSE
2025-12-14,2025-12-07,INE001A01036,HDFC,SPLIT,1:1,,RTA
2025-12-20,2025-12-10,INE062A01020,SBIN,DIVIDEND,,13.75,NSE
2025-12-14,2025-12-04,INE155A01022,TATAMOTORS,MERGER,,,BSE
2025-10-07,2025-10-03,INE155A01022,TATAMOTORS,BONUS,2:3,,BSE
2025-10-07,2025-10-04,INE238A01026,AXISBANK,SPLIT,1:1,,NSE
2025-12-15,2025-12-07,INE238A01026,AXISBANK,BONUS,1:2,,NSE
2025-12-14,2025-12-10,INE002A01018,RELIANCE,DIVIDEND,,10.89,NSE
2025-11-06,2025-10-30,INE062A01020,SBIN,SPLIT,2:3,,BSE
2025-12-11,2025-12-02,INE002A01018,RELIANCE,BONUS,3:5,,NSE
2025-12-15,2025-12-09,INE062A01020,SBIN,BONUS,2:3,,NSE
2025-12-07,2025-11-27,INE154A01025,ITC,RIGHTS,1:2,,RTA
2025-11-26,2025-11-23,INE237A01028,KOTAKBANK,DIVIDEND,,16.42,NSE
2025-12-01,2025-11-24,INE155A01022,TATAMOTORS,RIGHTS,1:2,,NSE
2025-11-18,2025-11-15,INE001A01036,HDFC,BONUS,3:5,,NSE
2025-11-15,2025-11-09,INE154A01025,ITC,BONUS,2:3,,BSE
2025-10-27,2025-10-21,INE009A01021,INFY,SPLIT,3:5,,BSE
2025-10-12,2025-10-11,INE238A01026,AXISBANK,DIVIDEND,,1.38,NSE
2025-12-03,2025-11-23,INE090A01021,ICICIBANK,BONUS,3:5,,RTA
2025-10-15,2025-10-06,INE002A01018,RELIANCE,DIVIDEND,,10.55,BSE
2025-11-06,2025-10-27,INE018A01030,LT,DIVIDEND,,10.51,NSE
2025-10-28,2025-10-21,INE090A01021,ICICIBANK,DIVIDEND,,10.94,BSE
2025-12-21,2025-12-16,INE238A01026,AXISBANK,RIGHTS,2:3,,BSE
2025-10-13,2025-10-06,INE018A01030,LT,SPLIT,3:5,,RTA
2025-12-22,2025-12-15,INE237A01028,KOTAKBANK,SPLIT,1:2,,RTA
2025-10-09,2025-10-01,INE002A01018,RELIANCE,MERGER,,,NSE
2025-12-21,2025-12-19,INE002A01018,RELIANCE,RIGHTS,3:5,,BSE
2025-10-12,2025-10-08,INE090A01021,ICICIBANK,SPLIT,2:3,,NSE
2025-10-27,2025-10-25,INE090A01021,ICICIBANK,DIVIDEND,,4.64,BSE
2025-10-15,2025-10-10,INE154A01025,ITC,SPLIT,2:3,,BSE
2025-10-05,2025-10-01,INE001A01036,HDFC,SPLIT,1:1,,NSE
2025-09-25,2025-09-20,INE001A01036,HDFC,DIVIDEND,,3.91,BSE
2025-10-03,2025-10-01,INE154A01025,ITC,BONUS,1:1,,RTA
2025-12-15,2025-12-10,INE009A01021,INFY,DIVIDEND,,4.48,NSE
2025-12-22,2025-12-20,INE090A01021,ICICIBANK,BONUS,1:1,,NSE
2025-10-24,2025-10-17,INE090A01021,ICICIBANK,SPLIT,2:3,,NSE
2025-12-13,2025-12-09,INE090A01021,ICICIBANK,BONUS,2:3,,RTA
2025-10-04,2025-09-27,INE001A01036,HDFC,DIVIDEND,,16.43,BSE
2025-11-16,2025-11-13,INE062A01020,SBIN,BONUS,3:5,,RTA
2025-10-16,2025-10-15,INE238A01026,AXISBANK,DIVIDEND,,1.15,BSE
2025-11-16,2025-11-06,INE062A01020,SBIN,DIVIDEND,,9.47,RTA
2025-11-23,2025-11-21,INE155A01022,TATAMOTORS,BONUS,1:1,,NSE
2025-10-12,2025-10-04,INE154A01025,ITC,DIVIDEND,,18.54,RTA
2025-12-12,2025-12-02,INE002A01018,RELIANCE,MERGER,,,BSE
2025-09-26,2025-09-16,INE090A01021,ICICIBANK,SPLIT,2:3,,BSE
2025-12-17,2025-12-08,INE062A01020,SBIN,SPLIT,2:3,,BSE
2025-12-19,2025-12-17,INE238A01026,AXISBANK,BONUS,1:1,,BSE
2025-12-25,2025-12-15,INE154A01025,ITC,SPLIT,1:1,,RTA
2025-12-22,2025-12-12,INE018A01030,LT,DIVIDEND,,10.81,NSE
2025-11-22,2025-11-13,INE237A01028,KOTAKBANK,BONUS,1:1,,BSE
2025-11-04,2025-10-27,INE238A01026,AXISBANK,BONUS,1:2,,NSE
2025-11-11,2025-11-06,INE018A01030,LT,DIVIDEND,,10.63,NSE
2025-09-22,2025-09-18,INE238A01026,AXISBANK,BONUS,1:2,,RTA
2025-11-20,2025-11-19,INE237A01028,KOTAKBANK,RIGHTS,3:5,,NSE
2025-10-10,2025-10-08,INE238A01026,AXISBANK,BONUS,1:2,,NSE
2025-10-15,2025-10-09,INE062A01020,SBIN,SPLIT,1:2,,BSE
2025-12-14,2025-12-08,INE090A01021,ICICIBANK,SPLIT,1:1,,NSE
2025-11-17,2025-11-09,INE154A01025,ITC,MERGER,,,NSE
2025-11-23,2025-11-15,INE155A01022,TATAMOTORS,BONUS,1:2,,BSE
2025-10-01,2025-09-23,INE238A01026,AXISBANK,DIVIDEND,,7.61,BSE
2025-11-08,2025-10-31,INE002A01018,RELIANCE,DIVIDEND,,1.85,RTA
2025-09-29,2025-09-22,INE154A01025,ITC,SPLIT,1:1,,BSE
2025-12-14,2025-12-08,INE002A01018,RELIANCE,DIVIDEND,,2.88,BSE
2025-09-26,2025-09-25,INE237A01028,KOTAKBANK,MERGER,,,RTA
2025-09-23,2025-09-19,INE001A01036,HDFC,MERGER,,,BSE
2025-10-01,2025-09-26,INE238A01026,AXISBANK,BONUS,3:5,,NSE
2025-11-26,2025-11-21,INE237A01028,KOTAKBANK,RIGHTS,1:1,,BSE
2025-12-26,2025-12-22,INE018A01030,LT,SPLIT,1:2,,NSE
2025-10-19,2025-10-12,INE001A01036,HDFC,DIVIDEND,,11.13,BSE
2025-12-22,2025-12-14,INE009A01021,INFY,BONUS,1:1,,BSE
2025-10-27,2025-10-25,INE062A01020,SBIN,DIVIDEND,,6.02,RTA
2025-10-21,2025-10-13,INE062A01020,SBIN,SPLIT,1:2,,NSE
2025-11-02,2025-10-30,INE237A01028,KOTAKBANK,SPLIT,2:3,,BSE
2025-12-04,2025-11-25,INE237A01028,KOTAKBANK,RIGHTS,1:1,,NSE
2025-12-17,2025-12-16,INE155A01022,TATAMOTORS,SPLIT,1:2,,BSE
2025-11-25,2025-11-20,INE090A01021,ICICIBANK,RIGHTS,3:5,,RTA
2025-10-23,2025-10-14,INE062A01020,SBIN,RIGHTS,2:3,,RTA
2025-12-22,2025-12-18,INE002A01018,RELIANCE,DIVIDEND,,15.62,RTA
2025-10-02,2025-09-24,INE237A01028,KOTAKBANK,MERGER,,,RTA
2025-11-25,2025-11-22,INE155A01022,TATAMOTORS,SPLIT,1:1,,RTA
2025-11-24,2025-11-18,INE001A01036,HDFC,BONUS,1:2,,NSE
2025-12-14,2025-12-05,INE018A01030,LT,RIGHTS,1:1,,RTA
2025-11-25,2025-11-15,INE009A01021,INFY,MERGER,,,NSE
2025-11-09,2025-11-05,INE155A01022,TATAMOTORS,RIGHTS,3:5,,RTA
2025-11-04,2025-10-30,INE090A01021,ICICIBANK,DIVIDEND,,5.42,NSE
2025-12-11,2025-12-02,INE018A01030,LT,SPLIT,1:2,,NSE
2025-12-08,2025-11-28,INE237A01028,KOTAKBANK,DIVIDEND,,16.69,BSE
2025-10-04,2025-09-26,INE009A01021,INFY,RIGHTS,1:1,,RTA
2025-09-24,2025-09-21,INE090A01021,ICICIBANK,SPLIT,3:5,,RTA
2025-11-29,2025-11-27,INE018A01030,LT,DIVIDEND,,8.41,RTA
2025-10-31,2025-10-26,INE001A01036,HDFC,MERGER,,,BSE
2025-10-27,2025-10-21,INE154A01025,ITC,DIVIDEND,,13.99,NSE
2025-11-06,2025-10-30,INE002A01018,RELIANCE,MERGER,,,RTA
2025-10-26,2025-10-20,INE062A01020,SBIN,MERGER,,,RTA
2025-11-02,2025-10-30,INE238A01026,AXISBANK,MERGER,,,NSE
2025-09-30,2025-09-27,INE062A01020,SBIN,SPLIT,1:2,,NSE
2025-09-24,2025-09-20,INE154A01025,ITC,SPLIT,2:3,,RTA
2025-11-14,2025-11-10,INE155A01022,TATAMOTORS,DIVIDEND,,9.22,RTA
2025-09-25,2025-09-16,INE155A01022,TATAMOTORS,MERGER,,,NSE
2025-12-02,2025-11-23,INE155A01022,TATAMOTORS,SPLIT,1:1,,RTA
2025-10-12,2025-10-09,INE002A01018,RELIANCE,BONUS,1:1,,NSE
2025-10-28,2025-10-23,INE090A01021,ICICIBANK,RIGHTS,1:2,,NSE
2025-10-02,2025-09-26,INE155A01022,TATAMOTORS,MERGER,,,RTA
2025-10-06,2025-10-05,INE155A01022,TATAMOTORS,SPLIT,1:2,,RTA
2025-11-13,2025-11-08,INE238A01026,AXISBANK,SPLIT,1:1,,RTA
2025-09-21,2025-09-17,INE237A01028,KOTAKBANK,DIVIDEND,,1.4,NSE
2025-12-15,2025-12-08,INE238A01026,AXISBANK,RIGHTS,2:3,,BSE
2025-11-13,2025-11-12,INE154A01025,ITC,MERGER,,,RTA
2025-10-26,2025-10-24,INE155A01022,TATAMOTORS,RIGHTS,3:5,,BSE
2025-10-12,2025-10-09,INE237A01028,KOTAKBANK,MERGER,,,BSE
2025-10-19,2025-10-11,INE001A01036,HDFC,BONUS,2:3,,BSE
2025-10-25,2025-10-22,INE090A01021,ICICIBANK,RIGHTS,2:3,,BSE
2025-09-27,2025-09-18,INE238A01026,AXISBANK,SPLIT,1:1,,NSE
2025-12-12,2025-12-10,INE018A01030,LT,RIGHTS,1:1,,RTA
2025-12-08,2025-12-05,INE009A01021,INFY,RIGHTS,1:2,,BSE
2025-12-17,2025-12-12,INE062A01020,SBIN,RIGHTS,3:5,,RTA
2025-11-05,2025-11-01,INE018A01030,LT,DIVIDEND,,2.17,BSE
2025-12-10,2025-12-03,INE154A01025,ITC,BONUS,3:5,,RTA
2025-10-26,2025-10-16,INE009A01021,INFY,BONUS,3:5,,NSE
2025-09-27,2025-09-18,INE018A01030,LT,MERGER,,,NSE
2025-10-12,2025-10-05,INE018A01030,LT,SPLIT,3:5,,BSE
2025-12-20,2025-12-19,INE062A01020,SBIN,DIVIDEND,,4.48,NSE
2025-11-28,2025-11-22,INE090A01021,ICICIBANK,MERGER,,,RTA
2025-12-13,2025-12-06,INE155A01022,TATAMOTORS,DIVIDEND,,12.11,RTA
2025-11-09,2025-11-03,INE154A01025,ITC,RIGHTS,1:1,,RTA
2025-11-20,2025-11-19,INE062A01020,SBIN,SPLIT,2:3,,RTA
2025-12-07,2025-11-29,INE155A01022,TATAMOTORS,SPLIT,1:1,,NSE
2025-09-28,2025-09-19,INE237A01028,KOTAKBANK,MERGER,,,BSE
2025-11-21,2025-11-13,INE009A01021,INFY,SPLIT,1:1,,NSE
2025-10-10,2025-10-03,INE237A01028,KOTAKBANK,SPLIT,1:1,,NSE
2025-10-19,2025-10-10,INE154A01025,ITC,MERGER,,,RTA
2025-10-10,2025-10-01,INE090A01021,ICICIBANK,SPLIT,2:3,,BSE
2025-12-24,2025-12-19,INE002A01018,RELIANCE,RIGHTS,1:2,,BSE
2025-11-02,2025-10-28,INE237A01028,KOTAKBANK,SPLIT,1:2,,RTA
2025-12-19,2025-12-16,INE002A01018,RELIANCE,SPLIT,1:2,,NSE
2025-11-05,2025-10-31,INE009A01021,INFY,DIVIDEND,,13.7,NSE
2025-10-11,2025-10-02,INE062A01020,SBIN,RIGHTS,2:3,,BSE
2025-10-03,2025-10-02,INE001A01036,HDFC,MERGER,,,RTA
2025-12-08,2025-12-01,INE018A01030,LT,DIVIDEND,,3.92,RTA
2025-11-22,2025-11-19,INE154A01025,ITC,BONUS,1:1,,RTA
2025-10-06,2025-09-26,INE090A01021,ICICIBANK,DIVIDEND,,7.45,RTA
2025-10-16,2025-10-06,INE155A01022,TATAMOTORS,BONUS,1:2,,NSE
2025-12-18,2025-12-08,INE154A01025,ITC,BONUS,3:5,,NSE
2025-11-29,2025-11-24,INE090A01021,ICICIBANK,RIGHTS,2:3,,RTA
2025-10-25,2025-10-16,INE090A01021,ICICIBANK,MERGER,,,RTA
2025-12-07,2025-11-29,INE154A01025,ITC,BONUS,2:3,,NSE
2025-12-06,2025-12-04,INE001A01036,HDFC,SPLIT,2:3,,NSE
2025-10-29,2025-10-23,INE002A01018,RELIANCE,SPLIT,2:3,,NSE
2025-12-18,2025-12-16,INE018A01030,LT,SPLIT,1:2,,RTA
2025-09-27,2025-09-26,INE062A01020,SBIN,MERGER,,,NSE
2025-10-28,2025-10-23,INE154A01025,ITC,BONUS,1:1,,BSE
2025-09-23,2025-09-18,INE238A01026,AXISBANK,SPLIT,1:2,,NSE
2025-11-21,2025-11-16,INE062A01020,SBIN,BONUS,1:2,,NSE
2025-11-11,2025-11-04,INE238A01026,AXISBANK,RIGHTS,1:1,,RTA
2025-11-05,2025-10-28,INE018A01030,LT,RIGHTS,1:1,,RTA
2025-10-25,2025-10-21,INE009A01021,INFY,SPLIT,3:5,,BSE
2025-12-23,2025-12-17,INE002A01018,RELIANCE,RIGHTS,1:1,,NSE
2025-10-17,2025-10-08,INE002A01018,RELIANCE,DIVIDEND,,11.81,NSE
2025-10-07,2025-10-05,INE237A01028,KOTAKBANK,MERGER,,,NSE
2025-11-23,2025-11-13,INE238A01026,AXISBANK,MERGER,,,BSE
2025-10-24,2025-10-17,INE155A01022,TATAMOTORS,SPLIT,2:3,,RTA
2025-11-22,2025-11-15,INE238A01026,AXISBANK,RIGHTS,3:5,,NSE
2025-12-06,2025-12-02,INE009A01021,INFY,DIVIDEND,,18.74,BSE
2025-10-11,2025-10-04,INE154A01025,ITC,RIGHTS,1:1,,NSE
2025-10-01,2025-09-28,INE002A01018,RELIANCE,SPLIT,1:2,,RTA
2025-11-16,2025-11-09,INE155A01022,TATAMOTORS,RIGHTS,3:5,,RTA
2025-10-28,2025-10-23,INE001A01036,HDFC,BONUS,2:3,,RTA
2025-12-05,2025-12-01,INE002A01018,RELIANCE,RIGHTS,1:1,,NSE
2025-10-09,2025-10-07,INE062A01020,SBIN,DIVIDEND,,19.13,BSE
2025-10-31,2025-10-22,INE001A01036,HDFC,RIGHTS,1:2,,NSE
2025-09-24,2025-09-23,INE062A01020,SBIN,RIGHTS,2:3,,RTA
2025-10-13,2025-10-06,INE238A01026,AXISBANK,DIVIDEND,,12.22,BSE
2025-10-29,2025-10-19,INE154A01025,ITC,RIGHTS,1:2,,RTA
2025-12-02,2025-11-24,INE090A01021,ICICIBANK,RIGHTS,3:5,,RTA
2025-11-26,2025-11-17,INE090A01021,ICICIBANK,DIVIDEND,,19.13,RTA
2025-09-27,2025-09-24,INE238A01026,AXISBANK,SPLIT,3:5,,NSE
2025-10-22,2025-10-19,INE018A01030,LT,RIGHTS,1:1,,RTA
2025-09-21,2025-09-14,INE155A01022,TATAMOTORS,SPLIT,1:2,,NSE
2025-12-19,2025-12-15,INE237A01028,KOTAKBANK,RIGHTS,3:5,,BSE
2025-10-23,2025-10-21,INE154A01025,ITC,SPLIT,3:5,,BSE
2025-10-23,2025-10-16,INE002A01018,RELIANCE,DIVIDEND,,15.91,BSE
2025-12-07,2025-11-29,INE090A01021,ICICIBANK,DIVIDEND,,15.9,RTA
2025-10-04,2025-10-02,INE090A01021,ICICIBANK,RIGHTS,3:5,,BSE
2025-12-18,2025-12-10,INE002A01018,RELIANCE,BONUS,1:1,,RTA
2025-11-05,2025-11-04,INE155A01022,TATAMOTORS,MERGER,,,NSE
2025-12-20,2025-12-15,INE001A01036,HDFC,SPLIT,3:5,,NSE
2025-12-22,2025-12-16,INE237A01028,KOTAKBANK,MERGER,,,RTA
2025-11-14,2025-11-07,INE018A01030,LT,DIVIDEND,,13.75,RTA
2025-11-16,2025-11-09,INE009A01021,INFY,SPLIT,1:1,,RTA
2025-12-03,2025-11-27,INE090A01021,ICICIBANK,MERGER,,,BSE
2025-10-06,2025-09-27,INE001A01036,HDFC,MERGER,,,NSE
2025-11-14,2025-11-11,INE090A01021,ICICIBANK,DIVIDEND,,16.68,BSE
2025-10-25,2025-10-19,INE154A01025,ITC,SPLIT,1:1,,RTA
2025-12-14,2025-12-07,INE090A01021,ICICIBANK,MERGER,,,RTA
2025-10-22,2025-10-13,INE154A01025,ITC,MERGER,,,BSE
2025-11-12,2025-11-02,INE090A01021,ICICIBANK,SPLIT,1:1,,BSE
2025-09-29,2025-09-22,INE155A01022,TATAMOTORS,DIVIDEND,,11.91,BSE
2025-09-22,2025-09-14,INE002A01018,RELIANCE,BONUS,3:5,,BSE
2025-09-29,2025-09-20,INE009A01021,INFY,MERGER,,,NSE
2025-10-11,2025-10-08,INE002A01018,RELIANCE,DIVIDEND,,12.71,BSE
2025-12-02,2025-11-26,INE090A01021,ICICIBANK,DIVIDEND,,13.68,NSE
2025-11-22,2025-11-13,INE154A01025,ITC,DIVIDEND,,8.9,NSE
2025-11-22,2025-11-17,INE001A01036,HDFC,BONUS,3:5,,RTA
2025-12-22,2025-12-16,INE154A01025,ITC,SPLIT,1:1,,BSE
2025-11-29,2025-11-27,INE002A01018,RELIANCE,SPLIT,1:2,,BSE
2025-10-16,2025-10-08,INE002A01018,RELIANCE,BONUS,1:1,,BSE
2025-10-07,2025-10-05,INE001A01036,HDFC,RIGHTS,1:1,,RTA
2025-11-01,2025-10-31,INE154A01025,ITC,DIVIDEND,,9.94,BSE
2025-11-28,2025-11-20,INE154A01025,ITC,DIVIDEND,,4.28,BSE
2025-12-24,2025-12-20,INE155A01022,TATAMOTORS,SPLIT,1:1,,NSE
2025-12-15,2025-12-13,INE238A01026,AXISBANK,DIVIDEND,,6.35,NSE
2025-11-03,2025-11-02,INE009A01021,INFY,SPLIT,2:3,,NSE
2025-12-15,2025-12-05,INE001A01036,HDFC,RIGHTS,1:2,,BSE
2025-12-09,2025-12-01,INE238A01026,AXISBANK,SPLIT,2:3,,BSE
2025-10-14,2025-10-06,INE009A01021,INFY,RIGHTS,1:1,,NSE
2025-12-20,2025-12-16,INE001A01036,HDFC,BONUS,2:3,,NSE
2025-12-11,2025-12-08,INE002A01018,RELIANCE,MERGER,,,NSE
2025-10-24,2025-10-16,INE018A01030,LT,BONUS,1:1,,BSE
2025-10-29,2025-10-20,INE009A01021,INFY,BONUS,1:2,,NSE
2025-12-08,2025-12-05,INE090A01021,ICICIBANK,MERGER,,,BSE
2025-09-22,2025-09-19,INE238A01026,AXISBANK,MERGER,,,RTA
2025-09-24,2025-09-19,INE237A01028,KOTAKBANK,MERGER,,,BSE
2025-10-16,2025-10-10,INE237A01028,KOTAKBANK,DIVIDEND,,19.41,NSE
2025-11-30,2025-11-23,INE018A01030,LT,DIVIDEND,,2.45,NSE
2025-12-22,2025-12-12,INE062A01020,SBIN,BONUS,1:1,,BSE
2025-11-28,2025-11-26,INE002A01018,RELIANCE,SPLIT,1:1,,NSE
2025-10-07,2025-10-06,INE018A01030,LT,BONUS,3:5,,RTA
2025-11-09,2025-11-05,INE155A01022,TATAMOTORS,SPLIT,1:2,,RTA
2025-11-27,2025-11-18,INE154A01025,ITC,DIVIDEND,,18.35,NSE
2025-10-30,2025-10-21,INE090A01021,ICICIBANK,RIGHTS,2:3,,BSE
2025-10-20,2025-10-12,INE062A01020,SBIN,RIGHTS,1:1,,RTA
2025-11-30,2025-11-26,INE001A01036,HDFC,SPLIT,3:5,,BSE
2025-11-21,2025-11-14,INE238A01026,AXISBANK,SPLIT,3:5,,BSE
2025-11-05,2025-10-29,INE062A01020,SBIN,SPLIT,1:2,,NSE
2025-10-06,2025-09-26,INE009A01021,INFY,DIVIDEND,,11.96,BSE
2025-10-19,2025-10-18,INE090A01021,ICICIBANK,RIGHTS,1:1,,NSE
2025-09-24,2025-09-22,INE238A01026,AXISBANK,DIVIDEND,,14.49,BSE
2025-11-25,2025-11-19,INE238A01026,AXISBANK,BONUS,1:2,,RTA
2025-11-30,2025-11-28,INE009A01021,INFY,RIGHTS,2:3,,NSE
2025-12-26,2025-12-18,INE154A01025,ITC,BONUS,1:1,,RTA
2025-11-23,2025-11-18,INE238A01026,AXISBANK,SPLIT,2:3,,RTA
2025-10-14,2025-10-06,INE154A01025,ITC,BONUS,1:2,,RTA
2025-11-25,2025-11-22,INE001A01036,HDFC,DIVIDEND,,10.88,NSE
2025-12-19,2025-12-16,INE009A01021,INFY,DIVIDEND,,1.02,BSE
2025-09-22,2025-09-15,INE001A01036,HDFC,DIVIDEND,,3.28,RTA
2025-12-02,2025-11-25,INE154A01025,ITC,DIVIDEND,,16.82,RTA
2025-10-06,2025-10-05,INE238A01026,AXISBANK,BONUS,3:5,,RTA
2025-11-05,2025-10-28,INE237A01028,KOTAKBANK,RIGHTS,1:2,,NSE
2025-09-28,2025-09-26,INE009A01021,INFY,RIGHTS,3:5,,BSE
2025-10-27,2025-10-25,INE062A01020,SBIN,SPLIT,1:1,,RTA
2025-09-23,2025-09-21,INE238A01026,AXISBANK,BONUS,2:3,,RTA
2025-11-10,2025-10-31,INE090A01021,ICICIBANK,DIVIDEND,,18.2,RTA
2025-09-22,2025-09-17,INE018A01030,LT,DIVIDEND,,19.14,RTA
2025-10-20,2025-10-19,INE062A01020,SBIN,BONUS,3:5,,NSE
2025-09-25,2025-09-24,INE238A01026,AXISBANK,MERGER,,,BSE
2025-11-06,2025-10-28,INE018A01030,LT,MERGER,,,NSE
2025-11-05,2025-10-28,INE062A01020,SBIN,MERGER,,,NSE
2025-11-10,2025-11-03,INE001A01036,HDFC,BONUS,2:3,,RTA
2025-10-25,2025-10-22,INE090A01021,ICICIBANK,SPLIT,1:1,,BSE
2025-12-21,2025-12-11,INE237A01028,KOTAKBANK,DIVIDEND,,2.71,RTA
2025-11-02,2025-10-30,INE018A01030,LT,RIGHTS,3:5,,RTA
2025-12-01,2025-11-29,INE002A01018,RELIANCE,BONUS,1:1,,NSE
2025-12-15,2025-12-06,INE062A01020,SBIN,MERGER,,,BSE
2025-10-12,2025-10-02,INE009A01021,INFY,MERGER,,,NSE
2025-11-22,2025-11-15,INE155A01022,TATAMOTORS,DIVIDEND,,4.01,NSE
2025-12-08,2025-12-04,INE237A01028,KOTAKBANK,MERGER,,,RTA
2025-10-31,2025-10-23,INE002A01018,RELIANCE,SPLIT,1:1,,BSE
2025-11-18,2025-11-09,INE154A01025,ITC,DIVIDEND,,19.26,RTA
2025-10-20,2025-10-16,INE002A01018,RELIANCE,BONUS,3:5,,RTA
2025-12-18,2025-12-11,INE001A01036,HDFC,SPLIT,1:1,,NSE
2025-11-16,2025-11-11,INE155A01022,TATAMOTORS,RIGHTS,1:2,,RTA
2025-11-05,2025-11-04,INE018A01030,LT,BONUS,1:2,,RTA
2025-10-05,2025-10-01,INE155A01022,TATAMOTORS,BONUS,3:5,,BSE
2025-10-06,2025-10-04,INE009A01021,INFY,SPLIT,3:5,,NSE
2025-09-24,2025-09-14,INE155A01022,TATAMOTORS,MERGER,,,BSE
2025-11-18,2025-11-11,INE001A01036,HDFC,RIGHTS,2:3,,RTA
2025-12-04,2025-11-26,INE155A01022,TATAMOTORS,RIGHTS,3:5,,NSE
2025-10-16,2025-10-09,INE237A01028,KOTAKBANK,SPLIT,3:5,,RTA
2025-11-22,2025-11-16,INE237A01028,KOTAKBANK,MERGER,,,NSE
2025-10-01,2025-09-27,INE002A01018,RELIANCE,MERGER,,,BSE
2025-12-19,2025-12-16,INE238A01026,AXISBANK,DIVIDEND,,11.47,NSE
2025-12-20,2025-12-16,INE009A01021,INFY,BONUS,1:2,,RTA
2025-11-24,2025-11-17,INE062A01020,SBIN,RIGHTS,3:5,,BSE
2025-12-13,2025-12-03,INE238A01026,AXISBANK,RIGHTS,3:5,,RTA
2025-12-19,2025-12-17,INE001A01036,HDFC,RIGHTS,2:3,,RTA
2025-11-10,2025-10-31,INE018A01030,LT,MERGER,,,NSE
2025-09-28,2025-09-23,INE009A01021,INFY,BONUS,1:1,,RTA
2025-11-10,2025-11-09,INE237A01028,KOTAKBANK,MERGER,,,NSE
2025-12-22,2025-12-18,INE090A01021,ICICIBANK,DIVIDEND,,6.54,RTA
2025-12-25,2025-12-23,INE154A01025,ITC,BONUS,3:5,,BSE
2025-10-31,2025-10-21,INE238A01026,AXISBANK,BONUS,3:5,,RTA
2025-12-16,2025-12-07,INE090A01021,ICICIBANK,SPLIT,2:3,,NSE
2025-10-22,2025-10-14,INE009A01021,INFY,BONUS,1:2,,RTA
2025-10-27,2025-10-20,INE009A01021,INFY,MERGER,,,BSE
2025-10-14,2025-10-07,INE001A01036,HDFC,RIGHTS,3:5,,BSE
2025-10-05,2025-10-03,INE009A01021,INFY,MERGER,,,RTA
2025-11-04,2025-10-29,INE238A01026,AXISBANK,DIVIDEND,,5.48,BSE
2025-12-25,2025-12-24,INE001A01036,HDFC,SPLIT,1:2,,NSE
2025-10-05,2025-09-29,INE090A01021,ICICIBANK,DIVIDEND,,17.05,NSE
2025-11-04,2025-10-26,INE001A01036,HDFC,DIVIDEND,,19.85,RTA
2025-10-07,2025-10-06,INE237A01028,KOTAKBANK,RIGHTS,1:2,,BSE
2025-09-29,2025-09-23,INE001A01036,HDFC,DIVIDEND,,14.24,NSE
2025-10-25,2025-10-19,INE155A01022,TATAMOTORS,MERGER,,,BSE
2025-12-18,2025-12-08,INE237A01028,KOTAKBANK,DIVIDEND,,16.78,NSE
2025-11-20,2025-11-13,INE090A01021,ICICIBANK,BONUS,3:5,,BSE
2025-09-29,2025-09-22,INE001A01036,HDFC,MERGER,,,BSE
2025-10-07,2025-10-04,INE155A01022,TATAMOTORS,DIVIDEND,,15.19,BSE
2025-11-27,2025-11-18,INE062A01020,SBIN,DIVIDEND,,17.32,BSE
2025-10-26,2025-10-24,INE001A01036,HDFC,BONUS,2:3,,BSE
2025-10-07,2025-09-27,INE154A01025,ITC,MERGER,,,NSE
2025-12-06,2025-11-27,INE238A01026,AXISBANK,SPLIT,1:2,,BSE
2025-11-09,2025-10-31,INE002A01018,RELIANCE,DIVIDEND,,6.39,NSE
2025-11-06,2025-11-03,INE009A01021,INFY,BONUS,3:5,,RTA
2025-11-21,2025-11-17,INE002A01018,RELIANCE,DIVIDEND,,10.52,RTA
2025-11-02,2025-10-24,INE237A01028,KOTAKBANK,MERGER,,,BSE
2025-11-30,2025-11-24,INE009A01021,INFY,DIVIDEND,,15.97,BSE
2025-11-19,2025-11-17,INE155A01022,TATAMOTORS,SPLIT,3:5,,NSE
2025-10-19,2025-10-18,INE002A01018,RELIANCE,RIGHTS,2:3,,NSE
2025-10-04,2025-09-26,INE090A01021,ICICIBANK,BONUS,2:3,,BSE
2025-12-04,2025-11-27,INE238A01026,AXISBANK,BONUS,1:2,,RTA
2025-11-15,2025-11-14,INE238A01026,AXISBANK,MERGER,,,NSE
2025-11-01,2025-10-31,INE155A01022,TATAMOTORS,MERGER,,,RTA
2025-11-27,2025-11-24,INE001A01036,HDFC,SPLIT,3:5,,RTA
2025-09-24,2025-09-14,INE237A01028,KOTAKBANK,RIGHTS,1:2,,RTA
2025-12-15,2025-12-14,INE062A01020,SBIN,DIVIDEND,,13.05,BSE
2025-11-28,2025-11-27,INE154A01025,ITC,RIGHTS,3:5,,BSE
2025-12-21,2025-12-15,INE001A01036,HDFC,DIVIDEND,,18.29,RTA
2025-09-25,2025-09-15,INE009A01021,INFY,BONUS,3:5,,BSE
2025-10-23,2025-10-18,INE090A01021,ICICIBANK,MERGER,,,BSE
2025-12-04,2025-11-27,INE018A01030,LT,DIVIDEND,,14.52,NSE
2025-09-29,2025-09-26,INE062A01020,SBIN,SPLIT,2:3,,NSE
2025-10-20,2025-10-16,INE002A01018,RELIANCE,DIVIDEND,,3.9,RTA
2025-11-13,2025-11-11,INE237A01028,KOTAKBANK,BONUS,1:2,,RTA
2025-09-30,2025-09-27,INE001A01036,HDFC,RIGHTS,1:2,,RTA
2025-12-25,2025-12-19,INE238A01026,AXISBANK,DIVIDEND,,10.28,NSE
2025-10-15,2025-10-06,INE009A01021,INFY,SPLIT,1:1,,NSE
2025-12-02,2025-11-28,INE002A01018,RELIANCE,DIVIDEND,,10.05,BSE
2025-11-22,2025-11-21,INE062A01020,SBIN,DIVIDEND,,4.81,NSE
2025-11-01,2025-10-27,INE009A01021,INFY,RIGHTS,1:2,,BSE
2025-10-31,2025-10-25,INE001A01036,HDFC,BONUS,1:2,,RTA
2025-12-26,2025-12-22,INE001A01036,HDFC,BONUS,2:3,,BSE
2025-11-21,2025-11-19,INE018A01030,LT,BONUS,2:3,,NSE
2025-12-07,2025-12-04,INE237A01028,KOTAKBANK,SPLIT,2:3,,RTA
2025-10-04,2025-09-29,INE238A01026,AXISBANK,DIVIDEND,,3.75,NSE
2025-11-28,2025-11-18,INE237A01028,KOTAKBANK,SPLIT,1:1,,BSE
2025-11-01,2025-10-23,INE002A01018,RELIANCE,MERGER,,,NSE
2025-11-13,2025-11-05,INE090A01021,ICICIBANK,RIGHTS,1:1,,NSE
2025-10-08,2025-10-01,INE154A01025,ITC,DIVIDEND,,6.69,NSE
2025-10-19,2025-10-12,INE009A01021,INFY,SPLIT,3:5,,RTA
2025-12-14,2025-12-11,INE001A01036,HDFC,DIVIDEND,,1.81,RTA
2025-10-05,2025-10-01,INE155A01022,TATAMOTORS,BONUS,2:3,,RTA
2025-12-11,2025-12-06,INE090A01021,ICICIBANK,RIGHTS,2:3,,RTA
2025-09-24,2025-09-23,INE154A01025,ITC,BONUS,2:3,,BSE
2025-11-10,2025-10-31,INE090A01021,ICICIBANK,MERGER,,,NSE
2025-11-08,2025-11-01,INE237A01028,KOTAKBANK,BONUS,1:1,,NSE
2025-11-04,2025-10-30,INE002A01018,RELIANCE,BONUS,2:3,,RTA
2025-12-20,2025-12-10,INE062A01020,SBIN,BONUS,2:3,,RTA
2025-10-29,2025-10-25,INE062A01020,SBIN,DIVIDEND,,6.6,NSE
2025-11-25,2025-11-17,INE018A01030,LT,DIVIDEND,,19.28,NSE
2025-10-29,2025-10-22,INE002A01018,RELIANCE,SPLIT,3:5,,RTA
2025-10-23,2025-10-21,INE155A01022,TATAMOTORS,DIVIDEND,,17.65,NSE
2025-10-27,2025-10-19,INE018A01030,LT,BONUS,3:5,,RTA
2025-11-20,2025-11-19,INE090A01021,ICICIBANK,BONUS,1:2,,RTA
2025-11-02,2025-10-29,INE062A01020,SBIN,MERGER,,,RTA
2025-10-13,2025-10-05,INE001A01036,HDFC,MERGER,,,NSE
2025-12-17,2025-12-10,INE001A01036,HDFC,MERGER,,,RTA
2025-10-28,2025-10-24,INE018A01030,LT,RIGHTS,3:5,,RTA
2025-10-09,2025-10-03,INE018A01030,LT,SPLIT,2:3,,BSE
2025-12-12,2025-12-11,INE062A01020,SBIN,SPLIT,2:3,,RTA
2025-10-27,2025-10-19,INE001A01036,HDFC,BONUS,3:5,,BSE
2025-09-22,2025-09-15,INE001A01036,HDFC,MERGER,,,BSE
2025-12-20,2025-12-18,INE154A01025,ITC,RIGHTS,1:2,,NSE
2025-12-10,2025-11-30,INE018A01030,LT,RIGHTS,1:1,,RTA
2025-09-22,2025-09-16,INE154A01025,ITC,BONUS,1:2,,BSE
2025-11-09,2025-11-07,INE237A01028,KOTAKBANK,SPLIT,3:5,,RTA
2025-12-26,2025-12-22,INE009A01021,INFY,MERGER,,,NSE
2025-11-30,2025-11-22,INE001A01036,HDFC,DIVIDEND,,8.06,NSE
2025-12-21,2025-12-17,INE001A01036,HDFC,SPLIT,3:5,,NSE
2025-12-18,2025-12-13,INE002A01018,RELIANCE,BONUS,1:2,,RTA
2025-09-21,2025-09-17,INE001A01036,HDFC,SPLIT,2:3,,RTA
2025-10-06,2025-09-29,INE155A01022,TATAMOTORS,MERGER,,,BSE
2025-09-30,2025-09-20,INE018A01030,LT,DIVIDEND,,6.28,BSE
2025-09-29,2025-09-24,INE062A01020,SBIN,MERGER,,,BSE
2025-11-07,2025-10-31,INE238A01026,AXISBANK,DIVIDEND,,12.96,BSE
2025-10-31,2025-10-26,INE001A01036,HDFC,SPLIT,1:1,,RTA
2025-12-01,2025-11-28,INE155A01022,TATAMOTORS,RIGHTS,2:3,,BSE
2025-09-29,2025-09-26,INE009A01021,INFY,DIVIDEND,,4.22,NSE
2025-11-29,2025-11-25,INE238A01026,AXISBANK,SPLIT,1:2,,NSE
2025-11-07,2025-10-28,INE002A01018,RELIANCE,RIGHTS,3:5,,NSE
2025-11-23,2025-11-21,INE238A01026,AXISBANK,SPLIT,2:3,,BSE
2025-10-06,2025-10-05,INE154A01025,ITC,SPLIT,1:2,,RTA
2025-10-24,2025-10-18,INE155A01022,TATAMOTORS,RIGHTS,2:3,,RTA
2025-12-18,2025-12-11,INE090A01021,ICICIBANK,SPLIT,3:5,,BSE
2025-12-22,2025-12-14,INE062A01020,SBIN,DIVIDEND,,3.81,NSE
2025-10-13,2025-10-05,INE001A01036,HDFC,RIGHTS,1:1,,NSE
2025-12-17,2025-12-16,INE154A01025,ITC,DIVIDEND,,18.89,RTA
2025-11-23,2025-11-19,INE001A01036,HDFC,DIVIDEND,,11.35,RTA
2025-10-07,2025-09-28,INE018A01030,LT,DIVIDEND,,17.27,NSE
2025-12-07,2025-12-04,INE090A01021,ICICIBANK,BONUS,3:5,,BSE
2025-10-30,2025-10-24,INE238A01026,AXISBANK,BONUS,1:1,,BSE
2025-10-04,2025-09-24,INE001A01036,HDFC,BONUS,3:5,,NSE
2025-11-11,2025-11-10,INE062A01020,SBIN,SPLIT,1:1,,NSE
2025-10-06,2025-10-03,INE237A01028,KOTAKBANK,SPLIT,1:2,,RTA
2025-09-26,2025-09-19,INE001A01036,HDFC,RIGHTS,1:1,,BSE
2025-12-10,2025-12-07,INE237A01028,KOTAKBANK,RIGHTS,1:2,,NSE
2025-12-06,2025-12-02,INE002A01018,RELIANCE,BONUS,2:3,,RTA
2025-10-11,2025-10-09,INE009A01021,INFY,RIGHTS,1:1,,BSE
2025-11-07,2025-10-31,INE238A01026,AXISBANK,RIGHTS,3:5,,BSE
2025-10-14,2025-10-05,INE062A01020,SBIN,RIGHTS,3:5,,BSE
2025-10-19,2025-10-10,INE090A01021,ICICIBANK,BONUS,3:5,,NSE
2025-11-05,2025-10-31,INE002A01018,RELIANCE,RIGHTS,1:2,,RTA
2025-10-27,2025-10-18,INE154A01025,ITC,RIGHTS,1:2,,RTA
2025-12-09,2025-12-08,INE155A01022,TATAMOTORS,DIVIDEND,,5.89,BSE
2025-11-04,2025-10-29,INE001A01036,HDFC,BONUS,1:1,,BSE
2025-11-26,2025-11-20,INE090A01021,ICICIBANK,SPLIT,1:1,,RTA
2025-10-14,2025-10-11,INE002A01018,RELIANCE,RIGHTS,1:1,,BSE
2025-11-03,2025-10-30,INE009A01021,INFY,DIVIDEND,,11.32,BSE
2025-10-12,2025-10-11,INE154A01025,ITC,RIGHTS,2:3,,NSE
2025-09-29,2025-09-19,INE002A01018,RELIANCE,SPLIT,2:3,,BSE
2025-11-17,2025-11-09,INE154A01025,ITC,DIVIDEND,,7.43,RTA
2025-09-27,2025-09-17,INE002A01018,RELIANCE,BONUS,3:5,,BSE
2025-11-18,2025-11-11,INE237A01028,KOTAKBANK,RIGHTS,1:1,,BSE
2025-11-18,2025-11-16,INE002A01018,RELIANCE,SPLIT,1:2,,BSE
2025-11-16,2025-11-12,INE009A01021,INFY,RIGHTS,1:1,,RTA
2025-11-17,2025-11-13,INE062A01020,SBIN,BONUS,3:5,,NSE
2025-09-27,2025-09-23,INE237A01028,KOTAKBANK,SPLIT,1:1,,BSE
2025-10-12,2025-10-10,INE002A01018,RELIANCE,BONUS,3:5,,RTA
2025-11-17,2025-11-14,INE237A01028,KOTAKBANK,DIVIDEND,,7.39,BSE
2025-11-06,2025-11-04,INE090A01021,ICICIBANK,BONUS,2:3,,NSE
2025-12-13,2025-12-03,INE002A01018,RELIANCE,DIVIDEND,,9.19,BSE
2025-11-03,2025-10-24,INE155A01022,TATAMOTORS,BONUS,1:1,,BSE
2025-11-07,2025-10-31,INE018A01030,LT,DIVIDEND,,10.06,NSE
2025-11-06,2025-10-29,INE155A01022,TATAMOTORS,MERGER,,,NSE
2025-09-24,2025-09-21,INE238A01026,AXISBANK,DIVIDEND,,17.89,NSE
2025-10-10,2025-10-07,INE001A01036,HDFC,DIVIDEND,,7.75,RTA
2025-10-29,2025-10-28,INE238A01026,AXISBANK,SPLIT,2:3,,NSE
2025-12-05,2025-12-01,INE062A01020,SBIN,RIGHTS,2:3,,BSE
2025-10-30,2025-10-22,INE090A01021,ICICIBANK,RIGHTS,2:3,,BSE
2025-09-23,2025-09-21,INE018A01030,LT,SPLIT,1:2,,NSE
2025-10-09,2025-09-29,INE009A01021,INFY,BONUS,1:2,,RTA
2025-12-21,2025-12-15,INE062A01020,SBIN,BONUS,2:3,,RTA
2025-12-11,2025-12-06,INE002A01018,RELIANCE,BONUS,1:1,,RTA
2025-10-16,2025-10-11,INE002A01018,RELIANCE,MERGER,,,RTA
2025-12-24,2025-12-18,INE001A01036,HDFC,DIVIDEND,,11.74,BSE
2025-10-10,2025-10-08,INE002A01018,RELIANCE,DIVIDEND,,9.38,BSE
2025-11-30,2025-11-27,INE018A01030,LT,RIGHTS,3:5,,RTA
2025-11-13,2025-11-10,INE237A01028,KOTAKBANK,BONUS,1:2,,BSE
2025-09-24,2025-09-21,INE009A01021,INFY,MERGER,,,BSE
2025-12-11,2025-12-04,INE090A01021,ICICIBANK,MERGER,,,NSE
2025-11-28,2025-11-24,INE002A01018,RELIANCE,DIVIDEND,,8.94,RTA
2025-11-02,2025-10-30,INE237A01028,KOTAKBANK,MERGER,,,NSE
2025-10-03,2025-09-30,INE009A01021,INFY,BONUS,3:5,,NSE
2025-09-23,2025-09-21,INE009A01021,INFY,MERGER,,,NSE
2025-11-29,2025-11-26,INE090A01021,ICICIBANK,DIVIDEND,,19.3,BSE
2025-10-30,2025-10-26,INE001A01036,HDFC,MERGER,,,BSE
2025-11-24,2025-11-15,INE090A01021,ICICIBANK,BONUS,3:5,,BSE
2025-10-05,2025-09-29,INE009A01021,INFY,RIGHTS,3:5,,NSE
2025-11-14,2025-11-11,INE155A01022,TATAMOTORS,RIGHTS,2:3,,RTA
2025-09-27,2025-09-21,INE062A01020,SBIN,MERGER,,,BSE
2025-10-03,2025-10-01,INE001A01036,HDFC,MERGER,,,NSE
2025-10-24,2025-10-21,INE002A01018,RELIANCE,SPLIT,1:2,,NSE
2025-11-11,2025-11-02,INE238A01026,AXISBANK,DIVIDEND,,11.72,NSE
2025-12-06,2025-11-28,INE018A01030,LT,MERGER,,,BSE
2025-09-26,2025-09-21,INE238A01026,AXISBANK,DIVIDEND,,3.9,RTA
2025-11-27,2025-11-25,INE155A01022,TATAMOTORS,BONUS,1:2,,NSE
2025-12-15,2025-12-07,INE009A01021,INFY,MERGER,,,NSE
2025-12-02,2025-11-25,INE090A01021,ICICIBANK,MERGER,,,RTA
2025-11-19,2025-11-14,INE009A01021,INFY,DIVIDEND,,9.93,RTA
2025-11-12,2025-11-07,INE002A01018,RELIANCE,SPLIT,3:5,,BSE
2025-11-28,2025-11-19,INE018A01030,LT,RIGHTS,1:1,,BSE
2025-10-01,2025-09-30,INE018A01030,LT,SPLIT,3:5,,RTA
2025-09-30,2025-09-23,INE001A01036,HDFC,RIGHTS,3:5,,BSE
2025-10-17,2025-10-15,INE001A01036,HDFC,RIGHTS,2:3,,NSE
2025-12-11,2025-12-02,INE155A01022,TATAMOTORS,DIVIDEND,,9.92,RTA
2025-10-24,2025-10-14,INE062A01020,SBIN,MERGER,,,BSE
2025-12-11,2025-12-01,INE002A01018,RELIANCE,MERGER,,,NSE
2025-10-23,2025-10-16,INE090A01021,ICICIBANK,RIGHTS,1:1,,NSE
2025-10-01,2025-09-27,INE001A01036,HDFC,BONUS,1:1,,NSE
2025-10-13,2025-10-09,INE090A01021,ICICIBANK,SPLIT,2:3,,NSE
2025-09-29,2025-09-20,INE002A01018,RELIANCE,BONUS,2:3,,BSE
2025-12-24,2025-12-19,INE018A01030,LT,SPLIT,1:1,,RTA
2025-11-12,2025-11-11,INE237A01028,KOTAKBANK,DIVIDEND,,7.16,RTA
2025-10-08,2025-10-03,INE238A01026,AXISBANK,SPLIT,3:5,,NSE
2025-10-06,2025-10-02,INE237A01028,KOTAKBANK,RIGHTS,1:2,,NSE
2025-10-30,2025-10-28,INE238A01026,AXISBANK,BONUS,2:3,,NSE
2025-12-08,2025-12-04,INE090A01021,ICICIBANK,DIVIDEND,,19.92,BSE
2025-12-02,2025-11-23,INE002A01018,RELIANCE,RIGHTS,3:5,,RTA
2025-11-15,2025-11-12,INE238A01026,AXISBANK,RIGHTS,2:3,,NSE
2025-12-20,2025-12-12,INE090A01021,ICICIBANK,MERGER,,,NSE
2025-11-10,2025-11-04,INE009A01021,INFY,DIVIDEND,,4.54,BSE
2025-09-29,2025-09-20,INE237A01028,KOTAKBANK,DIVIDEND,,5.96,NSE
2025-10-20,2025-10-12,INE154A01025,ITC,SPLIT,2:3,,BSE
2025-10-22,2025-10-15,INE237A01028,KOTAKBANK,RIGHTS,2:3,,BSE
2025-11-07,2025-10-30,INE062A01020,SBIN,DIVIDEND,,15.93,RTA
2025-11-15,2025-11-07,INE238A01026,AXISBANK,SPLIT,3:5,,RTA
2025-11-03,2025-10-31,INE154A01025,ITC,MERGER,,,NSE
2025-09-26,2025-09-23,INE237A01028,KOTAKBANK,SPLIT,1:1,,RTA
2025-12-18,2025-12-11,INE018A01030,LT,DIVIDEND,,17.73,RTA
2025-11-17,2025-11-15,INE062A01020,SBIN,RIGHTS,3:5,,BSE
2025-11-11,2025-11-05,INE009A01021,INFY,RIGHTS,3:5,,NSE
2025-11-12,2025-11-04,INE155A01022,TATAMOTORS,RIGHTS,2:3,,BSE
2025-11-02,2025-10-25,INE062A01020,SBIN,BONUS,2:3,,RTA
2025-12-05,2025-11-26,INE018A01030,LT,SPLIT,1:2,,NSE
2025-11-23,2025-11-17,INE001A01036,HDFC,SPLIT,1:1,,BSE
2025-11-24,2025-11-20,INE009A01021,INFY,SPLIT,1:1,,BSE
2025-10-03,2025-09-27,INE002A01018,RELIANCE,RIGHTS,1:1,,NSE
2025-10-24,2025-10-15,INE001A01036,HDFC,SPLIT,1:1,,NSE
2025-09-22,2025-09-21,INE062A01020,SBIN,SPLIT,2:3,,RTA
2025-09-24,2025-09-16,INE238A01026,AXISBANK,RIGHTS,3:5,,RTA
2025-10-01,2025-09-21,INE062A01020,SBIN,MERGER,,,BSE
2025-10-20,2025-10-15,INE062A01020,SBIN,SPLIT,3:5,,BSE
2025-10-31,2025-10-26,INE018A01030,LT,SPLIT,1:2,,BSE
2025-11-21,2025-11-17,INE090A01021,ICICIBANK,BONUS,1:2,,RTA
2025-10-02,2025-09-25,INE062A01020,SBIN,SPLIT,1:2,,RTA
2025-11-24,2025-11-19,INE009A01021,INFY,BONUS,2:3,,NSE
2025-10-20,2025-10-16,INE238A01026,AXISBANK,DIVIDEND,,15.37,NSE
2025-09-28,2025-09-22,INE090A01021,ICICIBANK,BONUS,3:5,,NSE
2025-10-19,2025-10-18,INE238A01026,AXISBANK,SPLIT,1:2,,NSE
2025-12-21,2025-12-14,INE002A01018,RELIANCE,MERGER,,,BSE
2025-11-19,2025-11-10,INE237A01028,KOTAKBANK,BONUS,2:3,,NSE
2025-09-28,2025-09-26,INE090A01021,ICICIBANK,SPLIT,3:5,,NSE
2025-11-26,2025-11-19,INE237A01028,KOTAKBANK,RIGHTS,2:3,,BSE
2025-12-16,2025-12-13,INE238A01026,AXISBANK,DIVIDEND,,1.22,RTA
2025-10-31,2025-10-26,INE001A01036,HDFC,RIGHTS,3:5,,BSE
2025-11-03,2025-10-26,INE090A01021,ICICIBANK,MERGER,,,BSE
2025-10-26,2025-10-16,INE001A01036,HDFC,SPLIT,1:2,,RTA
2025-10-01,2025-09-27,INE154A01025,ITC,BONUS,1:1,,RTA
2025-11-11,2025-11-05,INE002A01018,RELIANCE,DIVIDEND,,4.01,NSE
2025-10-14,2025-10-10,INE009A01021,INFY,RIGHTS,1:2,,NSE
2025-12-07,2025-11-29,INE002A01018,RELIANCE,MERGER,,,NSE
2025-10-08,2025-10-01,INE001A01036,HDFC,MERGER,,,RTA
2025-10-16,2025-10-06,INE009A01021,INFY,BONUS,2:3,,BSE
2025-09-27,2025-09-20,INE009A01021,INFY,DIVIDEND,,1.37,NSE
2025-11-21,2025-11-17,INE237A01028,KOTAKBANK,RIGHTS,3:5,,RTA
2025-10-08,2025-10-02,INE238A01026,AXISBANK,BONUS,1:1,,RTA
2025-12-17,2025-12-15,INE018A01030,LT,DIVIDEND,,18.84,BSE
2025-12-21,2025-12-16,INE002A01018,RELIANCE,MERGER,,,BSE
2025-11-29,2025-11-26,INE018A01030,LT,DIVIDEND,,17.1,RTA
2025-11-03,2025-11-01,INE154A01025,ITC,SPLIT,1:2,,RTA
2025-10-06,2025-09-28,INE002A01018,RELIANCE,MERGER,,,BSE
2025-10-22,2025-10-19,INE155A01022,TATAMOTORS,RIGHTS,1:2,,RTA
2025-10-02,2025-10-01,INE238A01026,AXISBANK,DIVIDEND,,14.15,RTA
2025-12-19,2025-12-10,INE238A01026,AXISBANK,DIVIDEND,,17.91,NSE
2025-11-21,2025-11-13,INE155A01022,TATAMOTORS,RIGHTS,1:2,,NSE
2025-10-14,2025-10-06,INE018A01030,LT,BONUS,1:1,,NSE
2025-12-15,2025-12-08,INE238A01026,AXISBANK,BONUS,3:5,,RTA
2025-11-30,2025-11-26,INE001A01036,HDFC,SPLIT,3:5,,NSE
2025-12-25,2025-12-17,INE237A01028,KOTAKBANK,DIVIDEND,,14.5,BSE
2025-11-28,2025-11-25,INE154A01025,ITC,RIGHTS,1:2,,RTA
2025-11-30,2025-11-23,INE062A01020,SBIN,MERGER,,,BSE
2025-10-14,2025-10-10,INE062A01020,SBIN,DIVIDEND,,4.3,RTA
2025-11-21,2025-11-16,INE090A01021,ICICIBANK,DIVIDEND,,14.27,RTA
2025-11-20,2025-11-18,INE154A01025,ITC,BONUS,1:1,,RTA
2025-12-23,2025-12-14,INE002A01018,RELIANCE,MERGER,,,RTA
2025-11-20,2025-11-17,INE002A01018,RELIANCE,SPLIT,1:2,,RTA
2025-12-23,2025-12-18,INE018A01030,LT,RIGHTS,1:2,,RTA
2025-09-24,2025-09-22,INE018A01030,LT,DIVIDEND,,5.31,RTA
2025-10-01,2025-09-25,INE062A01020,SBIN,MERGER,,,RTA
2025-11-28,2025-11-27,INE237A01028,KOTAKBANK,DIVIDEND,,9.18,NSE
2025-10-10,2025-10-08,INE155A01022,TATAMOTORS,MERGER,,,RTA
2025-12-24,2025-12-20,INE062A01020,SBIN,MERGER,,,NSE
2025-12-03,2025-11-25,INE002A01018,RELIANCE,DIVIDEND,,13.42,RTA
2025-10-18,2025-10-10,INE238A01026,AXISBANK,SPLIT,1:1,,NSE
2025-12-01,2025-11-28,INE155A01022,TATAMOTORS,SPLIT,2:3,,BSE
2025-11-30,2025-11-25,INE062A01020,SBIN,DIVIDEND,,17.45,BSE
2025-10-23,2025-10-13,INE154A01025,ITC,DIVIDEND,,10.01,NSE
2025-12-04,2025-11-25,INE238A01026,AXISBANK,DIVIDEND,,10.7,NSE
2025-12-13,2025-12-03,INE155A01022,TATAMOTORS,MERGER,,,RTA
2025-11-02,2025-10-26,INE154A01025,ITC,RIGHTS,2:3,,NSE
2025-11-16,2025-11-08,INE238A01026,AXISBANK,SPLIT,1:1,,RTA
2025-11-17,2025-11-15,INE001A01036,HDFC,SPLIT,1:1,,RTA
2025-09-25,2025-09-22,INE237A01028,KOTAKBANK,RIGHTS,1:2,,RTA
2025-10-04,2025-09-27,INE154A01025,ITC,DIVIDEND,,18.88,RTA
2025-10-04,2025-09-30,INE238A01026,AXISBANK,RIGHTS,2:3,,RTA
2025-10-01,2025-09-27,INE154A01025,ITC,RIGHTS,3:5,,BSE
2025-11-08,2025-10-30,INE062A01020,SBIN,BONUS,2:3,,NSE
2025-12-19,2025-12-15,INE155A01022,TATAMOTORS,RIGHTS,2:3,,NSE
2025-11-04,2025-11-01,INE018A01030,LT,DIVIDEND,,19.93,BSE
2025-10-26,2025-10-22,INE155A01022,TATAMOTORS,RIGHTS,1:1,,BSE
2025-10-01,2025-09-25,INE062A01020,SBIN,RIGHTS,2:3,,BSE
2025-11-05,2025-10-31,INE238A01026,AXISBANK,DIVIDEND,,13.88,RTA
2025-10-02,2025-09-26,INE090A01021,ICICIBANK,SPLIT,1:1,,BSE
2025-11-06,2025-11-01,INE001A01036,HDFC,RIGHTS,1:2,,RTA
2025-10-09,2025-10-01,INE154A01025,ITC,RIGHTS,1:2,,RTA
2025-12-14,2025-12-06,INE002A01018,RELIANCE,BONUS,2:3,,NSE
2025-09-30,2025-09-25,INE154A01025,ITC,RIGHTS,2:3,,NSE
2025-12-08,2025-12-07,INE062A01020,SBIN,SPLIT,1:1,,NSE
2025-10-20,2025-10-17,INE009A01021,INFY,RIGHTS,1:2,,RTA
2025-12-18,2025-12-17,INE001A01036,HDFC,BONUS,1:2,,NSE
2025-10-24,2025-10-20,INE062A01020,SBIN,BONUS,1:2,,NSE
2025-11-09,2025-10-31,INE155A01022,TATAMOTORS,SPLIT,2:3,,BSE
2025-11-20,2025-11-14,INE018A01030,LT,BONUS,3:5,,BSE
2025-10-10,2025-10-06,INE018A01030,LT,DIVIDEND,,13.72,NSE
2025-12-13,2025-12-05,INE155A01022,TATAMOTORS,RIGHTS,3:5,,RTA
2025-11-25,2025-11-19,INE090A01021,ICICIBANK,RIGHTS,1:2,,RTA
2025-12-06,2025-11-28,INE238A01026,AXISBANK,BONUS,3:5,,NSE
2025-11-17,2025-11-14,INE001A01036,HDFC,MERGER,,,BSE
2025-10-03,2025-09-29,INE090A01021,ICICIBANK,DIVIDEND,,17.0,NSE
2025-10-07,2025-09-28,INE155A01022,TATAMOTORS,BONUS,1:2,,NSE
2025-11-19,2025-11-10,INE002A01018,RELIANCE,DIVIDEND,,18.11,BSE
2025-11-12,2025-11-06,INE002A01018,RELIANCE,RIGHTS,1:1,,NSE
2025-10-25,2025-10-18,INE062A01020,SBIN,SPLIT,1:1,,NSE
2025-12-08,2025-12-07,INE002A01018,RELIANCE,SPLIT,3:5,,RTA
2025-11-01,2025-10-28,INE062A01020,SBIN,RIGHTS,2:3,,NSE
2025-11-15,2025-11-11,INE001A01036,HDFC,RIGHTS,2:3,,NSE
2025-11-21,2025-11-12,INE238A01026,AXISBANK,RIGHTS,1:2,,NSE
2025-12-19,2025-12-12,INE238A01026,AXISBANK,SPLIT,2:3,,RTA
2025-09-28,2025-09-23,INE154A01025,ITC,RIGHTS,3:5,,BSE
2025-12-24,2025-12-14,INE001A01036,HDFC,MERGER,,,BSE
2025-10-19,2025-10-09,INE062A01020,SBIN,RIGHTS,3:5,,NSE
2025-10-10,2025-10-05,INE155A01022,TATAMOTORS,BONUS,1:1,,BSE
2025-12-14,2025-12-11,INE155A01022,TATAMOTORS,MERGER,,,BSE
2025-10-16,2025-10-10,INE002A01018,RELIANCE,RIGHTS,1:1,,BSE
2025-10-28,2025-10-20,INE002A01018,RELIANCE,DIVIDEND,,12.52,RTA
2025-12-05,2025-11-27,INE062A01020,SBIN,MERGER,,,RTA
2025-10-26,2025-10-22,INE009A01021,INFY,SPLIT,2:3,,NSE
2025-11-17,2025-11-10,INE237A01028,KOTAKBANK,DIVIDEND,,14.55,RTA
2025-09-26,2025-09-23,INE090A01021,ICICIBANK,DIVIDEND,,10.46,NSE
2025-11-15,2025-11-12,INE090A01021,ICICIBANK,MERGER,,,RTA
2025-12-11,2025-12-05,INE154A01025,ITC,BONUS,1:1,,RTA
2025-10-12,2025-10-10,INE009A01021,INFY,SPLIT,3:5,,RTA
2025-09-22,2025-09-12,INE062A01020,SBIN,RIGHTS,3:5,,BSE
2025-10-19,2025-10-16,INE002A01018,RELIANCE,MERGER,,,BSE
2025-10-11,2025-10-07,INE237A01028,KOTAKBANK,SPLIT,2:3,,NSE
2025-12-18,2025-12-12,INE002A01018,RELIANCE,SPLIT,1:2,,BSE
2025-11-14,2025-11-10,INE155A01022,TATAMOTORS,SPLIT,2:3,,BSE
2025-10-24,2025-10-21,INE018A01030,LT,RIGHTS,1:1,,BSE
2025-10-30,2025-10-28,INE237A01028,KOTAKBANK,MERGER,,,NSE
2025-12-23,2025-12-17,INE154A01025,ITC,SPLIT,1:1,,BSE
2025-11-26,2025-11-17,INE009A01021,INFY,DIVIDEND,,15.69,RTA
2025-11-11,2025-11-04,INE155A01022,TATAMOTORS,BONUS,1:2,,RTA
2025-12-07,2025-12-05,INE090A01021,ICICIBANK,SPLIT,1:1,,BSE
2025-10-31,2025-10-21,INE001A01036,HDFC,SPLIT,3:5,,NSE
2025-09-21,2025-09-13,INE002A01018,RELIANCE,MERGER,,,BSE
2025-12-05,2025-12-04,INE002A01018,RELIANCE,BONUS,1:2,,BSE
2025-10-01,2025-09-25,INE237A01028,KOTAKBANK,SPLIT,1:2,,BSE
2025-11-22,2025-11-20,INE009A01021,INFY,SPLIT,3:5,,RTA
2025-12-25,2025-12-23,INE155A01022,TATAMOTORS,SPLIT,1:1,,RTA
2025-09-30,2025-09-22,INE237A01028,KOTAKBANK,BONUS,2:3,,NSE
2025-12-17,2025-12-07,INE009A01021,INFY,MERGER,,,NSE
2025-11-01,2025-10-26,INE018A01030,LT,RIGHTS,1:2,,RTA
2025-10-02,2025-09-25,INE009A01021,INFY,SPLIT,2:3,,NSE
2025-10-21,2025-10-17,INE001A01036,HDFC,DIVIDEND,,11.4,NSE
2025-10-14,2025-10-08,INE062A01020,SBIN,BONUS,1:2,,BSE
2025-11-06,2025-10-29,INE154A01025,ITC,SPLIT,3:5,,NSE
2025-09-23,2025-09-20,INE154A01025,ITC,RIGHTS,3:5,,NSE
2025-12-01,2025-11-25,INE155A01022,TATAMOTORS,RIGHTS,1:1,,BSE
2025-10-21,2025-10-14,INE090A01021,ICICIBANK,RIGHTS,1:2,,BSE
2025-10-20,2025-10-18,INE002A01018,RELIANCE,DIVIDEND,,17.97,BSE
2025-11-26,2025-11-23,INE002A01018,RELIANCE,RIGHTS,1:1,,RTA
2025-12-24,2025-12-18,INE090A01021,ICICIBANK,MERGER,,,RTA
2025-11-01,2025-10-22,INE154A01025,ITC,SPLIT,3:5,,NSE
2025-12-19,2025-12-16,INE001A01036,HDFC,SPLIT,1:2,,NSE
2025-10-16,2025-10-06,INE018A01030,LT,MERGER,,,BSE
2025-11-16,2025-11-15,INE062A01020,SBIN,SPLIT,3:5,,BSE
2025-12-26,2025-12-25,INE238A01026,AXISBANK,RIGHTS,2:3,,BSE
2025-10-15,2025-10-06,INE237A01028,KOTAKBANK,BONUS,1:1,,RTA
2025-11-13,2025-11-06,INE154A01025,ITC,BONUS,1:1,,RTA
2025-10-29,2025-10-23,INE002A01018,RELIANCE,MERGER,,,NSE
2025-11-10,2025-11-02,INE090A01021,ICICIBANK,BONUS,1:1,,NSE
2025-10-03,2025-09-24,INE238A01026,AXISBANK,SPLIT,3:5,,NSE
2025-12-10,2025-12-03,INE062A01020,SBIN,MERGER,,,RTA
2025-10-26,2025-10-18,INE018A01030,LT,SPLIT,3:5,,BSE
2025-10-25,2025-10-16,INE062A01020,SBIN,BONUS,2:3,,BSE
2025-10-25,2025-10-17,INE062A01020,SBIN,MERGER,,,NSE
2025-10-24,2025-10-18,INE009A01021,INFY,DIVIDEND,,19.14,NSE
2025-11-24,2025-11-23,INE238A01026,AXISBANK,SPLIT,3:5,,RTA
2025-10-04,2025-09-26,INE154A01025,ITC,SPLIT,2:3,,BSE
2025-10-12,2025-10-08,INE155A01022,TATAMOTORS,DIVIDEND,,8.93,BSE
2025-10-09,2025-10-04,INE062A01020,SBIN,SPLIT,2:3,,BSE
2025-10-09,2025-10-03,INE018A01030,LT,SPLIT,2:3,,BSE
2025-12-13,2025-12-08,INE001A01036,HDFC,DIVIDEND,,18.75,RTA
2025-09-30,2025-09-26,INE009A01021,INFY,RIGHTS,1:2,,RTA
2025-10-06,2025-09-27,INE018A01030,LT,BONUS,1:2,,RTA
2025-12-24,2025-12-15,INE155A01022,TATAMOTORS,SPLIT,1:2,,BSE
2025-10-13,2025-10-09,INE090A01021,ICICIBANK,SPLIT,2:3,,RTA
2025-09-30,2025-09-26,INE238A01026,AXISBANK,BONUS,3:5,,RTA
2025-12-08,2025-11-28,INE001A01036,HDFC,DIVIDEND,,3.94,NSE
2025-12-22,2025-12-19,INE062A01020,SBIN,SPLIT,3:5,,NSE
2025-10-25,2025-10-18,INE001A01036,HDFC,MERGER,,,BSE
2025-10-25,2025-10-24,INE018A01030,LT,DIVIDEND,,8.02,NSE
2025-10-15,2025-10-09,INE018A01030,LT,BONUS,1:2,,RTA
2025-12-13,2025-12-03,INE090A01021,ICICIBANK,DIVIDEND,,13.93,NSE
2025-11-24,2025-11-15,INE002A01018,RELIANCE,SPLIT,3:5,,RTA
2025-10-20,2025-10-10,INE062A01020,SBIN,BONUS,1:2,,NSE
2025-10-25,2025-10-15,INE002A01018,RELIANCE,MERGER,,,RTA
2025-11-20,2025-11-19,INE154A01025,ITC,MERGER,,,RTA
2025-09-24,2025-09-23,INE090A01021,ICICIBANK,MERGER,,,BSE
2025-12-08,2025-11-30,INE154A01025,ITC,BONUS,1:1,,RTA
2025-12-22,2025-12-12,INE018A01030,LT,BONUS,1:2,,BSE
2025-12-13,2025-12-04,INE018A01030,LT,MERGER,,,RTA
2025-11-07,2025-11-05,INE090A01021,ICICIBANK,MERGER,,,RTA
2025-10-18,2025-10-08,INE001A01036,HDFC,BONUS,1:2,,BSE
2025-12-06,2025-12-01,INE155A01022,TATAMOTORS,SPLIT,1:1,,BSE
2025-10-04,2025-09-29,INE002A01018,RELIANCE,SPLIT,2:3,,RTA
2025-11-15,2025-11-07,INE155A01022,TATAMOTORS,SPLIT,1:1,,NSE
2025-11-24,2025-11-15,INE002A01018,RELIANCE,BONUS,1:1,,NSE
2025-10-26,2025-10-23,INE001A01036,HDFC,SPLIT,2:3,,BSE
2025-12-25,2025-12-21,INE237A01028,KOTAKBANK,MERGER,,,RTA
2025-10-15,2025-10-07,INE009A01021,INFY,RIGHTS,2:3,,RTA
2025-10-09,2025-10-07,INE154A01025,ITC,SPLIT,1:2,,RTA
2025-12-19,2025-12-11,INE237A01028,KOTAKBANK,DIVIDEND,,13.96,NSE
2025-11-07,2025-10-31,INE090A01021,ICICIBANK,SPLIT,1:1,,NSE
2025-09-25,2025-09-15,INE062A01020,SBIN,RIGHTS,1:1,,RTA
2025-12-25,2025-12-15,INE018A01030,LT,BONUS,3:5,,NSE
2025-10-14,2025-10-07,INE237A01028,KOTAKBANK,MERGER,,,RTA
2025-09-22,2025-09-13,INE001A01036,HDFC,SPLIT,3:5,,RTA
2025-10-14,2025-10-06,INE002A01018,RELIANCE,RIGHTS,1:1,,BSE
2025-09-30,2025-09-26,INE155A01022,TATAMOTORS,RIGHTS,3:5,,NSE
2025-12-04,2025-11-24,INE090A01021,ICICIBANK,SPLIT,3:5,,RTA
2025-12-19,2025-12-14,INE002A01018,RELIANCE,MERGER,,,RTA
2025-11-08,2025-11-02,INE237A01028,KOTAKBANK,MERGER,,,RTA
2025-11-22,2025-11-19,INE062A01020,SBIN,MERGER,,,NSE
2025-10-12,2025-10-07,INE001A01036,HDFC,BONUS,1:1,,BSE
2025-10-22,2025-10-16,INE018A01030,LT,SPLIT,2:3,,NSE
2025-11-23,2025-11-17,INE001A01036,HDFC,MERGER,,,NSE
2025-09-21,2025-09-16,INE238A01026,AXISBANK,SPLIT,2:3,,BSE
2025-11-16,2025-11-14,INE062A01020,SBIN,BONUS,3:5,,NSE
2025-11-29,2025-11-20,INE002A01018,RELIANCE,RIGHTS,3:5,,RTA
2025-11-09,2025-10-31,INE001A01036,HDFC,BONUS,1:1,,RTA
2025-11-25,2025-11-22,INE155A01022,TATAMOTORS,BONUS,2:3,,BSE
2025-10-19,2025-10-17,INE237A01028,KOTAKBANK,SPLIT,1:1,,NSE
2025-11-25,2025-11-18,INE018A01030,LT,RIGHTS,1:1,,NSE
2025-09-29,2025-09-22,INE018A01030,LT,MERGER,,,RTA
2025-12-17,2025-12-15,INE002A01018,RELIANCE,RIGHTS,1:1,,BSE
2025-12-15,2025-12-12,INE237A01028,KOTAKBANK,DIVIDEND,,3.05,NSE
2025-09-28,2025-09-22,INE062A01020,SBIN,RIGHTS,3:5,,NSE
2025-12-10,2025-12-03,INE237A01028,KOTAKBANK,RIGHTS,1:1,,RTA
2025-12-02,2025-11-27,INE154A01025,ITC,SPLIT,3:5,,BSE
2025-12-17,2025-12-07,INE238A01026,AXISBANK,RIGHTS,1:2,,RTA
2025-11-27,2025-11-21,INE154A01025,ITC,DIVIDEND,,17.2,NSE
2025-10-01,2025-09-27,INE154A01025,ITC,DIVIDEND,,18.51,NSE
2025-09-23,2025-09-15,INE018A01030,LT,MERGER,,,RTA
2025-10-11,2025-10-02,INE090A01021,ICICIBANK,DIVIDEND,,10.66,NSE
2025-10-15,2025-10-08,INE002A01018,RELIANCE,MERGER,,,BSE
2025-09-21,2025-09-14,INE009A01021,INFY,MERGER,,,BSE
2025-10-06,2025-10-04,INE155A01022,TATAMOTORS,RIGHTS,1:1,,NSE
2025-10-11,2025-10-01,INE237A01028,KOTAKBANK,MERGER,,,BSE
2025-10-09,2025-10-05,INE002A01018,RELIANCE,BONUS,2:3,,BSE
2025-10-23,2025-10-18,INE018A01030,LT,DIVIDEND,,10.27,RTA
2025-10-17,2025-10-10,INE154A01025,ITC,SPLIT,3:5,,BSE
2025-11-22,2025-11-21,INE237A01028,KOTAKBANK,BONUS,2:3,,NSE
2025-12-24,2025-12-15,INE090A01021,ICICIBANK,DIVIDEND,,7.89,RTA
2025-10-08,2025-10-07,INE237A01028,KOTAKBANK,BONUS,3:5,,BSE
2025-11-16,2025-11-07,INE018A01030,LT,SPLIT,3:5,,BSE
2025-11-11,2025-11-01,INE154A01025,ITC,DIVIDEND,,9.35,NSE
2025-11-21,2025-11-15,INE154A01025,ITC,MERGER,,,RTA
2025-12-15,2025-12-14,INE237A01028,KOTAKBANK,RIGHTS,3:5,,BSE
2025-12-23,2025-12-14,INE237A01028,KOTAKBANK,MERGER,,,RTA
2025-12-23,2025-12-15,INE238A01026,AXISBANK,SPLIT,1:1,,RTA
2025-10-30,2025-10-23,INE237A01028,KOTAKBANK,BONUS,2:3,,NSE
2025-11-24,2025-11-20,INE018A01030,LT,SPLIT,1:2,,NSE
2025-12-22,2025-12-21,INE238A01026,AXISBANK,DIVIDEND,,3.45,BSE
2025-10-13,2025-10-03,INE090A01021,ICICIBANK,MERGER,,,NSE
2025-12-10,2025-11-30,INE062A01020,SBIN,DIVIDEND,,2.37,NSE
2025-12-23,2025-12-13,INE018A01030,LT,SPLIT,2:3,,NSE
2025-12-25,2025-12-16,INE154A01025,ITC,MERGER,,,BSE
2025-10-25,2025-10-21,INE154A01025,ITC,BONUS,1:1,,NSE
2025-12-18,2025-12-08,INE090A01021,ICICIBANK,DIVIDEND,,2.44,NSE
2025-12-16,2025-12-08,INE154A01025,ITC,DIVIDEND,,1.76,BSE
2025-09-25,2025-09-23,INE237A01028,KOTAKBANK,MERGER,,,NSE
2025-12-23,2025-12-15,INE237A01028,KOTAKBANK,MERGER,,,NSE
2025-11-22,2025-11-21,INE002A01018,RELIANCE,BONUS,1:2,,NSE
2025-12-05,2025-11-30,INE018A01030,LT,BONUS,2:3,,BSE
2025-10-11,2025-10-03,INE090A01021,ICICIBANK,DIVIDEND,,8.82,NSE
2025-10-31,2025-10-24,INE154A01025,ITC,DIVIDEND,,14.81,RTA
2025-12-13,2025-12-11,INE002A01018,RELIANCE,RIGHTS,1:2,,NSE
2025-10-15,2025-10-14,INE001A01036,HDFC,MERGER,,,BSE
2025-12-09,2025-12-01,INE062A01020,SBIN,SPLIT,3:5,,RTA
2025-12-12,2025-12-05,INE001A01036,HDFC,BONUS,1:1,,RTA
2025-11-14,2025-11-10,INE009A01021,INFY,DIVIDEND,,18.65,RTA
2025-10-24,2025-10-16,INE238A01026,AXISBANK,MERGER,,,BSE
2025-09-29,2025-09-26,INE009A01021,INFY,RIGHTS,1:1,,BSE
2025-10-28,2025-10-27,INE009A01021,INFY,BONUS,1:2,,NSE
2025-10-18,2025-10-09,INE009A01021,INFY,BONUS,2:3,,NSE
2025-11-03,2025-10-29,INE238A01026,AXISBANK,MERGER,,,RTA
2025-11-26,2025-11-23,INE155A01022,TATAMOTORS,BONUS,1:1,,NSE
2025-12-03,2025-11-26,INE018A01030,LT,SPLIT,3:5,,BSE
2025-12-26,2025-12-22,INE009A01021,INFY,MERGER,,,RTA
2025-10-14,2025-10-09,INE018A01030,LT,DIVIDEND,,6.33,BSE
2025-11-17,2025-11-07,INE090A01021,ICICIBANK,MERGER,,,BSE
2025-09-28,2025-09-23,INE018A01030,LT,DIVIDEND,,13.29,BSE
2025-12-13,2025-12-10,INE155A01022,TATAMOTORS,BONUS,1:2,,RTA
2025-10-17,2025-10-13,INE155A01022,TATAMOTORS,SPLIT,1:2,,RTA
2025-09-27,2025-09-20,INE154A01025,ITC,DIVIDEND,,14.3,BSE
2025-12-26,2025-12-17,INE238A01026,AXISBANK,RIGHTS,1:1,,BSE
2025-12-23,2025-12-16,INE154A01025,ITC,MERGER,,,NSE
2025-10-04,2025-09-25,INE238A01026,AXISBANK,SPLIT,3:5,,RTA
2025-11-23,2025-11-13,INE018A01030,LT,SPLIT,2:3,,RTA
2025-09-28,2025-09-22,INE018A01030,LT,RIGHTS,3:5,,NSE
2025-11-28,2025-11-18,INE001A01036,HDFC,BONUS,1:1,,NSE
2025-12-25,2025-12-23,INE018A01030,LT,MERGER,,,RTA
2025-12-06,2025-12-01,INE154A01025,ITC,BONUS,1:2,,RTA
2025-09-23,2025-09-21,INE002A01018,RELIANCE,MERGER,,,RTA
2025-12-16,2025-12-07,INE018A01030,LT,MERGER,,,NSE
2025-12-20,2025-12-14,INE062A01020,SBIN,MERGER,,,NSE
2025-11-14,2025-11-10,INE238A01026,AXISBANK,DIVIDEND,,18.38,BSE
2025-10-10,2025-10-09,INE238A01026,AXISBANK,BONUS,1:2,,BSE
2025-12-10,2025-12-06,INE009A01021,INFY,RIGHTS,1:1,,BSE
2025-09-24,2025-09-16,INE062A01020,SBIN,DIVIDEND,,1.13,RTA
2025-11-09,2025-11-05,INE062A01020,SBIN,DIVIDEND,,6.76,RTA
2025-11-07,2025-10-31,INE009A01021,INFY,DIVIDEND,,1.33,NSE
2025-12-23,2025-12-22,INE154A01025,ITC,BONUS,1:2,,NSE
2025-10-03,2025-09-27,INE238A01026,AXISBANK,RIGHTS,1:2,,NSE
2025-10-20,2025-10-15,INE002A01018,RELIANCE,SPLIT,1:2,,RTA
2025-11-20,2025-11-19,INE090A01021,ICICIBANK,MERGER,,,BSE
2025-11-26,2025-11-21,INE009A01021,INFY,RIGHTS,2:3,,BSE
2025-11-16,2025-11-14,INE237A01028,KOTAKBANK,MERGER,,,RTA
2025-11-15,2025-11-10,INE002A01018,RELIANCE,SPLIT,3:5,,RTA
2025-12-04,2025-11-26,INE090A01021,ICICIBANK,BONUS,1:2,,BSE
2025-12-20,2025-12-14,INE154A01025,ITC,BONUS,2:3,,NSE
2025-10-23,2025-10-22,INE009A01021,INFY,MERGER,,,RTA
2025-12-23,2025-12-16,INE002A01018,RELIANCE,MERGER,,,RTA
2025-09-26,2025-09-25,INE155A01022,TATAMOTORS,RIGHTS,1:1,,RTA
2025-12-12,2025-12-10,INE002A01018,RELIANCE,BONUS,1:2,,BSE
2025-12-22,2025-12-17,INE238A01026,AXISBANK,MERGER,,,BSE
2025-11-26,2025-11-23,INE002A01018,RELIANCE,BONUS,1:1,,RTA
2025-12-20,2025-12-19,INE018A01030,LT,BONUS,1:2,,NSE
2025-11-24,2025-11-23,INE155A01022,TATAMOTORS,DIVIDEND,,6.25,BSE
2025-09-21,2025-09-11,INE090A01021,ICICIBANK,RIGHTS,1:2,,NSE
2025-10-20,2025-10-13,INE155A01022,TATAMOTORS,RIGHTS,2:3,,BSE
2025-12-04,2025-11-29,INE002A01018,RELIANCE,RIGHTS,1:1,,RTA
2025-12-17,2025-12-11,INE062A01020,SBIN,SPLIT,1:2,,RTA
2025-10-30,2025-10-29,INE154A01025,ITC,BONUS,3:5,,BSE
2025-12-20,2025-12-19,INE002A01018,RELIANCE,MERGER,,,BSE
2025-12-02,2025-12-01,INE154A01025,ITC,RIGHTS,2:3,,RTA
2025-10-27,2025-10-19,INE018A01030,LT,DIVIDEND,,11.61,BSE
2025-11-20,2025-11-11,INE237A01028,KOTAKBANK,DIVIDEND,,8.09,NSE
2025-10-01,2025-09-23,INE237A01028,KOTAKBANK,RIGHTS,3:5,,RTA
2025-10-18,2025-10-13,INE155A01022,TATAMOTORS,RIGHTS,2:3,,NSE
2025-10-04,2025-10-01,INE155A01022,TATAMOTORS,BONUS,2:3,,NSE
2025-11-03,2025-10-27,INE009A01021,INFY,SPLIT,1:1,,NSE
2025-11-06,2025-11-02,INE154A01025,ITC,SPLIT,1:1,,BSE
2025-10-11,2025-10-05,INE001A01036,HDFC,BONUS,2:3,,NSE
2025-09-26,2025-09-17,INE237A01028,KOTAKBANK,SPLIT,1:2,,BSE
2025-10-24,2025-10-17,INE154A01025,ITC,SPLIT,2:3,,BSE
2025-10-08,2025-10-07,INE018A01030,LT,DIVIDEND,,14.17,RTA
2025-10-31,2025-10-30,INE018A01030,LT,DIVIDEND,,7.83,RTA
2025-11-05,2025-11-02,INE237A01028,KOTAKBANK,DIVIDEND,,17.4,BSE
2025-12-06,2025-11-27,INE154A01025,ITC,BONUS,3:5,,BSE
2025-12-06,2025-12-04,INE090A01021,ICICIBANK,SPLIT,1:2,,RTA
2025-10-29,2025-10-20,INE154A01025,ITC,SPLIT,3:5,,RTA
2025-12-14,2025-12-07,INE002A01018,RELIANCE,MERGER,,,NSE
2025-11-05,2025-11-02,INE154A01025,ITC,BONUS,2:3,,BSE
2025-10-04,2025-10-01,INE062A01020,SBIN,BONUS,2:3,,RTA
2025-11-10,2025-11-01,INE001A01036,HDFC,SPLIT,2:3,,BSE
2025-10-10,2025-10-03,INE002A01018,RELIANCE,RIGHTS,2:3,,RTA
2025-11-02,2025-10-30,INE018A01030,LT,MERGER,,,BSE
2025-11-22,2025-11-15,INE002A01018,RELIANCE,BONUS,1:2,,NSE
2025-10-29,2025-10-26,INE154A01025,ITC,SPLIT,3:5,,NSE
2025-12-02,2025-11-25,INE001A01036,HDFC,MERGER,,,BSE
2025-11-26,2025-11-25,INE018A01030,LT,RIGHTS,1:1,,NSE
2025-11-07,2025-11-01,INE009A01021,INFY,RIGHTS,3:5,,RTA
2025-10-12,2025-10-08,INE155A01022,TATAMOTORS,MERGER,,,NSE
2025-11-24,2025-11-17,INE018A01030,LT,MERGER,,,NSE
2025-11-20,2025-11-16,INE237A01028,KOTAKBANK,SPLIT,2:3,,NSE
2025-11-27,2025-11-26,INE155A01022,TATAMOTORS,RIGHTS,1:2,,RTA
2025-12-05,2025-12-04,INE237A01028,KOTAKBANK,RIGHTS,3:5,,RTA
2025-11-28,2025-11-20,INE009A01021,INFY,SPLIT,1:1,,NSE
2025-10-10,2025-10-09,INE154A01025,ITC,RIGHTS,2:3,,RTA
2025-10-13,2025-10-10,INE002A01018,RELIANCE,RIGHTS,3:5,,NSE
2025-10-24,2025-10-21,INE062A01020,SBIN,MERGER,,,NSE
2025-10-06,2025-10-05,INE090A01021,ICICIBANK,SPLIT,1:2,,NSE
2025-11-19,2025-11-16,INE237A01028,KOTAKBANK,MERGER,,,NSE
2025-10-24,2025-10-21,INE062A01020,SBIN,MERGER,,,NSE
2025-11-12,2025-11-07,INE238A01026,AXISBANK,MERGER,,,RTA
2025-12-13,2025-12-04,INE154A01025,ITC,SPLIT,2:3,,BSE
2025-11-25,2025-11-22,INE154A01025,ITC,BONUS,1:2,,NSE
2025-11-29,2025-11-28,INE154A01025,ITC,SPLIT,1:2,,BSE
2025-11-03,2025-10-25,INE001A01036,HDFC,BONUS,1:2,,RTA
2025-11-05,2025-10-31,INE002A01018,RELIANCE,RIGHTS,3:5,,RTA
2025-09-23,2025-09-16,INE009A01021,INFY,SPLIT,2:3,,RTA
2025-12-13,2025-12-05,INE155A01022,TATAMOTORS,BONUS,2:3,,BSE
2025-12-26,2025-12-22,INE237A01028,KOTAKBANK,RIGHTS,1:2,,NSE
2025-09-28,2025-09-24,INE009A01021,INFY,MERGER,,,BSE
2025-10-07,2025-09-30,INE155A01022,TATAMOTORS,SPLIT,1:1,,NSE
2025-10-06,2025-10-02,INE009A01021,INFY,MERGER,,,NSE
2025-11-22,2025-11-12,INE155A01022,TATAMOTORS,RIGHTS,3:5,,RTA
2025-12-09,2025-12-02,INE238A01026,AXISBANK,MERGER,,,BSE
2025-11-10,2025-11-07,INE154A01025,ITC,DIVIDEND,,3.92,BSE
2025-10-11,2025-10-09,INE238A01026,AXISBANK,DIVIDEND,,8.41,BSE
2025-11-09,2025-11-02,INE154A01025,ITC,BONUS,2:3,,BSE
2025-12-14,2025-12-11,INE009A01021,INFY,DIVIDEND,,1.48,RTA
2025-11-24,2025-11-15,INE155A01022,TATAMOTORS,SPLIT,1:2,,NSE
2025-11-25,2025-11-19,INE018A01030,LT,RIGHTS,2:3,,NSE
2025-09-21,2025-09-14,INE154A01025,ITC,BONUS,2:3,,RTA
2025-11-27,2025-11-22,INE090A01021,ICICIBANK,MERGER,,,RTA
2025-10-16,2025-10-13,INE062A01020,SBIN,SPLIT,1:1,,RTA
2025-11-03,2025-10-31,INE238A01026,AXISBANK,DIVIDEND,,6.29,BSE
2025-12-10,2025-12-08,INE009A01021,INFY,BONUS,2:3,,RTA
2025-12-13,2025-12-07,INE009A01021,INFY,BONUS,1:2,,NSE
2025-11-05,2025-10-26,INE062A01020,SBIN,DIVIDEND,,8.73,NSE
2025-12-14,2025-12-07,INE009A01021,INFY,RIGHTS,1:2,,NSE
2025-10-21,2025-10-15,INE090A01021,ICICIBANK,SPLIT,2:3,,BSE
2025-09-21,2025-09-14,INE090A01021,ICICIBANK,BONUS,1:1,,RTA
2025-10-14,2025-10-04,INE002A01018,RELIANCE,SPLIT,2:3,,NSE
2025-12-13,2025-12-04,INE090A01021,ICICIBANK,SPLIT,2:3,,BSE
2025-10-25,2025-10-18,INE062A01020,SBIN,SPLIT,3:5,,NSE
2025-12-04,2025-11-30,INE018A01030,LT,DIVIDEND,,19.71,BSE
2025-11-01,2025-10-27,INE154A01025,ITC,RIGHTS,2:3,,RTA
2025-09-25,2025-09-19,INE018A01030,LT,MERGER,,,RTA
2025-12-19,2025-12-17,INE018A01030,LT,SPLIT,1:2,,RTA
2025-10-15,2025-10-07,INE090A01021,ICICIBANK,BONUS,1:1,,RTA
2025-10-06,2025-10-03,INE090A01021,ICICIBANK,SPLIT,1:2,,NSE
2025-10-13,2025-10-11,INE155A01022,TATAMOTORS,MERGER,,,BSE
2025-10-14,2025-10-08,INE018A01030,LT,MERGER,,,BSE
2025-12-21,2025-12-18,INE154A01025,ITC,DIVIDEND,,15.68,NSE
2025-11-14,2025-11-08,INE062A01020,SBIN,RIGHTS,2:3,,RTA
2025-11-08,2025-11-05,INE090A01021,ICICIBANK,SPLIT,1:2,,NSE
2025-12-16,2025-12-08,INE009A01021,INFY,MERGER,,,NSE
2025-12-06,2025-12-02,INE090A01021,ICICIBANK,DIVIDEND,,1.68,RTA
2025-12-06,2025-12-01,INE018A01030,LT,SPLIT,2:3,,BSE
2025-11-17,2025-11-10,INE090A01021,ICICIBANK,MERGER,,,RTA
2025-10-10,2025-10-01,INE238A01026,AXISBANK,MERGER,,,RTA
2025-12-14,2025-12-11,INE090A01021,ICICIBANK,MERGER,,,NSE
2025-10-21,2025-10-20,INE154A01025,ITC,MERGER,,,BSE
2025-10-16,2025-10-11,INE090A01021,ICICIBANK,RIGHTS,1:1,,NSE
2025-11-20,2025-11-10,INE238A01026,AXISBANK,SPLIT,2:3,,RTA
2025-12-09,2025-12-02,INE237A01028,KOTAKBANK,SPLIT,1:1,,BSE
2025-11-28,2025-11-27,INE090A01021,ICICIBANK,MERGER,,,BSE
2025-10-28,2025-10-20,INE090A01021,ICICIBANK,MERGER,,,BSE
2025-10-01,2025-09-26,INE155A01022,TATAMOTORS,SPLIT,2:3,,NSE
2025-11-22,2025-11-20,INE001A01036,HDFC,MERGER,,,RTA
2025-10-18,2025-10-17,INE237A01028,KOTAKBANK,RIGHTS,3:5,,NSE
2025-10-21,2025-10-19,INE090A01021,ICICIBANK,MERGER,,,NSE
2025-11-06,2025-11-05,INE237A01028,KOTAKBANK,SPLIT,1:2,,NSE
2025-12-12,2025-12-10,INE237A01028,KOTAKBANK,RIGHTS,2:3,,RTA
2025-11-16,2025-11-15,INE238A01026,AXISBANK,MERGER,,,RTA
2025-12-24,2025-12-16,INE155A01022,TATAMOTORS,MERGER,,,NSE
2025-11-28,2025-11-23,INE018A01030,LT,SPLIT,3:5,,NSE
2025-12-05,2025-11-28,INE237A01028,KOTAKBANK,RIGHTS,1:1,,BSE
2025-10-15,2025-10-13,INE018A01030,LT,SPLIT,1:2,,BSE
2025-11-21,2025-11-15,INE009A01021,INFY,MERGER,,,NSE
2025-11-22,2025-11-16,INE001A01036,HDFC,SPLIT,3:5,,NSE
2025-11-29,2025-11-22,INE001A01036,HDFC,DIVIDEND,,16.21,NSE
2025-11-24,2025-11-23,INE018A01030,LT,DIVIDEND,,1.3,NSE
2025-09-22,2025-09-21,INE018A01030,LT,BONUS,1:1,,NSE
2025-11-26,2025-11-24,INE238A01026,AXISBANK,BONUS,2:3,,BSE
2025-11-04,2025-10-29,INE155A01022,TATAMOTORS,DIVIDEND,,3.64,NSE
2025-10-26,2025-10-24,INE001A01036,HDFC,RIGHTS,3:5,,BSE
2025-11-17,2025-11-14,INE154A01025,ITC,BONUS,1:1,,RTA
2025-11-22,2025-11-14,INE002A01018,RELIANCE,BONUS,3:5,,BSE
2025-11-04,2025-11-03,INE009A01021,INFY,RIGHTS,2:3,,BSE
2025-12-23,2025-12-13,INE002A01018,RELIANCE,SPLIT,1:2,,RTA
2025-11-20,2025-11-10,INE001A01036,HDFC,BONUS,3:5,,NSE
2025-11-09,2025-10-31,INE155A01022,TATAMOTORS,DIVIDEND,,2.91,BSE
2025-09-25,2025-09-21,INE018A01030,LT,SPLIT,1:1,,BSE
2025-10-12,2025-10-03,INE090A01021,ICICIBANK,MERGER,,,BSE
2025-11-11,2025-11-06,INE155A01022,TATAMOTORS,MERGER,,,BSE
2025-12-26,2025-12-18,INE238A01026,AXISBANK,MERGER,,,NSE
2025-11-01,2025-10-23,INE154A01025,ITC,RIGHTS,1:1,,RTA
2025-10-11,2025-10-05,INE238A01026,AXISBANK,DIVIDEND,,8.46,BSE
2025-10-19,2025-10-14,INE002A01018,RELIANCE,MERGER,,,RTA
2025-12-10,2025-12-05,INE002A01018,RELIANCE,BONUS,1:1,,NSE
2025-12-10,2025-12-08,INE155A01022,TATAMOTORS,SPLIT,1:2,,NSE
2025-12-18,2025-12-17,INE238A01026,AXISBANK,SPLIT,2:3,,BSE
2025-11-07,2025-10-30,INE238A01026,AXISBANK,SPLIT,2:3,,RTA
2025-10-12,2025-10-11,INE154A01025,ITC,BONUS,1:2,,RTA
2025-11-04,2025-11-03,INE090A01021,ICICIBANK,RIGHTS,1:1,,RTA
2025-12-26,2025-12-23,INE154A01025,ITC,SPLIT,1:2,,BSE
2025-09-23,2025-09-20,INE001A01036,HDFC,SPLIT,2:3,,RTA
2025-10-07,2025-10-06,INE090A01021,ICICIBANK,SPLIT,2:3,,BSE
2025-11-13,2025-11-10,INE009A01021,INFY,BONUS,1:2,,BSE
2025-09-29,2025-09-25,INE009A01021,INFY,DIVIDEND,,19.93,RTA
2025-09-26,2025-09-23,INE238A01026,AXISBANK,DIVIDEND,,19.15,RTA
2025-12-03,2025-11-28,INE009A01021,INFY,BONUS,1:2,,RTA
2025-12-18,2025-12-14,INE238A01026,AXISBANK,DIVIDEND,,14.47,RTA
2025-12-07,2025-11-27,INE009A01021,INFY,RIGHTS,2:3,,BSE
2025-11-07,2025-10-29,INE009A01021,INFY,MERGER,,,RTA
2025-10-31,2025-10-24,INE009A01021,INFY,DIVIDEND,,10.49,NSE
2025-11-17,2025-11-15,INE062A01020,SBIN,MERGER,,,BSE
2025-11-20,2025-11-12,INE155A01022,TATAMOTORS,RIGHTS,1:2,,BSE
2025-11-21,2025-11-14,INE062A01020,SBIN,DIVIDEND,,9.04,BSE
2025-10-25,2025-10-23,INE062A01020,SBIN,DIVIDEND,,5.33,RTA
2025-10-23,2025-10-13,INE009A01021,INFY,RIGHTS,2:3,,NSE
2025-12-18,2025-12-15,INE062A01020,SBIN,SPLIT,1:2,,BSE
2025-12-10,2025-12-08,INE002A01018,RELIANCE,SPLIT,3:5,,BSE
2025-09-24,2025-09-21,INE018A01030,LT,SPLIT,1:1,,RTA
2025-10-14,2025-10-12,INE155A01022,TATAMOTORS,MERGER,,,BSE
2025-10-14,2025-10-11,INE002A01018,RELIANCE,SPLIT,1:2,,RTA
2025-12-17,2025-12-12,INE062A01020,SBIN,RIGHTS,1:2,,BSE
2025-11-19,2025-11-11,INE001A01036,HDFC,RIGHTS,1:1,,NSE
2025-12-19,2025-12-12,INE018A01030,LT,RIGHTS,1:2,,RTA
2025-11-05,2025-10-30,INE018A01030,LT,SPLIT,2:3,,BSE
2025-10-31,2025-10-23,INE090A01021,ICICIBANK,DIVIDEND,,9.82,NSE
2025-11-06,2025-10-28,INE009A01021,INFY,MERGER,,,NSE
2025-11-29,2025-11-24,INE001A01036,HDFC,RIGHTS,1:2,,NSE
2025-11-13,2025-11-04,INE238A01026,AXISBANK,MERGER,,,BSE
2025-11-10,2025-11-06,INE009A01021,INFY,SPLIT,1:1,,BSE
2025-11-09,2025-11-06,INE009A01021,INFY,SPLIT,1:2,,NSE
2025-10-11,2025-10-05,INE009A01021,INFY,BONUS,2:3,,NSE
2025-11-02,2025-10-25,INE154A01025,ITC,SPLIT,1:1,,BSE
2025-10-04,2025-10-01,INE062A01020,SBIN,MERGER,,,RTA
2025-12-05,2025-11-28,INE238A01026,AXISBANK,DIVIDEND,,19.53,NSE
2025-10-26,2025-10-24,INE090A01021,ICICIBANK,MERGER,,,NSE
2025-12-18,2025-12-12,INE062A01020,SBIN,RIGHTS,3:5,,RTA
2025-10-11,2025-10-04,INE238A01026,AXISBANK,RIGHTS,2:3,,BSE
2025-10-30,2025-10-22,INE237A01028,KOTAKBANK,DIVIDEND,,18.86,BSE
2025-12-20,2025-12-17,INE237A01028,KOTAKBANK,BONUS,1:1,,NSE
2025-09-30,2025-09-29,INE154A01025,ITC,BONUS,3:5,,BSE
2025-11-30,2025-11-21,INE090A01021,ICICIBANK,BONUS,2:3,,NSE
2025-11-11,2025-11-01,INE062A01020,SBIN,SPLIT,3:5,,RTA
2025-12-06,2025-11-26,INE238A01026,AXISBANK,RIGHTS,1:2,,NSE
2025-11-13,2025-11-08,INE155A01022,TATAMOTORS,MERGER,,,BSE
2025-11-24,2025-11-15,INE154A01025,ITC,BONUS,2:3,,RTA
2025-12-12,2025-12-10,INE237A01028,KOTAKBANK,RIGHTS,2:3,,BSE
2025-11-18,2025-11-08,INE155A01022,TATAMOTORS,BONUS,3:5,,NSE
2025-10-24,2025-10-21,INE009A01021,INFY,DIVIDEND,,7.77,BSE
2025-12-04,2025-11-25,INE090A01021,ICICIBANK,BONUS,1:1,,BSE
2025-09-28,2025-09-19,INE009A01021,INFY,MERGER,,,BSE
2025-10-09,2025-09-30,INE238A01026,AXISBANK,SPLIT,3:5,,RTA
2025-10-27,2025-10-20,INE002A01018,RELIANCE,SPLIT,1:2,,NSE
2025-10-19,2025-10-16,INE238A01026,AXISBANK,DIVIDEND,,6.62,NSE
2025-10-22,2025-10-16,INE002A01018,RELIANCE,BONUS,1:2,,BSE
2025-12-25,2025-12-17,INE062A01020,SBIN,BONUS,1:2,,RTA
2025-09-30,2025-09-21,INE001A01036,HDFC,RIGHTS,2:3,,NSE
2025-11-16,2025-11-10,INE237A01028,KOTAKBANK,RIGHTS,1:2,,BSE
2025-10-16,2025-10-07,INE154A01025,ITC,SPLIT,1:2,,NSE
2025-10-02,2025-09-28,INE001A01036,HDFC,RIGHTS,1:2,,BSE
2025-11-07,2025-11-04,INE155A01022,TATAMOTORS,MERGER,,,BSE
2025-11-07,2025-11-05,INE155A01022,TATAMOTORS,RIGHTS,3:5,,NSE
2025-09-27,2025-09-21,INE002A01018,RELIANCE,DIVIDEND,,9.96,NSE
2025-10-20,2025-10-13,INE002A01018,RELIANCE,BONUS,1:1,,BSE
2025-09-27,2025-09-19,INE062A01020,SBIN,BONUS,2:3,,BSE
2025-12-26,2025-12-19,INE155A01022,TATAMOTORS,SPLIT,1:1,,NSE
2025-10-23,2025-10-15,INE002A01018,RELIANCE,RIGHTS,3:5,,BSE
2025-12-24,2025-12-15,INE001A01036,HDFC,MERGER,,,RTA
2025-12-06,2025-12-03,INE062A01020,SBIN,BONUS,1:1,,BSE
2025-10-20,2025-10-18,INE001A01036,HDFC,SPLIT,3:5,,BSE
2025-12-06,2025-11-26,INE002A01018,RELIANCE,BONUS,3:5,,BSE
2025-10-14,2025-10-09,INE009A01021,INFY,SPLIT,2:3,,BSE
2025-11-27,2025-11-21,INE238A01026,AXISBANK,DIVIDEND,,15.91,RTA
2025-11-02,2025-10-29,INE002A01018,RELIANCE,RIGHTS,3:5,,NSE
2025-12-18,2025-12-15,INE090A01021,ICICIBANK,RIGHTS,1:1,,RTA
2025-10-31,2025-10-23,INE238A01026,AXISBANK,BONUS,2:3,,NSE
2025-10-13,2025-10-06,INE062A01020,SBIN,BONUS,3:5,,NSE
2025-11-30,2025-11-23,INE062A01020,SBIN,RIGHTS,3:5,,BSE
2025-10-05,2025-09-30,INE154A01025,ITC,RIGHTS,1:2,,RTA
2025-12-23,2025-12-16,INE155A01022,TATAMOTORS,RIGHTS,2:3,,BSE
2025-10-22,2025-10-20,INE062A01020,SBIN,SPLIT,3:5,,RTA
2025-12-12,2025-12-06,INE062A01020,SBIN,BONUS,1:2,,BSE
2025-12-24,2025-12-16,INE018A01030,LT,BONUS,3:5,,RTA
2025-11-21,2025-11-17,INE002A01018,RELIANCE,BONUS,3:5,,BSE
2025-10-21,2025-10-19,INE002A01018,RELIANCE,DIVIDEND,,10.95,NSE
2025-09-21,2025-09-20,INE155A01022,TATAMOTORS,DIVIDEND,,4.41,BSE
2025-09-22,2025-09-15,INE001A01036,HDFC,BONUS,2:3,,BSE
2025-12-01,2025-11-29,INE009A01021,INFY,SPLIT,2:3,,RTA
2025-12-13,2025-12-11,INE154A01025,ITC,DIVIDEND,,4.59,RTA
2025-09-27,2025-09-25,INE018A01030,LT,RIGHTS,3:5,,BSE
2025-09-29,2025-09-26,INE018A01030,LT,BONUS,3:5,,BSE
2025-10-12,2025-10-03,INE018A01030,LT,SPLIT,2:3,,BSE
2025-10-09,2025-10-06,INE238A01026,AXISBANK,BONUS,1:1,,BSE
2025-10-27,2025-10-26,INE002A01018,RELIANCE,DIVIDEND,,17.9,NSE
2025-10-22,2025-10-15,INE090A01021,ICICIBANK,MERGER,,,RTA
2025-10-10,2025-10-03,INE155A01022,TATAMOTORS,DIVIDEND,,13.46,RTA
2025-11-29,2025-11-24,INE238A01026,AXISBANK,BONUS,3:5,,BSE
2025-10-02,2025-09-24,INE002A01018,RELIANCE,RIGHTS,1:1,,NSE
2025-12-08,2025-12-01,INE154A01025,ITC,SPLIT,1:1,,BSE
2025-10-22,2025-10-20,INE237A01028,KOTAKBANK,BONUS,1:1,,NSE
2025-11-30,2025-11-20,INE001A01036,HDFC,SPLIT,1:1,,NSE
2025-11-09,2025-11-04,INE009A01021,INFY,MERGER,,,RTA
2025-10-18,2025-10-13,INE238A01026,AXISBANK,DIVIDEND,,16.54,BSE
2025-10-11,2025-10-01,INE009A01021,INFY,BONUS,2:3,,RTA
2025-11-25,2025-11-21,INE238A01026,AXISBANK,RIGHTS,2:3,,BSE
2025-10-12,2025-10-08,INE154A01025,ITC,RIGHTS,2:3,,BSE
2025-11-11,2025-11-09,INE237A01028,KOTAKBANK,MERGER,,,RTA
2025-12-08,2025-11-28,INE238A01026,AXISBANK,DIVIDEND,,17.59,NSE
2025-12-26,2025-12-19,INE090A01021,ICICIBANK,MERGER,,,NSE
2025-12-01,2025-11-29,INE062A01020,SBIN,BONUS,3:5,,NSE
2025-09-25,2025-09-20,INE238A01026,AXISBANK,SPLIT,3:5,,NSE
2025-12-10,2025-12-09,INE238A01026,AXISBANK,SPLIT,3:5,,BSE
2025-10-04,2025-09-24,INE155A01022,TATAMOTORS,DIVIDEND,,18.28,NSE
2025-10-03,2025-09-23,INE001A01036,HDFC,BONUS,1:1,,NSE
2025-12-16,2025-12-14,INE090A01021,ICICIBANK,MERGER,,,RTA
2025-10-17,2025-10-14,INE237A01028,KOTAKBANK,SPLIT,3:5,,BSE
2025-10-11,2025-10-06,INE018A01030,LT,SPLIT,3:5,,BSE
2025-11-19,2025-11-15,INE090A01021,ICICIBANK,DIVIDEND,,16.56,NSE
2025-12-03,2025-12-01,INE018A01030,LT,DIVIDEND,,5.98,BSE
2025-09-27,2025-09-21,INE237A01028,KOTAKBANK,BONUS,3:5,,RTA
2025-12-20,2025-12-13,INE001A01036,HDFC,MERGER,,,RTA
2025-11-12,2025-11-04,INE009A01021,INFY,SPLIT,1:2,,NSE
2025-10-18,2025-10-15,INE002A01018,RELIANCE,MERGER,,,BSE
2025-12-10,2025-12-07,INE155A01022,TATAMOTORS,MERGER,,,NSE
2025-10-15,2025-10-12,INE002A01018,RELIANCE,MERGER,,,RTA
2025-11-12,2025-11-10,INE154A01025,ITC,RIGHTS,2:3,,BSE
2025-11-01,2025-10-24,INE018A01030,LT,MERGER,,,BSE
2025-12-06,2025-11-28,INE002A01018,RELIANCE,BONUS,1:1,,BSE
2025-11-17,2025-11-15,INE009A01021,INFY,DIVIDEND,,19.51,RTA
2025-10-22,2025-10-15,INE237A01028,KOTAKBANK,RIGHTS,1:1,,NSE
2025-10-19,2025-10-12,INE090A01021,ICICIBANK,MERGER,,,BSE
2025-10-25,2025-10-19,INE002A01018,RELIANCE,RIGHTS,1:2,,RTA
2025-10-25,2025-10-16,INE018A01030,LT,MERGER,,,NSE
2025-11-02,2025-10-28,INE090A01021,ICICIBANK,BONUS,2:3,,RTA
2025-10-27,2025-10-19,INE001A01036,HDFC,BONUS,3:5,,BSE
2025-11-24,2025-11-15,INE001A01036,HDFC,BONUS,1:2,,RTA
2025-10-08,2025-10-06,INE154A01025,ITC,DIVIDEND,,9.95,NSE
2025-12-11,2025-12-03,INE155A01022,TATAMOTORS,DIVIDEND,,4.77,RTA
2025-10-29,2025-10-21,INE001A01036,HDFC,SPLIT,1:2,,RTA
2025-10-25,2025-10-21,INE237A01028,KOTAKBANK,SPLIT,1:2,,BSE
2025-11-20,2025-11-10,INE002A01018,RELIANCE,RIGHTS,1:1,,NSE
2025-10-07,2025-10-02,INE154A01025,ITC,SPLIT,3:5,,NSE
2025-11-30,2025-11-26,INE237A01028,KOTAKBANK,MERGER,,,RTA
2025-09-27,2025-09-26,INE090A01021,ICICIBANK,MERGER,,,RTA
2025-11-19,2025-11-14,INE155A01022,TATAMOTORS,SPLIT,3:5,,RTA
2025-10-21,2025-10-12,INE090A01021,ICICIBANK,BONUS,1:2,,BSE
2025-11-06,2025-11-03,INE018A01030,LT,BONUS,1:2,,BSE
2025-12-03,2025-12-02,INE155A01022,TATAMOTORS,SPLIT,2:3,,RTA
2025-10-06,2025-10-03,INE154A01025,ITC,DIVIDEND,,20.0,RTA
2025-10-14,2025-10-12,INE237A01028,KOTAKBANK,SPLIT,2:3,,RTA
2025-11-24,2025-11-18,INE238A01026,AXISBANK,SPLIT,1:2,,RTA
2025-09-30,2025-09-28,INE009A01021,INFY,SPLIT,1:2,,NSE
2025-11-04,2025-11-03,INE062A01020,SBIN,MERGER,,,BSE
2025-11-09,2025-11-04,INE009A01021,INFY,SPLIT,1:1,,NSE
2025-10-14,2025-10-12,INE009A01021,INFY,SPLIT,1:1,,NSE
2025-09-22,2025-09-13,INE090A01021,ICICIBANK,RIGHTS,1:1,,BSE
2025-09-23,2025-09-20,INE018A01030,LT,MERGER,,,BSE
2025-10-05,2025-09-29,INE237A01028,KOTAKBANK,MERGER,,,BSE
2025-11-01,2025-10-28,INE062A01020,SBIN,DIVIDEND,,2.55,NSE
2025-10-07,2025-10-04,INE002A01018,RELIANCE,RIGHTS,1:1,,BSE
2025-12-17,2025-12-15,INE009A01021,INFY,DIVIDEND,,17.63,NSE
2025-10-11,2025-10-02,INE237A01028,KOTAKBANK,MERGER,,,BSE
2025-10-15,2025-10-12,INE001A01036,HDFC,BONUS,1:2,,RTA
2025-11-23,2025-11-17,INE002A01018,RELIANCE,MERGER,,,BSE
2025-09-30,2025-09-29,INE238A01026,AXISBANK,SPLIT,3:5,,BSE
2025-12-13,2025-12-08,INE238A01026,AXISBANK,MERGER,,,NSE
2025-10-17,2025-10-11,INE238A01026,AXISBANK,SPLIT,1:1,,BSE
2025-11-18,2025-11-11,INE155A01022,TATAMOTORS,DIVIDEND,,10.33,BSE
2025-10-11,2025-10-01,INE238A01026,AXISBANK,MERGER,,,NSE
2025-10-02,2025-09-27,INE155A01022,TATAMOTORS,DIVIDEND,,18.99,NSE
2025-10-02,2025-09-28,INE002A01018,RELIANCE,RIGHTS,1:1,,NSE
2025-10-05,2025-09-29,INE002A01018,RELIANCE,RIGHTS,3:5,,RTA
2025-10-09,2025-10-08,INE090A01021,ICICIBANK,BONUS,3:5,,RTA
2025-12-04,2025-11-27,INE001A01036,HDFC,DIVIDEND,,6.24,BSE
2025-12-03,2025-11-27,INE062A01020,SBIN,BONUS,2:3,,BSE
2025-11-20,2025-11-15,INE154A01025,ITC,RIGHTS,1:1,,RTA
2025-09-22,2025-09-17,INE062A01020,SBIN,BONUS,1:2,,NSE
2025-11-26,2025-11-22,INE155A01022,TATAMOTORS,SPLIT,2:3,,BSE
2025-12-11,2025-12-07,INE237A01028,KOTAKBANK,RIGHTS,1:2,,BSE
2025-09-28,2025-09-23,INE238A01026,AXISBANK,DIVIDEND,,5.52,RTA
2025-12-16,2025-12-08,INE238A01026,AXISBANK,RIGHTS,1:1,,RTA
2025-10-12,2025-10-08,INE002A01018,RELIANCE,DIVIDEND,,19.52,BSE
2025-11-01,2025-10-22,INE002A01018,RELIANCE,MERGER,,,RTA
2025-10-12,2025-10-07,INE001A01036,HDFC,SPLIT,1:1,,BSE
2025-12-18,2025-12-13,INE062A01020,SBIN,SPLIT,1:2,,BSE
2025-11-12,2025-11-08,INE009A01021,INFY,SPLIT,1:1,,RTA
2025-12-24,2025-12-14,INE090A01021,ICICIBANK,DIVIDEND,,8.6,BSE
2025-09-25,2025-09-18,INE002A01018,RELIANCE,RIGHTS,1:1,,BSE
2025-12-21,2025-12-13,INE009A01021,INFY,BONUS,1:1,,NSE
2025-10-16,2025-10-08,INE009A01021,INFY,BONUS,2:3,,RTA
2025-11-25,2025-11-22,INE002A01018,RELIANCE,BONUS,1:2,,RTA
2025-11-19,2025-11-10,INE155A01022,TATAMOTORS,SPLIT,3:5,,RTA
2025-11-11,2025-11-05,INE154A01025,ITC,DIVIDEND,,14.82,RTA
2025-12-23,2025-12-14,INE001A01036,HDFC,BONUS,3:5,,BSE
2025-09-29,2025-09-28,INE090A01021,ICICIBANK,MERGER,,,RTA
2025-10-07,2025-09-29,INE009A01021,INFY,DIVIDEND,,19.8,RTA
2025-12-17,2025-12-08,INE155A01022,TATAMOTORS,RIGHTS,3:5,,RTA
2025-10-10,2025-10-06,INE062A01020,SBIN,BONUS,3:5,,NSE
2025-11-28,2025-11-23,INE062A01020,SBIN,SPLIT,1:1,,BSE
2025-12-18,2025-12-15,INE002A01018,RELIANCE,MERGER,,,RTA
2025-11-13,2025-11-10,INE154A01025,ITC,SPLIT,1:1,,BSE
2025-10-07,2025-09-29,INE155A01022,TATAMOTORS,DIVIDEND,,8.03,NSE
2025-11-22,2025-11-20,INE018A01030,LT,MERGER,,,RTA
2025-11-05,2025-10-31,INE154A01025,ITC,RIGHTS,2:3,,NSE
2025-10-27,2025-10-22,INE237A01028,KOTAKBANK,BONUS,2:3,,NSE
2025-10-05,2025-09-26,INE154A01025,ITC,DIVIDEND,,5.83,RTA
2025-11-10,2025-11-02,INE001A01036,HDFC,BONUS,2:3,,RTA
2025-10-13,2025-10-05,INE154A01025,ITC,RIGHTS,1:1,,RTA
2025-10-08,2025-10-04,INE009A01021,INFY,MERGER,,,NSE
2025-10-08,2025-10-03,INE009A01021,INFY,DIVIDEND,,8.87,BSE
2025-12-20,2025-12-16,INE155A01022,TATAMOTORS,SPLIT,3:5,,NSE
2025-10-18,2025-10-10,INE018A01030,LT,BONUS,2:3,,RTA
2025-10-23,2025-10-16,INE238A01026,AXISBANK,DIVIDEND,,16.98,NSE
2025-11-24,2025-11-18,INE090A01021,ICICIBANK,BONUS,2:3,,BSE
2025-12-02,2025-11-26,INE154A01025,ITC,RIGHTS,3:5,,NSE
2025-10-30,2025-10-20,INE155A01022,TATAMOTORS,SPLIT,1:2,,BSE
2025-12-22,2025-12-18,INE062A01020,SBIN,RIGHTS,2:3,,BSE
2025-11-27,2025-11-23,INE155A01022,TATAMOTORS,BONUS,1:1,,NSE
2025-12-22,2025-12-21,INE155A01022,TATAMOTORS,DIVIDEND,,17.15,NSE
2025-11-30,2025-11-27,INE237A01028,KOTAKBANK,DIVIDEND,,2.26,RTA
2025-11-13,2025-11-11,INE002A01018,RELIANCE,RIGHTS,1:1,,BSE
2025-12-25,2025-12-18,INE001A01036,HDFC,MERGER,,,BSE
2025-11-04,2025-10-31,INE155A01022,TATAMOTORS,SPLIT,1:2,,BSE
2025-12-10,2025-11-30,INE009A01021,INFY,SPLIT,1:2,,NSE
2025-12-13,2025-12-03,INE009A01021,INFY,SPLIT,2:3,,BSE
2025-11-09,2025-11-03,INE018A01030,LT,MERGER,,,NSE
2025-11-09,2025-11-02,INE090A01021,ICICIBANK,RIGHTS,1:2,,BSE
2025-12-08,2025-12-04,INE018A01030,LT,DIVIDEND,,18.33,BSE
2025-12-15,2025-12-12,INE018A01030,LT,RIGHTS,1:2,,NSE
2025-10-16,2025-10-14,INE018A01030,LT,BONUS,3:5,,RTA
2025-11-13,2025-11-08,INE154A01025,ITC,BONUS,3:5,,NSE
2025-10-16,2025-10-09,INE002A01018,RELIANCE,BONUS,3:5,,BSE
2025-10-08,2025-10-01,INE238A01026,AXISBANK,MERGER,,,NSE
2025-12-22,2025-12-20,INE155A01022,TATAMOTORS,BONUS,3:5,,BSE
2025-12-12,2025-12-11,INE154A01025,ITC,RIGHTS,1:1,,BSE
2025-10-24,2025-10-14,INE238A01026,AXISBANK,SPLIT,3:5,,NSE
2025-10-26,2025-10-25,INE062A01020,SBIN,SPLIT,2:3,,NSE
2025-10-14,2025-10-11,INE009A01021,INFY,RIGHTS,2:3,,BSE
2025-12-03,2025-11-23,INE237A01028,KOTAKBANK,DIVIDEND,,16.6,BSE
2025-10-21,2025-10-14,INE155A01022,TATAMOTORS,BONUS,3:5,,NSE
2025-12-08,2025-12-04,INE155A01022,TATAMOTORS,BONUS,3:5,,BSE
2025-10-05,2025-09-27,INE018A01030,LT,BONUS,3:5,,BSE
2025-10-13,2025-10-03,INE238A01026,AXISBANK,BONUS,1:1,,NSE
2025-12-12,2025-12-08,INE001A01036,HDFC,BONUS,2:3,,RTA
2025-09-24,2025-09-19,INE154A01025,ITC,SPLIT,1:2,,NSE
2025-11-20,2025-11-10,INE090A01021,ICICIBANK,SPLIT,1:1,,NSE
2025-10-24,2025-10-14,INE018A01030,LT,DIVIDEND,,14.01,NSE
2025-09-21,2025-09-17,INE009A01021,INFY,MERGER,,,BSE
2025-12-16,2025-12-06,INE062A01020,SBIN,RIGHTS,2:3,,BSE
2025-11-12,2025-11-03,INE237A01028,KOTAKBANK,SPLIT,1:1,,BSE
2025-11-16,2025-11-13,INE009A01021,INFY,MERGER,,,RTA
2025-11-20,2025-11-18,INE009A01021,INFY,MERGER,,,NSE
2025-12-06,2025-11-27,INE009A01021,INFY,BONUS,3:5,,RTA
2025-10-26,2025-10-18,INE002A01018,RELIANCE,BONUS,1:1,,NSE
2025-10-29,2025-10-21,INE009A01021,INFY,DIVIDEND,,13.9,BSE
2025-10-19,2025-10-11,INE238A01026,AXISBANK,MERGER,,,RTA
2025-11-19,2025-11-16,INE154A01025,ITC,SPLIT,3:5,,BSE
2025-10-22,2025-10-17,INE238A01026,AXISBANK,MERGER,,,RTA
2025-12-15,2025-12-06,INE009A01021,INFY,MERGER,,,NSE
2025-12-03,2025-11-29,INE238A01026,AXISBANK,MERGER,,,RTA
2025-12-01,2025-11-28,INE009A01021,INFY,MERGER,,,NSE
2025-11-13,2025-11-11,INE154A01025,ITC,RIGHTS,2:3,,NSE
2025-10-20,2025-10-17,INE238A01026,AXISBANK,RIGHTS,1:1,,RTA
2025-11-08,2025-11-05,INE090A01021,ICICIBANK,MERGER,,,RTA
2025-12-06,2025-12-01,INE009A01021,INFY,BONUS,3:5,,RTA
2025-11-17,2025-11-15,INE001A01036,HDFC,RIGHTS,1:1,,RTA
2025-10-19,2025-10-10,INE154A01025,ITC,BONUS,2:3,,RTA
2025-12-10,2025-12-01,INE155A01022,TATAMOTORS,BONUS,1:2,,RTA
2025-12-23,2025-12-16,INE001A01036,HDFC,BONUS,1:1,,NSE
2025-09-21,2025-09-19,INE001A01036,HDFC,BONUS,1:1,,NSE
2025-10-06,2025-10-05,INE238A01026,AXISBANK,MERGER,,,NSE
2025-11-28,2025-11-22,INE002A01018,RELIANCE,DIVIDEND,,15.73,NSE
2025-12-15,2025-12-09,INE001A01036,HDFC,DIVIDEND,,16.3,RTA
2025-10-27,2025-10-18,INE090A01021,ICICIBANK,BONUS,1:2,,RTA
2025-10-03,2025-09-29,INE001A01036,HDFC,RIGHTS,1:2,,RTA
2025-12-19,2025-12-15,INE237A01028,KOTAKBANK,BONUS,2:3,,NSE
2025-09-26,2025-09-24,INE237A01028,KOTAKBANK,DIVIDEND,,13.24,RTA
2025-12-08,2025-11-29,INE018A01030,LT,BONUS,1:1,,RTA
2025-09-22,2025-09-12,INE090A01021,ICICIBANK,DIVIDEND,,10.11,NSE
2025-10-07,2025-10-03,INE155A01022,TATAMOTORS,DIVIDEND,,12.91,RTA
2025-12-26,2025-12-17,INE002A01018,RELIANCE,RIGHTS,2:3,,NSE
2025-11-06,2025-11-04,INE062A01020,SBIN,SPLIT,1:2,,BSE
2025-10-21,2025-10-15,INE062A01020,SBIN,MERGER,,,RTA
2025-10-31,2025-10-30,INE062A01020,SBIN,SPLIT,1:1,,BSE
2025-11-29,2025-11-20,INE001A01036,HDFC,BONUS,1:2,,RTA
2025-09-22,2025-09-20,INE238A01026,AXISBANK,BONUS,1:2,,BSE
2025-09-29,2025-09-24,INE001A01036,HDFC,BONUS,3:5,,BSE
2025-11-18,2025-11-09,INE155A01022,TATAMOTORS,BONUS,1:1,,BSE
2025-09-24,2025-09-23,INE002A01018,RELIANCE,MERGER,,,RTA
2025-12-11,2025-12-01,INE154A01025,ITC,MERGER,,,NSE
2025-12-02,2025-11-25,INE238A01026,AXISBANK,SPLIT,1:2,,BSE
2025-09-24,2025-09-20,INE062A01020,SBIN,DIVIDEND,,3.54,RTA
2025-11-28,2025-11-27,INE002A01018,RELIANCE,SPLIT,1:1,,RTA
2025-12-12,2025-12-11,INE018A01030,LT,MERGER,,,RTA
2025-11-04,2025-10-27,INE155A01022,TATAMOTORS,DIVIDEND,,13.04,RTA
2025-11-23,2025-11-18,INE238A01026,AXISBANK,RIGHTS,3:5,,BSE
2025-11-09,2025-10-30,INE009A01021,INFY,SPLIT,1:2,,NSE
2025-11-22,2025-11-14,INE002A01018,RELIANCE,BONUS,1:1,,NSE
2025-11-18,2025-11-09,INE238A01026,AXISBANK,RIGHTS,1:1,,RTA
2025-10-24,2025-10-16,INE155A01022,TATAMOTORS,MERGER,,,RTA
2025-10-30,2025-10-20,INE002A01018,RELIANCE,SPLIT,3:5,,NSE
2025-10-30,2025-10-24,INE002A01018,RELIANCE,MERGER,,,RTA
2025-11-11,2025-11-08,INE002A01018,RELIANCE,RIGHTS,1:1,,BSE
2025-12-17,2025-12-14,INE090A01021,ICICIBANK,RIGHTS,3:5,,BSE
2025-09-22,2025-09-12,INE062A01020,SBIN,SPLIT,3:5,,RTA
2025-12-11,2025-12-03,INE009A01021,INFY,RIGHTS,2:3,,NSE
2025-10-04,2025-09-24,INE002A01018,RELIANCE,MERGER,,,BSE
2025-11-20,2025-11-11,INE018A01030,LT,RIGHTS,1:1,,RTA
2025-10-22,2025-10-18,INE090A01021,ICICIBANK,DIVIDEND,,15.32,RTA
2025-12-13,2025-12-05,INE090A01021,ICICIBANK,SPLIT,3:5,,NSE
2025-12-17,2025-12-15,INE238A01026,AXISBANK,DIVIDEND,,10.72,RTA
2025-12-18,2025-12-15,INE002A01018,RELIANCE,BONUS,1:1,,BSE
2025-11-11,2025-11-03,INE155A01022,TATAMOTORS,SPLIT,1:1,,NSE
2025-12-17,2025-12-14,INE237A01028,KOTAKBANK,SPLIT,1:1,,NSE
2025-11-06,2025-10-27,INE090A01021,ICICIBANK,MERGER,,,NSE
2025-09-29,2025-09-22,INE238A01026,AXISBANK,SPLIT,2:3,,RTA
2025-12-02,2025-11-23,INE154A01025,ITC,BONUS,3:5,,NSE
2025-12-11,2025-12-09,INE154A01025,ITC,DIVIDEND,,7.27,RTA
2025-11-16,2025-11-15,INE001A01036,HDFC,MERGER,,,BSE
2025-12-01,2025-11-23,INE002A01018,RELIANCE,RIGHTS,2:3,,BSE
2025-12-24,2025-12-22,INE062A01020,SBIN,RIGHTS,1:1,,NSE
2025-10-08,2025-09-30,INE001A01036,HDFC,RIGHTS,1:1,,BSE
2025-12-11,2025-12-04,INE154A01025,ITC,DIVIDEND,,17.2,RTA
2025-10-27,2025-10-21,INE090A01021,ICICIBANK,MERGER,,,RTA
2025-10-14,2025-10-05,INE090A01021,ICICIBANK,DIVIDEND,,10.93,NSE
2025-10-16,2025-10-10,INE238A01026,AXISBANK,RIGHTS,1:2,,NSE
2025-12-05,2025-11-29,INE002A01018,RELIANCE,DIVIDEND,,19.06,RTA
2025-11-07,2025-11-06,INE018A01030,LT,RIGHTS,2:3,,BSE
2025-09-22,2025-09-17,INE238A01026,AXISBANK,BONUS,2:3,,NSE
2025-10-18,2025-10-16,INE154A01025,ITC,DIVIDEND,,19.06,RTA
2025-12-04,2025-12-02,INE002A01018,RELIANCE,DIVIDEND,,9.01,NSE
2025-12-06,2025-11-28,INE009A01021,INFY,DIVIDEND,,12.21,NSE
2025-09-22,2025-09-20,INE009A01021,INFY,SPLIT,1:1,,BSE
2025-11-01,2025-10-31,INE154A01025,ITC,MERGER,,,RTA
2025-10-26,2025-10-20,INE090A01021,ICICIBANK,SPLIT,2:3,,NSE
2025-10-16,2025-10-15,INE002A01018,RELIANCE,BONUS,1:1,,NSE
2025-11-27,2025-11-23,INE238A01026,AXISBANK,SPLIT,1:2,,BSE
2025-09-30,2025-09-29,INE154A01025,ITC,SPLIT,2:3,,RTA
2025-09-27,2025-09-26,INE018A01030,LT,MERGER,,,BSE
2025-12-15,2025-12-08,INE009A01021,INFY,SPLIT,1:1,,NSE
2025-11-22,2025-11-13,INE018A01030,LT,SPLIT,3:5,,NSE
2025-10-08,2025-09-30,INE238A01026,AXISBANK,DIVIDEND,,5.39,RTA
2025-10-27,2025-10-17,INE090A01021,ICICIBANK,RIGHTS,1:2,,RTA
2025-11-05,2025-10-26,INE155A01022,TATAMOTORS,DIVIDEND,,13.62,RTA
2025-09-26,2025-09-24,INE062A01020,SBIN,RIGHTS,2:3,,RTA
2025-12-26,2025-12-19,INE062A01020,SBIN,RIGHTS,1:1,,NSE
2025-10-25,2025-10-22,INE238A01026,AXISBANK,RIGHTS,2:3,,RTA
2025-09-27,2025-09-23,INE237A01028,KOTAKBANK,BONUS,1:1,,NSE
2025-10-17,2025-10-10,INE009A01021,INFY,MERGER,,,RTA
2025-11-26,2025-11-21,INE062A01020,SBIN,RIGHTS,1:1,,BSE
2025-10-23,2025-10-13,INE018A01030,LT,RIGHTS,2:3,,NSE
2025-11-10,2025-11-04,INE009A01021,INFY,SPLIT,1:1,,NSE
2025-10-15,2025-10-07,INE062A01020,SBIN,MERGER,,,NSE
2025-11-28,2025-11-23,INE155A01022,TATAMOTORS,BONUS,1:1,,BSE
2025-11-04,2025-10-29,INE018A01030,LT,DIVIDEND,,4.96,BSE
2025-10-13,2025-10-10,INE090A01021,ICICIBANK,RIGHTS,3:5,,BSE
2025-10-28,2025-10-20,INE002A01018,RELIANCE,DIVIDEND,,19.82,RTA
2025-11-29,2025-11-20,INE090A01021,ICICIBANK,BONUS,3:5,,RTA
2025-12-04,2025-11-28,INE009A01021,INFY,MERGER,,,NSE
2025-12-11,2025-12-03,INE090A01021,ICICIBANK,DIVIDEND,,8.72,BSE
2025-10-06,2025-10-04,INE062A01020,SBIN,DIVIDEND,,18.61,NSE
2025-10-29,2025-10-25,INE062A01020,SBIN,RIGHTS,1:1,,BSE
2025-10-24,2025-10-14,INE018A01030,LT,BONUS,1:1,,NSE
2025-12-16,2025-12-13,INE154A01025,ITC,DIVIDEND,,6.13,RTA
2025-11-08,2025-11-02,INE090A01021,ICICIBANK,SPLIT,3:5,,BSE
2025-12-18,2025-12-14,INE062A01020,SBIN,DIVIDEND,,8.35,RTA
2025-10-19,2025-10-15,INE090A01021,ICICIBANK,SPLIT,1:1,,RTA
2025-10-12,2025-10-02,INE237A01028,KOTAKBANK,BONUS,3:5,,BSE
2025-12-24,2025-12-23,INE001A01036,HDFC,BONUS,1:2,,RTA
2025-10-26,2025-10-21,INE155A01022,TATAMOTORS,DIVIDEND,,13.81,BSE
2025-12-09,2025-12-04,INE155A01022,TATAMOTORS,BONUS,2:3,,BSE
2025-10-03,2025-10-01,INE237A01028,KOTAKBANK,RIGHTS,3:5,,NSE
2025-10-06,2025-10-02,INE009A01021,INFY,DIVIDEND,,1.17,BSE
2025-10-10,2025-09-30,INE001A01036,HDFC,MERGER,,,BSE
2025-09-25,2025-09-20,INE238A01026,AXISBANK,SPLIT,3:5,,NSE
2025-11-23,2025-11-20,INE062A01020,SBIN,RIGHTS,2:3,,RTA
2025-10-31,2025-10-22,INE155A01022,TATAMOTORS,DIVIDEND,,3.2,BSE
2025-11-12,2025-11-05,INE018A01030,LT,MERGER,,,RTA
2025-09-25,2025-09-19,INE018A01030,LT,MERGER,,,NSE
2025-10-16,2025-10-08,INE018A01030,LT,BONUS,3:5,,NSE
2025-09-23,2025-09-17,INE062A01020,SBIN,RIGHTS,3:5,,BSE
2025-12-05,2025-12-04,INE009A01021,INFY,DIVIDEND,,3.4,RTA
2025-12-16,2025-12-08,INE018A01030,LT,BONUS,3:5,,BSE
2025-10-11,2025-10-03,INE237A01028,KOTAKBANK,BONUS,3:5,,RTA
2025-11-27,2025-11-20,INE155A01022,TATAMOTORS,SPLIT,2:3,,BSE
2025-09-27,2025-09-19,INE238A01026,AXISBANK,MERGER,,,NSE
2025-10-19,2025-10-10,INE009A01021,INFY,BONUS,1:2,,NSE
2025-10-21,2025-10-11,INE009A01021,INFY,DIVIDEND,,17.56,RTA
2025-11-15,2025-11-12,INE009A01021,INFY,MERGER,,,NSE
2025-12-03,2025-11-29,INE062A01020,SBIN,RIGHTS,2:3,,NSE
2025-12-19,2025-12-15,INE001A01036,HDFC,MERGER,,,RTA
2025-11-09,2025-11-06,INE237A01028,KOTAKBANK,DIVIDEND,,5.41,BSE
2025-11-11,2025-11-05,INE155A01022,TATAMOTORS,RIGHTS,2:3,,NSE
2025-12-17,2025-12-11,INE018A01030,LT,SPLIT,2:3,,RTA
2025-10-29,2025-10-28,INE090A01021,ICICIBANK,MERGER,,,RTA
2025-11-01,2025-10-25,INE154A01025,ITC,SPLIT,2:3,,RTA
2025-11-03,2025-11-01,INE009A01021,INFY,MERGER,,,RTA
2025-10-05,2025-09-27,INE002A01018,RELIANCE,SPLIT,3:5,,BSE
2025-11-10,2025-11-06,INE238A01026,AXISBANK,SPLIT,1:2,,RTA
2025-09-24,2025-09-17,INE155A01022,TATAMOTORS,SPLIT,1:1,,BSE
2025-12-04,2025-11-27,INE001A01036,HDFC,BONUS,2:3,,RTA
2025-10-03,2025-09-24,INE154A01025,ITC,MERGER,,,BSE
2025-12-05,2025-11-29,INE018A01030,LT,SPLIT,3:5,,NSE
2025-11-26,2025-11-16,INE090A01021,ICICIBANK,SPLIT,1:2,,NSE
2025-10-18,2025-10-09,INE018A01030,LT,BONUS,1:1,,NSE
2025-10-25,2025-10-23,INE062A01020,SBIN,SPLIT,1:1,,RTA
2025-12-14,2025-12-07,INE090A01021,ICICIBANK,RIGHTS,1:2,,RTA
2025-12-12,2025-12-10,INE154A01025,ITC,RIGHTS,2:3,,RTA
2025-11-18,2025-11-09,INE009A01021,INFY,BONUS,1:2,,NSE
2025-11-06,2025-11-02,INE238A01026,AXISBANK,MERGER,,,NSE
2025-11-09,2025-11-06,INE090A01021,ICICIBANK,BONUS,1:1,,NSE
2025-10-02,2025-09-25,INE001A01036,HDFC,RIGHTS,1:1,,NSE
2025-12-08,2025-12-03,INE009A01021,INFY,RIGHTS,1:1,,BSE
2025-12-04,2025-12-02,INE002A01018,RELIANCE,BONUS,1:1,,NSE
2025-11-25,2025-11-18,INE238A01026,AXISBANK,MERGER,,,NSE
2025-11-03,2025-10-31,INE238A01026,AXISBANK,RIGHTS,1:2,,RTA
2025-12-25,2025-12-19,INE002A01018,RELIANCE,DIVIDEND,,6.1,BSE
2025-10-03,2025-09-26,INE002A01018,RELIANCE,BONUS,1:2,,BSE
2025-12-02,2025-12-01,INE155A01022,TATAMOTORS,SPLIT,1:1,,NSE
2025-09-21,2025-09-20,INE002A01018,RELIANCE,MERGER,,,RTA
2025-12-08,2025-11-28,INE009A01021,INFY,DIVIDEND,,8.6,RTA
2025-11-07,2025-11-01,INE155A01022,TATAMOTORS,BONUS,2:3,,RTA
2025-11-26,2025-11-19,INE155A01022,TATAMOTORS,SPLIT,1:2,,RTA
2025-10-26,2025-10-21,INE062A01020,SBIN,BONUS,1:1,,NSE
2025-12-17,2025-12-07,INE237A01028,KOTAKBANK,MERGER,,,RTA
2025-11-21,2025-11-16,INE155A01022,TATAMOTORS,SPLIT,1:2,,RTA
2025-12-01,2025-11-25,INE237A01028,KOTAKBANK,SPLIT,2:3,,NSE
2025-11-17,2025-11-07,INE090A01021,ICICIBANK,SPLIT,1:1,,RTA
2025-10-12,2025-10-02,INE001A01036,HDFC,BONUS,3:5,,NSE
2025-10-10,2025-10-06,INE238A01026,AXISBANK,BONUS,3:5,,RTA
2025-11-29,2025-11-28,INE062A01020,SBIN,RIGHTS,2:3,,BSE
2025-12-01,2025-11-26,INE154A01025,ITC,SPLIT,1:1,,BSE
2025-09-24,2025-09-17,INE154A01025,ITC,RIGHTS,2:3,,NSE
2025-10-26,2025-10-17,INE001A01036,HDFC,BONUS,2:3,,RTA
2025-12-10,2025-11-30,INE155A01022,TATAMOTORS,BONUS,1:2,,RTA
2025-11-22,2025-11-14,INE009A01021,INFY,BONUS,1:1,,NSE
2025-09-21,2025-09-13,INE155A01022,TATAMOTORS,RIGHTS,2:3,,NSE
2025-10-23,2025-10-16,INE009A01021,INFY,BONUS,1:1,,BSE
2025-12-17,2025-12-10,INE238A01026,AXISBANK,MERGER,,,NSE
2025-11-03,2025-11-02,INE018A01030,LT,RIGHTS,3:5,,NSE
2025-11-26,2025-11-20,INE090A01021,ICICIBANK,RIGHTS,1:1,,RTA
2025-11-16,2025-11-06,INE009A01021,INFY,BONUS,2:3,,BSE
2025-12-12,2025-12-04,INE002A01018,RELIANCE,RIGHTS,2:3,,RTA
2025-12-17,2025-12-14,INE001A01036,HDFC,MERGER,,,NSE
2025-09-28,2025-09-19,INE002A01018,RELIANCE,DIVIDEND,,17.68,BSE
2025-12-20,2025-12-10,INE002A01018,RELIANCE,BONUS,1:2,,NSE
2025-11-30,2025-11-22,INE090A01021,ICICIBANK,SPLIT,2:3,,RTA
2025-10-10,2025-10-09,INE009A01021,INFY,RIGHTS,3:5,,NSE
2025-12-18,2025-12-14,INE002A01018,RELIANCE,MERGER,,,RTA
2025-10-03,2025-09-26,INE155A01022,TATAMOTORS,MERGER,,,RTA
2025-12-04,2025-11-26,INE154A01025,ITC,BONUS,1:1,,BSE
2025-12-15,2025-12-12,INE018A01030,LT,MERGER,,,RTA
2025-12-01,2025-11-26,INE237A01028,KOTAKBANK,RIGHTS,3:5,,NSE
2025-10-12,2025-10-03,INE090A01021,ICICIBANK,DIVIDEND,,13.03,NSE
2025-12-15,2025-12-09,INE238A01026,AXISBANK,DIVIDEND,,6.86,RTA
2025-10-11,2025-10-10,INE237A01028,KOTAKBANK,BONUS,1:1,,RTA
2025-11-04,2025-11-03,INE154A01025,ITC,BONUS,1:2,,NSE
2025-10-20,2025-10-15,INE062A01020,SBIN,MERGER,,,NSE
2025-10-19,2025-10-18,INE002A01018,RELIANCE,SPLIT,3:5,,BSE
2025-10-27,2025-10-25,INE062A01020,SBIN,BONUS,3:5,,RTA
2025-11-30,2025-11-25,INE238A01026,AXISBANK,BONUS,2:3,,BSE
2025-12-08,2025-12-04,INE090A01021,ICICIBANK,RIGHTS,1:1,,BSE
2025-10-30,2025-10-26,INE155A01022,TATAMOTORS,SPLIT,1:2,,NSE
2025-11-06,2025-10-28,INE002A01018,RELIANCE,DIVIDEND,,19.47,RTA
2025-10-12,2025-10-02,INE018A01030,LT,MERGER,,,NSE
2025-11-25,2025-11-23,INE154A01025,ITC,MERGER,,,NSE
2025-10-09,2025-10-04,INE090A01021,ICICIBANK,BONUS,1:2,,BSE
2025-11-22,2025-11-21,INE090A01021,ICICIBANK,MERGER,,,RTA
2025-11-23,2025-11-16,INE062A01020,SBIN,BONUS,2:3,,RTA
2025-12-01,2025-11-24,INE238A01026,AXISBANK,DIVIDEND,,11.77,BSE
2025-12-19,2025-12-11,INE237A01028,KOTAKBANK,MERGER,,,NSE
2025-10-23,2025-10-13,INE002A01018,RELIANCE,BONUS,1:2,,BSE
2025-12-09,2025-12-08,INE155A01022,TATAMOTORS,MERGER,,,RTA
2025-11-26,2025-11-17,INE155A01022,TATAMOTORS,SPLIT,1:1,,RTA
2025-10-12,2025-10-07,INE009A01021,INFY,RIGHTS,1:1,,NSE
2025-12-04,2025-11-29,INE009A01021,INFY,MERGER,,,BSE
2025-10-09,2025-10-02,INE009A01021,INFY,BONUS,2:3,,NSE
2025-11-06,2025-10-29,INE155A01022,TATAMOTORS,MERGER,,,NSE
2025-10-29,2025-10-27,INE018A01030,LT,SPLIT,1:2,,BSE
2025-10-13,2025-10-03,INE237A01028,KOTAKBANK,MERGER,,,BSE
2025-10-08,2025-10-01,INE062A01020,SBIN,BONUS,1:1,,NSE
2025-11-27,2025-11-25,INE009A01021,INFY,SPLIT,1:1,,NSE
2025-12-04,2025-11-24,INE062A01020,SBIN,BONUS,3:5,,RTA
2025-10-28,2025-10-27,INE155A01022,TATAMOTORS,SPLIT,3:5,,RTA
2025-11-04,2025-10-30,INE154A01025,ITC,RIGHTS,3:5,,NSE
2025-09-26,2025-09-23,INE002A01018,RELIANCE,RIGHTS,2:3,,NSE
2025-11-09,2025-10-30,INE002A01018,RELIANCE,SPLIT,1:2,,NSE
2025-10-06,2025-10-01,INE062A01020,SBIN,BONUS,3:5,,NSE
2025-12-04,2025-11-26,INE001A01036,HDFC,BONUS,3:5,,RTA
2025-09-22,2025-09-19,INE237A01028,KOTAKBANK,RIGHTS,1:1,,NSE
2025-11-14,2025-11-06,INE018A01030,LT,RIGHTS,1:2,,RTA
2025-10-12,2025-10-04,INE002A01018,RELIANCE,DIVIDEND,,12.08,BSE
2025-10-16,2025-10-10,INE002A01018,RELIANCE,RIGHTS,1:1,,NSE
2025-11-09,2025-11-07,INE154A01025,ITC,SPLIT,1:1,,NSE
2025-10-03,2025-10-02,INE238A01026,AXISBANK,MERGER,,,BSE
2025-11-02,2025-10-27,INE018A01030,LT,RIGHTS,2:3,,BSE
2025-11-01,2025-10-30,INE002A01018,RELIANCE,MERGER,,,NSE
2025-10-20,2025-10-15,INE154A01025,ITC,MERGER,,,NSE
2025-12-25,2025-12-17,INE154A01025,ITC,RIGHTS,3:5,,BSE
2025-12-07,2025-12-03,INE001A01036,HDFC,BONUS,1:2,,NSE
2025-10-26,2025-10-18,INE018A01030,LT,DIVIDEND,,15.75,RTA
2025-09-24,2025-09-23,INE062A01020,SBIN,DIVIDEND,,1.47,NSE
2025-11-29,2025-11-25,INE018A01030,LT,BONUS,3:5,,RTA
2025-10-26,2025-10-19,INE002A01018,RELIANCE,SPLIT,2:3,,NSE
2025-10-08,2025-10-05,INE238A01026,AXISBANK,MERGER,,,NSE
2025-12-14,2025-12-04,INE154A01025,ITC,DIVIDEND,,10.47,NSE
2025-09-25,2025-09-21,INE154A01025,ITC,SPLIT,1:1,,RTA
2025-10-27,2025-10-19,INE090A01021,ICICIBANK,MERGER,,,NSE
2025-09-25,2025-09-16,INE018A01030,LT,DIVIDEND,,13.82,RTA
2025-09-23,2025-09-20,INE062A01020,SBIN,DIVIDEND,,4.83,NSE
2025-11-18,2025-11-17,INE062A01020,SBIN,BONUS,2:3,,RTA
2025-11-25,2025-11-15,INE237A01028,KOTAKBANK,SPLIT,1:2,,NSE
2025-12-03,2025-11-30,INE001A01036,HDFC,MERGER,,,RTA
2025-11-01,2025-10-27,INE009A01021,INFY,DIVIDEND,,19.68,RTA
2025-10-12,2025-10-10,INE002A01018,RELIANCE,RIGHTS,1:2,,NSE
2025-11-09,2025-11-07,INE090A01021,ICICIBANK,DIVIDEND,,19.42,BSE
2025-09-22,2025-09-21,INE062A01020,SBIN,RIGHTS,3:5,,NSE
2025-10-30,2025-10-25,INE238A01026,AXISBANK,DIVIDEND,,3.64,NSE
2025-11-01,2025-10-31,INE090A01021,ICICIBANK,BONUS,2:3,,BSE
2025-10-14,2025-10-10,INE154A01025,ITC,BONUS,3:5,,BSE
2025-11-14,2025-11-04,INE001A01036,HDFC,RIGHTS,3:5,,NSE
2025-10-21,2025-10-18,INE154A01025,ITC,SPLIT,1:1,,RTA
2025-10-12,2025-10-07,INE238A01026,AXISBANK,BONUS,1:2,,BSE
2025-10-22,2025-10-14,INE001A01036,HDFC,RIGHTS,3:5,,BSE
2025-12-17,2025-12-12,INE237A01028,KOTAKBANK,BONUS,1:1,,NSE
2025-09-29,2025-09-21,INE090A01021,ICICIBANK,DIVIDEND,,7.81,RTA
2025-10-08,2025-10-04,INE237A01028,KOTAKBANK,RIGHTS,2:3,,NSE
2025-11-18,2025-11-10,INE009A01021,INFY,BONUS,2:3,,RTA
2025-09-21,2025-09-15,INE062A01020,SBIN,BONUS,1:2,,BSE
2025-11-21,2025-11-12,INE001A01036,HDFC,MERGER,,,NSE
2025-11-15,2025-11-09,INE090A01021,ICICIBANK,SPLIT,2:3,,BSE
2025-11-23,2025-11-20,INE009A01021,INFY,MERGER,,,NSE
2025-09-28,2025-09-24,INE238A01026,AXISBANK,MERGER,,,NSE
2025-11-06,2025-10-28,INE018A01030,LT,RIGHTS,1:1,,BSE
2025-10-20,2025-10-12,INE155A01022,TATAMOTORS,BONUS,2:3,,NSE
2025-11-16,2025-11-07,INE009A01021,INFY,DIVIDEND,,17.46,NSE
2025-10-04,2025-10-02,INE002A01018,RELIANCE,DIVIDEND,,11.9,NSE
2025-10-30,2025-10-23,INE001A01036,HDFC,DIVIDEND,,4.52,RTA
2025-10-06,2025-09-29,INE062A01020,SBIN,MERGER,,,NSE
2025-12-01,2025-11-29,INE154A01025,ITC,DIVIDEND,,17.65,BSE
2025-11-15,2025-11-14,INE155A01022,TATAMOTORS,SPLIT,1:2,,BSE
2025-10-21,2025-10-18,INE238A01026,AXISBANK,SPLIT,1:1,,RTA
2025-12-05,2025-12-04,INE018A01030,LT,SPLIT,3:5,,NSE
2025-11-24,2025-11-21,INE062A01020,SBIN,DIVIDEND,,17.01,NSE
2025-09-25,2025-09-17,INE018A01030,LT,DIVIDEND,,3.61,BSE
2025-12-24,2025-12-22,INE238A01026,AXISBANK,SPLIT,2:3,,NSE
2025-12-26,2025-12-24,INE237A01028,KOTAKBANK,MERGER,,,NSE
2025-10-14,2025-10-08,INE002A01018,RELIANCE,SPLIT,1:1,,RTA
2025-12-17,2025-12-08,INE062A01020,SBIN,RIGHTS,3:5,,RTA
2025-11-19,2025-11-14,INE238A01026,AXISBANK,BONUS,3:5,,NSE
2025-12-18,2025-12-15,INE238A01026,AXISBANK,BONUS,1:2,,RTA
2025-10-29,2025-10-20,INE238A01026,AXISBANK,MERGER,,,RTA
2025-12-09,2025-12-03,INE002A01018,RELIANCE,BONUS,2:3,,BSE
2025-10-07,2025-09-27,INE090A01021,ICICIBANK,SPLIT,1:1,,BSE
2025-12-01,2025-11-29,INE090A01021,ICICIBANK,DIVIDEND,,2.52,NSE
2025-12-18,2025-12-13,INE062A01020,SBIN,MERGER,,,BSE
2025-12-11,2025-12-08,INE001A01036,HDFC,BONUS,3:5,,RTA
2025-11-24,2025-11-16,INE001A01036,HDFC,SPLIT,2:3,,RTA
2025-11-08,2025-10-31,INE090A01021,ICICIBANK,RIGHTS,1:2,,BSE
2025-10-14,2025-10-10,INE154A01025,ITC,DIVIDEND,,10.16,NSE
2025-10-03,2025-09-24,INE237A01028,KOTAKBANK,BONUS,1:2,,NSE
2025-12-16,2025-12-06,INE001A01036,HDFC,BONUS,3:5,,BSE
2025-12-09,2025-12-08,INE155A01022,TATAMOTORS,DIVIDEND,,2.3,BSE
2025-12-19,2025-12-10,INE001A01036,HDFC,BONUS,1:2,,RTA
2025-11-13,2025-11-03,INE018A01030,LT,RIGHTS,1:1,,NSE
2025-11-11,2025-11-05,INE238A01026,AXISBANK,RIGHTS,3:5,,BSE
2025-10-04,2025-10-01,INE002A01018,RELIANCE,BONUS,1:2,,NSE
2025-10-18,2025-10-15,INE062A01020,SBIN,DIVIDEND,,15.55,NSE
2025-10-10,2025-09-30,INE238A01026,AXISBANK,MERGER,,,RTA
2025-11-07,2025-11-06,INE154A01025,ITC,BONUS,1:2,,NSE
2025-12-25,2025-12-24,INE090A01021,ICICIBANK,DIVIDEND,,15.82,RTA
2025-12-06,2025-12-03,INE018A01030,LT,DIVIDEND,,2.24,RTA
2025-10-25,2025-10-22,INE155A01022,TATAMOTORS,BONUS,2:3,,NSE
2025-09-24,2025-09-15,INE155A01022,TATAMOTORS,BONUS,1:2,,RTA
2025-11-30,2025-11-27,INE018A01030,LT,SPLIT,3:5,,RTA
2025-11-10,2025-11-07,INE018A01030,LT,MERGER,,,RTA
2025-10-18,2025-10-11,INE002A01018,RELIANCE,RIGHTS,3:5,,NSE
2025-12-19,2025-12-10,INE155A01022,TATAMOTORS,RIGHTS,3:5,,BSE
2025-10-28,2025-10-22,INE238A01026,AXISBANK,MERGER,,,BSE
2025-10-12,2025-10-04,INE002A01018,RELIANCE,MERGER,,,BSE
2025-12-11,2025-12-02,INE062A01020,SBIN,SPLIT,1:1,,NSE
2025-11-08,2025-11-02,INE090A01021,ICICIBANK,RIGHTS,1:2,,RTA
2025-12-23,2025-12-17,INE154A01025,ITC,SPLIT,1:2,,RTA
2025-09-26,2025-09-17,INE238A01026,AXISBANK,DIVIDEND,,11.18,RTA
2025-12-01,2025-11-22,INE238A01026,AXISBANK,MERGER,,,BSE
2025-11-15,2025-11-07,INE237A01028,KOTAKBANK,RIGHTS,1:2,,BSE
2025-09-21,2025-09-12,INE002A01018,RELIANCE,BONUS,2:3,,BSE
2025-09-27,2025-09-23,INE237A01028,KOTAKBANK,SPLIT,2:3,,RTA
2025-11-06,2025-10-30,INE155A01022,TATAMOTORS,SPLIT,1:1,,NSE
2025-12-26,2025-12-18,INE237A01028,KOTAKBANK,DIVIDEND,,17.65,BSE
2025-11-26,2025-11-18,INE238A01026,AXISBANK,SPLIT,2:3,,NSE
2025-10-31,2025-10-27,INE062A01020,SBIN,DIVIDEND,,12.96,NSE
2025-12-01,2025-11-25,INE238A01026,AXISBANK,DIVIDEND,,17.91,BSE
2025-12-04,2025-12-01,INE237A01028,KOTAKBANK,RIGHTS,1:1,,RTA
2025-11-26,2025-11-24,INE018A01030,LT,DIVIDEND,,2.11,BSE
2025-09-29,2025-09-27,INE090A01021,ICICIBANK,MERGER,,,RTA
2025-11-05,2025-11-01,INE155A01022,TATAMOTORS,BONUS,1:1,,BSE
2025-12-06,2025-11-28,INE155A01022,TATAMOTORS,MERGER,,,NSE
2025-12-04,2025-11-26,INE018A01030,LT,MERGER,,,RTA
2025-11-02,2025-10-31,INE090A01021,ICICIBANK,DIVIDEND,,8.96,BSE
2025-12-10,2025-12-05,INE155A01022,TATAMOTORS,DIVIDEND,,15.88,BSE
2025-12-13,2025-12-12,INE018A01030,LT,RIGHTS,2:3,,NSE
2025-09-28,2025-09-20,INE090A01021,ICICIBANK,MERGER,,,BSE
2025-11-07,2025-11-03,INE237A01028,KOTAKBANK,RIGHTS,1:1,,RTA
2025-10-31,2025-10-27,INE018A01030,LT,BONUS,1:1,,NSE
2025-11-19,2025-11-16,INE238A01026,AXISBANK,RIGHTS,3:5,,NSE
2025-10-12,2025-10-05,INE002A01018,RELIANCE,DIVIDEND,,3.16,RTA
2025-11-09,2025-11-08,INE155A01022,TATAMOTORS,RIGHTS,1:2,,RTA
2025-12-22,2025-12-18,INE154A01025,ITC,RIGHTS,2:3,,BSE
2025-11-29,2025-11-24,INE002A01018,RELIANCE,BONUS,3:5,,NSE
2025-12-06,2025-12-02,INE154A01025,ITC,MERGER,,,BSE
2025-11-22,2025-11-14,INE009A01021,INFY,MERGER,,,BSE
2025-12-01,2025-11-27,INE090A01021,ICICIBANK,MERGER,,,NSE
2025-10-23,2025-10-22,INE154A01025,ITC,BONUS,1:1,,NSE
2025-11-30,2025-11-22,INE009A01021,INFY,BONUS,3:5,,NSE
2025-10-21,2025-10-19,INE090A01021,ICICIBANK,RIGHTS,1:1,,NSE
2025-12-12,2025-12-09,INE090A01021,ICICIBANK,SPLIT,3:5,,RTA
2025-12-26,2025-12-16,INE238A01026,AXISBANK,BONUS,2:3,,NSE
2025-12-07,2025-11-28,INE090A01021,ICICIBANK,BONUS,2:3,,NSE
2025-11-25,2025-11-24,INE018A01030,LT,BONUS,3:5,,NSE
2025-10-11,2025-10-06,INE154A01025,ITC,BONUS,1:2,,NSE
2025-12-16,2025-12-11,INE155A01022,TATAMOTORS,DIVIDEND,,11.12,BSE
2025-12-07,2025-11-27,INE002A01018,RELIANCE,DIVIDEND,,10.45,RTA
2025-12-07,2025-12-06,INE001A01036,HDFC,DIVIDEND,,9.35,BSE
2025-10-07,2025-09-28,INE238A01026,AXISBANK,BONUS,3:5,,NSE
2025-09-30,2025-09-21,INE154A01025,ITC,MERGER,,,BSE
2025-11-03,2025-10-25,INE155A01022,TATAMOTORS,SPLIT,1:1,,BSE
2025-10-31,2025-10-23,INE155A01022,TATAMOTORS,MERGER,,,BSE
2025-12-20,2025-12-10,INE154A01025,ITC,RIGHTS,3:5,,NSE
2025-09-26,2025-09-25,INE090A01021,ICICIBANK,MERGER,,,NSE
2025-10-23,2025-10-22,INE002A01018,RELIANCE,SPLIT,1:2,,BSE
2025-11-08,2025-10-31,INE238A01026,AXISBANK,SPLIT,2:3,,RTA
2025-12-16,2025-12-08,INE062A01020,SBIN,MERGER,,,NSE
2025-11-11,2025-11-02,INE002A01018,RELIANCE,RIGHTS,3:5,,RTA
2025-10-06,2025-09-26,INE009A01021,INFY,RIGHTS,3:5,,NSE
2025-10-23,2025-10-15,INE009A01021,INFY,SPLIT,1:2,,NSE
2025-09-26,2025-09-24,INE002A01018,RELIANCE,DIVIDEND,,5.38,BSE
2025-12-19,2025-12-14,INE002A01018,RELIANCE,MERGER,,,BSE
2025-12-10,2025-11-30,INE002A01018,RELIANCE,RIGHTS,2:3,,RTA
2025-10-19,2025-10-17,INE237A01028,KOTAKBANK,SPLIT,2:3,,NSE
2025-10-26,2025-10-16,INE002A01018,RELIANCE,SPLIT,1:2,,BSE
2025-09-28,2025-09-26,INE018A01030,LT,MERGER,,,NSE
2025-12-07,2025-12-06,INE002A01018,RELIANCE,BONUS,1:2,,BSE
2025-11-29,2025-11-21,INE001A01036,HDFC,SPLIT,1:2,,NSE
2025-10-09,2025-10-02,INE155A01022,TATAMOTORS,SPLIT,3:5,,BSE
2025-12-23,2025-12-16,INE155A01022,TATAMOTORS,RIGHTS,3:5,,BSE
2025-11-03,2025-11-02,INE237A01028,KOTAKBANK,SPLIT,1:2,,NSE
2025-12-20,2025-12-18,INE062A01020,SBIN,DIVIDEND,,12.59,NSE
2025-10-13,2025-10-12,INE002A01018,RELIANCE,MERGER,,,RTA
2025-11-24,2025-11-20,INE009A01021,INFY,DIVIDEND,,15.33,RTA
2025-11-17,2025-11-15,INE154A01025,ITC,BONUS,1:2,,RTA
2025-12-16,2025-12-08,INE090A01021,ICICIBANK,RIGHTS,1:1,,NSE
2025-09-28,2025-09-22,INE238A01026,AXISBANK,RIGHTS,3:5,,BSE
2025-09-28,2025-09-25,INE062A01020,SBIN,MERGER,,,BSE
2025-11-08,2025-11-05,INE002A01018,RELIANCE,DIVIDEND,,2.64,RTA
2025-10-10,2025-10-04,INE002A01018,RELIANCE,BONUS,1:2,,BSE
2025-12-18,2025-12-15,INE238A01026,AXISBANK,BONUS,3:5,,NSE
2025-12-25,2025-12-21,INE154A01025,ITC,BONUS,1:2,,RTA
2025-10-04,2025-09-30,INE238A01026,AXISBANK,DIVIDEND,,4.25,BSE
2025-11-12,2025-11-10,INE009A01021,INFY,SPLIT,1:2,,RTA
2025-12-18,2025-12-15,INE238A01026,AXISBANK,SPLIT,3:5,,NSE
2025-10-03,2025-09-28,INE155A01022,TATAMOTORS,SPLIT,1:1,,RTA
2025-10-31,2025-10-24,INE062A01020,SBIN,DIVIDEND,,6.13,BSE
2025-10-12,2025-10-02,INE062A01020,SBIN,DIVIDEND,,15.77,RTA
2025-12-02,2025-11-27,INE001A01036,HDFC,MERGER,,,BSE
2025-10-29,2025-10-22,INE154A01025,ITC,RIGHTS,1:2,,NSE
2025-12-18,2025-12-17,INE018A01030,LT,SPLIT,3:5,,NSE
2025-10-03,2025-09-27,INE009A01021,INFY,BONUS,1:2,,RTA
2025-12-13,2025-12-09,INE155A01022,TATAMOTORS,RIGHTS,2:3,,BSE
2025-10-02,2025-09-28,INE002A01018,RELIANCE,SPLIT,1:2,,RTA
2025-12-10,2025-12-03,INE154A01025,ITC,MERGER,,,NSE
2025-10-29,2025-10-20,INE237A01028,KOTAKBANK,MERGER,,,BSE
2025-12-25,2025-12-19,INE062A01020,SBIN,DIVIDEND,,1.93,NSE
2025-11-30,2025-11-23,INE018A01030,LT,SPLIT,2:3,,NSE
2025-11-06,2025-10-29,INE002A01018,RELIANCE,SPLIT,1:2,,RTA
2025-12-21,2025-12-19,INE238A01026,AXISBANK,SPLIT,1:2,,RTA
2025-10-18,2025-10-08,INE002A01018,RELIANCE,MERGER,,,BSE
2025-12-17,2025-12-10,INE009A01021,INFY,BONUS,1:2,,BSE
2025-10-13,2025-10-07,INE090A01021,ICICIBANK,SPLIT,1:2,,BSE
2025-12-05,2025-11-25,INE001A01036,HDFC,RIGHTS,1:2,,BSE
2025-09-25,2025-09-23,INE090A01021,ICICIBANK,SPLIT,2:3,,BSE
2025-11-13,2025-11-10,INE237A01028,KOTAKBANK,BONUS,1:2,,RTA
2025-12-10,2025-12-05,INE009A01021,INFY,RIGHTS,1:1,,RTA
2025-10-31,2025-10-24,INE002A01018,RELIANCE,BONUS,1:2,,BSE
2025-12-01,2025-11-27,INE018A01030,LT,MERGER,,,RTA
2025-11-23,2025-11-17,INE090A01021,ICICIBANK,RIGHTS,3:5,,RTA
2025-11-16,2025-11-08,INE090A01021,ICICIBANK,SPLIT,2:3,,RTA
2025-09-23,2025-09-16,INE009A01021,INFY,DIVIDEND,,10.02,BSE
2025-12-16,2025-12-13,INE237A01028,KOTAKBANK,DIVIDEND,,4.46,BSE
2025-10-22,2025-10-16,INE018A01030,LT,MERGER,,,BSE
2025-10-13,2025-10-12,INE018A01030,LT,MERGER,,,NSE
2025-10-16,2025-10-14,INE090A01021,ICICIBANK,MERGER,,,NSE
2025-11-23,2025-11-17,INE238A01026,AXISBANK,DIVIDEND,,8.67,RTA
2025-11-16,2025-11-11,INE154A01025,ITC,SPLIT,1:2,,BSE
2025-11-20,2025-11-19,INE009A01021,INFY,SPLIT,3:5,,NSE
2025-12-12,2025-12-04,INE154A01025,ITC,SPLIT,1:2,,NSE
2025-10-27,2025-10-24,INE062A01020,SBIN,RIGHTS,1:2,,BSE
2025-10-30,2025-10-20,INE238A01026,AXISBANK,DIVIDEND,,17.19,RTA
2025-11-09,2025-11-06,INE002A01018,RELIANCE,SPLIT,1:1,,RTA
2025-11-01,2025-10-25,INE155A01022,TATAMOTORS,RIGHTS,2:3,,NSE
2025-09-23,2025-09-15,INE090A01021,ICICIBANK,MERGER,,,RTA
2025-11-23,2025-11-15,INE154A01025,ITC,DIVIDEND,,1.28,NSE
2025-11-12,2025-11-10,INE155A01022,TATAMOTORS,MERGER,,,RTA
2025-10-24,2025-10-14,INE154A01025,ITC,RIGHTS,3:5,,BSE
2025-10-15,2025-10-13,INE237A01028,KOTAKBANK,SPLIT,3:5,,BSE
2025-10-05,2025-09-27,INE001A01036,HDFC,SPLIT,1:2,,RTA
2025-11-05,2025-10-31,INE018A01030,LT,SPLIT,3:5,,RTA
2025-12-24,2025-12-15,INE238A01026,AXISBANK,SPLIT,1:1,,BSE
2025-11-12,2025-11-06,INE154A01025,ITC,BONUS,1:2,,BSE
2025-11-12,2025-11-11,INE009A01021,INFY,BONUS,3:5,,BSE
2025-11-12,2025-11-10,INE009A01021,INFY,RIGHTS,1:1,,NSE
2025-11-25,2025-11-22,INE018A01030,LT,DIVIDEND,,10.85,RTA
2025-10-23,2025-10-20,INE002A01018,RELIANCE,BONUS,3:5,,BSE
2025-10-24,2025-10-22,INE238A01026,AXISBANK,MERGER,,,RTA
2025-11-07,2025-10-30,INE002A01018,RELIANCE,BONUS,1:2,,RTA
2025-11-28,2025-11-22,INE001A01036,HDFC,DIVIDEND,,6.59,RTA
2025-12-10,2025-12-09,INE237A01028,KOTAKBANK,BONUS,2:3,,BSE
2025-10-28,2025-10-24,INE090A01021,ICICIBANK,MERGER,,,RTA
2025-11-03,2025-10-24,INE009A01021,INFY,MERGER,,,RTA
2025-10-29,2025-10-22,INE018A01030,LT,SPLIT,1:2,,RTA
2025-12-19,2025-12-13,INE062A01020,SBIN,MERGER,,,NSE
2025-11-21,2025-11-19,INE062A01020,SBIN,RIGHTS,3:5,,NSE
2025-09-21,2025-09-17,INE002A01018,RELIANCE,MERGER,,,RTA
2025-11-01,2025-10-23,INE001A01036,HDFC,SPLIT,3:5,,NSE
2025-11-09,2025-11-08,INE237A01028,KOTAKBANK,BONUS,3:5,,NSE
2025-09-27,2025-09-26,INE018A01030,LT,SPLIT,2:3,,RTA
2025-10-22,2025-10-19,INE002A01018,RELIANCE,BONUS,2:3,,RTA
2025-11-27,2025-11-20,INE018A01030,LT,SPLIT,2:3,,NSE
2025-12-12,2025-12-11,INE009A01021,INFY,DIVIDEND,,2.72,NSE
2025-10-05,2025-09-28,INE009A01021,INFY,RIGHTS,2:3,,NSE
2025-12-18,2025-12-08,INE090A01021,ICICIBANK,SPLIT,2:3,,RTA
2025-09-25,2025-09-21,INE062A01020,SBIN,MERGER,,,RTA
2025-10-03,2025-09-23,INE237A01028,KOTAKBANK,BONUS,1:1,,BSE
2025-10-18,2025-10-11,INE237A01028,KOTAKBANK,BONUS,2:3,,RTA
2025-10-06,2025-09-26,INE090A01021,ICICIBANK,RIGHTS,1:2,,RTA
2025-10-09,2025-10-07,INE002A01018,RELIANCE,MERGER,,,BSE
2025-12-02,2025-11-23,INE155A01022,TATAMOTORS,RIGHTS,2:3,,BSE
2025-10-22,2025-10-16,INE237A01028,KOTAKBANK,RIGHTS,1:2,,RTA
2025-11-02,2025-10-28,INE154A01025,ITC,MERGER,,,NSE
2025-12-08,2025-12-07,INE018A01030,LT,DIVIDEND,,17.29,RTA
2025-12-06,2025-11-26,INE154A01025,ITC,BONUS,1:2,,NSE
2025-12-02,2025-11-27,INE155A01022,TATAMOTORS,MERGER,,,BSE
2025-12-04,2025-12-01,INE009A01021,INFY,RIGHTS,2:3,,NSE
2025-09-23,2025-09-13,INE018A01030,LT,SPLIT,1:2,,RTA
2025-12-19,2025-12-13,INE154A01025,ITC,SPLIT,1:1,,BSE
2025-10-27,2025-10-25,INE001A01036,HDFC,RIGHTS,1:1,,NSE
2025-11-24,2025-11-23,INE062A01020,SBIN,BONUS,1:1,,RTA
2025-10-03,2025-09-29,INE155A01022,TATAMOTORS,SPLIT,3:5,,RTA
2025-12-07,2025-12-01,INE009A01021,INFY,BONUS,1:1,,RTA
2025-12-15,2025-12-06,INE009A01021,INFY,MERGER,,,NSE
2025-11-09,2025-11-02,INE155A01022,TATAMOTORS,RIGHTS,1:1,,NSE
2025-12-01,2025-11-22,INE062A01020,SBIN,RIGHTS,3:5,,BSE
2025-10-04,2025-09-24,INE090A01021,ICICIBANK,BONUS,2:3,,BSE
2025-12-10,2025-12-09,INE001A01036,HDFC,BONUS,1:1,,NSE
2025-10-31,2025-10-24,INE154A01025,ITC,MERGER,,,BSE
2025-10-19,2025-10-13,INE237A01028,KOTAKBANK,DIVIDEND,,7.97,BSE
2025-11-10,2025-11-05,INE001A01036,HDFC,BONUS,2:3,,BSE
2025-12-07,2025-12-04,INE062A01020,SBIN,BONUS,1:2,,RTA
2025-11-07,2025-11-06,INE001A01036,HDFC,MERGER,,,NSE
2025-10-17,2025-10-11,INE009A01021,INFY,SPLIT,1:1,,BSE
2025-11-23,2025-11-15,INE237A01028,KOTAKBANK,SPLIT,1:2,,BSE
2025-12-15,2025-12-05,INE002A01018,RELIANCE,RIGHTS,3:5,,NSE
2025-10-23,2025-10-21,INE090A01021,ICICIBANK,RIGHTS,2:3,,NSE
2025-10-04,2025-09-27,INE062A01020,SBIN,BONUS,3:5,,BSE
2025-10-09,2025-09-29,INE090A01021,ICICIBANK,SPLIT,2:3,,NSE
2025-11-05,2025-10-27,INE155A01022,TATAMOTORS,BONUS,2:3,,RTA
2025-10-09,2025-09-29,INE009A01021,INFY,MERGER,,,NSE
2025-12-22,2025-12-17,INE002A01018,RELIANCE,RIGHTS,2:3,,BSE
2025-10-12,2025-10-02,INE238A01026,AXISBANK,MERGER,,,BSE
2025-10-15,2025-10-11,INE018A01030,LT,BONUS,1:2,,NSE
2025-12-19,2025-12-18,INE155A01022,TATAMOTORS,BONUS,2:3,,RTA
2025-11-24,2025-11-22,INE238A01026,AXISBANK,MERGER,,,RTA
2025-11-18,2025-11-13,INE018A01030,LT,SPLIT,1:2,,RTA
2025-11-12,2025-11-06,INE237A01028,KOTAKBANK,DIVIDEND,,19.72,RTA
2025-11-03,2025-10-27,INE237A01028,KOTAKBANK,RIGHTS,3:5,,BSE
2025-10-20,2025-10-18,INE018A01030,LT,MERGER,,,NSE
2025-12-07,2025-12-06,INE237A01028,KOTAKBANK,MERGER,,,BSE
2025-12-06,2025-12-02,INE090A01021,ICICIBANK,SPLIT,1:1,,NSE
2025-09-23,2025-09-18,INE237A01028,KOTAKBANK,DIVIDEND,,5.74,BSE
2025-10-21,2025-10-18,INE018A01030,LT,BONUS,2:3,,BSE
2025-12-09,2025-12-06,INE002A01018,RELIANCE,BONUS,3:5,,BSE
2025-10-26,2025-10-23,INE154A01025,ITC,BONUS,2:3,,NSE
2025-10-19,2025-10-18,INE018A01030,LT,RIGHTS,1:1,,RTA
2025-11-18,2025-11-11,INE001A01036,HDFC,SPLIT,3:5,,NSE
2025-12-23,2025-12-13,INE238A01026,AXISBANK,DIVIDEND,,8.08,BSE
2025-12-21,2025-12-19,INE001A01036,HDFC,MERGER,,,RTA
2025-09-21,2025-09-15,INE002A01018,RELIANCE,SPLIT,1:1,,NSE
2025-10-15,2025-10-10,INE155A01022,TATAMOTORS,RIGHTS,1:2,,NSE
2025-11-22,2025-11-13,INE237A01028,KOTAKBANK,RIGHTS,1:2,,BSE
2025-11-19,2025-11-11,INE018A01030,LT,MERGER,,,BSE
2025-11-14,2025-11-13,INE237A01028,KOTAKBANK,SPLIT,2:3,,NSE
2025-11-10,2025-11-05,INE009A01021,INFY,SPLIT,3:5,,NSE
2025-10-31,2025-10-26,INE090A01021,ICICIBANK,DIVIDEND,,19.89,RTA
2025-12-15,2025-12-05,INE237A01028,KOTAKBANK,SPLIT,3:5,,BSE
2025-12-25,2025-12-16,INE002A01018,RELIANCE,MERGER,,,RTA
2025-10-20,2025-10-11,INE001A01036,HDFC,SPLIT,2:3,,BSE
2025-11-15,2025-11-07,INE090A01021,ICICIBANK,RIGHTS,1:2,,BSE
2025-11-15,2025-11-08,INE002A01018,RELIANCE,SPLIT,1:2,,BSE
2025-11-17,2025-11-07,INE154A01025,ITC,DIVIDEND,,7.18,BSE
2025-10-16,2025-10-06,INE009A01021,INFY,BONUS,1:2,,RTA
2025-10-12,2025-10-06,INE155A01022,TATAMOTORS,BONUS,1:1,,RTA
2025-12-21,2025-12-17,INE001A01036,HDFC,RIGHTS,2:3,,RTA
2025-12-26,2025-12-17,INE001A01036,HDFC,RIGHTS,1:1,,RTA
2025-12-18,2025-12-17,INE154A01025,ITC,BONUS,1:2,,NSE
2025-10-30,2025-10-21,INE062A01020,SBIN,BONUS,1:2,,RTA
2025-10-16,2025-10-12,INE237A01028,KOTAKBANK,RIGHTS,1:1,,BSE
2025-09-23,2025-09-18,INE009A01021,INFY,RIGHTS,1:2,,BSE
2025-11-15,2025-11-13,INE009A01021,INFY,SPLIT,2:3,,RTA
2025-11-09,2025-11-01,INE155A01022,TATAMOTORS,MERGER,,,NSE
2025-09-26,2025-09-25,INE062A01020,SBIN,RIGHTS,1:1,,RTA
2025-12-23,2025-12-14,INE155A01022,TATAMOTORS,MERGER,,,NSE
2025-10-22,2025-10-12,INE155A01022,TATAMOTORS,MERGER,,,BSE
2025-11-13,2025-11-10,INE238A01026,AXISBANK,RIGHTS,2:3,,NSE
2025-10-31,2025-10-28,INE155A01022,TATAMOTORS,RIGHTS,3:5,,BSE
2025-10-13,2025-10-05,INE018A01030,LT,DIVIDEND,,17.8,RTA
2025-11-24,2025-11-19,INE018A01030,LT,MERGER,,,BSE
2025-11-11,2025-11-07,INE002A01018,RELIANCE,BONUS,1:2,,BSE
2025-12-21,2025-12-17,INE002A01018,RELIANCE,BONUS,3:5,,NSE
2025-10-05,2025-10-03,INE154A01025,ITC,DIVIDEND,,9.84,NSE
2025-11-28,2025-11-26,INE155A01022,TATAMOTORS,SPLIT,1:1,,RTA
2025-11-16,2025-11-07,INE018A01030,LT,SPLIT,2:3,,BSE
2025-10-20,2025-10-12,INE002A01018,RELIANCE,RIGHTS,2:3,,BSE
2025-09-23,2025-09-19,INE001A01036,HDFC,SPLIT,3:5,,BSE
2025-11-04,2025-11-01,INE090A01021,ICICIBANK,DIVIDEND,,2.38,NSE
2025-10-01,2025-09-26,INE002A01018,RELIANCE,BONUS,1:1,,BSE
2025-11-16,2025-11-06,INE155A01022,TATAMOTORS,BONUS,1:1,,RTA
2025-12-03,2025-11-24,INE238A01026,AXISBANK,DIVIDEND,,2.21,BSE
2025-11-08,2025-11-03,INE009A01021,INFY,SPLIT,2:3,,NSE
2025-10-27,2025-10-20,INE009A01021,INFY,SPLIT,2:3,,NSE
2025-11-25,2025-11-24,INE237A01028,KOTAKBANK,BONUS,1:2,,RTA
2025-10-30,2025-10-21,INE062A01020,SBIN,DIVIDEND,,18.61,RTA
2025-12-13,2025-12-08,INE009A01021,INFY,DIVIDEND,,3.81,NSE
2025-12-24,2025-12-19,INE090A01021,ICICIBANK,RIGHTS,1:2,,BSE
2025-10-16,2025-10-08,INE009A01021,INFY,RIGHTS,3:5,,BSE
2025-10-23,2025-10-17,INE062A01020,SBIN,BONUS,2:3,,BSE
2025-09-26,2025-09-18,INE237A01028,KOTAKBANK,DIVIDEND,,11.41,RTA
2025-12-24,2025-12-15,INE001A01036,HDFC,SPLIT,2:3,,RTA
2025-09-30,2025-09-29,INE090A01021,ICICIBANK,MERGER,,,BSE
2025-11-06,2025-11-02,INE001A01036,HDFC,DIVIDEND,,3.7,RTA
2025-12-23,2025-12-18,INE009A01021,INFY,SPLIT,3:5,,BSE
2025-10-15,2025-10-08,INE238A01026,AXISBANK,RIGHTS,1:1,,BSE
2025-12-26,2025-12-23,INE154A01025,ITC,BONUS,2:3,,RTA
2025-09-25,2025-09-15,INE237A01028,KOTAKBANK,SPLIT,1:1,,BSE
2025-11-28,2025-11-18,INE237A01028,KOTAKBANK,RIGHTS,1:1,,NSE
2025-10-23,2025-10-19,INE090A01021,ICICIBANK,SPLIT,1:2,,RTA
2025-11-14,2025-11-05,INE002A01018,RELIANCE,BONUS,1:2,,RTA
2025-10-02,2025-09-24,INE018A01030,LT,DIVIDEND,,16.68,BSE
2025-12-13,2025-12-07,INE002A01018,RELIANCE,SPLIT,1:1,,NSE
2025-12-26,2025-12-19,INE090A01021,ICICIBANK,MERGER,,,NSE
2025-10-01,2025-09-25,INE002A01018,RELIANCE,BONUS,1:2,,NSE
2025-11-22,2025-11-14,INE090A01021,ICICIBANK,MERGER,,,BSE
2025-09-26,2025-09-20,INE237A01028,KOTAKBANK,RIGHTS,1:2,,NSE
2025-12-02,2025-11-23,INE237A01028,KOTAKBANK,DIVIDEND,,2.16,BSE
2025-10-06,2025-10-03,INE237A01028,KOTAKBANK,RIGHTS,1:2,,BSE
2025-12-17,2025-12-15,INE154A01025,ITC,MERGER,,,BSE
2025-11-16,2025-11-06,INE002A01018,RELIANCE,RIGHTS,3:5,,BSE
2025-11-11,2025-11-08,INE155A01022,TATAMOTORS,RIGHTS,1:2,,RTA
2025-09-22,2025-09-15,INE237A01028,KOTAKBANK,RIGHTS,3:5,,RTA
2025-11-12,2025-11-05,INE062A01020,SBIN,RIGHTS,3:5,,BSE
2025-09-22,2025-09-18,INE062A01020,SBIN,BONUS,2:3,,NSE
2025-10-27,2025-10-23,INE155A01022,TATAMOTORS,MERGER,,,RTA
2025-11-19,2025-11-14,INE001A01036,HDFC,MERGER,,,RTA
2025-11-06,2025-10-31,INE001A01036,HDFC,MERGER,,,NSE
2025-12-12,2025-12-03,INE009A01021,INFY,SPLIT,1:2,,NSE
2025-12-10,2025-12-02,INE002A01018,RELIANCE,BONUS,2:3,,BSE
2025-11-25,2025-11-21,INE155A01022,TATAMOTORS,MERGER,,,NSE
2025-11-17,2025-11-12,INE062A01020,SBIN,BONUS,2:3,,RTA
2025-11-23,2025-11-15,INE238A01026,AXISBANK,RIGHTS,1:2,,RTA
2025-11-24,2025-11-18,INE018A01030,LT,RIGHTS,2:3,,RTA
2025-12-22,2025-12-17,INE002A01018,RELIANCE,MERGER,,,RTA
2025-11-16,2025-11-11,INE062A01020,SBIN,DIVIDEND,,7.23,RTA
2025-12-12,2025-12-05,INE090A01021,ICICIBANK,DIVIDEND,,2.95,BSE
2025-11-17,2025-11-15,INE090A01021,ICICIBANK,DIVIDEND,,11.99,BSE
2025-12-13,2025-12-07,INE062A01020,SBIN,SPLIT,1:2,,NSE
2025-10-08,2025-10-01,INE001A01036,HDFC,SPLIT,1:2,,NSE
2025-11-30,2025-11-29,INE018A01030,LT,BONUS,1:2,,BSE
2025-10-23,2025-10-20,INE154A01025,ITC,BONUS,1:2,,RTA
2025-10-03,2025-09-24,INE237A01028,KOTAKBANK,RIGHTS,2:3,,NSE
2025-11-10,2025-11-06,INE009A01021,INFY,SPLIT,1:2,,NSE
2025-11-19,2025-11-14,INE009A01021,INFY,DIVIDEND,,1.23,NSE
2025-12-11,2025-12-08,INE009A01021,INFY,DIVIDEND,,4.85,BSE
2025-10-06,2025-10-03,INE001A01036,HDFC,BONUS,3:5,,NSE
2025-10-19,2025-10-14,INE155A01022,TATAMOTORS,BONUS,1:2,,RTA
2025-12-11,2025-12-02,INE062A01020,SBIN,MERGER,,,NSE
2025-09-23,2025-09-16,INE090A01021,ICICIBANK,DIVIDEND,,18.42,NSE
2025-10-16,2025-10-14,INE155A01022,TATAMOTORS,BONUS,1:1,,RTA
2025-11-15,2025-11-08,INE090A01021,ICICIBANK,RIGHTS,1:2,,NSE
2025-10-16,2025-10-07,INE238A01026,AXISBANK,SPLIT,2:3,,RTA
2025-09-29,2025-09-21,INE002A01018,RELIANCE,BONUS,3:5,,BSE
2025-12-06,2025-11-30,INE090A01021,ICICIBANK,BONUS,2:3,,BSE
2025-11-29,2025-11-27,INE009A01021,INFY,MERGER,,,NSE
2025-12-18,2025-12-14,INE009A01021,INFY,BONUS,1:1,,RTA
2025-10-22,2025-10-15,INE018A01030,LT,MERGER,,,BSE
2025-11-28,2025-11-18,INE009A01021,INFY,BONUS,2:3,,RTA
2025-12-26,2025-12-18,INE237A01028,KOTAKBANK,MERGER,,,RTA
2025-11-16,2025-11-07,INE238A01026,AXISBANK,MERGER,,,NSE
2025-10-30,2025-10-27,INE062A01020,SBIN,BONUS,2:3,,RTA
2025-12-16,2025-12-11,INE155A01022,TATAMOTORS,RIGHTS,3:5,,RTA
2025-12-08,2025-11-28,INE062A01020,SBIN,BONUS,2:3,,NSE
2025-12-07,2025-11-27,INE237A01028,KOTAKBANK,SPLIT,1:2,,BSE
2025-10-30,2025-10-28,INE001A01036,HDFC,BONUS,3:5,,NSE
2025-11-22,2025-11-15,INE154A01025,ITC,BONUS,2:3,,BSE
2025-11-22,2025-11-21,INE001A01036,HDFC,BONUS,2:3,,NSE
2025-11-06,2025-10-31,INE001A01036,HDFC,MERGER,,,RTA
2025-10-01,2025-09-28,INE062A01020,SBIN,DIVIDEND,,16.08,NSE
2025-10-24,2025-10-19,INE090A01021,ICICIBANK,RIGHTS,2:3,,RTA
2025-12-24,2025-12-14,INE018A01030,LT,RIGHTS,2:3,,BSE
2025-11-09,2025-10-30,INE237A01028,KOTAKBANK,DIVIDEND,,9.52,BSE
2025-10-03,2025-09-26,INE237A01028,KOTAKBANK,RIGHTS,2:3,,RTA
2025-11-14,2025-11-08,INE009A01021,INFY,DIVIDEND,,9.35,NSE
2025-11-01,2025-10-25,INE238A01026,AXISBANK,DIVIDEND,,13.98,RTA
2025-11-09,2025-10-31,INE090A01021,ICICIBANK,BONUS,3:5,,RTA
2025-12-03,2025-11-27,INE018A01030,LT,DIVIDEND,,14.45,RTA
2025-10-05,2025-09-28,INE018A01030,LT,MERGER,,,RTA
2025-11-19,2025-11-09,INE155A01022,TATAMOTORS,MERGER,,,NSE
2025-11-12,2025-11-06,INE018A01030,LT,RIGHTS,3:5,,RTA
2025-10-20,2025-10-12,INE154A01025,ITC,SPLIT,1:1,,BSE
2025-10-07,2025-10-03,INE001A01036,HDFC,SPLIT,1:1,,RTA
2025-10-31,2025-10-27,INE009A01021,INFY,RIGHTS,1:2,,BSE
2025-12-15,2025-12-12,INE155A01022,TATAMOTORS,DIVIDEND,,18.74,BSE
2025-12-08,2025-12-06,INE062A01020,SBIN,SPLIT,2:3,,BSE
2025-10-27,2025-10-20,INE062A01020,SBIN,MERGER,,,RTA
2025-10-04,2025-09-29,INE155A01022,TATAMOTORS,DIVIDEND,,7.12,NSE
2025-11-28,2025-11-25,INE001A01036,HDFC,SPLIT,1:2,,NSE
2025-10-13,2025-10-03,INE238A01026,AXISBANK,MERGER,,,RTA
2025-10-22,2025-10-20,INE018A01030,LT,RIGHTS,2:3,,RTA
2025-11-02,2025-10-28,INE154A01025,ITC,MERGER,,,NSE
2025-12-18,2025-12-13,INE238A01026,AXISBANK,SPLIT,1:1,,BSE
2025-10-31,2025-10-23,INE238A01026,AXISBANK,MERGER,,,RTA
2025-09-30,2025-09-21,INE009A01021,INFY,SPLIT,1:1,,BSE
2025-12-10,2025-12-04,INE237A01028,KOTAKBANK,BONUS,1:2,,BSE
2025-11-16,2025-11-12,INE155A01022,TATAMOTORS,RIGHTS,2:3,,RTA
2025-10-06,2025-09-27,INE062A01020,SBIN,MERGER,,,RTA
2025-12-11,2025-12-08,INE238A01026,AXISBANK,MERGER,,,BSE
2025-12-18,2025-12-16,INE001A01036,HDFC,SPLIT,3:5,,NSE
2025-10-26,2025-10-20,INE062A01020,SBIN,RIGHTS,3:5,,RTA
2025-11-17,2025-11-13,INE154A01025,ITC,MERGER,,,NSE
2025-12-01,2025-11-23,INE155A01022,TATAMOTORS,RIGHTS,2:3,,NSE
2025-10-26,2025-10-20,INE009A01021,INFY,DIVIDEND,,1.12,NSE
2025-10-24,2025-10-20,INE238A01026,AXISBANK,MERGER,,,NSE
2025-09-25,2025-09-15,INE155A01022,TATAMOTORS,SPLIT,1:2,,NSE
2025-10-12,2025-10-07,INE238A01026,AXISBANK,SPLIT,2:3,,NSE
2025-10-22,2025-10-19,INE001A01036,HDFC,BONUS,3:5,,NSE
2025-12-18,2025-12-11,INE090A01021,ICICIBANK,MERGER,,,NSE
2025-10-12,2025-10-06,INE090A01021,ICICIBANK,RIGHTS,1:2,,NSE
2025-10-17,2025-10-08,INE090A01021,ICICIBANK,MERGER,,,RTA
2025-09-28,2025-09-21,INE009A01021,INFY,SPLIT,1:1,,BSE
2025-11-09,2025-11-05,INE154A01025,ITC,RIGHTS,2:3,,NSE
2025-12-25,2025-12-15,INE009A01021,INFY,MERGER,,,BSE
2025-12-15,2025-12-09,INE090A01021,ICICIBANK,BONUS,3:5,,NSE
2025-10-16,2025-10-13,INE001A01036,HDFC,DIVIDEND,,3.92,BSE
2025-12-20,2025-12-16,INE155A01022,TATAMOTORS,MERGER,,,RTA
2025-11-07,2025-11-02,INE237A01028,KOTAKBANK,RIGHTS,3:5,,BSE
2025-10-24,2025-10-22,INE002A01018,RELIANCE,RIGHTS,1:2,,BSE
2025-11-08,2025-10-30,INE002A01018,RELIANCE,SPLIT,2:3,,BSE
2025-11-16,2025-11-15,INE238A01026,AXISBANK,BONUS,2:3,,RTA
2025-10-05,2025-10-04,INE155A01022,TATAMOTORS,MERGER,,,BSE
2025-11-05,2025-11-01,INE001A01036,HDFC,SPLIT,2:3,,RTA
2025-10-02,2025-09-23,INE237A01028,KOTAKBANK,RIGHTS,2:3,,BSE
2025-12-18,2025-12-14,INE237A01028,KOTAKBANK,MERGER,,,NSE
2025-10-17,2025-10-14,INE090A01021,ICICIBANK,RIGHTS,1:1,,RTA
2025-12-23,2025-12-22,INE154A01025,ITC,RIGHTS,1:1,,NSE
2025-10-16,2025-10-14,INE062A01020,SBIN,SPLIT,3:5,,RTA
2025-11-05,2025-11-01,INE062A01020,SBIN,BONUS,1:1,,BSE
2025-11-08,2025-11-06,INE238A01026,AXISBANK,MERGER,,,RTA
2025-12-22,2025-12-20,INE002A01018,RELIANCE,RIGHTS,2:3,,RTA
2025-11-15,2025-11-10,INE237A01028,KOTAKBANK,DIVIDEND,,17.49,BSE
2025-10-24,2025-10-21,INE009A01021,INFY,RIGHTS,3:5,,NSE
2025-10-26,2025-10-20,INE237A01028,KOTAKBANK,RIGHTS,1:1,,RTA
2025-11-19,2025-11-15,INE001A01036,HDFC,MERGER,,,BSE
2025-10-05,2025-10-04,INE009A01021,INFY,RIGHTS,1:2,,NSE
2025-09-23,2025-09-13,INE018A01030,LT,BONUS,3:5,,NSE
2025-11-26,2025-11-18,INE238A01026,AXISBANK,MERGER,,,RTA
2025-11-19,2025-11-10,INE062A01020,SBIN,BONUS,1:2,,BSE
2025-11-19,2025-11-17,INE018A01030,LT,DIVIDEND,,7.73,BSE
2025-12-02,2025-11-29,INE155A01022,TATAMOTORS,BONUS,2:3,,BSE
2025-12-22,2025-12-13,INE237A01028,KOTAKBANK,RIGHTS,1:1,,BSE
2025-12-07,2025-12-05,INE238A01026,AXISBANK,SPLIT,3:5,,NSE
2025-12-16,2025-12-12,INE155A01022,TATAMOTORS,MERGER,,,RTA
2025-11-03,2025-10-26,INE001A01036,HDFC,MERGER,,,RTA
2025-12-11,2025-12-02,INE009A01021,INFY,BONUS,2:3,,BSE
2025-11-19,2025-11-18,INE002A01018,RELIANCE,BONUS,1:2,,NSE
2025-11-25,2025-11-17,INE238A01026,AXISBANK,RIGHTS,1:2,,RTA
2025-11-21,2025-11-13,INE018A01030,LT,SPLIT,1:2,,BSE
2025-10-02,2025-09-23,INE009A01021,INFY,DIVIDEND,,17.12,BSE
2025-09-21,2025-09-20,INE002A01018,RELIANCE,BONUS,1:1,,NSE
2025-11-09,2025-11-08,INE154A01025,ITC,RIGHTS,1:1,,BSE
2025-11-08,2025-11-07,INE155A01022,TATAMOTORS,SPLIT,1:1,,RTA
2025-09-29,2025-09-21,INE062A01020,SBIN,DIVIDEND,,4.08,RTA
2025-12-18,2025-12-10,INE155A01022,TATAMOTORS,RIGHTS,2:3,,BSE
2025-10-03,2025-09-28,INE009A01021,INFY,DIVIDEND,,1.78,RTA
2025-10-06,2025-10-02,INE237A01028,KOTAKBANK,SPLIT,1:2,,BSE
2025-12-26,2025-12-24,INE002A01018,RELIANCE,MERGER,,,BSE
2025-11-26,2025-11-19,INE155A01022,TATAMOTORS,DIVIDEND,,10.35,RTA
2025-10-04,2025-09-25,INE237A01028,KOTAKBANK,MERGER,,,NSE
2025-11-13,2025-11-05,INE237A01028,KOTAKBANK,RIGHTS,3:5,,BSE
2025-10-04,2025-10-03,INE237A01028,KOTAKBANK,BONUS,2:3,,BSE
2025-10-08,2025-09-28,INE154A01025,ITC,RIGHTS,1:2,,BSE
2025-11-13,2025-11-07,INE090A01021,ICICIBANK,MERGER,,,BSE
2025-12-25,2025-12-22,INE009A01021,INFY,DIVIDEND,,19.13,BSE
2025-10-03,2025-09-25,INE009A01021,INFY,MERGER,,,BSE
2025-12-11,2025-12-08,INE001A01036,HDFC,SPLIT,3:5,,BSE
2025-11-22,2025-11-13,INE155A01022,TATAMOTORS,BONUS,2:3,,BSE
2025-12-26,2025-12-25,INE090A01021,ICICIBANK,SPLIT,1:2,,NSE
2025-11-01,2025-10-25,INE002A01018,RELIANCE,DIVIDEND,,15.01,NSE
2025-11-29,2025-11-19,INE018A01030,LT,RIGHTS,3:5,,NSE
2025-10-31,2025-10-28,INE238A01026,AXISBANK,BONUS,1:2,,RTA
2025-11-27,2025-11-20,INE155A01022,TATAMOTORS,RIGHTS,1:2,,BSE
2025-12-03,2025-11-25,INE002A01018,RELIANCE,DIVIDEND,,16.5,BSE
2025-11-22,2025-11-15,INE154A01025,ITC,BONUS,2:3,,BSE
2025-12-01,2025-11-21,INE018A01030,LT,RIGHTS,2:3,,NSE
2025-10-22,2025-10-19,INE001A01036,HDFC,RIGHTS,3:5,,NSE
2025-11-21,2025-11-18,INE238A01026,AXISBANK,DIVIDEND,,14.68,BSE
2025-10-20,2025-10-16,INE090A01021,ICICIBANK,DIVIDEND,,11.12,RTA
2025-10-07,2025-09-27,INE001A01036,HDFC,RIGHTS,2:3,,NSE
2025-11-18,2025-11-13,INE018A01030,LT,DIVIDEND,,19.27,NSE
2025-10-16,2025-10-11,INE001A01036,HDFC,BONUS,3:5,,BSE
2025-10-15,2025-10-14,INE009A01021,INFY,BONUS,1:2,,NSE
2025-12-21,2025-12-20,INE237A01028,KOTAKBANK,DIVIDEND,,7.9,RTA
2025-12-05,2025-11-26,INE062A01020,SBIN,BONUS,2:3,,NSE
2025-10-09,2025-09-29,INE090A01021,ICICIBANK,BONUS,1:2,,RTA
2025-11-28,2025-11-19,INE237A01028,KOTAKBANK,RIGHTS,1:2,,NSE
2025-11-27,2025-11-24,INE090A01021,ICICIBANK,RIGHTS,1:1,,BSE
2025-09-24,2025-09-18,INE237A01028,KOTAKBANK,DIVIDEND,,5.82,BSE
2025-11-30,2025-11-22,INE155A01022,TATAMOTORS,DIVIDEND,,15.47,RTA
2025-10-01,2025-09-30,INE001A01036,HDFC,MERGER,,,BSE
2025-12-22,2025-12-20,INE018A01030,LT,BONUS,1:2,,BSE
2025-12-26,2025-12-17,INE237A01028,KOTAKBANK,MERGER,,,RTA
2025-10-13,2025-10-06,INE154A01025,ITC,BONUS,3:5,,RTA
2025-12-07,2025-11-28,INE001A01036,HDFC,BONUS,3:5,,NSE
2025-09-28,2025-09-27,INE018A01030,LT,SPLIT,1:2,,NSE
2025-10-28,2025-10-21,INE002A01018,RELIANCE,MERGER,,,NSE
2025-11-25,2025-11-19,INE238A01026,AXISBANK,BONUS,2:3,,BSE
2025-10-13,2025-10-06,INE002A01018,RELIANCE,RIGHTS,1:2,,BSE
2025-12-01,2025-11-28,INE001A01036,HDFC,SPLIT,1:1,,BSE
2025-10-02,2025-09-30,INE154A01025,ITC,MERGER,,,RTA
2025-10-25,2025-10-20,INE237A01028,KOTAKBANK,MERGER,,,NSE
2025-10-11,2025-10-09,INE001A01036,HDFC,RIGHTS,2:3,,RTA
2025-11-10,2025-11-07,INE154A01025,ITC,BONUS,2:3,,NSE
2025-10-16,2025-10-12,INE001A01036,HDFC,DIVIDEND,,14.28,RTA
2025-10-05,2025-10-04,INE238A01026,AXISBANK,MERGER,,,BSE
2025-12-20,2025-12-19,INE062A01020,SBIN,MERGER,,,BSE
2025-10-04,2025-09-27,INE155A01022,TATAMOTORS,RIGHTS,2:3,,RTA
2025-12-20,2025-12-14,INE002A01018,RELIANCE,DIVIDEND,,1.85,RTA
2025-10-15,2025-10-05,INE018A01030,LT,RIGHTS,3:5,,RTA
2025-09-28,2025-09-24,INE237A01028,KOTAKBANK,SPLIT,1:1,,NSE
2025-12-04,2025-11-28,INE009A01021,INFY,MERGER,,,NSE
2025-11-18,2025-11-12,INE090A01021,ICICIBANK,MERGER,,,BSE
2025-12-17,2025-12-10,INE001A01036,HDFC,SPLIT,3:5,,NSE
2025-12-10,2025-11-30,INE237A01028,KOTAKBANK,DIVIDEND,,17.07,RTA
2025-11-21,2025-11-13,INE155A01022,TATAMOTORS,BONUS,1:2,,NSE
2025-11-21,2025-11-12,INE090A01021,ICICIBANK,BONUS,1:1,,BSE
2025-11-11,2025-11-04,INE002A01018,RELIANCE,SPLIT,1:2,,BSE
2025-10-23,2025-10-16,INE062A01020,SBIN,RIGHTS,3:5,,NSE
2025-11-02,2025-10-26,INE002A01018,RELIANCE,RIGHTS,1:1,,BSE
2025-11-13,2025-11-09,INE155A01022,TATAMOTORS,SPLIT,3:5,,RTA
2025-12-17,2025-12-15,INE238A01026,AXISBANK,BONUS,2:3,,NSE
2025-12-16,2025-12-10,INE155A01022,TATAMOTORS,SPLIT,1:2,,BSE
2025-10-23,2025-10-19,INE009A01021,INFY,MERGER,,,BSE
2025-11-23,2025-11-19,INE237A01028,KOTAKBANK,DIVIDEND,,9.55,BSE
2025-10-19,2025-10-12,INE002A01018,RELIANCE,SPLIT,1:1,,BSE
2025-11-16,2025-11-11,INE238A01026,AXISBANK,RIGHTS,3:5,,NSE
2025-10-28,2025-10-21,INE238A01026,AXISBANK,BONUS,1:1,,RTA
2025-12-20,2025-12-17,INE001A01036,HDFC,RIGHTS,2:3,,NSE
2025-10-28,2025-10-21,INE238A01026,AXISBANK,RIGHTS,1:1,,RTA
2025-09-27,2025-09-25,INE002A01018,RELIANCE,DIVIDEND,,4.53,NSE
2025-09-24,2025-09-14,INE009A01021,INFY,DIVIDEND,,4.63,NSE
2025-10-08,2025-10-07,INE238A01026,AXISBANK,SPLIT,3:5,,BSE
2025-12-20,2025-12-14,INE155A01022,TATAMOTORS,DIVIDEND,,15.18,NSE
2025-10-07,2025-10-05,INE002A01018,RELIANCE,MERGER,,,RTA
2025-10-16,2025-10-10,INE237A01028,KOTAKBANK,RIGHTS,1:2,,RTA
2025-11-18,2025-11-13,INE009A01021,INFY,BONUS,1:2,,RTA
2025-10-28,2025-10-27,INE237A01028,KOTAKBANK,MERGER,,,NSE
2025-11-28,2025-11-19,INE090A01021,ICICIBANK,RIGHTS,2:3,,RTA
2025-12-03,2025-11-25,INE062A01020,SBIN,RIGHTS,1:1,,NSE
2025-10-26,2025-10-17,INE237A01028,KOTAKBANK,BONUS,1:2,,NSE
2025-10-31,2025-10-29,INE009A01021,INFY,RIGHTS,2:3,,RTA
2025-09-28,2025-09-25,INE237A01028,KOTAKBANK,RIGHTS,3:5,,BSE
2025-10-14,2025-10-13,INE090A01021,ICICIBANK,MERGER,,,RTA
2025-10-01,2025-09-26,INE237A01028,KOTAKBANK,MERGER,,,RTA
2025-10-07,2025-10-01,INE154A01025,ITC,MERGER,,,NSE
2025-12-06,2025-11-26,INE002A01018,RELIANCE,RIGHTS,1:2,,BSE
2025-11-30,2025-11-26,INE002A01018,RELIANCE,SPLIT,1:1,,NSE
2025-12-10,2025-12-05,INE238A01026,AXISBANK,DIVIDEND,,5.26,NSE
2025-12-12,2025-12-04,INE062A01020,SBIN,RIGHTS,3:5,,RTA
2025-09-29,2025-09-24,INE002A01018,RELIANCE,MERGER,,,RTA
2025-12-15,2025-12-13,INE155A01022,TATAMOTORS,BONUS,3:5,,BSE
2025-12-01,2025-11-28,INE154A01025,ITC,MERGER,,,RTA
2025-10-20,2025-10-10,INE018A01030,LT,DIVIDEND,,12.58,RTA
2025-11-26,2025-11-18,INE238A01026,AXISBANK,MERGER,,,NSE
2025-10-15,2025-10-09,INE155A01022,TATAMOTORS,MERGER,,,BSE
2025-11-07,2025-11-06,INE238A01026,AXISBANK,SPLIT,3:5,,RTA
2025-11-19,2025-11-15,INE238A01026,AXISBANK,RIGHTS,2:3,,BSE
2025-12-11,2025-12-09,INE237A01028,KOTAKBANK,DIVIDEND,,18.82,NSE
2025-10-23,2025-10-14,INE001A01036,HDFC,DIVIDEND,,17.22,RTA
2025-11-07,2025-11-01,INE154A01025,ITC,MERGER,,,RTA
2025-11-02,2025-10-26,INE009A01021,INFY,RIGHTS,3:5,,RTA
2025-10-04,2025-10-01,INE002A01018,RELIANCE,BONUS,2:3,,RTA
2025-11-15,2025-11-07,INE155A01022,TATAMOTORS,DIVIDEND,,15.18,RTA
2025-12-11,2025-12-09,INE009A01021,INFY,SPLIT,1:1,,BSE
2025-11-19,2025-11-18,INE009A01021,INFY,RIGHTS,1:2,,RTA
2025-12-18,2025-12-10,INE062A01020,SBIN,BONUS,2:3,,BSE
2025-10-17,2025-10-11,INE002A01018,RELIANCE,RIGHTS,3:5,,RTA
2025-10-10,2025-10-04,INE090A01021,ICICIBANK,MERGER,,,NSE
2025-10-24,2025-10-14,INE238A01026,AXISBANK,BONUS,1:1,,NSE
2025-12-06,2025-11-28,INE018A01030,LT,BONUS,3:5,,BSE
2025-11-02,2025-10-23,INE001A01036,HDFC,MERGER,,,RTA
2025-11-14,2025-11-12,INE155A01022,TATAMOTORS,SPLIT,2:3,,BSE
2025-09-21,2025-09-18,INE062A01020,SBIN,DIVIDEND,,2.36,BSE
2025-11-19,2025-11-09,INE009A01021,INFY,BONUS,2:3,,RTA
2025-11-06,2025-10-29,INE009A01021,INFY,SPLIT,3:5,,NSE
2025-10-10,2025-10-04,INE001A01036,HDFC,SPLIT,1:1,,NSE
2025-10-20,2025-10-11,INE009A01021,INFY,DIVIDEND,,2.64,RTA
2025-12-16,2025-12-15,INE018A01030,LT,BONUS,3:5,,BSE
2025-11-28,2025-11-22,INE001A01036,HDFC,BONUS,3:5,,NSE
2025-12-11,2025-12-08,INE002A01018,RELIANCE,MERGER,,,BSE
2025-11-14,2025-11-11,INE237A01028,KOTAKBANK,RIGHTS,2:3,,BSE
2025-11-26,2025-11-18,INE238A01026,AXISBANK,DIVIDEND,,15.14,NSE
2025-10-04,2025-10-03,INE062A01020,SBIN,SPLIT,2:3,,NSE
2025-10-10,2025-10-08,INE090A01021,ICICIBANK,BONUS,1:1,,NSE
2025-12-07,2025-11-27,INE018A01030,LT,DIVIDEND,,4.27,NSE
2025-11-10,2025-11-08,INE009A01021,INFY,BONUS,3:5,,BSE
2025-11-18,2025-11-11,INE090A01021,ICICIBANK,MERGER,,,RTA
2025-10-25,2025-10-16,INE237A01028,KOTAKBANK,MERGER,,,NSE
2025-10-12,2025-10-03,INE090A01021,ICICIBANK,BONUS,1:2,,NSE
2025-09-25,2025-09-24,INE002A01018,RELIANCE,BONUS,2:3,,RTA
2025-10-24,2025-10-21,INE009A01021,INFY,RIGHTS,3:5,,NSE
2025-11-07,2025-10-30,INE090A01021,ICICIBANK,MERGER,,,BSE
2025-12-12,2025-12-11,INE009A01021,INFY,RIGHTS,1:2,,BSE
2025-11-07,2025-10-31,INE062A01020,SBIN,SPLIT,1:1,,RTA
2025-11-04,2025-10-25,INE018A01030,LT,DIVIDEND,,5.86,BSE
2025-11-16,2025-11-08,INE018A01030,LT,MERGER,,,RTA
2025-10-20,2025-10-13,INE002A01018,RELIANCE,RIGHTS,1:1,,BSE
2025-11-11,2025-11-08,INE018A01030,LT,DIVIDEND,,7.98,NSE
2025-11-17,2025-11-14,INE001A01036,HDFC,MERGER,,,RTA
2025-10-25,2025-10-17,INE001A01036,HDFC,RIGHTS,1:1,,BSE
2025-12-20,2025-12-13,INE237A01028,KOTAKBANK,DIVIDEND,,5.45,RTA
2025-09-24,2025-09-23,INE238A01026,AXISBANK,RIGHTS,1:1,,BSE
2025-11-21,2025-11-14,INE155A01022,TATAMOTORS,BONUS,3:5,,NSE
2025-10-11,2025-10-02,INE062A01020,SBIN,MERGER,,,NSE
2025-12-15,2025-12-14,INE009A01021,INFY,BONUS,3:5,,RTA
2025-09-21,2025-09-13,INE237A01028,KOTAKBANK,BONUS,3:5,,NSE
2025-11-18,2025-11-15,INE009A01021,INFY,BONUS,2:3,,BSE
2025-12-13,2025-12-09,INE090A01021,ICICIBANK,SPLIT,1:1,,NSE
2025-12-19,2025-12-13,INE237A01028,KOTAKBANK,RIGHTS,2:3,,RTA
2025-12-13,2025-12-07,INE009A01021,INFY,RIGHTS,1:1,,RTA
2025-10-08,2025-09-29,INE018A01030,LT,RIGHTS,1:2,,NSE
2025-10-13,2025-10-05,INE002A01018,RELIANCE,DIVIDEND,,19.8,RTA
2025-11-14,2025-11-06,INE001A01036,HDFC,SPLIT,1:1,,BSE
2025-11-13,2025-11-12,INE154A01025,ITC,SPLIT,1:2,,NSE
2025-11-01,2025-10-23,INE002A01018,RELIANCE,MERGER,,,RTA
2025-09-26,2025-09-21,INE002A01018,RELIANCE,BONUS,1:1,,BSE
2025-11-20,2025-11-16,INE001A01036,HDFC,SPLIT,3:5,,BSE
2025-11-19,2025-11-18,INE002A01018,RELIANCE,MERGER,,,BSE
2025-11-01,2025-10-25,INE002A01018,RELIANCE,RIGHTS,1:1,,RTA
2025-09-27,2025-09-17,INE154A01025,ITC,DIVIDEND,,9.73,BSE
2025-11-08,2025-11-03,INE009A01021,INFY,BONUS,3:5,,BSE
2025-09-29,2025-09-26,INE001A01036,HDFC,MERGER,,,BSE
2025-11-08,2025-10-30,INE018A01030,LT,RIGHTS,1:2,,RTA
2025-09-25,2025-09-24,INE090A01021,ICICIBANK,DIVIDEND,,19.04,BSE
2025-10-15,2025-10-10,INE238A01026,AXISBANK,DIVIDEND,,17.74,NSE
2025-12-10,2025-12-07,INE090A01021,ICICIBANK,BONUS,2:3,,BSE
2025-12-03,2025-11-26,INE238A01026,AXISBANK,BONUS,1:2,,NSE
2025-12-24,2025-12-16,INE238A01026,AXISBANK,RIGHTS,1:1,,RTA
2025-12-19,2025-12-18,INE238A01026,AXISBANK,MERGER,,,RTA
2025-09-28,2025-09-22,INE062A01020,SBIN,RIGHTS,1:1,,NSE
2025-12-15,2025-12-06,INE155A01022,TATAMOTORS,MERGER,,,NSE
2025-10-21,2025-10-11,INE001A01036,HDFC,SPLIT,2:3,,RTA
2025-09-24,2025-09-14,INE002A01018,RELIANCE,SPLIT,2:3,,NSE
2025-11-30,2025-11-26,INE001A01036,HDFC,MERGER,,,RTA
2025-10-31,2025-10-30,INE018A01030,LT,MERGER,,,BSE
2025-10-21,2025-10-20,INE018A01030,LT,DIVIDEND,,11.7,RTA
2025-12-17,2025-12-09,INE238A01026,AXISBANK,SPLIT,3:5,,BSE
2025-12-08,2025-12-03,INE237A01028,KOTAKBANK,MERGER,,,BSE
2025-10-21,2025-10-17,INE155A01022,TATAMOTORS,SPLIT,1:1,,BSE
2025-12-02,2025-12-01,INE018A01030,LT,MERGER,,,BSE
2025-11-25,2025-11-18,INE018A01030,LT,MERGER,,,BSE
2025-09-21,2025-09-19,INE001A01036,HDFC,SPLIT,1:1,,RTA
2025-10-29,2025-10-28,INE009A01021,INFY,SPLIT,1:1,,NSE
2025-11-27,2025-11-26,INE001A01036,HDFC,BONUS,1:2,,BSE
2025-10-01,2025-09-29,INE018A01030,LT,BONUS,1:1,,RTA
2025-09-22,2025-09-18,INE090A01021,ICICIBANK,RIGHTS,1:2,,RTA
2025-11-21,2025-11-11,INE155A01022,TATAMOTORS,DIVIDEND,,7.1,NSE
2025-10-29,2025-10-22,INE154A01025,ITC,SPLIT,1:2,,RTA
2025-11-15,2025-11-14,INE090A01021,ICICIBANK,BONUS,1:2,,RTA
2025-10-27,2025-10-22,INE002A01018,RELIANCE,MERGER,,,NSE
2025-10-30,2025-10-21,INE090A01021,ICICIBANK,BONUS,2:3,,BSE
2025-10-09,2025-10-03,INE002A01018,RELIANCE,SPLIT,1:2,,BSE
2025-09-27,2025-09-24,INE018A01030,LT,DIVIDEND,,14.7,NSE
2025-12-20,2025-12-19,INE018A01030,LT,RIGHTS,3:5,,NSE
2025-10-23,2025-10-14,INE155A01022,TATAMOTORS,BONUS,2:3,,RTA
2025-10-09,2025-10-01,INE155A01022,TATAMOTORS,SPLIT,3:5,,NSE
2025-12-14,2025-12-07,INE155A01022,TATAMOTORS,DIVIDEND,,15.04,NSE
2025-12-04,2025-11-27,INE238A01026,AXISBANK,DIVIDEND,,7.37,NSE
2025-10-27,2025-10-17,INE237A01028,KOTAKBANK,RIGHTS,1:2,,NSE
2025-11-27,2025-11-17,INE001A01036,HDFC,MERGER,,,BSE
2025-09-28,2025-09-21,INE155A01022,TATAMOTORS,RIGHTS,1:1,,NSE
2025-11-25,2025-11-20,INE090A01021,ICICIBANK,RIGHTS,2:3,,NSE
2025-11-09,2025-11-08,INE155A01022,TATAMOTORS,DIVIDEND,,5.26,NSE
2025-12-16,2025-12-15,INE237A01028,KOTAKBANK,BONUS,1:1,,BSE
2025-11-09,2025-11-08,INE090A01021,ICICIBANK,BONUS,1:1,,RTA
2025-12-01,2025-11-29,INE090A01021,ICICIBANK,DIVIDEND,,17.73,BSE
2025-10-08,2025-10-06,INE018A01030,LT,MERGER,,,RTA
2025-09-28,2025-09-19,INE002A01018,RELIANCE,SPLIT,2:3,,RTA
2025-10-21,2025-10-13,INE062A01020,SBIN,RIGHTS,1:2,,NSE
2025-11-07,2025-11-05,INE237A01028,KOTAKBANK,MERGER,,,RTA
2025-10-26,2025-10-25,INE001A01036,HDFC,DIVIDEND,,15.41,NSE
2025-10-18,2025-10-10,INE062A01020,SBIN,SPLIT,1:2,,BSE
2025-12-09,2025-12-05,INE237A01028,KOTAKBANK,SPLIT,1:2,,RTA
2025-10-12,2025-10-02,INE238A01026,AXISBANK,BONUS,2:3,,NSE
2025-11-09,2025-11-06,INE154A01025,ITC,MERGER,,,BSE
2025-11-01,2025-10-31,INE154A01025,ITC,BONUS,2:3,,RTA
2025-09-27,2025-09-20,INE155A01022,TATAMOTORS,MERGER,,,BSE
2025-10-12,2025-10-06,INE090A01021,ICICIBANK,RIGHTS,3:5,,NSE
2025-10-14,2025-10-07,INE154A01025,ITC,SPLIT,1:1,,RTA
2025-10-02,2025-09-25,INE090A01021,ICICIBANK,DIVIDEND,,12.83,RTA
2025-11-14,2025-11-04,INE155A01022,TATAMOTORS,MERGER,,,RTA
2025-12-05,2025-12-04,INE001A01036,HDFC,DIVIDEND,,9.13,BSE
2025-10-01,2025-09-26,INE009A01021,INFY,BONUS,1:1,,RTA
2025-12-26,2025-12-17,INE238A01026,AXISBANK,SPLIT,3:5,,BSE
2025-11-09,2025-11-05,INE018A01030,LT,RIGHTS,1:1,,RTA
2025-11-16,2025-11-13,INE001A01036,HDFC,RIGHTS,2:3,,BSE
2025-10-14,2025-10-08,INE238A01026,AXISBANK,BONUS,1:1,,RTA
2025-10-14,2025-10-12,INE002A01018,RELIANCE,MERGER,,,NSE
2025-09-23,2025-09-15,INE002A01018,RELIANCE,SPLIT,1:2,,NSE
2025-10-31,2025-10-23,INE002A01018,RELIANCE,DIVIDEND,,2.96,RTA
2025-10-14,2025-10-13,INE062A01020,SBIN,SPLIT,2:3,,RTA
2025-12-12,2025-12-06,INE009A01021,INFY,RIGHTS,2:3,,RTA
2025-10-18,2025-10-16,INE009A01021,INFY,BONUS,1:1,,NSE
2025-10-24,2025-10-17,INE018A01030,LT,RIGHTS,2:3,,RTA
2025-10-01,2025-09-25,INE009A01021,INFY,SPLIT,2:3,,BSE
2025-10-27,2025-10-21,INE009A01021,INFY,MERGER,,,BSE
2025-09-26,2025-09-18,INE237A01028,KOTAKBANK,BONUS,2:3,,BSE
2025-10-29,2025-10-28,INE155A01022,TATAMOTORS,SPLIT,2:3,,NSE
2025-12-06,2025-11-28,INE154A01025,ITC,SPLIT,1:2,,RTA
2025-12-24,2025-12-20,INE090A01021,ICICIBANK,MERGER,,,NSE
2025-10-04,2025-10-02,INE155A01022,TATAMOTORS,DIVIDEND,,8.6,BSE
2025-11-25,2025-11-16,INE237A01028,KOTAKBANK,DIVIDEND,,1.51,RTA
2025-12-23,2025-12-21,INE009A01021,INFY,SPLIT,2:3,,BSE
2025-10-27,2025-10-23,INE062A01020,SBIN,MERGER,,,BSE
2025-11-12,2025-11-03,INE154A01025,ITC,DIVIDEND,,7.11,RTA
2025-10-11,2025-10-01,INE237A01028,KOTAKBANK,MERGER,,,RTA
2025-10-14,2025-10-10,INE238A01026,AXISBANK,DIVIDEND,,12.44,NSE
2025-10-21,2025-10-17,INE001A01036,HDFC,SPLIT,3:5,,RTA
2025-12-11,2025-12-07,INE155A01022,TATAMOTORS,MERGER,,,BSE
2025-11-19,2025-11-13,INE238A01026,AXISBANK,BONUS,1:1,,RTA
2025-10-03,2025-09-30,INE238A01026,AXISBANK,BONUS,2:3,,NSE
2025-12-17,2025-12-08,INE062A01020,SBIN,DIVIDEND,,4.27,NSE
2025-11-06,2025-10-29,INE154A01025,ITC,RIGHTS,2:3,,NSE
2025-10-06,2025-09-28,INE062A01020,SBIN,DIVIDEND,,3.45,RTA
2025-09-29,2025-09-25,INE238A01026,AXISBANK,RIGHTS,1:2,,RTA
2025-11-13,2025-11-08,INE001A01036,HDFC,DIVIDEND,,8.13,NSE
2025-10-30,2025-10-26,INE155A01022,TATAMOTORS,BONUS,1:2,,RTA
2025-11-07,2025-10-29,INE090A01021,ICICIBANK,MERGER,,,RTA
2025-12-04,2025-12-01,INE155A01022,TATAMOTORS,MERGER,,,NSE
2025-11-09,2025-11-04,INE002A01018,RELIANCE,SPLIT,1:1,,BSE
2025-11-19,2025-11-18,INE001A01036,HDFC,SPLIT,2:3,,BSE
2025-10-02,2025-09-28,INE238A01026,AXISBANK,BONUS,1:1,,NSE
2025-09-26,2025-09-17,INE154A01025,ITC,BONUS,2:3,,NSE
2025-12-01,2025-11-29,INE237A01028,KOTAKBANK,RIGHTS,2:3,,NSE
2025-10-27,2025-10-20,INE002A01018,RELIANCE,MERGER,,,RTA
2025-11-18,2025-11-12,INE154A01025,ITC,SPLIT,3:5,,BSE
2025-10-17,2025-10-15,INE237A01028,KOTAKBANK,BONUS,1:1,,NSE
2025-10-01,2025-09-24,INE018A01030,LT,DIVIDEND,,8.37,BSE
2025-10-17,2025-10-08,INE062A01020,SBIN,MERGER,,,BSE
2025-10-25,2025-10-18,INE238A01026,AXISBANK,MERGER,,,BSE
2025-10-07,2025-09-30,INE090A01021,ICICIBANK,MERGER,,,NSE
2025-09-23,2025-09-21,INE018A01030,LT,RIGHTS,2:3,,BSE
2025-12-21,2025-12-12,INE237A01028,KOTAKBANK,MERGER,,,NSE
2025-10-23,2025-10-19,INE009A01021,INFY,MERGER,,,NSE
2025-10-02,2025-09-28,INE155A01022,TATAMOTORS,BONUS,3:5,,BSE
2025-12-04,2025-11-24,INE018A01030,LT,BONUS,2:3,,RTA
2025-09-26,2025-09-17,INE154A01025,ITC,MERGER,,,NSE
2025-12-23,2025-12-22,INE009A01021,INFY,SPLIT,1:1,,BSE
2025-11-08,2025-10-30,INE002A01018,RELIANCE,BONUS,2:3,,BSE
2025-10-16,2025-10-06,INE018A01030,LT,RIGHTS,2:3,,NSE
2025-09-21,2025-09-14,INE062A01020,SBIN,DIVIDEND,,15.89,RTA
2025-10-25,2025-10-23,INE154A01025,ITC,MERGER,,,RTA
2025-10-28,2025-10-24,INE009A01021,INFY,RIGHTS,1:1,,RTA
2025-10-23,2025-10-16,INE238A01026,AXISBANK,BONUS,2:3,,NSE
2025-10-05,2025-09-26,INE090A01021,ICICIBANK,SPLIT,1:1,,NSE
2025-10-13,2025-10-03,INE002A01018,RELIANCE,RIGHTS,1:2,,NSE
2025-09-27,2025-09-21,INE238A01026,AXISBANK,MERGER,,,RTA
2025-10-15,2025-10-06,INE238A01026,AXISBANK,RIGHTS,3:5,,RTA
2025-10-20,2025-10-13,INE018A01030,LT,SPLIT,1:1,,RTA
2025-12-22,2025-12-15,INE154A01025,ITC,SPLIT,3:5,,RTA
2025-12-07,2025-12-05,INE154A01025,ITC,SPLIT,2:3,,RTA
2025-09-28,2025-09-25,INE018A01030,LT,RIGHTS,3:5,,RTA
2025-10-12,2025-10-09,INE237A01028,KOTAKBANK,RIGHTS,1:1,,NSE
2025-10-21,2025-10-18,INE001A01036,HDFC,DIVIDEND,,10.37,RTA
2025-12-24,2025-12-16,INE154A01025,ITC,MERGER,,,RTA
2025-11-11,2025-11-05,INE090A01021,ICICIBANK,RIGHTS,1:1,,NSE
2025-11-11,2025-11-09,INE090A01021,ICICIBANK,RIGHTS,1:1,,NSE
2025-12-12,2025-12-05,INE009A01021,INFY,MERGER,,,NSE
2025-11-19,2025-11-14,INE002A01018,RELIANCE,SPLIT,3:5,,NSE
2025-11-27,2025-11-17,INE018A01030,LT,SPLIT,1:1,,RTA
2025-10-08,2025-09-28,INE002A01018,RELIANCE,SPLIT,2:3,,BSE
2025-10-27,2025-10-19,INE238A01026,AXISBANK,RIGHTS,1:2,,BSE
2025-10-15,2025-10-12,INE154A01025,ITC,SPLIT,3:5,,BSE
2025-12-04,2025-12-01,INE062A01020,SBIN,MERGER,,,BSE
2025-11-25,2025-11-23,INE155A01022,TATAMOTORS,RIGHTS,2:3,,BSE
2025-11-24,2025-11-17,INE155A01022,TATAMOTORS,RIGHTS,3:5,,BSE
2025-10-04,2025-09-25,INE018A01030,LT,DIVIDEND,,1.8,NSE
2025-12-22,2025-12-20,INE001A01036,HDFC,MERGER,,,BSE
2025-11-09,2025-11-07,INE237A01028,KOTAKBANK,SPLIT,3:5,,NSE
2025-11-18,2025-11-11,INE009A01021,INFY,MERGER,,,BSE
2025-11-24,2025-11-19,INE062A01020,SBIN,RIGHTS,1:2,,RTA
2025-11-24,2025-11-18,INE062A01020,SBIN,SPLIT,1:1,,RTA
2025-12-07,2025-12-02,INE009A01021,INFY,SPLIT,3:5,,BSE
2025-11-25,2025-11-21,INE090A01021,ICICIBANK,DIVIDEND,,12.03,RTA
2025-10-05,2025-10-02,INE018A01030,LT,BONUS,1:1,,RTA
2025-12-15,2025-12-05,INE238A01026,AXISBANK,MERGER,,,BSE
2025-11-11,2025-11-02,INE002A01018,RELIANCE,MERGER,,,BSE
2025-11-26,2025-11-25,INE062A01020,SBIN,BONUS,2:3,,RTA
2025-12-03,2025-11-26,INE009A01021,INFY,BONUS,2:3,,NSE
2025-10-03,2025-09-28,INE238A01026,AXISBANK,SPLIT,1:2,,RTA
2025-12-08,2025-12-03,INE002A01018,RELIANCE,RIGHTS,3:5,,RTA
2025-11-05,2025-11-03,INE238A01026,AXISBANK,SPLIT,3:5,,NSE
2025-12-11,2025-12-07,INE237A01028,KOTAKBANK,SPLIT,1:1,,RTA
2025-12-14,2025-12-08,INE001A01036,HDFC,SPLIT,1:1,,NSE
2025-11-12,2025-11-09,INE009A01021,INFY,RIGHTS,3:5,,NSE
2025-10-07,2025-10-01,INE018A01030,LT,BONUS,2:3,,BSE
2025-10-02,2025-09-25,INE155A01022,TATAMOTORS,RIGHTS,2:3,,BSE
2025-11-20,2025-11-16,INE018A01030,LT,MERGER,,,NSE
2025-10-01,2025-09-25,INE237A01028,KOTAKBANK,SPLIT,3:5,,NSE
2025-11-20,2025-11-11,INE154A01025,ITC,BONUS,3:5,,BSE
2025-11-29,2025-11-21,INE009A01021,INFY,BONUS,3:5,,NSE
2025-09-27,2025-09-26,INE237A01028,KOTAKBANK,RIGHTS,2:3,,RTA
2025-09-29,2025-09-22,INE001A01036,HDFC,MERGER,,,NSE
2025-10-15,2025-10-08,INE154A01025,ITC,RIGHTS,3:5,,NSE
2025-11-24,2025-11-18,INE001A01036,HDFC,SPLIT,1:1,,BSE
2025-09-27,2025-09-19,INE001A01036,HDFC,MERGER,,,BSE
2025-10-26,2025-10-23,INE154A01025,ITC,MERGER,,,BSE
2025-11-21,2025-11-11,INE154A01025,ITC,RIGHTS,3:5,,BSE
2025-11-17,2025-11-12,INE154A01025,ITC,DIVIDEND,,2.21,RTA
2025-12-13,2025-12-08,INE090A01021,ICICIBANK,DIVIDEND,,6.34,NSE
2025-10-16,2025-10-09,INE009A01021,INFY,RIGHTS,3:5,,NSE
2025-09-30,2025-09-27,INE237A01028,KOTAKBANK,RIGHTS,1:2,,RTA
2025-11-11,2025-11-10,INE002A01018,RELIANCE,SPLIT,1:2,,BSE
2025-10-21,2025-10-19,INE155A01022,TATAMOTORS,DIVIDEND,,4.99,RTA
2025-11-29,2025-11-25,INE062A01020,SBIN,RIGHTS,3:5,,NSE
2025-10-07,2025-09-28,INE090A01021,ICICIBANK,RIGHTS,1:2,,RTA
2025-11-18,2025-11-14,INE002A01018,RELIANCE,SPLIT,3:5,,RTA
2025-10-17,2025-10-13,INE002A01018,RELIANCE,SPLIT,1:1,,BSE
2025-12-14,2025-12-04,INE018A01030,LT,MERGER,,,RTA
2025-11-24,2025-11-15,INE018A01030,LT,BONUS,2:3,,NSE
2025-12-24,2025-12-18,INE154A01025,ITC,MERGER,,,NSE
2025-12-13,2025-12-03,INE002A01018,RELIANCE,BONUS,3:5,,RTA
2025-11-29,2025-11-25,INE154A01025,ITC,MERGER,,,NSE
2025-11-04,2025-11-03,INE001A01036,HDFC,RIGHTS,3:5,,BSE
2025-10-06,2025-10-04,INE155A01022,TATAMOTORS,RIGHTS,2:3,,BSE
2025-11-05,2025-10-28,INE062A01020,SBIN,BONUS,2:3,,RTA
2025-11-16,2025-11-15,INE002A01018,RELIANCE,RIGHTS,1:1,,RTA
2025-12-08,2025-12-07,INE001A01036,HDFC,MERGER,,,NSE
2025-10-08,2025-10-01,INE238A01026,AXISBANK,BONUS,1:1,,BSE
2025-11-26,2025-11-22,INE090A01021,ICICIBANK,SPLIT,1:2,,RTA
2025-11-02,2025-10-25,INE090A01021,ICICIBANK,SPLIT,2:3,,BSE
2025-10-03,2025-09-30,INE155A01022,TATAMOTORS,SPLIT,3:5,,NSE
2025-10-10,2025-10-01,INE238A01026,AXISBANK,DIVIDEND,,3.51,NSE
2025-10-31,2025-10-28,INE009A01021,INFY,RIGHTS,1:1,,NSE
2025-11-05,2025-10-29,INE062A01020,SBIN,DIVIDEND,,6.26,RTA
2025-12-23,2025-12-18,INE002A01018,RELIANCE,RIGHTS,3:5,,NSE
2025-10-12,2025-10-06,INE062A01020,SBIN,RIGHTS,1:2,,NSE
2025-10-19,2025-10-14,INE018A01030,LT,BONUS,2:3,,BSE
2025-11-11,2025-11-08,INE238A01026,AXISBANK,BONUS,1:2,,NSE
2025-10-27,2025-10-17,INE018A01030,LT,DIVIDEND,,12.43,RTA
2025-09-30,2025-09-20,INE018A01030,LT,RIGHTS,3:5,,RTA
2025-11-06,2025-10-27,INE001A01036,HDFC,RIGHTS,3:5,,RTA
2025-11-10,2025-10-31,INE001A01036,HDFC,MERGER,,,NSE
2025-09-29,2025-09-28,INE001A01036,HDFC,SPLIT,1:1,,NSE
2025-11-24,2025-11-20,INE090A01021,ICICIBANK,RIGHTS,3:5,,RTA
2025-12-01,2025-11-26,INE018A01030,LT,BONUS,1:2,,NSE
2025-11-23,2025-11-14,INE001A01036,HDFC,SPLIT,1:2,,BSE
2025-11-22,2025-11-21,INE002A01018,RELIANCE,DIVIDEND,,14.28,RTA
2025-09-30,2025-09-27,INE237A01028,KOTAKBANK,SPLIT,1:1,,BSE
2025-12-17,2025-12-16,INE155A01022,TATAMOTORS,SPLIT,2:3,,BSE
2025-12-07,2025-12-06,INE009A01021,INFY,DIVIDEND,,14.97,BSE
2025-09-24,2025-09-19,INE002A01018,RELIANCE,MERGER,,,NSE
2025-11-03,2025-10-27,INE090A01021,ICICIBANK,RIGHTS,1:1,,RTA
2025-11-30,2025-11-25,INE238A01026,AXISBANK,SPLIT,1:1,,RTA
2025-10-08,2025-10-03,INE090A01021,ICICIBANK,RIGHTS,1:2,,RTA
2025-12-19,2025-12-13,INE062A01020,SBIN,BONUS,2:3,,BSE
2025-11-01,2025-10-25,INE009A01021,INFY,BONUS,2:3,,NSE
2025-12-22,2025-12-21,INE090A01021,ICICIBANK,MERGER,,,RTA
2025-11-06,2025-11-04,INE154A01025,ITC,DIVIDEND,,16.71,RTA
2025-10-09,2025-09-30,INE009A01021,INFY,DIVIDEND,,4.72,BSE
2025-11-11,2025-11-03,INE154A01025,ITC,MERGER,,,BSE
2025-10-29,2025-10-28,INE238A01026,AXISBANK,MERGER,,,RTA
2025-10-04,2025-09-27,INE018A01030,LT,RIGHTS,3:5,,RTA
2025-11-10,2025-11-01,INE154A01025,ITC,RIGHTS,1:1,,RTA
2025-12-13,2025-12-12,INE001A01036,HDFC,MERGER,,,NSE
2025-11-12,2025-11-11,INE090A01021,ICICIBANK,MERGER,,,NSE
2025-10-03,2025-09-27,INE002A01018,RELIANCE,MERGER,,,RTA
2025-11-02,2025-10-27,INE090A01021,ICICIBANK,MERGER,,,BSE
2025-09-24,2025-09-20,INE002A01018,RELIANCE,BONUS,3:5,,NSE
2025-11-12,2025-11-08,INE002A01018,RELIANCE,BONUS,2:3,,RTA
2025-11-22,2025-11-12,INE154A01025,ITC,BONUS,1:1,,BSE
2025-10-11,2025-10-09,INE062A01020,SBIN,DIVIDEND,,19.54,RTA
2025-12-04,2025-11-30,INE062A01020,SBIN,RIGHTS,2:3,,RTA
2025-11-27,2025-11-20,INE238A01026,AXISBANK,DIVIDEND,,7.96,NSE
2025-12-01,2025-11-27,INE018A01030,LT,DIVIDEND,,7.85,BSE
2025-12-23,2025-12-20,INE009A01021,INFY,MERGER,,,NSE
2025-10-21,2025-10-11,INE002A01018,RELIANCE,SPLIT,3:5,,RTA
2025-10-01,2025-09-27,INE018A01030,LT,DIVIDEND,,12.31,RTA
2025-10-30,2025-10-27,INE155A01022,TATAMOTORS,SPLIT,1:1,,RTA
2025-09-28,2025-09-20,INE001A01036,HDFC,MERGER,,,BSE
2025-12-12,2025-12-06,INE238A01026,AXISBANK,SPLIT,1:1,,NSE
